row_id,1161364,116570,1176823,1491113,1595929,209233,22930,22956,22961,22967,22973,22983,22985,23150,23154,23158,23176,23724,24279,24285,24287,24321,244024,25073,25092,25214,326272,41970,43435,47144,47158son01,47158son02,47158son03,47158son04,47158son05,47158son06,47158son07,47158son08,47158son09,47158son10,47158son11,47158son12,47158son13,47158son14,47158son15,47158son16,47158son17,47158son18,47158son19,47158son20,47158son21,47158son22,47158son23,47158son24,47158son25,476521,516975,517063,555123,555145,555146,64898,65377,65380,66971,67107,67252,70711,738183,74113,74580,760266,ashgre1,astcra1,bafcur1,baffal1,banana,barant1,batbel1,baymac,bbwduc,bcwfin2,bkcdon,bkhpar,blchaw1,blheag1,blttit1,bncfly,bobfly1,brcmar1,brnowl,bucmot4,bucpar,bufpar,bunibi1,burowl,camfli1,chacha1,chbmoc1,chobla1,chvcon1,cibspi1,coffal1,compau,compot1,crbthr1,crebec1,dwatin1,epaori4,eulfly1,fabwre1,fepowl,ficman1,flawar1,fotfly,fusfly1,gilhum1,giwrai1,glteme1,grasal3,greani1,greant1,greela,grekis,grepot1,gretho2,greyel,grfdov1,grhtan1,gycwor1,horscr1,houspa,hyamac1,larela1,lesela1,lesgrf1,limpki,linwoo1,litcuc2,litnig1,mabpar,magant1,magtan2,masgna1,nacnig1,ocecra1,oliwoo1,orbtro3,orwpar,osprey,pabspi1,palhor3,paltan1,phecuc1,picpig2,pirfly1,plasla1,platyr1,plcjay1,pluibi1,purjay1,pvttyr1,ragmac1,rebscy1,recfin1,redjun,relser1,rinkin1,rivwar1,roahaw,rubthr1,rufcac2,rufcas2,rufgna3,rufhor2,rufnig1,ruftho1,ruftof1,rumfly1,ruther1,rutjac1,sabspa1,saffin,saytan1,scadov1,schpar1,scther1,shcfly1,shshaw,shtnig1,sibtan2,smbani,smbtin1,sobcac1,sobtyr1,socfly1,sofspi1,souant1,soulap1,souscr1,spbant3,spispi1,sptnig1,squcuc1,stbwoo2,strcuc1,strher2,strowl1,swthum1,swtman1,tattin1,thlwre1,toctou1,trokin,trsowl,undtin1,varant1,watjac1,wesfie1,wfwduc1,whbant2,whbwar2,whiwoo1,whlspi1,whnjay1,whtdov,whwpic1,y00678,yebcar,yebela1,yecmac,yecpar,yehcar1,yeofly1
BC2026_Train_0005_S08_20250607_070007_000,1.0988452e-06,0.07485772,5.195338e-06,0.0001036092,9.690168e-07,5.1549077e-06,7.975191e-05,2.1132696e-06,0.00015735056,0.00018705578,0.00034945708,2.2003148e-06,6.912144e-05,5.6153374e-07,1.0605892e-05,9.179226e-05,8.6353816e-07,1.0531054e-06,0.000107659354,0.00013289586,3.2740472e-06,3.426215e-05,9.521044e-06,2.200247e-05,2.0653082e-05,1.9331544e-07,1.31205e-05,3.0032044e-07,1.7308732e-05,2.778387e-06,0.025070954,6.1438615e-05,0.9903142,0.00024601625,0.0008356674,3.9607112e-05,0.000993672,0.000946713,0.00081454555,0.0023487904,0.002423271,0.0022197044,0.0026424003,4.0868967e-05,0.003891448,0.0038314043,0.50821835,0.9790644,0.022106418,0.000324968,0.0016461789,0.0028927452,0.0028564497,0.0027557753,0.004218149,1.9623465e-07,9.737871e-06,0.0025191107,2.3484465e-07,3.2848138e-07,0.0012559289,2.3897735e-07,2.1826693e-06,0.001239483,7.960033e-05,0.00016915958,2.5193042e-06,1.7465877e-07,5.556876e-07,2.6510062e-07,5.1731736e-06,3.1843233e-06,5.3707854e-06,0.0006345532,6.943194e-06,5.1706178e-05,0.0007187599,5.5558823e-05,3.0558625e-05,0.00028649083,6.575162e-05,2.4442727e-06,0.00016569384,8.2789775e-05,7.840413e-06,2.000504e-06,1.2914584e-06,1.8192724e-05,5.67151e-06,3.33233e-06,8.521564e-06,4.3376167e-07,0.00021435035,0.00060881325,0.000362157,0.00027026623,0.0018248421,0.027003994,0.00020696364,4.9440416e-05,0.0009752556,5.1968686e-06,9.2502414e-05,0.00021739493,5.3594675e-05,0.0027951065,4.552674e-06,1.4460265e-06,5.4980686e-05,3.5484743e-05,1.1404887e-06,0.00028297323,1.3548906e-06,7.891798e-06,0.00046822382,6.200034e-05,0.009906844,5.9097132e-05,0.022868712,0.0053373924,3.787787e-05,0.00010309061,8.661478e-07,0.10393891,1.8799128e-08,0.0005605673,1.0530576e-05,3.60753e-05,4.773358e-06,2.8195838e-05,1.404067e-06,7.703738e-06,3.7634363e-05,9.425512e-05,3.6260797e-05,2.8779907e-06,0.0004284755,1.5650441e-05,1.5773824e-06,7.10152e-05,7.1935386e-07,3.1708674e-05,1.3754438e-06,0.00032973438,3.5565944e-07,0.00018243407,0.00016132122,2.2732647e-05,0.004435532,0.00013344368,0.00057759054,3.569106e-06,4.1153802e-05,1.9391884e-05,0.00029709784,3.6070247e-05,1.2890507e-05,2.2885499e-05,5.5380224e-06,1.8011751e-05,0.00030487304,3.8939652e-05,1.17484105e-05,2.1404352e-07,1.200919e-05,3.3344585e-07,0.00019231313,6.9569454e-05,4.9975333e-06,0.0004453627,0.0013604376,5.729551e-05,1.6366947e-06,9.649683e-07,0.008856504,2.4437168e-05,5.3277257e-05,2.1972114e-06,3.5314324e-06,0.000422784,8.171662e-05,0.00013312962,5.3275567e-06,0.00044377733,0.000134494,3.3726385e-05,1.3004611e-05,0.0001818457,2.5742615e-05,2.1342265e-05,0.00013662639,0.0023850698,0.00010830724,7.2842944e-05,0.0001647637,2.8511768e-05,4.324099e-05,2.1797125e-07,0.0008538496,0.0006097555,2.6133685e-06,2.8731489e-05,1.03864e-06,9.368272e-05,1.4034434e-05,0.00016150791,5.715565e-05,4.287681e-05,0.0022308487,0.00028149705,1.2380077e-06,0.0017586095,0.00054366654,0.0010778209,4.4676285e-06,0.00013850915,0.0002790095,0.00012474456,1.20706085e-08,0.00013647485,1.0757404e-06,0.00027089234,1.10209785e-05,1.1689157e-07,2.296979e-06,0.007872386,7.1515715e-06,0.0009024479,4.6028483e-05,0.021081356,0.00095146894,0.004523428,0.0002646655,5.347189e-06
BC2026_Train_0005_S08_20250607_070007_005,1.5029858e-07,0.0006716678,3.9491276e-08,6.353576e-07,4.9114146e-07,2.4854523e-07,1.9720321e-06,1.05617445e-07,1.5430762e-06,1.8966775e-05,0.00017841854,5.2252696e-09,5.4773597e-07,5.879376e-10,5.2878295e-07,3.316346e-05,1.6887498e-08,4.8414788e-09,1.786493e-06,1.5681744e-07,8.7744674e-08,5.5222186e-05,1.5431822e-06,2.3468574e-06,1.05855515e-05,1.5323746e-08,4.5775488e-07,6.359438e-10,1.0732851e-06,1.6638725e-07,0.0013034838,3.2152288e-06,0.7569597,3.242409e-06,4.0716124e-05,1.3150125e-06,1.0275277e-06,8.61029e-05,1.4922989e-05,2.82264e-05,0.00096745684,5.92335e-05,0.00018393622,2.7795238e-06,0.000110094705,0.00010428222,0.17635511,0.6271858,0.0010586652,5.1094456e-05,2.5034322e-05,5.2144645e-05,3.4124772e-05,0.0004022597,0.00037514218,8.477374e-09,4.0507413e-07,0.00023814698,1.113968e-09,4.612543e-09,1.0479593e-05,2.8236538e-09,7.197303e-09,0.00035322804,4.841273e-06,2.617596e-05,7.0293744e-08,3.3530252e-09,6.853765e-09,5.771787e-10,1.1851966e-07,1.7940705e-07,4.7498267e-07,6.1737774e-06,3.4515736e-08,1.4876177e-06,7.043277e-05,2.948862e-05,3.8807977e-07,8.574012e-06,2.5965799e-05,9.646632e-08,1.5867588e-05,4.4139148e-07,5.403576e-08,3.9608776e-07,2.144381e-09,3.2342976e-07,1.2971573e-06,6.942323e-09,8.8614007e-07,8.4119325e-09,4.803704e-07,5.3095205e-06,8.844381e-06,3.149425e-05,0.00039646085,0.0065146224,3.9903093e-06,9.311161e-07,4.586333e-06,6.433597e-08,2.8744662e-06,0.00017888598,3.5784237e-06,7.719917e-05,1.1460723e-06,1.2539649e-08,1.1843723e-06,3.2102915e-07,8.95742e-07,1.20799e-05,1.697113e-08,2.4562646e-06,8.913399e-06,3.3015942e-07,5.469422e-05,1.0367992e-06,1.0079111e-05,5.2128587e-05,1.4791518e-05,4.99477e-06,1.6072201e-08,0.024311326,8.579753e-10,6.9641824e-06,1.0346815e-06,1.5621025e-06,2.6820123e-07,2.111968e-06,4.473097e-08,3.4218488e-06,1.5480848e-07,5.4880053e-07,1.1029983e-07,1.8853132e-08,0.00016744871,1.9030382e-07,9.609001e-07,1.4522051e-05,2.4174128e-08,9.0988874e-07,1.2678198e-08,0.00014884486,5.1464943e-10,2.6853013e-06,0.0018012774,9.009836e-07,2.9619296e-06,3.102667e-05,1.3167857e-05,2.9475507e-07,3.0106883e-06,5.395193e-07,1.0161679e-05,4.317038e-06,3.1477111e-06,1.6374501e-07,1.18688305e-07,8.630195e-07,6.238797e-08,2.197509e-06,3.6724643e-08,5.75675e-09,1.5855872e-07,5.6605128e-08,9.987581e-06,1.26510395e-05,8.210745e-08,1.673208e-05,4.0449162e-05,1.915706e-06,1.7948938e-07,6.63181e-08,0.004494049,2.893146e-07,0.00010260965,1.5838275e-08,1.1241315e-06,6.597386e-07,1.1617974e-05,2.5877813e-07,1.1347783e-07,1.9446608e-05,1.7602859e-05,6.931583e-08,4.2963475e-08,2.1392763e-07,1.185828e-06,6.7243974e-08,5.3275057e-06,3.1370546e-05,5.1896996e-07,1.27710455e-05,3.2926844e-06,3.0909946e-06,1.2520679e-05,4.3444945e-09,3.228389e-05,1.04725095e-05,5.7452786e-07,1.9007217e-06,3.3331624e-09,1.4655949e-05,9.410947e-06,2.1243659e-05,4.4551228e-07,8.6607365e-08,0.00023812176,2.7548824e-05,3.3099644e-07,3.267044e-05,3.7276911e-06,2.6491072e-05,2.8618544e-07,1.8572104e-05,5.4121083e-06,7.5251837e-06,3.1655225e-09,5.222602e-07,4.4894396e-08,3.1859788e-06,7.768633e-08,1.9944264e-09,1.1268766e-07,0.00018131243,3.3860996e-07,6.0953666e-05,6.419764e-07,0.00029729615,3.5557607e-06,0.00043749766,4.7724934e-06,3.263248e-07
BC2026_Train_0005_S08_20250607_070007_010,6.92746e-08,0.00732927,1.6647422e-07,3.3363176e-05,1.25472805e-08,2.7226898e-07,1.8532031e-06,1.606211e-07,2.2699525e-05,2.9592687e-05,4.118026e-05,1.8386363e-07,6.791093e-06,2.0838485e-08,2.4339633e-06,2.360832e-05,9.220501e-08,1.5734416e-07,5.1833117e-06,0.0001012918,3.619241e-07,3.09007e-05,8.3177946e-07,1.5033902e-06,6.7530397e-07,8.5845695e-09,1.8295304e-07,6.8132566e-09,4.0220132e-07,3.2820333e-07,0.0020695797,7.225321e-06,0.9670132,3.6960577e-05,7.876957e-05,6.555905e-06,0.00022334012,0.0023865167,0.00012371822,0.0003556506,0.0018187724,0.000820471,8.8976e-05,3.7068469e-06,0.00069643103,0.00063161657,0.7716739,0.95539284,0.019422095,0.00039777395,0.00010399712,0.0001328096,0.00018483214,0.00032173516,0.0012756804,2.967723e-08,3.1815246e-06,0.0010708323,7.616646e-08,5.1600438e-08,4.7795093e-05,9.461795e-09,7.37254e-08,0.00029667778,2.843816e-06,8.002036e-06,4.7378512e-07,1.264504e-08,9.906259e-08,1.36210625e-08,1.6478394e-06,1.4058866e-06,3.4001187e-06,6.2438514e-05,3.6365194e-07,1.3383869e-06,0.00024881016,1.1811219e-05,6.470691e-06,9.271728e-05,1.9356243e-05,1.7771879e-07,9.453982e-06,1.616583e-05,2.6977377e-06,2.1053106e-07,2.7508845e-08,1.3674108e-06,8.6190994e-07,3.8571727e-07,2.42123e-06,1.9314166e-07,1.3476058e-05,1.7382212e-05,5.726033e-05,2.6248928e-05,0.00010071727,0.03499714,1.4836486e-05,3.9058814e-05,7.7469e-05,1.8923331e-06,4.6135665e-05,3.799273e-05,6.734159e-06,0.00011989112,1.773414e-07,1.1126822e-07,4.404518e-06,2.3517596e-06,2.585428e-06,4.677568e-05,2.7209376e-07,1.62828e-05,6.9831665e-05,1.416632e-05,0.0003072122,2.9975554e-06,0.00080693176,0.00052474166,1.3441454e-05,1.9343548e-05,1.9699199e-07,0.06355986,2.035024e-09,1.3856242e-05,3.843355e-06,1.9742882e-05,5.4411754e-07,1.01027645e-05,1.3715088e-07,4.6325863e-06,6.8020017e-06,2.021428e-05,5.5426915e-07,1.7500774e-07,0.0034691358,3.725939e-06,1.5479947e-07,3.0637733e-05,4.814986e-08,1.6355527e-05,3.1684576e-07,8.964471e-05,3.945973e-08,1.45692575e-05,2.8809247e-05,1.4438025e-06,5.3859512e-05,1.5621305e-05,1.0631077e-05,2.2671118e-06,3.9537213e-06,3.0122362e-06,0.00044731138,5.362617e-06,2.4842657e-06,1.1257912e-06,1.4404495e-06,6.835837e-06,2.4465007e-05,4.3628215e-06,4.4324006e-06,1.58109e-08,3.5326484e-06,2.983032e-07,2.0109988e-05,6.6277835e-06,1.9882141e-07,7.362061e-05,7.503904e-05,2.8931929e-05,3.7081512e-07,3.844242e-08,0.0035318497,3.6114802e-06,6.119532e-06,1.4010693e-06,1.4804127e-06,5.7216723e-05,1.4327294e-05,2.1195434e-05,8.6709485e-07,1.4939919e-05,2.7538788e-05,2.5532586e-06,1.0771951e-06,4.2557263e-06,9.521198e-06,6.7798067e-07,7.729899e-05,0.0004955497,3.4300596e-05,2.3487415e-05,6.2589365e-06,3.1320444e-06,1.6888976e-05,7.632192e-08,9.029442e-05,0.00023095595,1.4391107e-06,8.1486724e-07,2.7740048e-08,8.455435e-06,3.5630558e-06,1.223084e-05,2.9392666e-06,4.292611e-05,0.0007261168,7.056003e-06,2.3617001e-07,0.00050701614,0.00020003636,0.00014001166,8.5073503e-07,0.027392522,4.3478914e-05,5.1097463e-06,7.206796e-09,2.1514e-05,1.439444e-07,1.015452e-05,3.720723e-06,2.923146e-07,1.679379e-06,0.0030779396,1.3830181e-05,0.00024288756,2.7859567e-06,0.001988904,0.00038638688,0.006362136,1.0805249e-05,8.5508344e-07
BC2026_Train_0005_S08_20250607_070007_015,3.4932563e-07,0.24959621,3.0308374e-07,7.0169306e-05,8.965329e-08,1.3706565e-06,2.2639962e-05,7.1400353e-07,2.7877857e-05,5.602056e-05,0.00065530714,5.072319e-07,1.989186e-05,9.292022e-08,8.462857e-06,4.7232345e-05,2.0126387e-07,4.971475e-07,8.88946e-06,4.9021222e-05,2.5481918e-06,0.00016340625,3.4501668e-06,1.0471113e-05,6.4259098e-06,2.2415915e-07,3.209289e-06,1.1473534e-07,6.971825e-07,1.0534638e-06,0.04660078,1.6673444e-05,0.99025035,0.0002494082,0.00053539407,3.2071483e-05,5.323952e-05,0.0007455013,0.0005568484,0.0009691229,0.0065322365,0.0025495586,0.0019266842,1.0833355e-05,0.0019022243,0.0014741591,0.80114067,0.9887494,0.020786852,0.00038233874,0.0011067458,0.0015133014,0.001426423,0.0043415553,0.004705705,3.5108464e-08,6.3782268e-06,0.0017264434,8.456545e-08,4.1927905e-08,0.00016386951,6.4976874e-08,5.741434e-08,0.0004968397,3.476828e-05,5.043704e-05,2.7012543e-06,1.7736063e-08,3.7984486e-07,3.179393e-08,1.4761762e-06,1.4948964e-06,3.2270837e-06,0.00045659964,1.2054984e-06,1.3934478e-05,0.00036829195,2.500617e-05,8.532751e-07,6.396045e-05,4.6567075e-05,1.3879456e-07,3.183842e-05,9.00063e-06,4.9027574e-07,2.7463611e-06,8.582115e-09,1.8983814e-06,8.128167e-07,1.7077608e-07,4.22204e-06,5.045879e-08,5.644977e-06,7.5742006e-05,0.00013791543,4.694357e-05,0.00052061526,0.019126227,1.5657712e-05,2.0903288e-05,0.00018342026,2.8970254e-07,2.9908317e-05,0.00010742565,3.8074863e-06,0.0001358292,2.4780752e-07,2.597013e-07,3.8955627e-06,4.8151655e-06,5.498299e-07,2.6037087e-05,2.5908705e-07,3.834546e-06,5.8798083e-05,4.359124e-06,0.00016585334,3.599403e-05,0.001035801,0.00011175491,2.0009193e-05,5.4877913e-05,1.6537227e-07,0.031016275,2.3810545e-09,1.2723234e-05,5.221739e-06,2.5500733e-06,4.7184662e-07,9.916805e-06,3.87555e-07,3.728797e-06,4.195397e-05,8.11585e-06,6.039547e-07,3.2898104e-08,0.00061968033,1.1490612e-06,1.2945296e-07,3.340093e-05,3.0133886e-08,9.516579e-06,2.986086e-07,0.00014564715,1.4640473e-07,5.6802946e-05,3.8696035e-05,6.9883396e-07,0.00020422242,6.0725426e-05,2.8987246e-05,1.0197745e-06,1.0152002e-05,1.87707e-06,3.830805e-05,8.163418e-06,6.6015227e-06,2.5316865e-06,1.9766094e-06,1.0372557e-05,3.3525585e-06,8.870077e-06,9.018588e-06,3.1626453e-08,1.5651118e-06,1.3531007e-07,1.3124354e-05,4.5890106e-06,9.960138e-07,0.00015169808,6.055281e-05,3.7041257e-06,2.7766626e-07,5.5353283e-08,0.00041199633,3.3613944e-06,1.948186e-05,2.6372658e-07,2.4225003e-06,1.6528349e-05,6.784749e-06,1.1048075e-05,4.773777e-07,1.9565849e-05,2.8112741e-05,4.5362646e-07,1.5696677e-06,3.120301e-06,6.698527e-06,8.891342e-07,4.1482414e-05,0.00024299041,3.2180603e-06,2.8952025e-05,4.753049e-06,5.4874113e-06,5.339678e-06,5.07111e-08,8.836129e-05,0.00022327369,1.678977e-06,1.705622e-06,7.006779e-08,9.65255e-06,2.5485563e-06,8.557373e-06,2.3793748e-06,4.3892473e-05,0.0005424416,4.4999346e-05,2.047709e-07,0.00029691774,5.660531e-05,0.00030960797,3.5433806e-07,4.586968e-05,7.0521346e-05,6.81833e-06,1.6122731e-09,0.00024482055,3.6400374e-07,1.5296975e-05,1.6960325e-06,3.2901617e-08,4.0724672e-07,0.0005609508,1.6913323e-06,7.536332e-05,4.24711e-06,0.0061067934,0.00028093858,0.0030060404,1.4987869e-05,1.6577176e-06
BC2026_Train_0005_S08_20250607_070007_020,1.2313071e-08,0.04870936,2.2472017e-07,1.4046659e-05,1.672029e-08,1.563751e-07,4.01906e-06,3.39042e-07,8.529605e-05,8.478532e-05,0.0014862898,1.0946005e-07,7.9670855e-07,2.5882816e-08,1.1348048e-06,0.00020443538,4.66948e-08,3.305037e-08,2.9824922e-05,3.3056484e-05,8.031456e-07,0.00026517545,1.6869169e-06,1.6089743e-05,8.935972e-06,7.620958e-09,9.878369e-06,4.546448e-09,2.8746885e-07,7.046744e-06,0.0028553363,1.4344438e-06,0.97128797,2.661373e-05,0.0001819508,6.460563e-07,4.7437417e-05,0.00022182526,8.995736e-05,3.651306e-05,0.0038941898,0.0002935505,0.00039850685,6.3323006e-07,0.00034437436,0.00025896137,0.56329393,0.9886297,0.0058505707,6.9400296e-05,5.1883744e-05,4.250994e-05,5.3046588e-05,0.0043182843,6.549685e-05,4.8475513e-08,1.286578e-06,0.00070744747,9.661875e-09,3.1144134e-09,0.0001533413,5.6067733e-09,2.462498e-08,0.0012863851,3.6099445e-06,0.0004499369,1.9122726e-06,4.907077e-09,2.3994383e-07,4.926405e-09,3.3151895e-07,2.2247402e-06,1.4027445e-06,5.3457872e-05,2.997685e-07,9.744848e-06,0.00034214565,2.083705e-05,1.6528052e-06,1.3766807e-05,1.30657845e-05,3.2425623e-07,5.9537538e-06,1.233774e-06,2.3603488e-07,7.5199495e-07,4.6844466e-09,2.2989955e-06,1.6390484e-07,5.3780962e-08,5.633388e-06,6.2713795e-08,5.94361e-06,6.367891e-05,8.324228e-06,2.1539006e-05,0.00024412805,0.015994454,4.2441283e-05,3.1903146e-06,0.00012964876,4.1458875e-08,4.4400822e-05,0.00041938873,3.990945e-06,7.330432e-05,2.6788088e-08,1.2482276e-07,1.9607728e-06,1.1042017e-06,2.371719e-07,5.9396752e-05,2.7330302e-08,6.410733e-07,1.442206e-05,3.8843855e-06,0.00048080253,4.833002e-06,0.00015976669,0.00031341737,3.4816533e-06,6.45171e-05,9.833346e-09,0.0037219014,1.0075712e-09,8.94494e-06,6.8257914e-06,9.073732e-07,7.2237945e-08,1.6479149e-06,5.23403e-08,2.207943e-06,3.021852e-06,8.023731e-06,2.1573938e-07,4.7614414e-08,0.00027630117,8.3823045e-07,2.4849044e-08,9.011641e-06,4.6615067e-08,2.649826e-06,3.373381e-08,0.000106321444,6.158825e-08,5.166316e-06,2.117501e-05,5.8896234e-07,3.8841186e-05,0.00027439947,1.1177708e-05,1.04880904e-07,1.0358643e-06,1.7307905e-06,0.00026931142,6.4784865e-07,2.1110024e-07,9.642646e-07,3.8817788e-07,1.276242e-06,1.7686865e-06,2.3545133e-06,3.0594774e-07,1.0007725e-08,3.1303705e-07,3.5826505e-07,5.91048e-05,1.0962977e-05,2.5094053e-07,5.0515067e-05,7.439835e-05,3.3106696e-06,8.588669e-08,3.584711e-08,0.0002774939,4.5123824e-07,6.246498e-06,3.2448845e-08,1.6446212e-07,3.792782e-05,4.384603e-06,7.6878205e-06,2.964004e-07,3.928009e-05,2.1968926e-05,1.0816298e-06,1.9814094e-07,1.3740607e-06,2.586178e-06,1.930553e-07,1.7677197e-05,6.770146e-05,5.8140614e-07,2.6348467e-05,4.415499e-06,1.8249103e-06,5.473206e-06,5.0123234e-09,3.9416038e-05,2.476706e-05,4.4166686e-07,4.4281742e-07,1.6254864e-08,7.4042573e-06,1.4919027e-06,4.499299e-06,1.8545982e-06,6.480949e-06,0.00073311786,2.8034168e-05,1.1514927e-07,0.00019075132,8.3341565e-06,3.6803744e-05,1.10634204e-07,2.0639282e-05,2.7043861e-05,4.9852524e-06,9.922569e-10,1.5218375e-05,6.5454765e-07,6.132044e-05,2.2759016e-07,1.1677002e-09,1.3954659e-07,0.000104606996,3.1432357e-06,9.90349e-05,2.1388346e-06,0.0026180483,2.3022903e-05,0.0008144978,4.3904445e-05,5.8350633e-07
BC2026_Train_0005_S08_20250607_070007_025,2.1089159e-07,0.002418062,3.9353413e-06,3.0550174e-05,1.7079888e-07,3.0144806e-06,3.12794e-06,4.1840776e-06,0.00045519634,1.8742845e-05,9.2253045e-05,1.7215076e-06,6.5767017e-06,3.2110907e-07,1.45246e-05,0.004233567,1.7193209e-07,6.8936697e-07,0.00015324497,2.2732042e-05,4.223107e-06,0.00024173055,8.403464e-06,3.4349403e-05,7.2393865e-05,1.6105227e-07,5.9034114e-06,2.3029086e-08,7.572062e-05,2.8467399e-05,0.00087573845,9.1678885e-05,0.6518094,3.2685275e-05,0.00027868673,3.3739576e-05,0.00013772317,0.0019682278,3.95079e-05,0.0002980687,0.0026956608,0.00031516666,0.00049644464,5.7022207e-05,0.0007964115,0.0005863277,0.4207583,0.79677105,0.0072867344,0.00040366256,0.00013749301,0.00016522559,0.00013683343,0.00089480495,0.0011384875,1.2374844e-07,9.600923e-07,0.0018506196,1.4741763e-08,4.2180255e-07,0.0012511904,1.5867029e-08,5.217868e-07,0.0030403347,0.00018024303,0.0007251425,3.0494994e-06,2.626929e-07,5.341239e-07,4.8796018e-08,6.6305444e-07,3.897276e-06,4.2336946e-05,0.00041223416,7.300391e-07,2.2231803e-05,0.0011244789,0.00017927651,5.9116483e-06,9.182098e-05,5.1681578e-05,1.6509446e-05,1.3255587e-05,5.2849737e-06,2.0745603e-05,1.3536832e-06,2.396566e-07,1.3040105e-05,9.03621e-07,5.410112e-06,2.8742343e-05,1.9588401e-06,1.3926083e-05,6.575118e-05,0.00011837366,0.00014388263,0.00035838128,0.0109759215,0.000113135735,1.552902e-05,0.00078499876,2.1196638e-06,1.3992056e-05,0.00047985904,3.0042873e-05,0.00029097754,9.431711e-06,1.1782447e-06,2.5196208e-05,1.6205356e-06,5.7594602e-06,3.105974e-05,5.6748036e-07,4.1580824e-06,0.0003464798,1.2598136e-05,0.0006065244,2.0790663e-05,0.00012525544,0.16565055,3.7577058e-05,0.0007998622,1.5452852e-07,0.045186173,1.7892225e-08,0.00032240944,3.143928e-05,6.0300248e-05,3.6110941e-06,5.5272507e-05,1.62382e-06,4.7449223e-05,2.5030147e-06,5.617666e-05,4.2662202e-07,7.7267816e-07,0.00038050304,4.8292145e-06,2.0047955e-06,0.00028918486,7.4607885e-07,4.20783e-05,3.1397362e-06,0.0008648504,2.006735e-06,0.0001575833,1.9559115e-05,6.081665e-07,8.012245e-05,0.00014686126,5.0417948e-05,4.0607033e-06,2.1391434e-05,5.7129946e-06,0.0067400653,3.1208998e-05,1.6965032e-06,1.7158092e-05,2.3056086e-06,2.4102935e-06,3.941595e-06,3.4964152e-05,3.991425e-06,3.4715632e-07,5.572926e-06,8.4860153e-07,8.0402584e-05,0.000107050866,2.563105e-07,8.4164574e-05,0.00022667935,9.086996e-05,8.4931315e-07,8.9800295e-08,0.0048339176,2.6688547e-06,4.136978e-05,1.0661166e-06,1.39035365e-05,0.00011119982,1.8635496e-05,2.5356263e-05,1.4184478e-05,0.00020653568,5.8645095e-05,2.1158467e-06,2.6323762e-06,4.7148733e-05,2.0766172e-06,2.9180344e-06,0.00024052222,0.00024174647,2.698924e-05,0.0003684091,2.7178095e-05,4.0952767e-05,0.0010126198,3.756831e-08,0.00089711667,0.00011136291,8.56923e-06,1.0932939e-05,4.2840327e-07,1.8001088e-05,1.422551e-05,1.3606746e-05,0.00011578224,4.0157214e-05,0.0012118327,4.173434e-05,6.661171e-06,0.00054697983,3.4408156e-05,0.0002310154,2.2839213e-06,0.00038413002,0.00011743513,2.4725996e-05,1.321486e-08,2.9426397e-05,3.535395e-06,6.620501e-05,7.138367e-06,4.6125887e-08,2.7604776e-06,0.0008796904,8.315563e-05,0.0024658204,2.0436197e-05,0.0028652821,0.0001241292,0.009597198,0.00027013745,3.1250659e-06
BC2026_Train_0005_S08_20250607_070007_030,4.0015667e-08,0.010492299,1.8868859e-07,8.681962e-05,1.8265592e-08,1.9057772e-07,4.0100244e-06,3.1320934e-07,3.6635417e-06,3.1238353e-05,7.4255244e-05,2.406795e-07,2.065588e-05,8.8546784e-08,1.7387797e-06,9.692324e-05,1.4086173e-07,4.174652e-08,9.825568e-06,8.012644e-06,3.3155501e-07,2.7664125e-06,5.15603e-07,8.351696e-07,3.989362e-06,6.124969e-08,5.1645934e-08,1.1154255e-07,5.7097856e-07,1.0200868e-06,0.0019982194,4.6109312e-06,0.6569513,3.0534477e-05,9.08037e-05,4.1837584e-06,0.00019028537,0.00039391604,2.790113e-05,0.0003257559,0.000111703455,0.00017200643,0.00025578294,1.6476823e-06,0.0006668984,0.00058620336,0.23918548,0.7742784,0.002213497,5.205373e-05,0.00034671585,0.0005281833,0.00044152534,8.4740546e-05,0.0007737303,1.1180663e-08,1.4090301e-06,0.00068012415,3.753606e-09,3.4021344e-08,9.8670185e-05,5.228033e-08,1.7713452e-07,0.00014117369,3.417537e-06,9.074527e-06,2.4233617e-07,4.393395e-08,1.418037e-08,4.5815645e-09,4.5223945e-07,6.613911e-08,6.798927e-06,0.0009961886,2.3966052e-06,0.00010043722,0.0007318946,8.4409075e-05,7.4411732e-06,8.710173e-05,9.308922e-06,3.6375425e-07,1.9499723e-05,9.632548e-06,2.4544686e-06,8.7964025e-08,5.022757e-08,1.2369006e-05,7.502551e-07,4.282358e-07,2.2843242e-06,2.6207684e-07,3.3314657e-06,5.7820067e-05,3.880775e-05,8.473258e-06,0.00020938578,0.012217952,1.2853778e-05,3.899614e-05,0.0002527948,7.021381e-07,2.5649128e-05,0.00024660665,4.8655802e-05,0.00023256395,2.7321758e-07,7.295109e-07,1.7130658e-05,4.680364e-06,1.983685e-06,1.4154897e-05,2.1750102e-06,8.083577e-06,2.3568167e-05,4.4459928e-05,0.00020124887,7.731346e-06,0.013419262,0.02701313,2.2921473e-05,0.00024869276,1.5530117e-07,0.08349606,1.1596307e-08,0.00050805946,5.6150443e-06,0.000117825126,1.2771478e-06,3.5975615e-06,1.0271407e-06,1.8801262e-06,5.7312154e-06,1.5581045e-05,5.8123096e-06,7.636691e-08,2.3300927e-05,5.646485e-06,2.9605746e-07,2.4889614e-05,1.0701377e-07,4.0010323e-06,3.946203e-06,0.00027001175,2.0482166e-07,2.1860398e-05,5.4868444e-05,2.1613096e-06,0.0005896481,2.1447486e-05,0.00033559368,6.562142e-06,1.6798462e-05,7.5805127e-07,0.0005106384,4.8035676e-05,5.2552155e-06,5.2552955e-06,7.1663135e-07,7.897588e-07,5.941465e-05,1.9915624e-05,4.7606604e-06,4.157877e-08,2.7956926e-06,1.2358556e-07,4.648278e-05,1.1712567e-05,3.3703695e-06,0.00014811926,8.200772e-05,0.0001272682,1.4511409e-06,9.964037e-08,0.0022573264,3.1151098e-06,0.00018061326,5.0719274e-07,1.8519895e-06,4.2712792e-05,3.2308006e-05,1.1593016e-05,1.4240127e-06,6.479827e-05,0.00018997374,7.39721e-07,1.9149596e-05,6.9887894e-05,1.4885813e-06,2.720385e-06,0.00065302965,0.0035855083,6.0041468e-05,4.3461278e-06,6.4783184e-05,4.0509767e-05,0.00016101524,5.801483e-08,0.0018735023,4.528208e-05,9.9567e-07,1.2017448e-06,1.4485094e-07,3.7729846e-05,7.4041654e-06,1.002017e-05,4.7044887e-06,1.730089e-06,0.0013561556,9.797713e-05,3.6645864e-07,0.00015912978,4.7424117e-05,0.00041780857,1.4771999e-06,0.0008395159,0.0006768284,8.104627e-06,2.7397629e-08,1.0969629e-05,4.4347078e-07,5.587075e-05,1.0362644e-06,8.203059e-08,3.493856e-07,0.0022789629,3.5649722e-05,0.000113934715,1.4219107e-05,0.0045760917,0.0004254473,0.003917986,4.170254e-06,3.0338238e-06
BC2026_Train_0005_S08_20250607_070007_035,5.4856164e-06,0.0428735,7.7721296e-07,0.00010918733,2.8775935e-07,1.0832983e-05,3.0462084e-05,2.17595e-06,6.0867587e-05,3.1966745e-05,4.300597e-05,1.2167493e-06,9.272613e-05,5.061736e-08,3.7729016e-05,0.00040571918,6.8060433e-07,2.769121e-07,1.98985e-05,6.962336e-06,2.847523e-06,7.287192e-05,7.641194e-06,2.331522e-05,5.7391535e-05,3.0681116e-07,2.6682701e-05,4.4235182e-07,5.9255934e-05,2.7521212e-06,0.012546964,0.000111163026,0.8868707,0.0004885517,0.00084099185,0.00020969046,6.518947e-05,0.0008526207,0.00011687007,0.00592875,0.0013929025,0.0010455617,0.0052908664,8.468642e-05,0.002401193,0.0024341529,0.37333846,0.72494936,0.0100428015,0.0004683332,0.0028516243,0.004585287,0.004231923,0.0006909667,0.03764112,7.744297e-08,4.508985e-06,0.00055016653,1.4495444e-07,6.80204e-07,0.0012697526,8.5386375e-08,3.253897e-07,0.0018670104,6.3931846e-05,0.00034570543,2.5749557e-06,1.4800695e-07,2.570169e-07,7.317805e-08,4.2611637e-06,4.9689294e-07,5.108976e-06,0.00021282077,5.146233e-06,0.0002390109,0.0005859148,6.208672e-05,9.733089e-06,0.00019126764,4.822137e-05,2.1490866e-06,0.00010875598,3.2966036e-05,2.447984e-06,2.5761174e-06,6.4846745e-08,9.2032e-06,2.800317e-05,2.8135142e-07,1.1588319e-05,2.126483e-06,4.0373976e-05,0.00015806095,0.00015184323,0.00019336633,0.0009635703,0.0045167296,2.3231569e-05,1.2393471e-05,4.5268735e-05,1.9174881e-06,6.303113e-05,0.00021636223,7.2587354e-05,0.00089622685,8.0008e-06,7.186716e-07,3.5526526e-05,7.751131e-06,1.2811612e-06,6.4042906e-05,1.8905564e-06,4.925204e-06,0.00040633156,7.583234e-06,0.0024034944,3.6313915e-05,0.0031301798,0.0011457059,0.00017520932,0.00019092401,3.4393707e-07,0.48134804,1.05588995e-08,0.00025559377,9.817512e-06,4.8630664e-05,4.355023e-06,4.0721017e-05,1.5760322e-06,7.0092306e-06,1.3208304e-05,3.076732e-05,4.6898226e-06,7.7180033e-07,0.00038849437,2.3704562e-05,1.1370852e-06,6.859566e-05,1.7925329e-07,1.6070773e-05,2.5970726e-06,0.0006200248,1.01365764e-07,0.00023057245,0.00023872305,6.7451956e-06,0.0002416006,2.9336341e-05,0.0002520802,6.2058602e-06,2.7979093e-05,7.895984e-06,0.0005949498,4.7589114e-05,7.441869e-06,1.0031586e-05,7.002402e-06,9.707828e-06,1.7636079e-05,1.4006758e-05,1.2556959e-05,1.2520391e-07,5.219563e-06,1.7310448e-07,4.212833e-05,4.5807e-05,3.2252774e-06,0.0007321394,0.0005843811,2.7520833e-05,1.5199502e-06,3.7474703e-07,0.007329173,1.0565785e-05,0.00019705138,1.942255e-06,3.817494e-05,2.7911563e-05,1.3117773e-05,1.7435768e-05,3.3773322e-06,0.0002464461,3.3561373e-05,4.058501e-06,3.239408e-06,2.193179e-05,1.9508314e-05,1.7388926e-05,3.631111e-05,0.0007046124,5.7372872e-05,0.00014934929,4.964996e-05,2.3124938e-05,4.5387435e-05,4.457494e-07,0.00016856127,0.00034112897,3.3035485e-06,0.0001183608,5.676628e-07,4.247177e-05,1.8135577e-05,4.8346938e-05,4.5920584e-05,0.00020157611,0.0007117708,0.00018241738,1.4573512e-06,0.0008405449,0.00020720513,0.0022543052,6.4590813e-06,0.00017814997,8.479794e-05,2.819388e-05,8.73464e-09,0.00013269416,6.118693e-07,0.00010645292,4.5799693e-06,2.875939e-07,1.9498716e-06,0.004784361,4.960274e-06,0.00054847065,2.8780266e-06,0.009011664,0.0015333776,0.002625726,5.4934986e-05,8.9076116e-07
BC2026_Train_0005_S08_20250607_070007_040,4.7939825e-08,0.31445223,3.0995383e-07,0.00018346084,7.832906e-09,6.687242e-08,7.2263138e-06,5.719688e-07,5.1245825e-05,6.6514636e-05,0.0005691262,9.268168e-07,1.1047136e-06,1.7657777e-07,6.483295e-07,0.00012705286,1.3624003e-07,1.769083e-07,5.663398e-05,1.1020411e-05,1.0500296e-06,9.7363634e-05,1.4353402e-06,4.146393e-06,6.0475113e-06,1.949851e-08,3.49595e-06,1.116132e-07,1.7327609e-06,2.2299785e-06,0.0025994454,8.632775e-06,0.991392,3.289629e-05,0.00035078873,4.354724e-06,0.00020085723,0.00059432327,9.29011e-05,0.0007242222,0.0007927495,0.00020100437,0.00050544523,4.3105997e-06,0.0010391348,0.00088335935,0.8615384,0.99618906,0.016799465,0.00028643047,0.00032170909,0.00037667344,0.00041036532,0.00047407727,0.0013602679,1.4232032e-07,2.5055915e-06,0.00076502765,2.2234087e-08,6.31065e-09,0.000573045,1.3123104e-08,1.11236595e-07,0.00052425446,7.460771e-06,0.00016316587,2.8180948e-06,3.6317551e-09,2.945019e-07,3.8882288e-08,8.390512e-08,3.150893e-07,1.4116626e-05,0.00022966781,1.3017649e-06,1.9386966e-05,0.0014348256,4.0295858e-05,1.5268539e-06,1.9891233e-05,2.0666166e-05,2.2809425e-07,1.6009006e-05,9.436345e-06,2.5245856e-07,4.7195832e-07,9.608322e-09,1.2737372e-06,2.6972e-07,2.2076937e-07,1.4352786e-06,2.0065978e-07,7.4642653e-06,0.0009663136,1.0962769e-05,1.8441448e-05,0.00010839888,0.054403573,1.8954264e-05,2.8084983e-06,0.000100665995,2.2862304e-07,3.582483e-05,0.00014672786,7.968043e-06,0.00010807048,2.0538709e-08,5.8687043e-08,2.260197e-06,5.330494e-06,1.2742399e-07,1.9553558e-05,7.337315e-08,2.2590937e-06,1.1224753e-05,1.3184267e-05,0.00015076695,8.585893e-06,0.0008631871,0.00028391043,8.099481e-06,9.69068e-05,1.6631136e-08,0.005641186,2.5017524e-09,7.785907e-06,2.8531415e-06,8.793473e-06,1.5620176e-07,4.600715e-06,1.376941e-07,1.4513097e-06,8.583302e-05,4.8506686e-06,4.7022726e-07,4.8477553e-08,8.9088484e-05,1.1929649e-06,2.7499821e-08,3.5657513e-06,8.6195044e-08,3.091764e-06,1.6558863e-07,7.149356e-05,3.8046398e-08,9.41699e-06,3.338132e-05,5.424852e-06,0.0004708152,0.00010267651,0.00011520307,1.4167465e-07,2.6214511e-06,1.5675599e-06,0.0009632088,4.9796645e-06,1.7827404e-06,3.8212215e-06,1.288836e-07,2.6228215e-06,5.472198e-05,2.4257347e-06,9.2778515e-07,1.5431976e-08,2.5837298e-07,1.6192132e-07,2.8154407e-05,4.4021203e-06,2.3102628e-07,5.3294945e-05,5.920177e-05,8.256699e-06,1.7579444e-07,4.932594e-08,0.00062145473,3.6427152e-06,1.1374885e-05,4.2656787e-08,3.5726364e-07,0.00022308345,1.8793084e-05,2.5530323e-06,3.7579778e-07,8.790796e-05,0.00012779392,5.7887937e-06,2.2381609e-07,2.4279032e-06,1.2633633e-06,2.1995585e-07,8.2308645e-05,0.00012350558,9.666229e-06,4.7905783e-06,2.8604281e-05,1.1231809e-05,1.9077188e-06,5.8805454e-09,8.9250214e-05,2.837714e-05,4.3858893e-07,1.9651156e-06,2.6084326e-08,2.0831763e-05,3.053434e-06,1.9380162e-05,1.8397183e-06,3.850065e-06,0.00028381165,1.6200924e-05,1.1246027e-07,0.00040144543,7.5946255e-06,7.924845e-05,8.370164e-08,1.973584e-05,7.55824e-05,3.642275e-05,1.944784e-09,8.5332256e-05,5.9798043e-07,3.8661692e-05,1.4009701e-07,2.9419822e-09,2.3070352e-07,0.00059301313,1.6076903e-05,0.0002481054,4.5063284e-06,0.0051814527,0.000104091276,0.0012164349,3.2987235e-05,6.4520356e-07
BC2026_Train_0005_S08_20250607_070007_045,1.174574e-08,0.028383628,2.0020201e-07,1.3195186e-05,1.0914597e-09,8.283227e-08,3.444429e-07,2.0463229e-07,1.5523883e-05,2.7477272e-05,0.00015594444,3.2464445e-08,2.5667398e-06,2.0087592e-08,7.262234e-07,3.5752616e-06,1.982575e-08,5.350757e-08,1.7483989e-06,6.5207887e-06,5.939673e-08,5.173381e-06,5.1911104e-07,8.3050486e-07,3.0803164e-07,2.563621e-09,7.521163e-08,2.6089637e-09,2.566703e-07,3.7442982e-07,0.00057391904,1.6435283e-06,0.9752738,2.5508185e-05,4.9960006e-05,1.6347011e-06,0.00026651676,0.001148337,5.1427643e-05,0.00037899436,0.0006173407,0.00017099812,4.318944e-05,6.331491e-07,0.0004501141,0.00031278486,0.8842955,0.99082947,0.015650304,0.00017890202,5.7251105e-05,6.275584e-05,7.732118e-05,0.00014061399,0.00045640618,2.2399371e-08,5.409327e-06,0.00026587566,1.4145952e-08,2.5722415e-09,1.4318934e-05,4.5232844e-09,4.0464585e-08,3.3842723e-05,1.7564915e-07,1.1010903e-05,2.7816162e-07,1.8060703e-09,4.3376744e-08,1.0748934e-08,2.3513262e-07,9.279341e-08,1.3242194e-05,4.04644e-05,1.6513729e-06,5.428464e-06,0.0010186076,3.3382654e-05,3.2514945e-06,3.8897895e-05,3.5888977e-05,8.512051e-08,1.5485011e-05,5.0122535e-06,1.7878122e-06,1.7737574e-07,8.108044e-09,1.9902072e-06,4.2814557e-07,9.795368e-08,8.447371e-07,8.014702e-08,1.3366739e-05,2.6643367e-05,1.8198223e-05,7.5797207e-06,0.00016923994,0.1647433,5.7435977e-06,8.93916e-06,0.00012558923,2.0547336e-07,2.9088267e-05,4.542472e-05,1.938476e-06,4.4979693e-05,3.1264076e-08,2.7247179e-08,5.006644e-06,1.0456775e-06,5.6614516e-07,2.7735166e-05,6.665212e-08,6.6274424e-06,1.4201666e-05,9.981039e-06,2.4624995e-05,1.7570509e-06,0.0004282448,0.00030433142,1.111177e-05,2.9469815e-05,2.627863e-08,0.038739115,2.2267392e-09,1.3518977e-06,4.7861763e-06,1.0936705e-05,2.1353954e-07,6.1977753e-06,3.097857e-07,1.2012223e-06,4.9558907e-06,1.969427e-05,6.420566e-07,1.1843649e-07,0.0005701467,1.9590457e-06,8.918138e-08,1.29176915e-05,5.9210993e-08,2.2203674e-06,2.299854e-07,0.00012863173,4.3832166e-08,1.1493362e-06,1.0874313e-05,4.4456174e-06,0.00025565032,2.942121e-05,6.871871e-06,8.377254e-07,4.391114e-06,1.0477978e-06,0.0005173893,2.6844104e-06,1.1591904e-06,9.663645e-07,7.2179057e-07,2.59817e-06,1.8413102e-05,1.162546e-06,4.9916997e-07,2.3815508e-08,3.4131327e-07,2.360511e-07,2.502821e-05,5.522633e-06,1.6331536e-07,0.00016353627,1.3039968e-05,2.3047704e-05,6.097042e-08,1.297816e-08,0.0016924484,9.824797e-07,3.715351e-06,5.511182e-08,5.82605e-07,8.634784e-05,2.4162977e-05,6.1518786e-06,4.9853577e-07,9.2341015e-06,0.00018388046,1.0687216e-06,1.3948231e-07,8.5360825e-06,5.0743934e-06,3.6655896e-07,2.2833354e-05,0.0002951228,7.5964003e-06,3.980606e-06,6.9834223e-06,9.11877e-06,9.410947e-06,7.7803e-09,0.00015258665,2.4796054e-05,4.780638e-07,4.6374834e-07,2.3154566e-08,1.036453e-05,1.8098077e-06,1.5987142e-05,6.081392e-07,5.2223113e-06,0.0006683742,2.1471915e-06,4.5344127e-08,0.00019983124,2.5379923e-05,4.4952892e-05,1.8336422e-07,0.002333267,0.000107172826,9.969023e-06,7.73666e-09,1.0478075e-05,1.4151856e-07,7.974193e-06,2.8345858e-07,1.3110275e-07,4.9417423e-07,0.00055917184,1.0067228e-05,0.00021403564,2.7817198e-06,0.0008891374,0.00038340472,0.0065879086,5.6207127e-06,1.0397583e-07
BC2026_Train_0005_S08_20250607_070007_050,5.276787e-10,0.01817614,6.4740804e-09,2.3554117e-06,2.4879276e-10,1.3058686e-08,9.272777e-08,5.8402197e-08,2.5978206e-06,1.6974807e-06,1.0461599e-05,1.3500711e-08,5.4555837e-08,2.4897184e-09,7.170297e-09,9.628333e-06,5.1535403e-09,6.5539196e-09,1.0802477e-05,1.6485516e-05,3.5886019e-09,6.532184e-05,2.182893e-07,5.767963e-07,2.0658901e-07,5.7661753e-10,4.4363068e-07,1.5011766e-09,5.701547e-07,3.8237118e-07,7.195654e-05,1.2475282e-06,0.9838394,3.5407568e-06,1.5050951e-05,6.105997e-07,6.2367224e-05,0.00019258763,5.325484e-06,0.00031123302,0.00042582367,2.0377074e-05,1.25925035e-05,5.5030205e-07,4.41174e-05,4.0394345e-05,0.44630873,0.9614836,0.0047836117,7.658055e-05,6.1753262e-06,5.8142e-06,6.1118512e-06,5.4750897e-05,0.0006083797,4.017748e-09,3.407555e-07,7.2990144e-05,2.787277e-10,3.3808814e-10,2.1556945e-05,5.366247e-10,9.2578745e-09,3.1467534e-05,4.0521283e-07,1.24633525e-05,3.5457735e-08,1.6473558e-09,1.1239462e-08,8.7007473e-10,6.9418604e-09,1.680149e-08,1.3985997e-06,1.1459139e-06,5.4564268e-08,1.4705488e-06,0.00018660756,3.3434267e-06,1.372426e-07,9.2020855e-06,3.5008577e-06,1.2212496e-08,6.78176e-07,2.3425615e-07,2.25167e-07,6.3164684e-08,9.898643e-09,1.2433569e-06,5.647604e-08,7.973092e-08,3.7085613e-07,2.6175181e-08,2.2473416e-06,7.666889e-05,6.315382e-06,5.688361e-07,6.7268804e-05,0.22120878,1.8165655e-06,1.4036065e-06,5.195509e-05,2.817947e-08,1.4473235e-06,2.494222e-05,1.4978503e-06,0.00017225115,2.2168155e-08,6.4149575e-09,2.2052063e-07,6.189608e-08,9.901008e-08,1.0548246e-05,3.09776e-09,3.5250383e-07,1.2477053e-05,5.644836e-07,8.422037e-05,3.06944e-07,0.00013782682,0.0013155155,2.2697317e-05,3.294192e-06,2.9446376e-09,0.0018789362,8.1058743e-10,7.376006e-07,1.1239374e-06,3.1918482e-06,1.9971491e-08,1.2470382e-06,3.0920766e-08,1.8196067e-06,1.8031733e-06,2.6740747e-06,7.552531e-08,3.607596e-10,1.8165314e-05,1.8700554e-07,2.6682518e-09,6.4522724e-06,8.521827e-09,7.2070848e-06,1.4261932e-08,2.0889796e-05,2.7478786e-09,2.656493e-07,8.8065804e-07,1.4421482e-07,0.00015198403,1.51893155e-05,1.1673877e-06,3.770412e-08,9.952475e-07,3.8946126e-07,6.346751e-05,4.3430614e-06,1.0012159e-07,1.9427425e-07,9.580749e-08,7.774948e-08,3.1835673e-06,3.7803107e-07,6.578236e-07,7.6762054e-09,1.3027655e-07,4.7545257e-08,4.5556353e-06,3.1522546e-07,5.2889924e-09,3.6178849e-06,1.9688487e-05,3.0478598e-06,3.4381615e-09,2.1434732e-09,0.0005569214,5.6693455e-07,1.7560644e-07,6.4359016e-09,1.2724946e-07,1.7788558e-05,1.4528218e-06,3.9061842e-07,8.560261e-08,9.148979e-06,6.701607e-06,1.9762801e-07,2.9120267e-08,1.2545507e-06,2.2587612e-07,6.001681e-08,1.5188622e-05,1.4715864e-05,5.5092346e-06,2.240806e-06,1.6486254e-06,1.2357076e-06,6.405404e-07,1.0212776e-09,3.297047e-05,3.0847425e-06,6.238035e-08,1.18191195e-07,1.6872099e-09,2.435512e-06,4.6764816e-07,1.9322322e-06,1.1507708e-06,2.9460352e-06,3.264338e-05,3.752438e-06,3.462229e-08,7.599456e-05,2.8745155e-06,4.622612e-05,1.3535029e-08,2.217973e-05,1.6748685e-06,1.1259392e-06,2.8177075e-10,5.2211412e-06,2.0293502e-08,1.8442327e-06,1.528568e-08,8.358749e-10,9.010599e-09,0.002244262,2.4441606e-06,5.952626e-05,8.62003e-08,0.00072848937,6.1310166e-06,0.00070487906,4.517085e-06,5.8720307e-08
BC2026_Train_0005_S08_20250607_070007_055,2.8363765e-09,0.010834412,4.2898378e-08,9.84469e-07,2.4791278e-09,2.182958e-09,1.8704817e-07,2.6479483e-08,3.3903664e-06,1.7195065e-05,4.348406e-05,5.6984244e-09,1.3136303e-08,5.8786026e-10,4.3410925e-08,4.1422904e-06,2.766384e-09,1.5977109e-09,5.4628754e-06,1.04877905e-07,2.4842837e-08,2.3849952e-05,1.5545943e-07,5.3350027e-07,9.239017e-06,1.0282594e-09,3.0732303e-07,9.8692235e-11,4.5303494e-08,1.4376751e-08,0.00010068903,3.0198765e-07,0.8728799,1.2333281e-06,1.8715105e-05,1.149133e-07,2.8742423e-05,7.4209514e-05,3.043906e-06,4.193441e-05,0.00023700377,1.9836678e-05,2.6805275e-05,1.594809e-07,3.5995196e-05,3.184674e-05,0.4290144,0.9242585,0.00072860497,2.3210374e-05,6.3543057e-06,8.582601e-06,7.458957e-06,7.4629854e-05,7.804707e-05,1.4747386e-08,6.519728e-07,5.8481077e-05,7.2615153e-10,4.4941613e-11,4.639895e-06,2.8028385e-10,2.9221907e-09,7.4147297e-06,1.6405625e-07,2.0633359e-05,4.9461764e-09,2.494499e-10,7.379923e-09,3.2220746e-10,2.0386535e-08,3.2331133e-07,4.34265e-07,1.8674441e-06,2.942349e-08,1.205588e-06,5.3416446e-05,6.5058243e-06,2.0956293e-07,1.0645175e-06,1.3334475e-05,2.4887163e-07,3.7125778e-06,6.515023e-07,4.786984e-08,7.06529e-08,1.8164792e-09,2.8201683e-07,7.892808e-08,5.5494276e-09,5.215843e-07,7.800805e-09,6.0377675e-07,8.605748e-06,4.2779334e-07,2.4044461e-06,6.080313e-05,0.0075974297,2.7765515e-07,7.0572895e-07,2.143814e-05,6.554535e-08,3.4197183e-06,1.0922435e-05,3.422239e-07,1.0430847e-05,1.812265e-08,1.2799458e-09,2.0546453e-07,2.6967035e-07,4.2460183e-08,2.7040998e-05,3.1245582e-09,3.2108733e-07,2.8113067e-07,7.572023e-07,1.0061882e-05,1.3910663e-07,8.005311e-05,7.196526e-05,8.892673e-07,1.1396373e-05,1.0421339e-09,0.0013358752,3.829585e-11,1.0436631e-06,1.4598091e-06,6.778392e-06,1.2728911e-08,6.067946e-07,1.8932553e-08,1.630079e-07,7.6498026e-07,2.864869e-07,9.9761124e-08,5.243503e-08,4.5591412e-05,5.527426e-08,1.02666275e-08,2.4737022e-07,3.1271337e-09,2.5282675e-06,2.8310865e-08,3.7902806e-05,4.6724424e-10,8.8664046e-07,9.439517e-05,1.1285925e-06,1.5605745e-05,7.0894224e-05,3.6884355e-06,2.0422029e-08,2.9069193e-07,2.4508122e-07,3.252108e-05,8.964574e-07,9.435884e-08,4.972048e-08,3.641009e-08,2.3767545e-07,2.943435e-06,5.802922e-06,7.2793935e-09,2.4973614e-09,6.5033284e-08,4.052458e-09,2.0549096e-05,3.9900706e-07,2.21992e-09,9.018785e-06,1.6719414e-05,6.2344225e-06,3.8484966e-08,2.4883619e-08,0.00044280736,1.4059665e-07,2.1719984e-06,6.8197052e-09,4.9781073e-07,4.3331074e-06,2.0629088e-05,7.813034e-08,1.5137248e-08,7.3526235e-06,0.00016681987,4.832435e-07,1.8464622e-08,2.6565135e-07,1.3258949e-06,1.2866753e-08,1.5198909e-05,4.5798002e-05,2.025319e-06,8.093822e-07,2.10584e-06,1.2378306e-06,2.9875434e-06,8.1879037e-10,1.9271205e-05,2.796239e-06,1.3250667e-07,1.3984089e-06,2.888172e-10,3.2415467e-06,1.2393745e-06,6.8592744e-06,9.7429336e-08,7.879661e-08,0.000102204,3.216376e-06,7.351015e-08,5.5151613e-05,2.400226e-06,3.493367e-06,6.3928605e-09,1.4027998e-05,3.813206e-06,1.9701822e-06,4.2659995e-10,4.3610353e-07,9.982389e-09,2.6879736e-06,1.2337283e-08,1.8324031e-09,1.758169e-07,0.001192019,1.5296361e-07,4.128883e-05,4.6674592e-07,0.00023297852,1.4686833e-06,0.00011628092,2.8125964e-06,1.8475367e-08
BC2026_Train_0006_S09_20250828_000000_005,1.8466102e-08,1.2562173e-06,5.6639265e-06,3.1780843e-07,1.9218763e-10,1.48675605e-08,6.697744e-09,1.3853327e-09,8.831558e-11,1.0734469e-08,3.4618662e-07,1.037685e-09,5.6800973e-09,3.6688395e-11,9.81772e-08,1.6763686e-08,4.5717135e-11,2.3639618e-10,5.633529e-09,4.7871435e-10,6.650813e-11,6.917062e-10,1.755073e-06,1.3131719e-08,1.7747332e-08,2.5108589e-09,7.817385e-07,9.995759e-10,1.5932548e-10,5.3329273e-08,5.1700533e-07,1.1158123e-08,3.220927e-07,1.2425686e-06,1.3810916e-07,9.3791826e-08,6.768003e-05,7.240864e-07,6.593453e-09,4.8647103e-06,7.080805e-08,2.7443024e-08,6.2864626e-07,1.1742582e-08,1.2725395e-07,1.2508659e-07,1.7958577e-07,4.0735003e-08,1.0128687e-08,5.7443774e-09,3.3035815e-07,3.4341562e-07,4.4113813e-07,3.915557e-08,5.543687e-06,8.640599e-10,0.96560025,2.130941e-06,2.7516874e-08,6.3173905e-10,1.1804622e-07,1.0524144e-10,3.9845144e-08,2.3060458e-09,7.1899087e-09,1.3752662e-05,9.255297e-09,3.8558716e-09,2.937404e-11,8.7054786e-10,1.963471e-05,8.5602245e-09,3.7178523e-08,2.0696104e-06,0.00032137494,0.0011885568,4.276019e-05,0.0008139016,8.413135e-05,2.4014256e-05,1.1576317e-06,6.220629e-08,2.7058232e-07,2.311041e-07,1.408792e-07,8.6749776e-07,3.4641425e-06,1.2531107e-05,9.853164e-06,3.5848893e-07,1.3874006e-06,8.232381e-06,6.6649574e-07,1.2336644e-05,3.0865448e-07,2.2046494e-05,8.099067e-08,1.3652917e-05,8.336955e-06,1.0066316e-05,3.884304e-06,5.230236e-09,9.260162e-05,3.0136039e-06,1.7229026e-05,4.9001437e-06,8.038835e-07,5.6426835e-08,3.5905923e-05,1.0745163e-06,4.522331e-06,2.1508704e-06,1.4605915e-07,3.813866e-05,1.4122625e-09,1.0851047e-05,5.1604416e-06,3.2091128e-07,1.7256335e-06,2.41489e-07,3.1757922e-06,0.0001454588,5.9545393e-05,5.5621163e-05,1.4528327e-07,2.2273477e-08,9.335085e-06,5.1985367e-05,6.3884386e-07,7.0196336e-07,7.4638496e-07,4.6691287e-07,4.9746006e-08,2.937342e-07,3.614967e-07,3.3485894e-09,0.000116169096,0.00016186312,7.588493e-06,2.4356814e-06,5.1160914e-08,7.836233e-07,2.3958322e-07,1.0407251e-06,2.0280103e-07,1.7570655e-10,1.089477e-06,9.608821e-08,2.3127915e-05,1.1111157e-05,4.3047353e-07,4.3956586e-08,2.7621206e-06,1.7498753e-05,0.0006687231,1.4714925e-07,3.0095607e-05,1.575106e-08,0.07685433,1.3620247e-07,0.00031799046,2.3762584e-07,1.8213588e-07,1.8742047e-07,7.572326e-07,8.8665405e-07,2.8197026e-06,1.0802086e-05,1.250101e-08,0.0013635455,6.77216e-05,2.1212361e-07,1.6587423e-05,5.3232816e-05,2.0081281e-05,1.16529606e-07,1.5580332e-07,9.233672e-07,1.0210239e-05,7.3375704e-06,7.3440883e-06,2.5837192e-08,2.3651357e-06,3.0136875e-05,1.8376142e-05,7.856508e-05,9.7793134e-08,1.5135437e-06,0.00019107824,1.9360361e-05,3.50001e-06,7.7136565e-06,8.758131e-08,2.264832e-05,0.0001345843,2.921083e-06,0.00010631667,8.58476e-07,1.9365216e-05,9.2027044e-08,1.2311871e-06,2.909577e-09,6.1770806e-09,0.0047642738,9.4676716e-07,6.149198e-06,6.499934e-05,0.00017109155,2.4638244e-05,1.2050385e-06,9.260523e-06,0.016340043,1.3303404e-07,8.462066e-06,0.0016954594,0.00037695307,0.00018361642,5.643485e-07,4.772104e-05,1.08841725e-07,8.981195e-08,4.07732e-05,5.8565806e-09,3.7086568e-06,0.0004443552,0.0015591906,4.888023e-07,2.5065257e-05,1.1994453e-09,1.4561467e-06,3.0739955e-07,3.5012665e-05,4.4277562e-07,8.179354e-06
BC2026_Train_0006_S09_20250828_000000_010,1.287669e-09,2.2787141e-07,1.0785536e-07,7.3540576e-08,1.6047122e-11,1.3210191e-09,4.528773e-10,2.6585173e-10,1.7995478e-12,1.213242e-08,4.863462e-07,5.472442e-10,3.5470146e-10,1.3413671e-12,2.3809964e-08,9.307609e-09,5.8999724e-12,1.1828834e-12,1.0684552e-07,1.4003686e-10,5.224243e-13,1.474994e-09,4.027494e-08,1.330796e-09,5.8415833e-10,6.806352e-11,7.0421015e-07,6.791845e-10,4.0888366e-11,1.593967e-09,9.8096706e-08,2.5184614e-09,4.0888036e-08,9.638701e-09,3.6156922e-09,5.758704e-09,1.8540073e-06,8.8849745e-09,9.832571e-10,1.1213235e-07,4.6448014e-09,2.5038576e-09,4.207154e-08,1.6604758e-09,7.1607436e-09,5.0929363e-09,1.210791e-09,3.3801079e-10,2.485433e-10,1.5747349e-10,1.7956497e-08,2.4339945e-08,3.1664904e-08,6.822697e-09,2.2765659e-07,6.158385e-10,0.8888725,8.363779e-07,3.799002e-10,1.04200024e-10,1.2851257e-07,7.464854e-12,4.4249738e-08,2.0346087e-09,6.94632e-10,1.9865515e-06,4.7648183e-09,1.1558198e-11,9.781365e-12,1.227208e-09,6.894544e-06,3.7947562e-11,2.5823448e-08,8.275158e-08,1.3242546e-06,0.0001927719,4.94128e-05,8.877648e-05,1.6041191e-05,2.0135828e-06,5.519282e-07,2.6243669e-08,3.9879063e-07,4.7916696e-08,6.14505e-08,2.273113e-06,1.6675675e-06,3.08095e-06,3.1837462e-06,2.0351925e-07,1.7322696e-08,1.3769949e-07,1.7146655e-07,5.423401e-07,3.2179082e-07,5.3688086e-06,2.1956625e-07,2.026197e-05,1.3110355e-06,7.200826e-06,1.9404577e-07,3.3026834e-10,9.559257e-06,1.2715763e-07,1.2110409e-06,3.2694668e-06,1.8715969e-07,1.168393e-09,4.1410916e-05,2.2968236e-06,8.084636e-08,2.2756579e-08,9.498832e-08,2.0173943e-06,3.7424658e-10,8.879241e-07,7.689842e-07,1.7025163e-06,1.0267435e-07,7.122252e-08,1.6150924e-06,5.4498037e-06,5.0444538e-05,2.8683718e-05,6.388534e-09,2.2418348e-08,3.360173e-06,9.890784e-06,2.4220096e-08,5.5311025e-06,1.2902909e-07,5.2094403e-08,6.667269e-09,3.8079514e-07,3.8055035e-08,6.44635e-11,5.271065e-05,4.7482266e-05,1.6570158e-06,2.9980535e-07,1.2597177e-07,1.911955e-08,5.3207128e-09,2.7162656e-07,1.1483459e-08,1.76143e-11,4.0639122e-07,8.812624e-08,7.450861e-05,1.7320455e-06,3.690786e-07,1.1599227e-08,1.6425207e-06,4.261404e-06,3.8226233e-05,2.4643708e-07,1.9883147e-07,9.675628e-10,0.66036713,3.4678862e-08,0.000748535,3.352131e-08,1.4893672e-08,2.9375991e-08,5.2883894e-07,1.0724056e-05,7.631275e-08,1.1884069e-06,8.712875e-09,0.00015536664,0.00010698096,2.1427795e-08,7.286787e-08,5.9841517e-05,5.819368e-05,8.504469e-09,9.142255e-09,1.4584808e-08,3.6312932e-07,2.7888225e-07,1.4879072e-06,1.4898758e-08,1.3051797e-06,2.8100867e-06,1.0102736e-06,3.328659e-05,4.5177256e-08,7.2397603e-07,0.0013550654,6.6313182e-06,1.2129904e-07,4.279841e-06,1.4161692e-08,0.00036238306,3.948967e-05,1.0816827e-05,2.5697951e-05,5.356711e-08,4.4897926e-05,1.2815299e-07,9.26207e-07,1.9554927e-09,4.2807446e-10,3.9904917e-05,7.43395e-08,1.478257e-06,4.387673e-06,6.648548e-06,4.6159602e-07,1.0299293e-06,1.5572043e-05,0.00021441946,8.458465e-08,1.1883325e-05,4.3029886e-05,9.779844e-06,0.00015203824,8.2468574e-07,3.948431e-06,2.9553693e-08,7.7196205e-09,1.2198514e-05,3.801425e-09,4.1162643e-06,0.00050172134,0.0005119079,4.51261e-08,1.1238797e-06,4.638029e-09,2.1255087e-07,8.6445134e-08,4.2579504e-06,1.2269716e-07,2.8484299e-06
BC2026_Train_0014_S13_20220228_214500_000,6.404711e-05,1.4270103e-05,8.528552e-07,0.0008834708,1.6132748e-05,8.909056e-07,1.7975813e-07,1.4246771e-05,0.35317665,0.00083579676,0.023333889,9.64661e-07,0.00031832652,2.2948319e-08,1.406796e-05,0.035000492,2.9422645e-06,2.1504528e-07,0.00011405743,4.3053114e-05,0.00013486539,0.014243219,0.0029915997,2.3845609e-05,0.00016764762,1.0891193e-07,0.000104459185,2.0021862e-07,1.5949103e-05,0.00024746492,6.3655716e-05,1.3494025e-05,5.30458e-06,1.9130322e-05,1.2452554e-05,2.9972674e-05,3.2760417e-07,9.032816e-06,5.064188e-06,2.3065495e-05,4.2793967e-05,1.09476305e-05,0.0001788628,2.6560081e-05,1.11443815e-05,9.765884e-06,1.1005843e-05,8.30794e-07,4.0310056e-06,4.5580214e-06,3.9963983e-05,4.9753853e-05,5.1240204e-05,2.2978422e-05,0.00029841645,9.374449e-07,2.660045e-07,0.03607737,6.145542e-08,0.00051048584,0.010119386,1.03114544e-07,0.074405886,0.1819531,0.001266144,5.6473623e-06,6.04389e-06,1.9378076e-07,8.4388836e-07,7.600173e-07,6.3819115e-08,5.9280857e-05,2.0040456e-05,1.9488809e-05,3.953376e-05,3.866501e-06,3.0848765e-05,0.0003694068,0.00022971204,6.2182946e-05,0.0015985493,3.7765523e-07,0.000766676,1.3840777e-05,7.378141e-05,0.0001019067,0.00010317943,0.0021459737,0.000906837,2.7571718e-05,0.0011064075,6.231075e-05,6.5276577e-06,8.065446e-05,0.00046252774,1.8162127e-05,4.397371e-05,2.7462615e-06,6.121101e-05,9.149234e-05,9.259835e-06,1.5428673e-06,0.00053714146,0.0029460168,0.00013311148,1.8652245e-05,7.1496484e-06,2.4857442e-07,9.9590325e-05,0.00030899988,2.0833651e-05,4.5813948e-05,1.3751363e-05,8.4649764e-05,8.346149e-05,0.00019139153,6.75991e-06,1.9194134e-05,1.319068e-05,4.318618e-05,0.0002190175,0.00013125902,8.0611404e-05,0.0028861673,5.6758763e-06,0.00020664737,4.5705197e-05,2.0532289e-05,5.104916e-05,0.0004476262,9.790902e-06,0.0003912305,1.6120332e-06,9.937195e-05,4.7668193e-05,3.1239124e-06,0.0023798156,0.0007802333,0.00010160086,5.823284e-06,4.5323814e-05,5.0765533e-07,2.6395775e-05,4.5826182e-05,1.3129724e-06,1.0919831e-05,0.0004771222,4.5316202e-07,1.92323e-05,5.6991714e-05,7.739583e-05,0.00026758152,6.4398104e-05,2.2834767e-05,3.673043e-05,0.0007453432,6.1277433e-06,1.490949e-05,0.000112706206,0.00033408203,8.288936e-06,0.00050503056,2.7353768e-05,9.671358e-05,2.5667945e-05,0.00041124586,2.2532247e-05,0.00035687024,2.4474179e-05,0.0031310623,0.00013180585,9.837803e-06,8.296372e-07,2.7878763e-05,9.3312534e-05,4.7853546e-06,2.213127e-06,3.9693816e-05,0.00035449275,1.5916328e-05,0.0033351216,1.3680025e-05,0.00015248542,8.053888e-05,3.7458416e-05,1.861434e-05,3.1793516e-05,0.0001323844,3.1509849e-06,5.3150037e-05,0.0004803769,1.7180377e-05,6.4154274e-06,3.5350957e-05,0.00019118577,0.00044830298,9.165659e-05,0.00012070523,3.619574e-05,6.493954e-06,0.00075958483,5.431267e-05,3.9719419e-07,0.00011238832,0.00044000984,0.00059338374,4.1636584e-05,5.577089e-06,3.3042048e-05,0.00041785676,0.000107525775,2.6733922e-05,9.037195e-05,0.0014351645,0.0012799217,0.0020660078,8.765133e-06,4.6819234e-05,7.232567e-06,2.3497274e-05,1.5093151e-05,5.1091436e-05,0.00016499101,2.2056995e-06,4.0236988e-05,0.0002755049,1.480229e-06,9.24377e-05,2.9578139e-06,0.00065227237,1.2261286e-06,0.00010538835,5.2276988e-05,3.6613415e-05
BC2026_Train_0014_S13_20220228_214500_005,3.7039015e-05,2.0188387e-05,1.4542909e-05,0.00076399674,2.5086494e-05,5.4217304e-07,6.704675e-08,1.8850708e-06,0.6300958,0.0008447003,0.009615748,2.1481828e-06,0.00035306378,1.7979493e-08,8.817751e-06,0.0009005625,7.5770454e-06,4.103359e-07,0.00023906014,1.2844367e-05,1.8079558e-05,0.0010198962,0.0005034001,1.635846e-05,4.0304192e-05,7.6868155e-08,7.891302e-05,4.775398e-07,8.007732e-06,0.00011527527,0.00021377948,9.521788e-06,5.911242e-06,1.9157105e-05,1.702345e-05,2.5298585e-05,5.9947934e-07,9.291263e-06,5.7278603e-06,4.7858266e-05,5.4280517e-05,1.2998386e-05,0.0010659235,1.6046883e-05,1.6053693e-05,1.4210648e-05,3.1114316e-05,5.805136e-07,4.89813e-06,4.741884e-06,0.00018163705,0.00042267668,0.00044488048,2.678197e-05,0.00080050225,7.9187646e-07,3.1221506e-07,0.026839934,9.457415e-08,0.00091727107,0.0053291284,1.4286972e-07,0.044604883,0.01913656,0.0023234223,9.598354e-06,7.0991946e-06,5.212501e-08,1.4394193e-07,9.689515e-06,2.050875e-07,4.1657317e-05,4.6845303e-06,2.0465624e-05,3.9962697e-06,1.2157101e-06,1.7379609e-05,7.986318e-05,0.00015729446,2.7378168e-05,0.00025368115,2.6641092e-07,0.00018616131,4.329071e-05,4.4950324e-05,1.8478824e-05,4.35992e-05,0.0625164,0.00015425186,1.6206517e-05,0.00076461583,2.640529e-05,7.956501e-06,5.44163e-05,8.036219e-05,5.1462623e-05,6.230813e-05,9.443637e-06,5.1480787e-05,3.6323614e-05,8.192072e-06,1.9015955e-06,3.7382655e-05,0.00079847913,0.0001918214,3.723859e-05,3.5596493e-06,1.4342712e-07,3.4062738e-05,0.00019179125,1.7720628e-05,3.488568e-05,7.955697e-06,1.9974552e-05,0.0001037483,0.00034905504,2.0844343e-05,4.38951e-06,2.7097609e-05,6.970334e-06,0.000104401515,5.4892622e-05,6.65875e-05,0.0017740391,2.0017942e-06,3.0283634e-05,3.0368688e-05,1.4571689e-05,1.1125385e-05,0.00016774963,3.1126297e-06,0.00045642073,2.8256732e-06,7.1287604e-06,1.71928e-05,6.034255e-06,0.0004826484,0.001338841,2.0200809e-05,9.76619e-06,2.3744677e-05,1.790271e-07,4.843771e-05,0.0004551313,1.0572054e-05,8.3281844e-07,0.00012371752,6.109591e-07,2.7439277e-05,1.922623e-05,6.454966e-05,0.00010381303,2.5977093e-05,8.48106e-06,6.340902e-05,0.00039873124,8.64383e-06,1.873725e-05,9.833524e-05,0.00019318848,6.2603995e-06,0.00012772006,1.080122e-05,2.2972328e-05,7.1839863e-06,8.142897e-05,7.413779e-05,0.0009262877,5.8590984e-05,0.0012642792,0.00010298744,3.2631302e-05,1.9806246e-06,2.0467618e-05,8.4365296e-05,2.5037523e-06,9.1775377e-07,7.725064e-05,0.00017903598,3.028158e-05,0.00073782465,1.9936667e-06,6.516511e-05,4.8501217e-05,2.2664159e-05,7.451408e-05,1.6322803e-05,0.00027348637,4.5886954e-06,4.085692e-05,0.00022936014,1.4555994e-05,3.9063143e-06,5.577158e-06,9.765802e-05,0.00032759644,2.6643822e-05,6.805222e-05,6.946313e-05,9.193428e-06,0.00014991328,2.8574863e-05,5.832087e-07,2.9679593e-05,7.5365046e-05,0.00011105114,5.4253553e-05,3.158838e-06,0.00014264906,0.0037709896,0.00011195512,2.6144327e-05,0.0012283606,0.00018062272,0.0003792522,0.0023639032,1.1169407e-05,5.8493624e-05,2.0259702e-06,2.474824e-05,8.2917195e-06,4.2605636e-05,0.000106444284,2.0524963e-06,9.6548174e-05,0.00012272314,3.782467e-06,0.00015359226,1.9359675e-06,0.00031932714,5.165104e-06,0.00016922799,2.7521182e-06,2.1998547e-05
BC2026_Train_0014_S13_20220228_214500_010,8.1798804e-05,2.0805778e-06,8.470512e-06,0.0005159346,8.54109e-06,9.436709e-07,7.7836134e-08,1.2095704e-06,0.041873686,0.00015790098,0.011429923,9.921827e-07,0.00016306367,4.9762585e-09,2.823914e-05,0.00012540589,5.0603835e-06,9.733201e-08,3.227527e-06,3.2416024e-06,3.1996544e-05,9.066231e-05,0.0002605412,3.7497655e-06,2.0447407e-05,6.0587865e-08,5.8150817e-06,4.4202835e-08,3.2096289e-06,4.6574005e-05,5.3002394e-05,3.629403e-06,4.011589e-06,1.1217572e-05,7.1185636e-06,1.50628675e-05,5.809599e-07,6.5131185e-06,3.19341e-06,2.6046648e-05,1.89823e-05,5.731636e-06,0.0001664606,6.770678e-06,7.499399e-06,7.6141773e-06,2.0298754e-05,6.320095e-07,1.776642e-06,2.2157183e-06,4.0780666e-05,8.8245004e-05,8.0896636e-05,8.908038e-06,0.00029574105,1.1609766e-07,2.918494e-07,0.0142592555,2.58962e-08,3.714591e-05,0.0018830721,3.3012505e-08,0.023014817,0.0050802827,0.0014076119,1.8376279e-06,2.7890485e-06,3.4436233e-08,2.3337245e-07,2.742592e-06,1.7034048e-07,6.883419e-05,7.962247e-06,1.15337325e-05,1.1973317e-05,1.6851033e-07,2.216937e-05,9.9587094e-05,5.5937333e-05,1.5877033e-05,0.0015511328,3.217838e-07,0.0009671448,6.7191424e-05,2.297853e-05,9.484369e-06,4.965485e-06,0.010132114,0.00018987288,1.4962904e-05,0.00028921574,8.916256e-06,3.8715525e-06,3.6273384e-05,0.00011974156,0.00015883964,0.00013088656,3.5104329e-06,0.00017175633,2.484574e-05,2.6718392e-06,1.8589595e-06,7.4162012e-06,0.00056589535,4.384771e-05,2.24903e-05,3.9657302e-06,3.8310002e-08,1.7628008e-05,0.00014929917,1.1428076e-05,4.1733256e-06,5.350765e-06,6.7347115e-05,7.9460035e-05,0.00019380084,5.639236e-06,2.9067276e-05,6.9221624e-06,5.2891032e-06,2.0090014e-05,4.742801e-05,3.5121015e-05,0.0138898855,7.767817e-07,8.457425e-05,6.876891e-05,5.1244933e-06,7.978148e-06,0.000114059505,3.166532e-06,0.00028446098,1.3125605e-06,1.2993565e-05,1.0616478e-05,3.5471312e-06,0.001043489,0.00075464684,2.5456278e-05,6.3048205e-06,2.05019e-05,1.3550404e-07,2.308334e-05,0.00016556749,1.6551443e-05,1.954645e-06,8.931058e-05,4.2326124e-07,9.987141e-06,9.773849e-06,6.607892e-05,6.685657e-05,2.016901e-05,5.520026e-06,4.1242594e-05,0.0001493275,6.7510778e-06,3.8645658e-06,0.00019542541,0.00020330443,3.1323193e-06,0.00017243685,2.7050205e-06,5.3924487e-06,4.1262356e-06,3.2957207e-05,1.5827161e-05,0.00017654385,3.9645885e-05,0.0013443186,7.1250994e-05,1.1404744e-05,1.1678699e-06,7.675272e-06,0.00014603625,4.885278e-06,4.975108e-07,0.00010421054,0.00010983593,1.4800056e-05,0.00079976727,1.9413235e-06,3.8591043e-05,2.5164632e-05,0.00025976854,5.8682963e-05,1.4930826e-06,6.8334775e-05,3.7904833e-06,1.0598391e-05,0.00015961958,5.6477234e-06,1.9582928e-06,1.0178487e-05,6.025835e-05,0.00023086634,3.5960988e-05,1.5393238e-05,0.00016417465,3.006712e-05,0.00016304736,3.7398382e-05,1.212833e-07,0.00013328294,4.3241485e-05,0.00017086708,1.8043955e-05,7.158088e-06,3.919788e-05,0.00030049085,9.564338e-05,2.0397003e-05,0.000119262055,0.00013499316,0.0011617158,0.0006515861,1.7557826e-05,6.167829e-05,1.4819043e-06,4.684098e-05,4.2890347e-06,3.3634235e-05,9.91153e-05,3.4826892e-06,0.00036593308,0.00011281341,1.1508783e-06,3.084888e-05,3.8690687e-06,0.0002820136,6.206281e-06,0.00036397175,3.44265e-06,7.820049e-06
BC2026_Train_0014_S13_20220228_214500_015,5.2282717e-06,6.9349944e-06,6.147392e-06,0.0075504775,8.20301e-05,1.7730184e-07,1.9723072e-07,3.4744116e-07,0.025039451,0.0005662177,0.0105459,6.081636e-07,7.627482e-05,5.9958314e-09,5.9164195e-06,9.398568e-05,1.8880736e-06,1.8057962e-07,0.00019529539,4.917812e-06,3.2633614e-06,0.00010776218,0.00024777916,5.0887816e-06,9.543376e-07,3.20381e-08,4.3624927e-06,6.329204e-08,7.072475e-07,3.8411577e-05,0.00036972156,1.29153395e-05,3.6689366e-06,6.9839284e-06,1.1415375e-05,2.2985216e-05,1.3711727e-07,4.958198e-06,3.0974982e-06,2.8151695e-05,2.7118162e-05,8.35319e-06,0.00066654856,2.181816e-05,1.2989751e-05,1.1300937e-05,2.1256688e-05,3.824952e-07,3.1856569e-06,3.2848118e-06,0.00016069437,0.00046905898,0.000505698,9.357762e-06,0.0010339322,2.0236324e-07,9.684607e-07,0.06048605,3.0664932e-08,4.7618894e-05,0.0019979654,2.5608953e-08,0.07236264,0.04233714,0.0020882306,3.958966e-06,2.0388621e-05,3.1926405e-08,2.2840721e-08,1.9199017e-06,5.721253e-08,2.4657402e-05,4.766821e-07,3.1032253e-06,1.2946028e-06,8.103762e-07,1.6897426e-06,3.707492e-05,0.0004699297,8.974025e-06,0.00013594038,3.9011024e-08,6.641596e-06,2.1415193e-05,2.9592077e-06,4.180683e-06,3.2723856e-05,0.0037641441,4.964177e-05,1.9223585e-06,5.0192906e-05,2.9033336e-06,1.6406938e-06,1.8443401e-05,3.805717e-05,1.7270282e-05,1.148662e-05,9.550618e-06,1.3718892e-05,1.3846613e-05,2.843095e-07,1.8855206e-07,1.4532344e-05,0.0004986357,3.3956843e-05,1.8278579e-05,1.6279306e-06,4.182207e-08,2.0994064e-05,2.2565104e-05,2.4419753e-06,1.0766377e-05,1.2747324e-06,2.6528373e-06,9.823338e-06,3.9640025e-05,3.9658585e-06,1.4557107e-06,3.9775928e-06,2.9889316e-06,1.1569535e-05,1.3229319e-05,2.3388911e-05,0.0012421346,9.376018e-08,5.6341723e-06,4.8181746e-06,3.4184272e-06,4.2230167e-07,7.121763e-05,2.199399e-07,0.000264089,2.8552893e-06,2.5495017e-06,3.1707416e-06,4.8654943e-08,0.00016500044,0.00086371764,2.1577305e-05,7.807768e-06,1.3742868e-05,1.16502825e-07,5.3156205e-06,3.5385092e-05,2.390503e-07,9.1459206e-08,0.00013449631,1.5195631e-07,4.545333e-06,1.8598691e-06,3.018183e-05,0.00012361798,3.3250924e-06,1.7094194e-06,2.0389456e-05,5.5342436e-05,1.06026055e-05,1.6805661e-06,0.00016895792,1.7535338e-05,7.2295397e-06,4.5721245e-05,3.8142025e-06,1.9137192e-06,5.118385e-07,0.0002609073,4.246839e-06,0.00019446573,4.0894465e-06,0.00012719733,7.291549e-05,1.1932178e-05,5.997235e-07,2.6715801e-05,7.4256095e-05,8.5046895e-07,7.7438455e-07,1.4156121e-06,1.863795e-05,5.713267e-06,0.000142911,1.7244787e-07,1.7584203e-05,2.6765267e-06,1.083318e-05,7.447863e-05,9.873369e-06,5.976373e-05,7.028093e-06,7.1170114e-05,0.00018767767,4.917418e-06,3.8230264e-06,5.116748e-06,3.4818182e-05,0.00037124756,1.1046622e-05,8.703229e-06,5.546575e-06,2.018595e-06,9.284868e-05,2.3397445e-06,8.104209e-09,0.00012891724,1.9612608e-05,3.7136277e-05,2.0378495e-05,1.4524876e-07,2.9076673e-06,0.0020919086,7.4091215e-05,5.316925e-05,0.00027139825,7.0988324e-05,0.00035290475,0.000934154,5.7615093e-06,5.028119e-06,5.807018e-07,4.017186e-06,2.7731403e-06,2.896912e-05,2.2906372e-05,9.107543e-07,7.0034206e-05,7.691597e-05,2.426241e-06,1.9439414e-05,1.639824e-06,5.0814273e-05,3.7370563e-07,5.749847e-05,5.8940117e-07,3.4207198e-06
BC2026_Train_0014_S13_20220228_214500_020,2.2292117e-05,1.6553968e-05,5.5325636e-06,0.00090633123,1.320605e-05,5.689673e-07,1.0488931e-07,3.3743254e-06,0.52483904,0.0008631817,0.020647798,6.344644e-07,0.0005824994,2.3730623e-08,1.2644345e-05,0.014997417,6.08417e-07,1.2676897e-07,0.0002134581,4.4138574e-06,4.2795928e-05,0.002928919,0.000761656,2.4376835e-05,0.00012494314,9.76552e-08,0.00040766384,6.6244404e-08,7.655127e-05,0.00027515867,4.5933506e-05,2.7577502e-05,1.5420096e-06,9.36861e-06,1.3367439e-05,4.4872457e-05,1.7389756e-07,7.753652e-06,2.2311847e-06,1.0994817e-05,5.1200885e-05,5.447507e-06,0.00027723843,7.165368e-05,8.247532e-06,6.307413e-06,1.0605963e-05,2.4016177e-07,2.9662544e-06,4.2731813e-06,2.8759918e-05,5.143196e-05,4.901211e-05,1.702121e-05,0.0005135855,7.242135e-07,4.69517e-07,0.041936602,2.8818633e-08,6.9622685e-05,0.00706107,1.8801135e-08,0.17171942,0.2049561,0.0027753606,1.9558163e-05,1.5146124e-05,6.569077e-07,7.425802e-08,2.2265274e-06,3.2951988e-08,1.4439801e-05,2.2971674e-06,3.7541526e-05,1.0853241e-05,1.1943833e-06,7.70266e-06,0.00022247659,0.00010126224,2.8851615e-05,0.0019521175,9.805294e-08,0.00017788807,9.087492e-06,3.0760428e-05,9.467823e-06,1.5664717e-05,0.016409012,0.00027391693,8.92181e-06,0.0003136888,2.0694823e-05,3.862712e-06,2.4633075e-05,0.00017015495,2.3486318e-05,1.9035126e-05,1.8027245e-06,1.1731012e-05,1.9997842e-05,1.8775497e-06,6.571214e-07,0.00015594013,0.00072188943,6.5909066e-05,1.1072577e-05,2.8975855e-06,5.620309e-08,3.9037513e-05,0.000112162954,2.3492523e-05,9.876561e-06,2.6619127e-06,9.840684e-06,6.483545e-06,7.301124e-05,1.0032447e-05,2.8090578e-06,3.157576e-06,2.8847353e-05,0.00017580441,6.1643135e-05,6.8103116e-05,0.0022700506,2.1405792e-06,7.3383344e-05,3.5097448e-05,1.7092341e-05,5.565459e-06,2.7287639e-05,5.9518516e-06,0.0007834373,4.4736083e-07,2.3337954e-05,4.253689e-06,1.4618945e-07,0.0008099724,0.0003558538,0.0001144215,2.3251525e-06,1.5301513e-05,2.8681933e-07,6.9064686e-06,6.1440136e-05,8.4398334e-07,5.3303415e-06,0.00021886575,1.4583256e-07,4.826991e-06,2.2848448e-05,0.00018688854,0.000360231,1.3548116e-05,5.050553e-06,2.9899618e-05,0.00018664048,8.9335945e-06,4.9556074e-06,7.074336e-05,8.2052386e-05,1.0032265e-06,0.0002108571,1.635902e-06,4.745349e-06,2.3884822e-06,0.0002781821,1.047241e-05,8.415254e-05,1.3071191e-06,0.0005188712,8.586634e-05,1.9650575e-05,5.029919e-07,1.3181137e-05,4.5344394e-05,1.550094e-06,9.792423e-07,8.415397e-06,0.0001616939,1.9103249e-05,0.002857557,1.2010939e-06,0.000102788974,3.0408824e-05,1.24413e-05,4.163277e-05,3.9737292e-06,0.00010184317,3.5481698e-06,5.4292163e-05,0.00024521677,1.6757707e-05,7.893342e-06,2.195527e-05,5.0224648e-05,0.00036143133,0.000101142476,1.7542212e-05,1.5374739e-05,2.2776787e-06,0.00018399059,1.6833437e-05,1.4638182e-07,0.00019704236,9.6944044e-05,0.00018983668,2.5594763e-05,5.086163e-07,2.4098017e-06,0.0021061092,2.6815245e-05,4.461272e-06,0.00016581807,0.0002870004,0.0006850538,0.00095187477,6.6722346e-06,4.2354673e-05,1.876311e-06,2.9901405e-06,3.1992474e-06,2.5165014e-05,6.464933e-05,1.383193e-06,3.2789674e-05,0.00020197842,1.0540759e-06,7.849745e-05,1.2447498e-06,0.00014634934,3.8937915e-07,4.6964346e-05,3.6533504e-06,9.793601e-06
BC2026_Train_0014_S13_20220228_214500_025,9.441691e-06,1.3345532e-06,1.5853452e-06,0.00085329404,6.344224e-06,5.992313e-08,2.4305292e-08,4.1626626e-07,0.23114003,0.00035391602,0.030858027,3.0885323e-07,4.589003e-05,1.1317198e-09,6.860876e-07,0.0006134672,2.555709e-07,2.5494863e-08,4.457927e-05,6.696922e-07,2.9952635e-06,0.0002873906,0.00017866677,3.8620456e-06,9.40368e-06,1.8877024e-08,1.7789287e-05,2.4649227e-08,6.2781864e-06,8.080512e-05,6.0008668e-05,1.1198343e-05,9.485368e-07,4.1380067e-06,2.4721344e-06,2.1232134e-05,2.2452197e-08,1.4568523e-06,7.8934687e-07,8.546509e-06,1.6594684e-05,3.1163515e-06,0.00014402332,2.7461609e-05,3.368149e-06,2.4226042e-06,3.3120118e-06,4.8122963e-08,9.907144e-07,1.0279168e-06,2.7837583e-05,5.6873083e-05,4.964892e-05,5.3950976e-06,0.00064251124,5.1757755e-08,9.606128e-08,0.057769015,5.654942e-09,1.541507e-05,0.0032375772,1.3803432e-08,0.10743204,0.119911276,0.00035352167,1.7930986e-06,2.6193418e-06,2.2748942e-08,1.13408225e-08,3.7600964e-07,3.6595342e-09,3.8502444e-06,7.639042e-07,6.318878e-07,2.983276e-06,3.3876051e-07,1.4592719e-06,4.52775e-05,1.7994533e-05,1.7548269e-06,0.0004332433,7.512845e-09,9.0176245e-06,4.3084174e-06,1.033977e-05,4.0889317e-06,7.044015e-06,0.0049105613,5.6795474e-05,2.2554061e-06,4.7613765e-05,2.791419e-06,4.811617e-07,2.9753514e-06,3.175673e-05,1.5393678e-05,3.2542616e-06,1.7062906e-06,3.989396e-06,3.30329e-06,1.9145028e-07,1.1140413e-07,1.4534978e-05,0.00040703846,1.9684543e-05,5.919151e-06,1.034793e-06,1.2551949e-08,1.9572044e-05,2.1216629e-05,2.2833353e-06,2.0554835e-06,1.0761529e-06,3.7005168e-06,1.5824067e-05,2.3351224e-05,9.507457e-07,5.895114e-07,2.2636152e-07,3.9493425e-06,6.5572817e-06,8.426504e-06,1.646892e-05,0.00084349065,1.4389349e-07,1.0576117e-05,5.1795514e-06,1.6918856e-06,1.329008e-06,3.3263896e-05,9.360004e-07,0.0001696144,6.687178e-08,2.7108517e-06,4.7969147e-06,7.9752674e-08,7.262211e-05,0.0001821874,1.3893502e-05,1.6860887e-06,6.3953294e-06,2.6773584e-08,4.2378697e-06,9.283682e-06,2.3247972e-07,7.105658e-08,0.00010431544,9.881915e-08,7.3352294e-07,2.194175e-06,1.1703167e-05,4.187203e-05,3.4914121e-06,2.6683124e-06,1.2841403e-05,4.8287126e-05,6.610719e-07,5.752955e-07,1.533624e-05,1.0333155e-05,2.1577908e-07,4.5208253e-05,2.2420896e-07,1.3715915e-06,4.6459695e-07,4.0820356e-05,4.8354223e-06,0.00016726872,1.0685698e-06,7.845996e-05,1.8210914e-05,3.938935e-06,3.4937128e-07,2.9452963e-06,9.906314e-06,3.049858e-07,3.4589786e-07,7.0542396e-06,9.145964e-05,4.439626e-06,0.00017248519,9.292447e-08,8.003937e-06,3.2244225e-06,3.7482853e-06,1.0336328e-05,4.114868e-07,3.710495e-05,1.6547134e-06,5.4193624e-05,6.730345e-05,1.5894584e-06,6.13307e-07,1.2524765e-06,2.398903e-05,0.00012216154,1.8053748e-05,4.5390266e-06,4.143661e-06,1.8088502e-07,1.6954675e-05,3.9971615e-06,2.359626e-08,3.6112924e-05,3.1431126e-05,7.660575e-05,1.4426256e-05,1.1218582e-07,1.1841836e-06,0.00036753312,3.2644686e-05,4.8072325e-06,4.1557963e-05,0.00013828427,0.00055404456,0.00046155523,1.3229419e-06,5.883863e-06,6.4503746e-07,1.5744833e-06,9.030809e-07,3.817612e-06,1.702306e-05,2.4231767e-07,7.446178e-06,3.4007986e-05,1.3228457e-07,1.837269e-05,1.4366297e-07,4.1881012e-05,8.099855e-08,2.030985e-05,7.2847155e-07,4.108342e-06
BC2026_Train_0014_S13_20220228_214500_030,8.617927e-06,3.8128132e-07,2.4850951e-06,5.7529953e-05,1.2363698e-05,1.5405016e-07,1.0979418e-07,9.49742e-06,0.33531624,2.3282713e-05,0.0015726029,1.7124219e-07,0.00010878751,1.6584848e-09,2.9743019e-06,0.0003639901,2.9376275e-07,1.0841306e-07,7.2683424e-06,1.1360922e-06,4.80522e-06,0.00010062155,0.0014888905,1.0462072e-06,4.5465284e-05,3.8072827e-08,1.0787653e-05,5.855073e-09,1.478403e-05,2.1990641e-05,7.846e-06,7.3764963e-06,8.766485e-07,1.2762931e-06,1.7352826e-06,9.2790615e-06,1.7350132e-07,2.498057e-06,2.6269416e-07,1.0153086e-05,2.096478e-06,1.3826337e-06,1.9857496e-05,1.577406e-05,2.5439788e-06,2.447146e-06,3.0928345e-06,8.9052364e-08,6.703894e-07,9.726424e-07,9.759067e-06,1.7104832e-05,1.6381735e-05,7.465365e-07,0.00019611645,5.8545062e-08,3.5229954e-07,0.0068023265,6.00806e-08,1.4934322e-05,0.00040789167,1.3846035e-07,0.18184279,0.03982724,0.00017955432,9.802449e-07,7.716274e-07,7.996912e-08,3.954246e-08,4.5599026e-07,3.2992865e-08,0.0001800165,8.137729e-06,1.3237182e-06,2.9235302e-06,8.638174e-07,7.483739e-06,0.00020161745,0.00018999331,6.14312e-06,0.010972764,3.982946e-07,4.127608e-05,5.52324e-05,2.1796737e-05,3.086015e-05,2.0606221e-05,0.018187206,0.00021153533,4.5206834e-06,0.00029485507,6.7792776e-06,7.940825e-06,3.0377261e-05,0.0002040455,4.4458782e-05,1.8229872e-05,5.123897e-06,3.376584e-05,1.8353601e-05,1.1495244e-05,7.3230956e-07,2.2238992e-05,0.00018979034,3.5808058e-05,5.4316606e-05,1.0395087e-05,4.7215278e-07,3.7918675e-05,7.503661e-05,7.5007288e-06,3.786126e-05,4.8709544e-06,0.00013032378,0.00010821752,0.00015070257,2.7227727e-06,6.006461e-06,1.9614986e-06,2.1644595e-05,4.6416728e-05,2.9401235e-05,0.00011002775,0.012676254,2.8706916e-07,0.00020877636,2.7581604e-05,1.5558313e-05,3.48633e-05,9.613697e-05,1.7046609e-06,0.0010397081,2.3166038e-07,5.0767536e-05,4.3564745e-05,2.3266318e-06,0.00028707815,0.00033730245,1.4694674e-05,2.6420719e-06,4.5615892e-05,2.7083271e-07,3.4229524e-05,4.2516793e-05,1.132563e-07,1.9136176e-07,0.00082029705,3.0385155e-07,3.9766337e-06,2.745611e-05,0.00011557719,0.00013613378,2.1068476e-05,4.8523747e-05,9.0818074e-05,0.000605034,1.686318e-05,8.23615e-06,2.8935958e-05,9.965796e-05,1.3212878e-06,0.004288731,7.656394e-07,1.3983346e-05,4.8022057e-06,0.00016151792,2.1589161e-05,0.00066638563,4.650434e-06,0.0005068499,0.00012763108,1.0133508e-05,1.3780631e-06,1.8525052e-05,0.0001306413,2.636333e-06,2.4237481e-06,5.2666786e-05,0.0002818161,1.1675452e-05,0.0060717813,1.74135e-06,9.92532e-05,8.190784e-05,2.4848727e-05,6.662751e-05,6.154208e-06,6.646626e-05,2.3581835e-05,5.115735e-05,6.557116e-05,4.435086e-06,7.677388e-06,1.0428112e-05,0.00014556093,0.00015572169,0.00013364908,0.00028618783,1.4646909e-05,8.916622e-07,7.369507e-05,9.0963935e-05,1.769201e-07,0.00040070122,0.000589758,0.0006460386,0.00012925226,2.7369588e-06,4.583925e-05,0.0004824725,0.00027537756,1.8738303e-05,4.8622034e-05,0.0013426271,0.0010915004,0.00034753693,8.060476e-06,1.9044714e-05,8.997841e-06,5.739163e-06,9.251501e-06,6.7296205e-05,6.503554e-05,5.1437305e-06,7.543149e-05,0.00026437343,7.589178e-07,8.7602275e-05,2.2713851e-07,0.00015551827,6.922235e-07,4.948537e-05,6.7897845e-06,1.5601669e-05
BC2026_Train_0014_S13_20220228_214500_035,0.00018082626,1.2551607e-05,1.6835154e-05,0.0020510003,6.796739e-05,3.1227958e-06,1.8135536e-06,2.3895554e-05,0.75418234,0.001656779,0.023799341,6.829627e-06,0.0015079129,8.6070024e-08,8.56466e-05,0.020240644,1.2615365e-05,1.2179893e-06,0.0001788026,6.160823e-05,0.00016640268,0.0024432205,0.005015695,2.688346e-05,0.0005063535,5.4346987e-07,0.0001269895,3.1148136e-07,4.6446487e-05,0.00053745793,0.00019842907,5.6423898e-05,1.811219e-05,3.135272e-05,2.4420253e-05,7.715648e-05,1.8121773e-06,2.9502995e-05,1.2790072e-05,5.563994e-05,5.5339908e-05,2.9566258e-05,0.0003189003,7.84254e-05,3.331466e-05,3.475356e-05,3.9930957e-05,2.9796793e-06,1.1697664e-05,1.4038931e-05,0.00012277265,0.00019233808,0.00018832585,3.1360047e-05,0.00063692895,2.5694928e-06,2.0180485e-06,0.05954815,5.178314e-07,0.0011013163,0.024287473,4.6848336e-07,0.06339519,0.15936491,0.004049023,4.3786997e-05,2.168052e-05,5.921636e-07,1.3460995e-06,2.7613949e-05,4.3906434e-07,0.00032295735,2.6482963e-05,0.00012219859,6.46399e-05,5.237848e-06,4.7682326e-05,0.0007437861,0.00030956868,4.891629e-05,0.009306604,2.6065834e-06,0.0013564379,0.00020600563,0.00022281647,0.000105003055,0.000100795965,0.014146834,0.0011701343,4.5735025e-05,0.0020556531,0.00010763093,2.3621224e-05,4.91053e-05,0.00049324986,0.0004220296,0.00036803275,1.9830304e-05,0.0004627379,0.00010292127,9.418615e-06,1.16346055e-05,0.0003734706,0.003027943,0.00075941585,9.9401135e-05,3.642212e-05,8.96955e-07,9.088226e-05,0.0003963896,3.590479e-05,4.4150227e-05,3.491837e-05,0.0001914406,0.00073766016,0.00033919068,6.9868124e-06,0.00013787625,8.2974075e-06,6.284178e-05,0.00041057743,0.00017304395,0.00015225571,0.018424572,1.0040181e-05,0.00025670056,0.00010649769,0.0001285752,0.0001214059,0.0009161495,1.7775754e-05,0.0012007173,7.747991e-06,0.0003854989,0.00010125567,1.7239183e-05,0.0032282947,0.004410281,0.00011726222,0.00010096893,9.820011e-05,1.6786647e-06,6.583695e-05,0.00015315207,3.417838e-05,1.2367755e-05,0.00024295355,3.6021067e-06,4.6838886e-05,0.00014237469,0.00023901367,0.00097433623,9.644126e-05,4.8504917e-05,0.00042633034,0.00084393966,1.7906917e-05,3.6999652e-05,0.000476189,0.00071841583,2.0687361e-05,0.0010244249,1.7799739e-05,5.342852e-05,4.5415185e-05,0.0013236073,5.970317e-05,0.0017359945,5.323465e-05,0.0011961198,0.00014871718,0.00012969474,6.1429973e-06,3.3005614e-05,0.0003370296,2.7293549e-05,7.4083687e-06,0.00013876428,0.00059996283,5.87622e-05,0.0027954264,2.3460172e-05,0.00023287282,0.00016057353,0.00029408833,6.6342844e-05,4.692799e-05,0.00018682281,1.8560577e-05,0.00029333285,0.0003504857,3.793003e-05,1.5841611e-05,0.00014297805,0.00029990438,0.0011007919,0.00019489398,0.00012655964,0.00015610259,3.2025393e-05,0.00053294864,0.00023946805,4.35215e-06,0.00042057162,0.0010575762,0.0011161492,0.0006130076,4.3975684e-05,0.00021958459,0.0016800744,0.0012467935,0.00013040968,0.0002900588,0.0026168707,0.004022816,0.004819966,1.9834653e-05,0.00016257603,2.2244316e-05,7.844402e-05,3.3009957e-05,9.9550925e-05,0.00044324045,1.5503761e-05,0.00055477384,0.0005684995,5.2136425e-06,0.00014230126,1.4729876e-05,0.0019175439,1.5371894e-05,0.00048649858,6.035617e-05,3.7357284e-05
BC2026_Train_0014_S13_20220228_214500_040,0.00019270869,3.2977357e-05,1.346482e-06,0.0006828959,6.685001e-05,1.2318823e-06,3.931407e-07,1.6956243e-05,0.51657456,0.00036183934,0.008920813,2.8569618e-06,0.00021262646,6.237262e-08,7.310522e-05,0.024881918,1.21189705e-05,5.933529e-07,0.00014325304,4.1568426e-05,0.0003752355,0.007042563,0.0035353051,3.0342024e-05,0.0004068086,2.1607643e-07,0.0002772509,3.471222e-07,6.110888e-05,0.00043145157,9.174824e-05,4.140772e-05,5.7249767e-06,2.9238785e-05,2.3204399e-05,8.6353364e-05,7.6186495e-07,1.5321211e-05,5.35101e-06,4.4145898e-05,4.9091956e-05,1.691951e-05,0.00041003607,8.111803e-05,1.821583e-05,1.5396145e-05,2.6399752e-05,1.0310182e-06,5.8472297e-06,7.948841e-06,9.5830896e-05,0.00014481542,0.000154993,2.9076757e-05,0.0008571367,3.0145122e-06,6.3130534e-07,0.03102266,1.6686e-07,0.00053656986,0.003952513,1.9301221e-07,0.18244341,0.18211468,0.0032692654,1.28650845e-05,1.2241307e-05,8.727854e-07,1.8928747e-06,1.5773179e-06,1.9920994e-07,0.000283492,1.8508154e-05,8.4323154e-05,3.178451e-05,6.5303157e-06,2.8900027e-05,0.00033492135,0.00046920858,3.2113137e-05,0.006167899,1.604484e-06,0.00058247073,0.00013710013,5.4857614e-05,0.00019776722,0.0001087308,0.008179171,0.0011897841,4.0177783e-05,0.0017761304,6.0667884e-05,1.3248471e-05,6.0608443e-05,0.00033778002,0.00011480795,0.00021738766,4.360151e-06,0.00051223836,9.235981e-05,1.5319662e-05,3.272343e-06,0.0011040375,0.0025701455,0.00036173553,6.519401e-05,3.2989185e-05,9.35498e-07,9.127474e-05,0.00073305325,3.3456847e-05,5.602211e-05,2.072739e-05,0.0001740441,0.0007307147,0.00032996642,1.0794219e-05,4.045036e-05,4.8073375e-06,0.00010356603,0.0002276755,0.00014294303,0.000101390935,0.004318303,4.9288365e-06,0.0005909954,0.00021565908,3.3520177e-05,7.420703e-05,0.00022583175,1.2368074e-05,0.0012681639,4.0471605e-06,0.00039912006,6.3188265e-05,8.10448e-06,0.004775211,0.0010129209,0.0001069161,1.0387159e-05,0.00013073563,9.590875e-07,4.33724e-05,0.00012091166,2.7924232e-06,3.9776005e-05,0.0008075383,1.3590086e-06,9.604242e-06,0.00014675305,0.00013890382,0.00042822107,8.188801e-05,4.918713e-05,0.00011123004,0.0004711566,1.8925328e-05,3.5423614e-05,0.00044815344,0.0005964002,7.0852007e-06,0.0022229732,1.3622262e-05,8.8086024e-05,4.320439e-05,0.0010898878,7.7561475e-05,0.0005610403,4.842764e-05,0.0010293595,0.00016460022,5.263847e-05,2.5561603e-06,0.00010070996,0.00012980535,2.1284823e-05,7.418132e-06,0.00020216548,0.00044543977,1.641661e-05,0.001391417,1.3223441e-05,0.00023356103,0.00010732244,9.4661715e-05,7.657106e-05,6.8888956e-05,0.00011306046,3.8242313e-05,7.248028e-05,0.00024209359,1.0280676e-05,1.4269233e-05,9.259826e-05,0.00043100677,0.0010135657,0.00010502138,0.00020074943,5.2891366e-05,1.4950653e-05,0.0021873387,0.00013355621,9.692691e-07,0.00030978894,0.00052975514,0.0009269684,0.00014276117,9.807107e-06,5.7482568e-05,0.0035872206,0.0006629839,4.7900456e-05,0.00013098781,0.0021981555,0.0010806358,0.0012461086,3.816293e-05,9.368602e-05,1.0977237e-05,7.222864e-05,0.00011359212,0.00014561604,0.0002815706,5.6133526e-06,0.00016215321,0.00033136737,2.3812725e-06,0.00012449491,1.059353e-05,0.00090537063,4.3966284e-06,8.628372e-05,5.7786234e-05,8.2840634e-05
BC2026_Train_0014_S13_20220228_214500_045,9.6905234e-05,1.2096489e-06,1.5376775e-06,0.0001732809,2.4624806e-05,6.836091e-07,2.0161545e-07,9.159657e-06,0.2421639,0.00021984601,0.005542219,7.6938835e-07,0.000100502264,1.2002857e-08,7.642571e-06,0.00036833604,6.4123924e-06,3.7435765e-07,1.12542075e-05,2.23334e-05,1.9886094e-05,0.00019454956,0.0012328147,1.7322601e-06,2.3785378e-05,5.5023065e-08,6.6084895e-06,6.097136e-08,5.641759e-06,6.7168294e-05,6.1138555e-05,1.0583351e-05,6.834285e-06,6.6131797e-06,2.8777274e-06,1.6077303e-05,3.415262e-07,1.0739817e-05,1.9457977e-06,2.630516e-05,1.3732297e-05,1.0521673e-05,4.396373e-05,1.6199627e-05,1.0348094e-05,9.311123e-06,2.1238939e-05,6.148109e-07,4.0283885e-06,5.6287213e-06,4.0401203e-05,6.5328e-05,6.353588e-05,4.043025e-06,0.00036328845,2.1843259e-07,2.118216e-07,0.02709751,1.8926944e-07,0.00018385187,0.0062356605,1.3056723e-07,0.05217497,0.10740602,0.00031061997,8.26711e-07,1.3418262e-06,9.413844e-08,1.3696683e-07,6.395528e-07,1.1276711e-07,9.675473e-05,8.554182e-06,2.334529e-06,5.53732e-06,7.800279e-07,2.9450852e-05,0.00021438164,0.00018883382,1.37038405e-05,0.00393986,7.705523e-07,0.00024153196,0.00010221902,3.0432613e-05,5.311553e-05,3.9897724e-05,0.0077249315,0.0002543331,2.1565538e-05,0.00062299246,5.3321924e-06,8.5169495e-06,5.4366187e-06,0.00015718037,0.00015575007,9.117332e-05,1.6705166e-05,0.00021242505,2.1037979e-05,3.31706e-06,1.0876967e-06,4.4538014e-05,0.0011703913,0.00024837285,6.442451e-05,3.0129522e-05,6.571057e-07,4.6328332e-05,8.258949e-05,5.621458e-06,2.46207e-05,1.6046408e-05,0.000107311804,0.0038996725,0.00022187897,1.8322539e-06,1.8397464e-05,2.7919518e-06,2.108735e-05,0.00011017453,5.470194e-05,4.3546224e-05,0.013857918,1.2218483e-06,0.0002748663,8.9758556e-05,2.3141947e-05,2.0798912e-05,0.00020649412,3.6564772e-06,0.000820433,6.802345e-07,8.3332176e-05,0.00016126707,8.628428e-06,0.0006494227,0.00050690887,2.5605748e-05,2.1875476e-05,5.5198812e-05,4.3423353e-07,5.9815153e-05,5.1232775e-05,1.1826894e-06,8.640926e-07,9.121627e-05,9.211262e-07,6.000999e-06,2.7436112e-05,3.8773273e-05,0.0001522743,2.4890467e-05,2.3045903e-05,8.231548e-05,0.0005941729,3.6419963e-06,9.021254e-06,0.00010731702,0.000139639,2.6626997e-06,0.00027701413,1.9843226e-06,1.1328788e-05,1.5624539e-05,0.00030788773,3.2808537e-05,0.0014535264,0.00013179732,0.00045107817,0.00020905743,3.0350446e-05,1.6143593e-06,2.164026e-05,0.00017073417,9.659741e-06,2.744557e-06,0.000370104,0.00037169553,1.3738322e-05,0.0009557556,6.9088132e-06,7.217756e-05,2.9982879e-05,0.00015981482,2.9261908e-05,1.9090028e-05,4.3634893e-05,2.343392e-05,0.00011807268,0.00014623928,7.7611685e-06,5.380911e-06,1.26212735e-05,0.00014214625,0.0011408955,6.58372e-05,9.313599e-05,6.441708e-05,6.025342e-06,0.00017647268,0.00015150207,1.0551319e-06,0.00013143924,0.00025678598,0.0007776797,9.3376446e-05,1.4684881e-05,0.00024420462,0.0010462527,0.00025665972,2.3325807e-05,0.00010281416,0.0024237034,0.0028733327,0.0012176788,2.7905682e-05,4.3104057e-05,1.0277961e-05,3.7969512e-05,1.7162709e-05,6.8286965e-05,0.00028021043,1.2299839e-05,6.4925305e-05,0.00016150899,1.6202326e-06,5.7321962e-05,9.876503e-07,0.00092780305,4.907818e-06,0.0001657885,9.998158e-06,1.6664224e-05
BC2026_Train_0014_S13_20220228_214500_050,0.0001164487,1.6520218e-05,1.8235609e-05,0.0010335856,3.6734666e-05,1.8864179e-06,6.800179e-07,1.6477561e-05,0.5225445,0.0004420693,0.008029457,3.3742285e-06,0.00059431593,8.317615e-08,0.000112021,0.014932271,6.018921e-06,4.5598506e-07,0.00027879994,3.4305114e-05,0.00014811728,0.0016229316,0.0031273137,1.5723957e-05,0.0004842085,2.6444715e-07,0.00024108816,2.3355659e-07,0.00019169982,0.00062389567,8.4712425e-05,6.7922556e-05,4.1067715e-06,1.4949881e-05,1.516769e-05,9.8220815e-05,5.742244e-07,1.3893437e-05,4.1503135e-06,2.9671895e-05,2.6610911e-05,1.6835926e-05,0.00020097656,0.00014727369,1.5788237e-05,1.5653262e-05,2.0514613e-05,9.432939e-07,4.4415274e-06,7.3909805e-06,6.560131e-05,0.00010545762,0.00010847572,1.5777356e-05,0.0007433943,4.496545e-06,2.4113835e-06,0.03187062,3.3160748e-07,0.00033855697,0.004790786,1.2578796e-07,0.2906192,0.14458162,0.0011903974,1.4963847e-05,1.5220812e-05,6.911219e-07,2.8547888e-07,1.2373571e-05,2.73556e-07,0.00046042327,1.0534875e-05,6.0057897e-05,3.9494716e-05,5.3867693e-06,3.8272665e-05,0.0006068841,0.0005270575,2.8561952e-05,0.009807581,1.7332898e-06,0.00014252396,0.00016294509,0.00012607554,8.787477e-05,5.8524973e-05,0.022429707,0.0009025443,4.6487476e-05,0.0009122603,4.696251e-05,2.2134322e-05,0.000105973864,0.0002832248,0.00017284558,0.00013059085,4.501449e-06,0.00020528544,7.870133e-05,7.67705e-06,3.1690124e-06,0.0003334577,0.0013740355,0.0005283243,8.2453276e-05,1.3691837e-05,1.1601858e-06,0.00020406437,0.0004292113,3.5986926e-05,0.00014752895,2.042065e-05,0.00013443925,0.0005329512,0.0003395587,9.79945e-06,2.6475136e-05,8.725692e-06,6.617559e-05,8.806847e-05,9.3973234e-05,0.00018135582,0.0041835727,5.06132e-06,9.89039e-05,0.00021533712,4.94283e-05,3.2723765e-05,0.0002925101,1.2326473e-05,0.0038133687,4.080996e-06,0.00019090125,4.8485865e-05,1.0369601e-05,0.0035046071,0.0015860552,0.00016636096,1.3236046e-05,7.614603e-05,9.773595e-07,2.1514266e-05,0.00011247109,2.1038225e-06,1.0285481e-05,0.00039499396,7.1670723e-07,1.3314056e-05,0.00022186544,0.00012775626,0.00020397002,5.6263885e-05,5.7756475e-05,0.00012652029,0.0004106052,2.3137842e-05,2.6819645e-05,0.00029964405,0.0005325468,4.3733107e-06,0.0029804234,6.36325e-06,4.3576383e-05,2.5612171e-05,0.001745934,5.1709776e-05,0.0004789803,4.470241e-06,0.0007171524,7.7869845e-05,5.4703713e-05,3.4336856e-06,5.2008232e-05,0.00011087148,7.498856e-06,7.642513e-06,6.368079e-05,0.00065490784,4.8629132e-05,0.0018130306,1.04990395e-05,0.00029451677,9.528853e-05,0.000131936,9.582496e-05,3.0881612e-05,0.00011352359,6.977921e-05,7.972773e-05,0.00029390052,2.4672572e-05,9.861484e-06,5.4096654e-05,0.0005017345,0.0007245132,0.00019705498,0.00012866523,9.4136194e-05,1.377876e-05,0.0006463474,0.00014906062,1.318428e-06,0.000542246,0.00032570184,0.0018349583,0.00039477806,7.3448723e-06,6.0584753e-05,0.0028776801,0.00040795273,5.0129813e-05,0.00016945486,0.0015970971,0.002208744,0.00091276894,4.2219464e-05,0.0001002254,2.0513029e-05,2.5003017e-05,2.3359062e-05,0.00017992812,0.00016742079,3.788767e-06,0.00053386687,0.00047116497,3.136672e-06,0.00023246752,4.229778e-06,0.0005485179,3.419663e-06,0.00011779165,6.11851e-05,5.3529144e-05
BC2026_Train_0014_S13_20220228_214500_055,4.1855423e-05,1.4077218e-06,1.0634044e-06,0.00013213973,3.3412238e-05,9.029147e-07,3.7080133e-07,2.7175529e-05,0.19688669,8.238411e-05,0.0063246596,9.642104e-07,0.00011073295,1.1068101e-08,1.3684225e-05,0.0032649874,4.640904e-06,1.8305339e-07,1.1137838e-05,7.4677682e-06,3.3658558e-05,0.0015019922,0.0019901234,3.1838192e-06,5.9484268e-05,9.704839e-08,8.163971e-06,5.0073467e-08,4.417538e-06,7.150045e-05,2.5751748e-05,5.791869e-06,2.1067397e-06,3.6619451e-06,3.0626409e-06,7.3410215e-06,1.0305654e-07,1.5587318e-06,1.2160103e-06,8.450679e-06,5.3596514e-06,3.9823562e-06,6.175922e-05,7.4607215e-06,3.54304e-06,3.4990455e-06,3.7191692e-06,2.2498713e-07,1.1134194e-06,8.729477e-07,2.0006999e-05,3.3820303e-05,3.4583492e-05,4.5405545e-06,8.4218205e-05,3.6242835e-07,1.6618426e-07,0.019297922,1.0195484e-07,5.239033e-05,0.004039111,1.6684265e-07,0.045714512,0.09326318,0.0021743972,1.952082e-06,2.0249095e-06,1.15113586e-07,3.445112e-07,1.149573e-06,8.2428485e-08,0.00012071443,8.974727e-06,4.4590092e-06,8.163131e-06,4.2306415e-06,1.6859785e-05,0.00028215777,0.00033125366,1.5322044e-05,0.010499554,3.933151e-07,0.0005489102,0.00027460672,2.5818681e-05,0.00015829397,0.00013200068,0.0062438864,0.0016795084,4.4377495e-05,0.0026072047,5.3086087e-06,1.8076436e-05,1.5062451e-05,0.00020856706,6.635322e-05,0.0004336255,5.3819167e-06,0.00019960082,5.1248855e-05,3.6907263e-06,1.331445e-06,3.203031e-05,0.0012124209,9.925774e-05,2.2993172e-05,2.9454051e-05,6.350855e-07,1.27382655e-05,0.0002943798,3.7109035e-06,1.9600042e-05,1.1539662e-05,5.4950706e-05,0.00096406945,0.00015938551,3.4095747e-06,4.0911702e-05,1.8996254e-06,4.8425423e-05,8.027082e-05,7.143087e-05,3.0298623e-05,0.006251933,1.093763e-06,0.0005518027,0.0001627572,1.7895703e-05,2.7178616e-05,0.00027642713,5.6882577e-06,0.0011966338,1.4417881e-06,0.00019434837,6.1804705e-05,4.9299033e-06,0.0011322809,0.0007110653,4.760151e-05,5.78695e-06,0.00021858649,7.518444e-07,3.8297894e-05,4.5948927e-05,4.0670184e-07,2.6234893e-06,0.0003645223,8.733391e-07,6.707042e-06,0.00016518668,0.00013354424,0.0001819867,4.5597237e-05,0.00013731417,5.4901884e-05,0.00062645803,2.92541e-06,3.2110277e-06,9.858094e-05,0.0006971512,4.0804975e-06,0.00038157462,2.8434144e-06,4.1240233e-05,1.6043807e-05,0.00039455172,4.2970674e-05,0.0014420334,9.21e-05,0.00045018553,0.00020423158,3.056008e-05,8.939712e-07,7.0034665e-05,0.00018833842,9.865811e-06,1.2868054e-05,2.8876331e-05,0.00019490568,4.9652626e-06,0.00041106087,2.856725e-06,7.4714946e-05,4.1706928e-05,3.606615e-05,5.6921213e-05,1.6325452e-05,4.2258816e-05,3.570307e-05,2.8390921e-05,8.819941e-05,9.683381e-06,6.498569e-06,3.4410845e-05,0.00029748754,0.00030070005,0.0001333587,0.00012555176,7.104887e-05,1.3124692e-05,0.00032922672,0.00016974755,3.427305e-07,0.00015713405,0.00023818696,0.001997627,0.00013316594,5.5641535e-06,0.00016140261,0.0026309744,0.00044678317,1.2191723e-05,6.741959e-05,0.0029279008,0.0017677011,0.00026295136,1.5627056e-05,4.283361e-05,9.096284e-06,3.762769e-05,4.698531e-05,6.609663e-05,0.00046874187,3.4980005e-06,6.253176e-05,8.885e-05,5.0777203e-07,3.595969e-05,5.4065576e-06,0.0011922211,2.986501e-06,8.272522e-05,4.5204284e-05,3.8572427e-05
BC2026_Train_0016_S18_20220204_221500_000,4.321874e-06,2.4844721e-05,1.2056408e-06,0.080811374,1.627029e-05,6.453432e-07,3.3172888e-05,1.2634895e-05,5.5978066e-06,0.6963455,0.11439846,1.7558546e-05,9.069189e-05,1.9270813e-06,1.9486558e-06,0.00029508397,4.8587895e-06,3.350732e-07,0.010680463,0.00013367686,3.4697998e-06,0.00012233734,0.00019446868,2.4443994e-05,5.580483e-05,2.5884333e-06,1.494602e-05,2.5876013e-06,6.868687e-07,0.0026076525,0.00908745,2.8269154e-05,0.0043398757,0.00063684944,2.6595742e-05,0.00014387768,6.0061975e-06,3.1947366e-05,0.00072835083,0.00034050544,0.0032355958,0.0013799815,0.00012223973,3.0981344e-05,5.4945307e-05,5.657309e-05,8.066816e-05,2.5820356e-05,2.5015588e-05,1.3829179e-05,8.5158776e-05,6.981954e-05,7.982076e-05,0.002690786,0.0011499275,7.3453447e-07,2.9713605e-05,0.5882912,1.3474929e-06,5.708659e-06,0.005063792,1.4230571e-05,0.00017281329,0.026567748,8.291364e-06,1.3727831e-05,3.4977693e-05,1.6371379e-06,6.374198e-07,5.190175e-07,7.661185e-07,7.864855e-07,3.5528049e-06,6.1506773e-07,6.1638784e-05,3.0688057e-05,4.6068708e-05,0.00010353789,5.0154867e-05,9.335043e-07,6.0541993e-06,2.770703e-07,1.4364548e-06,7.772137e-07,1.4257942e-06,9.745712e-06,1.0088295e-05,2.0046169e-05,1.3268335e-05,5.927133e-07,8.849436e-05,3.1818843e-05,1.2278113e-06,2.3916873e-06,2.6688276e-05,2.3318311e-05,6.9703547e-06,0.001596337,2.0017324e-05,2.457765e-05,2.0150092e-05,9.3120875e-08,5.0966377e-05,0.21435311,0.017794352,5.349822e-05,1.1865529e-06,3.581155e-06,8.643344e-06,7.674137e-06,2.4303356e-06,0.00019197546,3.5798844e-06,2.0900019e-05,1.6180309e-06,2.5660946e-05,4.1453372e-06,2.3813998e-06,2.964706e-05,4.2446563e-06,9.92941e-06,8.962667e-05,6.5205763e-06,0.00011240492,0.00016899532,2.2420436e-06,2.4296705e-06,1.8211193e-05,1.9453248e-06,0.00017092736,1.7607158e-06,3.737485e-05,8.949481e-06,2.6746998e-06,2.2024788e-05,1.580807e-07,5.5951845e-05,3.5958896e-05,5.5365176e-06,0.012808305,1.1470539e-05,7.8174156e-07,3.551453e-07,6.6514017e-06,0.00036927266,3.126292e-07,3.5285044e-05,2.233126e-06,4.6205587e-06,9.327619e-06,2.4671419e-05,5.6209647e-06,1.066714e-05,3.3346445e-05,1.992007e-05,1.958644e-05,4.1074207e-05,1.5795696e-07,6.3529665e-06,6.685806e-07,2.0277562e-06,1.28076235e-05,3.3991298e-06,2.0648928e-05,2.270199e-06,0.00021703496,3.206595e-05,8.710485e-06,1.019054e-05,0.00015089438,3.0673753e-05,1.2427226e-06,5.547077e-06,2.9023486e-05,4.1009003e-05,4.7581532e-05,6.1776705e-06,1.3444662e-06,7.192761e-06,2.025455e-05,4.0148218e-05,4.0856625e-07,1.6493865e-05,1.8029368e-05,2.8388566e-05,6.0259634e-07,4.4600532e-05,9.334052e-06,1.757493e-05,0.0007536957,9.250681e-06,1.703264e-05,7.3575056e-06,1.5608143e-06,1.0040248e-05,8.860268e-05,1.8222692e-05,1.2877778e-05,0.0001742088,5.463712e-07,1.4979447e-06,5.611467e-07,1.14224505e-07,0.00017330982,2.1913058e-05,5.8781767e-05,6.993073e-06,1.0633623e-05,1.2508029e-05,2.5527532e-05,8.861714e-06,4.0356692e-05,6.072205e-06,3.855922e-05,0.037107527,0.02977782,2.0476655e-05,2.023759e-06,1.9274066e-06,1.2178103e-05,1.565337e-06,3.098743e-05,9.704061e-06,1.2511647e-06,6.144574e-07,0.00010546235,1.6625353e-06,6.956356e-07,3.8878657e-06,9.006087e-05,1.2505772e-07,1.600989e-05,2.0271864e-05,7.934259e-05
BC2026_Train_0016_S18_20220204_221500_005,2.0626609e-05,1.32801215e-05,5.282555e-06,0.041860316,0.00028074527,5.395214e-07,1.7152133e-06,1.810732e-05,5.7524845e-05,0.032822847,0.02647311,4.6456364e-05,8.834536e-06,1.5622277e-06,4.8420297e-05,6.522902e-05,5.3489384e-06,1.1255786e-06,0.0004758958,1.5287744e-05,3.9933773e-05,3.201684e-05,3.0964595e-05,9.025308e-06,4.492927e-06,1.0400653e-06,2.129524e-05,2.0465095e-06,1.8811257e-07,8.4983156e-05,0.0009217576,1.1041555e-05,7.818831e-05,6.58833e-05,1.0179176e-05,3.0479638e-05,2.4000751e-06,1.2715726e-05,7.292412e-05,3.9047674e-05,0.00019164024,5.7707864e-05,0.00023023917,7.613575e-06,1.8657955e-05,1.6743315e-05,1.4817044e-05,2.2228232e-06,4.0727577e-06,4.9324053e-06,6.0802784e-05,0.0001006634,0.00011037074,0.00011904503,0.0003681733,2.9936984e-06,3.4545785e-06,0.04473063,2.6919525e-07,4.302369e-05,0.00020719327,1.8238457e-06,0.0011474392,0.0050373203,0.00071358687,1.7270382e-05,0.00034024456,4.8345925e-07,8.097152e-08,4.5124652e-06,2.6296138e-07,5.6587487e-06,1.49624775e-05,6.9358475e-06,3.0184449e-06,1.2551763e-05,1.5640251e-05,0.0001201681,0.00046007714,4.521817e-05,7.765095e-05,3.0305222e-07,8.866483e-06,2.8191134e-05,8.98311e-07,3.8436603e-05,2.358989e-05,6.618323e-05,5.0210238e-05,6.106212e-06,0.00023689397,2.4936084e-05,8.230168e-06,4.273206e-05,2.6588488e-05,3.8636153e-05,0.00010161559,0.0005110218,6.2509826e-05,7.974765e-05,3.463872e-06,2.300636e-06,8.205066e-05,0.0076098545,0.0005507512,6.3345615e-05,1.7542346e-06,7.8842754e-07,5.667925e-05,0.00040047723,2.596013e-05,0.0005081911,4.263238e-05,2.268613e-05,3.2086496e-06,0.00034712104,2.034775e-05,1.9553949e-05,2.2946973e-05,5.4619895e-06,7.689969e-06,1.3961548e-05,6.7597335e-05,0.0007458186,6.869615e-05,1.1516115e-05,2.8740562e-05,0.00013309496,1.0609268e-06,4.1026644e-05,2.5016975e-06,0.00026941314,0.00055685185,7.915549e-06,2.35855e-05,2.696076e-07,8.157765e-05,0.00033870531,1.0954324e-05,0.00211201,1.1595715e-05,1.7153359e-06,5.113397e-06,4.468926e-05,1.8218558e-05,3.828886e-06,0.0007037102,4.2402326e-07,1.9851439e-05,4.500282e-05,5.5085755e-05,3.8883914e-05,4.2191664e-06,1.3456077e-05,8.8950714e-05,9.402415e-05,0.00032077284,2.8467027e-06,9.359271e-05,2.2105844e-05,3.8247476e-06,0.00020699778,8.415446e-05,1.0016195e-05,7.0301503e-06,5.5540277e-05,3.453363e-05,8.600697e-05,0.00019779985,8.808888e-05,0.00018310625,2.3323759e-05,1.3700457e-05,0.0002606833,0.00026494445,0.00012021405,9.908959e-06,1.0991148e-05,1.1908442e-05,3.6225436e-05,0.00014448412,1.395309e-06,2.875298e-05,2.5932313e-06,0.0001281225,0.00015150048,0.00015827555,0.00013849304,1.0135518e-05,0.00014428311,8.799728e-05,7.783236e-05,1.2220743e-05,2.900608e-05,0.00012216608,0.00015180472,2.9715306e-05,0.00035848792,7.790558e-05,7.299509e-05,0.00061368156,1.5222221e-05,4.4059572e-08,9.0563204e-05,8.049334e-05,7.315927e-05,2.0223824e-05,6.7443843e-06,3.8176757e-05,0.45651475,6.083166e-05,1.1915098e-05,0.004676075,0.00010381055,0.012907654,0.005529679,0.0002963945,8.0213595e-06,4.898452e-06,2.6646416e-05,2.2221311e-05,0.00016286712,3.461537e-05,1.533466e-05,1.4321256e-05,0.001063939,5.366044e-06,1.1885808e-05,1.7656072e-05,9.655859e-05,9.435896e-06,7.3568255e-05,1.2249516e-06,0.00026420006
BC2026_Train_0016_S18_20220204_221500_010,5.6902644e-07,3.6576662e-06,5.5609735e-07,0.44642136,3.124175e-05,2.8029862e-07,4.469427e-06,4.0933796e-06,8.290288e-06,0.6208452,0.06507606,3.4182608e-06,3.2654007e-06,2.1292094e-07,4.8877755e-06,0.00028235881,5.9551223e-07,3.1077224e-07,0.0018954453,1.3004995e-05,1.1136796e-06,1.2092545e-05,1.3289307e-05,1.2318104e-05,2.5703287e-06,1.7558183e-07,2.2997778e-05,3.3789675e-07,4.7218652e-08,0.00025222567,0.0036486764,1.940465e-05,0.00044854791,0.00012577343,8.5008905e-06,8.256327e-05,1.2247577e-06,2.5382535e-05,0.00032042377,8.021068e-05,0.00076752016,0.00024380728,5.4133707e-05,2.1500731e-05,1.204794e-05,9.8426835e-06,6.5721943e-06,9.796887e-07,7.067876e-06,7.941741e-06,2.3998116e-05,2.9568115e-05,2.4218552e-05,0.0005249748,0.00096665113,3.546531e-08,8.39973e-06,0.55797154,5.5165668e-08,1.9243878e-05,9.816473e-05,2.9509783e-06,0.00028938396,0.024924802,9.5009345e-05,7.106903e-06,0.000106503896,2.4399168e-07,4.9443308e-08,4.3059507e-07,3.0870034e-08,5.615155e-08,9.776894e-07,4.895375e-07,5.362484e-06,2.9166156e-06,2.2494432e-06,0.00015290853,2.2732472e-06,6.049172e-06,2.6253063e-06,7.2596764e-09,1.1643679e-06,2.6096475e-07,3.187877e-07,4.451472e-06,4.531133e-06,1.2642608e-05,9.222264e-06,6.927743e-07,8.764489e-06,1.0718832e-05,7.626812e-07,5.4693182e-06,3.1880983e-05,9.557963e-06,2.711144e-06,0.0010846588,3.1964785e-06,3.3305543e-05,3.2628602e-06,1.3204648e-07,1.8579332e-05,0.009565302,0.00057409354,3.8303833e-06,2.1175431e-07,5.598723e-07,5.7157135e-06,4.5677252e-06,3.0895043e-07,1.591317e-05,1.8033916e-06,3.3503627e-06,3.2550793e-07,2.8505144e-06,1.2273711e-06,2.7237777e-06,1.5572475e-06,9.990484e-07,2.8950499e-06,6.4564824e-06,3.7775571e-06,9.2169066e-05,3.985251e-05,1.7530406e-06,4.7937635e-07,9.5149535e-06,2.2876544e-07,3.549043e-05,3.358602e-07,0.00013100056,4.47522e-05,1.2442667e-06,5.404166e-06,1.0757384e-08,1.4000867e-05,6.0335224e-05,2.4461265e-06,0.0034930245,1.3581132e-06,3.6812935e-08,1.750231e-07,4.193621e-06,6.773091e-05,3.5517775e-08,2.9757446e-05,2.0104038e-07,4.3703963e-06,6.794435e-07,3.996673e-06,7.525169e-06,7.474313e-07,2.6992302e-06,2.51111e-05,1.0125693e-05,3.575244e-05,3.9050626e-08,3.425797e-05,9.661443e-07,8.830019e-07,6.8221666e-06,1.2607007e-05,7.74344e-06,4.6229292e-07,0.0001019034,5.1988914e-06,1.10570345e-05,4.9564875e-07,4.787269e-05,1.9581528e-05,6.5315464e-07,7.0827423e-07,2.178184e-05,0.00020569081,2.5932834e-06,7.5773613e-07,1.6401243e-06,1.7968064e-06,2.2015527e-05,1.1308667e-05,6.147383e-08,3.0635103e-05,6.900603e-07,1.0979928e-05,3.2512187e-06,4.3787904e-06,7.425146e-06,1.0300383e-06,0.001480599,5.766836e-06,2.0817504e-05,5.7793673e-06,1.0341695e-06,2.975437e-06,2.6938664e-05,4.674418e-06,5.0612666e-06,1.5828444e-05,1.092612e-06,6.4283097e-07,1.3173559e-06,1.2669738e-08,3.2115615e-05,2.8695427e-05,5.477999e-06,2.5451145e-06,2.4591805e-06,5.6599038e-06,4.0963354e-05,3.4989052e-06,4.1332223e-06,3.549862e-05,3.5557743e-05,0.22895327,0.009812792,1.4992358e-05,6.314047e-07,1.229366e-06,1.9548597e-06,3.7077834e-07,1.6223003e-05,1.0936653e-05,3.3624267e-06,1.0366825e-06,9.5195166e-05,1.0884406e-06,2.431819e-07,2.5959407e-06,2.0711128e-05,3.0867741e-07,1.4372261e-05,3.1768568e-07,1.5650307e-05
BC2026_Train_0016_S18_20220204_221500_015,2.7362619e-06,2.4609737e-05,1.7453353e-06,0.20582616,2.7526396e-05,8.315978e-07,6.9804664e-06,2.6993257e-05,7.2143834e-05,0.6467008,0.11244946,5.945651e-06,2.8106711e-05,1.2615694e-06,3.354323e-05,0.0006925816,1.1692908e-06,1.692473e-06,0.002597441,0.00014624877,3.6503031e-06,0.00020725648,9.8260156e-05,2.9597908e-05,1.3753514e-05,1.181019e-06,8.7756205e-05,2.4067724e-06,8.2606005e-07,0.0005309752,0.004016621,4.046695e-05,0.0005686873,0.00016087314,2.2449114e-05,0.00011529462,1.2958248e-05,0.0001159827,0.0003310027,7.39626e-05,0.0011631947,0.0005439597,8.1251186e-05,4.6948804e-05,4.0405714e-05,3.1007945e-05,2.1589613e-05,7.074371e-06,2.1321557e-05,2.0648178e-05,3.9701918e-05,4.9405822e-05,3.9835377e-05,0.0006646389,0.00071394903,4.946764e-07,3.4506636e-05,0.4716073,5.739786e-07,8.95398e-05,0.00021594264,4.892145e-06,0.0003757186,0.025293302,6.0100127e-05,2.751141e-05,0.00024763323,8.602118e-07,1.5510507e-07,8.2523485e-07,4.669779e-07,3.914303e-07,2.1816204e-06,4.2721463e-06,4.0141902e-05,1.1142914e-05,9.132452e-06,0.0004050022,4.4229833e-05,1.0494495e-05,1.6514217e-05,1.0752588e-07,1.8281746e-06,8.35807e-07,1.6540255e-06,4.6350382e-05,7.2280986e-06,5.8463953e-05,3.2061667e-05,1.7523652e-06,6.3194835e-05,5.6197503e-05,1.5027064e-06,1.6419224e-05,3.221841e-05,5.6498684e-05,2.0039863e-05,0.0010919585,1.7253213e-05,9.296429e-05,2.7960636e-05,1.0998529e-06,0.00015020432,0.018144082,0.00334102,2.760189e-05,5.215634e-07,1.7587843e-06,3.8848888e-05,2.9872088e-05,5.834641e-06,9.076551e-05,1.8468956e-05,4.1497806e-05,1.4925658e-06,3.6328358e-05,1.3163135e-05,1.36158205e-05,7.721885e-06,6.0047546e-06,2.1679838e-05,6.1180486e-05,1.6417534e-05,0.00037003664,0.00014631558,5.0340304e-06,2.2840368e-06,3.7684324e-05,1.7914782e-06,0.0001522393,1.8042587e-06,0.0001178893,9.5285075e-05,3.369549e-05,2.335893e-05,4.583752e-08,0.00041885176,0.0003018265,6.3108605e-06,0.013565823,2.3493926e-06,3.89928e-07,1.1703149e-06,3.2036543e-05,0.00019247565,1.2496181e-06,8.757704e-05,3.2173364e-06,2.7166361e-06,8.247603e-06,5.0573826e-06,1.8331071e-05,2.4129133e-06,2.7148384e-05,7.062607e-05,2.1737827e-05,6.1523686e-05,1.1621204e-06,0.00030850683,3.314897e-06,1.9922184e-06,6.67302e-05,2.529342e-05,1.8327208e-05,1.3535011e-06,0.0008109887,1.5720312e-05,1.8686696e-05,4.0788286e-06,9.8733435e-05,8.208471e-05,4.7408253e-06,4.7413955e-06,0.00011933861,0.00020016609,1.7038117e-05,1.5317983e-06,6.3971233e-06,1.3403194e-05,9.325187e-05,0.00011948003,3.6009596e-06,0.0001210165,6.1599153e-06,4.498746e-05,6.505421e-06,1.652217e-05,2.309098e-05,9.417357e-06,0.0029172767,1.08810045e-05,9.892513e-05,2.529229e-05,1.0510641e-05,1.2141818e-05,5.33638e-05,2.5861042e-05,2.0606003e-05,1.5236236e-05,6.5415907e-06,1.3702483e-05,2.994804e-06,1.2191671e-07,0.00013441707,4.624336e-05,4.833716e-05,6.1704986e-06,4.5695917e-05,9.871015e-06,0.00018458751,1.7566368e-05,4.0694926e-05,5.6891153e-05,7.480263e-05,0.09408525,0.03736263,9.247446e-05,9.94497e-07,3.335767e-05,5.937843e-06,5.6334097e-06,5.7193974e-05,2.4090868e-05,3.0498795e-05,6.0967204e-06,0.0003312925,6.540624e-06,2.53314e-06,5.642695e-06,5.166507e-05,1.0944683e-06,3.794559e-05,2.7823298e-06,4.2241492e-05
BC2026_Train_0016_S18_20220204_221500_020,1.3692032e-05,2.3614197e-05,5.9337447e-07,0.2903361,9.104318e-05,1.0437676e-06,9.734751e-06,2.8302846e-05,1.11197e-05,0.7177044,0.06605441,7.70942e-06,1.0237578e-05,5.516888e-07,3.5856003e-05,0.00080446224,3.9396523e-06,4.6741098e-07,0.001256648,5.7501813e-05,3.5859703e-06,3.761377e-05,6.685549e-05,1.6865737e-05,1.351039e-05,7.059578e-07,7.981468e-05,1.9420734e-06,3.9765507e-07,0.0013233444,0.001984417,1.9425144e-05,0.0004430119,0.00029880818,1.4369808e-05,0.00011826072,2.1670762e-06,2.7078442e-05,0.00040513364,0.000145438,0.0006091084,0.00023559047,7.827925e-05,1.6860622e-05,1.843264e-05,1.7706081e-05,9.22933e-06,2.7811468e-06,8.353349e-06,8.87821e-06,3.3043183e-05,4.1969735e-05,3.715356e-05,0.00038242002,0.0009522502,4.7716054e-07,1.8000042e-05,0.15165247,2.7026562e-07,4.708978e-05,0.0001421689,4.345224e-06,0.00038698202,0.013363766,5.8544065e-05,2.1965741e-05,0.00013053684,5.660329e-07,1.8112014e-07,2.1103854e-06,1.369539e-07,3.4804305e-07,2.3050284e-06,4.438974e-06,3.6749665e-05,4.2489104e-05,8.193869e-06,0.00026231707,3.552524e-05,2.8958844e-05,2.0708267e-05,2.238233e-08,7.594249e-06,1.0174305e-06,1.2045502e-06,1.9083693e-05,6.7635333e-06,1.8104989e-05,8.045773e-05,1.8702012e-06,3.8547823e-05,2.896796e-05,1.8808025e-06,2.0472342e-05,6.908961e-05,2.5700081e-05,2.2382097e-05,0.0011579987,9.815238e-06,0.00018591722,5.6176204e-06,1.4487873e-06,4.521312e-05,0.047377165,0.0017401453,9.672001e-06,5.3896133e-07,1.6398005e-06,1.1627163e-05,2.0413232e-05,1.7923821e-06,0.00011006239,7.1470104e-06,2.8311268e-05,2.4234987e-06,7.221719e-06,6.246956e-06,1.7798551e-05,7.175941e-06,4.767212e-06,7.4799777e-06,2.5868441e-05,8.963267e-06,0.0005208461,0.00016219281,4.0346667e-06,7.003671e-06,1.6609805e-05,7.3229205e-07,0.00017430284,4.3636123e-06,0.00020452896,0.00012824545,8.079477e-06,9.934695e-06,3.4305973e-08,0.00022547138,0.0002702719,5.224723e-06,0.009196978,3.151977e-06,6.2447974e-08,4.7812716e-07,1.3932538e-05,0.00011013588,4.1135542e-07,0.0001587712,5.742003e-07,3.320421e-06,9.34935e-06,1.6205946e-05,9.456191e-06,2.8282425e-06,1.7016486e-05,3.0499174e-05,3.0418685e-05,6.218443e-05,4.8802536e-07,0.00012235646,1.1361311e-05,3.1841262e-06,2.1710397e-05,8.736585e-05,1.9357221e-05,1.2107266e-06,0.00017182743,2.7252194e-05,2.3567447e-05,2.0323425e-06,9.997063e-05,6.3117026e-05,1.8705277e-06,3.8846115e-06,5.615288e-05,0.00035847284,1.6090034e-05,2.2324787e-06,4.7693034e-06,7.715216e-06,6.8392925e-05,4.338746e-05,3.8303727e-07,8.806721e-05,2.9262778e-06,5.7175766e-05,5.449346e-06,8.958754e-06,2.070637e-05,3.8316366e-06,0.0019424426,8.313835e-06,8.970533e-05,1.25135875e-05,6.0102543e-06,1.137137e-05,7.984688e-05,1.1679964e-05,1.7895361e-05,4.6922265e-05,1.7705846e-05,5.8094724e-06,6.94514e-06,6.068919e-08,6.471434e-05,5.7943165e-05,5.3398468e-05,1.342882e-05,5.538672e-06,1.2226711e-05,0.000191736,6.520782e-06,1.2839039e-05,3.971324e-05,0.00013269365,0.20421642,0.024239609,2.4095509e-05,3.7885825e-06,4.4454346e-06,9.544008e-06,3.3837766e-06,2.834382e-05,2.4355293e-05,1.5873005e-05,3.983614e-06,0.00028533724,1.8341001e-06,8.244703e-07,1.3196155e-05,7.0377115e-05,6.84386e-07,3.264481e-05,2.6802918e-06,3.341323e-05
BC2026_Train_0016_S18_20220204_221500_025,1.0995434e-06,1.0797586e-05,2.0300014e-07,0.2304195,3.1122032e-05,4.900846e-07,3.1003867e-05,7.801695e-06,1.3930674e-06,0.49769977,0.03905401,5.1500924e-06,2.5784087e-05,6.371937e-07,1.2814467e-05,0.00014067958,2.1489902e-06,5.2296747e-07,0.0011315526,2.9624933e-05,1.3700699e-06,1.7379693e-05,2.892691e-05,4.522046e-06,2.347903e-06,1.0832608e-06,1.7884153e-05,3.0261867e-06,9.829431e-08,0.00021774614,0.0007442346,5.0993963e-06,0.00014421008,0.00010817018,4.992589e-06,3.0709165e-05,4.28983e-07,3.95566e-06,7.274132e-05,4.935666e-05,0.00013988676,8.701963e-05,2.9790128e-05,3.7750794e-06,8.706109e-06,9.347923e-06,2.6902483e-06,1.3372336e-06,1.842756e-06,1.4197115e-06,1.1160655e-05,1.6400007e-05,1.4691255e-05,0.00013049824,0.00021920199,4.6153477e-07,1.8423027e-05,0.07172087,4.8190196e-07,3.2844753e-05,0.00010784647,1.7304703e-06,0.00021053448,0.0037763622,1.0213725e-05,3.728297e-05,0.00011398264,4.3135708e-07,5.322765e-08,1.9006225e-07,2.1139658e-07,1.46877e-07,8.918679e-07,2.6307073e-06,2.326121e-05,9.304659e-05,4.193333e-06,0.0001383873,7.696645e-05,1.0368849e-05,8.238994e-06,1.5124492e-08,1.7295004e-06,1.590981e-06,9.698991e-08,7.490643e-06,7.43696e-06,8.523808e-06,2.3533355e-05,4.246189e-07,3.5130095e-05,1.8148103e-05,7.1615176e-07,1.0452225e-05,1.6580605e-05,2.8420987e-05,6.998016e-06,0.00017810056,4.787267e-06,4.275746e-05,9.771759e-07,3.435103e-07,6.521404e-05,0.06145215,0.0010099607,1.0664466e-05,2.1113868e-07,4.1343117e-07,1.6107968e-05,1.28896345e-05,6.2018097e-07,0.0001938487,1.2809724e-05,7.3519227e-06,5.4822357e-07,5.9683975e-06,4.341351e-06,1.5012345e-05,7.397468e-06,3.3042668e-06,1.1481713e-05,2.1103264e-05,3.4070165e-06,0.0003152343,6.525048e-05,1.3437523e-06,1.5277366e-06,2.4560431e-05,2.123681e-07,0.00018040379,7.351736e-07,0.000113368995,0.0001489363,1.7927498e-06,4.0273744e-06,2.1370532e-08,0.00012025511,0.00015978268,2.9506803e-06,0.0047362093,9.965248e-07,6.906298e-08,3.967732e-07,6.092879e-06,2.3833267e-05,3.181896e-07,3.5328816e-05,6.0174466e-07,1.3537722e-06,4.501797e-06,6.013694e-06,5.2747673e-06,1.0851344e-06,7.2048233e-06,1.462183e-05,5.896654e-06,7.5911055e-05,4.564671e-08,6.370065e-05,1.4990221e-06,1.8677166e-06,2.2478185e-05,3.133574e-05,2.6281245e-06,1.5247744e-07,3.590839e-05,7.703012e-06,7.122903e-06,8.4245227e-07,4.615652e-05,6.746384e-05,1.0382398e-06,1.2473415e-06,0.00012451378,0.00017749837,1.7057007e-05,5.3158664e-07,2.4697215e-06,2.43326e-06,1.850309e-05,1.8149816e-05,1.9635073e-07,1.3869067e-05,1.1969466e-06,3.123454e-05,6.0560646e-06,5.567736e-06,3.0991716e-05,3.748024e-06,0.012411393,7.034087e-06,0.00018581001,6.2618387e-06,4.649698e-06,6.2686026e-06,8.556645e-05,6.0601087e-06,7.948227e-06,1.5880487e-05,4.360854e-06,5.293256e-06,1.7264418e-06,1.4376258e-08,7.7942736e-05,1.49893995e-05,2.18838e-05,8.5126785e-06,9.291396e-06,6.8755094e-06,0.00042227434,2.4485935e-06,1.2307772e-05,4.078833e-05,7.587386e-05,0.14711373,0.009650058,4.8637856e-05,8.7329903e-07,2.9692121e-06,1.9452523e-06,1.4515505e-06,2.4284996e-05,1.776101e-05,1.470014e-05,1.9909762e-06,0.00016527428,8.076296e-07,5.762773e-07,2.7722306e-06,3.820732e-05,1.7240937e-07,1.3797208e-05,8.716791e-07,1.3949809e-05
BC2026_Train_0016_S18_20220204_221500_030,3.7383431e-06,8.602655e-06,2.7700003e-07,0.25234857,2.8904684e-05,2.7402442e-07,3.2002577e-06,1.2928265e-05,3.4597351e-06,0.45319614,0.08478501,2.633338e-06,1.2160034e-05,2.4061777e-07,1.8857443e-05,0.00016803412,8.4600765e-07,2.004647e-07,0.0012132908,2.0291962e-05,1.749615e-06,8.04494e-06,3.331568e-05,8.952571e-06,3.3355254e-06,3.873462e-07,9.572733e-05,1.1428929e-06,4.057309e-08,0.0003287732,0.0021528527,7.786279e-06,0.0003084836,0.00018276453,8.527588e-06,3.508861e-05,1.7545708e-06,1.1722893e-05,0.00027821073,5.9379876e-05,0.0005365377,0.00015807948,5.7619058e-05,4.5350153e-06,1.2326955e-05,1.0625614e-05,4.8459615e-06,1.998176e-06,3.3804677e-06,3.351056e-06,1.829595e-05,2.5525607e-05,2.1311755e-05,0.00042679248,0.00033429326,2.2218282e-07,6.4030195e-05,0.12296821,1.764478e-07,1.0923508e-05,0.0001086285,1.640409e-06,0.00013009296,0.0045398516,8.375069e-06,1.6614096e-05,5.3609085e-05,1.9345303e-07,9.705913e-08,4.308929e-07,7.1998464e-08,7.76142e-08,1.6371222e-06,2.6748044e-06,2.5622894e-05,2.3131115e-05,4.166204e-06,0.00036668216,1.6643482e-05,7.930956e-06,8.765593e-06,1.38714205e-08,1.0649136e-06,5.949781e-07,2.0475936e-07,1.2965738e-05,7.0607084e-06,2.0793914e-05,2.0061643e-05,5.6171854e-07,1.7256734e-05,1.5951568e-05,7.5360384e-07,1.4192298e-05,4.9381233e-05,2.3664626e-05,9.398686e-06,0.000407396,5.771881e-06,4.6026464e-05,3.140404e-06,2.2881214e-07,7.554234e-05,0.025788493,0.0017061838,8.9207215e-06,1.2816302e-07,6.815949e-07,1.8844643e-05,8.505951e-06,2.8707328e-07,6.5671855e-05,6.5828012e-06,1.1575892e-05,4.3697904e-07,9.589982e-06,2.4834414e-06,2.2649185e-05,2.5056418e-06,3.0241554e-06,5.6829176e-06,1.6139733e-05,3.9667175e-06,0.0001265945,6.3523825e-05,1.6608776e-06,2.4202811e-06,1.1965748e-05,2.7517012e-07,0.00014829422,1.4185557e-06,9.467291e-05,8.614741e-05,6.2594263e-06,9.280379e-06,3.1957843e-08,8.582328e-05,0.00017919362,2.6380485e-06,0.005329806,1.6746146e-06,6.837199e-08,2.6091746e-07,1.27001895e-05,0.00018629147,1.0463592e-07,2.6407508e-05,5.309123e-07,3.4278944e-06,6.453731e-06,9.20377e-06,1.0768842e-05,1.6172363e-06,5.247673e-06,1.6193186e-05,1.740872e-05,4.2591706e-05,4.9607003e-08,6.971855e-05,3.2859841e-06,1.1089866e-06,1.3924131e-05,1.4784468e-05,5.0160024e-06,6.328582e-07,8.272222e-05,2.3401e-05,1.085734e-05,8.5256744e-07,0.000101708654,1.988543e-05,5.9321263e-07,1.4827327e-06,5.27458e-05,0.0001251271,1.1773601e-05,7.463272e-07,1.5827786e-06,2.0579823e-06,2.5032628e-05,2.3145456e-05,1.1710234e-07,2.3115987e-05,1.271555e-06,5.1802268e-05,4.320848e-06,3.4387356e-06,1.3265868e-05,2.9610396e-06,0.0016856543,1.1968945e-05,4.894252e-05,3.806212e-06,3.3332963e-06,8.652341e-06,4.9381426e-05,8.1163225e-06,7.4109553e-06,2.7348942e-05,4.881366e-06,1.3397956e-06,1.7947974e-06,2.5406658e-08,3.4913443e-05,2.3817132e-05,2.3683864e-05,6.2843083e-06,3.8811936e-06,4.474276e-06,0.00012408105,2.7941946e-06,1.0552955e-05,1.3965676e-05,4.6052104e-05,0.1926806,0.004889522,6.122572e-05,2.1897747e-06,2.428693e-06,4.5908096e-06,1.3084762e-06,2.8440943e-05,1.4213224e-05,1.0862456e-05,1.0976512e-06,0.00028825004,5.8525296e-07,3.7608856e-07,3.442752e-06,3.482177e-05,1.3806306e-07,1.110303e-05,1.2261157e-06,7.0914803e-06
BC2026_Train_0016_S18_20220204_221500_035,5.5348705e-06,2.1771624e-05,7.5287835e-07,0.44717872,4.9710412e-05,1.4441014e-06,8.479708e-06,3.000834e-05,6.6875423e-06,0.5880474,0.09301329,9.015793e-06,4.7867875e-06,4.883499e-07,2.4201074e-05,0.0008727384,6.024842e-06,2.3332926e-07,0.001169649,1.28329075e-05,1.2526033e-06,7.943991e-06,3.6554597e-05,2.3326005e-05,1.39666345e-05,6.708179e-07,0.00017827589,3.3868603e-06,4.2833506e-07,0.0036139297,0.0023926334,2.6311833e-05,0.00037121482,0.00066862616,2.0439413e-05,0.00025235148,2.485166e-06,1.9186376e-05,0.0004342592,0.00031980945,0.00065989065,0.00020751593,0.00015246593,2.6275075e-05,1.8314471e-05,1.655007e-05,9.235115e-06,1.8317069e-06,5.1793095e-06,6.5493e-06,5.636549e-05,7.060566e-05,6.301869e-05,0.000537221,0.0022057847,2.0910237e-07,4.6338842e-05,0.14205731,1.3743525e-07,2.4713807e-05,9.0255344e-05,4.368067e-06,0.00027905017,0.006319582,4.4916982e-05,2.2351702e-05,6.9955706e-05,5.4053083e-07,1.7178064e-07,1.9217903e-06,8.4846256e-08,9.697808e-08,1.2892211e-06,4.021932e-06,6.966419e-05,2.7083708e-05,7.58484e-06,0.00025497845,1.9280673e-05,2.6559144e-05,7.8553585e-06,1.788871e-08,4.194497e-06,8.4669693e-07,6.165959e-07,8.411763e-06,3.6299637e-06,1.4382917e-05,6.070238e-05,9.984351e-07,2.2094715e-05,2.4373394e-05,1.553425e-06,3.9891867e-05,4.7746853e-05,3.4099627e-05,1.17458e-05,0.0006187508,1.4341264e-05,8.698519e-05,6.083833e-06,7.395975e-07,2.7619848e-05,0.038866393,0.002103424,8.404017e-06,3.6088665e-07,1.9402573e-06,5.4211073e-06,1.2054064e-05,5.64051e-07,5.3217896e-05,5.3669505e-06,1.3053816e-05,2.0629636e-06,1.0635976e-05,2.355441e-06,1.9845835e-05,2.8688657e-06,3.027965e-06,3.35593e-06,2.142277e-05,5.466669e-06,0.00020222295,0.00019381598,3.6304348e-06,2.504094e-06,1.2674962e-05,2.517906e-07,6.088262e-05,6.6734437e-06,0.00015471778,0.0002089785,3.0968192e-06,7.436647e-06,5.344933e-08,4.0290935e-05,0.00028316324,3.0864846e-06,0.008662274,4.0897507e-06,3.0055073e-08,5.207463e-07,7.0724554e-06,0.00070096797,3.084676e-07,8.603683e-05,8.8911384e-07,6.6273856e-06,4.704264e-06,1.533741e-05,6.0213097e-06,3.7061398e-06,8.51099e-06,3.375029e-05,1.7045071e-05,4.5749373e-05,1.0930545e-07,5.6027024e-05,7.0357573e-06,1.9093222e-06,1.9159444e-05,7.010182e-05,1.8943023e-05,7.173186e-07,7.594994e-05,2.0924306e-05,1.2480622e-05,1.9788727e-06,7.215065e-05,3.000576e-05,9.845131e-07,2.8496472e-06,3.3355922e-05,0.00023660595,6.6674065e-06,2.399299e-06,3.1123895e-06,4.7848253e-06,2.9618126e-05,1.5019849e-05,1.6682276e-07,6.4650194e-05,2.7276876e-06,5.9149115e-05,4.5258475e-06,3.82996e-06,2.8046066e-05,2.0857171e-06,0.0011856039,3.2693795e-06,5.835678e-05,6.582562e-06,3.1744905e-06,1.24928765e-05,5.1709085e-05,5.9159347e-06,1.1489162e-05,6.865391e-05,2.5133453e-05,2.4471367e-06,7.4282693e-06,6.8806855e-08,2.592809e-05,2.8184253e-05,5.814021e-05,1.741769e-05,4.9669957e-06,1.0420794e-05,0.00010268601,7.288396e-06,6.6826074e-06,1.8660428e-05,5.7273333e-05,0.16628143,0.010092573,3.6576526e-05,5.0466e-06,3.5445203e-06,2.0788382e-05,1.1371567e-06,4.0658735e-05,1.1653027e-05,5.1799266e-06,1.7969006e-06,0.00020939617,8.3749603e-07,3.5935014e-07,4.8914035e-06,3.532046e-05,8.0458074e-07,1.3061124e-05,2.7196222e-06,3.4646346e-05
BC2026_Train_0016_S18_20220204_221500_040,1.2718551e-05,6.27653e-05,1.7370345e-06,0.22060177,2.3922576e-05,8.155731e-07,3.2925589e-06,9.731299e-06,9.796833e-06,0.48870623,0.053096622,1.0197024e-05,1.5850786e-05,5.979001e-07,3.1138894e-05,0.0003458422,2.012575e-06,3.630386e-07,0.00061677874,4.174166e-05,3.9872016e-06,3.270888e-05,5.4999462e-05,2.9611147e-05,9.214598e-06,5.6531655e-07,8.5900494e-05,4.7100284e-06,8.6001984e-07,0.00056288985,0.0050199637,3.507914e-05,0.00080628955,0.0012814086,2.854082e-05,0.00030286712,5.6992644e-06,4.1476796e-05,0.0005423871,0.00039362023,0.00091076567,0.00044565278,0.0002439391,3.2005e-05,4.1644565e-05,3.7273123e-05,1.8548191e-05,7.040074e-06,1.1678482e-05,1.0708839e-05,8.425603e-05,0.000120817946,9.831198e-05,0.0007572897,0.0034631288,3.8960613e-07,3.669692e-05,0.124254145,2.1265875e-07,3.5394303e-05,0.00015055851,1.8730161e-06,0.00045525513,0.007992912,5.772228e-06,1.8664647e-05,0.00011427986,8.7521676e-07,2.3980016e-07,4.942275e-07,4.031937e-07,2.3214339e-07,2.427917e-06,3.6275903e-06,0.00038109132,5.3180866e-05,1.5726537e-05,0.0002628764,4.7028567e-05,2.2056041e-05,9.731251e-06,2.518184e-08,6.139512e-06,1.0067564e-06,1.3004186e-06,2.0421507e-05,1.3633763e-05,1.6759914e-05,9.97831e-05,1.9088945e-06,5.2888136e-05,4.513266e-05,1.5690467e-06,1.488169e-05,9.0279435e-05,3.217702e-05,2.2392729e-05,0.0005237345,1.5264639e-05,0.00011870837,1.0684407e-05,3.8871318e-07,0.00010680596,0.10304958,0.0019193992,1.5105664e-05,2.871053e-07,8.453214e-07,1.9999827e-05,3.9982322e-05,2.170671e-06,8.765174e-05,2.756128e-05,2.4760373e-05,1.2728617e-06,3.5843794e-05,5.196329e-06,2.1169479e-05,1.874878e-05,5.259783e-06,1.7729755e-05,1.6179278e-05,1.48756035e-05,0.0004859308,0.00025291246,4.858294e-06,5.2404116e-06,3.8837483e-05,2.732577e-06,0.00010186463,4.4326885e-06,0.00010101515,7.677856e-05,1.7344639e-05,3.9471637e-05,8.977461e-08,0.00018207557,0.00012196157,5.19679e-06,0.007231028,2.0550483e-06,2.0220948e-07,1.2648125e-06,1.6370552e-05,0.000116760464,3.5263602e-07,6.266022e-05,8.989297e-07,5.5505748e-06,7.711376e-06,1.0400888e-05,1.7547516e-05,4.823236e-06,2.0395933e-05,3.9819046e-05,2.1631533e-05,5.016534e-05,1.4430135e-07,0.00016883393,6.8765776e-06,3.7637026e-06,4.158143e-05,8.177626e-05,1.2581279e-05,1.1047537e-06,6.149958e-05,4.579599e-05,1.41392875e-05,4.6072614e-06,8.0145146e-05,8.229625e-05,3.18752e-06,3.208129e-06,0.0001148166,0.00024771187,3.7203805e-05,2.238117e-06,4.3511413e-06,7.785685e-06,0.00012415762,3.8996397e-05,8.9746413e-07,6.34536e-05,5.03309e-06,8.742518e-05,5.441147e-06,1.451661e-05,3.8952134e-05,4.3525483e-06,0.002863947,9.3523e-06,0.00010834195,5.675833e-06,7.573824e-06,2.2876464e-05,6.584844e-05,5.7738303e-06,1.4167172e-05,2.8063883e-05,7.722445e-06,6.6777407e-06,2.0846614e-06,1.5326981e-07,0.0001080131,3.4935987e-05,4.9486876e-05,2.3940216e-05,6.094465e-06,2.1040605e-05,0.00044299586,3.1602845e-06,1.9018813e-05,4.6973797e-05,0.00010096007,0.12305838,0.014278699,5.3488013e-05,5.334593e-06,5.9249514e-06,4.4383055e-06,3.118882e-06,4.7549198e-05,1.2375967e-05,1.7068218e-05,3.8827525e-06,0.00040476347,1.4356167e-06,9.712511e-07,6.0789207e-06,0.00010776218,4.898313e-07,3.001853e-05,6.2627164e-06,3.918622e-05
BC2026_Train_0016_S18_20220204_221500_045,1.721838e-05,1.3350267e-05,4.7146122e-07,0.31930068,5.316418e-05,4.6114454e-07,3.844451e-06,9.9078725e-06,1.22846e-05,0.46030402,0.06143016,7.427072e-06,8.326848e-06,7.27365e-07,1.0921144e-05,0.0008019724,9.888983e-06,3.3476368e-07,0.00096065487,3.100629e-05,1.9759382e-06,6.6980116e-05,7.533983e-05,1.4330218e-05,1.5246686e-05,7.7359175e-07,4.7208658e-05,1.1160782e-05,7.296076e-07,0.0010327484,0.0013670966,1.7594451e-05,0.00021936695,0.00031060842,1.2915992e-05,0.00013338555,9.1884675e-07,1.179987e-05,0.00020819253,0.00022314792,0.0003496669,0.00018956192,0.000114027534,1.7435605e-05,1.4743945e-05,1.3390264e-05,8.349725e-06,1.5100719e-06,4.356938e-06,4.542352e-06,4.6752488e-05,5.9145164e-05,5.645883e-05,0.0003099529,0.0010936393,2.8227242e-07,6.0677016e-06,0.14843947,1.5102604e-07,4.8432397e-05,0.00036307052,1.4808235e-06,0.0009481387,0.015687488,4.1411306e-05,6.4921824e-06,8.0458114e-05,3.7901802e-07,1.414024e-07,3.7048568e-07,9.74654e-08,3.2066163e-07,1.3795517e-06,2.184406e-06,8.1626364e-05,2.0588071e-05,9.271215e-06,0.00011644536,3.2933203e-05,1.1212e-05,1.0822286e-05,3.168659e-08,6.4722217e-06,1.237336e-06,1.0137907e-06,1.5364243e-05,9.434717e-06,2.3413235e-05,5.7060723e-05,2.4843132e-06,2.4422583e-05,1.9217103e-05,1.2596831e-06,1.681481e-05,4.8972586e-05,9.337899e-06,1.8085058e-05,0.00034341734,1.1210418e-05,0.000101049634,3.9705287e-06,4.4302902e-07,5.273413e-05,0.06463578,0.0018572756,1.8389816e-05,6.111276e-07,6.6032146e-07,1.6568307e-05,3.7378595e-05,1.530687e-06,0.0001345571,1.2162086e-05,2.2051563e-05,1.8702297e-06,2.6898562e-05,2.6312343e-06,6.5991435e-06,8.498046e-06,6.873287e-06,5.9120716e-06,1.9045312e-05,1.646468e-05,0.00022418839,0.00017740668,2.6089656e-06,1.1870374e-06,1.7328122e-05,2.9645125e-06,0.00012645106,3.6458814e-06,0.00019753052,9.684196e-05,1.0334721e-05,1.3360659e-05,4.2576477e-08,6.542601e-05,0.00021615211,5.2254054e-06,0.0050715483,3.607986e-06,6.69914e-08,1.9618726e-06,6.9250277e-06,0.0001301416,1.8861412e-07,6.673166e-05,5.808763e-07,3.2727798e-06,2.574494e-06,9.64722e-06,4.97683e-06,7.4366408e-06,1.4934663e-05,3.319428e-05,1.452539e-05,4.585967e-05,2.740171e-07,7.2621144e-05,4.056117e-06,9.145613e-07,2.7270602e-05,5.3928736e-05,4.030977e-05,4.07174e-06,0.00015534603,1.3934266e-05,1.0373775e-05,3.2358605e-06,8.4321226e-05,6.0850347e-05,1.1312713e-06,1.8839421e-06,8.530891e-05,0.00013362741,1.1594088e-05,1.3870211e-06,5.6587323e-06,9.344874e-06,5.2258645e-05,3.13497e-05,1.1454418e-06,5.6196164e-05,5.8511905e-06,5.1263127e-05,4.7633807e-06,8.282071e-06,4.5223474e-05,1.4831683e-06,0.00065062643,9.3513645e-06,2.4313384e-05,7.781053e-06,5.5701366e-06,1.9552494e-05,8.196378e-05,1.5983453e-05,2.969553e-05,2.3217615e-05,6.7973e-06,8.682735e-06,3.362648e-06,6.535161e-08,5.5936423e-05,4.555551e-05,4.4001943e-05,8.610772e-06,7.0753085e-06,1.5652307e-05,0.00038830776,6.4450464e-06,1.5699474e-05,4.1511106e-05,6.708118e-05,0.07855382,0.00911353,2.9215427e-05,1.9102893e-06,1.7039702e-06,6.655355e-06,4.288805e-06,4.720992e-05,1.407647e-05,3.2993448e-06,1.3987357e-06,0.00015866934,1.200928e-06,4.589868e-07,5.3942904e-06,5.3307092e-05,3.566288e-07,2.7923543e-05,9.018639e-06,4.2422587e-05
BC2026_Train_0016_S18_20220204_221500_050,1.3206666e-05,3.3131525e-06,7.185414e-07,0.22132911,6.6680266e-05,2.3747618e-06,2.7987523e-06,7.4383283e-06,3.1089934e-05,0.45671627,0.08919627,4.819346e-06,2.367657e-05,1.9287195e-06,2.2507227e-05,0.0016926442,1.117157e-05,1.7344091e-06,0.003223103,0.00013703752,7.913254e-06,6.521615e-05,7.283614e-05,5.0343813e-05,2.8634647e-06,2.8774118e-06,6.877769e-05,7.3992665e-06,4.4002343e-07,0.00017142993,0.0041264403,5.1115607e-05,0.00031550456,0.00043157826,3.8548227e-05,0.00014042949,4.146923e-06,3.505142e-05,0.000615735,0.00013466852,0.000874874,0.00035291855,0.00032580772,4.0811443e-05,4.1341667e-05,3.7308222e-05,1.1271017e-05,2.700474e-06,9.915954e-06,1.2743247e-05,8.9230896e-05,0.00013044773,0.000114665825,0.0008185234,0.0010959755,8.975566e-07,2.1209022e-05,0.321372,1.83056e-07,0.0007265024,0.0006707441,1.963602e-06,0.0013702445,0.012146168,9.375743e-05,3.5825306e-05,0.00010048837,8.9938857e-07,1.2950224e-07,9.421763e-07,7.5284026e-07,2.5086493e-07,6.8502263e-06,5.290082e-06,3.5210724e-05,1.48405625e-05,5.5096632e-05,0.0006021532,0.00010871192,8.8507775e-05,1.8081524e-05,1.8594775e-07,2.8786973e-05,1.5379798e-06,2.5282047e-06,4.3158434e-05,0.00023508383,1.4276297e-05,0.00023948583,4.794296e-05,0.00010367799,6.076122e-05,2.2184795e-06,1.3368078e-05,0.0001749981,5.7507677e-05,4.6709887e-05,0.00017823016,5.0656072e-05,0.00016464731,1.5699174e-05,2.9123821e-06,5.8374033e-05,0.0071525956,0.0016458372,2.6979824e-05,2.2480172e-06,1.5417376e-07,0.00011284902,0.00014095713,2.8506695e-06,4.2361302e-05,4.6774294e-05,6.4596206e-05,4.3971145e-06,6.8183566e-05,1.6991304e-05,2.2443526e-05,3.077008e-05,4.0128314e-05,2.967198e-05,4.5532488e-05,3.1332365e-05,0.0007811848,0.00034076232,2.5616153e-05,1.4804465e-06,0.00010049374,8.098701e-06,0.00038197805,6.6505327e-06,0.00028069038,5.980991e-05,2.5386627e-05,1.4968256e-05,9.380488e-08,0.00018941358,0.000718775,4.987713e-05,0.0036597247,2.0047775e-05,4.2657484e-07,4.3443e-06,2.9014876e-05,0.000110084955,2.512332e-06,0.0001614691,3.8356843e-06,1.3581349e-05,1.4990871e-05,1.0220205e-05,3.9366907e-05,2.9204144e-05,3.518726e-05,0.000113081485,8.643607e-05,0.0001542442,2.4694924e-07,0.00017153243,6.039512e-06,2.312929e-06,5.6080426e-05,0.000108051616,9.653483e-05,6.93469e-06,0.00031258364,9.211023e-06,3.711847e-05,2.8356395e-05,8.75945e-05,0.00060966396,3.668646e-06,1.8030082e-06,0.0007308846,0.0015085557,3.184425e-05,4.861255e-06,1.2884976e-05,4.4076445e-05,5.8475383e-05,0.00010304737,2.4098978e-05,0.0005432516,8.045177e-06,0.00014631893,5.039204e-05,2.7899694e-05,8.721651e-05,6.815982e-06,0.0027894832,5.8948204e-05,0.0016526664,1.8183755e-05,2.050458e-05,2.8621855e-05,0.00026514078,3.0329787e-05,2.7258926e-05,4.5331028e-05,1.1413982e-05,2.132119e-05,1.233668e-05,7.316199e-08,0.00028972188,5.7313595e-05,0.000110682275,9.492304e-06,1.4307537e-05,6.135061e-05,0.0005637513,2.1590356e-05,3.3265642e-05,4.4223507e-05,0.00013595048,0.25602058,0.015125542,8.245493e-05,6.9752496e-06,1.5959906e-05,1.1348999e-05,4.457024e-06,7.9508914e-05,4.4853165e-05,6.3868836e-05,1.1365115e-05,0.00029985237,8.385019e-06,1.3682795e-06,1.35496275e-05,0.00016944984,7.21452e-07,5.448947e-05,6.1876535e-06,0.00011860313
BC2026_Train_0016_S18_20220204_221500_055,8.170539e-07,1.7668754e-05,1.6787321e-07,0.35616046,1.5258935e-05,5.948606e-07,1.1361474e-05,2.3309683e-05,8.0897935e-06,0.5144905,0.06724464,7.2023017e-06,3.071763e-05,5.474759e-07,5.025876e-06,0.0002964702,9.406007e-07,6.5669724e-07,0.0010153189,0.00011909909,1.5450273e-06,5.5061857e-05,2.094473e-05,7.036126e-06,2.6595553e-06,3.005709e-07,4.985352e-06,2.6604052e-06,6.9465656e-08,0.0007388427,0.0029666275,1.3859293e-05,0.0008983668,0.00015885236,9.865538e-06,6.0700524e-05,9.883155e-07,5.644073e-06,0.00028521483,0.00011882932,0.00031058476,0.00028719532,3.9759583e-05,1.0714253e-05,1.7548637e-05,1.812387e-05,5.4780567e-06,5.807035e-06,4.9151627e-06,2.4639553e-06,2.5746642e-05,3.2244905e-05,2.9124214e-05,0.00040139785,0.00035015892,1.9954858e-07,2.4028206e-05,0.2427742,1.693085e-07,5.7742276e-05,0.00061573443,5.6727486e-06,0.00016776595,0.0054362444,2.5990821e-05,8.797064e-06,8.575743e-05,2.7106915e-07,1.7923125e-07,3.6623678e-07,1.5623914e-07,1.919827e-07,2.1901903e-06,2.6408475e-06,2.4099414e-05,3.6248384e-05,8.749383e-06,0.00016133551,3.975985e-05,1.8024039e-05,9.184358e-06,1.30191165e-08,2.116331e-06,1.2762821e-06,3.2605882e-07,2.2264032e-05,1.4739728e-05,1.2671009e-05,3.6612055e-05,9.016962e-07,1.7171466e-05,2.6032321e-05,9.3763265e-07,2.0923171e-05,3.808959e-05,1.2303371e-05,1.5947018e-05,0.0007080957,7.6241395e-06,0.00014104869,4.4667763e-06,2.718261e-07,3.9312356e-05,0.04813131,0.0015784514,1.21727735e-05,1.9566227e-07,7.636537e-07,1.246189e-05,1.4578138e-05,6.088489e-07,8.7678236e-05,7.703151e-06,6.63793e-06,1.0107121e-06,8.123732e-06,3.3369192e-06,2.1885491e-05,1.41558e-05,2.4913122e-06,1.2645599e-05,1.38630885e-05,5.718331e-06,0.0002621396,6.951402e-05,1.1437587e-06,1.408122e-06,1.9271094e-05,5.945181e-07,0.0006299546,1.1575345e-06,9.525064e-05,9.108146e-05,6.4092137e-06,7.999923e-06,1.1627025e-08,8.398042e-05,0.00016123895,2.742014e-06,0.005540456,1.4983048e-06,4.8257796e-08,4.812448e-07,7.900315e-06,8.349102e-05,4.861519e-07,3.3937293e-05,3.584202e-07,2.0663505e-05,5.9698095e-06,1.1632941e-05,6.0613165e-06,2.068837e-06,1.2918e-05,2.4665846e-05,4.9945098e-05,6.365025e-05,1.6678395e-07,6.0650593e-05,3.395903e-06,1.6675913e-06,1.0505059e-05,5.3182284e-05,1.2378069e-05,4.4974226e-07,7.715825e-05,1.2522279e-05,7.1002232e-06,2.5541012e-06,6.695343e-05,4.0376442e-05,4.3267178e-07,8.538555e-07,3.3421387e-05,0.00014529981,2.4750034e-05,1.2436641e-06,1.3909605e-06,5.8363157e-06,1.7208467e-05,2.8984483e-05,2.8185497e-07,5.633062e-05,1.7166616e-06,3.0651525e-05,6.171399e-06,1.05973295e-05,2.0946749e-05,2.9515638e-06,0.0032857459,1.7561026e-05,3.728923e-05,8.248727e-06,6.4697656e-06,1.3163738e-05,3.9914776e-05,6.6780144e-06,1.238011e-05,2.8548908e-05,2.2766058e-06,6.1473393e-06,1.1924019e-06,1.1870625e-08,0.00011145831,4.1058658e-05,2.4199735e-05,4.6425193e-06,1.4742553e-05,8.930987e-06,0.00014772531,3.4655832e-06,1.7447346e-05,4.9586317e-05,9.6751595e-05,0.07580779,0.008397402,7.3773685e-06,8.1801204e-07,6.4309306e-06,5.1679813e-06,2.16172e-06,1.7381317e-05,4.0663544e-05,6.9630532e-06,1.7199978e-06,0.00011393733,3.3537194e-06,4.1518825e-07,4.594607e-06,0.00011111375,4.7050403e-07,5.214873e-05,1.3868551e-05,2.4203844e-05
BC2026_Train_0017_S22_20211026_233000_000,2.3085893e-05,3.9080956e-06,4.6574314e-05,0.003971153,1.7457515e-06,1.5882827e-06,3.7084767e-06,1.8129438e-05,0.00011324064,0.117358245,0.4981704,1.4375605e-05,2.489937e-05,2.9258617e-06,1.005789e-05,0.00025012332,1.3697962e-05,8.978026e-08,0.002623116,2.4662739e-05,4.151659e-06,2.5701846e-05,8.859534e-06,1.6072781e-05,0.00011844345,8.191791e-06,5.3417974e-05,0.00024191756,6.311149e-05,0.010090549,6.2597515e-05,1.4517426e-05,2.861615e-05,1.7119404e-05,5.070925e-06,2.1025802e-05,1.9719698e-06,5.0983754e-06,1.986462e-05,4.1404696e-06,0.00011069157,1.8708466e-05,2.019066e-05,1.1655395e-05,5.127368e-06,4.920054e-06,2.3205803e-06,1.3435856e-06,1.3436612e-06,1.7377038e-06,3.7711359e-06,3.7084271e-06,2.75056e-06,0.000104778504,1.652036e-05,1.1990339e-06,4.707091e-06,0.07283349,2.8886438e-07,1.1853184e-05,0.0065331836,3.2801072e-06,8.894707e-05,0.06251862,0.00024014688,0.00011106852,8.71043e-05,1.1077996e-06,2.2799183e-07,2.5150908e-05,3.0936175e-07,1.4141749e-07,1.7242735e-05,2.6600559e-05,5.7747446e-05,0.00045082925,5.3404987e-05,0.00042133525,1.9143225e-05,2.5095493e-05,0.00030816233,2.6038952e-06,1.055228e-05,6.7546707e-06,4.5829896e-05,1.9679757e-05,2.4065844e-06,0.00011289078,9.9679535e-05,2.6962175e-06,0.0002468972,7.1585455e-05,5.4551132e-05,2.2039538e-05,0.00019547685,0.0003731629,1.7066965e-05,0.0015226224,6.806474e-05,2.730378e-05,1.0818767e-05,1.960868e-06,0.00010969828,0.03147179,0.013779013,8.412702e-05,8.0447563e-07,2.2692618e-06,1.9360526e-05,8.876424e-06,9.218827e-06,4.7628655e-05,1.58239e-05,1.4091324e-05,1.49162315e-05,7.4134754e-05,3.0313451e-05,1.4424152e-05,5.5027335e-06,0.00012293864,3.5380058e-06,2.7924369e-05,2.5192412e-05,0.00028596853,0.0010678525,7.776728e-06,4.101237e-05,8.514433e-05,1.3980261e-06,0.00020085319,5.3548436e-05,2.3809482e-05,3.4484463e-05,1.9211973e-05,2.234292e-05,5.1175584e-06,9.476522e-05,0.00075586286,3.238228e-05,0.2832363,1.8944922e-05,5.6179243e-07,3.8277435e-06,0.00022309432,0.09237652,8.5135184e-07,2.5015921e-05,6.8837626e-06,7.772273e-05,8.306347e-05,5.3475265e-05,4.7112007e-06,3.636041e-06,3.3529257e-05,0.00014616887,5.8619476e-06,3.2159594e-05,5.084553e-07,0.00010820411,3.4774755e-06,1.1303019e-06,0.00012930429,2.899161e-06,4.9100006e-05,1.4202412e-05,0.0013398386,1.6033651e-05,6.9248315e-05,4.3055785e-05,0.000106246145,5.172768e-05,8.584231e-06,1.1812251e-06,6.0976512e-05,8.1312886e-05,7.614284e-05,5.0982926e-06,5.994787e-06,5.384559e-05,0.0018669633,0.0001952131,8.2029476e-07,5.5575198e-05,1.345242e-05,7.000629e-05,3.2324058e-06,2.8219762e-07,5.762752e-05,1.5565494e-05,0.00042188563,1.0070358e-05,0.0013303402,1.929634e-06,4.847518e-05,5.998527e-05,2.9503672e-05,4.5590627e-05,3.296898e-06,0.000286312,4.9570917e-06,1.8981676e-06,2.8828621e-05,5.4737275e-06,0.000114881215,5.6035304e-05,0.00035953024,0.00028134868,0.000630555,2.7734664e-05,8.96973e-05,1.0440481e-05,5.0766375e-05,4.45502e-05,1.9163243e-05,0.16010974,0.03641029,0.00012152311,5.2039235e-05,1.3451765e-05,3.066559e-05,6.268335e-07,1.2022563e-05,4.272787e-05,6.1986852e-06,4.4490785e-06,0.00016972992,3.2880437e-06,1.6141736e-05,9.7414e-06,7.6873075e-06,4.572633e-06,5.4882308e-05,1.4421663e-05,2.042211e-05
BC2026_Train_0017_S22_20211026_233000_005,3.5128585e-05,3.9609977e-06,4.3153992e-05,0.0044767093,2.1081802e-05,6.8004124e-06,6.5869012e-06,2.0962296e-05,0.00015141614,0.2905282,0.18366653,1.4709142e-05,4.8419974e-05,7.786576e-06,8.9293375e-05,0.0012252604,2.5839028e-05,2.46824e-07,0.0023466598,1.8519577e-05,1.2240945e-05,4.481943e-05,4.433317e-05,3.058014e-05,0.00057459035,1.9284698e-05,0.000612531,7.69619e-05,2.9978191e-05,0.0134822335,3.5651763e-05,1.184175e-05,2.1801894e-05,3.4950186e-05,6.535699e-06,2.3509958e-05,3.6283027e-06,7.263139e-06,2.429732e-05,9.040563e-06,9.806836e-05,1.7508284e-05,1.5955842e-05,7.005408e-06,7.737358e-06,6.359283e-06,2.3029056e-06,1.91012e-06,1.8503669e-06,3.0245535e-06,3.2067373e-06,3.172765e-06,2.5505428e-06,8.747514e-05,1.4353593e-05,5.7216585e-06,1.0194458e-05,0.015023376,4.3367604e-07,1.5282876e-05,0.0032571866,5.942148e-06,0.00023886329,0.025588568,0.00040075564,0.00017262636,0.00021831969,5.984739e-06,1.9962295e-06,6.0149203e-05,9.693578e-07,6.0349527e-07,4.748032e-05,7.0933784e-05,0.00030108704,0.00087390834,0.0001531109,0.0017209272,4.1282612e-05,0.00017421578,0.0033999698,8.746654e-06,0.00011460811,1.0027301e-05,0.0002223239,7.801121e-05,1.27164785e-05,0.00034700686,0.0002669165,1.3649193e-05,0.0004011987,0.00031327904,0.00011109542,0.00013028515,0.00013457687,0.0006511746,0.00010024929,0.0028378116,0.00017295571,0.00017329479,1.4776432e-05,3.4957434e-06,0.00095938717,0.17329195,0.025565522,0.00021614697,5.847347e-06,2.05009e-06,2.6844185e-05,3.5850153e-05,5.993095e-05,0.00030783637,2.842264e-05,3.9103197e-05,6.7527566e-05,0.00011291985,3.993884e-05,0.00015478476,1.0470443e-05,0.00042776598,3.0418016e-05,5.8902526e-05,9.592059e-05,0.0008355962,0.0143928705,3.4916036e-05,0.00024443478,0.0002067942,1.6310385e-05,0.00083185156,0.00028219598,9.256498e-05,9.058177e-05,0.000106646985,5.560197e-05,1.4466567e-05,0.00045750994,0.00205182,0.00025421163,0.21141271,5.51573e-05,3.8525586e-06,8.973667e-06,0.0003730594,0.05988315,5.698177e-07,0.00013024674,2.4217788e-05,0.00025534385,0.00014182957,0.00019232229,5.5989047e-05,2.7540103e-05,0.00014243825,0.00036900715,3.0230136e-05,7.970888e-05,2.674391e-06,0.00058517425,3.358747e-05,2.2136483e-06,0.00020768875,6.4139465e-05,0.00030200905,6.0469887e-05,0.01747346,5.9958842e-05,0.00021970918,5.1906063e-05,0.00025030703,0.00012992721,2.834847e-05,5.419128e-06,0.00010302438,0.0003039055,0.00032143132,3.6348076e-05,6.5023145e-05,0.00017157155,0.0019119069,0.00019763544,3.598138e-06,0.00048974855,2.81666e-05,0.00045772042,2.2013552e-05,6.973147e-07,0.00017188511,1.31595725e-05,0.00068780495,2.2662214e-05,0.0010762762,5.0249555e-06,0.0006941312,9.864921e-05,9.9051416e-05,0.00018718852,1.3163852e-05,0.0003489865,0.0001068948,1.5800257e-05,9.577581e-05,8.506657e-06,0.00065834064,0.0003480721,0.00054594595,0.00090710097,0.0005443998,4.5087705e-05,0.00034863033,3.8485567e-05,0.00013368757,5.5507608e-05,9.634502e-05,0.088978544,0.031272516,0.00021051982,0.0004066057,2.9783989e-05,0.00010865233,1.958732e-06,6.1735554e-05,0.000110578796,2.014692e-05,2.4242281e-05,0.0007779251,1.4149309e-05,1.8707842e-05,1.435663e-05,4.814578e-05,1.8487988e-05,0.00017261205,1.9062285e-05,5.829677e-05
BC2026_Train_0017_S22_20211026_233000_010,2.2679142e-05,1.026514e-06,2.8251556e-05,0.0023293963,3.296549e-06,1.903528e-06,4.913958e-06,9.925168e-05,5.5260753e-05,0.05243955,0.25780886,9.665894e-07,1.1123369e-05,2.882952e-06,1.8113727e-05,0.0008254282,1.8211152e-06,1.5074099e-07,0.0021765647,2.9742225e-06,1.0839959e-05,1.28917e-05,8.27938e-05,1.5366471e-05,0.000304613,4.7466524e-06,0.00011921248,4.795469e-06,1.3246881e-05,0.006418349,5.6861213e-06,2.9574555e-06,4.390549e-06,1.3163977e-05,2.7568549e-06,5.8636197e-06,1.002951e-06,2.7372303e-06,5.471202e-06,3.4773761e-06,3.1722826e-05,1.8128377e-06,8.986359e-06,2.4466165e-06,1.3022479e-06,1.2542433e-06,1.2374942e-06,3.0453532e-07,5.4693993e-07,1.1612794e-06,8.4800524e-07,9.220842e-07,8.5543337e-07,2.2494396e-05,7.138625e-06,6.2565937e-07,2.2172972e-06,0.019110665,1.10011136e-07,4.04559e-06,0.0009985237,1.0264474e-06,0.0003815568,0.016319308,0.0012566107,0.00038500235,2.1983553e-05,2.810411e-05,2.5868703e-08,9.720437e-06,8.524985e-08,2.7239858e-07,3.1344767e-05,3.6688805e-05,1.4091311e-05,9.737607e-05,3.4470788e-05,0.0006593566,8.352385e-06,2.5738442e-05,0.0015223767,2.8148881e-06,3.2833545e-05,3.2619178e-06,1.925034e-05,7.733587e-06,1.5443968e-06,0.00010299471,0.000111766,8.210827e-06,0.00019490212,6.0924493e-05,1.5761172e-05,4.9159553e-05,0.00037658817,0.000113241505,2.1701186e-05,0.0017597903,2.6762493e-05,5.0433715e-05,1.4956442e-05,4.5108127e-06,5.612767e-05,0.006529567,0.0018683608,2.1823134e-05,3.0585138e-06,1.858068e-06,6.231629e-06,1.710953e-05,1.2676043e-06,0.00012441444,1.9298197e-06,4.6232035e-06,3.3618562e-06,3.8258324e-05,1.910456e-05,2.5519525e-05,8.480987e-06,5.913085e-05,6.246379e-06,2.4847184e-05,1.8190207e-05,0.0007033649,0.00090602,1.4942413e-05,0.00039341033,3.947476e-05,8.07729e-07,0.00012518594,2.5193203e-05,5.8371927e-05,1.2394628e-05,1.18247435e-05,2.058809e-05,4.1709083e-07,5.994598e-05,0.00086549844,5.4920005e-05,0.010547872,4.884558e-05,5.543685e-07,7.428279e-07,0.00014068508,0.009432038,1.4544548e-06,7.958849e-05,1.2908795e-06,8.285888e-05,6.7815505e-05,0.00014397237,1.0813475e-05,6.1876467e-06,5.56192e-06,9.428191e-05,1.009507e-05,3.5018544e-05,1.4261026e-07,4.937601e-05,5.4414577e-06,1.2420924e-06,7.5502e-05,2.0013035e-06,0.00020472152,2.2310855e-05,0.0002305542,1.15866505e-05,9.398103e-05,7.643941e-06,0.00017343843,6.02588e-05,1.7565466e-06,1.5658985e-06,9.685045e-05,0.0005029946,3.351257e-05,4.2721053e-06,1.007326e-05,5.7915426e-05,0.00025152328,0.00022326986,3.7405576e-07,0.00022554661,1.4565339e-05,0.000867006,5.6428134e-06,3.7470417e-07,8.591606e-05,2.4247886e-06,0.00033779067,6.7800274e-06,0.00028220162,2.1556205e-05,1.4299026e-05,6.0277536e-05,4.976624e-05,0.000117968586,4.246888e-06,0.0010673825,7.997443e-06,4.89949e-06,0.00022783184,4.90729e-07,0.00014219532,8.196277e-05,0.0006047633,4.83172e-05,7.7976845e-05,1.2688398e-05,7.895065e-05,1.46460425e-05,1.3114657e-05,7.6197386e-05,2.5990325e-05,0.9420626,0.0018905317,9.657783e-05,7.508764e-05,1.020578e-05,2.5228115e-05,2.712556e-07,2.599439e-05,2.0588326e-05,8.430587e-06,2.2461634e-06,0.00042015166,1.8823365e-06,1.1377478e-05,6.5691734e-06,1.3131804e-05,1.5608739e-06,5.2705025e-05,7.6152446e-06,2.17973e-05
BC2026_Train_0017_S22_20211026_233000_015,3.9161525e-05,1.0965457e-05,0.00024245834,0.007988935,4.9543646e-06,4.105499e-06,3.977498e-06,1.5760512e-05,0.00011022938,0.26574707,0.23138133,1.6415688e-05,1.6605465e-05,5.8839028e-06,5.4480377e-05,0.0005711197,1.0111846e-05,1.2606995e-07,0.0025879818,1.7566252e-05,3.0935425e-06,1.0504167e-05,3.8161397e-05,2.1425774e-05,0.00043650888,1.5344973e-05,0.00030812444,7.86978e-05,5.8470643e-05,0.003437068,6.589135e-05,1.239015e-05,0.000102998936,6.188019e-05,5.9112986e-06,2.78076e-05,2.420689e-05,2.0649972e-05,4.7631973e-05,1.8386465e-05,0.00017518728,2.676239e-05,1.1877093e-05,6.608641e-06,8.571469e-06,9.351426e-06,4.675292e-06,5.868828e-06,3.4047494e-06,5.0228905e-06,3.8735243e-06,3.2108073e-06,2.607578e-06,0.00010925628,2.5419791e-05,1.3999608e-06,1.0912741e-05,0.011405708,2.1209082e-07,7.917602e-06,0.003522784,1.36885e-06,2.3250896e-05,0.007992716,0.00010257004,0.00011643492,5.2074978e-05,1.6616445e-06,1.4018326e-06,7.802654e-05,5.2185544e-07,2.1844905e-07,7.0078895e-05,8.979349e-05,0.0009848553,0.0011614127,0.00022563612,0.0024575724,3.136902e-05,0.00011449343,0.0012061674,1.2031624e-05,7.906073e-05,8.452041e-06,0.00028480616,6.3551335e-05,5.577488e-06,0.00031580884,0.0001370668,1.3273689e-05,0.00023049308,0.00031131343,0.00040662175,0.00030446547,0.00020643644,0.0005042196,0.00016514589,0.012434736,0.00018573667,0.00022924601,9.7377095e-05,6.8616027e-06,0.00020764895,0.084383085,0.020081325,0.00015833518,2.653222e-06,2.8098752e-06,2.976829e-05,2.3608432e-05,9.636968e-06,0.00016840754,2.6937685e-05,8.658821e-06,2.6665582e-05,0.00016389546,5.0170605e-05,0.00031380996,3.849107e-05,0.0003196851,2.4101528e-05,5.1536783e-05,6.445733e-05,0.00091667345,0.0066844146,2.8527134e-05,0.00012475635,0.0003209613,1.1953658e-05,0.0013203695,0.00021147262,2.4125975e-05,0.00013470859,0.00020867905,0.00014043966,2.6513715e-05,0.00023446734,0.0013137219,3.894485e-05,0.6938309,2.1728789e-05,7.960804e-06,6.5788413e-06,0.0005290146,0.14060712,4.4564908e-07,2.672857e-05,3.572555e-05,0.00069176365,0.000117806136,0.00010177492,2.5459993e-05,2.3575922e-05,9.53078e-05,0.00082086003,2.57273e-05,4.4905337e-05,1.506233e-06,0.00034580298,3.068048e-05,1.0111209e-05,0.00010994679,9.304109e-05,0.00028057347,4.9245235e-05,0.0019509323,0.00010741612,0.00023800263,4.0551244e-05,0.00024284079,8.785349e-05,2.0126738e-05,5.2741284e-06,4.7093505e-05,0.00036746712,0.0007441566,1.8927025e-05,1.7853343e-05,6.80445e-05,0.008765998,6.523095e-05,5.390443e-06,0.00035481417,2.9506202e-05,0.0015352272,2.811344e-06,4.1955107e-07,0.00049034815,2.5767147e-06,0.0010213383,2.3335106e-05,0.0021098272,1.0905574e-05,0.0002491002,8.429518e-05,2.7926419e-05,8.4190906e-05,1.1230428e-05,0.0008501609,4.4948305e-05,5.2745254e-06,0.00010427467,2.0863117e-05,0.00018614817,0.00014106173,0.0014813499,0.001740243,0.00068599975,0.00022799241,0.00022507682,2.9909086e-05,9.515106e-05,7.82133e-05,4.1178413e-05,0.053181954,0.019213779,0.0006034031,0.00013609575,5.903293e-06,4.5779358e-05,1.4788956e-06,7.13421e-05,4.807857e-05,1.4651743e-05,8.02478e-06,0.0024906076,1.0290151e-05,9.534665e-06,1.4349842e-05,3.2667765e-05,0.000113534836,0.0001562095,6.502897e-05,2.1328407e-05
BC2026_Train_0017_S22_20211026_233000_020,1.3239543e-05,7.795439e-06,6.515889e-05,0.015174626,9.601998e-06,2.0616619e-05,2.9546158e-05,0.00015006559,0.00023855423,0.28410923,0.42650142,2.6301646e-05,1.6522281e-05,1.7250382e-05,4.0740513e-05,0.0029677348,1.904613e-05,2.2928901e-07,0.001777387,5.528526e-05,3.1483387e-06,5.625005e-05,6.112987e-05,0.00014313178,0.0005893144,3.140284e-05,0.0007020001,0.00010775344,0.00011838654,0.005181367,0.00014149511,3.4121516e-05,0.0002256062,0.00016107714,2.0558111e-05,4.662844e-05,2.3825061e-05,2.6121124e-05,0.00012456045,3.9159433e-05,0.0006215747,4.8309787e-05,5.1187653e-05,1.3507363e-05,1.9338217e-05,2.1267415e-05,8.660101e-06,1.8068527e-05,8.83136e-06,9.012699e-06,7.2788307e-06,5.5985543e-06,4.8196816e-06,0.0005260359,4.467771e-05,2.4792694e-06,2.6900641e-05,0.012526168,7.424413e-07,1.3916232e-05,0.0014385908,5.640629e-06,2.3422794e-05,0.009991496,0.00021063024,0.00094677205,0.00013289497,4.142373e-06,9.180418e-07,0.0001344613,9.947684e-07,3.3575645e-07,0.00013257869,5.2618998e-05,0.00097397424,0.0014480202,0.00030387795,0.0027868806,9.823767e-05,0.00017261007,0.001964151,1.5938946e-05,0.0001731552,1.807268e-05,0.0002390907,0.00014640392,1.0576248e-05,0.00025417068,0.00041292346,2.4318391e-05,0.00023934111,0.00074339856,0.00054318225,0.00033272887,0.00047032945,0.00044573523,0.00029174838,0.041702416,0.00044344415,0.00018071904,4.779313e-05,3.6883186e-05,0.00016039096,0.25527117,0.015487026,0.00040579325,5.6055205e-06,4.958458e-06,4.0307e-05,2.1858415e-05,4.3731037e-05,0.00027782426,3.2400723e-05,1.8786344e-05,4.8179034e-05,7.852777e-05,0.000109391796,0.00095615274,2.9013578e-05,0.00072996784,4.5867015e-05,8.25554e-05,3.6388064e-05,0.00089988275,0.0054593184,6.935227e-05,0.00023134051,0.0011852573,1.8626806e-05,0.0006077474,0.00013711504,8.313835e-05,0.0003268353,0.000329774,6.9113004e-05,3.318564e-05,0.0002708407,0.0036994116,0.00017816425,0.8388197,5.5066797e-05,6.9300627e-06,5.4646e-06,0.0013658387,0.036182895,2.531703e-06,4.054374e-05,8.8882465e-05,0.0013254388,0.000211929,0.00022028877,1.3156686e-05,4.8621205e-05,0.00023278182,0.0019627,6.5354856e-05,5.3941905e-05,3.4883801e-06,0.00034483214,2.282669e-05,9.738494e-06,0.00028995427,0.00011591945,0.0005014698,4.995791e-05,0.0012238619,0.00012384947,0.00029177926,7.032177e-05,0.0004688652,0.0002775971,3.4980592e-05,4.698646e-06,9.849825e-05,0.0009527921,0.00091747334,3.5347653e-05,1.6180311e-05,0.00015780418,0.004884182,0.00022747564,1.56032e-05,0.0007663903,5.3700678e-05,0.0003363616,1.0267761e-05,6.8332616e-07,0.0005567529,5.7230664e-06,0.0017448365,4.4085777e-05,0.0024088912,9.055776e-06,0.0009341398,0.00021562126,4.393406e-05,0.00012224136,1.7026632e-05,0.0011966171,3.3304717e-05,1.2953368e-05,0.00019144225,4.0119052e-05,0.00043252754,0.00027037138,0.0011293472,0.0019698415,0.0010504354,0.00021432216,0.0005348634,2.9938905e-05,0.00013199478,0.00013849568,0.00016124033,0.06388732,0.03137188,0.00027682062,7.830486e-05,2.08449e-05,5.6404966e-05,6.16065e-06,7.92619e-05,9.843073e-05,2.6205631e-05,3.5035596e-06,0.0018432427,1.6913154e-05,2.8206598e-05,9.774048e-05,9.248964e-05,0.00011756857,0.0005043143,0.00019778551,5.692881e-05
BC2026_Train_0017_S22_20211026_233000_025,2.8066319e-05,1.912641e-06,5.7948973e-06,0.014342038,1.7842876e-05,3.0827575e-06,3.6605068e-06,3.2232852e-05,0.00035599188,0.27718017,0.34143224,2.0767004e-06,4.1212163e-05,1.0908088e-06,1.2256142e-05,0.00067054346,4.8943475e-06,1.1959477e-07,0.000585215,3.37927e-05,1.0187898e-06,3.2865402e-05,7.461939e-05,2.8970308e-05,0.00018440068,2.678516e-06,0.00023000158,1.3462481e-05,4.000483e-06,0.0019845606,0.000104231025,4.5798556e-06,4.6419565e-05,2.743101e-05,7.4877717e-06,7.672066e-06,4.249513e-06,7.4313657e-06,5.5835222e-05,7.4972036e-06,0.00014910454,2.9636376e-05,3.0315532e-05,2.6657842e-06,8.595692e-06,6.755715e-06,2.595708e-06,2.5724523e-06,2.180911e-06,1.8282916e-06,5.509161e-06,6.375241e-06,5.17883e-06,0.00014666465,8.5744705e-06,3.7647396e-07,3.8054786e-06,0.041945927,1.2674322e-07,3.203813e-05,0.0020705992,2.308929e-06,0.0001399329,0.016322456,0.00020259774,5.098426e-05,2.1344991e-05,6.6119173e-07,2.4506488e-07,8.867074e-06,4.526213e-07,4.1203543e-07,1.7546796e-05,9.5751704e-05,0.0002596044,0.00030526303,5.781489e-05,0.0009057274,3.4130986e-05,5.8383448e-05,0.00054655044,2.5201332e-06,4.7923117e-05,6.0409343e-06,5.8845028e-05,0.000152714,2.0375986e-05,0.0001820091,8.307915e-05,5.0312997e-06,0.000120874196,8.286647e-05,9.732325e-05,8.342743e-05,4.6619858e-05,0.0002021917,0.00014334446,0.0009837066,7.864063e-05,0.00010406854,1.4430976e-05,6.264968e-06,0.00022456257,0.21448207,0.03309337,0.0002606003,4.2437014e-06,7.956387e-07,1.6908607e-05,1.8378367e-05,4.048392e-06,3.2760483e-05,1.274648e-05,1.3787671e-05,4.860567e-05,7.143993e-05,1.5265803e-05,0.00025780677,6.863127e-06,0.00015755942,2.9963872e-05,2.6113754e-05,1.663423e-05,0.00026573247,0.000880683,1.6675034e-05,8.3358085e-05,5.842059e-05,4.194873e-06,0.0006804357,2.1832355e-05,2.1143753e-05,2.9737701e-05,0.00042795847,7.843168e-05,1.6652326e-05,0.00067265984,0.0015888028,0.00021789939,0.47140315,2.5858035e-05,4.6205932e-07,3.6645063e-06,0.00016330206,0.04258618,6.581863e-07,8.208299e-05,1.3467593e-05,0.000309952,5.2229007e-05,6.896618e-05,2.9477911e-05,9.079236e-06,9.044678e-05,7.276748e-05,5.454905e-05,4.0069503e-05,1.0914841e-06,0.0002842479,2.9632929e-05,4.013985e-06,8.708479e-05,5.240557e-05,0.00032248138,4.1762643e-05,0.006902194,9.320582e-05,0.00013243224,2.6901642e-05,0.00015411689,0.00016947197,4.4128005e-06,1.2548559e-06,4.3563e-05,0.00015827964,0.0003141509,7.152138e-06,1.6147893e-05,3.37051e-05,0.00056295615,0.00013650073,3.7322873e-06,0.00015695722,1.468092e-05,0.00020416694,3.8376047e-06,9.387994e-07,0.000108667344,3.5852486e-06,0.0020742854,3.513398e-05,0.00037064197,8.639306e-06,9.689303e-05,7.5945594e-05,1.7363722e-05,6.645935e-05,1.4181961e-05,0.00033458497,3.1091713e-05,8.999617e-06,3.103969e-05,2.4045173e-06,0.00026546608,0.00019954145,0.00070628134,0.00012498735,0.00011950851,0.000101292266,5.7923113e-05,2.5883148e-05,2.0775222e-05,2.5133884e-05,3.126995e-05,0.04310496,0.058378957,8.620534e-05,2.428467e-05,2.4541794e-05,2.0273163e-05,2.300546e-06,2.4605299e-05,0.0001411294,3.8235876e-06,6.9621437e-06,0.0003108324,3.9674437e-06,5.0585404e-06,4.8472415e-05,4.2059164e-05,1.8184623e-05,0.00012973878,2.577868e-05,2.710862e-05
BC2026_Train_0017_S22_20211026_233000_030,1.81913e-05,9.1231374e-07,4.2391835e-06,0.008405395,1.2920021e-05,1.5590962e-06,1.2620027e-06,1.5470192e-05,0.00011006941,0.14218853,0.24634376,2.0686377e-06,4.0805604e-05,6.9885726e-07,9.894218e-06,0.00027728974,2.8550417e-06,7.708045e-08,0.0004792296,8.616695e-06,1.380007e-06,9.282982e-06,1.6109394e-05,2.7318494e-05,8.740926e-05,1.6768504e-06,0.00010875702,7.2120274e-06,1.2998183e-06,0.00011340198,9.254644e-05,3.6387362e-06,6.6187706e-05,3.5715944e-05,7.850731e-06,7.277887e-06,8.864158e-06,1.4763883e-05,8.04532e-05,1.0372637e-05,0.00033738933,2.7388665e-05,2.8709333e-05,1.8147853e-06,8.123833e-06,7.0255865e-06,5.9882955e-06,3.824354e-06,3.028843e-06,3.5891142e-06,4.9003775e-06,5.831264e-06,4.9132227e-06,0.00021388754,1.3475095e-05,5.473344e-07,6.451023e-06,0.017435981,9.419754e-08,7.992526e-06,0.0016692033,1.314877e-06,3.7501024e-05,0.0028252606,8.931458e-05,3.576632e-05,2.4504117e-05,4.2786638e-07,3.980827e-07,8.733976e-06,2.7613729e-07,2.4254518e-07,5.951366e-05,3.0268215e-05,9.510724e-05,0.0002249442,3.9397026e-05,0.0009265799,3.516804e-05,8.122942e-05,0.0005041819,2.5527133e-06,7.986546e-05,3.8799576e-06,5.0780607e-05,4.801662e-05,2.7667247e-05,0.00014284423,9.008999e-05,4.3606333e-06,9.9074474e-05,0.00013754351,0.00011808023,0.00010017762,5.7819303e-05,0.00010610925,6.762177e-05,0.004040084,6.9243295e-05,0.0001340924,1.7046908e-05,2.1242515e-06,0.0002110514,0.08779541,0.00878769,0.00037768332,5.3357685e-06,8.684613e-07,2.8556695e-05,1.9547013e-05,7.2191365e-06,8.2591614e-05,1.8392218e-05,1.9278943e-05,2.7821738e-05,6.3973865e-05,1.6263075e-05,0.00052153267,3.7916805e-06,0.00023984163,2.1124526e-05,2.67962e-05,1.854476e-05,0.00025807135,0.0005562442,1.2516344e-05,6.308742e-05,0.00014833664,9.517822e-06,0.000716726,1.2070481e-05,1.5821832e-05,3.873687e-05,0.0002458826,8.1287064e-05,2.4544604e-05,0.00028436093,0.00085306104,0.00015907048,0.7127273,1.27602725e-05,1.0454422e-06,4.9511336e-06,0.0002932439,0.02157619,2.295093e-07,4.161364e-05,2.0238254e-05,0.0012640703,3.896246e-05,3.2042743e-05,2.8007898e-05,1.0313454e-05,0.00016446639,6.338084e-05,9.8163604e-05,5.0523446e-05,7.683735e-07,0.00031188826,1.3377808e-05,5.2809687e-06,5.6302695e-05,4.4790886e-05,0.00023105793,4.319648e-05,0.0026289981,0.00015458697,0.00013720775,2.2595295e-05,8.328809e-05,0.00017728932,3.6650972e-06,2.1363821e-06,3.378217e-05,0.00014263041,0.00079327315,5.3237272e-06,1.3760849e-05,3.163965e-05,0.00055602344,0.00018279348,1.8573008e-06,0.00010081133,9.768891e-06,0.000113065515,3.2990304e-06,3.789103e-07,0.00011890051,1.8491426e-06,0.0013704442,5.1316536e-05,0.0002962216,1.1374797e-05,0.00013331191,8.672016e-05,1.8219895e-05,8.8544075e-05,2.1752301e-05,0.00036200014,2.2465649e-05,7.267962e-06,2.0273896e-05,2.7585093e-06,0.0002744633,0.00028680757,0.0003264423,0.00011564652,0.00011688033,3.7875994e-05,8.4337385e-05,1.793912e-05,6.649359e-05,2.1449814e-05,4.3498945e-05,0.035302058,0.0729363,0.00013780435,4.1755957e-05,1.0468536e-05,1.5014021e-05,1.6562195e-06,2.066715e-05,3.459055e-05,6.4846954e-06,4.4580015e-06,0.0011435869,2.8885745e-06,5.4259226e-06,9.860542e-06,2.9129045e-05,6.568556e-05,0.00013053184,1.7788287e-05,9.925481e-06
BC2026_Train_0017_S22_20211026_233000_035,4.032157e-05,3.6828085e-06,2.9876644e-05,0.016993959,8.1676e-06,4.917605e-06,2.6559992e-06,2.067127e-05,0.00019695934,0.2141503,0.22942448,8.128513e-06,7.243868e-05,1.6411117e-06,4.9391172e-05,0.0007811204,6.7115975e-06,1.2560612e-07,0.0009114324,2.4477658e-05,2.05747e-06,2.8373624e-05,4.03308e-05,6.403625e-05,0.00022236482,3.4331974e-06,0.00061134144,2.1702135e-05,1.1958847e-05,0.0019746218,9.496079e-05,8.614e-06,4.1577106e-05,0.00011625077,1.20449295e-05,2.7868502e-05,1.4006516e-05,2.7824233e-05,7.685907e-05,1.983734e-05,0.0003985697,4.0217616e-05,3.9251143e-05,4.7525546e-06,1.2315755e-05,9.153142e-06,6.341823e-06,3.880513e-06,4.1503968e-06,5.7316524e-06,7.0100386e-06,7.5122625e-06,6.324446e-06,0.00028036194,2.5027353e-05,1.5257099e-06,7.909648e-06,0.018229272,1.6586253e-07,3.4122786e-05,0.001097939,3.5831974e-06,0.00014879704,0.0074158986,0.00018187118,5.440795e-05,3.4973422e-05,1.2848908e-06,6.7444796e-07,2.8183636e-05,7.908433e-07,5.0070133e-07,4.617867e-05,6.246144e-05,0.00066943915,0.0005958927,8.0405574e-05,0.0011162333,3.350583e-05,7.711264e-05,0.0010001737,3.790773e-06,5.0166873e-05,8.338489e-06,0.0002175243,5.8226156e-05,2.2111895e-05,0.00018698764,0.00018383346,8.416031e-06,0.00022620134,0.00022648663,0.00018126023,7.778279e-05,3.4880628e-05,0.00025610995,0.00015840161,0.0006953679,8.405742e-05,0.00014184228,4.1545878e-05,4.088686e-06,0.0004331409,0.08391651,0.03886316,0.00069805136,5.348612e-06,5.609129e-07,2.0981415e-05,3.2929653e-05,1.5172973e-05,0.00017658208,1.6974542e-05,1.625509e-05,7.373175e-05,8.535432e-05,2.4354711e-05,0.00020434592,6.6783455e-06,0.00023701007,1.8990702e-05,2.419955e-05,3.9318955e-05,0.00053431763,0.0046987045,2.2824666e-05,9.623493e-05,0.00016616104,7.845154e-06,0.0009823486,5.1488398e-05,3.471133e-05,7.777523e-05,0.0003123751,6.404217e-05,2.5497995e-05,0.00047643983,0.003348211,0.00018500298,0.28107366,3.652891e-05,8.7345734e-07,6.7462115e-06,0.00030881702,0.09623198,6.2660934e-07,0.00010217721,1.208383e-05,0.00022492792,4.4004333e-05,9.37215e-05,6.562402e-05,2.1681079e-05,0.0001540869,0.00030346165,4.740237e-05,2.2148384e-05,1.2462821e-06,0.00045662397,1.3175758e-05,5.043045e-06,0.00013490874,0.00012569335,0.00032410043,5.44461e-05,0.008190405,8.0777696e-05,0.00016231829,1.525483e-05,0.00015108529,0.0001851094,1.3707293e-05,5.3062145e-06,6.894975e-05,0.00032189162,0.00041240203,9.6944505e-06,8.064477e-05,6.1377774e-05,0.003185462,0.00011546439,4.4747067e-06,0.00018580009,1.8475335e-05,0.00032355523,5.7046427e-06,7.570363e-07,0.0003462414,6.478755e-06,0.0016873954,3.342432e-05,0.000592357,1.0677195e-05,0.00018536956,0.00011084209,3.2840464e-05,0.0001673986,1.9095709e-05,0.00026771013,4.5492692e-05,2.5094676e-05,5.0435305e-05,4.865453e-06,0.0003198329,0.00046647486,0.0004372119,0.00026645017,0.00021745235,7.885051e-05,0.00019802422,2.9466497e-05,0.00010950931,2.078763e-05,3.8351805e-05,0.038089983,0.14765854,0.00010843714,5.3660035e-05,3.0122914e-05,4.501634e-05,1.7087073e-06,3.3425466e-05,0.00010376018,1.368026e-05,2.1999116e-05,0.001184518,3.7690793e-06,7.5160383e-06,4.4668675e-05,6.419699e-05,7.015432e-05,0.00016715201,1.7215394e-05,3.577519e-05
BC2026_Train_0017_S22_20211026_233000_040,2.501134e-05,1.0994776e-05,3.247196e-05,0.02292488,1.4949326e-05,5.2536266e-06,4.4599196e-06,1.8751784e-05,6.748231e-05,0.20543657,0.24180888,1.377126e-05,3.8246362e-05,6.0112284e-06,4.0324147e-05,0.00036300806,1.016039e-05,3.2480898e-07,0.0013348979,2.0686573e-05,4.151699e-06,1.525323e-05,9.436192e-06,3.3266086e-05,0.00016532582,1.0381276e-05,8.7550325e-05,0.00011462855,5.349923e-06,0.0011890087,0.00015178056,9.836123e-06,0.00014845196,8.2695486e-05,1.07560945e-05,2.3014585e-05,1.1404363e-05,1.5555019e-05,9.294577e-05,3.0275718e-05,0.00020008252,5.166497e-05,3.1848045e-05,5.612951e-06,1.166201e-05,1.1953157e-05,6.127732e-06,9.071931e-06,4.174444e-06,5.1611746e-06,8.387914e-06,9.194664e-06,7.147604e-06,0.00020768658,3.51726e-05,1.4091698e-06,1.23689115e-05,0.025391754,7.728537e-08,3.2159656e-05,0.0024506804,7.185747e-06,5.0681534e-05,0.0074397265,0.0007398729,3.601185e-05,7.5560354e-05,2.442793e-06,1.8987541e-06,3.080537e-05,3.685359e-07,2.8035717e-07,7.2939976e-05,0.00022267373,0.0002391755,0.0007667325,8.0760205e-05,0.0015391029,1.973872e-05,0.0003746711,0.00060971687,2.7743545e-06,2.9149025e-05,9.275195e-06,7.247482e-05,5.089687e-05,1.6301336e-05,0.00014579583,0.00010805759,1.9425774e-05,9.159535e-05,0.00016291821,0.00026039316,0.0005585425,9.924581e-05,0.00023228806,0.000101412115,0.0061945193,0.00012378205,0.00037132844,5.185238e-05,6.6400703e-06,0.00011440981,0.075794436,0.012223075,0.0002347483,2.1230849e-06,2.991033e-06,3.392451e-05,1.6363607e-05,1.17211375e-05,0.00015567167,2.4889468e-05,1.6525622e-05,5.4049833e-05,0.00013156967,2.277049e-05,0.00045042008,1.4492058e-05,0.00019236775,2.2066983e-05,3.566727e-05,3.459151e-05,0.00056856347,0.0039943797,1.8353181e-05,6.110877e-05,0.00012307706,4.585747e-06,0.0011228507,8.631689e-05,2.2042354e-05,0.00035345848,0.00010203526,0.00010155204,2.6401287e-05,0.00018184482,0.0013773955,7.836821e-05,0.6807964,1.0783508e-05,1.328847e-06,7.805654e-06,0.00046759806,0.25342122,4.7888653e-07,4.3661028e-05,2.505919e-05,0.0008993166,9.1400085e-05,7.455474e-05,1.5301863e-05,2.0536028e-05,0.0001027052,0.00012839718,5.108588e-05,0.0001441137,2.2604538e-06,0.00037448024,3.6946836e-05,5.134463e-06,0.0001035295,0.00013966298,0.00030634558,3.9719678e-05,0.0009832681,9.2688206e-05,0.00013710378,1.938567e-05,9.0325084e-05,4.733353e-05,1.0443756e-05,5.765967e-06,3.0252888e-05,0.0003697274,0.00079957413,2.101536e-05,3.9130206e-05,6.106723e-05,0.0032883282,6.738026e-05,2.2997256e-06,0.00031935913,1.2039934e-05,0.0003667119,5.331958e-06,3.7453552e-07,0.00028332823,3.1753561e-06,0.00055302505,3.758752e-05,0.00088098476,1.3725016e-05,8.7669956e-05,0.000103762744,1.665431e-05,9.9982455e-05,1.053146e-05,0.00068315066,5.4432912e-05,4.8752995e-06,2.7671627e-05,6.927584e-06,0.00014688003,0.0003260218,0.00037643116,0.0006570672,0.00054030993,0.00014330153,0.00015012112,1.2140545e-05,0.00017120074,3.0024283e-05,3.2744207e-05,0.038756672,0.027239192,0.00011430786,0.00015242277,1.7194196e-05,7.192107e-05,6.479518e-07,1.4344588e-05,4.3732038e-05,1.2268104e-05,1.29211785e-05,0.0013776171,7.3854853e-06,9.632539e-06,2.2437405e-05,4.953622e-05,0.000120825556,0.0002348403,1.7136066e-05,2.1421361e-05
BC2026_Train_0017_S22_20211026_233000_045,4.58308e-06,7.304555e-07,1.0286276e-05,0.012735849,2.3109822e-06,1.3972092e-06,8.751316e-07,2.6317387e-06,2.83959e-05,0.22626765,0.23634121,1.0866847e-06,7.9309175e-06,6.7145214e-07,5.356095e-06,0.00034041505,1.1666322e-06,2.2873463e-08,0.00055960263,4.7601065e-06,1.0633237e-07,3.6900717e-06,5.0350386e-06,1.3380653e-05,6.8770416e-05,1.9583322e-06,9.9163044e-05,1.4263696e-05,1.4069809e-06,0.00022661773,4.5487963e-05,2.5227664e-06,6.142462e-05,2.2456607e-05,3.1570066e-06,4.607894e-06,4.374191e-06,5.9867707e-06,3.322411e-05,7.388641e-06,0.000115381845,1.327155e-05,1.1166541e-05,9.97354e-07,2.6675543e-06,2.5967454e-06,1.5812035e-06,1.2225569e-06,8.950427e-07,1.3243052e-06,1.6632221e-06,1.7662575e-06,1.6035953e-06,8.96902e-05,1.0097911e-05,5.8501193e-08,3.2626301e-06,0.016971175,1.338893e-08,4.926656e-06,0.0007658022,5.214843e-07,1.6695085e-05,0.0040502734,9.497927e-05,3.7594833e-05,1.4063427e-05,4.0853237e-07,6.219881e-08,6.595928e-06,1.03614134e-07,3.36904e-08,6.9693583e-06,1.1014821e-05,9.210246e-05,0.0001422032,1.525876e-05,0.00094471045,5.1804855e-06,2.3226072e-05,0.0003605964,7.6029494e-07,7.3849637e-06,8.938971e-07,2.130698e-05,6.539882e-06,1.8230805e-06,5.2815456e-05,2.008586e-05,8.4642244e-07,2.4444274e-05,3.8528313e-05,6.801803e-05,6.425162e-05,1.3745359e-05,7.063657e-05,2.5071067e-05,0.0051105884,3.279196e-05,4.578167e-05,5.074485e-06,2.2799627e-06,3.355398e-05,0.028752696,0.009991954,0.00012309173,9.4078644e-07,1.808269e-07,3.836902e-06,1.9729914e-06,2.1254673e-06,1.8391867e-05,2.941378e-06,1.615117e-06,3.5587937e-06,2.3510185e-05,1.0390289e-05,6.264732e-05,1.8189144e-06,4.3663862e-05,4.1642575e-06,1.2239299e-05,6.405841e-06,0.00013498736,0.001032529,4.4688345e-06,1.6303218e-05,0.00012255872,9.065757e-07,0.0001439971,9.103912e-06,4.9017613e-06,3.0984003e-05,2.1154161e-05,2.300324e-05,1.722815e-06,5.0825907e-05,0.0006058101,3.3957265e-05,0.6486589,5.8808228e-06,3.3727864e-07,8.792491e-07,6.5396e-05,0.041924257,4.4418606e-08,8.894184e-06,3.3725046e-06,0.00020802267,1.6877384e-05,9.99301e-06,3.1881823e-06,2.8240863e-06,2.197892e-05,5.2579868e-05,1.0448688e-05,1.6875405e-05,2.05264e-07,0.00012854456,2.3028244e-06,1.7859122e-06,2.2369548e-05,1.5100738e-05,0.00012250638,1.5508213e-05,0.00062356185,1.4327772e-05,4.4285338e-05,5.5473893e-06,3.1905714e-05,5.4651577e-05,1.898861e-06,5.028207e-07,5.6259946e-06,0.00012816917,0.00013595217,2.1160586e-06,4.0836667e-06,8.5274905e-06,0.0010379688,2.7894268e-05,5.6629744e-07,4.6944733e-05,5.1558077e-06,8.6208216e-05,8.1235476e-07,6.105573e-08,6.9030735e-05,4.3565623e-07,0.00055832264,1.1211968e-05,0.00019221395,2.170224e-06,5.1851246e-05,2.174726e-05,4.6510945e-06,1.9522198e-05,4.7461454e-06,0.00014479113,2.8318161e-06,7.444733e-07,1.5961961e-05,1.6690265e-06,7.182128e-05,5.6228324e-05,0.00012347214,0.0001462754,0.00016671809,4.4326825e-05,4.2137974e-05,6.647635e-06,1.1220097e-05,1.1105244e-05,9.269455e-06,0.08110094,0.016264485,0.00011259384,1.2821555e-05,2.730316e-06,5.4562734e-06,8.689196e-08,6.749075e-06,7.536157e-06,3.263875e-06,1.4362562e-06,0.00050676777,8.520285e-07,1.6288684e-06,8.091436e-06,6.3251946e-06,1.5986761e-05,4.361496e-05,4.0947225e-06,5.25886e-06
BC2026_Train_0017_S22_20211026_233000_050,3.5223085e-05,9.149905e-07,4.7452755e-05,0.0012546225,8.998682e-06,1.3341001e-06,8.831005e-07,3.2216776e-06,9.963316e-05,0.06316057,0.09051774,1.9951274e-06,5.5028948e-05,3.3786452e-07,3.080878e-05,0.00011140466,5.0230824e-06,3.872789e-08,0.0005582444,1.49306325e-05,3.3819474e-06,1.2696411e-05,3.390271e-05,1.9024745e-05,0.00018823735,2.4299347e-06,0.00013979367,6.113157e-06,1.7242351e-06,9.9790246e-05,3.158388e-05,2.2922763e-06,1.44816695e-05,1.4594204e-05,5.8665223e-06,3.5997716e-06,7.8171115e-06,1.3718866e-05,1.9391071e-05,2.8310787e-06,0.000168231,1.3737653e-05,1.60697e-05,1.1918731e-06,4.8516868e-06,3.5657342e-06,3.3716813e-06,1.6256081e-06,9.743654e-07,2.0286343e-06,2.5405918e-06,2.890181e-06,2.8753986e-06,9.186433e-05,3.9729675e-06,6.713862e-07,5.7949474e-06,0.009267685,8.4505146e-08,1.2376416e-05,0.0010416246,7.8946584e-07,3.756172e-05,0.0031830992,0.00019478881,7.853751e-05,4.59551e-06,9.68359e-07,6.240105e-07,3.5105668e-06,6.790698e-07,5.0713373e-07,2.4890467e-05,6.4229265e-05,0.00015605243,0.00045835288,6.935444e-05,0.0016185697,4.429171e-05,3.575585e-05,0.0020733036,1.20676605e-05,3.8358023e-05,1.5093179e-05,5.208586e-05,3.7195783e-05,9.667077e-06,0.00028267258,9.356523e-05,8.415076e-06,9.351055e-05,0.00014244531,0.00017176813,7.826955e-05,0.00012281761,0.00021275482,4.9679988e-05,0.0010142771,8.367306e-05,0.0001041437,5.7120124e-05,2.7540718e-06,0.00037455434,0.03984754,0.018432274,0.00024743687,3.5933613e-06,5.134357e-07,3.576758e-05,2.0931153e-05,1.834132e-05,0.00018316177,1.2329094e-05,1.7850805e-05,1.4597225e-05,0.00011899907,3.617524e-05,0.00013536747,6.536945e-06,0.00017463956,1.2278849e-05,5.2645442e-05,3.7192134e-05,0.00036270567,0.00029814287,1.3204677e-05,0.00011303814,6.622673e-05,2.1385476e-05,0.00076684466,1.5856953e-05,1.187561e-05,2.0658972e-05,0.00016665072,0.00020108047,5.2525043e-05,0.000447894,0.0007068093,0.00030640487,0.7297566,2.103206e-05,1.9463434e-06,2.4670355e-06,0.0012195533,0.035244077,1.5818912e-07,4.5918965e-05,5.8243836e-06,0.00015076122,4.8904585e-05,7.134346e-05,1.9021933e-05,1.5557822e-05,0.00013912267,6.1457424e-05,1.634595e-05,5.1145544e-05,9.97004e-07,0.00092744455,2.9848223e-05,4.7311196e-06,8.487689e-05,8.756744e-06,0.0005427664,0.00011784614,0.0025718966,0.00012560695,0.00025367053,1.8520088e-05,0.000114657196,0.00012721044,1.2522089e-05,3.0220422e-06,0.0001056539,0.00012271249,0.0005603317,9.176776e-06,4.2091466e-05,3.6705394e-05,0.0036030635,0.0002971851,1.6843641e-06,0.00012095605,2.1233735e-05,0.00013568383,4.9157766e-06,2.0571531e-07,0.00010251684,7.196713e-06,0.00036492755,7.757242e-05,0.00015398498,6.3619095e-06,0.00016778868,8.331112e-05,3.0215235e-05,0.00016367152,8.264357e-06,0.0005527299,1.435985e-05,1.0007926e-05,1.6313887e-05,2.5641684e-06,0.0001784378,0.00038325053,0.0003248255,0.00014552416,0.0002395457,0.0001234619,0.00014959116,5.7977322e-05,0.00055522774,2.1609101e-05,2.2892615e-05,0.12625618,0.06474562,0.00022131654,5.7163055e-05,1.9128789e-05,9.80288e-06,1.1565039e-06,2.8307706e-05,4.4713343e-05,1.616364e-05,1.0301885e-05,0.00059730717,2.3759123e-06,1.0696366e-05,2.4461928e-05,1.3096659e-05,4.756162e-05,0.00012807289,6.7900437e-06,1.9463474e-05
BC2026_Train_0017_S22_20211026_233000_055,5.448333e-06,3.533474e-06,1.2613681e-05,0.083204366,8.020717e-06,2.3802486e-06,8.074102e-07,6.4376745e-06,0.0015675006,0.5944924,0.31730887,3.414664e-06,8.473538e-05,3.2848527e-06,3.3349785e-05,0.016484518,3.1346951e-06,2.2002214e-07,0.003436015,1.9862933e-05,2.9262415e-06,5.858942e-05,2.0598596e-05,9.530551e-05,0.0017160812,6.5959784e-06,0.0002961821,5.8905614e-05,6.2826302e-06,0.0010838349,0.00079171185,4.9183516e-05,0.00017764009,8.2703446e-05,3.586031e-05,6.814664e-05,4.1740977e-06,2.8601064e-05,0.00011884065,2.6583115e-05,0.0007798003,0.00024057155,0.0001094207,3.3964163e-05,2.9166404e-05,2.1509446e-05,1.7304672e-05,5.120927e-06,9.390794e-06,9.883957e-06,3.2936125e-05,3.4340526e-05,2.6153451e-05,0.0007266541,7.998467e-05,7.734257e-07,1.1815353e-05,0.43648273,1.255192e-07,4.6850277e-05,0.0063990476,6.032276e-06,0.00036515616,0.055373397,0.0006695323,5.6183628e-05,0.00015357895,1.6863829e-06,2.2005298e-07,0.00016248817,8.526276e-07,1.936014e-07,9.461757e-06,0.00023970012,0.00016842165,0.00016080918,4.0058265e-05,0.001115655,1.7382044e-05,4.217568e-05,0.00076128665,1.5380766e-06,5.287533e-05,3.9512524e-06,0.0004030433,8.99408e-05,1.5023274e-05,0.00016815496,3.2699958e-05,3.8108867e-06,4.1807874e-05,0.00013734364,2.9042922e-05,1.8837834e-05,3.0646792e-05,9.0538764e-05,5.7239264e-05,0.00040923475,3.338711e-05,0.00027657422,5.7037673e-06,3.523846e-06,0.0007630025,0.041648142,0.030036582,5.7997615e-05,4.079043e-06,1.0432093e-06,1.7304623e-05,1.6151958e-05,1.9183888e-05,3.3034237e-05,2.7067726e-05,1.1407594e-05,2.6104588e-05,3.8903905e-05,4.982229e-06,1.8779718e-05,3.0285078e-06,0.00020066676,9.884693e-06,5.0215407e-05,1.6763413e-05,0.00032349632,0.0010937685,7.842522e-06,4.38078e-05,0.0011491337,2.2561333e-06,0.00012073077,1.81922e-05,1.794528e-05,3.370468e-05,9.556252e-05,1.2253607e-05,9.736896e-06,0.00018091542,0.0010265798,0.00041894522,0.17212024,2.3440045e-05,3.7522375e-07,1.3214276e-05,8.603617e-05,0.017261,6.940459e-07,4.3867534e-05,3.7106078e-05,0.00014745088,1.750289e-05,3.0072824e-05,5.3578322e-05,1.0554978e-05,9.623796e-05,0.0002596967,4.8076046e-05,1.1310619e-05,1.8344866e-06,0.00015150438,2.0162337e-05,4.880621e-06,5.409402e-05,1.3239278e-05,9.506653e-05,9.842702e-06,0.023495117,8.0863385e-05,5.2081094e-05,4.0436167e-05,0.00015454025,3.643091e-05,2.0126623e-05,3.4285613e-06,1.2951182e-05,4.7896294e-05,3.605845e-05,2.6255237e-05,4.0713985e-05,7.480199e-05,0.00045787403,0.0001366634,4.8367274e-06,5.021943e-05,4.210982e-06,8.267632e-05,2.3822265e-06,4.209229e-07,0.00015035091,4.2558277e-06,0.0005455563,1.7886796e-05,0.00023099645,2.3431463e-05,0.0002048998,3.6297537e-05,2.2857908e-05,7.446493e-05,1.3556918e-05,0.00018701136,3.00102e-05,3.3416736e-06,2.8428714e-05,2.267542e-06,0.00015075387,0.00018536867,0.00016483628,7.643004e-05,0.00020824057,1.6879123e-05,4.9521153e-05,4.0437357e-05,3.8750874e-05,3.3236567e-05,1.0955495e-05,0.02290772,0.19533184,0.00016012295,5.000744e-05,1.4951779e-05,2.0478648e-05,1.5871939e-06,1.8453693e-05,6.636929e-05,8.3552695e-06,1.4629767e-05,0.0003281444,4.0694263e-06,3.931628e-06,6.060536e-06,4.2949327e-05,4.8387294e-05,0.00014879492,9.496297e-06,3.226641e-05
BC2026_Train_0021_S22_20211106_023000_000,1.7077462e-09,9.613439e-07,1.22211175e-08,2.7175996e-05,7.7102325e-09,2.1325962e-10,3.2996616e-07,3.7131827e-08,9.1408776e-07,0.025252512,0.7381922,8.10115e-07,7.3292995e-07,1.1329789e-09,1.1649038e-09,1.840164e-05,4.3580144e-09,8.99174e-11,2.2303698e-06,2.853474e-07,6.8733232e-09,0.013114247,2.8267655e-07,2.607145e-06,8.525027e-06,1.1424391e-07,3.7800078e-06,1.11548296e-07,9.952409e-09,2.809864e-08,9.217935e-05,1.00289014e-07,1.6984855e-05,3.8518974e-06,8.230491e-07,4.6922247e-07,1.2412926e-07,6.371002e-08,1.4789183e-06,3.8953067e-06,6.3898806e-05,4.5494617e-06,1.615296e-05,8.042465e-08,2.5639216e-07,2.5205128e-07,2.1272285e-07,5.1065076e-08,2.6031888e-08,1.2253118e-08,5.448773e-07,7.1827213e-07,6.9727884e-07,0.00019058425,7.759134e-06,1.8071601e-08,4.977561e-06,0.11656795,5.2368034e-09,2.3112978e-10,0.00032621055,7.7728487e-07,2.188515e-07,0.0002448843,1.04360275e-07,1.3745955e-06,4.5725318e-07,4.4743553e-10,6.172767e-10,4.7174518e-09,3.415867e-08,3.3634738e-08,1.5323329e-06,1.2890137e-08,1.7137341e-05,3.9499048e-07,5.41254e-07,4.9627674e-06,4.0215107e-07,6.374253e-10,3.831136e-06,1.4314767e-07,8.12984e-06,1.1399762e-09,5.566344e-07,5.0227238e-05,1.7913942e-08,1.5498854e-05,1.4536521e-06,6.173759e-09,6.968846e-06,4.962063e-07,4.857239e-09,6.259059e-08,4.8480877e-07,2.8443935e-06,4.744923e-07,1.3010863e-05,7.5644245e-08,5.239244e-07,1.1189366e-06,6.1038264e-08,1.2909288e-06,6.171301e-05,2.6319872e-06,1.6670885e-05,6.147863e-08,9.096353e-09,4.1034377e-07,1.5325099e-05,3.2711166e-06,4.727984e-08,6.8940443e-07,1.6191452e-06,3.140908e-08,1.0658543e-06,2.4179943e-07,2.1729868e-06,1.03311955e-08,6.411846e-07,2.7648748e-06,6.5306835e-06,3.629112e-07,3.2557604e-05,6.584708e-08,4.7285972e-08,9.2921863e-07,4.3866144e-06,5.2692293e-08,8.204168e-07,1.0895518e-06,4.4999733e-09,2.5669104e-08,7.958886e-08,9.496365e-07,1.7072097e-08,3.2430403e-06,2.3169846e-06,5.712923e-07,5.4390352e-06,1.9803261e-08,5.4104966e-08,2.1199902e-07,3.3697522e-06,3.0285714e-06,2.2253016e-07,0.00097562186,1.5945735e-06,4.428932e-09,2.605855e-05,2.985849e-06,6.2410437e-09,5.863194e-07,1.5365283e-06,4.606378e-07,1.8632456e-05,1.3109145e-08,5.642802e-08,3.0679448e-07,6.771708e-09,2.9027381e-08,3.3687713e-05,3.835464e-10,2.1574247e-07,2.2697479e-07,8.6778897e-07,1.0405647e-09,1.6355494e-07,1.9237215e-05,4.991422e-06,1.2376935e-05,1.4540261e-07,1.1686548e-07,2.2116246e-06,4.5632962e-08,4.7243066e-08,1.6495785e-07,2.945038e-08,2.5446061e-05,2.1396313e-07,0.00015243178,1.16820246e-07,4.231537e-06,1.4391202e-05,3.8762185e-08,1.8906057e-09,1.3695535e-07,3.0696685e-07,5.4306143e-05,1.0963074e-07,1.61425e-06,1.5149864e-06,1.0997585e-08,3.173541e-07,2.495502e-06,6.113472e-06,5.4375055e-06,1.6441176e-06,1.4458817e-06,3.8003303e-09,2.489367e-06,2.3583871e-07,1.2527146e-08,9.776357e-06,2.4824658e-06,2.035697e-05,3.7401218e-08,7.487233e-07,5.0832927e-08,2.8112127e-06,3.6181507e-06,1.218934e-05,6.5620878e-09,3.4178345e-05,6.2036834e-06,7.668315e-05,1.8534473e-07,7.120569e-08,2.592435e-07,1.199534e-05,5.0488618e-09,5.676097e-07,1.1511172e-07,3.3735882e-06,3.1147895e-08,6.863061e-05,2.9447236e-08,2.053378e-07,3.1037504e-07,4.521891e-06,2.0306493e-10,1.4853777e-07,7.432731e-08,3.8270733e-05
BC2026_Train_0021_S22_20211106_023000_005,8.142154e-09,6.385624e-07,4.0080597e-08,8.007014e-05,1.2448189e-08,5.0275445e-10,3.5824834e-07,1.0908443e-08,1.3807718e-06,0.057538323,0.7172849,6.37432e-07,8.4737064e-07,4.4922466e-09,9.235036e-09,6.673185e-05,4.8664295e-09,1.2356848e-09,3.4712324e-05,4.0020524e-07,6.951377e-08,0.010363603,3.123038e-07,2.600649e-06,1.2030992e-05,3.4060506e-07,3.551931e-06,2.2201124e-07,7.837781e-08,2.4686113e-08,0.0001499383,4.744394e-07,1.0071079e-05,5.190569e-06,1.9097101e-06,1.9542854e-06,4.740662e-08,6.799018e-08,1.5496934e-06,4.7234057e-06,4.7028792e-05,4.9179384e-06,3.119177e-05,6.445074e-07,3.51801e-07,2.9394604e-07,3.9918558e-07,5.4965593e-08,2.4266335e-08,1.4236847e-08,1.2389572e-06,2.130222e-06,1.4357919e-06,0.00016079187,1.8246586e-05,6.312374e-08,5.6405844e-07,0.36024582,9.688683e-10,3.6849381e-09,0.00076303375,1.6573146e-07,2.3153764e-06,0.00084519427,5.3416824e-07,4.715876e-06,2.0220807e-06,4.2475615e-10,3.270793e-10,4.6051234e-09,2.7244942e-08,8.3355125e-08,2.4380056e-06,3.848005e-08,2.3910738e-05,3.4622e-07,5.766813e-07,3.6464062e-06,4.0626105e-07,1.43184e-09,2.3208213e-06,3.9023e-08,1.5628442e-05,2.8492324e-09,1.2318748e-07,7.871737e-06,3.4776033e-08,1.9519832e-06,9.914912e-07,1.9801147e-08,2.5563847e-06,1.0963143e-06,2.3828581e-09,4.979318e-08,2.2311242e-07,5.012454e-06,4.4001249e-07,2.0933473e-06,9.737806e-08,8.029206e-08,5.5482445e-07,1.0336537e-08,6.8884447e-07,5.1192732e-05,1.930836e-06,5.241866e-06,1.2574503e-07,1.0195998e-09,3.6239658e-07,3.6396013e-05,4.2737582e-07,3.358294e-08,3.9723966e-07,4.76334e-07,1.248842e-07,1.4915199e-06,2.2647835e-07,3.3889492e-07,1.0692763e-08,1.9655025e-07,1.3523927e-06,6.1735304e-06,1.342476e-07,2.3213563e-05,9.872232e-08,3.294017e-08,3.9739086e-07,2.9907735e-06,5.1333238e-08,1.1537454e-06,1.8474032e-07,1.4984712e-08,1.705384e-08,4.3866375e-08,1.4346611e-07,7.153658e-09,6.315261e-06,2.612703e-06,1.1301296e-06,3.1844447e-06,3.359005e-08,2.095443e-08,1.4270073e-07,1.3740738e-06,2.2340057e-06,1.2358626e-07,0.0023135848,5.144473e-07,2.8494989e-09,5.5837468e-06,6.574292e-07,2.4993879e-08,4.0883793e-07,4.2955122e-07,8.122038e-07,6.558295e-06,1.754164e-08,7.1750166e-09,1.09100284e-07,8.663508e-09,8.950767e-09,1.1099928e-05,5.053329e-10,2.3412593e-07,3.7915136e-08,5.4021694e-07,5.078984e-10,1.5128536e-07,4.237124e-05,1.1757203e-06,1.1264268e-05,1.9436656e-07,1.4721242e-07,4.156881e-06,5.284296e-08,7.9120255e-08,9.627906e-07,1.17117365e-08,7.70723e-06,1.9936933e-06,4.6218538e-05,9.839953e-08,4.161689e-06,6.8584627e-06,4.5489223e-08,6.7016797e-09,1.08685725e-07,1.9678299e-07,3.5839385e-05,2.409422e-07,1.703512e-06,7.464618e-07,6.6411365e-09,1.8554759e-07,2.2972597e-06,3.17347e-06,7.9738584e-07,6.0894416e-07,1.2180693e-06,2.9511036e-09,4.574059e-06,1.7613107e-07,3.6171748e-09,3.7105903e-05,3.0199708e-06,1.51541435e-05,2.6672867e-08,3.0418178e-07,1.401992e-08,3.6975252e-06,8.749072e-07,4.961064e-06,3.675406e-09,4.358384e-06,1.6038255e-05,3.5387824e-05,5.208814e-07,1.7464494e-07,3.2010863e-07,1.3037279e-06,9.877596e-09,1.4675325e-06,4.544933e-08,1.6419521e-07,1.08033035e-07,1.0565322e-05,1.0655712e-07,4.2644996e-07,7.482588e-08,4.0341015e-06,2.0530427e-10,3.7167748e-08,8.81787e-08,1.6999375e-05
BC2026_Train_0021_S22_20211106_023000_010,1.17285035e-08,1.1451535e-06,1.46328185e-08,0.00011257645,1.29231985e-08,3.1560018e-10,7.830451e-07,3.5936857e-08,1.2035914e-06,0.32544822,0.87674814,1.372031e-06,4.4344665e-07,4.987852e-09,3.5522973e-09,4.771672e-05,1.1600222e-08,8.8540625e-10,1.5378639e-05,1.3302227e-06,4.0372388e-08,0.06123053,6.5619145e-07,2.6743066e-06,1.6474025e-05,5.118985e-07,1.0854801e-06,1.6583913e-07,1.7970853e-08,8.528981e-09,0.00055679213,2.5700194e-07,8.30702e-05,4.9586374e-06,1.7374138e-06,9.56882e-07,1.2760299e-07,1.4968691e-07,1.0543338e-05,5.523828e-06,0.0002676504,1.9429424e-05,1.8017887e-05,2.950073e-07,4.4864305e-07,4.3009027e-07,8.4389643e-07,1.446018e-07,8.8741565e-08,4.4735827e-08,1.2221162e-06,1.3592353e-06,1.1880499e-06,0.00065831497,1.2380772e-05,5.1971433e-08,8.6909836e-07,0.5091901,2.061771e-09,4.070927e-09,0.0014417884,1.3598365e-07,5.046861e-07,0.0007093681,7.2106195e-07,1.5470192e-06,3.5756914e-06,2.4809144e-10,2.4742148e-09,1.5325464e-09,3.2980594e-08,1.9347037e-07,4.6422456e-06,2.9111769e-08,8.488706e-06,2.2902981e-07,2.0182238e-06,6.242079e-06,7.347446e-07,4.607566e-09,1.5867882e-06,9.15725e-08,2.8634688e-05,3.9475974e-09,1.6406031e-07,1.1890024e-05,4.6339547e-08,2.1135315e-06,5.370445e-07,2.1513465e-08,4.6676423e-06,6.5097197e-07,4.7416004e-09,1.1872384e-07,2.5538745e-07,1.1461674e-06,2.8489956e-07,1.9233823e-05,7.212671e-08,2.4085443e-07,1.1141449e-06,3.1529485e-08,4.2927073e-07,6.924184e-05,1.3104778e-06,6.205872e-06,5.720435e-08,1.036506e-09,5.048594e-07,3.9687457e-05,6.7295673e-07,2.35389e-08,5.4111e-07,1.9695285e-06,4.7156544e-08,1.3681465e-06,1.9869707e-07,1.2477436e-06,1.2096559e-08,1.8427895e-07,3.984982e-06,6.594721e-06,2.2513287e-07,1.1165328e-05,5.197381e-08,4.191583e-08,2.1711028e-07,2.990859e-06,3.812035e-07,6.6183034e-06,4.997034e-07,2.0650623e-08,6.3731285e-08,5.0765482e-08,2.9844662e-07,1.111053e-08,7.3705896e-06,1.0332349e-06,4.6031894e-07,9.181538e-06,6.037803e-08,4.6265452e-08,7.255361e-08,1.7775028e-06,1.6241994e-06,5.0182372e-08,0.0031416186,1.4494603e-06,7.2799624e-09,8.179222e-06,1.3281882e-06,2.8203504e-08,7.5804553e-07,9.590682e-07,4.210518e-07,2.5687901e-05,5.5617104e-08,2.3553183e-08,2.1981076e-07,2.1375218e-08,8.184867e-08,6.7908213e-06,8.5933466e-10,2.9916217e-07,2.825178e-07,1.9826184e-06,1.2885902e-09,9.6456574e-08,3.9334634e-05,1.6646026e-06,1.1516641e-05,9.268834e-08,8.9251316e-08,2.629295e-06,9.9328986e-08,1.3565855e-07,5.894602e-07,2.5833645e-08,3.975018e-06,4.7474492e-07,0.00010907847,1.8352063e-07,2.0064233e-06,1.1364454e-05,5.2533437e-08,3.0613607e-09,1.8785173e-07,1.0348891e-07,1.1765094e-05,3.4960192e-07,6.447487e-06,6.0138325e-07,1.4249017e-08,7.22828e-07,2.6140017e-06,2.188186e-06,1.3775955e-06,9.946857e-07,2.467925e-06,7.827918e-09,2.652483e-06,1.4787771e-07,3.4296141e-09,7.064298e-06,6.7255914e-06,1.2105005e-05,1.4432387e-08,4.8771363e-07,6.7208454e-08,2.250572e-06,9.762276e-07,1.4526415e-05,8.178465e-09,6.037928e-06,1.944672e-05,6.930665e-05,5.9265e-07,2.2367206e-07,3.161904e-07,2.8513873e-06,1.7494662e-08,6.894669e-07,4.4204523e-08,8.4257596e-07,6.433069e-08,1.3326988e-05,3.962906e-08,1.2460987e-07,2.5927045e-07,3.2334913e-06,4.5178677e-10,6.533927e-08,1.0144778e-07,1.6792006e-05
BC2026_Train_0021_S22_20211106_023000_015,1.2319383e-09,7.4925985e-08,1.6279998e-08,3.1150892e-05,1.4537281e-09,2.3678184e-11,1.6097934e-07,1.909935e-09,1.9016414e-07,0.12568203,0.9592546,1.8199435e-07,1.3972955e-07,6.468103e-10,7.0184497e-10,1.7461229e-05,1.157608e-09,2.417183e-11,2.3104951e-06,1.3985922e-08,7.986436e-09,0.00040472197,5.7023517e-08,7.6261733e-07,3.755936e-06,1.2747904e-07,1.6316546e-06,2.1201554e-08,2.2298927e-09,1.3652423e-09,6.175417e-05,2.3092996e-08,4.6703854e-06,1.3484159e-06,3.5684315e-07,8.563755e-08,7.155845e-08,3.319327e-08,6.526714e-07,4.7155876e-07,3.168437e-05,1.2049512e-06,5.0961976e-06,2.3408301e-08,7.7626495e-08,7.65955e-08,5.2621075e-08,1.2581696e-08,3.9065062e-09,2.8099163e-09,1.1957403e-07,1.13094515e-07,1.011157e-07,9.6692645e-05,9.258265e-07,4.5089688e-09,4.103683e-06,0.18728462,7.024731e-10,8.370297e-11,0.000105922125,6.790841e-08,4.3961276e-08,9.392038e-05,8.349292e-08,2.064105e-06,4.145473e-07,2.0375463e-11,2.3217995e-11,1.91414e-09,1.1703832e-08,5.8199667e-09,2.9544253e-06,1.4279489e-08,1.1371391e-05,1.2600108e-07,8.7363475e-07,1.1253778e-05,3.2150498e-07,1.3654818e-09,6.919152e-07,1.4323187e-08,2.2280812e-05,5.2426774e-10,1.6119486e-07,7.973524e-06,6.8940946e-09,2.4007436e-06,2.7804253e-07,1.5950526e-09,1.5497599e-06,9.062602e-07,1.1186053e-09,5.9541915e-08,2.4784651e-07,2.67189e-07,5.983199e-08,8.766018e-06,2.6802244e-08,3.257063e-08,5.721161e-07,6.8662604e-09,1.8645402e-07,2.2733928e-05,4.3373768e-07,7.837922e-07,1.8088151e-08,2.1011999e-10,1.7395993e-07,8.748114e-06,5.997515e-07,1.6648084e-08,1.8243662e-07,4.7050986e-07,1.0819239e-08,4.9983635e-07,2.5149447e-07,2.0343717e-07,9.490497e-09,1.7166994e-07,5.801079e-07,5.121396e-06,8.9777515e-08,1.3789079e-05,3.3778942e-08,6.487839e-09,1.2805454e-07,8.206154e-06,6.080424e-08,1.0795394e-07,4.882055e-07,8.4357565e-10,7.1985666e-09,9.826371e-09,8.364961e-08,1.9278175e-09,4.2229078e-07,1.478443e-06,1.1271082e-06,5.8557903e-06,6.552257e-09,2.5738915e-08,1.0907049e-08,1.5147523e-06,8.669585e-07,1.780497e-08,0.0024110428,2.170282e-06,2.5252243e-09,3.7432842e-06,5.5043955e-07,6.56543e-09,1.6157226e-07,2.3764103e-07,6.583439e-07,4.363208e-06,3.0000493e-08,5.744717e-09,2.4161679e-08,1.8923771e-09,4.207834e-09,1.0545722e-05,8.4696736e-11,1.1693851e-07,6.6576135e-08,2.0936015e-07,1.7380497e-10,2.402501e-08,8.710403e-06,1.0497371e-06,2.7681597e-06,2.1116165e-07,4.097649e-08,5.7811525e-07,3.0980747e-08,9.539499e-09,4.9647616e-07,5.2206675e-09,7.864331e-06,3.8574044e-07,6.222423e-05,5.5919305e-08,2.2404686e-06,3.647074e-06,5.811772e-08,1.9217306e-09,2.7532257e-08,6.8838354e-08,5.0527647e-06,6.567812e-08,1.7214996e-06,6.265435e-06,7.6745904e-10,1.4257246e-07,8.932725e-07,1.044618e-06,6.0571625e-07,2.203327e-07,1.5190343e-06,1.5876921e-09,3.0287396e-07,5.437757e-08,8.962293e-10,3.003995e-05,1.5997263e-06,6.506296e-06,1.2976897e-08,5.970021e-08,2.0232322e-08,1.7936902e-06,1.8669103e-07,8.523069e-06,2.0754225e-09,3.2795851e-06,7.1736895e-06,0.00012477966,3.509361e-07,1.3265978e-07,9.705746e-08,4.2412148e-07,1.6026858e-09,4.3734886e-07,7.472515e-09,2.0865257e-07,1.998258e-08,0.00016807868,2.398765e-08,1.1813384e-07,8.5948294e-08,4.1938705e-07,1.24837e-10,2.9034636e-08,1.0414984e-08,2.5841766e-05
BC2026_Train_0021_S22_20211106_023000_020,3.3784744e-08,1.189804e-06,1.591485e-07,0.00016420282,3.4392848e-08,9.010853e-10,4.8196813e-07,3.1505985e-07,3.5328305e-06,0.22490019,0.8628477,2.0048892e-06,7.51385e-07,6.428565e-09,6.820381e-09,0.00010615915,2.1840627e-08,3.874221e-09,1.2164777e-05,6.315324e-07,4.296806e-08,0.020927073,1.7718062e-06,3.3876838e-06,4.7886566e-05,4.1736263e-07,6.4583055e-06,4.8628505e-07,5.4402157e-08,2.7328163e-08,0.0005730008,5.7297115e-07,6.457447e-05,4.9878586e-06,2.0487043e-06,1.2024544e-06,6.890002e-07,3.3824045e-07,7.2463613e-06,6.958148e-06,0.00014119779,1.8675952e-05,2.4027679e-05,4.4756487e-07,8.124532e-07,7.973684e-07,6.907193e-07,1.9776675e-07,1.3035124e-07,6.7115714e-08,2.5595975e-06,2.6218813e-06,2.4400968e-06,0.00031202598,1.3041572e-05,4.3592884e-08,1.1684665e-05,0.3809225,2.1206287e-08,6.7228942e-09,0.002739093,9.3671383e-07,6.466074e-07,0.0009126442,2.4578276e-06,2.4663298e-06,3.6822287e-06,4.930717e-10,1.6609698e-09,4.4063352e-08,1.0109333e-07,1.1900282e-07,9.019448e-06,5.5173242e-08,6.644921e-05,1.0094108e-06,4.405787e-06,2.8860448e-05,2.5878558e-06,1.8178493e-08,1.1357216e-05,8.570537e-08,7.030829e-05,2.4980105e-08,1.7519241e-06,0.000103297854,1.7074856e-07,1.2681611e-05,3.560549e-06,7.1918855e-08,7.1566815e-06,3.188374e-06,3.2061514e-08,3.8008145e-07,1.2581776e-06,1.9153351e-06,2.0695275e-06,6.2128005e-05,1.5374825e-07,8.3852626e-07,2.4412395e-06,1.642831e-07,2.1784977e-06,9.6041855e-05,5.889342e-06,2.2198183e-05,2.6014575e-07,1.7406192e-08,1.4905517e-06,7.1892406e-05,6.0674993e-06,8.675369e-08,2.7114907e-06,3.6172603e-06,1.3482986e-07,5.4314933e-06,5.10236e-07,2.9779094e-06,3.944084e-08,1.6058649e-06,1.5433867e-05,1.43602065e-05,1.473699e-06,4.58668e-05,4.086582e-07,9.20388e-08,1.1144318e-06,5.1092655e-05,9.1673127e-07,3.487931e-06,2.7926762e-06,3.6045872e-08,2.0275442e-07,5.7452786e-07,1.484187e-06,2.557176e-08,9.048344e-06,2.1057656e-06,2.2389945e-06,3.5438516e-05,3.7879903e-07,3.469531e-07,1.0495129e-06,5.0934864e-06,2.090098e-06,1.9922531e-07,0.003089353,2.4055626e-05,5.242722e-08,3.3109012e-05,5.6595472e-06,1.0835227e-07,1.0127663e-06,4.644291e-06,1.8758296e-06,9.813889e-05,1.0089183e-07,1.204459e-07,1.0748206e-06,4.9917467e-08,3.135055e-07,1.0310082e-05,4.6571498e-09,3.4208406e-06,8.757828e-07,6.8671015e-06,2.5431663e-09,4.5696893e-07,0.00024691815,8.796778e-06,3.1261094e-05,1.0350782e-06,3.6101645e-07,7.5805806e-06,3.665719e-07,5.933546e-07,1.7152182e-06,1.888506e-07,2.6139416e-05,2.6611563e-06,0.00026057148,1.1523588e-06,5.0638887e-06,1.0867523e-05,2.1163139e-07,7.270766e-08,3.9061993e-07,6.9534843e-07,2.8280721e-05,1.542545e-06,6.5337163e-06,3.8044227e-06,7.010442e-08,1.8125471e-06,7.733057e-06,1.5171568e-05,4.3530335e-06,5.7526477e-06,6.529475e-06,5.3447195e-08,7.373346e-06,1.5797928e-06,2.6651762e-08,4.638195e-05,1.7696342e-05,3.3187032e-05,1.3473962e-07,1.984883e-06,1.3534931e-07,1.3211732e-05,4.074541e-06,3.4876e-05,4.8616442e-08,4.147197e-05,2.02755e-05,0.00042040244,2.3568384e-06,4.2005755e-07,3.0550066e-06,2.1205848e-05,8.671034e-08,3.8408416e-06,1.2613741e-07,8.751076e-06,2.2676234e-07,0.00023682823,1.400102e-07,1.019093e-06,1.4023445e-06,1.4135646e-05,3.9323873e-09,5.019841e-07,8.256781e-07,4.6353605e-05
BC2026_Train_0021_S22_20211106_023000_025,2.5117392e-10,8.4248306e-08,1.4559099e-08,1.818582e-05,2.2115987e-09,4.9112946e-11,5.0920843e-08,5.540691e-09,3.0673236e-06,0.03088116,0.813574,1.2620792e-07,3.5761576e-07,5.537023e-10,4.2434725e-10,1.658467e-05,9.172764e-10,9.518805e-11,1.9603613e-06,1.3829104e-07,3.7031165e-09,0.0026606973,5.2172158e-08,2.8511974e-07,1.8507042e-06,7.6684074e-08,3.9174398e-07,9.701452e-08,7.641117e-09,3.1014495e-09,0.000107702384,8.746312e-08,3.5811752e-06,5.0715886e-07,2.3998706e-07,2.3432898e-07,1.0263417e-08,1.2733235e-08,3.0239974e-07,7.139294e-07,1.3157175e-05,1.6524567e-06,5.792002e-06,6.8190836e-08,8.2819156e-08,7.6420385e-08,6.6847804e-08,8.751498e-09,6.4574315e-09,2.7924132e-09,3.202778e-07,5.18366e-07,3.5640505e-07,3.5315916e-05,4.353424e-06,4.2874473e-09,3.1655097e-07,0.2963438,6.9149375e-10,4.4076845e-10,0.00022594267,1.326565e-07,1.4308067e-07,0.0002615417,8.8804214e-08,2.62438e-07,2.616513e-07,2.7057178e-11,1.3880211e-11,2.4166553e-09,3.82907e-09,2.332558e-08,4.4284272e-07,4.0101535e-09,1.070081e-06,3.4922202e-08,1.8216139e-07,1.0105271e-06,7.25999e-07,3.1594768e-10,1.5082526e-06,6.628481e-09,3.4667137e-06,9.466737e-10,2.0953776e-07,9.432494e-06,5.176543e-09,2.31683e-06,2.418548e-07,1.9589308e-09,1.4031606e-06,1.16274066e-07,5.4667554e-10,1.0768757e-08,2.4583008e-07,1.5247674e-06,9.147945e-08,2.4484275e-06,1.0773092e-08,5.7908036e-08,1.284622e-07,8.662104e-09,1.0365187e-07,8.454878e-06,6.0232225e-07,1.3204362e-06,8.370081e-09,4.1998532e-10,6.655532e-08,3.9550114e-06,2.82977e-07,1.131416e-08,1.9407575e-07,2.454405e-07,1.8313347e-08,3.002466e-07,4.2747605e-08,1.5022951e-07,6.5583836e-09,8.807617e-08,2.486439e-07,9.592018e-07,5.816862e-08,1.3127246e-05,9.3815045e-09,4.094296e-09,9.97478e-08,2.2151012e-06,8.6362535e-09,2.0526284e-07,6.180442e-08,1.4275232e-09,1.4857441e-08,5.51222e-09,7.13302e-08,2.91793e-09,8.1850914e-07,7.3809673e-07,2.1187412e-07,2.304461e-06,3.4543781e-09,4.4029393e-09,2.827002e-08,3.3671495e-07,3.7444482e-07,1.03222376e-07,0.00039845306,4.0579795e-07,1.4201204e-09,5.2880036e-06,2.027962e-07,2.0382092e-09,5.4100834e-08,3.4007147e-07,1.3359904e-07,5.6019667e-06,4.7377764e-09,2.2986595e-09,4.2670052e-08,1.1645684e-09,2.2901085e-09,1.1678238e-05,1.1645501e-10,4.021813e-08,2.3529697e-08,4.747947e-07,1.12942274e-10,2.1536295e-08,9.478609e-06,5.4345946e-07,6.263624e-06,8.1308436e-08,1.5961277e-08,3.3855864e-07,1.1135437e-08,2.1364906e-08,6.897675e-08,3.1297114e-09,6.9117204e-06,1.6703464e-07,5.60816e-05,4.6440064e-08,7.965627e-07,2.1590456e-06,4.6415427e-09,1.4298723e-09,2.5056503e-08,7.680133e-08,2.5994292e-05,1.00332635e-07,3.0642894e-07,2.9106302e-06,3.5643033e-09,2.8242477e-08,6.165783e-07,1.2942645e-06,4.461441e-07,2.423884e-07,3.8667156e-07,5.4989235e-10,6.955016e-07,1.1115749e-07,1.6768443e-09,1.1592397e-05,6.9051976e-07,6.0744005e-06,1.2995326e-08,1.7007558e-07,1.2320306e-08,3.1452564e-06,2.963976e-07,2.944659e-06,3.5933208e-09,4.0285036e-06,2.9729067e-06,3.6292484e-05,4.8038952e-08,8.440234e-09,4.8396714e-08,8.495805e-07,1.2180318e-09,2.74209e-07,1.2147448e-08,1.47955e-07,2.3662917e-08,5.620595e-06,7.842204e-09,2.1983317e-07,2.761267e-08,1.45099e-06,5.120994e-11,9.601874e-09,2.58332e-08,3.1171305e-06
BC2026_Train_0021_S22_20211106_023000_030,2.9419922e-10,2.3797531e-07,6.0618124e-09,0.00010255262,2.939486e-09,4.1081374e-11,7.456251e-07,6.646547e-09,4.2793554e-06,0.4085093,0.9465849,5.521888e-07,3.7074545e-07,5.183328e-10,7.8082896e-10,6.845289e-05,3.7365124e-09,1.00773986e-10,5.9112704e-06,1.2992963e-07,6.7262675e-09,0.087594986,3.2627522e-08,4.8764246e-06,6.099361e-06,7.6196685e-08,1.4276759e-06,1.0071972e-08,1.7023154e-09,1.2305081e-09,0.00048164997,1.366958e-07,8.759734e-05,4.0530585e-06,2.2575175e-06,3.6523227e-07,2.8983737e-07,1.4376371e-07,5.109902e-06,5.308138e-06,0.00031830923,1.25298175e-05,3.8809307e-05,1.0506931e-07,3.621226e-07,3.8497456e-07,4.625275e-07,7.322649e-08,3.827531e-08,2.0136154e-08,9.355844e-07,9.100813e-07,8.744283e-07,0.0008330064,9.28733e-06,9.021038e-09,5.0413573e-06,0.81640905,6.2211575e-10,4.970034e-10,0.0007469705,1.717117e-07,6.346672e-08,0.0007015815,7.0404843e-07,3.5282244e-06,3.5355065e-06,2.5775382e-11,3.7577014e-10,4.2862944e-09,1.0707355e-08,3.0399494e-08,1.5923958e-06,1.3016659e-08,2.4436978e-05,3.4189373e-08,2.6645262e-07,1.4933718e-06,2.981158e-07,6.272139e-10,9.241636e-07,2.7248271e-08,4.348518e-05,3.6369935e-10,3.3068503e-07,7.26145e-06,2.1723292e-09,1.3840718e-06,1.504678e-07,1.2794283e-09,9.732084e-07,3.526834e-07,1.2625078e-09,3.30406e-08,1.4332923e-07,7.737438e-07,1.3191647e-07,6.174574e-05,1.0403966e-08,7.398164e-08,2.3806226e-07,6.003994e-08,1.120744e-07,2.0987338e-05,4.5840233e-07,3.33473e-06,1.4960467e-08,2.1730531e-10,2.346763e-07,1.0322419e-05,2.47308e-06,6.5413057e-09,2.9764763e-07,5.082909e-07,1.1269642e-08,5.560618e-07,7.235682e-08,2.9137934e-06,1.4613204e-09,2.0458546e-07,3.8282396e-06,3.3120784e-06,9.489543e-08,2.0194242e-05,7.686431e-09,1.3646441e-08,1.6506691e-07,1.1337142e-05,3.5854697e-08,2.8921173e-07,3.9469373e-07,4.0826353e-10,2.0238536e-08,3.5767815e-08,3.8287723e-08,1.0290506e-08,2.384445e-06,1.2529331e-06,4.8929246e-07,1.4581252e-05,6.556195e-09,4.365162e-08,3.0709238e-08,1.7181208e-06,2.3475898e-06,1.8729467e-07,0.00093454716,9.2986664e-07,4.2879136e-09,2.3022624e-06,9.496727e-07,1.9484604e-08,2.6045154e-08,1.4541399e-07,6.648489e-07,7.704702e-06,7.296964e-09,1.2469195e-08,1.931284e-07,7.0580413e-09,2.6576883e-08,2.7146674e-05,1.0477178e-10,6.591406e-08,4.923495e-08,2.6295132e-07,7.900372e-11,1.9784387e-08,2.3499222e-05,5.46858e-07,6.3922384e-06,2.7857524e-07,4.9929938e-08,3.5007335e-07,2.6529328e-08,3.332045e-08,3.856933e-07,6.2749663e-09,2.7769565e-06,2.1190765e-07,0.00017199692,1.087525e-07,2.9814848e-07,9.299128e-07,1.105112e-08,3.0347225e-09,9.737468e-09,3.5439815e-08,1.2600288e-05,1.0851546e-07,9.2647997e-07,1.8127962e-06,8.862798e-10,4.5694534e-07,4.6669828e-07,8.0316244e-07,9.14046e-07,3.1872898e-07,5.559951e-07,2.645574e-09,1.1200095e-06,1.0471339e-07,4.12485e-09,1.1318388e-05,2.0171558e-06,6.183954e-06,8.03717e-09,3.8975108e-07,1.4631869e-08,1.1122128e-06,9.145622e-07,5.2734945e-06,2.6218538e-09,4.1376948e-06,2.1884741e-06,0.0003004533,6.701095e-08,7.489683e-08,1.6675054e-07,8.265597e-07,1.2678191e-09,2.1792178e-07,4.1797115e-08,3.7765487e-06,2.2844253e-08,4.1511856e-05,1.756072e-08,4.4740094e-08,1.5077578e-07,1.1167468e-06,1.5456264e-10,3.9882018e-08,1.3549364e-08,1.0411159e-05
BC2026_Train_0021_S22_20211106_023000_035,4.524818e-10,2.4048944e-08,4.0234305e-09,7.23181e-05,2.0387887e-09,6.1479245e-11,1.5323006e-07,4.154102e-09,3.500503e-07,0.1315373,0.8086863,1.10041995e-07,1.0954755e-07,1.0197084e-10,1.8911457e-10,1.0264923e-05,1.959611e-09,1.8212093e-11,1.394999e-06,6.283748e-08,1.0530596e-09,0.0045503476,4.0555296e-08,3.7961595e-07,1.1491335e-06,1.913659e-08,1.6462405e-07,8.586469e-09,3.4581996e-10,3.4272079e-09,0.00016131846,2.787583e-08,1.240771e-05,7.807983e-07,1.7846168e-07,8.097877e-08,1.9731475e-08,1.45607375e-08,8.685673e-07,9.976613e-07,2.0417905e-05,3.6129375e-06,4.350478e-06,2.0672415e-08,9.59236e-08,9.691484e-08,3.7443545e-08,5.192038e-09,4.898035e-09,2.2835789e-09,3.3592366e-07,3.307579e-07,3.6425274e-07,7.353459e-05,2.7914964e-06,1.0695939e-09,2.9986418e-06,0.6748171,6.7652883e-10,1.5976216e-10,0.0007485,7.501836e-08,6.323182e-08,0.00089761725,1.3257745e-07,3.7884058e-07,3.5536786e-07,2.4894404e-11,2.5986657e-11,6.6445666e-10,9.110678e-09,6.6894716e-09,4.5118097e-07,5.2349136e-10,2.5665345e-06,3.846222e-08,1.8462583e-07,1.3299095e-06,2.6366877e-07,2.4558208e-10,4.1942508e-07,3.1162795e-09,4.3564764e-06,2.4520483e-10,6.7458636e-08,3.986517e-06,1.7948613e-09,6.234478e-07,4.6590802e-08,1.089326e-09,7.303796e-07,8.467311e-08,1.4330203e-09,7.0045307e-09,1.8434275e-07,8.945861e-07,1.6615443e-08,1.1642064e-05,6.212007e-09,3.614294e-08,3.5939937e-08,1.5470908e-08,2.4967246e-08,3.0142108e-05,5.311589e-07,6.626941e-07,7.60603e-09,2.611387e-10,6.276238e-08,1.9032249e-06,1.5577317e-07,2.2640236e-09,6.70066e-08,4.0106605e-07,6.4186407e-09,3.6561735e-07,2.2196756e-08,4.105524e-07,1.2275241e-09,2.9358011e-08,6.275423e-07,2.9447997e-07,5.849059e-08,7.4782597e-06,4.8080824e-09,9.5783514e-09,4.3213817e-08,1.0976157e-06,4.0428154e-09,2.1935986e-07,5.0076718e-08,9.827059e-10,2.6092573e-09,4.356003e-09,5.8876076e-08,2.5788192e-09,5.945317e-07,2.6498358e-07,2.132776e-07,1.7866458e-05,5.900758e-09,8.702424e-10,5.7565197e-09,3.2770728e-07,8.4969395e-07,4.7431383e-09,0.00026355346,2.2180154e-07,1.67538e-09,8.144679e-07,3.690965e-07,1.3035211e-09,1.8382183e-08,1.4520431e-07,1.3036939e-07,3.2310281e-06,4.6248583e-09,1.0602161e-09,5.3071638e-08,1.3988076e-09,9.934239e-09,1.8963111e-06,2.936284e-11,2.8106252e-08,2.441187e-08,2.2431078e-07,2.936043e-11,2.7706946e-08,1.3701255e-05,6.418349e-07,3.4553232e-06,3.1622353e-08,1.0899957e-08,7.13274e-07,4.0830912e-08,1.1674269e-08,1.155994e-07,2.4364457e-09,1.7463543e-06,5.4777725e-08,3.510886e-05,1.6743234e-08,1.005954e-06,3.4451614e-07,3.6083276e-09,6.3323496e-10,1.2067983e-08,2.8995508e-08,5.7642023e-06,2.4457177e-07,1.924092e-07,4.1260716e-07,7.053569e-10,6.844989e-08,2.7823964e-07,4.043208e-07,1.1038237e-06,1.7433992e-07,8.5780823e-07,5.889747e-10,2.026746e-07,7.281063e-08,1.1165909e-09,1.4859701e-06,7.729863e-07,1.9398485e-06,9.70926e-09,2.1665977e-07,1.909222e-08,3.883408e-07,2.728239e-07,1.3341192e-06,2.8035618e-09,4.124135e-06,3.477534e-05,0.000116549,1.3888406e-07,2.0559325e-08,4.476494e-08,2.3066923e-07,3.6668826e-10,1.6880773e-07,1.3055298e-08,4.6691554e-07,6.6984343e-09,1.1965726e-05,7.092223e-09,3.0278553e-08,4.19351e-08,2.1680033e-07,4.4215673e-11,1.2158993e-08,3.0303555e-09,3.2145635e-06
BC2026_Train_0021_S22_20211106_023000_040,3.4803005e-10,2.3057524e-08,3.074779e-09,1.7096092e-05,6.0227634e-10,9.105487e-12,6.0167613e-09,8.0402784e-10,1.455605e-07,0.25097895,0.933541,3.225515e-08,2.4495126e-08,3.694597e-11,3.5761075e-11,7.1061377e-06,3.960877e-10,3.2779847e-12,2.0131833e-06,9.3603605e-09,2.1128424e-10,0.0013532166,2.164055e-08,3.860849e-07,1.82837e-06,6.389594e-09,4.3504718e-07,4.2464134e-09,3.576546e-10,1.163343e-09,0.000103442566,1.2795438e-08,5.816568e-06,6.7655577e-07,1.11465134e-07,6.398158e-08,8.377731e-09,1.313317e-08,7.4184106e-07,5.450046e-07,4.5418004e-05,1.4029305e-06,4.0658842e-06,9.4899e-09,3.898231e-08,3.0290913e-08,2.6293069e-08,1.9543813e-09,2.7507994e-09,2.2124174e-09,1.2781662e-07,1.3903316e-07,1.3469479e-07,7.537907e-05,2.5386687e-06,5.452791e-10,8.138242e-07,0.5216663,1.0088572e-10,1.527773e-11,0.00031345413,3.566059e-08,1.552148e-08,0.00028308172,2.8849595e-08,1.6108514e-07,8.6588535e-08,2.881341e-12,8.737308e-12,1.2200523e-09,1.3011588e-09,4.963393e-10,1.2419274e-07,6.238434e-10,3.633275e-06,1.4173906e-08,2.1180522e-07,5.2743013e-07,2.4686726e-08,9.746935e-11,2.352854e-07,3.117183e-09,3.0765223e-06,3.474833e-11,1.1282832e-07,1.9542108e-06,1.2984763e-09,7.6471036e-07,6.758111e-08,3.2360556e-10,4.2840045e-07,8.853615e-08,5.3999755e-10,3.7117789e-09,5.5551062e-08,5.534082e-08,1.4600868e-08,6.4023907e-06,3.755367e-09,1.9218083e-08,4.5088672e-08,1.1631698e-09,5.4674697e-08,1.3281084e-05,9.469613e-07,5.1800225e-07,1.876895e-09,1.3855249e-10,6.145249e-08,1.3882889e-06,1.9340284e-07,3.0367897e-09,1.2304454e-08,1.1325036e-07,9.937967e-10,1.4915584e-07,1.9913902e-08,2.403959e-08,8.6380114e-10,2.5101372e-08,2.847841e-07,8.2090514e-07,2.7185251e-08,3.2003556e-06,7.0776154e-09,2.070247e-09,1.9687041e-08,8.1485564e-07,8.738555e-09,2.224062e-08,8.001077e-08,2.0837232e-10,7.901115e-10,1.4266034e-09,8.418999e-08,1.3153921e-09,9.765911e-08,1.4988161e-07,1.08033035e-07,7.8535e-06,1.3007667e-09,1.0908291e-09,5.0097237e-09,3.37509e-07,6.908458e-07,6.678568e-10,0.00016617832,9.4711936e-07,4.976057e-10,1.4258432e-06,2.0550902e-07,7.7790796e-10,4.1848168e-08,5.193656e-08,5.8704064e-08,2.70187e-06,9.658166e-10,1.3713519e-09,2.6268006e-08,4.3500398e-10,2.5437292e-09,5.0658457e-07,1.8372446e-11,3.4590606e-08,1.934334e-08,1.6220308e-07,3.351941e-11,1.0720536e-08,1.17172485e-05,7.3307393e-07,1.4911885e-06,3.2272627e-08,7.712012e-09,1.04374024e-07,7.615887e-09,2.871585e-09,4.43502e-08,5.655392e-10,2.705854e-06,5.435694e-08,3.1845313e-05,1.1148762e-08,3.177051e-07,8.471695e-07,2.350802e-09,1.4281844e-10,3.2185017e-09,1.4028962e-08,1.2193478e-06,2.3362892e-08,1.2912842e-07,5.1859496e-07,3.781334e-10,2.9342337e-08,1.6897185e-07,4.531119e-07,1.9148443e-07,9.756025e-08,3.5369018e-07,2.191367e-10,3.198931e-08,1.12702665e-08,5.9934385e-10,1.929347e-06,2.6843438e-07,7.7367065e-07,2.9212708e-09,7.3733e-08,3.6587733e-09,1.8773801e-07,1.05662174e-07,2.0280909e-06,2.3834432e-10,1.3730233e-06,5.7458165e-06,5.514278e-05,1.4389069e-08,1.9253525e-08,2.2943944e-08,1.097262e-06,7.718523e-11,3.1600223e-08,2.19307e-09,9.1074845e-08,2.6196696e-09,6.2033987e-06,2.12049e-09,1.6671693e-08,1.7109619e-08,1.180925e-07,1.8124663e-11,1.3372673e-08,1.6313342e-09,1.8330455e-06
BC2026_Train_0021_S22_20211106_023000_045,4.080557e-10,2.7712898e-07,1.8017349e-09,8.6115295e-05,2.1549347e-09,2.949081e-11,5.8762872e-08,3.800309e-09,1.065526e-06,0.22171678,0.90215915,6.450824e-08,2.0937375e-07,4.4034745e-10,2.8085967e-10,2.66393e-05,1.6078755e-09,2.218576e-11,1.2443947e-05,3.652862e-08,1.1461593e-09,0.0072031594,1.457652e-08,3.2658397e-06,4.265795e-06,2.935359e-08,3.1853588e-06,5.0183612e-08,3.6280856e-09,5.6749743e-09,0.00020796734,9.026687e-08,2.4261964e-05,5.832221e-06,1.1489866e-06,5.3626604e-07,3.752483e-08,3.1049485e-08,1.9428273e-06,3.4003785e-06,0.00014704581,5.1992088e-06,2.3946608e-05,1.1790918e-07,1.4506243e-07,1.14071675e-07,1.1542776e-07,1.989735e-08,1.16792345e-08,5.0101154e-09,4.630766e-07,4.9667267e-07,4.1888822e-07,0.0005402809,8.307526e-06,3.5726204e-09,5.5423214e-07,0.6142847,1.4340147e-10,3.488056e-10,0.00068565045,6.22831e-08,5.988371e-08,0.00036677657,2.3259436e-07,2.7489314e-06,4.843892e-07,1.9999022e-11,6.5440695e-11,7.231467e-10,3.4939238e-09,2.2423938e-09,3.027209e-07,1.8654922e-09,5.209115e-06,1.1127523e-07,2.0973687e-07,6.593662e-07,6.182871e-08,2.5770575e-10,2.4541708e-07,5.810173e-09,2.9526057e-06,7.983718e-11,6.3752076e-08,3.056732e-06,3.545623e-09,6.526141e-07,1.08926876e-07,4.4856513e-10,9.2746666e-07,2.1722605e-07,4.29382e-10,2.2312085e-08,5.5925497e-08,1.3821509e-07,3.833544e-08,1.1815736e-05,3.537814e-09,1.5100078e-08,1.7835805e-07,3.238237e-09,1.962893e-07,2.6308871e-05,1.1610524e-06,5.224381e-07,8.674438e-09,1.1807927e-10,3.552563e-08,3.5929502e-06,1.2996979e-07,7.7017965e-09,6.16763e-08,2.4720984e-07,7.084314e-09,1.1474903e-07,5.8169064e-08,6.8782704e-08,1.3625836e-09,6.513632e-08,4.40206e-07,9.5146584e-07,2.2295751e-08,2.715587e-06,3.877653e-08,2.1510869e-09,4.6345292e-08,6.7390914e-07,1.938626e-08,9.8133945e-08,1.198941e-07,2.829076e-10,7.396876e-09,6.142141e-09,2.384273e-08,2.1735602e-09,3.6090697e-07,4.5664655e-07,2.2722408e-07,1.1459572e-05,2.230582e-09,2.8009854e-09,1.6515187e-08,2.4558543e-07,3.4803552e-06,9.353614e-09,0.0005441874,2.981067e-07,1.033117e-09,1.2371296e-06,2.2560721e-07,8.845032e-10,4.3163645e-08,1.2331172e-07,1.7121639e-07,1.9751262e-06,3.156774e-09,2.5969789e-09,5.0766257e-08,7.978272e-10,1.2083432e-09,3.3324186e-06,5.2169095e-11,4.3151296e-08,1.4699816e-08,2.1537018e-07,7.3299186e-11,8.105045e-09,6.5435197e-06,2.6759906e-07,3.395553e-06,3.556597e-08,5.222231e-09,3.1407646e-07,5.513387e-09,1.0308364e-08,1.780411e-07,1.6087253e-09,3.2913156e-06,2.4149452e-07,2.9224428e-05,1.8913532e-08,4.0466216e-07,1.1774989e-06,3.5348664e-09,4.9152893e-10,7.25414e-09,2.3064825e-08,2.5417842e-06,7.308933e-08,1.5852575e-07,6.8847936e-07,7.946758e-10,6.074454e-08,2.764345e-07,2.6486032e-07,1.565437e-07,2.4588002e-07,2.1063087e-07,3.169182e-10,2.6768024e-07,5.111146e-08,1.5570516e-09,2.8368247e-06,4.0868434e-07,1.2621026e-06,9.476352e-09,2.1709455e-07,3.1090184e-09,8.665394e-07,1.5608411e-07,4.1817475e-06,7.1027517e-10,1.1055769e-06,7.675586e-06,5.7029065e-05,3.2625344e-08,4.17654e-08,4.939937e-08,4.2237497e-07,4.2080164e-10,1.3635142e-07,4.0766617e-09,1.3686002e-07,3.8119676e-09,9.827872e-06,5.278551e-09,2.5332913e-08,8.543407e-09,1.5743151e-07,3.0038007e-11,1.0674016e-08,4.856813e-09,1.8548016e-06
BC2026_Train_0021_S22_20211106_023000_050,5.942684e-09,6.8105237e-07,7.106214e-08,0.00010888372,1.575043e-08,2.5467764e-10,6.18641e-07,4.1729805e-08,4.645079e-06,0.12070851,0.88988966,2.851417e-06,1.276343e-06,5.1690745e-09,3.5003471e-09,9.854382e-05,7.987168e-09,1.0435282e-09,1.7761402e-05,1.907259e-07,5.3524513e-08,0.024535222,3.4080196e-07,1.486761e-06,1.3974987e-05,2.9879862e-07,3.802127e-06,5.8817704e-07,4.579706e-08,1.9500145e-08,0.000119391196,2.160886e-07,1.1904218e-05,1.4831528e-06,1.0119215e-06,4.7077194e-07,7.677716e-08,3.377076e-08,1.1355106e-06,2.4547048e-06,1.9279678e-05,3.8066041e-06,1.8007733e-05,1.886938e-07,3.8909965e-07,3.0770045e-07,1.8933083e-07,5.2786437e-08,2.7218816e-08,9.3120835e-09,1.0480517e-06,1.4841885e-06,1.0801774e-06,7.694186e-05,5.031664e-06,3.9664755e-08,1.3111979e-06,0.37365454,4.1207056e-09,7.7822404e-10,0.0062412354,6.4601505e-07,1.7755867e-06,0.002872109,2.2551244e-06,2.543217e-06,5.1998836e-06,2.6893676e-10,8.982386e-10,1.1819341e-08,1.6481234e-08,7.585895e-08,9.075297e-06,2.5137162e-08,4.327461e-05,1.6614226e-06,8.1289966e-07,3.7979808e-06,7.7367656e-07,2.7954081e-09,2.3704195e-06,5.0190796e-08,2.0317018e-05,9.787295e-09,6.339823e-07,5.3499847e-05,4.3583572e-08,2.2636597e-05,1.8733715e-06,4.757002e-08,2.4053818e-06,2.9450266e-06,8.971466e-09,2.465142e-07,3.3188113e-07,2.1713915e-06,2.3426574e-07,1.9600866e-05,6.258629e-08,1.9722528e-07,4.0770843e-07,5.367409e-08,1.5654759e-06,0.00012830747,9.416042e-07,1.12210055e-05,1.5323138e-07,7.92078e-09,8.289136e-07,7.361415e-05,3.1060117e-06,3.7547814e-08,2.3041798e-06,7.3709924e-07,1.976591e-07,4.5324214e-06,3.0185953e-07,9.98497e-07,1.37085046e-08,9.831546e-07,7.1192762e-06,5.0298413e-06,8.708565e-07,2.1216933e-05,6.972849e-08,5.956373e-08,5.702178e-07,7.1526083e-06,2.234267e-07,3.4369912e-06,6.6465304e-07,1.2095845e-08,6.946393e-08,1.9551808e-07,5.669108e-07,3.955113e-08,4.129822e-06,3.3172814e-06,1.0651603e-06,1.1902106e-05,9.837945e-08,7.263239e-08,3.3339592e-07,2.4011395e-06,1.5374605e-06,3.3359306e-08,0.004148869,5.3639415e-06,2.056823e-08,9.8534465e-06,4.351818e-06,3.1424058e-08,2.2893634e-07,1.913639e-06,1.4097344e-06,2.119495e-05,3.5344907e-08,4.7450044e-08,9.439287e-08,2.1550838e-08,1.1437494e-07,1.675357e-05,6.6883965e-10,8.293596e-07,1.3026151e-07,2.334981e-06,5.934141e-10,1.7134265e-07,5.833887e-05,5.061991e-06,1.8121746e-05,3.1417383e-07,1.6794654e-07,3.1452716e-06,9.707283e-08,2.2763682e-07,1.5819984e-06,4.47035e-08,1.0067036e-05,2.0329164e-06,0.0002380782,6.735784e-08,2.7724025e-06,4.163594e-06,5.60048e-08,1.564814e-08,2.371588e-07,5.257508e-07,1.405809e-05,4.201092e-07,4.711556e-06,7.2972654e-07,1.0190852e-08,2.957417e-07,6.108215e-06,3.6106505e-06,2.795178e-06,1.9131937e-06,2.7901738e-06,7.586037e-09,5.199417e-06,6.867521e-07,1.865952e-08,6.632981e-05,6.072616e-06,2.5957776e-05,8.0078095e-08,2.8289443e-07,2.4150808e-08,1.0218752e-05,8.9291393e-07,9.179131e-06,3.1869824e-08,1.4700533e-05,6.324766e-06,8.8361456e-05,9.3430145e-07,4.3623166e-07,8.1799493e-07,9.477094e-07,2.3327894e-08,1.923158e-06,1.9410352e-07,1.1897506e-06,6.2543215e-08,5.1785722e-05,1.9502309e-07,6.310279e-07,2.657504e-07,3.0259962e-06,7.1550604e-10,1.1471687e-07,1.452737e-07,2.7872917e-05
BC2026_Train_0021_S22_20211106_023000_055,1.1293824e-09,1.5844684e-07,3.7256257e-08,6.946055e-05,6.9783677e-09,1.6774119e-11,1.989695e-06,2.818044e-08,5.55165e-06,0.17290941,0.83998203,8.531198e-08,4.9828907e-07,5.0447196e-10,4.2999093e-10,7.306974e-05,2.2634536e-09,2.4845276e-10,5.043314e-06,1.8055097e-08,2.1868087e-09,0.012678742,6.408789e-07,7.539424e-07,6.806025e-06,8.6330125e-08,1.4816753e-06,5.635464e-09,4.896792e-09,3.64245e-10,0.00016270195,7.812722e-08,2.7764809e-05,3.866479e-07,5.472431e-07,1.2897446e-07,4.0283584e-07,1.1216914e-07,5.24716e-07,1.4297156e-06,3.2970347e-05,5.135031e-06,6.5691047e-06,1.0619719e-07,2.2738776e-07,1.7655907e-07,1.6349567e-07,2.1330987e-08,2.7858981e-08,1.2764846e-08,5.320233e-07,4.5217993e-07,4.391619e-07,5.9396636e-05,2.7684525e-06,7.0119865e-10,6.5985396e-06,0.83552414,1.7087629e-09,7.937155e-10,0.0024970744,4.6743992e-08,6.2147826e-08,0.00031175627,4.158562e-06,9.945919e-07,3.0056944e-07,1.8483373e-11,8.645519e-12,4.7923415e-10,8.460155e-09,3.2100118e-08,9.682703e-07,2.0592566e-08,4.93464e-06,1.7492299e-07,9.3962706e-07,4.6984087e-06,1.8406222e-07,2.5489841e-09,2.0884211e-07,1.0635566e-08,1.0493414e-05,8.505877e-10,2.3556896e-07,2.1805221e-05,1.307648e-08,1.35068085e-05,1.220803e-07,3.5035328e-09,9.823355e-07,4.120657e-07,1.8344067e-09,1.8953823e-07,1.1615781e-07,1.5439521e-07,4.574485e-08,2.777903e-05,1.9322984e-08,2.132959e-07,8.651975e-07,9.6346426e-08,8.060817e-08,3.477449e-06,3.1282306e-07,1.0395503e-05,4.876317e-08,5.0750815e-10,1.9001476e-07,1.3893012e-05,7.008963e-06,2.5975582e-09,3.0218067e-07,7.159865e-07,2.41899e-08,4.002761e-06,2.4630432e-07,2.7117673e-07,3.1356688e-09,4.2698554e-07,1.4078402e-05,7.414129e-06,2.589524e-07,5.363302e-06,1.7653848e-08,1.5954823e-08,7.897205e-08,9.860054e-06,1.9550204e-07,4.1589485e-07,5.9210146e-07,1.8005121e-09,1.1182539e-08,8.416687e-08,5.44144e-08,6.3427366e-09,4.0667115e-07,7.372497e-07,8.6875616e-07,1.2848865e-05,1.405001e-08,1.1702698e-07,3.0416256e-08,4.775379e-07,1.578538e-07,1.0421125e-08,0.0010696709,2.0233778e-05,3.19979e-09,2.4714038e-06,1.1232945e-06,1.35417695e-08,5.0439642e-08,3.083232e-07,5.870076e-07,1.08697e-05,5.22058e-08,1.5981631e-07,2.1187938e-07,1.8590203e-09,3.621678e-08,7.0983074e-06,1.2358915e-10,5.2199033e-07,1.3312845e-07,2.865191e-06,6.969249e-11,4.5545306e-08,8.761055e-06,8.926567e-07,1.5683387e-05,2.689125e-07,5.4956047e-08,2.9039347e-07,6.521849e-08,5.8879667e-08,1.4218659e-06,4.4984734e-08,4.2986576e-06,9.882914e-08,8.65513e-05,1.2071649e-07,4.3173657e-07,5.8059054e-06,9.357969e-09,2.3952433e-09,3.7907252e-08,1.0934423e-07,1.5283108e-06,1.6155607e-07,8.396746e-07,1.8551359e-06,1.1896487e-08,3.1732324e-07,8.894751e-07,5.9432307e-07,6.845707e-07,5.5281583e-07,4.5234898e-07,3.3045435e-09,5.282749e-07,1.8282047e-07,2.3453919e-09,3.0333202e-05,3.5213131e-06,3.685222e-06,2.5133229e-08,2.0637358e-07,4.07895e-08,1.1349347e-06,1.0867956e-06,3.135024e-05,1.7331941e-09,5.5512896e-06,4.5762054e-06,0.00043504834,6.148121e-07,3.8263117e-08,1.6318165e-06,4.2154483e-07,1.8360625e-09,1.057362e-06,5.1434847e-09,5.176216e-07,1.5216042e-08,0.00010592707,4.1494797e-08,5.379287e-08,3.3339713e-08,7.005809e-07,7.431746e-10,1.2129951e-07,4.8663917e-09,6.7157143e-06
BC2026_Train_0023_S22_20211121_230000_000,1.1967355e-06,1.3085835e-06,1.0436963e-07,0.118768394,2.1881966e-05,2.7570968e-07,9.014219e-06,2.2418533e-06,6.702687e-06,0.8380638,0.096506104,3.038703e-06,2.7288917e-05,2.2100109e-07,3.8586037e-07,0.0001932502,1.1228263e-06,3.7894893e-08,0.008425963,6.017089e-05,1.5495337e-07,1.0202121e-05,6.777778e-06,1.6647772e-06,3.2135376e-05,3.4612128e-07,2.596035e-06,2.246956e-06,1.44657895e-08,0.00213534,0.0001260682,2.061833e-06,0.00018540349,1.0290759e-05,1.6467698e-06,5.1334205e-06,9.1349e-07,2.192351e-06,8.183453e-05,1.877594e-05,9.57025e-05,4.5311317e-05,4.1392223e-06,1.2555191e-06,3.703709e-06,3.8412372e-06,3.1216464e-06,1.1737396e-06,2.4620317e-06,1.3602248e-06,2.4457743e-06,2.5734485e-06,3.0952954e-06,6.5729684e-05,2.9102279e-05,3.9910984e-07,3.01392e-06,0.07649365,8.546263e-08,8.723105e-06,0.00027863492,3.0267438e-06,2.4265273e-05,0.00972735,2.8704679e-05,5.165872e-06,1.3945433e-05,1.8344168e-07,8.3697233e-07,1.1109597e-06,4.7933334e-08,5.2431325e-08,1.8146504e-06,2.4272957e-05,1.4837986e-05,1.3152395e-05,1.3923182e-06,0.00010081095,8.12829e-06,5.1832605e-05,4.4714106e-05,2.0473863e-08,2.3635641e-06,6.862722e-07,2.910336e-06,5.068537e-07,3.4411532e-06,1.0522987e-05,5.703631e-06,5.820752e-07,1.0805826e-05,3.6124944e-05,2.2047541e-07,7.153414e-05,4.4781696e-06,1.4100465e-05,1.3600484e-06,0.001710265,1.1241325e-06,9.809979e-05,7.033692e-07,2.6042003e-06,5.504884e-05,0.56752,0.0055418964,5.2108294e-06,1.6587218e-07,2.4197314e-07,1.5961542e-06,3.6149602e-06,1.8477255e-06,3.564109e-05,1.3056379e-06,3.3089275e-06,5.7623936e-07,9.482271e-06,2.0543546e-06,2.2812786e-05,3.524041e-06,5.632443e-06,1.7727776e-05,1.0651404e-05,3.0483247e-06,0.0001288752,9.960571e-05,2.9041116e-06,2.8870131e-06,2.9246841e-05,7.650964e-08,0.0012677104,3.486574e-06,2.844192e-05,6.3783926e-05,3.153325e-07,7.5192875e-06,2.6626336e-07,4.8354636e-05,6.89925e-05,2.961466e-06,0.011852578,1.3908107e-06,3.443144e-08,2.1243596e-07,1.522698e-06,9.9420104e-05,7.983211e-08,2.057333e-05,9.696227e-06,2.7894826e-05,4.752482e-06,6.8944455e-06,7.244483e-05,5.6927564e-07,4.7305784e-06,5.8859237e-06,1.9316487e-05,1.3883835e-05,3.476204e-08,1.1891528e-06,1.1252168e-05,5.3511326e-06,9.220313e-06,0.00015044039,2.5161135e-06,6.292971e-07,0.00044372067,9.538802e-06,1.5456447e-06,3.0699496e-07,1.946212e-05,1.1513149e-05,1.2695546e-06,1.5891159e-06,3.4004106e-06,0.00025260713,3.1344975e-05,1.6671524e-06,2.85046e-06,7.3888975e-07,1.1832876e-05,2.2673217e-05,3.8306645e-08,3.0501274e-06,2.8975722e-07,2.7431483e-05,2.0304255e-07,6.7010046e-07,6.9720016e-05,2.982085e-07,0.012785853,5.0391704e-05,0.00038494144,0.0001049396,1.0046263e-05,4.741703e-06,1.6701995e-05,1.8951288e-06,4.922265e-06,0.00015360136,1.586264e-05,9.4628786e-07,4.2607027e-07,1.6221973e-08,2.9481114e-05,8.110573e-05,7.328062e-05,4.208541e-06,5.5686764e-06,9.412841e-06,5.473754e-06,2.383567e-06,7.1953204e-06,1.497007e-05,6.1893056e-06,0.017288676,0.7402596,2.562582e-06,1.3365655e-05,7.8393276e-07,1.9084412e-06,1.3097948e-08,5.031483e-07,8.538753e-06,2.1160383e-06,1.5589162e-06,0.00020532086,2.1496296e-06,1.458644e-07,2.3609396e-06,6.7915236e-05,1.9999648e-07,2.6389105e-05,9.696223e-07,4.9637288e-06
BC2026_Train_0023_S22_20211121_230000_005,7.630416e-08,9.720548e-08,1.6230823e-08,0.075765364,2.2822621e-06,2.9289383e-08,7.4279393e-07,2.3738235e-07,8.969502e-08,0.851999,0.15416889,4.5983148e-07,4.88696e-07,5.6937555e-08,6.0877e-08,3.201379e-05,6.5677995e-07,1.1821996e-09,0.002056893,2.48684e-06,2.2593184e-08,3.0823384e-07,9.021074e-07,1.4545004e-07,2.7378883e-06,4.699107e-08,2.147558e-06,4.952183e-07,1.03144995e-08,0.16225739,6.746585e-06,2.7258153e-07,5.2826003e-06,1.3296152e-06,6.010055e-08,1.3438008e-06,9.815657e-09,8.51171e-08,2.8982654e-06,1.0507779e-06,3.709085e-06,1.5818371e-06,2.2683565e-07,1.837751e-07,1.428279e-07,9.396443e-08,2.8415114e-08,9.063118e-09,5.8203913e-08,6.486555e-08,9.7420234e-08,9.901139e-08,1.05001e-07,2.3397022e-06,5.0307767e-06,4.4353246e-08,2.9158176e-07,0.06959575,2.6705942e-09,2.1190279e-07,0.0002922489,2.8423548e-07,3.6983743e-05,0.009491557,7.6281603e-06,2.3272423e-06,8.324427e-06,1.6263988e-07,1.3940565e-08,7.852998e-07,1.5753215e-09,5.0514115e-10,1.9345228e-07,1.378711e-07,2.7525414e-07,3.3651784e-05,1.4031741e-06,1.2641222e-05,2.543508e-07,9.1106085e-06,4.0717864e-06,6.3362393e-10,1.18309494e-07,1.1903365e-08,2.7637435e-08,2.2875017e-07,6.1174276e-08,5.706765e-06,1.8352408e-06,1.09346104e-07,2.348136e-06,1.0003242e-05,4.7763493e-08,6.2183544e-06,2.8500958e-06,2.7917174e-06,9.98885e-08,0.0011667301,2.6767742e-07,1.0603162e-05,1.7239207e-08,1.7213514e-08,1.648325e-05,0.6677593,0.0028536955,1.5251686e-07,2.5752065e-09,1.777979e-08,1.19196585e-07,1.197934e-07,6.0949496e-08,4.8162174e-06,6.956536e-08,3.3097243e-07,1.2367606e-08,1.5635452e-07,8.497565e-08,2.5121494e-07,2.171521e-07,3.1842032e-07,3.9879365e-07,5.7522465e-07,4.0036517e-07,1.0404846e-05,0.0028376605,6.1422256e-08,7.2123737e-07,1.3623942e-06,5.2739924e-09,0.000119623444,1.3244845e-06,7.167145e-05,3.996007e-06,5.2310036e-09,5.1942993e-07,8.5501356e-10,1.1320063e-06,8.393852e-06,6.910699e-08,0.0044033667,5.816474e-07,4.505012e-10,2.9354803e-09,4.8162626e-08,7.1766925e-05,4.5431e-10,2.6548826e-06,1.9413084e-08,1.4112098e-06,8.7242915e-07,9.002596e-07,3.1618438e-07,1.431444e-07,2.0041558e-07,5.6429208e-06,2.4148235e-07,8.157177e-06,1.2600806e-09,1.3623314e-07,8.339224e-07,1.1747739e-07,2.3750033e-07,1.4826755e-05,4.2360452e-07,7.408443e-08,0.0003017503,2.0432178e-06,2.6754648e-07,1.1660627e-08,1.1208803e-05,7.056219e-07,4.3895252e-08,8.586048e-08,1.1569055e-06,3.326082e-05,1.7142615e-06,5.930904e-07,1.6452613e-07,8.93317e-08,1.5453604e-06,7.9396284e-07,9.550909e-10,4.0830905e-06,5.8103755e-08,1.3079573e-05,5.213784e-08,4.671226e-08,2.1480762e-06,3.2111206e-08,0.0007150293,3.0777267e-07,5.248689e-05,8.532498e-07,1.4938986e-07,2.8876744e-07,2.3205425e-06,2.113996e-07,2.903766e-07,6.67302e-05,1.1535376e-06,3.633974e-08,1.3471727e-07,3.2886652e-10,5.79456e-06,1.0509422e-06,2.7851784e-06,5.1155155e-07,5.769157e-07,9.1661235e-07,1.1322393e-05,6.3012885e-07,1.6581446e-07,9.386263e-06,1.0718899e-06,0.22253853,0.064782694,9.356247e-07,1.8058819e-06,1.1616346e-07,3.8492095e-07,1.833326e-09,5.443828e-07,1.2087102e-06,1.487207e-08,2.8221908e-08,1.2864411e-05,3.274786e-07,5.122797e-09,2.1125503e-08,3.3801837e-06,2.4223499e-09,8.111965e-06,1.5240644e-08,6.032983e-06
BC2026_Train_0023_S22_20211121_230000_010,5.127603e-06,4.8334305e-06,2.18179e-07,0.3205003,1.9345207e-05,1.3256076e-07,5.9850986e-06,3.021365e-06,4.553629e-06,0.98214275,0.36793733,8.134858e-06,2.9931734e-06,2.5772994e-07,7.199694e-07,0.00015931897,4.814109e-06,5.7843792e-08,0.013293956,5.245832e-05,2.1123415e-07,4.738411e-05,9.805264e-06,7.140736e-06,0.00023537088,1.1008644e-06,5.3914187e-05,1.4611337e-06,1.507269e-07,0.0053765876,0.0006939043,4.1082917e-06,0.0005641142,2.44429e-05,2.9785397e-06,1.4095181e-05,2.0186299e-06,1.860458e-05,0.00046552226,2.831316e-05,0.0021457828,0.0002687059,8.140003e-06,3.2644757e-06,4.0561868e-06,3.475894e-06,5.7603065e-06,5.6384016e-07,7.784207e-06,1.3413437e-05,4.0879804e-06,2.9223315e-06,3.5782737e-06,0.00057618984,9.412534e-05,1.2740701e-06,1.02384965e-05,0.23791233,2.4103323e-07,1.484541e-06,0.0004322817,3.1386555e-06,4.6372978e-05,0.010846791,5.3165397e-05,1.2790742e-05,0.00012280532,1.125152e-07,6.824093e-06,9.596724e-06,2.4497837e-08,9.144613e-08,5.1313837e-06,7.587558e-07,7.593206e-06,1.3799682e-05,2.6634489e-06,0.000103603765,3.4126551e-06,1.3010676e-05,2.640013e-05,2.1402633e-08,2.532464e-06,1.1270153e-07,3.4542095e-06,1.0713298e-06,1.2129757e-06,5.8566908e-05,3.5129142e-06,6.681605e-07,1.4167362e-05,3.4360473e-05,3.4364692e-07,7.0307084e-05,6.78242e-06,4.216946e-06,1.5053513e-06,0.030323446,1.4481269e-06,0.00010434897,7.1200924e-07,4.812815e-07,4.7320802e-05,0.33028492,0.002473749,8.389083e-06,1.6584356e-07,7.620146e-07,4.4959447e-06,2.3110988e-06,1.9725135e-06,5.610375e-05,5.237481e-07,3.5328471e-06,2.2828749e-07,5.583816e-06,2.072097e-06,1.4877517e-05,9.587188e-07,3.1285308e-06,3.957822e-06,1.25580245e-05,5.9494914e-06,4.2295265e-05,0.00016089308,3.7908558e-07,5.2563933e-06,8.840435e-06,2.9810386e-07,0.0043398715,1.8309407e-05,0.00012804494,8.636645e-05,3.2999353e-07,2.2976428e-05,5.2470245e-08,2.6310528e-05,5.107356e-05,4.1458134e-07,0.0546944,2.9202895e-06,1.7981849e-07,9.1597656e-08,2.1077406e-06,0.000109815286,4.23816e-09,3.49206e-05,3.9785796e-06,1.2542309e-05,1.0427237e-05,4.7976514e-06,1.3629746e-05,1.652586e-06,1.1909486e-05,2.0873427e-05,3.357357e-05,2.46374e-05,7.509825e-08,4.6102195e-06,2.9901548e-06,8.506503e-06,2.1804806e-06,6.433231e-05,2.6341735e-05,2.0216814e-06,0.0015114818,3.3450306e-05,2.8157176e-06,1.2345174e-07,2.5826934e-05,5.0120475e-06,1.4255821e-06,1.8152338e-06,3.88129e-06,3.563446e-05,3.6705326e-06,6.580551e-07,1.9895924e-06,1.8572158e-06,2.2676828e-05,1.7197e-05,3.6442675e-08,4.073993e-06,1.4393714e-06,5.060638e-05,1.2196533e-07,9.604018e-07,6.999972e-06,6.869624e-07,0.0024112896,3.254317e-05,0.00013186205,2.4992529e-05,2.0062655e-05,1.698914e-06,2.2643246e-05,8.573424e-06,1.3492131e-05,0.00013215886,3.8860976e-06,4.7619048e-07,6.7608045e-07,4.7650026e-08,1.3300108e-05,7.628252e-05,2.6427762e-05,1.1704004e-05,4.326604e-06,1.2984981e-05,1.7526076e-05,6.605358e-06,6.9212783e-06,3.4815424e-05,1.3087258e-05,0.06264097,0.25820285,7.182589e-06,1.1660309e-05,3.459127e-07,6.253919e-06,8.331126e-08,1.4111225e-06,2.763504e-06,2.2491943e-06,2.4965084e-07,0.00030345385,9.772103e-07,1.9315732e-07,3.0866026e-06,2.5187992e-05,1.8475355e-07,2.1695369e-05,2.6423513e-07,5.8497473e-05
BC2026_Train_0023_S22_20211121_230000_015,2.7455962e-07,2.5683093e-07,2.2873945e-08,0.037354406,1.6161647e-07,3.8870795e-08,2.613979e-07,2.9011085e-07,7.4345626e-06,0.96166295,0.46356258,1.5663346e-07,6.976646e-07,7.0305113e-09,4.262515e-08,0.00019760097,7.996804e-07,1.4279917e-09,0.00990106,1.3943663e-05,2.951488e-08,3.0682218e-06,4.9548515e-07,9.852589e-07,0.00014110423,2.1139999e-07,1.8393042e-05,3.628067e-07,7.0503745e-08,0.009799031,8.789841e-05,7.622269e-07,5.646745e-05,1.697824e-06,3.6938354e-07,2.4408064e-06,5.100979e-08,9.2533827e-07,2.2031069e-05,1.4950633e-06,0.00021451904,2.5638637e-05,1.4920236e-06,6.931827e-07,3.0861887e-07,2.815503e-07,5.704723e-07,7.9079825e-08,3.5122636e-07,4.5504027e-07,3.2553123e-07,2.5386322e-07,3.0896962e-07,9.12181e-05,8.197167e-06,6.071871e-08,6.8826006e-07,0.24015565,2.8741987e-09,2.6231788e-07,0.0006235717,7.958825e-08,1.2258187e-06,0.010084949,3.8129913e-06,1.2456602e-05,3.1041282e-06,3.205179e-08,5.7516708e-08,2.798624e-06,7.581841e-09,1.2596361e-09,3.1465152e-07,3.2243763e-06,3.880106e-07,7.8409647e-07,1.4013874e-06,2.860756e-05,4.8405298e-08,1.7040448e-06,6.347129e-06,1.6389478e-08,2.3714053e-06,8.425004e-09,2.763586e-07,1.4248072e-07,4.8550657e-08,8.972246e-06,2.5322123e-07,4.630253e-08,5.005742e-06,9.413581e-07,3.9531223e-08,1.214557e-06,3.522532e-06,1.0448479e-05,4.0199654e-07,0.0011882909,2.2490539e-07,2.0908733e-06,5.3302426e-08,2.4514428e-08,4.564956e-06,0.111676894,0.00085175264,2.3228291e-07,1.6390292e-08,1.3664101e-08,1.2375386e-07,5.6868316e-08,7.696509e-09,1.6093404e-06,2.9376272e-08,8.110599e-08,6.5165274e-08,9.570484e-08,1.5874905e-07,5.526077e-07,2.0183455e-07,3.102099e-07,6.059959e-07,1.8151488e-06,3.045513e-07,3.088659e-05,2.6699043e-05,2.5812218e-08,2.2758743e-06,2.9823855e-06,4.0062695e-09,0.0004421234,3.2287214e-06,6.8752406e-06,4.1507055e-06,2.1566875e-08,6.467079e-07,7.367224e-09,4.8068973e-06,1.37314455e-05,1.7956093e-07,0.023012187,2.346933e-07,9.902679e-10,5.2185665e-09,4.2368532e-07,0.0011518263,1.4465644e-09,3.065801e-07,8.198101e-08,1.554885e-06,1.9361796e-06,2.0676207e-07,4.097521e-07,3.3985876e-07,1.8634593e-07,2.487184e-06,7.8865014e-07,4.797363e-07,5.9452665e-10,1.7015896e-07,1.497099e-07,8.243761e-08,5.051113e-07,5.951563e-07,2.586052e-07,1.0043373e-07,0.00029513464,9.862158e-07,2.4303884e-07,5.53936e-09,2.6752023e-06,1.908915e-07,1.3828459e-07,2.039657e-08,1.6102125e-07,7.654155e-06,1.83281e-07,1.3478447e-07,3.133727e-08,3.1834745e-07,2.4551266e-06,2.5139786e-06,1.4734418e-09,1.2545113e-06,1.9203141e-07,1.2037719e-05,1.1201574e-09,2.3331053e-08,4.1956548e-07,1.6069143e-07,0.00030157226,3.0096603e-06,0.00029398012,5.818515e-07,1.2428222e-06,2.9149058e-07,2.5263198e-06,9.561669e-07,1.0808373e-07,0.00010455634,1.7891088e-07,9.331376e-09,1.2902922e-07,8.925604e-09,2.1540006e-06,4.529669e-06,6.377631e-06,9.731267e-07,4.3253167e-06,5.6360855e-06,2.3325433e-07,7.2043724e-07,8.776224e-08,1.6780934e-06,6.277608e-07,0.07750726,0.12027648,2.1378243e-07,2.3074278e-06,1.6684417e-08,5.143051e-07,5.600881e-10,4.5811298e-08,2.3776684e-07,1.1289322e-07,4.8544443e-08,1.4216707e-05,4.9799922e-08,5.7582138e-08,4.699053e-08,1.6183611e-06,6.7381967e-09,1.6323316e-06,2.0773403e-08,2.3565688e-06
BC2026_Train_0023_S22_20211121_230000_020,2.003455e-05,3.9543673e-07,1.4554982e-06,0.017792702,7.571232e-06,4.255251e-06,1.8775769e-07,2.0395694e-06,0.00023788259,0.69978285,0.44270164,2.2267793e-07,9.570841e-06,8.39485e-08,1.7468157e-06,0.000537483,1.493215e-06,6.386831e-08,0.01469121,0.00010658252,4.692619e-07,5.3660595e-05,2.3413726e-05,1.958319e-05,4.9459755e-05,2.5288725e-06,4.2194108e-05,1.0687155e-06,2.4060787e-07,0.0034670804,0.00040791344,7.334541e-06,0.000116393516,1.2369501e-05,3.7966843e-06,7.4128848e-06,4.8134257e-07,1.2354105e-05,0.0001610908,5.5374257e-06,0.00083613134,0.00010613232,3.711344e-05,5.245551e-06,6.498569e-06,5.564111e-06,7.815337e-06,9.493675e-07,1.0191269e-05,1.3433432e-05,6.6221987e-06,6.920974e-06,7.3533815e-06,0.00037576785,4.037028e-05,4.425329e-07,2.8836039e-06,0.3461178,1.3125563e-07,1.1714322e-05,0.0025852716,2.960284e-07,1.3604928e-05,0.11776023,0.00048358046,2.2558197e-05,2.476831e-05,3.1292424e-07,1.878755e-06,0.00023787444,2.019266e-07,3.50732e-07,5.9778367e-06,7.0372344e-06,8.0553735e-07,2.2487932e-06,1.4700603e-05,3.1936244e-05,3.7026637e-06,0.00025597517,0.000110153094,2.833086e-07,6.5623586e-05,4.7380678e-07,4.659937e-05,6.207648e-06,3.59866e-06,1.2962834e-05,1.0805548e-05,2.851934e-06,9.3966155e-05,7.882494e-06,4.906765e-06,9.76348e-06,0.00024184005,0.00033799585,3.007741e-06,0.012019394,4.9126324e-06,4.4362896e-05,2.2483677e-07,4.6680248e-07,6.554715e-05,0.1438801,0.0019087482,9.1813644e-07,1.7772184e-07,6.113042e-08,1.607394e-06,7.9063295e-07,3.70726e-07,1.1342473e-05,2.7156491e-07,3.564667e-06,2.9959062e-06,3.2924113e-06,2.4318356e-06,6.0796807e-05,1.1430346e-06,6.8833697e-06,1.9744652e-05,2.577157e-06,2.7799083e-06,0.0001536976,9.517519e-05,1.9085366e-05,4.6551133e-05,5.8171504e-06,3.5955375e-07,0.0010267504,5.630171e-06,6.705848e-05,5.4869133e-06,6.7747845e-07,6.6909233e-06,1.1891938e-06,0.00045360342,0.00015690259,4.089571e-06,0.037047412,1.1678158e-05,2.3510227e-08,2.2328929e-07,5.799785e-06,0.0011031559,3.364911e-08,1.6328594e-06,4.085782e-06,0.00010034799,8.767039e-06,3.2885264e-06,4.831338e-05,1.8746655e-06,3.9494444e-06,2.5024321e-05,6.0343014e-06,1.6825205e-05,6.546561e-09,9.352773e-06,5.3833424e-05,1.4915441e-06,1.2383514e-06,0.00031165048,3.2822973e-06,1.7783642e-06,0.0022235126,4.138245e-05,2.6389785e-05,1.0478338e-06,3.746124e-05,2.4767529e-05,4.720542e-06,7.091515e-07,3.4396276e-06,0.00017326073,1.4845359e-05,2.0651448e-06,2.573365e-06,2.2325e-06,3.791383e-05,1.6969716e-05,1.2936127e-07,1.6383205e-05,2.6070904e-07,1.755242e-05,5.869975e-07,1.7576126e-07,1.172693e-05,6.200301e-07,0.0017843677,1.2691049e-05,0.002290247,9.372711e-06,6.4136225e-06,1.4461838e-06,5.1102675e-06,8.5823485e-06,9.96809e-07,0.0015168829,0.00010169197,2.3378992e-07,1.831466e-06,8.4438284e-08,1.4629347e-05,2.594461e-05,1.3480634e-05,1.6506849e-05,4.9068974e-05,5.8075428e-05,6.9059156e-06,2.4946169e-06,3.4615637e-06,6.3639935e-05,2.4744486e-06,0.08181782,0.13641939,4.070051e-06,0.00017198102,1.3889083e-07,5.7410784e-06,2.0358556e-08,9.614914e-07,4.5120778e-05,3.2385663e-07,1.7559937e-06,9.259597e-05,1.4209007e-06,1.4087801e-06,1.3635926e-06,3.0359044e-05,1.6132806e-06,8.981953e-05,1.5410909e-06,4.478357e-06
BC2026_Train_0023_S22_20211121_230000_025,3.509715e-08,6.1660628e-09,3.8160777e-09,0.0066900393,5.7785122e-08,5.496766e-09,1.6853098e-08,2.187786e-08,3.4986754e-06,0.6403976,0.28965133,2.7646925e-08,1.4286441e-07,5.5972103e-09,7.475095e-09,2.6120226e-05,1.3039103e-07,4.9743104e-10,0.0006737643,3.143655e-05,5.6739355e-09,9.804665e-06,1.905859e-07,3.2980287e-07,7.713002e-06,9.993042e-08,1.2643055e-07,1.1446201e-07,3.4084595e-09,0.00016397268,0.00012287771,2.5163672e-07,1.5585993e-05,1.4510827e-06,1.17363065e-07,1.3746584e-06,2.3037742e-08,3.9184712e-07,5.9005747e-06,9.5303966e-07,5.4304277e-05,2.8157281e-05,7.038873e-07,4.5260143e-07,2.36715e-07,1.6481619e-07,8.359665e-08,4.33529e-09,1.9534492e-07,2.2421987e-07,2.7229154e-07,3.0558905e-07,2.5820842e-07,3.1880714e-05,1.2873935e-05,2.549947e-09,1.0045998e-07,0.8643655,3.6321268e-10,1.8212579e-07,0.00012837183,7.678961e-08,1.130456e-05,0.12541664,7.1588047e-06,4.1548407e-08,2.4559226e-06,1.735077e-08,1.927028e-08,1.0852581e-07,8.362996e-09,1.0582429e-08,1.0788045e-07,5.084589e-09,7.175362e-08,6.281543e-08,6.624805e-07,5.7632237e-06,2.8279626e-07,3.5598626e-07,8.888536e-07,2.0128743e-08,2.5955174e-07,2.8395324e-09,7.601398e-07,5.7735105e-07,5.0628705e-07,9.941272e-07,9.650202e-08,3.790899e-08,2.3415e-05,2.582306e-07,5.7733562e-08,1.11530625e-07,5.3169083e-06,1.7477088e-06,1.5570762e-08,0.0005080892,4.3478795e-07,2.2142438e-06,5.4572283e-08,1.8521366e-09,2.0217662e-06,0.027595825,0.00053077505,5.662813e-08,1.2925492e-08,2.664077e-09,1.0347983e-07,4.367044e-08,8.3085725e-09,1.4791254e-07,1.5867941e-07,2.0675077e-06,4.0442362e-08,8.5575493e-07,3.5508222e-08,1.2817695e-07,6.689819e-08,1.7569607e-07,2.8950254e-07,1.771232e-07,2.7856487e-07,3.642236e-06,1.654871e-05,5.6531655e-07,2.1729505e-07,2.2205762e-07,2.3150815e-08,0.00010843032,3.3241804e-08,1.4415351e-06,7.367789e-08,8.936865e-09,3.2737287e-06,8.436984e-09,1.6100588e-06,4.997481e-06,6.601988e-08,0.0029398033,4.0551438e-07,6.729394e-10,5.323819e-09,3.806542e-08,4.867047e-05,3.7056652e-10,6.6401697e-07,5.79077e-08,7.0198536e-07,3.262747e-07,6.594135e-08,1.6204073e-07,2.0744484e-07,7.872616e-08,5.1933534e-07,6.520394e-07,1.7210155e-07,7.5817796e-10,5.279565e-07,9.224337e-08,9.1371504e-08,8.120473e-07,3.7029704e-06,1.274179e-07,3.3001905e-07,0.0010149233,1.7192633e-07,1.2165157e-07,5.2667673e-07,3.2463108e-06,5.634327e-07,2.8605111e-08,2.132436e-08,9.631314e-07,2.3954742e-06,3.125982e-07,1.6590225e-07,2.8109392e-07,1.217487e-07,4.542052e-07,9.2345965e-07,9.812904e-09,4.140616e-06,1.0012025e-07,5.2835145e-07,2.7776617e-09,1.4042917e-07,2.476894e-07,1.8475723e-07,0.00023959157,4.0365e-07,1.8264134e-05,4.6958283e-07,1.0512143e-07,3.5907668e-08,3.707419e-07,1.9759646e-06,2.5112968e-07,9.438432e-06,1.5153079e-08,7.0536808e-09,4.1432237e-08,2.840502e-09,1.4970179e-06,2.80527e-06,3.0731513e-07,5.6410204e-07,4.431999e-06,2.7237777e-06,3.9650044e-07,2.8928784e-07,2.1755632e-07,3.1641353e-06,5.321212e-07,0.19503976,0.019954337,5.553189e-07,1.13522425e-07,1.7238976e-08,1.6572417e-07,4.9469195e-10,1.33301e-07,6.899984e-07,3.941851e-08,2.4878922e-08,2.3032483e-06,7.0594446e-08,4.1139514e-09,9.404383e-09,2.0027126e-06,5.5149756e-09,4.940522e-07,7.681595e-09,2.5857316e-06
BC2026_Train_0023_S22_20211121_230000_030,1.0709533e-05,7.7356447e-07,6.521333e-07,0.009666929,1.6698219e-05,1.0072289e-06,1.4148011e-06,3.5673397e-06,0.00032494043,0.75036687,0.8662214,1.7718754e-06,2.2753664e-05,7.732724e-07,4.9646667e-07,0.0010797456,1.7239954e-05,1.5429231e-07,0.0151847415,9.699316e-05,1.0954269e-06,4.2186824e-05,2.1237236e-05,2.2595554e-05,0.00016952564,1.498544e-05,1.629108e-05,6.707304e-06,1.5934683e-06,0.00391721,0.0013783802,2.4702003e-05,0.00041018229,2.4567717e-05,9.5253135e-06,1.9469695e-05,2.5141296e-06,3.094768e-05,0.0003415577,2.8861714e-05,0.0011603622,0.00027725328,9.788159e-05,1.4726534e-05,2.15358e-05,2.0626549e-05,2.0120808e-05,2.3993703e-06,2.206267e-05,2.0533951e-05,2.9135406e-05,2.4911624e-05,3.141063e-05,0.0005286321,0.00020042413,8.794579e-07,1.0424422e-05,0.52334887,2.369264e-07,5.8862315e-06,0.0076053506,4.0647988e-06,9.0752015e-05,0.54986477,0.00010437007,3.048856e-05,1.8351677e-05,7.860843e-07,5.33084e-06,0.00012739301,3.9516001e-07,2.7072375e-07,2.5409467e-05,7.199795e-06,7.053709e-06,1.0076266e-05,4.1506395e-05,0.0005893981,2.4256296e-05,5.8166166e-05,0.00021355478,3.4689265e-06,0.00017431466,1.680055e-06,9.832697e-05,1.4034943e-05,1.1680398e-05,0.0001501797,1.3902052e-05,9.34248e-05,0.00012574297,1.152409e-05,4.0225723e-06,1.8990286e-05,0.0017485771,0.00022501887,3.8512107e-06,0.041600037,5.9283007e-05,3.697563e-05,7.86914e-06,1.3842406e-06,4.1361815e-05,0.24151216,0.002457093,6.551924e-06,1.7996651e-06,3.3456947e-06,9.412473e-06,2.2673257e-06,3.2719247e-06,1.4011019e-05,2.713159e-06,0.00010279445,3.0275804e-05,6.85599e-05,5.5210844e-06,3.691021e-05,5.7984516e-06,0.00016077224,4.5345558e-05,4.934207e-05,3.6163274e-05,0.0005875788,0.00016940814,8.883679e-05,1.7258264e-05,5.2789273e-05,3.8085027e-06,0.0008722288,0.00012390358,6.4780776e-05,5.334924e-06,9.041607e-06,0.00013127166,5.9760523e-06,0.00020030815,0.00020367833,3.474123e-05,0.07131335,5.399919e-05,5.36374e-07,2.8413e-06,2.491588e-05,0.001456649,2.4531127e-08,4.7597573e-06,2.185821e-05,0.00016310583,5.147666e-05,1.4540704e-05,8.009548e-05,7.3244715e-05,1.5250175e-05,0.00010624523,7.174996e-05,4.2662883e-05,1.6555342e-07,1.4848879e-06,0.00014029832,2.7264937e-06,1.9332741e-05,8.920764e-06,1.771696e-05,4.5130975e-05,0.0010686382,0.00012418746,3.8203456e-05,3.648261e-05,0.00010324655,4.1701674e-05,3.6408543e-05,2.744455e-06,1.1570528e-05,0.00041979496,1.0174926e-05,9.278972e-05,3.0144258e-06,3.830794e-05,0.000106559564,7.680558e-05,2.7963138e-06,0.00028382786,4.1851986e-06,4.2681113e-05,3.6648834e-07,4.136436e-06,1.6034232e-05,4.2919273e-06,0.0016902672,0.00011711238,0.0044687786,1.647772e-05,1.8429282e-05,1.6838687e-05,0.00016217395,0.00013197577,7.331967e-06,0.0043913983,5.743959e-06,2.143933e-07,1.6535477e-06,7.1871045e-06,2.5677617e-05,8.259689e-05,0.00019179471,6.113173e-05,1.7814737e-05,0.00013716878,2.8743985e-05,7.870281e-06,1.9443494e-05,3.435055e-05,4.4642653e-05,0.11163273,0.1285325,2.175979e-05,0.0007596894,4.154148e-07,1.6974167e-05,3.3070995e-07,3.542432e-06,3.502135e-05,6.3702323e-06,4.387705e-07,0.00016549583,6.861184e-06,1.1598262e-06,9.012956e-06,8.927719e-05,3.614643e-07,5.5731016e-05,6.0693164e-06,0.00031248055
BC2026_Train_0023_S22_20211121_230000_035,4.6876985e-06,2.1080057e-06,2.2331506e-07,0.009356353,0.00013179128,1.4315917e-06,2.0474172e-06,3.0825293e-05,0.001979759,0.22534591,0.72024035,2.8801985e-06,1.6428952e-05,4.7764087e-07,9.551972e-07,0.00047999265,9.9130324e-05,1.3840555e-07,0.00058315735,0.0011965984,5.9216127e-06,3.4355693e-05,0.00016256844,2.601254e-05,3.7885166e-05,2.5552852e-06,1.4838424e-05,3.7648113e-06,1.6671572e-06,0.0035948795,0.0023240822,1.5640431e-05,0.00064488116,0.00010611391,1.7377073e-05,2.845866e-05,4.6990313e-06,2.2710004e-05,0.00041251603,0.00012614312,0.0008027572,0.00032120495,0.00016952645,1.3073e-05,4.667057e-05,4.2279535e-05,2.9948846e-05,5.0049593e-06,4.0770483e-05,1.4827448e-05,7.717164e-05,7.228859e-05,7.5528515e-05,0.000696771,0.00042658913,5.289983e-07,4.3430073e-06,0.26091927,4.3029297e-07,1.3058571e-05,0.0031559921,8.238578e-06,0.00043149677,0.5204059,7.369661e-05,4.238035e-06,1.0840031e-05,9.220789e-07,1.2866864e-05,1.1082403e-05,2.9064506e-07,1.4376102e-06,1.6620928e-05,1.945102e-06,6.2745357e-06,2.2523996e-05,0.00010254861,0.000835097,0.00022127962,0.00027960358,6.379323e-05,5.0889903e-06,0.00040092668,2.9166517e-06,0.00011887443,0.00044424695,0.0006255396,0.0003369126,5.3670265e-05,9.106331e-05,0.000793483,2.0711721e-05,2.3946177e-05,0.0001013116,0.00790841,0.00011260802,2.266537e-05,0.012734962,0.00053010235,3.1942396e-05,3.2436583e-05,1.3657948e-06,6.0588627e-05,0.41759017,0.0033364694,6.3182674e-06,6.180576e-06,7.309459e-06,1.1841117e-05,3.13442e-06,1.084585e-06,2.5351306e-05,1.6055945e-05,0.0011230974,0.0005191529,2.9885248e-05,2.023894e-06,0.0001402713,1.9327745e-05,0.00011287722,0.00015949042,2.2147306e-05,2.1338989e-05,0.0007305688,0.0004365614,0.0013417712,6.359602e-05,2.723632e-05,1.9393587e-05,0.00049761747,7.233397e-05,8.5564076e-05,1.5585652e-05,2.3835244e-05,0.00040136374,1.1652294e-05,0.00017097936,0.0002723163,1.4382628e-05,0.016306233,0.00013592029,1.3121248e-06,1.839785e-05,1.4602056e-05,0.00018733816,4.9134013e-07,2.7654323e-05,3.278089e-05,0.00033353432,4.347962e-05,4.4131455e-05,0.00014745186,0.00017128106,0.000106854444,8.0243415e-05,0.0008697759,2.049037e-05,1.9699173e-06,2.555178e-06,0.000745112,9.04115e-06,6.848025e-05,0.0003307346,2.7942962e-05,9.268661e-05,0.00081773684,0.0014042566,0.00011551152,0.0005130297,0.00047609184,7.832503e-05,7.044351e-06,3.9533143e-06,3.9381997e-05,0.00076018256,0.00020678551,0.00015601865,8.378337e-06,4.3273663e-05,5.1470575e-05,0.00021710058,3.732442e-05,0.00058137334,5.544406e-06,0.00014887936,2.6130347e-06,5.5080138e-05,4.953523e-05,1.4549402e-05,0.0045016264,0.00023190299,0.0028881428,5.2911142e-05,6.3558996e-06,5.012092e-05,0.000219784,1.8597555e-05,4.060956e-05,0.0010132457,3.0619885e-05,2.8159861e-06,1.3865693e-05,5.0355093e-06,6.319261e-05,0.000114135335,0.0008040453,5.6871668e-05,1.568955e-05,0.00018067923,0.00015089625,2.18005e-05,1.4576886e-05,0.00012838874,0.0004251988,0.01401452,0.07703312,2.7592261e-05,0.00033971557,1.3218776e-06,2.3525548e-05,5.6284853e-06,4.994196e-05,0.0002953626,3.3658694e-06,2.597813e-07,0.00027070128,1.8620609e-05,7.481373e-07,1.6890209e-06,0.001218664,2.1557207e-06,7.896851e-05,3.4827248e-05,0.00023950297
BC2026_Train_0023_S22_20211121_230000_040,1.2729649e-06,1.74575e-07,1.6132574e-07,0.004988817,7.034295e-06,5.149986e-08,1.422997e-07,8.7021965e-07,0.00020831841,0.29691103,0.39802682,2.7390895e-06,3.0913338e-06,1.8456277e-08,1.2385645e-07,0.00019903107,1.03412685e-05,8.483829e-09,0.00035532733,6.2940315e-05,4.4680408e-07,0.0001429572,1.7063596e-05,1.0660729e-06,2.6938867e-05,1.001256e-07,2.3637308e-06,1.6307571e-06,6.12024e-08,0.00037233392,0.00018705647,1.1156399e-06,3.6676214e-05,3.701643e-06,1.0058437e-06,1.8382239e-06,3.0037145e-07,3.3903077e-06,2.5745929e-05,8.0841555e-06,8.4386294e-05,3.3091652e-05,7.0151145e-06,1.0809513e-06,4.763767e-06,3.4560255e-06,2.4191365e-06,2.0367594e-07,2.01365e-06,8.6108344e-07,6.300487e-06,5.239377e-06,7.3879646e-06,4.4708093e-05,3.0652638e-05,8.27238e-08,1.9514849e-07,0.37090543,5.0554736e-08,2.4521057e-06,0.0013599764,4.9620294e-06,0.00026033184,0.43408984,5.4302884e-05,4.57641e-07,4.089002e-06,2.6080647e-08,2.6361468e-07,5.4150905e-07,2.3812554e-08,2.0935877e-07,2.0442155e-06,1.2985444e-07,3.0064878e-06,4.750737e-06,7.1158343e-06,0.00011053557,3.038091e-05,7.5401827e-06,3.207469e-05,2.4543624e-08,3.4512428e-05,2.3723751e-07,4.4184766e-05,1.5890984e-05,6.6376324e-06,1.6143553e-05,7.631312e-06,3.8230296e-06,4.2375766e-05,1.0302582e-05,5.5212826e-07,1.6369162e-06,6.754463e-05,1.2038637e-05,1.3251099e-06,0.00078637525,5.3246513e-06,1.6872042e-05,6.5751567e-07,4.6021626e-07,2.3354874e-05,0.119124524,0.0016246593,3.169221e-06,7.7822085e-07,5.973273e-07,1.1991311e-06,1.9826807e-06,6.9609487e-06,3.5470835e-06,4.1465114e-06,0.00013624286,1.170934e-05,1.9735764e-05,1.4736625e-06,8.754563e-07,1.2142234e-06,9.968063e-06,6.6899665e-06,3.1455536e-06,1.1028211e-05,0.00016562734,3.449354e-05,6.8251147e-06,3.587369e-06,5.2278924e-06,9.293747e-07,7.840387e-05,6.88119e-06,1.5333751e-05,1.1884454e-06,1.4933005e-06,5.7880203e-05,1.1645334e-06,4.6950106e-05,6.023479e-05,5.7660773e-06,0.00556326,1.1374885e-05,7.201893e-08,1.0301121e-06,1.7772861e-06,5.6765803e-05,2.4025148e-08,0.00011145629,4.2861925e-06,3.8887592e-06,5.11094e-06,8.663686e-06,1.571192e-05,2.5771053e-06,3.4735203e-05,1.332348e-05,0.00016295628,1.6321401e-06,4.278366e-07,8.166005e-07,1.1138846e-05,1.0248775e-06,1.1720512e-05,5.222635e-06,1.0685335e-05,9.524903e-06,0.0005712596,8.27614e-06,1.7937446e-05,4.5933197e-05,6.015437e-05,1.3483489e-05,2.9649732e-06,1.0982418e-06,9.340793e-06,4.355843e-05,4.705543e-06,5.9057484e-06,3.4631255e-06,6.3405445e-05,1.8872539e-05,0.00017825261,6.072473e-07,3.2457625e-05,1.6969562e-06,4.946594e-06,2.4301636e-07,4.91401e-06,7.6535125e-06,1.4568787e-06,0.00042834337,8.414227e-05,4.36398e-05,3.3364608e-06,1.8704098e-06,5.8881014e-06,3.343988e-05,1.1841852e-05,9.728181e-06,6.387852e-05,5.473548e-07,3.005986e-06,6.24304e-07,2.2025391e-07,3.662913e-05,5.1950483e-05,0.00012398169,4.950657e-06,4.591576e-06,7.1735803e-06,8.960583e-06,4.859753e-06,1.380446e-05,2.1237398e-05,6.3743915e-05,0.008021015,0.78255224,1.1712216e-06,1.090078e-05,1.4596991e-06,1.7944603e-06,2.1565955e-07,2.9450293e-06,1.3351006e-05,1.3927233e-06,3.106872e-07,5.0594175e-05,1.5602325e-06,7.388291e-07,1.5633543e-06,4.970714e-05,2.9645835e-07,3.0135381e-05,1.0456985e-06,0.0001479479
BC2026_Train_0023_S22_20211121_230000_045,5.5922294e-07,2.3843558e-07,3.1820807e-08,0.0070588035,1.7480172e-06,3.2440244e-08,4.2261348e-08,2.5863603e-06,0.00039550225,0.1122294,0.7492321,2.408384e-06,2.7801575e-06,3.3439125e-08,1.3114952e-07,0.00092786003,3.938961e-06,2.5716234e-09,0.0005480933,5.1443585e-05,1.2451915e-06,0.0001900899,7.81024e-06,9.740041e-07,1.2721452e-05,2.6763626e-08,1.4970977e-06,1.5051373e-06,3.8021378e-07,0.0035277908,3.7454774e-05,7.2382613e-07,5.3495814e-06,1.1435122e-06,3.7696722e-07,8.8745605e-07,1.0105107e-08,2.120702e-07,3.995134e-06,1.5413407e-06,1.09173325e-05,4.5976053e-06,7.097177e-06,6.9654243e-07,1.1785988e-06,9.666927e-07,5.5138105e-07,7.142128e-08,4.0635524e-07,1.8336492e-07,1.8930641e-06,1.8775676e-06,1.9401853e-06,1.13859105e-05,7.925255e-06,6.817549e-08,4.851686e-08,0.16288121,1.1407903e-08,3.8489637e-07,0.0052977344,4.737327e-07,0.0014059546,0.8102195,3.7636015e-05,3.6414127e-07,8.301863e-06,2.3047015e-08,4.2752254e-07,5.4408275e-07,2.697198e-09,2.1060598e-07,2.0434593e-06,5.919078e-08,9.79104e-07,4.9090395e-06,7.5976827e-06,3.510146e-05,1.2071977e-05,4.559234e-06,2.6520747e-05,1.144742e-08,1.3073787e-05,4.6140454e-07,1.1164519e-05,7.976756e-06,2.4995845e-06,3.3471304e-05,2.7347167e-05,4.782927e-06,2.0572488e-05,3.244101e-06,9.592786e-07,1.2651823e-05,0.00027569645,7.1822665e-06,6.8954773e-07,0.000119128264,1.4202818e-05,5.2537416e-06,1.8433994e-07,2.118583e-08,1.9698025e-05,0.05333437,0.0003340056,7.756358e-07,1.3681827e-07,4.6488103e-07,2.7450649e-06,8.097744e-07,5.3624564e-07,8.198769e-06,1.821148e-06,1.1493008e-05,1.2348781e-05,8.460775e-06,2.7855293e-07,8.171996e-07,9.90429e-07,7.745375e-06,4.7904455e-06,2.329074e-06,1.7426578e-06,0.0001557924,1.1841706e-05,8.704681e-06,6.5541867e-06,6.141897e-07,4.678404e-07,4.2616528e-05,9.785675e-06,3.8558304e-05,7.9160776e-07,1.2007275e-06,1.6390268e-05,1.6791213e-07,2.5939315e-05,4.0148945e-05,1.3433896e-06,0.0003919041,1.43813795e-05,1.3844854e-08,1.4467175e-06,1.142736e-06,1.4491617e-05,4.981624e-09,5.431737e-06,1.6251787e-06,6.535157e-06,4.511351e-06,5.2687647e-06,4.5323213e-06,3.1859756e-06,5.5354035e-06,6.0746374e-06,6.488885e-05,1.4105221e-07,6.79977e-08,5.771242e-07,9.633651e-06,1.6057469e-07,1.5035206e-06,3.3678698e-06,2.1154874e-06,6.763507e-07,0.0009012123,9.94426e-06,9.82866e-06,2.3558752e-05,4.9232458e-05,8.0339605e-06,6.715181e-07,6.012887e-08,1.8887579e-06,1.229257e-05,7.205327e-07,1.5331062e-06,3.927611e-07,2.1003398e-05,1.2080073e-05,3.4602297e-05,1.0720253e-07,5.0276645e-05,6.8580573e-07,8.98557e-06,4.4149544e-07,4.741576e-07,7.373626e-06,1.2203682e-06,5.728436e-05,4.707752e-05,2.0938063e-05,3.4712653e-07,7.7027596e-07,5.4721827e-06,1.9125177e-05,3.2048174e-06,2.5550341e-06,4.5443263e-05,7.3853676e-07,5.4838307e-07,5.690096e-07,4.2745807e-08,1.180328e-05,8.616004e-06,5.9825023e-05,4.159677e-06,2.169421e-06,2.8020695e-06,1.362195e-05,2.934041e-07,4.183786e-06,6.2987147e-06,6.0658338e-05,0.003172238,0.011345271,7.7429735e-07,3.5840858e-05,2.9400238e-07,1.7425313e-06,2.6765292e-07,1.6046877e-06,2.2694352e-05,3.3029738e-07,7.9266165e-08,1.2483194e-05,6.2632085e-07,4.4380792e-07,2.7230973e-07,4.4128345e-05,3.518146e-08,1.7596347e-05,3.601681e-06,2.9562505e-05
BC2026_Train_0023_S22_20211121_230000_050,8.6304535e-06,3.4421348e-06,2.9550233e-07,0.02026335,1.5015337e-05,2.8599607e-07,2.2544333e-07,2.1561365e-05,0.00041972368,0.24625848,0.69909215,5.0340113e-06,5.307824e-06,1.8106557e-07,2.041932e-06,0.00037562818,1.0449894e-05,3.8404746e-08,0.0005663019,7.152363e-05,3.2283547e-06,0.00016477799,5.110454e-05,7.305333e-06,1.8907378e-05,2.3899628e-07,2.7064783e-05,9.018303e-06,4.8487536e-06,0.012358272,0.00012237245,5.6057024e-06,1.6822221e-05,1.9602492e-05,2.392627e-06,9.385691e-06,2.8940457e-07,2.6251112e-06,3.8294973e-05,9.958343e-06,8.195557e-05,1.7439943e-05,2.5224e-05,4.1567623e-06,4.5148927e-06,3.7260033e-06,1.6256265e-06,3.490499e-07,1.9222762e-06,1.5422097e-06,4.9629098e-06,5.1919897e-06,5.1916927e-06,5.7713754e-05,5.15186e-05,7.8605285e-07,1.620837e-06,0.06621684,7.128165e-08,6.136913e-06,0.0016905988,8.869483e-07,0.0028371504,0.31072524,1.3996421e-05,2.9885211e-06,6.170943e-05,2.3896666e-07,1.2568656e-06,1.5052294e-06,2.24358e-08,2.2739728e-07,5.0818758e-06,3.8394245e-07,2.5475632e-05,2.51499e-05,1.2554121e-05,0.00010768133,4.3061696e-05,5.7644338e-05,0.00011457425,5.0984397e-08,4.211925e-05,2.2395627e-06,1.7859082e-05,1.867775e-05,1.8021186e-05,0.0002505202,0.00011263368,1.7412389e-05,8.425587e-05,3.3969445e-05,2.190345e-06,3.9461735e-05,0.0006132661,2.9576659e-05,7.0859573e-06,0.00089618156,1.8719693e-05,1.2894356e-05,2.2207316e-06,1.912171e-07,0.00014248957,0.19885999,0.0010529702,7.4416985e-06,7.0896493e-07,1.2754829e-06,6.663173e-06,7.982928e-06,2.8772636e-06,4.049266e-05,1.8291763e-05,4.144548e-05,2.2282065e-05,1.9633791e-05,2.346665e-06,7.0760307e-06,5.383544e-06,2.0785368e-05,2.0489197e-05,1.1559809e-05,8.138396e-06,0.0002563601,0.00040189995,1.700792e-05,3.2458927e-05,6.6874527e-06,2.4045517e-06,0.0001506859,6.8732385e-05,0.00020321045,9.059482e-06,4.434684e-06,0.00010353819,2.7535677e-07,0.00014930643,0.0002210658,6.403825e-06,0.0022336408,2.4706525e-05,7.178181e-08,3.406773e-06,1.2124728e-05,7.824895e-05,4.6015778e-08,3.4567736e-05,2.592868e-06,1.8214405e-05,3.204528e-05,1.17464615e-05,2.0089958e-05,1.7577664e-05,2.4340017e-05,2.9920611e-05,0.00015800113,2.4070225e-06,2.948377e-07,1.2642499e-05,3.7122256e-05,8.461392e-07,2.7340388e-05,3.981589e-05,1.9300449e-05,2.8973313e-06,0.0017117123,7.849618e-05,4.5285273e-05,1.2878749e-05,8.614691e-05,2.4385718e-05,6.9682283e-06,1.8973982e-06,4.2491458e-05,6.26245e-05,8.43102e-06,1.7906088e-06,1.7644509e-06,3.7863894e-05,0.00011011456,0.00019673617,6.1638605e-07,0.00015501487,2.2443048e-06,4.951596e-05,2.3950129e-06,3.9416104e-06,3.860831e-05,4.3015816e-06,0.00078204175,8.5935484e-05,0.00021577303,1.7418586e-06,4.742969e-06,4.5540528e-05,0.00011854243,1.405317e-05,6.5168842e-06,5.9072012e-05,4.221533e-06,3.4336429e-06,4.4248195e-06,2.4017137e-07,6.954312e-05,9.201258e-05,0.00011350453,2.4332077e-05,3.151547e-06,1.4724989e-05,0.00014907938,8.152357e-07,1.626337e-05,2.9337629e-05,0.00015031292,0.028472004,0.016458007,7.090932e-06,7.795366e-05,4.8365982e-06,5.176218e-06,1.3981621e-06,1.2461367e-05,3.579894e-05,3.3246322e-06,9.063984e-07,0.00015688,1.7348542e-06,1.485854e-06,2.2014776e-06,7.9909034e-05,9.731327e-08,2.6027205e-05,8.569565e-06,7.2486495e-05
BC2026_Train_0023_S22_20211121_230000_055,5.140705e-06,1.0455898e-06,1.8670454e-07,0.0047308113,5.1886686e-06,3.9489368e-07,3.738942e-07,1.8441202e-05,0.00018069784,0.19748202,0.58219415,1.1178955e-05,9.5585365e-06,6.9875746e-08,1.283152e-06,0.00034359074,2.9912451e-05,2.5776648e-08,0.00033628978,4.2226067e-05,2.998725e-06,7.478295e-05,0.00011872524,1.1416325e-06,1.5695266e-05,4.3026424e-07,7.2966927e-06,6.1065493e-06,1.3447662e-06,0.003199877,0.00010813707,1.6447999e-06,1.3240174e-05,6.0341285e-06,7.9386894e-07,2.224613e-06,2.513247e-07,9.804307e-07,3.0299867e-05,4.437273e-06,3.3052795e-05,1.28398615e-05,4.9956793e-06,8.095768e-07,3.3889248e-06,3.3894094e-06,8.5212025e-07,2.267247e-07,1.0572452e-06,6.248234e-07,3.4385025e-06,3.0696704e-06,3.774471e-06,2.521337e-05,1.4221102e-05,1.0304786e-06,2.4724952e-06,0.011291017,3.5424245e-07,1.3539193e-06,0.0010201387,8.709572e-06,0.0006223634,0.11605605,6.8555205e-06,9.4766966e-07,1.5241976e-05,7.805051e-08,8.5678e-06,3.3942742e-06,5.0246733e-08,1.6459784e-07,1.5792468e-05,3.8711244e-07,2.1145832e-05,3.4470326e-05,4.5237535e-05,0.0007515871,0.0003234041,4.5716708e-05,0.00027000892,5.7288652e-08,0.00041605264,8.947475e-06,4.54492e-05,5.782895e-05,3.2040756e-05,0.00048236188,0.00055437075,2.707937e-05,8.161842e-05,5.4035194e-05,9.253382e-06,2.5052403e-05,0.00050149206,6.5859305e-05,9.127828e-06,0.0009850356,5.612006e-05,4.492872e-05,1.6477106e-06,6.3143904e-07,0.000174442,0.1028082,0.0010504103,1.5595493e-05,2.7604829e-06,6.2166114e-06,1.8923722e-05,1.1637557e-05,8.968713e-06,0.00013107216,2.7187274e-05,7.9560945e-05,3.271309e-05,3.241185e-05,5.2161445e-06,1.9646977e-05,1.6446635e-05,4.4303495e-05,6.155872e-05,4.368048e-05,4.535269e-05,0.0007938744,4.5606674e-05,7.534629e-05,4.4698587e-05,2.7935424e-05,2.8300826e-06,0.0018283876,0.0002299305,0.0004342766,8.669447e-06,1.1558508e-05,0.0002568379,4.3988456e-07,0.00020212638,0.000591606,1.5545365e-05,0.0008451597,8.8254594e-05,3.6909017e-07,8.06939e-06,2.8632256e-05,3.6761405e-05,1.3607759e-07,0.00014808566,5.7443933e-05,5.7214376e-05,4.7918955e-05,8.137867e-05,4.89127e-05,9.816875e-05,0.00011364565,3.5284742e-05,0.0022578645,2.000254e-06,7.8849894e-07,4.4011927e-06,4.5364457e-05,4.418625e-06,1.1619104e-05,3.149221e-05,2.1431495e-05,9.209811e-06,0.001649593,0.0003219168,6.3608386e-05,0.00025683866,0.001129579,7.5996955e-05,8.399586e-06,3.1178977e-06,6.19933e-05,5.8712245e-05,8.568625e-06,5.8708147e-06,6.1650935e-06,0.0003944361,5.0484337e-05,0.00025631904,8.3955285e-07,0.00028865377,1.0150027e-05,0.00012710337,5.1903553e-06,1.5380721e-05,2.5588684e-05,1.1443781e-05,0.0008345099,0.0007245923,0.0003823138,5.566616e-06,1.253137e-05,0.0001229186,0.00040915186,3.975079e-05,1.4242586e-05,0.0007916737,1.6764181e-05,1.1019916e-05,6.6633193e-06,4.887892e-07,0.00010896536,0.00014183823,0.00063627696,1.9498568e-05,2.5482232e-06,2.0692985e-05,0.00027732382,3.8715525e-06,2.9473105e-05,5.4619893e-05,0.0030033933,0.011013305,0.025798624,2.8003893e-05,0.00025118678,5.100311e-06,4.689842e-05,5.790533e-06,4.128659e-05,7.2149065e-05,1.6558182e-05,9.213502e-07,0.0004487842,6.182582e-07,4.062226e-06,1.5699803e-05,0.00031972898,4.0445764e-07,3.3604065e-05,3.918308e-05,0.0003844493
BC2026_Train_0034_S22_20211222_013000_000,7.995652e-06,1.3299944e-05,0.0001731666,0.0009054659,2.5594834e-05,3.309999e-07,8.2647614e-07,1.2785377e-05,0.06683562,0.0010752585,0.0029258581,2.5728992e-05,4.613848e-06,1.1494919e-06,2.1902506e-05,0.37848574,1.1800567e-05,2.89755e-07,0.25470492,2.0389069e-05,1.0594712e-05,0.10624568,0.004736677,1.9979638e-05,0.01152251,2.6744754e-06,0.00089610775,3.298549e-06,5.1141596e-05,0.00018213513,1.0618979e-05,1.482889e-05,1.0484922e-05,2.0650245e-06,5.7793836e-06,8.6421815e-06,5.6579606e-06,5.9193767e-06,1.2386583e-06,1.0855797e-05,1.2377324e-05,5.492217e-06,3.320403e-05,2.4685398e-05,4.636047e-06,3.8662724e-06,3.4860586e-06,8.808874e-07,1.4556607e-06,1.9479776e-06,8.168098e-06,6.6859157e-06,8.938383e-06,9.7406855e-06,3.3600703e-05,3.2020314e-06,1.1030219e-06,0.11972104,3.0833996e-07,2.8651893e-05,0.01190533,6.1997395e-07,0.0044812146,0.2807919,0.008395707,0.00010779896,1.5352702e-05,3.7990137e-07,7.927273e-07,3.7769232e-06,3.6833072e-07,2.53058e-05,1.3672629e-05,1.1598236e-05,2.2414586e-05,3.354323e-05,7.404891e-05,8.8347806e-05,4.536515e-05,1.4391299e-05,0.0003539783,9.920012e-06,8.087349e-05,4.4744735e-05,0.00010973636,4.407594e-05,2.5958097e-05,0.00021740342,7.1197464e-05,8.8011555e-05,6.127315e-05,0.00024434787,3.4621142e-05,0.00023237841,0.00018638565,8.585373e-05,1.0890877e-05,3.4871682e-05,0.00013874154,0.00013820203,0.00015866889,3.353735e-06,0.00018630711,0.00021317576,0.00056489353,4.534253e-05,2.7240943e-05,6.4916812e-06,6.0693925e-05,0.00043078823,1.1237767e-05,0.00015478284,3.8136986e-05,8.430402e-05,0.00012749546,0.00017645568,0.000104142906,6.585809e-06,1.47335295e-05,0.0005786758,2.2017943e-05,0.00011275909,8.3789e-05,0.00021236167,2.0506048e-05,0.00011340132,7.8788355e-05,7.864603e-05,2.3630573e-05,0.00017007206,5.926192e-05,0.00012803565,1.2072345e-05,0.00011456047,1.8840206e-05,6.671633e-05,0.00028613023,8.2184495e-05,9.974806e-06,5.9360736e-05,6.246204e-05,6.636037e-06,4.102195e-05,3.9483195e-05,9.5251e-05,1.372802e-06,0.00034795515,1.2028663e-05,7.448131e-06,8.1566286e-05,0.00020121856,2.9090737e-05,5.618738e-05,6.0977847e-05,0.00031078525,0.00019477264,6.41265e-06,0.00020356028,6.76788e-05,0.00025811,3.4077588e-05,0.00018552391,7.861279e-06,0.00020324104,1.5425112e-05,0.00066148967,4.3265877e-06,0.0012421606,3.2541306e-05,0.00043093096,0.0002913417,5.5585744e-05,7.3236088e-06,2.6548785e-05,0.00032867072,3.877083e-05,3.1375243e-05,3.0470192e-05,0.00039083202,0.00014773855,0.0002337642,9.216423e-05,0.0010190236,0.00050813396,5.5736433e-05,2.7436216e-05,1.564122e-05,4.4693432e-05,1.4932029e-05,1.2897824e-05,4.599119e-05,5.6952817e-05,1.206001e-05,4.1141087e-05,0.00031147167,0.00012889104,0.0001289819,0.00017099337,0.0002627138,1.6162114e-05,5.7157387e-05,0.00015780539,1.0853341e-06,0.00022930744,0.000347472,0.00028207872,5.6805926e-05,7.157044e-05,5.6651694e-05,5.0091585e-05,6.692068e-05,6.697743e-05,2.2320666e-05,0.00030356785,0.00060003746,0.0016051916,0.00016621254,0.00016966097,3.8191072e-05,8.941486e-06,7.899954e-06,0.0011540855,2.9667197e-05,3.243597e-06,1.4611779e-05,0.00069972384,1.2804729e-05,7.376833e-05,8.7832143e-07,5.705528e-05,1.2879939e-05,5.2176285e-05,5.1053157e-05,0.0003026965
BC2026_Train_0034_S22_20211222_013000_005,2.7258307e-06,1.0772006e-05,0.00039122402,0.00035036093,2.019431e-06,4.5250303e-08,2.6571511e-08,2.8390846e-06,0.03587852,0.00049399707,0.00090693677,6.9809716e-06,4.1272838e-07,2.0592947e-07,1.2209944e-05,0.07500909,3.8834855e-06,1.6702312e-08,0.05384405,6.5264435e-06,1.07904925e-05,0.08204126,0.0026463468,6.3307643e-06,0.01824816,1.0774818e-06,0.0005868286,8.7330744e-07,1.5310388e-05,3.0606196e-05,5.1962693e-06,5.2098258e-06,2.5047532e-06,8.3810573e-07,1.921979e-06,3.9919996e-06,1.8219733e-06,2.686964e-06,4.331912e-07,3.0929582e-06,7.299205e-06,1.7417755e-06,1.272691e-05,7.580964e-06,1.408498e-06,1.1514613e-06,1.3866929e-06,2.6502912e-07,4.526066e-07,7.71311e-07,2.613817e-06,2.0080713e-06,2.6514463e-06,4.35325e-06,1.3946869e-05,9.0594216e-07,9.74747e-08,0.044155058,6.648579e-08,1.702432e-06,0.002229797,3.4628563e-08,0.0017738129,0.09893944,0.0027030355,2.0609561e-05,8.072491e-06,7.286162e-08,2.2489147e-07,3.5491983e-06,1.0341512e-07,1.3108568e-05,1.3897439e-05,2.1568703e-06,7.4861437e-06,1.2612202e-05,2.2699416e-05,5.446178e-05,3.9594273e-05,5.9356353e-06,0.00023345528,2.8884037e-06,6.491621e-05,1.9303634e-05,0.00020769249,1.6577727e-05,5.907596e-06,8.2654726e-05,3.818382e-05,2.6013386e-05,6.881365e-05,9.6291835e-05,6.9886923e-06,0.00013053558,0.00011681938,1.8771696e-05,6.5491254e-06,1.5590691e-05,2.9437962e-05,4.0305502e-05,3.7353682e-05,7.922376e-07,0.00010908877,0.000114149814,0.00020344657,2.260357e-05,4.325729e-06,5.2655116e-07,1.4732504e-05,0.00025013834,1.2719377e-05,3.713086e-05,8.965497e-06,1.8989309e-05,1.0646357e-05,7.907475e-05,4.3704516e-05,2.576464e-06,3.20868e-06,0.00028693778,1.1798184e-05,3.0151825e-05,3.9262977e-05,9.095543e-05,9.087059e-06,2.7770078e-05,8.0298996e-05,2.3565513e-05,2.2210168e-05,7.1879454e-05,4.218678e-05,2.0666244e-05,6.6057232e-06,3.249953e-05,1.443026e-05,2.8538918e-05,0.000106891224,2.7276297e-05,4.1674834e-06,2.5483094e-05,2.530645e-05,4.360987e-06,1.71668e-05,3.8545215e-05,9.94481e-06,1.9278006e-07,0.00010251049,3.7709883e-06,2.663934e-06,3.164771e-05,0.00010414717,2.6392805e-05,2.6982292e-05,1.7845716e-05,8.0144615e-05,0.00011471176,1.5652835e-06,4.8200403e-05,3.1835807e-05,5.804946e-05,1.047252e-05,7.350346e-05,1.2033632e-05,0.0001041719,4.846017e-06,0.0003278655,1.8690831e-06,0.00022792221,6.545897e-06,0.0003429258,8.582156e-05,1.2519951e-05,2.3771318e-06,1.5479283e-05,6.470138e-05,1.0643362e-05,4.127318e-06,9.951687e-06,0.00013818266,0.0001480004,0.00012231494,2.372598e-05,0.0003072368,0.00015985446,5.238648e-05,5.4823527e-06,5.3415524e-06,1.5689788e-05,2.107644e-06,2.1353596e-06,4.6229692e-05,2.4916615e-05,2.9697076e-06,1.0658669e-05,0.00020045851,5.8968395e-05,4.024405e-05,3.5276094e-05,5.2762e-05,6.5185063e-06,1.9177503e-05,6.312792e-05,2.7388907e-07,5.6683737e-05,0.0002534996,5.7878824e-05,3.389046e-05,4.6008554e-06,5.0642542e-05,4.090819e-05,1.7883232e-05,3.0693383e-05,1.5328826e-05,7.850531e-05,0.0001115121,0.0009885574,3.729442e-05,5.6582907e-05,4.295928e-06,5.1469497e-06,1.977569e-06,0.0004913922,5.7331285e-06,7.4724176e-07,5.8362157e-06,0.00021472551,4.0345362e-06,3.534853e-05,3.7936226e-07,2.059353e-05,1.7917243e-06,1.9682273e-05,1.4427659e-05,9.8639335e-05
BC2026_Train_0034_S22_20211222_013000_010,4.9230393e-06,2.1580083e-05,0.00042028542,0.0017788928,9.36877e-06,1.290131e-07,1.1946243e-07,5.2648816e-06,0.06383913,0.0017470398,0.0012461946,4.2012383e-05,1.7591383e-06,9.816714e-07,3.549754e-05,0.118803814,1.7317088e-05,8.5688534e-08,0.14854941,1.2813733e-05,5.454442e-05,0.048438553,0.0007299609,2.0586285e-05,0.019665323,3.652605e-07,0.0012325342,2.1027372e-06,5.6444027e-05,8.001006e-05,1.6541564e-05,1.4961606e-05,6.6165744e-06,3.875402e-06,7.670288e-06,1.41727e-05,3.537287e-06,2.7213373e-06,1.3093824e-06,1.000098e-05,1.0458986e-05,5.706858e-06,4.597115e-05,2.8651293e-05,4.710455e-06,3.955509e-06,2.6695113e-06,1.0577282e-06,9.3952224e-07,9.5564e-07,8.272385e-06,6.7432725e-06,9.112999e-06,1.3987721e-05,3.5506102e-05,5.5185837e-06,2.530706e-07,0.11471539,7.1197675e-08,1.523124e-05,0.0018733364,1.4754553e-07,0.011656274,0.08750871,0.0062465467,7.63486e-05,2.6050226e-05,2.5292002e-07,7.053091e-07,3.6257086e-06,2.4626087e-07,2.4645484e-05,2.3962828e-05,1.43520865e-05,1.1738108e-05,5.475643e-05,2.7029524e-05,7.316025e-05,3.2737622e-05,2.7515796e-05,0.00015312988,2.319224e-06,0.00010098299,8.7447275e-05,9.3514376e-05,2.2826474e-05,1.8500248e-05,0.00016862509,5.407102e-05,5.247663e-05,7.259026e-05,0.00040044842,1.5505064e-05,0.00052132685,0.00017098393,6.098733e-05,1.16828605e-05,1.0967892e-05,5.678036e-05,0.00010235567,7.226515e-05,1.4976389e-06,7.818817e-05,0.00016809517,0.0002841842,3.3042554e-05,6.6914977e-06,1.1214086e-06,3.5545843e-05,0.0005493779,2.567747e-05,0.00014338957,2.521397e-05,3.439572e-05,4.712599e-05,9.81257e-05,5.5607692e-05,3.1598079e-06,9.768891e-06,0.00040587955,3.4304165e-05,3.252713e-05,4.6711666e-05,9.527908e-05,2.3623454e-05,2.0932392e-05,0.0001458381,4.0562845e-05,2.7974853e-05,0.00021977015,3.9810275e-05,5.000696e-05,1.5691929e-05,4.4087454e-05,1.2690055e-05,8.468884e-05,9.087637e-05,3.6679256e-05,6.6140506e-06,4.2314063e-05,3.034943e-05,1.9678296e-06,3.6022597e-05,5.0494884e-05,2.4800975e-05,6.6939145e-07,0.00026016263,7.0347583e-06,1.178388e-05,7.713515e-05,8.316475e-05,2.4542283e-05,2.5432159e-05,3.485655e-05,0.00013062972,0.00019711153,3.6236e-06,0.0003224608,8.437061e-05,0.00018280654,2.6100506e-05,0.0001316727,3.268911e-05,8.0056474e-05,2.7793305e-06,0.00024381705,5.600124e-06,0.00024410454,5.731308e-06,0.00021647777,0.00015882208,2.8477418e-05,3.9679203e-06,4.0953822e-05,0.00013842188,6.701896e-05,1.0497658e-05,1.3810794e-05,0.00022653221,0.0001719333,0.00020700056,3.0551688e-05,0.001455207,0.0001119532,6.4454194e-05,3.0752537e-05,1.3038338e-05,3.1515945e-05,5.0872436e-06,6.8016575e-06,0.00013630954,3.729403e-05,6.453719e-06,1.9702798e-05,0.00031808048,4.797309e-05,1.8653061e-05,4.500634e-05,9.520169e-05,1.7764316e-05,6.662707e-05,7.3573516e-05,4.1652757e-07,0.0001405262,0.00067674904,5.538647e-05,7.77191e-05,9.935984e-06,5.6571473e-05,7.0180344e-05,6.278719e-06,8.275867e-05,3.2727785e-05,0.00015314024,0.0001522187,0.0015035585,2.9210409e-05,0.00024629085,1.4599493e-05,5.923997e-06,6.0987386e-06,0.00063795416,7.1601366e-06,7.015664e-07,1.943693e-05,0.00035455803,2.4090821e-05,3.559269e-05,2.9024093e-07,5.3290874e-05,1.0190492e-05,6.902553e-05,2.4199873e-05,0.0001729572
BC2026_Train_0034_S22_20211222_013000_015,2.7188028e-07,6.172629e-06,1.676383e-05,0.0016669799,1.850951e-06,2.0056312e-08,7.4016318e-09,2.3380805e-06,0.06984725,0.0025099122,0.002539057,1.0069437e-05,6.25054e-07,1.1147555e-07,1.5207039e-06,0.34168816,1.1038331e-06,1.8376996e-08,0.037430175,1.642776e-05,1.4012111e-06,0.14175367,0.00026880763,4.9287187e-06,0.0026816041,1.14163306e-07,1.6258207e-05,7.325875e-07,3.6936723e-05,3.1270603e-05,4.7765047e-06,9.508758e-06,7.0033307e-06,7.17259e-07,2.0844107e-06,6.877857e-06,6.8680055e-07,1.5469337e-06,3.042517e-07,6.029601e-06,4.9286905e-06,1.9857787e-06,1.3595591e-05,2.3357037e-05,1.1745963e-06,1.0308717e-06,2.347068e-06,3.4242373e-07,4.955112e-07,5.8235e-07,3.0002552e-06,2.6279765e-06,3.2764178e-06,3.6956503e-06,3.5721496e-05,3.2762978e-07,3.653503e-08,0.3093622,8.526412e-09,4.4149056e-06,0.0075823637,2.7898327e-08,0.0028041492,0.24425319,0.006018556,2.6681012e-06,1.6122996e-05,2.4280084e-08,5.431362e-08,4.151047e-07,1.8699923e-08,1.4277822e-06,2.179331e-06,1.0055819e-06,1.934216e-06,2.0185855e-06,4.591918e-06,8.747513e-06,1.1062667e-05,6.5524673e-06,2.8979948e-05,1.1510338e-07,1.8755647e-05,2.4324504e-06,2.0750787e-05,8.094864e-06,1.2701387e-05,3.0815772e-05,7.690622e-06,3.1865984e-06,2.9350475e-05,6.039572e-05,1.89553e-06,0.00012524684,2.3096794e-05,2.2229585e-06,8.2089656e-07,7.57144e-06,4.716744e-06,2.1119651e-05,7.9666e-06,1.629224e-07,1.6033986e-05,4.34207e-05,9.256922e-05,3.6687302e-06,2.0409782e-06,1.9389445e-07,2.3117648e-06,4.069524e-05,6.024325e-06,4.2198008e-05,6.870829e-06,4.8877896e-06,2.8656555e-06,3.0185742e-05,5.97137e-06,2.986049e-07,5.58765e-07,6.572385e-05,7.241981e-06,1.0143651e-05,7.0883157e-06,3.374559e-05,2.3857344e-06,4.118962e-06,9.398283e-06,7.340008e-05,6.5346203e-06,4.8852053e-05,1.05953795e-05,3.837912e-06,4.276863e-06,2.4418518e-06,1.5092482e-06,1.6069342e-06,2.5804578e-05,1.9535271e-05,1.3579241e-06,9.694608e-06,5.340793e-06,5.7311604e-07,9.465403e-06,2.1573721e-06,2.744604e-06,1.0250157e-07,5.2745647e-05,4.914568e-07,1.7449292e-06,1.1242686e-05,5.5839487e-06,8.461864e-06,5.1319666e-06,9.386469e-06,2.20592e-05,5.0659353e-05,4.404101e-07,2.4194313e-05,6.764017e-06,4.7105543e-05,2.8114862e-06,1.2565775e-05,9.035719e-06,1.0046789e-05,3.3545146e-07,0.00018383838,2.9475083e-07,2.7010947e-05,5.5806953e-07,1.678509e-05,3.4543646e-05,9.883713e-06,3.6336868e-07,2.7365986e-06,2.0713855e-05,3.6626473e-06,8.3833436e-07,1.7083748e-06,4.8678266e-05,5.9408027e-05,8.619951e-05,6.527047e-06,3.5475947e-05,1.5511852e-05,3.4441277e-06,1.922652e-06,8.704206e-07,5.807645e-06,5.808076e-07,4.9779226e-07,1.8738303e-05,3.9957663e-06,1.2779228e-06,1.6825547e-06,3.6786652e-05,6.062918e-06,4.1093926e-06,1.4332774e-05,1.7937906e-05,4.288568e-06,1.5357682e-05,5.89972e-06,2.7126722e-08,2.6670261e-05,9.727018e-05,1.9625799e-05,2.0348775e-06,2.8897564e-06,5.3695e-06,1.744881e-05,1.7130635e-06,1.7487257e-05,8.494027e-06,2.5325162e-05,2.801351e-05,0.0013977768,5.002745e-06,2.07863e-05,4.445719e-06,1.1041795e-06,6.571646e-07,7.819115e-05,1.0266442e-06,6.8244056e-08,9.928859e-07,0.00022924099,2.5354846e-06,5.903209e-06,3.722635e-08,8.087864e-06,1.816666e-06,1.9801239e-05,6.2037534e-06,1.4220804e-05
BC2026_Train_0034_S22_20211222_013000_020,3.418935e-07,1.7809249e-05,0.0007394993,0.0005875239,6.666387e-07,2.5692076e-08,1.33709905e-08,3.6605904e-06,0.014293465,0.0005526975,0.000815568,2.7751146e-05,6.8672335e-08,2.6048065e-07,9.103782e-06,0.024936818,1.5761224e-06,1.31037705e-08,0.019164804,1.1726851e-05,4.60691e-06,0.08769977,0.0010817812,3.878359e-06,0.03462588,1.2372345e-06,0.00018958974,7.656145e-07,2.478081e-05,2.4857967e-05,4.211207e-06,7.020436e-06,5.09235e-06,4.0941734e-07,1.44341e-06,6.1409464e-06,1.1721188e-06,1.4394979e-06,2.1193634e-07,3.842472e-06,5.1201996e-06,1.1729776e-06,7.901415e-06,1.5751317e-05,9.468457e-07,8.0029145e-07,1.8233778e-06,4.0283624e-07,4.2746464e-07,5.1998205e-07,1.6853539e-06,1.2632705e-06,1.6337503e-06,3.1623404e-06,1.9893947e-05,6.1502965e-07,4.2885368e-08,0.05825861,5.0326925e-08,1.8422413e-07,0.0007665634,3.0002553e-08,0.0010886203,0.09396209,0.005985477,9.510925e-06,4.575531e-05,3.37611e-08,8.9503445e-08,6.6130724e-06,5.2867144e-08,6.314027e-06,6.5837303e-06,1.0399383e-06,1.7428222e-06,7.9500005e-06,1.0055685e-05,2.7314327e-05,1.2358182e-05,3.5264043e-06,8.801449e-05,1.5741995e-06,8.853588e-06,7.637253e-06,0.0002003129,1.0455476e-05,1.4931239e-06,3.160741e-05,6.4213523e-06,4.892761e-06,6.333402e-05,4.7335292e-05,2.9371117e-06,0.0002843799,3.0043902e-05,7.851411e-06,1.6038126e-06,1.7149308e-05,6.493074e-06,4.0315535e-05,1.1770458e-05,2.5414298e-07,2.0230265e-05,4.6490044e-05,5.3705135e-05,1.5524593e-05,1.5723136e-06,4.833574e-07,6.4840647e-06,7.1163944e-05,1.3007675e-05,2.6747592e-05,5.206508e-06,5.439974e-06,5.6852646e-06,3.5201694e-05,1.9421217e-05,8.238376e-07,4.821976e-07,0.000106569314,2.9171997e-06,1.0753511e-05,8.105856e-06,3.6276702e-05,3.3908545e-06,5.676153e-06,4.1668045e-05,2.1886075e-05,9.3126155e-06,2.5902187e-05,1.7960587e-05,5.110911e-06,1.7272292e-05,3.3830347e-06,4.405589e-06,6.927452e-06,1.1910168e-05,7.14451e-06,7.352024e-07,1.386416e-05,1.0749685e-05,2.1284166e-06,1.4947444e-05,1.1149591e-05,2.1087176e-06,8.7461785e-08,6.9968184e-05,3.5680846e-06,1.1915947e-06,1.8773379e-05,2.9982622e-05,4.590486e-06,9.672213e-06,8.083015e-06,6.8413734e-05,5.9345002e-05,7.7471026e-07,4.9772738e-05,7.4895647e-06,1.9618108e-05,9.132504e-06,4.6876423e-05,1.1136584e-05,1.8113868e-05,9.176182e-07,7.269445e-05,6.4902855e-07,2.156961e-05,1.0106629e-06,5.4461983e-05,4.1175117e-05,4.4363587e-06,1.7821724e-06,7.0313167e-06,3.0316487e-05,1.698987e-06,1.7543233e-06,3.3538245e-06,5.9667833e-05,0.00013006035,3.990256e-05,6.4858336e-06,8.465727e-05,6.6419125e-05,2.0392255e-05,1.2461204e-06,1.0232524e-06,7.402676e-06,8.104412e-07,4.4434663e-07,1.8547007e-05,4.5586557e-06,3.1468016e-06,5.135452e-06,6.235057e-05,1.30803965e-05,1.0291967e-05,1.7616463e-05,1.3101419e-05,5.4261404e-06,6.9162293e-06,2.778682e-05,8.95697e-08,2.2493452e-05,8.840992e-05,1.4515918e-05,1.48534455e-05,1.845371e-06,1.4668939e-05,3.350225e-05,2.6350815e-06,1.645925e-05,1.7855404e-05,2.3700153e-05,1.5157438e-05,0.00056599005,1.5981257e-05,1.8783694e-05,1.7992978e-06,3.0432761e-06,9.3112146e-07,0.00012619545,2.0181851e-06,7.29367e-08,1.961762e-06,0.00020489747,2.745633e-06,2.1851996e-05,1.4828301e-07,1.071078e-05,1.3710762e-06,2.1614871e-05,3.0384103e-06,3.2492902e-05
BC2026_Train_0034_S22_20211222_013000_025,4.6144459e-07,2.143979e-06,0.00018250037,0.00020059753,3.0912815e-07,5.9950085e-09,1.8050129e-09,1.0331196e-06,0.008854676,0.0008428004,0.0004948704,2.712714e-06,6.331715e-08,2.3281755e-08,2.0896455e-06,0.020402335,5.409511e-07,1.6714987e-09,0.014539227,7.1283336e-07,1.1588744e-06,0.013396504,0.0009204359,8.3824165e-07,0.015218421,1.5668499e-07,0.00012248031,8.213502e-08,7.212654e-06,6.597256e-06,9.814664e-07,1.961955e-06,7.7363455e-07,1.4759621e-07,2.8796248e-07,2.2179506e-06,3.056981e-07,7.0305873e-07,5.4397802e-08,7.810768e-07,1.9627223e-06,3.3107315e-07,1.5130356e-06,4.290237e-06,2.0155872e-07,1.8137078e-07,3.9095013e-07,5.2520413e-08,9.347857e-08,1.6241218e-07,3.4992544e-07,2.4925166e-07,3.3891948e-07,7.262781e-07,6.4609785e-06,6.4999185e-08,7.585545e-09,0.0300704,9.985017e-09,1.4668815e-07,0.00023287414,4.1800843e-09,0.00078338315,0.062405445,0.0004094851,1.8360109e-06,2.1815124e-06,4.672427e-09,1.603558e-08,8.806775e-07,9.769634e-09,1.1688994e-06,1.4364603e-06,1.9086255e-07,7.401719e-07,1.388849e-06,3.6493145e-06,1.0086833e-05,3.299276e-06,1.2049294e-06,4.867585e-05,1.0079471e-07,3.1500115e-06,2.6487596e-06,2.7032438e-05,1.8240804e-06,4.5249442e-07,1.084305e-05,4.7804783e-06,1.3909566e-06,2.5266902e-05,3.148188e-05,7.6588765e-07,3.8564005e-05,2.2679314e-05,2.1930705e-06,4.032702e-07,2.9024393e-06,2.0908512e-06,8.288335e-06,4.563567e-06,2.8296885e-08,2.1220716e-05,3.5908626e-05,6.691353e-05,6.3267084e-06,2.716175e-07,5.8845878e-08,2.4483902e-06,3.8435242e-05,5.8683745e-06,2.3222508e-05,1.1344868e-06,2.4165772e-06,1.1012487e-06,2.221631e-05,4.286728e-06,2.1233733e-07,2.0255554e-07,5.6511886e-05,9.1270806e-07,2.5758522e-06,8.982185e-06,2.3234072e-05,1.9856025e-06,2.7283927e-06,1.12892185e-05,9.360965e-06,7.940264e-06,1.9797331e-05,5.8182213e-06,3.1068173e-06,1.0532208e-06,1.653789e-06,1.5560554e-06,3.781212e-06,1.3768593e-05,4.492546e-06,2.6330991e-07,6.3737334e-06,3.089241e-06,2.179727e-07,2.500066e-06,4.4601275e-06,8.1338044e-07,8.529079e-09,1.8569253e-05,1.0712645e-06,4.2122528e-07,5.438755e-06,7.089932e-06,4.343289e-06,2.4242474e-06,3.2805954e-06,2.7000415e-05,2.4693427e-05,3.0520928e-07,5.925522e-06,3.5681496e-06,1.0658965e-05,5.768849e-07,2.3744404e-05,1.5680713e-06,1.1266525e-05,3.197431e-07,6.5543405e-05,4.7612778e-07,5.864212e-06,2.729928e-07,3.4470195e-05,1.9303337e-05,2.2177285e-06,4.3594636e-07,2.390629e-06,1.4220641e-05,8.28073e-07,3.4085622e-07,2.3020075e-06,1.855019e-05,6.9298716e-05,2.1553551e-05,3.0418896e-06,2.2724173e-05,2.4503674e-05,7.838812e-06,6.9336915e-07,2.2025496e-07,2.2571749e-06,9.9631436e-08,5.8950855e-07,5.6891536e-06,2.895409e-06,4.88091e-07,1.1632126e-06,1.6638356e-05,7.892589e-06,3.9451907e-06,4.7205735e-06,8.261568e-06,1.3382007e-06,1.597016e-06,1.4817028e-05,3.2336093e-08,7.428333e-06,0.00013575851,5.196884e-06,8.884181e-06,1.0852814e-06,8.742526e-06,1.3169464e-05,9.841114e-07,4.6090063e-06,3.7388568e-06,1.1581093e-05,1.9963829e-05,0.0005490944,5.659531e-06,1.01683e-05,5.3537946e-07,1.046847e-06,1.780379e-07,5.6648183e-05,5.6766925e-07,2.8603802e-08,6.1662945e-07,9.767292e-05,4.277501e-07,3.5021667e-06,1.2291412e-08,3.8945714e-06,1.6367633e-07,4.2027614e-06,7.574919e-07,7.4792933e-06
BC2026_Train_0034_S22_20211222_013000_030,2.3662344e-06,6.4444566e-06,0.00037704816,0.0006873813,2.4101143e-06,4.1895213e-08,1.9659575e-08,9.356121e-07,0.080165945,0.0012024672,0.0011526534,9.614707e-06,5.935007e-07,2.998694e-07,9.2203745e-06,0.07852316,1.1166701e-05,1.02180815e-08,0.3039233,5.5622963e-06,6.7744945e-06,0.014262647,0.00069086207,1.69063e-05,0.032315765,5.806199e-07,0.002170844,4.2301627e-07,6.162568e-05,7.4171876e-05,5.154618e-06,8.727439e-06,4.855047e-06,1.8275751e-06,5.3267545e-06,1.0349525e-05,3.0529332e-06,5.002259e-06,4.2890204e-07,6.0854572e-06,2.0122592e-05,2.0768111e-06,3.2116626e-05,1.9581452e-05,1.7834358e-06,1.3946052e-06,4.285363e-06,6.400843e-07,8.0497523e-07,1.272449e-06,3.2832743e-06,2.0041189e-06,3.4534683e-06,1.0928062e-05,3.0987638e-05,2.1374683e-06,1.2343467e-07,0.072414495,5.0367827e-08,1.7158447e-06,0.0017529281,1.5113708e-08,0.0025661038,0.050478872,0.0016172567,0.00013970373,8.8212755e-06,5.0527458e-08,2.4520912e-07,1.0160565e-05,5.1738507e-08,9.754965e-06,1.4738266e-05,1.8806247e-06,4.5338215e-06,9.626331e-06,2.1060781e-05,2.9324596e-05,1.1551025e-05,4.4451635e-06,6.032412e-05,2.3231e-06,1.5007808e-05,7.922542e-06,6.0279668e-05,5.6086224e-06,6.6018815e-06,7.120358e-05,8.530589e-06,8.535513e-06,0.000114716146,0.00013236444,3.4452942e-06,0.00021605012,8.22822e-05,1.2517133e-05,1.3535773e-06,1.3242586e-05,2.5100948e-05,1.8807426e-05,4.1904506e-05,1.564513e-07,3.5787885e-05,6.526188e-05,0.00022615798,1.3831238e-05,4.3211035e-06,1.9920803e-07,9.990095e-06,0.00011612213,6.626141e-06,0.00010562186,2.4072408e-06,1.2957383e-05,1.9441992e-05,7.220937e-05,3.4889777e-05,1.20944e-06,1.3286481e-06,0.0001467364,4.1389853e-06,1.7009559e-05,1.1441577e-05,3.0053901e-05,1.0281166e-05,3.8798503e-06,5.5734836e-05,2.3804168e-05,1.4663358e-05,5.8202062e-05,1.2538244e-05,7.290968e-06,3.458277e-06,9.500256e-06,5.0457584e-06,6.309506e-05,2.716887e-05,4.0654664e-05,1.1340388e-06,4.8333062e-05,1.4736271e-05,9.597471e-07,8.1793e-06,2.7094457e-05,2.837882e-05,8.567562e-08,5.3168842e-05,1.7431729e-06,3.87187e-06,2.760147e-05,1.8183808e-05,7.3111523e-06,9.430021e-06,6.795991e-06,0.00011431037,3.934919e-05,1.263978e-06,0.00010315099,6.894505e-06,3.9728355e-05,5.5264945e-06,3.772362e-05,6.9646803e-06,4.118855e-05,9.007396e-07,0.00011874018,8.315008e-06,5.88841e-05,1.1155813e-06,6.0256618e-05,4.8525737e-05,8.213404e-06,1.588169e-06,3.6808174e-06,2.0009002e-05,8.381757e-06,2.0304246e-06,4.534743e-06,6.0649036e-05,0.0002896741,6.525565e-05,9.006855e-06,0.00016300725,0.00012067507,3.3771088e-05,3.2307235e-06,1.2990204e-06,1.5540265e-05,1.093908e-06,1.4002319e-06,2.2488819e-05,2.6106109e-05,2.0766172e-06,4.9365744e-06,7.611975e-05,2.0220044e-05,1.587452e-05,1.1893529e-05,4.5179677e-05,5.1329353e-06,8.424849e-06,2.1501652e-05,4.2259413e-07,2.461706e-05,7.208579e-05,1.4739616e-05,1.697807e-05,3.0342953e-06,5.5567405e-05,3.46223e-05,5.1851416e-06,1.8339237e-05,1.5692332e-05,1.4914766e-05,6.454984e-05,0.0016543751,2.703553e-05,9.5263e-05,1.3387291e-06,1.8996378e-06,1.4309707e-06,0.00031319843,2.4784752e-06,4.97128e-08,1.5676676e-06,0.0002092325,8.033494e-06,1.485706e-05,1.2103298e-08,9.275982e-06,1.276388e-06,1.4561283e-05,3.6526503e-06,6.117401e-05
BC2026_Train_0034_S22_20211222_013000_035,3.8328903e-06,2.2802586e-05,0.0022032296,0.00073224783,1.9939748e-06,3.2063348e-08,3.516275e-08,1.1888342e-06,0.024722489,0.00048458943,0.00061241805,1.6837485e-05,1.4955579e-07,2.8339832e-07,1.6507476e-05,0.11616932,1.2194898e-06,2.7424763e-08,0.19545162,1.2223214e-06,1.8948787e-05,0.10116846,0.0017480312,1.1043546e-05,0.23064283,1.395828e-06,0.004245139,2.5906854e-07,3.9500894e-05,7.234687e-05,2.8761415e-06,6.043089e-06,5.1179977e-06,7.9954305e-07,3.3364222e-06,5.5775467e-06,6.369553e-06,1.4284836e-05,2.1041464e-07,5.2336736e-06,1.5575652e-05,9.656395e-07,1.4470872e-05,9.650801e-06,1.0924131e-06,1.0975727e-06,3.4639907e-06,4.020349e-07,9.187898e-07,2.6939301e-06,2.182536e-06,1.6428701e-06,2.058159e-06,3.6508743e-06,3.0860476e-05,7.881576e-07,2.549696e-07,0.08167187,3.772844e-08,4.5684385e-07,0.0058432864,1.4836682e-08,0.0018364569,0.14217551,0.010965409,8.988961e-05,2.6399352e-05,8.0781625e-08,4.4186233e-08,1.6493756e-05,1.3097749e-08,7.0932383e-06,1.051026e-05,3.49684e-06,4.4736826e-06,4.489017e-06,6.161226e-06,2.3282137e-05,2.5520317e-06,5.1637594e-06,7.0152644e-05,1.8806177e-06,6.3251036e-06,5.918073e-06,4.807756e-05,4.0707537e-06,1.3420079e-06,2.9637731e-05,8.138676e-06,5.5710984e-06,5.3009524e-05,8.660413e-05,3.7756197e-06,0.0001079123,7.814009e-05,1.014725e-05,3.7701506e-07,5.841157e-05,9.491381e-06,2.2975637e-05,4.8526294e-05,3.169603e-07,2.5520936e-05,0.000104049686,9.621638e-05,2.032853e-05,1.5585133e-06,4.457205e-07,5.1072857e-06,8.109266e-05,9.441566e-06,1.8751478e-05,8.8707276e-07,9.181915e-06,5.7695147e-06,6.958074e-05,1.7156095e-05,1.0759693e-06,3.569473e-07,4.21937e-05,2.434019e-06,2.2534203e-05,1.4011032e-05,2.9292341e-05,8.12412e-06,3.1585398e-06,5.922272e-05,1.1845974e-05,2.6721705e-06,2.343115e-05,1.3350941e-05,6.791346e-06,3.2528e-06,1.9799087e-05,1.2403828e-05,8.89824e-06,0.00010793948,1.4417317e-05,6.7979545e-07,1.6726191e-05,4.0281275e-06,1.9315357e-06,1.2616345e-06,1.9468709e-05,3.677778e-05,1.3679517e-07,3.3141867e-05,6.5542963e-07,1.3025348e-06,3.049647e-05,3.4300763e-05,5.5713003e-06,3.1242223e-06,1.9746478e-06,0.00015956952,1.7881186e-05,3.4036325e-06,0.00010720717,1.17012805e-05,6.24053e-05,6.1198707e-06,4.9062848e-05,2.8118268e-06,3.1834385e-05,8.2527345e-07,7.9413214e-05,1.630533e-06,0.00015297548,4.353066e-07,0.00012087973,1.1134609e-05,1.1734738e-05,3.2053922e-06,2.0146567e-06,2.0237077e-05,1.8818646e-06,1.1813366e-06,1.82588e-06,2.4613186e-05,0.0002208966,6.9151305e-05,3.8989415e-06,7.832024e-05,0.00011684823,6.9050857e-06,2.5890702e-06,5.813867e-07,1.150619e-05,4.7086272e-07,3.2511485e-07,3.684024e-06,7.750171e-06,2.7806004e-06,1.788675e-06,4.115918e-05,7.1762965e-06,2.9353107e-05,4.344267e-06,1.9602136e-05,6.202719e-06,5.529378e-06,1.5773323e-05,3.154089e-07,1.01564865e-05,0.00016713576,1.5719803e-05,1.9942556e-05,5.3877297e-06,1.5098793e-05,1.3042193e-05,1.0789175e-05,2.4776436e-05,3.4097889e-06,1.5767051e-05,0.00011148829,0.00051534205,1.5341095e-05,5.3727927e-05,1.1472303e-06,4.024276e-06,6.875031e-07,9.387113e-05,1.3208266e-06,9.61966e-08,7.704163e-07,0.0005099611,1.2783871e-06,1.7999166e-05,6.283928e-08,1.4467408e-05,7.01725e-07,9.373892e-06,5.1373236e-06,4.4829216e-05
BC2026_Train_0034_S22_20211222_013000_040,1.9267304e-06,1.1667083e-05,0.00019764826,0.0006063458,6.66984e-07,1.8844144e-08,2.636267e-08,6.467344e-07,0.04309094,0.00051808316,0.00039667106,5.165335e-06,3.3820658e-07,1.3953712e-07,1.5056902e-06,0.1601617,5.0268494e-07,1.4471557e-08,0.34699488,6.447957e-07,1.4046869e-06,0.07293744,0.000540827,3.8131732e-06,0.098548256,1.1087444e-06,0.0003800481,6.1020916e-07,6.575344e-05,5.5434346e-05,2.7009812e-06,8.418408e-06,5.2736104e-06,5.6129227e-07,1.4540375e-06,7.3831966e-06,3.335904e-06,9.022665e-06,1.409675e-07,4.0137857e-06,1.0498889e-05,7.7784995e-07,5.1666707e-06,1.4801651e-05,7.0805135e-07,6.477053e-07,2.310204e-06,2.5535263e-07,7.438672e-07,2.0185817e-06,1.4762014e-06,1.015239e-06,1.186613e-06,1.9988104e-06,3.3834465e-05,1.7542415e-07,6.987534e-08,0.112243816,5.7009792e-09,4.9295653e-07,0.019610286,1.0629016e-08,0.000611988,0.15343964,0.0025697935,9.069059e-06,7.0323495e-06,4.2885862e-08,2.864688e-08,2.0035093e-06,1.7297538e-08,6.311209e-06,2.3675977e-06,2.49689e-06,7.645086e-06,1.8729536e-06,3.2195126e-06,1.0354916e-05,2.1806925e-06,2.114332e-06,6.339523e-05,1.5299456e-06,3.981187e-06,2.5639924e-06,6.805403e-05,2.0126593e-06,2.1275682e-06,1.4986697e-05,4.241832e-06,8.1232696e-07,3.6197085e-05,3.931933e-05,2.3334514e-06,4.7920235e-05,3.3778626e-05,3.872586e-06,3.1750244e-07,2.3976703e-05,3.1458208e-06,2.2512788e-05,6.0113878e-05,1.0836716e-07,1.8190502e-05,4.7464386e-05,0.00011691844,1.3953974e-05,2.4093858e-06,2.485014e-07,2.4908798e-06,7.305386e-05,5.333439e-06,1.5956755e-05,1.3978969e-06,2.9886496e-06,2.2252984e-06,5.6166697e-05,8.9296245e-06,6.67821e-07,6.403493e-07,7.105944e-05,1.2223761e-06,1.7617605e-05,6.32809e-06,3.099133e-05,7.600625e-06,4.290986e-06,1.0281078e-05,3.3516502e-05,1.2244926e-06,2.2002934e-05,1.1613155e-05,1.0378663e-05,1.0922307e-06,8.4255635e-06,2.847333e-06,2.50343e-06,6.744924e-05,1.5017328e-05,6.3368253e-07,4.4797453e-06,2.9508178e-06,2.2950283e-06,1.946078e-06,4.995756e-06,3.112764e-05,1.3698643e-07,3.998434e-05,2.9722668e-07,1.1320118e-06,1.781392e-05,1.07391315e-05,7.1783707e-06,2.4683911e-06,8.526868e-07,7.47039e-05,1.5871023e-05,6.2029625e-07,1.2417427e-05,3.6063693e-06,5.4259435e-06,2.5290149e-06,1.6329624e-05,5.305883e-07,1.4568547e-05,6.28361e-07,0.00018444781,4.1801826e-07,0.00014059737,7.729495e-07,4.5051685e-05,1.1270362e-05,8.662861e-06,2.4469828e-06,1.0403996e-06,9.901808e-06,2.1244398e-06,1.3852153e-06,2.3474754e-06,2.1977938e-05,0.00017860597,4.9656497e-05,1.7633271e-06,2.2493581e-05,5.5175133e-05,5.664407e-06,1.6506295e-06,5.8117604e-07,1.5904949e-05,3.608285e-07,3.5735974e-07,5.526352e-06,6.7501946e-06,9.58039e-07,1.6673018e-06,5.643046e-05,3.586182e-06,2.321551e-05,4.561879e-06,1.3237232e-05,1.4902716e-06,3.93294e-06,2.067468e-05,1.8250745e-07,1.0020685e-05,0.0001293509,2.2370574e-05,2.182382e-05,1.5564323e-05,4.583858e-06,1.1239095e-05,7.744054e-06,2.107595e-05,1.1202424e-06,1.0454588e-05,4.571187e-05,0.00046975768,5.995867e-06,1.5829139e-05,1.8209087e-06,2.6228715e-06,1.5959792e-07,8.46057e-05,9.4171105e-07,4.0418843e-08,3.4102143e-07,0.00044382364,9.389409e-07,2.0062293e-05,3.7433118e-08,6.118517e-06,2.5838676e-07,7.20029e-06,9.537238e-06,1.584604e-05
BC2026_Train_0034_S22_20211222_013000_045,2.6695878e-07,7.6679095e-07,2.0438534e-05,0.0002516415,2.60959e-07,1.9017314e-08,3.0928187e-09,2.8583793e-07,0.080185056,0.00034810396,0.00027135556,7.239041e-07,2.2942682e-07,9.183924e-08,1.6393174e-06,0.3917286,1.6000435e-07,6.412253e-09,0.32296404,2.5560264e-06,4.0670056e-06,0.05950439,8.214963e-05,1.0190977e-05,0.08336936,2.7911267e-07,0.0002627802,7.8658616e-08,1.1447721e-05,4.56783e-06,3.1518534e-06,3.7860252e-06,6.297958e-06,4.6417358e-07,2.8844427e-06,3.1321254e-06,6.978223e-07,5.5997607e-06,1.6046539e-07,1.9143909e-06,3.3805918e-05,1.160478e-06,1.4191282e-05,7.1032714e-06,7.520846e-07,5.5572787e-07,5.7302645e-06,3.8544258e-07,6.742306e-07,1.6160369e-06,1.4337846e-06,1.1757348e-06,1.1640049e-06,7.050682e-06,1.3776422e-05,6.6706804e-08,3.9036907e-09,0.23435192,1.3207898e-09,2.8389843e-06,0.022932176,2.8228784e-09,0.00019400589,0.08000421,0.0059600743,2.8059763e-05,9.3302e-06,5.579721e-08,1.0317884e-08,2.7901712e-07,3.3402268e-09,1.2323723e-06,3.4712893e-06,8.928194e-07,2.44779e-07,2.84335e-07,3.203149e-06,2.9044772e-06,1.3479505e-06,1.2888586e-06,2.3712813e-05,2.0912742e-06,2.5771449e-06,1.34236e-06,3.169392e-05,1.1206441e-06,2.135824e-06,4.8342235e-06,2.0442312e-06,5.668859e-07,6.8682915e-05,3.0744563e-05,1.7378148e-06,8.221123e-06,6.039552e-06,1.161078e-06,1.4511461e-07,5.1893508e-06,3.214717e-06,6.6922253e-06,1.997962e-05,8.3368796e-08,7.484466e-06,2.4668243e-05,0.000105314626,1.4406032e-05,6.162949e-07,1.7449073e-08,1.570027e-06,3.577529e-05,1.8806769e-06,6.9496728e-06,7.173199e-07,7.689225e-07,2.2034121e-06,2.5011248e-05,5.880245e-06,8.4674946e-07,7.44837e-08,7.706883e-05,8.718237e-07,1.8516768e-05,1.3781578e-06,1.754206e-05,1.6519067e-06,1.0844258e-06,5.654444e-06,9.814264e-06,2.2780155e-06,1.3800432e-05,4.3625164e-07,1.0814349e-06,4.774911e-07,1.0546838e-05,8.977629e-07,5.6226427e-06,2.4340317e-05,7.80258e-06,5.4037775e-07,2.189764e-05,6.8687325e-07,4.783789e-07,6.386136e-07,8.463906e-06,1.703238e-05,7.0249104e-07,8.7990775e-06,2.1253143e-07,3.2216607e-07,6.541585e-06,2.1254855e-06,9.907974e-07,1.4576153e-06,1.2077883e-06,2.214509e-05,7.746269e-06,2.5764686e-07,9.322222e-06,3.3397905e-06,1.7034322e-06,4.4142558e-07,8.810093e-06,7.601071e-07,6.362823e-05,6.650556e-07,8.30706e-05,4.0013157e-07,2.213348e-05,3.5895658e-07,1.5350624e-05,9.318e-06,2.0901537e-06,2.5157362e-07,1.823034e-07,3.3750878e-06,2.2651689e-06,3.7615274e-07,4.8545655e-07,1.9867422e-05,4.6482553e-05,3.3989923e-05,2.6942332e-06,1.7368457e-05,4.832997e-05,9.389848e-07,6.7076866e-07,1.4808968e-07,5.7461943e-06,2.4523834e-07,2.5154316e-07,1.76602e-06,2.5965624e-06,8.492621e-07,2.9711125e-06,3.038323e-05,2.3213327e-06,1.20182185e-05,1.556011e-06,5.5393957e-06,7.028013e-07,2.7585775e-06,1.16901265e-05,5.7056482e-08,2.9350902e-06,4.460976e-05,1.1224336e-05,2.3168807e-06,1.5088934e-05,4.0955115e-06,1.82123e-06,6.261677e-06,9.559594e-06,5.602938e-07,2.0251318e-06,3.8080438e-05,0.00025962293,4.9509026e-06,2.9403066e-06,2.143015e-07,3.091941e-06,1.14835295e-07,2.171226e-05,7.0083547e-07,1.4632568e-08,1.9865595e-07,4.816755e-05,5.30888e-07,8.637089e-06,1.0453475e-08,8.862442e-06,1.0643824e-06,4.112427e-06,9.7008315e-06,2.7990034e-06
BC2026_Train_0034_S22_20211222_013000_050,1.0042191e-06,8.02142e-06,0.0002438584,0.00030033189,9.742132e-07,1.8623039e-08,1.7612916e-08,3.1439308e-06,0.021731034,0.0003607965,0.0013796843,4.494564e-06,2.2752029e-07,3.281282e-07,7.231663e-06,0.23207282,2.2919389e-07,7.774248e-09,0.5202507,7.7645956e-07,8.7563685e-06,0.057834707,0.00014932935,1.7392924e-05,0.14758196,6.0089997e-07,0.0047811083,5.209221e-08,2.1986196e-05,1.8144347e-05,2.8992743e-06,2.9832704e-06,4.8969437e-06,6.449919e-07,2.7822582e-06,2.929e-06,1.2683298e-06,6.6731313e-06,1.6990438e-07,2.6317489e-06,3.209584e-05,9.350154e-07,2.3623927e-05,5.9046165e-06,6.941035e-07,6.20013e-07,4.418001e-06,3.1860836e-07,7.7213383e-07,2.016073e-06,1.7521414e-06,1.2840909e-06,1.5436856e-06,8.32861e-06,1.611001e-05,2.7048554e-07,7.0414785e-08,0.14885099,8.158538e-09,2.7683365e-07,0.009859041,6.0190226e-09,0.00033741424,0.079360366,0.021730151,0.00015085396,1.612418e-05,1.1014572e-07,2.9063782e-08,1.4290367e-06,5.051096e-09,2.4952924e-06,1.2111518e-05,1.8151575e-06,5.273542e-07,2.1517174e-06,8.488099e-06,5.869634e-06,2.2456793e-06,2.5727638e-06,2.621988e-05,1.9641134e-06,4.0408045e-06,2.1370527e-06,2.7180531e-05,2.6931698e-06,1.0907038e-06,1.3331615e-05,1.9692789e-06,1.214293e-06,8.6747124e-05,2.254753e-05,2.3796745e-06,2.4476163e-05,1.5431644e-05,2.482203e-06,1.8615376e-07,2.9447427e-05,3.6437473e-06,6.745433e-06,2.205495e-05,2.0526831e-07,8.9044615e-06,2.4737152e-05,3.1460153e-05,1.2597319e-05,1.2359209e-06,1.9305585e-07,1.6482907e-06,3.093685e-05,3.922007e-06,9.887258e-06,5.799945e-07,2.0367684e-06,1.4232197e-06,1.3351412e-05,1.30793605e-05,1.8588034e-06,1.2574071e-07,0.00014248537,1.5508421e-06,3.0622603e-05,4.790359e-06,2.2444317e-05,2.0012158e-06,2.3981784e-06,3.1199233e-05,8.270523e-06,1.25327e-06,1.631342e-05,3.1089455e-06,3.1876805e-06,8.1765876e-07,1.4707122e-05,1.0988987e-06,5.221276e-06,2.0599227e-05,7.919354e-06,4.2230934e-07,1.50445485e-05,1.7263923e-06,1.1373867e-06,8.795007e-07,1.3195614e-05,3.246877e-05,1.247834e-06,1.4312408e-05,8.378036e-07,3.5150416e-07,2.3947363e-05,7.15014e-06,9.0188706e-07,2.1629387e-06,1.269437e-06,3.592774e-05,1.525515e-05,6.2015016e-07,5.853815e-05,7.0667975e-06,2.8660652e-06,5.437145e-07,7.87779e-06,7.8238895e-07,2.8595474e-05,3.5956234e-07,4.9819468e-05,6.4675663e-07,3.5749985e-05,4.833924e-07,3.786339e-05,1.5462181e-05,3.49511e-06,6.381844e-07,4.970096e-07,5.8164346e-06,1.4997887e-06,6.9786955e-07,4.5261956e-07,3.7513753e-05,2.8767323e-05,4.7900954e-05,1.6211632e-06,4.853948e-05,0.00011256883,1.7483306e-06,1.3992253e-06,5.002164e-07,7.991582e-06,4.4298977e-07,2.6684066e-07,1.3965044e-06,7.186679e-06,2.1353655e-06,2.5261222e-06,2.5933032e-05,4.192038e-06,5.1218365e-05,2.3770297e-06,1.2815015e-05,2.5855786e-06,3.945198e-06,2.080165e-05,2.7397192e-07,3.4583727e-06,2.383131e-05,1.29658e-05,1.2167969e-05,8.365953e-06,1.5182579e-06,8.2148845e-06,3.4139834e-06,2.237531e-05,7.169998e-07,1.143417e-05,5.0263796e-05,0.00016596439,9.011701e-06,1.4373097e-05,6.715687e-07,4.1184553e-06,2.3143225e-07,2.85075e-05,9.516056e-07,3.4490533e-08,2.7031612e-07,0.000109848486,4.4846936e-07,1.4363671e-05,2.1317039e-08,1.4207234e-05,4.912539e-07,1.0111045e-05,7.0141914e-06,6.0438674e-06
BC2026_Train_0034_S22_20211222_013000_055,1.1006922e-06,1.6695147e-05,0.0006463277,0.0004889409,5.063513e-07,3.03049e-08,2.629347e-08,1.5428128e-06,0.02781778,0.00083572546,0.0009115053,1.6617472e-05,3.6978426e-07,6.242653e-07,7.2209614e-06,0.08119682,9.897483e-07,2.576087e-08,0.36166504,5.0300187e-06,2.012808e-05,0.19517654,0.00066044874,1.6245605e-05,0.23344392,3.8035523e-06,0.002528232,3.9766115e-07,2.9162733e-05,2.3922095e-05,3.921035e-06,5.6121053e-06,4.0640625e-06,1.0290202e-06,3.3477531e-06,4.932165e-06,3.885145e-06,8.935835e-06,3.2274852e-07,3.2331861e-06,2.611161e-05,1.4366411e-06,1.9074287e-05,8.560996e-06,1.2682717e-06,1.0007182e-06,3.5689152e-06,4.5655165e-07,8.251089e-07,1.9470713e-06,2.2198615e-06,1.4998301e-06,1.8659647e-06,8.267369e-06,1.7761842e-05,1.5350256e-06,8.324597e-08,0.10286786,3.1788108e-08,9.826522e-07,0.0058179433,1.9495499e-08,0.0007662709,0.064382195,0.004060377,0.00015853187,2.0432397e-05,1.9553597e-07,6.859038e-08,5.5206683e-06,4.4509346e-08,7.222697e-06,2.8054865e-05,4.7949156e-06,3.780332e-06,7.646815e-06,2.1038659e-05,1.651346e-05,6.770155e-06,3.4483576e-06,0.00012005632,5.868201e-06,1.1881908e-05,8.383644e-06,7.50434e-05,4.8844954e-06,1.7633761e-06,2.0791256e-05,6.9700823e-06,6.058433e-06,7.59895e-05,6.590228e-05,6.516983e-06,9.794668e-05,4.164429e-05,7.2930266e-06,4.2226296e-07,3.133882e-05,6.486421e-06,1.9975047e-05,5.82407e-05,5.08771e-07,3.590455e-05,6.992883e-05,0.00014332354,2.5109424e-05,1.1674011e-06,2.1265063e-07,7.2203966e-06,0.0001167037,1.4651825e-05,2.2232864e-05,2.2385718e-06,5.6216777e-06,3.135915e-06,5.5321598e-05,3.008255e-05,3.0976757e-06,6.897135e-07,7.7529825e-05,2.6369844e-06,1.8789679e-05,1.0068428e-05,2.7648466e-05,1.0756731e-05,2.264806e-06,6.479153e-05,2.6274622e-05,3.8125584e-06,3.018839e-05,7.236037e-06,1.2309932e-05,3.8666226e-06,1.6351129e-05,8.265744e-06,1.7961305e-05,6.9463655e-05,9.30089e-06,8.6951957e-07,2.6659402e-05,4.0253276e-06,2.5110385e-06,2.124843e-06,2.7325272e-05,2.461962e-05,7.6012753e-07,4.2987107e-05,5.0090335e-07,1.0617567e-06,4.1515024e-05,2.6309523e-05,2.4939911e-06,7.438342e-06,3.8832377e-06,9.2392394e-05,2.3553697e-05,1.0455449e-06,3.086368e-05,1.310653e-05,1.0169162e-05,4.9025925e-06,3.4261466e-05,2.5920792e-06,6.338604e-05,1.9095808e-06,0.00013988501,9.018596e-07,6.15929e-05,6.9627544e-07,8.5267995e-05,2.4681729e-05,6.66953e-06,1.7937057e-06,4.835427e-06,9.783677e-06,6.5182203e-06,1.0028697e-06,1.9937218e-06,6.591919e-05,0.0002742182,0.0001197395,5.6474164e-06,0.000187743,0.00016401349,8.346461e-06,2.597838e-06,1.4898226e-06,1.22274e-05,1.1444406e-06,5.00487e-07,2.034426e-05,1.84456e-05,1.6948442e-06,2.9817968e-06,6.375851e-05,7.989021e-06,6.337758e-05,6.4367227e-06,2.2864686e-05,3.3760987e-06,8.068188e-06,2.6873025e-05,4.5495477e-07,9.879717e-06,6.259823e-05,2.5787776e-05,2.046301e-05,1.1467948e-05,1.2592575e-05,1.468288e-05,6.4444926e-06,2.5592808e-05,6.4131636e-06,1.8232931e-05,0.00014739396,0.000512529,2.1118241e-05,2.151716e-05,2.4782057e-06,6.7576984e-06,6.9522247e-07,8.109041e-05,1.946685e-06,1.2178411e-07,9.517717e-07,0.0001993108,1.8562915e-06,3.417183e-05,1.08219055e-07,1.9143865e-05,6.572267e-07,9.676134e-06,5.9689046e-06,4.414964e-05
BC2026_Train_0043_S22_20220112_040000_000,1.5372142e-06,9.523246e-07,7.2212706e-06,0.00039847588,7.776713e-06,1.7249688e-07,2.6491966e-07,1.0433612e-05,0.001604883,0.17860685,0.043637212,9.989379e-07,1.6585032e-05,7.019158e-07,3.6076387e-06,0.0027966194,9.953927e-07,8.2582865e-08,0.0013124075,9.564801e-06,5.795141e-06,0.0011474442,0.0019717847,3.4321731e-06,0.00071019575,2.6796913e-06,6.738463e-05,5.125175e-07,1.4038434e-06,2.2148004e-05,6.6894834e-05,2.4751657e-06,5.8786363e-06,1.634475e-06,1.847706e-06,2.688235e-06,6.103808e-07,3.5280932e-06,4.6553637e-06,2.015058e-06,3.746092e-05,9.950957e-06,1.0327618e-05,2.658835e-06,4.242734e-06,3.5303312e-06,2.5259753e-06,2.2539648e-07,1.639871e-06,2.5524332e-06,5.566669e-06,7.0238307e-06,5.720736e-06,1.4736649e-05,1.1512567e-05,2.3020594e-07,3.2321114e-07,0.16226527,1.5409056e-07,2.0772786e-06,0.0061309347,1.1211145e-06,0.00041375504,0.10157896,0.00012274561,5.4563825e-06,1.304732e-05,6.223797e-07,4.728746e-07,2.3864243e-06,4.5834025e-07,1.358665e-06,1.1345763e-05,6.7103815e-06,7.4190725e-06,8.8051465e-06,0.000110601155,0.00027714597,0.00013040881,8.31692e-06,0.0002149449,1.1056708e-05,0.000867225,4.819507e-06,0.0005067118,0.00021616551,1.313442e-05,0.000218569,5.8663554e-05,1.5243632e-05,8.5631415e-05,2.2403305e-05,1.2645623e-05,5.7342604e-06,0.00051141216,0.00010357314,4.4854318e-05,0.0001519894,0.00021732278,7.351945e-05,1.5708549e-05,2.328057e-06,0.000116932286,0.0027244734,0.0009034377,3.3376542e-05,1.6193017e-05,7.2837634e-07,4.0392464e-05,0.00013642032,5.8157955e-05,4.659457e-05,1.4031704e-05,4.4826265e-05,1.4281866e-05,9.069604e-05,9.468382e-06,0.00013527561,5.5288824e-06,0.00048275632,0.0001314197,0.000105064755,9.4990144e-05,0.0026677803,3.7470494e-05,0.00027802514,0.00012156727,2.7309976e-05,2.4669207e-05,0.00055687176,4.848406e-05,2.6506767e-05,2.2637348e-06,0.00037348716,9.528753e-05,1.1072831e-05,0.00069888216,0.00017323862,0.00012169183,0.0006738693,2.888096e-05,8.326395e-06,1.5837926e-05,4.6422574e-05,0.00017684171,1.905203e-07,7.6136515e-05,0.00010593385,6.5243457e-06,3.803667e-05,6.6766544e-05,0.0005009531,7.0557675e-05,5.6226607e-05,2.1085822e-05,0.00016472049,2.6168027e-06,7.1402187e-06,0.00012668302,1.0892073e-05,1.3475187e-06,2.5869009e-05,4.283843e-06,9.6144766e-05,7.90875e-05,0.029390516,9.225088e-06,0.00017707661,0.0002988441,0.0012493345,0.00031172953,1.7651962e-05,1.8074791e-06,2.3590786e-05,0.0003472314,1.8054472e-05,1.6301943e-05,7.668746e-06,0.00060101855,2.2602277e-05,0.00073830714,1.1173839e-05,0.0005696617,0.00024382354,5.1969808e-05,5.6961403e-06,2.0120462e-05,1.1398699e-05,7.725524e-06,3.962808e-05,5.8195455e-05,0.00018138539,1.5716894e-05,0.00011927763,7.768472e-05,0.00014043765,6.669725e-05,2.086829e-05,0.00071186776,3.3254666e-05,1.174644e-05,1.885117e-05,1.0657435e-06,0.000117562064,0.00031603564,0.0004000905,5.2216856e-05,0.00013981875,5.368491e-06,2.2657892e-05,5.3757554e-05,0.00020698753,5.799923e-06,0.0002950367,0.00948583,0.0058729197,3.2305325e-05,0.00016820403,3.6347625e-05,8.084466e-05,1.7780235e-06,4.4009957e-05,3.6414862e-05,2.0171145e-05,6.188325e-06,7.699023e-05,5.364361e-06,1.497584e-05,5.1172756e-06,0.00020078754,2.1479225e-06,0.00014786595,1.9387353e-05,6.404541e-05
BC2026_Train_0043_S22_20220112_040000_005,7.923011e-07,1.1789563e-06,3.1235345e-08,3.417254e-06,3.2857034e-07,1.0977237e-08,8.8849745e-09,5.386366e-07,0.019790089,0.00012522055,0.0032681995,3.972684e-08,2.3328433e-07,1.5050995e-08,2.5664745e-08,0.0040547554,8.665972e-07,6.961537e-09,0.9189258,1.0137974e-05,5.4568017e-07,0.006185473,5.053805e-05,4.8179536e-06,0.0045706374,3.0523188e-06,0.00018092127,2.9493158e-08,2.5521183e-08,3.197137e-06,2.0214819e-05,6.2431116e-07,1.5355514e-05,8.762615e-07,1.1901388e-06,5.2118054e-07,2.1993088e-07,3.6606605e-06,3.6948674e-07,6.246379e-06,6.92355e-05,1.8512635e-06,4.5623074e-05,4.7741497e-07,1.1220675e-06,1.0061152e-06,1.39936465e-05,4.80594e-07,1.3867578e-06,4.3904106e-06,5.759499e-06,8.6933e-06,1.1122605e-05,1.1384239e-05,0.00013692296,1.5320713e-06,7.23255e-08,0.036145657,1.2166758e-09,1.7389375e-07,0.016882284,9.198843e-08,1.8395848e-06,0.00994418,7.927289e-06,5.9192796e-05,1.224387e-07,3.4881194e-07,2.76425e-07,2.1699084e-07,6.599038e-09,8.823825e-08,1.8947649e-05,4.535027e-07,5.121371e-09,4.256897e-07,0.0008420443,1.1570859e-05,6.689819e-06,5.513011e-07,0.00014578235,3.0266337e-05,1.2912444e-05,3.0119406e-08,1.3660391e-05,1.1736753e-05,1.6917436e-06,4.8790273e-05,2.1656467e-06,4.0716354e-06,2.0586716e-05,1.992399e-06,6.8254593e-07,2.6512819e-06,9.4038856e-05,8.860101e-06,1.0151539e-06,0.00039515042,1.2536665e-05,6.3275297e-06,4.8604514e-05,3.041411e-08,1.2455224e-05,0.00032386844,2.0848616e-05,1.2612555e-06,4.0668706e-07,3.524101e-07,1.563505e-06,4.5301003e-06,1.5490076e-07,5.712371e-05,3.5275139e-07,1.7217639e-06,2.1816018e-05,1.2767806e-05,2.2808827e-05,6.398673e-06,1.9700712e-05,2.507427e-05,6.771775e-06,6.246764e-05,2.5931695e-06,0.00014493354,1.3101404e-06,9.106369e-06,9.712541e-05,3.636738e-06,4.1001906e-07,3.4232886e-05,1.3375577e-06,7.678676e-06,8.458239e-08,4.412797e-06,6.875955e-06,2.9339868e-05,2.427842e-05,8.263261e-06,1.1517644e-06,9.360699e-05,1.9022957e-06,3.3183687e-07,3.4916178e-07,3.5389985e-05,6.0472597e-05,2.4936455e-08,1.3673113e-05,2.300004e-06,5.61814e-06,0.00017647586,1.7237846e-06,5.1300157e-07,0.000103222235,2.446229e-06,4.7517024e-06,0.00016075184,2.712781e-07,6.964056e-07,2.1088896e-07,6.9265866e-07,7.6180316e-07,4.135403e-06,2.3431869e-07,1.216943e-05,9.560369e-06,0.0002258931,2.4478428e-05,8.7974375e-05,1.28144e-06,5.2678242e-05,5.444105e-06,1.651028e-06,6.521196e-07,1.5768664e-07,3.73524e-05,3.8839626e-05,1.4543395e-05,7.28059e-08,0.0008421559,1.2847909e-05,4.3561296e-05,1.1356575e-07,0.00015235215,6.480377e-05,2.463855e-05,4.1471136e-08,5.4505136e-07,7.980339e-06,9.145709e-07,2.6037535e-06,1.2001508e-05,2.3823788e-05,7.306636e-06,9.999463e-07,9.375583e-05,3.6113852e-05,1.6130332e-05,6.51039e-07,0.00064537424,4.836898e-07,8.968456e-07,1.1313039e-06,3.2365347e-07,2.7254277e-06,6.806745e-06,2.9293038e-05,1.1686949e-05,2.6467967e-05,2.3336652e-06,8.903102e-07,1.8213901e-05,2.8918139e-05,1.0136737e-06,6.737274e-05,2.1980513e-05,0.00018846776,3.0801154e-06,0.0001289004,6.0491914e-08,2.109622e-05,4.4741288e-08,1.4051935e-06,1.3215079e-07,1.908603e-08,9.30346e-08,4.899477e-05,1.0300905e-06,7.488714e-05,2.7575655e-09,4.3216955e-05,1.2731259e-07,9.115441e-06,5.3582557e-06,1.3016506e-06
BC2026_Train_0043_S22_20220112_040000_010,2.9272685e-06,6.559092e-07,1.1587511e-07,7.724095e-06,3.222661e-06,2.9376551e-08,3.7398152e-08,5.425589e-07,0.14516243,0.0005538701,0.018809507,4.049717e-08,2.369188e-06,2.0649951e-08,6.011316e-08,0.027162176,1.3764018e-06,1.0379527e-08,0.94464797,7.9108696e-07,1.7254623e-06,0.00023802031,4.7919006e-05,6.7195388e-06,0.005768483,4.7102035e-06,0.00019606728,4.247158e-09,8.383086e-09,5.062609e-06,2.1120195e-05,5.512181e-07,8.846491e-06,1.2845808e-06,1.965967e-06,3.2351892e-07,2.6573494e-07,5.795395e-06,6.13093e-07,4.1171675e-06,6.770559e-05,1.4236623e-06,0.00010431037,2.6926844e-07,2.0277657e-06,1.8037563e-06,3.804073e-05,6.474842e-07,1.5666365e-06,7.897354e-06,1.1284115e-05,1.9976456e-05,2.5374744e-05,1.2815407e-05,9.619768e-05,1.0226983e-06,1.1773783e-07,0.068411894,4.324164e-10,2.0948201e-07,0.12314217,9.0570055e-08,1.4503576e-06,0.05961784,3.311842e-05,0.0002449903,1.3596758e-07,1.152238e-06,1.1333366e-07,1.3436215e-06,4.254593e-09,1.5065864e-07,6.3962084e-06,3.7569282e-06,8.6751e-09,8.276261e-07,0.0007757879,4.5792895e-05,4.365764e-06,7.24673e-07,0.0002585149,6.278553e-05,2.3002603e-05,2.055803e-08,6.853526e-06,3.2269606e-06,3.2098276e-06,5.1329065e-05,1.5812111e-06,5.32742e-06,3.5414763e-05,1.6467618e-06,1.0155558e-06,4.8219345e-06,0.00024663744,4.9003043e-05,1.7767759e-06,0.00044443904,2.8485325e-05,3.292681e-06,3.0468098e-05,4.5276117e-08,9.183446e-06,0.0008420571,3.0892068e-05,7.675628e-07,4.822753e-07,3.3278317e-07,2.0439934e-06,2.3327975e-06,7.533381e-08,3.1134143e-05,1.2951273e-07,8.202822e-07,5.8043148e-05,1.3835023e-05,2.4272076e-05,1.4544463e-05,1.3385912e-05,3.8058985e-05,6.054054e-06,0.00032354813,1.0754593e-06,0.00022856008,2.871992e-06,3.7135003e-05,0.00027365485,1.0080188e-05,2.0773568e-07,2.4084458e-05,2.2746308e-06,1.009765e-05,5.5026735e-08,6.492034e-06,1.616404e-05,0.0006587263,2.9032313e-05,8.824363e-06,4.287738e-06,0.00075520296,3.0703293e-06,3.1592188e-07,4.159583e-07,2.8729024e-05,0.0019421718,8.862362e-09,8.712845e-06,1.4645069e-06,3.8646984e-05,0.00016381094,1.2810555e-05,2.2728095e-06,0.00012838458,9.636744e-07,7.14075e-06,8.406575e-05,6.6124716e-07,2.0292428e-07,1.1715093e-07,7.6200297e-07,4.4307342e-07,4.62987e-06,4.976603e-08,7.625353e-06,6.062999e-06,0.00015512548,0.00036255672,0.00048542855,3.1646252e-07,2.6487513e-05,3.54795e-06,2.6322932e-06,4.1233926e-07,5.1614908e-08,4.859107e-05,8.382016e-05,6.389375e-05,9.947326e-08,0.000523241,8.7201515e-06,4.0045663e-05,2.7180635e-08,0.00021810496,2.9829045e-05,9.2389935e-05,1.1229244e-07,1.2227838e-07,1.28746215e-05,2.1523611e-07,1.4606711e-06,2.1925496e-05,5.6086363e-05,2.5096954e-06,4.830113e-07,3.7844184e-05,2.9675035e-05,4.8320202e-05,8.918902e-08,0.006358489,1.0888153e-06,1.5012381e-07,3.702847e-06,1.0607638e-06,6.093617e-06,4.0383316e-06,8.706395e-05,5.4023858e-05,7.2944317e-06,5.9449144e-06,9.938666e-07,1.29717e-05,9.376288e-06,5.637229e-07,8.148015e-05,8.931748e-05,0.00023210542,5.656752e-06,0.0022257385,2.258405e-08,1.3129975e-05,1.6123355e-08,1.9922259e-06,3.8105742e-07,1.261666e-08,1.1870913e-07,5.330226e-05,9.879875e-07,5.535241e-05,3.8817283e-09,5.7052832e-05,1.515635e-07,1.6428732e-05,2.8412217e-06,8.1493334e-07
BC2026_Train_0043_S22_20220112_040000_015,6.399302e-06,3.1371026e-06,1.781673e-06,0.00013934211,8.054298e-06,4.1555273e-07,2.2062127e-06,1.0835701e-05,0.0049178507,0.10352709,0.13204622,5.0783246e-06,0.00017939809,1.2131828e-06,3.1692541e-06,0.008823319,3.8616995e-06,3.669976e-07,0.036301292,2.8361699e-06,1.7243785e-05,0.003056606,0.00013687454,1.6063004e-05,0.0038758677,2.3613025e-05,0.00021558651,1.9929917e-06,8.064897e-06,2.3943845e-05,1.29625605e-05,3.5384883e-06,6.8971294e-06,2.9853109e-06,4.068305e-06,2.4725684e-06,8.018277e-07,4.3010114e-06,3.816753e-06,3.7404118e-06,4.740273e-05,3.6712818e-06,2.2916489e-05,2.0305545e-06,3.946741e-06,3.4339248e-06,6.3790603e-06,8.39079e-07,2.7214617e-06,6.7654555e-06,4.881017e-06,6.236515e-06,4.44786e-06,1.5790825e-05,1.3949569e-05,3.6914973e-06,6.187873e-07,0.017618118,1.2603869e-07,1.340119e-06,0.08048029,3.6687654e-06,0.00019317983,0.2623312,0.00044394511,0.00015807616,4.0219456e-05,2.3241348e-06,1.8417528e-05,3.6286012e-05,2.2570752e-07,4.1477585e-07,0.0001480879,8.458175e-05,2.8766995e-05,3.8090642e-05,0.00034119826,0.00094646093,3.8338418e-05,6.680215e-05,0.0070820726,2.603838e-05,0.017535448,8.074679e-06,0.00092228915,0.00010799218,4.351102e-05,0.0009436943,0.000212561,4.592067e-05,0.00019202086,0.00012046846,6.299766e-05,9.491055e-05,0.0038909877,0.00017448043,4.383375e-05,0.0049318997,0.00010683254,0.00012424788,1.3370156e-05,1.1173211e-06,0.00038090683,0.009510093,0.00028881757,5.8139878e-05,1.8930237e-05,7.8924074e-07,4.491951e-05,4.922486e-05,3.9901e-05,0.0006434219,7.869267e-06,1.1480257e-05,5.230876e-05,8.7977816e-05,1.7076407e-05,0.0013227894,8.837686e-06,0.0021967962,0.00074311026,0.0005904397,7.297421e-05,0.014588171,9.69324e-05,0.0006136225,0.00021427537,0.00040039804,3.7101127e-05,0.0008141444,0.00082963624,4.3319946e-05,2.1522988e-05,0.00063016027,8.377334e-05,3.9396422e-05,0.001875084,0.00031796223,0.0005314646,0.0014403722,2.0995987e-05,0.00011815782,6.0672457e-05,0.00025362385,0.0007297578,3.8370118e-08,3.238787e-05,0.00017285136,0.0003696881,0.00017851537,0.00016396532,0.001570801,0.00029003582,5.820173e-05,0.00011863097,0.00015848683,6.473178e-06,1.6945694e-06,7.658084e-05,0.00012741852,4.4077033e-06,7.3827505e-05,6.2591753e-06,9.839845e-05,6.147366e-05,0.012612449,0.0001907837,0.0007156797,8.810887e-05,0.00042429386,0.00024223838,0.00025533876,2.1844914e-06,1.1524607e-05,0.00037559072,7.049647e-05,0.00013702523,1.5032344e-05,0.002001217,0.0010701622,0.0018474112,2.004757e-06,0.00036182918,9.269306e-05,9.983964e-05,1.354822e-05,2.2387555e-06,8.621151e-05,9.299081e-06,8.025666e-05,0.000112142734,0.0036257522,2.0289195e-05,0.00034519166,9.176032e-05,0.0003253437,0.00026732247,4.1198423e-06,0.0020529523,0.00012843662,4.8042484e-06,3.138464e-05,8.45308e-06,0.00019465253,0.0008261112,0.00038451346,0.001295496,0.00023589075,5.786095e-06,5.0995877e-05,4.475442e-05,0.0012287935,9.481492e-06,0.00041915692,0.0058900295,0.0045938655,2.6921198e-05,0.036146704,6.1754026e-06,0.0002451637,7.842027e-07,6.142007e-06,3.0473502e-05,7.399752e-05,4.0599907e-06,0.00089647155,6.0579305e-06,0.00010571144,6.713243e-06,0.00047125007,5.7780335e-06,0.00024560423,1.1511151e-05,2.9484572e-05
BC2026_Train_0043_S22_20220112_040000_020,8.4179294e-07,2.7559793e-07,8.759583e-07,0.00021979657,7.871743e-07,3.039504e-07,8.510239e-07,7.756219e-06,0.0057727727,0.16363302,0.28948268,2.9055332e-07,0.00025995064,4.980862e-07,3.39075e-07,0.0034807222,1.16549e-06,1.0071956e-07,0.004182679,1.0721489e-05,6.077728e-07,0.0003340556,0.0001975068,2.426813e-06,0.00030407534,9.394385e-06,8.356607e-06,2.8388436e-06,2.27349e-06,1.915555e-05,3.7456128e-05,2.5034253e-06,1.6638245e-05,2.125226e-06,1.161213e-06,3.3264337e-06,4.602206e-07,1.8328988e-06,3.6194588e-06,2.729004e-06,2.9456132e-05,8.887698e-06,5.9634476e-06,1.7694674e-06,2.3892048e-06,2.0463865e-06,1.6934579e-06,3.817711e-07,1.6013336e-06,1.4374415e-06,2.8700972e-06,3.3995645e-06,2.1998069e-06,1.3390099e-05,1.0048974e-05,1.1855889e-07,2.5041032e-07,0.098626986,5.211895e-08,2.1269698e-06,0.04796176,1.3819549e-06,4.0235722e-05,0.07311342,5.6857574e-05,9.912456e-06,1.0516366e-05,3.5110747e-07,5.5069997e-08,1.0454678e-05,1.4257422e-07,6.348585e-08,4.9990203e-06,5.445206e-06,1.3088356e-05,5.8834257e-06,0.00016618751,0.00033712856,3.1818145e-05,4.2070164e-06,0.002088305,2.371195e-06,0.00032319262,2.030328e-06,0.0003067287,4.0093084e-05,9.193155e-06,0.0005774758,4.949698e-05,2.7113585e-06,0.00015173525,1.3119648e-05,4.868117e-06,4.4781987e-06,0.0003636289,7.188e-05,2.1348435e-05,0.0009192947,6.138462e-05,1.2870092e-05,2.7210776e-06,7.62909e-07,4.5242068e-05,0.004281986,0.00163345,2.7203587e-05,4.1141056e-06,1.1092029e-07,1.8700548e-05,1.10555475e-05,3.9873994e-06,3.3781103e-05,3.392504e-06,3.465088e-06,1.9979829e-05,5.264414e-05,7.4499426e-06,0.00010238105,4.6278615e-06,0.00028744733,7.109082e-05,6.9418296e-05,1.2049754e-05,0.0046349023,4.69258e-05,6.045761e-05,2.1771186e-05,0.00012002391,1.0119437e-05,0.0006269732,1.8242481e-05,3.836551e-06,3.841508e-06,7.499769e-05,5.076076e-05,3.4332174e-06,9.175034e-05,0.0003085089,9.111734e-05,0.011705243,5.0453345e-06,7.13195e-06,8.526872e-06,2.9665953e-05,0.00086467253,6.907286e-08,5.710304e-06,5.6854973e-05,5.3580825e-05,1.43771695e-05,3.91392e-05,9.037772e-05,4.115694e-05,3.161896e-05,3.053139e-05,3.795883e-05,8.1255865e-07,3.4721558e-07,2.9170465e-05,1.4230922e-06,8.792649e-07,1.0474048e-05,6.183802e-07,3.571802e-05,1.6007602e-05,0.005351727,7.697967e-06,0.00018073575,0.00014711425,0.0002907321,0.00013835642,9.695875e-06,1.8129002e-07,2.908025e-06,7.880022e-05,4.1970732e-05,5.186882e-06,7.862343e-06,0.00025629706,0.00020321432,0.00014003155,4.1282706e-06,5.399105e-05,3.553354e-05,3.8220656e-05,7.301951e-07,3.2873427e-07,4.119743e-05,2.282123e-06,0.0002707302,1.3522262e-05,0.0019180058,4.221239e-06,2.286508e-05,3.299274e-05,0.000118285425,7.947693e-05,2.0101138e-06,0.00081406214,2.3573464e-06,7.4086614e-07,2.8640912e-05,4.4092717e-06,0.00026920106,6.169224e-05,0.00018859451,0.00011835324,0.0006314676,3.5199027e-06,1.7256421e-05,2.40973e-05,6.392782e-05,9.207738e-06,0.00018240747,0.017061448,0.008478571,1.6093227e-05,6.9161855e-05,3.6629865e-06,6.186338e-05,8.43089e-08,6.6889324e-06,1.2673379e-05,1.813025e-05,9.793132e-07,0.00010269149,1.1798662e-06,1.0402077e-05,1.2950325e-06,9.6241536e-05,1.863388e-06,5.7538455e-05,3.2484045e-06,4.8410097e-06
BC2026_Train_0043_S22_20220112_040000_025,2.053162e-06,5.409413e-07,2.4979736e-06,0.00010828824,6.040099e-07,4.0525416e-07,1.5417257e-07,1.4399056e-06,0.026811136,0.040027495,0.104099445,5.481253e-07,0.00010698352,1.0848809e-06,5.614609e-07,0.06593489,2.0892955e-07,4.3008455e-07,0.06624205,6.7238857e-06,5.1282136e-06,0.0021158776,0.0005114848,8.43111e-06,0.00060331164,1.5430996e-05,2.2675595e-05,3.3909114e-07,7.3615483e-06,0.00012559797,1.5686048e-05,5.244151e-06,8.52362e-06,2.088217e-06,2.4857634e-06,2.5673128e-06,1.6527027e-06,1.3712613e-05,1.473057e-06,3.0584554e-06,5.2529205e-05,4.0431987e-06,2.0972073e-05,4.097461e-06,5.148305e-06,4.400517e-06,1.434248e-05,7.447495e-07,3.8539256e-06,8.6491655e-06,5.987845e-06,8.123299e-06,5.4635993e-06,9.287959e-06,2.5354111e-05,3.1150574e-07,1.141467e-06,0.18764468,2.0920561e-08,2.1606315e-06,0.24839288,2.2731142e-07,9.471869e-05,0.13818072,0.00012398785,0.00016065975,9.168859e-06,1.8497882e-06,2.883211e-07,1.924239e-05,2.8615543e-07,2.0122032e-07,2.0781938e-05,2.4976875e-05,8.841918e-06,2.581208e-06,0.00026433007,0.00029123342,7.3442854e-05,3.5402468e-06,0.00367716,8.880369e-06,0.0018716404,2.327422e-06,0.0009888841,3.0251218e-05,3.8385897e-06,0.0004526536,2.626107e-05,3.2444877e-05,6.796311e-05,2.2534978e-05,4.0588257e-06,5.5000005e-06,0.00072874664,0.00013772633,6.6149523e-06,0.00073019124,0.0001325596,2.1430105e-05,6.7808937e-06,1.2643529e-06,0.00011156474,0.002239715,0.00045972466,1.05051395e-05,9.077037e-06,1.425261e-07,2.4147568e-05,1.4687544e-05,2.6034206e-05,9.579545e-05,1.348281e-06,2.6548116e-06,1.8009538e-05,0.00030307507,2.0230227e-05,7.6167744e-05,8.989264e-06,0.0007670457,0.00023752994,0.0003031777,3.224186e-05,0.0073396815,1.3426299e-05,0.00012495065,0.00026053222,0.00018149058,6.2045056e-06,0.00039674688,4.55935e-05,1.2287647e-05,8.3430103e-07,0.0001804375,1.0762056e-05,2.953073e-06,0.003112044,0.00024835582,0.00017722846,0.0008093405,6.1079413e-06,5.871045e-05,9.894908e-06,1.9903093e-05,0.0005361793,1.04980785e-07,2.4776266e-06,9.439315e-06,4.2912074e-05,3.5925583e-05,2.6671407e-05,0.00032123926,4.6090063e-05,7.596523e-06,0.00035543338,2.6328047e-05,8.108216e-07,3.688376e-07,1.2518219e-05,5.7668803e-06,6.936066e-07,4.024234e-06,2.1944899e-07,3.2741464e-05,2.0687658e-05,0.013011136,7.71674e-06,0.00053136,4.5011962e-05,0.0004901432,0.00013927478,0.00021624407,4.1245175e-07,6.755217e-07,0.00015623526,1.24357375e-05,1.0773711e-05,6.37391e-06,0.0017005329,0.0009083079,0.000443921,3.9077304e-06,0.00023551298,5.5128745e-05,8.688281e-05,1.8112546e-06,1.1910086e-06,3.130026e-05,2.4137832e-06,4.2510626e-05,5.03142e-05,0.0011834748,2.700577e-06,4.2150794e-05,2.1754478e-05,0.00023116215,0.0001730806,1.1003764e-06,0.005291835,1.4273166e-05,2.2691343e-06,7.796421e-06,4.8754946e-06,0.00011821947,1.6434453e-05,0.00060985336,0.00031061552,0.00021093574,3.2759526e-06,1.3220151e-05,2.0859618e-05,0.0001898003,1.9325662e-05,0.00018041447,0.0040426385,0.0066271354,2.4199713e-05,0.0014874608,3.9128763e-06,3.0155821e-05,1.250724e-07,7.344445e-06,8.144755e-06,5.712902e-06,1.5572134e-06,0.0003871481,1.00506995e-05,0.00017989003,1.1147825e-06,0.00017289321,1.2580816e-06,0.00020040767,3.155176e-05,1.3184619e-05
BC2026_Train_0043_S22_20220112_040000_030,9.710995e-06,1.79419e-06,1.0847484e-06,0.00013710679,4.130582e-06,1.1480256e-07,7.567657e-08,1.654685e-06,0.09892113,0.01684688,0.12645039,2.9337107e-07,9.11291e-06,1.937972e-07,2.5958417e-07,0.025461834,1.92478e-06,1.412598e-07,0.9149636,1.0171268e-05,4.290233e-06,0.0023741573,0.000112991904,2.6150885e-05,0.008372389,1.7251567e-05,0.00053429295,2.9088213e-07,2.0361148e-07,2.2534505e-05,0.00010233235,3.3050483e-06,3.1984524e-05,4.1448866e-06,6.3292373e-06,2.0910568e-06,5.4124473e-07,6.434489e-06,5.1740967e-06,1.058634e-05,0.00018532484,6.387522e-06,0.00018439646,1.982787e-06,3.881882e-06,3.6182232e-06,2.6309977e-05,9.315914e-07,2.8855459e-06,1.1374548e-05,2.0150264e-05,3.1611155e-05,3.3639975e-05,5.7658963e-05,0.00013133076,4.1339636e-06,3.8441652e-07,0.235269,3.0345375e-09,3.7165776e-06,0.26017165,4.2921954e-07,1.8508365e-05,0.07126279,0.00039938043,0.00025989462,1.789238e-06,1.0482396e-06,2.5827913e-07,2.3493172e-05,1.923143e-08,1.7429602e-07,1.0892716e-05,6.991612e-06,7.481132e-08,7.838983e-07,0.0005434218,8.341622e-05,9.331036e-06,2.607339e-06,0.00083899655,9.614679e-06,0.00021298337,1.2645056e-07,4.875348e-05,1.4032146e-05,7.319406e-06,0.00021614491,4.5046613e-06,7.492672e-06,1.8805094e-05,5.4275993e-06,1.9675892e-06,1.0045199e-05,0.00025555966,4.48417e-05,4.3031614e-06,0.0015383925,1.9348125e-05,3.767437e-06,1.4357043e-05,2.516432e-07,1.4750034e-05,0.0007643062,0.00013604037,2.1848975e-06,7.787428e-07,1.507325e-07,3.7107372e-06,1.0230747e-05,3.461424e-07,5.588087e-05,3.6897828e-07,7.792517e-07,1.9829207e-05,2.1840144e-05,2.4969539e-05,1.599974e-05,1.2737731e-05,2.1238431e-05,1.950346e-05,0.00018611498,1.6413338e-06,0.00020583482,1.2360516e-05,1.1759496e-05,0.00015339014,2.329746e-05,5.8784343e-07,8.49821e-05,1.2156301e-05,1.0511913e-05,9.97745e-07,2.7818974e-06,1.602396e-05,4.0501618e-05,5.8097143e-05,5.0947085e-05,2.2381031e-05,0.0012100564,9.372488e-06,9.683212e-07,5.67186e-07,3.976516e-05,0.004253862,1.643559e-08,1.792773e-05,7.4649133e-06,5.7372486e-05,6.1333536e-05,9.140659e-06,8.93615e-06,0.00012505375,2.6006167e-06,9.436336e-06,9.529898e-05,1.0012805e-06,2.1985979e-07,2.2824797e-06,2.7160713e-06,1.0092125e-06,4.3791824e-06,4.918652e-07,3.2134332e-05,9.051062e-06,0.0010417388,5.6245757e-05,0.0004962646,2.8782242e-06,6.706346e-05,1.06629905e-05,6.913144e-06,4.4222065e-07,4.0870464e-07,2.7805454e-05,3.839539e-05,1.1487923e-05,3.3663625e-07,0.000375024,7.124121e-05,8.547078e-05,7.859443e-08,0.00013043865,1.7590944e-05,4.772837e-05,4.9819454e-07,1.3817213e-07,2.0017285e-05,5.655241e-07,1.0125548e-05,3.0412712e-05,0.00010373959,2.0537218e-06,1.3903358e-06,3.2297103e-05,2.9693721e-05,3.9206516e-05,2.6978122e-07,0.0048962804,3.619804e-06,3.9090466e-07,5.589197e-06,6.7907746e-07,1.5969756e-05,1.6675034e-05,8.200311e-05,3.041944e-05,3.4603057e-05,2.0808754e-06,2.5653942e-06,2.0621004e-05,2.801666e-05,2.1783876e-06,2.347801e-05,0.0015503074,0.0002609944,6.3210514e-06,0.0023678085,1.4658802e-07,4.1087802e-05,2.8111346e-08,2.4639294e-06,3.5949822e-07,1.0459603e-07,3.607504e-07,8.151186e-05,7.965254e-07,3.9849776e-05,4.945292e-08,4.0593026e-05,3.9381428e-07,2.2939053e-05,3.145239e-06,1.8760712e-06
BC2026_Train_0043_S22_20220112_040000_035,7.337755e-07,2.1968899e-07,4.867239e-06,0.0026259755,3.4099453e-06,1.4294564e-07,2.7852715e-07,1.9228928e-05,0.001518172,0.6834115,0.101238884,4.3279107e-07,3.3200547e-05,5.596375e-07,4.2464703e-06,0.002634638,5.3600326e-07,1.219837e-07,0.007870501,1.2233453e-05,9.780131e-07,0.00038551397,0.00025504144,5.2470527e-06,0.00024358374,1.9638344e-06,2.5592613e-05,4.8982474e-07,2.711982e-07,1.9886551e-05,9.697373e-05,2.6412404e-06,9.4053485e-06,3.1224292e-06,2.0922157e-06,3.9122683e-06,3.1922514e-07,1.5833145e-06,9.234393e-06,2.1480475e-06,4.8120717e-05,1.5246904e-05,1.000431e-05,2.5215156e-06,2.007091e-06,1.6129021e-06,8.817127e-07,1.143312e-07,7.400914e-07,8.83204e-07,3.6721399e-06,5.3521735e-06,3.664066e-06,2.9973275e-05,7.115326e-06,1.616789e-07,1.470292e-07,0.5455924,1.9657625e-08,2.9057604e-05,0.012054455,7.2328174e-07,0.00031823915,0.081362695,0.0007158813,1.1007826e-05,3.120837e-05,2.8181492e-07,6.324558e-08,3.9700476e-06,1.8194075e-07,2.2403414e-07,3.410869e-06,7.5942057e-06,1.4700103e-06,4.38928e-06,4.2437034e-05,7.925616e-05,1.5934675e-05,9.7773545e-06,9.2400776e-05,1.208104e-06,0.00011534059,7.2907267e-07,7.574836e-05,4.5438712e-05,1.1973431e-05,2.8623384e-05,1.1080025e-05,2.9503678e-06,0.00010048664,1.0405641e-05,3.346419e-06,1.7932148e-06,9.055699e-05,3.3988108e-05,4.0258714e-05,0.00013800777,1.7466708e-05,3.5495064e-05,2.4386984e-06,1.1154568e-06,3.7267186e-05,0.0014796687,0.002857727,3.3759347e-06,4.386715e-06,6.636606e-08,5.647793e-06,3.8009e-05,1.1260005e-06,4.2035266e-05,2.0931716e-06,7.363992e-06,3.8577978e-06,2.1128091e-05,1.91365e-06,4.170943e-05,9.948204e-07,8.179006e-05,1.4263452e-05,2.4674997e-05,1.0768401e-05,0.00054279354,0.000103805694,1.4867477e-05,1.6806249e-05,2.3771252e-05,5.0722015e-06,0.001544352,6.872586e-06,7.420042e-06,3.0926517e-06,2.7931586e-05,4.884868e-06,1.6331006e-06,8.4596664e-05,0.00024691556,0.00012292025,0.009757035,1.0712588e-05,3.19421e-07,3.505438e-06,1.0031165e-05,0.0009088529,3.4670265e-08,7.694077e-06,1.21365165e-05,2.74109e-05,1.3734246e-05,7.858745e-06,0.0001529482,2.108908e-05,1.1814362e-05,1.1978798e-05,2.929653e-05,2.6182804e-06,3.9760278e-07,0.0002625548,3.274119e-06,6.8369775e-07,8.593348e-06,4.1815765e-06,9.03057e-05,8.034359e-06,0.0122533655,2.667834e-06,4.550931e-05,3.815234e-05,9.330293e-05,7.060829e-05,1.91415e-06,1.9452307e-07,1.5447342e-05,0.00016412236,1.3274259e-05,2.8342854e-06,2.7206909e-06,6.275501e-05,2.0117412e-05,8.706494e-05,2.8217605e-06,9.6165124e-05,1.313843e-05,2.0443973e-05,3.793098e-06,1.92245e-06,8.703826e-06,9.562042e-07,0.00018834705,1.3272739e-05,9.513609e-05,7.5322555e-06,4.7712212e-05,9.310804e-06,1.6865028e-05,2.2716524e-05,2.9404634e-06,0.00021587922,7.16487e-06,2.0617697e-06,1.8285711e-05,1.5661404e-07,3.5223216e-05,0.0002160219,6.861798e-05,1.8331351e-05,0.00028817065,2.5154006e-06,4.59148e-06,1.978095e-05,7.7172816e-05,4.7808203e-06,2.089145e-05,0.15886816,0.01040097,3.6912827e-06,2.4322244e-05,1.2195095e-05,3.330783e-05,1.7766303e-07,6.2731892e-06,6.575078e-06,3.353473e-06,1.1606268e-05,3.1713025e-05,3.0964527e-06,1.2775962e-06,8.790822e-07,3.2351632e-05,1.5821508e-06,4.212865e-05,3.4219827e-06,5.123966e-06
BC2026_Train_0043_S22_20220112_040000_040,4.542781e-06,5.7865077e-07,2.7542533e-06,2.4263098e-05,1.0616052e-05,1.0806188e-07,2.2477653e-07,5.088917e-06,0.014977839,0.009372354,0.042262986,3.3527584e-07,1.10713745e-05,3.627752e-07,7.972786e-07,0.018473322,1.3094146e-06,1.4973288e-07,0.5464868,3.960352e-06,6.386998e-06,0.0021256711,0.0015576272,4.52171e-06,0.0054873694,3.7905153e-05,0.00019203094,9.915049e-08,4.690493e-08,4.809511e-06,1.6889766e-05,6.127726e-07,2.9602943e-06,7.565123e-07,1.3316888e-06,2.981209e-07,2.6482496e-07,2.5686377e-06,9.013196e-07,8.831248e-07,2.8974868e-05,2.0725713e-06,2.0198517e-05,4.1284332e-07,1.8960274e-06,1.6169726e-06,4.956222e-06,2.706378e-07,9.829764e-07,3.236601e-06,4.3557375e-06,5.896339e-06,5.901903e-06,8.476426e-06,6.1040337e-06,1.6171098e-06,1.3545906e-07,0.079946645,2.0252514e-08,2.1161654e-06,0.05811439,3.4045502e-07,2.6564361e-05,0.11479664,0.00028911317,0.00010746182,1.2152718e-06,1.8264669e-06,2.4275045e-07,1.9386223e-06,7.51421e-08,1.088475e-06,1.9793706e-05,9.676458e-06,1.0797041e-07,5.4429684e-06,0.0008044009,0.00015263277,0.00013096347,6.7197698e-06,0.000489033,9.603994e-05,0.00017813638,1.7074137e-06,3.951122e-05,7.537978e-05,1.0330928e-05,0.000119734024,8.323481e-06,1.5612875e-05,9.891654e-05,9.109662e-06,4.8352977e-06,6.6636626e-06,0.0008939697,4.9424627e-05,6.9264083e-06,0.00024088002,9.9138364e-05,2.8607392e-05,4.1787505e-05,3.19989e-07,4.525005e-05,0.002347852,0.00014861964,6.2538174e-06,3.6052031e-06,6.48157e-07,1.6452204e-05,4.6812223e-05,4.057831e-06,0.000107165666,2.0343457e-06,6.575717e-06,2.9443718e-05,0.00010744357,2.6978894e-05,0.00012053534,1.0722246e-05,0.00025927092,5.839247e-05,0.00048505707,1.8004144e-05,0.00055010646,1.7470738e-05,0.00018205076,0.0002739467,3.6464106e-05,5.64121e-06,0.00017257502,7.146636e-06,5.3052812e-05,1.10987e-06,9.2401475e-05,7.858283e-05,0.000119243516,0.00035768346,9.1617454e-05,5.6976714e-05,0.0013834046,2.6269636e-05,1.17090385e-05,1.6652837e-06,5.3620744e-05,0.0005328107,7.5404685e-08,2.8334955e-05,2.5437157e-05,2.871281e-05,0.00020686875,5.7161313e-05,9.144253e-05,0.00014122942,1.1339196e-05,1.7579776e-05,0.000118376374,4.866998e-06,1.0053728e-06,5.385331e-06,1.1652439e-05,7.1698065e-07,2.3379655e-05,1.3035788e-06,6.6830245e-05,3.5063054e-05,0.0060751466,7.745371e-05,0.00041190756,2.0822747e-05,0.00016532061,7.102699e-05,1.2754712e-05,2.6480297e-06,2.9230143e-06,0.00012367152,0.00010900579,8.207266e-05,1.7820603e-06,0.00026593677,2.7110093e-05,0.00012801538,1.1109374e-06,0.0006308354,6.339589e-05,4.582981e-05,1.4628234e-06,4.764526e-06,2.9651443e-05,1.4305408e-06,1.2050663e-05,3.3147524e-05,0.00017677042,1.8347127e-05,1.8478753e-05,5.38761e-05,5.951003e-05,0.00012622662,1.5152666e-06,0.0026241639,1.1808898e-05,3.0294611e-06,5.8886794e-06,6.8620216e-07,3.684441e-05,8.233173e-05,0.00018278982,0.00010815996,5.9576178e-05,1.7295006e-05,2.074774e-05,7.1094815e-05,0.00015017224,2.571606e-06,8.675092e-05,0.0014749124,0.00105469,2.2397386e-05,0.0009980521,1.7075963e-06,2.1125776e-05,4.043782e-07,1.9358848e-05,6.392464e-06,4.4135066e-07,1.2401571e-06,5.7634443e-05,4.186696e-06,6.535398e-05,2.5384287e-07,0.00013909389,1.2927596e-06,3.385047e-05,1.5760963e-05,1.5434971e-05
BC2026_Train_0043_S22_20220112_040000_045,1.2196456e-05,1.2972067e-06,1.6235196e-06,5.3998363e-05,7.156716e-06,2.2934914e-07,1.976508e-07,6.3215964e-07,0.007928297,0.050811406,0.031055616,2.4111483e-07,6.301953e-06,1.026375e-06,6.0379284e-07,0.030758096,8.661654e-06,7.228936e-08,0.5333246,1.0322095e-05,1.3172556e-05,0.00064323645,0.00096525357,1.4985233e-06,0.008548703,6.862073e-05,1.8805562e-05,3.6767187e-08,6.1823283e-07,6.768152e-05,3.359029e-05,3.5808575e-06,8.194432e-06,1.317675e-06,1.1079275e-06,3.524303e-06,3.5333923e-07,3.6168087e-06,2.2993877e-06,3.7502696e-06,2.2756509e-05,5.8351466e-06,8.6139835e-06,2.6372961e-06,2.8036384e-06,2.96089e-06,1.0996276e-05,3.494419e-07,2.6642695e-06,9.079211e-06,6.924024e-06,9.260514e-06,1.0730298e-05,4.660668e-06,5.6880566e-05,2.022586e-06,3.9059762e-07,0.14897107,2.9514036e-08,9.774983e-07,0.16040929,1.3875209e-07,2.0882248e-05,0.044923134,0.0004429834,3.5752815e-05,5.0436137e-07,1.5784224e-06,2.3995965e-06,0.00012152683,1.2139833e-07,7.821972e-07,1.3737875e-05,0.00014081218,3.830048e-07,3.3200477e-06,0.00046976443,0.00024305853,5.027875e-05,8.059107e-06,0.004199744,5.1644285e-05,0.0033478118,5.1964776e-06,0.000512985,1.5896578e-05,1.0672055e-05,0.0001837518,9.323715e-06,0.00012330001,0.00013528115,7.065585e-06,5.0018966e-06,9.120153e-06,0.0005722886,0.0004259605,9.955418e-06,0.0006300113,0.0008231644,0.00013157318,1.2813267e-05,6.5063676e-07,4.3616e-05,0.0006562687,0.00025642294,4.5024067e-06,4.3015857e-06,5.3020085e-07,4.7266863e-06,1.616805e-05,4.8332554e-06,7.188665e-05,3.8333692e-07,4.3439686e-06,0.00026801863,4.999356e-05,1.28927695e-05,5.228272e-05,1.9374233e-05,0.00032254503,0.00035825337,0.00031990246,1.9376263e-05,0.0014849756,2.0610918e-05,8.699639e-05,0.00024098177,3.476851e-05,3.2772336e-06,0.0013449782,6.466838e-05,6.533716e-05,3.4327984e-06,2.9344543e-05,4.4857097e-05,6.971303e-05,0.00018416735,0.00014263274,5.084612e-05,0.002606705,1.8677092e-05,4.901518e-06,8.602946e-07,3.3193737e-05,0.0024084833,1.6152628e-08,5.944234e-06,0.000119387434,4.0270388e-05,0.00036163398,5.4240412e-05,8.913029e-05,0.0008223005,3.7980826e-06,7.628005e-05,0.00013800831,5.110989e-06,1.6937873e-06,2.1877959e-06,2.8376222e-05,1.0489702e-05,7.6076885e-06,1.6955214e-06,1.9463232e-05,3.500188e-05,0.088464275,7.4584386e-05,0.00037798082,1.4351909e-05,0.0002870204,2.4071784e-05,9.804545e-05,1.7741312e-06,6.934703e-07,0.00022871267,0.00011697912,0.00022860082,2.6180658e-06,0.00074974046,2.858735e-05,2.6307716e-05,7.6872607e-07,0.003458539,0.00017138023,0.00020612589,6.4222496e-07,7.3211795e-06,1.1327059e-05,2.133263e-06,1.7823231e-05,4.4923196e-05,0.0008105596,1.1846031e-05,1.3170281e-05,3.5484845e-05,0.00027050468,4.4799173e-05,2.2627736e-07,0.04292268,5.261137e-05,8.62409e-07,4.2254965e-06,1.720943e-06,2.4300261e-05,3.2472486e-05,0.00018199088,0.001023004,3.4410255e-05,7.787259e-06,3.2967816e-06,3.422267e-05,0.00039991701,2.5782756e-06,0.00022060279,0.0013556321,0.0022605194,7.3021292e-06,0.0089259455,3.1506679e-07,0.0007021189,1.2061867e-07,4.9794553e-06,1.8559199e-06,3.6008117e-07,5.337565e-06,7.823597e-05,2.4932515e-06,1.9211771e-05,2.583045e-06,0.0001589522,1.6214569e-06,0.00039084823,5.002736e-06,6.1158917e-06
BC2026_Train_0043_S22_20220112_040000_050,9.875561e-07,3.399612e-07,2.3695678e-05,6.1865976e-05,3.0807737e-06,4.1433387e-07,6.55271e-08,4.8385223e-06,0.0026621646,0.037840977,0.044325456,3.311057e-07,1.2479682e-05,6.159647e-07,3.829306e-06,0.01569044,8.699533e-07,1.6885469e-08,0.027592061,1.3158832e-05,1.781469e-06,0.00079805887,0.00087781233,2.4514204e-06,0.0006509434,5.445736e-06,2.8523298e-05,1.057654e-07,4.009975e-06,0.00014965836,2.2511156e-05,3.890421e-06,7.0864235e-06,8.079154e-07,1.0315276e-06,3.057283e-06,3.4822435e-07,3.9910556e-06,2.4665462e-06,1.2738611e-06,2.9529483e-05,5.934259e-06,4.987844e-06,4.425089e-06,2.4064993e-06,2.09803e-06,5.7644056e-06,3.5017183e-07,2.3381028e-06,4.1778217e-06,2.680688e-06,3.1776738e-06,3.1401587e-06,7.716173e-06,1.4418004e-05,1.4948206e-07,2.8398838e-07,0.17870064,5.8668025e-08,3.6227215e-07,0.00932189,1.901373e-07,0.00014490203,0.14794399,0.00060122565,1.1686058e-05,3.1784857e-06,7.1575164e-07,1.5636391e-06,0.00010829847,2.2711207e-07,1.1670928e-06,1.3253121e-05,8.668372e-06,5.9079736e-07,2.3544483e-06,0.00031986373,0.00018936156,6.282842e-05,1.9082347e-05,0.0010506795,1.2259613e-05,0.0011490855,6.168175e-06,0.0013424283,5.4162723e-05,5.7161933e-06,0.00011817134,1.3600506e-05,2.7198268e-05,7.534996e-05,7.4164486e-06,1.3259216e-05,4.949765e-06,0.0031437338,0.00027343293,2.118911e-05,0.0003865184,0.00036080545,0.00022460216,1.8817977e-05,4.9883965e-07,4.4340864e-05,0.00047920516,0.0006319718,5.043324e-06,4.209974e-06,2.675608e-07,4.9345745e-06,2.1483984e-05,2.6158867e-05,3.4113287e-05,5.7984624e-07,1.3171135e-05,1.9650575e-05,2.812422e-05,8.761447e-06,0.00012358134,5.6684166e-06,0.00032283732,0.00011065507,8.0051504e-05,1.6541027e-05,0.0017062293,3.485253e-05,0.00020758975,0.00034915973,1.1535108e-05,8.257338e-06,0.00039687796,6.210199e-05,3.2540065e-05,1.7390383e-06,5.4264518e-05,1.4141593e-05,5.463443e-06,0.0008202243,0.00012202964,6.482206e-05,0.00031642936,7.9845966e-05,1.8561711e-06,2.3771272e-06,1.9795933e-05,0.00045532588,4.2258925e-08,3.9805072e-06,3.9659688e-05,2.2826169e-05,0.00011210799,1.9252211e-05,0.00023197464,0.0001636069,8.185489e-06,4.468197e-05,4.7580266e-05,1.2536943e-06,3.263878e-06,2.0306286e-05,5.572288e-05,1.0779443e-06,4.955154e-06,3.0697202e-06,1.16166775e-05,2.4334842e-05,0.08308675,4.7314075e-05,0.0001256478,4.7136455e-05,0.0015018885,7.4790434e-05,3.0738025e-05,6.9133614e-07,1.2471215e-06,0.0003894117,9.488024e-06,3.6852456e-05,1.592215e-06,0.00030328927,7.310857e-05,9.364905e-05,2.4226665e-06,0.0011125105,8.8124e-05,4.6744553e-05,1.6461918e-06,3.6472761e-06,1.3740876e-05,3.2259481e-06,1.0002383e-05,1.4450573e-05,0.00027215798,2.1588936e-05,2.236714e-05,3.1204887e-05,0.000103473634,7.4782874e-05,1.0313772e-06,0.00987377,6.47054e-05,1.699196e-06,3.9411852e-06,8.066313e-07,4.0633386e-05,3.3666296e-05,0.00032834752,7.730407e-05,5.066747e-05,4.472855e-06,3.976057e-06,1.0279931e-05,0.00018196712,5.968449e-06,5.892185e-05,0.004645315,0.0048188865,6.3774905e-06,0.0013872273,1.2817724e-06,0.00015765514,2.6223935e-07,1.3727242e-05,1.541673e-05,1.9296283e-06,3.5852759e-06,3.6930276e-05,3.1820405e-06,1.1510382e-05,2.0119378e-06,0.00010486507,2.8778702e-06,0.0006875176,1.495292e-05,8.7793715e-06
BC2026_Train_0043_S22_20220112_040000_055,2.323645e-06,2.1854449e-07,1.9408162e-06,0.00023607213,7.809965e-06,2.0626912e-07,2.2675196e-07,3.2524867e-06,0.009336671,0.33600646,0.08684207,4.2020818e-07,3.0635045e-05,4.598521e-07,7.717061e-07,0.019455912,2.7543372e-06,1.3205366e-07,0.10083984,6.8257004e-06,1.8487582e-06,0.001239375,0.00044253873,3.1681693e-06,0.00069627643,1.22437e-05,1.16133215e-05,7.110978e-07,3.3939818e-07,8.348196e-06,6.02012e-05,1.9315985e-06,9.568614e-06,1.2362722e-06,1.5066266e-06,1.2287506e-06,2.4746956e-07,1.5926995e-06,4.071771e-06,1.5867957e-06,2.911083e-05,8.536604e-06,1.0706664e-05,1.2370695e-06,2.2382621e-06,2.0025998e-06,2.1152493e-06,1.8486071e-07,8.824951e-07,1.8375245e-06,4.8039096e-06,6.470771e-06,5.7575326e-06,1.42141325e-05,7.733285e-06,3.42621e-07,1.2340985e-07,0.30394307,1.2434663e-08,9.4470515e-06,0.05784128,7.4693463e-07,6.0523373e-05,0.11142089,0.00030188638,2.2235876e-05,3.7820919e-06,3.5129105e-07,3.4384263e-07,6.6915486e-06,1.8467638e-07,2.3140424e-07,1.0767416e-05,8.823724e-06,5.0608236e-07,8.558899e-06,0.0002748194,0.00011300656,3.3526667e-05,7.592439e-06,0.0008319951,6.263182e-06,0.0007136967,2.3803711e-06,0.00014502976,6.884377e-05,1.2721391e-05,0.00013188418,1.2794464e-05,1.664542e-05,5.201329e-05,1.385874e-05,3.6870115e-06,4.6509263e-06,0.00037481438,6.489894e-05,1.3852384e-05,0.0003839594,7.9071586e-05,4.691546e-05,9.004673e-06,8.539897e-07,2.8982384e-05,0.0017095535,0.00051416794,8.0256295e-06,4.774942e-06,1.2026776e-07,5.6742797e-06,3.1829615e-05,7.674269e-06,4.7641606e-05,3.0564638e-06,4.904627e-06,2.4865178e-05,4.28455e-05,5.833178e-06,9.666887e-05,4.1423064e-06,0.00021493362,0.00010454448,8.20035e-05,2.4567835e-05,0.00078905834,3.6222882e-05,5.4617394e-05,6.956157e-05,4.4593467e-05,1.5170194e-05,0.0017453764,1.943293e-05,2.4381463e-05,2.90818e-06,3.9130355e-05,3.3350992e-05,2.9732482e-05,0.0003275846,0.00019187336,0.00013755544,0.01382009,1.5724885e-05,1.6267667e-06,2.8740385e-06,2.8862622e-05,0.0019796744,8.53401e-09,8.579533e-06,5.3901334e-05,4.0838848e-05,5.6258414e-05,1.5919773e-05,0.000102589205,0.00012363427,1.706752e-05,1.507205e-05,8.8173336e-05,2.0095003e-06,7.109751e-07,3.834599e-05,8.259677e-06,1.0626156e-06,6.8299983e-06,1.7684637e-06,8.2287144e-05,2.6763666e-05,0.023629054,9.047265e-06,0.00045469523,6.795294e-05,0.0001212585,6.5158645e-05,2.692759e-05,6.493338e-07,4.091795e-06,0.00020715693,3.978086e-05,2.2367694e-05,3.312514e-06,0.0004541018,7.591453e-05,0.00013992745,1.5634483e-06,0.00034841057,2.841256e-05,2.168178e-05,1.5151944e-06,3.8147373e-06,1.3034658e-05,1.9323925e-06,4.167178e-05,5.036403e-05,0.00026726615,3.9805986e-06,2.1069078e-05,2.514798e-05,4.961749e-05,2.4655143e-05,1.1556098e-06,0.0054335026,1.7482906e-05,1.0022233e-06,7.361282e-06,7.94731e-07,3.191402e-05,0.000242116,6.567035e-05,0.000118202,0.00013342408,1.1564119e-05,5.10196e-06,2.7534275e-05,0.0002603038,3.0792903e-06,9.692528e-05,0.015868936,0.0047024614,1.1968796e-05,0.0012305141,7.3025817e-06,4.0871695e-05,1.5296493e-07,6.996922e-06,2.2788192e-06,2.227005e-06,2.3833334e-06,4.8517457e-05,2.2913016e-06,9.760938e-06,1.5033513e-06,4.567322e-05,2.9000073e-06,0.000103692015,4.090359e-06,1.1102861e-05
BC2026_Train_0047_S22_20220131_003000_000,1.0197142e-06,8.198315e-06,1.599824e-06,0.00018614251,8.9621363e-07,6.552385e-08,1.3048511e-06,1.0224289e-05,0.00044810626,0.00085750385,0.0055521834,5.2590498e-05,1.0602035e-06,7.627577e-07,2.0280347e-06,0.003042972,1.3995454e-07,1.042047e-06,0.5033759,0.00021233674,1.4868795e-05,0.04002696,6.0191094e-05,7.2519424e-07,0.00049401406,3.9212105e-06,1.8797373e-06,1.2868161e-06,1.01270686e-07,2.7819087e-05,2.3144648e-06,6.368772e-07,2.4241297e-06,3.8583977e-07,4.617545e-07,7.9993515e-07,4.0499492e-07,2.746471e-07,2.3126304e-07,2.3732673e-06,5.5445315e-07,4.5936335e-07,1.861042e-06,6.232397e-07,6.05125e-07,5.2919665e-07,2.2884858e-07,1.8825973e-07,1.3479695e-07,1.4435902e-07,8.7466606e-07,1.0690865e-06,1.0022663e-06,7.4646675e-07,3.0797485e-06,4.146144e-06,1.0270569e-07,0.026774736,5.482735e-09,9.156695e-06,0.046832506,4.300423e-07,0.00073777157,0.06129679,0.0032634996,2.6085328e-05,4.9931525e-05,2.1027333e-06,4.3440082e-07,1.645225e-07,2.3414193e-08,6.9474396e-07,2.333148e-05,9.422838e-06,4.4290186e-07,1.8858884e-05,1.0782839e-05,4.8475507e-05,3.935932e-05,6.5020654e-06,0.00038021803,8.8041963e-07,3.23854e-05,8.4409085e-06,5.752105e-06,6.3345205e-06,4.743458e-06,2.896249e-05,5.301549e-05,1.5068141e-05,2.7433549e-05,3.0711886e-05,3.0157773e-06,0.000114765266,4.2509278e-06,2.446741e-05,5.4610205e-06,3.520055e-05,2.203731e-05,5.6248493e-05,2.1223976e-05,9.856527e-07,0.00014606243,0.0035806359,4.3419666e-05,5.5799087e-06,1.2422641e-06,4.983446e-06,1.3544549e-05,0.00015422302,2.0151918e-05,9.51506e-05,9.073826e-06,9.83724e-06,6.7957512e-06,5.5142413e-05,0.0001728914,4.235732e-06,1.3168698e-05,7.018202e-05,4.796756e-05,0.00014451279,1.3189336e-05,0.001272676,6.6318867e-06,3.3870685e-05,4.2161286e-05,0.00010242079,5.5635735e-07,0.00032389534,9.990724e-06,9.5984906e-05,1.6753314e-05,2.10928e-05,2.804652e-06,3.6822462e-07,0.000482386,2.6332742e-05,5.888803e-06,5.6240282e-05,3.3805725e-05,2.1564713e-06,7.2925254e-06,6.6371576e-06,0.00011974659,1.1650639e-07,0.00018217335,7.052478e-07,5.5098017e-06,8.831125e-05,6.5160886e-05,6.78648e-05,1.1366491e-05,2.2848449e-06,7.2823634e-05,0.00015586388,8.252984e-06,7.5601924e-06,1.3775095e-05,3.2561645e-06,0.0014410897,1.1456174e-05,4.590267e-06,8.2277975e-06,3.1844843e-06,0.00019359583,7.6308436e-07,0.00029914538,6.4784404e-06,0.00056665775,4.2300428e-05,3.5785533e-06,2.2608763e-06,1.4006516e-05,0.00024410148,8.0430495e-05,1.0047345e-05,2.787538e-06,0.00021445911,5.652784e-05,8.555535e-05,4.6295824e-07,0.00026316152,1.2563104e-05,0.00027048588,1.5756348e-05,3.6485806e-06,5.137588e-05,9.284303e-07,3.539849e-05,5.3701704e-05,8.3125815e-06,1.6401073e-05,3.459804e-05,0.00025513896,0.00014997063,5.769521e-05,1.3517878e-05,0.000161633,3.3847898e-06,6.3973195e-05,9.617348e-06,3.256063e-08,9.752188e-05,8.460619e-05,1.0533057e-05,1.2165892e-05,0.00011203287,4.066173e-07,1.5871705e-05,1.453211e-05,0.00030919322,1.547605e-05,0.00011545096,0.0015100806,0.0006891211,2.890022e-05,0.00034297988,2.6902284e-05,2.9762157e-05,4.4381445e-06,3.0147798e-05,1.74367e-06,2.289491e-06,8.573162e-06,0.00018386748,3.8836115e-06,4.392333e-05,4.520908e-06,3.6485846e-05,2.2929632e-06,5.0223498e-05,4.1582894e-05,3.5394947e-05
BC2026_Train_0047_S22_20220131_003000_005,9.827993e-07,1.7306505e-05,6.7861464e-07,0.00057606515,2.093118e-06,3.663803e-08,1.2131424e-06,6.7388614e-06,0.00037650022,0.0017344995,0.01896335,4.0698418e-05,8.4301894e-07,1.6159121e-06,2.8070683e-06,0.011279318,7.7364724e-08,8.854795e-07,0.69532996,0.00018115294,3.5080848e-05,0.038598605,4.8641654e-05,3.1841835e-06,0.00035292227,4.9812174e-06,6.606246e-06,3.8027108e-07,2.7500139e-08,1.3383115e-05,1.2871025e-05,9.037021e-07,7.735897e-06,7.9953315e-07,1.7642238e-06,8.169425e-07,5.670443e-07,6.988933e-07,8.3942484e-07,5.2281716e-06,4.6887717e-06,1.3187548e-06,1.3511485e-05,6.885831e-07,1.2668066e-06,1.3907908e-06,1.3288521e-06,5.2862964e-07,4.6860538e-07,6.028245e-07,4.18109e-06,4.8905686e-06,4.7002686e-06,4.3729106e-06,8.424857e-06,9.585932e-06,3.1796483e-07,0.06501342,4.528162e-09,6.0487514e-06,0.07143438,3.2808535e-07,0.00032980763,0.028101675,0.008474766,4.5924393e-05,0.00026406432,4.990638e-07,4.8809335e-07,7.9991145e-07,1.1857478e-08,8.133021e-07,1.9307332e-05,1.7697592e-05,8.361323e-07,1.2473912e-05,1.7845667e-05,7.717922e-05,8.560586e-05,9.197962e-06,0.000114817696,1.1268826e-06,8.0911144e-05,5.275612e-06,1.0930771e-05,9.515906e-06,2.6012793e-05,2.464682e-05,3.2392752e-05,1.6603659e-05,1.7009332e-05,2.435497e-05,5.8338233e-06,8.772658e-05,3.252524e-06,8.839246e-06,5.6762606e-06,0.000102604565,6.845837e-05,6.4060005e-05,8.9733585e-06,5.105062e-07,0.000113395596,0.0016744374,1.6134887e-05,5.5450196e-06,1.343022e-06,1.4884067e-06,2.9296587e-05,0.00015934539,1.3736264e-05,0.00010702944,3.978287e-06,3.2459516e-06,8.442848e-06,4.294871e-05,0.00014778561,5.5164e-06,7.86983e-06,9.2019945e-05,5.456913e-05,0.00035950248,8.696549e-06,0.0007111686,1.5433823e-06,3.231158e-05,2.2525608e-05,9.054741e-05,3.9621776e-07,0.00015625283,4.8331217e-06,3.8337104e-05,3.9764174e-05,2.3235336e-05,1.9824786e-06,1.3905291e-07,0.00043878466,0.00012770035,1.370873e-05,5.9070207e-05,2.3056102e-05,1.2333245e-05,2.2912623e-06,3.6536048e-06,5.3287982e-05,1.1935356e-07,0.00021371631,3.1927098e-06,1.4443492e-05,8.395888e-05,4.6132278e-05,0.00018291186,9.488422e-06,3.826138e-06,0.00010663152,0.00023137008,1.0274501e-05,5.7283196e-06,2.3369023e-05,3.1862098e-06,0.0009019163,1.0559952e-05,8.126266e-06,3.000957e-05,2.012903e-06,0.00059433375,8.963693e-07,0.0003773288,1.0402396e-05,0.00040369085,7.774052e-05,2.513257e-06,2.540364e-06,4.799202e-06,0.000101443446,3.0341273e-05,6.164882e-06,2.0319453e-06,7.316618e-05,1.937063e-05,8.367929e-05,7.22593e-07,9.798403e-05,9.393973e-06,0.00010150983,1.4787513e-05,1.950718e-06,3.844239e-05,1.0917048e-06,8.498151e-06,2.874991e-05,1.3194633e-05,6.6633324e-06,6.751964e-05,8.355801e-05,0.000113081696,3.178924e-05,1.0774473e-05,0.00017262933,4.8618394e-06,3.7759793e-05,3.939821e-06,1.1136819e-08,6.589612e-05,3.5959787e-05,1.5109841e-05,7.779843e-06,2.0869704e-05,3.4205883e-07,3.253758e-05,3.504908e-05,0.0005818066,3.864485e-06,8.26396e-05,0.00024096867,0.00040273566,2.0068646e-05,0.00038651767,1.5920883e-05,1.7248967e-05,5.6357417e-06,1.7393402e-05,1.5964359e-06,2.0845441e-06,7.0021083e-06,0.00013960944,1.7629271e-06,1.1580143e-05,7.4197374e-06,0.000102665144,3.4643144e-06,5.029525e-05,4.1811978e-05,5.3919484e-05
BC2026_Train_0047_S22_20220131_003000_010,2.3036876e-06,6.4382516e-06,4.481946e-06,0.00032081993,1.8413666e-05,1.3801079e-07,1.5856235e-06,2.2037373e-05,0.0021751523,0.0026017618,0.030021088,5.8266312e-05,4.5987017e-06,2.6211085e-06,6.754954e-06,0.008597028,3.0701398e-07,2.293092e-06,0.61970586,0.0001494976,0.00022113134,0.016326781,3.6373178e-05,1.0969431e-05,0.001530592,7.788046e-06,2.593266e-05,5.7406396e-07,3.5609887e-08,1.4295699e-05,1.1061676e-05,9.283338e-07,5.8005207e-06,1.8790867e-06,3.3521296e-06,6.3793976e-07,9.077834e-07,8.6632537e-07,1.0677578e-06,5.1495717e-06,8.167078e-06,1.6788488e-06,2.9339084e-05,5.6016773e-07,1.9118495e-06,1.9592735e-06,1.2769798e-06,6.8008467e-07,4.862285e-07,7.486676e-07,4.0629347e-06,5.4067023e-06,5.250716e-06,1.0697244e-05,5.5063506e-06,1.0076717e-05,1.7827047e-07,0.05153408,8.7501135e-09,4.0729523e-05,0.06704047,1.2339069e-06,0.0008242496,0.042784374,0.023689069,0.00013634606,9.407859e-05,5.931679e-06,1.0459837e-06,9.108576e-07,9.098283e-08,1.0929416e-05,7.8779114e-05,1.7111113e-05,3.337987e-07,2.3008482e-05,3.044832e-05,0.0001301308,0.00010704791,1.9978532e-05,0.00089709915,9.097116e-06,0.00021379092,1.5744423e-05,6.390062e-06,1.0929458e-05,3.6879068e-05,4.994943e-05,9.308111e-05,3.1069783e-05,5.1355408e-05,6.9628855e-05,1.7948823e-05,0.0002446908,8.098075e-06,2.7377984e-05,2.099771e-05,0.00016275223,0.000233229,6.767816e-05,2.8158138e-05,1.4859148e-06,0.00019309897,0.0036126217,3.68726e-05,1.09193315e-05,3.869006e-06,6.227619e-06,1.9197081e-05,0.00011939928,5.3315223e-05,0.00028139428,1.3509077e-05,6.0982156e-06,2.412204e-05,6.0921066e-05,0.00046515564,1.23773725e-05,2.132725e-05,0.00015111757,0.000102690996,0.00020633351,1.4233856e-05,0.0013522846,1.4155423e-05,7.749161e-05,0.00022412321,0.00014417556,1.8567749e-06,0.00020944967,1.1072303e-05,0.00010398541,3.495615e-05,5.550724e-05,1.897841e-05,5.653042e-06,0.00040209352,0.00012340258,2.0346568e-05,0.00053135696,0.000118879754,1.566273e-05,1.0151848e-05,2.1411168e-05,0.00038205672,1.958712e-07,0.00035647055,4.8495626e-06,2.2439675e-05,0.00024191385,5.54621e-05,0.00012944196,2.1681946e-05,8.955021e-06,0.00018344737,0.00040342196,9.6048925e-06,4.7349786e-06,2.4323774e-05,4.8372767e-06,0.00033087618,3.134372e-05,9.008324e-06,8.91003e-05,3.2248438e-06,0.00030615024,2.9991195e-06,0.0033374317,3.0252228e-05,0.0002241185,0.00013908155,1.4017647e-05,2.2276488e-06,2.3439734e-05,0.00023677314,0.0002019911,1.7184604e-05,7.2904113e-06,0.00044990066,5.9541537e-05,0.00011050048,9.836554e-07,0.00073501404,2.3488557e-05,0.00028426768,5.691285e-05,2.7112758e-06,7.897633e-05,1.3028541e-06,1.5142702e-05,9.463437e-05,2.1163945e-05,2.5285439e-05,0.000104156505,0.00015634151,5.5446293e-05,0.00012613254,4.0545252e-05,0.00050250604,8.48988e-06,7.452197e-05,3.843565e-05,3.85945e-08,0.00018234331,0.00018427905,3.4444234e-05,9.715774e-05,8.3521445e-05,5.010643e-06,9.616127e-05,3.2042284e-05,0.00040783547,2.0678803e-05,0.00015156002,0.0019306723,0.00070899306,5.5107346e-05,0.0025077297,2.6275251e-05,4.2608484e-05,6.6526263e-06,5.702547e-05,5.2671617e-06,3.1880454e-06,7.019123e-06,0.00041311403,4.351407e-06,4.2694348e-05,5.513071e-06,9.696309e-05,2.1029191e-05,0.00015144603,4.7211313e-05,6.38982e-05
BC2026_Train_0047_S22_20220131_003000_015,6.7655196e-07,1.3765824e-05,2.624638e-06,0.00061233866,3.211132e-06,7.040001e-08,2.619152e-06,2.2642555e-05,0.00031891552,0.0038269644,0.01709332,7.7098004e-05,2.2501727e-06,2.6197167e-06,8.7364915e-06,0.02309945,4.9209086e-07,1.2534972e-06,0.6939914,0.00012067496,4.1042847e-05,0.026411526,2.5780082e-05,3.8301714e-06,0.0008298797,3.4876814e-06,3.391678e-05,8.718328e-07,5.9206588e-08,2.3302973e-05,6.0615416e-06,9.309946e-07,5.069431e-06,9.997347e-07,1.6588167e-06,8.452552e-07,5.440994e-07,3.965432e-07,7.643947e-07,4.8217594e-06,2.4708359e-06,1.2091483e-06,1.0581333e-05,6.048152e-07,1.1655956e-06,1.162812e-06,7.048142e-07,4.3164474e-07,3.2679722e-07,3.5063968e-07,2.731061e-06,3.2319929e-06,3.3208394e-06,3.8034686e-06,3.4830118e-06,1.1833938e-05,3.6027626e-07,0.036249056,2.0064807e-08,1.4356207e-05,0.118887566,7.8526614e-07,0.00060919404,0.08620072,0.060028132,0.00014081108,0.000109235756,1.7672751e-06,1.4762677e-06,2.309224e-06,4.0773788e-08,1.7226097e-06,2.2203814e-05,6.2905994e-05,6.9702156e-07,2.975024e-05,1.9255389e-05,0.00012301546,0.0001312499,2.2709311e-05,0.0003332743,1.8520707e-06,9.436367e-05,1.8162524e-05,7.442692e-06,1.2161785e-05,1.5285164e-05,3.545718e-05,8.1610175e-05,2.2671076e-05,3.6088823e-05,4.0438594e-05,1.0892852e-05,0.00019440732,4.793005e-06,1.6208358e-05,1.2123306e-05,4.745054e-05,6.950666e-05,0.00018443444,7.4248137e-06,1.2818665e-06,0.00029834875,0.002965749,5.191958e-05,8.996828e-06,1.1684192e-06,7.5781877e-06,1.9180101e-05,0.00011222544,1.754974e-05,0.000224475,6.602895e-06,5.726233e-06,1.921824e-05,5.2598072e-05,0.00012192542,2.5150859e-05,7.599284e-06,0.00012942677,9.474264e-05,0.00031569984,1.3226329e-05,0.0012889244,6.929421e-06,5.470585e-05,8.344884e-05,0.00018671756,4.5322167e-07,0.00026282427,1.77475e-05,0.00010112897,7.534414e-05,6.390643e-05,2.066644e-06,1.0371563e-06,0.00058602035,0.00012199008,1.8431145e-05,0.00013284836,6.2717256e-05,8.209676e-06,8.782654e-06,8.048753e-06,0.00014454158,2.151427e-07,0.0001121406,5.993249e-06,2.3644143e-05,0.00015322425,0.000109867964,0.000116992494,1.3579951e-05,3.779777e-06,0.0001762707,0.0002526765,6.347165e-06,3.3250349e-06,2.305751e-05,1.03438815e-05,0.0012216119,1.603411e-05,6.7667406e-06,3.3877048e-05,3.7720713e-06,0.0011006645,1.7695012e-06,0.00022018964,8.199708e-06,0.00049206626,0.000102803475,5.0318704e-06,1.4059616e-06,1.3712679e-05,0.00034871028,3.0293018e-05,1.635693e-05,6.254456e-06,0.00015043796,5.766578e-05,4.7079182e-05,8.291342e-07,0.0002370026,1.7449693e-05,0.0003803885,2.7130991e-05,2.1490598e-06,5.165487e-05,1.1493144e-06,1.6218919e-05,3.3698703e-05,3.0966607e-05,4.398222e-05,0.00015606255,0.00012732817,0.00010055576,4.541441e-05,1.496506e-05,0.00023978241,2.7332359e-05,4.766628e-05,1.6194947e-05,4.1184446e-08,5.6208915e-05,6.039393e-05,7.110315e-05,5.5681183e-05,7.156662e-05,9.582326e-07,5.1998166e-05,4.6664205e-05,0.00066516513,1.0711362e-05,0.00011580985,0.00082150835,0.0012598382,1.6999893e-05,0.0015240278,1.5447988e-05,0.00010266182,3.5345051e-06,2.7790344e-05,4.374829e-06,5.152706e-06,1.4690189e-05,0.00034795085,3.1802779e-06,2.9118466e-05,9.938942e-06,9.522513e-05,5.231254e-06,0.0002290175,3.1148753e-05,4.0842315e-05
BC2026_Train_0047_S22_20220131_003000_020,1.5964936e-06,1.4478328e-05,3.3835895e-06,0.00099112,7.4591203e-06,9.540613e-08,6.615861e-06,1.7399308e-05,0.0008002101,0.0131024085,0.022605987,6.882743e-05,2.979841e-06,2.3712018e-06,2.584728e-06,0.03904831,6.8418035e-07,2.6564858e-06,0.6190185,0.00014755595,1.0571217e-05,0.08588074,0.00027668022,3.553266e-06,0.0017505151,1.4219094e-05,1.1172006e-05,6.585461e-07,6.920077e-08,1.262421e-05,2.3024e-05,1.6636598e-06,1.8539775e-05,1.6451121e-06,1.930061e-06,1.608067e-06,3.1233676e-06,1.9525103e-06,1.7483022e-06,1.1813583e-05,6.0077673e-06,3.876429e-06,1.0912888e-05,1.1412515e-06,2.1610645e-06,2.0961943e-06,1.6619424e-06,4.627936e-07,9.1298836e-07,1.4794063e-06,6.9745906e-06,6.9945663e-06,7.656111e-06,5.2896985e-06,1.7395925e-05,2.8292893e-06,5.9647965e-07,0.18447682,1.7286027e-08,2.9578692e-05,0.15819979,2.075164e-06,0.0003090441,0.069894135,0.03830056,4.369035e-05,4.3753687e-05,8.083671e-07,5.9897076e-07,1.615815e-06,6.6618945e-08,2.5460174e-06,2.2104938e-05,2.9464109e-05,1.5258917e-06,2.2169686e-05,3.9911196e-05,7.821732e-05,9.508385e-05,7.490457e-06,0.00022680234,2.5990448e-06,0.00014006962,1.0314803e-05,1.1290294e-05,1.5305732e-05,1.16442525e-05,3.5467387e-05,3.858946e-05,3.9880873e-05,2.2097202e-05,2.9970128e-05,5.6189865e-06,9.367236e-05,6.9932194e-06,1.5573973e-05,1.1734894e-05,0.00032343308,0.00012858746,0.00026634504,4.3302807e-05,3.7494615e-06,7.5033386e-05,0.0016412742,8.646245e-05,1.1940829e-05,4.676638e-06,9.950882e-06,1.4394167e-05,0.00017602179,1.7844985e-05,7.96784e-05,9.200935e-06,6.983296e-06,2.5578414e-05,0.000110360634,7.810135e-05,2.1901673e-05,1.4683692e-05,9.1380476e-05,9.653023e-05,0.0003361702,1.927946e-05,0.00097545085,6.9380703e-06,9.2820526e-05,4.2713076e-05,0.00012207175,1.6470037e-06,0.0009953078,8.4964495e-06,6.3869025e-05,4.7326215e-05,5.942457e-05,1.1137901e-05,1.9305892e-06,0.0005373286,0.00012094036,9.198909e-06,0.00037534788,3.3520817e-05,2.5284135e-05,3.5990815e-06,6.6838443e-06,0.0002925662,1.3920152e-07,0.00018289895,8.054928e-06,1.7840544e-05,9.303071e-05,0.0001438375,0.00014514457,2.5478477e-05,4.468498e-06,0.00019762809,0.00026981978,1.1080659e-05,7.0316455e-06,4.001314e-05,6.615098e-06,0.0019089438,1.3369492e-05,5.8655987e-06,8.008021e-05,1.2868203e-05,0.0015811793,7.2342937e-07,0.00078791927,3.6667014e-05,0.0005490902,0.00011445511,1.2715483e-05,3.5061769e-06,1.1824901e-05,0.0003742868,5.0586314e-05,2.685494e-05,9.3095705e-06,0.00014262674,1.8406326e-05,5.3877033e-05,2.071846e-06,0.00020804052,5.4344222e-05,0.00011254789,8.1457965e-06,1.36912495e-05,4.89058e-05,1.3782775e-06,2.8988354e-05,3.86237e-05,2.1115926e-05,2.5377454e-05,4.1214716e-05,0.00010155902,6.222578e-05,5.189557e-05,2.802914e-05,0.0009103717,1.5827447e-05,4.7218473e-05,1.7014247e-05,1.192664e-07,8.994492e-05,0.00010617078,7.165553e-05,4.1308802e-05,0.00016966097,1.8422744e-06,2.5705669e-05,0.00015464728,0.001229527,8.986349e-06,0.0002156994,0.0014505334,0.00093353883,3.0397227e-05,0.00033022638,5.0722098e-05,8.308311e-05,2.3344578e-06,6.1731196e-05,2.6493735e-06,5.286249e-06,1.0174789e-05,0.00030395563,3.5512064e-06,1.3432228e-05,1.1259886e-05,0.000106474545,1.1392808e-05,9.7513235e-05,2.9160397e-05,4.9261813e-05
BC2026_Train_0047_S22_20220131_003000_025,1.6714475e-06,6.448501e-06,2.336852e-06,0.00037745992,1.0929353e-05,1.2293432e-07,2.4855121e-06,1.0628634e-05,0.00059831433,0.011208108,0.014597461,4.5623772e-05,3.4712361e-06,8.09579e-06,3.0545523e-06,0.03612259,3.5876835e-07,2.8390332e-06,0.5321167,0.00020796678,3.785877e-05,0.042544972,0.00017925873,2.019319e-06,0.0008757201,2.211917e-05,3.6948113e-06,3.8489264e-07,5.9194615e-08,1.4717548e-05,1.9240904e-05,1.4931381e-06,1.0860395e-05,9.5227915e-07,1.2149497e-06,1.1676004e-06,1.0553313e-06,1.2397078e-06,1.2630803e-06,5.2882556e-06,4.7501076e-06,3.0305794e-06,7.659054e-06,8.884273e-07,1.8876234e-06,1.8247415e-06,1.3901397e-06,3.7235804e-07,7.257353e-07,9.691323e-07,4.9955747e-06,5.62965e-06,5.8187043e-06,3.833753e-06,9.590165e-06,5.916973e-06,4.7077828e-07,0.1317876,7.1767685e-09,7.9818405e-05,0.10227101,1.193946e-06,0.00039172333,0.025668362,0.014288064,3.791647e-05,3.8779966e-05,1.6270458e-06,5.587155e-07,1.0533805e-06,5.4476818e-08,2.1851229e-06,2.4601004e-05,0.000102895276,1.1631271e-06,1.6577158e-05,6.704856e-05,0.00011409574,0.00014447061,9.443593e-06,0.00049293804,2.6863513e-06,0.00015558947,9.8354485e-06,1.9285066e-05,1.3555082e-05,9.931494e-06,2.4661727e-05,3.0791158e-05,4.9467628e-05,3.0961703e-05,2.0156089e-05,4.621202e-06,2.865479e-05,3.9024535e-06,3.601841e-05,1.4916031e-05,0.00011466319,0.00046754346,0.00053999794,3.145625e-05,4.6283208e-06,8.4805455e-05,0.0024560883,0.00017080923,1.2803203e-05,4.7997746e-06,5.444583e-06,3.0612355e-05,0.00023662714,6.1383216e-05,9.9529665e-05,8.946809e-06,6.5697877e-06,4.868542e-05,0.00025635105,0.00011677749,2.9452509e-05,7.912017e-06,0.00018740835,0.00021878397,0.0004098479,2.070554e-05,0.0011272356,8.667753e-06,0.000100052646,8.726018e-05,0.00019930661,9.3436296e-07,0.000920168,7.524279e-06,0.000121775636,1.8369097e-05,5.6416313e-05,1.15931825e-05,1.5713752e-06,0.0010095475,0.00012485679,2.579277e-05,0.0012659131,2.8639768e-05,2.6004827e-05,1.6518248e-06,6.8396316e-06,0.00041655306,6.8984247e-07,0.00016316696,6.816353e-06,1.5322103e-05,0.0002944654,7.183909e-05,0.00035821903,2.5999843e-05,3.6096967e-06,0.0002362376,0.000374476,1.9872861e-05,7.83075e-06,3.6871792e-05,1.1440453e-05,0.0002899501,1.9493233e-05,3.6064343e-06,7.004482e-05,1.14153645e-05,0.0014304441,1.0000551e-06,0.0009990252,6.296391e-05,0.00018406306,0.00013830115,2.442265e-05,6.3192556e-06,1.2457518e-05,0.00034505775,0.00022473713,3.948805e-05,9.139203e-06,0.00021589878,1.9149944e-05,3.1826217e-05,3.4169832e-06,0.00035064746,3.617883e-05,0.00013794751,6.032362e-06,1.982584e-05,6.335328e-05,1.4591689e-06,2.4929544e-05,4.03982e-05,2.628733e-05,1.4708105e-05,0.000109396904,9.085055e-05,0.00012561679,6.663063e-05,2.009563e-05,0.001479449,1.5226052e-05,5.8312005e-05,1.1826367e-05,9.502583e-08,6.214927e-05,9.392808e-05,6.61313e-05,0.00011712856,0.00015947629,2.2522725e-06,4.3637094e-05,7.209515e-05,0.0006299861,4.375017e-06,0.0002595853,0.00088207086,0.0009903555,3.548654e-05,0.0005650984,6.1259714e-05,0.00010217692,3.7885752e-06,3.2394328e-05,7.2668595e-06,2.9823002e-06,1.074534e-05,0.00018943759,4.579056e-06,1.6851187e-05,2.797101e-05,0.00023386476,1.8503653e-05,0.00017627524,3.321204e-05,6.211011e-05
BC2026_Train_0047_S22_20220131_003000_030,1.1528304e-06,1.0740023e-05,3.4171592e-06,0.0005752142,3.1336815e-06,9.558298e-08,1.609084e-06,2.3225211e-05,0.0007240597,0.0004965052,0.004674258,8.539062e-05,1.7421756e-06,1.214835e-06,2.7253395e-06,0.005990262,2.2509617e-07,2.1315711e-06,0.6134676,0.00013131974,1.9632405e-05,0.010766849,8.307598e-05,5.4650222e-06,0.0007102134,4.319694e-06,6.3755383e-06,9.306509e-07,5.555848e-08,1.2435726e-05,1.9562136e-05,1.7691909e-06,1.0774452e-05,2.0085504e-06,3.137315e-06,1.7101614e-06,2.6243226e-06,1.3378128e-06,1.0936712e-06,1.3536583e-05,4.1379944e-06,1.7174116e-06,2.6434165e-05,1.0777748e-06,2.704533e-06,2.7447218e-06,1.3472848e-06,7.542984e-07,7.2281074e-07,1.127834e-06,8.889554e-06,1.2309063e-05,1.2896397e-05,4.209372e-06,1.900632e-05,6.095466e-06,5.9190785e-07,0.042244434,1.3799246e-08,1.856102e-05,0.03890305,2.0467203e-06,0.00161676,0.04219043,0.014848004,4.0669787e-05,7.294485e-05,2.0883224e-06,5.970095e-07,2.2673712e-06,5.5529135e-08,2.0789296e-06,5.274439e-05,1.773657e-05,6.1238245e-07,2.8298422e-05,3.916963e-05,0.00011013735,0.00012929246,1.5209537e-05,0.0003449436,3.569555e-06,5.7231344e-05,2.7045513e-05,1.5168414e-05,1.0659808e-05,0.00018465088,4.8908925e-05,0.0002252421,5.3888383e-05,3.641556e-05,5.7058816e-05,3.900804e-05,0.0001780284,7.6104025e-06,1.3086298e-05,1.6560078e-05,0.000111815454,0.00018035049,8.5186235e-05,4.9361643e-05,1.6806785e-06,0.0001840069,0.0012338661,4.609512e-05,3.049711e-05,4.52284e-06,9.840309e-06,2.7248607e-05,0.00028485042,1.9727258e-05,0.00031444035,9.695875e-06,1.1643163e-05,3.1925832e-05,0.00010271196,0.00038248056,7.5812163e-06,3.9853916e-05,0.00013414459,9.971956e-05,0.00044669246,2.1456486e-05,0.0022224889,6.686688e-06,0.00012229418,0.00010121832,0.0003293652,8.23378e-07,0.00029491886,9.175936e-06,0.00010225812,7.484216e-05,6.004593e-05,6.1198994e-06,4.2125807e-06,0.00030693496,0.00016055208,1.6729493e-05,8.460199e-05,0.00019398698,1.1918963e-05,1.281642e-05,2.3626179e-05,0.00012208398,1.8783757e-07,0.00033730362,5.1932075e-06,4.4937336e-05,0.00018379562,0.00038395796,0.00050526223,2.4618188e-05,7.0597794e-06,0.00032924372,0.000972891,1.8028355e-05,1.1242504e-05,2.3055225e-05,6.2519575e-06,0.007055228,4.8129717e-05,1.5588967e-05,0.000107158914,4.285408e-06,0.00048251802,3.7098812e-06,0.002287072,1.6930228e-05,0.0014225412,0.0001127033,9.102888e-06,5.2633204e-06,3.6443595e-05,0.00069588004,8.295921e-05,1.6606828e-05,1.10892215e-05,0.0003937022,3.69437e-05,0.00021942468,1.2222421e-06,0.00046349055,5.2362357e-05,0.00038926213,7.855593e-05,7.269362e-06,0.00012173442,5.118935e-06,3.9552233e-05,8.105671e-05,2.2582799e-05,4.035881e-05,3.346425e-05,0.00047418417,0.00017709534,0.0001166196,5.5124852e-05,0.0007947948,1.5796655e-05,9.2609574e-05,2.516278e-05,4.419002e-08,0.00015708464,0.0001735534,3.0942578e-05,4.0053073e-05,3.6602803e-05,2.343306e-06,5.2958843e-05,0.00016864375,0.00082030945,2.4347051e-05,0.00029045285,0.0007034192,0.0009490028,4.777236e-05,0.0015373996,5.6311987e-05,0.00017688455,6.345271e-06,5.2934964e-05,6.0483935e-06,8.354162e-06,1.8276889e-05,0.0005771049,2.8165393e-06,3.353111e-05,8.349844e-06,0.00017919722,1.02429985e-05,0.00019426335,6.8142945e-05,0.00013839998
BC2026_Train_0047_S22_20220131_003000_035,2.4884603e-06,2.4524714e-05,2.120246e-06,0.0007964316,2.6330063e-06,1.7047164e-07,4.7338817e-06,2.2500704e-05,0.004504029,0.0039078756,0.010175597,7.7233104e-05,7.788677e-06,2.0572857e-06,3.4708492e-06,0.013381463,2.02614e-06,3.387144e-06,0.77756643,0.00046650865,1.4302763e-05,0.019063571,0.00011365291,7.2826083e-06,0.003067729,1.2747355e-05,3.1743948e-05,6.363196e-06,2.2234731e-07,2.055225e-05,4.1175586e-05,3.0336937e-06,2.9382261e-05,4.138993e-06,3.9848865e-06,3.938007e-06,2.5427491e-06,1.1940724e-06,3.2455494e-06,2.2034956e-05,8.877795e-06,5.7162097e-06,2.4535686e-05,2.294492e-06,3.3338524e-06,3.0819729e-06,1.7061442e-06,1.0035221e-06,9.716977e-07,1.0795657e-06,9.258977e-06,1.2442867e-05,1.2309192e-05,1.4438973e-05,2.7718932e-05,2.13373e-05,4.6491425e-07,0.07723223,1.6467283e-08,0.00011706661,0.05165186,2.774492e-06,0.0008741799,0.044845086,0.0047302656,7.272225e-05,0.00011211548,2.8102986e-06,1.5034963e-06,2.7760245e-06,1.04767736e-07,4.552009e-06,1.6938917e-05,1.736831e-05,8.6109577e-07,2.1470936e-05,4.62975e-05,8.498242e-05,0.00011633249,6.740938e-06,0.0005327704,3.8924027e-06,5.1224033e-05,1.5449714e-05,9.712792e-06,1.2065037e-05,4.012123e-05,6.1011757e-05,8.859712e-05,2.8268885e-05,4.4730103e-05,5.133127e-05,1.1603114e-05,0.00017143384,5.387175e-06,2.9293346e-05,1.614226e-05,8.1299004e-05,6.2792904e-05,5.0651866e-05,8.299323e-05,1.4809308e-06,0.00035838387,0.0015996312,0.00010768102,2.0429356e-05,4.5530774e-06,1.2087736e-05,1.666397e-05,0.00030125704,1.3068152e-05,0.00036693938,2.8068649e-05,1.1972952e-05,5.203234e-05,0.000114855146,0.00021821438,9.210206e-06,5.343331e-05,6.797154e-05,8.502206e-05,0.00022681402,1.83915e-05,0.00092423894,2.0557229e-05,4.1365012e-05,5.815923e-05,0.00029487695,2.161487e-06,0.0014387628,1.3826806e-05,7.399526e-05,4.128706e-05,3.8267706e-05,1.834452e-05,8.19336e-06,0.00027113574,0.0001445413,1.0530195e-05,0.00022781316,0.00012720742,4.918398e-06,2.1287746e-05,1.0948936e-05,0.0003402645,2.0788173e-07,0.0003594175,5.4460634e-06,3.7319467e-05,0.00013379227,0.0001820091,9.927184e-05,4.4358283e-05,7.2252255e-06,0.00011586397,0.0010145116,8.744677e-06,4.4762733e-06,1.76556e-05,4.0745717e-06,0.003438666,3.5122823e-05,1.4008359e-05,3.9277733e-05,7.638585e-06,0.0004832434,6.5161253e-06,0.0007795224,2.6143627e-05,0.00053108,0.00012467333,4.313322e-06,2.3283856e-06,3.517032e-05,0.00016940928,0.00014279698,2.1345053e-05,9.009785e-06,0.00019805462,5.998555e-05,0.0001231684,3.5796866e-06,0.00021234626,6.590743e-05,0.00065768906,2.4752868e-05,6.8864483e-06,9.6666285e-05,1.8111183e-06,0.00013633905,0.00014431875,1.9305013e-05,3.8891554e-05,7.0919035e-05,0.0004279471,0.00014013654,7.730407e-05,8.3539686e-05,0.00047285444,6.422038e-06,5.6139015e-05,9.946514e-05,3.3736902e-07,0.0001407327,0.00016020297,5.19995e-05,5.88282e-05,0.00013678882,4.0259956e-06,5.8152793e-05,9.475953e-05,0.00015378365,3.6414825e-05,0.00040797878,0.001791738,0.0006786456,4.782409e-05,0.0007996541,1.8407203e-05,0.00013729675,8.018041e-06,0.00012895608,3.1284624e-06,3.41427e-06,1.1359751e-05,0.00027443896,3.4861584e-06,2.6769461e-05,2.594691e-06,0.00014783,6.8961294e-06,4.84287e-05,4.4062323e-05,8.2546976e-05
BC2026_Train_0047_S22_20220131_003000_040,4.2038496e-07,3.7208792e-06,7.532317e-07,0.00038608772,1.5026404e-06,2.4887465e-08,6.3001886e-07,2.7798635e-06,0.00078200403,0.0024842494,0.007827771,1.3589173e-05,1.0877516e-06,3.6966793e-07,4.7501933e-07,0.011879382,3.3605951e-07,2.151497e-07,0.6195925,9.362172e-05,3.1853258e-06,0.027423201,6.305783e-05,2.4241135e-06,0.00037867035,3.292452e-06,4.765307e-06,2.5229994e-07,2.6225656e-08,6.0448933e-06,1.20420245e-05,5.267867e-07,5.634414e-06,7.63693e-07,1.0301966e-06,5.75946e-07,3.3168118e-07,3.3010056e-07,7.2944755e-07,4.2283423e-06,3.4676202e-06,1.1952413e-06,9.720744e-06,4.1842347e-07,8.195589e-07,8.043997e-07,6.3181074e-07,1.6433621e-07,2.4441601e-07,3.0568526e-07,2.8343393e-06,3.0908177e-06,3.3651568e-06,3.7909895e-06,7.924817e-06,2.3266343e-06,1.07657634e-07,0.124994755,2.6808114e-09,5.3260583e-06,0.02675063,2.539855e-07,0.0002718468,0.039040364,0.003635724,2.4251185e-05,3.3013985e-05,3.2923535e-07,2.4583287e-07,1.8978295e-07,1.6602801e-08,5.697356e-07,5.3490608e-06,2.1161857e-06,2.6754805e-07,7.1595077e-06,1.4475206e-05,2.9887244e-05,4.5843182e-05,3.3131587e-06,7.283864e-05,6.059086e-07,3.094889e-05,2.2975091e-06,2.32174e-06,3.2016467e-06,7.721988e-06,1.5171871e-05,1.7360228e-05,1.1683605e-05,1.1191756e-05,1.4136375e-05,2.8406012e-06,5.2813244e-05,2.2232555e-06,6.5966333e-06,2.1675494e-06,3.9744726e-05,2.2439119e-05,2.685056e-05,1.3605059e-05,1.8947047e-07,4.23039e-05,0.000799927,2.0724088e-05,2.852497e-06,1.2336023e-06,1.4750544e-06,4.123494e-06,7.936287e-05,5.4875413e-06,5.390118e-05,3.2718374e-06,2.9539601e-06,8.358107e-06,2.3982671e-05,4.950439e-05,3.0495721e-06,6.0341804e-06,2.9851015e-05,5.0708262e-05,0.00011698703,3.7904076e-06,0.0002623781,2.3082575e-06,2.6082469e-05,1.7085937e-05,4.4535842e-05,3.6460025e-07,0.0001887762,2.2035717e-06,3.0043275e-05,4.898378e-06,9.234137e-06,1.8768854e-06,5.287108e-07,9.168404e-05,3.209082e-05,4.7427247e-06,5.904695e-05,2.3282137e-05,7.272207e-07,2.3519458e-06,3.6305905e-06,4.1312618e-05,1.6834306e-08,0.000113310845,1.7052496e-06,7.515917e-06,3.7627906e-05,4.7216356e-05,3.4329067e-05,1.4255985e-05,2.1018893e-06,3.0111136e-05,0.0002384553,2.2805607e-06,2.2865604e-06,7.0380056e-06,1.4063626e-06,0.0004344478,4.7293647e-06,3.1464658e-06,1.1115353e-05,8.572316e-07,0.00027160117,1.0536709e-06,0.00025305164,6.609498e-06,0.00019382781,5.028868e-05,2.6763735e-06,8.411565e-07,6.031027e-06,7.9047604e-05,1.7924654e-05,4.8899346e-06,1.2940794e-06,6.371414e-05,1.1601565e-05,4.4044547e-05,5.365945e-07,0.0001172098,1.5547485e-05,3.4834888e-05,5.8361993e-06,2.3562047e-06,2.132481e-05,5.2057993e-07,1.6135979e-05,2.6353116e-05,4.885278e-06,5.7542507e-06,2.1572903e-05,9.243964e-05,7.987079e-05,2.8335093e-05,9.232763e-06,0.00015739603,2.0744537e-06,1.210915e-05,4.2516654e-06,2.7133808e-08,4.4891505e-05,4.149183e-05,1.48280415e-05,7.4330956e-06,9.903527e-06,1.2170731e-06,1.0791738e-05,1.0544917e-05,0.00012259986,3.2096962e-06,8.461442e-05,0.00036718327,0.00027426868,1.00170355e-05,0.00031963296,5.6613126e-06,8.965864e-06,1.4885231e-06,2.7350532e-05,9.823721e-07,5.928332e-07,1.6058572e-06,5.5271397e-05,1.2345768e-06,4.394067e-06,1.3510883e-06,3.4868386e-05,1.1187637e-06,2.1008867e-05,1.6579024e-05,2.5955747e-05
BC2026_Train_0047_S22_20220131_003000_045,3.7369343e-08,2.3860068e-07,1.1324508e-07,3.9615992e-05,2.8441602e-06,3.6798253e-09,6.027941e-08,1.2627021e-06,0.00038806724,0.0009291361,0.008498604,8.2511525e-07,3.5056075e-07,1.61403e-07,1.8207979e-07,0.0057890383,2.4670769e-08,6.9092884e-08,0.5333461,9.235036e-06,5.8190485e-06,0.0037138192,9.496569e-06,5.778507e-07,0.00010761481,8.6882994e-07,1.365391e-06,1.038529e-08,1.478737e-10,7.8650197e-07,2.6046946e-06,5.623687e-08,7.455874e-07,1.227785e-07,2.5729082e-07,2.8834801e-08,6.8043626e-08,5.738051e-08,6.338711e-08,5.0089284e-07,6.1175786e-07,2.0529825e-07,3.1155196e-06,2.8892275e-08,2.1029085e-07,2.044967e-07,9.585556e-08,3.8972498e-08,3.61895e-08,3.55904e-08,5.418169e-07,6.277602e-07,7.0358186e-07,8.506344e-07,5.721581e-07,3.2079623e-07,7.2704466e-08,0.0734544,2.6117405e-10,1.4119125e-06,0.0071843704,5.0061725e-08,5.6657907e-05,0.0069486825,0.0019621516,2.0273857e-05,3.9729e-06,2.5591208e-07,2.0590681e-08,1.8700101e-08,5.133184e-09,1.8752739e-07,6.2701747e-06,2.536682e-06,1.9454971e-08,2.6535788e-06,1.2758192e-05,4.3634223e-05,5.2221985e-05,2.747972e-06,7.2442686e-05,3.4766256e-07,2.1717686e-05,6.2621035e-07,4.951531e-07,4.215036e-06,4.704237e-06,9.453639e-06,6.2459553e-06,3.5330193e-06,5.105401e-06,8.165987e-06,3.0578175e-07,1.4145694e-05,1.2125397e-06,2.0384416e-06,1.3834331e-06,1.9518457e-05,5.645603e-05,2.5057108e-05,4.8688553e-06,4.991023e-08,1.6067816e-05,0.0008415285,7.0020888e-06,3.0934166e-07,5.4410975e-07,5.3064247e-07,2.0126306e-06,3.18284e-05,7.92843e-06,5.9402246e-05,1.3273916e-06,1.006549e-06,2.013122e-06,5.397968e-05,6.681483e-05,1.5497983e-06,1.9013237e-06,3.3843822e-05,5.794394e-05,0.000105518084,3.111879e-06,0.00022137647,1.1572365e-06,1.3776474e-05,1.9808378e-05,3.843609e-05,2.2146081e-07,2.539285e-05,6.181974e-07,1.2595939e-05,1.6873465e-06,1.50506485e-05,1.5840395e-06,1.7481541e-07,4.86276e-05,2.0929518e-05,6.519395e-06,0.00021698324,1.1692869e-05,8.6293886e-07,3.3414332e-07,1.1820241e-06,1.5738615e-05,9.019902e-09,5.5532277e-05,1.1934292e-06,2.6488306e-06,7.6455995e-05,8.79386e-06,2.5524028e-05,2.9610594e-06,7.952602e-07,2.2239457e-05,0.0001457772,1.7288127e-06,7.483093e-07,1.6218994e-06,8.022875e-07,2.8433242e-05,5.884913e-06,4.9920516e-07,1.3563215e-05,2.546124e-07,0.00028273728,3.0510625e-07,0.0002353747,4.467667e-06,5.49917e-05,1.3901031e-05,4.0438313e-06,4.8581177e-07,4.359382e-06,4.3553115e-05,1.3839562e-05,1.2967778e-05,4.9146433e-07,7.361176e-05,3.5988278e-06,1.5526712e-05,1.2192486e-07,0.00012775432,2.9887979e-06,1.7864124e-05,2.701061e-06,1.509735e-06,2.2257047e-05,1.08564514e-07,2.506686e-06,4.265356e-06,3.6925185e-06,4.343339e-06,2.3131906e-05,2.708007e-05,3.8369766e-05,1.02709055e-05,2.770024e-06,8.357363e-05,9.871945e-07,1.3241297e-05,3.7881384e-07,2.2027833e-09,5.129007e-05,2.0605337e-05,3.4485122e-06,1.704101e-05,4.8761594e-06,7.7272017e-07,1.8428807e-05,6.3733137e-06,0.00016748864,6.8810124e-07,2.207953e-05,0.0001575848,0.00038454146,8.333886e-06,0.0005340073,3.8070723e-06,1.9790407e-06,1.2000406e-06,1.2335739e-05,3.085285e-07,2.458146e-07,4.6333278e-07,5.5497443e-05,1.0945059e-06,2.2385846e-06,3.50249e-07,2.0036861e-05,8.55081e-07,1.695005e-05,6.25417e-06,1.4898986e-05
BC2026_Train_0047_S22_20220131_003000_050,6.246232e-07,1.3004583e-06,1.16685065e-07,0.0006217305,1.6957405e-05,2.9318505e-08,1.5934728e-06,1.9750396e-06,0.00081358367,0.052586775,0.20818467,2.3452915e-06,5.701701e-06,5.4845367e-07,1.5443792e-06,0.046449278,3.4022003e-07,1.7385412e-07,0.15192926,2.4605675e-05,1.8151046e-05,0.013429398,3.280112e-05,5.0382764e-06,0.00039402963,2.796095e-06,1.7239063e-06,1.2125763e-07,9.034607e-09,1.5587375e-05,1.9784082e-05,6.8098745e-07,4.1593157e-06,1.4049255e-06,2.2131142e-06,4.1434453e-07,2.4681668e-07,4.1055083e-07,9.886822e-07,3.8163494e-06,4.3310793e-06,2.906345e-06,1.8805578e-05,3.8322509e-07,1.6935178e-06,1.4964269e-06,8.3488203e-07,2.3906034e-07,2.5628165e-07,2.823077e-07,5.0581066e-06,5.1389948e-06,5.7849525e-06,8.15825e-06,4.1510657e-06,4.395088e-07,8.7655815e-07,0.5439664,2.2537223e-09,1.1630191e-05,0.16571434,3.0029867e-07,0.00029510027,0.08767846,0.014766713,2.685663e-05,3.5845605e-05,1.4784416e-06,6.272115e-07,2.7951485e-08,4.7812712e-08,1.1100077e-06,1.0094965e-05,5.7807894e-05,1.0348028e-06,9.99748e-06,1.375341e-05,0.00011988368,4.447167e-05,4.1175877e-06,0.00028792705,1.1060788e-06,0.0003388022,1.2378648e-06,3.2742348e-06,1.5351296e-05,4.133191e-06,4.231132e-05,1.1824597e-05,5.3625145e-06,1.4401498e-05,8.143738e-06,8.850506e-07,1.9765148e-05,2.8108025e-06,7.0926844e-06,1.9219185e-06,3.702076e-05,4.8359383e-05,5.1727286e-05,1.2803862e-05,1.786897e-07,4.747059e-05,0.004630775,2.6297634e-05,9.727037e-07,3.2119588e-06,1.0439906e-06,3.2361504e-06,4.5098368e-05,1.812439e-05,4.5200366e-05,3.7283849e-06,3.4062207e-06,5.193936e-06,3.943589e-05,1.5155299e-05,6.7952974e-06,2.0654657e-06,7.079329e-05,0.0002709445,0.0002327836,8.547854e-06,0.00032796428,1.1192631e-05,4.1689706e-05,1.3375881e-05,3.2755142e-05,2.6522277e-06,6.297844e-05,4.217674e-06,1.3553222e-05,2.0222349e-06,4.0812414e-05,2.4658548e-06,1.3096492e-07,0.00014740927,7.465975e-05,7.770331e-05,0.00047193182,2.293993e-05,9.619363e-07,3.127081e-06,2.0356558e-06,0.0002067745,4.3595126e-08,0.000152089,2.484811e-06,4.710724e-06,8.9324625e-05,3.869884e-05,8.886237e-05,1.1314557e-05,1.9064021e-06,3.117532e-05,7.794146e-05,3.5237722e-06,1.5775526e-06,8.146441e-06,2.5434524e-06,1.4736692e-05,9.696937e-06,8.258128e-07,2.2334421e-05,2.6426515e-06,0.0026123717,2.8686884e-07,0.00013896052,2.2309663e-05,8.279743e-05,2.7023236e-05,1.53207e-05,6.5152403e-07,1.5023802e-05,5.9160455e-05,1.5104539e-05,0.00015031765,2.3463897e-06,7.350318e-05,6.6804096e-06,9.5027375e-05,6.41283e-07,0.00021047908,6.5974887e-06,2.1599499e-05,3.9039755e-06,6.360502e-06,5.542187e-05,6.0696703e-07,6.5886734e-06,2.0308398e-05,9.292769e-06,2.3766715e-06,0.00010516669,5.0633127e-05,8.033544e-05,3.8345697e-05,3.5971875e-06,0.00015943279,2.46094e-06,1.69098e-05,1.3480302e-06,2.6304658e-08,5.326192e-05,0.00011240964,1.533469e-05,1.531068e-05,3.1378953e-05,1.8204066e-06,1.6419459e-05,1.2630328e-05,0.0012308448,3.1759842e-07,3.9195304e-05,0.0014413868,0.0011537403,8.9451205e-06,0.00074832066,1.0421808e-05,8.213239e-06,2.7433741e-06,1.8621799e-05,1.2058501e-06,2.5064498e-06,1.8264932e-06,8.2438026e-05,2.716543e-06,1.4771618e-06,4.2751376e-06,2.4594274e-05,8.1772816e-07,5.1035095e-05,1.2091899e-05,2.729576e-05
BC2026_Train_0047_S22_20220131_003000_055,1.187059e-06,1.4808696e-05,1.4521916e-06,0.00036242418,5.313907e-06,7.824129e-08,1.8077842e-06,1.639327e-05,0.000538844,0.0019621656,0.019706499,2.5406585e-05,1.404028e-06,5.4490636e-07,4.296182e-06,0.008280408,3.201138e-07,8.119528e-07,0.5311049,0.00014251079,2.578288e-05,0.057879344,4.557667e-05,2.1701578e-06,0.0005609575,2.2076777e-06,4.6216915e-06,3.432061e-07,6.6420895e-08,2.7552607e-05,6.6548155e-06,7.113393e-07,4.911869e-06,4.8405394e-07,1.1377327e-06,5.9250306e-07,2.8100817e-07,3.4439822e-07,3.9801398e-07,3.6523993e-06,1.7338435e-06,1.111587e-06,9.211313e-06,5.6972425e-07,1.0354534e-06,1.0365728e-06,7.651809e-07,3.4634317e-07,2.6015542e-07,2.8668398e-07,2.5769311e-06,3.391838e-06,3.4107356e-06,2.1853186e-06,5.2741684e-06,2.4459282e-06,3.471924e-07,0.08901838,1.0668276e-08,3.7575194e-06,0.07965141,2.6403865e-07,0.00048422418,0.1528954,0.012793632,3.7568458e-05,5.0969724e-05,1.3586885e-06,5.7287883e-07,2.200274e-07,4.830338e-08,3.024141e-06,1.25645765e-05,2.209343e-05,3.3428864e-07,1.3655443e-05,9.703478e-06,3.531928e-05,4.7619167e-05,7.568055e-06,0.00018399936,2.1808466e-06,3.457403e-05,1.3883318e-05,2.197069e-06,9.582422e-06,6.335415e-06,3.245967e-05,2.9715136e-05,1.4955871e-05,2.029587e-05,9.368896e-06,8.245793e-06,0.000113641305,3.0563851e-06,2.080913e-05,5.0036806e-06,2.8633485e-05,5.6097753e-05,7.497224e-05,1.320134e-05,4.0886874e-07,9.088859e-05,0.001742296,1.633509e-05,5.260606e-06,1.1185824e-06,1.1508144e-05,9.8859e-06,5.7624497e-05,4.09868e-06,0.00013286546,3.9232004e-06,3.7721788e-06,1.8529152e-05,3.7675625e-05,0.00011873294,8.674218e-06,7.5376597e-06,3.6415036e-05,6.960701e-05,0.00013028887,6.7394535e-06,0.00089134544,1.4783076e-06,3.5217607e-05,5.8444668e-05,5.1579955e-05,2.2640664e-07,0.0002091659,5.459125e-06,8.188395e-05,1.3766033e-05,2.8081176e-05,3.7743775e-06,6.442008e-07,0.00036296996,3.7869817e-05,6.0692932e-06,6.7472334e-05,2.5747302e-05,1.3105041e-06,5.17884e-06,6.465602e-06,8.781278e-05,1.0572163e-07,9.268997e-05,1.2853174e-06,3.3353883e-06,0.00018560833,4.7775953e-05,3.1563977e-05,8.327873e-06,1.8129516e-06,4.5439534e-05,8.122299e-05,5.3161525e-06,5.5529363e-06,1.11704085e-05,3.9204106e-06,0.0002811221,1.2560899e-05,2.098064e-06,1.0996862e-05,1.382945e-06,0.0005596554,3.9513776e-07,0.0002936566,3.955283e-06,0.00043344137,4.9052695e-05,5.145458e-06,1.3829093e-06,1.50140495e-05,0.00017196445,2.3004533e-05,8.632972e-06,1.2171288e-06,7.426976e-05,2.1158397e-05,4.5059805e-05,2.2259765e-07,0.00019795568,2.4611567e-05,0.000112489106,8.226621e-06,2.7120414e-06,2.493166e-05,3.3600897e-06,8.083231e-06,1.9100991e-05,7.885351e-06,1.3515261e-05,2.5635312e-05,0.00012195902,0.00010651262,3.395762e-05,8.896373e-06,0.00015661037,7.234175e-06,2.399869e-05,3.5661765e-06,2.1629122e-08,6.0834565e-05,4.9279526e-05,2.1654876e-05,1.6780385e-05,6.509015e-05,2.230542e-06,1.5369005e-05,1.1763029e-05,0.00044071316,4.9159407e-06,8.624523e-05,0.0006656246,0.00021996009,2.3242916e-05,0.00042083667,8.626256e-06,3.244271e-05,2.2589516e-06,2.5996946e-05,2.8133556e-06,1.7197389e-06,4.985827e-06,0.00014885892,2.222185e-06,2.1801208e-05,5.2244186e-06,3.87447e-05,1.7537714e-06,5.5670193e-05,4.7211626e-05,1.5286883e-05
BC2026_Train_0052_S22_20220210_210000_000,1.872427e-07,8.6525364e-07,1.3287279e-06,7.980387e-05,1.0417111e-06,4.20904e-08,4.6597648e-07,1.4698463e-06,0.00021267716,0.003256069,0.016294733,1.9896186e-05,1.105737e-06,3.8831192e-07,1.1395972e-06,0.078737624,5.593707e-07,3.4176665e-07,0.028571395,0.0011082143,1.574665e-06,0.6803451,0.00018087297,7.6291985e-07,5.343443e-05,8.602971e-07,5.844888e-07,1.4735402e-07,4.070452e-07,5.2154132e-06,2.5694928e-06,4.2073952e-07,4.955395e-06,1.3452842e-07,2.9801063e-07,2.5081565e-07,1.8573704e-07,3.5828214e-07,3.6033055e-07,1.6059107e-06,1.6822739e-06,8.8493834e-07,2.3962648e-06,4.8137605e-07,4.2358147e-07,4.5772435e-07,6.770825e-07,1.5261276e-07,2.4537192e-07,2.0397219e-07,9.728205e-07,9.625667e-07,1.060435e-06,1.2286793e-06,2.785808e-06,6.5049034e-07,4.109217e-08,0.16140078,4.697178e-09,1.941083e-05,0.51512325,2.770684e-08,0.0004078166,0.3297575,0.110966235,3.5336388e-06,1.8856437e-05,4.5569813e-08,5.987572e-08,1.2752876e-07,1.8544139e-08,3.7303016e-06,3.7545963e-06,2.830072e-06,1.1513097e-06,2.052193e-06,1.2899989e-05,1.7803966e-05,3.362734e-05,7.6030974e-06,4.6812536e-05,8.1761743e-07,0.00012844335,1.6306744e-06,8.225836e-06,3.710709e-06,1.8686393e-06,1.51965905e-05,1.0734012e-05,4.735416e-05,1.4942884e-05,3.2229225e-06,3.2050255e-06,1.995749e-05,1.4596195e-05,3.6648526e-06,2.304415e-06,7.785114e-05,0.00010168693,0.00015059182,3.0992949e-06,7.407877e-07,3.0315855e-06,0.00031565502,1.11641675e-05,6.523761e-06,1.8000994e-06,1.0949256e-06,2.1583397e-05,4.221713e-05,7.853643e-06,4.531911e-06,2.9422336e-06,5.309733e-06,4.75384e-05,5.598702e-05,1.16570845e-05,5.002793e-06,1.513346e-06,4.0066177e-05,3.0629726e-05,8.333767e-05,4.403145e-06,0.00030577483,3.2622646e-07,2.8931983e-05,1.291285e-05,8.734917e-06,4.6663507e-07,0.00016800864,1.9647691e-06,3.2086933e-05,2.1599765e-06,1.4769867e-05,1.8124797e-06,1.6721522e-07,0.00021859736,9.036883e-06,1.3216204e-06,4.3869797e-05,3.2388643e-06,5.5020464e-06,2.0352888e-06,2.7749445e-06,1.5791812e-06,1.5871787e-07,1.6970283e-05,4.5840974e-07,1.5347284e-06,7.0673836e-05,1.527087e-05,1.0091836e-05,8.330113e-06,2.5369768e-06,1.9686928e-05,4.834979e-05,1.1019799e-06,1.7859887e-06,1.5258163e-05,1.3038649e-05,6.126801e-05,4.263444e-06,1.6559336e-06,6.2005483e-06,2.5178872e-06,0.00010957334,3.4050302e-08,7.961931e-05,2.1808195e-05,5.924006e-05,0.00015268255,4.114836e-06,3.4626126e-07,1.6009899e-06,0.00011226289,3.3865208e-06,3.3132283e-06,5.981447e-07,2.7536978e-05,1.1996576e-05,3.2220803e-05,6.0842217e-06,8.40704e-05,1.7845989e-05,4.880207e-06,1.3534327e-06,3.459527e-06,8.453733e-06,1.0219719e-06,5.4917854e-07,7.252293e-05,4.4943026e-06,1.5160949e-06,1.6306747e-05,1.8374441e-05,1.0158956e-05,2.146887e-05,7.911549e-06,7.098704e-05,3.8290723e-06,1.750259e-05,1.3478979e-06,3.6696008e-08,4.2406005e-05,1.6824642e-05,8.7673805e-05,1.2659468e-06,2.448069e-05,4.530995e-06,1.4687277e-05,7.691832e-06,2.3661376e-05,5.2593464e-06,9.823861e-05,0.00016409109,0.00032428277,7.369436e-06,3.037697e-05,1.8960399e-06,5.276639e-06,6.721602e-07,2.728988e-05,6.749287e-06,6.7585745e-07,6.598464e-06,4.3014785e-05,4.6258187e-06,2.5914342e-05,3.0766248e-06,5.3981425e-05,1.2341436e-06,4.8746555e-05,1.4511212e-05,1.672104e-05
BC2026_Train_0052_S22_20220210_210000_005,1.669193e-08,3.2368928e-07,5.683784e-08,1.8886456e-05,2.4907533e-07,3.2804661e-09,1.389262e-07,1.24783e-07,9.087691e-06,0.0009025395,0.009854029,8.576269e-06,4.458757e-07,4.100949e-08,1.1543569e-07,0.045158472,4.6290526e-07,6.1812905e-08,0.3638591,0.00014759184,2.0741875e-07,0.743596,8.616218e-06,1.6415405e-07,2.1707374e-05,2.893113e-07,3.8227532e-07,2.1804962e-07,1.892313e-08,4.23283e-07,3.5580666e-07,4.9244345e-08,1.4131182e-06,1.8009972e-08,6.3624405e-08,3.5369858e-08,1.5001126e-08,4.3709115e-08,2.6262498e-08,5.828451e-07,3.0769695e-07,1.155909e-07,7.205561e-07,5.1646918e-08,5.1433005e-08,5.2935462e-08,1.16163676e-07,1.6571574e-08,3.46499e-08,3.3011432e-08,1.885152e-07,2.214534e-07,2.2141815e-07,1.9942871e-07,9.5174994e-07,2.2136071e-07,4.4700155e-09,0.067276455,4.5082268e-10,1.6510138e-06,0.7502736,1.4605102e-08,9.715792e-05,0.7518893,0.21933763,1.9655713e-06,1.2788267e-05,1.209806e-08,4.041892e-08,3.7771926e-08,2.1964228e-09,1.2177703e-07,1.5334147e-06,1.0308741e-07,5.545737e-08,5.220924e-07,5.3431368e-06,2.7189067e-06,5.0155336e-06,5.887618e-07,1.0836672e-05,7.425504e-08,2.6930413e-06,1.8674035e-07,2.4342947e-07,8.2536945e-07,2.9623453e-07,3.157934e-06,2.4313672e-06,1.21584335e-05,2.762579e-06,6.6625097e-07,5.31468e-07,7.766137e-06,2.1994297e-06,3.9173614e-07,1.0523999e-07,7.771065e-05,3.6429967e-06,9.019069e-06,3.6797817e-07,1.9565753e-08,1.2873047e-06,8.691711e-05,1.4269982e-06,1.3845734e-06,2.836679e-07,2.1423816e-07,2.722147e-06,6.508412e-06,1.481705e-06,3.1442369e-06,2.8341344e-07,4.6265635e-07,1.1305001e-05,3.4583793e-06,2.0822074e-06,2.2242627e-06,1.2721053e-07,8.008243e-06,5.8975484e-06,1.3168748e-05,1.6449976e-06,0.00011288658,1.0680272e-07,3.9271085e-06,2.846817e-06,4.30631e-06,4.4634575e-08,0.000112560774,2.8168674e-07,4.3759346e-06,5.1937394e-07,1.4396913e-06,1.45524e-07,2.6765722e-08,6.8981775e-05,2.598787e-06,2.522619e-07,6.092635e-06,2.0387681e-06,9.50016e-07,1.4105209e-06,7.6752406e-07,3.746559e-07,2.6649816e-09,2.5398115e-06,4.487179e-08,4.1658595e-07,8.75555e-06,3.7094137e-06,4.7391214e-07,2.6666667e-06,1.8575794e-07,1.8900822e-06,1.2864484e-05,1.2417603e-07,2.2163175e-07,1.3177895e-06,1.0650841e-06,1.3115571e-05,3.563232e-07,1.9470103e-07,1.1010261e-06,2.8762764e-07,4.8462196e-05,2.501342e-09,5.5750206e-06,3.345261e-06,1.7454802e-05,4.970989e-05,2.573399e-07,2.4084796e-08,3.9501796e-07,2.6037236e-05,5.120602e-07,1.2943002e-06,1.3229618e-07,5.726183e-06,1.6961772e-05,3.9596266e-06,1.0514108e-07,5.724901e-06,3.4126128e-06,4.6731958e-07,3.0569169e-07,1.4572163e-07,1.5823696e-06,1.7774049e-07,1.5446206e-07,1.6839957e-05,6.8117123e-07,3.523187e-07,2.3227988e-06,3.3902302e-06,8.562197e-06,3.1222269e-06,1.2405192e-06,1.6323176e-05,5.312283e-07,2.5989705e-06,4.294226e-07,8.86292e-09,9.192743e-06,2.983973e-06,1.0115298e-05,2.3501136e-07,1.0546345e-05,1.5904607e-07,5.4655484e-06,1.8798339e-06,2.6856578e-05,5.859689e-07,2.994262e-05,0.00010938377,9.7837554e-05,1.9651795e-06,3.944473e-05,8.893626e-08,8.179534e-06,2.7168817e-08,5.738769e-06,4.571376e-07,1.0772028e-07,2.6581708e-07,2.6180129e-05,9.286181e-07,5.7888274e-06,1.0274467e-07,6.0814077e-06,2.1206608e-08,3.1161346e-06,1.0546862e-06,4.1088283e-06
BC2026_Train_0052_S22_20220210_210000_010,2.9211747e-10,3.527311e-08,5.1362004e-09,1.1251783e-06,2.733138e-09,1.53185e-10,2.6599745e-09,7.4493904e-09,6.663548e-06,7.531397e-05,0.0030841068,7.2936547e-07,1.1807488e-08,3.878221e-09,6.8620842e-09,0.01569517,3.010997e-09,3.8718717e-09,0.6055962,0.00018156276,6.074964e-08,0.40530297,5.038263e-07,3.084937e-08,6.747833e-06,1.8264268e-08,1.1828377e-07,2.7292573e-09,3.6334782e-10,7.4700104e-08,9.45922e-08,5.3372906e-09,9.392284e-07,1.0835506e-09,5.6261844e-09,2.3834537e-09,1.9629365e-09,6.2247207e-09,3.4643344e-09,9.507587e-08,8.51033e-08,2.3362537e-08,1.4388401e-07,5.577463e-09,9.736744e-09,8.5665945e-09,3.5839996e-08,6.6459265e-09,7.2894246e-09,4.3725765e-09,2.3120762e-08,3.3252643e-08,3.077867e-08,5.092638e-08,2.1863183e-07,2.7450616e-08,1.9745885e-09,0.05141716,1.3688966e-11,1.6728965e-08,0.5871242,3.7953446e-10,6.444352e-06,0.43451992,0.015631238,3.4815e-07,7.228073e-07,2.1661024e-09,1.186775e-08,5.599859e-09,1.0634297e-10,1.3308499e-08,1.0753014e-06,3.105541e-08,1.4043949e-09,2.923608e-08,1.874678e-06,7.717341e-07,4.154453e-07,8.205375e-08,2.7856881e-06,1.5737818e-08,1.3627242e-06,1.3398229e-08,4.0580994e-07,1.0933151e-07,1.9164386e-08,6.5646367e-07,1.7554147e-07,5.7054044e-06,1.4784598e-07,5.8237454e-08,7.9042124e-08,5.379333e-07,6.728643e-07,1.515414e-07,1.3123831e-08,1.4318689e-05,8.1257485e-07,5.0536896e-06,1.0057156e-07,1.7489046e-09,4.1161678e-07,1.37950765e-05,8.4019945e-08,9.8240136e-08,4.2725086e-09,2.572699e-08,2.431144e-07,2.857014e-07,1.6703274e-07,4.989814e-07,2.3386077e-08,4.3517122e-08,5.3008307e-07,8.316137e-07,6.873214e-07,2.5602978e-07,6.118641e-08,1.8462354e-06,1.7267627e-06,3.702988e-06,1.3106413e-07,4.5272453e-05,3.3486023e-09,5.972817e-07,1.1445236e-06,3.8333255e-07,1.6801321e-09,6.3528937e-06,2.8704147e-08,7.413849e-07,3.5754375e-08,4.6916563e-07,1.5165424e-08,1.2617062e-09,5.7281063e-06,8.542694e-08,1.1864198e-08,5.2506584e-07,1.2063995e-07,5.3699072e-08,3.5819358e-08,9.1286154e-08,1.0400875e-07,1.2100677e-10,5.4208357e-08,9.067805e-09,5.1251835e-08,5.498888e-06,1.642723e-07,1.2113235e-07,4.0175894e-07,1.9028745e-08,5.987115e-07,3.694459e-06,4.831875e-09,1.7314735e-08,3.6196475e-08,1.733417e-07,1.9134127e-06,2.9505426e-08,2.7141832e-08,5.181376e-08,3.6610576e-08,1.7257376e-05,3.9796194e-10,7.619514e-07,1.11451946e-07,7.861189e-06,3.985734e-06,9.758351e-08,9.0907293e-10,7.921082e-09,5.0241797e-06,4.490904e-08,1.3788188e-07,7.0503448e-09,2.2319146e-06,3.5685614e-06,1.1781559e-06,1.0037011e-08,1.3148381e-06,5.7421073e-07,6.4545407e-07,8.274113e-09,7.4825985e-09,4.4442717e-07,3.5878774e-08,2.1951008e-08,1.902165e-06,1.5860316e-07,1.4359888e-07,1.2031462e-06,7.152548e-07,1.9342272e-06,3.4629298e-07,4.5425068e-08,1.8697356e-05,5.3404495e-08,9.798974e-08,1.17514105e-08,3.9178838e-10,5.1702654e-07,2.7055572e-07,1.7877287e-06,6.865466e-08,1.7652975e-06,1.6472875e-08,1.7418486e-07,1.09633675e-07,1.1570286e-05,4.218886e-08,6.7110605e-06,2.9870168e-06,2.9720235e-05,1.2591147e-07,2.8391407e-05,3.206492e-09,2.4648016e-06,1.6836418e-09,8.152833e-08,2.0995994e-08,8.053481e-09,3.315012e-08,9.033074e-06,7.288052e-08,3.984602e-06,7.08553e-09,4.969796e-06,4.6622786e-09,2.0548387e-06,3.647411e-07,3.2828285e-07
BC2026_Train_0052_S22_20220210_210000_015,1.8411228e-09,3.0108836e-08,7.987655e-09,3.606297e-06,4.15351e-08,2.1123993e-10,3.8560206e-08,1.2673096e-08,2.5700442e-06,0.001551449,0.009958076,1.2812578e-06,7.510776e-07,4.0831285e-09,4.2033337e-09,0.018384064,9.760958e-08,2.3023188e-09,0.93014795,9.661225e-06,1.7318502e-08,0.07625759,5.9365067e-07,9.676836e-08,2.4029789e-05,1.6760712e-08,1.1067868e-06,1.0968635e-08,4.1638096e-10,5.7131626e-08,2.2965358e-07,7.826709e-09,1.2164941e-06,1.0703026e-08,1.8903075e-08,5.0319797e-09,2.8115043e-08,1.5109181e-08,1.0129498e-08,2.791965e-07,1.3052814e-07,4.2623927e-08,2.5956757e-07,4.4945945e-09,2.5136153e-08,2.3438545e-08,2.6735156e-08,9.9921795e-09,8.994476e-09,9.737171e-09,6.3302544e-08,5.9159625e-08,7.569375e-08,1.381243e-07,2.475876e-07,4.6052566e-08,8.269191e-09,0.055769842,3.091282e-11,2.0960711e-07,0.84429723,5.440795e-09,4.746177e-06,0.7118121,0.0052934843,1.8952354e-06,8.0718785e-08,4.637286e-09,2.2487638e-08,2.3734108e-08,1.323473e-09,2.8738933e-08,1.2249469e-06,9.725199e-09,1.23705775e-08,2.3947428e-07,3.125659e-05,3.0218089e-06,1.8226493e-06,4.8733884e-08,2.302181e-06,6.454602e-07,2.2556537e-06,1.955557e-08,3.347441e-08,2.6027328e-07,3.391222e-07,1.6200904e-06,1.8058837e-06,8.293704e-06,4.5993983e-07,9.064694e-07,2.0117676e-07,1.6433855e-06,1.1494743e-06,9.0070984e-08,3.552448e-08,0.0001256472,1.4644162e-06,1.3921336e-06,2.7928013e-06,3.5252983e-09,1.1063753e-06,3.9634167e-05,1.5322439e-06,9.39584e-07,1.03299e-07,3.174709e-08,2.1970993e-07,1.997915e-06,6.0805104e-07,2.6834684e-06,3.160728e-08,1.888335e-07,1.0773882e-06,2.3902255e-06,1.4479874e-06,9.889717e-07,4.042864e-07,1.9848849e-06,4.796187e-06,1.6225447e-05,1.0662304e-06,6.0135328e-05,2.3044164e-07,1.7059083e-06,9.3507964e-07,1.6092104e-05,3.0477988e-08,6.8211986e-05,2.4579444e-07,8.667419e-07,3.843134e-08,2.6069115e-06,3.471934e-07,4.189105e-08,4.2388515e-06,1.7750501e-06,1.768071e-07,2.5475065e-06,5.379926e-06,1.0215825e-07,3.6380524e-07,1.08340075e-07,3.2195828e-06,7.563057e-11,3.339595e-07,2.5793122e-08,4.3920338e-07,2.2364252e-06,1.5467965e-06,2.3336621e-07,4.7196145e-06,3.8140858e-08,2.4292603e-06,1.0371826e-05,1.2957309e-08,3.4785455e-08,5.7751297e-08,1.8762631e-07,1.8164649e-06,9.6391645e-08,7.3193087e-09,5.440968e-07,2.4523158e-07,3.0710275e-05,3.5621694e-09,1.493846e-06,3.0742287e-06,2.060239e-05,1.625402e-05,3.5221856e-07,2.0411348e-09,1.03200726e-07,1.05229365e-05,2.833502e-07,1.3115759e-05,1.895228e-08,4.76359e-06,5.640328e-06,4.2214765e-06,1.2402141e-08,6.8722056e-06,3.4937502e-06,2.5775034e-06,1.0183279e-07,1.4032808e-07,8.1875817e-07,3.37752e-08,8.380036e-08,6.6624298e-06,6.234074e-07,2.8884813e-07,4.732437e-07,1.6490987e-06,4.182438e-06,2.1309309e-06,2.4685176e-07,0.00016484271,6.496919e-08,3.6219134e-07,7.503081e-08,5.4847646e-09,5.6050935e-06,1.1490863e-06,6.1275327e-06,1.219409e-07,6.1661985e-06,6.4716644e-08,2.5185357e-06,2.5405723e-06,5.009918e-05,5.0217423e-08,9.034324e-06,9.5362244e-05,0.0001511768,5.18069e-07,0.0002956173,3.5062154e-08,4.7035464e-06,4.6149533e-09,2.7618519e-06,5.3567717e-08,6.8184335e-08,2.9044108e-08,5.1953353e-05,3.2745956e-07,2.4717616e-07,2.1138835e-09,5.3116933e-06,3.288529e-09,1.90396e-06,3.271839e-07,3.6354966e-06
BC2026_Train_0052_S22_20220210_210000_020,4.076819e-08,6.100218e-07,7.032297e-07,6.5980064e-05,3.40176e-06,2.2930074e-08,1.5985047e-07,1.4245299e-07,7.380576e-05,0.0015900561,0.0039670453,1.0689972e-05,3.725001e-07,1.6198666e-06,2.436332e-06,0.42978144,2.2064307e-07,1.4376266e-06,0.9017807,0.0005657198,1.1674106e-05,0.74783504,2.0898824e-06,2.453577e-06,0.00010410567,5.375402e-06,7.488414e-05,7.730557e-08,3.4236226e-08,8.835132e-07,1.8481572e-06,9.0155766e-07,6.742211e-06,6.884255e-08,5.159159e-07,2.8867217e-07,7.299515e-08,8.960949e-07,1.1229544e-07,2.525212e-06,7.18026e-06,7.1194273e-07,9.84702e-06,6.918077e-07,2.676039e-07,2.4394026e-07,2.7007932e-06,1.0652908e-07,6.887322e-07,8.6425496e-07,1.556241e-06,2.26599e-06,1.899812e-06,1.445282e-06,9.958505e-06,5.1682e-07,1.2750343e-08,0.28334388,7.171292e-10,1.2904541e-05,0.5321172,1.3953973e-08,0.00016235295,0.6855766,0.9886437,3.4455174e-05,2.2436656e-05,4.7127153e-07,6.770794e-08,1.4204035e-06,5.5153204e-10,4.5146334e-07,3.993736e-06,3.1291786e-06,5.3336473e-09,1.6262794e-07,9.660801e-06,6.853526e-06,4.2726756e-06,3.7547359e-06,1.5126825e-05,4.3495177e-07,7.631494e-06,1.9671658e-07,1.3813066e-06,8.589608e-07,1.8990407e-07,1.3256396e-06,1.850524e-06,2.4779178e-05,1.3072401e-05,1.09665e-06,1.4537504e-06,4.2264633e-06,4.9742343e-06,2.2803715e-06,2.9659864e-07,0.00011265957,9.244958e-06,0.00010641922,1.9274036e-07,2.2016762e-07,6.038366e-07,4.9659382e-05,6.6849025e-06,3.21476e-06,1.3511062e-06,5.4341234e-07,1.2314393e-05,2.5126842e-06,1.6485594e-05,5.5568194e-06,1.9580527e-07,3.7603402e-07,1.698675e-05,1.1866021e-05,1.0552875e-05,1.0232483e-05,3.9365617e-08,8.537523e-05,6.2588624e-05,8.56257e-05,2.7688643e-06,0.000104757826,1.10588424e-07,4.789829e-06,8.419419e-06,6.7198466e-06,2.238058e-08,6.4389445e-05,6.385411e-07,3.597145e-05,1.1710579e-05,1.2012305e-05,1.5903439e-07,3.06678e-08,3.1810134e-05,1.7943472e-06,3.7769053e-07,0.00028538756,1.471093e-06,0.0001062577,4.506009e-07,6.957789e-07,1.3767168e-06,6.0669043e-07,8.5892555e-07,2.665436e-07,4.330297e-07,4.264104e-05,1.4407998e-06,1.3041694e-06,2.6056438e-07,3.504762e-07,3.2475125e-06,1.1038838e-05,3.6706336e-07,2.3949232e-07,4.8863353e-06,2.6626667e-06,6.0761454e-07,1.5431777e-06,5.467897e-07,3.8328976e-06,5.9955653e-07,7.8004734e-05,3.0053968e-09,4.38951e-06,2.4074955e-06,3.5719288e-06,7.872264e-05,3.2192881e-06,2.4709667e-08,3.2865185e-07,4.850959e-05,4.050114e-06,2.2481242e-06,8.689882e-07,1.1757713e-05,2.6976066e-05,2.4774117e-06,1.2768551e-07,2.479383e-06,1.212187e-06,9.84409e-07,1.4867442e-06,1.0192373e-07,2.681202e-06,2.6936476e-07,2.4303142e-07,4.895711e-06,1.4121661e-05,7.009892e-06,2.650267e-05,6.057758e-07,6.51689e-06,1.0031069e-05,1.4493442e-06,4.7804213e-05,1.8631144e-06,2.5207826e-06,3.0011508e-06,4.0890765e-08,2.390237e-06,9.795925e-07,5.142063e-05,5.1423476e-06,2.7696366e-05,6.253725e-08,4.707065e-05,7.942961e-06,2.2381779e-05,8.168918e-07,1.8778788e-05,6.751449e-05,0.00030834982,1.6845859e-06,1.9560252e-05,1.17512585e-07,1.339577e-05,1.9611225e-08,9.378482e-07,1.1071184e-06,1.3464084e-07,3.4118864e-07,6.109368e-05,3.410908e-06,5.5015826e-05,2.996607e-07,4.7259196e-05,2.8437458e-07,1.988837e-05,8.0318614e-07,3.1110008e-06
BC2026_Train_0052_S22_20220210_210000_025,1.669158e-08,9.531051e-07,5.501735e-07,3.0299549e-05,1.453749e-06,1.4018852e-08,5.1266994e-07,8.9891294e-08,5.9537765e-06,0.0007998096,0.0012880947,3.7286274e-05,1.8496775e-07,5.3244406e-07,2.946423e-06,0.096402794,4.4113185e-07,1.3246905e-06,0.96814895,0.0006079945,3.2249668e-06,0.8411228,1.4624497e-06,1.295429e-06,4.512818e-05,1.3622564e-06,0.00016206343,3.2222317e-08,1.456071e-08,9.886719e-07,4.7484588e-07,3.3436328e-07,2.5798126e-06,5.2001873e-08,2.1420996e-07,2.0267497e-07,9.8737e-08,7.331515e-07,4.672099e-08,1.4206568e-06,3.6593096e-06,2.3964787e-07,2.133253e-06,3.2238492e-07,1.1605892e-07,9.022951e-08,9.991704e-07,4.7614233e-08,3.6671628e-07,7.4899185e-07,4.2267558e-07,5.1982096e-07,4.9738276e-07,4.7417748e-07,4.789966e-06,1.4756525e-06,2.254896e-09,0.039143782,2.454614e-09,9.30649e-06,0.7901996,1.9678255e-08,4.7883233e-05,0.86357856,0.9960419,4.860141e-05,1.10350275e-05,4.77502e-07,3.3050816e-07,1.9708418e-06,4.185683e-10,2.838741e-07,1.4666747e-06,1.7832299e-06,2.614917e-09,2.0224843e-07,5.2763517e-06,7.2002836e-06,6.7448345e-06,2.3162202e-06,9.926484e-06,2.4217265e-06,5.2041646e-06,2.5548806e-07,2.6243498e-07,4.0842056e-07,2.151105e-07,1.429717e-06,4.494474e-06,1.704917e-05,4.8154783e-05,1.1836993e-06,4.111686e-06,1.322044e-05,3.8776348e-06,1.6223479e-06,4.6527668e-07,0.000278547,3.3204783e-06,4.6220743e-05,3.9917757e-07,1.6573178e-07,1.2929358e-06,7.934146e-05,1.1272102e-05,6.714946e-06,3.639513e-07,4.4304633e-07,1.0876668e-05,1.92234e-06,6.996428e-06,9.2453365e-06,9.175484e-08,4.6899876e-07,4.167789e-06,7.9823945e-07,5.5435917e-06,2.6052561e-05,3.7819216e-08,3.229932e-05,1.6690912e-05,6.87752e-05,2.6045532e-06,0.00028013965,2.9298693e-07,1.297957e-05,7.779035e-06,1.0400114e-05,1.2097621e-08,0.00015895934,2.4812678e-07,7.5347656e-05,3.3288205e-05,4.886867e-06,1.2974489e-07,3.3783127e-08,3.766413e-05,2.584913e-06,9.576072e-08,7.927725e-05,1.9557117e-06,0.0002200356,3.696792e-07,2.0562247e-06,1.8714037e-06,9.2702095e-07,5.4348175e-07,8.5790255e-08,3.2008697e-07,1.1363553e-05,2.3652913e-06,3.2064975e-07,3.2405933e-07,1.5949263e-07,7.86023e-06,2.9490795e-06,3.354063e-07,1.4304915e-07,9.7809825e-06,2.5913848e-06,5.308715e-06,1.2999114e-06,1.086921e-06,1.4232835e-06,1.6042683e-06,6.424139e-05,1.17556915e-08,1.587103e-06,7.1155915e-07,4.3449345e-06,0.0003065498,7.9420215e-07,2.1951132e-08,2.297938e-07,0.00016292505,1.043428e-05,1.757644e-06,5.271546e-07,3.2195828e-06,2.3942497e-05,1.4650811e-06,4.1534705e-08,4.141919e-06,1.5774576e-06,1.1620982e-06,1.5934287e-06,8.765786e-08,1.4382505e-06,1.9288157e-07,3.1628178e-07,7.6984215e-06,8.186253e-06,1.0118926e-05,1.1733115e-05,1.1290823e-06,4.531012e-06,1.586081e-05,1.8617412e-06,2.3162745e-05,2.26797e-06,3.0709177e-06,1.4273889e-05,1.6759753e-08,2.2707666e-06,4.139583e-07,5.5982062e-05,1.1693008e-06,4.8184822e-05,2.9626216e-08,4.4878576e-05,7.383561e-05,2.6394844e-05,2.0771124e-06,1.2516261e-05,8.388454e-05,0.00038581048,1.3330534e-06,3.6686674e-06,3.615604e-08,3.1294232e-05,1.7237891e-08,1.5123951e-06,2.6184828e-06,1.8336054e-07,1.0899759e-06,0.00010850768,2.4095743e-06,0.00013043618,3.3072448e-07,2.6057158e-05,1.3349678e-07,1.9218753e-05,2.7364027e-07,2.0747802e-06
BC2026_Train_0052_S22_20220210_210000_030,6.496433e-09,2.5853149e-06,1.105937e-07,3.0518582e-05,7.17229e-07,7.168506e-09,3.8689288e-07,1.9416703e-07,1.3787441e-06,0.0009947503,0.008078676,0.00012053982,2.8920013e-07,5.3307e-07,2.0819393e-06,0.055788405,1.5604274e-06,1.0781591e-06,0.96650654,0.0002854725,3.5699397e-06,0.86092544,1.6641106e-07,7.3482244e-07,6.856749e-06,7.059248e-07,1.1766092e-05,4.4530452e-07,3.8311317e-08,1.2331105e-05,1.6664261e-07,2.4863795e-07,1.1433028e-06,2.002894e-08,1.2150987e-07,1.4169383e-07,1.9895792e-08,7.4330714e-08,1.3212062e-08,5.114223e-07,5.769118e-07,7.6310855e-08,1.5509722e-06,2.75888e-07,5.98401e-08,5.4019072e-08,3.329584e-07,6.625413e-08,1.0183085e-07,8.6325514e-08,1.7217786e-07,2.2583305e-07,2.1393863e-07,2.0848152e-07,1.0321526e-06,2.38856e-06,1.8379616e-09,0.028221712,1.9922743e-09,1.31539e-06,0.95774686,2.6759697e-08,9.733503e-05,0.9891432,0.99719465,4.87209e-05,4.5630426e-05,2.8732305e-07,1.1861187e-06,1.4877312e-06,3.240818e-10,1.2173165e-07,9.0957815e-07,7.5288267e-07,2.1748996e-09,8.481218e-07,1.0032523e-05,3.5806527e-06,4.403237e-06,2.2012887e-06,6.674513e-06,2.1237722e-07,9.1267316e-07,4.5024697e-07,6.495717e-08,2.0133453e-07,6.718718e-08,2.9454704e-06,1.144985e-05,1.1752759e-05,2.376069e-05,7.5250796e-07,2.3824289e-06,3.218997e-05,2.4083706e-06,7.7298847e-07,1.9987635e-07,0.00014292545,1.2176953e-06,1.6242802e-05,6.8149745e-08,1.6409436e-08,5.4372567e-06,0.00010082518,3.7764764e-06,2.1073365e-06,7.433355e-08,5.5963585e-07,8.789441e-06,9.894699e-07,9.450908e-06,4.1399144e-05,9.171391e-08,1.8859774e-07,4.105307e-06,1.1531757e-06,6.7032624e-06,9.800673e-06,1.938393e-08,2.5546748e-05,7.995415e-06,3.4181474e-05,1.9256465e-06,0.00022127878,1.827091e-07,3.7091452e-06,8.840183e-06,2.7869187e-06,1.1314895e-08,8.51635e-05,6.285599e-07,3.2003747e-05,0.0001225946,1.4217654e-06,2.7746133e-08,1.4685019e-08,2.3161574e-05,1.9980064e-06,7.362591e-08,2.0855001e-05,6.786496e-06,3.520515e-05,1.2907763e-06,1.3199477e-06,1.4377472e-06,4.1546826e-08,3.4956057e-07,3.4770128e-08,4.6659505e-07,1.5510876e-05,1.6905645e-06,1.6155437e-07,1.7431049e-07,6.9215425e-08,2.31356e-06,6.3887126e-07,1.8045549e-07,3.496392e-08,3.0991796e-06,2.674243e-06,2.4322833e-06,2.7674972e-07,4.2330203e-07,3.110106e-07,5.5120654e-07,0.00010424046,6.397593e-09,5.337608e-07,2.9492037e-07,5.265424e-06,6.774673e-05,5.184807e-07,8.611366e-09,1.9817477e-07,7.0352755e-05,1.8340825e-06,1.9248607e-06,2.3754586e-07,2.2846075e-06,0.00019370328,6.5983045e-07,3.916287e-09,1.856065e-06,4.2585498e-07,2.3507687e-06,3.2878959e-06,2.0600973e-08,1.2505384e-06,1.416194e-07,5.2890353e-08,1.3019577e-05,3.2274775e-06,1.2416849e-06,3.2914318e-06,1.3632234e-06,9.799094e-06,7.4997497e-06,5.5182556e-07,2.1446442e-05,1.961055e-06,1.244109e-06,3.6064034e-06,8.042661e-09,2.3820494e-06,2.4275346e-07,1.0734237e-05,1.4826535e-06,1.4377198e-05,1.2116302e-08,7.2883595e-05,4.074541e-06,2.156924e-05,6.292062e-06,6.1459673e-06,5.1378924e-05,0.0002334321,1.6056306e-06,1.8946927e-05,2.5916853e-08,2.802497e-05,4.2440266e-08,1.1052247e-06,1.5468496e-06,1.329899e-07,3.327365e-07,6.4709035e-05,2.7012336e-06,0.00021148895,2.6248932e-07,3.996616e-06,1.0969157e-08,1.5577774e-05,1.6143377e-07,1.1860349e-06
BC2026_Train_0052_S22_20220210_210000_035,7.2884696e-08,1.8191387e-05,2.0078582e-05,0.00014067999,1.1657863e-05,6.8041686e-08,2.3271446e-06,6.419139e-07,3.9069482e-07,0.00037347805,0.003820304,0.00023822715,7.801596e-07,2.8064446e-06,3.991919e-05,0.015507528,8.609159e-07,1.8559429e-06,0.12987582,8.24036e-05,1.338489e-05,0.3914924,7.0919064e-06,9.944818e-07,2.0930094e-05,3.5456733e-06,2.6527397e-05,2.4623532e-06,1.851391e-07,7.4719287e-06,5.2776875e-07,8.4123195e-07,1.677223e-06,1.3892593e-07,3.7514184e-07,9.617225e-07,5.850381e-07,5.362333e-07,6.298303e-08,3.34009e-06,6.671176e-07,2.7371e-07,1.9874497e-06,1.2501425e-06,3.6529497e-07,2.7292018e-07,5.413361e-07,1.3012036e-07,2.4858224e-07,2.986089e-07,8.0798173e-07,8.552637e-07,8.049407e-07,2.5351721e-07,5.044854e-06,6.126149e-07,1.8571897e-07,0.034779716,1.38267255e-08,3.2011123e-06,0.7045463,1.6212837e-07,0.0020891768,0.7997582,0.998727,9.796506e-06,0.000114038194,7.501041e-07,3.8556172e-07,5.178277e-06,1.4878965e-08,7.159257e-07,3.4814805e-06,1.1991909e-05,5.490864e-07,2.4435487e-05,1.3181049e-05,6.5503795e-05,2.7778342e-05,1.0016683e-05,3.2526972e-05,9.620546e-07,9.934051e-06,2.993984e-06,4.1695903e-06,5.1432257e-06,1.2852095e-06,8.4908925e-06,1.0323512e-05,9.96248e-05,0.00013793648,8.1026255e-06,7.943006e-06,0.00017710075,7.162287e-06,1.7984091e-06,2.3491327e-06,0.00032621552,3.291609e-05,0.0005765046,6.999371e-07,2.1488539e-07,1.06712e-05,0.000443408,2.7880755e-05,3.5836823e-05,1.3467286e-06,4.576066e-06,3.3860513e-05,1.515871e-05,0.00015826953,3.5004054e-05,9.592795e-07,8.257039e-06,1.5625477e-05,1.0594449e-05,1.0154927e-05,3.4078883e-05,2.048535e-07,0.00015659544,4.3077678e-05,7.8119156e-05,4.664703e-05,0.0007002201,4.8838197e-06,2.3184934e-05,1.3375704e-05,1.3310323e-05,4.762436e-07,0.00011797757,4.3759346e-06,4.5212695e-05,0.0010733984,2.782052e-05,1.0041291e-06,1.8347748e-08,6.349288e-05,1.392854e-05,1.2147748e-06,0.00019059987,6.6614703e-06,0.0013479416,8.159473e-06,7.3256424e-06,2.566948e-06,2.1397986e-07,1.1933544e-05,2.7719187e-07,2.3583539e-06,2.0547115e-05,5.608085e-05,4.3407094e-06,1.7956894e-06,2.472587e-06,1.6846077e-05,3.4173288e-06,2.7612421e-05,1.2133182e-06,0.00048176842,2.4063222e-05,7.4242074e-05,1.2471652e-05,5.312843e-06,5.746184e-06,6.373356e-06,0.0001369952,6.236593e-09,3.6056297e-06,3.2895396e-06,3.9663242e-05,0.00039512466,1.0730736e-05,2.1701318e-07,7.489172e-06,0.0006056141,6.8406503e-06,7.563019e-06,4.452737e-06,9.206008e-06,0.00017045326,3.61394e-06,3.5029777e-07,1.9713587e-05,3.705659e-06,5.3079157e-06,3.566829e-05,1.6242583e-06,1.1569988e-05,9.761271e-07,1.8059511e-07,3.3025353e-05,1.545748e-05,3.872154e-05,4.0125367e-05,5.678437e-06,5.1300976e-05,0.00011371091,9.038236e-06,5.0282255e-05,6.0741104e-06,1.9881865e-05,1.1873254e-05,4.2644427e-08,9.504161e-05,6.53353e-06,0.00010500466,6.9265814e-05,1.9590307e-05,1.2857458e-07,0.0017749438,6.6637425e-05,0.00016808139,8.831132e-06,2.2583316e-05,0.00021396606,0.0009347551,1.0873941e-05,1.5651667e-05,1.3320748e-06,6.787522e-05,3.527211e-07,2.441734e-05,5.507837e-06,2.072332e-06,2.3782271e-05,0.00047969786,9.949098e-06,0.00073820725,1.0331234e-05,1.8407098e-05,4.881473e-07,6.90738e-05,1.0925162e-06,1.5524105e-05
BC2026_Train_0052_S22_20220210_210000_040,1.929146e-08,5.4351904e-07,5.137055e-07,1.5935524e-05,6.896254e-07,1.0614003e-08,1.0079528e-07,1.06300945e-07,1.4301916e-06,0.000111995054,0.0007558942,2.1806303e-05,1.5618447e-07,9.556694e-08,5.734484e-07,0.015721217,1.9083161e-07,5.5539937e-07,0.21919787,6.200306e-05,6.133053e-07,0.91277474,1.7122192e-06,2.0093668e-07,1.3356557e-05,5.401217e-07,1.849647e-06,1.8074725e-07,5.768547e-08,6.3642665e-07,8.0674e-08,1.7365807e-07,9.1388995e-07,9.738675e-09,7.2755654e-08,1.6445568e-07,4.649395e-08,1.7782864e-07,7.221877e-09,7.917647e-07,4.284503e-07,8.4031484e-08,5.227211e-07,4.4469175e-07,5.6794704e-08,3.9222314e-08,4.7407076e-07,2.3129143e-08,9.812627e-08,1.034522e-07,1.4184053e-07,1.7814267e-07,1.571083e-07,7.7118685e-08,2.219271e-06,7.256814e-08,6.49467e-10,0.03874478,6.619558e-10,2.1623694e-06,0.5737072,1.1775036e-08,0.00020533652,0.89308643,0.9922157,2.1610972e-06,1.0187391e-05,6.121115e-08,8.628996e-08,2.0919093e-07,7.263038e-10,2.3247948e-07,6.027113e-07,8.548807e-08,1.1511287e-08,3.7052243e-07,2.2600032e-06,2.3762952e-06,3.617271e-06,7.5514345e-07,7.536617e-06,1.06775424e-07,7.946666e-07,2.9655226e-07,6.9818117e-07,1.2421812e-06,1.8678878e-07,7.0804055e-07,1.0330369e-06,5.3878175e-06,5.2099418e-05,1.2719067e-06,8.3171676e-07,1.7835848e-05,1.2328718e-06,3.6396904e-07,6.8532586e-08,6.75425e-05,4.578383e-07,2.1551927e-05,1.630233e-07,2.6319613e-08,7.0156045e-07,7.841785e-05,3.7642121e-06,4.0231134e-06,5.4381513e-07,9.9064486e-08,3.3950932e-06,4.2832385e-06,2.4334653e-05,9.131746e-06,1.5360374e-07,4.5039258e-07,1.8110336e-06,5.890842e-06,3.843707e-06,3.7284913e-06,1.036995e-08,2.6732267e-05,8.53736e-06,1.2642367e-05,3.6560273e-06,0.00013050098,7.405025e-08,3.6009872e-06,2.124541e-06,2.384479e-06,7.147211e-08,8.2348844e-05,2.3866102e-07,8.19254e-06,3.122254e-05,1.4864307e-06,5.8764115e-08,1.1547527e-08,5.120557e-05,8.5968037e-07,1.4436964e-07,2.532359e-05,1.1671328e-06,0.0001555549,1.9241063e-06,5.8726795e-07,8.4159964e-08,4.8713723e-08,2.1482524e-06,1.0475531e-08,2.1337749e-07,1.875107e-06,5.9307797e-07,3.360919e-07,1.11790676e-07,4.4790215e-07,1.8440252e-06,5.786365e-07,5.6081717e-07,1.5815353e-07,9.360457e-06,3.0891795e-06,7.4027e-07,5.6217567e-07,3.6625147e-07,2.1514447e-06,1.5344767e-06,1.9664225e-05,9.204662e-10,4.054958e-07,1.7873537e-06,3.6018664e-06,0.0004397283,3.179976e-07,1.1865261e-08,2.9673558e-07,3.7464953e-05,1.7625202e-06,4.093904e-07,5.482094e-07,4.764044e-06,8.5282714e-05,1.4017376e-06,5.577551e-08,8.910203e-07,5.1792324e-07,1.3917935e-07,2.0090004e-06,2.742644e-08,6.431842e-07,1.1024891e-07,6.3605235e-08,8.5183465e-06,6.1739735e-07,1.166255e-06,3.2716691e-06,2.9690062e-07,2.7583171e-06,1.5102048e-05,3.046874e-06,5.0973736e-06,7.934171e-07,8.89069e-06,1.8130157e-06,5.478564e-09,3.396729e-06,6.4045366e-07,1.1848867e-05,1.3038957e-06,3.3658813e-05,1.989397e-08,5.0010203e-05,7.186604e-06,1.6574566e-05,6.038291e-06,5.183564e-06,3.3659006e-05,0.00024716806,1.1441285e-06,9.5051445e-07,7.78348e-08,3.2362307e-06,5.250829e-08,2.362167e-06,6.971678e-07,8.927498e-08,4.974174e-07,4.5898563e-05,2.5521388e-06,0.00020890958,2.078074e-07,2.8150193e-06,2.6750971e-08,6.031217e-06,1.7193389e-07,1.5841119e-06
BC2026_Train_0052_S22_20220210_210000_045,2.6115676e-09,3.659355e-07,1.347638e-07,2.3570077e-05,2.8099123e-08,1.540509e-09,1.0097805e-08,3.136183e-09,3.03366e-07,0.00023841504,0.0021637287,3.2510109e-06,8.909378e-09,1.3013507e-08,9.7945275e-08,0.014938887,1.60514e-08,4.694171e-08,0.15277939,2.7693144e-05,2.7977885e-08,0.7984445,3.4215086e-07,7.214652e-08,1.7576156e-06,2.5284936e-07,5.57478e-07,9.607356e-08,2.3890939e-08,3.9726768e-07,1.4269229e-07,6.804234e-08,5.39631e-07,3.885951e-09,2.7530366e-08,6.276429e-08,1.48336845e-08,6.0682474e-08,4.2884696e-09,3.0224294e-07,2.6744803e-07,3.8501852e-08,3.6565712e-07,2.176059e-07,1.8800417e-08,1.6292764e-08,7.387588e-08,3.6736396e-09,1.5917712e-08,2.469883e-08,8.140589e-08,9.303956e-08,7.8204444e-08,5.973974e-08,2.4592998e-06,1.0738238e-08,1.2175464e-09,0.14093073,2.5640634e-11,5.610375e-07,0.37437397,3.9488307e-10,1.2359903e-05,0.7675814,0.8381931,6.953405e-07,3.5525813e-06,2.0183402e-09,2.2306414e-09,2.398271e-08,2.0091592e-10,1.9105846e-08,9.756267e-08,8.94708e-09,3.1236647e-09,5.9578266e-08,2.30447e-06,6.6483875e-07,6.4136805e-07,1.208372e-07,5.1825185e-07,2.6771184e-08,2.8272694e-07,1.2913023e-08,7.172694e-08,9.6583605e-08,1.0222448e-08,1.1337204e-07,2.6336997e-07,3.7038112e-06,7.612302e-07,1.5809486e-07,1.1777467e-07,4.5346433e-06,6.086689e-07,1.6959194e-07,9.957534e-09,5.8441823e-05,3.9578532e-07,3.1870152e-06,1.006631e-07,3.0724927e-09,5.2032927e-08,7.962308e-06,4.981123e-07,2.0370643e-07,2.534195e-08,7.783551e-09,8.6222155e-07,2.5402915e-06,6.282219e-07,2.1542584e-07,1.9011004e-08,1.14700775e-07,1.0857595e-06,1.5324558e-06,1.2982699e-06,6.7948304e-07,8.773677e-09,4.319231e-07,3.6985833e-07,4.9491514e-06,7.5631755e-07,2.4080486e-05,1.1104768e-08,1.9337203e-07,4.334883e-07,1.0424848e-07,4.785776e-09,2.0253912e-05,5.4428522e-08,1.1210108e-06,3.059062e-06,1.6540145e-07,1.530336e-08,5.1698906e-10,1.0260802e-05,3.977628e-07,1.2366144e-08,4.4140047e-06,8.40278e-08,1.172802e-06,1.0847179e-07,6.726065e-08,6.992734e-08,1.9757225e-09,4.932114e-07,1.024782e-09,3.119546e-08,3.411112e-07,1.582534e-07,1.3290008e-08,5.9211217e-08,2.4469909e-08,3.8386887e-07,3.0801638e-07,1.0248399e-07,1.7834815e-08,4.8699926e-06,2.2072808e-07,2.5703503e-07,7.338393e-08,6.825381e-08,2.8137367e-07,1.410514e-07,5.21606e-06,5.5933095e-11,9.586123e-08,2.0100607e-07,1.4458872e-06,3.535052e-05,3.5910954e-08,4.5764206e-09,2.1665455e-08,5.3192257e-06,3.7974846e-08,1.0943145e-07,5.9348e-09,1.6645089e-06,1.0228152e-05,2.8960005e-07,5.7333116e-09,2.0927785e-06,5.619731e-07,4.715529e-08,1.288407e-07,1.1533858e-08,1.3118118e-07,6.032035e-08,1.2458283e-08,1.0760544e-06,2.1874467e-07,4.256186e-08,2.0268057e-07,2.698548e-07,5.484934e-07,2.3016894e-06,4.025501e-07,5.990735e-06,6.039115e-08,1.1891959e-06,7.438943e-08,1.0726298e-09,1.4828769e-06,6.16429e-08,3.6671595e-06,9.336346e-08,6.23066e-06,1.3740625e-08,6.46239e-06,9.252032e-07,1.5382981e-06,8.286148e-07,1.0519991e-06,2.0643356e-05,1.9991532e-05,4.0124894e-07,5.1548056e-07,1.8062364e-08,2.7511294e-07,2.652466e-09,1.1533022e-06,3.866044e-08,1.043887e-08,6.343743e-08,5.7119973e-06,5.877543e-07,2.2922084e-05,9.254927e-09,3.8666968e-07,5.3427396e-09,4.6166687e-07,4.5064688e-08,8.2373384e-07
BC2026_Train_0052_S22_20220210_210000_050,2.0005002e-08,2.5105835e-06,9.199726e-07,4.459564e-05,3.7206908e-07,6.19836e-09,2.4522757e-07,1.0182774e-07,7.249403e-06,0.0001250782,0.0018324422,2.0755497e-05,2.2942376e-07,1.7140673e-07,4.4252863e-07,0.070936576,5.6390256e-08,4.483531e-07,0.13299519,4.1196483e-05,2.302082e-06,0.9148771,3.1279371e-06,4.6895227e-07,3.0992043e-05,8.9339767e-07,6.9541074e-06,1.5609706e-07,1.8407188e-07,3.1513258e-07,4.1409214e-07,2.6063293e-07,2.1069166e-06,3.277935e-08,1.928218e-07,2.6527817e-07,1.6039226e-07,3.5848655e-07,2.3611294e-08,2.4441817e-06,9.559006e-07,1.9030603e-07,2.0872892e-06,6.7577366e-07,1.3940691e-07,1.0820151e-07,7.516767e-07,3.4467117e-08,1.3452868e-07,1.80709e-07,6.7461394e-07,7.588078e-07,5.9682503e-07,2.7590377e-07,7.5346984e-06,4.2068088e-08,4.8264224e-09,0.09624219,7.8121776e-10,1.069879e-06,0.5550203,1.2351222e-08,7.2155744e-05,0.61228526,0.94976616,6.068402e-06,9.60231e-06,3.826728e-08,1.8852484e-08,2.0139099e-07,9.505384e-10,1.13671824e-07,1.4597339e-06,2.3353721e-07,1.122978e-07,9.493214e-07,3.5485555e-06,3.974817e-06,4.26366e-06,4.661965e-07,3.9939605e-06,2.358216e-07,4.293196e-06,4.132621e-07,2.4289893e-06,2.1846226e-06,3.781656e-07,1.4991251e-06,1.4234926e-06,1.5982463e-05,1.7735201e-05,1.8369376e-06,5.275967e-07,1.5635747e-05,1.5865264e-06,6.209023e-07,5.9590878e-08,9.157883e-05,2.3623518e-06,2.2631868e-05,6.9080886e-07,1.1280325e-07,6.8757447e-07,3.3242428e-05,1.9296156e-06,5.4814222e-06,4.6717204e-07,1.6587914e-07,2.8963314e-06,1.936023e-05,2.7359767e-05,1.0846553e-06,3.458959e-07,4.543486e-07,4.953921e-06,1.4213332e-05,4.2408165e-06,1.1274059e-05,5.444087e-08,1.5810521e-05,2.3837696e-05,4.4800323e-05,7.923252e-06,0.00022274762,5.068538e-08,3.233121e-06,1.4803957e-06,4.4684934e-06,9.976873e-08,6.2698e-05,5.373688e-07,3.9750635e-06,1.0242031e-05,7.4291697e-06,3.5650672e-07,1.6068432e-08,0.00011904947,2.501917e-06,1.7074825e-07,1.4380433e-05,2.4707907e-07,0.00013958428,2.0114103e-06,8.2085427e-07,3.179324e-07,1.3468632e-07,2.9428704e-06,6.978943e-08,1.09111305e-07,1.8479369e-06,2.695922e-06,2.5293474e-07,2.5004496e-07,6.6529924e-07,5.232601e-06,2.5221193e-06,4.271118e-07,5.4604874e-07,1.7549977e-05,8.2935014e-07,2.4803217e-06,1.3365477e-06,2.5620147e-07,6.900945e-06,4.9616756e-07,1.839357e-05,2.7738326e-10,1.1586843e-06,4.960279e-06,1.3280439e-05,0.0002507281,4.652585e-07,4.2521858e-08,2.2154828e-07,2.027962e-05,6.624578e-07,2.470503e-07,3.1244826e-07,1.39893755e-05,2.6881302e-05,4.41238e-06,7.345591e-08,3.0551846e-06,3.396447e-06,2.0099112e-07,4.226014e-07,8.3812026e-08,1.3663471e-06,2.7148852e-07,1.5671787e-07,4.8194747e-06,1.4693516e-06,1.7577598e-06,2.4408555e-06,9.850822e-07,4.836571e-06,6.1218493e-06,3.2826983e-06,8.094199e-06,8.858418e-07,1.4255823e-05,1.2287987e-06,2.0317787e-08,7.570611e-06,5.6898415e-07,4.071896e-05,2.1938383e-06,3.3926226e-05,3.223928e-08,2.7823915e-05,1.674916e-05,5.470747e-05,1.2556244e-06,1.3907715e-05,2.0895293e-05,7.195496e-05,1.3793372e-06,2.680192e-06,5.6675344e-07,4.7711505e-06,4.5364807e-08,4.9093255e-06,5.5757477e-07,4.6444237e-07,5.2179126e-07,7.010476e-05,1.1109481e-06,8.9562855e-05,1.8789042e-07,9.190149e-06,1.9670271e-07,6.434023e-06,5.902629e-07,3.4211928e-06
BC2026_Train_0052_S22_20220210_210000_055,4.8156846e-08,1.1160006e-05,3.4506966e-06,9.527562e-05,1.5893932e-06,2.7577771e-08,2.946685e-07,4.4007044e-07,1.7550965e-06,0.00015252642,0.0033836013,6.657531e-05,1.6263243e-07,1.6761963e-06,2.7697226e-06,0.0106413765,1.2721513e-07,3.4422626e-06,0.048330117,0.00015146149,6.726598e-06,0.8106651,4.5690845e-06,1.0813318e-06,3.5562764e-05,5.907095e-06,4.3053938e-06,7.087411e-07,2.0917498e-07,2.319746e-06,7.288586e-07,7.34971e-07,5.1371226e-06,6.029091e-08,4.7005778e-07,7.2828044e-07,4.5781997e-07,7.7525493e-07,4.8248513e-08,3.8887556e-06,2.0163038e-06,3.8440774e-07,2.1152716e-06,1.5818747e-06,2.9663397e-07,2.2850207e-07,1.0461713e-06,1.4515544e-07,3.76535e-07,3.8162295e-07,6.5985375e-07,7.292264e-07,5.1369966e-07,4.952811e-07,8.716918e-06,2.4404056e-07,1.6413034e-08,0.06516023,3.7539567e-09,9.28487e-07,0.38620502,6.896229e-08,0.00021573498,0.64002794,0.98657763,7.30541e-06,0.0001711162,2.9464093e-07,1.1328525e-07,6.309358e-07,1.7458386e-09,2.565472e-07,7.4109894e-06,3.2496234e-07,1.9621407e-07,6.578082e-06,1.47354685e-05,2.1962389e-05,1.091293e-05,2.680793e-06,2.0725434e-05,4.535581e-07,1.229814e-06,1.2502271e-06,7.3022334e-06,6.1557225e-06,2.5190159e-06,4.894161e-06,6.92837e-06,4.2049138e-05,7.768228e-05,7.859682e-06,4.434595e-06,9.0566406e-05,9.231621e-07,3.6244944e-07,2.4731926e-07,0.0005923669,2.2643524e-06,9.1846276e-05,8.851544e-07,1.7908602e-07,6.666535e-06,0.00015388752,4.1888006e-06,1.4835552e-05,1.4706314e-06,4.4862554e-07,1.8381628e-05,2.7001675e-05,0.00025096585,1.1217785e-05,1.962464e-06,8.693388e-07,6.1766577e-06,2.2877512e-05,1.7002278e-05,4.5340253e-06,7.119129e-08,6.524613e-05,1.10145365e-05,0.00010807728,2.8805262e-05,0.00025339107,8.2379904e-07,5.162012e-06,6.5889813e-06,7.7257155e-06,6.431271e-07,6.902883e-05,1.0923933e-06,1.7208498e-05,0.00018510161,1.3258026e-05,5.061152e-07,9.818951e-09,6.815418e-05,4.525135e-06,4.444043e-07,4.5618377e-05,5.2279074e-06,0.0026044596,8.681874e-06,2.173111e-06,1.12883534e-07,1.3104476e-07,2.6994441e-05,1.0658112e-07,6.3441234e-07,7.8588655e-06,6.455183e-06,1.8681103e-06,6.5489354e-07,2.6674322e-06,1.070161e-05,6.9104544e-06,9.627498e-06,3.89896e-06,2.8465445e-05,4.392626e-06,8.302164e-06,4.2448505e-06,3.9389306e-06,2.7012751e-05,7.2638595e-06,0.00012789277,4.8629683e-09,1.4198874e-06,4.0137243e-06,8.379419e-05,0.0003959198,7.6726207e-07,1.3463058e-07,9.2841526e-07,7.418475e-05,2.3579491e-06,2.0776909e-06,1.7652268e-06,2.4531593e-05,0.00028310926,1.0161795e-05,3.9925865e-07,5.4793472e-06,5.1432157e-06,8.61684e-07,6.3318334e-06,4.013813e-07,4.827014e-06,6.544103e-07,1.3752205e-07,3.557589e-05,1.979567e-06,8.168706e-06,5.6189065e-06,3.1514896e-06,2.2952117e-05,3.516824e-05,1.7108863e-05,8.515431e-06,4.128483e-06,2.2765125e-05,5.165518e-06,1.4775797e-08,2.8266944e-05,2.9033392e-06,3.863693e-05,2.6705222e-06,7.643548e-06,1.0813982e-07,0.0003650401,4.810269e-05,4.4960998e-05,4.076348e-05,1.9466983e-05,3.880512e-05,0.00024761504,1.504277e-05,3.281227e-06,1.7387781e-06,6.6554635e-06,6.7131765e-07,1.1255271e-05,1.4852532e-06,1.2240711e-06,6.851376e-07,0.00017992727,5.8135074e-06,0.00010478191,1.5047715e-06,1.1263333e-05,4.0193908e-07,1.41065175e-05,1.2161693e-06,3.4036566e-05
BC2026_Train_0057_S15_20250617_060000_000,9.585813e-06,5.6944886e-05,8.482236e-05,5.045604e-05,1.2241564e-06,6.4231145e-08,2.062577e-07,1.526429e-05,5.7803863e-06,3.3175884e-06,1.984953e-06,2.2780935e-06,3.755377e-07,2.1606716e-07,0.000110438545,4.358413e-06,1.0118154e-06,3.4042125e-07,6.650493e-07,4.1494757e-05,4.0020407e-07,3.5689152e-06,0.0004196663,3.2286657e-06,5.544523e-06,1.1903176e-07,0.0014383812,1.7929331e-07,8.705766e-07,1.7318194e-05,2.4364983e-05,2.9750793e-06,1.8650644e-05,9.884573e-05,1.1545849e-05,3.170069e-05,0.026070084,0.0049521714,9.627507e-06,0.000119437995,8.452958e-05,1.3840367e-05,2.3014145e-05,4.217388e-06,6.714011e-06,6.5845084e-06,8.4604086e-05,5.1907223e-06,2.5093983e-05,2.5485646e-05,1.630104e-05,2.0407704e-05,2.4597253e-05,9.105388e-06,0.00030400374,7.934435e-07,0.0012502327,0.00017479133,6.249012e-06,3.7984217e-05,3.3076924e-07,5.2418923e-08,0.00034597475,5.824928e-06,8.508741e-06,1.4045289e-06,1.3565937e-06,1.7268304e-07,3.2635178e-08,3.1217994e-07,1.8215447e-05,6.9351795e-06,2.415763e-05,0.00012798377,4.2365864e-05,1.2580812e-05,0.00043251042,0.00017312187,0.0018341681,0.0018855814,5.1878815e-06,1.7338683e-06,8.864782e-05,4.774487e-06,0.00028081913,8.709534e-05,3.3171367e-05,0.00016162067,0.00020205989,4.0895593e-05,0.0006900017,0.0005396542,1.0304607e-05,0.00011074458,0.009928166,4.529257e-05,8.804504e-05,0.0006454911,0.0005249418,0.0016516343,0.41241464,2.0973794e-05,0.0006125704,0.00016854874,0.0013427748,7.887142e-05,2.791244e-05,4.2467356e-05,1.0556519e-05,0.001075592,0.00013461652,9.460838e-05,7.018691e-05,0.20785452,6.293455e-06,0.00070529163,0.00013506577,3.8214534e-05,0.00013729872,0.00024909354,2.6056017e-05,0.00042642286,0.0018886736,0.0006366194,0.00075828476,0.00016368977,9.3660834e-05,7.308326e-05,3.1896285e-05,2.4394765e-05,0.0002946412,4.534205e-05,2.1455156e-05,0.0003625852,4.295449e-05,7.64524e-06,0.009991231,0.0013826585,9.462606e-06,0.00029094424,5.336192e-05,1.1869451e-05,1.4365438e-05,9.262564e-05,7.618049e-06,1.3926481e-05,0.00027138297,4.559316e-07,0.00017643599,0.00025818087,6.8323243e-06,0.00010475493,7.896963e-05,0.0035843293,0.002414044,0.00015447765,0.0011273947,0.000102647915,0.012919238,0.008045116,0.00021288185,0.0048712436,0.0031733299,0.00023735268,0.00041124783,0.00021987139,0.00031992685,0.00021112044,1.6089696e-05,0.0001625737,0.0008055373,1.874204e-05,0.004365436,0.0035687808,0.00063908054,3.8927657e-05,1.285009e-05,0.00096209487,9.886741e-05,0.0014707672,0.0009117993,0.03337866,0.0010254775,0.00034871412,0.000115465606,0.0008696412,0.0030931234,0.00034094413,3.0394616e-05,5.8521964e-05,6.7977824e-05,0.0016793725,0.010081012,3.171327e-05,0.0013526923,1.7064964e-05,0.0011928492,0.004116729,7.536498e-05,0.0015517747,0.011955988,2.3578845e-05,4.049288e-06,0.0004459698,0.0011359525,0.0002582163,0.0001427153,8.378149e-05,0.00016675689,0.0026569902,0.00038379963,0.00023042166,0.00028938262,0.00026021744,0.0033947418,0.54975075,0.0009307195,7.985866e-06,0.0002928888,1.643091e-05,0.00047372788,0.013828905,9.410829e-05,1.3044545e-05,0.001887935,0.043562945,0.0006471604,6.105541e-05,7.4052497e-07,0.0041621435,7.738579e-05,0.0002940166,3.1395713e-05,0.0008213796
BC2026_Train_0057_S15_20250617_060000_005,2.1487115e-10,8.409075e-06,2.0013246e-08,5.0134913e-06,5.044342e-11,1.6212327e-11,2.298126e-08,4.950471e-09,9.470968e-09,1.9225863e-07,1.0240149e-06,7.83817e-08,3.6936388e-11,5.1014963e-11,3.704469e-11,6.672345e-09,6.163743e-10,1.4382339e-09,6.6163343e-06,1.30667575e-08,1.176588e-11,4.464409e-06,1.6134113e-06,3.6972608e-07,4.4245343e-08,5.6142824e-10,1.5317016e-07,4.555503e-12,1.1657908e-09,9.111947e-09,8.340061e-08,1.9967722e-08,0.00314384,7.977897e-07,1.628884e-07,6.0533694e-08,0.99580175,0.015066272,1.1872057e-07,0.00064154266,5.887254e-05,1.08205434e-07,4.6502727e-08,1.364855e-08,4.2430918e-07,4.2758495e-07,5.2588093e-05,3.8027058e-05,1.5800151e-05,4.5368786e-05,6.528981e-08,1.6788709e-08,2.1987214e-08,1.6460491e-07,0.00024896747,4.6545903e-10,6.054986e-05,1.8452127e-05,9.777439e-10,5.1556115e-10,2.5324566e-06,6.693216e-11,2.0050688e-08,2.5810527e-07,3.5846838e-07,3.3343443e-07,2.110121e-09,2.9539574e-10,1.543657e-08,7.8786777e-10,3.9834793e-09,3.306326e-10,7.066379e-05,2.9304235e-09,8.385635e-06,9.556512e-08,0.00012877004,1.9647876e-05,2.960566e-07,1.6919291e-06,1.1390535e-07,3.2913597e-06,1.748434e-06,4.491047e-09,3.641569e-06,2.105551e-08,6.05689e-06,5.073213e-06,1.63304e-06,1.1830722e-05,1.0492407e-06,1.6422277e-06,4.0091552e-05,0.005320375,1.6245851e-06,3.5508222e-08,7.867497e-08,0.9995333,7.7539323e-07,4.6581434e-07,0.89171565,8.69543e-06,7.5162785e-07,1.3855905e-06,1.0622975e-06,5.1445844e-05,4.283681e-08,1.2016068e-09,3.09429e-07,1.5765789e-05,2.2842719e-06,6.355421e-06,2.3535668e-08,6.1485975e-05,1.296901e-07,0.00025431372,3.5993482e-05,4.6012765e-06,3.1587766e-05,5.811955e-06,1.550431e-06,7.163448e-06,7.739269e-06,0.00013235914,1.8983182e-07,1.5188968e-05,8.32214e-06,3.180698e-05,1.1809273e-07,2.2702575e-06,2.0074566e-08,1.1544053e-07,5.7066825e-07,2.8774293e-05,2.0967277e-06,3.2840738e-08,0.00023230886,4.1853864e-06,1.0012135e-08,1.2313561e-06,1.2823674e-07,0.086616054,2.6194561e-08,3.4001365e-05,3.2748037e-08,3.2882217e-09,1.2485542e-06,6.938567e-08,0.033410184,3.807101e-08,1.0264738e-06,2.8954557e-06,6.8943606e-08,2.878079e-06,0.000875107,5.874416e-07,1.3831461e-05,2.1156256e-07,1.2306974e-05,9.695696e-07,0.20383862,8.962172e-05,2.3775821e-07,0.0001281562,4.406329e-06,1.2115048e-07,1.031941e-06,3.685341e-07,1.5476694e-08,2.5921709e-05,0.0011244831,4.4783783e-06,1.703941e-07,2.1439298e-06,0.0010227048,2.3467735e-05,6.6719785e-08,1.4764586e-05,8.905031e-06,1.6967208e-05,1.8627145e-05,1.1788753e-06,1.4856904e-05,3.7699163e-05,0.00016150776,0.00017465389,7.1373336e-08,5.445113e-06,5.1412483e-09,1.2494209e-07,2.630795e-06,7.5491407e-06,1.9598716e-05,7.837632e-08,2.1456444e-05,1.709281e-07,2.7709179e-05,2.2889638e-07,2.0661631e-05,8.024528e-07,7.4515447e-07,2.2345957e-06,1.7988815e-09,2.6783837e-05,2.6343303e-06,7.743584e-05,8.48147e-08,6.808952e-07,4.6326877e-06,3.4793747e-08,0.00027182864,6.121848e-05,1.2081042e-05,7.625957e-06,9.22685e-07,0.0024930087,3.9993006e-06,1.588881e-06,1.0289065e-06,2.8780462e-07,1.6678521e-07,1.32052055e-05,3.0324776e-09,2.617274e-05,6.146204e-07,0.998816,4.495374e-06,5.8647547e-06,2.1921844e-08,6.534932e-06,3.5905418e-07,6.9702466e-05,3.8524263e-08,9.623917e-06
BC2026_Train_0057_S15_20250617_060000_010,3.4121888e-07,0.00059979304,1.0273766e-05,0.00019224088,9.055257e-09,1.8107301e-09,4.3446708e-08,3.608123e-07,6.914278e-07,2.6973825e-07,1.8617823e-06,2.9971702e-07,3.1344626e-08,2.9855547e-09,7.123543e-08,3.9191366e-07,1.2044964e-08,1.1254792e-07,1.6035708e-06,1.10116524e-07,5.72883e-09,2.8427041e-06,3.9593822e-05,6.3049342e-06,1.542373e-05,2.733437e-08,1.6776048e-05,2.6875897e-09,3.6510548e-07,2.8718225e-07,1.994277e-06,1.8509546e-06,0.00017730315,8.8737885e-05,2.9019555e-05,3.286788e-05,0.99900573,0.34125763,2.0425941e-06,0.0013543229,0.00012455012,1.8769322e-06,1.805726e-05,4.8149773e-06,8.4357025e-06,8.958318e-06,0.0012271788,0.00014514304,9.3417766e-05,0.0001516813,1.654483e-05,9.3840345e-06,1.1461639e-05,1.9304935e-06,0.001895376,5.037713e-09,0.0038304126,0.00014974827,3.1209265e-08,5.4788792e-08,1.3799793e-06,2.552393e-10,2.8953868e-06,8.322476e-07,3.1432237e-06,4.199244e-06,5.768877e-08,8.0714166e-08,1.20556525e-08,3.6723786e-09,8.5197564e-07,2.5405399e-08,0.00013743665,0.00010635399,0.00014510845,8.641766e-07,2.5960919e-05,0.00026957167,1.4671349e-06,7.560028e-05,8.587429e-07,8.63637e-07,3.9423885e-06,1.3436775e-07,1.01852065e-05,3.7027866e-07,2.2862767e-05,7.1026174e-05,3.0597128e-06,9.044609e-05,1.5131009e-05,0.00012308,1.6959032e-06,0.14263433,0.0003059947,2.8361862e-06,3.61688e-08,0.091561474,2.1179634e-05,2.4766464e-06,0.99133193,2.0915134e-06,0.0001335017,2.0389924e-05,2.1758753e-05,0.00014817448,5.1024613e-06,1.0099683e-06,1.1185803e-06,0.00033807094,0.00013468676,3.868526e-06,7.2858725e-06,0.001730596,6.401124e-07,0.0083361175,9.154435e-05,6.750142e-05,3.5536184e-05,6.3366956e-06,3.8074013e-05,0.00043341742,0.000883982,0.00014722765,3.1198842e-06,3.119281e-05,0.0002826904,0.00016704622,2.1286683e-06,2.9274918e-06,1.7585293e-05,2.5699092e-07,3.8911744e-06,9.109467e-05,6.771749e-06,1.6082803e-06,0.024938561,5.740325e-05,1.0356694e-05,2.4991816e-05,3.950153e-07,0.0009286171,1.0407148e-05,4.179101e-05,2.0505478e-05,4.701285e-08,2.5023104e-05,2.3459167e-08,0.029946305,9.849094e-07,3.274063e-06,0.00014839182,1.687493e-06,8.378708e-05,0.0012552273,8.5246365e-06,8.263763e-05,1.3463881e-05,0.0006385941,4.0378058e-05,0.014469582,7.059025e-05,1.857345e-05,4.6647743e-05,2.0819827e-05,2.1008652e-06,7.0585206e-06,1.8963448e-05,1.1913318e-07,6.834344e-05,0.00011988254,1.4383202e-05,0.0007289751,1.8908046e-05,0.00015404768,1.567606e-05,8.9529624e-07,0.0002399377,1.8628158e-05,0.004595172,0.00020107588,4.701435e-05,1.2423528e-05,4.9988317e-05,5.0798528e-05,4.8556336e-05,5.5924374e-07,9.971975e-05,1.3559215e-08,2.1981336e-06,0.0002699626,2.5258398e-05,0.00023282443,4.081243e-07,0.00022369325,6.190553e-07,0.00012808158,2.8818671e-05,0.00031371872,6.151659e-05,0.00037100536,1.08768056e-07,2.2097063e-06,0.00013282112,0.00023684811,8.3851985e-05,1.7307148e-05,2.9107223e-05,3.8285372e-05,4.0783436e-07,3.7977774e-05,5.4224536e-05,2.7685986e-05,1.897412e-05,0.0001222184,0.2541307,0.001047249,4.581788e-05,0.00014336701,5.911175e-07,4.794582e-06,0.0006854417,2.5950785e-08,4.445736e-06,2.0122689e-05,0.98274565,0.0003836786,0.00016792824,1.0685403e-08,1.9440618e-05,9.5166415e-06,0.0002364456,1.9035194e-07,0.00017255824
BC2026_Train_0057_S15_20250617_060000_015,3.551541e-07,0.00019431577,2.7738067e-06,3.229827e-05,1.7010926e-08,6.8807213e-09,4.473114e-07,3.482666e-06,9.4484693e-07,4.1783196e-06,1.5992007e-05,7.8053614e-07,8.42941e-08,6.5630386e-09,6.619803e-07,3.0239823e-06,8.321768e-09,3.209217e-07,9.3703994e-07,2.62734e-07,8.184177e-09,1.3166739e-05,3.05977e-05,8.427115e-06,1.1521496e-05,6.6730095e-08,5.296637e-05,2.219933e-09,1.8144045e-06,1.1016836e-06,7.913699e-07,2.2443198e-06,3.9313403e-05,0.00011091049,1.1479666e-05,1.8322175e-05,0.95835394,0.033751596,1.0363652e-06,0.00015216645,5.810961e-05,1.3812064e-06,2.3559262e-06,2.9356697e-06,4.241464e-06,3.30198e-06,4.563639e-05,4.3215186e-05,1.2045917e-05,1.6455828e-05,1.0370159e-06,5.3747846e-07,4.8101583e-07,4.127491e-06,0.00010175726,1.8257197e-08,0.0025301557,4.384462e-05,1.5968189e-08,4.929584e-07,1.6760031e-06,4.1397993e-10,1.2561119e-06,2.3149505e-06,1.5712148e-07,3.0561336e-05,1.9357628e-07,5.9952626e-08,1.11210944e-07,4.688735e-10,3.1490686e-06,1.8736376e-08,3.993564e-05,0.00010274251,0.0021218704,2.5116226e-05,3.6984235e-05,0.0008457207,1.969382e-05,4.4825454e-05,8.224699e-06,6.1840838e-06,6.420477e-06,3.8699804e-07,5.260149e-06,3.6187375e-06,4.6864934e-05,9.799984e-05,2.2766168e-05,8.901549e-06,4.219342e-05,0.00040605932,6.694611e-07,0.012123555,4.2823525e-05,3.8573194e-06,2.329687e-06,0.021013046,2.807684e-05,2.8046602e-06,0.9611867,5.5291713e-07,0.0007805096,0.0006536153,0.00013313319,0.0015383156,1.3191336e-05,2.0850638e-07,1.9225296e-05,0.00085970183,0.00046292183,4.5574393e-06,1.8076007e-05,0.0022136886,1.8692169e-06,0.0011231295,0.0001100692,0.00024365808,3.4228117e-06,0.00018421686,5.436412e-05,0.0014911763,0.00017893086,0.00034382963,1.8007322e-05,0.00018238486,8.200022e-05,0.00034502745,2.7436792e-05,0.00014665906,8.482349e-05,1.1542792e-06,1.2286979e-06,0.0031211877,3.6860197e-06,8.329257e-07,0.35718018,0.00014309263,2.0005604e-05,4.7690242e-05,9.033471e-07,0.0008526089,1.9085586e-05,0.00013686816,2.1432292e-05,2.975517e-07,0.0003119864,8.792842e-09,0.001966758,1.4829546e-06,1.8601459e-06,0.0007634574,3.4784575e-06,2.3025099e-05,0.023361895,2.279028e-06,7.421192e-05,8.534007e-06,0.0025626107,4.065009e-05,0.0011177463,0.0002529995,7.4244235e-06,0.00018598318,7.935281e-05,3.3722697e-06,4.3460925e-05,8.334736e-05,1.4863245e-06,0.00030426384,0.00073251664,1.0290642e-05,0.00013308367,0.0004252221,0.0003063707,6.5899617e-06,2.4179858e-06,0.00014736163,2.0814168e-05,0.0011624099,0.00011245146,0.00045287242,3.3560736e-05,5.9321184e-05,7.281391e-05,5.032682e-05,3.9401934e-06,7.672506e-05,2.191616e-08,1.26455625e-05,0.00010978649,3.702503e-05,7.732371e-06,2.0507241e-05,0.0002460322,4.1261333e-06,0.0008362318,2.637489e-05,0.00010878388,5.9560385e-05,0.0005104824,8.241739e-07,2.555797e-06,0.00014491433,0.000606473,6.610779e-05,3.6298024e-05,8.651977e-05,4.9184084e-05,1.858846e-05,0.00010344424,6.345057e-05,6.032055e-05,0.00018041137,0.00020229198,0.05081497,0.0040588365,6.7409633e-06,0.00057795894,6.392808e-07,0.00022670419,0.0059367795,1.1435662e-07,1.1752176e-05,3.1818843e-05,0.9455262,9.762152e-05,9.0098925e-05,6.159612e-07,3.9598013e-05,1.0312434e-06,0.0001949168,3.6213576e-06,0.0004453691
BC2026_Train_0057_S15_20250617_060000_020,1.2820327e-06,0.0002773336,1.1216042e-06,0.00011442695,8.695066e-08,1.9325048e-08,7.003905e-07,3.5072371e-06,1.0674467e-05,4.833338e-06,6.3012076e-06,1.8488944e-07,1.1228618e-06,3.310614e-08,1.4291676e-06,3.1353168e-06,1.0065154e-08,1.36946965e-05,6.041119e-06,1.8578748e-06,7.540958e-08,3.566387e-06,6.457035e-05,1.277659e-05,1.3374861e-05,1.3026686e-07,2.3466146e-05,6.630998e-09,2.6441437e-06,9.23672e-07,7.0549063e-06,1.304432e-05,0.00018835712,0.00034677752,4.574881e-05,0.00014639429,0.9968258,0.36435854,7.4649915e-06,0.0005313838,0.00019139645,8.92891e-06,1.051411e-05,2.2152019e-05,2.9404546e-05,2.1548887e-05,0.0006890417,0.00024691227,0.000119544195,0.00011679209,1.0664811e-05,7.484502e-06,8.073462e-06,8.962129e-06,0.0007206014,1.5014695e-08,0.0005747232,0.00024526843,2.1690802e-08,2.1941602e-05,8.591986e-06,2.6187452e-09,6.577994e-06,4.768376e-06,1.3629568e-06,2.4418412e-05,3.6403813e-07,3.7265502e-07,1.2470818e-07,6.557483e-09,4.35954e-06,1.6001849e-08,0.0003897937,0.00410918,0.0005411029,1.0968918e-05,4.410924e-05,0.001377139,1.3901575e-05,5.2152907e-05,1.6182488e-05,3.5882927e-06,1.3776106e-05,3.5143245e-07,1.8558296e-05,4.799285e-06,0.00034881404,0.00016226381,5.2610012e-05,0.00026893886,5.153236e-05,0.0004722659,6.992806e-07,0.008285817,0.00045699827,2.0426882e-05,3.0549136e-06,0.029729592,9.400524e-05,1.4303811e-06,0.99944526,2.213659e-06,0.004105585,0.00020033431,0.00014249489,0.000469377,7.80729e-05,1.1605322e-06,6.8848394e-06,0.0012304456,0.00041253,8.027283e-06,5.475747e-05,0.002519898,3.2529548e-05,0.008659355,0.00046731398,0.00036908436,4.949896e-05,0.00011725318,0.00074681285,0.009169276,0.00042911622,0.0024603666,2.8268614e-05,0.00047846755,0.00048171336,0.0011639834,5.768448e-05,0.0001047974,3.4541237e-05,1.7216983e-06,1.9571503e-06,0.0049083694,9.963303e-06,1.729599e-06,0.33866954,0.0007004514,0.00026421895,0.0002889261,1.7468191e-06,0.0014218816,4.2685147e-05,0.00025487345,0.00014485505,6.3361125e-07,0.0005321778,2.9232845e-08,0.010435937,2.3787077e-06,5.7779835e-06,0.0033693174,9.0930225e-06,4.4095275e-05,0.017842421,1.4489999e-05,0.00027924206,1.1333175e-05,0.0023225362,0.00011920656,0.007734963,0.00018313699,4.8270318e-05,0.00041276915,0.00020442056,8.751277e-06,0.00014206386,0.00036271935,4.4592216e-06,0.00057110284,0.0005954502,5.1169445e-05,0.0010870586,0.0005311896,0.00049011497,7.534421e-05,2.3504039e-05,0.0016718593,2.6735988e-05,0.011459016,0.00026261338,0.0009212045,0.000121986246,1.8926412e-05,0.0002501796,9.183481e-05,8.675931e-06,0.00031984207,8.095221e-08,0.00015879315,0.0013169459,0.00021859066,0.00018282502,1.3640161e-05,0.00034845938,2.3962828e-05,0.00036405222,1.8142893e-05,0.0011063031,0.00043082723,0.0015549221,1.0972169e-06,7.786546e-06,0.0003270083,0.0053217225,0.0001821829,0.000107496664,0.00014333312,0.00025940395,1.2090077e-05,0.00023533207,4.2767693e-05,0.00066387956,0.00023228384,0.000279921,0.2784572,0.027364392,0.00010337048,0.0003010523,3.3197562e-06,0.00020817091,0.0044339104,1.0436601e-06,2.9793026e-05,2.4950712e-05,0.9697093,0.00260945,0.00011283267,2.0175142e-07,0.0002696359,8.066281e-06,0.00045697388,2.7474562e-06,0.0010601095
BC2026_Train_0057_S15_20250617_060000_025,7.800636e-07,0.00016880238,1.9800996e-06,5.324455e-05,3.9752308e-08,1.5106638e-09,2.2149142e-07,9.185375e-07,7.7427893e-07,9.793358e-06,2.9728135e-06,8.999179e-07,2.9711325e-08,2.2273297e-09,6.9925875e-08,1.2347859e-07,2.5444873e-08,1.7197848e-07,3.3050767e-06,1.93628e-07,1.4187882e-09,1.137747e-06,1.0500702e-05,5.358624e-06,8.684673e-06,1.135108e-08,1.6627491e-05,1.5704703e-09,2.698399e-07,4.4454842e-07,3.1702968e-06,2.9966723e-06,0.00025891175,0.00020612292,1.2416693e-05,3.856353e-05,0.99854773,0.41792428,6.985787e-06,0.001430062,0.000288211,4.047782e-06,3.8751687e-06,3.9094e-06,8.171356e-06,9.008753e-06,0.00077882933,6.890439e-05,0.000116760915,0.00023701575,5.8451833e-06,2.7623262e-06,4.358966e-06,2.9395665e-06,0.0017423176,8.336558e-09,0.0038039105,4.9992654e-05,1.057299e-07,1.5541585e-07,3.9178354e-07,6.5156386e-10,3.1597762e-07,1.2750364e-06,1.15202106e-07,5.831236e-06,4.1449706e-08,3.022518e-08,1.4688722e-07,2.0603637e-09,7.387742e-07,2.5887494e-09,3.6290687e-05,1.3206918e-05,0.0010222879,1.9838762e-06,7.884569e-06,0.00084605766,7.632614e-06,2.1773138e-05,2.1197122e-06,1.0474561e-06,4.2705046e-06,1.3006242e-07,1.7484741e-05,2.3401721e-07,2.5883397e-05,0.00019956048,2.3474988e-05,4.7910184e-05,2.3678667e-05,0.000749012,2.2952813e-07,0.0019722981,0.00010173039,3.0266542e-06,2.812106e-07,0.49318007,1.7655837e-05,5.355661e-06,0.9798064,2.0698137e-06,0.00018922944,0.00014852715,0.00010473346,0.00022868562,2.1621076e-05,4.1706537e-07,1.2482626e-06,0.00036557694,0.00017563635,2.6517764e-05,1.5632899e-05,0.0019552954,1.7224669e-06,0.013692845,6.8328256e-05,0.00031727456,6.8521604e-06,1.6540522e-05,2.4010638e-05,0.0008688618,0.0028447122,0.000425136,9.006134e-06,0.00012267001,6.265813e-05,0.0002966905,5.602656e-06,0.00014625644,2.3295284e-05,3.0168255e-07,1.6691521e-06,0.0004667117,1.393836e-05,3.2306925e-06,0.069693856,0.00017772784,4.2138827e-06,0.00023873648,1.5453926e-07,0.002529797,4.385e-06,0.00013799041,7.1748174e-05,5.7708434e-09,8.149601e-05,2.3504944e-07,0.00565663,2.7153516e-07,1.5064629e-06,0.00030046733,1.5579278e-06,6.0280185e-05,0.009737342,9.340019e-06,2.3051025e-05,8.2963334e-07,0.0006113546,0.00014754638,0.004728315,0.00016709193,7.074438e-06,0.00011252353,5.7339676e-05,8.1428544e-07,0.00041341953,1.6025548e-05,2.0562567e-07,7.106818e-05,0.00024689225,5.7136353e-05,0.0050230655,0.00010443418,0.0020329887,5.9388394e-06,9.667534e-07,0.0005070442,1.3665734e-05,0.0024023422,6.515008e-05,1.7608316e-05,1.958123e-05,1.4789192e-05,0.00015568532,1.18834605e-05,9.17444e-07,2.4676243e-05,5.969085e-09,2.2441984e-05,5.92439e-05,0.0001085318,0.000618337,1.0077304e-05,8.250204e-05,2.4343021e-06,0.00043594564,1.5985877e-05,0.0001296124,0.0002187241,6.5329e-05,4.6560868e-07,1.2323885e-05,1.7784758e-05,0.00077993,0.00016405822,1.2870374e-05,2.4030636e-05,0.00015704628,1.0171822e-06,0.00063113816,4.3376374e-05,7.79292e-05,8.5860855e-05,0.00030176152,0.8932677,0.00017693079,1.331384e-05,0.00036918852,2.136051e-07,8.0789e-06,0.00023073451,9.772377e-08,0.00011760859,1.9034998e-05,0.99663335,0.00015317749,5.9648028e-05,5.7701968e-08,1.886203e-05,1.3447932e-06,0.00012515741,9.483192e-08,0.00018751506
BC2026_Train_0057_S15_20250617_060000_030,4.1982958e-08,3.3032535e-05,2.2552535e-06,1.8548739e-05,3.6855357e-09,2.3267482e-10,6.149725e-09,1.3245924e-08,1.4071393e-06,3.2381124e-07,4.0187615e-08,2.791978e-08,1.5379673e-08,5.8615396e-10,3.2553366e-08,2.0450997e-07,2.595607e-09,1.06169836e-07,1.7029727e-06,4.7639013e-09,1.6179753e-09,5.8743314e-07,5.2177365e-06,5.316561e-07,2.11167e-06,5.4942295e-09,1.0543755e-06,4.6435123e-11,1.5587371e-08,1.4295157e-08,1.6104045e-06,6.1227325e-07,3.681238e-05,1.2099213e-05,4.669695e-06,5.468661e-06,0.9986021,0.6192412,4.1557365e-07,0.0002025925,6.4293425e-05,1.4830821e-06,3.0497583e-06,8.607879e-07,3.7796724e-06,3.0315275e-06,0.0015317475,2.2296776e-05,9.343069e-05,0.00015777198,8.352298e-06,5.455951e-06,8.307605e-06,2.5625673e-07,0.0006116562,4.247926e-10,6.202878e-05,0.00031115528,2.479487e-09,1.5915546e-07,5.295142e-07,4.1605053e-11,9.165608e-07,2.0386883e-06,4.641541e-06,5.044085e-07,3.885195e-09,2.7952922e-08,4.2333124e-09,3.5567227e-10,2.9277597e-08,4.16912e-09,7.5193657e-06,4.6304478e-05,8.4037365e-06,3.4089418e-08,6.0156267e-06,9.5590585e-05,6.632891e-07,4.402267e-06,2.5998378e-07,2.5230307e-07,1.4502068e-07,1.8984698e-08,1.843213e-05,8.897117e-09,3.5523715e-06,8.584894e-06,1.5766606e-06,2.794187e-05,1.4413413e-05,4.6167926e-05,2.9240383e-07,0.00016670505,1.8656283e-05,7.734877e-07,3.841433e-09,0.027735181,2.971603e-06,1.1295239e-06,0.9962308,4.1464245e-06,9.775769e-06,1.9815732e-06,7.426909e-06,4.351164e-05,9.963082e-06,2.5553996e-07,2.6180106e-07,3.5014567e-05,0.0010566259,2.0656353e-06,4.902977e-06,0.0006054063,7.6390495e-07,0.0038500198,9.246756e-06,1.8665945e-05,1.3143642e-06,1.955891e-05,1.5923266e-05,0.0015495281,0.012875511,0.0001455093,5.1379084e-07,6.619977e-05,4.980897e-05,0.00015853035,4.1070666e-07,9.165607e-06,3.841809e-06,5.8047976e-07,1.718434e-07,6.0529368e-05,5.603868e-07,9.522633e-06,0.037908178,2.4976827e-05,4.6439145e-06,1.2925542e-05,2.1245523e-07,0.0023735769,1.4230678e-05,2.0273916e-05,2.055511e-06,1.9533948e-08,4.1023515e-05,2.3053081e-08,0.0021036002,7.365547e-07,3.7065106e-06,0.0003016991,1.2645447e-06,3.4853406e-06,0.00038514845,2.2615213e-05,6.5094487e-06,2.051011e-06,9.320057e-05,5.9890554e-06,0.0021365413,1.596668e-05,3.940182e-06,3.3730769e-06,2.5359117e-05,1.6810646e-06,4.0897003e-06,7.4871576e-05,8.00292e-09,7.624757e-06,1.9368135e-05,4.0859028e-05,0.003072053,3.0359454e-06,0.00021810227,1.4605328e-05,1.7926968e-06,0.00030536405,9.9418985e-06,0.0011303148,0.00013252143,2.2147264e-05,6.258292e-06,4.87715e-06,1.02840095e-05,8.347996e-05,1.5115214e-06,1.17730615e-05,9.706686e-09,1.8997739e-06,0.0019660064,5.3301603e-05,0.00012080793,4.6291936e-07,4.450625e-05,6.972981e-07,0.00070681365,1.2430366e-05,2.5211495e-05,5.4413187e-05,0.00016867445,4.5364501e-07,8.4314e-06,8.662009e-06,0.0002087469,4.8410966e-05,1.1755863e-05,2.8508598e-06,1.3554384e-05,1.331126e-07,0.00017015528,2.979939e-05,1.6255726e-05,7.27414e-06,1.13214755e-05,0.9385876,0.000102718914,7.1118525e-06,5.091483e-05,1.335076e-07,5.724725e-08,8.437809e-05,4.6029825e-08,1.2896728e-05,8.258346e-06,0.97317624,0.00026585715,6.6767374e-05,4.5015267e-09,1.6648419e-05,2.9264086e-06,9.40463e-05,2.9261296e-08,4.6993417e-05
BC2026_Train_0057_S15_20250617_060000_035,2.2706013e-09,1.2557741e-06,4.1600426e-08,1.0219397e-06,1.8502996e-10,3.8307226e-12,2.3525815e-10,8.381435e-10,5.157987e-08,2.1776154e-08,9.731623e-08,2.0098887e-09,5.625892e-10,4.6801794e-12,3.585282e-10,3.1850135e-08,1.7800938e-11,7.5464355e-09,5.903373e-08,3.0679703e-10,5.489185e-11,3.6870773e-08,1.0053365e-06,3.3295038e-08,5.2074135e-08,5.2999733e-11,2.5996619e-07,6.630247e-14,4.38846e-09,1.7361611e-10,1.3129255e-07,5.6792754e-08,5.7584562e-05,2.9087516e-06,1.5032208e-07,1.0183819e-06,0.99951506,0.24736144,3.599352e-08,0.00010553126,6.0965644e-06,8.26727e-08,7.606933e-08,1.0036957e-07,2.271058e-07,1.9407742e-07,3.3706965e-05,5.1138754e-06,5.123697e-06,2.7928493e-06,2.0623979e-07,1.11541056e-07,1.3245271e-07,4.7864177e-08,0.00010813274,8.639168e-13,6.6185116e-06,5.8326128e-05,7.2661903e-12,2.3092106e-09,1.4922512e-07,1.6912703e-12,1.0129328e-07,1.4192632e-07,1.2927115e-06,2.4365258e-08,2.680476e-11,2.5406002e-10,8.2268324e-11,8.706039e-11,6.535915e-10,3.9265372e-11,7.564683e-07,1.5165908e-06,2.8944344e-06,6.8508776e-09,4.5570124e-07,7.2723437e-06,1.5096742e-07,2.8722033e-07,2.0860602e-07,6.448705e-09,1.6722782e-07,7.578382e-10,6.050044e-06,5.8595084e-09,8.1179104e-07,6.971106e-07,3.1347292e-07,1.4050904e-06,3.1895784e-06,3.9558907e-07,3.9008935e-08,6.793084e-05,1.1306653e-06,4.06649e-08,1.3410238e-09,0.024878204,2.0255244e-07,1.723582e-08,0.9996598,3.4645714e-07,7.555079e-07,2.724487e-07,6.627624e-07,3.226139e-06,1.4379598e-06,1.3397788e-09,3.2917236e-09,1.9844661e-05,1.3379416e-05,3.4894768e-08,4.9526744e-08,3.4590124e-05,5.553612e-07,0.0003415481,3.9925094e-06,5.4119696e-06,3.154055e-08,1.8707007e-06,3.1778131e-06,1.3728695e-05,1.8333274e-05,7.553838e-05,1.7844341e-08,7.994394e-06,8.83371e-06,7.6663775e-05,4.91133e-08,7.8469344e-07,9.7039695e-08,8.270124e-08,5.964828e-09,7.750067e-06,8.965209e-08,2.0984906e-08,0.001152654,9.442929e-07,7.294713e-08,2.7870037e-06,1.0405316e-08,0.0003251062,2.501561e-07,2.1423702e-06,2.207921e-07,9.490425e-09,2.6696625e-05,1.4712787e-10,0.0006612936,7.2758986e-08,3.838121e-07,3.4758763e-05,4.8185136e-08,1.01475834e-07,8.577067e-05,5.087337e-07,1.8790368e-07,7.71753e-09,3.239198e-06,6.7359883e-07,0.0005078333,8.484093e-06,4.050891e-08,5.087628e-07,7.66514e-06,6.538811e-09,2.3406114e-08,1.6789316e-05,4.6563238e-09,5.6500235e-06,5.5030832e-05,4.8066363e-06,9.777364e-06,1.4637614e-06,3.3882476e-05,3.0524673e-06,7.167606e-08,4.0236755e-05,2.031306e-06,0.00013148476,2.5629313e-06,5.965638e-06,7.175019e-07,1.1285969e-06,4.132517e-06,7.5137955e-06,1.0719332e-07,2.2926613e-06,2.7877395e-10,3.0183534e-07,1.627479e-05,3.8025655e-06,2.863366e-06,2.0229814e-08,9.648322e-07,8.3073715e-08,3.9297964e-05,1.1662043e-07,2.9776722e-05,1.291545e-05,1.0975866e-05,5.545589e-07,6.1601526e-08,3.5479463e-06,6.1901496e-06,3.0404357e-05,2.3217312e-06,1.844138e-07,9.4574654e-07,6.216549e-08,2.4196712e-05,5.248205e-07,1.0631371e-05,3.6033884e-06,9.049621e-07,0.22371048,8.984711e-05,4.487355e-07,3.1270523e-07,8.791136e-08,2.2533237e-08,2.5749807e-05,4.0631547e-09,1.7447447e-07,7.729009e-08,0.9998723,9.0592914e-07,4.181369e-06,4.158161e-09,2.0452242e-05,1.0776754e-07,3.446533e-05,1.3707693e-08,1.0647276e-06
BC2026_Train_0057_S15_20250617_060000_040,3.5970226e-07,0.0003027629,1.7080543e-05,0.00020017869,3.5048583e-08,1.641309e-09,4.1457053e-08,7.7819664e-08,1.7420628e-06,7.3942124e-07,1.5943331e-06,8.105038e-07,1.8810605e-08,4.611425e-09,7.4805044e-08,8.628988e-06,9.391423e-09,5.113974e-07,1.0455137e-05,3.281325e-08,1.1476584e-08,3.11544e-05,8.986125e-05,1.7536775e-05,2.849497e-05,4.4264592e-08,0.00020426916,2.2022821e-10,3.0000328e-07,2.5340066e-08,1.2228368e-05,3.9118095e-06,0.00082923943,0.00015017639,3.6397643e-05,3.22625e-05,0.9995815,0.71103233,2.9573257e-06,0.0037295723,0.00043064533,5.075163e-06,4.6106903e-05,5.597433e-06,1.4472225e-05,1.3270107e-05,0.0013857286,0.00013106516,0.00021777976,0.00032314984,4.2649215e-05,2.7321128e-05,3.714988e-05,5.2499054e-06,0.005328433,1.4948992e-09,0.0003037407,0.0021643045,2.0028368e-08,2.9419002e-07,1.2019639e-05,4.4103754e-10,7.915164e-06,1.5971507e-05,0.00027021547,6.1011183e-06,1.2622604e-08,7.95415e-08,3.3174394e-09,1.1391401e-08,2.8728087e-07,3.160559e-08,4.7853333e-05,3.2651133e-05,5.280881e-05,2.9149365e-07,2.071115e-05,0.00011284353,2.6986281e-06,2.4404304e-05,1.1186944e-06,1.2302222e-06,4.2270563e-06,5.2569217e-08,2.287799e-05,1.7072219e-07,1.7892495e-05,8.8778625e-06,4.6891696e-06,4.056586e-05,3.7590245e-05,2.6560183e-05,2.1245512e-06,0.0052100527,5.2413263e-05,6.4384636e-07,8.0001314e-08,0.1453617,1.0344325e-05,1.3069284e-06,0.99768496,2.8048687e-05,1.0873981e-05,2.9935072e-06,1.3930067e-05,4.717221e-05,5.614849e-05,4.5324546e-07,2.9307944e-07,0.00015408764,0.0009990651,1.94554e-06,6.254857e-07,0.00047795504,1.8638892e-06,0.005568182,0.00016362766,3.074559e-05,3.7074863e-06,3.5842837e-05,4.1923697e-05,0.000894008,0.0008091678,0.0002447958,9.860889e-07,0.00014440768,8.396113e-05,0.0020017049,1.5237977e-06,2.1634191e-06,7.4089835e-06,1.2489973e-06,1.1200427e-06,8.2031496e-05,3.5857374e-06,9.3370636e-07,0.004311698,4.4574426e-05,4.8910442e-06,1.0810052e-05,1.2134074e-06,0.024085285,6.1926885e-06,3.799726e-05,3.6574781e-06,4.7075855e-07,0.000106651045,4.0032614e-08,0.0040243203,1.2644132e-06,4.756136e-06,0.00025223914,3.3458734e-06,1.4132088e-05,0.0009326747,9.702979e-06,2.0704158e-05,1.4306295e-05,0.00037989212,2.3539304e-05,0.0141701745,0.000113379916,6.6220596e-06,0.00010822506,6.765551e-05,4.065688e-07,4.785213e-07,0.00015094013,2.0787637e-07,4.3031974e-05,0.00027114918,0.00054496154,0.0002752904,2.7756572e-05,0.00031526314,8.484992e-06,6.8534086e-06,0.0001869511,4.4069508e-05,0.0014334155,7.388259e-05,0.00013570739,2.4022112e-05,9.574604e-05,6.0845578e-06,0.00020472836,6.5850554e-06,4.0394618e-05,9.678604e-09,1.3959093e-06,0.00032842893,3.7702186e-05,0.0001438338,8.2554425e-07,6.223296e-05,8.13548e-07,0.0002708993,1.6321106e-05,9.7016185e-05,0.00012586833,0.00037527774,3.2530763e-06,2.2522768e-06,8.687801e-05,0.00017511797,0.00016041912,2.6096675e-05,1.2975833e-05,1.2882383e-05,2.6140888e-06,0.00043551886,9.6804746e-05,2.2886241e-05,5.379863e-05,3.2147942e-05,0.18571371,0.00035682993,1.1378377e-05,6.0133774e-05,1.237951e-06,1.6716612e-06,0.00037543825,2.112647e-08,2.8642266e-06,7.1094387e-06,0.99843854,0.00011841376,0.000115486844,1.4323575e-07,0.00014417419,1.3268335e-05,0.00027851303,3.564292e-07,0.00016268397
BC2026_Train_0057_S15_20250617_060000_045,1.472276e-07,0.00012847128,2.7485765e-05,0.00015702531,3.954879e-08,4.617613e-09,1.9164575e-07,8.2039506e-08,2.1609101e-05,2.0810778e-06,1.6108821e-06,3.7756843e-07,2.0464321e-07,3.3562113e-09,2.4871977e-07,4.282254e-06,7.2836293e-09,7.3059067e-07,8.316855e-06,4.1196703e-08,1.2990121e-08,4.2927213e-06,1.5114108e-05,4.8133516e-06,9.185207e-06,9.6833315e-09,9.679679e-06,3.9543926e-10,5.8270336e-07,5.493309e-08,3.1466272e-05,1.2495092e-05,0.0005684418,0.00013794555,3.7158243e-05,5.1966734e-05,0.9992204,0.6997107,5.163981e-06,0.0021444142,0.00025983763,1.8891356e-05,3.387117e-05,1.9501693e-05,3.6587968e-05,3.279765e-05,0.0033330475,0.00021015923,0.00040056085,0.0002823378,7.2230505e-05,4.9633723e-05,8.365448e-05,4.7438198e-06,0.0045496626,8.048829e-09,0.00045633287,0.0032219284,3.508336e-08,2.522225e-06,3.4841244e-06,1.4324519e-09,1.2883858e-05,1.6802147e-05,3.1059797e-05,5.4745205e-06,2.646772e-08,1.2276492e-07,5.0540256e-09,8.89374e-09,9.487593e-07,2.4719471e-08,8.895194e-06,0.00028057615,0.00013818832,4.159278e-07,7.720309e-06,0.00011238135,1.3078912e-05,2.3371229e-05,3.9128354e-06,3.7843722e-07,6.6068887e-06,3.5326175e-07,4.9727245e-05,7.055514e-08,1.3866711e-05,2.724201e-05,5.401976e-06,3.9302122e-05,2.2152735e-05,5.467503e-05,7.1054063e-07,0.0008514735,0.00023896556,6.5064205e-06,1.2814101e-07,0.02838697,3.753515e-06,2.1192757e-06,0.9931503,9.229255e-05,2.3687951e-05,3.4769416e-06,9.223276e-06,8.7890025e-05,1.660803e-05,4.6774275e-07,3.255202e-06,0.00026004633,0.0013228013,4.4397366e-06,8.198058e-06,0.0013089828,1.8534822e-06,0.0078572715,0.00034213928,2.8643672e-05,1.9309655e-05,0.000109909146,3.63899e-05,0.0007107899,0.002683612,0.0019514505,5.087351e-07,7.778183e-05,3.0678373e-05,0.0033187412,2.51679e-06,6.850377e-06,7.8449e-06,1.095123e-06,1.2331328e-06,0.00012873222,5.474646e-06,8.191275e-06,0.018828664,0.00012918389,3.2506257e-05,2.7184966e-05,1.8850747e-07,0.003079254,1.2002126e-05,4.5293655e-05,1.8558595e-06,1.3961688e-06,0.0006566873,6.6268406e-08,0.005028855,1.1969283e-06,1.7536107e-05,0.0010360162,1.0309248e-06,2.1371512e-05,0.008710948,1.2843326e-05,2.1018986e-05,4.481014e-06,0.0003177477,2.1747715e-05,0.016371373,9.990535e-05,3.8283747e-06,1.1511491e-05,3.491011e-05,4.1082262e-07,4.3880414e-06,0.00014662046,7.360007e-08,3.60816e-05,0.000217131,0.00043659087,0.0010333388,2.7077902e-05,0.0025198008,1.77937e-05,7.977729e-06,0.0004323773,4.7536774e-05,0.00277874,0.0010937033,0.00042914876,2.6502496e-05,1.5207754e-05,4.842307e-05,0.00031897603,6.0985876e-06,0.00010506095,5.917363e-08,9.596606e-06,0.0014285226,0.0003488135,0.00022870392,1.2604427e-06,9.146242e-05,2.140653e-06,0.000914679,2.0247542e-05,0.00034650258,4.5056324e-05,0.00035155623,8.9743935e-06,3.849892e-06,8.313669e-05,0.00027447246,0.00019409356,2.8874048e-05,1.2323487e-05,2.8341794e-05,2.9238759e-06,0.0001797959,5.505965e-05,0.0003903924,0.00011188766,8.011894e-05,0.9631467,0.00021623685,1.2674055e-05,0.00024758175,1.2677332e-07,1.0281628e-06,0.00038384102,1.747994e-07,5.0944214e-05,0.00016635128,0.9903368,0.0010116783,0.00045167017,5.874438e-07,0.00015618,1.1996587e-05,0.0011752548,3.1583693e-07,0.0001289701
BC2026_Train_0057_S15_20250617_060000_050,1.0581308e-06,7.417153e-05,4.996296e-05,0.0007000897,1.7634821e-07,1.633477e-08,8.211048e-07,2.2217984e-07,1.2310648e-05,1.3758828e-05,4.9767586e-06,2.0987206e-06,3.1691675e-07,2.0573015e-08,2.7488713e-07,1.0456472e-05,3.5721115e-08,2.181976e-06,8.507177e-05,2.0615603e-07,1.6794377e-08,5.0819704e-05,8.709235e-05,3.9124792e-05,5.538499e-05,9.1558874e-08,3.515084e-05,7.3005246e-10,2.651613e-07,8.471688e-08,2.3175362e-05,1.2134294e-05,0.0007581085,0.00026983034,8.904305e-05,6.9936366e-05,0.9992894,0.9002682,1.593352e-05,0.0053382404,0.002359975,2.2908907e-05,5.3135336e-05,2.2626258e-05,5.2371746e-05,5.660795e-05,0.012863802,0.00017145002,0.00165067,0.004967204,8.499944e-05,5.126107e-05,9.318227e-05,9.629968e-06,0.013949301,2.945909e-08,0.0017199322,0.006391648,2.6822426e-07,4.9321043e-06,1.3596771e-05,3.5161725e-09,1.15798e-05,3.6178553e-05,3.9886232e-05,2.8153843e-05,1.7986376e-07,4.7137442e-07,4.6937146e-08,2.126518e-08,1.7113296e-06,1.1882365e-07,0.00012519132,1.2645876e-05,0.00020543775,4.916677e-07,1.2441194e-05,0.00027674198,1.1637003e-05,6.695719e-05,4.197514e-06,2.0490697e-06,7.931872e-06,1.6866034e-07,6.9930094e-05,9.349551e-08,3.172794e-05,2.964839e-05,1.5490225e-05,8.406519e-05,9.093948e-05,0.00074611924,1.0904271e-06,0.0009225691,8.4954874e-05,5.500651e-06,6.995135e-08,0.25742176,1.1236384e-05,6.9118323e-06,0.94914424,6.918383e-05,3.71201e-05,1.2357534e-05,4.2433552e-05,0.0004231443,0.00013740783,4.3697278e-07,5.0601516e-06,0.00041327375,0.005779123,2.3229662e-05,1.3367109e-05,0.0022690778,1.6713042e-06,0.049790997,0.00033686045,0.00012992782,1.1762693e-05,5.3655833e-05,0.00010727886,0.0032517388,0.018141912,0.0014034783,4.088873e-06,0.00018488007,2.2352748e-05,0.0045309067,8.897272e-06,7.8988836e-05,1.0594975e-05,1.4260471e-06,1.6092331e-06,0.00040596756,6.888899e-06,1.1900154e-05,0.01827523,0.00029618377,2.0423395e-05,0.00025188396,8.9586246e-07,0.018992186,2.0931693e-05,9.137585e-05,1.1650738e-05,2.8978346e-07,0.0003912861,1.2305684e-06,0.0062028235,6.3839383e-07,2.8675063e-06,0.0021501787,1.1669548e-06,3.640632e-05,0.009386651,2.2753275e-05,0.00018206307,2.944504e-05,0.0010107991,2.516974e-05,0.03619973,0.00015206434,3.6866448e-05,0.00012092768,6.541858e-05,1.731375e-06,6.757918e-06,8.149904e-05,3.714246e-07,6.133582e-05,0.0003704996,0.0012771878,0.003251652,2.5549085e-05,0.0056519597,4.19994e-05,2.5053123e-06,0.0006010372,0.00027171205,0.0015602103,0.00070811086,0.00020333604,6.705835e-05,7.939103e-05,4.5572193e-05,0.0003426601,1.626849e-05,0.00010938344,1.7280325e-08,3.7003534e-05,0.00043507532,0.0001883079,0.002063966,5.7964007e-06,0.000102382124,2.6005298e-06,0.0011238722,0.0002099045,0.0001589551,0.0001231926,0.0015870044,4.2848606e-06,1.4692432e-05,0.00012644625,0.0013265344,8.392918e-05,2.188689e-05,0.000109192944,7.6828e-05,1.4424977e-06,0.0012335388,0.0003194645,0.0002425779,8.124375e-05,0.0006307254,0.98955965,0.00022266588,2.3910827e-05,0.0020158112,2.9769134e-07,8.4280185e-07,0.00019794116,1.1000967e-07,0.00024478437,0.00041900473,0.99303657,0.0013090513,0.00036085362,3.067169e-07,6.8725436e-05,2.7727234e-05,0.0006956825,1.8480216e-07,0.0003338397
BC2026_Train_0057_S15_20250617_060000_055,7.3777415e-09,1.3065411e-05,1.4522786e-07,2.390946e-06,2.715397e-10,3.0537645e-11,9.574967e-10,1.8040044e-09,3.076186e-07,5.5619232e-08,9.357508e-08,4.07276e-09,1.6001719e-09,2.619497e-11,3.4164e-09,1.5310472e-07,2.1334741e-11,2.3993826e-08,3.6846384e-07,6.379897e-10,2.5035124e-10,1.09882585e-07,1.347299e-06,1.3033272e-07,3.124942e-07,3.4192532e-10,3.3958761e-07,7.0132734e-13,1.620923e-08,1.5641268e-09,4.4683006e-07,2.1454566e-07,8.864064e-05,9.414242e-06,9.984018e-07,3.602945e-06,0.99986553,0.65196085,1.5349977e-07,0.00019709479,1.9769823e-05,2.8811166e-07,4.661085e-07,3.7744783e-07,8.963932e-07,7.196324e-07,0.00026050664,2.666266e-05,2.3944578e-05,1.8841914e-05,1.0878947e-06,7.6290536e-07,8.700114e-07,1.3302605e-07,0.00028549615,1.3691341e-11,2.44848e-05,8.366739e-05,2.3170438e-11,1.839288e-08,2.42341e-07,3.2163612e-12,1.14864974e-07,1.7869209e-07,2.2784172e-06,1.05781545e-07,2.9355404e-10,1.1712579e-09,3.035977e-10,2.0834091e-10,4.3904356e-09,8.5680726e-11,2.8846655e-06,1.9938734e-05,4.502664e-06,2.5889284e-08,1.3388951e-06,1.5609972e-05,2.0797434e-07,1.9352935e-06,4.713452e-07,2.067975e-08,5.69229e-07,1.9811337e-09,1.557283e-05,5.1808007e-09,1.7162834e-06,1.6787144e-06,7.1187753e-07,5.210516e-06,2.643231e-06,1.8235362e-06,5.0016105e-08,0.00017631137,8.333147e-06,1.1692847e-07,1.649497e-09,0.06525621,2.7591062e-07,2.475637e-08,0.9999443,7.8740493e-07,3.1360914e-06,3.2411802e-07,8.269894e-07,3.9907127e-06,2.291258e-06,7.164186e-09,1.6628155e-08,4.159249e-05,6.564161e-05,5.5214088e-08,2.2738362e-07,7.6704135e-05,5.656886e-07,0.00176622,2.360341e-05,5.7857856e-06,3.2324166e-07,4.8199254e-06,5.736328e-06,0.00020592236,0.00010672501,0.0002655762,2.0176293e-08,1.3534388e-05,1.7708007e-05,8.933255e-05,1.1710581e-07,1.8659345e-06,8.818574e-07,5.032212e-08,1.1687436e-08,3.0907275e-05,1.07486095e-07,1.096868e-07,0.00818133,3.5390249e-06,8.153726e-07,2.5971594e-06,1.8263535e-08,0.0003650843,6.703689e-07,1.2723405e-05,5.2538087e-07,2.1480172e-08,6.464242e-05,2.5386285e-10,0.006373776,1.00648315e-07,7.166286e-07,5.723003e-05,3.511363e-07,2.0814775e-07,0.00033479172,1.4155892e-06,8.188207e-07,1.4141952e-07,2.5293519e-05,1.6910711e-06,0.0017166865,1.0019892e-05,3.0141854e-07,1.0141814e-06,2.0793697e-05,2.6029904e-08,2.8757555e-07,8.060179e-05,7.745711e-09,1.3616028e-05,4.046425e-05,1.2199481e-05,7.7323166e-05,2.5401e-06,5.9109367e-05,1.6303231e-06,4.714567e-07,6.684682e-05,3.400758e-06,0.0011858247,1.7621705e-05,1.6451417e-05,3.0265128e-06,1.2676321e-06,1.5786625e-05,2.2148743e-05,2.1702107e-07,7.754052e-06,6.593034e-10,2.7404297e-07,7.037463e-05,2.699686e-05,1.6041246e-06,3.4841825e-08,8.666116e-06,1.4341481e-07,0.00015948221,1.5449271e-07,7.946283e-05,2.4187251e-05,2.221576e-05,5.0611135e-07,2.079089e-07,4.8051606e-06,3.4725137e-05,3.724033e-05,2.84968e-06,2.8306334e-07,2.0539728e-06,6.119377e-08,3.358529e-05,2.0344387e-06,1.8858236e-05,9.717777e-06,1.642234e-06,0.46037278,0.00020982906,3.6689123e-06,1.6211864e-06,1.05161945e-07,5.0620354e-08,4.540332e-05,1.0726365e-08,5.082158e-07,7.556153e-07,0.99952567,1.767435e-05,4.1779575e-05,1.5749949e-08,2.6254835e-05,4.6275082e-07,0.00010156813,5.319974e-08,4.90978e-06
BC2026_Train_0060_S15_20250617_062700_000,6.8509976e-08,4.6388897e-05,2.9750404e-07,9.476757e-05,1.6536961e-09,7.1649203e-10,5.3322253e-08,9.592579e-08,2.3884363e-07,1.7508336e-06,5.5458963e-07,2.1388418e-07,2.8502816e-09,2.3218727e-09,8.104596e-09,1.0342102e-07,1.4005514e-08,3.4643822e-08,2.49207e-06,2.2987397e-08,2.5468605e-09,3.005709e-07,3.0080337e-06,1.031687e-06,4.9646233e-06,1.5637758e-08,3.450986e-06,2.0938318e-09,1.532395e-08,1.971857e-08,1.1660537e-06,2.335303e-07,0.00052756915,1.2230664e-05,3.0424812e-06,1.4317841e-06,0.9321364,0.013301858,5.514421e-07,0.0012271309,5.190661e-05,4.6123733e-07,2.2815873e-06,1.6399491e-07,2.9290557e-06,4.2689776e-06,0.0003096339,4.2474887e-05,2.8139162e-05,6.553503e-05,3.843047e-06,2.3130967e-06,2.4908418e-06,3.666754e-07,0.00084342266,1.1178167e-08,0.00049535936,3.4876703e-05,4.148696e-08,4.576571e-08,7.784542e-06,1.4797252e-09,2.318907e-07,6.231928e-07,9.1567574e-07,5.7100588e-06,2.7634377e-08,1.0329364e-08,7.1064146e-09,9.9423145e-09,6.268641e-08,3.893533e-09,0.00037655424,1.2039128e-06,0.00044683088,1.2069536e-06,0.00012895867,0.00036441704,6.47587e-06,5.3625805e-05,4.4906085e-07,8.877279e-06,7.1368895e-06,1.9279679e-07,4.350612e-05,1.0293632e-07,0.00012675527,3.0215755e-05,1.06849575e-05,7.645074e-05,1.7026145e-05,6.0947565e-05,1.1966605e-05,0.01621411,3.134644e-05,2.2284628e-06,5.4051227e-08,0.57903725,4.6151285e-06,2.6703847e-06,0.2740875,7.0956994e-05,2.614106e-05,1.4533288e-05,4.0135623e-05,0.0001967904,3.8041871e-06,1.939529e-07,1.8381415e-06,6.017617e-05,8.748923e-06,8.965864e-05,3.7331629e-06,0.00057813583,1.4536146e-06,0.14366585,0.000117229145,4.845069e-05,7.257489e-05,3.0706236e-05,7.030702e-05,0.0006686705,0.00025003843,0.000565134,1.6060089e-06,1.3945977e-05,4.3091527e-06,0.0028462545,1.1660052e-05,1.2217316e-05,2.41125e-06,1.8482773e-07,5.8439982e-05,8.772975e-05,0.00010114547,9.626653e-06,0.00012987146,0.00032363663,3.913048e-06,5.5053562e-05,5.1795047e-07,0.0133218635,5.215244e-06,0.00014942692,8.185816e-06,8.809511e-09,1.9873713e-05,1.6313623e-05,0.07642563,2.7660326e-07,7.564628e-06,4.22096e-05,1.9711765e-06,7.006446e-05,0.002673522,4.289149e-05,0.00019780437,3.9458905e-06,0.00011618627,7.072354e-06,0.053864248,0.00027372426,1.9764848e-06,0.0007636506,1.8824743e-05,4.4798375e-07,3.3286527e-05,5.182378e-06,9.895099e-08,2.8215827e-05,0.00014038665,0.00015119526,0.00010755583,4.103072e-06,0.0008780692,4.502003e-05,1.3147803e-06,0.00026050815,0.0001508157,0.00023327662,0.00035636046,8.799858e-06,8.469792e-06,4.5506837e-05,0.00067892676,0.00034629126,1.1999579e-07,0.00038460564,1.6665652e-08,7.954771e-06,6.3730244e-05,0.00012601592,0.00026345125,2.1766848e-06,0.00040141464,1.071243e-06,6.27224e-05,1.8828601e-05,8.4337385e-05,5.068251e-06,3.0517826e-05,5.289224e-06,7.636224e-07,5.3969896e-05,0.00013627627,0.00038341404,3.0812214e-05,5.5265442e-05,6.220453e-05,8.5016165e-07,0.00055376056,0.0015530312,4.3185522e-05,1.5973366e-05,6.165348e-05,0.26826572,0.00010315827,2.5270398e-05,3.8158596e-05,3.1297108e-07,4.497157e-07,2.869603e-05,2.4449474e-08,0.0001718068,2.8712671e-05,0.9939272,0.00010897056,0.000114542236,5.074951e-08,0.00014046216,9.478221e-05,0.00021544105,6.494639e-08,3.475674e-05
BC2026_Train_0060_S15_20250617_062700_005,5.8680996e-08,0.00021633234,1.9107104e-06,0.0005778317,1.7942521e-09,1.4518687e-09,3.205993e-07,2.1879244e-07,1.250501e-07,1.3239074e-06,1.7269093e-06,6.414045e-06,4.799797e-10,3.0407425e-09,7.668347e-09,3.755498e-08,2.9900235e-08,2.9381036e-08,3.5327396e-06,3.5575948e-08,1.7664078e-09,7.7268555e-07,1.226511e-06,2.0300995e-06,5.559809e-06,3.4121017e-09,3.525665e-06,1.9581584e-08,1.3980487e-07,3.8317314e-08,1.3280451e-06,6.120374e-07,0.0018508029,8.092625e-06,5.0202425e-06,2.6139169e-06,0.9868389,0.01501534,1.6834905e-06,0.0020840513,4.8638132e-05,5.751161e-07,4.4026915e-06,8.002571e-07,4.1028375e-06,6.9238e-06,0.0006424295,0.0003342499,6.012937e-05,8.537906e-05,5.434094e-06,2.9311122e-06,4.0374e-06,9.1116783e-07,0.0011627721,2.2028978e-08,0.0011027051,3.9759732e-05,7.769715e-08,6.301929e-09,1.2965451e-06,1.934632e-09,9.678549e-07,1.5076976e-06,3.2132489e-06,3.5337905e-06,1.6242457e-07,6.317406e-09,5.032423e-08,3.5715118e-08,1.41909e-07,2.3237524e-08,0.00094345165,1.0371463e-06,0.0003242967,7.220109e-07,2.167343e-05,0.00012662819,1.4062512e-06,6.593226e-05,1.665541e-07,2.6097744e-06,7.0822753e-06,1.2321102e-06,7.2597118e-06,1.0087375e-07,2.4569825e-05,2.788791e-05,6.9200896e-06,0.00018192164,1.9426661e-06,0.00010529433,3.6908237e-05,0.3109336,2.3581655e-05,2.2047552e-06,1.0938469e-07,0.8192551,9.405107e-06,3.5154278e-06,0.3117388,1.829766e-05,4.0484974e-05,1.0093626e-05,1.29841765e-05,0.00050451024,3.4823008e-06,5.0975353e-07,2.5625575e-06,0.0003369753,6.1943956e-06,3.8832703e-05,3.0675428e-06,0.00052263145,1.4098392e-06,0.050898165,0.00014572745,7.41938e-05,0.00011275243,3.5228994e-05,2.7458022e-05,0.000120556724,0.00021097294,0.0003420553,3.135414e-07,7.638717e-06,8.75672e-06,0.00055028714,4.563528e-06,8.759794e-06,5.667914e-06,1.8071985e-07,0.00022088521,0.0002695007,4.427254e-05,8.828993e-06,0.00023620471,0.00017820603,1.3695668e-06,2.8791312e-05,1.2232158e-06,0.0011471278,5.644337e-06,0.00026251623,4.2516367e-06,2.5712408e-09,7.854826e-06,1.7381564e-05,0.35018203,8.777447e-08,8.787513e-06,2.0298465e-05,3.7294265e-07,9.706403e-05,0.0064064157,4.0421633e-05,8.2387494e-05,2.57919e-06,0.00012786998,7.839306e-06,0.5817209,0.00019701889,3.108501e-06,0.0004714821,9.1740985e-06,3.17716e-07,6.4968717e-06,9.568711e-07,8.2866876e-08,1.3221676e-05,0.00015516854,6.424433e-05,5.465016e-05,8.127824e-06,0.0020668418,4.774314e-06,4.4259488e-07,0.0001036596,4.0377363e-05,0.0013231472,6.216759e-05,5.9448403e-06,1.7697084e-05,8.5781634e-05,0.000491097,0.0021662938,1.0007061e-07,0.00042400332,8.140196e-09,4.3562736e-06,6.506141e-05,3.240375e-05,0.0010305066,7.1193513e-06,0.0008602812,7.09644e-07,6.932581e-05,1.8349925e-05,0.00025800223,3.8157013e-06,6.824855e-05,1.6747217e-06,1.1115352e-06,6.8494024e-05,0.00035938973,0.0002816036,4.3172186e-05,6.5612134e-05,6.581643e-05,3.114196e-07,0.00010534113,0.00058414746,2.8429418e-05,2.4220884e-05,2.4538072e-05,0.23722154,3.635081e-05,9.0147994e-05,5.1030227e-05,5.01896e-07,9.896208e-07,2.4943385e-05,1.8664254e-08,0.00011572838,6.517866e-05,0.9880009,0.00019605717,0.0003236851,5.045389e-07,2.3856073e-05,2.1577696e-05,0.00085590756,1.01543606e-07,5.6721477e-05
BC2026_Train_0060_S15_20250617_062700_010,2.0145068e-08,8.845808e-05,1.9090605e-07,0.000173472,5.0213156e-10,3.891393e-10,1.388899e-07,3.257303e-07,9.838827e-08,5.678371e-07,4.4222757e-06,5.441435e-07,7.6459095e-10,7.7215023e-10,1.5166575e-09,1.6648084e-08,1.11801715e-08,6.73212e-09,3.7295977e-06,5.3427524e-08,9.46439e-10,2.5279662e-06,1.9700171e-06,9.234835e-07,1.1045092e-06,2.3443005e-09,9.873443e-07,8.216831e-10,3.61895e-08,1.6419705e-08,5.2403135e-07,1.204351e-07,0.0016113765,3.3521044e-06,2.2843742e-06,8.123819e-07,0.9813467,0.009197886,1.4487998e-06,0.0007650877,4.9184502e-05,2.7801258e-07,1.3249861e-06,1.8809571e-07,1.8195407e-06,2.9743333e-06,0.000484661,0.00041043712,6.0108036e-05,6.9992275e-05,1.7086469e-06,5.861567e-07,8.453656e-07,6.847705e-07,0.0004861166,5.616149e-09,0.0018599797,2.3364099e-05,1.0793042e-08,6.053294e-10,8.167602e-07,4.109989e-10,2.9118496e-07,2.5489737e-07,3.465427e-07,7.4292217e-07,2.0279263e-08,1.1383683e-09,8.589045e-08,1.1889479e-08,3.582592e-08,1.987512e-08,0.0016629423,1.4946112e-07,8.845479e-05,1.3097566e-07,3.921209e-05,4.4809854e-05,7.813778e-07,5.4528715e-05,1.3158073e-07,2.1749397e-06,8.103854e-06,4.015835e-07,1.2905977e-06,1.9681605e-07,2.321022e-05,4.4882472e-05,1.5243413e-06,0.000102812584,2.3687132e-06,1.7794513e-05,1.8802459e-05,0.49683976,7.5820266e-05,5.5812006e-07,5.4557194e-08,0.96598333,8.404793e-06,1.3140183e-06,0.6154992,4.615221e-06,2.505355e-05,9.487933e-06,3.219147e-06,0.00023368551,1.2466518e-06,5.29989e-08,1.1338344e-06,0.0001752262,2.1520295e-06,3.060415e-05,2.3169795e-07,0.0004744326,4.0953958e-07,0.016123632,0.00014359562,0.00016307068,0.00025650658,6.2875215e-06,4.6894438e-05,4.415844e-05,7.280982e-05,9.846801e-05,2.0217672e-07,1.1253832e-05,5.722859e-06,6.5127526e-05,3.999312e-06,2.1802809e-05,2.132724e-06,1.135496e-07,7.1856906e-05,0.00021632221,1.1618041e-05,8.5013323e-07,0.0003188304,5.077916e-05,3.9136873e-07,1.0109801e-05,7.723923e-07,0.00095271575,4.4883777e-07,0.000108455446,2.0331915e-06,3.751907e-10,2.990574e-06,1.3550858e-06,0.33817074,8.578011e-08,3.6475333e-06,1.5579826e-05,5.873626e-07,2.5676709e-05,0.0029180646,8.543575e-06,0.00041797227,7.5593557e-06,1.7888264e-05,1.0568546e-05,0.06906116,8.318839e-05,3.6015267e-06,0.00020651953,1.4054712e-05,1.108051e-06,9.338549e-06,3.008892e-07,1.04790324e-07,2.6281012e-05,6.964706e-05,1.0174983e-05,6.684073e-06,2.9683342e-06,0.000843983,5.809849e-06,1.6565907e-07,1.8788873e-05,6.9814782e-06,0.000531814,7.3531715e-05,3.973548e-06,1.3375511e-05,5.8915102e-05,0.00026564507,0.00045057858,8.142203e-08,0.00015171153,3.8599337e-09,1.030915e-06,1.4266171e-05,1.7499888e-05,0.00028218873,1.3592781e-06,0.00053429167,2.50753e-07,2.8086295e-05,9.726864e-06,0.00025566053,6.946313e-06,3.9760114e-05,1.2746665e-07,1.4122759e-07,3.6517486e-05,0.00028828083,7.9741265e-05,6.099332e-06,4.0661136e-05,5.3909815e-05,2.997702e-07,1.9507776e-05,0.00030951822,7.658295e-06,1.5214515e-05,9.661418e-06,0.01900732,2.0365613e-05,0.00011722779,1.0289287e-05,5.688762e-07,2.110182e-06,2.5979274e-05,1.2510122e-08,3.6865637e-05,7.735056e-06,0.9686127,4.8020283e-05,2.2799302e-05,2.7344067e-08,2.0065487e-05,5.735338e-06,0.00046452,1.11599796e-07,2.9684747e-05
BC2026_Train_0060_S15_20250617_062700_015,6.133983e-08,7.0525452e-06,2.5485463e-07,1.0280088e-05,4.9772502e-11,4.0011203e-10,4.762372e-10,7.431909e-08,1.187977e-09,6.666369e-08,8.8521847e-07,8.349766e-09,3.0871986e-11,9.8386445e-11,6.1431804e-10,5.117552e-09,8.8293395e-10,4.2769907e-10,3.3067078e-08,3.7946354e-10,2.1730201e-10,3.4273857e-08,1.0046157e-06,3.3995985e-08,3.8963204e-08,7.148676e-10,5.4405945e-07,2.1230315e-09,1.685949e-09,1.3345376e-09,9.534682e-08,1.127046e-08,9.894502e-06,1.4429723e-07,2.0560095e-07,3.1138626e-08,0.54519683,0.0003442219,5.5882516e-08,8.572752e-06,9.3612e-07,1.5144208e-08,4.7672071e-07,1.3673852e-08,1.3658712e-07,2.4876127e-07,1.2264233e-05,6.6645266e-06,9.356202e-07,8.4892525e-07,4.4344665e-07,2.4683507e-07,3.549929e-07,2.9730034e-08,1.05853915e-05,2.0011547e-10,0.0023202111,4.4781564e-06,6.6331354e-09,1.5709159e-10,6.833197e-08,8.468849e-11,2.3280717e-07,8.391409e-08,1.4251128e-07,6.405228e-08,1.9788942e-09,2.3086542e-10,2.0659859e-10,4.997632e-09,1.4061128e-07,2.532773e-09,7.895111e-05,4.961807e-08,1.4888851e-06,4.2755028e-07,4.6990597e-05,3.9806288e-05,3.692388e-06,0.00011265227,4.7934254e-08,3.4800456e-07,2.9107828e-06,3.9010249e-07,1.7945322e-06,6.723877e-07,1.0983793e-05,7.3300866e-06,6.709484e-07,3.5672063e-05,1.002884e-06,8.558327e-06,1.28627535e-05,0.067865126,6.220756e-05,5.053671e-07,2.9501766e-08,0.062554345,1.5720093e-06,3.138956e-07,0.05340134,3.028367e-07,4.466254e-05,1.538147e-06,4.4558637e-06,3.8261278e-05,7.260648e-07,3.158329e-08,5.96466e-07,4.7215417e-05,7.1180216e-07,3.0579797e-06,2.0886422e-07,0.0007700638,6.101684e-08,0.010066195,8.83366e-05,6.6406396e-06,4.5944413e-05,2.9489556e-06,8.3627065e-06,5.266332e-05,6.233583e-05,1.956902e-05,5.647216e-08,8.250773e-06,6.8484485e-05,7.7436576e-05,1.8540233e-06,4.953189e-07,6.0231247e-07,6.630735e-08,4.4679314e-06,4.0692095e-05,1.8346825e-06,3.9433817e-07,0.0002019738,2.4448449e-05,1.2678013e-06,3.6108154e-06,2.145472e-06,3.8253656e-05,1.1758123e-06,3.3873428e-05,5.1468533e-08,1.4414216e-10,6.8997742e-06,7.743136e-07,0.8466892,2.4117577e-07,2.577796e-06,9.61522e-06,4.3289796e-07,0.00029364205,0.00030063928,1.4709944e-05,0.00015711713,4.5044192e-07,3.5833098e-05,3.7766495e-06,0.0045660967,5.376448e-06,6.800283e-07,2.712698e-05,2.1289676e-05,9.556873e-07,2.9981786e-06,2.6098194e-06,1.4799567e-06,2.1941161e-05,9.9577126e-05,2.2167792e-06,4.3247683e-06,1.3481097e-05,0.00010898366,2.8867953e-06,3.3906424e-08,2.6271266e-05,1.276357e-05,0.0009835665,5.2086205e-05,7.905507e-06,5.0066874e-06,1.28283555e-05,8.233363e-06,0.0035750773,1.9520657e-07,2.48271e-05,1.8188238e-08,4.6418904e-07,2.7418197e-05,2.2187516e-05,2.3995324e-05,2.917868e-07,9.796302e-05,4.5134964e-08,2.3125247e-05,1.9561669e-05,0.00019718915,3.2759244e-06,2.3726927e-05,3.9521492e-08,2.569776e-08,5.5165976e-05,7.3773466e-05,8.416794e-05,1.626013e-05,1.5360522e-05,2.4212106e-05,6.0247856e-07,3.175553e-06,6.7400695e-05,9.517994e-06,2.554776e-06,1.1920906e-05,0.026202323,0.0003094288,1.7533346e-05,6.9330767e-06,7.5468854e-08,6.220089e-07,0.000105461746,5.852293e-09,5.4624115e-06,4.0537657e-06,0.8318721,8.226416e-05,6.728068e-05,1.5725274e-08,4.2208444e-06,8.999866e-06,4.0462277e-05,1.6126252e-07,2.0444559e-05
BC2026_Train_0060_S15_20250617_062700_020,3.2280792e-07,3.870028e-05,3.5397677e-06,0.0001987252,1.2792729e-08,1.8858015e-09,6.150666e-08,1.5541363e-07,1.80566e-07,3.263644e-05,2.703981e-05,2.6655403e-07,7.202962e-09,2.3708397e-09,2.2135072e-08,3.7839207e-08,6.280342e-09,6.086771e-08,4.249472e-06,1.672587e-08,5.174934e-09,2.139105e-07,1.231114e-05,2.3635955e-06,5.4544103e-06,1.6312478e-08,1.5383728e-05,2.4219249e-09,1.5176905e-09,2.9187495e-08,1.7260832e-05,1.8382435e-07,0.00020299297,1.2171636e-05,5.4105813e-06,7.0185223e-07,0.9231607,0.007192388,2.9365515e-06,0.00034311772,5.7907313e-05,1.6115675e-06,1.275048e-05,1.3346687e-07,5.446162e-06,7.257759e-06,0.00014049419,3.4335746e-05,1.7925047e-05,2.4449893e-05,1.2665609e-05,9.070349e-06,1.15090115e-05,2.4600906e-06,0.00023340252,1.5933535e-08,0.014345038,0.00028379296,1.3481481e-07,6.660078e-08,2.1467758e-06,3.6704109e-09,6.297984e-07,6.783073e-07,2.8273206e-07,4.1678923e-06,1.8526178e-08,6.4452625e-09,4.027323e-09,1.9079552e-08,9.993486e-07,3.1568838e-08,0.00031446735,7.4112304e-06,0.00019872689,2.037639e-06,8.703721e-05,0.00056157826,7.190286e-06,5.7190755e-05,2.6087167e-07,7.809548e-06,4.598255e-05,2.9689608e-07,1.0161427e-05,5.0391856e-07,0.00033750865,3.080502e-05,7.991619e-06,0.00016837237,6.3358502e-06,5.709621e-05,4.7544854e-06,0.014734489,4.017928e-05,3.060168e-06,2.884413e-07,0.20296103,3.119721e-05,3.7409789e-06,0.2265611,2.3290153e-05,0.00011792685,1.128404e-05,3.179215e-05,7.883638e-05,2.4212315e-05,3.3941473e-07,3.1891417e-05,0.000120872,1.0345697e-05,3.607076e-05,4.5701086e-06,0.000626455,9.552663e-07,0.12143152,0.00013205092,5.2162603e-05,0.00033991403,9.75944e-06,5.745725e-05,0.0007037249,0.0010619132,0.00030779353,1.2403807e-06,2.8815677e-05,2.093305e-05,0.0012826498,1.8172937e-05,3.0415667e-05,4.945745e-06,2.7992039e-07,9.341908e-06,0.0003088267,0.00045624326,8.6825916e-05,0.00019838651,0.00052085554,1.9333866e-05,5.0755047e-05,1.3788033e-06,0.00045575382,5.019917e-06,0.00010430609,3.9260467e-05,1.4568036e-09,2.9237668e-05,6.051344e-05,0.1701672,5.710139e-07,1.6567597e-05,0.000313122,5.028546e-06,5.2578114e-05,0.001997649,4.035523e-05,0.00034434677,7.786002e-07,0.00029511377,4.5104516e-06,0.03260837,7.7825825e-05,1.34182865e-05,0.00054428127,7.6860095e-05,4.4059298e-06,2.3904557e-05,1.4111295e-05,7.839357e-07,0.00023312695,0.00018820183,5.696319e-05,0.00017067786,3.5143265e-05,0.0012495392,8.012827e-06,1.140862e-06,0.00029670916,3.4140787e-05,0.00014429934,0.00026851942,1.3114445e-05,5.106664e-05,0.00015658887,0.0005044153,0.00082384486,1.1599811e-06,0.00027352315,2.419253e-08,7.412444e-05,0.00020105745,0.00027064167,0.0002505687,3.7810642e-06,0.00047475807,8.831139e-07,0.00017298061,2.77068e-05,0.00053211336,9.854057e-06,3.4193275e-05,8.585063e-07,1.3211592e-06,0.0004392155,0.0005805937,0.00017144038,2.9451076e-05,9.6506585e-05,0.00048897846,7.187312e-07,0.000118653705,0.00056756014,3.826303e-05,2.360805e-05,0.00015245183,0.12948798,0.00036786072,0.00010070229,0.00013782551,2.923561e-07,1.2968208e-06,5.379083e-05,5.816108e-08,0.00013798395,0.00011653266,0.9342976,0.00013745263,3.2468866e-05,2.3759591e-07,0.00011736974,2.7519625e-05,0.00018523226,9.638448e-08,7.048504e-05
BC2026_Train_0060_S15_20250617_062700_025,7.0639835e-08,3.2986733e-05,2.5959087e-06,8.189019e-05,3.1059306e-09,4.6000204e-10,3.7769983e-08,7.636225e-08,1.2578184e-07,5.102944e-07,2.0162699e-07,1.3239151e-06,3.369146e-10,8.221708e-10,3.2145506e-09,2.986239e-08,1.3428546e-08,6.228046e-09,1.9074478e-06,1.6077873e-08,1.0682645e-09,1.1645301e-06,3.418652e-06,8.91062e-07,1.446421e-06,3.2126812e-09,4.9719483e-06,1.1871073e-09,3.8982087e-08,3.951288e-09,4.7363554e-07,1.3529795e-07,0.00023522304,2.717167e-06,2.1431429e-06,6.573069e-07,0.9808071,0.020974388,6.687661e-07,0.00031356802,4.293295e-05,2.440175e-07,1.7665085e-06,2.575854e-07,1.7154064e-06,2.5743198e-06,0.0006079783,7.239435e-05,5.2925116e-05,9.990535e-05,3.0523333e-06,1.2982761e-06,1.8427701e-06,2.8839094e-07,0.0004660204,7.0376083e-09,0.00012949517,2.4799036e-05,2.7594028e-08,6.403405e-09,2.1524039e-07,2.001884e-10,7.64375e-07,3.4309318e-07,1.5620041e-06,3.778292e-07,3.289635e-08,1.3831808e-09,3.3195104e-08,1.1305101e-08,3.4979728e-08,4.7703768e-08,0.00061513524,1.2580139e-07,1.945505e-05,6.033129e-08,8.17374e-06,2.5323809e-05,1.5399728e-06,8.31684e-05,1.8447231e-08,1.5660852e-06,2.8297184e-06,6.958606e-07,9.192322e-06,1.7681721e-07,7.151355e-05,1.10773935e-05,1.6894783e-06,5.8731053e-05,1.3076405e-05,0.00010347393,5.833748e-05,0.101627514,1.9791403e-05,2.2946124e-06,2.2237097e-08,0.78447217,1.3338952e-05,2.2242396e-06,0.4446281,3.7467557e-06,1.3030359e-05,3.6868216e-06,7.659382e-06,0.00038844714,4.073907e-06,5.8375345e-08,9.786773e-07,0.00017368169,1.6795833e-05,7.1831564e-05,1.6927247e-06,0.00020332634,1.3540458e-07,0.036607884,4.7354883e-05,4.2744374e-05,2.1806034e-05,1.0889216e-05,1.1579337e-05,6.172231e-05,0.0009877209,4.0966243e-05,1.9554513e-07,2.2731563e-05,9.304892e-06,5.565692e-05,3.0521123e-06,2.2616161e-05,9.90107e-07,2.7393662e-07,5.2168478e-05,8.525555e-05,3.146474e-05,1.1292211e-05,0.0003965166,0.00013277846,5.6753663e-07,7.5827784e-06,1.0456506e-06,0.0018315737,5.796312e-07,2.1581835e-05,3.303232e-07,1.3559621e-09,5.8986675e-06,3.372958e-06,0.09199946,1.13848124e-07,2.0102711e-06,3.456473e-05,1.8942401e-07,0.00011777682,0.0019242659,1.1271865e-05,0.00010799836,5.831042e-06,3.6362428e-05,1.3077228e-05,0.03063334,0.00011302618,2.6073614e-05,5.6736575e-05,1.068452e-05,2.1174656e-06,3.1672932e-06,2.3124812e-06,1.6786761e-07,4.482801e-06,0.00028926096,5.3879085e-05,7.109184e-05,6.199395e-06,0.00034095292,1.5746014e-05,2.677747e-07,5.885614e-05,1.775644e-05,0.00068173994,6.988769e-05,1.1586617e-05,9.700545e-06,7.057591e-05,1.0328011e-05,0.006978862,8.777904e-07,8.545384e-05,1.5336584e-08,2.4282967e-06,5.213391e-05,2.203544e-05,0.0004604127,2.634883e-06,0.0001255417,1.07389184e-07,1.3447083e-05,4.5419605e-05,2.1811004e-05,9.043245e-06,0.0005135809,1.6393251e-07,4.2590332e-07,2.4546569e-05,0.0007831104,2.740826e-05,1.29375285e-05,4.8434198e-05,0.00012141851,7.947469e-07,0.000116765805,0.00077623496,1.391882e-05,7.2597118e-06,8.770443e-06,0.13599896,1.8233e-05,2.430506e-05,1.9724926e-05,1.942435e-07,7.40633e-07,3.4222834e-05,6.8087096e-09,7.5665976e-06,3.6213314e-05,0.96407485,9.7309334e-05,5.7412606e-05,1.4864612e-08,2.1418053e-05,4.4590837e-05,0.00022194628,4.6617117e-08,2.4421533e-05
BC2026_Train_0060_S15_20250617_062700_030,2.5734744e-08,4.3125932e-05,3.1747745e-06,5.6298133e-05,1.1920923e-09,4.3691228e-10,7.022567e-08,2.3263607e-07,5.371085e-08,5.241058e-07,1.3215523e-06,8.973169e-07,5.0515464e-10,1.536773e-09,1.3596059e-09,2.6171787e-08,7.873439e-09,1.7063893e-08,6.207334e-06,7.761243e-08,9.044481e-10,5.290001e-06,4.9090354e-06,8.7880983e-07,2.9206624e-06,6.4229515e-09,3.5205574e-06,2.8420033e-09,6.8715316e-08,1.2069043e-08,3.630753e-07,1.7126702e-07,0.00050367153,1.2192396e-06,1.0518467e-06,7.038302e-07,0.9792606,0.008957926,4.56116e-07,0.0003903742,4.048424e-05,2.727188e-07,5.26522e-07,3.4920438e-07,9.824319e-07,1.4141712e-06,0.00010442521,2.6285476e-05,2.4526398e-05,5.425774e-05,7.6237154e-07,3.1671013e-07,4.364547e-07,2.9449095e-07,0.00026628867,4.888449e-09,0.0013888241,3.75781e-05,7.327833e-08,2.3680289e-09,3.4926243e-06,5.7643174e-10,3.1789085e-07,1.2718995e-06,2.7699525e-06,5.813596e-07,2.670626e-08,2.8379081e-09,1.695065e-08,3.138213e-08,5.970431e-08,1.800657e-08,0.0006909078,6.606938e-08,2.9098117e-05,3.612048e-07,2.6982394e-05,8.91569e-05,2.0913699e-06,6.082725e-05,9.6553755e-08,6.0455045e-06,1.4654416e-06,3.1989134e-07,2.077233e-05,5.637197e-07,0.00011376904,8.6510285e-05,3.7381574e-06,6.392033e-05,1.28804795e-05,0.00010450999,5.2254512e-05,0.12209929,3.0701172e-05,8.674679e-07,5.7000896e-08,0.9718017,1.3773925e-05,3.2124492e-06,0.41336435,2.5392488e-05,2.2124972e-05,3.0541123e-06,1.2510582e-05,0.00044110362,4.7926483e-06,1.5890309e-07,1.0863821e-06,6.554203e-05,2.3851795e-05,5.8136386e-05,1.2399407e-06,0.00022680925,1.6740718e-07,0.016797135,9.698511e-05,7.8100384e-05,5.4241656e-05,7.942362e-06,2.9528836e-05,8.056361e-05,0.00038886195,4.8683607e-05,7.710558e-07,1.3859281e-05,1.8104143e-05,0.00043561767,4.147271e-06,1.9353105e-05,3.5063072e-06,9.187341e-08,0.00018371818,0.00014394397,3.341683e-05,6.232071e-07,0.00020891934,6.287871e-05,3.7578164e-07,1.2915967e-05,1.8397883e-06,0.03692396,1.237487e-06,8.0085476e-05,2.1674584e-06,3.0737937e-09,8.6403525e-06,7.3413007e-06,0.07002756,1.3070714e-07,1.8267249e-06,1.9342202e-05,2.916652e-07,8.431833e-05,0.0013757291,7.959802e-06,0.000111750436,1.3327331e-05,0.00011300743,7.4458085e-06,0.15868808,0.00011036875,5.964438e-06,0.00053199526,4.4018645e-05,2.9593486e-06,2.897453e-06,1.068375e-06,3.6508564e-07,3.4242552e-05,0.00026079593,4.1052357e-05,2.5518624e-05,1.0762528e-05,0.00060957274,2.6263624e-05,2.254629e-07,9.537853e-05,3.0171586e-05,0.00043116865,7.021261e-05,4.355995e-06,1.1867707e-05,6.733176e-05,3.7580892e-05,0.0012159159,2.4428527e-07,7.811774e-05,5.5046897e-08,1.6794846e-06,1.6661586e-05,1.3098246e-05,0.0010941869,2.0902453e-06,0.00040880215,4.0261352e-07,3.4693923e-05,1.4178338e-05,7.237654e-05,1.5828566e-05,0.0001329193,2.972533e-07,1.4799848e-07,8.983682e-05,0.00024774513,6.2486644e-05,8.9819705e-06,6.078504e-05,2.1910068e-05,4.833168e-07,0.00044802765,0.0009640253,2.4405072e-05,1.0038869e-05,3.711967e-05,0.04400513,9.71885e-05,1.8133433e-05,0.000105043524,4.6182626e-07,1.3380118e-06,4.844556e-05,9.598139e-09,8.8919085e-05,9.662644e-06,0.9944061,5.0753642e-05,0.00012680075,4.267119e-08,6.022165e-06,1.6617996e-05,0.00018550358,1.0757307e-07,3.8889884e-05
BC2026_Train_0060_S15_20250617_062700_035,5.138594e-08,6.027652e-06,7.976961e-07,0.00023698815,1.0342493e-08,2.4857389e-08,1.2644249e-07,3.6344215e-07,2.2523145e-07,2.881322e-06,6.017927e-05,8.438226e-08,4.0601506e-08,9.445761e-10,5.3808447e-09,3.867408e-08,7.0100774e-09,2.3018492e-09,2.1360064e-07,1.3865044e-08,2.9528816e-10,1.6952818e-08,1.4863457e-06,2.2399556e-06,5.672077e-07,5.929539e-09,1.4264484e-06,8.784828e-09,6.0412324e-09,1.830123e-08,3.515334e-06,2.3701364e-07,0.00054045004,1.0133691e-05,5.7851403e-06,5.8733235e-07,0.59190875,0.0005670497,2.94428e-06,0.0003646794,1.9388352e-05,7.834252e-07,9.902015e-06,1.4938601e-07,4.1323433e-06,8.224801e-06,5.69527e-05,0.00018034446,1.3808397e-05,4.2244974e-06,6.0885336e-06,3.0721683e-06,4.1223143e-06,3.2697476e-06,8.531477e-05,2.6651747e-09,0.020726543,5.253687e-05,1.3135802e-08,9.330966e-09,1.9925053e-06,5.3575873e-09,3.4012336e-07,7.2082834e-08,1.1654989e-06,2.0029036e-06,4.684449e-08,1.5592717e-09,1.4261353e-09,1.1542203e-07,1.1408229e-06,5.136605e-08,0.00042229664,4.450695e-06,0.00040500026,1.5877971e-05,9.892796e-05,0.00030121626,1.14506365e-05,0.0004976632,1.4839578e-06,2.6821226e-06,7.335634e-05,1.7312478e-06,3.2706543e-05,1.556609e-06,0.00042525897,7.761208e-05,8.696069e-06,1.52082475e-05,5.014046e-06,6.449047e-05,7.9219135e-05,0.12889238,8.391227e-06,3.8771354e-06,1.9185143e-06,0.4595822,3.2954977e-05,2.5698291e-05,0.03876149,1.4917525e-05,2.0283876e-05,0.00010289135,6.468756e-05,0.00048202014,6.431268e-05,1.7682027e-07,1.4025977e-05,7.702644e-05,3.8902804e-06,2.371417e-05,9.780643e-07,0.00031183654,4.2478155e-06,0.0058923312,0.00019261737,6.4121e-05,0.0002252797,4.719709e-05,1.8703704e-05,5.939726e-05,6.542944e-05,0.00010505053,1.0402538e-06,1.11528025e-05,6.4519772e-06,0.0010887925,2.9048155e-05,1.4267411e-05,1.2806397e-06,1.5119595e-07,9.157325e-06,0.00039023766,0.00014443246,8.167974e-06,2.0329267e-05,0.0037721973,4.4866e-05,0.0015731098,3.8852418e-06,6.814775e-05,1.4920072e-05,4.5680146e-05,4.5453417e-06,1.4177738e-09,3.9853843e-05,6.272922e-05,0.9662623,2.6747991e-06,3.7343998e-05,6.0620347e-05,3.292628e-06,0.00041447152,0.0020664798,9.8077704e-05,0.0003053565,4.625444e-06,0.00015241913,4.447453e-06,0.023180636,2.1822156e-05,4.1639843e-05,0.00025139572,4.730289e-05,1.7490911e-06,2.0544941e-05,1.644389e-05,3.3191454e-06,6.340624e-05,0.00022365848,7.0087094e-06,6.17501e-05,2.9173916e-05,0.00052018824,0.00012390275,2.4568574e-06,5.9186186e-05,1.3885583e-05,0.00058127224,0.00021941945,4.7245187e-05,1.2802557e-05,4.7373855e-05,4.9982213e-05,0.0010712689,6.0161955e-07,0.0031005044,4.424315e-08,5.3450993e-05,0.00035075375,0.00018029907,0.00024520088,7.689001e-06,0.00093556225,1.848702e-07,0.00012427571,0.00018620535,0.00027078338,4.537823e-06,5.2358107e-05,6.770593e-07,7.081506e-07,0.0012917755,0.0008686925,0.0001833998,0.00012903419,0.00012718848,0.0024598166,7.1363315e-06,4.7977443e-05,0.0008015919,4.1086903e-05,1.0839121e-05,4.709804e-05,0.12848437,4.9304865e-05,6.1978295e-05,5.729087e-05,2.036913e-07,1.7696432e-06,0.00015296541,1.2826574e-07,1.02296535e-05,3.7282934e-05,0.8748803,0.00017814878,1.2378104e-05,3.8125114e-07,5.3228152e-05,0.002317096,0.001986817,1.2667825e-06,7.584117e-05
BC2026_Train_0060_S15_20250617_062700_040,2.7469187e-07,1.6193017e-05,9.4397774e-07,9.075184e-05,2.0129272e-09,2.9196514e-08,4.117408e-08,2.9626299e-06,5.5544497e-08,2.9469484e-06,5.5486493e-05,8.089248e-08,1.984406e-08,3.034265e-09,7.54094e-09,9.397394e-08,8.59617e-09,8.776103e-09,1.6557032e-06,6.163503e-08,5.4106253e-10,1.01245e-07,4.1538656e-06,1.991077e-06,3.0633976e-06,1.4659833e-08,1.0714253e-05,8.178793e-09,1.4020769e-07,1.0800027e-07,1.3225938e-06,4.0938687e-07,0.0005347222,1.0061047e-05,3.3910712e-06,1.5491141e-06,0.8104554,0.0013901243,2.6662724e-06,0.00043184945,2.0925825e-05,3.76227e-07,5.4668362e-06,3.5488625e-07,2.2990523e-06,4.4008902e-06,9.102633e-05,0.00010095939,1.6535238e-05,1.2828808e-05,3.5728349e-06,1.8720393e-06,2.346061e-06,1.558032e-06,0.00019580142,6.7051835e-09,0.0119857,3.1756274e-05,3.0440344e-08,5.847651e-09,4.5489714e-06,4.1960924e-09,3.3469473e-07,3.6367413e-07,1.0456756e-06,4.047199e-06,1.5936212e-08,4.862347e-09,2.228528e-09,1.3263175e-06,3.9085845e-07,8.5219405e-09,0.0012918168,2.4610622e-06,7.499619e-05,3.0149695e-06,0.00032668954,0.0004237494,1.7519559e-06,0.00059928367,3.7925588e-06,4.168282e-06,4.5545694e-05,5.049047e-07,2.5382828e-05,9.3617354e-07,5.29591e-05,0.00013467058,7.0465544e-06,0.00013396678,9.925462e-06,5.686717e-05,5.4171604e-05,0.1409049,0.00011653055,6.561266e-06,1.4983876e-06,0.7399673,3.4432644e-05,1.1518322e-05,0.20972107,1.1830429e-05,2.9879522e-05,3.7731967e-05,4.1716154e-05,0.0005005095,3.550732e-05,8.912795e-07,4.4223516e-06,0.000113566784,2.7840815e-06,1.7039156e-05,9.618207e-07,0.00034109873,4.718512e-06,0.014195768,0.00038101012,0.0005044944,0.00025851882,1.78128e-05,5.470403e-05,0.00016447486,8.482802e-05,0.00023724996,2.734183e-06,2.4149705e-05,5.7642468e-05,0.0014227566,5.457413e-06,2.7345368e-05,1.027307e-05,3.7319882e-07,1.10046885e-05,0.00044534064,0.0001270434,3.624298e-06,5.6033652e-05,0.0005348848,8.144716e-06,0.000518238,4.4674885e-06,0.00019622942,2.1140595e-06,0.0001161,6.491992e-05,1.8790083e-09,1.28628035e-05,1.2709458e-05,0.9600382,3.208279e-06,1.8720675e-05,7.1541705e-05,1.0216833e-05,0.00021194435,0.0019704772,0.000116340816,0.00033201338,2.4419262e-06,8.71633e-05,1.528267e-05,0.0056356494,5.43265e-05,1.3315579e-05,0.0007185031,0.00021686348,4.224811e-06,3.0323019e-05,3.5667615e-06,1.8838379e-06,4.7868216e-05,0.00020676758,9.644563e-06,6.562277e-05,5.618714e-06,0.0012326234,3.279421e-05,7.52785e-07,1.7890754e-05,2.4755724e-05,0.00047845754,0.00018057539,1.6624715e-05,2.401792e-05,0.0002019921,0.00019578332,9.03754e-05,1.2259926e-07,0.00048479455,1.0013319e-08,2.002263e-05,3.08455e-05,0.0001935912,0.0010905104,4.4487556e-06,0.0005852671,5.029142e-07,0.00010901899,3.9568607e-05,0.0033585443,3.9948933e-05,2.3422637e-05,8.922108e-07,4.126562e-06,6.0816637e-05,0.00034962472,0.00070574175,0.00010966533,0.0003052622,0.0005974544,1.8412275e-06,5.5102988e-05,0.00014540987,2.4704026e-05,2.5774278e-05,0.00019541981,0.050459106,0.00010987573,0.00023440096,2.2315537e-05,1.255233e-06,1.3566996e-06,4.048463e-05,4.4016563e-08,1.323106e-05,1.2926836e-05,0.95426905,0.00014126957,3.181141e-05,1.3646525e-07,6.941373e-05,0.00021961953,0.000743615,5.691763e-07,3.541331e-05
BC2026_Train_0060_S15_20250617_062700_045,2.6079033e-07,4.7797188e-05,2.0483371e-06,0.00023481209,5.6399805e-09,6.333754e-09,5.8720858e-08,2.3476948e-06,1.1979752e-07,1.7208414e-06,4.2676922e-05,8.54059e-07,3.22129e-09,2.373265e-09,4.629571e-09,3.1806366e-08,8.548037e-09,1.0938049e-08,2.093499e-06,2.172956e-08,1.0271304e-09,2.5219194e-07,6.638031e-06,4.530541e-06,1.7327956e-06,6.0277543e-09,1.5104223e-05,1.9035487e-09,1.2376353e-07,5.3935988e-08,1.2023008e-06,2.5263074e-07,0.0011388091,6.7371075e-06,4.72228e-06,8.33431e-07,0.93667424,0.0046030898,2.8373036e-06,0.0005312045,5.8537207e-05,3.5723707e-07,7.753172e-06,3.0349966e-07,2.5674449e-06,6.090462e-06,0.0002598706,0.00018171275,4.972814e-05,3.6286532e-05,4.469977e-06,1.9458607e-06,2.2049235e-06,2.236489e-06,0.0003054942,4.440918e-09,0.0033966831,2.3336952e-05,9.818712e-08,4.8069912e-09,8.5599316e-07,2.2053308e-09,5.276445e-07,3.8993622e-07,2.9178032e-06,4.1785147e-06,3.5134455e-08,2.3520084e-09,1.3366733e-08,2.5195465e-07,8.549687e-08,9.5244985e-09,0.0030877802,4.720609e-07,6.3437255e-05,1.0962818e-06,3.372005e-05,0.00021834676,4.893041e-06,0.0007109603,6.311723e-07,4.5688535e-06,8.354709e-05,1.2041057e-06,2.2097624e-05,7.96688e-07,7.641598e-05,9.793295e-05,7.226624e-06,0.00010705577,7.2218077e-06,6.6732304e-05,4.4894114e-05,0.26545447,0.00018585147,3.5153037e-06,3.6421e-07,0.9168882,1.7905142e-05,4.1047083e-06,0.17421696,6.600555e-05,3.1065072e-05,2.9474424e-05,2.0619884e-05,0.00038622005,9.803664e-06,1.8710205e-07,2.1911849e-06,0.00016154164,1.5233763e-06,3.4363424e-05,6.7707026e-07,0.0004660913,3.2616906e-06,0.064175166,0.00039453895,0.0005153846,0.00010073686,2.4179573e-05,1.8583e-05,0.00010091944,9.8715456e-05,0.00024699068,3.6338741e-07,5.7705005e-05,2.1055721e-05,0.0006839112,4.548924e-06,7.641653e-06,3.3261035e-06,2.2353025e-07,3.9001938e-05,0.00036925927,4.401231e-05,2.9640855e-06,8.6139764e-05,0.0005165878,2.951198e-06,0.00017316578,2.72403e-06,0.00023810817,4.017332e-06,0.00013612743,4.1474964e-06,6.872039e-09,7.1137447e-06,2.5152729e-05,0.87556803,2.0879867e-07,6.8595023e-06,5.084772e-05,8.129981e-07,0.00017645568,0.004509536,4.201855e-05,0.00019317449,2.0609423e-06,7.504433e-05,5.4133186e-05,0.02293445,0.00010686565,1.1048243e-05,0.0007267101,2.8893604e-05,3.428482e-07,6.587872e-05,2.9270925e-06,1.1626081e-06,0.0001024203,0.00088957004,2.5601597e-05,2.6507827e-05,1.0358995e-05,0.0020460258,1.0886194e-05,1.9869499e-07,4.6670746e-05,1.734393e-05,0.0013227345,0.00012675661,3.0192336e-05,2.3700086e-05,4.36326e-05,0.00023940638,0.0008308435,8.789241e-08,0.000642357,4.2700394e-09,1.3153235e-05,1.5947826e-05,0.00029971977,0.0016202457,3.610881e-06,0.00021847566,2.822108e-07,0.00020057359,2.73629e-05,0.00088414457,6.105553e-05,5.5869572e-05,3.5409828e-06,8.7898246e-07,4.031961e-05,0.00015914952,0.000694228,2.976122e-05,6.123203e-05,0.00020074924,1.6611723e-06,2.9991774e-05,0.00010869844,0.00017685522,1.4623307e-05,5.8896454e-05,0.04188656,0.0001671509,0.00011267483,1.0578246e-05,5.5704965e-07,2.566723e-06,5.8827693e-05,7.13619e-08,1.6343363e-05,6.11304e-06,0.99496883,5.4611774e-05,4.991015e-05,2.974507e-07,6.372593e-05,8.1417864e-05,0.0007525528,3.234344e-07,2.2010363e-05
BC2026_Train_0060_S15_20250617_062700_050,2.3634714e-09,1.3740876e-05,4.6863124e-07,1.4342823e-05,7.5918036e-11,4.5815428e-11,5.003994e-09,1.6873846e-08,5.3676006e-09,2.7156279e-08,9.56408e-08,2.004777e-07,1.7516136e-11,5.4730644e-11,2.3716842e-10,1.189369e-09,1.5553211e-09,5.9150884e-10,5.6623537e-07,3.0500886e-09,1.03509284e-10,1.9095013e-07,5.362829e-07,9.5369e-08,8.748404e-07,4.0744205e-10,9.3138976e-07,3.1240364e-11,3.0533773e-09,3.5723957e-09,2.9506662e-08,1.0024537e-08,0.00010077799,2.4854216e-07,2.0719119e-07,6.329639e-08,0.95488364,0.0023105477,7.286008e-08,4.524228e-05,5.1273437e-06,1.4452e-08,1.2986212e-07,1.3075185e-08,2.2318945e-07,3.7482172e-07,7.5216354e-05,3.854095e-05,4.5532074e-06,7.888457e-06,1.4638044e-07,6.650164e-08,7.162318e-08,3.7046725e-08,4.5410598e-05,5.9135996e-10,0.00015665265,8.89035e-07,1.5723316e-09,2.7519721e-11,1.7701524e-08,2.8310607e-11,1.8515795e-08,3.2987955e-08,2.6624225e-08,3.332815e-07,3.7063315e-09,3.092646e-10,1.0512123e-07,2.2048219e-09,4.6526045e-09,2.5937759e-09,0.00025818113,6.302593e-08,1.7402495e-05,3.6356724e-08,7.6000015e-06,5.4472224e-05,6.861381e-08,7.071457e-06,9.672795e-08,1.3159935e-06,5.815774e-07,8.81797e-08,9.0400886e-07,3.821258e-08,2.4395686e-06,7.2216153e-06,3.561557e-07,0.00010495922,1.0111701e-06,7.4039403e-06,1.3095386e-05,0.5093025,4.364461e-06,1.5684931e-06,1.9880202e-08,0.8077186,5.6944186e-06,2.1860274e-06,0.26354602,1.3083463e-06,1.1207467e-05,2.2728225e-06,2.0793361e-06,0.00019229883,8.123247e-08,1.3192547e-08,2.9828047e-07,7.632371e-05,9.598533e-07,6.253365e-06,8.703428e-08,7.070079e-05,9.822233e-08,0.010469323,2.2461812e-05,0.00015128538,6.689947e-06,3.2066703e-06,4.2521197e-06,2.7917444e-05,2.7138754e-05,3.3325654e-05,4.371645e-08,9.298134e-06,2.7135133e-05,1.0811598e-05,1.4719474e-07,3.4529548e-06,4.6157663e-07,1.732799e-07,3.5259673e-06,2.4638033e-05,1.549773e-05,2.6926073e-06,0.00062816584,1.0324417e-05,5.9534425e-08,9.259138e-07,8.1828226e-08,0.00028118,4.1981286e-07,2.8264003e-05,7.227949e-07,1.5909622e-10,3.591809e-07,1.5552766e-07,0.04692901,4.4698044e-08,1.3580874e-06,4.751086e-06,1.2219841e-07,7.855808e-06,0.0012727518,3.0885162e-06,1.696284e-05,1.7526814e-07,3.4686718e-06,7.819497e-06,0.012675329,4.127572e-05,6.992533e-07,4.0245162e-05,1.74096e-06,1.6350877e-07,1.880662e-05,3.6896807e-07,1.1168514e-08,1.4729933e-05,0.00012432289,3.7362472e-06,8.2300185e-06,4.3437558e-07,0.00037687062,1.1953839e-06,3.6628666e-08,8.038796e-06,2.5937459e-06,0.00015251887,8.710694e-06,1.8964779e-07,2.4904095e-06,5.2660307e-05,0.0003980281,0.0002549938,7.4032562e-09,2.2656204e-05,1.1916966e-09,2.0042856e-07,1.5133088e-05,6.3525545e-06,4.124102e-05,6.184805e-07,6.376325e-05,1.4776606e-07,1.7073313e-05,1.5332612e-06,7.228005e-05,4.2098054e-06,7.897407e-06,9.605322e-08,6.833797e-08,6.5312433e-06,2.3021368e-05,8.110836e-05,3.1030243e-06,4.1652065e-06,5.271789e-05,4.510106e-08,1.4729272e-05,3.0086223e-05,3.194656e-06,2.5027664e-06,1.5881355e-06,0.00468154,1.2626439e-05,2.5462858e-05,2.7876576e-06,2.1438042e-07,2.0704641e-07,6.437681e-06,3.1468428e-09,1.572657e-06,2.286554e-06,0.9812754,9.771118e-06,2.2251721e-05,7.951857e-09,1.1198898e-05,1.3261732e-06,9.717368e-05,7.069547e-09,1.001017e-05
BC2026_Train_0060_S15_20250617_062700_055,1.0684566e-06,6.550467e-05,1.004654e-06,0.000107369626,6.045281e-08,6.4690693e-09,1.2094222e-07,9.815573e-07,8.425888e-07,6.828149e-06,2.541154e-06,4.052441e-07,5.9047776e-09,2.3744784e-09,3.463464e-08,4.835113e-08,6.39673e-08,1.16009225e-07,3.4738428e-06,4.695953e-08,1.445881e-08,1.7486177e-07,1.2295007e-05,1.9201086e-06,1.3960202e-05,1.917967e-08,5.490599e-06,3.103686e-09,3.306651e-08,1.0459762e-07,1.0133305e-05,2.6317764e-06,0.0013358829,2.741069e-05,7.1164186e-06,1.2531897e-05,0.95426035,0.015081706,3.5066384e-06,0.0023223935,7.0975875e-05,3.1968561e-06,8.66505e-06,2.669043e-06,9.086703e-06,1.4054176e-05,0.0004502864,0.00022299968,8.265993e-05,7.546839e-05,2.0272213e-05,9.498806e-06,1.3891331e-05,2.3963494e-06,0.0019664117,1.4175015e-08,0.003997435,7.397663e-05,1.3496752e-07,1.10440446e-07,9.603991e-07,2.8575593e-09,4.3767096e-07,1.1771609e-06,1.9123547e-06,3.99152e-06,9.665101e-09,7.839498e-09,3.3429494e-08,9.841493e-08,6.331105e-07,1.00435074e-07,0.00038645964,1.6278049e-05,0.0002534,9.4281273e-07,9.358512e-05,0.00076054235,5.3445838e-06,6.766512e-05,5.7812354e-06,1.314827e-05,3.3413067e-05,3.1777554e-06,5.227081e-05,1.0179216e-06,7.71489e-05,8.187036e-05,2.377175e-05,9.4336676e-05,2.127279e-05,1.7946957e-05,1.3174653e-05,0.031491145,8.917722e-05,4.9094892e-06,7.538821e-07,0.3052064,2.6739814e-05,2.3371108e-06,0.53546065,7.167391e-05,8.8750334e-05,2.2915878e-05,4.6869223e-05,0.00019115132,7.072561e-05,1.8468236e-07,4.6033656e-06,0.000527441,6.6795305e-06,3.676533e-05,1.0598518e-06,0.0010314093,0.00018056108,0.046331987,0.00023411683,0.00015213687,0.00022147465,1.23162245e-05,5.166739e-05,0.0001375325,0.0002151602,0.0003539457,6.2360954e-07,8.6080974e-05,0.00012552805,0.0011903084,2.9031398e-05,4.375715e-05,8.529825e-06,9.091601e-07,1.7912265e-05,0.00039756903,0.00010327501,0.00019668929,0.0007346096,0.00017011374,2.1915961e-05,6.543212e-05,5.4487596e-06,0.0007428416,3.2076467e-05,0.00037319586,9.65104e-06,2.966048e-08,0.00010784729,1.6710677e-05,0.21353209,8.8933604e-07,3.8551574e-05,0.00041147723,8.985715e-06,3.1304648e-05,0.005422423,5.2034524e-05,0.0002557171,5.9777864e-07,4.906776e-05,2.368847e-05,0.023872718,0.0013378916,6.6493467e-06,0.00036931437,0.0004583218,1.7663534e-06,6.520545e-05,1.0119332e-05,9.4671753e-07,6.943816e-05,0.00034798216,5.83174e-05,0.00028085607,4.026428e-05,0.0014912182,4.9324994e-05,1.4910869e-05,0.0003732154,6.9429945e-05,0.00020825368,5.0869985e-05,1.4694225e-05,9.433897e-06,5.1411957e-05,0.0016333512,0.00089078676,3.0426563e-07,0.00010676309,3.8053297e-08,4.6942496e-05,0.0001541764,0.00041425746,0.00060007186,4.7039994e-06,0.00076032814,3.1241211e-06,0.00013540788,5.2773674e-05,0.0004625059,0.00011582653,3.453584e-05,2.9494922e-05,3.6726617e-06,8.39966e-05,0.00025916196,0.00039169588,0.00015204825,6.98707e-05,0.001901205,1.4611435e-06,0.0002653469,8.833753e-05,8.2580984e-05,5.5736644e-05,3.9651328e-05,0.29290587,0.00021864238,0.0002364997,2.4276012e-05,7.206404e-06,1.3845828e-06,8.795114e-05,3.3778494e-07,7.198145e-05,2.8686864e-05,0.996114,8.1892926e-05,9.399609e-05,6.5017275e-07,0.0003401886,2.2700391e-05,0.0004745208,2.2779581e-07,5.584731e-05
