row_id,1161364,116570,1176823,1491113,1595929,209233,22930,22956,22961,22967,22973,22983,22985,23150,23154,23158,23176,23724,24279,24285,24287,24321,244024,25073,25092,25214,326272,41970,43435,47144,47158son01,47158son02,47158son03,47158son04,47158son05,47158son06,47158son07,47158son08,47158son09,47158son10,47158son11,47158son12,47158son13,47158son14,47158son15,47158son16,47158son17,47158son18,47158son19,47158son20,47158son21,47158son22,47158son23,47158son24,47158son25,476521,516975,517063,555123,555145,555146,64898,65377,65380,66971,67107,67252,70711,738183,74113,74580,760266,ashgre1,astcra1,bafcur1,baffal1,banana,barant1,batbel1,baymac,bbwduc,bcwfin2,bkcdon,bkhpar,blchaw1,blheag1,blttit1,bncfly,bobfly1,brcmar1,brnowl,bucmot4,bucpar,bufpar,bunibi1,burowl,camfli1,chacha1,chbmoc1,chobla1,chvcon1,cibspi1,coffal1,compau,compot1,crbthr1,crebec1,dwatin1,epaori4,eulfly1,fabwre1,fepowl,ficman1,flawar1,fotfly,fusfly1,gilhum1,giwrai1,glteme1,grasal3,greani1,greant1,greela,grekis,grepot1,gretho2,greyel,grfdov1,grhtan1,gycwor1,horscr1,houspa,hyamac1,larela1,lesela1,lesgrf1,limpki,linwoo1,litcuc2,litnig1,mabpar,magant1,magtan2,masgna1,nacnig1,ocecra1,oliwoo1,orbtro3,orwpar,osprey,pabspi1,palhor3,paltan1,phecuc1,picpig2,pirfly1,plasla1,platyr1,plcjay1,pluibi1,purjay1,pvttyr1,ragmac1,rebscy1,recfin1,redjun,relser1,rinkin1,rivwar1,roahaw,rubthr1,rufcac2,rufcas2,rufgna3,rufhor2,rufnig1,ruftho1,ruftof1,rumfly1,ruther1,rutjac1,sabspa1,saffin,saytan1,scadov1,schpar1,scther1,shcfly1,shshaw,shtnig1,sibtan2,smbani,smbtin1,sobcac1,sobtyr1,socfly1,sofspi1,souant1,soulap1,souscr1,spbant3,spispi1,sptnig1,squcuc1,stbwoo2,strcuc1,strher2,strowl1,swthum1,swtman1,tattin1,thlwre1,toctou1,trokin,trsowl,undtin1,varant1,watjac1,wesfie1,wfwduc1,whbant2,whbwar2,whiwoo1,whlspi1,whnjay1,whtdov,whwpic1,y00678,yebcar,yebela1,yecmac,yecpar,yehcar1,yeofly1
BC2026_Train_0007_S09_20250829_000000_000,9.539958e-06,6.5230764e-05,3.3842596e-07,7.4804134e-06,5.5517745e-07,2.3882799e-06,3.6691534e-07,2.0073132e-06,6.9967217e-07,0.0006689822,0.00027842302,3.1018004e-07,1.6731365e-06,1.670885e-07,3.886283e-07,8.989075e-07,1.9680233e-07,4.001186e-07,2.3072796e-05,2.800189e-05,9.863043e-09,1.6113908e-06,2.1607637e-05,9.04277e-06,1.1015765e-06,1.5971631e-08,0.00010434459,6.428466e-06,2.6454794e-05,1.5381764e-05,0.0005256119,3.776271e-05,0.0011632334,0.0015617767,1.3818239e-05,0.000101003105,0.009086072,8.310854e-05,7.651464e-05,0.0014012601,0.00090426236,0.00036535447,0.00014833282,8.142713e-06,0.0002114623,0.0001847555,0.0019362837,0.0003677806,8.567029e-05,2.2686649e-05,1.2104671e-05,3.1879677e-05,5.579057e-05,0.00080457336,0.00092504325,2.4677367e-06,0.9882492,0.000529692,2.7247075e-05,4.2198764e-07,9.748748e-05,3.1243397e-07,6.310036e-06,5.9038675e-06,1.1852032e-05,2.275282e-05,1.1699423e-06,1.4601096e-07,2.6182252e-07,5.7289094e-06,1.1338182e-06,2.6778741e-08,0.00078187924,4.15212e-05,0.007537226,0.00026981925,0.00014460954,0.0010542856,2.7893653e-05,0.00076323014,4.6749888e-06,1.5290836e-05,0.00024299341,0.00028500962,1.2329376e-05,0.00054284994,0.0008691081,0.002248045,0.0014990801,6.0855975e-05,0.00021736237,0.0004238904,0.0011353218,0.0017334495,0.0004803671,0.0003906748,9.432354e-05,0.01204244,0.00013493845,0.00021147927,0.0022643069,3.240273e-05,0.0012547786,0.00039115833,0.00026690707,0.0016435072,7.8447614e-05,1.0302337e-05,0.0003459486,0.0018485254,9.312071e-05,0.0022552223,0.0015657203,0.0021556846,6.595815e-06,0.025350654,0.008195135,0.0015134008,0.00019999479,0.00016716603,0.0004565411,0.0013632352,0.00033729314,0.008598105,1.0012108e-05,0.0001027237,0.0005624611,0.00035534494,6.422883e-05,0.0006216739,0.00024841074,8.920623e-05,9.303586e-05,6.4289256e-05,0.000873843,8.970286e-07,0.0017842768,0.004219369,0.0004816851,0.00069262384,3.2766136e-05,0.0003596617,5.720938e-06,0.015863895,1.9491114e-05,5.822246e-07,0.0018292781,9.730296e-06,0.029444825,0.00035258426,5.1752253e-05,0.00012621844,0.00024091355,0.0011844949,0.0014396611,0.0019659605,0.0034455685,4.3949814e-05,0.00051759696,8.7426604e-05,0.010465926,0.0010565192,0.00011345227,0.00035222634,0.0001963215,0.00034367462,0.0021215666,6.369379e-05,4.393096e-05,0.0063430616,0.006989106,1.8929196e-06,0.013610513,0.00035257236,0.0012762328,6.815483e-05,9.52119e-06,0.000577111,0.0005000846,0.0034225043,0.0069793533,1.04093715e-05,0.00018513834,0.0001329917,0.0017923045,0.0001522075,4.5598e-06,0.014306423,0.0010694722,0.00012729282,0.00065944367,0.0004034606,3.687629e-05,0.00084962766,0.0018611355,0.0005053087,0.005422194,0.00048001026,0.020275684,0.00040856763,4.0400897e-05,1.1307527e-06,2.1236701e-06,0.00034176162,0.00010816564,0.0012681928,7.535686e-05,0.00023546068,3.1120162e-05,0.00021627024,0.00073691824,0.0004791956,0.0008291545,0.0008493027,0.0009023237,0.011666869,0.0007154049,0.00061521266,0.00023799126,1.4104352e-05,0.0011593595,0.00018619167,0.0009488134,0.00032691975,0.0004765302,0.04855267,0.00019009513,0.0023433876,2.261972e-05,0.0007764372,0.00015079313,0.0004183117,9.8165845e-05,0.0035859973
BC2026_Train_0007_S09_20250829_000000_005,7.759023e-06,0.00018344002,1.09671745e-07,1.5066603e-05,9.159556e-08,6.576361e-07,3.7456624e-07,2.9752778e-06,1.9757817e-06,7.4913565e-05,0.0007348204,9.809779e-07,1.9970958e-06,5.2155593e-07,8.150206e-08,1.7710055e-06,1.7290732e-07,6.698551e-07,8.344854e-06,8.533193e-06,2.02546e-08,8.3753575e-06,1.805232e-05,5.081958e-06,2.0459806e-06,1.2875152e-07,6.333347e-05,2.5703219e-05,7.6227584e-06,5.508914e-06,0.0011183881,2.7280224e-05,0.0011171779,0.0017642152,6.774759e-06,4.321778e-05,0.0033738662,9.99144e-05,5.278721e-05,0.0002237792,0.0013109928,0.0001673496,4.67008e-05,2.6983296e-06,1.2346708e-05,1.4961834e-05,3.657213e-05,0.00019868123,9.481023e-06,6.8971553e-06,6.8369195e-06,4.533104e-06,1.3977587e-05,0.0017504143,8.408058e-05,3.671401e-06,0.7137162,0.00020501237,2.2423565e-05,1.3469765e-06,2.3287155e-05,1.8353006e-07,4.486727e-06,9.543617e-06,1.2284754e-06,2.1366091e-05,4.774801e-07,5.9326634e-08,6.892096e-09,2.495628e-06,1.7689835e-07,1.5251373e-08,7.822038e-05,2.7809327e-05,0.0050605047,0.014898712,7.10469e-05,0.00030448465,2.1070886e-05,0.00021621601,7.730705e-06,8.333496e-06,6.793713e-05,5.206672e-06,5.135031e-06,0.00064241514,0.006648849,0.0010442651,0.0012413983,8.8303495e-06,0.0009988339,0.0024274543,1.8024726e-05,0.0013493475,0.00011603247,4.7016238e-05,2.0488376e-05,0.0019541292,1.6818065e-05,0.00011415329,0.0013957768,1.3783399e-05,0.00083187805,0.005971691,0.00011144025,0.00016938102,9.350484e-05,7.241912e-06,3.5874196e-05,0.001759328,6.1826344e-05,0.00034687243,0.00037989306,0.00064145273,4.447814e-06,0.014626531,0.00026178517,1.0576702e-05,0.000110873065,5.5438628e-05,0.00061751314,0.0011167832,0.00030971217,0.000118032716,8.765725e-05,2.0705106e-06,0.00013306412,0.00014334581,4.0143317e-05,0.00039861453,5.8511472e-05,2.0738285e-05,0.00018288134,3.67359e-06,0.00019458146,5.551644e-06,0.00017440709,0.0030421244,0.00024603715,0.00081017305,9.65573e-05,0.0013166387,8.324711e-06,0.00013630785,8.451717e-05,1.6189178e-08,0.0015185305,6.9773514e-06,0.010297477,0.00040897055,4.20716e-05,6.9510975e-06,0.00019305738,0.0017061976,0.00010808119,0.00076811766,0.0028877708,1.01346095e-05,0.00068809505,2.1921276e-06,0.0013029012,0.00022295119,5.9114893e-05,0.00018401498,7.0353424e-05,0.00019968914,0.00043496664,0.00013317038,2.6284946e-05,0.0012814385,0.00015859779,1.2946311e-06,0.00097406004,7.7740224e-05,1.6223868e-05,0.0027646716,2.3800672e-05,0.0012018547,0.0002374147,0.0002973574,0.0017531133,2.3766346e-07,3.1385116e-05,9.291545e-05,9.848106e-05,0.00057787914,1.6522707e-06,0.0004322743,8.289089e-05,0.0008010384,0.0003222125,9.7932665e-05,8.3190525e-06,5.64654e-05,0.00088592054,0.00012765481,0.0002756941,0.00028382245,0.000311268,1.42992285e-05,1.8119688e-05,1.7999245e-06,9.255672e-08,0.0008544579,2.8534289e-05,0.0038041275,0.00015875832,0.00025293345,6.8676063e-06,0.00011667287,0.00027053925,0.001645383,8.9311e-05,4.688612e-05,0.000120596844,0.010361231,0.0003879866,0.00010909939,0.000339656,1.9029498e-05,8.314239e-05,0.00012013419,2.1684778e-05,1.7006316e-05,5.0148265e-05,0.058740135,0.00034702625,0.004460081,1.7554463e-06,5.616841e-05,3.741229e-05,0.0001749881,3.9040833e-06,0.0011593562
BC2026_Train_0007_S09_20250829_000000_010,1.7648697e-08,6.2357544e-06,6.3608324e-10,9.579913e-07,1.662871e-10,2.0196543e-08,7.58898e-11,2.4437073e-08,2.8409262e-08,5.7792727e-07,2.1084884e-06,9.514526e-10,2.8402109e-08,1.7286282e-09,2.4454128e-09,9.857461e-08,2.583485e-10,8.9453405e-09,1.169805e-06,3.7191265e-07,7.77e-11,3.5708716e-08,1.2416541e-06,5.9157596e-08,2.1714978e-08,3.0064833e-11,1.1883033e-07,5.4785824e-07,6.7345366e-07,3.146218e-07,9.228539e-07,4.5469765e-06,4.582063e-05,1.1908373e-05,1.6859777e-07,7.826413e-06,0.00042705092,5.1061947e-06,6.6726784e-08,1.0291426e-05,7.1596736e-07,1.4998686e-07,2.8834336e-07,3.6408673e-07,3.0658057e-06,3.506197e-06,4.32299e-05,3.6484453e-05,8.642623e-07,4.832541e-07,2.7940214e-07,2.3854562e-07,1.2070566e-07,6.3935397e-07,2.8768338e-05,4.73208e-08,0.9835945,9.63163e-06,3.9384915e-08,6.0717293e-09,6.880856e-08,4.3312462e-10,4.3478673e-07,1.195181e-06,1.6848729e-08,2.1325699e-08,7.0476154e-09,1.557128e-10,2.0688893e-09,2.1082677e-08,7.887105e-08,1.036729e-10,7.301117e-05,7.985227e-07,0.0029109602,0.012004538,9.8909564e-05,0.0005471782,1.5825124e-05,2.331771e-05,4.88057e-07,1.1203107e-05,3.1554837e-06,1.5076621e-05,1.2221139e-05,0.000130744,0.000984808,0.0016272734,0.0006985538,1.2472166e-06,5.2574556e-05,6.867977e-05,1.6774464e-05,0.0002809758,3.134151e-05,4.5400073e-05,1.4334701e-06,0.0009534401,5.336468e-07,3.6593062e-06,0.0015181359,1.1362825e-07,0.00096535665,1.9393347e-05,1.6049791e-05,0.00015010066,3.3377783e-05,6.1769475e-07,6.705425e-05,0.0008852088,6.557137e-06,1.717815e-05,0.00045144727,0.0023869164,1.9000421e-06,0.00275725,1.8386168e-05,2.021152e-05,0.00012887741,1.3060365e-05,4.9566133e-05,1.62121e-05,0.00020973045,0.0002504371,4.0108324e-07,7.363861e-07,1.5991443e-05,5.5375698e-05,0.00014407895,0.00063884945,3.6542362e-05,9.270021e-06,1.20899385e-05,3.2731982e-06,4.3344535e-05,1.0449777e-06,0.0042160763,0.0005039878,0.0026305567,1.43625875e-05,1.120642e-05,4.7313624e-05,2.1347272e-05,0.000710234,2.86222e-07,1.3817747e-10,0.00051606883,6.2711274e-07,0.0005940891,2.8078714e-05,3.0085212e-06,6.0789207e-06,0.00013841607,6.904081e-05,0.00019589833,0.00038058124,0.0011577415,2.541925e-06,0.007587097,1.0907443e-06,0.002077933,0.0005981321,3.7573293e-05,5.330927e-05,1.5531346e-05,0.0019279098,0.00027164986,3.1322357e-05,6.9952534e-06,0.0011788881,0.00021983219,3.8929187e-08,0.0001655634,0.00042707738,8.922695e-06,1.1701815e-05,4.0203136e-06,0.00025270108,2.820275e-05,0.00072453776,0.008837438,2.8396964e-06,1.4540971e-06,8.099714e-05,0.00086301967,0.0010154505,2.352017e-07,0.0002265186,0.0034430334,0.00058178854,0.0005107545,6.374043e-06,2.7747221e-06,0.00011200285,0.000962379,3.1117583e-05,0.00069182395,4.7568927e-05,4.1572468e-05,8.515886e-05,1.572364e-05,7.6928785e-07,1.1165446e-08,0.0022785089,2.3428469e-05,5.551598e-05,8.6429645e-06,1.9549214e-05,5.6198794e-05,9.1759875e-06,1.8976365e-05,6.74639e-05,2.2568525e-05,1.3656198e-05,3.972055e-05,0.038086873,0.0008724432,3.1002033e-05,0.00030423916,1.8596585e-07,4.5960413e-05,0.00021316114,2.9521102e-06,0.00084766746,0.009088675,0.015702596,0.00013201768,0.0005683651,4.9491325e-07,4.3080592e-05,2.9679832e-06,3.222302e-05,4.0023565e-06,0.00035046766
BC2026_Train_0007_S09_20250829_000000_015,5.2162513e-08,4.0410876e-05,4.8323914e-09,3.9590233e-07,7.2124784e-08,5.063242e-08,2.9594363e-08,2.499553e-07,2.2389133e-06,8.720133e-07,5.1617055e-05,6.0707016e-08,4.5332155e-07,3.6876187e-08,7.1707376e-08,9.127936e-08,6.4804395e-10,4.881515e-06,2.0163345e-06,6.180777e-05,3.5050702e-09,2.87337e-06,2.8886377e-06,1.4364147e-07,2.7434703e-08,2.585092e-10,1.0507244e-05,4.214005e-07,1.7987234e-07,2.6163139e-06,1.6436004e-06,6.044623e-07,6.9419156e-07,4.3130585e-06,9.955912e-06,5.1672864e-06,1.6041841e-06,1.6580892e-06,1.8225222e-08,8.594995e-06,1.3859526e-06,5.8170066e-08,8.11979e-06,5.038008e-07,1.7709359e-05,2.3215312e-05,4.107053e-05,1.8981927e-06,1.511449e-07,3.964362e-07,1.1279561e-07,1.1302858e-06,4.5519573e-06,1.7224866e-06,0.000109107175,2.1958884e-07,0.6586493,2.1530726e-05,6.704789e-07,1.5038511e-05,1.5303672e-06,5.9613705e-09,3.3377802e-07,9.1855674e-07,7.592892e-07,1.8936178e-05,3.2897034e-08,1.7065716e-08,1.349766e-10,1.652378e-07,1.854428e-08,1.0121888e-08,3.6865007e-05,0.00029661867,7.046979e-05,0.000111558154,0.00014076571,0.00031355847,1.3143919e-06,0.000100153644,1.2732685e-06,1.1138102e-05,8.942938e-05,2.5849304e-06,1.0784357e-06,1.9587971e-05,0.00023407934,0.0019478832,0.0003881301,9.842024e-07,0.00013724033,0.0001362182,5.775041e-07,0.0001522023,0.00016782052,0.00017545842,2.8013805e-05,3.3926288e-05,6.4119527e-06,2.5346593e-05,4.1477692e-06,4.1759777e-05,0.00015416538,2.5097144e-05,5.291908e-06,0.00025850898,3.559537e-05,8.7523347e-07,0.00020877775,0.0003693392,1.2750613e-05,0.000424013,2.4876988e-05,0.0026348175,9.9785075e-06,0.00038400388,0.00030799638,0.0001492344,0.00018225709,1.0377773e-05,1.8294519e-05,0.012943084,4.9337552e-05,0.004051474,1.18947675e-07,3.900385e-06,4.677691e-06,3.1153893e-05,7.2827675e-06,8.249174e-05,4.8181055e-06,7.653471e-05,3.1016602e-06,6.0154673e-07,2.6580174e-05,1.1620994e-08,0.0002492261,0.03842378,0.00030451312,4.761292e-06,1.1394419e-06,5.4111723e-07,1.7327691e-06,0.0004681812,7.71649e-06,2.240796e-08,0.0011009838,3.0265394e-07,0.00012022083,3.5536046e-05,1.230052e-05,3.2534485e-06,4.2868185e-05,1.9831097e-05,0.005073404,0.0006360563,0.09104385,7.8884426e-07,0.003940676,3.4117113e-06,0.00014387124,0.00094493735,7.282316e-06,1.8036762e-05,2.212728e-06,1.2940995e-05,2.9478613e-05,2.7086215e-05,8.3348766e-08,0.0018893632,0.00045373166,2.5394838e-08,0.0010435078,9.082432e-06,0.0008078669,2.1780177e-06,9.72597e-07,0.011764297,2.4178029e-05,0.0004608224,0.0010253931,3.0233286e-07,8.6455286e-05,0.0002244459,0.0019057682,9.1860216e-05,1.1658997e-07,0.0009792293,0.000322793,9.6393815e-05,9.450072e-05,0.00043270405,1.7076304e-06,0.0005019957,0.00024187904,5.1444076e-05,0.0015474712,9.675867e-06,8.4188825e-05,2.4508092e-05,1.4411571e-06,8.003494e-06,5.3515925e-09,0.0003967293,1.4517177e-05,0.00023154178,2.9521092e-05,3.3218155e-05,1.1438749e-05,1.7484574e-05,2.5687732e-05,4.4144967e-05,3.441029e-05,5.646858e-05,0.0006290954,0.000621881,0.0009053841,0.00013020192,7.709668e-05,1.2506719e-06,1.67681e-05,1.34838865e-05,1.5991336e-05,2.6122073e-06,0.0026269185,0.003115343,0.0005354798,0.0074854367,1.6431977e-06,1.8851259e-05,3.0426872e-06,9.452307e-05,5.1120173e-06,0.0011885138
BC2026_Train_0007_S09_20250829_000000_035,4.484527e-07,2.9964065e-06,7.7019685e-10,8.074417e-07,6.30759e-10,1.4915697e-07,1.028534e-09,2.268519e-07,2.0588627e-07,0.0001001567,4.220285e-06,1.6050778e-09,1.1546955e-08,1.6274123e-09,5.5766836e-10,7.026948e-08,1.3221861e-09,1.3678435e-09,1.7308565e-06,1.3712971e-06,4.566493e-11,2.5397702e-07,7.1290674e-07,7.020363e-07,1.1266005e-07,7.8841045e-10,6.475632e-05,8.562581e-06,1.1326359e-06,7.460775e-07,0.00043477965,2.4563897e-05,0.0043510324,9.139101e-05,4.5418653e-07,3.868563e-06,0.016818535,2.8684839e-05,1.3969719e-06,1.0672371e-05,0.00027927908,0.00027601075,3.0832016e-06,4.7345992e-07,2.4771068e-06,1.5602266e-06,2.2663531e-05,0.00041154373,2.2334816e-06,3.2039785e-07,4.7418294e-07,6.9372766e-07,1.4847305e-06,0.00037845154,9.86805e-06,2.7904022e-08,0.97421205,0.00013209134,8.126919e-07,8.9435694e-08,1.5291695e-06,1.14893636e-10,1.9567703e-07,1.8330162e-07,5.0218097e-07,4.336711e-07,3.130149e-08,3.0363552e-09,2.8462385e-10,6.9679754e-07,2.7208789e-09,5.3832615e-11,4.1153185e-06,1.4995327e-06,0.00033001517,0.00035318546,4.1092553e-06,3.1049934e-05,6.694802e-07,0.00014290502,7.999109e-08,9.952513e-07,2.6618363e-06,2.2642998e-07,3.3329167e-07,6.0320788e-05,7.544342e-05,3.1441887e-05,7.518078e-05,2.405239e-07,0.00029024386,8.253847e-05,1.6385033e-05,0.0006631997,4.750153e-06,6.261803e-06,5.809527e-07,0.030362923,1.00204495e-07,1.7411129e-06,0.0012740145,2.8557852e-07,4.7696656e-05,0.00028397457,4.345848e-05,6.8765853e-06,6.925979e-06,2.790632e-07,9.738704e-07,5.3619824e-05,1.2918489e-06,3.2107564e-05,1.4200962e-05,3.052196e-05,1.8762793e-07,0.00046746145,1.9682555e-05,2.1822384e-06,6.7857004e-06,9.536569e-07,2.9821109e-05,5.7930785e-05,5.192158e-06,3.084432e-05,5.6887575e-06,2.3447429e-07,1.0427445e-05,1.1235837e-05,4.813343e-06,1.49946445e-05,1.9098577e-06,8.4578585e-07,3.5668356e-05,1.1308459e-07,8.179331e-06,3.510683e-07,0.00020052542,0.0001961127,3.022829e-05,0.00018496631,1.6585572e-06,6.700848e-05,8.9583715e-08,2.4459803e-05,7.279798e-07,4.944948e-10,6.0845996e-05,2.2466509e-07,0.006222519,2.0854206e-05,6.874165e-07,1.8781088e-07,7.171754e-06,0.00029233113,2.2031656e-05,3.6982896e-05,7.860509e-05,8.7159015e-07,0.00016963705,6.0086103e-07,0.00028489876,1.2872326e-05,8.9986606e-05,1.9044495e-05,3.191617e-06,0.00018899559,1.9659386e-05,1.7325048e-05,2.5564723e-06,4.421879e-05,3.1294232e-05,2.8905929e-09,4.457119e-05,1.2268713e-05,1.565352e-06,4.3777727e-05,1.6466346e-07,2.5533644e-05,5.9960735e-06,0.00040344713,0.0012186911,2.8038627e-08,6.4712304e-07,1.2767087e-05,6.1594274e-06,2.4884961e-05,2.3447175e-08,3.3854634e-05,1.8501781e-06,6.240863e-05,2.354496e-05,3.0058973e-06,6.666139e-07,3.1707323e-06,7.58934e-05,1.9010733e-06,6.5484824e-06,1.0109801e-05,1.368309e-05,8.346111e-06,2.1745102e-06,9.674197e-08,3.061483e-09,4.943009e-05,9.666883e-06,0.00016601804,3.4369093e-06,2.9738892e-05,7.2556156e-07,6.6971415e-06,2.2662753e-05,1.2262361e-05,1.4579696e-05,1.4422048e-05,4.3835043e-05,0.00087231316,9.7176935e-06,1.1775994e-05,4.020889e-06,6.6030947e-07,4.0642753e-06,4.770771e-05,2.3888947e-06,5.560571e-07,1.8167648e-06,0.030866312,1.376031e-05,0.0010132394,1.0245227e-08,5.386682e-06,4.878541e-06,7.369816e-06,1.3997778e-06,2.8847324e-05
BC2026_Train_0007_S09_20250829_000000_040,1.348882e-08,5.689229e-06,7.3994864e-09,8.498964e-05,4.161644e-09,8.5323045e-08,4.894049e-08,1.1848484e-07,6.869853e-08,0.0015230915,0.0014317906,2.0868721e-07,1.8479355e-07,1.7692129e-07,7.812807e-09,1.0143912e-06,3.6553556e-09,8.448934e-07,0.00011669123,3.1711406e-06,5.3273745e-09,4.650935e-06,5.7063626e-06,4.791373e-07,2.3840628e-06,1.0769943e-09,1.192418e-05,7.473131e-08,8.851257e-07,1.8832469e-06,0.0009143444,1.4027049e-05,0.0022706469,0.0004892479,2.3702705e-06,2.9692942e-06,0.7248263,0.0027370045,7.274021e-05,9.6710915e-05,0.0026326228,3.162653e-05,2.7237256e-05,5.9895814e-07,0.0002951031,0.00020429488,0.0007317711,3.779892e-05,4.6155954e-05,0.00031417335,2.472264e-06,1.3568675e-05,1.5322177e-05,0.00035661415,0.00053695333,4.3610015e-08,0.14517808,0.0008762576,5.935205e-07,8.967291e-09,7.4702116e-06,2.949562e-09,8.1440663e-07,1.0068649e-05,1.2341201e-06,3.8650337e-06,2.1436176e-08,3.3967062e-09,4.739654e-10,7.268991e-08,1.8143893e-07,6.402644e-10,0.00020703272,4.5049533e-06,0.010334525,4.3438507e-05,4.252279e-05,0.00054934405,1.1325634e-05,3.8466304e-05,7.602797e-07,6.406086e-06,1.3812242e-05,7.269704e-07,1.8665449e-05,1.9156758e-05,0.0011329337,0.00044834637,0.000714559,3.1816612e-06,4.9180468e-05,0.00017172865,7.4283224e-07,0.00022389212,0.00071522803,3.8569447e-05,2.239379e-06,0.020291451,7.8518747e-07,5.8226287e-06,0.32383478,5.227261e-07,0.00097427866,0.0006668081,9.0807414e-05,0.0015660685,0.00013104905,1.0195091e-06,4.4654535e-05,0.0007199188,7.773771e-05,1.8178953e-05,0.00072010653,0.0015582964,3.4107386e-06,0.025175594,0.00022542171,3.792348e-05,0.00020673702,2.8824938e-05,0.00018824561,0.0003759746,7.993716e-05,0.00050785317,1.4778017e-06,4.6762502e-06,1.1884816e-06,1.6485435e-05,2.9855555e-06,4.0759747e-05,4.5523113e-05,5.409952e-06,4.269813e-05,3.088933e-05,2.9051283e-05,8.046007e-07,0.04441922,0.00033096675,0.0010962851,0.00037615455,5.0071617e-07,0.025069606,1.5798689e-05,0.0025859342,1.5247425e-06,2.7115892e-09,9.952994e-05,2.401135e-06,0.0033853673,6.3203347e-06,9.156059e-07,5.9302934e-06,7.289847e-05,1.0681066e-05,0.001129522,0.00031289132,0.00023287504,6.9408566e-06,0.00015393858,2.172713e-06,0.046347845,0.0004455451,3.9666265e-06,9.320768e-05,4.058091e-05,1.0420237e-05,0.00088440743,8.8379325e-05,3.0865585e-06,0.00058719306,0.00011801099,1.6902793e-07,0.00772824,2.3432132e-05,3.471262e-05,9.0894915e-05,9.985846e-07,0.00077652535,0.00019752092,0.027024074,0.05940456,6.507364e-05,1.2010576e-05,1.6936849e-05,0.00026022218,7.354974e-05,1.4149278e-07,0.00079422997,7.590238e-06,0.0014420651,0.0010590113,2.0363652e-05,2.7654138e-05,3.731196e-05,0.0014571033,3.6561843e-05,0.00091633806,2.602021e-05,9.74773e-06,0.00019024275,4.6643076e-05,1.3076223e-07,3.012415e-07,4.822045e-05,4.0802024e-05,7.203611e-05,3.87156e-06,9.555696e-05,1.1930073e-05,1.0584825e-05,0.0001323835,5.3553595e-05,6.4492866e-05,1.4557132e-05,9.7785596e-05,0.99400264,0.00023371942,8.027436e-06,3.8637478e-05,7.23301e-07,3.8083613e-06,7.360769e-05,1.1531005e-05,0.00035452825,7.8899924e-05,0.5397316,7.181136e-05,0.00036567473,4.5586378e-07,2.4916471e-05,2.859205e-06,0.00015998057,1.6936809e-07,0.00063641195
BC2026_Train_0007_S09_20250829_000000_050,6.9396594e-10,1.1916431e-07,1.6780407e-13,1.2073779e-09,1.4349272e-12,1.62565e-09,5.5663536e-14,5.2113605e-11,4.7813214e-10,2.638254e-08,1.0482267e-08,1.0782259e-12,1.8529323e-12,3.4828071e-12,1.1275882e-11,2.427432e-10,3.0543803e-12,3.345421e-14,2.349816e-06,4.8598555e-08,7.8723974e-14,6.1528077e-10,2.1559251e-07,5.5568362e-11,9.547989e-11,3.824559e-13,7.2692785e-09,2.619944e-07,7.405138e-08,4.4512495e-07,1.3784777e-08,5.8633226e-08,5.146426e-07,1.8290239e-08,1.6414937e-09,2.3476069e-07,1.4112527e-07,1.3228747e-07,2.0665179e-10,1.4587145e-08,2.1494762e-08,1.0496246e-09,8.7622e-10,6.991797e-09,1.6398422e-08,3.799911e-08,9.900045e-08,2.1033832e-08,2.7275893e-11,1.3686239e-09,5.1862364e-10,1.6616226e-09,1.3021444e-09,3.0257525e-09,2.8492727e-07,4.590388e-10,0.9902208,2.8541892e-08,4.7289983e-10,3.956445e-10,1.3392261e-10,1.0473926e-13,3.3951453e-09,4.6797787e-08,1.7651876e-10,6.675044e-09,2.0036809e-12,3.0132462e-11,4.439406e-11,5.694032e-10,7.251338e-11,5.137674e-15,2.6104294e-06,1.2098566e-08,8.13357e-06,0.00023555408,0.00019426185,1.1436918e-05,1.5529378e-06,1.5589267e-06,3.4301067e-08,5.1911775e-06,2.849781e-07,4.7485536e-08,1.33418725e-08,2.2854008e-06,4.2976515e-07,3.1988155e-05,8.678455e-06,2.964063e-08,3.303036e-05,1.2332116e-05,1.2133606e-07,2.301639e-06,1.6620455e-06,0.00022108392,3.9251272e-08,5.8233672e-06,7.2892297e-09,6.9992245e-07,3.064048e-05,7.841542e-10,2.4881945e-06,1.7753684e-06,2.6747327e-06,1.1061542e-07,0.00075833173,9.586699e-10,5.036836e-07,1.6565338e-05,1.3414492e-08,7.2815203e-07,2.063499e-08,0.0002004153,1.3090552e-06,6.603727e-06,2.139974e-07,9.059353e-07,2.0866362e-05,5.785002e-07,4.5328316e-06,4.8063384e-07,3.0952226e-05,2.3971015e-06,4.3328285e-08,8.840803e-09,2.5817153e-06,9.705567e-07,7.7494615e-06,0.00052926753,0.00029702447,6.9926125e-07,1.5664631e-06,1.1094605e-08,1.7431415e-07,2.5517583e-08,2.3484616e-05,1.0949155e-05,4.3077678e-05,1.6614196e-06,5.476759e-07,2.6458065e-09,7.2337635e-08,5.714366e-05,2.5384073e-09,2.2695413e-12,2.4514145e-05,5.0354934e-09,2.5137648e-05,8.0482783e-07,6.125344e-08,6.1044987e-09,0.0004741724,5.856589e-07,3.7817313e-06,3.0911844e-05,5.1676416e-06,3.909221e-08,0.0005981062,1.7219751e-08,1.8839711e-07,2.3155282e-05,3.3491644e-05,3.433927e-07,3.8137807e-07,0.0411495,2.0562618e-06,3.1241822e-07,1.33696885e-08,4.327259e-05,6.3703123e-06,6.58549e-11,1.3418658e-06,1.7153168e-05,6.8228553e-07,1.5566693e-08,1.10170255e-08,2.9429216e-07,9.262943e-06,2.0871616e-06,0.00022499227,8.529881e-08,1.8383555e-06,0.0010645641,0.000944239,1.5198993e-06,5.5345993e-08,2.3971925e-05,0.00012984089,0.00012753412,3.4672055e-07,1.034133e-06,1.1276088e-07,1.0604921e-05,4.611297e-05,1.2398318e-05,9.4851835e-05,1.0949738e-06,3.4432992e-07,1.0830866e-05,3.6944382e-06,3.451646e-08,1.333195e-08,0.00036371834,1.3013945e-07,1.8784381e-06,2.7861003e-07,1.06671705e-05,2.734975e-05,5.0181853e-07,1.0679217e-06,1.3168271e-06,4.5117837e-08,1.3691431e-05,8.3731094e-05,7.5433545e-06,7.3522588e-06,2.9397625e-06,8.958526e-08,5.457426e-08,2.7067935e-07,2.5726165e-06,4.217933e-07,3.1374736e-06,0.00044413473,2.2815135e-05,3.4764676e-06,7.809019e-06,5.3433102e-09,3.3168933e-05,8.347155e-09,1.995095e-06,5.3458507e-07,1.2006167e-05
BC2026_Train_0007_S09_20250829_000000_055,1.0218636e-05,0.0010687307,2.5830104e-07,0.00021369224,5.94352e-07,3.2374253e-06,9.821687e-07,4.362888e-06,1.2351595e-05,0.0006369635,0.0003028891,3.0723706e-06,4.65812e-05,1.6734252e-06,8.637416e-07,1.2615064e-05,1.9031054e-07,3.3002766e-06,0.00012143982,9.841816e-05,5.414667e-07,2.8921604e-06,0.0001070476,8.3916275e-06,7.1375503e-06,1.4891789e-07,4.475865e-05,4.3808536e-06,0.000113448375,7.043686e-06,7.694289e-05,2.481304e-05,0.00039215488,0.0016925837,6.410296e-05,0.00033048211,0.00061618496,0.00018196797,4.5693003e-05,0.009246269,0.0003572193,7.409135e-05,3.399297e-05,2.6002324e-05,0.0024900758,0.0017541583,0.0051257154,0.00018310678,0.00025951528,0.00012671069,4.2513468e-05,7.769532e-05,7.208387e-05,3.555079e-05,0.029149232,1.6475959e-06,0.01817326,0.00045719673,5.7142092e-06,6.6522007e-06,0.0002822288,1.7926303e-07,1.662421e-05,8.622713e-05,1.2490315e-05,2.8369486e-05,3.7087347e-07,2.2476527e-06,1.7992674e-07,5.94433e-06,6.8828504e-06,2.3219697e-07,0.0015369786,0.000578531,0.007159873,0.00037517634,0.001114529,0.006488562,7.57467e-05,0.00042894893,0.00013785376,5.235462e-05,0.0005882249,0.00019968666,1.9645347e-05,4.9233542e-05,0.00041885677,0.0011369436,0.0071350657,0.00011008862,0.00021599451,0.00033607954,0.00016542153,0.0010064413,0.0012580683,0.0013621631,0.00029998535,0.003697087,0.00027485477,7.491306e-05,0.0010217777,0.00013438183,0.0031467148,0.0017352715,0.0002669908,0.0014214559,0.0006975124,8.8894185e-06,0.0014113971,0.00040967407,0.0001232812,0.0012314704,0.0003926986,0.0021897731,5.7324152e-05,0.007286748,0.0190802,0.0010596728,0.002158572,0.001265519,0.0028360593,0.008279718,0.0004811161,0.6460106,1.6735365e-05,0.0006696912,0.00013291716,0.0009259807,0.00017153114,0.00045498073,0.00013404281,0.00068385294,0.00010809285,0.00042322077,0.0010037462,3.3170852e-06,0.0008694088,0.0022034454,0.0017119305,0.0029226549,9.770675e-05,0.00025544615,3.722453e-05,0.010403463,7.008565e-05,5.7820957e-06,0.0009632619,2.3694729e-05,0.0063993963,0.00012056431,0.0005464332,0.00056116603,0.0022055486,0.00014974999,0.011844344,0.006020576,0.017236339,8.6525135e-05,0.00044416182,0.00014090109,0.00042454147,0.0014317626,3.7194157e-05,0.00043626662,0.00041159376,0.0003562302,0.000852206,0.00015566024,8.196137e-05,0.0035596848,0.0035207355,2.3431641e-05,0.004011731,0.00024205577,0.0014669334,0.0006669362,2.4489378e-05,0.0015395604,0.0030104462,0.00088129117,0.0037536162,0.00015113961,0.0023062092,0.0009748594,0.01222687,0.00021143933,1.0569311e-05,0.018537201,0.00011301798,0.0007905045,0.0007418094,0.0008090163,8.115346e-05,0.0008304331,0.0014345372,0.0028124603,0.050704908,0.00014724968,0.004917727,0.00085687125,0.00013092476,1.495921e-05,2.7166436e-05,0.00035680426,0.0002564821,0.0011273726,0.0010605252,0.0003263841,0.00056017394,0.00037872203,0.00061205914,0.0014639797,0.00062381715,0.0024925712,0.0016132226,0.0022347183,0.002987393,0.0012840922,6.074407e-05,0.0002996435,2.2442522e-05,0.00032556523,0.00035048203,0.0005125449,0.00022413024,0.015012936,0.0003863425,0.0004556402,9.015934e-05,0.0062733917,0.00021970102,0.003919406,0.000115368515,0.0030935793
BC2026_Train_0025_S22_20211127_024500_000,1.5069038e-11,4.0573678e-07,1.4160915e-11,0.014944734,2.2858189e-09,1.3988175e-10,4.8580114e-07,4.0799986e-09,2.1218469e-07,0.99986374,0.99395704,7.3259714e-09,5.188546e-07,2.6404725e-09,9.486981e-10,8.328913e-06,2.23912e-09,1.0726573e-11,0.0001830647,2.476013e-07,3.2290053e-08,2.6190721e-06,1.9504192e-09,8.9177604e-07,4.026257e-08,4.2699785e-11,2.1573721e-06,1.593615e-08,1.0075295e-08,0.000119842305,1.7670257e-06,9.722046e-09,3.2966057e-06,5.5627613e-08,4.846253e-07,2.3773106e-09,1.193312e-08,1.1659776e-09,4.0481295e-06,4.642873e-08,1.1407989e-06,2.3946444e-07,1.6684345e-06,1.8768924e-08,8.3592795e-09,3.7650207e-09,2.6628088e-06,4.160773e-08,3.993641e-10,1.3959212e-09,7.8140766e-07,1.0913988e-06,7.0126276e-07,5.782624e-07,2.7127447e-07,6.950936e-09,1.0902468e-09,0.9996075,3.801825e-08,7.828321e-09,0.011712715,1.5003921e-13,1.2445411e-08,0.00026658765,2.1046574e-06,1.9762736e-06,1.2095054e-09,2.3331765e-08,1.3351568e-12,1.9813142e-06,1.298023e-13,1.05782345e-11,4.915911e-09,1.9743032e-08,5.7450573e-09,2.1363766e-08,3.4850398e-08,1.3959196e-07,9.214014e-08,9.015362e-09,1.8449313e-07,7.618915e-11,9.833074e-07,2.238313e-09,6.348543e-10,2.0497413e-09,1.5804355e-08,2.1736551e-07,8.4938114e-07,9.972893e-09,1.44163e-06,8.4487745e-08,7.148595e-10,2.2423308e-08,7.2018906e-09,1.634782e-07,2.0244588e-09,3.466842e-05,2.1863434e-07,1.289088e-07,1.3858005e-09,4.5694552e-11,8.107062e-06,0.024237556,0.0003593243,9.160338e-06,1.1379639e-10,5.3693876e-11,2.1299277e-08,2.381678e-08,1.0868562e-09,1.4309774e-05,1.1578502e-10,1.5431932e-10,8.897999e-09,1.5748527e-07,6.924632e-07,1.7931308e-08,6.582483e-09,1.6676083e-08,6.3846265e-08,4.4984475e-08,6.0056857e-09,9.249076e-06,1.0136166e-08,6.7799306e-08,1.5374951e-08,2.5581744e-07,4.0059542e-10,1.8891764e-07,1.9991375e-09,1.1798555e-07,1.6947352e-08,8.357689e-08,1.6308924e-09,1.4555905e-12,1.0669522e-07,8.259862e-08,8.060906e-09,0.012558963,6.707332e-09,5.348605e-08,1.9431494e-12,2.2962974e-09,2.1164857e-05,4.503431e-10,1.2615505e-08,8.894623e-09,1.9412202e-07,1.1480984e-08,2.375551e-10,1.430017e-09,1.0780219e-09,7.3310055e-08,8.373406e-08,1.01152544e-07,7.854629e-09,4.7860087e-11,3.573413e-08,2.367508e-10,2.0694789e-07,8.600418e-09,8.854181e-10,5.1699125e-09,8.2195745e-10,0.00045769598,1.5252247e-08,2.8777476e-09,3.424266e-10,9.325495e-07,8.096192e-05,9.920199e-11,5.945524e-11,2.0475492e-09,6.53027e-07,2.759182e-08,2.3786065e-10,4.2027004e-09,7.618822e-09,2.655356e-07,1.5555538e-07,1.4143259e-11,5.0155673e-08,4.356369e-09,5.583191e-08,6.3442243e-09,1.0010994e-11,1.8496804e-08,7.650417e-10,7.93489e-06,5.1915827e-09,1.0678995e-06,2.4113982e-08,1.4891505e-07,5.722935e-08,2.8565944e-07,3.6614065e-08,8.0689455e-10,3.5016224e-06,2.1718249e-08,7.965397e-09,1.2305863e-08,6.657465e-11,3.7647858e-08,1.8310545e-09,6.3005075e-07,7.9937706e-08,3.554143e-07,7.6503e-10,2.4784723e-07,2.1065311e-08,1.3655091e-07,3.6112414e-08,9.713826e-07,0.0041314834,9.809557e-05,2.194862e-08,1.1262037e-08,2.4222657e-10,9.321404e-11,3.2038965e-11,4.1549125e-08,6.386694e-09,1.39279e-10,1.1970188e-08,1.1616069e-05,3.686502e-11,2.6246123e-08,8.493729e-11,5.987086e-07,2.4444122e-11,1.3357523e-07,1.6588224e-10,2.4394835e-08
BC2026_Train_0025_S22_20211127_024500_005,2.2399357e-13,3.2865618e-08,6.6656465e-11,0.00013858617,6.630062e-09,2.422842e-11,5.910459e-07,1.8694966e-08,1.7508886e-06,0.9998672,0.9980829,3.0277228e-08,8.228539e-08,1.642073e-09,5.870333e-10,2.7095467e-07,3.1916723e-08,8.8728477e-13,0.00028532447,1.6322117e-07,1.3055117e-07,0.00023823214,2.114319e-09,2.922571e-08,1.1472895e-06,2.383457e-10,1.2643838e-07,1.2416195e-09,3.997192e-10,0.00012636355,9.3750924e-07,5.717484e-10,1.6873947e-06,7.9486604e-08,2.2757577e-08,2.234001e-09,6.682951e-10,5.9996264e-10,1.9397471e-07,5.9412333e-09,5.356359e-07,2.1335778e-09,8.056743e-08,5.774904e-10,2.1076836e-09,1.4423077e-09,4.696733e-08,3.8518806e-09,5.944401e-11,4.081919e-10,2.3015129e-07,7.650891e-08,3.5348005e-08,1.8461493e-07,2.9545802e-08,2.326777e-08,1.21969735e-11,0.99910045,3.061169e-08,4.261787e-10,0.008942459,1.6076953e-12,1.4840397e-07,0.010422174,4.293366e-07,3.3045552e-07,2.5357085e-08,1.9916941e-08,3.129989e-11,8.2686716e-07,6.7735504e-14,3.6108965e-12,9.274559e-09,1.2927488e-08,4.0476764e-09,5.196843e-09,1.4699956e-08,1.8584264e-07,2.4126589e-08,8.4453236e-09,6.8227e-08,2.7131955e-11,9.332194e-07,1.1084406e-09,2.6916478e-09,6.1302377e-09,1.0581944e-08,9.579238e-07,7.502065e-08,7.883645e-08,1.0745337e-06,7.230494e-08,5.200527e-11,5.0397695e-09,2.6858334e-08,9.7487714e-08,2.353953e-08,0.000116003604,1.03588e-06,2.6678316e-07,2.5211802e-10,2.8340863e-11,9.4224373e-07,0.00023386319,7.538028e-05,1.4573734e-06,8.548806e-12,6.620429e-10,2.217137e-08,3.271389e-08,2.559428e-10,3.1196166e-06,9.9260475e-11,2.3034422e-10,4.0688953e-08,5.911536e-07,6.3398e-08,1.42782e-07,1.5692367e-09,6.62942e-08,3.2479562e-08,2.8810499e-08,5.155366e-10,7.990255e-06,3.7813286e-09,7.7412824e-07,8.1452946e-08,8.5571266e-08,3.1926922e-10,3.385199e-07,1.5133893e-09,1.7052595e-07,1.5102238e-08,3.2328696e-08,3.786569e-09,7.672695e-12,1.252131e-07,6.289645e-09,6.7726214e-10,5.328539e-05,1.417909e-09,1.9830306e-06,9.899629e-12,8.67543e-09,1.0645961e-05,7.493245e-11,9.624151e-09,1.17554e-08,1.9031285e-08,9.969032e-09,9.211494e-10,4.783032e-08,2.0405655e-10,9.427982e-09,4.7907193e-08,1.6664604e-08,2.342392e-09,3.782003e-11,2.5084477e-08,1.350075e-10,1.9115602e-07,2.5462292e-09,6.148678e-10,7.577619e-09,7.8169436e-11,0.00024202577,3.7718507e-08,4.2076733e-09,1.2675115e-10,2.0940011e-07,8.462243e-06,2.0612155e-10,5.235011e-11,6.138448e-10,1.3260265e-05,1.1626896e-07,3.744103e-09,1.7617713e-09,1.6131745e-09,2.0743417e-07,3.18444e-07,1.4269985e-12,2.8472297e-08,4.7712184e-10,3.122642e-07,2.141573e-09,7.3226874e-13,1.0408114e-08,8.591753e-11,9.314063e-06,1.6603085e-08,1.9459932e-07,2.6506111e-08,4.0385794e-07,1.6618156e-07,1.7334074e-07,8.4143394e-09,8.253236e-11,3.8735284e-06,3.2908947e-09,1.1001691e-09,3.3661547e-09,2.0467337e-12,1.1183055e-07,3.251847e-09,3.3126668e-08,2.1040861e-07,2.7622418e-06,4.681506e-10,3.9768153e-08,4.6383124e-09,1.5220779e-06,8.806588e-09,6.0484115e-07,0.0006039957,0.00018931842,1.976548e-09,4.35314e-08,1.9872032e-10,2.5442326e-10,6.3112085e-11,1.5790254e-08,1.3009255e-09,1.0187713e-10,9.960345e-09,7.777958e-07,4.853771e-11,4.8768012e-08,8.636392e-11,4.8972385e-07,3.2004323e-12,4.014042e-08,9.307742e-11,5.849661e-08
BC2026_Train_0025_S22_20211127_024500_010,2.0318688e-11,4.5086956e-08,4.02919e-09,0.00089608086,5.139246e-07,7.840854e-10,1.05052495e-05,1.9416443e-07,6.0314513e-05,0.99960154,0.990294,1.9242921e-07,9.481062e-07,1.6385079e-07,7.572508e-08,3.7995665e-05,6.0875834e-07,5.4296033e-11,0.00048085288,1.8216521e-06,7.3493425e-06,0.00013670418,9.4667634e-08,3.720943e-07,9.04611e-05,4.864879e-09,1.166137e-06,4.883082e-09,2.1209106e-09,0.00016524812,2.5696718e-06,7.4093163e-09,4.7858566e-06,2.0768891e-07,8.2615955e-08,2.99231e-09,9.724439e-09,5.9447585e-09,5.5023197e-06,2.2356048e-08,1.0205421e-06,1.8785906e-07,2.7394083e-07,4.581381e-09,7.3565656e-09,3.6962433e-09,2.265369e-07,2.3264485e-08,9.766088e-10,3.49599e-09,3.662441e-07,5.190585e-07,1.716827e-07,9.1559883e-07,3.9102872e-08,7.1915565e-08,1.8621948e-11,0.99984574,2.3252605e-07,2.1164949e-08,0.016176723,5.347985e-11,5.3550943e-06,0.007154831,9.0918775e-06,1.5256531e-06,1.8183194e-06,9.095992e-08,6.1578564e-10,1.8920311e-05,3.4689907e-12,1.4023759e-10,2.049313e-07,3.1057016e-07,5.6664327e-08,3.5824076e-08,7.012146e-07,2.5766335e-06,7.2643536e-07,3.1154735e-07,2.3116302e-06,9.37372e-10,0.0002481163,6.181397e-08,1.8947082e-07,2.5334268e-08,1.2391475e-06,4.031678e-06,3.9851375e-06,4.9573475e-07,5.958945e-06,2.5908412e-07,9.761103e-09,1.0349207e-07,1.2436284e-06,6.597355e-08,2.5244626e-07,5.735575e-05,2.2339696e-06,4.137312e-06,5.741081e-09,2.1244937e-09,6.1592164e-06,0.00186183,0.0010302431,6.405511e-06,6.51452e-10,9.90667e-09,1.3362428e-07,2.3988386e-07,1.2590505e-08,0.000108011445,1.4088349e-09,5.9578356e-09,1.1702297e-07,1.5203502e-06,6.9243555e-08,5.6890224e-07,2.365597e-08,2.1268095e-06,3.1454618e-07,2.2704914e-06,2.7298778e-08,9.7267126e-05,1.01254464e-07,2.5816096e-05,7.875408e-07,1.0597521e-05,1.9544679e-08,5.076838e-06,6.101684e-08,2.2864266e-07,2.4203845e-07,1.9157834e-07,2.7128166e-08,2.2939718e-10,1.2958194e-06,8.872142e-08,2.8296128e-08,0.00014836987,1.5862339e-08,1.013634e-05,2.9669617e-10,4.137411e-08,3.806364e-06,1.7883796e-08,2.4709504e-07,8.360006e-07,3.860536e-07,1.244855e-07,5.2670387e-08,1.5158013e-06,1.1648912e-08,2.0195894e-07,1.803925e-07,2.9216517e-06,3.5571265e-08,2.359971e-09,1.3045147e-07,6.6689765e-08,1.880684e-06,2.6842612e-08,2.1477305e-08,1.2318736e-07,1.6248192e-09,0.000603624,2.666552e-07,3.9102947e-08,6.672969e-09,4.715835e-06,1.55898e-05,3.4317033e-08,1.1698424e-09,2.539928e-09,1.1833453e-05,5.2607885e-07,1.1138479e-07,5.261927e-08,5.688958e-08,1.9129548e-06,2.0915631e-05,1.9380729e-10,3.8785006e-07,6.1958776e-09,4.1776957e-07,4.166308e-08,4.0133778e-11,2.4833273e-07,1.2410062e-09,3.0317382e-05,6.234032e-07,4.7253343e-06,6.73967e-07,3.0260508e-06,2.0746793e-06,1.5589354e-06,1.2531406e-07,1.3927562e-09,1.3780995e-05,3.6148808e-07,1.3593025e-07,1.5739788e-07,5.882525e-11,2.145202e-06,1.2610734e-07,1.7505513e-06,4.9688396e-07,1.1354359e-06,8.131119e-09,1.5833432e-06,1.8882018e-07,7.5730654e-06,5.5980234e-08,3.0601097e-06,0.00033916658,0.00047690416,3.1264076e-08,8.860438e-07,4.2129416e-09,2.5265923e-09,2.96728e-09,2.4815847e-07,4.776677e-08,2.3339197e-08,1.5388996e-07,3.4212782e-05,1.3960249e-09,5.2600207e-08,5.311645e-10,1.4490621e-05,3.7443582e-10,8.1038166e-07,1.021362e-08,9.820451e-07
BC2026_Train_0025_S22_20211127_024500_015,7.1430813e-12,2.4295633e-07,1.6074087e-10,0.0063594263,2.0903173e-08,1.1579231e-10,1.1110308e-06,2.5825958e-08,2.557233e-06,0.9999156,0.99822897,5.1931206e-08,1.9839233e-06,7.874594e-09,6.5375767e-09,6.861872e-06,4.446361e-08,4.702128e-12,0.0043055755,3.459688e-07,4.327275e-07,1.3887079e-05,5.1977356e-09,5.2419725e-08,3.829722e-06,4.3925275e-10,5.3510743e-08,2.2798972e-09,9.509808e-10,4.4322474e-05,6.0424617e-07,1.9709498e-09,2.5227782e-06,6.405642e-07,5.7896987e-08,2.9854919e-09,3.609587e-09,3.073489e-09,2.8024142e-06,1.2193799e-07,1.5577392e-07,1.6938628e-08,6.897623e-08,3.074316e-09,1.8670166e-08,6.1995777e-09,7.4132555e-07,2.0051454e-08,3.4921363e-10,5.0013865e-10,6.0973855e-07,4.815597e-07,1.3705764e-07,1.02299424e-07,1.1445503e-07,1.8584469e-08,4.8213572e-11,0.9978168,6.362465e-08,6.2108927e-09,0.009473427,2.8703483e-12,1.09782874e-07,0.07300493,3.3287364e-07,4.4066257e-07,3.719383e-09,2.2554005e-08,4.3750333e-11,1.6830779e-06,3.6114681e-12,2.5663532e-11,2.2668162e-08,2.4761942e-08,1.4247931e-08,1.18189805e-08,5.1086904e-08,4.276681e-07,7.229515e-08,1.501544e-08,4.3003942e-07,5.0354715e-10,6.4330225e-06,2.1262856e-09,9.590759e-10,1.3887032e-09,4.4719446e-08,3.7440338e-07,1.2274577e-06,8.1252466e-08,1.1785842e-06,1.8185312e-07,1.352877e-10,1.0516491e-08,5.3121664e-08,3.0295826e-08,1.6344869e-08,3.567955e-05,3.077524e-07,6.1767e-07,2.9389144e-09,1.6531874e-10,5.8539918e-06,0.03222754,0.0007188175,4.4946705e-07,9.6121264e-11,3.3045435e-09,1.01255424e-07,5.9538397e-08,1.686815e-08,0.00018070576,8.30323e-10,5.487817e-10,3.1967534e-08,9.72188e-07,3.5752032e-07,1.16518166e-07,2.1844585e-08,1.8453764e-07,8.744811e-08,4.0599303e-07,2.6043447e-09,3.332454e-05,4.4230752e-08,5.738692e-06,3.9568338e-08,7.969525e-07,1.5967641e-08,2.9857617e-07,9.9912265e-09,1.2478468e-07,4.1455397e-08,6.529155e-08,1.655761e-08,1.39573865e-11,1.8542396e-07,3.6027796e-08,3.2755272e-09,0.0010520087,1.6477147e-08,1.1444919e-06,3.983589e-11,1.302021e-08,6.9484267e-06,7.514345e-10,8.474743e-08,5.856603e-09,1.1832898e-08,3.128758e-08,6.0650622e-09,1.3677652e-07,1.1320609e-09,1.3147687e-07,1.6806753e-07,1.1637968e-07,3.679846e-09,8.658098e-11,4.7819643e-08,1.0145715e-09,6.0464e-08,2.4014337e-08,8.7809887e-10,1.6663618e-08,7.4775297e-10,0.00025286808,2.7503344e-07,9.841151e-09,1.7428842e-09,9.043961e-07,2.0468085e-05,2.5294082e-09,6.9622774e-10,3.0939515e-09,2.9231173e-06,1.0074422e-06,9.055153e-09,3.4610927e-08,1.5993978e-08,9.136163e-07,4.241779e-06,2.487599e-11,1.4236947e-07,1.2887328e-09,7.345324e-08,4.8578044e-09,1.4692504e-11,6.156864e-08,1.0881256e-09,4.401184e-06,2.1047525e-07,7.115015e-07,4.0355296e-08,4.860208e-07,7.8590216e-07,6.587358e-07,5.261325e-07,1.6575267e-09,1.8544177e-06,3.2059127e-08,2.3141853e-08,8.217744e-09,2.6925432e-11,7.399024e-08,3.4160608e-09,1.5324746e-07,1.9655738e-07,1.8374894e-06,7.338712e-09,1.8689019e-07,9.247692e-09,8.611056e-07,7.002714e-09,9.783312e-07,0.0006851145,0.0011989395,3.7314788e-08,3.111619e-07,6.8648043e-10,7.586857e-10,1.9464527e-10,5.3406936e-08,5.415233e-09,1.4196654e-09,2.3312593e-08,5.4253737e-06,5.5190036e-10,1.1139303e-08,1.2830519e-10,1.5354327e-06,3.2659226e-11,1.0387294e-07,3.487231e-10,1.06746505e-07
BC2026_Train_0025_S22_20211127_024500_020,1.7801055e-13,7.714899e-08,1.3159221e-12,0.0001644689,3.637625e-10,7.485228e-12,9.915219e-08,4.5476622e-09,3.0350652e-06,0.9998235,0.9983367,3.8305674e-09,8.2649684e-08,2.5666042e-10,7.2837465e-11,6.016959e-07,8.958158e-10,1.013877e-13,6.862262e-05,5.1982735e-08,4.1493685e-08,2.4571643e-06,7.6035456e-10,9.613199e-09,1.2377853e-07,1.04428384e-11,4.5178354e-09,1.2731084e-10,1.2630275e-10,5.394326e-06,1.2733461e-06,5.4722743e-10,8.7628155e-07,3.738567e-08,1.29634135e-08,2.6159996e-09,4.3163603e-10,9.0505564e-10,2.2043926e-07,1.8273813e-08,2.3291689e-07,2.984753e-08,1.9220066e-08,7.7237855e-10,9.626259e-10,4.946797e-10,1.5153142e-07,4.9313376e-10,8.1598055e-11,2.2468066e-10,1.5785231e-07,1.202032e-07,4.7616773e-08,1.144487e-07,1.07113216e-07,2.3523719e-09,1.4142444e-12,0.9999906,1.316088e-08,2.2541768e-10,0.00046051765,1.820329e-13,1.2608594e-07,0.010149349,5.7153073e-09,7.2381106e-08,2.124826e-09,2.4758766e-09,1.2584085e-13,1.0472838e-07,2.1775557e-13,1.7061971e-12,1.007579e-09,6.2859145e-09,6.073822e-10,5.569798e-09,4.7324478e-09,9.500517e-08,3.539199e-08,1.0963462e-09,4.777926e-08,1.2567429e-11,1.300071e-07,5.1583342e-11,5.649107e-10,1.5378463e-09,2.4214229e-08,1.2902015e-06,2.3695192e-07,9.080838e-09,6.9020706e-07,1.0568131e-07,7.089331e-12,7.846973e-10,3.4671057e-08,5.6131615e-09,3.60841e-09,0.00012980177,1.0029207e-07,4.692032e-08,4.759421e-10,8.114869e-12,9.516491e-07,0.000120158715,0.0002322212,1.3527617e-06,2.219774e-11,1.8395e-10,2.8045097e-08,1.9656687e-08,1.1445384e-09,7.791152e-06,4.8094095e-10,3.0088654e-10,4.499158e-09,5.333273e-07,6.0707332e-09,1.6089102e-08,2.6953517e-09,3.2771343e-08,7.6858e-09,1.7145423e-08,1.8613941e-09,6.627929e-06,1.9442237e-09,6.7160653e-07,5.9899445e-09,2.3426374e-07,2.2972395e-09,1.5324599e-07,1.0886716e-09,5.308257e-08,1.2299497e-09,1.2784972e-08,1.691431e-09,1.2586204e-12,5.546454e-09,3.8689705e-09,2.1296258e-09,0.00010107007,4.9974863e-10,3.4229083e-07,8.168429e-12,1.3414972e-09,1.8299714e-06,6.472531e-11,1.8990747e-08,8.421549e-09,2.7194622e-09,8.8810435e-09,1.9146137e-10,1.4635015e-07,1.8594769e-10,1.880942e-08,5.874626e-09,7.84216e-09,1.7642124e-09,2.4158234e-11,9.489666e-09,7.501081e-11,3.2310755e-08,7.865589e-09,2.591495e-10,7.1659625e-09,3.1203937e-10,0.00042387808,9.171159e-09,1.894078e-09,1.1232785e-10,3.1766206e-07,5.246002e-06,1.0575941e-10,3.7956825e-11,4.7036935e-10,7.4944273e-07,6.6341e-08,1.5952383e-09,5.7552128e-09,3.607701e-09,8.508562e-08,1.7998916e-06,2.1414186e-12,1.7043728e-08,4.1529277e-10,2.4552236e-08,1.153854e-09,1.0510773e-12,1.1821911e-08,7.848331e-11,1.0819509e-05,7.030313e-08,2.461038e-07,8.3157104e-08,1.25652e-07,3.0064197e-07,2.0514051e-07,2.921345e-08,2.2027653e-10,3.108674e-07,2.5508857e-09,1.7240588e-08,3.6988665e-09,7.912353e-13,1.5360432e-07,5.428625e-09,1.3224037e-08,2.5780137e-08,2.77513e-07,5.943758e-10,5.584225e-08,6.916841e-09,3.6500072e-07,1.5755679e-09,3.4096354e-07,0.0057207053,0.0024719234,1.5721309e-09,2.4751035e-08,8.5743385e-10,5.333082e-11,1.826964e-11,1.8070084e-08,2.751517e-10,9.762458e-10,4.276903e-09,5.066899e-07,1.9155476e-11,1.0522725e-09,7.1150694e-12,1.2989854e-07,1.2681194e-12,7.775271e-09,7.1903906e-12,7.2353366e-08
BC2026_Train_0025_S22_20211127_024500_025,8.345721e-13,2.4239643e-08,1.34122964e-11,9.569429e-05,3.961332e-09,9.93377e-12,6.786852e-08,1.267428e-08,8.133562e-06,0.9999722,0.99910396,3.4104364e-09,7.9046005e-09,3.730906e-10,1.648565e-10,1.3853457e-07,3.7486778e-08,3.4079046e-14,1.26016685e-05,1.0939321e-08,6.0465496e-08,0.00018834975,1.2591219e-09,1.2680754e-07,4.2201742e-07,6.130524e-11,2.0111767e-07,4.736211e-10,2.3686046e-11,0.00021555548,1.0445035e-06,1.6868229e-10,4.519119e-06,4.289462e-08,1.3688727e-08,3.347649e-10,1.2542269e-10,2.916565e-10,8.506198e-07,2.7190887e-09,3.7060585e-07,1.7438426e-08,2.5511991e-07,1.6047222e-10,7.002577e-10,6.351013e-10,3.995946e-08,2.6449285e-09,3.064828e-11,1.1546745e-10,8.33316e-08,1.2007935e-07,1.6459715e-08,2.1368704e-07,8.356952e-09,2.3086997e-09,1.5948836e-11,0.99828845,5.6851257e-09,1.10891796e-10,0.0013101147,3.697764e-14,5.1236594e-08,0.005908122,4.631949e-08,1.1351355e-07,1.03669e-09,3.2055318e-09,3.7161986e-13,1.4653702e-06,6.047293e-14,1.9938707e-13,1.920536e-09,7.663478e-09,4.3806714e-10,1.8494607e-09,1.0395436e-08,5.1155155e-08,2.211524e-08,4.6228474e-09,2.5337506e-08,5.5464376e-11,2.4936796e-06,2.559296e-10,1.8062494e-09,1.41648515e-08,7.501919e-09,2.1821259e-06,5.380036e-08,2.7542658e-08,1.16195366e-07,3.653942e-08,1.687572e-11,1.7395894e-09,7.9343316e-08,4.924047e-09,4.3354884e-09,9.515696e-05,1.5626418e-07,7.6948105e-08,3.439124e-10,9.23666e-12,4.288484e-07,0.0013730222,0.00013295861,3.8879696e-07,2.3549853e-12,1.3783685e-10,3.6444878e-09,2.5445699e-08,4.0257772e-10,2.08798e-06,7.556953e-12,4.0585976e-10,4.5800547e-08,9.1172005e-08,3.6400076e-09,7.071637e-09,2.0773157e-09,1.02075866e-07,1.1025666e-08,3.7790144e-09,8.986755e-10,3.0937256e-06,3.9719397e-09,4.4674522e-07,8.433058e-09,5.438909e-08,7.2725753e-10,5.809988e-08,2.7423914e-09,2.3032776e-08,2.49314e-09,2.0938646e-08,1.2778895e-09,3.4665762e-12,1.5017989e-08,4.1875934e-09,3.8749873e-10,0.00061734894,6.076279e-10,1.2706818e-07,1.7864703e-12,2.909577e-09,6.197485e-06,2.0082387e-11,2.6614613e-09,1.896067e-08,3.299247e-09,2.187836e-08,4.441856e-10,1.4059098e-08,1.8622134e-10,1.1761815e-08,1.8010418e-08,7.277647e-08,6.2814653e-10,2.125959e-11,2.488655e-09,1.12888004e-10,9.326695e-09,1.8261784e-09,8.2852575e-10,9.330841e-09,1.1040196e-10,0.00058659853,7.60487e-09,2.5248292e-09,1.2490774e-10,2.2257855e-07,4.611745e-06,1.522918e-10,3.5297962e-11,4.844164e-10,7.47914e-07,4.5896048e-08,7.782923e-10,2.230697e-09,1.2715315e-09,3.651176e-08,8.386694e-07,6.575429e-13,1.9114921e-08,4.431355e-10,1.5165793e-07,3.084069e-10,8.3049117e-13,8.285958e-09,8.464215e-11,1.9006075e-06,1.3609377e-08,1.8776252e-07,1.3624569e-08,9.764459e-08,8.90967e-08,1.3508458e-07,2.2451672e-09,3.763789e-11,6.5174464e-07,4.4297255e-09,2.5153215e-09,5.2736002e-09,1.0147598e-12,5.587751e-08,1.5608249e-09,6.5101545e-08,2.1293678e-07,7.00726e-08,4.5483453e-10,4.592442e-08,1.5276724e-09,2.8667657e-07,2.7385533e-10,1.3407465e-06,0.00052409776,0.00017631911,3.1125294e-10,7.882424e-09,2.2629464e-11,8.334277e-11,5.5220644e-11,9.3427905e-09,2.4402255e-10,3.2210346e-11,9.891183e-10,1.0555013e-06,1.0105554e-11,9.618372e-09,2.968041e-11,1.5319895e-07,1.2481544e-12,8.165903e-09,1.2782903e-11,2.7815917e-08
BC2026_Train_0025_S22_20211127_024500_030,8.718409e-13,3.3584346e-08,7.543349e-11,0.0003086101,3.531726e-09,1.4575915e-11,1.56239e-07,8.532024e-09,8.230177e-07,0.9999821,0.9993788,9.974414e-09,3.03671e-08,1.6884301e-09,4.2805892e-10,8.383e-07,2.1323096e-08,3.3418765e-13,0.00048765558,3.0404944e-08,1.6560895e-08,3.5437635e-05,1.4017668e-09,5.5578084e-08,3.5061493e-07,1.5867065e-11,6.290055e-07,4.0726567e-10,9.4199024e-11,8.245377e-06,1.4135886e-06,2.3037497e-10,9.775888e-07,1.1219567e-07,2.5443805e-08,1.2003608e-09,4.325871e-10,1.1313983e-09,1.5365708e-06,2.0999117e-08,8.2055135e-07,1.206246e-08,1.1696885e-07,3.7614872e-10,1.7986517e-09,1.1975e-09,9.1535654e-08,2.4516287e-09,2.8969317e-11,3.2250322e-10,1.2995825e-07,1.8723682e-07,4.969536e-08,2.4275346e-07,7.681129e-08,2.2341629e-09,1.2809068e-11,0.9993437,2.6216638e-09,2.7273825e-10,0.00076607015,1.2383318e-13,1.8053857e-08,0.0034291542,8.3812985e-08,2.772339e-07,2.1008004e-09,3.5796461e-09,2.1797013e-12,1.5212161e-06,7.6377605e-14,2.0350858e-13,4.3824455e-09,2.8233307e-09,5.007097e-09,1.3333908e-08,5.270998e-08,6.942777e-08,2.3504445e-08,1.3335656e-09,5.289993e-08,4.5914716e-11,1.4209604e-06,3.013644e-10,4.4743892e-10,1.7232294e-09,1.2545773e-08,4.930778e-08,2.6658276e-07,1.9851063e-08,3.2619565e-07,3.9837623e-08,1.8888557e-11,3.4227983e-09,1.0131179e-08,1.3030992e-08,6.9592003e-09,2.4861738e-05,1.3910743e-07,8.899769e-08,4.4271387e-10,5.0180096e-11,5.6795193e-07,0.002005174,5.414702e-05,2.492034e-07,2.1210703e-11,9.613079e-11,1.1512956e-08,1.0396349e-08,8.4744284e-10,7.922353e-06,3.435903e-11,1.3367049e-10,4.6822852e-09,2.792165e-07,2.8370005e-08,1.2702232e-08,3.26053e-09,1.6113118e-08,7.588077e-09,1.2563893e-07,1.811345e-09,5.070388e-06,2.0833903e-09,1.8739044e-07,8.585912e-09,2.472424e-07,3.3501274e-10,8.7681435e-08,7.723903e-10,3.0922184e-08,1.5226487e-09,6.109694e-09,5.6356355e-09,2.8141543e-12,1.496432e-08,2.8269356e-09,9.792669e-10,0.00027704026,1.4157066e-09,3.9929142e-07,3.253468e-12,5.525747e-09,6.013551e-06,4.3228914e-11,8.3168334e-09,8.608509e-09,6.357598e-09,9.381092e-09,4.8011706e-10,6.1818306e-09,4.746439e-10,3.6389034e-09,3.240271e-08,4.6894108e-08,2.5154752e-09,2.1619807e-11,1.40724055e-08,9.3464715e-11,3.7874226e-08,1.7480243e-09,2.1771895e-10,5.676815e-09,1.7721236e-10,0.0001605002,2.6033879e-08,1.0993847e-09,9.375663e-11,2.943093e-07,9.137852e-06,1.4697585e-10,1.4377258e-10,7.830318e-10,1.2181171e-06,1.06963974e-07,1.4525224e-09,4.182932e-09,1.4459519e-09,4.9420585e-08,4.10805e-07,5.2926343e-13,1.4087793e-08,7.4195233e-10,8.30414e-08,1.7063984e-09,1.9936511e-12,5.1718754e-09,4.8435055e-11,3.1480022e-06,7.087517e-09,1.8353532e-07,1.146348e-08,5.132335e-08,1.5966657e-07,1.9766024e-07,7.670496e-09,1.4519151e-10,4.603128e-07,3.376353e-09,2.1578426e-09,1.5947554e-08,4.799124e-12,2.5506342e-08,7.634383e-10,5.7384554e-08,1.0810929e-07,2.9530594e-07,3.7398756e-10,3.675576e-08,4.9102975e-09,4.1980925e-07,6.9700634e-10,6.5996704e-07,0.00040126315,0.00023566597,2.2547542e-09,1.5633852e-08,1.4300734e-10,3.9898265e-10,1.8585649e-11,9.411022e-09,3.603676e-10,1.6205008e-10,9.532308e-10,1.2110628e-06,4.1052783e-11,2.6336322e-09,2.045365e-11,1.2738028e-06,2.8797641e-12,2.1716136e-08,2.5565725e-11,2.8613352e-08
BC2026_Train_0025_S22_20211127_024500_035,2.5631721e-12,2.7127655e-07,1.9065225e-11,0.00019839616,8.2105334e-10,2.0194277e-11,2.6621308e-06,9.655905e-09,1.3393775e-07,0.99996233,0.9988392,6.0827636e-09,6.164466e-07,3.4092376e-10,2.1519558e-10,5.027152e-07,1.4243277e-09,5.7110566e-13,0.0003195437,3.0748332e-08,4.2304227e-09,6.422549e-07,3.499751e-10,2.0781131e-08,6.188189e-09,1.2126457e-11,2.157112e-07,9.448464e-10,3.639339e-10,9.521907e-06,5.035871e-07,3.3255276e-10,1.377246e-06,5.1418777e-08,2.8507724e-08,3.2675775e-09,4.4738516e-10,1.6087306e-10,1.553763e-06,2.3384649e-08,7.694383e-07,3.1496125e-08,2.667368e-08,1.1914035e-09,8.9444824e-10,5.8245386e-10,5.7028956e-08,1.2689972e-09,1.8355808e-11,9.7228704e-11,3.6612253e-08,2.9019466e-08,9.549129e-09,2.0448695e-07,4.633973e-08,1.7440479e-09,4.3303434e-11,0.9950949,1.1060545e-08,3.875283e-10,0.0013859273,6.6893776e-14,1.0128995e-08,0.00053873454,2.1864677e-08,4.6978485e-07,2.837771e-10,7.612648e-09,2.1091913e-13,3.552757e-07,6.9379906e-14,7.763593e-13,1.5574377e-09,3.3234113e-09,1.2010003e-08,2.6114545e-08,8.428491e-09,9.779258e-08,2.3376577e-08,4.952688e-10,2.7742002e-08,2.6985796e-11,2.2586232e-07,7.238169e-11,1.0129468e-10,3.6394658e-09,5.878964e-09,4.9130353e-08,1.02906874e-07,4.523095e-09,3.491198e-07,5.7282968e-08,1.6718415e-11,6.9330475e-09,7.6359745e-09,2.3676057e-08,2.0377662e-09,1.6338783e-05,7.418582e-08,3.036971e-08,3.1887729e-10,1.10358745e-11,1.7868576e-06,0.0049574496,8.196832e-05,1.2249598e-06,1.4454845e-11,8.310466e-11,1.2594972e-08,1.1580348e-08,5.641408e-10,0.00010910791,4.145866e-11,7.3891275e-11,1.6307276e-09,8.187474e-08,2.2332593e-07,2.6676734e-08,1.385587e-08,1.1185589e-08,9.309775e-09,5.4768627e-08,7.8722784e-10,5.3154477e-06,3.157629e-09,1.2699816e-07,1.08147e-08,3.5738015e-08,5.1565363e-10,2.5611965e-07,3.831004e-10,5.03661e-08,9.2721664e-10,7.96482e-09,2.945604e-09,4.3892128e-13,1.0822808e-08,5.6174243e-09,2.637431e-10,0.0026408653,9.778801e-10,1.5151205e-07,1.6009144e-12,6.9092336e-09,6.066361e-05,8.184976e-12,8.740839e-09,2.60024e-09,1.0491667e-08,6.716203e-09,2.9226016e-10,1.5830716e-09,2.2712066e-10,1.2165927e-08,9.651984e-09,3.5508492e-08,4.9142512e-09,4.3950538e-12,1.59614e-08,1.0866977e-11,1.32352165e-08,1.8378844e-09,8.207069e-11,4.334835e-09,1.792223e-10,2.4800052e-05,2.4053854e-08,2.486719e-09,7.8869425e-11,2.8411327e-07,2.9202725e-05,1.8334044e-11,5.3586753e-11,2.8606242e-09,3.6167737e-07,2.8400436e-07,2.8097755e-10,2.9195217e-09,6.354927e-10,4.6003933e-08,1.2581904e-07,1.4827601e-12,7.2249215e-09,2.4996443e-09,3.0600255e-08,7.0447626e-10,2.460521e-12,6.9608603e-09,1.572397e-10,4.6823866e-06,8.410682e-09,2.0452343e-07,6.687685e-09,3.1945106e-08,5.0061626e-08,4.0547607e-07,2.9245061e-08,3.119733e-10,3.466214e-07,7.087703e-10,1.1435979e-09,8.224675e-09,2.0765835e-12,6.437807e-08,4.615497e-10,8.048741e-08,1.9550913e-07,7.2909774e-07,1.9368794e-10,1.8235208e-07,5.6326055e-09,2.4333684e-07,1.1482335e-09,6.6830967e-07,0.013676278,2.9756027e-05,1.49494e-08,8.438207e-09,2.468345e-10,2.15627e-10,3.4242314e-11,1.9302687e-08,6.5118494e-10,2.2291377e-11,9.567136e-10,3.9923125e-07,1.0418289e-11,1.9358868e-09,7.710044e-12,2.4653676e-07,2.0336393e-12,2.5540759e-08,2.9985632e-11,3.542745e-08
BC2026_Train_0025_S22_20211127_024500_040,3.049255e-14,1.6937369e-08,8.4047466e-13,0.00093741424,4.4824786e-10,2.1416308e-12,3.0461774e-08,5.319292e-09,9.386795e-07,0.9999987,0.99767464,8.2394624e-10,3.4782996e-08,2.893697e-10,4.566894e-11,2.0872443e-07,1.9640598e-09,4.7747593e-14,0.0022680946,9.481596e-09,3.5565686e-09,2.6636684e-05,1.0024143e-10,5.422137e-09,6.057746e-08,6.0213904e-12,2.399301e-07,1.0751568e-10,1.9741495e-11,2.169624e-05,1.1460385e-06,2.2532225e-10,2.8162922e-06,1.4996083e-07,1.3691389e-08,7.510376e-10,2.6963118e-10,5.340524e-11,3.5783927e-07,2.8920173e-08,3.9131425e-07,1.41802605e-08,2.6103987e-08,2.49807e-10,4.2084738e-10,1.1932016e-10,2.8450419e-08,1.4861997e-09,8.169317e-12,2.2966982e-11,1.0687363e-07,6.6858e-08,3.025621e-08,1.1880959e-07,1.8615085e-08,1.2440586e-09,7.7405644e-11,0.9998568,2.2532494e-09,1.4593225e-10,0.00054272765,8.3154436e-15,1.6905085e-09,0.0038962935,3.2427316e-08,4.3299124e-08,9.834798e-11,9.434328e-10,2.074401e-13,7.5333946e-07,5.2918316e-15,9.0585505e-14,8.477209e-10,4.6662016e-09,2.9565574e-09,4.905851e-09,2.5185958e-09,9.0157055e-09,2.1987407e-09,2.2628226e-10,1.1007974e-08,5.5051515e-12,1.2566177e-08,8.594834e-11,5.1880042e-11,9.2434727e-10,1.481041e-09,7.0986275e-08,3.5611993e-08,4.15476e-09,4.352666e-08,1.3185277e-08,2.0590248e-12,1.3756483e-09,3.0873493e-09,6.9823085e-09,1.301005e-09,1.30061735e-05,3.379892e-08,1.26832775e-08,1.3025314e-10,1.4727091e-12,5.5728924e-07,0.0014391601,6.69365e-05,1.5862193e-07,4.569477e-13,2.7831529e-11,8.780754e-10,2.0976492e-09,1.3885143e-10,3.3659785e-06,9.693554e-12,1.3184854e-11,2.306798e-09,3.136705e-08,1.2405454e-08,3.6560543e-08,1.9011648e-09,2.4421498e-09,5.297533e-09,5.978371e-09,5.781811e-11,3.6097963e-06,6.069074e-10,1.9059152e-07,7.54494e-09,1.4000307e-08,6.95918e-11,6.76069e-08,1.3552943e-10,1.6557706e-08,7.439063e-10,1.7927536e-09,4.9710386e-10,5.4796293e-13,1.4470674e-08,1.5047629e-09,7.9928744e-11,0.0005001504,1.2908109e-10,1.9202554e-07,2.1496799e-13,4.411345e-09,2.8311215e-05,1.6680821e-12,1.322837e-09,4.1825304e-10,5.1407976e-09,4.4227524e-09,3.4315474e-11,2.4646862e-09,2.7830946e-11,4.9270814e-09,6.698549e-09,8.854861e-09,4.821028e-10,5.208436e-12,5.0273266e-09,2.7359622e-11,7.2379422e-09,6.5686584e-10,5.669559e-11,8.744603e-10,7.410524e-11,0.0006945917,8.791316e-09,5.359434e-10,1.14003815e-11,6.2215896e-08,1.638453e-06,1.2030688e-11,1.4218425e-11,1.1958742e-10,2.5829095e-07,1.505986e-07,3.5199688e-10,1.3793792e-09,2.9036434e-10,1.1665209e-08,4.3406704e-08,2.87796e-14,1.507029e-09,3.359346e-11,5.4368523e-09,4.0173706e-10,5.56092e-14,1.6451485e-09,9.236854e-12,1.0693211e-06,7.8480555e-09,1.4600561e-08,4.322921e-09,7.549647e-09,3.1043804e-08,5.2706568e-08,2.6955882e-09,3.3302992e-11,3.2970067e-07,1.7658115e-09,4.4986234e-10,5.2714155e-10,8.756837e-14,2.0041158e-09,1.6130444e-10,1.2293968e-08,1.3954804e-07,2.1100263e-07,2.1572232e-11,1.5942657e-08,5.474571e-10,2.5255824e-07,1.2763567e-10,4.608403e-07,0.00016604573,4.0628853e-05,1.3453793e-09,9.1376e-09,1.821939e-11,8.2746414e-11,1.6272142e-12,1.9226067e-09,9.4605955e-11,1.5097175e-11,3.372528e-10,2.3748515e-07,5.1298002e-12,1.384247e-09,1.5573553e-12,2.0004417e-07,5.586789e-13,6.0435488e-09,1.7715202e-12,1.5082348e-08
BC2026_Train_0025_S22_20211127_024500_045,5.300514e-13,6.280944e-08,7.627305e-11,7.972606e-05,2.1404623e-09,4.6488913e-11,1.6471954e-07,1.0899441e-07,2.7352914e-06,0.99995494,0.9961743,5.302052e-09,6.230235e-08,8.979131e-10,8.913061e-10,7.0863496e-07,2.756578e-08,4.8363554e-13,0.0005721127,1.3091234e-07,2.7566255e-08,0.00015092417,1.1519715e-09,1.0237296e-08,9.491135e-08,3.5836594e-11,4.9142915e-07,4.6394892e-09,1.0156694e-09,5.087033e-05,1.4481557e-07,5.9547767e-10,1.4531531e-06,7.975282e-08,1.1251194e-08,6.4332997e-09,1.229999e-09,6.237649e-10,3.3214144e-07,1.9930507e-08,3.1308124e-07,4.734542e-09,2.9353028e-08,1.7504899e-09,1.8260252e-09,9.693599e-10,3.999133e-08,1.3143137e-09,6.048675e-11,2.6535324e-10,2.4565074e-08,4.7687664e-08,2.2287544e-08,3.919711e-08,1.582197e-08,2.8642222e-09,2.7559326e-11,0.9915692,8.9764125e-09,4.3969114e-10,6.879672e-05,7.957693e-14,4.3176737e-08,0.0017888407,3.770686e-07,1.5119191e-07,9.452988e-10,1.290534e-08,2.706227e-12,4.76518e-06,4.3802286e-14,4.481995e-12,6.6868813e-09,8.838005e-09,2.2299183e-09,1.1092595e-08,2.0387974e-08,7.357341e-08,2.1726327e-08,4.2763237e-09,1.3290558e-07,1.8567728e-10,8.107892e-08,1.8877547e-10,4.6187465e-10,5.0487747e-09,3.9281294e-09,3.521383e-07,8.6088406e-08,1.6106625e-07,2.2140812e-06,6.792343e-08,8.250906e-11,1.4556405e-08,9.168435e-08,1.546854e-07,1.0407558e-08,0.00023698251,3.8433295e-06,6.0001696e-08,3.4899525e-10,1.597905e-10,5.0577114e-07,0.0007055239,0.0005531194,7.96205e-07,1.0447799e-11,3.745594e-10,2.6739393e-08,5.9211533e-09,4.710472e-10,6.058739e-06,2.7018807e-11,1.8809258e-10,2.451731e-07,2.5912215e-07,7.532146e-08,1.8152686e-07,5.781872e-09,6.933606e-08,2.6514101e-08,3.4514088e-08,1.9428475e-10,1.3473643e-05,2.549261e-09,2.1107046e-05,7.07909e-08,2.972442e-08,1.9874759e-10,5.394859e-07,2.07406e-10,2.0038213e-07,1.255954e-08,6.7830605e-08,5.598876e-09,5.6829517e-11,1.3457499e-07,5.1261595e-09,3.2771189e-10,0.0014302833,1.2687457e-09,6.080464e-07,4.6350064e-12,5.0716615e-08,0.00010583753,2.630087e-10,4.7943005e-09,4.8951208e-09,4.999081e-09,6.010307e-08,2.1559203e-10,6.67703e-09,2.7443364e-10,8.456252e-09,9.6572734e-08,3.093605e-08,1.1847412e-09,7.554951e-12,8.350566e-08,1.91858e-10,4.0501016e-09,1.2678803e-08,4.466766e-10,1.2541897e-08,3.4691945e-09,0.00070590153,2.3906892e-08,3.7472465e-09,3.8989784e-10,7.183729e-08,0.00011212734,5.184327e-10,3.3956855e-11,1.359593e-09,2.7154858e-05,4.3282694e-07,5.446765e-09,4.9125832e-09,1.0120494e-09,3.0353587e-07,1.4796883e-07,2.7128991e-12,2.756163e-08,1.3917658e-09,5.146745e-08,7.538193e-09,2.1018781e-13,5.847383e-09,1.2638975e-10,1.0685375e-05,2.4325697e-08,9.150038e-08,4.3682444e-08,8.1236195e-08,1.7301437e-07,2.9325162e-07,1.7185235e-08,2.766156e-10,2.6026537e-06,2.4327969e-08,1.899668e-09,7.665699e-09,3.1251735e-12,4.0731656e-08,1.8077624e-09,7.63624e-08,5.0320205e-07,5.235052e-06,1.1349126e-09,3.420822e-08,2.3459478e-08,8.989846e-07,1.6782842e-09,2.582013e-06,0.00017397274,4.094699e-05,8.639812e-09,2.0130164e-08,1.5255404e-10,2.3511024e-09,1.8520465e-11,2.4906066e-09,5.336402e-10,5.3498414e-11,1.8890487e-09,1.2388887e-06,3.2351222e-11,8.413124e-08,1.1039733e-10,1.0027884e-06,3.5809793e-12,3.0588993e-08,2.9909717e-11,1.35865e-08
BC2026_Train_0025_S22_20211127_024500_050,1.623604e-14,4.596184e-08,1.2233296e-11,6.951057e-05,3.4711783e-10,5.094191e-12,6.3349404e-08,2.3695662e-08,1.7651377e-06,0.9999968,0.9997031,1.1668274e-09,4.4467512e-08,2.8219135e-10,2.6638722e-10,3.6847473e-07,5.2260973e-09,1.3331307e-13,0.00042211413,2.2112877e-08,3.7943186e-09,1.5349802e-06,1.5961261e-10,2.5006422e-08,1.6666796e-08,4.2848716e-13,5.7725856e-08,1.2047985e-10,3.8264964e-11,2.0121557e-05,2.9933398e-07,6.1759084e-11,6.21793e-07,4.8576222e-08,2.2454296e-08,4.2301138e-10,2.2146539e-10,1.3880298e-10,1.5078256e-06,1.5335734e-08,8.9328694e-07,6.688068e-09,8.300969e-09,1.2085961e-10,1.2957228e-09,1.4868063e-09,2.3853926e-07,6.680135e-10,7.871598e-11,2.2033915e-10,1.3240569e-08,1.4970627e-08,7.281546e-09,1.2811451e-07,1.5136008e-08,1.9922668e-09,2.4880497e-11,0.9999628,3.1200205e-09,1.7806515e-10,0.0005308876,3.0964645e-14,1.0915915e-08,0.00053767546,1.4536546e-07,3.9424222e-08,1.4500368e-09,1.8092249e-09,1.417285e-12,2.5810753e-06,1.4659228e-14,2.9648582e-13,2.5875695e-09,1.4377904e-08,2.758223e-09,1.6228554e-09,2.9709666e-09,4.0112944e-08,5.2929376e-09,2.918052e-09,4.828561e-08,1.7580526e-12,3.6546817e-07,5.640469e-11,6.505899e-11,1.1700232e-09,1.189369e-09,9.763508e-08,1.5282072e-07,4.2193187e-09,5.0288342e-08,2.5204423e-08,2.983235e-11,4.5062003e-09,1.156161e-08,6.1213726e-08,1.6310517e-08,0.00021459495,3.0966723e-07,3.3014583e-08,5.1492123e-11,3.9337936e-11,1.1329232e-06,0.00043093754,2.3778166e-05,5.1112534e-07,8.977336e-13,2.188079e-11,1.5119474e-08,3.6248136e-09,2.2310444e-10,1.1228211e-05,1.4067607e-11,1.608383e-11,1.4743528e-09,9.215667e-08,5.2958182e-08,1.5231423e-07,9.796742e-10,7.9506314e-08,7.181507e-09,5.698372e-08,1.2773113e-10,2.2330501e-05,2.536717e-10,1.1385989e-06,8.006829e-09,5.155833e-08,7.143861e-11,2.3595454e-07,1.2760645e-10,4.135786e-08,2.8469784e-09,1.6340973e-08,3.2047311e-09,2.2909252e-13,3.423779e-08,5.8933574e-09,7.1249906e-10,0.0049648406,6.0756755e-10,4.936914e-08,3.4034372e-13,7.1389925e-09,0.00013907716,1.7139937e-11,2.7124532e-09,3.3371892e-09,8.822644e-09,7.9915266e-09,1.3721675e-10,9.108957e-09,4.2664292e-11,2.9610665e-09,2.8939924e-08,1.36493306e-08,2.3594942e-09,2.228499e-12,3.0731506e-08,7.5549254e-11,1.2223752e-08,8.7698915e-10,6.287767e-11,2.164698e-09,1.2536336e-10,0.00013668725,3.472294e-08,1.3232736e-09,3.2853158e-11,1.3587128e-07,1.4888277e-05,5.918754e-11,1.5847346e-11,1.6087676e-10,5.8411492e-06,6.497947e-08,5.541756e-10,1.7953234e-09,4.5755016e-10,9.355884e-08,4.0514397e-08,2.6104417e-13,1.3300203e-08,3.251771e-10,2.3100752e-08,1.0928721e-09,2.899741e-14,1.2229675e-08,1.9927018e-11,8.806732e-07,7.0370305e-09,2.3207852e-07,6.968937e-09,7.551882e-08,3.5153157e-08,1.844064e-07,7.844029e-09,3.2716715e-11,2.1272435e-06,3.2544347e-09,6.3406647e-10,2.2852302e-09,5.0454915e-13,1.4215654e-08,1.5411762e-09,4.292717e-09,1.04753944e-07,1.3850473e-07,8.409662e-11,1.1824527e-08,2.8089573e-09,2.3629367e-07,1.125443e-09,8.693645e-07,0.003202028,0.0001739021,1.5372481e-09,4.1479602e-08,7.4556514e-11,1.174192e-10,8.532842e-12,2.0002247e-09,7.0642725e-10,1.252508e-10,1.3495556e-09,7.5397554e-07,1.805173e-11,4.7437534e-09,2.5534828e-11,5.2530925e-07,2.238984e-12,3.4182005e-08,1.0030049e-11,4.6581987e-09
BC2026_Train_0025_S22_20211127_024500_055,5.021377e-16,9.40471e-08,7.4528105e-14,0.0024956972,3.915997e-12,1.994191e-12,1.8927173e-08,2.348139e-10,1.3284382e-08,0.9999995,0.99996126,1.9911983e-10,8.823439e-08,1.092882e-10,9.008198e-12,2.5175401e-08,1.9679175e-10,3.6110305e-14,0.0013450435,2.2964564e-08,1.9519925e-10,4.4916578e-07,6.706967e-11,2.85708e-09,4.2203468e-10,1.3539746e-13,1.2599194e-09,8.749404e-11,1.6403223e-10,7.665426e-06,1.1291588e-06,1.9236658e-10,5.174463e-08,1.3410914e-07,1.142855e-08,3.6102343e-09,4.0562043e-11,3.3002445e-11,4.2746342e-07,2.3068827e-08,2.1066545e-07,1.903948e-09,2.6568965e-09,1.1940333e-09,5.943021e-10,1.2862864e-10,5.2015466e-08,4.6297254e-11,4.154199e-12,6.93431e-11,3.3998834e-08,2.179319e-08,1.104246e-08,1.2770343e-07,3.0759077e-07,5.2123347e-11,1.5465249e-11,0.99999666,5.4940796e-10,4.0695176e-11,0.00041218527,6.957915e-16,8.1673623e-10,8.143179e-06,1.6246333e-09,2.6369158e-08,2.4057223e-10,8.27644e-11,3.6766028e-14,2.362993e-07,1.4515543e-15,1.0375781e-13,3.7290632e-10,1.2089582e-10,3.1181522e-09,5.814652e-09,2.7320592e-09,1.3331823e-08,2.4322622e-09,6.271074e-10,7.788407e-09,1.8375582e-13,3.0360038e-08,4.9074272e-11,5.5047204e-12,2.2449088e-10,1.1816764e-09,1.639933e-08,1.9949492e-07,1.1993972e-09,2.2884814e-07,1.4664642e-08,4.7890745e-12,4.2329068e-10,1.0318114e-09,2.8972662e-09,3.0621183e-10,5.8946855e-05,2.4368186e-08,1.6998406e-08,2.9457076e-11,9.536472e-14,5.1232144e-07,3.9433035e-05,5.887697e-06,5.964501e-07,7.177945e-13,5.000148e-13,8.311505e-09,2.0341897e-09,1.7570553e-10,5.459547e-06,1.0175749e-10,1.8261581e-12,2.99135e-10,4.6025438e-08,8.224737e-09,5.0298303e-09,1.2379181e-10,3.0662344e-09,4.477849e-09,1.0753198e-08,3.065547e-11,7.1543633e-07,2.5152276e-11,1.5192786e-08,1.5693236e-09,7.2197013e-09,2.548769e-10,3.825616e-07,1.0125914e-10,9.33376e-09,1.7893537e-10,5.349079e-10,1.1200523e-10,4.3755523e-14,1.700096e-09,5.184626e-09,7.6748385e-10,0.0002103545,6.2892813e-10,1.8526109e-08,7.8028994e-14,4.1716477e-10,5.484437e-07,1.9457268e-12,1.2553493e-10,1.232942e-09,3.048956e-08,4.2874473e-09,3.7760255e-12,6.9114964e-10,2.4858678e-11,6.3368444e-10,6.6496636e-10,1.2523843e-09,1.3731807e-10,1.4615849e-13,2.2452795e-08,5.4786497e-12,1.0499775e-08,2.2877104e-10,6.8095724e-11,3.6169523e-10,1.5097031e-11,0.0021646568,3.082001e-09,1.5132037e-10,5.941304e-12,3.0443312e-07,2.9111716e-06,2.7957133e-12,2.722977e-12,4.4385256e-11,1.586528e-07,1.1480592e-08,3.3516405e-11,1.348163e-10,6.7360686e-11,6.49844e-09,2.0230239e-08,2.5799836e-14,1.4388046e-09,1.2428651e-10,1.3976501e-09,2.4745958e-10,6.7373403e-15,1.160681e-09,4.4813537e-12,4.517895e-06,4.693811e-09,1.9355186e-08,1.5286344e-09,4.1413827e-08,1.561722e-08,9.211924e-08,2.2875632e-09,1.2748379e-11,2.4958706e-07,2.660516e-10,7.8567974e-10,1.8021225e-10,8.7718475e-14,5.9102536e-09,2.7284022e-10,1.4804394e-09,6.02578e-08,2.3759789e-08,3.4524574e-11,4.4844306e-09,3.2808717e-10,9.3542965e-08,5.866212e-11,5.4444513e-08,0.0034518007,0.00031128255,2.117918e-10,2.2365388e-08,6.537158e-11,3.729054e-11,5.3850224e-13,2.8671612e-10,1.6941551e-10,6.700165e-11,1.6155547e-09,2.663809e-08,4.4354995e-13,8.656269e-10,6.159303e-13,6.718526e-08,1.8196832e-13,4.4286614e-09,2.0944477e-12,1.0487e-09
BC2026_Train_0026_S22_20211128_004500_015,1.672252e-12,1.09520656e-10,1.910413e-12,0.000152896,7.33502e-12,1.0016341e-11,1.6686662e-10,1.06250723e-10,2.7610744e-10,0.9999504,0.0057573332,7.2473416e-11,1.7454946e-10,9.409513e-13,1.1139052e-11,1.3047019e-10,2.4545116e-12,5.25939e-15,0.0001702382,2.6394024e-11,4.1450593e-11,1.8862033e-10,2.6575236e-10,2.0281526e-10,1.2971494e-09,5.956994e-13,5.617003e-07,3.825951e-10,7.533984e-12,1.2900997e-05,2.0332984e-06,5.977963e-12,3.291217e-07,1.0399481e-08,1.3867667e-11,2.4916399e-11,2.706701e-09,3.513228e-10,2.3991316e-07,3.832307e-09,3.428727e-07,1.9454527e-08,1.6073306e-08,4.0074324e-12,1.5806118e-10,6.156878e-11,3.4637612e-08,2.1949015e-10,6.2266824e-12,2.3898697e-11,1.1618579e-08,5.6165046e-08,2.1999586e-08,1.8777202e-07,6.050102e-08,2.6311356e-10,1.612337e-10,0.0015756516,6.618418e-11,8.118228e-12,3.3473304e-07,1.3854263e-15,6.007161e-10,2.9636783e-06,1.9741055e-10,4.6734963e-09,8.599363e-14,5.116344e-12,2.1546263e-13,7.2514245e-10,8.29906e-15,4.013988e-16,1.8913306e-09,1.3849365e-09,7.315669e-08,2.8687657e-09,4.675378e-09,3.117093e-07,1.4566877e-08,7.9551485e-09,5.118119e-09,3.964775e-11,8.941182e-08,7.3183415e-10,1.6617199e-10,1.4124513e-09,8.023974e-11,1.12794e-09,3.6682474e-07,1.8752133e-09,4.4251385e-07,1.3707073e-07,1.9606904e-10,2.0236914e-08,1.8379535e-10,3.4467257e-07,8.9212894e-11,6.72609e-07,4.515699e-09,2.1716469e-08,2.4544546e-09,8.0452826e-13,1.2453435e-06,0.5150003,0.0007932645,1.6880959e-08,1.1818828e-11,2.8947223e-11,2.027593e-09,5.7188183e-09,7.62956e-11,5.474357e-07,1.1725383e-10,2.651544e-10,3.2903844e-10,2.461106e-07,2.4373858e-08,9.970972e-09,3.1004008e-10,5.865278e-09,3.908161e-09,2.1662025e-08,2.2862068e-09,6.6766133e-06,4.7139864e-10,1.063046e-07,5.1017274e-08,2.4084292e-08,3.400879e-10,2.0774678e-07,5.9018135e-10,1.873809e-08,1.7134135e-09,3.3174896e-09,5.2860774e-09,2.4295275e-12,4.4688971e-07,1.7914523e-08,6.801441e-09,0.0005924146,9.989698e-10,1.8969089e-09,3.068722e-12,2.4949584e-08,3.318147e-07,2.4224665e-12,9.3087635e-09,3.9203076e-09,3.701385e-07,1.4022168e-08,5.687053e-10,4.380444e-11,2.6033415e-09,5.6709926e-09,1.7631839e-08,2.445717e-08,4.8215094e-09,2.648337e-12,1.12079114e-07,7.5632015e-11,4.6072604e-08,1.9594959e-08,2.7393054e-10,2.1180456e-08,3.5063796e-10,1.6822275e-07,6.019919e-09,5.2078253e-10,5.2667965e-12,1.8623312e-07,1.5638316e-06,1.4843518e-10,5.3851335e-10,3.8177523e-09,4.3302506e-08,2.2749816e-07,1.7394683e-11,1.7743973e-09,3.4563155e-09,5.450225e-09,6.3995984e-08,3.8730385e-13,4.2266176e-08,2.1890414e-09,1.2421712e-07,1.4577569e-09,5.8539436e-13,2.5414028e-08,2.07372e-10,5.553276e-05,1.6803478e-08,2.2867536e-07,1.1491407e-09,2.2663016e-08,7.02857e-08,1.6960488e-06,5.5259388e-08,1.3573646e-09,6.9831563e-06,1.01559445e-08,1.1756e-09,2.645321e-10,2.501665e-10,2.571789e-10,3.117342e-10,2.7072451e-06,4.6935266e-08,3.7011382e-06,2.2714244e-09,7.2207613e-09,8.2239444e-11,3.4372854e-07,1.5127218e-10,1.0236253e-06,1.0796082e-05,0.00059107004,8.806387e-09,1.8117397e-08,2.173703e-11,5.7476407e-10,4.368727e-12,1.3308467e-09,1.1855182e-10,2.3216856e-10,7.610398e-09,2.7170558e-06,1.3743827e-11,4.2066546e-09,4.955974e-11,2.1399964e-07,3.292304e-11,4.1980607e-07,4.2496034e-10,2.0337717e-08
BC2026_Train_0026_S22_20211128_004500_020,7.6833634e-10,1.3254736e-07,1.3466768e-11,0.87193286,4.6734785e-09,5.7438414e-09,4.6977902e-08,5.459204e-09,1.05196854e-07,0.99498737,0.1551719,1.4460293e-09,2.3699825e-07,1.027436e-09,4.0831108e-10,1.8845587e-07,9.9030145e-11,6.838715e-11,0.0005318434,4.77563e-07,2.0862393e-07,9.524155e-07,9.5599715e-09,1.6033628e-07,3.094166e-07,2.595127e-09,6.9184666e-06,5.3071335e-07,3.1953926e-09,0.0042967047,3.3011278e-05,5.301478e-08,1.4855544e-05,2.7626845e-07,4.692998e-08,3.1004614e-09,1.6826728e-08,2.4396174e-09,2.0054138e-07,2.4852653e-07,7.85984e-06,2.5339414e-05,9.954971e-07,2.1251676e-08,3.2690546e-09,1.26809e-09,4.402228e-07,1.6208803e-07,1.6347947e-09,3.9267112e-10,9.580344e-07,6.585449e-07,5.997824e-07,8.527051e-06,1.13485726e-07,4.1958945e-08,7.661051e-09,0.9774455,1.4632363e-07,1.9455254e-07,0.0024322777,2.7668745e-13,6.562365e-07,0.0001384372,4.095993e-08,1.1263055e-06,6.368809e-10,3.7690517e-09,7.186164e-13,1.7593986e-07,1.3487762e-12,3.4728453e-11,7.9305e-09,1.9635446e-07,5.838242e-07,1.1128992e-06,4.4543153e-08,1.6515052e-06,9.571927e-08,5.119049e-07,2.4236408e-08,4.707984e-10,2.0096296e-07,4.330242e-08,3.8224098e-08,2.2791765e-08,1.9759307e-08,3.506507e-07,2.6858572e-06,1.33600535e-08,3.1650336e-05,1.4444099e-06,2.2865294e-09,1.280277e-06,1.2003705e-08,6.23474e-07,7.0438627e-10,1.6802776e-06,7.442843e-09,3.1895067e-07,1.607017e-07,5.5246033e-11,8.53548e-05,0.26905507,0.013267725,2.4534032e-07,2.1748445e-10,4.5386073e-09,1.3996301e-08,1.487436e-07,1.0666567e-08,4.694969e-06,1.1440832e-07,4.1137636e-09,6.9304167e-09,2.4656825e-07,2.1420874e-07,5.2839532e-08,1.5518815e-08,6.874061e-08,1.4417194e-06,2.745039e-07,3.250088e-08,3.293372e-06,1.7510973e-06,1.554954e-08,2.273535e-07,2.4455989e-07,1.3223635e-08,1.3493445e-07,5.4806257e-08,9.949186e-08,3.4804108e-07,1.1363822e-07,8.628055e-09,1.7464696e-11,5.3483773e-06,1.0166972e-06,2.0285616e-07,0.0014812053,1.788888e-08,2.1092697e-07,8.711187e-11,8.389868e-09,4.5291534e-05,1.3952656e-10,2.3432204e-07,2.4238487e-08,3.911436e-06,5.2794498e-08,5.8079577e-09,5.078267e-10,8.598105e-09,2.8105883e-06,2.4698972e-08,2.2097198e-07,1.1180986e-07,1.1146709e-10,3.60377e-06,4.7018216e-09,1.4590896e-06,1.5831077e-07,8.969382e-08,2.772011e-07,3.984239e-09,8.54131e-05,2.3894347e-09,2.3888935e-08,6.955757e-11,3.3094261e-06,7.697018e-07,2.470573e-10,9.4278025e-09,6.776579e-09,4.0896385e-08,7.202707e-06,4.071818e-10,2.0280993e-07,3.4327115e-08,7.813703e-07,5.4785454e-07,9.3674415e-11,5.1115357e-08,1.45043035e-08,3.873639e-08,3.4640653e-08,4.089396e-12,1.1881299e-07,4.205547e-09,4.108498e-05,2.631006e-07,1.2852892e-06,1.3270761e-07,2.285344e-06,3.88366e-07,8.499192e-07,1.1257981e-07,1.5228528e-08,8.611232e-06,4.941049e-08,1.2635589e-08,5.0474362e-09,2.1107924e-10,6.848384e-08,6.5267622e-09,2.038586e-05,5.8053624e-06,2.451293e-05,1.4188749e-09,2.6488254e-07,1.2054174e-09,4.573575e-06,7.794693e-09,5.257995e-07,0.0029264898,0.0051042982,5.7055065e-08,6.7238204e-08,4.866882e-10,6.1813205e-10,2.9074562e-10,1.2813258e-07,1.0388157e-09,1.5313572e-09,2.3732123e-07,1.0658024e-06,2.9216485e-10,1.424924e-07,2.6193334e-10,2.4552102e-07,2.838931e-09,2.0136847e-06,1.2166717e-08,4.6955284e-07
BC2026_Train_0026_S22_20211128_004500_025,2.8719996e-10,1.3374203e-08,8.5570155e-11,0.00080573035,1.1134136e-09,6.144121e-09,6.073281e-09,6.045797e-09,5.0693302e-08,0.9960018,9.2026356e-05,3.465542e-10,4.8717624e-08,4.0962544e-10,1.5092815e-09,5.9598584e-09,1.938465e-10,2.9371016e-11,0.001133851,8.164847e-08,2.130906e-09,3.2294864e-07,1.4637982e-08,1.7858266e-08,4.7280107e-08,7.4001985e-11,5.6841207e-05,1.8846267e-06,1.1306567e-08,0.0047301715,3.2624986e-05,2.6065775e-08,3.1129744e-06,6.114657e-07,4.195724e-09,2.4935345e-09,5.0968065e-08,5.9307728e-09,7.064078e-08,1.0934856e-06,9.628517e-06,1.506955e-05,9.97979e-07,4.3200687e-09,5.1650044e-09,3.7607863e-09,3.9148554e-07,1.3895171e-08,5.617046e-10,2.5946206e-10,8.8788175e-07,1.602574e-06,8.274375e-07,8.7418e-06,1.1441197e-06,9.002852e-09,2.8048605e-06,0.027231295,1.1389662e-08,2.6680194e-08,4.7693924e-05,5.6604125e-13,6.00782e-08,9.356904e-06,2.5507944e-08,1.9931691e-07,3.97243e-10,1.3853432e-09,1.44960936e-11,6.618202e-08,1.0972335e-12,7.726367e-13,2.2607928e-08,8.716935e-08,3.8280697e-05,4.734839e-06,6.953631e-08,2.372188e-06,2.244169e-07,4.241031e-06,3.383633e-08,2.0688065e-09,2.7832854e-07,2.3711401e-07,8.040207e-09,7.5945664e-08,2.395368e-08,6.1814085e-08,2.6243501e-06,1.40651855e-08,1.5520996e-05,1.4379598e-06,3.026614e-08,4.6674913e-06,2.1295296e-08,8.119273e-07,4.6138187e-09,7.6232647e-07,2.6659185e-08,5.7358955e-07,2.5629384e-07,5.469339e-11,5.5173496e-05,0.080842264,0.0023226023,2.1801345e-07,4.9214993e-10,1.8160186e-09,2.4765672e-08,1.5332306e-06,8.019025e-09,1.9080162e-05,3.482256e-08,9.8236015e-08,3.9782933e-09,6.620864e-07,2.131929e-06,5.940579e-08,1.117983e-08,1.3032451e-07,4.3164763e-07,4.1866417e-07,4.111483e-08,2.0304078e-05,4.4878126e-07,5.6916814e-08,3.0094833e-07,2.4970774e-07,2.3722569e-08,3.7058744e-06,3.253412e-08,1.721603e-07,1.8091005e-07,3.7202078e-08,1.4745869e-08,7.793169e-11,5.993655e-05,1.9450001e-06,2.888969e-07,0.003192474,1.8773505e-08,3.9382886e-08,1.3418777e-10,3.9110188e-07,1.0500202e-05,3.872756e-10,1.2813067e-06,9.94793e-09,4.887361e-06,3.2708687e-07,3.0008604e-09,6.718891e-10,3.4875402e-08,2.0287252e-06,3.6923382e-07,1.954435e-07,6.101178e-07,1.7170965e-10,7.0352608e-06,5.674239e-09,8.552575e-06,5.547112e-07,6.1020046e-07,3.673982e-07,6.1295715e-09,1.9015493e-05,5.9472903e-08,3.714749e-07,7.7923995e-10,2.928257e-06,3.3502477e-06,5.153921e-10,2.6174234e-08,1.9041622e-07,3.3557077e-07,1.5365034e-05,2.999909e-10,1.2380131e-07,5.4377782e-08,7.398237e-06,1.5511883e-06,4.8844023e-10,7.518596e-08,7.5939006e-08,8.306585e-07,4.6445386e-08,4.5242466e-11,1.8800387e-07,1.1494109e-08,3.167727e-05,4.4452722e-07,3.924664e-07,1.619032e-08,1.1003973e-06,4.5478686e-07,1.5692816e-06,1.541001e-07,4.7443073e-08,0.00029042264,5.6283653e-08,1.5714061e-08,7.743644e-09,2.3374325e-10,3.875013e-08,3.2449403e-08,4.922518e-06,8.889876e-06,0.00014591614,1.3484961e-08,4.911677e-08,1.7282459e-09,7.367982e-06,4.992927e-08,8.569173e-06,0.0012051085,0.082453705,2.5588403e-07,7.914652e-08,1.4820158e-09,1.2957375e-09,4.439377e-09,7.737003e-08,2.8602544e-08,1.6120119e-09,4.0125195e-07,3.896975e-06,4.9212767e-09,1.3922161e-06,2.5615192e-09,3.7491648e-07,2.0778632e-08,1.2289522e-05,1.4206593e-07,1.1178998e-06
BC2026_Train_0026_S22_20211128_004500_030,1.624523e-11,1.0511638e-08,1.0539762e-12,0.0044636223,1.2915958e-11,1.2833358e-10,1.7547721e-09,3.1959213e-10,3.442164e-09,0.9988418,4.303288e-05,4.916234e-11,2.140846e-09,4.1621637e-11,6.008029e-11,1.3931886e-10,4.0899736e-12,4.5378883e-13,2.710637e-05,2.8754545e-09,3.7562176e-10,7.92696e-09,1.8841622e-09,2.6125227e-10,3.3968293e-09,1.1832788e-11,9.829915e-07,4.128866e-08,2.6437166e-10,0.000117101765,1.144722e-05,4.853301e-10,6.6524235e-06,7.57664e-08,9.879808e-11,3.671676e-10,7.7787676e-10,2.6650157e-10,5.841333e-08,7.820579e-08,9.122451e-07,4.7527355e-06,7.12584e-08,2.9797048e-10,4.398849e-10,2.1767162e-10,3.963692e-08,2.9574878e-09,2.0920812e-11,1.36265495e-11,1.5459027e-07,1.2594089e-07,9.209376e-08,1.6889501e-06,7.714296e-08,1.4358457e-10,1.2593742e-09,0.00076176156,1.4360794e-09,2.2386662e-10,6.7770526e-07,2.0898207e-14,3.5272556e-09,1.387103e-06,6.196797e-10,8.6253715e-09,2.938714e-12,7.8690165e-11,2.2171354e-13,1.7975232e-09,1.1195801e-14,2.0099526e-14,1.4678208e-09,1.18189805e-08,5.299274e-07,5.4995843e-07,5.586214e-09,7.448347e-07,7.074258e-08,1.5483579e-07,1.1534671e-08,2.0223004e-10,2.1243205e-08,5.5569798e-09,1.2578635e-10,8.901309e-09,3.2493844e-10,3.4540546e-09,3.409704e-07,4.1404093e-09,6.878041e-06,2.7655736e-07,4.811236e-10,5.179045e-07,6.020754e-10,1.5761675e-07,1.6508495e-10,8.5577305e-08,3.0275997e-09,4.2907384e-08,9.844887e-09,1.273464e-12,4.0377094e-05,0.324288,0.001064083,6.14389e-08,3.8983296e-11,2.5985233e-10,7.5445616e-10,8.2522874e-08,1.1192649e-09,6.849854e-06,3.679783e-09,4.932987e-09,9.803097e-10,3.7304112e-08,1.3879205e-07,1.7140216e-09,1.8961457e-09,1.7622863e-08,3.591609e-08,1.4079417e-07,8.109188e-09,4.8374286e-06,5.8888208e-08,8.841815e-09,4.0616218e-08,1.7425824e-08,1.0675801e-09,9.801691e-07,2.1593949e-09,6.411926e-08,1.840467e-08,2.3686253e-09,2.1723996e-09,3.633606e-12,1.8535001e-06,5.3850876e-08,9.410627e-09,0.0018262403,4.9226005e-09,1.1185141e-08,6.9062976e-12,3.4078234e-08,2.961936e-07,1.40610605e-11,6.736747e-08,3.0166418e-09,3.1972237e-07,9.406521e-08,1.5032854e-09,3.3002573e-11,4.453506e-09,1.1356238e-07,2.0488743e-08,2.7651408e-08,5.0553776e-08,5.3213033e-12,2.8592817e-07,5.1188287e-10,1.0828761e-07,5.6629645e-08,2.2186049e-08,3.2764472e-08,1.7376097e-09,2.1521791e-06,1.1100025e-08,7.2354576e-09,2.1526569e-11,2.915159e-07,9.368095e-07,6.541124e-11,5.8256084e-09,4.5162674e-09,2.9436118e-08,1.3208178e-05,3.4461285e-11,5.7824128e-09,9.2134655e-09,8.7319435e-08,1.00883184e-07,1.1577128e-11,2.5837489e-08,3.3178127e-09,7.0091716e-08,2.7787692e-09,1.4728111e-11,3.6988684e-08,3.3708558e-10,5.6883935e-05,1.150122e-07,3.1582687e-08,5.073855e-09,3.8146386e-08,8.301828e-08,1.999518e-06,3.2729304e-08,7.6894375e-09,3.5950202e-06,1.0396191e-08,3.2885041e-09,3.2477485e-10,5.349566e-11,1.4848992e-09,2.1141053e-09,4.381961e-06,3.446279e-07,2.692194e-06,4.0578803e-09,3.0888934e-08,5.240008e-10,1.540083e-06,3.3580363e-09,3.1927161e-06,2.7790687e-05,0.029542282,4.6500155e-08,3.6871668e-09,5.362632e-11,5.54933e-10,3.5042247e-11,1.07785185e-08,5.8761473e-10,9.566875e-11,1.0197094e-08,4.4880952e-07,2.3991284e-10,1.5731064e-08,4.824218e-11,3.1812007e-08,3.423195e-10,1.2464141e-06,2.0071955e-09,2.662999e-07
BC2026_Train_0026_S22_20211128_004500_035,4.3702483e-10,1.5091547e-07,6.934531e-12,0.8036654,1.6439595e-09,9.178351e-09,2.9170966e-08,1.1135304e-09,9.235093e-08,0.8905071,0.00019169635,1.5132738e-09,2.3281605e-07,1.11727525e-08,1.1757143e-09,2.1156795e-08,1.1816285e-10,2.2546596e-09,0.0001208312,9.094515e-07,4.065963e-08,2.0250293e-06,4.473557e-08,1.6273882e-08,2.9139043e-08,4.7063975e-09,2.775593e-06,3.1439822e-06,2.5703153e-08,0.007952273,2.1426162e-05,7.636575e-08,9.489074e-06,2.6315553e-07,1.8174082e-09,1.4816125e-08,2.381855e-08,5.9834133e-09,1.1318957e-07,7.4660056e-07,3.484004e-07,1.3020942e-05,7.968005e-07,6.3366684e-08,9.506114e-09,5.2905453e-09,2.161154e-07,1.6651249e-07,5.667605e-10,1.6490524e-10,8.644857e-07,7.9878396e-07,7.4052355e-07,9.0043477e-07,4.5775883e-07,1.8222848e-09,4.605977e-08,0.0030248296,8.433508e-09,1.5912693e-06,0.000554703,7.4624015e-13,2.1023091e-07,1.26067425e-05,5.5974155e-08,1.2533019e-07,5.2006857e-11,2.558058e-09,1.608146e-12,3.6808444e-08,1.9513985e-12,4.211019e-10,3.5110045e-07,1.0359768e-06,6.7026613e-06,5.8174555e-06,1.7179506e-06,3.7720206e-06,3.6108702e-07,4.6356536e-06,3.302939e-07,1.677341e-08,3.501776e-06,2.9871657e-07,2.6491758e-08,9.6928886e-08,1.535303e-08,1.8788933e-07,1.0337916e-05,6.03207e-08,0.0008235081,6.67811e-06,1.7126467e-08,4.163774e-05,1.7310972e-08,1.0800572e-05,9.527988e-09,1.5124945e-07,4.559842e-08,3.868611e-07,1.7988091e-07,1.9643585e-10,0.00020976487,0.8277426,0.0009973543,4.4277857e-07,1.0918038e-08,3.4164913e-09,3.1909664e-08,2.639392e-07,3.012107e-08,0.00011785918,4.1937984e-08,1.7409468e-07,7.3566255e-08,9.430918e-08,7.8886005e-06,5.194178e-09,3.9373285e-07,4.863843e-07,8.997831e-06,3.7798923e-06,1.4995368e-07,7.791263e-05,1.1047917e-05,1.9986658e-08,5.796804e-07,1.1084664e-06,5.7834747e-08,5.934044e-06,1.04604204e-07,2.3539228e-06,6.198788e-07,2.5587761e-08,2.7170268e-08,7.507636e-11,5.054865e-05,5.8439177e-06,7.4699653e-07,0.0012710964,3.2102486e-07,9.129103e-08,3.2456926e-10,1.08039615e-07,4.8399756e-06,3.9143658e-10,1.1634012e-06,1.310892e-08,2.4221992e-05,3.497967e-07,7.519482e-09,2.1031245e-10,1.945494e-07,1.595238e-06,5.6287035e-07,8.1628514e-07,2.931403e-06,7.926817e-11,3.888959e-05,6.0597087e-09,6.6136766e-07,3.7655224e-07,3.3618721e-06,1.058473e-06,1.9889494e-08,1.7522667e-05,3.0896654e-08,5.1557845e-07,2.1707955e-10,1.27849125e-05,1.0947325e-06,1.982627e-09,3.130543e-08,2.4703873e-08,5.0131007e-07,2.2326712e-05,5.3174737e-10,1.1223393e-06,3.8612282e-07,2.6619405e-06,7.91339e-07,1.3060146e-09,2.4167407e-06,2.3291933e-07,2.321242e-06,2.8125214e-07,7.8828105e-10,1.0258611e-06,3.374248e-09,7.174489e-05,1.8728089e-06,1.547518e-06,5.457811e-08,1.4006245e-06,1.0772147e-06,7.1180543e-06,2.396424e-07,1.7271286e-07,5.9565442e-05,2.6383023e-07,2.843718e-08,1.714127e-08,5.720256e-10,4.2311999e-07,3.6297415e-08,5.5108398e-05,3.605102e-05,0.00012104524,2.1185895e-07,3.4192607e-07,4.0091437e-09,0.0001043616,7.8066144e-08,2.9593139e-05,0.0002497544,0.13649799,1.7801055e-07,5.756929e-08,5.426624e-10,7.593458e-10,4.5544132e-10,1.7175722e-07,1.6554358e-08,1.3342627e-09,2.6161638e-06,1.0974862e-05,1.2667519e-07,3.7504199e-06,5.0073066e-09,3.0217086e-07,2.6987946e-08,0.00014024695,2.0654903e-07,5.655733e-06
BC2026_Train_0026_S22_20211128_004500_040,1.16173204e-07,1.3723594e-06,4.9261838e-11,0.00052795454,1.7532548e-07,7.3381803e-09,3.4625256e-08,1.3406746e-07,1.5415758e-06,0.018288923,0.001395168,9.465835e-10,2.0318028e-07,1.0970538e-08,1.3980894e-10,7.06894e-09,1.2366821e-09,3.903998e-08,4.1155097e-05,2.95982e-06,1.1955373e-07,3.5699428e-05,1.01818614e-07,1.781923e-07,1.074506e-08,1.5773931e-09,6.7424866e-05,3.4362205e-07,3.69075e-08,3.265524e-05,0.00010384095,1.1611787e-06,0.005267079,1.1550232e-07,1.8650773e-07,2.1337485e-07,5.8783775e-07,5.0370424e-08,5.7912235e-08,1.5502447e-06,1.19470715e-05,0.00014554775,7.4084887e-06,9.2046935e-07,4.0625984e-08,7.068836e-08,7.230091e-06,5.8031867e-05,1.5841989e-08,8.9372004e-10,3.1129355e-06,2.7342585e-06,1.2983321e-05,1.8759561e-05,9.2234194e-07,3.5732356e-08,5.3858577e-07,0.026063528,8.2063764e-08,2.0358213e-05,0.0331363,7.821652e-12,3.1301465e-07,0.0004572704,5.983187e-06,7.6925414e-07,6.356476e-11,1.3282456e-08,1.9926465e-13,1.7458949e-07,2.2432386e-11,1.6455948e-08,1.3181183e-07,2.0160678e-07,1.516034e-07,6.785182e-07,2.6998612e-07,7.563481e-06,9.109378e-08,9.654709e-07,2.842035e-07,1.3456904e-08,1.5910082e-07,9.841136e-08,3.164564e-08,6.0492306e-07,2.597647e-07,1.3498143e-05,8.5260314e-07,5.4352682e-08,0.00028983626,1.6733786e-05,1.2816362e-07,2.8408145e-05,1.1737336e-07,6.9073444e-06,8.2563645e-08,8.034904e-06,1.2879366e-07,1.5580097e-06,9.3980725e-07,2.7314182e-09,2.5197096e-05,0.03870217,0.00057876215,2.7060216e-06,4.3684025e-08,1.2428052e-07,1.8663069e-07,8.4583013e-07,9.806945e-07,0.00063590327,1.8792589e-07,1.0984618e-06,1.6848863e-07,7.046872e-07,8.035845e-06,6.695435e-08,1.0008537e-06,2.0335067e-07,1.2003019e-05,1.6268006e-06,8.7873605e-07,8.092263e-05,8.124089e-06,1.7700482e-07,2.0756868e-06,2.183628e-07,5.4277173e-08,4.3987575e-07,4.7200732e-08,2.0761538e-06,1.168613e-06,2.0018877e-06,6.2314524e-07,1.513756e-09,9.3669305e-06,9.3901616e-07,2.4030015e-07,0.0075329784,7.62394e-07,1.4433028e-06,4.501027e-10,6.0241877e-07,0.0033696743,1.05333436e-10,4.625263e-06,7.182616e-09,7.313684e-06,5.843132e-07,1.1511639e-08,8.20293e-09,5.7029826e-08,3.4112734e-05,8.501227e-07,1.4493675e-07,2.511426e-05,2.174821e-09,4.6455093e-06,1.8726835e-08,2.7921598e-07,7.0975227e-07,9.300479e-08,8.579833e-07,3.8820037e-08,6.3286884e-06,1.5843582e-07,1.1517783e-05,1.0498848e-09,2.0410895e-05,7.506813e-06,8.8076757e-10,1.5969017e-07,2.5105737e-07,4.8079937e-06,4.971833e-05,7.693644e-10,3.355584e-05,2.7954158e-07,3.4590754e-05,1.9937845e-06,3.322968e-09,6.4860905e-07,1.331907e-07,3.6257152e-06,1.0569055e-06,8.1853113e-10,1.4768717e-06,3.3738115e-08,6.368289e-06,5.630911e-07,6.607078e-06,3.4161264e-06,3.05333e-07,2.8296076e-06,2.2462425e-06,1.838329e-06,4.3354328e-07,0.0010324455,1.2489767e-07,1.3400325e-08,6.5169746e-07,2.1320062e-10,3.319313e-06,2.078084e-07,2.7831717e-05,0.00019498263,0.0001084874,6.626601e-08,2.5801326e-06,2.2835009e-06,2.5733681e-05,1.9838276e-07,3.2558288e-05,0.012723463,0.002562696,3.852871e-07,1.423491e-07,5.6960143e-08,7.384964e-09,3.0482274e-09,2.9059018e-07,3.575431e-08,1.469762e-09,1.8489891e-06,9.602227e-06,3.9002583e-07,0.00041168617,8.128839e-09,1.8396203e-07,2.0613944e-08,7.861439e-05,9.174816e-09,1.4523578e-06
BC2026_Train_0026_S22_20211128_004500_045,4.4440856e-07,1.3574154e-06,5.109362e-08,4.772427e-05,3.2485607e-07,6.357758e-08,2.9381013e-07,1.2873071e-06,1.6043524e-06,0.07240557,0.0064337817,6.623542e-07,7.7928365e-07,5.271267e-09,1.34070985e-08,7.242116e-08,4.2687613e-09,2.4366222e-09,0.00073669944,2.060726e-06,7.4044164e-07,4.3640493e-06,1.3239539e-07,3.4743522e-07,7.847271e-07,1.44953685e-08,0.0010344647,7.0618935e-06,3.885279e-07,0.0018905193,1.40473285e-05,8.5690465e-07,1.3536157e-05,1.8853062e-06,6.948579e-08,2.5478536e-07,1.3589139e-06,1.4874175e-07,1.6087051e-07,1.9037423e-06,4.337726e-06,2.8889767e-06,6.5626427e-06,5.440859e-07,4.3045084e-08,3.8774303e-08,1.0625914e-06,7.547597e-07,2.0191997e-08,5.430841e-09,1.6110465e-06,2.2561894e-06,3.4795687e-06,5.9766e-06,2.5954705e-06,1.6665849e-06,1.6722255e-07,0.004569583,1.183127e-06,1.9704303e-06,0.015759017,7.0074946e-10,4.944528e-06,0.00046374448,3.3692658e-07,9.340517e-06,2.1378754e-09,1.4022534e-07,2.4448144e-10,1.1386131e-06,2.3537844e-10,6.7291894e-10,3.9204897e-07,1.0287474e-06,4.9099635e-05,4.6911423e-06,6.6488377e-07,1.0546466e-05,6.982337e-07,8.87275e-06,7.4683345e-07,2.6761432e-08,2.9438613e-06,1.7822747e-07,3.9501649e-07,2.6575676e-06,4.637001e-07,9.090465e-06,1.5387088e-05,3.85347e-07,0.00013358436,2.1942962e-05,2.3460201e-07,1.4530544e-05,9.474817e-07,3.0418074e-05,9.2345346e-07,5.8459027e-06,5.3498666e-06,8.8779225e-06,1.0120422e-05,5.303498e-09,0.00033030982,0.33981127,0.005430576,5.633963e-06,2.4467342e-08,3.837744e-07,2.0931598e-06,7.833282e-06,7.4489725e-07,0.00015688059,9.3402974e-07,8.4082615e-07,9.131071e-08,1.3198862e-05,2.6033564e-05,1.299138e-06,8.56534e-08,7.09705e-07,6.7752546e-05,1.3667889e-06,1.0059415e-06,0.00024376588,0.00015269712,1.1985629e-06,9.819498e-06,1.3391211e-05,1.9277253e-07,3.5216488e-06,3.4314235e-06,7.878872e-06,5.7453065e-07,1.8482153e-06,7.4106797e-06,1.2764943e-08,8.055485e-05,3.739035e-06,1.0894573e-06,0.0020859085,5.185544e-07,6.092019e-06,1.8433267e-08,4.5269308e-06,0.043503042,2.0866278e-09,9.488195e-06,7.1625905e-08,1.98985e-05,1.930915e-06,2.2047773e-07,9.109865e-08,7.7318015e-07,3.3143446e-05,3.515864e-06,3.76679e-06,2.6123469e-06,1.1751163e-08,1.4140298e-05,3.2263333e-08,1.2501278e-05,2.5944437e-06,2.0326478e-07,1.4439814e-06,2.8520864e-07,4.654285e-06,4.464037e-07,2.3244489e-05,1.9051988e-08,8.625501e-05,8.83735e-06,6.66918e-08,7.416834e-07,3.0332394e-06,8.906814e-06,3.790501e-05,2.7083965e-08,5.358358e-06,1.2171834e-06,0.00038817103,2.6399966e-06,1.234072e-08,3.577973e-06,1.5687443e-06,5.688741e-06,7.457168e-07,7.819293e-09,3.669745e-05,9.328923e-08,3.9604507e-05,3.2176554e-06,1.2443354e-05,8.9033995e-07,2.591187e-06,1.5053075e-05,2.3963537e-05,2.63204e-06,9.59447e-07,0.0011000644,1.1636858e-07,1.0743506e-07,3.6978145e-07,8.724e-09,3.2063033e-06,3.2705134e-07,0.00010029815,0.001226261,0.009037507,1.3640592e-07,2.1320957e-06,4.6104606e-07,3.4633133e-05,2.773664e-07,0.00014376016,0.0059222593,0.014714933,4.752305e-07,6.209999e-06,1.8501272e-07,8.070906e-07,9.028646e-09,1.9277559e-06,3.5452936e-07,1.639617e-08,1.9312154e-06,8.133514e-05,9.951653e-08,0.00031814116,3.1408666e-07,2.7414833e-06,1.4165951e-07,4.7900405e-05,2.9651918e-07,5.1906577e-06
BC2026_Train_0026_S22_20211128_004500_050,6.993998e-09,4.986128e-07,8.964744e-09,0.0009553004,3.309648e-08,2.728228e-08,7.955467e-09,1.7562654e-07,8.794925e-08,0.107085906,0.0011855519,2.2871456e-08,1.9786374e-07,5.3749893e-08,6.8077486e-09,1.4146337e-06,1.7406416e-09,5.4800067e-09,0.12226116,1.541088e-05,2.6250183e-07,0.00013677852,1.2145534e-06,7.037786e-08,1.2733632e-06,1.3685306e-08,0.0012989739,2.4531325e-06,3.11245e-07,0.0010161061,3.7647112e-06,1.4434983e-06,6.987026e-06,6.1893365e-07,1.1069346e-08,1.993188e-07,7.038516e-05,1.8425081e-06,5.6705403e-08,1.2148732e-06,1.7633574e-06,1.2570155e-06,4.780852e-07,8.949224e-07,4.481166e-08,1.7760065e-08,2.9864992e-07,9.604094e-08,2.6493325e-08,2.6077014e-08,4.1465603e-07,2.8126905e-07,5.242033e-07,1.6625717e-06,7.9700425e-07,3.0087372e-07,1.9105103e-07,0.0010632257,1.8739634e-07,5.9840363e-06,0.008564446,1.3792508e-12,2.04015e-07,0.00021583085,4.2997996e-07,5.083398e-06,1.5081758e-10,7.1727214e-08,1.765015e-11,3.4764832e-07,4.590254e-11,1.0631883e-10,8.5140385e-07,3.1416783e-07,2.9614564e-05,1.1121459e-06,3.098225e-06,4.341039e-05,1.6532007e-07,1.2054847e-05,1.0084804e-06,8.404544e-08,3.452348e-07,7.064307e-08,5.0303015e-06,4.378855e-08,1.419048e-07,1.0767484e-06,1.849201e-05,1.393321e-06,5.5050514e-05,1.31849965e-05,3.0306403e-08,1.7367232e-05,3.439959e-06,3.732565e-06,7.925605e-08,7.766695e-05,8.990146e-07,7.913797e-06,0.00022195496,1.5092786e-09,2.9232204e-05,0.36549708,0.0049600443,3.319335e-06,2.4756794e-08,3.6098914e-08,1.5534266e-06,2.2380468e-06,6.742981e-07,5.015128e-05,1.4295682e-07,3.185248e-07,6.5774785e-08,6.358416e-06,2.2285529e-05,5.51318e-07,1.622221e-07,3.7144089e-06,0.0004411553,1.289036e-05,1.2755022e-06,7.108187e-05,0.00015136445,3.7472523e-07,4.189128e-06,1.0613775e-05,1.315983e-07,1.6348724e-06,1.5598295e-06,1.6729193e-06,3.979691e-06,2.67176e-06,4.769918e-07,1.363216e-08,7.7577155e-05,1.8080481e-06,1.26325085e-05,0.006513523,4.521803e-08,6.4348633e-06,1.1998136e-09,3.7835998e-06,0.0033272204,2.316753e-10,1.4099105e-06,7.417139e-08,5.9113327e-06,1.2371366e-06,1.9770429e-08,4.368536e-08,2.1833084e-06,1.6241036e-05,5.189386e-06,1.1807205e-06,8.872961e-07,1.0802454e-08,4.2431973e-05,1.0111878e-07,1.7438397e-05,2.6688672e-06,4.6449327e-07,1.5698834e-06,6.115643e-08,1.0930469e-05,6.645275e-07,8.698325e-06,8.0720755e-09,4.5246034e-05,4.5031707e-06,4.066164e-08,8.2309623e-07,6.223548e-07,4.3458044e-06,6.198124e-05,5.4976366e-09,6.020379e-06,4.4897274e-06,0.00076012715,3.0971883e-06,4.5094005e-08,1.926135e-06,4.337341e-06,1.4108466e-06,5.7536187e-07,1.9777584e-09,1.3192619e-05,2.0918927e-08,0.00011046729,1.8423306e-06,6.4380733e-06,1.8679268e-06,1.2245288e-05,2.5524575e-06,3.3984688e-06,3.6193346e-06,2.9019915e-07,0.00052508886,2.92687e-07,1.4671767e-07,8.314585e-08,3.3223102e-08,6.0677604e-07,6.5233854e-07,2.1883132e-05,0.0008921814,0.003594979,3.7812623e-07,3.266866e-07,1.9238755e-07,3.6009653e-05,9.7009895e-08,5.5977463e-05,0.005350179,0.33919206,8.8399696e-07,1.3558537e-06,3.1940594e-08,1.2544331e-07,2.2818023e-09,4.911429e-07,6.655785e-08,8.387984e-08,8.7510244e-07,0.0005143128,7.802028e-07,0.00027555696,9.7147655e-08,3.8263386e-07,4.3788965e-08,0.00024293455,1.6155238e-07,1.0012748e-06
BC2026_Train_0026_S22_20211128_004500_055,3.1575027e-09,1.8660486e-07,7.9339825e-12,0.009292907,3.1619745e-09,1.1098029e-09,7.7883065e-08,1.1906425e-09,2.155545e-07,0.044374507,1.8160223e-05,2.6589344e-09,4.8930605e-07,1.1725522e-09,3.1947677e-11,3.1277663e-09,2.8432038e-11,1.2047923e-09,3.60607e-06,5.1744824e-08,2.780303e-08,1.6717951e-06,5.277494e-09,1.4406068e-08,1.3866684e-08,9.627695e-09,4.972921e-07,5.9281283e-06,1.855323e-08,0.0024543165,2.2440265e-06,3.9396706e-08,4.938826e-07,3.1708575e-07,7.6696144e-10,6.9146515e-09,1.8978605e-09,1.3359733e-10,5.710437e-09,6.193559e-07,1.5946951e-07,3.2409775e-06,2.355847e-07,4.6281073e-08,2.921923e-09,1.2576649e-09,1.3867509e-07,1.5214534e-08,5.8531235e-11,5.890171e-11,7.3211675e-07,4.983318e-07,2.716641e-07,3.0555762e-07,5.2954647e-07,5.876285e-09,4.435179e-09,0.16906808,1.8018664e-08,5.236295e-06,0.002026518,5.3493565e-13,3.6223202e-08,1.4673142e-06,1.0803711e-08,3.1609997e-07,3.870847e-12,1.1450826e-08,7.9135304e-13,1.083388e-08,2.6668576e-13,9.750547e-10,8.393774e-09,2.700706e-07,8.747303e-07,5.453469e-06,1.0329945e-06,1.0158618e-06,2.9042562e-07,2.0671998e-06,4.963076e-07,4.0245257e-10,8.745685e-07,1.3347853e-08,1.9157515e-08,2.1120387e-08,1.2041979e-08,8.030093e-07,1.1586617e-05,1.0654936e-08,0.00020244055,1.3205685e-05,2.1236186e-09,1.4043898e-06,1.0566515e-08,3.251904e-06,1.1977406e-08,1.2395956e-06,4.6604576e-08,1.4491716e-06,1.2723353e-08,3.2031388e-11,1.2989265e-05,0.90315944,0.0023826351,1.1673332e-06,9.292049e-10,7.6572926e-10,5.1754004e-08,4.6862903e-07,5.0275975e-08,0.00040258924,1.0735661e-07,1.2682334e-08,1.6245258e-08,1.5522062e-07,3.2108383e-06,9.146684e-09,1.5619936e-07,1.0050118e-07,0.00042665788,5.7247524e-07,5.615691e-08,2.4009401e-05,0.00030416728,4.7242317e-09,1.7537814e-06,2.987538e-06,4.1227125e-08,4.1974317e-07,4.0878604e-08,8.868072e-07,1.5593681e-06,2.7766884e-08,3.1530927e-08,2.9412317e-12,6.3438183e-06,2.155953e-06,4.5844164e-08,0.0013762042,5.458582e-08,1.3166006e-07,8.2480425e-11,2.6464386e-08,0.00081861706,5.0291726e-11,4.5696848e-07,4.23031e-09,5.4566844e-06,1.7623559e-07,4.925794e-09,6.505617e-10,7.768945e-08,5.945345e-06,4.2895024e-08,2.0587213e-07,2.057074e-06,1.530789e-11,1.8532244e-05,3.7703227e-10,3.4940122e-08,8.311302e-08,2.5196354e-07,4.7168424e-08,9.975479e-09,2.0436269e-06,5.3937503e-09,1.9085103e-06,1.4512099e-09,2.7834524e-06,5.091759e-07,1.5480967e-09,5.615196e-09,8.982269e-09,4.7737444e-08,0.00013055424,3.690458e-10,2.332199e-06,3.108149e-07,6.1030397e-07,4.0110578e-08,2.9266176e-10,1.1155936e-07,8.5866375e-08,1.682335e-07,8.485499e-08,4.5210913e-10,3.9241772e-06,8.3217794e-10,8.115926e-05,1.1841751e-07,1.7455168e-06,7.29804e-08,2.5748895e-06,6.608771e-07,2.332466e-06,1.380786e-07,1.10868676e-07,8.4460204e-05,3.9145487e-08,1.7193367e-08,1.2413406e-08,8.8416585e-10,2.353893e-07,9.569038e-09,2.5522933e-05,0.0025194066,0.00020404627,5.818491e-09,2.014917e-05,2.005592e-09,4.9451032e-06,4.1633534e-08,3.8064212e-05,4.3211727e-05,0.0005623137,1.5222682e-07,4.538575e-08,6.0609995e-10,5.0075646e-09,1.8972769e-10,2.6400468e-07,1.5322811e-08,1.3508251e-09,3.744973e-07,2.5177405e-06,9.694936e-09,2.7950766e-06,1.0384711e-09,3.032338e-07,1.9063902e-09,4.521196e-05,2.9562148e-08,1.3187423e-06
BC2026_Train_0027_S22_20211129_014500_000,1.4533454e-13,5.9295985e-08,2.8417277e-12,0.051440727,9.432991e-11,1.5477378e-11,6.5747665e-09,6.0262996e-11,2.2330306e-08,0.9999982,0.99998915,9.718969e-09,1.0232885e-08,1.1055235e-11,1.5706067e-11,1.12604944e-07,8.899862e-10,5.209623e-14,2.5026304e-06,1.681158e-09,1.0958878e-10,1.9017099e-06,2.6136443e-10,4.280488e-07,4.863126e-09,1.2929435e-12,7.3021575e-09,1.5101993e-10,8.639363e-10,2.396045e-05,4.2719654e-07,2.5260707e-10,2.290287e-07,3.301726e-05,3.9654843e-08,4.6636686e-07,6.769221e-11,2.2764772e-09,6.1031373e-05,4.3637266e-07,2.0819689e-05,9.163968e-10,1.8344205e-07,1.2851956e-09,3.739671e-09,4.429734e-09,3.7026913e-07,2.4193475e-10,5.2311384e-11,5.1457094e-10,1.06475815e-08,1.18499495e-08,3.691621e-09,2.8997865e-05,2.311068e-06,3.8577386e-10,9.160148e-12,0.86400056,1.6437676e-10,2.2956907e-11,4.9279766e-05,1.3512567e-11,3.9601377e-07,0.0014274006,2.8164462e-09,1.8387585e-06,4.2115793e-11,6.696869e-11,1.8465667e-13,7.929426e-09,4.2335056e-13,1.162667e-12,1.0337306e-08,3.2759004e-10,7.7507096e-08,8.7888974e-10,1.0110177e-08,4.010427e-07,6.0618156e-08,4.341976e-09,3.0742e-08,1.2329243e-11,3.6675692e-06,2.5942098e-10,2.3181885e-11,1.9900603e-09,1.0575221e-09,3.1398777e-08,4.89786e-07,7.308107e-09,9.170749e-07,4.0213454e-08,4.614324e-11,2.3649067e-08,4.8648428e-09,1.8186094e-07,2.7957974e-09,1.18812395e-05,1.676554e-08,2.1765109e-08,1.3819783e-09,8.021017e-12,5.7062414e-07,0.0012870701,5.9162676e-06,2.384267e-07,1.3785282e-11,1.1669159e-10,7.779992e-08,3.7139956e-09,6.771946e-11,1.3228537e-05,1.695374e-10,1.06932414e-10,2.4984619e-09,4.1741114e-08,1.5826316e-08,3.725326e-09,2.0289082e-09,1.1744666e-08,2.8724723e-09,5.509751e-09,1.0668773e-10,1.5960385e-06,1.07670005e-10,2.9655558e-08,1.3189125e-08,5.9752956e-08,2.6316436e-09,1.3156696e-06,9.596632e-10,7.334991e-07,5.3679637e-11,4.767428e-09,3.95536e-09,1.153949e-12,4.4737455e-08,1.5836038e-08,1.7516221e-09,3.0706306e-06,1.1383542e-07,1.5376175e-09,7.4701696e-11,9.0457455e-09,5.918807e-08,5.7219954e-12,4.456524e-08,6.4889804e-08,7.6737486e-08,1.2201244e-09,6.9592536e-09,3.1670064e-10,9.393017e-09,1.1547345e-09,1.7271592e-08,2.2630621e-08,1.9106055e-09,2.1516449e-13,1.3716089e-08,1.305254e-11,5.682264e-09,3.1216274e-09,1.1423045e-10,1.1027979e-08,1.180626e-10,2.4678263e-06,2.8429373e-08,3.625192e-10,3.091347e-11,3.5374043e-07,5.6561375e-06,5.12458e-11,2.1368662e-11,2.8819773e-09,4.4552374e-07,1.766375e-08,1.1434948e-10,1.2016475e-10,4.7342987e-09,6.188865e-08,1.8038666e-07,6.4654787e-13,1.483734e-07,2.8675306e-08,1.1753741e-08,2.2549649e-09,1.5500155e-11,6.4250223e-09,1.9862492e-09,1.3762889e-06,1.7755734e-07,1.7153376e-06,8.8323715e-10,1.1839106e-08,3.4257194e-08,2.209055e-06,3.6330867e-08,2.7755048e-10,7.867901e-07,2.343392e-10,2.3810183e-09,9.926644e-09,7.7553935e-13,1.2903277e-07,9.939253e-11,2.6757405e-07,3.8970565e-08,1.0238316e-07,2.0194109e-09,5.1229527e-09,1.9729046e-10,1.6601143e-07,2.1402624e-09,1.3936331e-07,0.016852299,0.00011528835,7.4469425e-10,8.125616e-09,5.7590727e-11,5.3344273e-10,3.440367e-12,2.1803699e-09,3.284052e-10,2.4727367e-10,1.0456725e-08,2.926479e-07,7.901559e-12,9.467658e-10,2.541143e-10,1.4792356e-07,3.898519e-13,4.39765e-07,2.7846891e-10,1.7989372e-08
BC2026_Train_0027_S22_20211129_014500_005,8.1677856e-13,1.9955403e-06,1.4079229e-11,0.018873727,7.658198e-10,2.068027e-11,3.0653528e-08,2.7250893e-10,2.652296e-07,0.99907255,0.99997437,1.9235284e-08,2.8857796e-08,5.598667e-11,5.387771e-11,3.4143957e-07,3.2783707e-09,6.8427143e-13,1.3528778e-06,1.763258e-08,7.2206746e-10,3.2921744e-07,8.918516e-11,1.1051461e-07,3.1368592e-09,3.7611966e-12,3.6465044e-09,4.8433046e-10,3.7475254e-09,0.0022419249,3.8551389e-07,7.373574e-10,1.7864438e-07,1.5509308e-06,2.1005594e-07,1.4362723e-07,4.7521438e-11,4.0926074e-10,4.4858625e-06,1.8621839e-07,6.470015e-07,7.7856405e-10,3.7149434e-07,8.259985e-09,9.846464e-09,1.30435005e-08,1.3406776e-06,1.7734938e-09,2.1484943e-10,6.400605e-10,1.9619117e-06,7.791737e-07,9.776516e-08,3.4665078e-07,5.8769488e-06,2.262612e-09,2.8796006e-11,0.99679023,3.0202114e-09,3.7206796e-10,0.021451034,5.987782e-10,1.9132885e-06,0.03220642,2.0861934e-07,9.285641e-07,1.1188699e-09,1.9016364e-09,1.8814657e-12,8.953653e-09,9.186524e-14,5.9798668e-12,2.7234537e-09,3.1636394e-09,2.1200744e-08,1.1818635e-09,1.6968668e-08,2.678682e-07,1.3072646e-07,7.1250486e-09,2.1804047e-07,6.9906533e-12,8.390874e-06,3.4367303e-10,4.0146567e-11,1.3246776e-09,6.7687767e-09,6.3395817e-07,2.893455e-07,1.6211889e-08,3.4215506e-07,3.187201e-08,6.505726e-11,3.6521307e-08,2.58402e-08,4.266074e-07,4.3602114e-08,6.492585e-06,1.7641432e-07,2.969575e-07,6.5486677e-10,4.7151597e-12,7.4572176e-07,0.0003818239,6.940883e-06,1.133508e-06,2.005674e-11,6.0584227e-10,6.801184e-08,4.015191e-08,9.2605854e-11,7.511002e-06,2.1743467e-10,2.8454947e-10,4.322461e-08,2.1335003e-07,3.8428414e-08,8.659559e-09,4.9922866e-09,9.685607e-08,3.3382141e-09,8.446676e-09,5.553321e-10,4.394759e-06,3.1467515e-10,1.1919496e-08,1.2937725e-08,5.035909e-08,5.8952654e-10,2.6892787e-06,4.720512e-09,8.5233165e-07,6.3364214e-10,1.0227031e-08,5.901096e-09,7.6565945e-13,1.6651418e-08,7.4161065e-08,2.7010745e-09,0.00013308672,4.4395017e-07,2.6602789e-09,6.7013665e-11,7.239847e-09,1.2877098e-06,6.906363e-12,1.2144042e-08,8.688546e-09,4.032887e-07,4.048225e-09,2.8414515e-08,1.7424253e-09,2.8269048e-08,2.3411773e-09,4.577409e-08,5.3209174e-08,2.244743e-09,1.1451764e-12,2.5139368e-08,2.1288601e-11,3.5167975e-08,1.9768984e-09,7.645395e-11,1.2438357e-09,9.1989405e-10,2.255813e-06,2.4843594e-08,1.8713536e-10,7.729852e-11,2.9649595e-07,4.3229334e-06,5.2124336e-11,1.6292648e-11,2.4382854e-10,7.9691904e-07,1.0021287e-08,3.5734045e-09,4.980812e-11,2.5130102e-09,7.381306e-08,1.1215503e-07,1.5758119e-12,3.667747e-07,5.0081784e-08,2.996113e-07,3.4522765e-09,6.876398e-11,3.282169e-09,4.6278734e-10,7.819624e-08,1.4299772e-07,6.1810706e-06,3.8084793e-09,6.163949e-08,1.4239879e-07,1.4116824e-06,1.7348526e-07,7.722381e-11,3.6165015e-06,4.666404e-10,4.409722e-09,1.73341e-08,2.0896273e-12,1.09873156e-07,2.288282e-10,2.9397492e-07,1.0725489e-07,6.360402e-08,1.6530906e-09,5.4074526e-08,8.994111e-10,7.38232e-08,7.696113e-09,3.8829083e-07,0.0038840724,6.116865e-05,2.4935964e-09,4.4514273e-08,6.568542e-11,3.6937253e-10,6.5194863e-12,2.717939e-08,2.1489885e-08,5.0704374e-10,3.524305e-08,1.438954e-07,1.7295962e-11,5.5809396e-10,2.0892231e-10,8.663347e-08,1.8920748e-12,5.3993114e-07,2.8546274e-10,4.1533358e-08
BC2026_Train_0027_S22_20211129_014500_010,3.2782582e-13,3.2594673e-06,9.6583457e-11,0.30739862,1.7283205e-10,9.051271e-12,9.338502e-08,6.3519065e-11,6.856867e-08,0.99686027,0.99987733,1.8509211e-06,4.059767e-10,5.7894804e-11,2.039379e-10,1.4325529e-07,3.020171e-09,5.9819863e-13,7.3350753e-07,5.281492e-09,5.570974e-10,1.0454699e-05,3.9319183e-11,2.8159533e-08,1.6201874e-08,1.721233e-12,4.846726e-09,1.2345204e-10,2.6772855e-09,0.0014411391,3.274273e-08,2.7007332e-10,8.2936674e-07,4.285314e-06,6.3413697e-09,9.903063e-07,7.717453e-10,2.0257875e-09,7.534576e-06,1.7959105e-07,1.3364483e-06,1.6125185e-10,2.3026189e-08,4.9002516e-08,1.2633686e-08,7.483312e-09,8.402075e-08,5.0619846e-09,2.6979066e-10,6.20581e-10,4.9383925e-08,5.3371787e-09,1.9184236e-09,3.4842762e-07,3.5508203e-06,3.5523973e-10,3.932254e-12,0.05070176,1.3673427e-09,1.2712595e-10,0.00010104068,7.644305e-10,1.2782652e-06,0.11685415,4.2372108e-06,1.7754041e-07,7.891456e-11,4.730731e-10,4.2155073e-12,1.3500995e-08,1.8418988e-13,5.6555775e-13,3.4890757e-09,1.1309668e-09,4.3066034e-08,1.0638157e-09,1.0697761e-08,4.815303e-07,1.0115635e-08,1.6782305e-08,2.12834e-08,8.54992e-11,5.7030917e-07,4.508792e-11,7.384816e-11,2.4986038e-10,9.035062e-11,3.1899052e-07,1.0608907e-07,1.7789446e-07,4.9474902e-08,2.7475707e-08,1.4465023e-11,1.4442497e-07,1.9404837e-07,2.0503835e-08,9.786623e-09,1.8260547e-05,1.78271e-07,1.9334732e-07,4.6016724e-09,4.050103e-12,2.8356268e-07,0.0017156776,2.4958854e-06,1.6831888e-07,1.7312925e-11,5.644435e-09,1.5797363e-08,3.12742e-09,1.6877852e-10,1.2661544e-06,1.303421e-10,9.773486e-10,1.86914e-08,4.8822546e-08,7.603883e-09,6.189405e-09,1.513006e-08,3.1580342e-08,1.2127972e-09,3.6842496e-09,1.407443e-10,3.9867455e-06,3.792045e-10,2.0994634e-08,1.0096842e-08,1.3927065e-08,6.083512e-11,7.040733e-07,7.970078e-09,9.741345e-06,6.7194845e-09,2.075193e-09,1.6305385e-08,4.1039665e-13,2.3127159e-08,4.8163162e-09,1.7147204e-10,2.1450385e-06,8.974259e-08,3.5335464e-08,2.5924924e-11,2.8317993e-08,7.7176355e-07,2.7701748e-13,1.4144874e-08,6.079586e-09,2.2924782e-08,5.557411e-10,4.1425125e-08,5.411162e-10,1.260562e-08,2.0958085e-10,3.1744977e-07,9.1754275e-09,1.1595488e-08,9.017974e-13,2.4811062e-08,9.256047e-11,2.640533e-09,9.603353e-10,1.7115999e-10,2.2819766e-09,6.8028516e-10,1.14177894e-07,1.095275e-07,7.203407e-11,6.7691274e-12,8.626873e-08,2.3063997e-07,2.2424214e-11,2.8868541e-11,1.8869663e-10,2.6250584e-06,7.692224e-09,2.9158103e-09,1.3858288e-10,1.8709119e-09,1.4268325e-08,2.1034502e-07,3.4876778e-13,4.368921e-06,3.071375e-08,7.485385e-08,4.4830024e-09,2.1097457e-10,2.492056e-09,3.0394365e-10,2.7978846e-08,1.3713483e-06,1.0116475e-05,2.2726074e-09,3.799685e-09,7.25287e-08,3.6816948e-07,7.787786e-08,7.529348e-11,8.9353915e-07,1.9887388e-10,8.2873597e-10,8.467614e-09,8.469164e-13,2.4408378e-08,5.0532876e-11,5.2373856e-08,1.6789317e-08,5.2048016e-08,1.6856637e-08,1.4620709e-08,2.3570731e-10,1.4923337e-07,8.981738e-09,1.8668902e-06,1.7042294e-05,6.860136e-05,8.998573e-10,7.2523973e-09,1.6979165e-11,2.8725324e-09,8.166851e-13,7.693926e-09,4.0367956e-10,3.9303436e-11,8.0055305e-09,1.0040209e-06,8.078227e-11,1.4236567e-09,2.8458313e-10,1.2134544e-07,1.3283518e-12,1.4650642e-06,2.0237e-11,4.8046285e-08
BC2026_Train_0027_S22_20211129_014500_015,5.226353e-10,4.5546483e-07,2.4698547e-08,0.018901287,1.0584532e-07,4.6827404e-09,3.3208646e-06,5.323588e-08,1.5176935e-05,0.88668317,0.99941266,1.1328628e-06,1.3958744e-07,2.7742408e-07,5.3887348e-08,6.494438e-05,4.5106137e-07,5.9656446e-10,7.142801e-07,5.3161705e-07,5.055248e-07,0.0028891426,3.8073412e-07,6.093716e-06,3.431551e-06,4.187755e-08,2.942343e-06,1.1878162e-07,5.550785e-07,0.00286013,8.8626683e-07,3.092449e-07,1.3866103e-05,1.2420625e-05,3.4988543e-07,1.015765e-06,7.441395e-09,1.95721e-08,1.1941945e-05,2.3249855e-07,4.800989e-05,2.5704182e-08,9.947666e-06,1.4778495e-06,1.11400304e-07,1.7190217e-08,6.739291e-07,1.7322223e-07,1.5442046e-08,5.830024e-08,2.6029045e-07,1.8660452e-07,5.1503395e-08,1.5530442e-05,1.248783e-06,1.4347687e-08,3.868459e-10,0.012376689,4.6035268e-08,2.4970293e-08,0.009426312,1.7426647e-09,4.5385154e-06,0.124761336,3.3350832e-05,1.7156892e-06,1.6463739e-06,8.526042e-08,1.4202862e-08,9.684186e-05,2.8302237e-11,7.562534e-12,9.9727444e-08,3.7392883e-07,7.5956154e-07,2.2285308e-06,4.7276106e-07,1.8918981e-06,1.5573885e-07,5.7130273e-06,8.185411e-07,2.3915638e-09,0.00015330344,8.511174e-08,4.1148876e-08,9.4735924e-08,6.712135e-08,7.021468e-07,2.1745766e-06,1.5954344e-06,3.6279669e-06,2.2478682e-07,1.736282e-08,2.7005615e-05,6.794526e-07,6.7679395e-07,1.0027084e-07,4.8239213e-05,3.8930304e-07,1.9348636e-06,6.3358567e-09,2.440548e-09,1.41126e-05,0.016548155,0.00013666027,3.0781405e-07,1.249247e-09,2.2252543e-08,2.1140577e-08,9.8030874e-08,1.2330062e-08,9.696448e-06,8.803717e-09,1.0105627e-08,3.0983296e-07,1.2917503e-06,3.9207998e-07,2.9712119e-08,2.0560095e-07,3.1747368e-07,5.1472557e-07,5.2305523e-07,1.6855703e-08,2.4173785e-05,3.1583963e-07,2.1915496e-07,2.8740197e-07,6.2941655e-07,2.8462723e-09,2.7831736e-06,4.696693e-07,2.4757825e-05,4.915477e-06,1.0996456e-07,2.4962037e-07,2.7583005e-10,2.7418928e-05,2.5294705e-07,1.40245735e-08,0.0014279173,6.8427045e-07,1.8524327e-06,9.025572e-11,3.985085e-07,2.8633349e-05,9.1725894e-10,8.1158356e-07,2.0112766e-07,1.2860052e-06,1.529903e-07,3.319788e-06,8.2930285e-08,1.0080893e-07,1.6052309e-07,8.660602e-07,1.1349596e-06,8.315045e-08,1.0205163e-09,1.4568744e-07,2.6013824e-08,2.392193e-07,5.4922314e-08,8.228788e-07,1.8935143e-07,8.4628546e-08,8.833094e-06,9.82327e-07,2.4137176e-08,3.4763728e-10,1.0836404e-05,1.8571167e-06,8.56527e-09,6.6220114e-09,8.467016e-09,6.7304863e-06,2.8363647e-06,5.1420745e-08,2.8606639e-08,1.4180834e-07,2.5799214e-05,3.028577e-06,1.5565126e-11,3.105342e-06,2.2665958e-08,2.0952648e-06,7.635599e-08,2.944503e-09,3.94046e-08,3.1277082e-08,7.484827e-07,6.5483755e-06,1.2585828e-05,1.1014316e-08,5.0297174e-08,1.1740061e-06,5.805512e-06,4.549734e-07,1.5852016e-09,5.2826003e-06,7.590656e-08,1.3565474e-08,2.7443974e-07,5.9763097e-12,4.923265e-07,9.6839035e-09,1.09104e-05,9.679472e-07,1.055616e-06,7.324871e-08,8.995613e-08,1.7160544e-07,1.3070982e-05,4.806563e-06,4.6189984e-05,4.6851263e-05,0.003096682,2.4515456e-08,1.4280897e-07,9.60251e-10,3.6340364e-08,6.3258304e-10,5.3575384e-08,7.888369e-08,2.1895425e-09,1.088203e-08,1.4241147e-05,2.4167106e-09,2.4296142e-07,2.4167996e-08,1.8196847e-06,9.167398e-09,3.6219585e-06,7.828291e-09,1.7541494e-06
BC2026_Train_0027_S22_20211129_014500_020,1.1957033e-10,6.121647e-07,2.2170744e-11,0.5632194,8.4831453e-10,4.5239554e-10,5.645557e-08,2.9083063e-09,2.5006811e-06,0.99826694,0.99999034,2.8447054e-08,8.9152124e-08,4.9101173e-10,2.6785034e-11,2.586385e-06,1.585907e-08,5.4071222e-12,1.9107758e-06,6.028918e-08,5.3725686e-09,7.022192e-05,3.5946166e-09,1.7995467e-06,1.1917261e-07,1.5866446e-09,2.2223304e-07,8.036021e-09,3.9686245e-08,0.0015687355,1.1978968e-06,2.5359116e-08,5.568924e-07,1.5606713e-05,1.2868921e-06,9.045522e-07,5.544719e-09,4.1551957e-09,2.0520931e-06,2.4312737e-07,1.4180987e-05,1.5991109e-08,1.0177333e-06,1.3097629e-07,9.031437e-09,7.506785e-09,3.6198e-07,3.2819056e-09,2.7287055e-09,4.082926e-09,4.4693192e-07,1.0902331e-07,1.8044803e-08,7.117525e-06,8.7513746e-07,4.0200494e-08,2.1264672e-10,0.81787837,1.4344095e-09,4.387606e-09,0.029979177,2.377364e-10,6.7822384e-07,0.022278368,4.7665477e-08,7.7206405e-06,3.5678334e-09,4.691405e-08,3.2753363e-11,1.2533119e-06,5.104956e-13,3.3272309e-12,9.545177e-09,2.490646e-08,1.057983e-07,2.471768e-08,1.7534286e-07,7.538174e-07,7.475355e-08,6.2231805e-08,3.3096993e-07,4.353034e-11,3.2179591e-06,1.2085576e-09,1.7995884e-09,7.740837e-09,6.5153682e-09,1.7510572e-06,1.018752e-06,1.7240116e-07,1.4177198e-06,8.600717e-08,3.5743228e-10,1.263032e-06,1.554707e-07,1.5864235e-06,2.7370834e-08,0.00033629953,1.1688254e-07,5.1628007e-08,8.00802e-09,2.4742878e-11,9.870099e-07,0.0036545105,1.7664239e-05,2.2489576e-07,3.2566852e-11,5.126352e-10,2.459123e-08,3.7973827e-08,2.5995595e-10,3.2142693e-06,1.1255544e-09,4.818013e-10,1.517315e-08,8.750484e-08,4.498105e-08,6.282143e-08,1.8423636e-08,2.705149e-08,9.778008e-08,1.8128564e-08,1.7049181e-09,7.302602e-06,4.7031424e-08,3.07325e-08,9.167263e-08,7.099386e-08,1.2857619e-09,1.6631363e-06,2.3968393e-08,7.0523174e-07,1.8191257e-08,5.1855086e-08,2.8121697e-08,1.17874885e-11,4.3446587e-07,2.4771467e-07,1.4587618e-08,0.00072927534,3.1562163e-07,6.031299e-08,4.965767e-11,5.1850115e-09,5.18643e-05,4.755587e-12,4.0538282e-08,6.0545906e-09,2.1019132e-06,8.8660315e-09,9.658876e-08,3.9351558e-09,7.793477e-08,9.04735e-09,5.111214e-08,2.8029643e-08,1.9301512e-08,5.3612796e-12,2.6255634e-08,2.485191e-10,3.5916706e-08,5.6664837e-09,8.6546565e-09,8.161449e-09,2.2849294e-09,4.804794e-06,1.0190254e-07,7.364218e-09,1.9857546e-11,9.643226e-07,5.6704545e-07,6.590252e-11,2.2803696e-10,1.1962376e-09,1.0759487e-06,2.5299795e-07,4.9129953e-09,4.2159135e-10,8.40712e-09,3.2381124e-07,1.899488e-07,3.6951098e-12,6.5033214e-07,4.441725e-08,7.782471e-08,1.28577975e-08,6.976821e-10,7.630762e-09,1.3888063e-09,1.0720269e-06,9.959416e-07,1.3621898e-05,4.0417363e-09,4.643342e-08,2.9784215e-07,2.3343086e-06,5.9484705e-08,1.945254e-10,9.598766e-06,1.4799114e-09,3.4539298e-09,5.0272327e-08,2.452331e-12,5.491309e-07,6.327342e-09,6.7029094e-07,1.0524071e-05,2.4325154e-06,9.586502e-09,1.0981387e-07,2.013484e-09,2.4836825e-07,2.107721e-08,4.2471487e-07,0.024329096,0.00016006951,3.0427845e-09,7.5539425e-08,2.6359828e-10,5.099089e-09,9.6337235e-12,3.8928743e-08,5.4884897e-09,6.7105155e-10,4.71711e-09,1.9425568e-06,6.4543225e-11,4.882495e-09,2.4465777e-10,1.2290245e-07,7.2804686e-11,8.040108e-07,2.682518e-10,6.0638506e-08
BC2026_Train_0027_S22_20211129_014500_025,8.4607925e-11,2.6577473e-07,4.1085862e-10,0.017986074,3.752153e-09,2.9894331e-10,4.4413863e-08,6.1031247e-09,2.0855809e-07,0.99941945,0.9999944,1.18418086e-07,1.2760756e-08,1.0102918e-10,2.5231767e-10,2.3560176e-07,2.6988562e-08,1.7583544e-12,2.584159e-06,2.1393491e-08,2.8395486e-09,1.5206837e-06,2.957065e-09,2.1761555e-06,1.1211909e-07,8.506229e-11,3.4695205e-08,4.1186627e-09,6.85221e-09,2.6798296e-05,6.8698466e-07,5.7277045e-09,3.6438933e-06,1.1195342e-05,7.602944e-08,5.508849e-07,1.9950313e-09,4.3779345e-09,7.3070725e-05,3.2243562e-07,7.1822255e-06,1.0012842e-08,4.9986784e-07,3.7108812e-08,1.27964865e-08,1.1766078e-08,3.9501757e-07,1.0744241e-08,4.4324114e-10,4.223699e-09,4.1097584e-07,1.07073795e-07,3.7973393e-08,7.981207e-06,6.3409055e-07,5.6205747e-09,1.8306413e-10,0.4801377,8.03625e-09,5.4767957e-10,0.0003825236,5.56456e-10,6.261846e-07,0.0028077639,3.399579e-08,3.2077255e-06,5.456973e-10,3.4922112e-09,5.1432517e-12,1.1060382e-07,7.914908e-12,1.89174e-11,7.3496658e-09,2.0964452e-09,1.366551e-08,2.8125557e-08,1.0961695e-07,1.2252648e-06,5.759729e-08,1.2206092e-08,3.502343e-07,3.2360184e-10,1.3978942e-06,2.67172e-09,5.1525845e-10,3.442054e-08,4.0447915e-08,3.1427362e-07,4.22706e-06,7.6256576e-08,1.8501976e-06,1.8442964e-07,3.2637777e-09,2.3755469e-07,6.977958e-08,2.7839704e-07,2.2400737e-08,1.1744546e-05,6.354618e-08,7.103924e-08,4.599718e-08,3.566755e-11,5.155862e-06,0.0056076613,4.0010505e-05,2.034208e-06,1.4575291e-09,3.038186e-09,7.8176555e-08,3.373252e-08,7.252379e-10,1.0801055e-05,6.7055668e-09,8.4930046e-10,9.3361145e-08,1.567835e-07,2.24982e-07,6.785982e-09,2.1905796e-08,6.6456124e-08,2.4771719e-08,4.5283276e-08,1.2849512e-08,2.0394136e-06,6.0845045e-09,7.128287e-08,2.2706074e-07,1.5921636e-07,5.11214e-08,1.7267217e-06,2.1098968e-08,8.498183e-06,6.434748e-09,1.0097481e-07,6.411058e-08,5.0139726e-11,1.1635993e-07,3.6803573e-07,5.911889e-09,0.0028557219,4.7757303e-06,3.856212e-08,2.0808597e-10,6.22755e-08,1.09008215e-05,1.4707981e-11,4.306686e-07,2.2350974e-08,1.935189e-07,3.521342e-08,3.9046455e-08,5.002181e-09,6.6754154e-08,6.028723e-08,5.19311e-08,1.6884766e-07,8.2607094e-09,1.5303016e-11,3.5932608e-08,7.734277e-11,1.4593156e-08,6.841619e-09,3.174538e-09,3.7865988e-08,2.5127813e-08,2.8095266e-05,3.131526e-07,3.4234644e-09,2.1732481e-10,1.2740713e-06,8.128173e-06,8.7214284e-11,6.2749866e-10,4.001834e-08,4.3697403e-07,1.7830872e-07,2.513015e-09,8.5059576e-10,2.9685891e-08,2.3031686e-07,8.81468e-07,6.3394732e-12,8.9657954e-07,1.7402547e-07,5.301276e-08,2.2061732e-08,1.1882966e-09,4.191391e-08,9.325148e-09,3.3021622e-06,2.230172e-06,2.0658914e-05,1.1110467e-08,5.278956e-08,3.2898646e-07,4.8766387e-06,1.0286444e-06,3.988276e-09,6.4864247e-07,4.244179e-09,1.2766258e-08,9.192792e-08,1.8295514e-11,2.103723e-07,1.015528e-09,7.3774834e-07,2.1067427e-07,3.9280346e-07,3.3841555e-08,2.159827e-07,1.3171905e-08,5.02965e-08,1.02861925e-07,2.1032847e-06,0.00095133885,0.0007421216,2.0252013e-08,1.2503281e-07,3.0580208e-10,2.5055597e-08,2.7258678e-11,3.415398e-08,6.0481153e-09,1.4935939e-09,1.1907248e-08,1.8808795e-06,9.566493e-11,2.9380625e-09,1.7324174e-09,1.084734e-06,3.2306085e-11,2.6074855e-07,1.1119196e-09,1.8351693e-07
BC2026_Train_0027_S22_20211129_014500_030,4.9275813e-12,5.5917974e-07,7.062494e-10,0.005493855,5.3109156e-10,2.507291e-11,4.9796034e-07,1.0452094e-09,1.1273657e-07,0.999856,0.9996413,5.622228e-07,2.328766e-08,5.2462062e-11,7.4973805e-10,4.904543e-08,2.7692402e-09,6.6307187e-13,4.774114e-07,5.7077574e-09,1.0275732e-09,1.0490367e-06,4.25887e-10,5.8646982e-08,3.5911366e-08,3.7059652e-12,3.1251126e-09,7.429081e-10,2.658397e-09,1.381049e-05,1.2286331e-07,1.2585738e-10,2.4235933e-06,9.512477e-06,9.777276e-09,1.1287927e-06,7.147431e-11,4.8631793e-10,0.00015142755,5.8587614e-07,9.703891e-07,1.4729642e-09,2.7026683e-08,8.652065e-09,1.1338897e-08,9.321201e-09,1.6556953e-07,4.497819e-09,1.04402154e-10,1.7732088e-10,7.101146e-08,2.816797e-08,8.299813e-09,1.592502e-06,1.298619e-06,1.5391375e-09,5.7622774e-12,0.23115201,6.406594e-09,5.537009e-11,2.091156e-05,1.1828581e-09,3.9953176e-07,0.0020923703,1.9154701e-08,2.8752015e-07,1.6342733e-10,5.2267723e-10,1.1345198e-11,9.140825e-09,2.673439e-12,1.6183905e-11,4.6124717e-09,2.5000733e-09,4.2928175e-08,4.9540794e-09,2.3173966e-08,4.1530942e-07,4.777534e-08,3.1353935e-09,4.0464937e-07,2.9533995e-10,2.6927382e-06,1.5430557e-09,3.9309583e-11,2.2407917e-08,3.383425e-09,1.5384006e-07,7.7683654e-07,8.008314e-08,8.007633e-07,8.0117815e-08,1.9276068e-10,3.9295095e-08,5.7199423e-09,1.1722861e-07,1.2766762e-07,4.991785e-07,1.4118962e-07,2.4460746e-07,2.6205191e-09,2.412301e-11,4.3983982e-06,0.003932896,1.8037985e-05,4.343057e-06,8.2524494e-11,7.957243e-09,4.814591e-08,2.661006e-08,1.4878816e-09,0.00019258341,4.672647e-10,1.5092845e-09,9.855939e-08,1.4817077e-07,3.9589775e-08,4.6912243e-09,3.3723705e-08,7.8952475e-08,3.4484067e-09,2.0512012e-08,1.5702517e-09,4.5996403e-06,7.69608e-10,8.3297905e-08,1.0592974e-07,1.7750197e-07,5.5667817e-09,4.816231e-06,4.8247104e-09,6.660828e-06,5.9233646e-10,1.01602255e-08,2.8775462e-08,6.706311e-12,1.0167771e-07,1.4789529e-08,4.879327e-10,2.9148357e-05,7.8355527e-07,6.3724213e-09,4.4091641e-10,8.8424756e-08,1.2178394e-06,3.3774573e-11,2.464427e-07,1.9349391e-08,2.6110959e-08,1.0326271e-08,5.7308323e-08,2.1964313e-09,1.540692e-08,6.0571548e-09,1.4731101e-07,5.421126e-08,1.1162466e-08,1.762666e-12,3.7795203e-08,3.1615308e-11,6.508612e-09,7.917985e-09,3.5999936e-10,5.978109e-09,4.1292814e-09,2.3576051e-06,6.157216e-07,3.880231e-10,1.8811411e-10,7.369502e-07,1.8466739e-05,3.3796177e-10,2.841633e-10,1.4185698e-08,1.4771211e-06,1.4855519e-07,2.4804285e-09,1.6571062e-09,7.807281e-09,5.4648105e-08,2.6498287e-07,1.1325645e-12,1.4150912e-06,1.647117e-07,1.1768631e-07,1.4282703e-08,4.0866477e-10,5.930956e-08,7.1816983e-09,6.620178e-06,8.8278637e-07,3.2647185e-06,1.9092948e-08,2.5078593e-08,1.5624421e-07,1.9955472e-05,7.253512e-07,1.389172e-09,9.74412e-07,1.0522163e-09,4.3681174e-09,9.5754146e-08,1.8268036e-11,4.2232298e-07,3.2022915e-10,5.356282e-07,7.3782935e-08,2.4894925e-07,2.0442293e-08,8.205139e-08,2.7266815e-09,6.80496e-08,2.4122079e-08,3.827692e-06,0.00032219497,5.0801533e-05,2.1956827e-08,2.477739e-08,1.30027e-10,3.1875295e-08,3.029116e-11,1.76108e-08,1.0442649e-09,4.1427536e-10,4.4914348e-08,9.602863e-07,7.399282e-11,1.1871457e-09,1.9285344e-09,6.737286e-07,1.9154626e-12,4.125265e-07,4.2749027e-10,8.783342e-08
BC2026_Train_0027_S22_20211129_014500_035,3.201027e-14,1.5743192e-08,1.0212922e-11,0.0024476175,1.503935e-11,6.3158024e-13,1.4732619e-07,3.2985267e-11,1.7787828e-08,0.9997677,0.9999536,4.2276177e-08,4.6208704e-10,2.156354e-12,1.7905169e-11,5.309986e-09,9.2856695e-10,2.5757194e-15,5.175852e-09,6.797015e-10,2.184201e-11,6.782194e-08,1.0915961e-11,3.4850135e-08,2.3797515e-09,4.640681e-14,7.453025e-10,2.2794468e-11,1.52992e-10,6.810446e-07,4.3934265e-09,1.266689e-11,1.1416385e-07,1.9396023e-06,4.306106e-10,6.82585e-08,1.4451779e-12,4.72621e-11,6.8421696e-06,1.1950014e-07,7.2044685e-07,7.152436e-11,8.254488e-09,2.7064984e-10,3.2455252e-10,2.812376e-10,4.0291e-08,6.4606286e-11,3.5273178e-12,1.2756478e-11,3.0869076e-09,1.0053329e-09,2.4040392e-10,1.0152585e-06,2.4363848e-07,1.4613467e-11,2.0462097e-13,0.06986139,9.377344e-11,1.2494811e-12,2.7199621e-06,7.3545656e-11,2.8937916e-07,0.0001847826,2.5969835e-09,1.1218797e-07,2.5100423e-11,1.2502088e-11,1.0664932e-13,5.490707e-10,4.8231245e-14,1.4030634e-14,4.7178633e-10,5.0730562e-11,1.3091006e-08,5.387219e-10,2.8674745e-09,7.948251e-08,1.4725493e-08,8.6581686e-10,4.86668e-09,3.7830832e-12,1.422194e-06,3.0484688e-11,1.0112626e-12,2.336198e-10,2.0189089e-10,9.936476e-09,5.6486492e-08,4.541932e-09,8.674822e-08,5.1494333e-09,6.4534567e-12,6.8028165e-09,1.703046e-09,3.3905698e-09,1.3364404e-09,4.686773e-07,1.3166905e-08,1.6699923e-08,7.732124e-11,1.226551e-12,3.351921e-07,0.0009039397,1.1170877e-06,2.1385868e-07,2.2649833e-12,5.368875e-11,7.822887e-09,2.1244695e-09,5.462823e-11,2.9864139e-05,1.8265145e-11,4.6628163e-11,2.2769202e-09,4.3306887e-08,3.3388383e-09,7.8037146e-11,1.089008e-09,1.5914092e-09,7.236444e-11,1.3053398e-09,1.2082572e-10,1.0077333e-06,1.1453562e-11,2.303338e-09,2.1561848e-09,1.7684583e-08,4.651049e-10,3.6201106e-07,1.3718508e-10,1.4796248e-07,4.958215e-11,2.1505198e-10,1.2354113e-09,6.880494e-14,1.8579605e-09,9.398657e-10,1.5548273e-11,6.610551e-06,4.7626223e-08,4.733014e-10,3.0300506e-12,3.5684526e-09,7.3524284e-09,6.6574583e-13,7.018911e-08,6.1185217e-09,1.9149906e-09,2.0688132e-10,3.522153e-09,1.01315366e-10,8.713784e-10,3.809e-10,1.2622196e-08,4.3466577e-09,6.9905004e-10,3.1481253e-14,1.5330579e-09,9.001408e-13,2.9754113e-10,2.070795e-10,5.7410975e-11,2.651114e-10,2.1636197e-10,4.367728e-08,5.189487e-08,2.21861e-11,6.0420874e-12,5.9433443e-08,2.1816306e-06,1.8934871e-11,4.3367636e-12,5.563955e-10,2.610561e-07,6.167521e-09,1.2549303e-10,2.4852467e-11,5.3606714e-10,3.6480352e-09,1.02152995e-07,2.057111e-14,1.9491526e-07,1.7475784e-08,1.068306e-08,6.383573e-10,3.1148795e-11,9.497156e-10,7.526046e-11,2.3163057e-07,1.9753416e-07,4.955825e-07,5.757757e-10,1.2940506e-09,8.569241e-09,5.50699e-07,8.094092e-09,7.1034664e-11,4.6546656e-08,1.3769121e-11,3.4370845e-10,2.4447784e-09,1.2925926e-13,7.081656e-08,8.600406e-12,8.239705e-08,6.803241e-10,3.860707e-09,1.0061291e-09,5.0750257e-09,1.9979851e-10,6.8479635e-09,7.268627e-09,4.1318998e-07,0.0001844559,0.00014029953,3.0327596e-10,6.123351e-10,6.5088503e-12,4.038675e-10,7.7261304e-13,8.546793e-10,5.6327176e-11,9.656148e-12,1.1549021e-09,7.810442e-08,1.5644109e-12,4.1830393e-11,5.107971e-11,4.9955847e-08,3.9717927e-14,2.316548e-08,1.3075888e-11,9.214467e-09
BC2026_Train_0027_S22_20211129_014500_040,1.448019e-13,1.7886392e-06,9.216801e-10,0.0008351572,3.56969e-10,1.9624403e-11,1.4998459e-06,2.020925e-09,4.237289e-08,0.9999151,0.9999677,8.9764734e-07,3.931817e-09,4.7607075e-11,8.8359947e-10,5.25986e-08,3.301093e-08,4.1915e-13,3.2664363e-07,7.0218267e-09,8.3938656e-10,4.66217e-07,4.8361117e-11,4.7151868e-08,9.530187e-09,3.6708725e-13,1.4503466e-09,3.141534e-10,1.171801e-09,0.000108145316,2.427333e-07,5.5980585e-11,6.7531107e-07,3.5517685e-06,4.7789808e-09,1.7318011e-07,3.1486183e-10,4.7298193e-10,0.00010295377,3.6176223e-07,2.0373843e-06,1.275306e-09,4.3878007e-08,9.2663494e-10,2.3262434e-09,1.7817736e-09,7.564165e-08,2.5031461e-09,3.8678893e-11,6.2919575e-10,8.549377e-08,1.8816955e-08,2.4349498e-09,7.143278e-07,5.4914454e-07,6.6913564e-10,2.2488537e-12,0.6012831,4.32977e-09,6.5368835e-11,1.0538523e-05,1.1218487e-09,4.967583e-06,0.0004287758,4.0323252e-07,1.6667407e-07,5.736163e-10,1.2794064e-09,1.8417884e-11,4.5787452e-08,2.0877659e-13,1.3489879e-11,1.7149697e-09,5.203896e-09,2.199493e-08,1.449821e-09,5.7385872e-08,4.2866853e-07,1.2088918e-07,3.6115702e-09,2.5224773e-07,1.9477553e-11,1.2062401e-06,6.6702505e-11,1.9749705e-11,1.5591297e-08,7.1158e-09,2.0130095e-07,9.432518e-08,9.13851e-08,2.0258685e-07,4.180564e-08,2.6648989e-10,6.501803e-08,5.447817e-08,8.010391e-08,1.0910425e-07,1.3141262e-05,3.457359e-07,2.5267533e-07,1.208065e-08,5.9782244e-12,1.0241124e-06,0.00034743806,1.3683344e-06,2.325899e-05,6.352657e-11,3.223281e-09,6.967491e-08,2.2171537e-08,1.3662263e-10,7.80243e-06,2.2548304e-10,2.6999142e-10,5.150457e-08,2.7528063e-07,1.903799e-07,3.6043467e-08,6.6398944e-09,1.5151768e-07,9.1644226e-10,7.3821624e-09,1.5750271e-09,1.3823872e-06,8.28478e-11,5.3004563e-08,9.2846875e-08,2.1600675e-08,6.4485295e-10,5.4328398e-06,4.041705e-09,8.124414e-06,3.7137315e-10,1.7017513e-08,1.2046532e-07,2.247387e-12,1.6055138e-08,1.3835008e-08,2.662765e-10,0.0017402918,3.156921e-07,8.169485e-09,5.257435e-11,9.564627e-08,7.1636814e-06,9.348213e-12,1.4672756e-08,8.5649475e-08,5.1359876e-08,8.534628e-09,1.3575674e-08,8.3989904e-10,8.1686125e-09,2.0217037e-09,4.965709e-08,3.1801935e-08,1.9941793e-09,1.2150181e-12,4.8144166e-08,5.767633e-12,1.1789525e-09,4.8656497e-09,2.5851463e-10,2.1108015e-09,6.14636e-09,8.668891e-07,4.8659587e-07,1.8724568e-10,7.149204e-11,3.1918924e-07,4.3752265e-05,1.02562975e-11,1.21739415e-11,2.936253e-09,1.8744116e-06,2.2409711e-08,8.3121705e-09,1.2537174e-10,1.3543493e-09,7.505497e-09,2.889556e-07,1.6044727e-12,1.891772e-06,1.7574415e-07,2.7411747e-07,3.783356e-09,2.359034e-10,4.1082986e-09,7.492877e-10,9.0827695e-07,1.9172874e-07,3.4606196e-06,1.3349304e-08,7.025514e-08,2.7598776e-07,1.3722574e-06,8.8919944e-07,1.3815034e-10,8.165118e-07,4.802911e-10,3.4604977e-09,8.412755e-08,1.9466375e-11,2.4262616e-07,1.2714024e-10,3.9332214e-08,3.451995e-08,2.9458642e-08,8.787225e-09,6.577679e-08,5.3795612e-09,2.5385878e-08,3.8340342e-08,2.4092733e-06,0.0011398037,3.161278e-05,8.6567855e-09,1.4504995e-08,4.1111392e-11,1.3099123e-08,2.2845175e-11,1.8907544e-08,9.367022e-09,1.4273756e-10,1.080336e-08,7.137462e-07,6.209453e-11,8.625385e-10,2.616219e-09,6.5399047e-07,5.104674e-13,6.768204e-07,1.1560429e-10,1.6073612e-08
BC2026_Train_0027_S22_20211129_014500_045,1.5800969e-13,2.172524e-09,2.2999465e-11,1.1187914e-05,1.2858692e-10,4.916672e-12,3.2320006e-07,3.4399983e-09,2.235997e-08,0.9999926,0.99985456,9.925522e-10,4.626676e-09,5.5665286e-12,3.3872005e-10,2.5412476e-08,2.356054e-09,1.7423048e-14,1.5346859e-07,3.811022e-09,3.904523e-10,5.488555e-08,2.3025637e-10,9.730956e-08,2.2567934e-09,1.2954359e-13,3.463033e-09,1.9610494e-10,1.4138224e-10,1.01142504e-07,4.3651042e-08,1.121416e-10,1.15170245e-07,3.7137463e-07,9.923426e-09,6.1407115e-09,2.9752395e-11,5.874026e-11,4.813233e-06,4.147153e-08,2.8683027e-07,2.590546e-10,2.7745072e-08,2.3354135e-10,1.0381561e-09,1.544969e-10,9.0058954e-08,2.3131413e-10,6.4208725e-12,8.475814e-11,8.662468e-09,3.170733e-08,4.709163e-09,5.2073887e-07,4.4722174e-08,5.873671e-10,1.2370754e-10,0.9405733,1.7502187e-10,8.734925e-12,2.188421e-07,7.030349e-13,2.1494598e-08,6.5813256e-06,1.1093838e-09,6.291723e-08,4.4444579e-10,8.751974e-11,1.6495061e-13,3.7595044e-08,2.3565478e-13,1.5142407e-13,1.1319207e-09,1.0136548e-09,6.809212e-10,2.3228028e-09,2.1185505e-08,8.266434e-08,7.3892934e-08,1.7000539e-09,5.1754306e-08,8.085422e-12,5.856052e-06,4.200917e-11,8.133153e-12,7.2755904e-09,4.7078963e-09,1.0842293e-08,1.5484436e-07,2.0635886e-09,3.74988e-07,1.2356784e-08,2.7302452e-10,3.6696481e-09,1.0865618e-09,1.08619616e-07,1.6606887e-08,2.1268917e-05,6.998645e-08,1.5188265e-08,1.0093096e-10,4.3728454e-12,3.7756558e-07,5.9873768e-05,3.80299e-06,1.5730996e-06,1.2620203e-11,1.4425072e-11,5.1291153e-08,2.2010164e-08,1.0652487e-10,1.3386945e-05,6.9400125e-11,2.9848225e-11,1.2984788e-09,2.4728675e-07,1.487034e-08,1.8075522e-09,8.7993635e-10,1.4351353e-08,5.126694e-10,1.3240468e-08,2.7493555e-10,1.2110028e-06,1.1225433e-11,1.3042037e-07,2.1775739e-08,1.2997808e-07,1.4653653e-08,4.1019544e-07,1.8676083e-11,4.263556e-08,1.7346649e-10,3.3125707e-09,4.657319e-09,2.258059e-13,1.3982347e-08,2.2661158e-08,1.1696261e-09,0.003028041,1.5172079e-08,3.059538e-10,1.874153e-11,7.875226e-09,2.69524e-08,9.991846e-11,4.3219828e-08,1.8634871e-08,1.688985e-08,2.5194413e-09,1.1742642e-09,1.8567559e-09,4.636116e-10,3.097305e-09,6.7862413e-09,3.5337486e-08,3.6316787e-09,5.7179126e-13,1.3995981e-08,5.9110342e-12,3.689221e-09,7.769237e-09,7.843482e-11,3.2925396e-09,1.3380245e-09,1.886675e-06,5.9595195e-08,1.0464796e-10,1.7413147e-10,2.0129787e-07,0.00055884256,2.4703503e-11,4.0633417e-12,2.7093883e-08,2.0031868e-07,3.054497e-08,8.859025e-11,2.4587593e-10,2.9850236e-10,1.2570637e-08,1.6630904e-07,8.418175e-13,8.011247e-08,3.7978246e-08,1.8711555e-08,7.2569217e-09,1.8433415e-11,1.0849616e-08,1.6054484e-09,1.3153411e-05,1.9660549e-08,3.1026374e-07,6.0647496e-09,3.9422495e-08,2.6153076e-08,1.162393e-06,2.0770754e-07,1.669997e-10,3.1219452e-07,5.7143457e-10,9.205789e-09,1.559094e-08,9.606929e-13,9.302502e-08,1.9715657e-10,1.6164956e-08,2.213443e-09,5.1918825e-08,3.2717104e-10,1.2185522e-07,2.0954738e-09,9.873282e-09,4.7656092e-09,4.3588398e-07,0.019393886,2.9753376e-06,1.1293269e-08,3.5224155e-09,4.550148e-11,1.7473867e-10,7.2634225e-11,8.156236e-09,2.009471e-09,8.5043356e-10,1.0899479e-08,3.8014633e-07,1.6303238e-12,4.741092e-10,3.9052156e-10,4.9452024e-07,1.4755432e-12,1.1432299e-08,1.9114611e-10,1.619452e-08
BC2026_Train_0027_S22_20211129_014500_050,6.833011e-13,3.320638e-08,6.7737066e-10,5.576876e-05,2.7868903e-09,2.7666347e-11,1.8082437e-05,3.1284344e-09,1.5874345e-07,0.9996569,0.99942553,4.1164576e-08,4.3264947e-08,1.312164e-10,5.0118647e-09,4.9126513e-08,1.7430445e-08,7.330121e-13,5.5506156e-08,1.9400055e-08,4.0721777e-09,3.6124476e-07,6.3037897e-10,8.432691e-08,8.801114e-09,2.3218823e-12,4.22527e-09,1.2077788e-09,8.4450447e-10,1.1020798e-06,6.066927e-08,1.0703259e-10,7.86496e-07,3.7096723e-07,5.216427e-09,2.9650638e-08,6.948543e-11,4.451771e-10,7.384561e-05,1.8508414e-08,3.7047752e-07,3.5790573e-10,5.5453558e-08,2.3112021e-09,8.188643e-09,4.3420427e-09,1.6160244e-07,1.8822153e-09,5.2024024e-11,3.343667e-10,4.273937e-08,6.60714e-08,9.232394e-09,2.6558448e-07,8.207926e-08,8.8239693e-10,2.5591775e-11,0.53893876,6.6823302e-09,3.845815e-10,3.0179785e-06,1.0978104e-10,4.650615e-07,9.561976e-05,1.3858941e-07,1.7059149e-07,3.726207e-09,6.194492e-10,9.806396e-12,1.835384e-08,3.341942e-12,4.9507867e-11,5.81504e-09,1.16961765e-08,1.8788757e-09,6.655313e-09,9.017669e-08,1.1888739e-06,3.7789806e-07,1.591331e-08,1.3585664e-07,5.8967614e-10,7.7998935e-05,1.3251679e-09,5.951878e-11,1.9889342e-08,1.8962657e-08,4.0783866e-07,3.903209e-07,7.2479054e-08,8.242391e-07,2.9231565e-08,1.3045159e-09,3.3876105e-08,2.132383e-08,2.4478527e-07,2.1355073e-07,5.0758163e-06,6.573289e-07,5.183378e-07,7.085459e-10,3.4598424e-10,3.7466273e-06,0.0001441133,2.2881834e-06,2.6086573e-05,1.6887802e-10,1.021003e-09,5.7325974e-07,2.9787708e-07,4.089699e-09,0.0001431131,1.3100833e-10,4.3821172e-10,6.4231386e-08,9.87461e-07,1.6010632e-07,1.3160002e-08,2.9538421e-08,2.4280718e-07,7.823216e-09,5.8219566e-08,2.0469635e-09,1.9045548e-05,6.0804264e-11,1.0228104e-06,4.2960774e-08,7.270294e-07,2.7800219e-08,3.9359497e-06,2.253606e-09,1.2018606e-06,2.3534714e-09,2.8513323e-08,4.5692094e-08,2.7132977e-12,7.9367226e-08,7.7429384e-08,2.423482e-09,0.000591502,3.054626e-07,1.47750345e-08,1.3148799e-10,1.4362861e-07,1.224567e-07,4.0573983e-10,1.0922916e-07,1.2160915e-06,5.1692442e-08,5.550931e-09,5.94322e-08,2.1283805e-08,7.334584e-09,1.261394e-08,7.061963e-08,2.7599694e-07,1.8610399e-08,1.1284575e-11,1.9208066e-07,3.227843e-11,9.345802e-09,1.3133071e-08,6.457465e-10,8.297028e-09,1.548062e-08,2.3309806e-06,4.178939e-07,2.6789968e-09,1.0506461e-09,3.3513967e-07,0.00040865177,1.2233915e-09,6.695246e-11,2.5482514e-08,5.032624e-06,6.724256e-08,8.050365e-09,1.6864282e-09,1.1185051e-09,6.178262e-08,1.8024184e-06,5.8303575e-12,1.8330264e-06,1.5993952e-07,7.121267e-07,3.1160788e-08,8.9980016e-11,8.674723e-08,4.5355435e-09,9.419298e-06,2.120882e-07,3.0513702e-06,1.76992e-07,3.0268137e-07,4.2709016e-07,5.7104235e-06,1.6527151e-06,6.088611e-10,1.7860807e-06,1.1317609e-09,4.8382496e-08,1.8396887e-07,1.8045877e-11,2.385951e-06,9.824622e-10,3.0429467e-07,1.1297728e-08,7.371598e-08,4.4094692e-09,6.08178e-07,4.3624816e-08,8.431646e-08,6.9928404e-08,9.222255e-06,0.0007535599,9.499495e-06,6.963134e-08,1.6415289e-08,1.0292877e-09,1.7251137e-09,7.0793665e-10,5.173733e-08,2.1489761e-08,3.9070875e-09,1.5583662e-07,1.3641636e-06,7.890749e-11,8.237895e-09,1.30709195e-08,2.7488504e-06,8.738942e-12,2.6895148e-07,9.2051533e-10,1.6260095e-07
BC2026_Train_0027_S22_20211129_014500_055,4.4267146e-11,5.6319203e-07,1.9257053e-08,0.00097227946,4.4862976e-08,3.05916e-09,2.765907e-05,6.026849e-08,1.8435803e-06,0.9991732,0.9996525,2.4758026e-07,4.5970482e-06,4.6224504e-09,5.165824e-08,9.560155e-07,9.649926e-08,2.2411857e-11,8.446167e-06,1.2589866e-06,2.9113828e-08,1.8426839e-06,6.1298785e-08,6.2228332e-06,9.268689e-07,3.3262573e-10,1.8986078e-07,5.8128247e-08,1.9904606e-07,4.0402538e-06,5.180141e-07,3.4096765e-08,3.655679e-06,5.90679e-06,5.088069e-07,1.5323899e-06,3.1135823e-09,6.0429493e-09,0.00011926671,5.940397e-07,1.042846e-05,6.4490244e-09,7.882366e-07,2.0537188e-07,1.4592396e-07,4.2461966e-08,4.448832e-06,4.0589963e-08,2.2722693e-09,1.1262873e-08,2.3405404e-07,3.7080238e-07,1.6766042e-07,1.0104268e-05,1.9709792e-06,7.402582e-08,3.1380862e-09,0.94847363,2.3844376e-07,3.170411e-09,2.295028e-05,9.416835e-10,1.3438135e-05,5.7526493e-05,4.99358e-07,2.8521914e-05,4.981508e-07,1.7550207e-08,8.6358537e-10,6.7962173e-07,5.494174e-10,1.100889e-09,1.658842e-07,1.408436e-07,1.3182992e-07,2.0236769e-07,2.7807278e-07,5.6495655e-06,4.6341547e-06,1.5446766e-07,2.172189e-06,3.4767857e-09,5.396089e-05,1.7549972e-08,3.2903549e-09,5.5297452e-08,2.4983447e-07,1.2165926e-06,3.7679902e-06,2.5589088e-07,2.2523824e-05,7.9300327e-07,1.0010861e-07,4.311839e-07,8.4891575e-08,1.2677356e-05,6.2599656e-07,0.00019340967,8.817649e-07,1.2253641e-06,3.2020733e-09,3.0370328e-09,4.418877e-05,0.00025805042,9.938816e-05,4.3411383e-05,2.5313773e-09,4.0523886e-09,2.770008e-06,6.5881875e-07,3.701014e-08,0.0007560033,5.0504724e-08,2.8759317e-09,1.0408973e-07,3.0343158e-06,4.6689863e-07,2.6649553e-07,7.4484134e-08,7.5558364e-07,3.5234223e-07,5.619152e-07,1.1056939e-08,3.5702764e-05,5.7853473e-09,3.7365537e-06,1.2896343e-06,1.6606415e-05,6.7683135e-07,8.073495e-05,2.1687988e-08,2.6361447e-06,5.157604e-08,6.444036e-08,1.5679396e-07,1.8179966e-10,7.8665875e-07,1.5332538e-06,5.402875e-08,0.0032976025,6.9543864e-07,4.9573234e-08,2.8012632e-09,2.439442e-07,2.9305957e-07,2.2001096e-08,2.4990459e-06,3.6764989e-06,1.0497832e-06,1.1519045e-07,6.987067e-07,2.8753217e-07,1.9858209e-07,7.294357e-07,7.189609e-08,3.9944376e-07,7.9211155e-08,2.8186753e-10,2.2310123e-06,3.288021e-09,5.305813e-07,7.845333e-07,4.7860887e-08,5.9224654e-08,6.025584e-08,7.961824e-05,2.0434632e-06,2.2133174e-08,1.6068554e-08,6.209608e-06,0.0012550725,2.2706415e-08,1.8349738e-09,8.3347476e-07,4.3725304e-06,5.185954e-07,2.3430681e-08,9.507747e-09,4.6402963e-08,1.3591588e-06,1.4513315e-05,2.0727353e-10,3.0419533e-06,6.879379e-07,2.4690215e-07,5.404891e-07,3.2945748e-09,1.1402507e-06,4.620232e-07,9.963327e-05,2.5273346e-06,2.4354922e-05,1.6905211e-06,2.2749975e-06,1.4998716e-06,3.338049e-05,6.155805e-06,9.928917e-09,4.687837e-06,6.626121e-08,8.66651e-07,9.5189245e-07,5.3732213e-10,4.3449363e-05,2.0354829e-08,2.6566452e-06,6.652054e-08,1.5730456e-06,3.723942e-08,4.547024e-06,3.4025962e-07,1.3063203e-06,7.3945085e-07,8.870745e-06,0.021849643,5.633497e-05,1.3207509e-06,3.257626e-07,2.170657e-08,1.768853e-08,4.5810227e-09,1.8638575e-07,1.05073724e-07,2.8375774e-07,1.8530121e-06,9.821501e-06,6.743259e-10,4.7610957e-08,3.4431373e-08,1.7779432e-05,4.5706255e-10,9.544312e-07,1.5613468e-08,6.193984e-07
BC2026_Train_0028_S22_20211129_190000_000,1.3984258e-13,3.214282e-08,4.821098e-08,0.00037732054,7.4021506e-10,1.3683779e-10,1.4534525e-06,5.40743e-09,5.1650807e-07,0.97302634,0.92770004,4.7232256e-06,5.2477e-10,1.3120413e-10,1.01912065e-07,0.0005189081,2.1040243e-09,4.744712e-13,1.0244445e-08,2.4539222e-08,6.4256227e-09,0.0021101134,3.0985384e-10,9.5729865e-06,3.8025642e-05,5.0727825e-12,3.390588e-05,1.5386481e-08,2.5557236e-07,4.3552078e-05,3.267024e-08,2.0127167e-08,5.055585e-07,1.1960204e-05,7.4982594e-08,3.5347946e-07,4.851737e-10,1.879417e-09,2.7172086e-06,5.637057e-07,1.268016e-05,2.2639806e-09,4.7679005e-05,2.0936131e-08,2.0538662e-09,1.6352157e-09,1.066047e-07,2.746511e-09,9.955435e-11,9.812993e-10,1.6917028e-08,1.5263423e-08,3.793711e-09,2.2391449e-05,2.8588292e-07,9.585894e-10,6.849377e-12,0.031281304,1.3947448e-09,3.9725036e-11,2.405223e-07,1.0243204e-10,8.869213e-06,0.00097231084,1.3793149e-06,1.7453636e-06,6.939176e-08,3.3622918e-09,2.2444753e-11,2.1267244e-06,1.7591897e-12,3.525836e-13,6.5706547e-09,1.9508034e-06,8.659497e-08,5.6640417e-09,1.452672e-07,3.100179e-08,1.5108265e-07,1.2193345e-07,9.092454e-08,2.1499413e-10,1.741709e-05,2.9121683e-10,1.3244528e-09,7.637357e-09,4.0087975e-10,7.758889e-08,9.781157e-07,1.4373919e-07,6.8197005e-07,4.7144366e-07,2.4380623e-10,5.360436e-07,1.2983983e-07,1.2090382e-07,9.782443e-09,1.0389633e-07,1.444783e-07,1.5825115e-07,4.3428705e-09,2.700666e-10,5.6590457e-06,0.0008517607,4.921692e-06,3.584835e-06,9.644447e-11,8.1862535e-09,1.6006458e-08,2.3914053e-08,7.139438e-10,2.3472965e-06,9.068263e-11,4.4394083e-10,1.0908401e-08,2.9628872e-08,3.838862e-09,1.5737127e-08,1.6632523e-09,1.339338e-07,7.151786e-10,6.889313e-08,1.5155066e-09,5.000265e-06,2.17378e-09,6.140246e-08,1.0166293e-08,4.2250466e-07,1.1765706e-10,4.6476003e-07,6.1574013e-09,4.4071513e-07,2.0076396e-09,8.521855e-10,1.2709067e-08,9.208511e-13,8.882307e-07,2.0446533e-09,1.7012919e-10,3.6108913e-06,3.4439307e-09,9.755756e-10,1.0242599e-10,3.5840408e-08,7.9835154e-08,7.72423e-09,1.5382714e-07,2.0124212e-06,4.945217e-08,1.7717188e-09,3.0796812e-08,3.1881342e-10,1.7615974e-08,5.7038725e-09,9.0933787e-07,8.068046e-08,1.4553011e-09,5.5465865e-11,3.686465e-08,8.4130036e-10,6.706267e-10,8.278722e-09,3.6522277e-08,3.257863e-09,4.413727e-09,8.3503335e-07,5.0318285e-08,3.7296036e-10,1.0610673e-10,1.6015137e-07,4.8785505e-06,2.2004851e-10,1.10493184e-10,6.2585276e-10,1.2823042e-06,7.973483e-09,7.5339635e-10,2.2685884e-09,2.0787276e-08,9.1543296e-07,2.0267225e-07,6.766675e-12,9.056743e-06,2.1471986e-07,3.687377e-07,1.9181975e-08,8.758908e-10,2.8472186e-08,5.2729763e-09,1.7303828e-06,7.145207e-08,4.3154267e-07,2.7169057e-07,4.24712e-08,6.673544e-08,1.4502303e-06,3.5358255e-08,5.488788e-11,6.624174e-07,5.5643294e-09,4.589541e-09,7.965796e-08,3.2208732e-12,3.6878507e-08,1.1204744e-08,9.5250715e-07,3.6149477e-09,9.02729e-08,2.2523814e-09,1.1371863e-08,1.1534233e-08,2.2102847e-07,9.279854e-08,4.4494004e-06,8.028353e-05,2.9574489e-05,2.5357325e-08,1.1712195e-10,1.6769416e-11,2.3864754e-08,1.8442815e-10,1.0940948e-08,6.624753e-09,2.1968734e-11,1.8672328e-09,1.9993322e-05,1.3191653e-10,1.5685515e-09,1.4472633e-08,3.2898896e-07,1.7850542e-11,2.8684696e-07,2.9877136e-09,8.2904506e-08
BC2026_Train_0028_S22_20211129_190000_005,4.1007744e-13,3.3748222e-08,1.1877561e-07,0.004328492,7.494211e-09,1.4652557e-09,5.1793245e-06,1.7159197e-08,1.0564163e-05,0.99819946,0.902902,5.9633967e-06,6.970536e-08,2.9815026e-09,2.9019748e-07,0.00019630879,4.6965088e-08,1.640359e-11,7.2683804e-08,3.533898e-07,2.7175295e-08,0.0001581701,2.4822127e-09,7.7567205e-07,5.03417e-05,4.0305616e-11,1.515307e-07,3.9559204e-08,9.141662e-07,0.00045053393,7.709824e-08,2.0867757e-08,1.5214598e-06,1.1882023e-05,2.0172365e-08,1.5677826e-06,2.175717e-09,1.8661193e-08,1.5699967e-05,5.883162e-07,7.5424914e-06,6.553444e-09,2.4991698e-06,1.0352879e-07,1.8320648e-08,2.8127918e-08,5.252221e-07,2.6425345e-08,9.819359e-10,4.1034194e-09,1.669884e-08,4.1152962e-08,8.153855e-09,3.384632e-06,1.9567658e-06,6.282942e-09,4.626148e-12,0.0063349702,4.126858e-08,8.8378815e-10,1.8519064e-05,5.8163825e-09,0.0012579436,0.0014275952,1.0990865e-05,1.7855547e-06,1.8518395e-07,1.6693427e-08,4.877385e-09,2.646558e-06,3.8862212e-11,9.085281e-11,1.9711164e-08,3.6269084e-06,1.4448038e-06,1.3880021e-08,2.0668713e-07,7.557537e-07,2.6385264e-06,1.9655488e-06,7.761671e-07,7.1903745e-09,8.576904e-05,7.320778e-08,5.6288143e-09,1.8731837e-08,5.9492504e-09,3.6690485e-06,7.761783e-06,2.2173394e-06,2.7978208e-06,8.0306063e-07,9.398286e-09,5.905585e-06,7.349899e-07,8.056226e-07,2.706009e-07,5.5516e-07,8.280888e-07,7.842581e-06,4.372779e-08,3.0102334e-09,3.2601194e-05,0.004929076,2.4719795e-05,4.1387306e-05,9.310215e-10,2.1174503e-07,5.109265e-07,1.635897e-07,4.2886334e-09,5.353777e-05,2.558731e-09,6.3225527e-09,8.770039e-07,3.568462e-07,3.2709647e-08,9.526334e-07,9.402517e-09,2.0192556e-06,1.7667345e-09,2.3864894e-07,3.221419e-09,7.776996e-05,5.970599e-09,4.965718e-07,1.0904577e-07,2.3225043e-06,2.223293e-09,2.161951e-05,6.410972e-08,4.692225e-06,1.489319e-08,9.274633e-08,1.9061153e-07,2.6288869e-11,6.667311e-06,6.706977e-08,4.339617e-09,1.924362e-05,1.5020127e-07,1.0670529e-09,4.040318e-09,3.6888363e-07,3.8968082e-07,1.02355045e-07,2.033146e-07,2.5849054e-06,2.5264447e-07,7.9095175e-09,2.7809344e-06,3.3986827e-09,6.2360306e-07,3.8360163e-08,9.354209e-06,1.398889e-07,5.9161414e-09,7.248711e-11,2.7657555e-07,2.0297529e-08,2.711596e-08,2.9999381e-07,1.330848e-07,3.0650256e-08,2.1142716e-08,1.1624561e-06,3.0615458e-06,6.487517e-09,3.168783e-10,1.8090572e-06,1.5829788e-05,1.6678404e-08,4.5445843e-09,4.32603e-09,2.151673e-05,1.965973e-07,5.482798e-09,5.5805804e-09,4.110542e-08,7.6770704e-07,4.444676e-06,9.09369e-11,1.9676998e-05,4.023505e-06,4.9061614e-06,1.366004e-07,4.919013e-10,7.738744e-07,7.240403e-08,7.944937e-06,2.0513417e-06,3.1954726e-06,2.6440152e-06,1.5607161e-06,1.0788442e-06,2.3352113e-05,1.0042737e-06,1.1277227e-09,1.5464128e-05,5.954248e-08,7.373831e-09,1.6174631e-06,1.8032675e-10,4.1054804e-07,7.330335e-08,3.52581e-05,1.2231379e-08,4.6939482e-07,4.436255e-08,2.0362364e-08,5.855377e-08,1.546668e-06,3.506528e-06,2.107147e-05,0.00058025756,0.0072438284,1.1758522e-07,3.5246732e-09,1.2152193e-09,5.837424e-08,9.97226e-10,3.9914895e-08,3.469617e-07,3.3865952e-09,1.5505994e-07,2.8927214e-05,2.9297973e-09,8.384893e-09,8.589979e-08,3.4133518e-06,2.6668157e-10,1.0275618e-05,1.0039409e-07,1.2683861e-07
BC2026_Train_0028_S22_20211129_190000_010,4.2254226e-13,5.2421876e-07,6.245476e-08,0.0011544835,1.627708e-08,1.5241944e-09,2.0621652e-05,1.096717e-08,1.3235869e-05,0.98411554,0.8614952,1.6523683e-05,2.513391e-07,2.4230384e-09,4.1834807e-07,0.00035084857,4.4256065e-08,4.8606823e-11,2.0420497e-07,2.6455106e-07,1.5108087e-08,0.0060668197,7.2034795e-10,9.228053e-06,3.138476e-05,7.151605e-11,1.6985948e-06,8.236343e-08,1.5891583e-06,0.00013209965,1.1862363e-06,1.9379297e-07,3.9995284e-05,0.00020150136,3.694797e-07,1.0038313e-05,1.7674635e-08,1.1874242e-07,0.0001134527,1.4320941e-05,0.00025667265,2.814375e-08,1.934626e-05,3.5232372e-07,3.3373176e-08,5.1157595e-08,4.708277e-07,8.605623e-08,3.8921075e-09,2.4939544e-08,7.20111e-08,7.3456604e-08,4.827815e-08,0.00021646188,1.1760887e-05,2.3855729e-09,4.0763073e-11,0.011834855,3.5560475e-08,2.2292423e-09,2.4176828e-05,9.204052e-09,0.00013975623,0.005583673,2.1152364e-05,2.3225255e-05,1.7002483e-07,2.1405123e-08,8.9398267e-10,2.9761918e-06,1.109114e-11,8.3634016e-11,2.2034566e-08,1.6987771e-05,3.3469038e-05,2.2040453e-08,3.287293e-07,5.8802897e-07,2.2030183e-07,1.7032795e-06,8.669933e-07,1.0382458e-08,2.2471433e-05,3.8740524e-08,5.455987e-09,2.034928e-08,2.2754267e-09,2.5380805e-06,3.5279688e-06,6.465593e-07,3.5868425e-06,2.621906e-06,7.1743735e-09,2.271975e-06,7.056091e-07,1.1496615e-05,6.807453e-08,2.1278097e-06,4.4361036e-07,1.2633526e-06,1.756922e-07,2.983084e-09,7.1490635e-05,0.01195003,1.3481689e-05,4.9572845e-05,1.6310014e-09,4.6289642e-07,2.261173e-07,5.3058685e-08,8.195048e-09,3.1306532e-05,4.9147875e-08,5.293301e-09,2.0090636e-06,1.8898501e-07,8.09411e-08,2.4873736e-06,1.5286876e-08,5.097944e-07,1.9499662e-08,1.03470555e-07,6.215467e-09,1.745988e-05,1.2254473e-08,4.680444e-07,1.1534819e-07,3.289618e-06,8.6801266e-10,1.96136e-05,1.2864894e-07,2.0684088e-06,1.8036614e-08,7.698903e-09,5.8915896e-07,5.572162e-11,2.25018e-05,5.993925e-08,9.258546e-09,4.519364e-05,9.099983e-08,1.3863192e-08,8.628531e-09,1.1351511e-06,2.94626e-06,8.12436e-09,8.588554e-08,2.9970925e-06,2.223176e-07,6.223676e-09,1.1122828e-06,4.2762505e-09,3.8602894e-07,2.4006779e-08,4.716159e-06,1.8951528e-07,3.114283e-09,1.645496e-10,4.3686737e-07,8.308255e-09,1.878866e-08,1.557445e-07,2.7088333e-07,1.11251195e-08,2.838294e-08,4.1210174e-06,2.7202395e-06,7.2085973e-09,1.7520155e-10,1.1380084e-06,5.8082755e-06,5.907639e-09,5.046657e-09,1.872529e-09,4.5835304e-06,8.290973e-08,5.1025135e-09,3.224642e-08,3.5746197e-08,2.2468873e-06,3.0696087e-06,1.7594967e-10,7.257773e-06,1.7087658e-06,2.5033444e-06,1.3590264e-07,1.0496586e-09,1.7222286e-06,5.546351e-08,9.712152e-05,1.3390317e-06,3.0809763e-06,1.5389494e-06,1.0034552e-06,8.648683e-07,5.780431e-05,3.999561e-07,4.3835802e-10,2.6426615e-06,3.5333653e-07,6.787018e-09,5.603905e-07,2.4506178e-10,5.434331e-07,2.7278587e-08,7.6184483e-06,1.5339918e-08,1.3662508e-06,2.407382e-08,3.287314e-08,5.5908636e-08,1.2323958e-06,3.201888e-06,3.128486e-05,0.00027235108,0.0020314646,1.4511807e-07,2.4380276e-08,8.375107e-10,5.3767434e-07,2.088486e-10,3.444753e-08,9.186903e-08,6.9972e-09,3.0955466e-08,3.1569034e-05,3.1009584e-09,2.0043156e-08,1.6101342e-07,9.327923e-07,1.6377245e-10,1.3220327e-05,5.3006057e-09,1.1087079e-07
BC2026_Train_0028_S22_20211129_190000_015,1.5738093e-11,2.4247163e-07,1.752591e-06,0.002450841,1.9733095e-08,4.3902855e-09,4.2094474e-05,1.6301842e-08,1.6885523e-06,0.95811725,0.8892789,4.5054305e-05,1.5406661e-07,2.1583406e-09,8.183718e-07,0.00020308822,4.1515772e-08,3.6732645e-11,9.0644255e-07,2.413221e-07,7.81144e-08,6.155062e-05,4.3686668e-09,1.1441423e-05,2.6541671e-05,3.825637e-10,8.911445e-06,2.6661934e-07,2.0481807e-06,0.00022199623,8.5181085e-08,3.40744e-08,5.5010446e-06,2.8117302e-06,1.6770105e-07,4.3497457e-07,7.3798674e-09,6.162068e-08,1.726274e-05,1.8071003e-07,2.207757e-05,5.6455014e-09,1.3488016e-05,1.7211336e-07,3.7303902e-08,4.6148852e-08,3.5829615e-07,3.849194e-08,4.8798787e-09,1.2097021e-08,4.375666e-08,3.8453198e-08,1.3543266e-08,1.1019791e-05,9.0869116e-07,4.1589082e-08,2.97667e-11,0.0030278452,7.779651e-08,1.3476262e-09,1.7240596e-05,4.050395e-09,5.222786e-05,0.0016894032,6.099431e-06,4.7626883e-05,9.929641e-08,5.283731e-08,3.0143528e-09,3.6941947e-06,7.753848e-11,6.126585e-11,3.600533e-08,9.396751e-06,2.1507697e-06,5.7010475e-08,7.3318796e-07,6.307247e-07,9.210199e-07,1.2149497e-06,1.2652359e-06,1.5943148e-07,0.00022044635,1.4650608e-08,3.3565843e-08,1.9182524e-08,3.6302659e-09,1.269385e-06,8.845318e-06,2.5353515e-06,2.965833e-06,7.2834365e-07,2.0314996e-08,4.225738e-06,5.6200844e-07,1.6632029e-06,1.5128423e-07,3.338259e-06,4.12349e-06,6.225754e-06,2.534577e-08,5.8370002e-08,0.000104048704,0.042899787,3.2398682e-05,2.5900656e-05,2.3773514e-09,2.537521e-07,2.4702374e-06,3.9224042e-07,4.7164008e-08,9.28778e-05,2.1428108e-09,1.1252953e-08,8.514737e-07,5.9358956e-07,1.3103225e-07,1.5772773e-06,5.195211e-08,2.4088322e-06,1.6093061e-08,5.4126434e-07,2.9432693e-08,7.686281e-05,2.0649793e-08,3.564517e-06,1.2373438e-07,9.267618e-06,4.546344e-09,3.8167386e-06,2.014075e-07,4.93504e-06,4.4197357e-08,7.07276e-08,4.2879935e-07,2.6851068e-11,2.29281e-06,1.4198791e-07,1.1522337e-08,2.7769705e-05,1.8697075e-07,1.7921083e-08,1.0101946e-08,3.1425415e-07,3.4139182e-06,6.165642e-08,3.3831722e-07,1.00949455e-05,2.000558e-07,3.236349e-08,2.1915484e-06,1.11782965e-08,5.5255333e-07,4.6915847e-08,3.4438883e-05,2.4852702e-07,1.35623965e-08,1.4516999e-09,1.5780445e-06,5.81788e-09,4.0490296e-08,1.5363919e-07,2.3703308e-07,2.5182942e-08,1.0574766e-07,3.1010952e-06,1.3165219e-06,7.839258e-09,2.031119e-09,1.5755572e-06,0.00015280156,7.930594e-08,7.108217e-09,1.6220518e-08,1.6943213e-05,6.657931e-08,6.7736585e-09,5.3227037e-08,1.571152e-07,1.8437682e-06,5.8197643e-06,3.2986036e-10,5.2193802e-05,1.11854715e-05,5.0568865e-06,1.9273503e-07,2.0358906e-08,1.0024605e-06,1.4113093e-07,7.684947e-06,1.5784524e-06,1.4603602e-05,1.6857573e-06,8.298849e-07,2.6040166e-06,0.00010103432,2.4928713e-06,4.677857e-09,1.0697774e-05,1.3667156e-07,3.348342e-08,2.7504473e-06,2.8547542e-09,8.0392266e-07,2.6223104e-08,0.00011749201,1.0103897e-07,1.7884211e-06,5.0928413e-08,3.1103048e-07,1.216598e-07,1.5892689e-06,1.7641448e-06,5.9784477e-05,0.00068610767,0.0008154565,4.74562e-07,1.0261225e-08,1.9686206e-09,1.2787221e-07,1.2869371e-09,1.7208693e-07,1.6281837e-07,6.503438e-09,5.264276e-08,0.00010594465,3.3544576e-09,1.7928846e-08,1.9686045e-06,1.613881e-05,1.0890454e-09,6.0190528e-06,5.83078e-08,4.773686e-07
BC2026_Train_0028_S22_20211129_190000_020,3.3234494e-13,2.6794926e-09,5.1780967e-07,6.945683e-05,1.8898991e-09,3.714893e-10,7.5688696e-08,1.9453598e-08,2.3059824e-06,0.9421524,0.6529676,3.9559285e-07,1.0327802e-09,4.55402e-11,2.1027083e-07,0.00027157113,1.8868953e-09,6.862581e-13,5.8877877e-08,1.7692917e-08,3.9965156e-09,8.4379455e-05,1.9838486e-09,7.5234398e-06,6.930136e-05,7.442505e-12,5.1902694e-05,6.236129e-09,7.9506165e-08,2.6341993e-06,4.3242995e-08,4.50321e-09,2.0861596e-07,3.1641153e-07,1.8039469e-08,1.960625e-08,1.43282e-10,2.5813929e-09,7.1046816e-07,5.7756143e-08,2.1760225e-05,1.4872347e-09,5.9102884e-05,3.2144771e-09,3.5370784e-09,9.258457e-09,1.9238794e-07,1.0742841e-09,9.6846337e-11,3.06673e-10,7.762024e-09,2.1700775e-08,6.188697e-09,1.2020843e-05,5.548318e-08,3.6980206e-09,9.912817e-12,0.0010782424,5.5526144e-09,8.529819e-11,2.0560705e-07,2.8154014e-11,4.2804413e-06,0.0005629486,1.3329811e-06,1.6499907e-05,2.1766187e-08,2.2996725e-09,1.7866994e-11,3.8097272e-07,1.7158408e-12,4.610229e-13,7.715352e-09,2.0392219e-05,4.6337075e-08,3.1674854e-09,2.6247326e-08,2.2064091e-08,2.3451381e-08,1.6064317e-07,1.3370101e-07,1.4175414e-09,1.5783238e-05,1.6004434e-09,2.5738316e-09,3.4642222e-09,1.8590267e-10,7.057788e-08,6.9865604e-07,2.5288455e-07,2.6878172e-07,1.336123e-07,5.43261e-10,4.0166776e-07,4.2010036e-08,6.4041035e-07,1.5519497e-08,1.337206e-08,1.1732758e-07,4.522123e-07,1.0527382e-09,2.394605e-08,1.6799535e-05,0.004099828,1.156991e-05,1.5114031e-06,4.25295e-11,1.49103e-08,2.9457855e-08,9.076081e-08,2.3678797e-09,1.235082e-06,1.8886154e-10,6.836358e-10,4.906209e-08,8.386704e-08,4.5258823e-09,2.4953486e-08,3.0155875e-10,3.9547783e-07,7.157258e-10,4.472124e-08,1.0467017e-09,1.9240666e-05,7.0398737e-10,1.9204386e-07,1.3650712e-08,1.3453076e-06,5.3126656e-11,2.2436491e-07,2.8352407e-09,3.1927812e-07,1.3213945e-09,1.9791546e-09,1.702446e-08,1.9296658e-11,1.7912407e-06,1.3765123e-08,5.5240584e-10,3.686055e-06,3.744974e-09,1.8696839e-10,1.2717784e-10,6.8709284e-08,3.4938793e-07,6.454689e-08,6.6239716e-07,1.7130396e-05,8.343956e-09,4.7534088e-09,1.5201645e-07,1.3928148e-09,1.168095e-08,2.5372033e-08,3.6357355e-06,9.331556e-08,1.4682043e-09,1.7015613e-10,4.153407e-08,1.5023597e-09,8.210502e-10,5.8487466e-08,1.9716088e-08,1.5038188e-09,1.0154375e-08,2.1707103e-06,6.7290806e-08,4.7823884e-10,1.1414072e-10,1.5041127e-07,9.793124e-06,3.7275645e-09,7.625548e-10,1.0361126e-09,3.2132027e-06,9.001547e-09,7.7322754e-10,7.869911e-09,7.4156105e-08,2.153374e-06,8.6437035e-07,3.8280204e-12,7.38483e-06,1.5708567e-07,7.425425e-07,4.2483755e-08,1.2165963e-10,2.198296e-07,2.7032971e-08,1.159751e-06,1.0451487e-07,6.100823e-07,1.6953953e-06,4.0499405e-08,1.3470236e-07,2.5962997e-06,1.005635e-07,1.435268e-10,5.919439e-07,1.1448905e-08,5.881914e-09,2.283328e-07,9.328727e-12,2.3188997e-08,1.4592378e-08,9.794638e-06,2.9843021e-09,6.741722e-08,1.0525817e-09,4.18424e-09,9.511736e-09,2.625196e-07,9.864326e-08,1.4088892e-05,6.3740576e-05,9.529361e-05,6.633113e-08,7.605562e-10,6.327432e-11,6.054605e-08,1.88979e-10,2.509552e-09,6.3455436e-09,8.17222e-11,1.5882827e-09,2.2142704e-05,1.7419359e-10,6.173182e-09,1.5311817e-07,2.2086801e-06,9.205096e-11,2.711276e-07,2.8047917e-09,1.7183792e-08
BC2026_Train_0028_S22_20211129_190000_025,7.956862e-13,4.1338776e-08,3.8662872e-08,0.0012279972,1.1561473e-09,9.668654e-10,8.535851e-07,6.0006022e-09,6.828239e-07,0.99997354,0.9264377,2.1108544e-06,1.0927512e-09,4.5285134e-10,8.4487745e-08,2.818216e-06,7.375381e-08,8.5720027e-13,3.2027415e-07,4.3922302e-08,5.8607044e-09,1.6927725e-05,1.9947535e-09,4.4267512e-07,3.7895188e-06,5.0379835e-12,1.0671308e-06,7.651179e-09,7.374551e-08,0.00046460395,6.0133107e-07,1.4816653e-09,5.7607017e-06,1.7501705e-05,1.866753e-08,1.0544318e-06,2.0419604e-09,1.2963537e-08,6.747465e-05,1.4898042e-06,2.0246944e-05,1.39873615e-08,4.819833e-06,1.2565986e-08,4.006927e-09,4.8229065e-09,1.0511762e-07,1.0553423e-08,2.6885932e-10,1.4135805e-09,2.769791e-08,1.2603135e-07,1.5563636e-08,1.7780434e-05,9.36004e-07,1.0429889e-09,1.5748392e-11,0.0010373772,1.4986599e-08,4.5176588e-11,2.9140247e-07,4.3965176e-10,1.14365475e-05,0.0005074162,1.1769308e-06,3.8767766e-06,6.554169e-09,3.5553744e-09,1.1440685e-10,3.7592647e-06,7.796049e-12,1.583042e-12,9.991075e-09,7.186511e-08,2.8593743e-07,8.843333e-09,5.324527e-07,7.5813875e-07,4.14783e-07,5.004316e-07,1.5313466e-07,6.490018e-09,3.928189e-05,4.4653564e-08,3.4648167e-09,2.1384801e-08,2.5836786e-09,8.2409053e-07,2.1323256e-06,1.3769466e-06,2.917848e-06,3.2962993e-07,8.862245e-09,1.3282046e-06,4.2902965e-07,2.291019e-07,4.7667932e-08,1.5071053e-06,4.7141532e-07,7.689724e-07,6.2199994e-08,5.8632055e-10,3.4351265e-06,0.014152321,7.111096e-05,1.4311085e-05,7.4056256e-10,3.6820662e-08,1.09166265e-07,3.6701465e-08,1.4190858e-09,2.2172053e-05,5.12558e-10,2.95812e-09,3.874205e-07,4.388019e-07,5.9564528e-08,2.2977096e-08,9.5656985e-09,1.5496533e-07,3.6518064e-10,1.5398919e-07,4.5165343e-09,2.007008e-05,1.0867941e-09,3.8236064e-07,1.2710514e-07,4.646723e-07,2.990387e-09,5.7913453e-06,1.1755535e-08,7.062291e-06,4.292807e-09,3.6695372e-08,8.011461e-08,3.6388375e-11,1.949613e-06,2.1283723e-08,1.287772e-09,8.490887e-05,7.5338264e-08,2.5675506e-09,2.681393e-10,1.5265205e-06,1.2750093e-07,5.6898335e-09,8.524561e-08,1.3968628e-06,5.666995e-08,3.4623344e-08,4.014506e-07,1.3924907e-09,2.3284693e-07,1.676311e-08,6.059617e-06,2.2052357e-07,5.221673e-09,8.370056e-11,4.70604e-08,3.3325076e-09,9.800634e-09,6.4671234e-08,3.5827078e-08,8.608887e-09,6.0026764e-08,2.3129753e-06,1.6357458e-06,1.3198052e-09,2.2364936e-10,1.9810402e-06,7.437388e-05,2.516051e-09,7.501972e-10,1.14325385e-08,4.2873494e-06,3.2669433e-08,9.765754e-10,3.0510194e-09,1.1741149e-08,2.713868e-07,1.6504786e-06,3.9346415e-11,2.653461e-05,5.6186336e-06,2.3815724e-06,5.0535075e-08,8.9118884e-10,7.8174914e-08,3.3488465e-08,2.1949788e-06,1.1074235e-06,6.4714377e-06,2.6202986e-07,1.2432226e-07,3.5394697e-07,4.422448e-05,2.8410784e-07,1.3302708e-09,4.598574e-06,3.5603843e-08,2.032054e-08,4.4982895e-07,4.0311016e-10,8.6412335e-08,5.426679e-09,4.3936943e-06,8.748661e-09,7.534962e-08,1.573296e-07,1.6364863e-08,1.1294045e-08,1.0072591e-07,5.271038e-07,4.873512e-05,0.0004992868,0.0008972705,4.7547346e-08,5.32456e-09,1.01947305e-10,9.200791e-08,7.436694e-10,7.458361e-09,3.8472276e-08,5.474237e-10,1.7703583e-08,3.9156334e-05,4.3960144e-10,7.775924e-09,1.2397192e-07,5.153674e-06,5.866223e-11,1.3960862e-06,2.5208655e-08,4.192503e-08
BC2026_Train_0028_S22_20211129_190000_030,2.3005615e-14,5.559291e-09,2.8305736e-08,0.0003721524,3.2969683e-10,3.6822576e-11,1.6503463e-07,1.3958519e-09,4.983585e-07,0.99986506,0.95122457,8.0714534e-07,4.751765e-10,3.9515405e-11,3.2837043e-08,4.994584e-06,1.2131443e-09,2.119797e-14,1.88627e-08,1.9858666e-09,8.511963e-10,9.066076e-06,1.10277364e-10,5.6490038e-08,3.0839162e-06,4.0069795e-13,2.40368e-07,5.2343446e-10,2.4572241e-08,9.782598e-05,7.306086e-09,1.1319266e-10,7.5005477e-07,2.1432102e-06,3.222591e-10,7.817133e-08,1.2128006e-11,2.6766406e-10,1.8030623e-05,6.6529935e-08,4.0245213e-06,6.0638444e-10,2.639387e-07,1.2033637e-09,3.5169354e-10,5.7386035e-10,3.7429476e-08,1.014767e-09,1.195828e-11,4.3337726e-11,9.494893e-10,1.7834701e-09,3.8358006e-10,2.2275362e-06,5.5086815e-08,3.383617e-10,2.2858793e-13,0.0001337554,7.7653967e-10,3.5301512e-12,2.0885106e-07,4.858893e-11,5.5269743e-06,0.0008095781,5.7256534e-07,5.866779e-07,7.397183e-10,4.0488246e-10,3.296143e-11,6.273813e-07,1.2673354e-13,1.2618408e-13,1.1938398e-09,1.1149682e-07,4.3188106e-08,7.278348e-10,1.0166137e-08,8.275884e-08,1.6398078e-08,6.1118875e-08,6.0367775e-08,4.1309337e-10,4.7040044e-06,3.0205167e-09,1.016099e-10,1.6422298e-09,1.6423814e-11,5.2263786e-08,4.34924e-07,2.703734e-07,1.4639244e-07,1.9524263e-08,4.5066106e-10,1.1697788e-07,1.4022675e-08,3.9665206e-08,3.687589e-09,1.4355517e-08,8.966201e-08,1.1198167e-07,7.3963785e-10,6.855615e-11,2.3718305e-06,0.058919746,9.968501e-06,1.0290801e-06,6.459344e-12,1.1919996e-08,5.8246528e-09,1.6128976e-09,2.079971e-10,4.989785e-06,1.28281144e-11,1.7372973e-10,3.3046586e-08,6.3924834e-09,9.2944585e-10,1.3772136e-08,2.8135885e-10,4.3345647e-08,2.7904987e-11,1.702459e-08,4.729041e-11,5.711643e-06,2.3990598e-10,3.4910677e-08,9.749864e-09,3.9307317e-08,1.8821951e-11,1.1159963e-06,2.6697387e-09,1.4231804e-06,1.8528105e-10,1.8372851e-09,5.2154125e-09,5.452855e-13,9.1738804e-07,8.917839e-10,4.047695e-11,8.113745e-06,4.912096e-09,3.470422e-11,8.689428e-12,4.9063303e-08,6.078928e-08,4.9302656e-10,1.8761408e-08,6.890798e-08,1.4411445e-09,1.6358332e-09,1.0134547e-07,6.5429585e-11,1.2940785e-08,1.3280601e-09,1.5470177e-06,1.1272545e-08,1.9693369e-10,6.7897874e-13,6.2868377e-09,3.8184272e-10,1.8886083e-10,5.0602083e-09,2.364752e-09,6.583233e-10,3.1994543e-09,4.3520822e-07,7.699565e-07,4.985393e-11,5.81441e-12,1.9269496e-07,4.999607e-06,3.6733155e-10,6.107415e-11,6.8342465e-10,2.5268716e-06,6.136415e-09,1.2298716e-10,1.1051805e-10,1.5706411e-09,1.0844097e-07,2.2379753e-07,3.201627e-13,2.112413e-06,1.4015448e-07,1.1858104e-07,2.6569928e-09,3.234018e-11,2.9657029e-08,6.4096977e-09,1.6089645e-07,1.01986544e-07,6.400824e-07,2.1352074e-08,1.0820394e-08,5.839528e-08,6.688512e-06,3.8513242e-08,4.3923663e-11,6.1556716e-07,3.2794967e-09,2.1870328e-10,3.4171446e-08,9.477495e-12,1.6631834e-08,2.2416528e-10,1.9021343e-06,6.1736144e-10,3.2672485e-08,3.988185e-09,4.754794e-10,1.1121274e-09,6.9869614e-08,1.1712535e-07,5.9582294e-06,2.8024675e-05,0.0003454333,2.8465437e-09,1.6247223e-10,3.666669e-12,2.9118267e-08,6.9935065e-12,6.291837e-10,2.1097388e-09,7.660908e-12,9.295416e-10,1.8763933e-06,2.1853137e-11,4.814173e-10,1.6348016e-08,3.9806147e-07,1.409467e-12,1.7906295e-07,2.2210467e-09,3.4969974e-09
BC2026_Train_0028_S22_20211129_190000_035,2.0368021e-13,3.7852917e-08,6.489042e-07,0.0006519715,2.392093e-09,2.163695e-09,2.9474324e-07,1.1816501e-08,1.1678058e-05,0.5737159,0.6845416,4.1926173e-06,3.535217e-09,2.4005062e-10,2.5984252e-06,0.048196223,6.841293e-09,1.9985131e-12,1.2093957e-07,5.346106e-07,7.4846575e-08,0.020406561,6.1323746e-10,1.2858792e-05,0.00018334122,4.9363322e-11,9.353891e-05,4.6414474e-08,8.96254e-06,6.715817e-05,2.72371e-08,1.4376647e-07,5.871728e-07,1.6038554e-06,5.1563255e-08,1.2846666e-06,6.8334904e-10,1.1376114e-08,9.2366486e-07,1.7159121e-07,1.2102998e-05,7.630306e-10,5.7130743e-05,3.8082123e-07,2.0197275e-08,1.8113873e-08,8.1100886e-08,1.2343169e-08,4.708119e-10,3.544203e-09,9.430429e-09,2.195666e-08,1.2332249e-08,6.882194e-06,3.463775e-07,4.7067568e-09,2.9713417e-12,0.0012749515,3.9911145e-09,2.4780958e-10,2.7709198e-06,2.7257546e-10,0.00021682998,0.007992885,1.6865399e-05,7.3677293e-06,2.96143e-07,3.5663653e-08,1.9420696e-10,8.924823e-06,7.832521e-12,1.0189475e-11,1.8443888e-08,0.00032688922,8.4120806e-08,9.959187e-09,4.4919534e-07,9.090477e-08,9.6162836e-08,5.6552733e-07,9.350895e-07,9.659978e-09,1.2610158e-05,6.6442025e-09,8.1684604e-08,1.7812443e-08,2.683071e-10,9.5126086e-07,9.794834e-06,1.8950565e-06,1.6782662e-06,3.2526623e-07,1.3881389e-09,5.380141e-06,6.319656e-07,2.9497069e-06,4.056172e-08,3.937245e-08,4.1715168e-07,1.8406535e-06,9.473751e-09,4.2330637e-08,2.4982022e-05,0.0034042574,2.8885086e-06,9.513021e-06,2.3229876e-10,7.544454e-08,2.0421044e-07,3.6654452e-08,1.3627603e-09,1.557393e-06,3.6359463e-10,6.962636e-10,4.699484e-07,5.1412897e-08,8.52947e-09,3.9871378e-07,3.8463375e-09,1.377732e-06,2.6939126e-09,1.0027735e-07,1.8009345e-09,1.5321328e-05,5.438813e-09,3.8487138e-07,2.2679536e-08,1.483273e-06,1.3293848e-10,8.991416e-07,2.9106994e-08,1.9774484e-06,6.19836e-09,6.8164927e-09,6.5454024e-08,8.961447e-12,9.508884e-06,1.6154662e-08,2.8419707e-09,1.328643e-06,7.9616e-09,2.0803873e-10,8.800153e-10,1.1523649e-07,1.0245237e-06,2.7686613e-07,9.1265434e-08,8.026356e-06,5.1117112e-08,1.30491244e-08,2.7059005e-07,4.351179e-09,1.991011e-07,1.811332e-08,5.161992e-06,8.117687e-08,3.401742e-10,5.6946403e-10,2.7594012e-07,1.1924361e-08,1.0904797e-09,8.605164e-08,3.9104185e-07,2.9670935e-09,5.1437027e-08,2.0420106e-05,6.5436794e-08,5.4748633e-10,4.3521537e-11,2.6085677e-06,2.692502e-06,4.6076183e-09,7.1170586e-10,5.8680494e-10,3.4578054e-06,8.240865e-09,2.3455617e-09,2.2246729e-08,3.329675e-08,2.826096e-06,6.385314e-07,2.708005e-11,1.3771994e-05,1.3833552e-06,2.9055218e-06,1.8553291e-07,8.6291524e-10,9.595943e-07,1.790435e-07,4.092362e-07,1.0123231e-06,4.856723e-06,1.5809096e-06,4.5102786e-07,4.6942617e-07,1.068938e-05,5.3014162e-08,1.0125431e-10,2.5192517e-06,9.739292e-08,4.6203086e-09,3.2767337e-06,1.15076915e-11,5.1779978e-08,3.546612e-08,1.803475e-05,1.7387245e-08,2.2907565e-07,2.5547615e-09,6.73686e-09,2.7735974e-08,1.34988e-06,5.871285e-07,3.0073772e-05,7.310815e-05,1.9837056e-05,1.1960539e-07,2.5479536e-09,1.05446395e-10,6.7790177e-07,9.5538376e-11,7.5331625e-09,3.5285964e-08,5.3061466e-10,2.7694882e-09,5.2285068e-05,9.2631874e-10,2.2222808e-08,8.201602e-07,6.7550122e-06,2.68926e-10,7.1338087e-07,4.5948163e-08,8.559983e-08
BC2026_Train_0028_S22_20211129_190000_040,1.0312999e-09,4.7925496e-05,5.336613e-06,0.00018881256,1.0789155e-07,9.920455e-09,2.4712628e-05,2.0391053e-07,1.3512284e-05,0.69685286,0.68985295,0.00010579776,8.49541e-08,2.5446912e-08,6.158288e-06,0.0006110389,1.5452689e-07,5.1738663e-10,6.9938136e-07,1.8280683e-06,4.6159602e-07,0.0003637216,6.6840535e-08,9.248925e-06,2.0130079e-05,2.5498983e-09,2.6520898e-05,1.0010122e-06,4.7535286e-06,0.00043528184,1.7334435e-06,1.8904396e-07,9.353826e-06,1.5331063e-05,4.0732442e-07,4.630082e-06,5.220827e-09,3.5672642e-07,1.776562e-05,3.8550465e-06,4.739333e-05,1.3829474e-07,2.2757898e-05,1.0171763e-06,6.483783e-07,3.489211e-07,7.1726217e-06,6.791916e-08,3.0714613e-09,1.0855417e-07,1.2041149e-06,5.18153e-07,3.9885032e-07,9.564317e-06,9.471326e-06,1.3884275e-07,1.157608e-09,0.02858865,8.281038e-07,2.260176e-08,3.518592e-05,1.8211392e-08,4.739098e-05,0.09911322,3.150396e-06,4.108036e-05,8.235468e-07,5.778876e-07,6.0059924e-10,3.0998062e-06,3.4524e-10,7.0501394e-10,1.08551895e-07,1.8062634e-05,5.3734675e-07,1.288367e-06,5.1068428e-06,1.7769114e-06,1.508667e-06,7.802846e-07,3.6123138e-06,1.6883735e-07,6.3812404e-05,3.6236266e-08,1.8485382e-07,1.6714971e-07,1.7640755e-08,3.69718e-06,3.2817956e-05,6.672889e-06,4.5216584e-06,9.480244e-06,1.3056868e-08,4.412551e-07,6.2065947e-06,1.308722e-06,2.3658431e-07,1.2178429e-06,6.734994e-06,7.8685025e-06,7.783762e-08,5.334911e-08,0.0005779339,0.013345789,8.1337865e-05,3.521032e-05,2.4903228e-08,1.2662509e-06,2.5378458e-06,1.34189895e-05,1.8779619e-07,7.7430814e-05,2.9070545e-08,2.3343635e-07,3.0017263e-06,1.3012448e-06,2.6602683e-07,3.6063616e-07,3.4366857e-07,4.5038796e-06,2.219845e-08,2.0957582e-06,4.5168e-07,0.00019461282,2.6493333e-07,1.3076976e-06,1.2905014e-07,2.242162e-05,3.4126828e-08,2.5387292e-06,6.3510373e-07,6.177719e-05,1.5053139e-07,9.0911875e-08,7.702834e-07,3.8778414e-10,7.995377e-06,1.6678904e-07,4.981712e-08,0.00016841589,6.2602527e-07,1.4462512e-07,5.729977e-09,1.6161493e-06,1.5733316e-05,2.3157797e-07,1.8271137e-05,7.2950083e-06,8.467924e-08,7.594422e-08,2.3294294e-06,1.2517526e-07,2.968575e-06,3.3729054e-07,2.324473e-05,1.4034123e-06,5.2137887e-07,6.6812085e-09,2.3421712e-06,1.8313276e-08,5.452224e-08,4.016716e-07,6.276177e-07,1.942765e-07,7.7314183e-07,4.7866433e-05,2.402773e-06,1.426332e-08,2.6454595e-08,1.7564693e-05,0.00015704823,5.4426128e-08,4.166594e-08,3.4038618e-07,1.8492927e-05,4.454838e-07,1.1036211e-07,3.0067207e-07,3.4288317e-07,3.6410034e-05,8.7364915e-06,1.2652343e-09,7.597124e-05,1.4673067e-05,1.9152665e-05,1.1537818e-06,4.523373e-08,1.1086715e-06,6.588885e-07,1.9684581e-05,6.7074507e-06,8.724585e-06,4.2909737e-06,1.880162e-06,3.852643e-06,8.197394e-05,4.047358e-06,1.2779942e-07,3.0254162e-06,2.2521749e-07,4.9283994e-07,1.1800478e-05,6.1032526e-09,5.16274e-06,1.14757555e-07,4.9390746e-05,6.3040653e-07,2.6234818e-06,2.1861013e-07,1.1949062e-06,1.8664544e-07,1.4781907e-06,3.9747188e-06,0.0001254547,0.0024782843,0.0011218009,1.073607e-05,5.0681216e-08,9.01739e-09,4.819645e-07,2.2731157e-08,3.452718e-06,6.110238e-07,1.9630946e-08,2.445748e-07,4.346362e-05,2.1859966e-08,9.509763e-08,1.4007127e-06,2.2310855e-05,9.071299e-09,1.5262192e-06,1.2870747e-07,1.06671105e-05
BC2026_Train_0028_S22_20211129_190000_045,3.8160588e-15,1.0795265e-08,6.2080856e-09,0.013402914,4.9261085e-11,8.222158e-11,2.5054266e-07,1.406644e-09,7.791373e-07,0.9999207,0.98475885,3.770456e-07,1.3226956e-09,4.761225e-11,8.4569e-08,7.8270525e-05,1.919192e-09,1.7260187e-13,3.5066503e-08,1.5327721e-08,1.2977805e-09,7.349701e-05,5.5485224e-11,2.0095088e-07,1.8727679e-06,6.0573156e-13,1.3432073e-07,4.1734083e-09,8.1731976e-08,0.00010751634,5.4327394e-08,3.1239504e-09,1.9549589e-07,1.0786786e-06,7.926205e-09,9.849286e-08,1.0479177e-10,6.3502015e-10,1.1503326e-05,3.5049862e-07,5.0494937e-06,1.5344007e-09,2.848585e-06,2.9214508e-08,2.8386118e-09,1.2793429e-09,8.02117e-08,8.585007e-10,4.331029e-11,4.4732112e-10,6.5319927e-09,1.6800495e-08,6.6356916e-09,2.0507352e-06,8.7270297e-07,1.2835659e-10,4.1855885e-13,0.06904292,1.932924e-09,9.132555e-11,2.2039869e-07,1.1350304e-11,5.3186577e-06,0.00051401625,4.858322e-07,6.25184e-07,1.1146126e-08,1.3768663e-09,7.1049672e-12,1.2008627e-06,2.0073789e-13,2.738476e-13,6.093072e-10,4.4097243e-07,5.6275926e-08,1.8465351e-09,2.2016966e-08,2.6974565e-08,5.149426e-08,6.7874865e-08,5.50658e-08,4.2804751e-10,2.498874e-05,3.6080983e-10,4.0466247e-10,1.3829803e-09,1.8943878e-10,4.456321e-08,8.9678224e-07,4.6474266e-08,1.603187e-07,1.3782719e-07,1.8757094e-10,2.051857e-07,5.5814247e-08,1.048939e-07,3.739685e-09,1.2003241e-07,3.4024136e-08,1.13574416e-07,7.0470474e-10,1.5055374e-10,5.9008507e-06,0.0009911484,3.2503938e-06,4.58104e-06,1.0652806e-11,8.8637103e-10,9.345286e-09,4.8728848e-09,9.192182e-11,2.0944456e-06,3.9767262e-11,1.1890215e-10,1.36414195e-08,2.1547015e-08,3.7861927e-09,2.5684185e-08,7.8223317e-10,1.5246479e-07,8.246769e-11,2.1844045e-08,9.291671e-11,4.170736e-06,1.5647258e-10,1.654836e-08,2.8969511e-09,1.765094e-07,9.329871e-11,6.2917826e-07,5.375046e-10,3.3082003e-07,7.9914764e-10,1.1113365e-09,5.8257754e-09,6.986833e-14,3.0019416e-07,9.6837e-09,1.2851294e-09,8.2380815e-05,4.8803814e-09,6.7744525e-11,2.1814656e-11,6.7790475e-09,7.936223e-08,2.1295081e-09,4.1783386e-09,1.3046819e-06,1.0323809e-08,5.5704963e-10,2.401278e-08,6.658353e-11,1.0733302e-08,1.921485e-09,1.12819066e-07,7.2787687e-09,2.6915076e-10,1.9397056e-12,5.214082e-08,4.4650966e-10,7.5718654e-10,7.2388953e-09,1.1612685e-08,1.6546458e-09,9.0680075e-10,6.351122e-07,2.4572662e-08,8.035951e-11,1.3664966e-11,2.5584256e-07,5.78139e-06,1.5807444e-10,1.7515201e-11,4.2402598e-10,9.884022e-07,3.8979615e-09,2.1773723e-10,3.1065514e-10,1.4673645e-09,1.2081796e-07,1.7026156e-07,2.4989921e-12,4.3311948e-06,1.149522e-07,7.229129e-08,1.0024843e-08,2.0577694e-11,9.077323e-09,9.066957e-09,1.2317637e-06,1.5730426e-07,6.293793e-07,5.968245e-08,1.3589512e-07,3.7400145e-08,9.518897e-07,2.8976434e-08,1.7569807e-11,8.680034e-07,4.6948587e-09,1.6790845e-09,8.9546134e-08,2.0817428e-12,6.8096577e-09,6.835485e-10,1.7134574e-06,1.4192051e-09,1.9943588e-08,1.4176684e-09,2.7859814e-09,1.1708291e-09,1.8116523e-07,5.427426e-08,6.5315053e-06,0.006209394,0.0012681802,9.179664e-09,1.8733463e-10,9.5498245e-12,7.7444073e-10,1.7282013e-11,8.8874785e-10,3.9933385e-09,1.4312222e-10,3.9135464e-09,2.9605428e-06,8.455597e-11,2.8671557e-10,5.2041638e-09,1.4958745e-07,7.1639847e-12,2.709562e-07,9.423968e-10,2.8587428e-09
BC2026_Train_0028_S22_20211129_190000_050,5.6996633e-13,9.4664394e-08,2.7542085e-06,0.0002959687,4.8527484e-09,8.964209e-10,6.531422e-07,1.4982998e-08,2.9852234e-07,0.99132276,0.9599548,1.5309644e-05,1.0399437e-09,1.0427696e-10,4.907224e-07,2.8059309e-05,3.0426164e-09,2.0387348e-12,3.426563e-07,4.107188e-08,1.1575621e-08,0.0007431131,5.163465e-10,2.4043131e-06,9.3199105e-06,9.37632e-12,2.2825558e-05,1.2329779e-08,1.482826e-06,5.6301724e-05,2.1833095e-07,1.1875858e-08,7.280351e-06,1.602632e-06,8.597633e-08,1.0473203e-06,1.7241041e-09,1.4228485e-08,9.5921045e-05,4.376221e-07,4.5505105e-05,2.6201643e-09,9.536229e-06,7.268478e-08,5.088062e-09,4.89428e-09,4.956775e-08,2.3629678e-08,7.73055e-10,7.0342936e-09,2.0876755e-08,1.4995377e-08,6.1241145e-09,3.5347482e-05,3.323756e-07,2.784085e-09,5.0204775e-12,0.00067272555,2.0687915e-08,1.1318466e-10,1.6547546e-07,3.961706e-11,1.9405293e-06,0.0008632652,3.959181e-06,6.963997e-06,2.8247975e-08,3.8438075e-09,2.134471e-11,8.02863e-07,7.6659317e-13,4.789346e-13,8.500512e-09,5.087127e-06,1.3830476e-07,2.4597846e-08,3.6010686e-08,2.2472615e-07,4.5435026e-08,5.415845e-08,9.637327e-08,2.2776194e-09,9.835812e-07,9.687021e-10,1.6956731e-08,3.7115804e-09,2.5101154e-10,4.6542127e-08,6.6009983e-07,2.6453063e-07,1.1322964e-07,7.672218e-07,4.4185258e-10,9.368175e-07,4.1614558e-07,5.99855e-07,6.2229875e-09,2.8362192e-07,6.6782555e-08,9.2221555e-08,4.811972e-09,5.4098233e-09,1.2816653e-05,0.0017839022,4.4790318e-06,1.4031744e-05,6.446694e-11,6.932694e-08,6.706325e-08,1.987823e-08,3.762645e-09,7.80502e-07,4.1681006e-10,1.0974718e-09,8.527017e-08,4.6919784e-08,3.5621298e-08,3.495159e-07,3.2559433e-09,2.520318e-07,1.0180744e-09,5.4096198e-08,3.0796743e-09,1.636172e-05,1.0590359e-09,2.3590684e-07,9.297247e-09,4.9877735e-07,3.2312618e-11,7.380059e-07,4.3217273e-08,2.8455495e-06,3.968956e-09,1.3282829e-09,2.5569419e-08,7.876896e-12,3.0703507e-07,4.5445843e-09,3.0704464e-10,3.8697952e-05,2.274316e-09,2.923434e-09,2.950078e-10,3.8446493e-07,3.667845e-06,1.2327915e-09,4.476092e-08,4.8198744e-06,2.1171164e-08,3.7586636e-09,1.8629068e-07,1.0063307e-09,2.318484e-08,2.8475663e-08,1.2057374e-06,1.0686793e-07,1.1129636e-09,2.1567224e-10,2.893193e-07,1.2043466e-09,1.0064093e-09,2.3300947e-08,6.466938e-08,2.3949875e-09,1.9975568e-08,3.58972e-06,3.3943962e-07,5.57813e-10,5.394403e-11,5.987154e-07,2.5773195e-05,7.23584e-10,1.0842783e-09,2.3538125e-09,1.0000256e-06,6.961338e-09,5.619693e-10,1.0320226e-08,1.3110795e-08,1.6233663e-06,2.4095712e-07,1.6524167e-12,3.3048718e-06,1.6094695e-07,6.580181e-07,5.739977e-08,2.3639254e-10,1.4023122e-07,1.7691027e-08,4.08237e-06,1.1151405e-07,1.7134981e-06,1.1910461e-06,2.8170119e-08,3.8075407e-07,3.1784825e-06,1.12922294e-07,1.9135803e-10,4.1303826e-07,4.320524e-08,1.1356921e-09,4.2708123e-07,1.1496312e-10,1.7540367e-08,2.8614973e-09,1.0401979e-05,1.447451e-08,6.990147e-08,1.099695e-09,2.0292264e-08,2.1113662e-08,5.2238624e-07,1.6887358e-07,1.5400477e-05,0.00032845302,1.6055912e-05,3.661736e-07,1.1809554e-09,1.7956537e-11,1.5769658e-07,3.6289464e-11,2.0488667e-08,1.2901076e-09,1.9646583e-10,1.9125121e-09,2.759421e-05,3.7609635e-10,9.404795e-09,5.8967777e-07,8.3006835e-06,1.4879548e-10,3.548159e-07,4.6819526e-10,3.8941142e-08
BC2026_Train_0028_S22_20211129_190000_055,5.2267175e-12,3.815789e-07,1.9906818e-06,0.00027194555,2.7674134e-09,5.1794076e-09,3.6775612e-07,9.913252e-08,2.0795776e-05,0.73787504,0.34615648,6.0394536e-06,4.626314e-09,1.0984372e-09,1.2883708e-06,0.019747006,1.383551e-08,2.0476915e-11,5.6834637e-07,3.9902952e-07,8.833353e-09,0.0041203783,1.9998707e-08,1.6042537e-05,2.719378e-05,6.059136e-11,0.000107026994,1.1488591e-07,2.7376082e-05,1.5362823e-05,2.229548e-07,5.78021e-07,6.341623e-06,7.428343e-05,4.826084e-07,9.801207e-06,9.419336e-09,8.534942e-08,6.7028986e-06,8.312781e-06,6.38993e-05,1.6245814e-08,0.00011747387,6.3586856e-07,1.249334e-07,5.969167e-08,1.5587377e-06,7.245957e-08,4.4928634e-09,2.9445214e-08,9.320067e-08,1.1874763e-07,5.7457832e-08,3.6907957e-05,4.956406e-06,3.0980274e-08,2.895011e-10,0.006932477,3.3122564e-08,1.4583912e-09,3.6803397e-07,9.716646e-10,1.3997035e-05,0.002466759,2.0318155e-06,1.173438e-05,1.1043812e-07,3.9680568e-08,4.3112097e-10,3.668135e-05,6.689528e-11,4.2788162e-11,1.0388285e-07,0.00013043567,6.085917e-07,3.7384602e-08,8.0674903e-07,2.2697611e-07,2.9849645e-07,1.7602878e-06,1.1373542e-06,3.8980897e-08,1.1372649e-05,1.5854443e-08,9.055676e-08,1.9272765e-07,2.692921e-09,2.0073514e-06,1.2126937e-05,1.0201344e-05,9.967159e-07,6.4010837e-06,1.565414e-08,3.5935805e-06,2.1286824e-06,9.762992e-07,4.353597e-07,2.5708013e-07,6.360086e-07,4.9675073e-06,7.063472e-08,1.5183362e-07,6.495764e-05,0.0007032885,1.4560006e-05,3.1686635e-05,1.6209221e-09,1.4917674e-07,7.1466167e-07,3.1114024e-07,1.6459433e-08,1.9642745e-05,1.306396e-09,9.05733e-09,1.616507e-06,1.6125729e-07,7.974187e-08,6.994187e-07,4.072016e-08,1.997909e-06,7.447018e-09,3.896667e-07,1.435735e-08,0.0001404086,6.885001e-09,1.5917018e-06,1.2494507e-07,3.827459e-06,1.6523561e-09,5.6595154e-06,2.3549282e-07,1.1248435e-05,1.947892e-08,5.724561e-08,2.4174963e-07,1.5217652e-10,1.6796186e-05,1.4760818e-07,6.692445e-09,6.949189e-06,4.88301e-08,1.735629e-09,4.397241e-09,4.1689634e-07,1.4111453e-06,1.4887459e-07,3.4173452e-06,9.1474976e-05,1.16839956e-07,4.889346e-08,1.4581742e-06,2.0225222e-08,1.0361528e-06,1.3711634e-07,3.6124427e-05,7.367338e-07,4.7781807e-08,2.4421312e-09,3.1066554e-07,1.3723094e-07,8.393453e-09,4.2917006e-07,4.5756025e-07,7.06978e-08,2.3266114e-07,0.00020583993,1.638228e-06,4.3243475e-09,1.7182507e-09,4.3244386e-06,6.922091e-05,1.8197607e-08,1.8307446e-08,1.6172296e-08,3.1510113e-05,6.275316e-08,2.6581398e-08,2.6763504e-07,4.83214e-07,3.4829307e-05,2.0843909e-06,2.7888722e-10,9.70643e-05,1.6948652e-06,7.875318e-06,9.610055e-07,4.009985e-09,3.306688e-06,9.642132e-07,5.7356115e-06,1.08661e-06,1.3616143e-05,1.8738645e-05,4.811025e-07,1.4310688e-06,3.0435805e-05,5.31088e-07,2.7982994e-09,1.5843712e-05,9.1382105e-07,5.449167e-08,3.4078387e-06,2.0206309e-10,4.1270124e-07,2.9284195e-07,2.0374024e-05,6.1639255e-08,1.0061057e-06,5.4029172e-08,4.4951886e-08,1.5601492e-07,2.2721551e-06,1.4029679e-06,6.852238e-05,0.00023031778,0.00036261926,1.1257031e-06,1.7180286e-08,1.1913376e-09,2.5045454e-06,1.6562528e-09,3.729394e-08,1.2351921e-07,1.262662e-09,1.4008267e-08,0.000112160276,5.391457e-09,1.1942905e-07,9.206977e-07,2.811537e-05,3.4469538e-09,4.2571587e-06,5.019788e-08,1.5821703e-07
BC2026_Train_0036_S22_20211224_234500_000,2.2237656e-15,2.1467166e-10,3.2345897e-12,3.570114e-09,4.452952e-10,1.5387925e-11,1.1507539e-11,3.6642397e-10,0.00013092089,4.4322596e-07,3.865867e-08,8.186115e-12,1.6193175e-10,9.938959e-09,1.6759488e-09,0.9999999,3.3758638e-09,1.4412072e-10,0.99997425,9.046975e-08,1.8770345e-09,0.99995434,9.878928e-10,2.0659188e-10,1.9513436e-07,2.0672028e-11,1.2169589e-07,1.2052772e-09,2.1579575e-07,2.357344e-09,1.9785094e-09,7.067366e-08,8.710652e-08,7.222685e-10,1.6196489e-09,3.6474634e-07,7.580796e-10,9.309939e-08,9.279823e-11,1.0246986e-08,5.262861e-08,1.0895176e-12,8.8792446e-10,8.31436e-07,8.5573015e-09,2.1434827e-08,7.2641666e-07,1.2883157e-08,1.3229664e-08,2.0334949e-07,2.8476285e-10,9.580704e-10,1.9556157e-09,1.08195786e-10,1.4055396e-05,5.932344e-13,3.121688e-12,0.3080162,2.4772464e-09,3.0796752e-08,0.8660063,7.9203517e-14,4.809679e-09,0.99999046,0.9998599,4.5599194e-08,3.164412e-09,1.0919922e-10,1.849763e-14,3.7069605e-09,2.9005457e-16,4.636346e-10,1.534179e-08,4.8509364e-08,1.14217285e-08,1.4392026e-09,8.774908e-07,6.872704e-10,8.362951e-08,5.3736826e-10,1.2878734e-08,1.6495354e-08,1.1599094e-08,6.9803135e-12,1.4234919e-08,4.34256e-11,4.736193e-10,3.5991925e-09,1.0033684e-07,6.66923e-08,6.1685688e-09,6.584467e-09,1.4362299e-09,4.5793783e-07,2.8281622e-07,1.7555186e-07,2.6842395e-09,6.8602876e-06,9.620279e-09,6.3419286e-08,5.331623e-09,1.2052007e-10,5.0814863e-09,3.287501e-09,1.9583217e-09,1.955747e-08,2.3145085e-11,1.9342805e-10,6.29563e-10,1.2508279e-09,3.1831338e-10,7.971283e-08,1.8533696e-13,8.748365e-12,3.5008904e-07,2.9144143e-09,6.772796e-08,4.9628294e-08,2.3363722e-07,2.1913818e-08,3.6510561e-09,2.7391155e-07,1.2554068e-10,7.810226e-06,3.8631025e-12,4.8920988e-08,6.5263763e-09,2.0729103e-09,2.1021557e-12,3.2842564e-07,2.6294085e-11,2.1177021e-08,7.798172e-09,3.3918894e-09,2.2619021e-11,9.068029e-09,3.3084686e-07,8.7045654e-10,1.4339328e-10,8.5409635e-09,1.3072595e-11,3.4882022e-10,3.8396706e-11,1.1846327e-07,5.3984306e-10,7.198673e-10,1.7259637e-08,2.4880178e-10,6.645733e-10,2.4293922e-09,2.5047495e-10,2.1546377e-10,1.0941513e-08,6.336143e-10,2.9762996e-06,1.1437752e-08,6.394622e-11,7.3059887e-09,4.957775e-09,1.7094155e-08,1.0241925e-08,1.3464836e-08,2.7780776e-11,3.8557743e-10,9.004067e-10,1.911935e-06,2.7931644e-09,1.1546625e-08,4.4058077e-11,1.8206258e-07,1.6901553e-06,5.499325e-09,8.341985e-12,3.6860875e-11,2.2712732e-06,2.379464e-10,4.7507093e-08,2.2398536e-10,8.0077145e-09,1.0909108e-06,1.6997924e-07,9.056866e-12,1.3421291e-07,5.420133e-08,6.279236e-07,6.0822565e-08,4.7020184e-13,1.8615821e-09,1.0104505e-09,5.2419504e-09,7.5666e-09,2.2901927e-08,5.238934e-07,9.667848e-09,1.4911778e-08,5.54525e-08,1.6359957e-09,1.1144743e-12,2.2615136e-07,1.9439799e-08,3.5635606e-10,1.6375471e-09,6.321569e-15,2.8000438e-10,4.702063e-09,8.2731695e-08,4.446546e-09,2.7168958e-09,1.2563613e-08,1.0833445e-08,2.4278145e-07,4.1434058e-07,2.4785953e-07,2.9374314e-07,1.7054091e-09,4.2703522e-07,1.2865599e-08,1.0740546e-09,4.0183988e-13,2.7734887e-10,6.1049256e-14,1.1246982e-09,5.581549e-09,4.584567e-11,1.5112214e-11,7.218285e-07,5.0912774e-08,5.94004e-07,2.8071035e-13,4.110213e-08,1.6113992e-10,3.6219134e-07,1.9015073e-11,1.2403082e-09
BC2026_Train_0036_S22_20211224_234500_005,8.839528e-15,6.847774e-11,9.405678e-12,5.957938e-09,1.3307072e-09,1.9414277e-11,7.6055e-11,5.0867105e-10,1.6080752e-05,3.429597e-07,3.3409358e-07,1.7914155e-11,7.499754e-10,6.5815186e-08,1.8278022e-09,0.99999976,4.737797e-08,6.0717806e-11,0.99999857,8.77198e-07,6.1203775e-09,0.99999666,6.6757186e-09,5.2218976e-11,1.3050418e-05,3.0191386e-10,1.984512e-08,1.4078001e-10,1.1378739e-08,4.236721e-09,2.7700892e-10,4.0904727e-08,3.151391e-08,8.463445e-10,2.431307e-09,7.2930995e-08,5.021433e-09,2.923675e-08,2.0981591e-11,1.9114257e-09,6.051381e-09,5.328908e-13,4.9988974e-10,6.0063186e-08,1.4328099e-09,3.9619805e-10,1.8825427e-08,3.3444214e-09,4.1166364e-09,3.423485e-08,1.5139687e-10,8.80351e-10,3.705276e-10,7.493202e-11,5.2568015e-07,4.2299163e-12,5.042932e-13,0.36088032,5.697685e-09,5.3393705e-08,0.8669154,2.8752716e-14,9.911074e-09,0.99998283,0.99989986,2.2405763e-07,2.2026447e-09,1.0877832e-09,1.0340569e-14,4.6125157e-09,3.67655e-16,9.0312074e-10,2.2198916e-08,1.7559785e-08,1.6931773e-09,4.512115e-10,5.763861e-07,8.226068e-10,4.3965724e-08,1.9940981e-10,3.0568344e-08,1.11128024e-07,2.0418796e-08,2.8539929e-12,2.1611544e-09,1.8081779e-11,7.5900847e-10,2.157963e-08,1.8149288e-08,8.581627e-08,3.8174752e-09,7.708615e-09,6.826091e-10,7.1416906e-07,5.6300155e-06,5.6772262e-09,7.364059e-10,1.3976401e-05,4.7892557e-09,2.6274773e-08,1.6761709e-07,2.1549039e-11,1.2445452e-09,2.3921627e-08,9.1392565e-09,3.2455226e-08,4.856262e-11,1.4244438e-10,3.7057502e-10,4.6094617e-10,2.533627e-10,8.200881e-09,7.712419e-14,2.2689494e-11,9.5450716e-08,4.7539706e-09,1.7761657e-08,1.2343443e-07,2.9249078e-08,1.5944305e-07,7.313197e-09,1.2277995e-06,1.6142694e-10,2.978858e-06,1.08771785e-11,1.3937403e-08,5.6047424e-09,1.7373015e-09,5.5093738e-12,3.6038657e-07,1.513431e-11,6.5042185e-09,1.9210606e-08,5.284031e-09,1.6104429e-11,1.2873183e-08,7.633138e-08,2.706634e-09,3.471746e-11,8.3858886e-08,1.7566256e-11,1.1485205e-09,4.0306636e-10,3.478227e-08,2.7061783e-10,3.605814e-10,5.064322e-09,3.634502e-11,2.418983e-10,5.5857957e-10,4.8657217e-10,1.2005966e-09,9.798843e-08,1.0524909e-10,3.8697698e-07,9.696325e-09,3.816125e-11,3.6564294e-09,4.108445e-10,4.4822923e-09,4.3096744e-09,3.2158567e-09,2.8926967e-11,3.5091027e-10,1.7359534e-09,1.1083173e-06,2.0635296e-09,2.5929845e-09,1.0702586e-10,2.0780898e-07,9.35423e-07,6.5594974e-09,5.0773617e-12,1.619428e-11,1.3181526e-06,3.1615883e-09,3.2023107e-07,8.5158554e-11,5.532792e-09,6.967239e-08,1.7922065e-07,2.4061204e-11,3.2141085e-07,9.550043e-08,3.5728513e-07,1.4257743e-08,9.316827e-13,1.847363e-09,1.7844118e-10,3.4611393e-08,2.8859889e-08,1.1237468e-08,5.0684986e-07,2.5075483e-08,7.031597e-09,2.4917625e-08,5.2721822e-09,1.9890211e-12,1.2749011e-07,1.9532308e-08,7.514044e-10,8.499357e-10,1.2397728e-14,1.5978989e-10,7.836612e-09,1.3331841e-07,1.0214217e-09,6.917791e-09,1.1249628e-08,1.541862e-08,2.8828674e-07,9.001311e-08,3.1229984e-08,3.746741e-08,1.1999836e-08,3.4092386e-07,1.0817052e-08,2.832753e-10,1.4895312e-13,1.4518237e-10,3.7151197e-14,9.377529e-10,1.2482713e-08,4.315428e-11,4.6796174e-12,1.6177715e-06,3.0787415e-08,4.531514e-09,8.057979e-14,7.960237e-08,2.667384e-11,1.8519931e-07,8.031963e-12,1.6118621e-08
BC2026_Train_0036_S22_20211224_234500_010,1.8224132e-13,5.2630766e-10,1.3290705e-10,2.9073094e-08,1.5760856e-08,1.2692701e-10,1.3808896e-10,1.057698e-08,4.903946e-05,4.8837876e-07,7.9235167e-07,8.789882e-11,1.6132105e-10,7.359488e-08,2.4317487e-08,0.99999857,1.8082999e-06,2.7938502e-10,0.99977154,6.3543814e-07,2.2562952e-08,0.999908,1.03220614e-07,6.3862154e-10,1.9576039e-05,8.4503465e-10,1.2166078e-06,1.1181744e-09,4.4496366e-07,6.162879e-08,9.4276045e-09,3.102969e-07,2.4734098e-07,2.8894204e-08,5.707224e-09,6.320385e-07,7.8589e-09,4.5340155e-07,4.732003e-10,2.9243052e-08,8.8467104e-08,3.927121e-11,4.611496e-09,1.2681799e-06,9.440597e-09,6.284392e-09,2.5045807e-07,3.92879e-08,2.5127719e-08,1.2977596e-07,3.0158422e-09,5.1792988e-09,3.908183e-09,9.036394e-10,3.8766843e-06,8.525163e-12,1.25377885e-11,0.05168469,1.4887227e-08,7.837363e-08,0.33396047,2.51574e-12,1.1154532e-07,0.99990237,0.99997413,1.8152375e-07,2.2755267e-09,6.2996213e-09,2.322457e-13,5.799226e-08,6.2743364e-15,4.2784638e-08,1.7499555e-07,1.4751214e-08,1.3214204e-08,9.542046e-09,1.7889253e-05,1.4354146e-08,1.121937e-06,1.1994642e-08,1.4592425e-07,1.938316e-07,2.3402345e-07,5.2057574e-11,4.7743525e-09,2.792071e-10,1.6877153e-09,5.02662e-08,1.0337784e-07,3.131935e-07,6.573854e-08,1.1976354e-08,1.4556961e-08,1.1775269e-06,3.6853592e-06,1.6719211e-07,1.5323309e-08,2.5624484e-05,7.79153e-08,5.9217765e-08,1.3594166e-07,1.3561743e-09,5.443099e-09,2.3966338e-08,1.6989524e-08,1.1276409e-07,8.9823515e-10,1.6578964e-09,9.218071e-09,9.915536e-09,3.941443e-09,1.338047e-07,1.3719908e-12,2.2183065e-10,1.8870456e-06,6.305043e-09,7.0627834e-07,2.2638392e-08,5.1753517e-07,4.986774e-07,1.3064041e-08,2.021348e-06,2.8000293e-09,7.0078404e-06,4.6229576e-11,4.567798e-08,7.451127e-08,1.23034685e-08,5.7537367e-11,1.1113948e-07,3.1568326e-10,1.9610783e-07,1.2521527e-07,1.8906428e-08,1.4350382e-10,4.1019234e-07,8.640738e-08,2.092144e-08,2.2596654e-10,1.2884652e-06,5.91701e-09,1.625495e-09,7.712685e-10,9.395492e-07,3.5657788e-09,8.703624e-09,2.4482708e-07,7.9788803e-10,2.374175e-09,4.0513623e-08,1.2291382e-09,2.6185054e-09,1.2927099e-07,8.809259e-09,1.3230455e-06,9.361382e-08,6.9053957e-10,1.5768673e-08,4.910082e-09,1.7948143e-08,2.1766894e-08,4.985353e-08,3.034912e-10,2.3584097e-09,2.6398798e-08,1.9386018e-06,6.3141172e-09,4.2882675e-08,1.8485756e-09,6.6678683e-07,8.800134e-06,1.1251129e-08,1.2977297e-11,4.4935639e-10,6.853219e-06,1.4950703e-09,4.9785863e-06,4.4170176e-10,1.44627545e-08,2.0425054e-07,9.20767e-07,1.9129637e-10,4.2535066e-06,4.243655e-07,1.4761466e-06,1.6384188e-07,6.236872e-11,4.0272155e-09,2.7717026e-09,2.8292677e-08,8.677586e-08,9.228824e-08,9.993848e-07,6.681644e-08,1.8554017e-07,4.2782922e-08,3.7576473e-08,7.020039e-11,7.9680206e-07,3.5316127e-08,9.591404e-09,3.25973e-07,5.1134803e-14,4.4259676e-09,1.5499824e-08,4.2118674e-07,7.250295e-09,4.26257e-09,1.1923615e-07,2.9051037e-07,1.1975072e-06,4.6900328e-07,2.2262674e-07,1.2868259e-06,2.4028768e-08,6.09295e-07,2.6608635e-08,2.258055e-09,9.516308e-13,2.3552362e-09,1.3850823e-12,9.126365e-09,2.5430884e-07,1.7309401e-10,4.7829886e-11,3.464196e-06,2.5053833e-07,1.6934983e-07,6.1324153e-12,3.1095365e-07,1.1659375e-09,2.4282713e-06,3.0614467e-10,1.03449835e-07
BC2026_Train_0036_S22_20211224_234500_015,2.7498547e-13,5.995805e-10,1.3418675e-10,1.3417026e-08,1.8704595e-08,4.4049e-11,2.5243932e-11,8.294702e-09,2.8949733e-05,7.615293e-07,2.3298405e-06,3.9112137e-11,1.8810262e-10,3.1041967e-08,1.3724045e-08,0.9999894,5.214286e-07,1.9401701e-10,0.99998295,5.205388e-08,1.7137184e-08,0.9998429,3.5095677e-08,7.632067e-10,2.7525663e-05,2.409341e-10,6.965597e-07,6.335234e-11,4.6874677e-09,3.180896e-09,9.882928e-09,1.7390827e-08,7.4642907e-07,9.3858e-09,1.599773e-08,6.083881e-08,4.384697e-08,7.174786e-07,4.925406e-10,7.939868e-09,1.123008e-07,1.9032853e-11,1.847539e-09,3.7784538e-08,6.9777157e-09,1.0328614e-08,2.9469126e-07,7.822996e-08,2.7216066e-08,2.9862628e-07,1.2774947e-09,1.3135669e-09,1.3651329e-09,8.0306684e-10,1.097735e-06,8.619833e-12,9.622013e-11,0.08208748,1.3325976e-08,1.4494707e-08,0.2864638,2.0528594e-13,8.560404e-09,0.99989784,0.9999349,1.0387751e-07,2.0668305e-09,4.571986e-10,3.861949e-14,3.1881434e-08,6.2831506e-15,5.8289764e-09,1.1301882e-07,1.2900517e-08,3.2068236e-08,4.053355e-09,7.506082e-06,5.7673585e-08,5.6648442e-08,9.303718e-10,7.030179e-08,2.3292199e-07,3.3048792e-08,1.6313792e-11,5.3408447e-09,1.04088994e-10,1.3706172e-09,2.35842e-08,1.8776765e-08,1.4221695e-07,7.779736e-09,1.2358623e-08,3.2628815e-09,4.7833287e-06,9.293771e-06,5.333415e-08,9.701318e-09,8.383776e-05,2.7591453e-08,3.5838696e-08,3.3896185e-07,1.5787716e-09,2.1339317e-09,1.2590985e-08,4.9672026e-09,2.8374602e-08,2.2443096e-10,2.0284632e-09,4.106144e-09,5.3336473e-09,1.2707243e-09,2.3348369e-08,4.3352645e-13,1.5297565e-10,4.2030922e-07,8.203916e-09,2.8157368e-07,7.864542e-08,5.376143e-07,5.2079304e-07,3.763549e-09,1.0330309e-06,8.9478946e-10,1.1032618e-05,5.175311e-12,6.102127e-08,3.5599836e-08,5.8617213e-09,2.24591e-11,2.3846233e-08,2.4762672e-10,4.3731706e-08,1.375631e-07,1.0076699e-08,1.1656145e-10,2.5692036e-06,3.895295e-08,1.6057403e-08,3.8022713e-10,4.6922605e-07,2.0034001e-10,5.3446865e-09,1.8459005e-10,1.0776873e-06,1.2022379e-08,3.4444808e-10,1.2960848e-07,2.1855118e-09,3.132417e-09,9.829483e-09,1.4765676e-09,3.1938938e-09,3.497166e-08,2.0934563e-09,2.72162e-06,1.8063398e-08,8.814264e-10,5.7457395e-08,2.5939442e-09,9.776642e-09,2.31817e-08,5.4865975e-08,2.2581992e-11,1.7947005e-09,2.4218556e-09,1.1242784e-06,9.401316e-09,4.927957e-08,9.354858e-10,2.8280758e-07,5.1851557e-06,4.825327e-09,1.3876426e-11,6.918655e-11,2.0243613e-06,5.2526467e-10,1.1862966e-05,7.633392e-10,6.5043433e-09,7.37254e-08,1.5218501e-06,3.4462336e-11,1.1813536e-06,5.0777782e-08,1.0507157e-06,1.06607544e-07,3.7098692e-12,2.2546294e-09,2.01069e-09,1.6591784e-08,5.4168563e-08,8.373757e-08,3.0053675e-07,2.6994277e-08,9.981536e-08,9.554959e-09,1.5747064e-08,1.7630973e-11,2.1560054e-07,7.54978e-08,1.3786348e-09,1.15894004e-07,2.226122e-14,1.7706275e-09,1.3803432e-08,3.2134986e-07,5.7875433e-09,1.063556e-09,3.6297756e-08,1.17979035e-07,7.5137854e-07,1.720917e-07,2.1917831e-08,2.5116873e-07,5.196566e-09,1.697128e-07,2.0669496e-08,5.3672937e-09,6.010533e-13,5.025905e-10,9.51865e-13,9.843478e-09,2.1256703e-08,2.383534e-10,6.659826e-11,5.5024507e-06,1.845505e-07,4.8009144e-07,3.1162568e-12,1.6287643e-07,3.8901685e-10,4.5140828e-07,5.5195792e-11,2.4287216e-08
BC2026_Train_0036_S22_20211224_234500_020,4.7149303e-14,4.7111075e-11,3.1601607e-12,6.166557e-09,7.2808097e-09,4.2079902e-11,1.3243782e-11,2.8573455e-10,7.923425e-05,2.4203774e-07,9.5624e-08,1.688483e-11,1.3656278e-09,6.206324e-08,9.1106905e-10,0.9999851,1.0869153e-07,7.3418535e-11,0.9999988,3.2301796e-07,1.8860254e-08,0.9999794,5.3758203e-08,7.220065e-11,1.0361267e-05,5.8776267e-10,2.9557242e-08,2.0403318e-10,4.9595914e-09,1.6562222e-08,2.5157438e-09,2.151326e-08,4.7737537e-08,4.5355936e-10,5.577534e-10,3.3606838e-08,3.7736556e-09,2.4509245e-07,3.9933112e-11,3.502484e-09,6.5880723e-09,1.6271614e-12,9.978386e-10,5.573435e-08,1.3200393e-09,8.7028384e-10,5.109674e-08,8.303614e-09,2.5690152e-09,6.572098e-08,2.303706e-10,1.9043078e-09,1.938943e-09,7.5671545e-11,1.0920766e-06,1.1738779e-11,1.4869182e-11,0.017517302,3.4385028e-09,1.3672461e-07,0.8991895,9.833395e-14,1.7385819e-08,0.9999852,0.99897873,9.618099e-08,3.1449512e-10,4.080619e-10,1.7703427e-14,4.3484825e-09,8.450518e-15,6.1539964e-09,1.308347e-07,1.1304433e-08,4.7171794e-10,2.9268985e-09,4.3636746e-06,2.9892413e-09,7.686631e-07,6.159618e-10,7.5954496e-08,3.0487872e-06,3.0451435e-08,6.38329e-11,5.1557625e-09,1.09425656e-10,6.105581e-09,1.1421417e-07,1.0430039e-07,7.951168e-07,1.8136102e-08,1.8691829e-08,1.4429572e-09,9.0582887e-07,1.5433236e-05,1.1960857e-07,8.271588e-09,1.4369234e-05,4.8488552e-08,1.7064161e-07,2.8479877e-07,3.1770486e-11,4.856424e-09,5.295273e-08,1.6914738e-08,4.9990543e-08,5.5826965e-10,9.691308e-10,2.447746e-09,3.699784e-09,1.0350915e-09,6.743214e-08,2.2404013e-13,3.026582e-10,3.481527e-06,1.0121985e-08,1.95618e-08,1.8204591e-07,1.1560617e-06,7.267479e-07,1.5824535e-08,1.0827279e-06,2.6441667e-09,1.4115412e-05,2.3685729e-11,1.348822e-07,2.308303e-07,9.94929e-10,4.872276e-11,1.3852022e-06,1.3736051e-10,7.327567e-08,1.9374799e-08,4.65996e-08,3.0364694e-10,8.062813e-07,4.7266457e-07,2.5541966e-09,2.4274874e-10,2.2442006e-08,8.5832355e-11,4.6411888e-09,1.570039e-09,2.2991767e-07,3.4495495e-10,4.720366e-10,4.770559e-08,2.336073e-10,7.6764495e-10,1.0804927e-08,2.1181779e-09,2.2524804e-09,3.827353e-07,5.0706983e-10,1.1351697e-06,4.7643024e-08,1.6337184e-10,6.688747e-08,6.326159e-09,4.51236e-08,5.6791216e-09,4.585623e-08,3.5634638e-11,4.359719e-09,4.754478e-09,6.459531e-06,2.1193507e-08,3.7389384e-07,5.5910615e-10,3.717428e-07,3.1207085e-06,2.8857023e-08,1.945201e-11,2.812376e-10,6.491353e-06,1.5779747e-08,1.2804102e-06,1.1022001e-09,1.8741666e-08,5.745049e-08,6.4674987e-07,1.1226595e-10,3.9958243e-07,3.436079e-07,2.1907942e-06,2.7804884e-08,1.1562344e-11,7.874565e-09,3.420677e-09,1.2129043e-08,2.1601895e-07,3.351492e-08,1.7544337e-06,4.0803197e-08,5.175785e-08,3.6539737e-07,1.0921121e-08,3.9118483e-11,5.732111e-07,3.189123e-08,8.003515e-09,1.6407338e-08,6.6504365e-14,1.8908943e-09,2.4898956e-08,5.697351e-07,1.1919927e-08,7.499401e-09,3.59048e-07,3.9513584e-08,2.3086207e-06,3.507009e-07,2.546279e-08,6.3016125e-07,1.9045084e-08,2.5368415e-06,1.8824386e-08,4.4655164e-09,4.9129507e-12,2.9556482e-10,5.883451e-13,5.7452985e-09,1.8896657e-08,3.4875902e-10,1.7476334e-10,2.3370685e-06,2.5554482e-07,7.7970164e-08,7.310114e-13,4.4362983e-07,9.305843e-11,7.461138e-07,4.1453122e-11,5.611065e-08
BC2026_Train_0036_S22_20211224_234500_025,2.4321831e-13,3.2592037e-10,4.2407754e-11,7.596566e-08,7.4927914e-10,1.0537382e-10,1.12291e-10,2.0959694e-09,1.8980878e-06,1.1301354e-07,3.306232e-07,5.4505008e-11,6.9093446e-11,5.5620298e-08,8.051163e-09,0.9999962,1.0624176e-07,2.2158411e-10,0.999997,1.9069165e-06,1.637214e-08,0.9999466,8.80409e-08,9.6199396e-11,1.7240757e-06,1.5441067e-09,1.6760958e-07,4.738608e-09,5.7770464e-08,3.064774e-08,2.2769029e-09,5.1382415e-08,4.0857792e-08,8.662628e-10,3.4243919e-09,1.5478042e-07,4.2943546e-09,1.00650624e-07,2.3627163e-11,1.979601e-08,9.242666e-09,1.5507156e-12,3.092164e-09,2.467755e-07,1.8456232e-09,3.4918386e-09,5.952296e-08,3.9747587e-09,9.084441e-09,4.7661842e-08,5.5133115e-10,3.50705e-09,1.4406993e-09,9.053814e-11,4.5493016e-06,7.388729e-12,6.780007e-12,0.027324393,8.483715e-09,3.299305e-08,0.11173812,3.4080751e-13,6.730143e-09,0.9999896,0.999969,3.1474906e-07,9.392624e-09,9.0075536e-10,2.005782e-14,9.862967e-09,7.205262e-15,1.8932003e-09,1.1792268e-07,5.413973e-09,2.2333022e-09,5.8451755e-09,3.973464e-06,3.190058e-09,2.7697257e-07,3.0880791e-09,2.8576482e-08,2.8343533e-07,8.4479204e-08,2.475638e-11,1.1393681e-08,2.7471697e-10,4.38129e-10,3.1620708e-09,4.4111534e-08,3.279502e-07,3.613722e-08,2.7418228e-08,5.5892624e-09,3.0398653e-06,2.7258953e-05,4.9542987e-08,5.189118e-09,9.972466e-06,9.253603e-09,9.228807e-08,9.24089e-08,6.36345e-11,2.243596e-09,2.6718999e-08,8.172274e-09,1.708226e-08,1.4277624e-10,2.170867e-09,4.231811e-09,4.397744e-09,1.2728516e-09,2.6847372e-08,7.4173046e-13,9.953462e-11,7.2211276e-07,1.0072586e-08,9.238423e-08,3.1552883e-08,1.6829448e-06,1.6166086e-07,2.692074e-09,2.0221836e-07,5.302878e-10,3.9823676e-06,3.75833e-11,2.0412527e-08,9.489194e-09,3.0355964e-09,6.563007e-11,3.5003495e-07,1.2872582e-10,5.686701e-08,4.2614022e-07,5.241661e-09,3.1651026e-11,1.340658e-07,1.2551978e-07,5.7512075e-09,1.1313805e-10,2.8095048e-08,2.708993e-10,1.1713122e-08,1.6916182e-09,2.686344e-07,5.215081e-10,1.8660214e-10,5.5808492e-08,9.767518e-11,6.364109e-10,5.283094e-09,4.6541906e-10,3.5343586e-10,8.814725e-08,9.24871e-10,1.7653294e-06,1.7077145e-08,2.4877947e-10,3.6752659e-09,7.140626e-09,4.214573e-09,1.0076813e-08,4.3430615e-09,2.713616e-10,1.4460484e-09,9.074449e-09,5.7738407e-07,1.7668055e-09,6.887983e-09,8.13613e-09,2.856017e-07,3.767933e-06,8.538193e-09,2.3021586e-11,3.924959e-10,4.4324597e-06,2.0062385e-09,3.7773702e-07,1.7100107e-10,1.660128e-08,8.24644e-07,2.515573e-07,9.5868403e-11,1.9067274e-06,2.7763133e-07,9.2171143e-07,9.450941e-08,2.885577e-11,9.061541e-10,7.2852646e-10,3.3646096e-08,2.7989042e-08,2.8409152e-08,1.5827077e-07,1.2601725e-08,1.988714e-08,1.996749e-08,8.927392e-09,4.0504676e-11,3.177357e-07,2.2674476e-08,2.3171476e-09,8.9671035e-09,1.7929954e-14,2.683726e-10,9.4694865e-09,2.3237465e-07,1.3471362e-08,2.8466049e-08,1.8389274e-07,6.624074e-08,3.4437195e-07,5.369687e-07,1.6510879e-07,1.05325945e-07,7.1581625e-09,1.8443843e-07,2.4603946e-08,9.592077e-10,3.1604724e-13,5.749625e-10,5.934506e-13,1.35598865e-08,2.095139e-08,3.5326318e-11,8.674611e-11,1.7972125e-06,1.8476676e-07,2.6902256e-07,1.4766947e-12,7.099426e-08,2.105633e-10,2.1657137e-07,1.0514815e-10,4.848661e-08
BC2026_Train_0036_S22_20211224_234500_030,6.0899023e-13,3.7524965e-09,1.4367232e-09,7.8731097e-07,4.025551e-08,4.559324e-10,1.137709e-08,2.970515e-08,0.0001646456,9.48845e-06,7.592322e-05,7.595128e-09,1.887436e-08,3.405505e-07,7.8764465e-08,0.9999832,8.645971e-07,2.3717173e-09,0.99993324,5.2583287e-06,7.439028e-08,0.9996824,1.8060716e-07,2.1158681e-09,9.3535855e-06,1.1726735e-08,1.5751697e-06,3.7265124e-09,2.6922785e-07,9.390746e-08,1.0955671e-08,6.437837e-07,6.6641746e-07,6.402065e-08,1.793035e-08,2.1058559e-06,6.789675e-08,6.79095e-07,9.334829e-09,1.3271723e-07,4.8512885e-07,6.000115e-11,4.988299e-09,6.302376e-07,2.0262792e-08,1.06773355e-08,4.540004e-07,1.3346546e-07,6.005678e-08,1.2882688e-06,1.1529767e-08,6.1241607e-09,5.2425304e-09,8.34472e-09,4.325907e-06,4.0596815e-10,4.1830792e-11,0.17737412,6.9805265e-07,2.1054915e-07,0.9620408,5.1924784e-11,5.8992754e-07,0.99993634,0.99953115,4.7620318e-07,6.82447e-08,1.9955955e-08,1.97913e-11,2.7346783e-07,6.521195e-14,1.0732058e-07,5.7859233e-07,3.007526e-08,3.0511964e-07,1.913615e-08,1.0419463e-05,1.8774176e-07,1.5993419e-06,1.41694185e-08,5.926155e-07,3.6200552e-07,2.9373783e-07,2.6263272e-10,4.3871147e-08,5.6288757e-10,3.6590123e-08,1.8542005e-07,3.8564073e-07,2.988262e-06,7.5953636e-08,1.5652266e-07,3.6029306e-08,1.0730921e-05,3.46885e-05,3.3206797e-07,1.3921466e-07,0.0001846074,1.5786075e-06,5.109947e-07,3.551656e-07,1.3767402e-09,8.059356e-08,3.5877179e-07,6.404201e-08,6.613229e-07,1.3303697e-09,1.288736e-08,1.9505093e-08,7.932391e-09,1.7084933e-08,9.822763e-07,2.145238e-11,4.544599e-10,3.0567235e-06,2.8418636e-08,2.29377e-06,5.0000453e-06,1.4885287e-06,8.988646e-07,5.7291055e-07,3.8060123e-06,6.9654553e-09,8.7291475e-05,2.1219171e-10,1.2136492e-06,2.5972955e-07,1.4168627e-07,1.9654492e-10,4.376519e-06,1.6188335e-09,9.567214e-07,6.4189925e-07,9.278668e-08,2.3021125e-09,3.0880318e-07,6.4984545e-07,5.4801127e-08,1.7214719e-09,2.842211e-07,4.4300723e-09,2.6599764e-07,5.666743e-09,1.1286947e-06,4.0168068e-08,2.0601396e-09,1.11003686e-07,5.4633915e-09,1.2772396e-08,1.935525e-07,1.9313624e-08,7.3297755e-08,7.045992e-07,1.8919486e-08,9.792359e-06,3.7013356e-07,1.5504016e-09,4.9974535e-08,3.871859e-08,1.5803712e-07,9.1413696e-08,3.7340985e-08,3.8764436e-10,1.5320765e-08,1.3280328e-08,4.705691e-06,1.5703999e-07,4.5500336e-08,7.165129e-09,4.393569e-06,1.3421037e-05,2.10185e-07,3.178697e-11,7.5246576e-10,9.2989474e-05,8.346824e-08,3.7429174e-05,4.7648365e-09,3.181128e-08,1.1194852e-06,2.649725e-06,1.2886436e-10,5.4537295e-06,5.042488e-07,1.2008546e-06,5.9130525e-07,1.3480268e-10,1.570025e-08,1.0652011e-08,8.3372277e-07,1.0854459e-06,2.8665826e-07,1.5947346e-06,5.779796e-07,1.1882149e-07,1.1308659e-06,4.689813e-08,1.2253269e-10,2.157072e-06,8.6038014e-08,1.16467564e-08,9.2355506e-08,1.1041512e-12,1.9191418e-08,8.200337e-08,1.0041866e-06,1.8015164e-07,3.291261e-07,7.600854e-07,8.216633e-07,1.11131685e-05,7.791976e-06,1.710468e-06,2.1903932e-06,1.1405024e-07,2.2125023e-06,1.04800115e-07,7.8083566e-08,2.8533304e-11,1.1429682e-08,9.527629e-12,1.2275953e-07,1.6916935e-07,3.6005245e-09,4.53197e-10,3.950952e-05,8.49865e-07,6.932217e-07,1.5873785e-11,1.4427426e-06,8.265055e-10,3.1345576e-06,6.1177713e-10,3.7783246e-07
BC2026_Train_0036_S22_20211224_234500_035,4.7622514e-11,1.4261279e-08,5.223237e-09,1.5650461e-06,4.2022143e-07,4.467382e-09,3.2657517e-09,1.2580092e-07,0.0017303266,5.3553754e-06,2.0730793e-06,3.6637178e-09,1.0491071e-07,3.1245992e-07,4.2312644e-07,0.99999833,1.8256937e-06,2.299519e-09,0.9999101,3.7970285e-06,1.5814675e-06,0.9988733,3.01095e-05,4.511672e-08,0.00508442,2.3440921e-07,7.0449287e-06,1.0342078e-08,2.072249e-06,2.454707e-07,7.293906e-08,1.0562374e-06,1.289038e-06,1.334278e-07,1.3501077e-07,2.0179964e-06,6.601962e-08,2.2818508e-06,3.747218e-09,6.5850907e-07,7.3930136e-07,1.2449846e-09,5.835364e-07,9.705132e-07,3.6240797e-07,2.2581193e-07,3.6133683e-06,2.3063643e-07,2.6607628e-07,1.2055397e-06,1.3693001e-07,3.7993286e-07,3.647728e-07,1.5876322e-08,3.509259e-05,1.9995265e-09,3.4298678e-10,0.19717862,7.877218e-07,1.5169974e-06,0.5487801,9.405306e-11,2.8709842e-06,0.99993634,0.99223834,7.04872e-06,1.3331636e-07,1.1421045e-07,4.664032e-12,2.8692628e-07,2.7886406e-12,4.814918e-07,3.370728e-07,5.585396e-07,1.5844262e-07,2.1688864e-07,1.4560561e-05,1.2276551e-07,1.3804854e-05,4.625257e-08,6.6291113e-06,2.0741709e-06,1.2839571e-07,8.662766e-09,6.611892e-07,2.7528898e-08,3.9735554e-08,2.6065382e-07,1.1988269e-06,2.271919e-06,1.0304216e-06,8.663099e-08,8.1668084e-08,4.327413e-06,4.3058742e-05,8.7165586e-07,3.0831794e-07,8.671357e-06,1.252798e-06,1.4531863e-06,8.523016e-07,2.138521e-08,5.2196543e-07,1.275788e-06,7.049588e-07,1.0085015e-06,5.7325136e-09,4.9144404e-08,8.2169954e-08,2.7285174e-07,8.837688e-08,7.250359e-07,3.862981e-10,4.971487e-09,4.940964e-06,1.220909e-07,6.0150484e-07,3.407455e-06,1.2597649e-06,5.51751e-06,3.3909052e-07,7.1698255e-06,2.0151946e-08,0.00010562498,9.885562e-10,5.9716886e-06,1.6133329e-06,1.004619e-07,8.062966e-09,1.2506183e-06,7.252037e-09,8.807958e-07,3.7414426e-07,1.0545826e-06,8.033706e-09,1.0585723e-05,3.3487624e-06,8.746229e-08,4.628405e-09,1.0644281e-06,2.427513e-08,1.2776518e-07,7.87107e-08,1.3140684e-06,6.932945e-08,7.257726e-07,7.6697455e-07,2.0030125e-08,1.1955995e-08,5.326564e-07,1.984473e-07,4.2748462e-07,1.6348773e-06,1.8715434e-07,1.6251308e-05,1.0533103e-06,5.969973e-09,1.6027925e-06,2.4377633e-07,3.5711653e-07,4.7237208e-07,1.3055444e-06,3.1763792e-09,1.4266577e-07,1.9113652e-07,2.2040504e-05,1.2078559e-07,1.0241057e-06,5.0725127e-08,1.8957072e-06,2.516715e-05,1.8612035e-06,1.3550262e-09,3.150309e-08,4.109376e-05,3.2359605e-07,7.683013e-06,3.77447e-08,5.719508e-07,4.625946e-07,2.8709267e-06,4.2639763e-09,4.2831116e-06,3.707695e-06,2.39875e-06,9.939727e-07,2.9287304e-09,1.154718e-07,3.6664076e-07,3.990265e-07,1.3879884e-06,2.6437127e-07,2.4411125e-05,5.749422e-07,5.0812804e-07,2.559036e-06,3.3451477e-07,2.7151656e-09,7.834896e-06,4.959206e-07,2.866424e-07,4.019053e-07,1.0993101e-11,7.190254e-08,1.0062793e-06,1.1821575e-05,3.7364254e-07,1.1038568e-07,6.7195754e-07,7.2818652e-06,3.7657595e-05,4.3369896e-06,1.3234669e-06,4.336051e-06,1.1126393e-06,7.661281e-06,1.1748058e-06,3.2722067e-08,3.4464126e-10,1.3200493e-07,5.3154734e-11,3.322181e-07,3.354479e-07,9.617398e-09,1.955664e-09,8.906891e-06,6.9242486e-07,1.4491603e-06,3.385489e-10,1.1692908e-06,4.707091e-08,5.4366596e-06,2.4314051e-08,2.2927595e-06
BC2026_Train_0036_S22_20211224_234500_040,2.5149327e-13,7.7352696e-10,1.9930817e-11,1.2311232e-07,5.307371e-10,1.8721247e-10,2.9817444e-11,2.6639077e-10,1.0944216e-05,1.7832947e-07,1.8084048e-08,8.236771e-11,5.9556965e-10,6.271799e-08,8.592073e-09,1.0,3.1330877e-08,7.7571616e-11,0.9999981,1.0996839e-06,1.2981328e-08,0.9999031,3.00187e-07,4.2144666e-10,1.1659186e-05,2.0515953e-09,4.4398956e-08,2.8362575e-09,1.5875042e-06,7.690731e-08,2.4853726e-09,1.8276712e-07,7.373033e-08,1.6627989e-09,2.9431553e-09,4.5759165e-07,3.6728691e-09,3.5457774e-07,7.759869e-11,1.9894996e-08,2.0109288e-08,9.649189e-12,6.49823e-09,9.78501e-07,6.111034e-09,7.4700495e-09,4.5323205e-07,1.4896145e-08,2.219447e-08,1.5698699e-07,1.2777676e-09,6.900804e-09,3.5398318e-09,1.290011e-10,7.0558217e-06,1.23117835e-11,9.612451e-12,0.21251659,9.662686e-09,5.5908636e-08,0.11613911,1.13130534e-13,3.186174e-08,0.99999166,0.9982761,2.7193707e-07,3.912151e-09,1.6545354e-09,8.874671e-14,1.0735534e-08,2.1745582e-14,2.9601686e-09,8.264684e-08,6.72704e-08,1.0665549e-08,1.6940728e-08,2.2088507e-06,1.537468e-09,9.2199804e-07,2.8274478e-09,1.2212979e-07,8.4041966e-07,7.950662e-08,6.2517e-11,4.992184e-08,4.780747e-10,3.3056008e-10,1.2203462e-08,1.7984148e-07,3.1942827e-07,1.3654903e-08,1.9507587e-08,1.6067236e-08,3.0230772e-06,1.4175903e-05,6.350595e-08,4.3686255e-09,2.3055642e-05,2.0822473e-08,1.9915713e-07,4.0767338e-07,1.1526853e-10,1.7944412e-08,7.2267575e-08,2.9652275e-08,2.4241723e-08,1.699975e-10,1.3189471e-09,2.5320483e-09,5.181235e-09,2.324589e-09,8.050736e-08,1.7647818e-12,1.7416968e-10,7.0637e-07,5.997776e-09,1.4852898e-07,1.553203e-07,7.4367784e-07,1.352675e-07,1.121753e-08,1.3439636e-06,1.4464595e-09,2.2324328e-05,1.10021686e-10,7.7598365e-08,2.868384e-08,7.997671e-09,1.8329159e-10,5.102696e-07,3.047098e-10,2.1571284e-07,8.832464e-08,2.2545187e-08,6.2635994e-11,2.155092e-08,6.273174e-07,7.572635e-09,3.5267025e-10,2.4487044e-08,1.6426267e-10,3.0520908e-09,1.9621018e-09,9.105522e-08,1.8947455e-10,1.880812e-09,4.2595403e-08,2.2874269e-10,7.867955e-10,1.0807647e-08,4.287668e-09,2.604628e-09,6.783325e-07,3.1036744e-09,1.9055223e-06,3.5266652e-08,1.2655064e-10,3.486536e-08,6.3195267e-09,7.925529e-08,3.4154827e-08,1.7022318e-08,9.2062247e-10,7.2079502e-09,1.5518047e-08,6.5916142e-06,2.6787976e-09,1.4630893e-08,1.1702777e-09,9.299803e-07,3.8853786e-06,4.8672856e-08,1.7298402e-11,5.062397e-10,7.862261e-06,7.837001e-09,1.5745402e-07,6.9176287e-10,2.9310176e-08,5.409377e-07,2.6758246e-07,7.114032e-10,2.0245698e-06,1.2344461e-06,6.3977546e-07,6.56661e-08,2.5978482e-11,4.000207e-09,8.560763e-09,4.7709324e-08,1.261e-07,6.114931e-08,5.5964233e-07,5.4235052e-08,5.1698855e-08,1.7064924e-07,1.3612181e-08,5.0277532e-11,7.256093e-07,3.496112e-08,8.001929e-09,8.127924e-09,3.1441066e-13,6.708314e-10,4.6327088e-08,1.6838889e-06,1.1585186e-08,2.8410996e-08,9.9927945e-08,8.7358245e-08,3.403729e-07,1.2692977e-06,1.6028552e-07,3.2566695e-07,6.458248e-08,1.6866998e-06,4.309265e-08,1.063554e-09,1.9679154e-12,1.265845e-09,8.250788e-13,4.8154916e-08,3.1191526e-08,2.02462e-10,4.179012e-11,4.7391713e-06,1.3495915e-07,4.4517414e-08,1.1025161e-12,6.671444e-08,8.533793e-10,4.0749578e-07,7.099136e-10,3.5470244e-08
BC2026_Train_0036_S22_20211224_234500_045,2.1532857e-14,9.318085e-10,2.509822e-11,1.1094023e-06,4.3436224e-10,2.7084647e-11,7.2461946e-11,6.6899275e-10,2.1905383e-07,1.9855588e-06,1.0792676e-07,5.849709e-11,2.6246384e-11,1.9994816e-08,1.4395959e-08,0.99999976,3.957481e-09,1.0406218e-10,0.9999032,3.8198374e-07,3.9527133e-09,0.9999448,1.9608275e-07,1.7655926e-09,0.00010412542,8.8165836e-10,9.2043865e-07,1.5665962e-09,5.591174e-07,5.769592e-08,2.4620268e-09,2.5216738e-07,8.196662e-08,2.3274383e-08,8.3762455e-09,2.3113581e-07,2.3989284e-09,5.0064685e-08,1.2833579e-10,3.3621266e-08,6.270937e-08,2.4105027e-11,9.777742e-09,4.6745913e-07,2.7282008e-09,2.0440412e-09,5.9257882e-08,4.3133337e-09,8.0542195e-09,1.2027085e-07,4.5149324e-09,3.750142e-09,1.6119749e-09,1.6367416e-09,3.4199109e-06,7.690158e-12,4.7064175e-12,0.81942934,1.9786677e-09,2.7956707e-08,0.00033272352,2.9017773e-14,3.938775e-09,0.99994576,0.9960179,4.5168903e-07,6.376348e-09,7.857427e-10,9.244472e-15,2.1202768e-08,1.2515853e-15,2.8321961e-10,6.357091e-08,5.5514413e-08,3.416851e-08,6.6726256e-09,1.4621011e-06,4.1152233e-09,2.2866708e-07,2.2001505e-09,2.9778557e-08,3.663838e-08,3.165965e-08,1.4473907e-11,9.4957855e-09,3.541282e-10,3.9426726e-11,1.8000588e-09,6.2079344e-08,5.0703942e-08,3.7987578e-09,9.010755e-09,1.5642015e-09,8.88862e-07,5.4194165e-06,1.74129e-08,5.1150937e-09,2.3106847e-06,4.183163e-09,1.0446284e-07,1.8652233e-07,3.0773575e-11,6.676393e-09,2.7166694e-08,1.4539451e-08,2.8949698e-08,8.850238e-12,6.827771e-10,1.1677715e-09,8.7045315e-10,9.603445e-10,9.496455e-09,1.1546007e-12,2.44583e-11,2.6039242e-08,3.4874703e-10,3.9403176e-08,3.365848e-08,1.6828517e-07,3.1679036e-08,2.8530935e-09,5.7204574e-08,5.3904253e-10,7.207531e-06,6.9078555e-11,3.9523513e-09,2.9391947e-09,1.0340243e-08,2.2192744e-11,1.7766101e-07,1.4301497e-10,2.2730273e-07,8.869165e-08,1.736248e-09,2.4709864e-11,1.4046144e-09,5.1317862e-08,2.218756e-09,2.5537225e-10,1.9653125e-08,9.137835e-11,7.2004203e-09,1.4832821e-10,1.0873234e-08,3.1812947e-10,6.4854816e-11,4.6782784e-08,1.8886587e-10,4.4093995e-10,1.1249149e-09,2.9032834e-10,1.6495757e-09,4.454561e-08,6.883382e-10,9.415933e-07,4.1829e-09,2.591154e-10,8.592838e-10,6.483361e-09,1.0906404e-08,3.1281253e-08,3.2391634e-09,1.0305723e-09,2.197999e-09,5.328268e-09,8.671826e-07,3.8633566e-10,2.0108395e-09,1.4105067e-10,1.0870873e-07,1.2548786e-06,2.598168e-09,3.238343e-12,2.6517008e-10,1.4449126e-06,7.7822404e-10,4.8077727e-08,1.7612897e-10,1.1063769e-09,5.0448307e-07,4.770368e-08,7.7631607e-10,7.6989414e-07,2.0210074e-07,5.432999e-08,1.5801824e-08,7.366355e-12,8.508538e-10,1.0523247e-09,9.818955e-08,4.999178e-08,4.6578535e-08,2.1803696e-07,1.5331025e-08,6.444992e-09,1.4974027e-08,2.165053e-09,7.8881875e-12,7.861017e-08,8.289894e-09,2.0364062e-09,9.112919e-09,5.439235e-14,1.5632821e-10,1.5582973e-08,2.5052927e-07,6.6072876e-09,7.498557e-09,1.4888021e-08,7.9901724e-08,1.9375465e-08,6.6657515e-07,7.1158304e-08,5.055484e-08,7.356401e-08,1.8585465e-06,1.739806e-08,1.76293e-10,5.551788e-13,1.4828493e-10,2.4201837e-13,3.233295e-08,2.2647406e-09,7.109484e-11,1.9881461e-11,2.6184903e-06,2.182318e-08,1.4958555e-08,2.141247e-12,4.838958e-09,2.538958e-10,3.8942522e-07,4.592356e-11,1.1307236e-08
BC2026_Train_0036_S22_20211224_234500_050,4.0570168e-15,8.032732e-11,9.70487e-13,1.3932591e-08,1.4579203e-10,1.1857122e-11,7.656833e-12,1.159552e-10,2.7735132e-07,2.7072083e-08,1.815164e-08,6.4774553e-12,7.886969e-12,3.5709938e-08,8.9839786e-10,0.9999957,3.4968792e-08,5.4251e-11,0.9999994,4.8543063e-07,1.9596119e-08,0.99999523,4.583411e-08,4.073245e-11,2.9759815e-06,1.06858605e-10,1.17608316e-07,3.1479158e-10,9.876729e-09,4.5122035e-09,1.3326756e-09,1.0971375e-08,1.1743164e-08,1.3035827e-10,1.2799475e-10,7.142686e-08,1.8735116e-09,1.1782611e-07,1.1651022e-12,3.834391e-09,6.1186505e-09,3.301343e-13,8.9820085e-10,7.0877775e-08,1.4049487e-10,4.2115014e-10,1.9199653e-08,2.3997841e-09,1.2416195e-09,1.3473392e-08,2.698617e-10,4.511435e-10,4.8640414e-10,1.3470109e-11,1.6059215e-06,4.909323e-13,4.63443e-13,0.0023977912,3.5619452e-09,7.6496915e-09,0.16872644,1.8132278e-14,7.971112e-09,0.999997,0.9999949,4.2534268e-08,5.8280175e-10,1.758839e-10,7.959689e-16,2.5477982e-09,2.1249198e-16,1.4809112e-09,2.8115261e-08,1.4510965e-09,4.37865e-10,3.4928178e-09,2.3628834e-06,2.6752998e-09,3.8021813e-07,2.755156e-10,1.1336432e-08,3.8768537e-08,1.9957278e-09,2.1825562e-11,4.8504996e-09,1.0679708e-10,7.5203926e-11,2.7659621e-09,7.166824e-09,2.7861404e-07,2.7621994e-08,2.0929414e-09,6.0027394e-10,2.0858743e-06,6.1417786e-06,3.9111452e-08,7.0109835e-10,9.847339e-06,2.1447544e-08,3.6631953e-08,4.3680856e-08,6.8439052e-12,8.2489127e-10,1.1981563e-08,1.0546496e-09,3.0171137e-09,2.5465033e-11,3.5852338e-10,5.27047e-10,1.0390893e-09,2.0315635e-10,7.402042e-09,1.227388e-13,1.37043e-11,1.2973177e-07,9.677564e-10,1.6704414e-08,7.030886e-09,1.1722112e-07,9.8940234e-08,5.447417e-10,6.987228e-08,3.1636377e-10,9.352446e-07,4.203111e-12,5.4669256e-09,1.5002614e-08,1.5276572e-10,4.17689e-12,6.368657e-08,2.5930313e-11,1.7089071e-08,3.4222253e-08,6.5493455e-09,8.237882e-12,2.8611584e-07,1.3633426e-07,6.3417405e-10,5.904848e-12,1.5258648e-08,9.907832e-11,2.1181574e-09,7.54427e-11,2.6001322e-08,5.0291823e-11,1.5793672e-10,4.950896e-09,2.053245e-11,1.3073949e-10,2.7826996e-09,2.0188012e-10,8.0817554e-11,1.3493837e-08,2.6838745e-10,1.6878873e-07,2.5999078e-09,5.7904855e-11,6.0086305e-09,3.1533378e-09,4.5138475e-09,3.1131842e-09,4.4474366e-09,3.957703e-11,3.0926636e-10,2.2930762e-09,1.0951659e-06,3.0872416e-10,2.3885824e-09,4.0014714e-10,1.1328719e-07,1.7528516e-06,1.0783447e-09,1.2296054e-12,1.00818215e-10,4.6657547e-07,4.8442655e-10,1.0855893e-07,3.6628055e-11,1.1328364e-09,5.310546e-08,5.0246925e-08,5.3622537e-11,1.9683631e-07,1.2770987e-07,1.5246945e-07,3.381078e-08,3.8619823e-12,2.1973942e-10,5.85851e-10,4.624726e-09,7.753856e-09,8.203932e-09,3.169213e-07,4.1676413e-09,4.6606514e-09,6.270814e-09,9.500799e-10,1.100783e-11,1.7197439e-07,1.7060241e-09,1.566611e-09,4.459167e-09,1.4275571e-15,1.3197442e-10,5.7203753e-10,2.5650213e-08,6.2679324e-09,4.2510324e-09,2.0900142e-08,3.4947853e-08,1.6356803e-07,1.3939163e-07,3.1353295e-08,6.528819e-08,4.0052153e-09,6.773158e-08,1.1153995e-08,3.053335e-10,5.3474562e-14,1.8440176e-10,3.410818e-14,5.904226e-09,6.854236e-09,1.31188055e-11,1.7949519e-11,2.6261026e-07,1.8669096e-08,1.7522551e-07,3.6904876e-13,1.2415657e-08,5.434504e-11,2.2485328e-07,5.608682e-11,1.0453974e-08
BC2026_Train_0036_S22_20211224_234500_055,1.0330279e-10,5.444853e-09,2.3453337e-09,2.6243269e-08,1.5847345e-07,4.7011106e-10,5.987451e-10,5.9478463e-08,5.9164126e-05,2.0134624e-07,2.2627075e-06,3.5741865e-10,6.3508594e-09,1.6102985e-07,1.4876686e-07,0.9999665,3.0432852e-06,1.1418297e-10,0.99982613,7.628122e-07,2.2273272e-07,0.94257337,6.1385947e-07,1.6480409e-09,4.11631e-05,2.1990692e-08,8.6298496e-07,6.129206e-10,1.1223077e-07,2.2093948e-08,8.3168175e-09,3.3373368e-08,1.4654022e-07,4.236909e-08,7.772572e-09,9.256749e-08,6.3820913e-09,2.9663116e-07,3.1310072e-09,1.9233594e-08,6.626209e-08,6.554238e-11,7.807847e-09,7.141447e-08,8.551399e-08,6.481077e-08,7.858032e-07,4.6026045e-08,2.871274e-08,2.9176869e-07,4.7867164e-09,1.5542277e-08,9.443838e-09,2.6014306e-09,2.6658884e-06,2.0316449e-10,3.0483133e-10,0.17040859,1.3812088e-07,2.5103958e-08,0.10920939,3.7346987e-11,2.3328101e-07,0.9997465,0.9612936,2.2303519e-07,7.730568e-09,6.6681975e-09,2.2193326e-12,1.4229481e-07,4.0868463e-12,1.2727484e-07,1.1352693e-06,4.645335e-08,8.890014e-08,1.00621435e-07,6.4167056e-05,7.4311146e-08,7.529613e-06,1.0296063e-08,1.7347218e-06,0.00023821261,5.775564e-07,5.1531446e-10,1.5485462e-08,3.2886485e-09,1.0268919e-08,4.218476e-07,1.1081561e-07,7.245465e-07,2.6529412e-07,6.066765e-08,1.7586135e-07,1.33208e-06,1.9741809e-05,6.870403e-07,5.588034e-07,2.0038753e-05,9.651699e-07,1.7297808e-07,6.453728e-07,5.577463e-09,2.2971251e-07,1.6643517e-07,1.3326489e-07,1.3925838e-06,2.270334e-08,2.3467445e-08,8.617598e-08,6.863946e-08,6.7169374e-08,8.37818e-07,1.24558185e-11,6.0338046e-09,6.105058e-05,2.0527986e-07,5.426326e-06,1.1749862e-06,2.0620178e-05,6.1558812e-06,3.640766e-08,1.4724442e-05,2.9650863e-08,0.00028665015,4.707787e-10,4.969796e-06,3.8537607e-07,2.5959184e-07,7.131057e-09,3.960383e-07,1.3669412e-09,6.3760643e-07,8.537547e-08,3.3367456e-07,9.224596e-09,3.7387886e-06,5.252958e-07,1.1610619e-07,1.8117284e-09,6.074593e-08,6.2823666e-09,3.955762e-08,1.1676901e-07,1.7668639e-06,5.698653e-09,1.529265e-08,1.3834792e-06,5.881241e-09,3.4778471e-09,5.7832864e-07,1.0487751e-07,1.2991674e-07,9.603551e-07,2.0357081e-08,8.561919e-06,1.8150554e-06,3.0773664e-09,1.9151014e-06,2.9099557e-08,4.7368392e-08,4.475384e-08,1.4908358e-07,4.592805e-10,1.4913391e-07,2.3319046e-07,1.3193034e-05,9.197738e-08,2.5877418e-07,1.356169e-07,5.612164e-06,6.058487e-05,2.5291376e-07,1.7741426e-10,4.986121e-09,9.429711e-05,2.59753e-08,0.00023757844,1.1094479e-08,4.2208382e-07,8.808907e-07,6.884557e-06,2.541726e-09,1.7378681e-05,4.3182526e-06,3.9741617e-06,5.5893133e-07,3.323646e-09,6.9367935e-08,5.6779328e-08,1.2182338e-07,9.613832e-07,9.555232e-07,3.0911833e-06,6.639093e-07,1.0252753e-06,4.0899886e-06,4.3839614e-07,1.544151e-09,4.2593683e-06,1.6278109e-07,1.7179228e-07,5.7486545e-07,4.302711e-12,2.2682002e-08,4.6405273e-07,6.6235184e-06,7.2050256e-08,2.6565937e-08,3.3771034e-06,1.970746e-06,2.6368753e-05,5.636971e-07,2.4175125e-07,4.602668e-06,1.1033601e-07,1.6647947e-06,1.0158714e-06,4.8478757e-08,2.2450118e-10,3.1214609e-09,1.077265e-10,1.3157587e-06,4.8894265e-07,3.7572443e-09,6.2060934e-10,2.6109641e-05,2.1161675e-06,2.814993e-07,4.917856e-11,1.7373129e-06,5.349143e-09,3.881231e-07,1.6142856e-09,3.6343838e-06
BC2026_Train_0044_S22_20220124_023000_000,6.825805e-10,1.0060317e-08,3.2076117e-09,0.0012221669,5.702031e-07,2.8020314e-10,1.7440927e-07,1.16167655e-07,1.948147e-05,0.9948691,0.9997907,8.689097e-08,1.2589072e-06,1.4746825e-08,6.212113e-09,4.0827285e-06,6.906996e-08,1.2371292e-11,0.00017318327,3.6304175e-06,2.4013752e-05,2.2011789e-05,7.359222e-08,2.132898e-07,0.00071152084,1.1545303e-08,1.924428e-07,2.9950353e-08,4.2703233e-10,8.184496e-06,5.364456e-07,9.601416e-09,1.4615657e-06,3.3187703e-07,9.455522e-08,2.1316955e-08,1.4661594e-08,1.6545291e-09,8.106128e-07,2.8250938e-08,9.02946e-08,1.7747738e-08,1.09587674e-07,7.492167e-09,2.6688476e-09,6.980547e-10,6.783707e-08,1.879701e-08,1.7632436e-09,1.4979475e-09,4.713425e-07,4.6190775e-07,1.1558947e-07,1.613993e-07,4.707567e-08,8.8248186e-08,2.6204363e-11,0.99994123,1.1368353e-07,5.2509083e-08,0.0050242976,8.033648e-12,4.544427e-06,0.0011784268,3.8796206e-06,6.1286386e-08,4.4769547e-07,1.532381e-07,2.8958712e-11,3.531285e-05,1.1921774e-11,8.8821406e-10,1.1651283e-07,5.681366e-08,7.796373e-09,6.398963e-08,9.274633e-08,8.160182e-07,1.1890684e-07,3.309112e-08,6.508379e-07,3.325851e-10,2.1400283e-06,1.4582805e-08,6.167882e-07,2.7749362e-08,3.7238733e-05,2.4284009e-06,3.9099373e-06,2.8727314e-08,1.17118425e-05,5.455818e-07,1.1864559e-08,6.563855e-08,1.6152757e-07,4.60185e-08,1.9014946e-07,1.6636817e-05,1.7442121e-06,2.6367277e-07,2.0242206e-08,5.2503757e-09,7.5225857e-06,0.0003059437,0.00092442386,2.0716384e-06,1.4044298e-09,6.4244707e-09,3.446614e-07,3.1002892e-07,1.2055147e-08,1.0190044e-05,1.3462962e-08,3.7250822e-10,1.6600014e-08,1.2279295e-05,1.3450878e-07,8.4454555e-08,6.295826e-09,2.6779257e-06,2.1281413e-07,8.732807e-07,7.62628e-09,6.790316e-06,7.401777e-08,2.2603588e-06,2.2332081e-07,2.6624457e-06,3.7700527e-08,7.744702e-07,2.3521038e-08,9.72487e-08,2.8442821e-08,6.889713e-07,2.820695e-08,1.0765794e-09,1.7543435e-07,3.7336295e-07,9.545359e-09,0.0038142256,2.1991413e-07,3.5464275e-06,9.0662783e-10,5.4663545e-08,0.00011381364,4.3838333e-09,1.0086072e-06,2.1330526e-07,1.7801851e-06,3.556638e-08,3.3445314e-08,2.795386e-06,6.1371055e-09,4.29826e-06,6.525557e-08,3.6246884e-06,3.809249e-09,5.8050414e-10,2.8321674e-07,6.890554e-10,1.789747e-07,8.952803e-08,4.3158686e-09,1.0273704e-07,1.3740466e-08,0.0013265357,7.159258e-08,9.5749215e-08,1.2468054e-08,2.3374296e-06,2.3830946e-06,3.810628e-10,3.620031e-10,6.192676e-09,6.4100425e-07,1.2779727e-06,1.9474575e-08,4.8373875e-07,7.042083e-08,1.9550591e-06,2.4744106e-06,3.296803e-11,7.8700786e-08,1.4024462e-09,8.2585075e-08,4.043362e-07,1.594467e-11,1.208732e-06,1.8386909e-09,6.36302e-06,1.5520021e-06,7.5968496e-06,1.4423311e-07,1.8571486e-06,2.8468332e-06,1.7811024e-07,1.4550665e-07,9.2062424e-10,2.2094364e-06,2.1703052e-08,1.5960339e-07,3.3756546e-06,3.5871863e-12,1.2952471e-07,3.5406885e-07,3.7830625e-07,6.8710784e-07,8.403876e-07,1.1874067e-08,1.6547591e-06,1.6135698e-06,2.582439e-06,1.7427585e-08,1.7119761e-07,0.00057434064,1.4512817e-05,1.2712679e-08,7.130427e-07,3.5069496e-09,2.6023054e-08,4.389462e-10,2.3410828e-07,3.093705e-08,2.6599387e-09,6.487495e-08,5.8404084e-06,1.0686354e-09,4.5784923e-08,3.994936e-10,3.071625e-05,1.9573434e-09,4.6660613e-08,9.304433e-09,2.235745e-06
BC2026_Train_0044_S22_20220124_023000_005,2.6188246e-07,2.3162475e-08,1.040152e-09,0.00011343452,1.7637797e-06,4.5279502e-11,1.1844372e-07,9.0277545e-08,1.28393085e-05,0.11909883,0.99896944,2.3982066e-08,1.2828913e-06,4.872355e-09,1.528506e-09,5.934472e-05,4.012955e-08,2.4565584e-12,0.002899851,6.325601e-07,0.00012805189,2.8616107e-06,2.4829697e-07,6.353212e-08,0.0019432341,2.6655985e-07,8.1940266e-07,1.2530246e-09,5.0698543e-11,4.864474e-07,1.2074227e-07,1.8903643e-09,1.0596971e-06,6.4191084e-08,4.718597e-08,7.363515e-09,1.7475775e-09,8.3134827e-10,8.0099184e-08,3.2391754e-09,2.5558595e-08,2.2374804e-09,7.414041e-08,7.223994e-10,2.6045137e-09,1.5359585e-09,9.272069e-08,2.5629234e-08,6.0566085e-10,1.3026811e-09,2.3281207e-07,5.525017e-07,1.0504608e-07,4.2515858e-08,1.9688844e-08,2.3184911e-07,8.222816e-11,0.9991536,1.1109157e-07,8.096037e-09,0.0725922,4.317657e-12,7.580515e-06,0.0701777,1.01103936e-07,6.198327e-08,8.798248e-08,1.108078e-07,3.3011619e-12,6.056978e-07,3.545937e-11,1.0007949e-09,4.17492e-07,1.7269649e-08,1.5768185e-09,1.6332185e-08,2.6994286e-07,2.5166075e-06,7.326184e-08,1.4188045e-09,7.303963e-07,1.6553907e-09,8.814708e-06,6.3009913e-09,5.2212926e-07,3.5210398e-08,8.012024e-06,4.2979527e-06,1.2453161e-06,2.7487289e-08,4.5148586e-06,1.3279003e-07,3.0790925e-09,3.0699166e-08,9.0415034e-07,9.937977e-08,8.5863256e-08,2.3730818e-06,6.023389e-06,2.0565648e-07,2.8300013e-08,1.8964312e-09,7.5868656e-06,0.00053581095,0.00021522465,8.4071064e-07,8.221174e-10,1.05020426e-07,2.4344554e-06,3.3764968e-07,2.386703e-08,6.4055445e-07,4.559692e-09,5.1046134e-10,4.126654e-08,1.6916769e-05,5.0291703e-07,1.6018804e-07,4.337451e-08,9.949438e-07,3.744348e-07,5.851838e-07,3.4111988e-08,2.0004138e-05,6.433081e-08,3.3335855e-06,1.7011871e-07,2.0310445e-06,1.6459784e-07,7.39004e-08,1.9609878e-08,1.5639537e-07,2.333073e-09,5.634108e-06,4.6435818e-07,1.7726383e-09,7.267591e-08,1.5534472e-07,1.6550915e-08,0.0011636518,4.3084594e-08,4.459358e-06,3.0488323e-09,1.0652746e-07,2.6667973e-05,1.7000796e-09,3.636884e-06,1.4517552e-07,1.7170629e-07,6.820905e-08,4.380505e-07,1.1387551e-05,3.6030265e-08,2.3221742e-06,3.648858e-08,7.3171022e-06,8.886992e-09,2.8777147e-09,4.601604e-08,1.319412e-10,1.15064964e-07,6.733754e-08,1.13823964e-10,1.3650975e-07,3.8384464e-08,0.0004711461,1.5870084e-08,5.639369e-08,2.828485e-08,2.6395708e-06,1.4143626e-06,6.4705713e-10,3.8089423e-10,1.021816e-08,1.7769219e-07,4.006607e-06,5.446362e-08,2.162034e-07,3.633509e-08,4.4679427e-07,5.8292962e-06,3.0687064e-11,4.2960448e-07,4.8925815e-09,9.046922e-08,7.388025e-08,3.1838e-11,1.4677116e-06,1.8463274e-09,1.9211582e-06,2.7789752e-06,1.1080374e-05,2.9282344e-08,1.6541911e-06,2.2481715e-06,3.0076612e-07,3.6751803e-07,4.609807e-09,9.70554e-07,5.7693357e-09,2.1480014e-07,4.267909e-07,3.8344727e-12,9.5171664e-08,2.191232e-07,9.794666e-06,1.0960435e-06,1.5331925e-06,6.0236744e-09,4.893055e-06,3.0052013e-07,6.592379e-07,3.059662e-09,2.0517554e-07,6.243988e-05,2.759309e-07,4.4262062e-08,2.8524614e-06,5.8293876e-09,9.790189e-09,1.1924378e-09,2.6867203e-06,3.1349344e-08,2.0876865e-09,7.489966e-09,3.3405008e-06,1.811946e-09,1.7502405e-08,7.165754e-10,2.0324362e-05,4.7549475e-10,1.1409099e-08,1.9497616e-08,2.9091792e-05
BC2026_Train_0044_S22_20220124_023000_010,6.946436e-11,9.221179e-10,1.5351104e-11,0.00029926377,1.0208867e-08,3.5602552e-12,3.8354733e-09,3.780456e-09,4.4032734e-07,0.22586052,0.9999294,2.303395e-09,3.075617e-07,8.991247e-10,2.2884698e-10,0.0002638157,6.6515154e-10,8.2505834e-13,1.711113e-05,6.527352e-06,6.946929e-06,6.9936825e-05,1.1531175e-08,8.8824706e-08,2.963403e-05,2.3427463e-08,4.7696943e-08,4.8883536e-10,3.2417496e-11,3.6453146e-06,2.4475872e-09,5.0283505e-10,5.445321e-09,2.4541142e-08,2.0479874e-08,2.9387448e-10,3.2399878e-11,7.361945e-12,1.2397996e-09,4.007513e-10,2.5732374e-09,1.2681256e-10,2.9576814e-08,6.483737e-11,1.1895342e-10,1.7038695e-11,1.7064545e-08,3.370271e-10,1.885562e-11,7.5146424e-11,4.279067e-08,2.2069898e-08,6.515046e-09,3.8893617e-09,1.7686396e-09,9.559497e-09,3.044487e-12,0.99998987,4.3385326e-09,8.493916e-09,0.041116327,1.4692329e-12,3.353105e-06,0.026418919,4.9697917e-08,2.4084292e-08,2.1455442e-08,4.5046043e-08,7.904927e-14,1.547093e-07,1.2746565e-13,1.3031383e-09,3.56482e-09,6.3767254e-09,3.3332035e-11,5.6152283e-09,3.1220972e-07,3.1973205e-08,3.3028943e-08,1.6869355e-10,8.570289e-07,1.1359055e-11,1.4167709e-06,3.1025837e-10,4.322733e-08,4.2209525e-09,4.0644227e-06,2.0895138e-06,1.6430221e-06,5.7578697e-09,1.121092e-05,1.4074901e-08,1.01602546e-10,1.1554132e-09,1.7280062e-08,3.5011682e-09,1.9938112e-08,3.8411265e-08,6.5777164e-07,6.213751e-08,9.273829e-10,4.335705e-12,9.675651e-07,0.000107873726,1.3316405e-05,1.7125557e-06,1.4483857e-10,5.6214833e-10,1.3585463e-08,3.2953434e-08,5.0700794e-10,8.683199e-08,2.4091387e-10,7.23378e-11,5.0720455e-09,7.493456e-08,8.2923135e-09,1.0623239e-08,2.3048026e-08,9.040951e-07,1.1575516e-07,1.089275e-07,9.998314e-10,1.0908547e-06,6.59119e-09,6.7201796e-08,4.3100215e-08,4.8427463e-08,4.1235673e-09,2.3797073e-08,4.923192e-09,1.8810784e-08,1.0382348e-10,9.36749e-08,7.495865e-10,7.283073e-13,7.879944e-09,7.025366e-08,1.489841e-09,8.236738e-05,1.0619309e-08,1.03051434e-07,6.987884e-11,7.577717e-10,1.132124e-06,2.2285947e-10,6.749763e-08,1.1771167e-09,2.5639501e-08,4.7989683e-08,1.3187533e-09,5.4779866e-07,8.589533e-09,9.164273e-08,2.1977262e-09,3.6882846e-06,2.83978e-10,1.063981e-11,2.2047052e-08,4.2127022e-12,1.7650672e-09,3.745454e-08,6.378093e-11,1.3716318e-09,8.5686164e-10,0.00036281845,2.2967914e-10,1.922823e-09,6.247376e-10,1.5188967e-06,1.842294e-07,5.0229577e-12,2.9479377e-12,7.4344536e-10,3.6136942e-08,9.5655025e-08,1.2189544e-09,2.8139282e-09,1.0483206e-08,6.433487e-08,2.565817e-07,5.165519e-12,1.255669e-08,1.7701076e-09,3.2019938e-09,1.4068666e-09,2.7219295e-11,2.3180728e-08,4.6510584e-10,2.9069994e-07,5.754869e-07,1.3097671e-06,2.4826767e-09,2.6382395e-07,1.04113354e-07,9.541759e-08,5.2423925e-08,6.23805e-11,1.3748048e-07,2.846651e-10,3.071867e-08,6.564657e-08,5.106685e-15,1.39779734e-08,3.0403847e-08,4.7900162e-08,7.618083e-07,2.0670562e-08,2.2256001e-10,2.1694955e-06,2.9764983e-08,1.5739624e-07,1.904028e-09,4.575984e-09,0.0003032786,2.3097475e-07,2.0065982e-09,1.9168333e-08,6.3354745e-11,2.054296e-10,2.4435218e-11,2.8974313e-07,1.2354467e-09,1.5146792e-10,5.946664e-09,2.52538e-07,3.6053587e-11,2.2363575e-10,4.7862803e-12,2.1716556e-07,3.0439121e-12,5.4097304e-09,8.423183e-10,1.0953769e-06
BC2026_Train_0044_S22_20220124_023000_015,3.989579e-08,1.0119129e-06,6.7625954e-09,0.00019700518,1.1238784e-06,3.7755634e-09,2.9411253e-06,1.7404024e-07,3.945243e-06,0.000104231025,0.104254454,1.7298746e-06,1.1234092e-06,0.000113327376,2.78177e-06,0.0039919354,8.194954e-09,1.2902224e-06,0.00018960223,0.066393286,0.0030670294,0.0023995633,8.8041396e-08,1.5184723e-07,1.7614479e-05,3.6372302e-07,9.394264e-07,1.4506992e-07,3.9807084e-08,3.5599203e-07,7.7644023e-07,1.1358053e-06,1.3832707e-06,7.482045e-08,7.777675e-07,1.8215184e-07,6.650123e-09,9.1594916e-07,1.2154962e-07,2.817292e-07,3.7171483e-06,8.6449916e-08,6.2422896e-07,5.975689e-07,3.804307e-07,8.867895e-08,1.9105415e-05,2.0023866e-07,4.1309615e-08,1.0478418e-06,1.0102929e-06,1.3222142e-06,1.5844913e-06,2.7596536e-07,8.6933795e-07,8.8014026e-08,5.0562527e-09,0.9914375,8.4068176e-07,0.00013270062,0.015795069,1.7908697e-10,1.0802745e-05,0.1013246,0.00011325468,4.7301405e-06,6.9922194e-06,2.07715e-06,6.449929e-11,2.5112848e-07,4.5232393e-10,3.1522088e-08,5.1933416e-06,0.00018176837,1.14400205e-08,3.720989e-06,2.0931871e-05,9.332708e-06,2.6088512e-07,1.6804637e-07,3.162877e-06,5.7108096e-08,0.00010232131,1.6948927e-07,7.861001e-07,3.663125e-08,0.000624938,3.899295e-06,0.00010150568,2.7827148e-06,3.438844e-05,2.1241207e-05,4.2733582e-08,9.1979365e-07,5.9053145e-06,2.782606e-07,3.480039e-07,1.14131836e-07,1.710816e-05,5.800885e-06,1.8156375e-07,2.3243247e-07,2.0825784e-05,9.671063e-05,0.00010206717,1.6900827e-06,5.000418e-06,1.2794162e-07,2.4203382e-07,5.595394e-06,5.2997444e-07,1.629428e-05,9.32903e-08,5.989793e-07,7.958208e-07,5.0995327e-06,9.494278e-06,4.938864e-07,0.0003820522,9.752276e-06,5.3773356e-06,0.19401658,5.7443907e-07,0.00041203853,4.1931509e-07,1.2790042e-06,3.3810334e-08,2.5517056e-06,3.048227e-07,6.6112295e-07,1.6915163e-07,5.5912267e-07,4.6194518e-07,4.6820512e-07,3.8078133e-07,1.0770436e-09,3.2238354e-06,2.6122148e-06,2.8732356e-06,0.0013136007,3.0531817e-07,8.488529e-06,3.117702e-08,5.002607e-06,3.2902706e-06,5.0101175e-08,3.490735e-05,1.5743886e-07,5.0500483e-07,1.478739e-07,4.2115803e-06,1.6176347e-05,1.0924026e-06,2.7807999e-05,2.6816188e-06,0.00026726563,7.1167604e-05,3.4672718e-07,1.6754196e-06,4.2146233e-08,6.054661e-06,2.2761651e-05,5.3417022e-08,4.464203e-07,3.3711106e-07,3.7571393e-05,3.9793238e-07,4.4505107e-08,8.623481e-09,5.0051043e-05,7.5324715e-06,5.314285e-08,5.4964175e-07,5.9372834e-08,4.5317292e-06,2.7989503e-05,6.4113016e-07,6.663113e-05,7.3727606e-05,0.00011448752,4.4383887e-05,4.796141e-08,5.711044e-06,8.616456e-06,2.2465007e-05,2.3270181e-06,1.7594347e-08,2.2647541e-06,2.4713955e-08,1.5918211e-05,7.0648224e-05,1.1015587e-05,6.147437e-05,9.9142335e-06,1.0667475e-05,4.0773863e-05,0.00017949904,2.0686851e-08,6.4118303e-06,2.6868204e-07,3.8384033e-07,9.323006e-07,1.6054836e-11,9.919688e-07,1.0596102e-06,3.3814787e-05,3.2958699e-06,9.796504e-07,3.162133e-08,1.6841891e-06,1.3754406e-05,7.709301e-05,7.5079e-06,6.064907e-06,0.0004227244,0.00043360874,7.550043e-05,1.5250057e-06,6.5975065e-08,1.01003714e-07,4.951351e-08,1.0413879e-05,7.99769e-08,2.1227801e-07,3.8477083e-06,6.249364e-06,2.3302182e-06,9.6948e-07,1.0284384e-08,5.094458e-06,2.8347804e-07,4.399292e-06,7.4636304e-08,0.00016214859
BC2026_Train_0044_S22_20220124_023000_020,4.5672927e-08,7.471159e-06,2.8231707e-08,0.0009154607,2.3356336e-06,1.4056947e-09,8.714266e-06,4.3036493e-06,7.3902105e-05,0.025364315,0.9751502,2.962548e-06,4.2513493e-06,4.1905602e-07,8.6966736e-08,0.00056572416,3.464545e-07,8.72556e-10,0.0010915961,0.0003698423,0.00031601667,0.00015095857,1.6061144e-06,1.4185122e-07,0.0006211273,3.9986756e-07,1.19874e-06,7.5631114e-08,1.3174945e-08,7.670625e-06,7.1263827e-07,2.0850258e-07,4.1574572e-07,4.892897e-07,5.2220375e-06,6.248037e-07,6.128309e-09,1.1100723e-08,3.0407612e-08,2.511412e-07,4.821098e-08,1.1393877e-08,5.332063e-07,1.8622548e-07,4.100284e-08,2.656447e-08,1.2851677e-06,4.980296e-08,2.0792896e-09,1.556028e-08,4.8369307e-06,2.4067679e-06,1.2172218e-06,2.8430291e-08,3.060276e-06,2.81309e-07,4.7604104e-10,0.99811816,6.1190957e-07,4.101793e-06,0.029507933,7.269067e-10,3.912446e-05,0.3817167,8.75545e-06,2.2437741e-06,4.039661e-06,9.269492e-06,1.0903773e-10,4.7972803e-06,1.2009608e-09,1.1862527e-07,9.5350157e-07,3.4299404e-07,1.1680906e-08,8.516077e-07,5.733473e-06,1.0091798e-05,2.6185748e-07,1.0644906e-07,4.0286845e-06,3.4526863e-08,8.221382e-06,1.5166552e-08,4.4509184e-07,1.8736918e-07,5.040785e-05,6.6751677e-06,1.0811733e-05,2.874494e-07,4.4069173e-05,5.248594e-06,2.8368958e-09,2.4498075e-07,4.0347322e-06,2.584526e-07,2.4089354e-06,3.0338877e-06,1.8573912e-05,1.4745848e-06,3.881479e-07,8.7151385e-08,4.8679984e-05,0.00014586313,0.00027008748,3.8784888e-06,1.2816362e-07,9.3106996e-07,2.3389794e-06,1.3849602e-06,2.6264655e-07,2.7676906e-05,6.782025e-08,2.6808076e-08,5.3861964e-07,2.062285e-06,1.8064659e-06,5.3942983e-07,5.4388793e-06,9.155412e-06,4.1772097e-07,0.0001442142,1.7776286e-07,1.8225179e-05,9.133053e-07,1.0254446e-06,1.0800315e-07,1.0725577e-06,5.492524e-07,5.5336494e-07,1.468358e-07,1.2249084e-06,3.879088e-08,7.2979753e-07,3.6374212e-07,6.822789e-09,1.158001e-07,1.9249176e-06,8.55334e-08,0.00010151767,6.9115487e-07,0.000112670736,7.130177e-08,5.3321645e-07,6.7352003e-06,1.2594228e-08,1.0180924e-05,4.351961e-08,4.2457071e-07,2.719757e-07,4.683386e-07,1.8550616e-05,2.9776544e-07,6.9134667e-06,3.2480588e-07,1.0097814e-05,2.986573e-07,2.1962942e-08,8.489447e-07,2.4266045e-09,3.1358505e-07,1.10272e-06,2.1074996e-08,3.4449084e-07,2.8278105e-08,0.00019523971,1.4622027e-07,5.959526e-07,9.8783715e-08,7.538508e-06,3.1815762e-06,1.0643515e-09,2.212202e-09,1.4216107e-07,1.6347806e-06,1.4872e-05,3.2986895e-07,2.7102933e-05,1.4974047e-06,1.0715132e-05,1.6041664e-05,4.3088773e-09,2.555256e-06,2.0245781e-07,6.844584e-07,4.873152e-07,6.2257066e-09,8.602118e-07,1.1296457e-08,4.866348e-06,4.481336e-05,1.633657e-05,1.4928576e-06,4.141228e-06,9.160617e-06,3.9901533e-06,6.932898e-06,2.0181487e-08,1.0536841e-06,2.3407898e-08,2.329836e-06,4.2051786e-05,9.379343e-12,2.7543451e-06,4.166263e-06,1.2961704e-06,1.5583408e-05,9.577936e-06,1.4587457e-07,8.364397e-06,9.930111e-06,1.20950135e-05,1.2247865e-07,2.189902e-06,0.005274039,9.115319e-06,7.3206235e-07,6.654852e-07,8.2809365e-08,7.325038e-08,1.9290432e-08,1.1212524e-05,5.0998114e-08,2.8384708e-09,9.854591e-07,1.7218081e-06,6.413198e-08,4.1755723e-07,8.88775e-10,1.3254803e-05,4.2530925e-09,2.9935282e-07,1.8861153e-08,2.6995882e-05
BC2026_Train_0044_S22_20220124_023000_025,4.2838566e-10,1.5020801e-07,1.2906515e-09,0.00015358714,4.874718e-07,2.8922996e-11,4.2075598e-07,2.2377257e-07,7.632415e-05,0.4742951,0.9564881,3.721641e-08,1.2818176e-06,4.630092e-09,4.372994e-09,2.9915103e-05,4.3368217e-08,2.946656e-12,0.00094091834,1.7828746e-06,8.239772e-06,0.0001526009,1.5159559e-07,2.3699712e-07,0.0012703628,7.011401e-09,1.8735845e-07,4.879532e-10,4.9357696e-10,8.563961e-06,5.1706894e-07,1.0665123e-08,3.803462e-07,3.808881e-07,4.915135e-07,4.4307843e-08,2.3299078e-08,1.6097258e-09,2.5724193e-08,2.2418645e-08,8.673627e-09,7.699593e-09,6.359613e-07,6.447045e-09,1.8776731e-08,3.195851e-08,6.95986e-07,1.5883167e-08,1.5882343e-09,7.577804e-10,6.4089086e-06,4.5094453e-06,1.2109103e-06,1.7488755e-08,6.9610485e-07,6.538751e-08,1.2890763e-10,0.9999945,1.15361516e-07,1.6344089e-08,0.0145478165,1.2053754e-10,1.2175398e-05,0.28164595,4.7172925e-06,3.7490895e-07,9.168907e-08,8.1110635e-08,4.7630125e-12,7.074021e-07,8.8444876e-11,1.2962474e-08,2.0682826e-08,3.795761e-08,5.6688942e-09,4.3168153e-09,2.4331806e-07,3.5386935e-07,3.5372292e-07,2.008467e-09,6.578826e-07,3.4721137e-09,8.3975794e-07,9.533928e-10,1.2357825e-07,6.426791e-08,5.151158e-06,7.81652e-05,1.4035609e-06,1.17054615e-08,4.636016e-06,4.7983097e-08,9.093416e-10,1.7212036e-08,1.2798216e-06,5.371137e-08,2.6048688e-06,6.797488e-06,6.948042e-06,8.2185846e-07,1.605064e-07,1.3442967e-09,6.3785433e-06,6.49346e-05,0.00025465048,3.1383984e-06,1.637944e-09,1.583701e-07,5.590534e-07,2.705441e-07,4.7960224e-08,2.0975514e-05,7.747052e-10,5.505748e-09,2.8378391e-08,2.0881173e-06,1.9691687e-07,4.3028024e-07,2.646934e-07,7.0700344e-07,1.07481384e-07,2.8323186e-07,1.1181089e-08,1.3838217e-05,5.1853213e-08,1.1965498e-05,6.610997e-08,2.9595349e-06,2.4009436e-08,9.211924e-08,1.4715245e-08,2.2261209e-07,8.850252e-09,5.2136545e-07,2.3674295e-08,1.9036239e-10,2.4612348e-08,1.0345615e-07,3.837332e-09,1.1690249e-05,1.8369494e-08,3.3267737e-05,1.2825197e-08,4.482876e-08,6.303368e-07,3.0400813e-09,8.3570177e-07,2.8404206e-09,1.2482204e-07,1.6032389e-07,2.32307e-08,7.1370334e-05,1.854672e-08,4.3412544e-07,2.892252e-07,6.193192e-07,1.2127608e-08,2.2494975e-08,1.4613552e-07,5.043565e-10,5.6848296e-07,2.350916e-07,3.3791991e-10,1.0855127e-07,5.8767333e-09,0.00034201288,7.79331e-09,1.9698598e-07,1.2544936e-08,3.1874831e-06,1.5849747e-06,2.68455e-10,6.537373e-10,3.7551953e-09,1.4130724e-06,4.8536858e-08,3.283936e-08,3.7057612e-07,1.1430744e-07,4.09244e-07,4.1174608e-05,5.0605053e-10,4.5744727e-07,5.254403e-09,7.381701e-08,1.2728442e-07,1.7293264e-10,7.821562e-07,1.3880808e-09,5.594662e-07,8.6097094e-07,4.3430946e-06,4.898135e-07,1.1987081e-06,1.9112679e-06,1.7738421e-07,2.7708776e-07,3.069921e-09,3.7688167e-07,9.196927e-09,2.6498335e-06,8.27192e-07,1.4145601e-12,8.826356e-07,2.2735458e-07,1.4106486e-07,1.5114347e-07,8.729003e-07,1.4899042e-08,1.0722359e-05,1.41709e-06,1.1064596e-06,1.3766963e-08,7.89877e-07,7.1595285e-05,9.240462e-06,2.1730722e-08,4.922096e-08,9.823561e-09,9.504133e-10,1.3307606e-09,3.6965066e-06,1.9583377e-08,1.0012607e-09,2.6101577e-07,1.05232675e-05,1.2921515e-09,5.4247774e-08,8.20771e-11,4.1703697e-06,1.3266062e-10,6.8301475e-08,5.139395e-09,1.8975243e-05
BC2026_Train_0044_S22_20220124_023000_030,2.6140843e-09,3.5595158e-07,5.9347554e-09,8.294313e-06,1.3947129e-06,3.5242478e-10,1.8778128e-06,1.8402466e-07,1.1203054e-05,0.12605928,0.898395,1.239886e-07,1.1893324e-05,6.810037e-08,1.3164646e-08,2.1558712e-05,3.0558436e-08,1.3779085e-10,0.037651926,9.704978e-06,1.6666465e-05,6.381563e-05,2.0597817e-07,8.617056e-08,0.00015462133,2.6182471e-08,4.0001555e-07,1.0139396e-08,2.7934999e-09,5.712661e-07,1.3503321e-06,1.2048824e-08,2.8701138e-06,8.350964e-08,9.942186e-08,8.714242e-08,7.517804e-09,1.1576594e-08,4.114629e-07,9.894703e-08,8.7230546e-08,5.111251e-09,4.581738e-07,3.0346428e-08,4.730943e-07,8.9999776e-07,4.916396e-06,1.17103234e-07,7.057678e-09,2.380765e-08,3.6421977e-06,3.1524007e-06,1.1457073e-06,9.216493e-08,6.5708086e-06,3.7831308e-07,1.1480891e-09,0.99838924,3.8271452e-07,1.1472704e-07,0.7029937,9.365391e-10,1.6512926e-06,0.092492856,2.3971356e-06,2.5760093e-07,7.742198e-07,7.337049e-08,9.1489666e-10,7.3053364e-08,4.667677e-10,1.8089844e-08,1.8994406e-06,2.181736e-07,4.935219e-08,1.2901126e-07,1.8767477e-06,7.911277e-06,1.996668e-07,3.044859e-08,1.6967396e-06,8.899935e-09,6.970771e-05,5.9036992e-08,4.3427866e-07,3.3510835e-07,1.4731619e-05,3.9973896e-05,1.6488706e-05,3.6176388e-08,2.6580223e-05,4.0572402e-07,2.4213811e-08,2.701615e-07,1.5813814e-06,1.6006571e-07,6.7359642e-06,4.124477e-06,7.188055e-05,2.3992372e-05,1.3307108e-07,2.467778e-08,2.279204e-05,0.00046728525,7.249874e-05,7.1240984e-06,5.163894e-08,1.6872114e-07,5.0515887e-06,1.2951721e-06,3.827024e-06,0.00019683187,2.2729337e-08,1.4965032e-08,4.233525e-07,1.3603866e-05,8.017833e-06,8.1593635e-06,1.3897036e-06,2.3412007e-05,1.1119201e-05,1.3523965e-05,3.131881e-08,0.00023199942,2.0628839e-07,5.9087557e-05,8.387566e-07,3.2673413e-06,3.1255797e-07,5.044874e-07,1.16549835e-07,6.24438e-07,1.1555023e-07,3.2160265e-06,1.1893589e-07,1.4976047e-09,4.52154e-07,1.6140606e-07,8.437807e-08,1.0942161e-05,1.3129255e-07,0.00083321956,4.2936936e-08,2.3893663e-06,5.5119567e-06,2.7104686e-08,3.3350195e-06,2.5261214e-08,6.444604e-06,7.7207125e-07,1.0428786e-07,0.0017788411,4.0233098e-07,3.1377128e-06,1.4133406e-06,1.4435009e-05,6.5975435e-08,1.1673138e-07,6.2113037e-07,2.6663087e-09,5.8269393e-06,1.625608e-07,2.4915665e-09,1.04911514e-07,1.5612127e-08,0.00051195425,4.0733377e-07,7.5731856e-07,3.6927986e-08,6.1261007e-06,1.7532044e-05,1.3358631e-07,7.8725854e-08,2.0154713e-08,9.743426e-06,3.5742628e-06,1.8434996e-07,1.2745173e-06,1.5247543e-06,1.35354085e-05,3.6789108e-05,1.0342251e-09,2.7713347e-06,8.1816516e-08,6.8620216e-07,1.5538282e-06,1.065802e-09,2.7737999e-05,2.3622408e-09,2.0585458e-06,3.4615207e-06,1.5182641e-05,3.8070139e-06,5.884346e-06,3.2024815e-05,2.013531e-06,2.532326e-06,1.9638549e-08,6.912729e-06,1.202447e-07,7.001121e-07,1.2730858e-07,4.3331855e-11,1.0257221e-05,3.5408505e-07,1.3658729e-06,6.0243474e-06,3.0895193e-05,3.021371e-08,5.5975343e-06,6.334587e-06,9.75516e-06,1.6004297e-07,4.7472095e-06,1.5799715e-05,3.563745e-05,5.8915384e-07,1.3908324e-05,9.219376e-08,1.557754e-07,7.463e-09,1.5083131e-06,5.448923e-07,6.405778e-08,9.027769e-07,6.818629e-06,2.655834e-08,3.905402e-06,7.0082993e-09,0.0001015319,1.6398078e-08,1.0470486e-06,1.957358e-07,2.5091304e-05
BC2026_Train_0044_S22_20220124_023000_035,1.1331999e-06,7.660756e-06,3.0432338e-07,0.0036988456,2.8111319e-05,3.0446497e-08,3.646417e-05,8.15941e-06,4.69181e-05,0.012130434,0.8512533,1.3490652e-05,7.947856e-06,4.710334e-05,2.3601044e-06,0.0080231475,9.807264e-07,4.024208e-07,0.042207804,0.0005182647,0.0014921707,0.00051452854,5.161598e-06,4.7037347e-06,0.0014313366,4.880742e-06,2.4287081e-05,3.981932e-07,3.4711615e-08,1.4862487e-05,1.775654e-05,5.30256e-07,2.47053e-05,6.452233e-07,6.9112916e-06,4.738167e-07,4.1540966e-07,2.05487e-06,3.7177542e-06,5.245388e-07,1.1755673e-05,1.2780288e-06,4.3014174e-06,4.11306e-07,2.6800976e-06,2.4379615e-06,4.0181083e-05,1.4875269e-06,8.443151e-07,1.6590351e-06,5.5446977e-05,2.608401e-05,1.7777533e-05,2.1526719e-06,1.2054341e-05,5.419329e-06,4.4091095e-08,0.99857295,5.939128e-06,9.446853e-06,0.6624623,9.016393e-09,3.0503741e-05,0.3585286,0.000616796,7.396107e-06,9.215557e-06,1.4470942e-05,6.892398e-09,1.5754411e-05,1.1103751e-08,7.990979e-07,4.3506083e-05,1.8480165e-05,4.0730112e-07,1.3953775e-05,2.7934915e-05,0.00021464589,2.3760642e-06,1.2060237e-06,3.652097e-05,4.812209e-07,0.00026607953,3.3682584e-06,6.2995014e-06,1.1935919e-06,0.00027086315,0.000109863155,9.921723e-05,3.7752882e-06,0.00018070421,1.5159491e-05,5.693847e-07,9.852243e-06,2.3802648e-05,1.0387023e-06,2.167436e-05,2.2435908e-05,0.0003219392,7.308264e-05,5.922985e-06,6.265371e-07,0.00015712912,0.00315977,0.00022086945,7.753254e-06,5.1046172e-06,5.7786997e-06,1.2533964e-05,1.7028353e-05,2.8209693e-05,0.00010859929,1.7398763e-07,6.988373e-07,3.4541833e-06,4.36966e-05,0.00020826461,2.0107265e-05,0.0001020336,0.00026661408,2.4563407e-05,0.0060147145,2.8700697e-06,0.00072402146,4.663416e-06,5.221496e-05,6.033749e-06,8.377514e-06,1.0353309e-06,3.941163e-06,6.238294e-06,6.134596e-06,5.8441246e-06,2.8246866e-05,2.8319023e-06,1.0961297e-07,6.0462485e-06,2.7565511e-05,3.1635439e-06,0.0032074447,9.084233e-06,0.0017391334,3.8042273e-07,2.6335281e-05,0.00012083016,2.9816755e-07,0.00010941349,8.590214e-07,2.0422634e-05,4.5275783e-06,1.653062e-05,0.0015999578,4.458031e-06,3.7457346e-05,2.4603447e-05,0.00031788342,2.6004085e-05,5.4228444e-06,6.069409e-06,3.4021093e-07,6.2677194e-05,8.003876e-06,4.5070017e-08,4.101464e-06,1.4035969e-06,0.00029866066,2.5614922e-06,8.185019e-06,4.3595634e-07,0.00011623812,4.518946e-05,3.4164742e-07,1.1618212e-06,2.0155198e-07,6.394404e-05,5.086766e-05,6.3042194e-06,6.313665e-05,2.9705785e-05,6.9674556e-05,8.142104e-05,1.089543e-07,2.3266266e-05,2.9846503e-06,2.4025161e-05,1.0722788e-05,1.2687359e-07,2.9696268e-05,1.6703035e-07,8.642494e-06,0.000108171305,0.0001213184,1.5230526e-05,1.3989055e-05,8.106699e-05,7.589962e-05,7.297337e-05,3.350304e-07,9.9382756e-05,1.0823572e-06,7.696506e-06,8.788016e-06,3.4152077e-09,1.3120162e-05,2.2321774e-05,6.25604e-05,0.00018831328,3.070495e-05,9.218829e-07,4.215441e-05,0.00045131534,0.000108616594,4.3504983e-06,3.1966138e-05,0.00046601775,0.00013021384,3.4303313e-05,5.9966045e-05,1.2613987e-06,1.0479707e-06,6.879379e-07,9.99918e-05,4.7316025e-06,5.061509e-07,1.223316e-05,3.6965404e-05,3.330754e-06,2.5412353e-05,2.6324966e-07,0.00013233353,1.513372e-06,1.26320865e-05,1.6655807e-06,0.0010570221
BC2026_Train_0044_S22_20220124_023000_040,8.524214e-06,9.16413e-06,6.371342e-08,0.003312884,7.115722e-05,5.8685597e-08,1.8131754e-05,1.2518867e-06,0.00071169884,0.018625489,0.88497245,6.082336e-06,3.1197982e-05,1.3314994e-05,6.3147036e-07,0.010521891,4.413508e-06,4.7833237e-07,0.045758612,0.00046115307,0.005941999,0.0023762148,2.3466114e-06,1.4578624e-05,0.0016859343,3.881908e-05,1.6204e-05,5.9766006e-07,9.9246606e-08,0.00013939927,1.3883503e-05,1.0377212e-06,7.750957e-05,1.4036224e-06,9.6892845e-06,8.2718026e-07,2.5672807e-07,2.0428652e-06,1.3650233e-05,2.0082016e-06,2.0234744e-05,2.3458306e-06,2.1977121e-05,6.105846e-07,6.655444e-06,3.7476707e-06,0.00027563339,6.9462867e-06,8.9116907e-07,3.3157949e-06,3.1948308e-05,8.517341e-05,3.4160654e-05,8.02162e-06,1.5322306e-05,7.5686253e-06,4.5948077e-08,0.9985948,5.551353e-06,6.6569996e-06,0.9705062,3.3471668e-08,0.0001499722,0.95389426,0.00031098208,1.1110679e-05,8.453314e-06,1.327631e-05,4.7371284e-08,1.6300233e-05,8.72886e-09,2.2502338e-07,5.878014e-05,3.0788015e-05,5.57879e-07,4.397299e-06,3.402699e-05,3.7551516e-05,3.4910292e-06,9.761783e-07,2.6883894e-05,6.9516943e-07,0.0016222139,6.440665e-06,1.7906868e-05,1.9589447e-06,0.00025840546,6.4690896e-05,0.00011503742,5.9312324e-06,9.630433e-05,8.635945e-06,7.957836e-07,1.2957877e-05,4.0691706e-05,2.413012e-06,8.816801e-06,2.0482106e-05,0.00038956766,8.845495e-05,2.0315829e-06,1.1795747e-06,7.191833e-05,0.021018319,0.000669073,3.2050743e-06,4.8025995e-06,5.775262e-06,3.321191e-06,1.1473899e-05,5.7285974e-06,0.00061197224,3.4122766e-07,6.0616065e-07,9.723791e-05,4.3366155e-05,6.405047e-05,7.586605e-06,0.00048627207,4.4554363e-05,5.9697308e-05,0.00042736635,1.5472805e-06,0.0006716029,1.0424958e-05,4.2787073e-05,7.686127e-06,1.1249111e-05,2.1191483e-06,2.7182402e-06,8.381406e-06,7.11462e-06,9.190087e-06,2.3427127e-05,5.6089216e-06,2.0343522e-07,3.856709e-05,9.047765e-06,1.3819772e-06,0.0026814905,3.1073923e-06,0.0019290146,1.3335593e-07,1.5698859e-05,0.00031629,1.3738952e-07,7.732854e-05,2.4916682e-07,6.31399e-06,6.7693863e-06,2.5355635e-05,0.00015528177,8.750384e-06,7.737856e-05,3.1361003e-05,0.00045623456,5.093525e-06,2.193062e-06,2.246924e-06,2.8713106e-07,2.7795566e-05,4.1060553e-06,2.153669e-07,1.2747507e-06,1.6962671e-06,0.0010160703,7.633874e-06,1.6426648e-06,3.88589e-07,8.652217e-05,7.645808e-06,9.632619e-07,2.6250284e-06,1.7361404e-07,4.0552517e-05,0.00030081274,7.305765e-06,3.33945e-05,3.21086e-05,0.00025828255,0.00014773151,1.4061645e-08,9.455415e-06,1.5667097e-06,3.2453045e-05,1.0302032e-05,4.489679e-08,1.312493e-05,3.3895762e-07,6.217412e-06,0.00010400832,0.00013066595,7.320307e-06,1.9558423e-05,6.0405622e-05,3.7135607e-05,1.2860533e-05,2.011008e-07,4.0143816e-05,2.65223e-06,6.410085e-07,5.160515e-06,2.5989062e-09,1.6587406e-05,7.189128e-07,4.2483236e-05,4.4620312e-05,8.395928e-05,1.5609007e-06,2.9815108e-05,1.947064e-05,0.00017798138,3.3342149e-06,2.729753e-05,3.1165986e-05,0.00015571962,9.244313e-06,0.00013362219,7.1919274e-08,1.4752429e-06,1.227332e-07,4.128694e-05,4.1385115e-06,9.584976e-07,6.7110027e-06,4.3130494e-05,2.4337126e-06,1.9666719e-05,1.3536932e-07,0.00017666392,1.0021937e-06,1.2546137e-05,2.3920136e-06,0.0003068966
BC2026_Train_0044_S22_20220124_023000_045,1.8540239e-09,2.6013208e-07,1.0632396e-09,0.00028838916,2.3639511e-07,1.0554781e-10,2.5454542e-06,6.481831e-08,1.3287747e-06,0.2753418,0.61812973,5.6902707e-08,3.0007845e-06,1.500501e-07,3.3778687e-08,4.709804e-05,1.5678844e-09,3.734957e-10,0.000950773,5.7647026e-06,1.9675439e-05,6.781376e-05,5.3435976e-08,1.09498885e-07,0.0011560346,3.4911277e-08,4.7669477e-08,4.9006417e-09,5.8047755e-10,4.881599e-07,4.575053e-07,1.3506996e-08,4.805564e-06,2.3072862e-07,1.6044457e-07,4.6929628e-08,1.7313184e-08,7.578603e-09,1.4441741e-07,7.0771996e-08,3.3304058e-08,2.4406562e-08,1.2339936e-07,1.0450165e-08,1.289543e-07,5.7075646e-08,4.365702e-06,1.7780305e-07,6.3599264e-09,8.1438145e-09,4.5466645e-06,2.1778517e-06,9.861294e-07,4.1262915e-08,1.6072224e-06,9.064921e-08,4.473903e-10,0.99998915,1.1204341e-07,3.6971617e-08,0.2253246,1.3585554e-10,1.9435502e-06,0.02074971,1.8833888e-06,8.234993e-08,1.3218158e-06,1.7896523e-08,4.4415492e-11,1.0414692e-07,1.2092465e-10,3.877629e-09,1.9112284e-07,1.0574664e-07,7.576511e-08,1.2232609e-07,2.3609102e-06,6.472635e-06,1.9441345e-07,1.7385156e-08,6.236893e-07,8.863068e-10,2.6137921e-05,6.0506307e-09,1.0873015e-06,2.3355858e-07,5.3582156e-05,5.520258e-06,9.580393e-06,1.3290617e-08,2.1489785e-05,3.5842328e-07,6.9243655e-09,1.1401142e-07,3.6616134e-07,7.310616e-09,1.4380201e-06,3.224478e-06,2.6356292e-06,1.2347732e-05,1.9926028e-07,1.390089e-09,5.0916215e-06,8.046464e-05,0.00010670252,5.2632754e-06,2.3172417e-08,1.6574283e-07,5.0005235e-07,8.5563164e-07,6.7249885e-06,3.2584878e-05,5.7078797e-08,9.040657e-09,1.46567585e-08,8.409035e-06,6.6062694e-07,2.4480653e-07,7.164004e-07,2.4639437e-06,7.815977e-06,5.286713e-06,1.8132297e-08,2.1033204e-05,2.8991036e-07,2.7177114e-06,3.2856818e-07,2.7344924e-05,2.936454e-07,1.8795728e-07,4.4288157e-08,4.771496e-08,1.9512596e-07,7.273594e-07,1.575181e-08,7.893684e-11,5.3019527e-08,1.16590854e-07,4.1161044e-08,3.7687234e-06,3.0022242e-08,0.029032202,1.0819198e-08,1.2402762e-07,4.9599436e-07,1.7343846e-09,4.4906014e-06,1.0556785e-08,1.5071887e-06,1.2915613e-07,1.8896081e-08,0.0023057724,1.8683458e-07,3.052773e-06,4.0782078e-07,5.1816314e-06,9.935267e-08,1.6691548e-08,3.8464208e-07,2.433028e-09,4.3907207e-06,1.3335185e-07,2.9712328e-09,1.2822609e-07,6.335699e-09,8.080728e-05,1.7655195e-08,1.3948258e-07,8.376425e-08,7.4137256e-06,2.1300714e-06,7.4332953e-09,9.962569e-09,4.24226e-09,5.574455e-07,9.915282e-07,3.3265458e-08,1.9870079e-06,6.4740954e-07,2.942037e-06,5.9795362e-05,5.6976313e-09,2.5344954e-07,9.724549e-09,1.07858845e-07,8.630681e-07,6.5658773e-10,5.7979814e-06,1.0054845e-09,2.2562497e-06,4.1650555e-06,4.1662233e-06,1.7856534e-06,1.3522506e-05,1.3443954e-05,1.4136842e-07,4.798411e-07,7.1902098e-09,5.4296214e-07,2.5630895e-08,3.494493e-06,4.1030773e-08,9.7581465e-12,7.902538e-06,1.4027924e-07,2.2440609e-06,7.587202e-07,5.8529986e-06,4.695494e-09,1.0336595e-05,1.1886018e-06,2.1689888e-05,1.2479086e-07,2.2859993e-07,7.983172e-06,5.6611403e-05,2.6879147e-07,1.0810832e-06,7.629572e-08,4.319583e-09,3.8351235e-08,2.476325e-06,2.4270733e-08,3.115972e-08,1.1039111e-06,5.8317755e-06,5.780064e-09,1.9396269e-07,2.7547042e-10,5.73763e-06,3.196118e-09,3.4915777e-07,8.135156e-08,2.6285923e-05
BC2026_Train_0044_S22_20220124_023000_050,1.8278049e-10,1.2079778e-07,6.429564e-11,0.0031185343,3.1442045e-08,4.5078975e-11,1.5932554e-06,4.8735815e-09,2.99831e-06,0.28739852,0.9751037,4.176078e-08,3.5666696e-06,5.1009103e-08,1.7025654e-09,0.004488457,2.8358518e-09,4.2831353e-11,0.00462632,5.277328e-06,1.0427328e-06,0.000101142774,3.6079022e-08,2.0289633e-08,4.3256045e-05,7.21458e-09,1.1383299e-08,1.2255705e-09,2.3876077e-09,1.2188184e-07,1.5155253e-07,1.2165627e-08,4.0392956e-07,8.860963e-08,8.3132996e-08,4.253711e-08,1.05650235e-08,2.109783e-09,1.469092e-07,5.867809e-08,4.8853753e-08,2.6903644e-09,1.9056785e-08,1.8968663e-08,2.2588058e-08,3.951439e-09,4.191132e-07,8.077219e-09,2.214883e-09,2.319885e-09,8.511789e-07,6.6546863e-07,1.8034451e-07,4.3354238e-08,3.6320378e-07,3.6943897e-09,5.8904487e-12,0.99989593,3.933987e-08,1.7230528e-08,0.16493872,3.5027144e-11,1.1013984e-07,0.07970987,1.5536266e-06,2.3027447e-07,2.9156672e-08,5.9557586e-08,6.6932007e-12,3.391354e-08,8.889606e-12,2.7258027e-09,8.60564e-08,5.258985e-09,5.5125696e-08,4.1249933e-08,9.660281e-07,4.7070287e-07,8.58112e-08,4.2834256e-09,5.6057064e-07,2.5955663e-10,6.294025e-06,1.6753928e-09,1.1313213e-08,5.4328515e-09,6.226611e-07,1.6441084e-06,3.927558e-06,4.7685553e-09,7.4099717e-06,9.5723834e-08,5.0735716e-10,6.168559e-08,2.0501045e-07,1.4613956e-09,1.248586e-07,2.0221441e-06,1.2763492e-06,1.1701777e-06,6.490528e-08,1.3263177e-10,3.124747e-06,0.00011644148,9.113406e-06,1.2345755e-06,5.3157216e-09,7.3784316e-09,8.8789314e-08,3.8111114e-08,1.9420017e-07,6.9029484e-05,3.068832e-09,4.047381e-10,1.5076452e-08,9.298038e-07,4.4788953e-06,1.0283114e-07,2.9270345e-07,1.1046958e-06,9.82728e-07,2.2926153e-05,4.3128403e-09,1.7888638e-05,3.319916e-08,2.2782476e-06,2.2912761e-08,1.4820272e-06,1.9654063e-08,6.124327e-08,1.1140323e-08,2.3054893e-07,2.8673448e-08,2.5489132e-07,4.4191943e-09,8.0554825e-12,3.6920877e-08,3.6769222e-08,3.6473604e-09,5.550305e-06,1.47833505e-08,0.00046104693,8.6270135e-10,5.355904e-08,2.7217655e-07,5.408118e-10,1.3194758e-06,1.9341966e-09,3.2803436e-07,2.6496258e-08,4.6642974e-09,3.077272e-05,4.5491046e-08,3.6229224e-07,1.8626652e-07,1.8331085e-06,8.067549e-09,1.6978404e-09,3.24011e-08,7.345874e-11,3.7324898e-07,1.57155e-08,5.360692e-10,2.8572392e-08,2.115279e-09,2.3413591e-05,5.4460583e-09,1.1437854e-07,1.2646825e-08,4.071014e-06,1.409018e-06,5.568024e-09,1.4477706e-09,7.4058226e-10,1.7670543e-06,5.6225554e-07,3.3275104e-08,2.7029165e-07,2.5016232e-07,1.456169e-06,8.683877e-06,2.9855132e-10,4.5339507e-07,3.9424975e-08,3.0773442e-08,4.7938823e-08,4.0164277e-10,5.110093e-07,3.1355057e-10,8.194901e-07,1.5470015e-06,1.8564631e-06,5.1534546e-08,1.2674423e-06,1.2601782e-06,1.2410102e-06,5.880974e-07,4.1877772e-09,5.861388e-07,5.1446127e-09,2.2007524e-07,1.7248976e-08,5.019431e-13,9.074537e-07,1.5661672e-07,1.3910424e-07,7.6320595e-07,8.229895e-07,1.5215898e-08,5.5248975e-06,6.4062107e-07,1.1389529e-06,4.022531e-07,3.2348868e-07,1.868864e-05,1.6069087e-05,6.001212e-08,1.5400681e-07,4.8102105e-09,1.4792962e-09,8.1859675e-10,6.310706e-07,1.46695385e-08,1.4173006e-09,1.2820258e-08,2.0227815e-05,2.4174298e-09,1.582719e-08,1.0350549e-11,1.3312938e-06,3.133204e-10,1.674982e-07,5.645168e-09,1.3013382e-05
BC2026_Train_0044_S22_20220124_023000_055,1.5712441e-08,4.70086e-07,4.0842284e-08,0.0001153098,4.539299e-06,2.7196526e-10,3.4215714e-06,1.5197718e-07,3.3463613e-05,0.0006633954,0.6763186,8.7359585e-06,2.0803861e-07,1.2622457e-06,3.371953e-07,0.017651126,6.179181e-08,5.1996394e-09,0.010867679,0.00031645893,0.0018102765,5.6464807e-05,2.613258e-08,2.1086544e-07,0.0010594004,3.508704e-08,1.5119826e-06,5.7911123e-08,5.3719234e-09,2.539601e-06,5.1711237e-07,5.2606925e-08,6.7116855e-07,7.229915e-08,2.7692582e-07,3.7488427e-08,2.956597e-09,3.2201115e-08,7.149938e-08,3.5310673e-08,3.0802752e-07,2.587033e-08,3.000585e-07,3.3050497e-08,7.714252e-08,3.9323066e-08,3.9501074e-06,8.434976e-08,1.2752337e-08,2.3717547e-08,1.5995157e-06,1.3445059e-06,6.400757e-07,4.724036e-08,6.4353515e-07,1.8497586e-07,2.7812178e-10,0.99994576,1.0327946e-06,8.711315e-07,0.81289816,9.172327e-10,7.855833e-05,0.57713574,0.00013729728,8.8123613e-07,1.5521692e-06,2.9924768e-06,3.5088595e-11,5.458082e-07,1.0257065e-10,1.5320794e-08,1.1538775e-06,1.611336e-05,2.8335284e-08,3.955389e-07,4.3186647e-06,4.4422013e-06,2.3162129e-07,2.2875426e-08,2.1641106e-06,1.6630596e-08,3.0477457e-05,2.4022034e-08,4.6609694e-07,3.3338885e-08,6.381751e-05,3.9385704e-06,1.0367237e-05,5.9912156e-07,3.3026456e-05,7.4914834e-07,5.761649e-09,1.17351306e-07,1.8213566e-06,4.436255e-08,4.929072e-07,2.2443125e-07,2.932496e-05,1.9202953e-06,8.479578e-08,5.7307773e-08,1.613284e-05,0.00018359085,0.00013283367,7.397112e-07,3.386455e-07,6.0849305e-07,1.5121312e-06,2.4754422e-06,1.1525962e-06,1.0820623e-05,1.43718175e-08,3.139464e-08,2.1237196e-07,4.5721054e-06,2.8301713e-05,9.3679074e-07,8.890333e-06,6.1525475e-06,8.826718e-07,0.0013654284,3.042552e-07,0.00010916859,6.9271744e-07,4.486616e-06,1.3404073e-07,3.578775e-06,3.269293e-08,3.11855e-07,1.5014672e-07,3.198529e-07,8.9631406e-08,8.3561883e-07,2.6267463e-07,2.0940196e-09,6.4833387e-07,2.4839387e-06,6.141101e-08,0.0001303321,3.0935672e-07,1.1612303e-05,5.4456324e-09,1.1915391e-06,8.687257e-06,1.3035124e-07,1.7071685e-05,4.1685258e-08,8.4939686e-08,3.0699292e-07,4.32587e-06,3.030348e-05,2.2931677e-07,5.768046e-06,3.0150643e-06,5.8508856e-05,2.8521927e-07,2.834794e-07,2.6294657e-07,6.44953e-09,5.0034714e-07,8.21849e-07,2.274212e-09,3.5270354e-08,1.2090936e-07,6.3944535e-05,3.144354e-08,1.0560657e-07,1.600472e-08,1.7275983e-05,2.3654695e-06,5.3397446e-09,3.1215933e-08,5.8928404e-09,4.5714905e-06,8.346002e-07,2.1626012e-07,1.4240711e-06,4.673981e-06,2.4698256e-05,1.2411497e-05,3.5176686e-09,2.511781e-06,1.4297727e-07,2.9162211e-07,1.7105123e-07,5.5762825e-09,7.746298e-06,4.7001985e-09,9.3036874e-07,7.3523574e-06,1.0228492e-05,1.5163016e-06,1.5293854e-06,7.0549195e-06,6.0472744e-06,6.880265e-06,7.925012e-09,3.8152684e-06,2.016648e-08,7.9955225e-07,4.372579e-07,7.4466266e-11,3.2720075e-07,1.9191789e-07,1.9005398e-05,1.8731661e-06,1.3167955e-06,7.1133575e-09,2.0338568e-06,9.241141e-06,9.033031e-06,1.5426465e-07,2.2941922e-06,3.2024385e-05,1.4481474e-05,1.5799826e-06,2.8804345e-06,1.5862309e-08,7.850019e-08,1.8136405e-09,1.2098728e-05,3.5239964e-07,1.4153699e-08,3.3087966e-07,1.9576244e-06,5.5354224e-08,1.1205923e-07,1.0740266e-08,2.915517e-05,1.0493128e-08,6.8939653e-07,6.9201036e-08,0.00015879072
BC2026_Train_0045_S22_20220125_211500_000,7.733763e-14,1.2117331e-10,2.0978929e-13,1.5568376e-07,7.0160966e-09,9.0904714e-13,6.7450785e-12,3.0171223e-11,1.4575361e-06,1.1323584e-06,0.00011330621,2.9560975e-11,8.1885485e-09,3.0253527e-10,6.2000175e-12,0.94496995,1.9845194e-08,2.5965885e-12,0.99999666,5.5222097e-07,2.84529e-09,0.9999174,1.0082639e-08,2.9453665e-10,2.591946e-05,1.9196424e-09,2.087347e-06,1.2154527e-10,1.6264099e-09,3.9295137e-06,4.1273107e-10,5.2413704e-09,4.907938e-09,9.983299e-10,2.9747135e-10,2.5719176e-09,2.4583762e-09,9.263209e-09,1.1581605e-12,1.3993545e-09,3.0541751e-09,2.1871295e-13,1.1877188e-09,5.559905e-09,4.723056e-11,5.739969e-11,2.046815e-09,1.1364348e-10,8.633148e-11,1.0379829e-11,1.1135468e-10,6.775861e-11,3.251306e-10,5.798996e-11,6.0285274e-08,9.476776e-11,7.0686566e-13,0.00069170597,5.8758927e-09,2.6116188e-08,0.99999964,1.2317635e-14,3.4801047e-08,0.99999857,5.4229808e-05,6.0252787e-06,3.9237055e-12,1.3847912e-09,2.0193132e-14,1.3107332e-10,2.883292e-16,1.0165696e-11,1.728138e-08,5.254019e-10,1.6408489e-09,3.3522924e-11,4.840096e-08,5.858935e-10,1.0198294e-09,3.767404e-10,6.1333605e-09,1.06195816e-10,1.4257472e-08,4.3407322e-10,1.412567e-09,2.1832046e-12,6.563292e-12,1.6450489e-08,4.0042618e-08,8.998681e-09,3.521181e-08,1.8187153e-09,3.458224e-11,1.13305525e-08,1.570367e-07,7.3000024e-08,5.4045678e-11,3.1726634e-07,1.8435237e-08,2.1766521e-08,8.767391e-08,3.0051803e-12,1.0875163e-08,9.013196e-06,3.0618028e-06,1.0107744e-09,5.1535325e-12,1.3419578e-09,2.6825249e-09,7.747127e-10,1.309244e-10,4.6150004e-07,1.0521666e-12,1.1448166e-11,6.0474e-09,2.090065e-09,7.055568e-08,3.7062452e-07,1.04489195e-10,5.5705733e-09,7.3456243e-07,1.4551408e-08,5.348831e-11,5.8151372e-06,1.0759128e-08,2.4316453e-09,5.2041266e-08,5.7614074e-09,1.168077e-12,2.1026805e-09,1.7930811e-10,7.784367e-09,1.0195319e-09,1.944873e-09,3.0336506e-10,4.1959303e-10,2.6502985e-07,4.4910192e-10,2.103626e-10,1.3416514e-08,2.5394702e-11,6.114403e-09,1.08494125e-11,2.750474e-09,4.3472735e-08,9.548058e-12,3.1641645e-09,4.8036115e-12,2.8628155e-11,7.068963e-10,5.238462e-09,1.0458615e-09,2.2228662e-08,1.7561079e-09,2.4990209e-08,7.7231815e-10,5.6192264e-12,4.6110799e-10,1.691702e-09,2.6933216e-09,3.5098957e-08,1.0967917e-09,4.276848e-12,4.4056987e-11,2.971937e-12,2.0888713e-07,8.6223406e-10,1.5795315e-08,4.1590486e-13,1.8793498e-08,2.966844e-09,1.0014422e-09,5.7875675e-12,3.7350928e-10,5.536444e-06,4.2275367e-08,9.371903e-12,5.1873045e-10,1.2449156e-09,2.4055194e-06,2.9111769e-08,1.644164e-12,2.5801328e-09,3.387278e-10,1.6498062e-08,1.09947e-10,1.5561665e-13,2.1184565e-09,4.682872e-10,8.03268e-09,1.11691945e-08,1.6147444e-09,2.3797015e-09,5.698859e-09,1.4932471e-08,2.3762793e-06,7.737826e-09,3.324213e-11,1.6945273e-06,2.9099567e-11,1.9520137e-11,2.2650117e-10,2.0465902e-15,2.2536696e-10,1.2987426e-11,1.3816687e-07,6.155443e-08,2.957467e-06,5.537799e-12,6.602954e-09,4.915102e-10,2.8504877e-07,2.6254607e-10,6.997724e-08,8.629331e-07,6.598558e-06,2.3569025e-10,5.2648492e-08,1.8605356e-12,1.0111098e-09,2.2529514e-14,3.2771021e-09,1.2137953e-08,1.372782e-11,8.3527005e-12,3.897399e-07,8.075705e-10,1.5879502e-08,3.8926137e-12,1.9119952e-08,2.5011604e-13,1.277361e-06,1.0908405e-11,6.124371e-09
BC2026_Train_0045_S22_20220125_211500_005,6.8013143e-12,7.2383527e-10,1.2717989e-12,2.2685384e-07,8.602637e-08,2.11841e-11,6.356948e-11,3.7129028e-10,4.234601e-06,3.1216434e-06,0.00012103185,2.496203e-10,9.975009e-08,1.133814e-08,7.2928524e-11,0.96039593,1.506335e-07,2.4234534e-10,0.99998057,7.0175986e-07,3.9273072e-08,0.9998815,2.870617e-08,1.06806555e-08,0.0012344004,2.059893e-08,1.8311812e-06,4.262454e-10,7.953688e-10,7.775666e-07,3.2306378e-08,2.241296e-08,4.065374e-07,4.0463486e-09,2.81308e-09,1.3463322e-08,7.3716826e-08,2.4725702e-07,3.498061e-11,1.5853809e-08,1.4391722e-07,3.8635685e-11,4.080102e-08,1.3873483e-08,1.7090334e-09,1.4402269e-09,2.9017755e-07,6.976042e-08,1.1742604e-08,7.38068e-10,1.13587255e-08,1.2642555e-08,4.2191438e-08,2.3507079e-09,2.047724e-06,7.699266e-10,7.1955254e-11,0.0070991907,4.3224446e-08,2.764445e-07,0.9999999,7.773076e-13,3.0153154e-07,0.99998975,0.05181145,9.387695e-06,2.885441e-10,8.859219e-09,2.3883773e-13,9.372378e-10,1.8131967e-14,3.4143788e-10,3.7444117e-08,8.13703e-09,2.1079337e-08,8.6266505e-10,1.9804855e-07,5.3469393e-09,1.6901547e-08,1.5564489e-09,5.6207917e-08,4.96938e-10,3.9157058e-08,1.126831e-08,5.9870466e-08,5.160342e-11,7.2997863e-10,1.5328457e-07,4.6695693e-08,2.945156e-08,4.8341315e-07,6.137937e-09,2.3440905e-09,5.5751354e-08,2.83277e-07,9.114546e-07,3.6271166e-09,9.845272e-07,1.1012892e-07,2.957338e-07,2.6099312e-07,3.674785e-11,2.2926924e-08,1.0911816e-05,1.5038117e-06,1.2727067e-08,7.8135894e-11,1.6095703e-08,1.3793694e-08,8.133879e-09,2.168893e-09,6.3975654e-07,5.777016e-11,4.761382e-10,2.9969492e-08,2.7704514e-08,1.1852915e-07,6.977718e-07,1.810989e-09,4.681457e-08,1.0436731e-06,6.4889434e-08,6.0126853e-10,1.4290806e-05,5.2050996e-08,1.1029283e-08,5.5710433e-07,3.1373695e-08,1.12168295e-11,9.547107e-09,7.873795e-10,7.208583e-09,1.1250378e-08,2.561902e-08,7.758486e-09,1.0703251e-08,2.1313535e-06,7.00985e-09,2.5512312e-09,9.258873e-07,3.7158074e-10,5.6190874e-08,1.776899e-10,8.989657e-09,4.1325342e-07,4.588821e-10,2.7171302e-08,1.9624113e-10,2.8393266e-09,1.3175019e-08,3.5627416e-08,9.093373e-08,1.8679023e-07,1.5478404e-08,2.1247466e-07,7.268932e-09,3.957607e-10,1.4644323e-08,4.3588293e-09,3.5975674e-08,1.271338e-06,3.6817923e-08,4.6262567e-11,3.6579062e-10,5.36908e-11,3.67659e-07,2.7159233e-08,3.1565926e-07,1.0913296e-11,3.225079e-07,1.0290015e-08,2.7757074e-09,3.9306605e-10,1.6839306e-09,3.9212686e-05,1.6662989e-07,1.148141e-10,3.0008946e-09,9.133383e-09,1.0820219e-06,7.1836047e-07,3.1897505e-11,1.0509773e-08,1.9961237e-09,3.0535776e-07,1.1835396e-09,7.505342e-12,2.4948775e-08,1.0867263e-08,1.704015e-08,1.9737836e-08,1.5544945e-08,7.962075e-08,3.1627717e-08,5.7932674e-08,1.2804284e-06,2.5294094e-08,1.9945241e-10,3.4263525e-05,3.344139e-10,1.0035264e-09,1.7784122e-09,2.3140017e-14,4.9077133e-09,3.004398e-10,7.356603e-07,8.1777195e-08,8.186247e-07,5.030621e-11,5.7965934e-08,1.2420867e-08,2.751796e-07,2.1763656e-08,2.8191357e-07,1.1928671e-06,1.263069e-05,2.667443e-09,2.768878e-07,4.416451e-11,5.8873018e-09,6.0740914e-13,6.019347e-08,1.682558e-07,5.6275873e-10,1.245573e-10,8.5535345e-07,2.5933272e-08,1.6813343e-07,5.1734093e-11,2.4119672e-07,3.1656643e-11,3.980055e-06,3.471728e-10,4.280635e-08
BC2026_Train_0045_S22_20220125_211500_010,4.069401e-11,3.42545e-09,5.4251104e-11,8.006435e-08,1.0917621e-06,1.1016007e-10,2.3992257e-09,1.1819109e-09,5.6807985e-06,1.0929041e-05,0.00018483266,2.9235956e-09,1.6801751e-07,7.9218104e-08,2.4556488e-09,0.9843897,2.261766e-07,4.6802047e-09,0.9999975,3.4108496e-06,6.470589e-07,0.9999504,1.897087e-08,5.65588e-09,7.5380856e-05,7.785039e-08,6.5319787e-06,1.9000157e-09,2.5087337e-09,1.7142762e-06,1.4472716e-08,6.7444226e-08,1.2513495e-06,1.0426036e-08,5.752667e-09,6.1581325e-08,2.800634e-08,1.8623862e-07,5.8458194e-10,1.7935138e-08,1.8256071e-07,5.335361e-11,1.3813309e-08,2.8303253e-08,1.2355935e-08,9.427478e-09,8.718346e-07,2.2531309e-07,2.3094627e-08,4.6326893e-09,1.7031411e-08,1.9768693e-08,6.187319e-08,7.911524e-09,3.0133997e-06,3.520427e-09,2.438439e-10,0.6738561,4.0970988e-07,4.3626744e-07,1.0,4.4205806e-11,1.4580629e-06,0.9999958,0.5403695,5.6100935e-06,7.3872606e-09,4.9445372e-08,4.257834e-12,8.880921e-10,5.9645404e-14,2.7403638e-08,1.1687083e-07,3.3894977e-08,8.055991e-08,5.4976264e-09,6.262121e-07,1.891595e-08,1.9893294e-07,1.0783201e-09,1.6902456e-07,1.4263891e-08,2.651555e-07,9.081566e-09,3.008198e-07,2.1696613e-10,2.5692321e-08,5.3149995e-07,1.3375038e-07,4.1531263e-07,3.0733727e-06,1.545059e-08,3.0176274e-08,3.42507e-07,4.7685035e-07,7.5421535e-06,4.4896105e-08,1.9370568e-06,3.0720043e-06,2.119761e-06,3.023969e-07,2.395877e-10,1.01339474e-07,5.331938e-06,1.6066599e-06,1.2133883e-07,6.6682193e-10,2.9106945e-07,6.216845e-08,2.2763656e-08,1.6106819e-08,5.07032e-06,1.3346209e-10,8.1850154e-10,3.1557678e-07,1.8665952e-07,9.562278e-07,8.555798e-06,1.0728313e-07,1.5224396e-07,3.3142646e-06,1.9373532e-07,3.6233274e-09,1.5415128e-05,4.763585e-08,1.5336735e-07,2.385507e-06,2.1304584e-07,5.1011948e-11,3.516537e-07,2.4280211e-09,1.9807122e-07,2.6141754e-08,2.682437e-07,1.646813e-08,4.8577608e-08,1.6320498e-06,1.39845335e-08,1.2182601e-08,1.6781846e-06,1.4827198e-09,4.3965682e-07,1.3300981e-09,1.4487884e-07,7.7731e-07,1.9875075e-09,1.2211545e-07,2.7224398e-10,6.236724e-09,1.04249274e-07,5.939786e-08,1.7418287e-07,3.7840042e-07,1.2789192e-08,3.678771e-07,4.1629555e-08,2.0868227e-09,1.07325086e-07,3.2193196e-08,5.7549638e-08,1.0423687e-05,8.8717876e-08,8.308041e-11,1.2961849e-09,3.6773815e-10,1.911545e-06,1.9822315e-07,2.0499188e-07,2.7603952e-10,1.0634014e-06,2.1428598e-07,3.1850014e-08,9.468958e-10,4.516965e-09,4.9060505e-05,4.3555326e-07,2.4117235e-09,2.8778317e-08,2.1702844e-08,2.5661159e-06,1.8294096e-06,4.6247742e-11,4.5517783e-08,2.452757e-08,6.038867e-07,1.7610732e-08,6.128057e-11,5.172716e-08,2.2709795e-08,2.4976515e-07,2.2465716e-07,6.272396e-08,2.1272203e-07,2.489013e-07,3.1999906e-07,8.510794e-06,3.9908088e-07,3.7840756e-10,3.1611242e-05,1.262992e-09,3.9698036e-09,8.724732e-09,1.081076e-12,4.3471495e-08,4.252644e-10,2.1556878e-06,8.631627e-07,9.207396e-06,6.736934e-10,3.5651453e-07,1.3815473e-07,2.4030683e-06,1.5218747e-07,3.0663557e-06,4.0117234e-07,3.3486058e-06,3.6263227e-08,1.6197986e-06,1.6847682e-10,1.14764305e-08,6.7161294e-12,1.6910839e-07,2.0574296e-07,2.6477098e-09,9.019455e-09,2.0675332e-06,1.6780919e-07,1.7626278e-06,2.0178041e-10,7.110158e-07,5.3902792e-11,2.8780157e-06,1.5736698e-09,6.188693e-07
BC2026_Train_0045_S22_20220125_211500_015,7.005546e-13,9.190155e-10,9.536478e-13,4.1186925e-07,2.6109563e-08,5.5961984e-12,3.0382596e-10,1.1797663e-10,9.4354033e-07,3.3596446e-06,0.0025398096,6.833126e-10,1.8410358e-08,8.82219e-09,9.084154e-11,0.9977208,2.0279214e-07,8.395351e-11,0.99999726,2.8319457e-06,1.14386715e-07,0.99994206,2.1366686e-09,4.614215e-09,6.917412e-05,1.03002655e-08,7.262684e-07,1.0813059e-10,6.553653e-10,5.011618e-07,2.9966278e-09,5.209867e-08,1.6325292e-07,3.4661654e-09,1.5056845e-09,2.8520887e-08,4.192109e-09,5.3600633e-08,5.073569e-11,6.7651755e-09,3.289183e-08,7.933408e-12,7.0399175e-09,3.1088003e-08,7.6948026e-10,5.598147e-10,1.7883463e-07,3.0090636e-08,1.5233806e-09,8.4703883e-10,9.021279e-09,3.0119387e-09,7.631067e-09,1.1653929e-09,7.4746055e-07,2.9940497e-10,1.0695928e-11,0.96230334,3.697119e-08,9.456424e-08,0.9999999,2.4560243e-12,5.4844e-07,0.9999999,0.13411163,1.9337974e-06,9.30696e-11,1.0477269e-08,7.10057e-14,2.202114e-10,5.69907e-15,1.7539691e-09,6.491011e-08,4.3924544e-09,8.109787e-10,3.997139e-10,2.0509886e-07,1.9514872e-09,6.12906e-08,8.699282e-11,3.6625874e-08,7.0448836e-10,3.7044178e-08,1.8364196e-09,6.56642e-09,1.8874763e-11,1.290654e-09,5.2476548e-08,2.9349279e-08,2.477262e-08,1.8753829e-07,3.0566696e-09,2.1593359e-10,2.1320455e-08,6.5419005e-07,8.723671e-08,2.1232176e-09,9.130095e-08,3.4296266e-07,1.06054685e-07,1.4151489e-07,6.6268024e-12,5.967685e-09,1.9957515e-06,7.9299343e-07,6.100506e-09,9.901957e-11,1.3227973e-08,5.1556936e-09,2.6139149e-09,1.2142114e-09,9.363739e-08,1.8285677e-11,5.1843637e-11,1.5333015e-08,7.862783e-09,3.9510914e-07,3.1275653e-07,1.7559682e-08,1.8101266e-08,3.8332377e-07,5.8421126e-08,3.7279183e-10,7.4201907e-06,7.0137554e-09,5.8598655e-09,1.4177547e-07,2.0647786e-08,5.9519997e-12,1.5871931e-08,1.1759359e-10,1.6859273e-08,1.5414378e-09,1.6067636e-08,2.1750406e-09,1.3368305e-09,9.513029e-08,1.8126549e-09,4.4214596e-10,4.3787136e-07,1.0583635e-09,5.761278e-08,1.5862292e-10,6.3856223e-09,1.2058865e-07,8.430701e-11,1.5513814e-08,3.7246328e-11,6.95255e-10,2.866031e-09,9.496365e-09,7.8980335e-08,4.032405e-08,2.6014852e-09,5.2488556e-08,1.60376e-08,1.3299377e-10,5.4025846e-09,3.6294976e-09,2.894416e-09,3.3915617e-07,8.59758e-09,7.4612955e-12,2.454107e-10,5.89016e-11,9.609167e-07,1.5564637e-09,5.0871405e-09,1.764995e-11,6.5623404e-08,3.2508503e-08,7.741749e-10,1.8744138e-11,1.2724438e-09,1.2439366e-05,9.9348874e-08,2.485869e-10,1.1031867e-09,2.4035176e-09,1.7648702e-07,1.0871247e-07,1.0197934e-11,3.8384886e-09,1.806811e-09,3.0980807e-08,9.949119e-10,2.1861851e-11,9.328883e-09,1.5531866e-09,2.3190989e-08,5.62505e-08,1.1677252e-08,3.7183916e-08,1.0717714e-08,2.2699616e-08,8.625053e-07,1.3647379e-08,7.659159e-11,4.1654926e-06,4.7465813e-11,1.3200191e-09,1.5520406e-09,9.93203e-15,1.0928471e-09,8.0192006e-11,1.7168124e-07,1.2924029e-07,5.2228813e-07,5.6015508e-11,7.075162e-08,1.6852072e-08,9.108811e-07,4.8809397e-09,2.5084267e-07,2.6318466e-07,1.8195182e-06,2.8319116e-09,3.2714453e-08,1.3725961e-11,2.416259e-09,1.9628126e-13,9.630197e-08,2.4356895e-08,2.2348608e-10,2.67563e-10,1.1547664e-07,2.5971733e-08,1.2359094e-08,1.21714566e-11,1.5753363e-07,1.6268014e-12,6.1362766e-07,3.3092643e-11,1.3813892e-07
BC2026_Train_0045_S22_20220125_211500_020,8.0869756e-13,1.6971767e-09,8.815566e-12,1.372871e-07,4.1607137e-07,6.095972e-12,8.9783775e-10,1.9670844e-10,6.7828466e-07,7.364926e-06,0.00017564606,1.4666426e-09,2.4712918e-08,1.8051482e-08,4.6394336e-10,0.9500545,1.8791192e-07,1.1871798e-09,0.99999714,1.708823e-06,4.360931e-07,0.99998605,4.396861e-10,2.041871e-09,5.384036e-05,4.4659507e-09,3.5212017e-07,3.812431e-10,2.115056e-10,8.3448407e-07,4.7880406e-09,1.0643947e-08,7.497501e-07,3.742097e-09,1.5527395e-09,1.4445578e-08,4.533978e-09,6.186421e-08,2.0452608e-10,4.729795e-09,1.7425558e-08,1.9541407e-11,4.96743e-09,7.027682e-09,1.1574379e-09,1.6774135e-09,2.0577181e-07,1.9931672e-07,5.2903744e-09,1.363374e-09,9.045003e-09,4.4165565e-09,1.8229187e-08,8.291803e-10,1.1088396e-06,7.561345e-10,1.7455804e-11,0.9420493,6.16034e-08,1.2196556e-07,1.0,1.41249824e-11,1.2027813e-06,0.99999714,0.9544557,5.1023505e-07,7.946274e-10,8.0639655e-09,3.0403186e-13,4.912665e-10,4.8471918e-15,1.4720606e-08,5.7993027e-08,1.3724123e-08,5.435297e-09,3.018436e-10,2.2539476e-07,8.446225e-09,8.757012e-08,1.3428199e-10,6.456807e-08,5.2912217e-09,1.5943864e-07,3.0137033e-09,4.8545377e-08,3.3361418e-11,7.554473e-09,2.5961634e-07,4.2761958e-08,4.8427736e-08,5.794566e-07,4.4493964e-09,1.6237502e-09,9.121757e-08,3.571087e-07,6.046192e-07,6.0843424e-09,3.190407e-07,1.393951e-06,2.8444995e-07,1.9433467e-07,2.5880012e-11,6.2976038e-09,2.6548394e-06,9.79077e-07,1.15128955e-07,3.6047137e-10,4.39461e-08,1.4973569e-08,4.3924793e-09,8.0688585e-09,3.270719e-07,2.4413693e-11,2.3174512e-10,5.2386344e-08,1.4253664e-08,3.947675e-07,1.4019462e-06,3.167584e-08,5.9701804e-08,1.0535261e-06,3.9265878e-08,6.290589e-10,6.572313e-06,1.3655893e-08,6.464197e-09,4.1481027e-07,3.3449588e-08,9.652098e-12,3.0519637e-08,5.776777e-10,4.9527497e-08,4.8982867e-09,4.938166e-08,5.0937423e-09,3.2526788e-09,2.5869252e-07,7.416923e-09,1.9949171e-09,5.3883855e-07,1.5347256e-09,5.0026603e-08,1.539942e-09,5.9303215e-08,3.8706077e-07,1.6810672e-10,2.035549e-08,9.0807764e-11,2.0091566e-09,4.8976703e-09,1.1878779e-08,3.4815585e-08,2.3017127e-07,2.6281577e-09,1.1616455e-07,1.0332614e-08,2.5835736e-10,8.146409e-09,8.6510425e-09,4.9366387e-09,1.2777278e-06,1.830242e-08,9.981422e-12,1.4433446e-10,2.7558959e-11,3.7847082e-07,7.933344e-09,2.4572195e-08,3.69875e-11,1.04725785e-07,1.2729754e-07,1.2476873e-09,3.1021918e-11,5.107886e-10,9.737537e-06,1.1937834e-08,5.5203503e-10,5.237603e-09,2.9688199e-09,1.6294449e-07,2.1427188e-07,4.777928e-11,9.1888435e-09,7.303592e-09,2.1344201e-07,1.7445871e-09,2.0190427e-11,2.1798844e-08,1.8172244e-09,8.231725e-08,4.0276323e-08,2.5040212e-08,2.0954876e-07,6.667348e-08,8.253941e-08,4.9147366e-07,7.1038016e-08,2.3155372e-11,5.5977057e-06,2.701836e-10,5.500098e-10,2.8604168e-09,3.1887134e-13,3.1407745e-09,1.2833799e-10,1.1952733e-06,7.7143255e-08,5.621145e-07,1.0962389e-10,1.0996121e-07,4.0256353e-08,5.169364e-07,2.7790092e-08,5.2663404e-07,3.4880657e-08,4.6397705e-07,1.8297243e-09,9.7440484e-08,9.849812e-12,1.486897e-09,4.6339343e-13,8.239422e-08,1.6499264e-07,7.064866e-10,3.705568e-09,3.3726158e-07,1.5889743e-08,3.569809e-08,5.5954432e-11,5.870204e-07,3.0958242e-12,2.2110046e-06,2.40867e-10,2.467548e-07
BC2026_Train_0045_S22_20220125_211500_025,1.2174701e-12,1.8381989e-10,6.9291475e-13,6.797369e-09,2.0577609e-08,5.306384e-12,1.2705291e-11,1.2468636e-10,2.6367732e-06,1.618994e-06,1.1733462e-05,4.0447007e-11,1.0319123e-08,4.071445e-10,1.3794513e-11,0.9369141,1.6087721e-08,3.9899768e-11,0.9999989,2.628944e-07,1.3430312e-08,0.9998584,6.4144308e-09,8.694178e-10,0.00029738288,1.1870348e-09,3.032875e-06,1.5865953e-10,9.646935e-10,1.1851287e-07,6.7950743e-09,1.0119862e-08,9.50001e-08,8.132262e-10,9.00108e-10,2.3880645e-08,2.8342993e-07,2.5415898e-07,2.6836005e-12,4.5896287e-09,1.7438857e-08,4.1533825e-12,4.4106723e-09,7.614551e-09,3.6744716e-10,6.755243e-10,4.0625753e-08,1.3737873e-08,2.8493414e-09,1.3845422e-10,1.2500336e-09,2.9066758e-09,9.346266e-09,2.3320307e-10,7.7533036e-07,2.9101138e-10,9.646618e-11,0.0075244918,1.0957134e-08,1.4545859e-08,0.9999999,1.161886e-13,4.962006e-08,0.9999981,0.029956445,1.0043025e-06,9.105196e-11,2.2802449e-09,1.5959684e-13,7.4763606e-10,2.1428045e-15,1.02814916e-10,1.4688775e-08,1.0127875e-08,5.3049347e-09,1.9217075e-10,8.4332065e-08,1.6821459e-09,4.4404014e-09,1.9189421e-10,1.0508992e-08,8.831294e-10,2.4880771e-08,4.2411683e-09,2.3310768e-08,3.4251654e-11,6.372454e-10,9.512085e-08,3.936629e-08,2.2180082e-08,4.6523448e-07,8.6184604e-10,7.6460693e-10,9.4699246e-08,1.8207126e-07,1.5394883e-06,5.654349e-09,2.2130614e-06,9.234088e-08,1.1764534e-07,1.5188851e-06,2.107798e-11,1.1599559e-08,7.6472134e-07,5.65502e-07,3.7285885e-09,3.7314447e-11,3.001961e-08,7.206672e-09,3.0664038e-09,6.0783184e-10,2.3066701e-07,7.359516e-12,4.4151287e-11,2.4470795e-08,1.0361448e-08,1.642361e-07,1.8933928e-06,2.1641242e-09,2.1966212e-08,3.679189e-07,5.9863034e-08,4.1182283e-10,4.1590065e-06,2.2637991e-09,6.905837e-08,1.7395992e-06,3.2340768e-09,3.2855023e-12,5.9968035e-09,4.3684065e-10,3.6872512e-09,2.5611675e-09,4.2614904e-08,2.8102378e-09,2.4877716e-07,5.8171063e-06,2.9557343e-09,5.6979e-10,6.681823e-08,5.1949257e-11,1.2437252e-07,8.634466e-11,3.420568e-08,1.4287353e-07,5.4395044e-10,1.84377e-08,1.0884671e-11,2.336569e-09,5.0983697e-09,1.968858e-08,2.2652817e-08,2.9275812e-08,2.1937268e-09,9.702784e-08,2.9670877e-09,4.147685e-11,5.3970666e-08,5.479494e-09,3.3069472e-08,4.1516832e-06,4.0159417e-08,5.9988186e-12,1.05924956e-10,2.4210035e-11,3.9907897e-07,1.0232728e-08,1.3265574e-07,5.1599744e-12,7.444053e-08,1.1304519e-08,1.8347323e-09,1.8648864e-10,7.9408946e-10,2.2216227e-05,2.0402329e-08,8.476542e-11,3.215452e-09,1.3867074e-09,2.0037614e-06,1.813023e-07,5.7678307e-12,2.0727837e-09,2.075565e-09,1.6474232e-07,9.741346e-10,8.679998e-13,7.4024515e-09,3.3174268e-09,7.3091524e-09,6.650618e-09,6.2648966e-09,1.99318e-08,3.430957e-08,5.8930908e-08,6.2294976e-07,2.5020066e-08,7.946693e-11,5.578052e-06,2.1543091e-10,1.6589995e-10,1.0279574e-09,1.9292912e-14,1.1410921e-09,7.156203e-11,4.651285e-07,1.673722e-07,5.5183104e-06,2.5284889e-11,1.6780543e-08,9.667829e-09,1.7879319e-07,2.4622384e-09,1.9588501e-07,1.6629872e-07,1.1977985e-06,3.2779583e-09,3.0319907e-07,2.6511536e-11,7.265633e-09,1.1630433e-13,2.5409905e-08,9.7271325e-08,1.0708161e-10,8.3186645e-11,1.7201932e-06,7.287784e-09,5.6764384e-07,2.953083e-11,3.8528526e-07,1.1466764e-11,4.5931165e-07,1.5618962e-10,8.5887795e-09
BC2026_Train_0045_S22_20220125_211500_030,7.430548e-12,1.0246727e-09,5.711081e-12,3.0496255e-07,2.5096256e-07,2.2985563e-11,4.731931e-10,1.0502234e-09,1.3258468e-05,3.9715515e-06,0.00016962459,3.4548173e-10,1.7766845e-07,4.019771e-09,1.6424606e-10,0.9721405,3.732554e-07,5.5658738e-11,0.99999523,2.214628e-06,3.6127784e-07,0.9982004,1.1458342e-08,4.758752e-09,0.00019879227,2.5203942e-08,4.506767e-06,1.0831146e-09,5.865219e-10,1.2937967e-06,9.641918e-09,3.483538e-08,1.5457096e-07,1.0973342e-08,1.2700142e-09,1.9654026e-08,6.04612e-09,2.2293241e-08,7.683154e-11,2.4729374e-08,1.818033e-08,2.6021874e-11,1.779628e-08,1.02193285e-08,1.8978787e-09,2.1869588e-09,1.06578675e-07,1.919354e-08,2.3912674e-09,3.156983e-10,1.720803e-08,2.1316835e-08,5.370798e-08,1.0869556e-09,1.3620538e-06,2.1329472e-09,3.3338707e-11,0.84408826,1.377025e-07,1.9207464e-07,0.9999999,3.28318e-11,1.2975866e-06,0.9999964,0.007694198,2.131248e-06,5.2818216e-10,3.203981e-08,7.326948e-13,1.1073522e-09,4.449292e-14,6.894884e-09,7.692257e-08,3.5293034e-08,6.709789e-09,4.936212e-10,2.1204734e-07,4.6161595e-09,5.306951e-08,9.623945e-10,1.0547309e-07,3.3532614e-09,1.13447435e-07,1.5436923e-08,2.3877273e-08,1.7718936e-10,1.3727626e-09,1.9666255e-07,9.429263e-08,2.4012733e-08,3.5158905e-06,2.3516e-09,2.0506365e-09,4.9590827e-08,4.2274812e-07,2.4045355e-06,4.219536e-09,9.711801e-08,9.86594e-07,2.8136859e-07,1.8143584e-07,4.0300003e-11,5.627689e-08,1.3749607e-05,3.4213106e-06,2.1504974e-08,3.759558e-10,8.274259e-08,2.796087e-08,2.0318756e-08,2.2583135e-09,2.2089982e-06,2.0293985e-10,1.6183696e-10,7.694282e-08,4.240539e-08,1.7230795e-06,4.301889e-06,5.2520983e-09,3.858478e-08,7.008617e-07,7.656073e-08,8.236838e-10,1.9548579e-05,4.5812694e-08,3.849532e-08,6.206856e-07,3.8628663e-08,4.8874002e-11,4.0685464e-08,3.9252737e-10,5.3080843e-08,4.519913e-09,5.9193834e-08,9.4768415e-09,1.810434e-08,6.6306455e-07,7.859244e-09,3.9343155e-09,7.116698e-07,1.5961573e-09,2.6061201e-08,6.4394834e-10,2.2061732e-08,2.3723209e-07,2.8925509e-09,5.38216e-08,1.4532367e-10,2.6297873e-09,2.0574467e-08,3.2057716e-08,1.3776068e-07,1.2395678e-07,1.6877804e-08,1.2444467e-07,2.8438429e-08,1.1058721e-10,1.9752223e-08,8.024717e-09,1.0211146e-08,1.0906028e-06,4.857844e-08,3.163027e-11,4.5564377e-10,1.4480102e-10,2.5578597e-06,5.5502105e-09,5.7929572e-08,9.131772e-11,1.974671e-07,3.550409e-08,3.1170937e-09,1.662408e-10,6.446873e-09,3.3794156e-05,1.4420587e-07,1.0185581e-09,4.6605892e-09,8.612187e-09,1.6426648e-06,2.548415e-07,5.2041683e-11,3.283999e-08,7.3051245e-09,4.7453934e-08,1.1888791e-09,3.359692e-11,4.3617e-08,1.1218194e-08,1.0752404e-07,8.84639e-08,2.864284e-08,3.297179e-08,6.074952e-08,1.6150538e-07,2.9437408e-06,8.218626e-08,5.001701e-10,1.3148131e-05,2.999062e-10,4.321651e-09,2.0132613e-09,1.1225444e-13,4.766582e-09,5.0941096e-10,4.6916298e-07,4.5130278e-07,3.811392e-06,4.667143e-10,1.4799141e-07,2.6509046e-08,8.3201024e-07,8.291918e-09,5.47701e-07,1.3198294e-06,4.344553e-06,9.931493e-09,7.9107565e-07,6.4285584e-11,2.4492417e-08,1.9983071e-12,9.268939e-08,3.5329947e-07,2.7222838e-10,1.0816489e-09,3.2707e-07,1.7926553e-08,1.8682354e-07,1.0111574e-10,3.486028e-07,1.9184472e-11,1.7734934e-06,6.077739e-10,2.431181e-07
BC2026_Train_0045_S22_20220125_211500_035,1.4102005e-13,1.3291922e-10,9.228251e-14,2.7728655e-07,1.2191992e-08,2.3398243e-13,8.128055e-11,1.8691085e-11,6.211509e-06,3.5228342e-07,0.0011927686,4.651304e-11,6.6674724e-09,1.2525706e-09,6.7149892e-12,0.79239994,3.8926257e-07,4.4911687e-12,0.99992585,2.286785e-06,2.882512e-08,0.9999392,4.0777346e-09,5.0347515e-10,2.780786e-06,8.800023e-09,4.9050858e-08,4.853771e-11,1.2866741e-10,7.0068984e-07,2.2174859e-10,3.3866208e-09,9.785803e-09,8.63391e-10,1.2240702e-10,1.6147229e-09,5.600005e-10,7.3691777e-09,3.2924405e-12,3.1693936e-10,2.003749e-09,3.653375e-13,6.47125e-10,2.3378348e-09,2.7698765e-11,3.379442e-11,7.7403355e-09,4.0526335e-10,1.3743626e-10,7.137447e-11,1.6868197e-10,1.9754652e-10,2.5113606e-10,1.327725e-10,6.0826856e-08,4.4945558e-11,1.3152313e-13,0.11153742,6.5517076e-09,5.1396714e-08,0.9999999,2.8597946e-13,3.9882406e-07,0.9999999,0.00417172,7.7540506e-07,1.0303394e-11,5.512241e-09,4.2679693e-14,1.5623723e-11,4.845009e-16,1.5190452e-10,2.8475498e-08,5.245158e-10,8.752645e-10,3.2638118e-11,2.1589065e-07,6.050524e-10,6.293461e-09,1.13087345e-10,1.66869e-08,1.5278094e-09,3.706637e-08,3.9054018e-10,1.7313231e-10,6.993971e-13,4.4496806e-11,7.504083e-08,8.859946e-09,2.6348346e-08,3.6066226e-08,6.270416e-10,2.087318e-11,5.0550573e-09,3.476586e-07,5.7166833e-08,1.3351557e-10,5.896828e-07,1.16604426e-07,2.2828136e-08,2.3169543e-08,4.4988934e-12,2.0377233e-09,1.5383259e-06,2.512382e-07,2.9148592e-09,3.528194e-11,9.2062075e-10,3.954048e-09,5.3499766e-10,1.13599484e-10,1.4977388e-07,8.5471875e-13,4.7227316e-11,6.3096536e-08,2.9538632e-09,2.972017e-08,1.8035158e-07,4.67265e-09,1.8775834e-08,3.724955e-07,1.0309327e-08,2.8150524e-11,8.6981745e-06,4.0960533e-09,4.6848307e-09,2.3507942e-08,4.6878164e-09,2.9813274e-12,1.977732e-09,5.066336e-11,8.7006855e-09,2.4307876e-09,4.8324464e-09,5.356481e-10,2.825533e-10,2.6179224e-08,3.310655e-10,4.8300548e-11,5.1741473e-08,1.2501213e-10,8.88645e-09,6.435539e-11,1.2264686e-09,5.71267e-09,6.491778e-12,4.3215524e-09,1.8760976e-12,2.8717301e-11,5.688691e-10,1.3682409e-08,5.370499e-09,5.9590082e-08,4.376354e-10,1.6635006e-08,1.4036744e-09,1.3223236e-11,2.3110774e-10,6.660999e-10,6.827067e-10,8.89313e-09,1.1876146e-09,2.1758133e-12,8.39026e-11,3.1686365e-11,1.7040335e-07,7.3405554e-10,2.8339973e-09,2.891195e-12,6.5597847e-09,7.777407e-09,2.0747407e-10,1.3963237e-12,1.178536e-10,2.761216e-05,2.0784658e-08,1.3595639e-10,3.7718975e-10,1.6548982e-09,9.527047e-08,1.0600089e-07,3.6362406e-12,7.838242e-09,1.6013862e-10,9.977573e-09,1.4178515e-10,3.1753445e-12,2.7518385e-09,6.952029e-11,6.2359624e-09,4.4332182e-08,3.4244176e-09,2.9490725e-09,2.4974234e-09,2.1352767e-08,1.5664093e-06,4.0819852e-08,1.488655e-11,2.2719623e-06,2.0983593e-11,1.0585304e-10,2.1961706e-10,9.90263e-16,1.7177715e-10,1.21331886e-11,5.907946e-08,2.921133e-08,3.6582662e-07,5.3048586e-11,7.147974e-08,9.496433e-10,1.5120531e-07,5.2886593e-09,1.3747852e-07,2.0915803e-07,1.658399e-06,1.6966581e-10,5.6481833e-09,3.1695473e-12,2.526114e-10,2.3519354e-14,8.712476e-09,3.1809577e-08,1.2892731e-10,1.9867701e-11,6.481027e-08,2.2413462e-09,6.6730543e-10,1.1705192e-12,1.8683167e-08,1.1502676e-13,5.3754974e-07,1.9014627e-12,3.1188733e-08
BC2026_Train_0045_S22_20220125_211500_040,6.9872263e-12,3.1155348e-10,1.235588e-13,1.2797811e-07,6.970057e-08,1.0014579e-12,5.463261e-11,5.856128e-11,4.1971857e-06,2.7157682e-07,0.00018936319,4.1874698e-11,1.06672836e-07,1.6311911e-09,1.4005148e-11,0.819568,1.240385e-07,1.9522297e-11,0.99998903,8.955396e-07,7.8717456e-08,0.9995915,4.335265e-09,1.7298717e-09,0.00043502013,3.972002e-08,1.18708904e-07,4.8148138e-11,2.210753e-11,2.5648114e-07,2.5741556e-09,1.9176003e-09,6.652194e-08,1.4865597e-09,4.804294e-10,6.095141e-10,3.222095e-09,1.5415738e-08,3.5878707e-12,2.8040912e-09,5.4078937e-09,4.197399e-12,7.891495e-09,1.2512812e-09,4.1895729e-10,4.55762e-10,9.72244e-08,9.5818224e-09,5.687715e-10,9.3934555e-11,3.3750267e-09,6.3097105e-09,1.1121726e-08,2.3859587e-10,3.5463083e-07,1.9832802e-10,3.884152e-12,0.28824165,9.7711235e-09,7.916947e-08,1.0,1.0721291e-12,2.901546e-07,0.9999999,0.00200379,1.8357746e-06,6.3551664e-11,5.5743787e-09,3.0992058e-14,4.8544373e-11,8.572436e-15,7.600254e-10,3.105523e-08,2.804797e-09,1.4976677e-09,2.6366065e-10,3.1136435e-07,1.707463e-09,2.2862121e-08,1.9952585e-10,2.395185e-08,1.2790818e-09,3.5979173e-08,3.6170096e-09,5.6500578e-09,1.8187134e-11,5.105733e-10,2.4479274e-07,3.4584666e-08,6.832308e-09,1.054457e-06,7.507712e-10,4.1048495e-10,6.8289077e-09,1.040286e-07,1.7197522e-07,9.019709e-10,6.6156524e-08,9.098074e-08,8.303681e-08,5.6266376e-08,7.1356597e-12,7.977926e-09,3.989476e-06,2.2752038e-06,3.6342145e-09,3.395867e-11,1.3034895e-08,4.607258e-09,4.9778253e-09,2.2805364e-09,4.028063e-07,2.5282769e-11,2.1249467e-10,3.3321342e-08,1.108384e-08,1.2871433e-07,1.986713e-07,7.539229e-09,1.6175225e-08,5.6144864e-07,1.487414e-08,7.2513794e-11,1.761895e-05,7.950552e-09,7.530964e-09,1.831028e-07,1.8055992e-08,1.1735086e-11,1.0840489e-09,8.1387126e-11,2.727571e-09,8.0110263e-10,9.385281e-09,3.984619e-09,4.1018464e-09,3.275173e-07,1.1577427e-09,6.3106226e-10,1.0657501e-07,3.5885728e-10,7.722849e-08,3.4029882e-10,3.003907e-09,4.0175195e-08,6.7352214e-11,4.3420446e-08,9.1716e-12,2.935546e-10,5.2931597e-09,5.7308654e-08,3.5691937e-07,7.335161e-08,2.7766554e-09,1.9893553e-08,9.695714e-09,9.1797424e-11,4.66581e-09,1.5925264e-09,1.8572944e-09,5.901594e-07,1.11789555e-08,3.5487978e-12,1.0734254e-10,8.287825e-12,2.1628901e-07,1.3513947e-09,7.553251e-08,1.6010679e-11,6.775199e-08,9.971542e-09,4.7468557e-10,2.7597357e-11,5.6125377e-10,1.6353919e-05,9.620136e-08,1.8498374e-10,2.1168125e-09,5.2487135e-09,1.8419023e-07,5.9750676e-07,6.315818e-12,2.6852633e-09,4.0864293e-10,7.050443e-08,5.272471e-10,8.472658e-12,8.372843e-09,1.9644157e-09,2.1300657e-08,6.401881e-08,5.9426615e-09,2.1633577e-08,8.310046e-09,8.0917175e-08,1.2592627e-06,2.4603052e-08,8.052629e-11,1.0380593e-05,7.0378696e-11,3.963454e-10,8.826578e-10,2.9232522e-15,5.6034266e-09,4.8788314e-11,1.5458673e-07,1.1218262e-07,8.2081675e-07,4.0611972e-11,1.2789697e-07,3.6256156e-09,1.6898215e-07,1.5795367e-09,3.7080943e-07,2.6864055e-07,2.6570099e-06,1.9837578e-09,8.66414e-08,4.4817837e-11,2.4097235e-09,1.8436316e-13,8.7573795e-08,3.1788353e-08,2.8628552e-10,1.2177778e-10,1.3406363e-07,5.835072e-09,1.0513703e-08,5.478388e-12,1.0102086e-07,4.439793e-12,4.4008385e-07,2.8901763e-11,1.2634365e-07
BC2026_Train_0045_S22_20220125_211500_045,9.800235e-14,4.5932758e-11,2.720659e-14,4.59034e-08,6.2417813e-09,2.0679265e-13,9.665141e-12,8.397813e-12,1.6842373e-06,1.1901876e-06,0.0018751527,1.4226131e-11,5.5772575e-10,1.5569084e-10,1.2061997e-12,0.88468015,1.0682595e-07,1.9551491e-13,0.9999956,4.1090414e-07,1.8302723e-09,0.99993956,2.4566886e-09,2.0392116e-10,5.6775657e-06,1.5478928e-09,2.4761945e-07,1.93645e-11,1.6267937e-10,2.5569352e-07,5.13324e-10,1.5206664e-09,1.5992086e-08,9.0592955e-10,1.2225605e-10,4.575958e-09,3.2368333e-10,3.042709e-09,1.4727205e-12,2.3960373e-10,1.8351136e-09,9.8986364e-14,5.9890276e-10,1.5318596e-09,6.6878565e-11,4.1540583e-11,2.478825e-09,3.423208e-10,7.766756e-11,6.5759603e-12,1.2308643e-10,5.375289e-11,9.0692134e-11,1.3285635e-10,6.3014035e-08,4.391612e-11,7.244032e-13,0.017471896,2.819768e-09,5.7640013e-09,0.99999976,8.163078e-14,5.5205028e-08,0.9999995,0.0002650412,2.6664377e-06,1.2575047e-12,1.1427279e-09,2.2479336e-14,2.9242116e-11,1.9349609e-16,9.388942e-11,2.8462251e-08,2.862189e-10,2.0365334e-10,1.3031122e-11,1.8814215e-07,2.0389353e-10,1.6552866e-09,5.1844137e-11,4.9840194e-09,5.010992e-10,2.2627772e-08,1.13800955e-10,5.0901245e-11,1.307052e-12,9.655505e-12,1.3191992e-08,4.3161155e-09,4.632044e-09,7.925135e-08,1.9270739e-10,3.2638243e-11,8.145338e-09,1.1553812e-07,1.9963005e-07,3.1510514e-10,9.1938794e-08,5.8246776e-08,6.5381376e-09,2.7084686e-08,5.911944e-13,1.3336166e-09,3.3665486e-07,1.2416832e-07,3.3722256e-10,3.8717697e-12,9.014739e-10,8.558424e-10,9.1294555e-11,1.1345219e-11,8.670819e-08,2.0023123e-13,2.9344738e-12,1.4424628e-08,1.1828445e-09,8.705852e-08,1.2800312e-07,5.7494165e-10,2.4598819e-09,2.684359e-07,4.4240434e-09,9.482739e-12,2.1184755e-06,1.4945115e-09,1.3104513e-09,3.9889095e-08,3.915936e-09,3.226633e-13,1.1334826e-09,1.1294567e-11,6.5729604e-09,3.2385192e-10,1.5768277e-09,2.4923968e-10,1.059452e-09,3.0418924e-08,1.7083579e-10,1.3041341e-11,2.0939087e-08,4.6063223e-11,1.4559591e-09,9.339142e-12,1.6956755e-09,4.6922355e-09,1.3339554e-12,1.8719293e-09,1.8206597e-12,4.671683e-11,3.792855e-10,1.7508748e-08,5.869012e-10,4.5488274e-08,2.0670107e-10,3.014646e-09,7.0663214e-10,4.9256645e-12,2.5096034e-10,1.609771e-10,3.2477052e-10,1.1273642e-08,7.100544e-10,7.360509e-13,1.402319e-11,1.0925772e-11,2.179174e-07,3.2408734e-10,4.7460225e-10,2.7463847e-13,3.8027594e-09,3.0810958e-09,1.148474e-10,5.874334e-13,9.101115e-11,7.0230876e-06,1.0178575e-08,3.2098053e-11,6.550014e-11,2.5370847e-10,6.1583904e-08,2.8212922e-08,4.353187e-13,3.543595e-09,2.0390248e-10,2.1314057e-09,4.9535827e-11,1.0302013e-12,2.3906792e-09,9.364529e-11,2.0843602e-09,7.684936e-09,1.995507e-09,2.037976e-09,1.149647e-09,1.0298556e-08,1.906162e-06,5.2251203e-09,7.00046e-12,3.0961487e-06,6.310592e-12,1.9546215e-11,1.197472e-10,9.5091763e-17,2.7540475e-10,3.1934928e-12,3.652841e-08,4.433616e-08,5.851603e-07,2.0394322e-11,1.3691963e-08,2.3425875e-10,6.2536174e-08,1.8232471e-10,4.6360324e-08,3.9623238e-08,2.3380552e-07,7.409634e-11,1.4402744e-08,5.266392e-13,9.776805e-10,5.2947187e-15,4.790653e-09,1.1322127e-08,5.0719992e-12,6.502448e-12,4.3212903e-08,6.7525513e-10,5.760012e-09,1.4475062e-12,2.0540748e-08,7.936063e-14,7.398536e-07,2.0093335e-12,1.0536166e-08
BC2026_Train_0045_S22_20220125_211500_050,2.556566e-12,1.8797384e-10,1.3693078e-13,3.9992475e-08,1.3197555e-08,2.547313e-12,1.7867268e-11,8.586264e-11,7.64955e-06,6.2753156e-07,2.8987302e-05,8.868842e-12,1.7267416e-07,1.1396283e-09,1.3968838e-11,0.96993816,2.1007732e-08,1.7672485e-11,0.99999607,4.9014204e-07,8.529112e-09,0.99991465,1.502283e-08,1.0793366e-09,0.00049601536,1.2581166e-08,4.3248116e-07,1.5941333e-10,2.2692535e-10,7.94069e-08,1.1392111e-09,3.7960706e-09,2.2024315e-08,2.0843522e-09,5.4398064e-10,2.9462837e-09,5.128849e-09,1.9256575e-08,1.7057026e-12,3.231314e-09,7.879583e-09,1.354515e-12,4.003955e-09,4.8526556e-09,9.2248387e-10,4.910782e-10,3.093528e-08,2.225075e-09,6.678185e-10,6.3695584e-11,1.1633385e-09,1.4949734e-09,2.8403884e-09,2.2453157e-10,3.5450202e-07,1.6413645e-10,4.7998016e-12,0.02678781,4.033773e-09,2.5387772e-07,0.99999976,5.1155095e-14,8.6426635e-09,0.99999905,0.00027413928,4.425748e-06,4.0901237e-11,7.2819626e-09,6.3055084e-14,1.4977466e-10,1.1884862e-14,1.2882972e-10,3.8314976e-08,7.751386e-09,2.2681341e-09,3.439944e-10,2.7229416e-07,1.3796948e-09,5.4711924e-09,2.3450641e-10,5.5969355e-08,1.1251875e-09,3.741699e-08,1.7480777e-09,5.8986767e-09,2.4534598e-11,1.4129409e-10,7.9065344e-08,4.15305e-08,6.142328e-09,1.5477436e-07,1.3861864e-09,3.172557e-10,4.4283577e-09,9.0938414e-08,2.9406436e-07,2.1946893e-09,2.6606284e-07,3.532927e-08,1.3379375e-07,1.3900559e-07,8.978351e-12,2.6054344e-08,2.7909987e-06,1.5723615e-06,3.2730165e-09,2.582976e-11,2.6519904e-09,3.499506e-09,2.3443898e-09,1.0135754e-09,4.5371726e-07,7.720006e-12,9.668132e-11,7.886333e-09,5.650543e-09,1.07734465e-07,3.936288e-07,2.3050433e-09,2.3829275e-08,3.691902e-06,8.66452e-08,7.604833e-11,3.8001355e-05,1.2203811e-08,7.681199e-09,2.8398594e-07,9.851705e-09,1.0019054e-11,5.952179e-09,6.817695e-11,1.9243789e-09,1.1420981e-09,1.3388139e-08,2.8339433e-09,1.7100801e-09,2.225012e-06,2.4807358e-09,6.6776124e-10,1.5197399e-07,3.1415922e-11,1.4107906e-08,7.651741e-11,2.133484e-09,1.0281721e-07,1.311611e-10,2.4638414e-08,1.2207681e-11,2.6506033e-10,3.3256689e-09,2.6975185e-08,4.020348e-08,6.351395e-08,1.7128711e-09,2.9004527e-08,3.2775331e-09,1.1652167e-10,7.048772e-09,2.5003783e-09,7.960506e-09,2.2746214e-07,1.0982597e-08,4.7151237e-12,1.6198921e-10,2.760383e-11,6.997242e-07,3.7486187e-09,2.2484276e-07,5.2952924e-12,1.07148566e-07,5.740621e-09,2.426674e-09,3.6119868e-11,5.9501215e-10,1.8875635e-05,3.3064245e-07,9.941603e-11,2.8969567e-09,4.986501e-09,5.1662187e-07,3.826576e-07,9.039885e-12,5.176494e-09,6.110215e-10,1.0256357e-07,5.672039e-10,2.580936e-12,9.403271e-09,1.5530298e-09,1.5620856e-08,1.4711933e-08,4.257045e-09,3.1469707e-08,1.2714111e-08,4.148514e-08,1.8161929e-06,2.6018984e-08,5.083963e-11,1.575611e-05,6.5536875e-11,3.0577468e-10,1.0082999e-09,2.0349905e-15,1.8311277e-09,1.4582317e-10,9.456567e-08,2.753129e-07,1.3339246e-05,6.089096e-11,3.369458e-08,2.3561124e-09,1.6671427e-07,1.9975255e-09,2.4931845e-07,1.0003489e-06,5.29819e-06,5.5607643e-09,7.410507e-08,4.3495398e-11,5.854849e-09,8.913129e-14,2.289734e-08,1.9707892e-08,1.06354335e-10,2.6185628e-11,2.5116321e-07,8.84583e-09,2.9046047e-08,4.2202457e-12,9.798451e-08,7.032405e-12,5.956611e-07,4.6472427e-11,1.2782241e-08
BC2026_Train_0045_S22_20220125_211500_055,2.7546977e-11,1.4003185e-09,1.2880607e-11,1.6530038e-07,1.5449507e-07,3.1340333e-11,4.045359e-10,7.235413e-10,3.230067e-06,4.747449e-06,0.0001802396,1.7930718e-09,1.0091109e-07,7.1722526e-09,5.757285e-10,0.9982254,2.3881492e-07,1.8701832e-10,0.9999987,8.6859956e-07,1.2226731e-07,0.999841,4.6489692e-08,1.8626798e-09,0.00036098642,3.8849297e-08,5.3440056e-07,3.9211803e-10,3.7689727e-09,9.822259e-07,3.4688104e-09,9.903477e-09,1.3418207e-07,8.04467e-09,2.0330455e-09,2.8243287e-08,1.9067256e-08,4.8605962e-08,9.681567e-11,1.2710837e-08,2.5961729e-08,1.0662726e-11,5.443431e-09,1.800791e-08,3.9453014e-09,2.5318165e-09,9.798526e-08,1.46297765e-08,2.9332698e-09,9.933931e-10,5.2601687e-09,4.443426e-09,4.574579e-09,6.321151e-10,6.3105017e-07,3.4470917e-09,1.0120581e-11,0.03868441,1.8053846e-07,1.6007228e-07,0.9999995,9.848854e-12,2.2778451e-07,0.9999988,0.036632225,2.4408228e-06,1.6434759e-10,1.4417475e-08,8.5038676e-13,8.7773877e-10,7.848978e-14,1.8219106e-08,1.0978161e-07,7.419809e-09,2.0101695e-08,8.6506907e-10,5.42989e-07,2.0516783e-08,6.436997e-08,9.907383e-10,1.5938862e-07,2.3055765e-08,7.4349856e-08,3.0658542e-09,2.7693737e-08,5.3840415e-11,7.792058e-10,2.462341e-07,9.259609e-08,1.8781357e-07,7.470821e-07,1.0955754e-08,5.219941e-09,5.0710803e-08,4.1532013e-07,6.8991153e-07,1.5177896e-08,9.621941e-07,3.3639278e-06,6.1415045e-07,9.705974e-07,5.5597516e-11,5.1392902e-08,5.999094e-06,1.1914981e-06,4.1242455e-08,2.637426e-10,1.3561018e-07,4.1282362e-08,9.314872e-09,5.7612093e-09,6.112324e-07,3.010437e-11,6.2271754e-10,2.1254195e-07,3.222422e-08,6.378029e-07,9.243811e-06,2.2595081e-08,5.8587784e-07,1.6243714e-06,2.3435021e-07,8.0206275e-10,3.998949e-05,7.375645e-09,2.1921683e-07,2.6762789e-06,6.149681e-08,6.3882594e-11,2.9140324e-08,2.1663915e-09,6.732188e-08,1.8630004e-08,3.827539e-07,4.3840007e-09,3.6766416e-08,1.3272904e-06,6.215941e-09,1.3952209e-09,1.3433649e-07,8.88392e-10,8.121869e-08,4.2657824e-09,3.4249418e-08,1.6297665e-07,8.836146e-10,6.1213846e-08,8.7296e-11,8.6916907e-10,2.86306e-08,1.5305349e-07,3.008895e-07,6.164201e-07,4.2881916e-09,2.70747e-07,1.9780273e-08,3.44709e-10,3.7806018e-08,5.8551173e-09,2.1112855e-08,9.762742e-07,3.711547e-08,1.9483089e-11,1.1330719e-09,1.12319286e-10,5.771446e-07,2.1201513e-08,1.7458301e-07,1.6875566e-10,3.2365102e-07,7.351015e-08,3.2026367e-08,1.3434297e-10,1.6709888e-09,0.00031793283,3.9266482e-07,5.214199e-09,3.798178e-09,3.6046213e-08,4.9305623e-07,8.3399e-07,9.308364e-11,1.6579516e-07,3.537282e-08,1.7388511e-07,3.593677e-09,3.5768444e-11,4.2514802e-08,2.3863205e-08,7.6203804e-08,7.7060164e-08,2.02024e-08,1.3743603e-07,8.723105e-08,2.0159774e-07,7.3851256e-06,2.5221573e-07,4.3301146e-10,4.3161563e-05,5.3126076e-10,2.0016824e-09,3.381857e-09,3.524431e-13,1.8813905e-08,4.462704e-10,9.492724e-07,6.3829333e-07,6.018003e-06,1.1250737e-09,1.7129298e-07,2.4442855e-08,8.1467846e-07,2.2148502e-08,5.353315e-07,5.859337e-07,5.0371136e-06,1.4862798e-08,4.8033553e-07,1.7122433e-10,1.3010876e-08,9.697655e-13,2.5292172e-07,1.7983068e-07,9.277668e-10,3.8920386e-10,1.6066309e-06,6.6051484e-08,1.2251218e-07,7.6511714e-11,3.4139467e-07,3.027464e-11,4.8248967e-06,7.1211187e-10,1.5850671e-07
BC2026_Train_0046_S22_20220127_230000_000,7.781003e-15,6.7498174e-11,1.7020641e-14,1.7845805e-08,3.111963e-08,9.86068e-15,1.6546377e-11,1.468284e-11,1.4287656e-06,6.389846e-07,0.00062211964,1.1940275e-11,4.3839818e-10,1.8195123e-10,4.864944e-13,0.0062936465,2.5417709e-08,8.5366626e-13,0.9999932,2.1692524e-07,3.129486e-08,0.99884284,1.924363e-10,2.3870725e-11,1.1167468e-06,5.1329052e-11,3.58559e-07,5.965567e-13,1.6717003e-12,2.4425455e-07,4.4170997e-11,1.4204365e-10,7.817354e-09,6.2974764e-11,3.24337e-11,1.9718063e-10,9.372266e-11,8.3459245e-10,1.1458057e-12,4.371722e-11,4.411629e-10,5.363514e-14,7.360937e-11,7.635281e-11,9.5954885e-12,5.623171e-12,3.1423144e-09,2.0951489e-10,3.0931632e-11,4.6453796e-12,1.8863822e-11,1.9241676e-11,7.525084e-11,1.5111263e-11,9.472287e-09,9.276615e-12,5.319945e-15,0.016153835,6.39537e-10,1.22324e-09,0.9999999,1.7646825e-14,6.766947e-08,0.9999994,0.00063270464,4.282946e-08,4.1653066e-12,3.0537545e-10,1.3786305e-15,1.4391956e-11,4.6315394e-17,1.0188635e-12,2.0352453e-09,3.9615627e-11,2.2577652e-10,3.595701e-12,1.056035e-08,5.16715e-10,9.98465e-10,5.5504885e-12,1.025754e-09,1.7505216e-11,3.1934368e-09,6.067147e-12,1.5741793e-10,1.1026142e-13,5.5429134e-12,2.561407e-09,1.8614793e-09,5.229617e-09,6.1506635e-09,5.2846807e-11,1.0085002e-12,2.1324833e-09,1.4184134e-07,5.5158806e-09,2.8808476e-11,4.7180077e-07,2.2781332e-08,1.4215086e-08,3.1065766e-09,6.726022e-13,1.1460521e-09,2.5969907e-06,2.6188744e-07,4.68802e-10,1.4535041e-12,7.9856854e-10,6.556704e-10,4.5565395e-11,7.474745e-11,4.8475794e-08,1.10443704e-13,2.5082655e-12,5.870706e-09,1.6065482e-09,1.2957556e-08,1.5021454e-08,1.6654166e-10,2.8018282e-10,4.8115155e-08,2.8607827e-09,2.0881383e-11,3.6823203e-06,3.1365466e-10,1.5763285e-09,3.5924432e-09,4.3123363e-10,5.316854e-14,9.8358675e-11,1.7380554e-11,1.1364462e-09,1.7625937e-10,3.810339e-09,6.858849e-10,7.184664e-11,2.0470033e-08,7.7179346e-11,1.0731607e-11,2.7712497e-08,9.332304e-12,1.4181206e-08,5.564488e-13,1.7728174e-09,8.3451015e-09,2.2787967e-13,4.837636e-10,2.0294613e-13,2.3498974e-12,1.3831697e-10,4.517577e-09,9.631749e-10,7.144804e-10,1.04349786e-10,1.8009206e-09,3.6450562e-10,3.3749572e-12,2.8888442e-10,1.6835637e-10,2.8229846e-10,3.3923233e-09,1.7960591e-10,2.8627183e-14,6.076412e-12,3.1575323e-13,2.1951928e-08,9.287933e-11,8.6571444e-10,3.0908956e-13,2.3736135e-09,2.7731726e-09,6.7577367e-12,2.592356e-13,1.5288283e-11,1.7048674e-06,1.5676274e-09,2.1934303e-12,1.486939e-10,3.4666656e-10,1.341575e-07,2.3646901e-08,4.325508e-14,5.570773e-10,6.1691242e-12,5.5240795e-10,4.320829e-12,2.1877169e-14,1.1674435e-10,2.8887533e-12,5.743169e-10,8.866793e-09,1.0303148e-09,3.2109276e-10,5.834658e-10,1.7035398e-09,1.3605928e-07,1.9390243e-09,4.67659e-13,1.1876915e-07,4.7135316e-12,5.2907496e-12,1.5719164e-11,4.8913236e-16,2.4527394e-11,9.071367e-13,1.18856915e-08,7.742166e-09,1.4712036e-07,6.6767875e-13,5.2288094e-09,4.940366e-10,1.9156346e-08,9.1163e-11,2.3833553e-07,2.2274667e-08,2.736656e-07,3.2156635e-11,1.6004993e-08,1.5135622e-13,8.42575e-11,1.4778366e-15,8.202707e-10,1.3542615e-09,4.6401372e-12,5.5570453e-12,3.259114e-08,8.402127e-11,3.071965e-09,2.6029837e-13,1.8254655e-08,6.7637614e-15,8.809331e-08,2.2439979e-13,5.0519535e-09
BC2026_Train_0046_S22_20220127_230000_005,2.5682996e-13,2.5915357e-09,1.1820014e-12,1.8329025e-07,6.0751785e-07,1.1478858e-12,3.208762e-09,2.2178961e-10,1.8888046e-06,1.6892158e-06,0.00076776894,6.4949673e-10,5.1031293e-08,7.3742665e-09,1.7886133e-10,0.18049225,1.2705497e-07,5.5775773e-10,0.999974,9.752821e-07,2.580573e-07,0.9973672,6.9664885e-10,3.02719e-09,6.26981e-06,1.9915185e-09,5.0274156e-07,2.8378144e-10,5.4402184e-11,9.203482e-07,9.666219e-10,5.096824e-09,1.03522666e-07,2.8137508e-09,2.1843867e-09,3.8014973e-09,2.8052774e-10,1.050803e-08,5.949483e-11,2.5768327e-09,9.864774e-09,2.6148532e-12,1.713273e-09,1.6115415e-09,1.4536117e-09,8.30982e-10,4.5961093e-07,3.1119686e-08,2.1008084e-09,3.3872394e-10,4.7339643e-09,9.958004e-10,2.1492086e-09,6.0679745e-10,3.1188205e-07,1.0834308e-09,5.0635607e-12,0.98421013,3.91596e-08,1.1347831e-06,0.9999999,4.1512384e-11,5.432149e-07,0.9999982,0.44539392,1.4017176e-06,8.651681e-10,8.860876e-09,3.2522317e-13,7.583583e-11,7.126752e-15,3.6201224e-09,5.156374e-08,6.9217774e-09,5.2294973e-09,2.9002947e-10,1.6860147e-07,4.886585e-09,2.3923088e-08,1.3514095e-10,3.2827337e-08,2.7786407e-10,3.564774e-08,1.2157455e-09,5.826442e-09,2.6628751e-11,8.563387e-10,6.3083895e-08,5.6029478e-08,6.6257635e-09,3.6759272e-07,1.830122e-09,1.2643507e-10,2.4557904e-08,4.229215e-07,6.075334e-07,3.2659202e-09,3.0778207e-07,2.1470841e-07,3.6052066e-07,8.212291e-09,3.1642276e-11,1.3169593e-08,1.362246e-06,6.7335674e-07,1.867971e-08,1.01868194e-10,3.769866e-08,6.0485887e-09,2.4286186e-09,4.267752e-09,2.5763066e-07,1.4521692e-11,6.154459e-11,3.0190435e-08,3.2723424e-09,3.983364e-07,2.8455415e-07,1.5160364e-08,4.377734e-09,1.2716375e-06,4.277452e-08,1.8920189e-10,1.4549347e-05,5.1671027e-09,9.054341e-09,9.259839e-08,1.2584623e-08,2.5164452e-12,4.2499558e-08,1.7608363e-10,1.8367952e-08,3.5364849e-09,1.0572745e-08,4.392496e-09,2.7165628e-10,8.278394e-08,9.792636e-09,1.2765156e-09,8.91926e-08,2.178948e-09,3.0287506e-08,5.9747284e-11,1.7496195e-08,1.753872e-07,2.7623636e-11,4.0511154e-08,1.8084572e-11,2.736016e-10,4.9102318e-09,8.007822e-09,5.111126e-08,1.4614102e-08,1.2765691e-09,6.012394e-08,7.2100823e-09,7.023806e-10,2.867349e-09,1.1012278e-08,2.6426492e-09,2.5547294e-07,6.203789e-09,3.8605902e-12,1.6125061e-10,7.4578095e-12,2.2944387e-07,1.1582109e-09,2.6177377e-08,2.3536754e-11,4.505102e-08,4.138824e-08,1.3537133e-10,1.8359694e-11,2.5669616e-10,1.4657543e-05,1.0959035e-08,3.874943e-10,8.837174e-10,1.5295035e-09,3.9099376e-07,7.099481e-08,3.3114288e-12,1.9462469e-08,4.9788573e-10,2.0180062e-08,5.685437e-10,5.610712e-12,4.498995e-09,2.8010266e-10,8.748828e-09,3.7741824e-08,1.866614e-08,1.8489255e-08,7.743229e-09,2.9650863e-08,3.3999817e-07,2.9984474e-08,1.2890585e-11,1.8515814e-06,7.027434e-11,6.0377503e-10,6.457638e-10,1.3643486e-14,4.6316377e-09,2.1355309e-10,9.6268174e-08,2.3027198e-08,4.1521557e-07,3.9781376e-11,7.88903e-08,8.406833e-09,3.8787667e-07,7.458674e-09,5.920998e-07,3.999461e-08,8.232997e-08,1.8328888e-09,5.084737e-07,1.0290884e-11,1.5729016e-09,2.6462198e-13,8.6022595e-08,3.0468513e-08,6.6775196e-11,9.425496e-10,7.469768e-08,1.5111977e-08,1.487219e-07,6.8609224e-12,2.261617e-07,2.7790405e-12,7.6879064e-07,3.364572e-11,1.8823997e-07
BC2026_Train_0046_S22_20220127_230000_010,1.4217387e-12,1.0948521e-09,2.4660694e-12,1.5582705e-08,4.8116215e-07,5.231595e-12,2.1105517e-09,5.8293737e-10,2.0921698e-06,1.0558225e-06,0.0005756094,8.2121776e-10,2.5233382e-08,6.1002616e-09,1.7099097e-10,0.07364073,6.545514e-07,1.7696342e-10,0.99997985,1.2628791e-06,8.8662716e-08,0.99922407,3.3306458e-09,1.7147147e-09,1.3902219e-06,4.177231e-09,3.424023e-06,9.745452e-10,5.1986724e-11,1.4513346e-06,1.108301e-09,2.8824885e-09,4.2177117e-08,4.0487884e-09,8.946155e-10,4.6251496e-09,5.130666e-10,7.688235e-09,5.4662837e-11,3.4452052e-09,1.6010215e-08,2.4130728e-12,2.1959705e-09,1.5174676e-09,1.1849718e-09,1.1455276e-09,9.454476e-08,2.7046263e-09,3.3869227e-10,1.4655568e-10,1.5203038e-09,9.778278e-10,2.072764e-09,1.1308007e-09,1.6096321e-07,5.452853e-10,9.9347735e-12,0.6635828,5.1324523e-08,8.844416e-08,1.0,2.26113e-11,7.187401e-07,0.9999969,0.012775831,3.4766e-06,2.1468691e-09,8.3322504e-09,1.4850858e-13,2.2803655e-10,3.9706496e-14,4.0199072e-10,4.288995e-08,3.852365e-09,1.8989368e-08,4.6104642e-10,3.021072e-07,1.7175044e-08,2.819264e-08,4.806402e-10,2.4785283e-08,8.34201e-10,1.6742314e-07,9.693859e-10,1.5911914e-08,4.3190177e-11,1.07192e-09,9.7138205e-08,1.1769472e-07,3.1175112e-08,7.215738e-07,5.828498e-09,3.4156816e-10,2.0414745e-08,7.0686593e-07,9.406681e-07,2.7346971e-09,2.6418147e-07,2.1255657e-07,2.6094557e-07,1.17014665e-08,1.3393718e-10,9.127501e-08,4.323865e-06,9.4600915e-07,4.5463548e-08,1.3227354e-10,3.7969777e-08,3.0033814e-08,1.8217472e-08,5.681148e-09,2.3255607e-06,2.4026444e-11,2.2571453e-10,6.458864e-08,6.635327e-08,4.6225193e-07,2.0083824e-07,4.077657e-09,7.978732e-09,2.712551e-07,2.1669534e-07,1.345954e-09,1.1102661e-05,5.3488602e-08,5.0312887e-09,1.0383472e-07,4.550311e-08,6.5254455e-12,2.2285716e-08,1.0570556e-10,4.9706742e-08,2.7108085e-09,1.5493262e-08,1.0813008e-08,1.1520463e-09,2.4329924e-07,1.697618e-08,3.914203e-09,8.05089e-08,7.5931544e-10,3.9779913e-08,7.291906e-11,5.7330404e-08,1.3452572e-07,1.118033e-10,8.646459e-08,3.4525563e-11,1.6966385e-10,1.3015418e-08,1.9508182e-08,4.4105146e-08,1.5510501e-08,1.2577777e-09,2.5344085e-07,1.7260131e-08,7.2386286e-10,2.2798665e-09,8.034504e-09,2.944986e-09,2.1183816e-07,1.1290728e-08,1.323459e-11,4.965817e-10,1.8594369e-11,5.3205525e-07,9.900947e-09,4.924688e-08,5.668575e-11,1.8138235e-07,7.742038e-08,7.5414397e-10,1.0628296e-10,2.1776767e-09,1.9031568e-05,4.34613e-08,4.0552858e-10,1.642731e-09,3.0635336e-09,5.131531e-06,4.284609e-07,6.6359223e-12,1.0569922e-08,7.6025014e-10,1.3851648e-07,6.903618e-10,2.8871502e-12,1.7289523e-08,8.003847e-10,7.2248696e-08,4.6733113e-08,8.854085e-09,7.1888113e-09,2.684901e-08,3.801456e-08,3.9148026e-06,3.2147604e-08,4.6387675e-11,1.3893749e-06,1.4801564e-10,7.4829226e-10,1.2401283e-09,2.8092124e-14,1.2024672e-08,3.4302278e-10,3.14656e-07,3.962067e-08,1.9540973e-06,3.2652873e-11,1.145425e-07,2.7161617e-08,3.0202338e-07,1.3336783e-08,1.644353e-06,2.753103e-07,1.3476357e-06,3.2222855e-09,3.4093588e-07,3.0937888e-11,7.646959e-10,1.1384751e-12,4.8498084e-08,8.58392e-08,1.2855897e-10,4.3506787e-10,2.3446331e-07,2.247992e-08,1.827504e-07,3.1966207e-11,2.9903666e-07,1.984561e-12,1.2859156e-06,6.926604e-11,4.2812883e-07
BC2026_Train_0046_S22_20220127_230000_015,1.4131793e-12,4.1110964e-09,2.0305465e-12,4.0908784e-08,1.1532279e-07,3.5951732e-12,1.7037673e-09,8.592904e-10,3.594813e-05,7.83016e-07,0.0010816586,4.814091e-10,1.0058748e-07,4.265595e-09,1.820033e-10,0.2268959,3.287249e-07,5.841179e-11,0.9999976,2.7443425e-06,4.0290843e-08,0.950126,6.6407315e-09,4.1468326e-10,1.7158889e-06,6.4101138e-09,1.2750485e-06,2.842171e-09,7.776661e-10,8.906168e-07,3.0467381e-10,2.0869817e-09,2.4366747e-08,5.775975e-09,1.85372e-09,5.004776e-09,4.1476314e-10,2.637181e-09,2.5912909e-11,2.7852376e-09,3.9158015e-09,1.012739e-12,2.6752167e-10,4.1479105e-09,4.4230224e-09,1.6508503e-09,1.2392522e-07,1.0962249e-09,4.0782072e-10,1.01323484e-10,9.2798097e-10,3.60514e-10,7.1551565e-10,1.216696e-10,1.8127221e-07,1.0492123e-09,1.1124488e-11,0.623151,3.8923986e-08,2.5596776e-07,0.99999857,5.7806837e-12,1.638639e-07,0.9999894,0.00012768732,3.9778965e-06,1.1453288e-09,4.0054005e-08,1.6520384e-12,4.0379894e-10,5.84204e-14,1.3117087e-10,1.12654895e-07,5.592248e-09,4.328104e-08,7.705392e-10,5.49287e-07,1.7318236e-08,3.4192684e-09,1.1017756e-09,7.117921e-08,7.032868e-10,7.242406e-08,2.1470686e-10,2.9131084e-09,3.042039e-11,2.0520716e-10,3.718952e-08,1.965658e-07,2.3251799e-08,4.0135606e-07,3.8736294e-09,1.8466433e-10,3.162416e-08,8.0195855e-07,2.825981e-07,2.2831086e-09,3.6447307e-06,1.6686842e-07,1.4238725e-07,2.7369321e-08,9.5421275e-11,7.798087e-08,1.2370812e-06,2.0808359e-06,6.295514e-09,1.5211675e-10,8.5778105e-09,4.0738733e-08,8.342411e-09,2.4775535e-09,2.0474504e-06,1.9792583e-11,3.0335564e-11,8.98949e-08,8.0020236e-08,5.7391517e-06,8.35121e-07,4.7407056e-09,7.376883e-09,4.874825e-06,1.069777e-06,3.7101205e-10,3.2437143e-05,3.530306e-08,1.7596697e-08,7.00006e-08,2.1913861e-08,7.888067e-12,8.272018e-08,8.5389355e-11,3.3105763e-08,2.8229592e-09,9.6349515e-09,2.5136238e-09,4.8500715e-10,3.1783205e-07,1.7985426e-08,1.8130974e-09,1.2610481e-07,2.2870865e-10,1.0149824e-08,5.278415e-11,3.1373215e-08,4.2877238e-07,1.34904e-10,1.6739233e-07,1.4409672e-11,3.6498915e-10,8.814604e-09,2.7942955e-08,3.845276e-08,3.5759832e-08,6.755273e-09,6.078777e-08,1.1509487e-08,2.3786928e-10,2.46877e-09,1.0586708e-08,1.6202205e-09,7.063391e-08,4.351179e-09,1.224609e-11,6.4019356e-10,5.2982452e-11,2.1493506e-06,3.987972e-09,4.0804828e-08,1.1411024e-10,1.5206241e-07,6.394059e-08,8.428711e-10,3.5914806e-11,5.750086e-10,1.818549e-05,1.03989905e-07,1.6874674e-09,2.4221052e-09,5.7515037e-09,1.3557694e-05,1.8349525e-07,3.2933198e-12,6.603587e-08,1.2350886e-09,4.379774e-08,5.539167e-10,1.4696729e-12,3.265809e-08,4.0057402e-10,3.4851862e-08,5.980609e-08,1.3461139e-08,2.3864104e-09,3.2161406e-08,9.714877e-08,3.7182224e-06,4.433929e-08,7.0455655e-11,1.7336303e-06,1.1577134e-10,7.2421086e-10,4.3672735e-10,1.284156e-14,6.960462e-09,6.2613337e-10,7.83817e-08,1.3421612e-07,6.0592765e-06,1.2993329e-10,1.3394758e-07,9.168396e-09,4.2456665e-07,6.1336647e-09,1.2625685e-06,2.9804133e-07,4.2569704e-07,8.098199e-09,1.3195273e-06,2.6956113e-11,7.1004393e-09,5.973788e-13,1.9076676e-08,5.7621676e-08,3.7165142e-11,6.1236634e-11,1.1143324e-07,2.2546477e-08,2.4057667e-07,4.0445143e-12,2.2470107e-07,4.9399183e-12,9.592877e-07,1.1075375e-10,9.132759e-08
BC2026_Train_0046_S22_20220127_230000_020,8.473223e-12,2.8472728e-08,6.468828e-11,1.4188043e-07,3.579659e-06,1.3347909e-11,1.7661796e-08,4.322344e-09,2.0610938e-05,4.8087268e-06,0.009799462,3.639209e-09,7.709736e-08,1.30459386e-08,2.5063946e-09,0.07713746,1.3805915e-06,8.4601837e-10,0.99970907,3.9931797e-06,4.2250747e-07,0.8841134,7.0932247e-09,1.5705071e-08,2.9222783e-06,3.9977124e-09,4.0899417e-06,2.2140805e-09,5.812165e-10,1.456237e-06,2.8257388e-09,1.3076058e-08,2.8284427e-07,4.6542574e-08,7.714881e-09,3.30498e-08,4.857867e-10,1.6484629e-08,6.047755e-10,1.6308558e-08,3.715492e-08,1.1585678e-11,9.3543635e-09,5.88628e-09,1.8769281e-08,1.5043447e-08,1.737467e-06,7.279521e-08,3.7105896e-09,1.1437353e-09,8.746042e-09,4.998137e-09,8.6947125e-09,4.599523e-09,1.8026642e-06,3.2533176e-09,3.7499236e-11,0.9638336,2.957648e-07,2.7659297e-07,0.99999666,1.3397174e-09,3.2170908e-06,0.9999838,0.029654356,5.052393e-06,7.939112e-09,3.3621014e-08,4.133057e-12,1.317921e-09,1.707948e-13,1.0807833e-08,1.2475016e-07,1.3198059e-08,1.5794176e-07,1.0010856e-08,1.2772501e-06,2.5247004e-08,1.533511e-07,1.4535092e-09,8.5034344e-08,3.955134e-09,9.229789e-07,8.5194823e-10,6.4711796e-09,1.3683048e-10,5.5108855e-09,1.4995653e-07,1.742141e-07,5.6139985e-08,2.2167158e-06,6.8914523e-09,8.230823e-10,6.150937e-08,2.1625879e-06,1.2180682e-06,2.6658372e-08,1.1560264e-06,1.8148909e-06,1.2341011e-06,2.687581e-08,3.467744e-10,3.994647e-07,3.0008905e-06,3.1455356e-06,5.516377e-08,1.0146393e-09,2.4540867e-07,1.7494015e-07,3.9183437e-08,1.47917e-08,2.9580876e-06,1.8645449e-10,5.2710836e-10,5.417492e-07,7.774043e-08,3.5689868e-06,2.4978803e-07,4.385408e-08,1.4480613e-08,8.9624785e-07,3.1982333e-07,1.9782942e-09,3.7911588e-05,2.9941898e-08,4.876885e-08,1.5287888e-07,1.8482862e-07,4.3650313e-11,5.561828e-08,1.1246124e-09,1.8095682e-07,2.3735058e-08,6.4592825e-08,4.1807244e-08,5.0751034e-09,3.9333798e-07,2.712827e-08,4.8242135e-09,1.5183953e-07,1.5785254e-08,1.2942135e-07,7.446204e-10,9.756416e-08,1.4521041e-07,3.9730513e-10,5.3402715e-07,1.5357204e-10,6.787377e-10,4.0769432e-08,7.4468794e-08,6.912492e-08,8.727066e-08,8.841798e-09,2.120233e-07,6.239844e-08,3.090348e-09,5.837577e-09,7.383292e-08,1.3981068e-08,4.6095636e-07,2.4116423e-08,2.6476666e-11,8.270574e-10,1.4541655e-10,1.5063092e-06,1.3810304e-08,4.6615604e-08,6.2132594e-10,2.8750833e-07,6.637453e-07,2.7161962e-09,1.9257987e-10,2.9846037e-09,5.4912307e-05,5.4341495e-08,8.503414e-09,6.575017e-09,7.94408e-09,2.9825278e-06,1.5181552e-06,2.9082644e-11,1.0947987e-07,5.9193805e-09,6.6734295e-08,2.8280467e-09,5.538372e-11,1.0606819e-08,1.7573913e-09,6.565057e-08,1.7867522e-07,3.754839e-08,4.9082868e-08,9.749812e-08,9.024415e-08,2.9714072e-06,8.475503e-08,2.1388329e-10,2.0669556e-06,8.55087e-10,4.50339e-09,6.282894e-09,4.1734717e-13,9.44132e-08,3.195897e-10,5.5336386e-07,1.11310044e-07,1.8091157e-06,5.371582e-10,4.315999e-07,4.567485e-08,5.3812676e-07,3.0123424e-08,2.4210938e-06,1.2497046e-07,5.891325e-07,8.877453e-09,2.8702395e-06,6.157606e-11,8.08343e-09,4.0891778e-12,1.8940271e-07,1.7127748e-07,7.853726e-10,6.3403416e-09,3.54182e-07,3.072277e-08,3.992499e-07,1.0842675e-10,1.0688266e-06,9.413198e-12,1.3926795e-06,5.439671e-10,4.5282462e-07
BC2026_Train_0046_S22_20220127_230000_025,1.7261185e-12,5.9953936e-10,2.7657837e-12,2.1222837e-08,3.08622e-06,9.589812e-13,1.0511432e-09,6.9974365e-10,1.6346295e-06,4.558855e-07,0.0002707746,1.1448767e-09,1.291171e-09,3.4367913e-09,2.131287e-10,0.005440379,6.2787876e-07,2.6024356e-11,0.99984324,4.926158e-07,6.018801e-07,0.62991875,1.6715147e-09,1.0767334e-09,7.401652e-06,5.270148e-10,2.3719122e-06,6.721541e-11,1.5780437e-12,4.711075e-07,1.9857453e-09,2.8029348e-10,5.960965e-08,3.3967513e-09,3.6474626e-10,5.4868227e-10,4.5581589e-10,6.4295955e-09,5.2903893e-11,1.1144271e-09,6.9694694e-09,3.779073e-12,6.3012435e-09,2.202197e-11,3.194483e-10,8.2679247e-10,1.3358172e-07,6.3102643e-09,1.8771375e-10,7.9362565e-11,3.7196457e-09,1.3853564e-09,3.220086e-09,9.719687e-10,9.037557e-08,6.8343375e-10,5.2493166e-12,0.9741687,1.7067734e-08,2.076061e-08,0.99999714,5.39312e-10,1.5379327e-06,0.9999963,0.09460839,6.14795e-07,7.9617785e-10,6.168639e-09,1.2669051e-13,3.0311978e-10,2.5678575e-14,3.3848366e-10,3.122957e-08,5.1356714e-09,5.6850715e-09,1.0992295e-09,3.1927752e-07,3.74152e-08,1.6215698e-07,3.867109e-10,1.7937362e-08,6.8766903e-10,1.306918e-07,1.3953088e-09,1.643784e-09,7.225328e-11,8.6136126e-10,7.476966e-08,3.1425195e-08,6.129773e-08,3.7324259e-07,1.9343773e-09,1.03275805e-10,1.4206683e-08,7.739069e-07,1.2138611e-06,8.5122425e-09,1.2530593e-07,9.018957e-07,6.8230514e-07,2.0245254e-08,5.686573e-11,2.2167352e-08,1.7596501e-06,6.782264e-07,9.6084145e-09,1.6799806e-10,3.5583753e-07,4.222299e-08,3.5149807e-08,6.3191417e-09,3.0424854e-07,2.7557328e-11,3.3833458e-10,1.3387097e-07,2.1553468e-08,3.9252407e-07,1.06189084e-07,2.7436796e-08,5.2247815e-09,2.2574921e-08,1.0449293e-07,1.7855873e-09,2.5432184e-05,2.6408806e-09,4.109711e-08,1.5562112e-07,1.30427775e-08,3.3349378e-12,5.43818e-09,1.4775668e-10,2.5587276e-08,2.5542792e-09,7.945644e-08,2.92227e-08,2.0487338e-08,1.2727205e-07,5.864361e-09,1.1371226e-09,4.871047e-08,2.7329972e-09,7.275607e-08,1.7609338e-10,9.2148056e-08,5.95894e-08,9.908115e-11,2.949429e-07,2.2034954e-11,3.2741887e-10,1.8888118e-08,4.1655532e-08,1.2259738e-07,1.1666033e-08,7.3135137e-10,1.324334e-07,1.6868118e-08,1.570719e-09,3.412025e-08,4.2824126e-09,1.3909597e-08,3.121457e-07,5.1099542e-09,3.3482204e-12,1.744413e-10,4.0289553e-11,3.0374144e-07,3.454951e-09,2.1376524e-08,1.7653862e-10,5.0040722e-08,8.3769514e-08,2.0789633e-10,9.634116e-11,4.688261e-10,4.7954523e-05,5.9539054e-09,3.8015555e-09,1.2652102e-09,2.0651045e-09,3.1401507e-07,4.1569734e-07,1.4418221e-11,4.0211003e-08,5.5590116e-10,3.793662e-08,4.7505055e-10,1.1810467e-11,2.4007043e-09,2.4910282e-10,4.199087e-09,7.8337465e-08,2.0809528e-08,9.032091e-09,9.18497e-09,4.5754888e-08,1.1655344e-06,1.6107709e-08,5.0133703e-11,2.750539e-06,3.050896e-10,1.8479798e-09,1.3227386e-09,2.6209022e-14,6.2451395e-09,7.8210445e-11,2.0137543e-07,3.223541e-08,9.535265e-08,4.2100615e-11,9.209763e-08,1.12290905e-08,1.17644774e-07,4.0554817e-09,4.915313e-06,3.5664403e-08,2.5997286e-07,2.731564e-09,1.739453e-06,1.8723342e-11,1.0591389e-09,8.5709234e-13,1.6118994e-07,1.056384e-07,1.1129991e-10,1.5356421e-09,1.1321105e-07,8.480318e-09,1.1067198e-07,6.487362e-11,5.292844e-07,4.2255375e-12,7.8318095e-07,6.457992e-11,5.690688e-07
BC2026_Train_0046_S22_20220127_230000_030,9.431731e-15,3.0158998e-09,5.921344e-13,4.0724824e-08,2.0164366e-08,6.6790415e-13,2.908406e-09,1.1154217e-10,1.0336456e-05,5.1229104e-06,0.00026982802,8.850883e-11,6.6799494e-08,1.3704655e-09,7.657113e-11,0.21195373,2.2581899e-08,2.310574e-11,0.9999989,2.0274874e-06,1.8805473e-08,0.9926722,5.832143e-10,9.6620496e-11,2.0060372e-07,2.4001354e-10,2.3829903e-06,1.4784353e-10,1.9027527e-10,5.9783906e-07,2.0418581e-10,2.5188023e-09,3.0766106e-08,8.722398e-10,4.7006804e-10,4.390486e-09,1.7366877e-10,5.261822e-10,6.852895e-11,8.9559715e-10,2.9441323e-09,2.9916363e-13,1.6865721e-10,3.7800882e-09,3.001553e-09,6.5167827e-10,3.527042e-08,8.946752e-10,1.3265276e-10,2.7124039e-11,2.5808353e-10,1.3712466e-10,7.515836e-10,7.980551e-11,9.3738166e-08,1.4952377e-10,1.1483151e-12,0.7833318,2.201625e-08,4.3107864e-08,0.99999976,9.306863e-13,1.04403085e-07,0.99998426,0.0013250464,1.3702905e-06,1.3840227e-09,7.3392012e-09,4.3452812e-13,4.705908e-11,2.132001e-15,1.5404105e-11,9.10887e-09,2.099847e-09,6.7314523e-09,1.2254578e-10,3.793466e-08,1.5738169e-09,5.7078773e-09,9.4787296e-11,2.339482e-08,8.907347e-11,2.4378647e-08,1.2352389e-10,1.1408158e-09,4.8704335e-12,7.02119e-11,4.479771e-09,5.274326e-08,8.433637e-09,6.340127e-08,7.0142875e-10,8.164352e-11,9.384976e-09,1.4136545e-07,1.00608005e-07,2.7080424e-10,5.406917e-07,7.524822e-08,8.27721e-08,2.1883733e-09,8.608003e-12,6.608816e-08,1.6233275e-06,7.197539e-07,1.0861356e-08,1.5634872e-11,1.5966232e-09,1.627978e-08,1.9305402e-09,3.6660222e-10,1.3264084e-06,4.716626e-12,8.470509e-12,9.245753e-09,1.2939428e-08,2.6524606e-07,2.5179497e-06,3.532667e-10,1.1155521e-09,9.630809e-07,1.1663667e-07,1.7060753e-10,3.0439203e-05,1.8198293e-09,4.084657e-08,2.2982356e-08,3.6610563e-09,5.1560665e-13,5.3192338e-08,1.5339193e-11,2.253646e-08,1.4000406e-09,3.0443987e-09,2.514957e-09,3.9230636e-11,6.043615e-07,1.0539497e-09,4.467882e-10,2.0779941e-08,2.4048357e-11,9.198787e-09,3.274574e-11,1.688286e-08,3.253679e-08,9.7987174e-11,7.471275e-09,5.9657067e-12,7.954366e-11,2.2150732e-09,9.216067e-09,6.1944125e-09,4.914814e-09,7.3482603e-10,3.3597416e-08,5.2482227e-09,2.9877732e-11,5.467444e-10,8.010861e-09,3.453574e-09,5.3710643e-08,1.8494607e-09,2.041155e-12,6.804509e-11,8.26637e-12,2.209978e-06,9.504079e-10,5.1353677e-09,9.8894755e-12,3.596483e-08,1.17067174e-07,2.6364502e-10,5.951432e-12,3.4380157e-10,1.5651174e-05,2.5314607e-08,4.3742072e-11,5.3840754e-10,1.2523699e-09,1.0144928e-06,6.397926e-08,3.6214063e-13,3.8423926e-09,2.8372082e-10,1.1696356e-08,1.4541239e-10,1.8976793e-13,6.407156e-09,9.7608324e-11,3.8873907e-08,3.0228986e-08,2.380051e-09,1.3492956e-09,2.9485001e-08,8.649475e-09,1.6118548e-06,1.4122525e-08,8.127385e-12,5.0800406e-07,8.0845775e-11,1.00208945e-10,4.5225296e-11,1.3189538e-14,1.1032119e-09,3.689112e-11,6.893637e-08,1.5510352e-08,3.0614788e-06,9.504722e-12,2.7462976e-08,1.2366851e-08,3.3747972e-07,8.18947e-09,2.0510581e-06,2.4958015e-07,3.8483577e-07,5.064911e-09,2.034422e-07,3.2951168e-12,2.7592015e-09,5.8760797e-14,3.1196692e-09,1.5615642e-08,4.772281e-11,9.0372855e-11,8.199883e-08,7.097308e-10,1.2328844e-07,5.813878e-12,4.316439e-07,7.0120293e-13,1.4525155e-07,4.0776292e-11,5.190714e-08
BC2026_Train_0046_S22_20220127_230000_035,6.133684e-14,2.5422336e-10,1.1798364e-13,9.812493e-09,2.7213732e-08,5.5133974e-13,1.2666511e-10,2.6562808e-11,1.0056692e-06,1.1664507e-06,0.00084120507,7.8290444e-11,9.675964e-09,2.0801185e-09,1.2833327e-11,0.5325379,4.606241e-08,1.5527971e-11,0.99999833,5.8098817e-07,7.4660505e-08,0.99960893,4.131217e-10,1.6256957e-10,1.2307269e-06,6.275226e-10,4.288746e-07,3.4951934e-11,7.250896e-11,2.5325937e-07,2.663024e-10,1.0953408e-09,2.7286546e-08,4.0504697e-10,2.1317054e-10,2.5858231e-09,7.4477097e-10,4.4035025e-09,9.7338144e-12,4.2909712e-10,2.136469e-09,3.8898808e-13,1.9345238e-10,1.3839276e-09,2.8443986e-10,2.9059483e-10,4.059655e-08,1.4616157e-09,2.1728211e-10,6.7825204e-11,2.4899738e-10,1.6413301e-10,9.2167124e-10,7.433756e-11,7.584246e-08,4.563454e-11,3.462808e-13,0.50240415,8.60672e-09,8.282371e-09,1.0,3.1869258e-13,1.2713036e-07,0.99999964,0.0032693835,2.4001042e-07,1.2643049e-10,1.2274186e-09,4.6568808e-14,2.6725533e-11,1.15649e-15,1.6076378e-11,2.7886358e-08,5.299461e-10,4.120022e-09,6.885007e-11,1.2740624e-07,1.5157002e-09,5.684562e-09,5.220951e-11,4.99585e-09,2.0525921e-10,8.033725e-08,1.2758528e-10,1.0066172e-08,3.0579768e-12,3.745851e-10,4.755233e-08,1.31187e-08,1.7416953e-08,1.1967624e-07,1.4378088e-09,6.352355e-11,5.3833906e-09,9.045146e-08,4.961022e-08,3.2689654e-10,8.2213205e-07,2.0816641e-07,2.440508e-07,1.2291623e-08,8.247677e-12,8.272834e-09,1.5949978e-06,4.4794146e-07,6.5231776e-09,4.2618825e-11,2.5306048e-09,1.0104066e-08,2.4132791e-09,4.5558643e-10,3.8656904e-07,4.6962395e-12,1.6316498e-11,1.1590447e-08,1.7924846e-08,1.2557042e-07,2.7653996e-07,2.2817677e-09,7.682884e-09,3.9589594e-07,5.3696915e-08,1.878373e-10,8.082012e-06,3.0749197e-09,1.7282499e-08,4.5881958e-08,3.8308894e-09,2.262764e-12,4.748959e-09,9.5889074e-11,5.2159796e-09,9.0490193e-10,1.763796e-08,8.904243e-10,6.5518035e-10,1.7883974e-07,1.3306083e-09,2.7695982e-10,3.885812e-08,5.3748894e-11,4.0035136e-08,2.0211657e-11,3.933445e-09,2.932063e-08,1.0757654e-11,4.3931747e-09,5.042069e-12,9.388529e-11,1.1785095e-09,8.628088e-09,1.0309798e-08,8.721371e-09,6.516521e-10,1.5108144e-08,2.430922e-09,2.214699e-11,2.5682068e-09,2.8127205e-09,1.6567553e-09,8.933909e-07,2.0158586e-09,5.790336e-13,9.311293e-11,3.2693427e-12,3.0426853e-07,5.181717e-10,1.2506185e-08,9.513319e-12,3.4288895e-08,3.0070268e-08,6.03012e-10,4.472704e-12,2.2470166e-10,1.150087e-05,1.2308797e-08,7.209414e-11,1.1505596e-09,9.1227237e-10,7.6872095e-07,1.6560806e-07,7.996358e-13,2.2659765e-09,1.8808144e-10,3.4314084e-08,2.1538736e-10,3.926211e-13,3.8545998e-09,8.202343e-11,5.9890652e-09,6.5923706e-09,5.567589e-09,8.495196e-09,2.5243201e-08,1.8605359e-08,1.0108798e-06,8.4369995e-09,1.0885355e-11,6.828194e-07,3.520155e-11,8.9849336e-11,1.733051e-10,8.3683315e-15,5.51531e-10,2.9031989e-11,1.0657116e-07,1.0071187e-07,1.4877951e-06,1.518216e-11,2.9609156e-08,5.4349036e-09,2.2238675e-07,2.67009e-09,5.2397087e-07,9.618907e-08,2.1234332e-06,4.3672066e-10,1.983578e-07,6.5832765e-12,2.53678e-10,4.6952405e-14,9.429205e-09,1.0153e-08,1.2053249e-10,1.3172242e-10,8.8681325e-08,1.1207089e-09,1.7964444e-08,3.2501744e-12,1.04931125e-07,2.5482448e-13,1.8864918e-07,1.8620739e-11,1.5851118e-08
BC2026_Train_0046_S22_20220127_230000_040,1.1411775e-12,1.3355537e-09,1.569904e-13,7.5715906e-07,1.9917929e-08,1.0356428e-12,5.8322425e-10,2.4823343e-10,8.551947e-06,1.3973504e-06,0.0046814047,9.350769e-11,1.1166346e-07,1.9190312e-09,2.6940948e-11,0.14336106,5.3419168e-08,9.5631125e-12,0.99998784,7.2879507e-06,6.939282e-08,0.9188737,1.2639277e-08,1.3678748e-09,1.4506536e-05,1.1632305e-08,1.0640698e-06,2.982286e-10,9.86625e-11,1.2163397e-06,6.810862e-10,3.4922847e-09,1.7800964e-08,2.8072702e-09,2.0474318e-09,1.7005953e-09,9.592223e-10,3.5212935e-09,8.751835e-12,2.5283085e-09,5.1668665e-09,1.8255488e-12,4.1335606e-09,1.3177124e-09,9.192328e-10,4.6025916e-10,2.9146994e-08,5.5666194e-10,1.2730768e-10,4.80082e-11,1.2868537e-09,7.6676987e-10,1.9550936e-09,4.1199333e-10,1.3920618e-07,2.2422741e-09,8.704009e-12,0.8195763,7.6370075e-09,6.919153e-08,0.9999994,2.7424222e-13,3.6344113e-07,0.9999969,7.2465755e-06,1.4181231e-05,3.0831693e-10,1.9804622e-08,4.564407e-13,9.090707e-11,2.282789e-14,1.00271996e-11,6.49184e-08,3.220743e-09,8.312932e-09,2.2855778e-10,3.123872e-07,6.65195e-09,2.7210965e-09,2.3716212e-10,5.0917638e-08,1.8948285e-10,1.0168528e-07,1.5728956e-09,3.6273242e-09,1.27697445e-11,3.9457887e-10,8.4139906e-08,1.225962e-07,9.314428e-09,3.94054e-07,3.1216514e-09,5.273715e-11,9.6365325e-09,8.93154e-07,6.8955444e-08,2.9408923e-10,6.1340126e-07,4.443148e-08,4.5979633e-08,6.274263e-08,7.0863974e-12,9.7006016e-08,1.0967411e-05,5.2728765e-06,4.1043977e-09,6.6266416e-11,1.9835271e-09,2.106109e-08,8.392285e-09,6.976022e-10,7.977152e-07,5.9738624e-11,3.5595374e-11,4.0952175e-09,4.006967e-08,3.7228773e-07,1.3140672e-06,1.439145e-09,7.3964532e-09,1.7135571e-06,2.867649e-07,1.653998e-10,2.0113881e-05,4.585929e-08,1.37684335e-08,1.157556e-07,9.568162e-09,2.6985435e-11,7.92808e-09,7.32282e-11,9.191526e-09,1.3899354e-09,9.488289e-09,5.6033733e-09,1.9456177e-10,1.2006939e-07,2.5326379e-09,1.5051016e-09,1.3648256e-07,1.2187074e-10,6.57166e-08,1.2649876e-10,2.614129e-09,5.136761e-08,1.0282649e-10,3.0132504e-08,1.147324e-11,1.640366e-10,2.999161e-09,3.6765012e-08,1.0564826e-07,2.8972844e-08,5.9015575e-09,1.30137545e-08,7.1084747e-09,7.546097e-11,1.5167819e-09,6.399595e-09,9.0930696e-10,1.8115088e-07,6.3580345e-09,8.10177e-12,2.4323027e-10,1.5908217e-11,5.4121397e-06,1.5669457e-09,2.7133083e-08,2.7665923e-11,1.0789259e-07,1.893678e-08,2.3416136e-10,3.3630387e-11,9.314175e-10,2.8643278e-06,4.9957424e-07,1.4235339e-10,1.2801973e-09,7.1506436e-09,1.730178e-06,2.9347768e-07,5.411259e-12,7.1547905e-09,2.0407989e-10,1.2322256e-08,3.491963e-10,1.0241943e-12,1.5375713e-08,3.8164907e-10,6.091719e-08,1.0362935e-07,9.327496e-09,1.580293e-09,3.266669e-08,6.845786e-08,2.712667e-06,7.926465e-08,5.518706e-11,3.0473016e-06,7.8840996e-11,6.086927e-10,2.4249744e-10,4.4265196e-15,8.2542945e-10,1.9453134e-10,3.2607115e-08,1.2847373e-07,9.57789e-06,1.8286617e-11,3.2213958e-08,1.0884951e-09,1.9652626e-07,5.655015e-10,2.433698e-07,8.919531e-06,2.4824517e-06,6.109542e-09,3.1579896e-07,7.032314e-11,2.377492e-09,3.6753982e-13,7.51441e-08,3.429289e-08,9.412503e-11,1.3410513e-10,5.6372606e-08,1.1724918e-09,2.5515295e-08,3.6289654e-12,1.05635976e-07,9.575007e-13,1.7477058e-07,3.846884e-11,6.002494e-08
BC2026_Train_0046_S22_20220127_230000_045,2.7647143e-15,9.092636e-10,1.1203176e-13,2.1803707e-08,1.8308388e-08,1.986384e-14,8.9163593e-10,3.9072027e-11,1.1890991e-07,1.9738382e-06,0.14276224,5.502561e-11,1.6642869e-09,5.4096966e-10,3.3529238e-12,0.009927336,3.5756766e-08,9.661657e-12,0.99999905,5.1216074e-07,4.190118e-09,0.97688633,1.16827815e-11,7.818359e-11,4.8598174e-08,6.645501e-11,1.5246073e-07,1.0655936e-11,1.4483732e-12,5.160182e-07,8.656826e-11,1.4821311e-10,6.6707417e-09,1.0972284e-10,2.5199448e-10,2.0266135e-10,3.9686848e-12,6.203499e-11,5.78547e-12,6.4138125e-11,8.9793184e-10,1.8461502e-14,9.25437e-11,1.4964646e-10,2.3421931e-11,1.7771964e-11,7.968771e-09,1.7293957e-10,1.7486994e-11,2.066374e-12,9.529705e-11,3.03871e-11,7.500896e-11,4.1191377e-11,4.584108e-09,5.738251e-11,3.2378085e-14,0.9832123,2.1803793e-08,7.916233e-09,1.0,2.3748313e-13,1.8203266e-08,0.9999987,0.07894883,1.334958e-06,1.5583751e-11,8.816349e-10,1.3564961e-15,3.2923083e-12,1.696707e-17,8.101619e-11,1.0590196e-09,6.442699e-11,9.89231e-11,5.2480654e-12,4.069561e-09,1.582295e-10,1.9638678e-10,3.9596416e-12,2.680709e-09,2.0094303e-11,9.918766e-10,3.203255e-11,1.8457444e-11,1.05457696e-13,2.3180517e-11,3.100444e-09,1.16388e-09,4.1504986e-09,3.2483587e-08,3.811447e-11,2.638324e-12,2.9981202e-09,1.4705144e-08,4.2390735e-09,5.684957e-11,2.9235023e-08,3.4520408e-08,1.5439042e-08,3.669471e-10,2.4358786e-13,1.7679953e-09,1.4734152e-06,1.668907e-07,1.0220162e-09,9.229911e-13,2.0582662e-09,2.8559137e-09,2.845191e-10,3.8926976e-11,8.7935e-08,2.8571286e-13,5.0248624e-13,1.869082e-09,5.765593e-10,6.0560716e-08,1.1140456e-07,2.6455377e-10,6.1513294e-10,1.1139729e-08,3.011405e-09,1.0600837e-11,7.5785977e-07,1.9231743e-10,1.424458e-09,5.481836e-09,1.7269434e-10,8.485469e-15,6.2367445e-10,2.2892402e-12,4.3767905e-09,2.205477e-10,8.334981e-10,2.909176e-10,1.0562992e-11,4.922751e-09,1.2810565e-10,2.1724252e-12,3.1713864e-08,2.2917274e-11,5.0704857e-10,1.0674402e-12,1.7193291e-09,1.6450336e-07,2.706231e-13,1.1403416e-09,1.2130515e-13,1.8473354e-12,3.01854e-10,1.4439704e-09,6.260092e-10,1.8505608e-10,6.952255e-11,1.0278712e-09,7.245144e-11,2.8343335e-12,1.7563475e-11,2.9698718e-10,1.0897031e-11,3.1161604e-09,9.9897694e-11,3.1684504e-14,1.5743609e-12,5.46262e-13,6.866382e-08,6.851837e-11,4.0934658e-10,3.6622495e-13,2.09893e-09,1.36765905e-08,3.0811324e-12,7.297534e-13,9.593402e-12,2.2390116e-06,6.8810063e-10,2.835961e-12,1.4648014e-11,2.880474e-11,9.673054e-08,2.0761983e-09,7.720305e-15,7.6617346e-10,9.313456e-12,7.2656703e-10,7.521464e-12,2.8715613e-14,7.41924e-10,5.250979e-12,6.2040934e-10,3.280327e-10,7.028684e-10,2.8803987e-10,4.7121795e-10,1.3998566e-09,6.4397234e-08,1.0944894e-08,3.0971336e-13,2.9303385e-07,2.2852354e-12,2.1187403e-12,1.153217e-11,4.3106867e-16,6.301923e-11,4.9145415e-13,1.5025439e-08,5.0690665e-09,1.542011e-07,9.064535e-13,1.905903e-09,3.4464326e-10,1.122286e-08,6.4666106e-10,1.6720257e-08,8.823924e-09,2.7446896e-08,7.449496e-11,1.3372673e-08,1.8252381e-13,1.0939163e-10,3.5924923e-16,6.177431e-10,3.875108e-09,3.516205e-13,1.6746531e-11,1.4967936e-09,3.9951167e-11,1.713434e-08,9.958141e-13,2.0702126e-08,1.20261035e-14,5.591205e-08,4.4287368e-13,4.6015054e-09
BC2026_Train_0046_S22_20220127_230000_050,1.9222654e-13,5.972202e-10,3.2954732e-13,6.3246275e-09,3.9390446e-07,4.2270343e-13,4.8108967e-10,6.3420526e-11,3.6867155e-07,1.7284269e-07,0.0002903814,9.094504e-11,2.703069e-09,2.3727535e-09,8.286471e-11,0.0019390944,5.1236785e-08,1.3702661e-10,0.9999163,2.2474192e-06,2.1802198e-07,0.99277556,5.8212407e-10,1.14884866e-10,1.2240536e-06,3.280565e-10,1.95235e-06,1.4149662e-10,3.6787195e-11,9.6340735e-08,1.9317586e-10,1.1920126e-09,1.8735303e-08,3.2847225e-10,1.7530652e-10,2.704188e-09,6.896731e-11,2.993001e-09,3.7433546e-12,7.2777234e-10,2.0405782e-09,3.2271996e-13,3.2170025e-10,1.1070312e-09,2.0052159e-10,2.1321121e-10,7.337273e-08,3.884165e-09,1.093301e-10,2.3739097e-11,3.8055437e-10,2.928561e-10,9.913829e-10,5.748723e-11,9.742431e-08,2.3003995e-10,3.010717e-12,0.23669395,3.9070816e-08,5.998728e-08,1.0,4.382941e-12,3.2184428e-07,0.99999046,0.010507414,4.5956406e-07,2.517293e-10,2.1357764e-09,7.829316e-14,3.4251393e-11,9.404492e-16,1.0131632e-10,1.1325021e-08,1.2365995e-09,2.2421072e-09,2.867976e-10,4.894544e-08,1.593663e-09,6.303888e-09,5.390577e-11,4.2173154e-09,9.239731e-11,3.3619408e-08,3.9406822e-10,4.010788e-09,8.73216e-12,2.9362068e-10,1.722527e-08,3.2029913e-08,2.9258674e-08,1.8686791e-07,1.6457887e-09,6.498024e-11,2.9906897e-09,2.5612331e-07,9.671878e-07,5.99799e-10,5.5089327e-08,1.0325113e-07,4.3827657e-07,2.18615e-09,5.3388192e-12,1.7972704e-08,5.246239e-07,6.069346e-07,4.0901122e-09,6.4918675e-11,1.8377625e-08,5.328167e-09,3.564113e-09,1.3709047e-09,3.610608e-07,2.5480387e-11,3.1928123e-11,5.0537874e-08,1.0015019e-08,4.3714365e-07,2.9631474e-08,2.414886e-09,1.3415867e-09,3.9609642e-07,1.3699818e-07,2.3712776e-10,1.1410782e-05,3.9872803e-09,2.7347182e-09,4.9706454e-08,2.3969491e-08,6.388996e-13,8.615375e-09,6.037517e-11,1.5287227e-08,3.3239949e-09,8.875981e-09,3.8857286e-09,5.3402405e-10,2.920159e-07,1.520011e-09,2.8111746e-10,2.527813e-08,8.246191e-10,4.6237574e-08,5.7994464e-12,1.5427915e-08,2.6961294e-08,1.7204722e-11,2.1027656e-08,6.2727185e-12,5.4247065e-11,2.7571447e-09,8.6202405e-09,4.1506962e-09,2.2936666e-09,1.761284e-09,7.431863e-09,1.6505545e-09,2.071435e-10,4.420973e-09,9.05106e-09,3.755167e-09,2.943368e-07,4.028729e-09,9.757695e-13,1.9091864e-11,5.333954e-12,3.751955e-07,1.1848791e-09,6.1969176e-09,3.3174028e-12,5.3831975e-08,2.4039634e-08,1.194527e-10,3.3071507e-11,2.8121452e-10,7.2434113e-06,9.930393e-09,7.690397e-11,5.224161e-10,8.027407e-10,2.5052354e-06,2.030361e-08,3.254726e-13,4.241532e-09,9.738833e-11,1.1775058e-08,2.5439026e-10,8.948223e-13,2.485728e-09,3.904789e-11,2.6046627e-09,3.2885543e-09,4.9867483e-09,5.7411356e-09,2.393249e-08,2.1688153e-08,7.8697616e-07,9.109322e-09,1.1841955e-11,1.0830986e-06,5.7267264e-11,8.729433e-11,1.6675684e-10,2.492172e-15,3.1686458e-09,5.493184e-12,1.0888969e-07,3.03554e-08,9.698405e-07,1.8694928e-12,3.569857e-08,1.01087885e-08,1.2343374e-07,1.5555556e-09,1.4791059e-06,1.0038868e-08,2.214703e-07,7.411362e-10,5.8310917e-07,1.9531896e-12,1.516322e-09,8.249068e-14,8.38331e-09,2.2972493e-08,6.870381e-11,5.207299e-10,3.291254e-08,1.7393508e-09,3.6121756e-07,1.1125931e-11,4.1154058e-07,6.2491424e-13,2.4998917e-07,3.6714715e-11,1.08905475e-07
BC2026_Train_0046_S22_20220127_230000_055,6.782164e-13,4.05883e-10,2.4699249e-12,2.7644822e-07,5.398668e-07,4.5179897e-13,1.4057749e-09,4.03541e-10,4.7099067e-07,1.8468816e-06,0.0061711795,8.335171e-10,1.1863948e-08,3.008936e-09,1.2642591e-10,0.009301242,2.0527047e-07,4.8319532e-11,0.99994016,7.926351e-07,2.4928042e-07,0.934412,6.259602e-10,6.2977085e-10,2.8401371e-05,6.6448864e-09,1.2802477e-06,1.5708741e-10,7.183194e-12,7.5698667e-06,1.1707219e-09,1.4089371e-09,1.8202051e-08,6.3564665e-10,1.5533252e-10,2.232049e-10,1.3671204e-10,1.2085161e-09,2.0548552e-11,3.8219466e-10,3.6955807e-09,2.2019396e-12,1.4558397e-09,2.1349567e-10,6.7639554e-11,4.973246e-11,1.7539229e-08,2.7302516e-09,1.3462308e-10,1.8086194e-11,1.6201278e-09,7.759104e-10,1.0126769e-09,5.4319677e-10,3.1227543e-08,1.9278799e-09,1.5391821e-12,0.94530815,1.3812061e-07,7.456373e-08,1.0,8.819165e-12,5.2882456e-06,0.999997,0.013084675,1.078692e-06,4.2141288e-10,4.8924975e-09,1.4650206e-13,6.1003716e-11,1.4910533e-15,1.0827284e-09,1.211725e-08,6.7247885e-10,3.0905838e-09,1.0390966e-10,3.6513505e-08,2.6493465e-09,1.0533674e-08,2.0217913e-10,9.308408e-09,1.0594333e-10,3.1627298e-08,8.5153884e-10,1.9484077e-09,7.414875e-12,2.317522e-10,2.2745903e-08,1.204763e-08,7.741059e-09,1.0043561e-06,6.8589406e-10,1.1091294e-10,9.309775e-09,5.5806687e-08,2.1560425e-07,1.178024e-09,2.6921109e-08,1.18924646e-07,1.9387781e-07,5.68312e-09,2.725726e-12,3.335402e-08,7.977136e-06,4.7981e-06,2.6862113e-09,1.6017734e-11,4.11561e-08,3.0295813e-09,3.6520522e-09,6.608418e-10,7.7190555e-07,3.530045e-11,2.7349917e-11,6.1059193e-09,6.9136497e-09,7.6074556e-08,8.206251e-08,1.2761212e-09,3.1632592e-09,1.6333796e-07,7.0056396e-09,1.056054e-10,1.4153853e-06,2.9026552e-08,2.0895072e-09,1.844284e-07,1.2147866e-08,1.2796804e-12,7.880891e-09,1.2393025e-10,9.861425e-09,2.3346622e-09,3.2232996e-09,3.13363e-09,3.3363476e-10,3.0109238e-08,2.2287447e-09,2.794314e-10,2.1003693e-07,3.6125143e-09,4.1525272e-08,2.8580197e-11,6.911197e-09,1.7846678e-07,9.429335e-12,9.389363e-09,3.0349033e-12,1.2530264e-10,7.3253976e-09,1.2301802e-08,5.763795e-08,4.6144435e-09,2.164017e-09,8.5939575e-09,1.6610522e-09,5.5591472e-11,5.10003e-10,6.005285e-09,4.8431475e-10,3.6478497e-07,3.054199e-09,1.9571723e-12,5.0484422e-11,2.2906596e-12,1.0199589e-07,1.3791555e-09,4.620705e-09,1.3799751e-11,3.5864343e-08,7.2822544e-09,1.3496938e-10,2.136475e-11,2.4222932e-10,1.8627164e-06,2.1788036e-08,9.6027256e-11,1.4334352e-10,7.5887235e-10,7.025674e-07,9.10389e-08,1.0507046e-12,2.8430873e-09,3.512804e-11,2.8410816e-09,2.3241445e-10,1.0602489e-12,1.9930042e-09,2.0671724e-10,1.1688439e-08,1.6475859e-08,3.757517e-09,3.459389e-09,6.7625434e-09,1.2966505e-08,3.9567925e-07,1.7307801e-08,1.0522293e-11,1.2191978e-06,2.6134586e-11,2.3623842e-10,2.6786223e-10,9.294825e-15,2.3761955e-09,1.087249e-11,1.5770831e-07,2.282757e-08,1.0220634e-06,2.5584782e-12,3.338636e-08,1.3510133e-09,2.1581654e-07,1.1215129e-09,1.0817426e-07,3.4498427e-08,8.442265e-07,8.6714075e-10,4.613865e-07,9.328247e-12,3.8296163e-10,3.849346e-13,3.9201673e-08,1.7098657e-08,3.7275752e-11,1.5358413e-09,2.000729e-08,1.9402304e-09,3.753185e-08,6.5543465e-12,2.6862432e-08,8.750029e-13,5.549689e-07,1.7980083e-11,1.5207097e-07
BC2026_Train_0049_S22_20220203_221500_000,1.8676555e-14,2.5307615e-11,2.7293103e-12,1.4954477e-08,5.1444584e-07,2.049957e-12,1.9798448e-10,4.5272958e-10,2.9592162e-08,1.9359488e-06,2.101757e-06,6.368696e-11,6.612715e-11,2.2806489e-07,8.9751706e-11,0.00014062486,6.031725e-08,2.8966751e-09,0.9999827,2.0271973e-06,4.5941727e-07,0.99993443,2.0599078e-09,5.866581e-11,1.2258771e-06,7.0474876e-11,2.6553812e-07,6.983686e-11,2.9403003e-12,8.4911335e-08,2.7181346e-09,7.196517e-10,3.5978735e-07,2.224767e-11,1.5892175e-11,2.4543423e-09,3.2593653e-10,3.3600177e-08,4.2139094e-11,5.5721433e-10,3.318479e-08,2.4812903e-12,9.564837e-10,5.495568e-10,6.970415e-12,1.6920682e-11,4.0643965e-08,3.586735e-08,4.4367082e-10,5.3786353e-10,2.0036868e-10,2.292394e-09,7.639615e-09,2.377237e-10,2.5234735e-07,1.9946524e-11,7.180365e-14,0.0020706563,4.8850564e-09,4.0939665e-07,0.9999895,1.5754122e-12,1.6358904e-08,0.999995,0.9999913,7.9397815e-08,4.020981e-10,2.6614852e-10,6.3753553e-15,1.7640263e-10,1.7590955e-16,6.897863e-11,5.799721e-09,7.945364e-10,1.0115239e-10,6.4479516e-10,8.5715826e-08,9.994411e-09,1.01395926e-07,2.322465e-10,3.1839005e-09,7.520339e-10,7.796552e-09,1.4686214e-09,5.1917217e-09,6.0015088e-12,2.8567422e-09,1.0627677e-08,5.117767e-09,2.5915008e-07,4.4670177e-08,4.9928297e-09,1.5284413e-10,9.918378e-08,1.1986853e-06,1.4468127e-07,2.2517972e-09,5.7223286e-07,1.0916023e-07,3.7651275e-06,1.5022422e-09,3.1895802e-11,4.486644e-10,4.5270806e-07,1.234375e-07,1.7909492e-09,5.647218e-11,6.380451e-08,5.514426e-10,6.311573e-10,3.915473e-09,1.1646628e-07,7.687588e-13,1.6525255e-10,3.7024515e-07,1.8133708e-09,4.15038e-09,1.1619864e-08,8.5586116e-08,8.168083e-09,5.039779e-09,1.6396108e-08,1.3996643e-09,4.3803525e-06,4.247521e-10,4.28363e-09,2.3582942e-08,8.3276863e-10,2.514827e-13,1.2877605e-08,1.6750278e-10,5.787698e-09,1.4483838e-07,2.4843784e-08,2.4295916e-09,6.926324e-08,3.4813135e-07,3.6887898e-10,1.4856293e-10,1.11072715e-07,1.2135423e-09,1.5813588e-07,2.4877366e-11,1.3740066e-07,5.0929656e-09,2.4425607e-12,1.093786e-08,6.9587517e-12,2.392726e-10,5.7687086e-09,1.8895279e-09,2.255038e-09,1.4769224e-09,6.117888e-10,4.5967187e-08,4.0268544e-09,1.3714645e-09,1.6826722e-09,2.8804605e-09,2.1807459e-07,1.579435e-08,1.190245e-09,2.8710658e-12,8.194477e-11,3.4712757e-11,7.7863454e-08,1.886306e-08,1.3115172e-08,2.0342962e-11,8.356892e-08,1.6503245e-07,7.705858e-11,3.1694283e-11,1.11394415e-10,9.591702e-06,1.1457657e-09,2.6156438e-10,3.4189146e-10,8.30616e-10,3.818297e-07,4.6469932e-08,3.8048628e-13,1.5767833e-08,4.5864149e-10,6.9077595e-07,5.229933e-10,5.1491107e-12,1.0715352e-10,4.7496517e-11,3.4057168e-09,5.4455076e-09,1.1652777e-08,1.2756331e-07,5.1354268e-09,2.8704186e-09,2.2322686e-08,1.2740037e-08,2.5668267e-12,1.1731756e-06,6.8912254e-10,5.1793823e-11,1.5098487e-09,2.4218403e-14,9.2825353e-10,1.9561172e-11,4.7370062e-07,1.6014818e-09,7.714899e-08,7.137841e-11,3.0058054e-08,3.3426755e-08,3.3184824e-07,7.9360724e-08,1.25426e-06,9.798573e-10,3.074916e-07,1.6426642e-10,4.2954632e-08,4.8623556e-13,4.1597772e-10,1.1540695e-13,9.767989e-10,2.6260645e-08,9.854176e-11,1.904878e-09,7.444237e-08,1.5796822e-08,4.5086958e-07,1.6843176e-11,9.795439e-07,4.1981917e-12,2.1517421e-06,6.8160794e-12,2.6895707e-08
BC2026_Train_0049_S22_20220203_221500_005,6.8371983e-12,2.1145368e-09,3.3191543e-09,1.4449428e-07,1.971513e-05,2.602531e-10,4.5384184e-08,4.7334572e-07,4.739623e-06,2.2110319e-06,1.513785e-05,3.606277e-09,1.1735731e-08,7.292073e-06,2.7372819e-08,0.0001152256,7.169032e-06,1.4286672e-07,0.99435,2.3793025e-05,1.0880725e-05,0.99112105,1.03892766e-07,9.011132e-09,5.2765015e-05,1.0998313e-09,1.5323127e-05,1.9758393e-09,1.1235185e-10,2.1006879e-07,3.0124056e-08,9.659037e-09,5.1474653e-06,9.267057e-10,1.668368e-09,2.3949843e-08,4.968747e-09,6.3134394e-07,1.6941949e-09,9.206667e-09,3.4308763e-07,1.6097097e-10,2.9667383e-08,4.2379176e-09,2.7622504e-09,8.123121e-09,1.9354172e-06,8.133161e-07,6.551345e-09,2.4602725e-08,2.3780045e-09,3.381762e-08,7.7730654e-08,4.3123305e-09,3.2280655e-06,3.2444873e-09,1.8794652e-11,0.001113925,6.8176655e-07,1.4244894e-06,0.9997639,1.7361941e-10,1.8826705e-06,0.9994031,0.9999664,1.1202317e-06,2.0829033e-07,3.137986e-08,7.450121e-11,1.0374821e-07,1.0513896e-13,5.9200693e-09,2.219797e-07,2.2338367e-07,1.3670305e-08,5.8368215e-08,1.4378733e-06,6.962881e-07,4.173041e-07,2.4001196e-08,6.9423396e-07,1.7276896e-08,5.345718e-07,1.8772099e-07,4.258127e-08,1.106645e-09,2.8307518e-08,1.0456328e-06,1.225081e-07,2.5342008e-06,1.774236e-06,1.2034224e-07,1.646879e-08,1.3198873e-05,1.3291373e-05,8.024136e-06,3.2314983e-07,9.3458275e-06,7.5059174e-06,3.1696156e-05,2.6825925e-08,2.9002257e-08,7.608674e-08,9.240197e-06,1.7314543e-06,1.1229887e-07,5.775369e-09,1.1524171e-06,1.8998534e-08,1.1577034e-08,1.08808514e-07,2.9954006e-06,7.868041e-11,3.9169382e-08,1.6042791e-06,3.9009684e-08,1.8638717e-07,1.6891402e-06,2.028519e-07,6.689983e-07,1.026213e-07,2.218871e-06,5.513495e-08,4.7379188e-05,1.7177829e-08,1.0206852e-06,1.8157149e-06,6.962151e-08,7.1869216e-12,1.7102447e-07,9.785242e-09,6.6409115e-08,4.232399e-05,6.1080766e-07,3.5074336e-07,3.4535872e-06,4.001337e-05,4.1584247e-08,3.191385e-09,6.918658e-06,5.913143e-08,5.8671876e-06,2.6321056e-09,1.04270175e-05,7.8589935e-08,2.4823024e-09,2.0266161e-07,9.0642555e-10,3.3464772e-08,1.0795337e-06,4.2661307e-07,3.6864623e-07,2.3936735e-08,3.617674e-08,1.4384632e-06,8.0632e-08,5.096914e-08,1.5415068e-07,1.06957444e-07,3.9979688e-05,1.525576e-06,3.5329602e-08,2.3196846e-10,3.6793057e-09,2.8007772e-09,2.2200192e-07,1.5071541e-06,1.3890711e-07,9.723543e-10,8.196324e-07,3.3851934e-06,7.6142745e-09,1.3049347e-08,2.0912017e-09,0.0002726283,5.6742405e-08,2.976504e-08,1.1557862e-08,1.3267442e-08,3.988358e-06,7.898477e-07,1.6282993e-10,9.321717e-07,1.9411047e-08,4.739681e-05,2.9498334e-08,1.6147189e-10,7.902204e-09,1.1432968e-09,6.3508374e-08,3.3062854e-08,8.5775497e-07,1.8670789e-06,1.7945085e-07,1.1110449e-07,2.754684e-07,9.972446e-07,4.1930023e-10,7.2307594e-06,3.1004518e-07,1.8854132e-09,1.2736311e-07,2.7634902e-12,1.2573712e-07,4.6347837e-09,2.1921103e-05,1.1928206e-08,2.1057615e-06,1.7155259e-09,4.9207495e-07,2.378649e-05,8.43123e-06,6.105781e-06,6.724334e-05,7.327917e-08,3.938544e-06,1.9853033e-08,6.5790334e-07,3.4382647e-10,3.3930426e-08,1.190165e-10,4.999331e-08,3.089182e-06,1.4446461e-08,1.8394589e-07,6.3033954e-06,3.8415595e-07,2.6523074e-05,5.240141e-09,1.1312248e-05,1.6581273e-09,3.6860787e-05,1.5552737e-09,1.1348362e-06
BC2026_Train_0049_S22_20220203_221500_010,2.8733804e-10,1.1939609e-08,2.7129605e-09,3.7720747e-07,1.2756841e-05,2.2106499e-09,4.795702e-08,7.2934597e-07,4.4812364e-06,2.923792e-06,7.731159e-05,9.375816e-09,7.413532e-08,6.467026e-06,1.4355269e-08,0.0004515361,1.3394954e-06,5.745618e-07,0.99341667,2.6382688e-05,6.9283437e-06,0.98532605,1.3845325e-06,2.9312128e-08,5.435982e-05,2.1791735e-08,6.4717366e-05,6.217957e-09,1.687889e-09,2.2105314e-07,1.0738795e-07,1.1161363e-07,5.723558e-06,2.7160616e-09,1.5774331e-08,2.138338e-07,5.381955e-08,1.368585e-06,2.078449e-09,2.3995113e-07,1.3202738e-06,1.1388939e-09,2.917345e-07,1.474063e-07,1.935179e-08,1.7631502e-08,1.1149378e-05,3.572784e-06,1.8057817e-08,2.6017923e-07,8.208928e-08,4.120252e-07,1.3374977e-06,1.23607204e-08,1.6229053e-05,3.2004323e-08,5.389747e-10,0.0008824024,2.2341696e-06,4.3879292e-05,0.9989434,8.296185e-10,6.3897306e-07,0.99776983,0.9998091,7.2893754e-06,2.0361786e-07,6.505736e-08,3.411272e-11,1.1657552e-07,3.4891304e-12,7.421965e-08,6.004182e-07,1.3824278e-07,1.147619e-08,2.431675e-07,4.9679907e-06,4.0881905e-06,2.692759e-06,8.413413e-08,1.5419744e-06,4.4854932e-08,1.417018e-07,8.4843083e-07,6.118022e-07,3.3205872e-08,4.4614495e-07,4.667816e-06,3.1569024e-07,2.5585407e-06,1.34580405e-05,2.362356e-06,1.03342934e-07,1.2295394e-05,3.1962845e-05,1.1422911e-05,6.590362e-07,1.8389517e-05,1.0050115e-05,3.8731552e-05,1.5646549e-07,2.8793034e-08,2.2176876e-07,1.4798475e-05,3.5601074e-06,1.0678484e-06,5.2721237e-08,1.4042208e-06,4.7087514e-08,1.1502514e-07,5.3120704e-07,6.5158397e-06,1.1395697e-09,1.0904973e-07,4.3810164e-06,1.2628787e-07,6.413607e-07,1.3470908e-06,2.7019473e-06,1.495859e-06,4.1943946e-07,5.898814e-06,1.5925187e-07,8.8759814e-05,1.1329671e-07,6.454337e-07,1.58432e-05,1.0465389e-07,8.7224096e-11,1.0446539e-06,7.69964e-08,5.725178e-07,8.740533e-06,4.5138386e-06,6.6200624e-07,5.2790297e-06,2.439102e-05,5.08224e-07,2.459991e-08,2.3124387e-05,5.235433e-07,6.774973e-06,1.29482665e-08,3.68401e-06,3.7659752e-06,1.2161636e-08,1.4485566e-06,3.6201224e-09,6.778695e-07,3.7488144e-06,3.880265e-07,1.0668417e-06,7.111285e-08,4.2636947e-07,9.795534e-06,3.210405e-07,7.793313e-07,2.8186167e-07,5.8433335e-07,7.645196e-06,1.5196023e-06,2.6368207e-07,1.2006928e-09,5.5423108e-08,6.030779e-09,2.7627002e-06,7.69862e-06,3.5044252e-06,4.3233497e-09,5.7513207e-06,2.2100343e-05,1.570576e-08,6.363727e-08,3.0093506e-08,0.00029089846,1.3061323e-06,7.9307e-08,5.6143843e-08,1.4072101e-07,2.5381496e-05,5.4713737e-06,4.3958046e-10,1.4326283e-06,7.662253e-08,7.2179486e-05,6.851715e-07,3.829406e-09,6.2827176e-08,2.6341057e-08,2.292293e-07,2.7984618e-07,1.1513076e-06,2.129317e-05,2.2728216e-07,8.074571e-07,1.5360976e-06,2.0669595e-06,5.801801e-09,9.503763e-05,1.2771669e-07,2.9661553e-08,7.584765e-07,3.7531206e-12,9.687036e-07,6.2087395e-08,1.076182e-05,4.3399626e-07,3.7132615e-06,1.9308985e-08,9.0909424e-07,0.00013671488,1.7836172e-05,2.3836788e-05,9.259447e-05,1.0793042e-06,7.253683e-06,1.8380858e-07,1.1076855e-06,6.3785865e-09,1.1247787e-07,6.7200184e-10,1.9281921e-07,2.332266e-06,7.446208e-09,1.2975569e-06,7.1408726e-06,1.9357349e-06,0.0007998313,1.173685e-08,3.280669e-05,1.3115723e-08,0.00023230909,1.0779978e-08,2.8423842e-06
BC2026_Train_0049_S22_20220203_221500_015,5.475064e-13,1.9658167e-10,3.0531296e-11,4.1083474e-08,2.2766167e-06,1.7542584e-11,3.0153993e-09,7.708527e-09,1.4397107e-06,3.7282956e-07,1.8572016e-06,1.409294e-10,2.4432623e-10,6.2788354e-07,1.6439062e-09,0.00013781237,2.4557635e-06,2.6927567e-09,0.99963915,6.419399e-05,6.1739543e-06,0.9989975,9.610632e-09,1.1934224e-10,3.6292917e-07,2.6258914e-10,1.183878e-05,9.826947e-10,2.057016e-11,1.1548623e-07,2.2551756e-09,2.812887e-09,8.730176e-07,7.3244966e-11,9.6774304e-11,4.4298356e-09,8.3079504e-10,6.219976e-08,4.225612e-11,1.2829938e-09,1.7240685e-08,1.2058416e-11,2.882972e-09,1.4947369e-09,1.3657521e-10,6.968734e-10,6.0100024e-07,1.13816206e-07,1.6409951e-10,1.9559998e-09,9.894919e-10,2.7213924e-09,1.9866366e-08,2.8625768e-10,3.0760276e-07,6.9944446e-11,3.9829793e-12,0.012005337,4.3352674e-08,4.551388e-07,0.9999821,1.3741679e-11,7.7812075e-07,0.99998295,0.9997888,1.4265095e-07,1.10048655e-08,6.667193e-09,8.955412e-13,2.3729616e-09,3.9141316e-15,5.2929555e-10,1.9461434e-07,2.1369662e-09,4.6223242e-10,4.282658e-09,5.8772287e-07,8.815919e-08,8.599066e-07,1.4518687e-09,2.4213444e-08,9.522628e-09,1.8020302e-07,6.752168e-09,7.732234e-09,6.939907e-11,1.6085911e-08,5.1653117e-08,1.2217785e-08,4.861608e-07,4.1979885e-07,2.1027455e-08,1.4865739e-09,5.8925446e-07,2.6992432e-06,6.0737975e-06,2.2319918e-08,8.706873e-06,3.593005e-06,8.760963e-06,2.8323708e-09,1.0160609e-09,5.8335363e-09,1.074345e-06,3.154152e-07,1.1710844e-08,3.8737036e-09,8.776325e-08,2.7262617e-08,4.57021e-09,1.3730486e-08,4.537832e-06,7.374158e-12,1.5525083e-09,2.3667399e-06,2.9080137e-08,1.7442075e-07,8.444473e-08,2.1333517e-07,1.14505205e-08,8.494418e-09,1.5785832e-07,1.4901913e-08,1.27007825e-05,4.023476e-09,1.6645798e-08,7.745242e-08,9.791647e-09,6.121979e-12,6.366071e-08,1.3216668e-09,2.2811031e-08,1.0160448e-06,7.624975e-08,5.2883987e-08,7.092354e-07,4.389287e-07,3.917146e-09,1.0047004e-09,5.1370785e-06,8.7637755e-09,1.4645234e-07,2.8117e-10,1.3061073e-06,4.5294577e-09,1.1080235e-10,6.387025e-08,6.382778e-11,1.5837511e-09,4.0666215e-08,1.5003158e-08,5.316006e-09,7.923968e-09,2.1006809e-08,1.5800775e-07,1.7386515e-08,1.0575649e-08,1.3703146e-08,5.453067e-08,1.1556516e-06,6.6155627e-07,7.2362023e-09,1.1130075e-10,1.1608648e-09,5.22752e-10,2.825178e-07,2.202911e-07,1.2720781e-08,5.702423e-10,1.47866e-07,2.0306243e-06,1.3738567e-10,1.5954839e-10,2.7284504e-09,1.5126723e-05,4.8905946e-09,1.1532885e-09,4.270708e-09,2.3203144e-09,1.3394788e-06,1.934377e-07,9.885665e-12,8.140231e-08,6.986771e-09,6.071429e-06,6.8367405e-09,5.4437684e-11,5.6217514e-10,2.0788286e-10,3.8022026e-08,2.043894e-08,5.2700134e-08,4.2018613e-07,3.7489425e-08,2.8224548e-08,1.1524013e-07,7.9666165e-08,7.440294e-11,1.0786939e-06,7.3753927e-09,7.2889206e-10,8.160888e-09,3.5629298e-13,1.9671953e-08,3.7229939e-10,9.2875445e-07,9.757565e-09,1.3703625e-06,5.73613e-10,3.6263927e-07,8.0182014e-07,1.486832e-06,1.8077258e-06,3.6010406e-05,4.75938e-08,5.9229575e-07,4.345837e-09,8.14792e-08,1.1870563e-11,7.415265e-10,1.1133488e-11,2.4543153e-08,1.5473496e-07,1.1508383e-09,1.1523869e-07,2.1713947e-07,1.05133864e-07,4.6742884e-06,2.0525454e-10,6.7418813e-07,4.361777e-11,2.6936398e-06,1.3024742e-10,1.1616134e-07
BC2026_Train_0049_S22_20220203_221500_020,2.4623265e-10,2.7956636e-07,1.8252774e-08,9.221051e-06,1.9011124e-05,1.0094108e-08,1.7993682e-06,4.3866507e-07,4.4642e-06,2.8634659e-05,0.00035364303,4.6716627e-07,4.2523692e-07,8.7752596e-05,8.6552866e-08,0.0037991814,6.6437036e-07,2.0656886e-05,0.99409854,0.0004011788,5.4964017e-05,0.99631196,1.0606323e-06,8.818744e-08,2.2460912e-05,1.1896866e-07,8.323839e-06,2.8016334e-08,9.044055e-09,4.309062e-06,2.7843873e-07,4.849531e-07,1.3678408e-05,1.1000145e-08,7.284161e-08,1.1855983e-06,4.195003e-07,2.7029291e-06,2.078018e-08,7.9919545e-07,5.9349163e-06,6.6437207e-09,6.812427e-07,1.396611e-06,4.04473e-08,3.280562e-08,2.1236932e-05,9.0612275e-06,2.3839303e-07,8.6796945e-07,3.515417e-07,1.2294422e-06,4.0891578e-06,1.1956729e-07,3.9925166e-05,1.3140392e-07,1.2684552e-09,0.040314894,5.550162e-06,2.4492087e-05,0.99988675,3.966012e-09,3.0244698e-06,0.9993086,0.9998963,1.0367969e-05,2.5994586e-06,3.3029139e-07,2.5968092e-10,1.13335496e-07,8.065614e-12,1.2368861e-07,1.694348e-06,9.756952e-07,1.4161427e-07,1.1879254e-06,5.5132923e-06,2.6839496e-06,9.167697e-06,6.511558e-08,3.3261163e-06,2.462914e-07,6.065585e-07,1.0578482e-06,2.7242586e-06,1.1922133e-08,2.017958e-06,1.1831624e-05,1.1800778e-06,1.3195739e-05,7.617526e-06,6.3823886e-06,2.1118682e-07,1.8681261e-05,2.4489213e-05,4.2843044e-06,1.7144495e-06,5.940117e-05,3.91504e-05,0.00039535275,1.1127868e-06,4.372028e-08,4.574638e-07,4.759887e-05,8.291846e-06,1.8319307e-06,1.7187405e-07,4.203515e-06,9.5644445e-08,3.017582e-07,2.934869e-06,6.904039e-06,3.2321155e-09,3.297626e-07,4.361353e-06,4.459297e-07,5.049615e-07,1.3691954e-05,3.8176757e-05,3.37788e-06,3.5353448e-06,1.0314547e-05,3.9595295e-07,0.00043419856,1.5533259e-07,1.9690608e-06,1.4048628e-05,8.541763e-07,4.619178e-10,1.1892236e-05,4.680359e-07,4.514315e-07,6.5676046e-05,5.5865803e-06,9.08491e-07,4.3258802e-07,3.8421356e-05,4.0233368e-07,5.3584273e-08,3.3692246e-05,4.6498522e-07,0.0002617874,3.9051372e-08,8.209519e-06,4.7910444e-06,6.201482e-09,1.5720407e-06,5.721939e-09,4.8167e-07,3.3620165e-06,3.6570836e-07,4.0022724e-06,4.228187e-07,3.0379533e-07,1.4537543e-05,1.2373231e-06,3.0294466e-06,5.378682e-07,1.3857187e-06,2.8777587e-05,2.474928e-05,9.3910836e-07,7.470576e-09,1.785507e-07,3.105944e-08,5.3439826e-06,8.690697e-06,1.0350328e-06,2.5384283e-08,1.9739284e-05,2.0529644e-05,5.6846513e-08,3.5181907e-07,4.2896584e-08,0.0003423182,1.9378958e-06,1.085873e-07,4.225538e-07,9.866496e-07,2.8332337e-05,1.6036096e-05,1.7425186e-09,1.8106933e-06,4.813866e-07,0.00015040669,4.8577516e-07,2.3282597e-08,1.3550817e-07,3.530374e-08,1.0463867e-06,1.3840177e-06,3.694424e-06,2.554631e-05,6.930822e-07,5.2939095e-07,4.481096e-06,4.5079364e-06,1.8148283e-08,0.00011463806,3.4407518e-07,6.156112e-08,3.8906072e-07,2.0088449e-10,4.2940215e-07,4.629255e-08,7.0828e-05,1.1713757e-06,1.5776812e-05,4.706113e-08,5.321296e-06,8.007074e-05,0.0001695295,6.770856e-05,0.0001010193,1.8322277e-06,5.355513e-05,4.0700914e-07,2.3007588e-06,1.4683815e-08,2.61284e-07,1.405657e-09,1.3083687e-06,3.7963441e-06,1.6333266e-07,5.9414288e-06,3.524751e-05,4.165437e-06,4.504932e-05,1.7806261e-08,2.2741517e-05,2.2306766e-08,0.00013311389,2.47009e-08,2.0248777e-05
BC2026_Train_0049_S22_20220203_221500_025,1.18445306e-11,7.576401e-10,3.6859768e-10,4.627119e-08,7.26485e-06,2.3957814e-10,6.085723e-09,2.4211596e-08,1.259491e-06,8.026196e-07,8.0196305e-06,1.1065711e-09,2.7369882e-09,1.0677599e-06,2.6181508e-09,7.97939e-05,6.678554e-07,4.3298215e-08,0.99921775,2.3516934e-05,6.149515e-06,0.99635625,4.7149438e-08,1.71444e-09,1.7026388e-05,4.6535096e-09,6.539938e-06,1.2044408e-09,4.1196796e-11,2.1606161e-07,1.1360675e-08,5.0477635e-09,4.7366538e-07,9.2467825e-11,6.130188e-10,7.916823e-09,3.9751304e-09,5.147378e-07,1.4403195e-10,3.1094456e-09,2.1588653e-07,2.0004552e-11,1.5800016e-08,3.2052203e-09,4.6118626e-10,1.5950344e-09,1.9875445e-06,4.3317425e-07,3.6606231e-09,1.8401511e-08,5.0451554e-09,2.2524814e-08,1.2179306e-07,6.856089e-10,5.822523e-07,4.2149346e-09,1.1557889e-11,0.0017478018,3.0451002e-07,1.9645818e-06,0.9999844,7.213197e-11,1.2123778e-06,0.9998012,0.9999362,1.6022424e-06,3.6233292e-08,2.0893246e-08,1.0048968e-11,9.2600825e-09,4.4831618e-14,7.086179e-09,4.6851188e-08,4.9049643e-08,6.382745e-10,8.947371e-09,7.669357e-07,3.3697e-07,1.4115544e-06,6.4946732e-09,3.0797554e-07,2.6790287e-08,6.8016256e-08,3.1774567e-07,1.264444e-07,5.886333e-10,8.181449e-08,2.1072422e-06,3.4013947e-08,4.107375e-06,1.3209866e-06,1.6267339e-07,7.608482e-09,2.6438815e-06,5.540812e-06,9.132791e-06,7.481274e-08,1.2125526e-05,7.6237825e-06,4.407531e-05,2.904998e-08,2.1777764e-09,4.4670003e-08,4.2606152e-06,1.0269476e-06,1.4521484e-07,8.4604626e-09,7.353012e-07,3.1000432e-08,6.3958886e-08,1.0015196e-07,1.4784868e-06,2.3133608e-11,6.705388e-09,2.4139629e-06,3.7370985e-08,6.2213644e-08,1.6630823e-06,2.593988e-07,3.112631e-07,4.9067232e-08,1.3408335e-06,3.6180737e-08,2.2677477e-05,2.8265218e-08,1.3239374e-07,3.6689332e-06,1.2532833e-08,4.0470834e-12,2.0327465e-07,8.610825e-09,2.5813898e-07,6.4533865e-06,1.7195566e-06,2.500304e-07,5.4923744e-06,8.843133e-06,3.963723e-08,3.4383056e-09,4.05895e-06,2.6704628e-08,1.1592457e-06,1.8530693e-09,1.1714282e-06,2.1304382e-07,8.1120916e-10,5.837401e-08,9.2065233e-10,3.894077e-08,7.314266e-07,1.9361414e-07,4.116002e-08,1.3338971e-08,1.4115011e-08,1.0349331e-06,6.4274154e-08,5.2112092e-08,1.6292024e-07,8.23317e-08,3.0953045e-06,4.7126835e-07,4.8018986e-08,1.573609e-10,3.672148e-09,8.3016144e-10,1.0419595e-06,2.049621e-06,4.233662e-07,4.189229e-10,4.5743545e-07,2.684582e-06,2.242552e-09,4.8127067e-09,2.8897273e-09,0.0001678266,3.2075334e-08,1.0472554e-08,5.570914e-09,1.1055084e-08,5.275778e-06,4.624186e-07,3.9465018e-11,2.2402259e-07,2.9739562e-08,1.077995e-05,4.2821704e-08,2.6353594e-10,9.637193e-09,1.1061806e-09,5.6711794e-08,3.209798e-08,2.2381694e-07,2.0074337e-06,1.6481147e-07,1.7892505e-07,8.599936e-07,4.6366168e-07,3.1978847e-10,2.4321733e-05,5.784687e-08,2.1988165e-09,8.0736946e-08,2.3512511e-12,2.272821e-08,1.1260289e-09,9.547813e-06,5.7461886e-08,8.8258264e-07,2.1621893e-09,3.185081e-07,1.0947682e-05,1.3153309e-06,4.3545538e-06,1.5081783e-05,3.061461e-08,9.923814e-07,9.288987e-09,5.903333e-07,1.9842603e-10,1.2157183e-08,3.256909e-11,3.3692782e-08,8.995446e-07,9.993185e-10,1.9297006e-07,2.1019412e-06,9.661455e-08,3.5795085e-05,3.2777772e-09,1.859298e-05,6.9333744e-10,3.953749e-05,8.6983254e-10,4.3303464e-07
BC2026_Train_0049_S22_20220203_221500_030,5.5699837e-11,1.9844931e-08,3.2129384e-09,1.4252174e-07,2.47451e-05,9.840677e-10,1.09965185e-07,1.2244607e-07,3.561251e-07,3.404772e-06,2.9222254e-05,2.014061e-08,1.2995523e-08,3.1224026e-06,4.9419832e-08,0.00022026377,1.4409385e-06,3.484662e-07,0.9992144,0.00016966114,2.1837935e-05,0.9956512,2.9241247e-07,2.8929756e-09,1.2192676e-05,2.0156406e-08,5.874517e-06,1.1849407e-08,1.0971097e-09,7.8346636e-07,3.496212e-08,2.5596744e-08,2.065513e-06,9.980955e-10,2.4497355e-09,1.1546553e-07,7.3193367e-09,2.968618e-07,4.8468163e-10,4.380024e-08,1.692168e-07,7.086199e-11,3.2592627e-08,3.5864275e-08,3.6493852e-09,6.7361534e-09,1.7238751e-06,9.901522e-07,9.09134e-09,2.9374874e-08,2.1543563e-08,1.11066576e-07,4.1541205e-07,4.326798e-09,8.499877e-06,2.9756015e-08,1.3324666e-10,0.0031643542,5.038046e-06,9.487535e-06,0.9999753,7.164897e-09,4.432802e-06,0.99993014,0.9999435,2.1678554e-06,3.2272052e-07,6.7001366e-08,4.898422e-11,1.9315136e-08,2.905057e-13,9.259115e-08,2.0720007e-07,6.088745e-08,4.0297357e-09,6.336137e-08,8.185232e-07,4.7675843e-07,5.419365e-06,2.2542906e-08,3.790281e-07,1.0589136e-07,1.00930336e-07,2.6587006e-07,2.7911054e-07,2.6640057e-09,1.5535613e-07,1.6440409e-06,1.354893e-07,5.4473044e-06,5.984608e-06,2.681455e-07,6.6398606e-08,6.5045033e-06,2.9138298e-05,2.7985234e-05,4.1983049e-07,1.3375881e-05,2.5582513e-05,0.00021910023,6.344058e-08,4.5417767e-09,9.2870074e-08,3.5797448e-06,1.911217e-06,2.013547e-07,2.8805939e-08,1.1784418e-05,1.8077931e-07,7.2218114e-08,4.529205e-07,3.1752957e-06,4.88118e-10,9.207722e-09,8.272393e-06,7.266413e-08,2.3608824e-07,4.7500944e-06,1.2261088e-06,4.648611e-07,1.8595449e-07,5.307468e-07,1.9357316e-07,3.5956255e-05,5.494641e-08,3.0451994e-07,6.876375e-06,8.5310845e-08,8.535515e-11,1.0813668e-06,3.081738e-08,8.2259794e-07,2.3805349e-05,1.6141838e-06,6.449095e-07,3.004378e-06,4.5659917e-06,3.031126e-08,1.23236665e-08,2.902337e-06,3.728569e-07,9.115657e-06,1.7492125e-08,5.1959178e-06,5.407571e-07,1.2755226e-09,4.8506456e-07,8.5604807e-10,5.9018525e-08,1.0531173e-06,2.3659494e-07,2.3890604e-07,7.188032e-08,7.638483e-08,9.438058e-07,8.464598e-08,3.101185e-07,2.654318e-07,7.57885e-07,1.0838645e-05,3.0804415e-06,7.4548794e-08,5.5252597e-10,1.7941879e-08,4.097077e-09,4.839514e-06,4.5139545e-06,1.6464604e-07,4.472685e-09,2.100745e-06,6.761541e-06,7.062229e-09,4.002483e-08,3.744919e-08,0.00022331753,1.5337203e-07,3.032045e-08,2.1134895e-08,2.5209086e-08,1.225862e-05,4.31476e-07,7.939451e-11,5.4624826e-07,5.7136848e-08,1.5640384e-05,8.501343e-08,3.4275411e-09,1.12922995e-08,9.510159e-09,2.992883e-07,1.5783047e-07,6.367448e-07,4.8796765e-06,6.0434644e-07,4.4207815e-07,1.5626613e-06,2.0664588e-06,3.3566911e-09,2.8074213e-05,8.471058e-08,9.093525e-09,9.364703e-08,3.326287e-11,2.4121096e-07,9.630371e-10,1.8697427e-05,1.326994e-07,1.2806561e-05,4.5744484e-09,1.1517567e-06,1.862361e-05,9.636527e-06,4.049633e-05,5.349546e-05,8.905644e-08,2.1371118e-06,1.2832544e-07,3.1846937e-06,7.9242213e-10,1.6167644e-07,1.6675557e-10,2.4675055e-07,2.0129605e-06,1.2342109e-08,3.524952e-06,1.7062339e-06,4.5396789e-07,7.2919465e-05,1.1332476e-08,2.4580535e-05,1.200521e-09,2.6448262e-05,5.8304552e-09,3.1760526e-06
BC2026_Train_0049_S22_20220203_221500_035,1.1036232e-11,6.2687096e-09,2.0855095e-09,1.0792614e-07,3.273709e-05,1.3483095e-10,2.0107025e-08,2.7544056e-07,2.7668557e-06,9.0066317e-07,1.6232922e-05,4.6205906e-09,3.116202e-09,3.1944337e-06,9.780652e-09,0.00015032323,4.715053e-06,5.606369e-08,0.9986821,8.593941e-05,4.6720976e-05,0.99777836,3.191448e-07,2.6144085e-09,2.3726725e-05,2.6472753e-09,2.305808e-05,5.2129034e-10,8.724473e-11,3.3844856e-07,4.9575405e-08,1.0777983e-08,3.868135e-06,4.8287674e-10,1.1461331e-09,3.801354e-08,5.7981726e-09,2.869446e-07,2.7229383e-10,9.116953e-09,1.6687956e-07,1.5198247e-10,4.6046512e-08,8.100825e-09,4.9438065e-10,7.84847e-10,3.9509405e-07,6.331388e-07,2.0810074e-09,1.5911125e-08,3.006211e-09,5.8009743e-08,1.8045274e-07,4.2036707e-09,1.2144445e-06,4.010788e-09,1.6468358e-11,0.0015526268,1.5877267e-06,1.6538362e-06,0.99978215,2.7783068e-10,2.664864e-06,0.9999372,0.999892,4.1798236e-07,5.3481862e-08,2.7512886e-08,3.9190305e-12,3.4090917e-08,2.8137596e-14,1.4092444e-08,1.1067641e-07,3.1055354e-08,1.1563877e-09,6.2092845e-08,8.0496375e-07,4.769094e-07,1.3865026e-06,5.9538485e-09,1.6662797e-07,3.690933e-08,8.9758345e-08,6.485293e-08,5.873453e-08,1.0062864e-09,3.4523044e-08,6.0201387e-07,1.010301e-07,6.2135773e-06,1.4016065e-06,8.5889134e-08,9.8337205e-09,6.042253e-06,5.961562e-05,4.771756e-06,2.1330037e-07,3.5977985e-06,1.9900664e-05,3.1810498e-05,7.5876315e-08,4.5162074e-09,5.615069e-08,5.554181e-06,6.2925864e-07,5.461154e-08,8.888196e-09,7.839171e-06,2.5655545e-08,9.749976e-09,1.3482986e-07,1.737969e-06,1.2881596e-10,2.9288714e-08,7.765922e-06,2.5711586e-08,7.449762e-08,9.100562e-07,5.2217507e-07,2.5598143e-07,3.358358e-08,9.409452e-07,1.5738964e-07,2.664779e-05,7.976451e-09,4.2270858e-07,2.3733307e-06,1.3981893e-08,4.248661e-11,1.12572195e-07,2.0783824e-08,1.0510139e-07,9.350366e-06,1.3977183e-06,3.603302e-07,5.973061e-06,1.0111074e-05,9.501257e-09,1.3497485e-09,1.3669984e-05,1.0959227e-07,6.5817526e-06,2.052425e-09,1.0926926e-05,9.309016e-08,5.4320404e-10,1.5670113e-07,1.4720507e-10,5.6251115e-09,9.00622e-07,1.8802359e-07,1.1485359e-07,1.7819886e-08,6.187283e-08,2.8616853e-07,2.9127154e-08,8.918767e-08,3.088712e-07,1.9782354e-07,1.2277503e-05,4.0485364e-07,4.26799e-08,1.5794004e-10,3.0922171e-09,4.345887e-09,7.945021e-07,2.0663367e-06,7.243041e-08,1.4802136e-09,4.9498175e-07,2.429163e-06,1.9719464e-09,1.0590141e-08,4.5463273e-09,3.7941536e-05,1.3787701e-07,1.9541101e-08,2.3074858e-08,1.2027356e-08,3.024294e-06,5.173309e-07,4.046576e-11,3.0926378e-07,1.0579341e-08,1.9092595e-05,1.9906155e-08,3.9594572e-10,1.3167878e-09,1.924812e-09,5.4937917e-08,1.0520327e-07,1.8675995e-07,3.83658e-06,1.2678964e-07,7.818908e-08,3.4586554e-07,9.4753676e-07,1.011922e-09,8.44972e-06,6.3402716e-08,2.9565743e-09,9.587988e-08,2.9802872e-12,6.677695e-08,1.067177e-09,9.545464e-06,1.1107928e-07,3.0225092e-06,1.23601e-09,9.582645e-07,6.544068e-06,3.7887053e-06,1.5203226e-06,7.573196e-05,1.2643453e-07,1.3977276e-06,5.85751e-08,2.749485e-07,1.5522944e-10,1.9478623e-08,5.521875e-11,1.6185862e-07,7.431986e-07,7.685919e-09,4.6947315e-07,2.1028757e-06,2.1191332e-07,1.1412937e-05,3.6879266e-09,2.9089597e-06,2.0809628e-10,5.863893e-06,9.381267e-10,2.005834e-06
BC2026_Train_0049_S22_20220203_221500_040,9.758868e-13,1.2074562e-09,9.603092e-11,7.0027845e-08,1.381267e-06,7.3218286e-11,8.683442e-09,3.0301546e-08,5.169363e-08,1.2008049e-07,7.028796e-06,7.6317763e-10,1.0822406e-10,1.4007433e-06,1.2682133e-09,6.2577974e-06,3.7180484e-07,5.6137413e-08,0.9996953,0.00019896503,3.3175343e-06,0.9944149,6.744834e-08,2.688393e-10,3.747538e-07,2.351801e-10,3.3190156e-06,6.3828787e-10,1.6260049e-11,1.03403075e-07,4.3304964e-09,2.0051636e-09,1.3552807e-07,1.7280725e-11,2.7226163e-10,1.283714e-08,2.0702156e-09,1.2027694e-07,1.5318259e-11,9.643697e-10,2.4711976e-08,1.5684654e-12,3.3646654e-09,2.3996607e-09,1.1941945e-10,4.2339243e-10,1.0841986e-07,4.053009e-08,2.5352367e-10,3.1590204e-09,1.5623708e-09,8.658223e-09,3.1428375e-08,2.1135761e-10,4.5651979e-07,7.9343687e-10,2.4999644e-12,0.00010673916,2.1940319e-07,1.3733494e-06,0.9997484,4.932784e-11,5.915432e-08,0.99993587,0.9999887,1.5762637e-06,1.15554375e-08,9.778078e-09,5.790336e-13,1.4720457e-09,6.6621e-15,1.0046851e-09,6.6804084e-08,7.715999e-09,6.63046e-11,9.478324e-09,2.5924376e-07,2.8215322e-07,2.410314e-07,1.6895222e-09,2.473612e-08,3.0314496e-08,1.1695531e-08,1.4794718e-08,9.898039e-09,1.14299986e-10,1.24587825e-08,1.9786903e-07,1.1266655e-08,4.079354e-06,2.716478e-07,3.5875082e-08,2.0101762e-09,4.0526447e-06,2.9137907e-05,1.6284848e-06,5.1336464e-08,8.0709215e-06,2.4852372e-06,4.323963e-05,8.0157685e-09,8.160947e-10,1.0461174e-08,5.763432e-07,1.197412e-07,2.5707369e-08,1.8827824e-09,4.144358e-07,1.1401291e-08,4.0065444e-09,4.8424226e-08,2.4658073e-07,2.9969664e-12,1.6113078e-09,2.9067496e-06,5.124957e-09,5.026984e-08,7.87082e-07,4.601517e-07,6.6610184e-08,4.740506e-09,2.153901e-07,4.708222e-08,3.1107906e-05,1.9422632e-09,1.08186036e-07,3.8308585e-07,3.4903604e-09,8.7656136e-13,5.828279e-08,2.9890874e-09,1.4448202e-07,2.623554e-05,6.935695e-07,1.415535e-07,2.0316488e-06,1.2748832e-06,4.837777e-09,2.4287516e-10,4.0264152e-07,1.0371314e-08,3.1788193e-06,5.6142824e-10,1.7003503e-06,1.8364206e-08,3.8026395e-11,7.96578e-08,1.9449562e-11,2.2048219e-09,1.5745644e-07,6.447429e-08,1.2965862e-08,2.382599e-09,3.5646772e-09,1.8342736e-07,8.854674e-09,7.007635e-08,5.6848364e-08,5.6065943e-08,3.021273e-06,2.1123094e-07,1.08574625e-08,2.1992713e-11,1.7094932e-09,9.1123586e-10,4.799294e-07,1.7762983e-07,3.5602827e-08,2.8706743e-10,3.5661282e-07,3.074868e-06,2.1993647e-10,3.0556728e-09,2.4054896e-09,7.196546e-05,3.0609404e-09,2.490298e-09,1.2313746e-09,2.5921687e-09,3.4256493e-06,7.0426466e-08,3.2394736e-12,5.236297e-07,1.03234745e-08,2.3044056e-05,1.2606147e-08,2.002827e-10,7.8962936e-10,1.3899769e-10,2.0947114e-08,2.065783e-08,1.3067547e-07,6.369726e-07,3.5962913e-08,2.9224037e-08,1.813673e-07,4.271529e-07,2.2284248e-10,4.064357e-06,1.699594e-08,2.3732002e-10,1.3184145e-08,4.289483e-13,1.5325853e-08,1.4717193e-10,1.4779806e-06,2.3085951e-08,2.4762826e-06,1.1629813e-09,2.1986125e-07,3.2039252e-06,1.3352343e-06,6.880442e-06,3.2781136e-05,1.56405e-08,2.4411503e-07,1.662622e-08,2.0994781e-07,2.6485557e-11,8.062458e-09,6.8120895e-12,1.45428904e-08,2.6744547e-07,4.0925838e-10,1.7585027e-07,9.579621e-07,4.1090757e-08,1.9252579e-05,1.4580461e-09,5.30099e-06,1.3991965e-10,6.0593284e-06,6.8491324e-11,3.4145975e-07
BC2026_Train_0049_S22_20220203_221500_045,8.105743e-12,1.5675525e-09,1.0983843e-10,7.558237e-08,1.6438999e-05,9.1275223e-11,2.1062899e-08,2.1073133e-07,1.0502429e-06,4.64737e-06,0.00011831216,6.07796e-10,2.5976672e-09,3.0539175e-06,3.918125e-09,6.204996e-05,2.0154637e-06,1.4329751e-07,0.9976369,9.0927075e-05,2.2849626e-06,0.99926764,9.247272e-08,3.277227e-09,3.3292615e-06,3.29183e-09,1.9381643e-05,1.2655939e-09,5.808151e-11,5.3488602e-08,6.0996825e-08,9.6927e-09,2.2654258e-06,3.877309e-10,3.733349e-09,1.7480518e-08,6.0200533e-10,1.0239761e-07,5.5979116e-10,1.2316923e-08,3.1327866e-07,4.7632873e-11,5.9158268e-08,6.5861125e-09,4.3910112e-10,7.6506657e-10,3.3233724e-07,1.6756404e-07,6.4901007e-10,6.627091e-09,3.3707033e-09,5.9180284e-08,1.9613681e-07,7.1527304e-09,6.630083e-07,2.9179907e-09,1.653972e-11,0.0036765258,1.0283874e-06,3.27281e-05,0.9998939,1.9905301e-10,1.5826215e-07,0.99989974,0.9999722,8.205019e-06,4.1513157e-08,1.8666105e-08,1.4872067e-12,3.2109475e-09,2.4761394e-14,2.7071518e-08,4.8127003e-08,2.0701139e-08,2.8867678e-10,1.6889269e-08,3.685464e-07,1.356566e-07,2.3629842e-07,2.8961282e-09,7.852116e-08,2.0621457e-08,7.574444e-08,6.29254e-08,3.9744403e-09,4.1198076e-10,3.8835964e-08,5.2957625e-07,3.383756e-08,4.63358e-07,7.5048195e-07,1.291245e-07,3.181521e-09,5.7430993e-06,2.2255519e-05,3.474353e-06,6.757054e-08,1.2292406e-06,5.526345e-07,1.4199757e-05,7.6664595e-09,1.898773e-09,2.4425423e-08,6.705398e-06,3.2237105e-07,5.2933544e-08,3.4507097e-09,1.0697381e-06,6.125142e-09,8.896201e-09,6.858136e-08,2.1424275e-06,1.7129608e-11,8.5985485e-09,4.020321e-06,1.7030956e-08,5.8057335e-08,5.482523e-07,4.929255e-07,1.10198044e-07,1.2936714e-08,5.677754e-07,1.5856196e-08,1.0018985e-05,9.116448e-09,7.156487e-08,3.8347514e-07,6.088278e-09,4.394199e-12,2.0821726e-07,2.9189484e-09,9.771613e-08,1.5433381e-05,2.9838372e-07,8.1606736e-08,5.833272e-07,2.8002794e-06,1.5267323e-08,5.335628e-10,3.0598064e-06,3.8130384e-08,8.037716e-07,1.1778286e-09,1.6197043e-06,6.1351535e-08,1.5229819e-10,2.0184902e-07,1.2173762e-10,9.124695e-09,2.3410985e-07,6.311917e-08,1.4858348e-08,5.5382507e-09,2.4791193e-08,3.378217e-07,1.9012383e-08,1.8024188e-07,2.175988e-08,6.435511e-08,1.0545305e-06,8.8018055e-08,6.9933974e-09,1.3505205e-10,1.355432e-09,2.0195532e-09,3.9922477e-07,2.025831e-06,8.355378e-08,3.3502423e-10,3.5490422e-07,3.765034e-06,1.2078962e-09,6.4277312e-09,2.5034086e-09,5.171964e-05,1.3186438e-07,7.964318e-09,5.9984853e-09,1.2757763e-08,4.3071227e-06,1.7643619e-07,9.736488e-12,1.9776809e-07,8.33826e-09,1.6306032e-05,1.9797294e-08,1.7844118e-10,1.3518896e-09,6.357315e-10,9.201054e-08,2.836459e-08,1.3758725e-07,3.0030062e-06,4.9836885e-08,4.0547253e-08,2.2052652e-07,6.153376e-07,1.9332144e-10,2.3733422e-05,6.3688034e-08,6.231215e-10,7.162181e-08,6.585647e-13,5.758104e-08,1.5061641e-09,3.1802658e-06,1.9008539e-08,2.297952e-06,2.8761344e-09,2.1851382e-07,4.860986e-06,1.0038486e-06,5.6708773e-06,1.6550337e-05,6.525682e-08,9.028846e-07,1.3361073e-08,1.0038126e-07,6.8474344e-11,3.6808574e-09,1.30813e-11,1.5139587e-08,2.8187995e-07,6.2070765e-10,3.2689135e-07,4.446858e-07,1.625743e-07,2.6407053e-05,1.1255288e-09,2.4159065e-06,1.7866528e-10,2.190512e-05,1.8008854e-10,5.392935e-07
BC2026_Train_0049_S22_20220203_221500_050,4.291503e-10,8.9668e-08,1.7979002e-07,2.011547e-07,0.00035013087,1.2769667e-08,1.8107331e-06,7.0883502e-06,5.4204582e-05,3.744824e-05,0.00042259286,1.8834771e-07,1.3731041e-07,2.5079415e-05,4.371237e-07,0.0018981033,5.11554e-05,1.6593547e-06,0.99769574,0.0005252113,0.00011068197,0.98604417,4.5745026e-07,6.2879565e-08,4.4749853e-05,4.1244032e-08,0.00026873688,5.263794e-08,3.954968e-09,5.559523e-06,5.0395175e-07,1.6294263e-07,2.0942254e-05,1.41628265e-08,8.290292e-08,5.1525257e-07,7.1169836e-08,2.0267082e-06,8.659729e-08,5.0185346e-08,3.6713764e-06,1.8853843e-09,3.4111608e-07,7.071857e-08,3.2680713e-08,6.569767e-08,3.79014e-06,7.229098e-06,4.057542e-08,2.345087e-07,8.776744e-08,4.7780946e-07,1.6902277e-06,1.089726e-07,5.121782e-06,2.4344152e-07,3.383683e-09,0.038211845,4.0963198e-05,2.1528593e-05,0.9995726,8.07152e-09,1.8059034e-05,0.9981029,0.9995092,3.2739274e-05,2.3365358e-06,5.1382364e-07,1.4303414e-09,4.875309e-07,3.1262467e-12,4.3335316e-07,1.3332137e-06,1.4346108e-06,1.3374374e-07,3.1736712e-07,9.488413e-06,4.894114e-06,8.794488e-06,2.218743e-07,3.4065392e-06,1.1584467e-06,2.3670425e-06,6.401862e-07,5.6610855e-07,1.2006475e-08,2.0492143e-06,1.874944e-05,1.1393364e-06,2.0741509e-05,2.1320864e-05,2.8775353e-06,3.1094535e-07,2.5630203e-05,7.483331e-05,3.701091e-05,4.1091184e-06,3.3120006e-05,0.00026741857,0.00014447971,8.2846475e-07,8.059909e-08,1.0750944e-06,3.986228e-05,4.528092e-06,2.8726574e-06,1.24415e-07,4.8261896e-05,1.0329846e-06,4.802156e-07,2.038733e-06,3.4363064e-05,4.4938577e-09,4.3903378e-07,2.1296459e-05,4.9615903e-07,6.323602e-06,5.4611195e-05,3.8985436e-06,3.3754677e-06,9.557419e-07,8.332407e-05,1.3254449e-06,0.0001088557,2.7068012e-07,8.91096e-06,1.4067947e-05,7.049903e-07,1.2804366e-09,3.8111662e-06,1.6046722e-07,2.6955954e-06,2.7389944e-05,9.897191e-06,5.794599e-06,3.6048066e-05,3.5051788e-05,5.4490374e-07,4.5713627e-08,0.00010053955,5.774226e-07,1.03781385e-05,6.395852e-08,5.2423307e-05,1.8304079e-06,8.002588e-08,1.2524026e-06,1.3889739e-08,1.7426694e-07,3.21792e-05,1.9055024e-06,1.9114793e-06,2.8227163e-07,8.0443186e-07,9.625469e-06,9.3760934e-07,1.7907488e-06,2.5166487e-06,4.6670416e-06,4.793454e-05,5.2928367e-06,9.444046e-07,7.184767e-09,5.473668e-08,4.283861e-08,1.5256386e-05,5.9734946e-05,1.2871977e-06,3.093699e-08,1.0249741e-05,4.3844866e-05,5.0805202e-08,3.9430248e-07,1.0227601e-07,0.0004182164,1.7924438e-06,4.163211e-07,2.2258429e-07,2.707924e-07,4.7925216e-05,7.581918e-06,1.4164008e-09,6.3213774e-06,4.121816e-07,0.00017461875,8.7899764e-07,5.261002e-09,1.6543093e-07,3.587043e-08,1.3174588e-06,7.118436e-07,1.8548757e-06,8.677211e-05,5.322651e-06,2.7061533e-06,1.0895542e-05,1.740024e-05,1.3236553e-08,0.000115202965,1.549958e-06,8.577323e-08,6.3464114e-07,5.141913e-10,1.3752065e-06,6.04963e-08,4.0872903e-05,1.2020657e-06,1.3986454e-05,6.987494e-08,9.866592e-06,0.00018514434,2.5339003e-05,2.201813e-05,0.00013706314,7.2989985e-07,4.64655e-06,2.0370637e-06,1.9389148e-05,1.0481107e-08,3.6437189e-07,5.5147864e-09,1.7253111e-06,8.841185e-06,9.4116714e-08,9.81213e-06,3.385118e-05,4.0499517e-06,0.00027214034,9.629701e-08,9.776116e-05,7.860444e-09,5.6906934e-05,2.1886208e-08,1.0704785e-05
BC2026_Train_0049_S22_20220203_221500_055,1.7974246e-12,1.1231162e-09,1.6365159e-10,3.0843076e-08,7.5112594e-06,6.01102e-11,1.16669e-08,5.6421232e-08,1.5410865e-06,2.1565577e-06,7.231073e-05,1.6945535e-09,3.912492e-10,1.938922e-06,2.9731209e-09,2.5126741e-05,1.0081177e-06,2.7002416e-08,0.99940836,4.7778736e-05,2.1334788e-06,0.99749917,3.9976456e-08,7.994159e-10,2.0659052e-06,5.371274e-10,7.880053e-05,1.0200842e-09,3.7859434e-11,5.0665705e-07,1.15128245e-08,2.9960852e-09,6.6108515e-07,1.1299183e-10,3.395299e-10,7.960689e-09,1.0360652e-09,4.2986922e-08,1.7974196e-10,8.3244e-10,8.2401925e-08,1.7125199e-11,5.377243e-09,4.038715e-09,1.1796919e-10,2.0264511e-10,1.4260604e-07,3.4434787e-08,9.253492e-10,1.7677761e-09,5.474759e-10,4.176068e-09,1.43933505e-08,9.512929e-10,1.9845221e-07,1.3122272e-09,4.956075e-12,0.0005177216,1.6654617e-07,7.146807e-07,0.9999589,1.0655489e-11,2.6988855e-07,0.999801,0.9998721,2.611286e-06,1.6423838e-08,1.1783507e-08,6.1003427e-13,4.4011426e-09,1.5078583e-15,4.5976523e-10,1.0245838e-07,1.022315e-08,7.912697e-10,6.8472192e-09,3.4175656e-07,1.1111912e-07,8.065446e-08,4.346683e-09,7.7925264e-08,3.784756e-09,3.7756948e-08,4.0098547e-09,5.9325713e-09,7.059824e-11,6.7379515e-09,6.9591245e-08,1.5319713e-08,9.061245e-07,8.0825527e-07,4.9287102e-08,3.2410854e-09,1.0599194e-06,2.306651e-06,3.5518972e-06,3.899733e-08,6.1745195e-06,1.268994e-06,5.713643e-06,1.9415707e-09,1.1185285e-09,1.5529505e-08,4.589155e-06,8.5540813e-07,3.2380036e-08,6.932409e-10,6.7578405e-08,5.5614007e-09,4.1862442e-09,1.34239615e-08,1.7159872e-06,7.911317e-12,1.5806005e-09,1.0780532e-06,1.6103378e-08,3.3859052e-08,1.6363794e-07,5.7711876e-08,4.598087e-08,3.279736e-08,1.1374785e-07,1.1711513e-08,1.1407735e-05,1.5025812e-08,3.086273e-08,5.57124e-07,1.7340051e-08,7.683865e-13,7.139281e-08,1.3135243e-09,4.9566992e-08,4.398591e-06,3.6785494e-08,2.5537737e-08,2.8472516e-07,2.2087727e-06,8.3748875e-09,4.8754384e-10,7.122889e-06,1.0122893e-08,4.683306e-07,4.433914e-11,1.4415929e-06,2.5048553e-07,7.5507336e-11,9.446148e-08,4.1964245e-11,2.4467939e-09,1.6443201e-07,1.6660282e-08,5.1827085e-09,2.7647753e-09,4.942395e-09,3.1439174e-07,1.5493942e-08,1.6032859e-08,1.110515e-08,3.789012e-08,3.7639967e-07,1.544566e-07,2.3608548e-08,7.870788e-11,4.4474172e-10,6.68897e-10,1.7845318e-07,3.3084086e-07,1.7753324e-08,1.947708e-10,1.7090953e-07,1.5456123e-06,6.9783374e-10,8.4556834e-10,1.4164089e-09,2.8358123e-05,1.05171525e-08,1.006133e-09,4.061349e-09,3.6407921e-09,3.4204033e-06,1.10373485e-07,1.699419e-12,7.989822e-08,2.829579e-09,5.1952484e-06,7.0103847e-09,3.9254662e-11,1.5702037e-09,4.3674067e-10,1.5233203e-08,1.3259346e-08,9.47793e-08,4.7131329e-07,1.7485386e-08,1.8880877e-08,1.9077739e-07,1.8936605e-07,1.04537434e-10,3.583765e-06,6.249561e-09,4.892094e-10,1.3058585e-08,3.600572e-13,2.0622913e-08,3.704379e-10,3.0125752e-06,2.6129639e-08,1.8784451e-06,4.1306816e-10,3.6144704e-07,7.580036e-07,2.5875963e-06,6.79999e-07,1.3701647e-05,5.366549e-08,1.3000775e-06,3.288874e-09,2.0241863e-07,1.4711237e-11,6.239532e-09,1.953674e-12,7.4199513e-09,3.3529025e-07,5.1370697e-10,6.767992e-08,6.352758e-07,4.66076e-08,3.3188455e-05,1.4021972e-09,9.738333e-07,6.408188e-11,7.6069337e-06,7.0912956e-11,3.5804268e-07
BC2026_Train_0050_S22_20220205_214500_000,3.6437825e-11,1.482276e-09,1.1321559e-09,7.376619e-08,1.2490029e-05,6.871826e-10,1.0647484e-07,1.8321093e-07,1.3290371e-06,4.7125442e-07,0.00036077396,4.186012e-09,1.3831545e-09,2.4197873e-06,2.8997833e-08,3.4345634e-05,1.9462989e-06,4.454579e-07,0.8973166,0.00046967264,1.7839473e-05,0.94868684,1.7370605e-08,8.012237e-09,2.0592545e-06,5.3575056e-09,1.6725075e-05,1.2014333e-08,3.8457781e-10,4.0185932e-07,1.280132e-08,1.7742321e-08,3.9625516e-07,2.630463e-10,4.87959e-09,1.0301681e-08,2.7134677e-09,4.7978295e-07,3.4501418e-10,1.877708e-09,4.2660943e-07,4.708224e-11,3.926131e-08,1.0925642e-08,5.3839316e-10,2.1570774e-09,9.755576e-07,1.5908218e-07,6.026996e-09,6.866487e-08,2.5446477e-08,3.9869242e-08,7.6714215e-08,2.6952025e-09,8.724575e-07,3.440963e-09,8.733714e-11,0.0062093083,1.2817123e-06,1.2859615e-05,0.9998499,4.361721e-10,1.4027713e-06,0.9993113,0.9999368,3.7381042e-06,1.6662146e-07,1.318156e-07,3.5695995e-11,1.5673383e-08,3.8374316e-14,1.8488198e-08,1.4436343e-07,6.7085764e-08,6.1508953e-10,7.79003e-08,2.3691464e-07,5.470751e-07,1.143499e-06,1.467214e-08,2.2935244e-07,1.9776238e-08,2.0544829e-07,3.77298e-08,5.5908e-08,8.997715e-10,2.432401e-07,2.3923167e-06,1.3319145e-07,1.6556636e-06,2.1983474e-06,3.1214003e-07,3.3040852e-08,3.3314213e-06,3.8205444e-06,7.304135e-06,2.7277395e-07,1.5814216e-05,9.715812e-06,0.00018320387,7.489052e-09,1.2025567e-08,7.460883e-08,4.1673443e-06,1.3340099e-06,1.533179e-07,1.1643136e-08,3.9460036e-07,1.6471749e-07,1.0255203e-07,2.672247e-07,1.7665353e-06,9.568445e-11,1.5701358e-08,4.436998e-06,4.046644e-08,8.745595e-08,2.8253692e-07,6.2171114e-07,2.4641335e-07,5.631813e-08,1.2130487e-06,7.63506e-08,3.664031e-05,2.9768504e-08,7.806495e-08,3.5362712e-07,2.3619899e-08,7.7412105e-12,2.0494848e-07,6.09232e-09,8.306601e-07,0.00016886661,1.8997919e-06,5.522346e-07,1.9157992e-06,1.0446608e-06,1.8842749e-07,3.5296783e-09,1.539183e-05,8.118553e-07,2.0926727e-06,2.8522993e-09,1.0478018e-06,2.2403775e-07,1.4634066e-09,4.0172827e-07,7.5390516e-10,4.294111e-08,7.1534697e-07,7.111054e-08,7.1109454e-08,1.2920981e-08,1.3862828e-07,1.6975358e-06,6.156699e-08,6.707891e-07,3.854352e-08,2.0968609e-07,1.7533599e-06,1.5421641e-06,6.821985e-08,6.7732286e-10,3.831167e-09,4.507756e-09,1.6929556e-06,8.3406877e-07,1.4282695e-07,3.0098486e-09,1.326349e-06,8.584992e-06,2.8057925e-09,8.658338e-09,9.458854e-09,0.0001308913,3.0671014e-08,2.6388982e-08,6.1351275e-09,1.1129154e-08,3.0000068e-05,2.0598347e-07,1.8696043e-11,8.3018574e-07,2.4534543e-08,5.749868e-05,3.1382675e-07,3.2658684e-10,5.5473213e-09,9.1945546e-10,5.336784e-08,7.7617756e-08,4.6842933e-07,4.3933005e-06,1.1985922e-07,2.0260366e-07,3.8218963e-07,5.1408733e-07,1.883569e-09,1.8032739e-05,6.2748256e-08,5.0211844e-09,1.753041e-07,1.1201216e-12,8.380053e-08,2.267974e-09,6.8692834e-06,2.6608282e-08,7.9713567e-07,1.470679e-09,3.8182784e-06,6.5166976e-05,3.1486777e-06,4.5142384e-05,1.363189e-05,1.7170677e-07,2.0652037e-06,4.1134754e-08,4.6568283e-07,6.5773464e-10,1.0814514e-08,1.5716382e-10,8.595649e-08,1.0695832e-06,4.3399977e-09,1.2930702e-06,1.9692693e-06,1.8242564e-07,5.559645e-05,1.2493598e-08,1.3017193e-05,2.0211217e-09,4.4415488e-06,4.9547094e-10,2.8652373e-06
BC2026_Train_0050_S22_20220205_214500_005,2.3642581e-11,1.4068326e-08,3.9577452e-09,2.5813628e-07,2.1278788e-06,6.8332335e-09,1.3704184e-07,1.0655082e-07,1.3508525e-06,9.94277e-07,3.3975793e-05,2.8711867e-08,1.5642165e-09,3.815563e-06,2.0919325e-08,0.00043198964,8.5089605e-06,1.9448818e-07,0.98249984,0.0008043335,5.8727974e-06,0.98941296,1.0117087e-07,4.4285176e-09,4.723356e-06,3.6093875e-09,1.985407e-05,1.9452893e-08,6.8764057e-09,1.8065605e-06,4.837013e-08,6.2478826e-08,3.175111e-06,5.2048266e-10,9.534878e-09,2.167774e-07,9.389546e-08,4.7870253e-06,1.0770929e-09,1.4903248e-08,5.971416e-07,2.1111585e-10,3.5886238e-08,7.516933e-08,2.3614122e-09,8.688066e-09,3.0481765e-06,5.243378e-07,6.488284e-09,2.0895925e-07,1.9106901e-08,8.427401e-08,3.3551063e-07,1.9747843e-09,3.7473096e-06,7.639572e-09,7.212636e-10,0.00030866687,3.7565771e-06,2.8579127e-06,0.9991636,8.4977364e-10,3.7241737e-06,0.9990748,0.9999373,5.085517e-06,1.5434426e-07,3.698499e-07,3.587998e-10,1.1364202e-07,1.5391314e-13,3.8116474e-09,3.9675805e-07,1.1994807e-07,4.080372e-09,1.4914744e-07,9.200832e-07,4.8708057e-07,2.2992365e-06,3.5062154e-08,3.2287844e-07,4.5537234e-08,8.5771106e-08,8.088415e-08,2.9465385e-08,1.5453797e-09,2.3375314e-07,6.48017e-06,2.4468352e-07,3.10956e-05,2.55647e-06,1.4507353e-06,4.6054417e-08,3.4286502e-05,1.9175419e-05,1.1467357e-05,8.962286e-08,9.370103e-05,1.0171432e-05,4.6792546e-05,4.8453654e-07,9.678715e-09,5.6291814e-08,2.1385674e-06,1.2329059e-06,1.3998552e-07,6.032956e-08,4.7644215e-07,8.715272e-08,2.5573206e-07,1.1725812e-07,3.4623724e-06,1.4362567e-10,7.6120564e-08,4.694423e-06,1.0227815e-07,2.3374554e-07,1.1147029e-06,6.6944705e-07,2.7812212e-07,5.3519518e-08,8.979881e-06,4.703461e-07,2.3717474e-05,1.07149184e-07,2.1255148e-07,1.7252089e-06,2.112643e-08,1.5869759e-11,1.844347e-06,3.2420143e-08,6.776264e-07,8.860125e-05,8.149986e-07,3.6084882e-07,5.4408974e-06,4.9395885e-06,1.4329014e-07,3.3766168e-09,1.1519278e-05,3.7213474e-07,2.3101338e-06,9.47086e-09,2.6572886e-06,1.6891724e-07,5.459141e-09,6.4920374e-07,7.169076e-10,1.1455943e-07,6.949341e-07,2.304698e-07,5.2810613e-08,9.100834e-08,6.9120574e-08,5.8738506e-06,1.08132596e-07,3.375264e-07,2.043277e-07,1.9746354e-07,8.167234e-06,7.6746915e-07,6.8850696e-08,2.1115987e-09,5.918015e-09,3.0450387e-08,5.932811e-06,8.5725e-06,8.904065e-08,5.424671e-09,1.5635108e-06,2.6374588e-05,4.359004e-09,5.9941414e-08,2.7477018e-08,0.00027451853,1.5599616e-07,1.3527576e-07,2.5974458e-08,3.503502e-08,5.0693907e-05,4.3767264e-07,1.8706756e-10,1.7084532e-06,4.2192124e-07,0.00034047442,2.3603332e-07,2.037331e-09,2.273749e-08,2.3936173e-09,1.17508094e-07,1.1409267e-07,5.1726136e-07,1.4162579e-05,1.404167e-07,3.6136845e-07,1.0452637e-06,5.820902e-07,1.1020242e-08,7.8808325e-06,9.386287e-08,1.0965936e-08,1.6890694e-07,1.0112707e-11,9.219658e-08,1.2485307e-08,5.5392425e-06,5.8769267e-08,1.9321199e-06,5.9842353e-09,1.4890796e-06,0.000129551,8.509326e-06,0.00010153887,9.299354e-05,9.549066e-07,1.4355619e-06,4.5038655e-07,3.0645143e-07,3.5040462e-10,4.5828866e-08,6.37463e-10,1.5934408e-07,2.6994232e-06,5.0001963e-09,1.2074819e-06,6.3165626e-06,7.624609e-07,5.7697518e-05,9.7324735e-09,4.0333452e-05,2.246739e-09,1.7069293e-05,2.903152e-09,3.3516535e-06
BC2026_Train_0050_S22_20220205_214500_010,2.3872716e-12,2.6675802e-09,8.427779e-10,1.2586032e-07,1.0127808e-06,1.172588e-09,5.3833727e-08,5.335644e-08,6.739498e-06,4.6557892e-07,2.2471924e-05,1.920851e-09,2.537304e-09,2.6605292e-06,7.480472e-09,0.0003743919,1.4497118e-06,1.4540193e-07,0.94520956,0.0015673791,1.0433317e-06,0.97222894,5.048604e-08,1.2839853e-09,1.1181685e-06,2.3805458e-09,5.129912e-07,1.24592585e-08,1.0036834e-09,1.7941677e-06,2.0307985e-08,2.887624e-08,4.50769e-07,6.320123e-11,1.8127516e-09,1.5534896e-08,9.1458865e-08,7.74595e-07,2.5192093e-10,1.3118467e-09,1.5414906e-07,1.1652367e-10,2.6894835e-08,3.0243346e-08,8.819695e-10,4.430427e-09,1.6134421e-06,2.3986144e-07,2.744882e-09,3.9073576e-08,1.6707665e-08,3.2674354e-08,1.278149e-07,8.6239194e-10,7.6810835e-07,2.812018e-09,2.1720631e-10,0.0014713487,9.0907344e-07,1.0481012e-05,0.99980706,2.8728708e-10,1.4909753e-06,0.9984378,0.9999219,1.8930209e-06,8.010834e-08,1.4774422e-07,2.1886215e-11,4.978606e-08,4.4288863e-14,1.1215258e-09,1.4651212e-07,5.016783e-08,2.6781574e-10,2.7406772e-08,2.6056262e-07,1.5817494e-07,1.2121859e-06,1.4762698e-08,6.3277184e-07,1.3900686e-08,4.4058485e-08,7.78443e-08,1.6249844e-08,3.15018e-10,1.999101e-07,5.0059048e-06,1.6772279e-07,4.4080057e-06,9.2741976e-07,1.0206628e-06,1.8483439e-08,1.3798077e-05,9.694321e-06,5.562747e-06,5.5837024e-08,0.00017944412,1.9004299e-06,2.9869154e-05,7.91441e-08,4.9035025e-09,1.3549499e-07,1.8990911e-06,2.1872347e-06,1.2409114e-07,9.046073e-09,1.0859041e-07,1.3780282e-08,1.3600662e-07,1.3243996e-07,2.888525e-06,2.8765266e-11,8.488539e-09,8.706845e-07,6.552685e-08,5.2088435e-08,4.6430904e-07,2.6850861e-07,8.412305e-08,1.7004815e-07,5.285957e-06,6.224866e-08,2.089932e-05,4.1559424e-08,9.076132e-08,1.2524647e-06,1.1370018e-08,5.335389e-12,1.5942983e-06,2.7193532e-09,2.1277091e-07,0.00014064927,1.9244446e-07,8.12489e-08,3.135049e-07,2.1702383e-06,7.5612654e-08,1.970495e-09,1.1074267e-05,1.6580086e-07,2.4615479e-06,1.3955164e-09,5.9982926e-07,1.569768e-07,2.488978e-09,8.918155e-08,1.5943372e-10,2.879644e-07,4.8559036e-07,3.9026133e-08,1.05019424e-07,3.5557832e-08,3.4429863e-08,2.259225e-06,4.0246373e-08,2.5777538e-07,5.8830395e-08,1.734115e-07,1.4631524e-05,1.025779e-06,5.214788e-08,1.4470417e-09,6.545724e-09,6.2186802e-09,3.6860622e-06,7.82448e-06,1.0952019e-07,1.1068285e-09,7.640616e-07,5.8844075e-06,2.3862328e-09,2.4397998e-08,4.8355164e-09,0.00016836065,6.17461e-08,5.8423364e-08,7.21458e-09,4.1792575e-08,1.7703702e-05,5.670032e-07,2.0594462e-11,1.5255424e-07,2.4274387e-08,3.2559034e-05,1.4309785e-07,1.8081477e-10,1.4033111e-08,8.420646e-10,8.27287e-08,1.2074344e-07,3.7170096e-07,3.82866e-06,5.919676e-08,2.530433e-07,6.9411806e-07,1.0574624e-07,6.266498e-09,1.3316201e-05,8.705237e-08,4.1278643e-09,2.147964e-08,6.490697e-13,1.3716298e-08,6.3668812e-09,7.108049e-06,1.5135718e-08,5.7189845e-07,1.6059937e-09,8.06013e-07,0.00017150349,4.135671e-06,3.7532936e-05,7.597965e-06,1.3645748e-06,2.622884e-06,1.3078045e-07,1.9536319e-07,7.0381684e-10,7.1530306e-09,9.7389444e-11,3.1143973e-08,4.4380727e-06,1.9411965e-09,5.72514e-07,5.7780053e-06,4.9044826e-07,1.1694598e-05,7.196545e-10,5.5241658e-06,2.2311266e-09,8.563519e-06,2.8312727e-10,7.9809485e-07
BC2026_Train_0050_S22_20220205_214500_015,3.1851763e-09,2.895555e-08,1.5226647e-07,2.2405518e-06,0.0005972375,2.583744e-08,1.0891508e-06,3.9267265e-06,0.00010732479,2.848835e-06,4.9687093e-05,5.4643007e-08,7.8987114e-08,5.210125e-05,1.4207435e-06,6.5092005e-05,3.332009e-05,5.325703e-06,0.4564562,0.0005232161,5.2071504e-05,0.6799785,1.9012148e-06,1.1522155e-07,3.4145607e-05,2.0295039e-07,4.6578e-05,7.6861903e-07,9.1431085e-09,6.0058424e-06,3.2486597e-07,2.8842504e-07,3.7314583e-06,1.8789018e-08,1.1803846e-07,1.3617507e-07,5.4807924e-07,2.2405284e-06,3.720314e-08,1.0232615e-07,3.0328836e-06,1.5764584e-08,3.7715495e-07,1.1052833e-07,4.583516e-08,1.542801e-07,8.760562e-06,7.6304724e-07,1.223591e-07,3.9685006e-07,2.5861186e-07,2.2604203e-07,3.8880475e-07,1.5900436e-07,4.3380032e-06,1.6447608e-07,6.9645782e-09,0.005178229,4.0097534e-06,0.00018159117,0.9953654,2.8354679e-09,1.85709e-05,0.93558306,0.98856,2.8279319e-05,6.6859157e-06,2.1789008e-06,2.9473645e-08,2.5924896e-06,2.2498373e-11,3.0080937e-08,1.162907e-05,5.5305018e-06,6.0443756e-07,1.1676862e-06,1.0132908e-05,2.4965491e-05,5.349505e-06,1.0046473e-05,3.8155085e-06,2.6912852e-07,8.493292e-05,4.261932e-06,1.8404498e-06,1.8991617e-08,3.709591e-06,2.657789e-05,7.4394497e-06,2.0927522e-05,7.084808e-06,7.9482115e-06,1.27147805e-05,9.389853e-05,2.4290905e-05,0.0003111719,4.830942e-05,0.004191632,8.6007785e-05,0.00083327433,5.37005e-07,2.9541577e-06,3.0107515e-06,6.527314e-05,3.6888112e-05,3.2398839e-06,2.6131042e-07,1.1379694e-06,4.230956e-06,2.1481478e-06,1.1127433e-05,0.000106270454,7.3193367e-09,1.4480233e-06,1.8214665e-05,9.47278e-06,6.164541e-06,2.8988909e-05,2.9899609e-06,7.269556e-06,2.2698443e-05,0.00016472396,3.2033324e-06,0.001535723,1.733121e-06,1.8018667e-06,1.0803105e-05,1.79838e-06,1.5023023e-09,1.1362004e-05,1.4146836e-07,1.8505858e-06,0.00802823,2.4338042e-05,1.0450701e-05,8.250961e-06,4.152195e-05,9.466242e-06,3.4556683e-07,0.0017401136,5.8659966e-06,8.233157e-05,4.1363542e-08,6.746944e-05,5.0559747e-06,4.498516e-08,4.7816366e-06,1.760258e-07,1.0091807e-05,1.6934377e-05,6.398642e-06,1.10356605e-05,1.7398712e-06,1.6173042e-06,5.8521517e-05,2.804874e-06,6.035461e-05,1.6876216e-06,6.506153e-06,0.0012448897,0.00033139644,1.552618e-06,4.4049997e-07,8.990094e-07,2.456105e-07,8.282346e-06,7.3883784e-05,6.007343e-06,2.3914652e-07,1.7575165e-05,5.282427e-05,1.1309888e-06,4.3365327e-07,1.4311901e-07,0.0020461874,7.0332885e-06,9.461615e-07,1.5448079e-06,6.9494405e-07,6.8154375e-05,9.284416e-06,7.628186e-09,4.542781e-06,3.2523675e-07,0.0005554243,1.1680018e-05,3.7657175e-09,8.35207e-07,5.4966947e-08,6.8588165e-06,1.0576567e-06,2.8881814e-05,2.1116046e-05,1.3439084e-05,2.5841907e-06,1.9811041e-05,6.7672822e-06,4.083426e-08,0.00022644129,2.5265457e-05,2.0473222e-07,1.8196725e-06,7.9207313e-10,5.612137e-06,6.2348767e-07,7.881661e-05,1.5263298e-06,4.9058446e-05,9.884159e-08,6.505428e-05,9.259544e-05,0.00012654129,0.00022051657,6.283938e-05,5.102228e-06,0.00012819006,1.0274816e-06,4.268038e-05,9.6901346e-08,4.4937832e-07,4.9681898e-08,1.473123e-06,2.3765018e-05,1.3585147e-06,9.109731e-06,8.916183e-05,8.405364e-06,0.00024446647,3.128893e-07,3.6412257e-05,1.4711911e-06,0.00026006292,4.610627e-08,1.5033549e-05
BC2026_Train_0050_S22_20220205_214500_020,5.4737512e-12,4.4119658e-10,1.5830798e-10,9.430738e-08,8.052362e-06,1.3857812e-10,3.2718432e-09,5.77155e-08,6.7486485e-07,2.5619292e-07,1.187612e-05,4.90019e-10,5.520477e-10,1.661082e-06,5.473467e-09,0.0002532568,1.0210795e-06,2.5387797e-07,0.9920372,0.00012328273,7.271858e-06,0.9823291,5.6868743e-08,1.4364027e-09,3.891549e-06,5.4868327e-10,1.01973355e-05,1.2063122e-09,2.892073e-11,3.6330107e-08,2.7420997e-08,8.7387715e-09,1.6910984e-06,8.475895e-11,9.277614e-10,5.883137e-09,2.0771966e-09,2.5244097e-07,3.0554556e-10,3.817614e-09,1.4810536e-07,4.7468713e-11,3.1129062e-08,5.097834e-09,6.363915e-10,1.8293578e-09,7.1992895e-07,2.6536725e-07,9.431232e-10,1.0756932e-08,2.3722478e-08,8.709705e-08,2.6100207e-07,1.1869713e-09,9.634438e-07,1.381915e-09,5.0561035e-11,0.0073888544,4.604788e-07,2.21236e-05,0.99890506,2.2182726e-10,3.058051e-07,0.9994875,0.99999547,5.451818e-07,2.8751872e-08,2.0184142e-08,7.040695e-13,9.414558e-09,1.6187028e-14,3.6369695e-08,5.700742e-08,2.4445743e-08,1.133482e-10,8.697371e-08,3.7025853e-07,1.4670522e-07,1.21087e-06,2.6874154e-09,2.2943229e-07,9.480565e-09,2.0097362e-08,9.043489e-08,1.7577678e-08,8.0393125e-10,3.633697e-07,6.1432036e-07,7.612361e-08,7.7157443e-07,2.8219542e-06,2.5144624e-07,7.181958e-09,3.2040962e-06,5.707097e-06,7.350618e-06,8.737975e-08,1.250058e-06,3.1603986e-06,1.07449605e-05,1.02046815e-08,1.2953743e-09,2.6593568e-08,1.359155e-06,1.4872742e-07,4.060863e-08,1.5041753e-08,6.147376e-07,8.9905825e-09,3.4180633e-08,8.856537e-08,6.9389176e-07,4.0817145e-11,8.062581e-09,1.8346179e-06,8.798093e-09,5.657533e-08,9.049857e-08,8.677667e-07,6.211879e-08,8.768557e-09,4.457763e-06,2.737329e-08,1.0913064e-05,3.1332474e-09,3.653106e-08,6.637384e-07,6.136403e-09,4.432153e-12,2.3410807e-07,2.1498523e-09,1.3358465e-07,1.1163028e-05,2.6718442e-07,9.291243e-08,4.8653546e-06,4.4674522e-07,4.053944e-08,1.8906274e-09,8.147606e-06,5.238889e-07,1.562767e-07,3.2008398e-09,5.789313e-07,4.0235932e-08,1.2649737e-09,3.61273e-07,1.5658753e-10,6.3127466e-08,5.8445704e-07,1.9878952e-08,2.4789635e-08,9.10149e-09,5.1721937e-08,5.5894094e-07,4.819121e-08,3.6566374e-07,1.0419023e-07,1.3568003e-07,2.128636e-06,2.2100213e-07,4.1159318e-08,1.4551838e-10,2.2419404e-09,2.0753472e-09,1.7064062e-06,2.2507973e-06,1.3459682e-07,1.331215e-09,1.0064934e-06,4.20412e-06,5.314685e-10,3.2571796e-09,3.9077808e-09,3.4761186e-05,3.8593832e-08,2.820442e-08,7.765267e-09,2.0354946e-08,2.0123466e-06,3.4075615e-07,2.1365241e-11,2.394327e-07,2.0539769e-08,3.6551977e-05,1.076484e-07,3.507169e-10,1.3635377e-09,8.161647e-10,2.3630038e-08,1.8570073e-07,2.1096278e-07,5.9850186e-06,1.20600445e-08,6.2768486e-08,2.0293336e-07,5.347202e-07,4.810841e-10,1.4727713e-05,2.7868866e-08,6.070779e-09,1.1421493e-07,7.4571046e-14,6.098287e-08,2.8704787e-09,2.2590227e-06,1.5931622e-08,7.5706744e-08,2.2081637e-09,4.1913037e-07,2.83631e-05,1.4528856e-06,5.5982287e-06,1.2597404e-05,4.2387846e-08,4.4677424e-07,4.336681e-08,2.5202073e-07,1.4437218e-10,1.0735001e-08,3.2135666e-11,3.0954638e-08,3.9619505e-07,5.81293e-10,1.4002812e-06,8.0695287e-07,3.4409686e-07,5.7175766e-05,1.8395117e-09,3.554713e-06,6.977525e-10,9.965154e-06,1.6091939e-10,1.1329665e-06
BC2026_Train_0050_S22_20220205_214500_025,1.6137192e-09,1.2954769e-07,1.2498309e-07,4.9440378e-06,7.073526e-05,4.6191392e-08,1.0252735e-06,2.9337775e-06,8.651455e-07,5.5487485e-06,0.0005715181,2.4044755e-07,2.9568975e-08,3.2085278e-05,3.8353258e-07,2.1491996e-05,4.868985e-06,2.1740398e-05,0.3215012,0.004490539,8.607638e-05,0.702018,1.1422685e-06,1.0871869e-07,2.7969623e-05,2.2913856e-08,4.0568146e-05,1.2336194e-07,6.4670216e-09,3.1862612e-06,7.574219e-07,9.8471254e-08,1.6231405e-05,3.111611e-09,5.038676e-08,3.3782555e-07,1.2628558e-07,1.6052163e-05,6.979316e-08,7.417309e-08,1.4141268e-05,6.4237478e-09,1.8933999e-06,2.5961486e-07,6.006365e-08,1.431231e-07,1.3432062e-05,2.506715e-06,1.8160547e-07,1.4418059e-06,1.8493422e-07,1.6773238e-06,2.2877405e-06,1.1985661e-07,3.2753735e-05,1.5287625e-07,4.14383e-09,0.0002574609,1.0964577e-05,3.76475e-05,0.95594627,8.399476e-09,4.9122764e-06,0.9727039,0.9992976,1.2137025e-05,3.835073e-06,6.830311e-07,1.5395014e-09,2.1066585e-07,1.7823971e-11,1.4020368e-07,2.0297218e-06,5.217135e-06,2.5983129e-08,4.3352857e-06,7.123365e-06,5.793671e-06,8.119868e-06,8.482916e-07,2.5236327e-06,9.571814e-07,1.3513524e-06,3.9365277e-06,1.121077e-06,4.0138126e-08,2.7646058e-06,7.046192e-05,3.3403799e-06,5.4006865e-05,2.1234786e-05,4.9025325e-06,1.6997487e-06,0.00020709788,0.0005217818,1.763396e-05,1.7855734e-06,5.5287946e-05,8.791022e-05,0.0013826374,7.114546e-07,4.816392e-07,1.2547889e-06,3.9288523e-05,7.0983074e-06,3.1633235e-06,3.1823998e-07,2.143638e-05,8.2048564e-07,1.0226095e-06,1.3061075e-05,1.7484708e-05,1.1493934e-08,2.2085178e-06,3.6854213e-05,6.142073e-07,1.7491429e-06,1.3751546e-05,1.3072454e-05,1.067909e-05,5.4053083e-07,5.517103e-05,3.2212415e-06,0.00059113343,4.422928e-07,6.8620943e-06,4.074397e-06,5.7643115e-07,1.2592083e-09,3.8453422e-06,8.1542385e-07,1.0626394e-05,0.003241551,1.09094235e-05,9.092165e-06,6.2875997e-06,4.6156256e-05,8.9052253e-07,1.8523501e-07,9.055646e-06,3.887324e-06,9.068981e-05,1.9769324e-07,4.1655014e-05,2.0228888e-06,2.434719e-08,8.344766e-06,2.5893877e-08,5.5564537e-06,3.986361e-06,1.8697447e-06,1.8990311e-06,4.7396588e-07,1.1731062e-06,2.1678887e-05,2.8682941e-06,9.916994e-06,3.4370994e-06,6.7576343e-06,9.867038e-05,7.836368e-06,8.527552e-07,2.981669e-08,1.4655672e-07,7.196633e-07,2.8186836e-05,3.14248e-05,1.9432034e-06,5.0207365e-08,2.7674057e-05,0.000114715156,1.3716642e-07,7.635272e-06,1.059267e-07,0.0018416161,1.2331893e-06,8.5466604e-07,1.3904101e-06,2.1197852e-06,0.00017072246,7.087816e-06,3.860707e-09,5.341558e-05,2.9500247e-06,0.00073251245,4.2913457e-06,4.8975693e-08,1.9352461e-07,2.401855e-08,1.0716313e-06,4.840987e-06,1.8083505e-05,5.6286535e-05,1.1580634e-06,2.6472599e-06,3.0956646e-06,1.4804982e-05,2.8094573e-07,0.00015003355,2.9823684e-06,9.619458e-08,1.8487742e-06,1.2545426e-10,1.2001036e-06,4.296798e-08,0.00035486423,3.6514274e-07,5.9067456e-06,5.8646982e-08,1.5740956e-05,0.0006347071,0.000120305005,0.00076598,0.00034815472,2.498569e-06,6.107113e-05,2.897276e-06,5.75672e-06,2.3038618e-08,6.9190406e-07,2.6891142e-08,9.256348e-07,1.8221008e-05,1.79444e-07,0.0001059966,6.710952e-05,1.5065339e-05,0.0006125961,1.5766351e-06,0.000365049,1.3284539e-07,0.000101000696,2.6504699e-08,0.0001876426
BC2026_Train_0050_S22_20220205_214500_030,3.7691055e-11,4.5818616e-09,2.7069178e-09,1.7874543e-06,2.827792e-06,7.362729e-09,4.896234e-08,2.9525498e-07,5.4022007e-07,1.7653834e-06,0.00020579006,1.826183e-08,1.0135316e-08,6.921377e-06,4.8671367e-08,4.6829417e-05,6.138659e-07,5.681422e-06,0.5579979,0.003912994,9.126748e-06,0.92817765,2.2831952e-07,1.3237186e-08,2.411825e-06,2.9706888e-09,3.6267113e-06,2.9139601e-08,4.3410817e-09,6.5244114e-07,9.382923e-08,5.3889195e-08,1.4232036e-06,4.1854994e-10,9.181748e-09,2.2381651e-07,5.5839986e-09,9.11565e-07,3.2054586e-09,3.2581628e-08,1.2164836e-06,2.5315788e-10,1.18159186e-07,2.0420242e-07,8.126158e-09,1.934784e-08,2.0239636e-06,2.2537154e-07,1.1746905e-08,1.1921775e-07,5.284497e-08,2.4156066e-07,4.2979954e-07,9.593837e-09,1.1684431e-05,4.085769e-09,8.9102864e-11,0.00010004912,1.1164232e-06,6.783297e-05,0.90513283,9.047604e-10,8.7444664e-07,0.989237,0.99984014,3.7117213e-06,3.403453e-07,1.640559e-07,5.753616e-11,1.6257253e-08,3.8242473e-12,1.1847931e-07,2.7599907e-07,4.213378e-07,1.0252826e-09,4.0859666e-07,2.0324278e-06,1.4804085e-06,3.3524339e-06,2.7232792e-07,8.2507825e-07,1.2553606e-07,1.7286297e-07,9.031808e-07,2.5962947e-07,1.07011076e-08,1.0437566e-06,1.31883535e-05,1.7590243e-06,9.849275e-06,8.388778e-06,2.0262214e-06,1.9479742e-07,9.780582e-05,0.00013954076,4.454933e-06,1.13078016e-07,2.780322e-06,5.3557123e-06,0.00027801585,3.572445e-08,1.8447583e-08,3.7843904e-07,8.374981e-06,1.4041875e-06,8.896533e-07,4.723072e-08,1.0569337e-06,1.3039538e-07,3.2367075e-07,1.7636233e-06,6.8584895e-06,1.5038762e-09,1.9929354e-07,2.0644713e-05,1.17834205e-07,3.3302192e-07,7.572984e-07,7.2611374e-06,1.6712278e-06,1.08973e-07,1.4399879e-05,3.5057246e-07,0.0002583313,9.782205e-08,1.4822335e-06,3.7622056e-07,3.2266968e-08,1.5315141e-10,2.1765145e-06,4.8997837e-08,1.1088438e-05,0.00021265767,4.131402e-06,1.0401467e-06,9.840841e-07,7.456688e-06,9.981023e-08,1.557403e-08,3.361837e-06,1.1762352e-06,2.4618555e-06,4.2873594e-08,5.868576e-06,2.7884263e-07,6.9763044e-09,2.6771343e-06,1.6805906e-09,8.368558e-07,7.9025835e-07,2.0635312e-07,1.924318e-07,8.2817266e-08,3.6119414e-07,4.46397e-06,3.7054258e-07,9.38683e-07,1.0226431e-07,1.9889987e-06,1.602833e-05,1.5302167e-07,2.2305285e-07,4.463566e-09,1.782094e-08,3.2129682e-07,1.0158385e-05,2.8042266e-06,1.6818055e-06,2.0869788e-08,5.9909466e-06,4.876683e-05,1.6322655e-08,2.3629796e-07,6.968355e-08,0.0005337455,3.021337e-07,9.732477e-08,9.095489e-08,6.894221e-07,6.0065577e-05,1.0408571e-06,1.3804687e-09,1.4684896e-05,1.4794584e-06,0.00020554847,2.071603e-06,5.7779257e-09,5.272405e-08,6.410089e-09,1.7128106e-07,1.7939589e-06,2.7624262e-06,2.4903431e-05,2.3783716e-07,7.6545757e-07,9.4141734e-07,8.395669e-06,2.0467848e-08,8.532307e-05,9.098479e-07,1.7969072e-08,5.9637216e-07,1.4880071e-12,1.3090273e-07,2.4490781e-08,2.8642988e-05,7.249593e-08,6.886671e-07,1.3203397e-08,3.7743919e-06,0.00066173746,1.4125014e-05,0.0015873461,0.0001960656,8.179636e-07,9.921677e-06,5.911699e-07,4.9183376e-07,2.007184e-09,1.1118039e-07,5.6616944e-10,4.95359e-08,3.3438923e-06,9.786867e-09,1.3772599e-05,5.473618e-06,2.8591123e-06,0.0002615429,9.573368e-08,0.00017389447,3.8834184e-08,6.771837e-05,6.1372925e-09,3.6319077e-05
BC2026_Train_0050_S22_20220205_214500_035,4.715308e-10,2.6210852e-08,1.1854972e-07,2.147605e-06,4.9530976e-05,4.4654588e-08,5.446419e-07,1.4519312e-06,2.0672965e-06,2.0440522e-05,0.0027220373,2.915523e-07,4.8044363e-08,1.32162795e-05,6.8018124e-07,0.00024731725,6.373575e-06,5.5312034e-06,0.6922955,0.0032251873,4.5949368e-05,0.85345393,9.1430576e-07,1.2971569e-07,2.193039e-05,5.887742e-08,3.0110017e-05,3.4244528e-07,3.0343536e-08,8.236779e-06,9.906038e-07,6.1746687e-07,4.232655e-06,9.783544e-09,6.275125e-08,1.1654656e-06,6.167242e-08,1.236489e-05,5.2318647e-08,2.1582889e-07,8.709323e-06,3.0934735e-09,1.0992069e-06,7.851074e-07,4.703555e-08,9.306158e-08,8.846777e-06,6.3572423e-07,1.4454831e-07,1.3454794e-06,2.072052e-07,1.8632387e-06,1.9711522e-06,1.4534882e-07,5.1083887e-05,4.5280167e-08,5.4981077e-09,0.0019102531,7.864533e-06,7.2043054e-05,0.979597,1.4710306e-08,1.2658256e-05,0.9911177,0.99931777,1.849268e-05,3.6823728e-06,1.1835447e-06,1.0723884e-09,1.0715326e-07,1.7996141e-11,3.9903713e-07,1.6417723e-06,2.1242636e-06,2.2595469e-08,1.311368e-06,5.068522e-06,3.3385647e-06,1.5569101e-05,1.2471857e-06,3.685837e-06,5.4386857e-07,2.0550524e-06,2.330456e-06,1.7162097e-06,4.1231687e-08,5.250421e-06,2.1274414e-05,6.0864963e-06,1.914832e-05,2.6694463e-05,3.246413e-06,1.2289873e-06,5.2895502e-05,0.0002644246,2.125525e-05,9.571631e-07,2.490678e-05,4.7748767e-05,0.000883715,6.603895e-07,1.9669856e-07,1.4270933e-06,2.144859e-05,1.2020924e-05,3.78017e-06,2.897705e-07,6.285741e-06,4.868033e-06,3.4219436e-06,7.1460568e-06,2.3831675e-05,5.5401024e-08,5.743755e-07,3.3562817e-05,1.291456e-06,1.0864226e-06,4.1123053e-06,7.0389724e-06,7.2237085e-06,5.418681e-07,2.7737497e-05,1.7877167e-06,0.0001637235,2.7517564e-07,3.1423815e-06,2.871203e-06,2.9505713e-07,2.716564e-09,8.380159e-06,3.466267e-07,9.705144e-06,0.00071569026,4.278804e-06,4.0023415e-06,1.6576874e-05,1.1501056e-05,7.8645996e-07,1.6049862e-07,2.0726085e-05,5.0384588e-06,8.987609e-06,1.5602757e-07,2.7140333e-05,1.4326283e-06,1.0243707e-07,8.594987e-06,3.0035533e-08,1.7935603e-06,2.8187967e-06,6.829991e-07,1.545132e-06,5.1293114e-07,2.2135534e-06,1.0903161e-05,2.0834132e-06,1.5190762e-06,6.327598e-07,1.6095037e-05,3.5824076e-05,6.23927e-06,1.6805791e-06,4.938807e-08,8.593699e-08,9.565189e-07,3.4262674e-05,1.7069748e-05,7.535237e-06,2.087101e-07,1.7381564e-05,0.00012774773,1.9929809e-07,1.043479e-06,7.108328e-07,0.0009322176,4.7988135e-07,4.79847e-07,5.194022e-07,1.3529127e-06,0.00048768902,2.8245795e-06,6.0635355e-09,1.3947508e-05,2.342417e-06,0.00024915885,1.3641697e-05,5.5010695e-08,4.104138e-07,6.0783485e-08,9.542629e-07,4.3505606e-06,6.9881194e-06,8.822742e-05,1.9972956e-06,4.6495866e-06,2.4717197e-06,2.3407652e-05,1.9458986e-07,5.9656395e-05,2.2484974e-06,2.0229686e-07,2.8705433e-06,1.4370896e-10,1.0465066e-06,6.315372e-08,6.66879e-05,6.70704e-07,2.803296e-06,5.397148e-08,1.804948e-05,0.00022626497,5.914128e-05,0.00059002504,0.0001881846,2.4746041e-06,4.946244e-05,1.4181486e-06,3.881138e-06,2.1277188e-08,1.0919736e-06,5.2665636e-09,4.8477415e-07,1.3226392e-05,1.244074e-07,6.9773756e-05,2.2718756e-05,5.738938e-06,0.00055432564,8.0818904e-07,0.00040861496,1.2512727e-07,2.6046202e-05,3.422669e-08,3.442e-05
BC2026_Train_0050_S22_20220205_214500_040,1.0154965e-10,4.457636e-09,1.8227366e-09,4.2553443e-06,3.946959e-06,3.7271524e-09,1.8849681e-08,2.9392726e-07,5.8063538e-08,1.2353329e-06,0.00038627326,1.916921e-08,1.6931223e-09,7.300632e-06,4.631013e-08,0.00021099407,7.8433135e-07,2.8019062e-06,0.7830887,0.00036469434,9.114763e-06,0.94246334,1.2449065e-06,4.5419004e-08,5.484685e-06,8.563327e-09,9.305291e-06,6.810164e-09,5.5057376e-09,5.784026e-07,3.4645285e-07,1.361534e-07,4.4236467e-06,1.1022337e-09,1.0776525e-08,2.9361152e-07,1.2487855e-08,1.8505027e-06,4.956499e-09,4.883149e-08,4.9800965e-06,3.7647602e-10,5.468826e-07,2.4848626e-07,8.863309e-09,1.2041313e-08,9.71002e-07,3.82988e-07,3.257541e-08,2.5424163e-07,8.8797094e-08,5.5413227e-07,5.931159e-07,2.7619253e-08,7.285213e-06,1.0529798e-08,2.8402514e-10,6.8432855e-05,1.1751913e-06,3.623926e-05,0.8369831,1.3094769e-09,1.5406131e-07,0.9986939,0.9999014,1.950971e-06,1.2860059e-07,8.266655e-08,1.716562e-11,4.6084292e-08,2.181061e-12,2.9882678e-08,2.5332076e-07,3.2030346e-07,6.5654515e-10,3.4280995e-07,1.2164522e-06,1.5383524e-06,4.6089226e-06,2.631869e-07,2.9111027e-07,1.426934e-07,1.4661558e-07,8.424282e-07,2.589665e-07,7.882785e-09,1.5543823e-07,3.0595668e-06,7.770129e-07,1.4874667e-05,1.5243572e-06,6.0657413e-07,1.0215124e-07,8.424672e-05,0.0008699599,4.2579827e-06,1.2746506e-07,7.6190004e-06,3.8858193e-06,0.00042884448,5.4923774e-08,2.0718874e-08,1.3605177e-07,1.1352766e-05,5.3068396e-07,2.3031862e-07,1.7118172e-08,6.15628e-06,8.512133e-08,8.726499e-08,4.8931673e-07,1.3432281e-06,5.909856e-10,1.07678986e-07,1.6204556e-05,1.3056834e-07,3.3717504e-07,5.5544706e-07,9.92852e-06,3.3725398e-06,2.209593e-08,3.912425e-06,2.809822e-07,0.0001294342,2.0166674e-08,1.0320059e-06,5.9859036e-07,2.5049815e-08,1.3989322e-10,5.8370506e-07,1.0610182e-07,4.7590042e-06,0.00028525345,6.2792465e-06,5.7527683e-07,1.3666299e-06,4.9434716e-06,5.9438204e-08,9.7878e-09,2.317378e-06,4.3317257e-07,5.1056495e-06,1.7177534e-08,6.0774078e-06,2.7318475e-07,1.2826071e-09,2.1846206e-06,1.9191555e-09,3.8262036e-07,7.163635e-07,2.7674048e-07,1.4441589e-07,7.704444e-08,2.6477747e-07,3.407101e-06,2.9289694e-07,4.975535e-07,2.1020905e-07,4.747847e-07,2.1732105e-05,1.5292363e-07,8.059295e-08,2.3116695e-09,2.0897033e-08,2.2464066e-07,4.2292054e-06,1.6832946e-06,1.4485606e-06,2.6856593e-08,3.2248563e-06,3.148557e-05,1.501355e-08,1.5919053e-07,2.3668335e-08,0.00020860144,1.7728593e-07,8.6396504e-08,1.22424e-07,2.2303901e-07,4.3383738e-05,5.406824e-07,2.4266264e-10,1.3462237e-05,5.486655e-07,0.00014417541,5.88457e-07,8.943822e-09,1.1295962e-08,6.543477e-09,9.564937e-08,1.5117074e-06,3.3342467e-06,8.418704e-06,6.940513e-08,3.596162e-07,3.5510294e-07,4.4025655e-06,1.1054051e-08,6.225408e-05,5.91131e-07,1.5726833e-08,6.434173e-07,2.662219e-12,1.7482576e-07,1.7338992e-08,2.0698295e-05,1.9575633e-07,3.169739e-07,4.458624e-08,2.520751e-06,0.00010375721,1.5065411e-05,0.00012996364,9.738805e-05,2.4154613e-07,8.026877e-06,2.8013963e-07,3.2046415e-07,1.064786e-09,9.9319514e-08,2.948981e-10,9.7520065e-08,1.2110409e-06,5.435463e-09,3.046453e-06,7.533894e-06,2.722996e-06,0.00056642696,1.08124766e-07,8.448969e-05,2.8357666e-08,3.156127e-05,3.0073006e-09,1.7256321e-05
BC2026_Train_0050_S22_20220205_214500_045,3.2014569e-09,9.088206e-08,1.4502592e-07,1.1409435e-06,0.00016585144,2.8643765e-08,7.6848573e-07,7.1648974e-06,2.8581908e-06,6.202801e-06,0.0025192676,2.8577688e-07,3.3534356e-08,3.9345923e-05,5.7488137e-07,5.9014295e-05,1.8204055e-05,9.849134e-06,0.8771965,0.0031605512,0.00028785926,0.8048134,2.0530758e-06,5.1656574e-08,3.758197e-05,3.7754212e-08,5.6274675e-05,1.2857889e-07,9.881421e-09,2.649371e-06,5.0834035e-07,2.0350102e-07,5.1881784e-06,7.0159762e-09,1.23601e-07,7.232459e-07,1.1218434e-07,8.198245e-06,2.1812193e-08,7.2392986e-08,3.607064e-06,1.6624657e-09,3.8266083e-07,2.3997745e-07,5.743997e-08,9.481311e-08,5.175552e-06,1.6021111e-06,6.770136e-08,7.3169383e-07,3.2063016e-07,1.1930581e-06,2.4164779e-06,7.1468975e-08,1.1303837e-05,1.7908312e-07,4.395706e-09,0.0029247345,3.9829563e-05,3.2187945e-05,0.9918854,3.7652235e-08,1.9546565e-05,0.9963881,0.9994011,1.3532182e-05,2.2863119e-06,1.0397459e-06,8.832843e-10,2.5462626e-07,3.3043762e-11,7.1711196e-07,1.8114672e-06,9.82164e-07,1.9005855e-08,1.1234895e-06,4.180751e-06,7.130331e-06,2.16232e-05,2.3385326e-07,6.389368e-06,2.2695672e-06,1.5104249e-06,2.0524355e-06,2.7527378e-06,4.2348816e-08,2.15068e-05,4.443047e-05,2.4035292e-06,0.00010962006,5.4397624e-05,5.27606e-06,6.5412826e-07,6.0061855e-05,0.00069896335,4.961735e-05,2.7489473e-06,3.891626e-05,0.0002492855,0.00097318157,8.770281e-07,2.4704866e-07,2.73466e-06,1.8226012e-05,9.906256e-06,2.2040551e-06,5.556351e-07,9.224257e-05,4.851159e-06,3.0347471e-06,7.577617e-06,1.9042225e-05,2.1907256e-08,9.2428434e-07,4.4307046e-05,1.7424449e-06,1.0804216e-06,1.1220867e-05,1.1426713e-05,7.2487455e-06,2.401904e-07,3.340533e-05,4.9660484e-06,0.00019293813,3.924986e-07,8.346828e-06,1.0627985e-05,4.4535892e-07,2.5539333e-09,5.1440547e-06,3.2949544e-07,2.1121748e-05,0.00046470406,1.3978147e-05,1.6296859e-05,0.00015012744,2.6242746e-05,1.0608802e-06,1.546752e-07,1.3716106e-05,7.651497e-06,5.747763e-05,6.5762356e-07,4.8295737e-05,1.953911e-06,1.2702068e-07,8.384827e-06,2.2910797e-08,9.6927e-07,1.09791745e-05,4.1168105e-06,3.6127408e-06,5.447775e-07,1.7175475e-06,1.6211496e-05,1.5931447e-06,3.051373e-06,2.8147433e-06,5.4707375e-06,0.00011019722,7.4945733e-06,1.5799538e-06,2.1261489e-08,1.9459208e-07,1.1020808e-06,2.9656814e-05,3.4459183e-05,2.6847458e-06,3.7980172e-07,3.07992e-05,8.73686e-05,6.1813026e-08,3.762902e-06,5.104463e-07,0.0009645468,1.1382994e-06,1.1830899e-06,4.2581033e-07,1.1024204e-06,0.00033791017,5.545929e-06,5.90301e-09,2.6058775e-05,1.0514756e-06,0.00040237725,4.606084e-06,5.67198e-08,2.6536395e-07,1.2509483e-07,1.0460794e-06,5.851698e-06,1.2697064e-05,7.608579e-05,2.838857e-06,4.3699374e-06,4.4563567e-06,3.7223002e-05,2.213757e-07,0.00017183511,1.9766883e-06,2.149274e-07,3.1878178e-06,1.3198599e-10,1.5031823e-06,3.32295e-08,8.171662e-05,1.167792e-06,9.887785e-06,7.633022e-08,1.8867086e-05,0.0010101165,6.25264e-05,0.00038684925,0.00020663573,2.5967977e-06,1.5543956e-05,2.2316847e-06,1.2262361e-05,5.0294776e-08,1.8118403e-06,1.5370025e-08,1.5538785e-06,1.8293578e-05,1.3716867e-07,7.70069e-05,2.0825903e-05,3.355514e-06,0.00076950627,1.5570026e-06,0.00069971115,5.2171657e-08,7.036181e-05,2.882556e-08,6.863617e-05
BC2026_Train_0050_S22_20220205_214500_050,9.1778265e-09,1.7372527e-08,2.3884256e-06,1.6441491e-07,0.0018902357,1.5652736e-08,6.179735e-07,5.4008947e-06,5.4480377e-05,3.197748e-05,0.0007835732,3.495726e-07,6.968977e-09,5.477388e-06,2.524711e-06,9.595297e-05,0.00022235188,6.4679426e-07,0.41500396,0.00035936458,0.00028881675,0.6243035,1.5568568e-07,1.193875e-07,0.00015905182,5.8033198e-08,0.00047521744,2.9515e-07,5.4574034e-09,4.020613e-06,9.948376e-07,1.3653502e-07,1.9332021e-05,5.2845877e-08,4.968342e-08,4.7018244e-07,4.4417803e-07,8.10799e-06,2.2169199e-07,5.7195518e-08,3.7080238e-06,1.43378385e-08,5.5390666e-07,4.865216e-08,1.2443585e-08,6.0753464e-08,1.0676875e-06,1.3345608e-06,4.8519826e-08,2.8773573e-07,2.4849618e-07,6.4060026e-07,4.5708094e-07,3.723573e-07,1.471528e-06,2.7462875e-07,3.0896654e-08,0.007959284,1.3280146e-05,6.1402793e-06,0.9582923,2.7077144e-08,0.0002362171,0.9639853,0.97983265,4.8025768e-06,1.2177117e-06,1.0619887e-06,3.1257565e-09,2.0415582e-06,2.9913197e-11,6.4169353e-07,5.9338067e-06,3.4128343e-06,2.8083403e-07,2.646336e-07,1.1980262e-05,1.6918364e-05,6.520558e-06,2.0015805e-06,4.008438e-06,3.310054e-06,4.3730157e-05,8.03695e-07,1.384831e-06,5.7666323e-08,4.0632338e-05,4.9476832e-05,3.6816568e-06,0.00031556294,2.4399116e-05,3.3841122e-06,2.7333408e-06,3.504363e-05,7.8509955e-05,0.0006405605,1.48531635e-05,3.4380602e-05,0.00046544502,0.00033511588,4.6267405e-06,1.060425e-06,1.2838361e-06,1.5941378e-05,3.91117e-05,2.2805411e-06,1.7026042e-07,0.00017281312,1.9531994e-05,2.219745e-06,4.0243376e-06,0.00012866424,3.2347323e-08,1.936032e-06,0.00018721297,9.854968e-06,1.4594218e-05,2.8516483e-06,5.2120267e-06,7.769441e-06,6.245713e-07,1.9569823e-05,4.4721814e-06,0.00011081017,1.8993519e-06,9.954982e-06,1.6745598e-05,3.0060344e-06,2.0256719e-09,3.0102892e-06,2.6845433e-07,1.6309283e-05,0.00020182286,4.514394e-06,9.368191e-05,0.0030621588,7.815173e-06,6.3747206e-07,5.952062e-07,0.00019318389,8.953177e-06,3.934465e-05,3.7865277e-07,0.0006714074,1.2434729e-05,1.1165452e-07,4.1295956e-05,1.3367729e-07,7.2476564e-07,1.5149579e-05,6.719545e-06,5.376648e-06,1.2295127e-06,2.2731062e-06,2.3541954e-05,3.4696343e-06,2.8774366e-06,6.8299587e-06,3.7655295e-06,8.3319464e-05,1.1577095e-05,5.8024457e-06,1.0723955e-07,8.287794e-08,1.4121173e-06,1.1415582e-05,9.828564e-05,2.3555533e-06,5.6972533e-07,2.4165027e-05,6.0351795e-05,3.6367445e-07,1.0531495e-06,1.1787686e-06,0.00057214726,8.5902064e-07,5.2020114e-06,2.8091786e-06,6.321566e-07,0.0001389572,1.5110288e-05,6.20625e-09,1.7370396e-05,3.9548198e-07,0.00037949454,7.594431e-06,1.1757956e-08,6.97501e-07,4.582157e-07,9.944922e-07,8.5454085e-06,1.0921581e-05,3.9195114e-05,7.295085e-06,1.3385336e-05,4.9895757e-06,2.7016691e-05,5.5980987e-08,4.136438e-05,3.6245608e-06,2.5416188e-07,6.581376e-06,4.5073154e-10,1.1314072e-05,4.3066358e-08,4.1021638e-05,1.0005645e-06,1.1452285e-05,1.1097912e-07,3.210842e-05,0.00011565138,3.127102e-05,1.053601e-05,0.00015217763,6.2417774e-07,1.4426409e-05,2.8588586e-06,0.00012864008,5.103295e-08,7.143741e-07,3.6782474e-08,1.6679888e-06,2.9590768e-05,1.1684855e-07,2.0104753e-05,4.2328105e-05,1.1945032e-05,0.0019915388,3.8441212e-06,0.00016432436,5.924206e-08,6.116071e-05,2.6607928e-08,1.765171e-05
BC2026_Train_0050_S22_20220205_214500_055,7.2441935e-07,7.607251e-07,2.9765819e-05,2.0440264e-06,0.006818576,9.5206303e-07,1.1194254e-05,0.00062864285,0.0004167306,8.000846e-05,0.0013490005,5.841879e-07,3.9595895e-07,1.4298466e-05,6.778208e-05,0.000109477165,0.00072707894,1.11438085e-05,0.08361083,0.0013048782,0.0002671642,0.14403841,2.2602535e-05,2.3759305e-06,0.00013679038,3.8828898e-07,0.0047358903,9.176434e-06,1.9676125e-07,1.2518637e-05,8.28256e-06,2.5070926e-06,7.680515e-05,2.3660878e-06,2.0904963e-06,3.284734e-06,1.6392393e-06,3.00699e-05,1.4034752e-06,8.2391136e-07,2.0008163e-05,7.1990627e-07,8.612307e-06,6.47383e-07,6.3639146e-07,1.6336086e-06,1.9850113e-05,1.3921979e-05,3.7715637e-07,3.3727424e-06,4.742942e-06,4.6112264e-06,7.88039e-06,7.167911e-06,1.3010962e-05,6.002796e-06,5.9582467e-06,0.003832287,0.00054812257,0.00014084816,0.23526973,5.930554e-07,0.00018211376,0.5382803,0.8538859,0.00030485677,1.5821486e-05,8.365762e-06,6.3503045e-08,9.358377e-06,1.7822189e-09,9.391482e-06,2.1282856e-05,1.1618661e-05,7.880299e-06,2.802278e-05,6.5473876e-05,0.00032518493,0.00015236303,3.8145427e-05,2.4069855e-05,3.4586068e-05,0.00021490679,2.513693e-06,7.801382e-06,1.0073759e-05,0.00023252405,0.00020154327,5.116398e-05,0.00013404089,0.0013754868,3.148386e-05,3.277073e-05,0.00023837095,0.0009278163,0.0084251985,0.0004375279,0.00047329997,0.00066042953,0.0009535031,6.918545e-06,1.543319e-05,4.14151e-05,0.00015409292,0.00034098997,4.6410227e-05,5.7892908e-06,0.0007023883,0.00013025147,5.5710185e-05,6.8916284e-05,0.000874606,2.0512753e-06,0.000108587905,0.00020492541,9.863294e-05,0.00014296701,2.5838906e-05,3.755338e-05,6.3812404e-05,1.9664298e-05,0.00046070115,4.455751e-05,0.00020756539,1.8265302e-05,6.925095e-05,8.201007e-05,3.7584585e-05,5.2661994e-07,6.123518e-05,1.962318e-06,0.000100940044,0.0060741217,3.198953e-05,0.0002052189,0.0045667314,3.5010664e-05,4.9163118e-05,4.363633e-06,0.0009550975,0.00030262553,0.00023629391,1.5963726e-05,0.002350863,9.584323e-06,5.556512e-06,0.0005834334,2.5617292e-06,1.0733336e-05,0.00059471116,3.1830587e-05,3.7110927e-05,5.500137e-06,0.00021736092,0.00011722277,3.3561504e-05,0.00038403008,3.1332904e-05,0.00028534376,0.0008259609,0.00027347333,9.3208575e-05,5.8004653e-06,5.905292e-06,6.699762e-05,0.00020763627,0.0007343979,3.110669e-05,3.9540166e-05,0.00024884407,0.0016553301,5.690738e-06,2.6157246e-05,0.00021050677,0.0018864325,1.7885808e-05,5.0173858e-05,2.4062463e-05,1.737767e-05,0.00049346033,0.0001711787,3.0186612e-07,9.7727985e-05,3.7340424e-06,0.0019407305,0.00031544684,1.694222e-06,9.208837e-06,9.53975e-06,7.4036834e-05,2.7298598e-05,0.00011185267,0.0015958499,0.000113799,0.00015185424,7.141234e-05,0.00043895704,2.4641182e-05,0.000145217,5.169316e-05,3.3655026e-05,0.00019359787,9.513987e-09,0.00031741313,2.3822947e-06,0.00011077161,1.7171056e-05,0.00017734036,2.991658e-06,0.0040459596,0.0037769994,0.00024863277,0.00011535048,0.00041078607,0.00010468194,7.7324556e-05,9.877817e-05,0.00011393298,3.1920947e-06,1.3421152e-05,8.55947e-06,9.472158e-05,0.0001363623,5.200533e-06,0.0007713921,0.0003698869,7.2321825e-05,0.015845109,1.0673348e-05,0.00072864007,1.7435569e-06,9.382111e-05,1.0796223e-06,0.0002912573
BC2026_Train_0051_S22_20220208_231500_000,9.28401e-09,2.9834018e-07,8.134672e-09,7.250918e-05,6.792689e-05,2.352022e-09,1.327675e-07,5.7071944e-08,0.00031488584,3.9619805e-05,0.08355488,4.6550346e-07,6.007052e-08,7.021716e-07,4.1772495e-07,0.035730198,3.6833484e-05,1.5488321e-09,0.017644718,0.00016863023,6.1193496e-05,0.01372802,7.344588e-07,2.5715324e-06,0.0003729547,5.48911e-07,2.712755e-05,4.3506166e-08,1.7505842e-08,3.7399204e-05,4.7757297e-08,3.5685161e-07,2.9088298e-07,1.1558236e-06,3.0744e-07,1.5076628e-07,1.2298564e-08,2.3806726e-07,2.8146808e-08,8.533532e-07,7.9230483e-07,3.0286393e-09,4.87702e-06,7.239022e-08,8.154589e-07,2.9293466e-07,9.515444e-06,3.3952898e-07,1.1129046e-08,1.7143623e-08,3.5057221e-06,7.319255e-07,4.5735868e-07,2.353864e-07,3.1769996e-05,3.7710893e-07,2.9875826e-09,0.94654226,4.765953e-07,2.1560786e-06,0.9960763,5.412747e-08,0.0007241881,0.9962149,0.00070552586,6.867185e-05,3.971813e-07,2.9976954e-06,2.7716076e-09,7.2946636e-07,1.9612101e-10,4.3982492e-08,5.911169e-06,1.741606e-06,2.0262104e-07,5.800891e-07,0.0001105048,1.6226232e-06,2.3627822e-06,4.42803e-07,1.1463377e-05,5.5021697e-08,7.3126765e-05,7.3470886e-07,5.5385804e-08,6.9637287e-09,2.7184937e-08,3.1612487e-06,8.10884e-06,1.1545247e-06,5.5729364e-05,7.9110663e-07,2.803007e-08,2.999086e-07,1.420653e-05,0.00034290712,1.5743392e-06,1.570698e-06,3.0806314e-05,1.079321e-05,2.9248742e-08,7.746808e-08,5.433276e-06,3.9810617e-05,3.318545e-05,1.1036248e-06,1.12984445e-07,4.776049e-07,4.7053186e-06,1.2180287e-06,2.5582526e-07,2.160502e-05,1.0418164e-08,4.3193953e-08,5.5505275e-06,2.2872102e-06,2.9662702e-05,6.3994935e-07,4.193333e-06,3.4090175e-07,2.189685e-06,4.159357e-05,2.0087808e-07,0.0011233365,2.2255442e-06,3.4618364e-07,5.5374505e-07,2.1988102e-05,6.3169e-09,4.5911943e-07,2.536766e-07,9.223057e-06,2.483915e-06,9.296362e-07,3.3163515e-06,1.06060746e-07,3.9991555e-06,8.2014924e-07,3.7134419e-07,3.1348474e-05,4.6189944e-06,6.988946e-07,3.461661e-08,3.5904696e-07,2.8449176e-07,2.3828689e-07,7.2752778e-06,4.6442988e-08,2.0850925e-06,4.3357102e-07,5.4286775e-05,2.6264256e-06,4.3288824e-06,6.3820147e-07,6.7847554e-06,5.388059e-06,2.8036757e-06,3.620756e-07,2.5690958e-06,3.4709606e-07,9.417761e-06,1.4994168e-06,1.1006629e-08,3.9624073e-08,1.2446307e-07,2.1309459e-05,2.3225388e-07,8.508496e-08,7.7002245e-09,1.7463743e-05,3.589768e-06,5.1514984e-08,2.124888e-08,2.4073083e-08,0.00068393466,4.940065e-07,1.5683898e-06,1.0060935e-07,1.542698e-06,3.1193904e-06,1.4040377e-05,7.374759e-09,2.215821e-05,4.690332e-07,9.905168e-07,6.3578733e-07,1.3343601e-08,1.464187e-07,5.6531977e-08,4.6009467e-07,3.6320484e-06,3.229593e-05,3.1766385e-07,3.093442e-06,2.5175366e-06,5.1639894e-05,1.4911345e-06,4.2287304e-08,5.4291126e-05,3.0784722e-07,6.153054e-07,7.3229694e-07,9.548354e-11,7.98219e-07,5.25177e-08,4.2387404e-05,5.1471727e-07,2.4439487e-06,9.385268e-08,7.357408e-06,3.5760692e-07,1.1141438e-05,7.338868e-07,2.378767e-05,2.4392693e-05,1.2715871e-05,2.3097054e-07,1.2612515e-05,1.3932485e-08,7.260137e-08,3.1444727e-09,1.7248902e-05,9.394134e-06,1.9345615e-07,7.753333e-07,5.5594433e-06,2.7334892e-07,9.835038e-08,2.085427e-08,1.2849195e-05,1.881559e-08,2.6139216e-05,1.4335819e-07,3.731705e-05
BC2026_Train_0051_S22_20220208_231500_005,8.280293e-11,3.3000674e-07,1.468392e-09,0.0005027477,6.8797594e-06,5.643819e-10,6.2049257e-06,9.61588e-08,1.4812353e-05,0.0016249068,0.020444447,5.9509557e-07,2.1271553e-07,7.4141926e-06,7.070198e-08,0.0007107273,8.455084e-07,3.1790967e-07,0.5863135,4.5482197e-05,5.2198166e-06,0.017824214,4.700568e-08,4.2708123e-07,5.431032e-06,3.8652677e-09,1.0822719e-05,3.184643e-08,2.4482967e-09,0.00018327324,4.3027192e-08,5.690531e-08,4.1945188e-07,1.5906336e-07,2.8451672e-07,1.5009856e-08,2.4537306e-08,3.050067e-08,1.090903e-07,3.0952432e-07,4.6229474e-07,7.4372375e-09,6.5993436e-07,1.688228e-08,4.1988162e-08,3.6619028e-08,8.352521e-06,2.8459652e-07,1.0803628e-08,9.997938e-09,3.565135e-07,2.168299e-07,1.1356996e-07,5.1446545e-08,1.939423e-06,1.4649201e-07,3.800584e-09,0.99028987,9.500767e-07,6.303654e-06,0.9977823,1.1080199e-09,2.5419563e-06,0.91002077,0.90284485,7.5694916e-06,3.7929528e-08,2.579104e-07,2.0904916e-09,6.1497803e-07,5.201209e-12,4.402706e-08,3.4032691e-06,1.3489342e-06,2.9152477e-07,2.5081184e-07,5.2990845e-06,2.268671e-06,1.3804255e-06,2.970776e-07,6.931563e-06,7.990687e-09,3.2565404e-06,3.367258e-07,2.8816823e-08,1.7630183e-09,3.7855735e-08,1.2208046e-06,3.2170321e-06,1.714425e-06,8.293902e-06,2.4095485e-07,1.0837269e-08,1.1175672e-05,6.7627207e-06,2.8758757e-06,6.2464943e-07,4.1813495e-05,1.94621e-05,1.7140072e-05,2.9145715e-08,8.550155e-09,9.552937e-07,0.00082412944,4.950675e-05,1.3001569e-06,8.018276e-09,1.5444395e-07,4.5362296e-07,9.286423e-08,5.7720126e-07,6.314604e-05,2.5715352e-09,1.8768887e-08,3.8877994e-07,4.4057055e-07,2.7434831e-05,2.6611308e-06,1.3415368e-05,5.5847465e-07,3.4346583e-06,2.961756e-05,2.8083157e-08,0.0007364418,8.128952e-08,4.6284126e-07,1.7387698e-06,9.053056e-07,4.8822946e-11,2.935689e-06,7.43995e-08,5.3749254e-06,9.97237e-06,8.2276966e-07,1.3612404e-07,1.1189617e-09,5.538573e-05,1.0445751e-06,1.7034983e-08,0.000116300886,5.0284985e-08,1.943947e-06,7.159374e-10,1.916055e-06,2.9285944e-05,3.8483483e-09,2.744015e-06,3.9773904e-09,1.6690407e-06,6.5698725e-07,4.4250461e-07,2.0587547e-07,1.8379298e-07,5.9133345e-08,2.4193045e-05,2.4220196e-06,1.0159578e-06,1.7794344e-08,5.1981146e-07,4.0814487e-07,3.1265307e-07,1.00506746e-07,9.785424e-10,1.1298828e-08,1.03333635e-08,1.1984966e-06,4.7377026e-07,1.2454106e-07,5.104324e-09,1.8742204e-06,1.8905755e-05,5.1361027e-09,4.621465e-08,4.6265852e-10,7.926077e-05,1.27963e-06,1.0567709e-07,2.6930973e-08,2.9680973e-07,3.3347208e-06,1.4005229e-06,7.6643797e-10,7.896654e-06,3.200128e-07,1.1549157e-06,3.7890047e-08,6.321862e-10,3.3675954e-07,1.1959682e-09,1.2655732e-07,1.716521e-07,8.286581e-06,2.1232295e-07,1.37661e-07,1.6355993e-07,5.350793e-07,1.8853153e-06,3.5748289e-09,0.00071969896,1.2959724e-07,1.258988e-08,1.7762999e-07,9.437022e-11,8.265015e-08,1.1599227e-08,3.9992425e-05,6.1889233e-07,4.2720444e-06,1.5169418e-08,5.152334e-07,1.057704e-06,1.339204e-05,2.656293e-06,1.922502e-05,4.1265162e-07,5.521116e-06,3.050637e-08,2.2467395e-06,6.7516626e-10,6.0026885e-08,1.3869791e-10,6.536893e-07,1.3994802e-06,4.882011e-09,6.038936e-07,9.572895e-06,1.2897114e-07,5.1593634e-06,1.0960102e-08,3.785281e-05,6.6702457e-09,0.0007929935,4.4738537e-09,1.7037206e-05
BC2026_Train_0051_S22_20220208_231500_010,1.8372104e-10,3.2593313e-08,3.5541085e-08,3.3801452e-06,2.3371073e-05,2.2428056e-08,6.457225e-07,1.5370588e-06,1.9096255e-05,8.440289e-06,0.026310232,6.9658364e-07,2.7964122e-08,1.4980938e-05,7.9177005e-07,0.0049969875,1.3045079e-05,1.6156916e-07,0.6458943,0.008472924,8.7976136e-05,0.38137215,2.9208778e-07,6.3014267e-07,1.2327142e-05,9.853853e-08,0.00012320328,4.0111996e-07,5.713642e-08,4.7275335e-05,1.0784321e-07,7.774821e-07,2.8312759e-06,1.7306085e-08,1.2256208e-07,6.280878e-07,2.2422752e-08,2.9438732e-07,3.7155058e-08,6.703741e-08,1.0871034e-06,9.47053e-10,7.3094895e-07,4.0275864e-07,3.390455e-08,7.090252e-08,7.064358e-06,1.275102e-06,8.408728e-08,1.2962975e-07,3.159987e-07,6.634852e-07,3.761976e-07,5.6253285e-08,2.3840175e-06,2.633702e-07,1.0887464e-09,0.7442361,9.314205e-06,1.2337116e-05,0.9910618,5.7018408e-08,0.00021049935,0.9522777,0.9888764,2.480218e-05,5.145502e-06,6.3506895e-06,5.8173364e-09,4.8484762e-06,1.6560048e-11,6.157433e-07,3.0206909e-06,3.06568e-06,5.556916e-09,5.749335e-07,2.4136354e-05,2.987464e-06,6.297189e-06,7.80118e-07,1.993746e-05,7.689396e-08,6.481258e-06,4.076979e-07,8.3388824e-07,1.7657449e-08,6.977598e-07,1.7465725e-05,3.9043925e-06,1.1625643e-05,0.00013714079,1.8420635e-06,3.7695753e-07,1.6688635e-05,0.000105032996,6.8386995e-05,3.246608e-06,2.7246735e-05,0.00026144343,6.0949187e-05,3.2782474e-08,4.1921023e-08,1.556137e-06,2.698803e-06,4.4136004e-06,1.3278234e-06,4.327506e-07,1.150762e-06,2.9149496e-06,5.9257883e-07,1.9592741e-07,2.6531296e-05,3.658836e-09,1.9488246e-08,1.1772815e-05,1.3649133e-06,9.502213e-06,2.1071355e-06,1.49828675e-05,2.575032e-06,4.5989898e-07,1.7310731e-05,1.7908908e-07,7.6471675e-05,3.9351696e-07,9.3611635e-07,3.5583798e-06,4.657357e-07,4.747399e-10,1.4752623e-05,1.3456767e-07,1.4278559e-05,3.2375887e-05,1.4707955e-06,7.4649023e-07,5.1234883e-07,1.5597547e-05,7.5713007e-07,3.626558e-08,7.566123e-05,3.151661e-06,2.6489644e-07,1.6532837e-08,4.2530887e-06,1.5737237e-06,3.1220526e-07,5.487385e-06,4.2162796e-08,3.9708048e-06,8.221342e-06,2.0730674e-06,8.687984e-07,3.0280293e-07,5.9848134e-07,1.7494816e-06,1.5463157e-06,3.6403708e-07,3.4332197e-07,2.2676586e-06,2.2924623e-06,2.1947694e-06,4.61456e-07,1.525763e-08,1.9129692e-08,3.7622343e-07,5.339551e-05,1.8064263e-06,1.0629041e-07,1.8598689e-08,3.236067e-06,3.0186522e-05,1.9501412e-08,4.710944e-08,1.7503206e-08,0.0005769842,1.5854586e-07,7.944832e-07,5.8226117e-08,3.9581778e-07,4.4679753e-05,2.044904e-06,4.1468664e-09,8.9094014e-05,1.5421184e-06,1.6317434e-05,3.6384964e-07,4.5708042e-08,3.1490157e-07,1.41842085e-08,2.4494946e-07,1.3511591e-06,1.9229348e-05,2.224769e-05,1.2057893e-06,1.4766605e-06,8.484392e-06,5.022139e-06,1.2178094e-08,0.00021298113,4.121667e-07,1.9421017e-07,6.4637806e-07,1.524187e-11,6.990099e-07,2.8918853e-07,3.2954755e-05,6.544646e-07,1.0021001e-06,1.13325775e-07,4.4174917e-06,4.8909715e-05,5.946995e-06,0.00027068166,6.5072585e-05,4.370442e-06,1.7724349e-06,1.9522462e-07,4.4696485e-06,6.509841e-09,5.338978e-07,6.2255845e-10,6.0559734e-07,4.1278596e-05,1.0258955e-08,5.247843e-06,8.081388e-06,1.8657475e-06,4.6331512e-05,2.5430737e-07,3.512919e-05,2.7151204e-08,8.7504086e-05,8.763295e-08,1.8979352e-05
BC2026_Train_0051_S22_20220208_231500_015,8.252748e-11,8.107691e-08,1.1182944e-08,1.398713e-06,8.228253e-06,4.1161967e-09,4.7665526e-07,1.8388782e-07,6.6296548e-06,1.6533268e-05,0.00020139803,2.8676706e-07,2.1487958e-08,1.4808074e-05,9.230461e-08,0.00039630028,2.8630907e-06,1.4211295e-07,0.93838614,0.00035475867,2.2714163e-05,0.8666103,3.2576042e-07,5.3192835e-08,9.902073e-06,8.896573e-09,4.2401392e-05,5.573435e-08,7.432969e-09,1.4732378e-05,9.801441e-08,7.4209595e-08,9.486504e-06,7.763889e-09,1.9662837e-08,1.8696167e-07,4.7399297e-08,5.441679e-07,1.0055693e-08,8.221134e-08,1.5409087e-06,3.0994565e-09,2.7217058e-07,1.4469092e-07,2.1626978e-08,3.1224683e-08,2.9654018e-05,2.229313e-06,8.8736996e-08,2.6007928e-07,1.11700516e-07,2.2734937e-07,3.6801643e-07,2.5578784e-08,5.657033e-06,3.630475e-08,5.83881e-10,0.09495659,1.2425639e-06,4.191038e-06,0.9854936,6.241579e-09,1.7495431e-05,0.9936473,0.99886227,2.3547198e-06,3.3595217e-07,2.7652283e-07,3.27284e-10,6.059133e-07,8.073309e-12,6.00025e-08,3.679175e-06,6.106498e-07,2.4588932e-08,4.5070752e-07,2.3347971e-05,3.5922717e-06,7.645042e-06,3.5019588e-07,5.5959867e-06,8.348734e-08,8.784747e-07,4.3885754e-07,8.801048e-07,1.1936353e-08,1.8928245e-07,6.083456e-06,1.6758321e-06,7.864113e-06,2.7642302e-05,6.386599e-07,2.1951973e-07,1.1675565e-05,9.781423e-05,9.522923e-06,1.4993296e-06,0.00015031092,0.00019917743,0.00013917309,7.334922e-08,3.7697003e-08,3.403028e-07,1.8270528e-05,2.0890095e-05,1.1975335e-06,1.6497421e-07,7.929337e-07,6.1072785e-07,1.2708078e-07,7.2880016e-07,1.2430164e-05,1.6929028e-09,6.836508e-08,1.5901353e-05,4.155008e-07,4.2523066e-06,3.246373e-06,3.190888e-05,1.239462e-06,8.8806553e-07,2.1226922e-06,2.5814293e-07,0.00047198913,1.6830924e-07,3.7516581e-06,1.9867332e-06,2.2520072e-07,2.8689173e-10,2.0595885e-06,2.1953504e-07,5.526331e-06,1.2611192e-05,2.3587452e-06,9.63249e-07,4.5009241e-07,3.798748e-05,1.11449395e-07,6.125554e-08,3.0219384e-05,6.976527e-07,2.1095605e-06,6.1430194e-09,1.4035051e-05,1.6782183e-06,9.937803e-09,2.428547e-06,1.19518e-08,8.73394e-07,2.967236e-06,2.1228894e-07,9.96754e-07,2.8229508e-07,2.0304468e-07,7.2188745e-06,1.0960383e-06,3.4654735e-07,4.3586112e-07,2.4655703e-06,2.1159929e-05,2.9719288e-06,5.6538283e-07,4.9134736e-09,2.5257455e-08,4.8622752e-08,1.6352142e-05,1.117855e-06,2.204958e-07,1.0572683e-08,3.3677734e-06,7.06456e-05,1.9401387e-08,5.131601e-08,1.919548e-08,0.00055848557,1.15257485e-07,6.739999e-08,2.4290745e-07,7.031452e-07,2.0005891e-05,5.3946037e-06,2.705999e-09,1.4346215e-05,8.584285e-07,4.9511662e-05,2.2624216e-07,8.246054e-09,2.2322864e-07,2.4876075e-08,1.339403e-07,8.4571326e-07,4.5191146e-06,2.2153687e-05,2.9461285e-07,6.888084e-07,1.9191584e-06,2.1201915e-06,9.364307e-09,8.697109e-05,2.0031868e-07,7.6698555e-08,6.824496e-07,2.9701536e-11,1.4631934e-06,6.87587e-08,1.8399605e-05,4.4312281e-07,3.4016368e-06,6.519747e-08,3.214818e-06,1.0585804e-05,2.7930733e-05,3.337476e-05,9.868158e-05,3.4741765e-07,8.409661e-06,7.456117e-08,1.9344855e-06,3.971106e-09,4.304945e-07,1.1757338e-10,3.3693271e-07,2.2605273e-05,5.1162765e-08,4.4855633e-06,7.508022e-06,1.6445348e-06,4.8757665e-05,6.942194e-08,2.0002097e-05,1.9947203e-08,0.0005686539,3.9583888e-08,1.7173072e-05
BC2026_Train_0051_S22_20220208_231500_020,4.2759893e-09,3.340401e-07,2.3381272e-06,5.055449e-06,0.00042052887,5.6128854e-08,4.25154e-06,1.1945043e-05,3.833758e-05,2.6465445e-05,0.001870562,6.6808684e-06,7.254586e-08,5.383553e-05,3.926408e-06,0.0017062229,8.962513e-05,1.0395208e-06,0.37499884,0.0001604794,0.00028330152,0.40601736,1.1433508e-06,2.0209798e-06,7.356398e-05,1.0815757e-07,0.00030307047,1.2002547e-06,1.2342666e-07,0.00010142624,7.677085e-07,5.12342e-07,3.330154e-05,6.173138e-08,1.8023981e-07,7.997589e-07,2.6966572e-07,5.8079827e-06,5.6213867e-07,1.3328967e-07,3.0490302e-05,2.982835e-08,4.542768e-06,2.0780007e-07,1.8461915e-07,5.228931e-07,6.500417e-05,1.6941112e-05,1.8373388e-06,5.6777385e-06,7.40965e-07,2.032052e-06,2.533384e-06,6.242582e-07,3.1031464e-05,2.3837556e-07,7.451621e-09,0.06253143,1.2179835e-05,4.4040685e-06,0.9696908,2.3721691e-07,0.00032959986,0.9666113,0.99484384,5.935369e-06,3.7456382e-05,1.4721329e-06,1.2158203e-08,9.903253e-06,1.2267815e-10,2.2185293e-07,1.2169919e-05,1.1852585e-05,9.394398e-07,4.0599098e-06,6.0687213e-05,2.5616835e-05,5.8887363e-05,8.024741e-06,2.8112634e-05,5.8560914e-07,6.736407e-05,1.6280594e-06,2.1135165e-05,1.545997e-07,3.2490645e-06,3.622547e-05,3.6292404e-06,0.00013301302,3.27207e-05,4.4419426e-06,1.7313617e-06,6.835334e-05,0.00019290153,0.0001224315,7.186014e-06,0.0020844124,0.0017492732,0.002448274,3.7503952e-07,2.3116058e-06,2.733242e-06,0.00012264558,1.128953e-05,1.2321901e-05,4.4320734e-07,1.4775291e-05,1.5046142e-05,5.409585e-06,6.081779e-06,4.2788375e-05,5.1989577e-08,8.128617e-07,6.316863e-05,2.96129e-05,4.88785e-06,3.9360035e-05,1.6175483e-05,6.454688e-05,1.5938771e-06,7.3542574e-06,5.655824e-06,0.00071106025,1.300049e-06,4.588434e-05,1.3038213e-05,1.0630175e-05,5.086665e-09,1.0536534e-05,2.1744045e-06,2.8261096e-05,0.00044427597,1.4166132e-05,1.1518651e-05,1.0627417e-05,6.690332e-05,3.9213937e-06,6.789855e-07,0.00012737115,3.801322e-06,4.8724058e-05,1.0635306e-07,9.417032e-05,1.7146333e-05,5.225093e-07,2.1196527e-05,9.171046e-07,2.915267e-05,2.4845289e-05,1.3575872e-05,1.1688063e-05,3.6962385e-06,3.2991059e-06,6.732438e-05,1.3974534e-05,1.3018146e-06,3.5702192e-06,1.1942207e-05,6.1698476e-05,1.5834814e-05,4.128629e-06,9.602885e-08,7.924016e-07,5.9314925e-07,1.6498145e-05,1.6174079e-05,2.3470882e-06,1.109922e-06,1.9426405e-05,0.00030817612,5.240783e-07,5.930271e-07,1.2853756e-07,0.0013309675,2.916552e-07,3.2554972e-06,1.0974461e-06,1.3318908e-06,0.00014536314,4.6152825e-05,3.7470194e-08,0.00011257344,5.335026e-06,0.00016652395,5.6371014e-06,2.071125e-08,1.4089843e-06,2.02121e-07,6.5904624e-07,4.6428695e-06,3.4711793e-05,5.6533718e-05,3.3804483e-06,7.353732e-06,1.22988895e-05,7.851539e-06,5.4567806e-08,0.0004073727,5.142863e-06,7.8598686e-07,1.7356255e-05,1.1099257e-09,1.5427937e-05,4.993642e-07,0.00063480204,2.3616353e-06,6.0859625e-06,2.0469396e-07,2.6173464e-05,9.225947e-05,0.00013766867,0.0003201145,0.00063701,2.2194972e-06,3.5264322e-05,8.7661596e-07,3.227053e-05,6.2894074e-08,1.8508964e-06,3.7760906e-08,3.2727519e-06,5.4906337e-05,8.3374033e-07,3.059919e-05,0.00021404076,5.038084e-06,0.00037168045,3.398644e-06,0.00012887003,7.285716e-07,0.00052624755,3.0320487e-07,0.00015808566
BC2026_Train_0051_S22_20220208_231500_025,2.3093579e-11,9.3233257e-07,2.8269437e-11,2.0895932e-05,4.1285043e-07,3.8724454e-10,1.650175e-07,1.4808573e-09,1.7343846e-05,2.4448984e-05,0.044011466,1.17905024e-07,8.873513e-08,3.3513967e-07,1.1987529e-08,0.02669047,6.557904e-07,9.170739e-09,0.061732564,0.00037737325,1.0673195e-05,0.5004654,1.6184051e-08,1.5735377e-07,2.652119e-07,7.5444824e-08,3.8277394e-06,2.6001925e-07,7.896211e-08,0.00025074268,7.367691e-08,5.0000557e-07,2.8999966e-07,3.0958418e-08,4.761686e-08,2.5963567e-07,4.833089e-10,1.1652494e-07,7.1438957e-09,1.0354815e-07,8.7014587e-07,4.667766e-10,5.4796743e-07,4.0078157e-07,8.2380865e-08,2.6207802e-08,1.0178031e-05,6.410593e-08,2.2071582e-08,3.580679e-08,1.117189e-06,2.2133159e-07,1.5181247e-07,7.045334e-08,3.202621e-06,7.748105e-09,3.7305573e-10,0.9927898,8.935078e-08,2.7676183e-06,0.99991727,3.931667e-09,1.31034185e-05,0.999877,0.000669742,7.4935724e-06,2.2486272e-07,6.0305285e-07,2.2593085e-09,1.6816976e-08,2.736279e-12,1.3497383e-09,1.1046504e-06,7.0460925e-07,6.818004e-08,2.0522329e-07,1.2062231e-05,1.0155425e-07,7.130346e-07,8.01756e-08,1.1677586e-06,3.1621976e-09,6.539339e-05,2.6626742e-07,5.6192263e-08,7.5607964e-10,2.168253e-08,8.6621964e-07,6.507388e-06,9.2410806e-07,2.8336285e-06,1.2192474e-07,2.516022e-09,6.6529736e-07,5.1313937e-06,3.5492797e-06,4.1652754e-08,9.615854e-06,3.8018838e-06,1.4831237e-05,2.098682e-09,4.920442e-09,2.9418043e-06,7.6369315e-06,4.3240093e-06,3.7786708e-07,1.7370107e-08,2.4162185e-08,4.0015675e-07,4.699659e-07,5.831336e-08,2.4421111e-05,2.022942e-09,3.985896e-09,4.453183e-06,1.0291272e-06,1.32749165e-05,2.490839e-07,2.2289578e-06,6.6214966e-08,3.4778136e-06,4.698691e-06,2.2108997e-08,0.0006882282,4.308037e-07,1.511269e-07,4.138864e-08,7.592429e-07,1.2710539e-09,7.26328e-07,7.715974e-08,4.7170315e-06,1.0194701e-06,7.541116e-08,2.2714522e-07,6.8339207e-10,1.2980598e-05,2.8427533e-07,4.8573995e-08,1.6519067e-06,1.25655e-07,2.237828e-07,1.5022679e-09,1.5719881e-07,4.601267e-07,1.5070435e-09,6.4405947e-07,1.336127e-09,1.1358729e-07,2.7907536e-08,2.446024e-06,2.6629382e-07,9.187408e-07,7.21746e-08,8.878318e-07,1.7980061e-06,2.1995082e-07,1.663177e-08,8.188894e-07,1.9465327e-08,5.7277457e-06,3.0630034e-08,9.123964e-09,8.198566e-09,8.822156e-09,1.5818952e-05,3.014998e-08,3.411882e-08,1.0306294e-09,8.296626e-07,1.6961831e-06,6.932902e-09,3.0732779e-09,3.3235887e-09,0.00011089823,8.9567145e-08,2.2154968e-08,5.446113e-08,1.2238431e-07,9.252527e-05,4.3096645e-07,1.4562723e-10,1.5672699e-06,6.366811e-08,1.8785203e-06,1.5112093e-08,9.284625e-10,7.413885e-08,1.4632923e-09,5.7907368e-08,8.6870887e-07,1.6572434e-06,1.2284686e-08,1.7006487e-07,8.082298e-07,3.7805443e-05,1.371272e-07,2.3289382e-09,6.451839e-05,2.755243e-08,1.2451657e-08,2.0369278e-08,1.5159727e-12,1.849279e-07,2.8354801e-08,6.7347755e-06,7.494599e-07,2.8584009e-06,6.886275e-09,8.462433e-07,1.1430983e-07,1.0438897e-05,4.1857256e-06,6.265772e-05,3.4442853e-06,2.7965196e-05,4.0149228e-08,6.101793e-06,5.0578514e-10,2.0841705e-08,1.1954501e-10,8.151851e-07,1.5767192e-06,1.5702048e-08,5.920094e-08,6.851023e-07,7.5983195e-08,2.554398e-07,6.097644e-09,3.5246692e-06,1.924544e-09,5.806863e-06,6.6868306e-09,7.85652e-06
BC2026_Train_0051_S22_20220208_231500_030,2.8662592e-10,1.8560458e-07,1.254304e-09,0.00015774084,9.178762e-06,3.57105e-11,3.6788063e-07,2.9620677e-08,3.4037963e-05,0.00020829479,0.9437673,3.5868763e-07,4.2547818e-08,1.4112689e-07,2.37899e-08,0.00013200913,1.3676116e-06,4.364403e-09,0.0038006792,2.2279792e-05,8.207758e-05,0.0034038918,2.1266194e-08,3.396242e-07,1.5310329e-06,9.6901346e-08,3.6838167e-06,1.5286497e-08,1.9426447e-09,0.0005996279,7.4942285e-08,7.68944e-08,2.1292114e-07,4.3964548e-08,3.760889e-08,2.9696368e-08,1.8143903e-10,3.9578882e-09,4.046976e-08,8.925298e-09,3.1368913e-07,4.1008588e-10,4.01536e-07,1.346995e-08,3.0223106e-08,1.7046068e-08,1.0573965e-06,7.545101e-08,6.6017196e-09,8.23945e-09,2.3763559e-07,7.221261e-08,2.2552886e-08,1.4426145e-07,5.0867254e-07,2.7179786e-07,3.1372568e-11,0.999559,4.143734e-07,1.236942e-06,0.9999007,5.1383173e-09,0.00042999658,0.9987239,0.002224937,1.3963885e-06,8.003762e-07,1.676318e-07,1.4342125e-09,1.9668393e-07,3.436347e-12,1.1361152e-08,5.4547155e-07,1.1386778e-07,2.4142746e-08,3.5455436e-08,4.036349e-06,8.240631e-07,2.0831497e-07,4.351579e-08,2.9348716e-06,1.2312383e-09,8.1623795e-05,4.7408157e-08,1.2656409e-07,1.2349542e-09,9.530609e-08,2.145075e-06,1.6624482e-06,7.6977153e-07,4.504928e-06,9.589397e-08,4.33773e-09,7.8153806e-07,1.1410945e-05,2.4899796e-06,2.0883253e-07,2.970073e-06,5.756122e-06,8.182873e-06,2.3430444e-09,2.6661562e-09,4.8276997e-06,0.00013679234,1.3720553e-05,1.4309963e-07,1.286282e-09,1.206239e-06,2.6209608e-07,6.7378785e-08,3.8916713e-08,2.4882635e-05,2.3029953e-09,2.4628912e-09,1.7545057e-06,4.617417e-07,2.5379231e-06,1.5919994e-07,1.9300278e-06,1.262739e-07,1.4345683e-06,1.977303e-06,1.898995e-08,0.00012664993,2.9053726e-07,2.3311419e-07,3.4208884e-07,6.5636044e-07,6.0445143e-10,2.985306e-07,3.9152175e-07,4.6722475e-06,1.7560355e-06,4.3648674e-07,7.183289e-07,7.0928147e-10,1.485864e-06,1.2928615e-07,4.4142176e-08,1.3761649e-05,5.7319033e-07,6.8895423e-07,7.6474843e-10,1.9826473e-07,4.209175e-06,1.3062483e-10,5.889539e-07,6.7947377e-09,1.3688614e-07,3.4658632e-07,3.1567236e-06,6.435904e-07,2.1443437e-07,2.0897838e-07,2.6450942e-07,3.3713982e-06,7.76333e-08,2.3042739e-09,5.758888e-07,2.6232508e-08,7.864863e-07,1.1734433e-08,8.4839863e-10,1.8508934e-09,2.0723134e-09,5.6682275e-06,4.6394913e-08,2.6610415e-08,1.0636858e-09,1.2645314e-06,1.6190556e-06,1.5703775e-09,6.855174e-10,3.499004e-10,5.5916175e-06,2.1097425e-07,8.465776e-08,1.901202e-08,4.592021e-08,1.4203535e-05,5.758339e-07,2.408949e-11,1.2132465e-06,7.463085e-09,1.1211631e-07,1.2494121e-08,8.7723134e-11,2.1488164e-08,1.0420802e-09,3.3794922e-08,3.3568263e-06,1.0767784e-05,1.7340449e-08,2.0288674e-07,7.197814e-07,3.586042e-06,3.3440662e-07,3.453763e-10,7.0283468e-06,1.8546544e-08,2.9729166e-09,5.0632913e-08,3.0205179e-12,4.4157002e-07,4.0593044e-09,7.1235004e-06,4.849822e-07,8.253545e-07,3.4073477e-09,5.356471e-07,8.538247e-08,6.940764e-06,1.4109486e-07,3.3957687e-05,2.9996093e-07,6.510436e-06,4.418208e-09,2.4919798e-05,2.0451087e-10,5.082766e-09,6.352585e-11,9.3753795e-07,2.3430977e-07,5.994516e-09,1.7027389e-07,5.4353046e-07,9.173924e-09,6.4950467e-07,3.1943506e-09,2.8610707e-06,2.3130929e-10,2.1163814e-06,9.078153e-09,2.8943707e-06
BC2026_Train_0051_S22_20220208_231500_035,1.063196e-11,1.7411008e-08,1.9448783e-11,2.3899474e-05,1.0006561e-06,1.726087e-10,2.1412882e-08,1.061084e-09,1.3083652e-05,1.924494e-05,0.018848635,5.5211245e-08,3.8797006e-09,7.00988e-08,2.823099e-09,0.0020317845,3.2046066e-06,7.987773e-10,0.009651097,4.4083e-05,4.1663425e-06,0.053894185,6.7793713e-09,2.9434943e-07,4.5121856e-06,8.834145e-09,1.8992703e-06,2.0349939e-08,3.5454266e-09,0.00075972994,3.794827e-08,2.6881139e-08,9.122366e-08,7.0832094e-08,6.3004872e-09,2.1007493e-08,9.411538e-10,2.7255027e-08,4.391734e-09,3.3299038e-08,4.3763924e-07,1.7888215e-10,9.398305e-07,8.109683e-09,8.531081e-09,8.65862e-09,3.112425e-06,3.855124e-08,4.220896e-09,5.0298397e-09,2.7513968e-07,1.2128412e-07,5.8017374e-08,5.269691e-08,1.8207626e-06,3.9463925e-09,1.2396477e-10,0.9833694,2.5559375e-08,2.1779047e-07,0.9992969,1.0026067e-08,4.7309884e-05,0.9980952,0.012011945,1.0337249e-06,5.36442e-08,1.52806e-07,5.0778215e-10,1.3429089e-07,1.4615467e-12,3.9824615e-09,8.6447085e-07,1.4439344e-07,1.3342966e-08,3.276847e-08,1.3907449e-05,1.8209539e-07,7.542711e-07,4.9078847e-07,1.7272026e-06,2.8073504e-09,3.4495617e-05,5.226591e-06,8.072906e-09,5.0627064e-10,7.555567e-09,3.1185932e-06,1.2584741e-06,6.103773e-07,4.6652485e-06,2.9679608e-08,1.4533824e-08,9.254327e-07,2.6905923e-06,1.1419633e-05,7.5706744e-08,3.0930883e-06,1.2490661e-05,8.572819e-06,2.7624611e-09,1.2432168e-09,2.39393e-07,9.211558e-06,1.7189551e-06,2.0412591e-07,8.656307e-09,1.3557693e-07,6.009481e-07,5.1458466e-07,2.4208504e-08,4.1238385e-05,6.8941564e-10,3.1459428e-09,5.3380436e-06,3.4102368e-07,2.8809266e-06,1.9969097e-07,5.523152e-07,1.5434118e-07,9.812178e-08,1.4941594e-06,1.1331762e-08,0.0001979087,2.1350145e-07,1.927898e-07,7.578823e-08,4.584347e-07,2.3278755e-10,4.8177054e-07,2.1803958e-08,2.096374e-06,1.5243951e-06,5.057992e-08,1.11559565e-07,3.3298455e-09,5.5366604e-06,1.0769419e-07,4.7850004e-09,2.147513e-06,7.2801663e-07,7.6329925e-08,9.454503e-10,3.704274e-07,1.92925e-07,2.6117317e-09,1.1295595e-06,7.252407e-10,6.6205047e-07,5.305676e-08,8.644347e-07,7.426581e-08,4.793192e-07,3.121635e-08,2.7474273e-06,7.882388e-07,7.128912e-08,5.7072462e-09,1.5381366e-07,7.423465e-08,6.8355365e-07,2.7054691e-08,2.3358113e-09,2.0369928e-09,6.9562414e-09,3.756097e-06,4.044946e-08,2.5127813e-08,2.9542013e-09,8.074517e-07,9.910403e-07,2.6582956e-09,1.5793137e-09,4.4383924e-10,0.000103483595,4.502757e-08,6.760032e-08,9.099477e-09,2.3476444e-08,6.7338574e-06,8.404533e-07,4.212304e-10,3.1093575e-06,1.02553e-07,2.6524935e-06,2.2947576e-08,6.398017e-10,3.2902435e-08,1.6979215e-09,8.6782945e-09,1.1415377e-06,1.5802026e-06,1.8100852e-08,3.003639e-08,2.9802936e-07,5.629521e-06,7.98775e-08,1.1487001e-09,0.00012003227,2.268343e-08,6.0675034e-09,4.050134e-08,6.1905613e-13,5.981602e-08,6.196717e-09,4.823167e-06,1.04556335e-07,4.9239645e-07,4.7450026e-09,4.1514508e-07,9.454584e-08,2.4545718e-06,4.126763e-06,3.066822e-05,8.0121544e-07,1.6558324e-05,1.0106456e-08,1.07164915e-05,1.2479105e-10,1.731272e-08,9.3488245e-11,5.3561894e-07,7.5787952e-06,4.4981197e-09,7.119142e-08,1.0419753e-06,5.4210226e-08,2.5896998e-07,1.188517e-08,4.6579175e-06,1.5673552e-09,3.704654e-05,1.2138486e-08,9.4398465e-06
BC2026_Train_0051_S22_20220208_231500_040,5.9577896e-13,1.0206409e-09,1.24124174e-11,4.8827116e-07,9.1246693e-07,7.086719e-13,5.3281566e-09,1.1500856e-09,7.561041e-07,4.8119523e-06,0.7228996,1.3122454e-08,2.184122e-11,2.198913e-09,3.9808795e-10,0.0001085054,1.01177e-06,8.387808e-12,0.012110919,4.6166515e-06,2.450037e-06,0.0002979593,1.7218134e-09,2.17522e-08,9.0388985e-09,1.6099706e-10,2.1836104e-06,2.8550956e-10,1.7447582e-11,2.9129405e-05,3.1276886e-09,6.1634725e-10,1.3758555e-09,1.0317525e-09,7.7914786e-10,1.6950441e-10,2.5717126e-12,1.5554125e-10,1.8063519e-10,8.522603e-10,1.6416104e-08,2.6300641e-12,3.800405e-07,1.15544775e-10,7.41918e-11,2.3075185e-10,4.1753054e-08,1.6039571e-10,7.993908e-12,4.4393978e-11,2.1207336e-08,1.6120957e-08,3.804457e-09,2.1622717e-09,2.7490856e-08,3.0773414e-10,5.3615527e-13,0.999728,1.5974953e-08,3.607192e-09,0.99300176,3.8023004e-10,0.00015715879,0.9993388,0.009583416,1.6685252e-07,5.019298e-09,3.0082359e-09,3.1515684e-14,1.2292813e-09,4.1999173e-14,6.8952216e-10,4.9139075e-08,6.351025e-10,2.848351e-10,2.9907694e-09,2.562626e-06,4.909298e-08,5.169265e-07,2.1992232e-09,2.8366001e-08,2.0266948e-10,2.2529318e-06,1.5741202e-09,1.7109871e-09,9.592766e-11,6.9498753e-09,9.63547e-08,1.0507432e-07,6.948911e-08,9.2059054e-07,3.9961803e-09,5.0286546e-11,4.8709983e-09,3.272983e-06,4.888289e-07,1.6192102e-09,2.7627154e-08,5.2694027e-06,4.0753304e-07,1.1033038e-10,6.581409e-11,1.6037818e-07,1.2890479e-06,2.0833583e-07,2.9679494e-08,2.4177238e-10,1.7592066e-08,3.0418644e-07,4.8874824e-08,6.0252453e-10,1.1143638e-06,1.9646425e-11,2.2035429e-10,7.979284e-08,4.2128068e-08,2.2828554e-07,7.274702e-09,3.3433773e-07,3.777998e-09,3.2892675e-10,1.927738e-07,3.1235512e-09,1.258662e-05,1.3628929e-09,6.2689605e-09,6.458516e-09,2.8017134e-08,1.2335594e-11,8.004111e-09,1.2147395e-09,5.364712e-07,4.335736e-09,1.7159424e-08,2.3126939e-08,2.238807e-10,5.9543934e-09,8.0290645e-09,9.354626e-10,5.5949076e-08,7.020491e-08,1.4790846e-09,2.4045144e-11,1.9204343e-08,4.781278e-09,5.4032695e-11,1.6901875e-07,1.9335869e-10,1.450092e-09,1.2998176e-08,9.383835e-08,3.884002e-09,3.4552081e-09,4.155695e-09,5.818637e-08,1.7952102e-07,2.821974e-09,1.8099282e-10,2.2835321e-08,2.7039082e-10,2.4551722e-08,1.8805393e-09,1.520778e-11,2.535967e-10,3.4665004e-10,1.507279e-07,4.1456782e-10,1.0865163e-09,3.171371e-10,1.4248248e-07,1.4513802e-06,3.0548307e-11,1.573242e-11,4.278696e-10,6.6334496e-06,2.6146812e-10,1.3771709e-09,3.1317463e-10,9.213689e-10,2.436508e-07,1.4369368e-07,6.747485e-12,8.2643277e-07,8.318292e-09,3.842878e-08,1.0304466e-09,2.192871e-11,6.6133743e-10,5.966756e-11,5.888792e-10,1.0072955e-07,6.388926e-07,1.9490134e-09,3.3697969e-09,4.6545946e-08,3.1889226e-07,1.9586627e-08,3.785929e-11,1.0638832e-06,1.1755119e-10,1.5959595e-09,1.2631132e-08,6.0469204e-15,1.8700174e-08,1.3334683e-10,2.4034185e-07,9.073029e-09,8.04553e-09,4.1742265e-10,5.6588075e-08,1.09777805e-08,2.6033314e-07,2.191595e-08,3.730526e-06,7.5626696e-07,3.2371923e-07,3.1779954e-10,1.9425752e-08,2.0451389e-11,4.6122568e-11,4.2695773e-12,1.6376268e-07,4.85789e-08,2.2511033e-11,1.2817667e-08,4.1822716e-08,1.161629e-09,4.8243262e-08,4.1896522e-10,2.1669658e-07,1.9698984e-12,6.5583606e-07,2.1539681e-10,6.8757254e-07
BC2026_Train_0051_S22_20220208_231500_045,2.1363378e-10,6.083788e-08,6.1978483e-10,0.071294345,2.416648e-07,3.35913e-10,8.7046566e-08,1.670467e-08,2.1515518e-05,0.0007474914,0.36314493,1.6474891e-07,1.6939211e-08,2.6928973e-07,3.4191e-08,0.029725417,2.6176235e-07,8.580179e-10,0.00025195407,6.135214e-05,4.0995867e-05,0.0064598625,4.904459e-07,3.0467436e-06,0.00016884888,9.395117e-08,1.2966728e-05,2.0932099e-08,5.1050253e-09,0.00015178259,5.691605e-08,7.385545e-08,4.7841084e-08,2.4903306e-07,4.6006613e-07,4.4618127e-09,3.9276177e-10,1.7316419e-08,1.2605908e-08,1.7683763e-07,4.6606004e-07,3.8118e-09,1.1710311e-05,1.597995e-08,4.8267747e-08,1.7211017e-08,6.489119e-06,1.4471998e-08,2.4094016e-09,1.5268169e-08,1.2168886e-06,6.6461695e-07,2.1978661e-07,6.018601e-08,1.2660192e-06,4.9959095e-08,2.3231946e-11,0.9971282,3.3281324e-08,5.6805595e-07,0.6111962,1.27541e-10,4.2502605e-05,0.9886727,0.00066712947,1.6015993e-06,1.3918626e-07,9.79458e-07,1.4745685e-10,2.992475e-07,4.514564e-12,1.6281263e-09,5.36702e-07,1.3022379e-06,2.2408855e-08,3.5303533e-08,8.104519e-06,7.734833e-07,1.2413167e-06,3.8568675e-07,3.583724e-06,3.4667074e-09,4.8212176e-05,5.294333e-08,7.047175e-08,1.6782585e-09,2.2121556e-09,5.5605284e-07,4.4545545e-06,5.2070806e-07,1.4617121e-06,8.254019e-08,6.052428e-10,4.371966e-07,1.7804279e-06,1.6162419e-06,1.8905272e-08,3.013805e-06,1.2349817e-05,6.5916142e-06,1.1266048e-09,2.0939115e-09,2.5353338e-05,0.0076669124,3.6592333e-05,7.0156375e-07,6.1703537e-10,5.3277528e-08,3.646079e-07,1.2114273e-07,6.223144e-08,6.3488724e-06,8.9964103e-10,3.064048e-09,3.4739577e-07,1.638547e-07,4.2641295e-07,2.6839547e-07,9.195603e-07,6.464859e-07,1.3957519e-07,3.0109406e-06,2.8119011e-08,0.00023041926,9.773399e-07,7.387833e-07,2.960159e-08,6.394217e-07,1.1323071e-09,1.0373198e-07,1.2557258e-07,2.6672312e-06,1.2786322e-06,3.824321e-07,1.2427412e-07,3.4812497e-10,1.0672834e-06,3.1822543e-07,3.3995658e-08,6.904454e-06,8.7592674e-08,5.724343e-07,1.0896168e-09,2.4428779e-08,2.2021001e-07,1.0654063e-08,2.723983e-07,1.1450215e-08,1.7714129e-07,1.9360613e-08,4.2364934e-07,1.9166971e-07,1.2068828e-07,1.17629305e-07,2.0249888e-06,1.2852646e-06,1.4766266e-07,9.160565e-09,6.528582e-07,1.6828325e-07,3.3331742e-07,4.6530594e-08,3.8054147e-09,1.8952857e-08,1.1700797e-08,5.2430205e-06,2.027153e-08,1.9988219e-08,1.3442736e-09,1.4377006e-06,7.799e-07,7.414278e-09,7.255658e-10,8.6372043e-10,5.3310647e-05,1.7464177e-07,2.69188e-08,2.6738983e-08,2.9845916e-07,1.7157433e-06,7.6880156e-07,3.065334e-09,1.2361941e-05,4.4058982e-08,6.560019e-07,1.8315863e-08,7.423812e-10,1.6425373e-08,8.418975e-10,3.0697885e-07,2.519302e-06,1.4021925e-05,4.315788e-08,5.653246e-07,4.3658457e-07,9.9794e-07,1.6417957e-07,1.264414e-09,3.4039992e-06,7.001102e-08,2.1849711e-08,3.1027827e-07,3.0813043e-11,1.7448773e-08,4.7168157e-08,1.9661525e-06,1.9094047e-07,2.8079007e-06,4.391701e-09,1.1891528e-06,2.1759421e-08,1.4757055e-05,3.8879548e-07,2.0185566e-06,9.603224e-05,0.00013063145,2.4092055e-08,6.066963e-08,4.7855914e-10,3.1497673e-09,3.7862413e-10,2.2062716e-06,1.0842898e-07,2.220208e-09,1.2805954e-07,6.5623235e-06,8.23879e-09,2.8857137e-08,5.9131855e-09,1.2681194e-06,4.194844e-09,6.416596e-06,5.776305e-09,6.2595695e-06
BC2026_Train_0051_S22_20220208_231500_050,4.0707034e-12,1.8793713e-08,5.3340005e-10,0.0014193577,1.7738654e-06,4.2500798e-11,1.9725455e-08,1.029031e-08,2.2875527e-05,0.01774632,0.78866243,2.8710969e-07,2.4363747e-10,1.4263951e-07,3.3897813e-09,0.00021352546,2.4234123e-05,2.7947564e-10,0.001333495,2.2246088e-06,2.8152153e-05,0.0073843896,3.524769e-08,2.6053553e-07,1.5865506e-06,4.9413584e-09,8.2499804e-07,5.2234533e-10,2.2648475e-10,0.0019575693,7.002611e-08,2.5344852e-08,1.03655246e-07,7.5945515e-08,2.5586286e-09,1.712699e-08,4.8053206e-10,1.7021993e-08,2.8039373e-08,6.970669e-08,9.55941e-08,6.417352e-10,1.8943446e-06,1.04579625e-08,8.615342e-09,1.7950505e-08,3.2230898e-07,1.6317427e-08,3.8049555e-10,5.0123905e-09,7.593703e-07,6.0239523e-07,5.3877372e-08,1.8400986e-08,1.2402045e-06,1.7847768e-09,2.0107444e-12,0.99104214,1.6026958e-08,1.7009302e-08,0.7428599,2.3647384e-09,0.0011630163,0.9999039,0.07353043,1.2860586e-07,8.120936e-09,1.6541355e-08,8.1914414e-12,2.1507113e-07,7.2804756e-13,1.5302096e-09,6.002373e-07,7.617122e-09,1.9437159e-09,2.9476441e-09,5.8693704e-06,1.7072919e-06,1.0516641e-06,8.579958e-08,3.5594786e-07,2.1393767e-09,8.182897e-06,8.592027e-08,1.5128357e-08,5.563382e-10,1.7031377e-08,1.3854981e-06,7.676148e-07,1.6216363e-06,6.468504e-07,6.731032e-08,1.322224e-09,3.6461e-07,6.808864e-05,1.1504807e-07,1.7402341e-08,3.7968078e-07,3.9430775e-05,3.5001804e-06,1.038125e-08,2.0004369e-10,4.6778018e-07,0.00022448786,6.9608427e-06,8.7194785e-08,4.5875875e-10,1.504348e-07,2.6909746e-07,5.219963e-08,4.3037027e-09,2.5725453e-06,8.881629e-11,3.4097922e-09,2.222234e-06,1.3603814e-07,2.1900746e-07,4.0375923e-08,1.6107715e-06,2.333244e-07,3.9460017e-09,2.4518528e-07,2.1701645e-08,0.00012671939,4.2256424e-08,1.354304e-07,6.023964e-08,2.1700616e-07,1.4356459e-10,2.7019365e-08,9.440722e-09,6.835367e-05,2.630968e-07,2.5946983e-07,4.4129044e-07,2.3988505e-09,5.319122e-08,6.9779285e-09,2.1370805e-09,4.0669197e-06,1.2117409e-06,1.5018026e-06,4.0954887e-10,3.898146e-07,1.0417731e-07,3.6116093e-10,1.6583502e-07,1.1568596e-09,1.5277635e-08,1.4783155e-08,2.964007e-07,8.102976e-08,2.694577e-08,3.1855603e-08,1.4685671e-06,9.703948e-07,3.8534036e-08,4.3221599e-10,6.78623e-08,1.3183391e-08,1.1076616e-07,4.0500088e-09,1.244607e-09,1.34983935e-08,1.4385054e-09,1.0850185e-06,2.2533966e-08,1.6636434e-08,1.3857898e-09,3.127297e-07,1.7359067e-06,1.0319965e-09,1.0707732e-10,1.2912548e-09,2.7501024e-05,2.5993389e-08,2.517214e-08,4.5881756e-09,7.637285e-09,1.14965815e-07,7.4457984e-07,1.4118552e-10,3.0343476e-06,3.499114e-08,6.943491e-07,1.548502e-08,1.7456012e-10,6.249394e-09,3.7922113e-10,1.6539714e-08,1.1028906e-05,2.5422762e-06,8.221679e-09,5.432128e-08,1.6377767e-07,1.0695403e-06,1.3895111e-07,3.9943415e-10,7.4445516e-06,1.7060119e-08,7.127427e-09,2.5490175e-07,1.7446973e-12,2.512858e-08,1.2588409e-09,6.186835e-07,4.4263494e-08,3.1178505e-08,8.405838e-09,1.8911267e-07,3.613908e-08,3.435225e-06,6.7599666e-07,3.2354223e-05,8.922899e-07,3.329116e-05,1.6499657e-09,4.8944223e-08,2.3226199e-10,1.9305586e-09,8.730049e-11,2.8353404e-07,9.4980884e-08,3.3856953e-10,9.206935e-08,3.103862e-06,2.2326901e-08,9.070871e-08,1.1390769e-08,8.892927e-07,8.095656e-11,1.5768976e-05,9.477216e-10,1.2016783e-06
BC2026_Train_0051_S22_20220208_231500_055,2.9740765e-11,7.236331e-08,7.876416e-08,0.0058005136,4.0675327e-06,3.3677539e-09,4.8680374e-07,1.777927e-07,2.5194095e-05,0.049714305,0.76158017,4.328775e-06,7.523629e-09,8.986897e-07,5.825617e-07,0.029374996,1.5909833e-05,1.8242845e-09,0.0022724452,5.417238e-05,8.058166e-05,0.0029578956,2.601934e-07,1.5824736e-06,9.0047644e-05,1.3971683e-08,1.0916333e-05,8.0574964e-08,2.6625798e-08,0.0014052812,1.18372135e-07,2.941979e-07,3.7643912e-07,3.5013576e-07,6.603914e-08,6.7267706e-08,1.3037276e-09,2.8864347e-08,2.2905711e-07,4.488429e-07,3.7646856e-07,5.416059e-09,2.2660204e-05,8.841818e-08,3.9862325e-08,4.9729877e-08,2.621096e-06,5.67528e-08,3.3352168e-09,1.1903184e-08,2.338743e-06,4.449324e-06,7.281166e-07,1.1747538e-07,3.0966269e-06,7.174746e-08,2.3291579e-11,0.9976373,1.2912785e-06,2.1663995e-07,0.12766477,1.929816e-08,0.0021915012,0.9800411,0.3609157,2.4823403e-06,8.827636e-07,4.3414653e-07,1.9893458e-10,9.689183e-06,4.4294426e-11,1.5454216e-08,4.4347584e-07,1.8981753e-07,4.2957083e-08,8.177736e-08,2.0085532e-05,1.5614933e-06,8.7705175e-06,1.7974935e-06,9.752463e-06,3.7674145e-08,9.451245e-05,1.7663771e-07,4.398053e-07,4.0916417e-09,8.5006135e-08,2.2910788e-06,6.905646e-06,1.0163733e-05,1.4935504e-05,7.0544763e-07,1.4752283e-08,6.443378e-07,4.447816e-05,4.900462e-07,1.0870832e-07,1.3008292e-06,2.9320092e-05,3.9172173e-05,2.2115998e-08,3.4268743e-09,5.584061e-06,0.0003877819,7.1317816e-05,1.2323381e-06,7.9668405e-09,2.9233743e-07,2.2713145e-06,6.677121e-07,6.295649e-08,1.7060212e-05,3.9364996e-09,9.862158e-09,3.2401617e-06,2.921476e-06,4.4332617e-07,1.5802779e-07,2.181814e-06,8.677807e-07,8.367526e-09,3.5726646e-06,5.3596956e-08,6.616909e-05,6.580891e-07,4.5520255e-07,3.111812e-07,6.681996e-06,2.250243e-09,6.9748165e-07,1.8745479e-07,1.0540443e-05,6.1506407e-06,4.896038e-07,1.9734192e-07,1.1992606e-08,8.9250005e-07,6.005242e-08,8.7127745e-09,6.0707343e-06,2.3005723e-06,2.5643055e-07,8.630786e-09,1.6794142e-07,1.6294153e-07,3.7482852e-07,4.501087e-07,5.8120044e-08,1.4366464e-07,3.1242536e-07,1.4021534e-06,1.6263274e-07,2.5198855e-07,2.9135774e-07,5.5075006e-06,8.221274e-07,2.5790074e-08,5.4231815e-09,1.6310416e-06,2.2692393e-07,2.7388361e-07,5.6118463e-08,3.9963727e-08,5.5685685e-08,7.3487016e-08,4.5454503e-06,1.401879e-07,3.6693272e-08,1.9201266e-08,3.2496405e-06,7.923177e-06,5.8386593e-08,1.6141194e-09,7.359654e-09,0.00016499369,4.6543995e-08,2.354874e-07,1.540927e-08,1.3249554e-07,3.7715172e-06,3.8572384e-06,4.2218704e-09,4.2129694e-05,6.3798115e-07,8.5284137e-07,3.717194e-07,2.7755542e-09,1.224317e-07,1.0239835e-08,1.08930614e-07,4.1175717e-06,4.406585e-05,3.894943e-07,1.3823661e-06,1.3007883e-06,2.8652103e-06,1.0536841e-06,1.3470327e-09,1.4307196e-05,4.407357e-07,5.36287e-07,1.427793e-06,7.109037e-11,1.0784691e-07,8.023542e-08,1.3190443e-05,1.5876253e-07,5.0841845e-07,5.2566108e-08,1.3383016e-06,3.6135745e-07,7.915277e-06,3.7317284e-06,7.562651e-06,2.203128e-05,0.00033046858,1.4311472e-08,7.800839e-08,5.1713624e-09,2.3766907e-08,1.5610809e-09,1.1366753e-06,8.690942e-07,7.6132e-09,7.173015e-07,1.7840868e-05,6.135235e-08,3.8298867e-07,3.3580505e-08,1.3660892e-06,2.540277e-09,1.730012e-05,5.1364964e-08,9.344574e-07
BC2026_Train_0053_S22_20220211_204500_000,1.0929201e-09,6.4593564e-08,4.7867274e-12,1.0655855e-07,3.236797e-07,9.546764e-12,5.9220767e-10,7.6671575e-10,0.0012209464,5.3844e-05,0.99867415,1.9266522e-09,1.0990161e-06,1.7232153e-10,4.0250227e-11,0.0016783008,2.3760107e-08,1.7510917e-12,0.018823855,1.617571e-06,7.173603e-07,2.6280945e-06,1.3886421e-09,1.3274192e-07,2.8799434e-07,2.2008315e-08,7.95969e-08,3.1740926e-11,2.3238174e-09,9.065644e-06,3.695087e-09,3.3741834e-09,2.4563947e-08,1.4027036e-08,1.3486779e-07,1.1152144e-08,5.4907457e-11,6.8765556e-11,3.1964777e-09,2.2307436e-09,9.611695e-09,3.4887128e-11,4.116654e-08,7.479531e-09,1.9203721e-08,1.8210871e-08,1.4045129e-06,4.3966537e-09,5.198784e-10,1.738368e-10,5.1890904e-08,1.5836733e-08,1.6728487e-08,3.971205e-09,2.1772942e-07,1.33213e-08,1.0605838e-10,0.999861,5.2056947e-08,1.8290239e-08,0.99999475,7.1452887e-12,1.8914274e-06,0.98715705,2.4109417e-09,3.5411006e-07,1.414331e-08,4.0341977e-08,5.9265873e-13,1.1813948e-09,6.3449983e-13,1.7118806e-10,1.8253992e-08,1.1654112e-08,7.799199e-09,6.7059127e-09,4.3331391e-07,7.3349504e-08,5.9201035e-09,2.0798954e-10,6.832839e-07,9.8122205e-11,1.0002202e-05,4.6267554e-09,7.025233e-08,4.0498752e-10,2.2130858e-07,1.8775296e-05,7.640479e-06,1.4818075e-08,1.1440791e-05,1.5484252e-08,2.0763438e-10,3.7977993e-10,1.209247e-07,5.6779554e-06,2.8011632e-08,2.6995392e-07,2.2249312e-06,2.8611932e-08,1.706622e-10,9.542769e-10,1.9910844e-06,6.190032e-05,5.1697807e-06,5.7121824e-08,9.0299795e-11,3.862887e-09,1.2057916e-06,2.8445731e-07,2.5075186e-09,9.084814e-06,1.3092814e-10,3.3087613e-10,1.11286056e-07,7.086418e-07,4.3513884e-07,8.888792e-08,6.040878e-08,3.43581e-08,1.2764514e-06,2.64083e-06,1.5748317e-09,0.00012143936,1.995763e-08,1.18700854e-07,1.2952977e-07,4.6882658e-08,1.13963214e-10,3.293169e-08,2.367827e-08,3.1999477e-07,3.7573283e-10,1.1819695e-07,1.2626366e-07,1.4487137e-11,1.7511526e-07,2.619499e-07,4.306866e-08,5.7369516e-06,2.298367e-08,3.3863947e-09,3.0508304e-11,1.1043704e-08,3.8696e-06,2.9039868e-10,4.4705385e-07,1.867004e-10,1.5694441e-08,1.9060644e-07,1.7056545e-06,5.997675e-07,3.6051713e-08,1.6421113e-08,3.3833336e-07,5.867115e-07,2.36741e-09,7.6143575e-10,2.5683647e-08,4.3017614e-11,4.4011614e-08,6.6463855e-08,6.6219127e-12,2.1397059e-10,2.2517962e-10,0.00024655706,1.1873433e-08,2.095151e-08,1.14122864e-10,8.495712e-06,3.382336e-08,1.2265897e-10,4.194844e-09,2.447516e-10,1.9275665e-06,3.191904e-08,4.6294475e-09,1.9366735e-09,6.518132e-08,7.773731e-07,1.1115798e-06,9.496744e-13,3.241631e-08,4.250406e-10,1.10576195e-07,1.2549382e-09,4.1688515e-12,1.6321697e-07,4.337672e-09,9.632231e-09,3.4502307e-08,1.3159232e-05,1.6981246e-10,4.7949845e-07,4.760824e-07,1.1439798e-05,9.071638e-07,1.68499e-10,2.4156507e-06,2.766119e-10,1.6599436e-09,4.2559485e-09,1.0197807e-13,1.2025285e-07,1.8396765e-09,9.466498e-07,3.861906e-07,1.8285675e-07,7.7555085e-10,1.9735302e-07,1.2302037e-08,3.2159626e-08,1.1900091e-09,8.8658976e-07,4.735118e-05,6.288585e-07,4.564399e-09,4.0922123e-06,1.0831313e-09,1.570182e-10,1.5377734e-12,3.6908915e-07,1.8742423e-07,1.1160713e-09,2.3988047e-09,4.7422222e-07,5.963206e-11,1.3131243e-08,9.735564e-11,3.2010787e-06,1.2765703e-11,1.078549e-08,3.2849057e-09,8.960334e-07
BC2026_Train_0053_S22_20220211_204500_005,7.2819615e-13,1.8464029e-07,6.3992e-14,3.8814637e-08,1.3670853e-08,4.1494274e-14,5.202769e-11,1.18147705e-11,9.605029e-05,6.1239107e-06,0.99995005,4.623092e-10,4.348252e-08,3.5978772e-11,3.8716643e-13,0.0032806383,6.921601e-10,6.848041e-13,0.08174847,2.6495853e-08,4.3864765e-09,1.5980931e-06,2.0307839e-11,5.1763287e-08,9.553195e-08,2.5820812e-10,3.028999e-08,1.1679545e-12,4.4603213e-10,7.7121325e-07,1.2917498e-09,3.776584e-10,1.7400316e-08,3.0708227e-09,1.3240802e-07,8.955737e-09,2.3321806e-11,1.8102414e-11,6.388006e-10,5.2461185e-10,1.3137732e-08,3.3370802e-13,1.6094596e-08,1.5359086e-09,7.6009643e-10,6.6783257e-10,2.7912918e-07,5.3181726e-10,4.4046086e-10,1.2327762e-11,2.0867041e-08,3.0492975e-09,1.970296e-09,3.1111365e-09,2.4026372e-07,1.2106779e-09,1.1401288e-12,0.9999943,1.2957407e-08,8.0327367e-10,0.99999964,3.8211974e-13,3.2312542e-08,0.9989189,1.2752532e-08,3.6741923e-07,1.1223582e-09,4.735209e-10,1.7214872e-14,5.327734e-11,6.9426696e-16,1.6153087e-12,4.638487e-10,6.3240574e-10,1.1587683e-08,9.741805e-11,2.4315572e-09,1.8230081e-09,4.0610505e-11,3.611806e-12,6.8363226e-09,7.64031e-14,7.0013743e-07,3.9560955e-11,2.1280788e-09,1.3419454e-12,1.3864773e-09,3.0123547e-07,1.2069587e-07,3.8799647e-10,6.6321896e-08,4.2694592e-10,2.283031e-12,3.0934585e-11,1.28617215e-08,1.7704494e-08,1.6339625e-09,3.4056674e-07,1.5846402e-08,9.829295e-09,3.1882545e-11,1.0135531e-11,1.3514088e-07,4.5232796e-06,8.863313e-08,5.0010335e-10,1.4477068e-13,1.2527308e-09,2.0470775e-08,9.934235e-10,3.544262e-10,1.2859152e-07,3.87965e-12,3.2299784e-12,1.6044689e-09,6.4221184e-09,2.586357e-08,1.4862535e-09,4.6910165e-10,3.198141e-10,1.520585e-07,1.2070746e-08,7.1568e-12,5.1799616e-06,4.94276e-10,2.400503e-09,1.4579878e-09,3.6188932e-09,1.7390484e-13,1.1309862e-09,1.6721492e-09,3.1774092e-09,3.9653877e-11,3.088421e-09,1.7349803e-09,1.6127375e-13,5.758276e-09,6.85302e-09,5.1688227e-11,5.915456e-08,1.529777e-10,2.6732149e-08,1.1516551e-13,2.266425e-10,3.2405464e-07,1.4514312e-13,4.6805884e-09,2.366174e-12,1.7008636e-10,1.7185882e-09,3.4523566e-08,1.6270255e-07,9.2723434e-10,3.7347578e-10,2.6753368e-08,1.0740122e-08,2.6913726e-11,9.085883e-12,4.2571646e-10,4.079938e-12,1.2613508e-08,5.0828025e-10,2.4115394e-13,1.0507447e-12,1.3012859e-12,2.4850665e-06,1.3301786e-10,3.4402853e-10,6.6990846e-13,2.7047315e-07,1.7524233e-10,2.9714267e-12,5.1676403e-11,3.7228388e-13,1.00396576e-07,6.0748884e-10,3.003583e-11,2.6220864e-11,4.3192425e-10,3.7052524e-07,2.5156442e-08,1.1525922e-15,5.600646e-10,6.789218e-13,7.488509e-09,1.9209443e-11,3.1992814e-14,1.9757225e-09,2.6260303e-11,1.1081989e-10,8.7615976e-10,1.7344225e-07,7.245873e-12,1.3229683e-09,9.031626e-09,1.18043964e-07,4.0807846e-09,2.5189174e-13,5.9513198e-08,5.3198717e-12,8.771153e-12,2.3649572e-11,1.0608861e-16,8.772991e-09,6.381083e-12,1.4461348e-08,1.1832898e-08,1.309058e-08,5.9635795e-12,2.9154543e-09,3.5666953e-10,7.2293465e-09,1.19735714e-11,1.8437945e-08,1.7285687e-07,3.4424684e-07,7.255308e-11,2.7260126e-06,1.2773083e-11,1.6306574e-11,1.4376619e-15,5.1613216e-09,3.9529318e-09,1.6465248e-11,1.9987312e-11,9.086837e-08,1.5148712e-12,2.343116e-09,1.3266402e-12,2.4085767e-07,2.0721471e-13,1.5186199e-09,4.043527e-12,2.0189573e-08
BC2026_Train_0053_S22_20220211_204500_010,1.9461066e-11,1.3108595e-08,1.3079748e-12,7.107268e-09,9.0859936e-07,4.6997883e-12,1.9190385e-09,1.2105785e-09,0.009543073,5.5435657e-06,0.92260706,3.1802697e-10,3.5250262e-06,1.7395453e-10,1.16159075e-10,0.01334793,3.434198e-08,1.8560778e-11,0.7073997,1.3292082e-06,7.943871e-08,4.4045184e-05,8.731353e-10,2.0411892e-07,1.1427823e-07,4.583339e-09,3.5224812e-07,1.0293068e-10,5.1565463e-10,2.1133206e-07,1.6948324e-08,7.3014754e-09,6.126068e-08,8.727378e-09,6.904125e-08,7.340378e-09,4.8379842e-11,5.8232585e-11,4.7878213e-09,4.390042e-09,8.1383064e-08,5.0103015e-11,8.4825054e-08,5.5884524e-09,2.5483436e-08,1.7732038e-08,1.2010402e-06,2.872812e-09,1.1600857e-09,2.6825833e-11,2.2478162e-08,9.926341e-09,1.4417805e-08,3.752004e-08,1.1729022e-07,3.4361027e-09,6.046472e-11,0.9999887,1.1157213e-07,1.0555924e-07,0.99999857,6.273918e-11,2.0389236e-06,0.99671304,5.4324598e-08,2.9889118e-06,2.9773219e-08,2.2049239e-08,4.4589704e-13,7.095481e-10,2.9256813e-13,1.3031781e-09,1.395722e-08,5.5322037e-08,8.269553e-09,3.4987917e-09,1.4892116e-07,2.9485001e-08,3.95444e-09,1.0194073e-09,3.5865992e-07,1.7277439e-10,5.2090854e-06,2.1820476e-08,3.3917729e-09,1.4585684e-10,3.1238088e-08,4.6029927e-06,4.6418513e-06,4.199279e-09,2.9160869e-05,4.180483e-09,2.8830258e-10,1.203077e-09,5.045764e-08,8.417042e-06,2.426703e-08,7.813869e-08,1.07389184e-07,4.3584652e-08,2.117389e-10,2.4015605e-09,2.7150277e-06,1.3100557e-05,9.902599e-07,2.7218816e-08,8.296893e-11,3.0591252e-09,4.4581702e-07,1.8157569e-07,4.278771e-09,7.8621364e-05,2.8253871e-10,1.8402652e-10,4.835547e-08,1.3090012e-07,1.5451939e-06,1.918877e-07,3.3642113e-08,1.0645125e-08,3.5070457e-07,5.0134486e-06,8.345241e-10,9.831929e-05,6.64509e-09,1.1696103e-07,2.1982896e-07,2.5136202e-08,1.3978513e-11,3.1696324e-08,7.6040096e-10,5.8254106e-08,4.933944e-10,2.3011697e-08,1.4633238e-08,2.6136128e-11,9.501429e-07,1.3171004e-07,4.467868e-09,8.568663e-07,3.0360254e-09,4.3766296e-10,1.3483499e-11,3.4086234e-08,1.577542e-06,2.910276e-09,1.9664994e-06,8.255031e-11,3.802462e-09,1.3608862e-07,1.1091918e-06,3.7633754e-07,7.134609e-09,9.441802e-09,1.701528e-07,1.7363159e-07,2.5051712e-09,4.456021e-09,1.0719943e-08,1.7174569e-10,5.3428337e-08,1.1524759e-07,1.9051486e-11,5.6269517e-11,1.0386903e-10,5.3730953e-05,3.6692775e-09,1.7200719e-07,1.3562718e-10,3.184876e-06,3.4702282e-08,1.8036767e-10,2.7407179e-09,1.4846492e-10,6.5654285e-06,1.7508848e-08,5.460381e-09,8.815309e-09,6.537667e-08,1.5025804e-06,4.373326e-07,8.2709723e-13,1.3952377e-08,1.7002637e-10,5.3785488e-08,7.840854e-10,1.9638958e-12,1.572225e-07,1.11310205e-08,9.132007e-09,2.5404237e-08,1.4294212e-06,7.082014e-10,5.2078203e-08,2.0879867e-07,7.834284e-06,2.497206e-07,2.933608e-11,3.5029786e-06,4.3159817e-10,8.69854e-10,2.9142142e-09,5.990349e-15,1.58761e-07,2.2704585e-09,2.5939016e-07,7.73361e-08,1.5548034e-07,3.7404607e-10,2.3304235e-08,2.1092731e-08,6.253343e-08,4.113175e-09,1.4882521e-06,1.4408685e-05,1.2293779e-06,8.063473e-09,2.2101438e-05,6.1050187e-10,4.0594184e-10,2.1874089e-13,5.96226e-08,7.900533e-07,7.014729e-10,1.0749974e-09,1.3883111e-07,2.500506e-10,6.987934e-08,1.0286081e-10,1.0090903e-06,1.9443367e-11,5.7578625e-08,1.6920119e-09,2.2666914e-07
BC2026_Train_0053_S22_20220211_204500_015,9.337299e-10,2.4572458e-07,8.187665e-11,1.02113255e-07,1.7973745e-05,5.3180105e-10,1.8843101e-08,2.4828813e-08,0.20099184,2.0977815e-05,0.878858,1.45984735e-08,2.2678905e-05,6.3405468e-09,6.2658407e-09,0.27140146,5.0486085e-07,3.0696399e-09,0.112419665,1.9749055e-05,4.835754e-06,0.0001350449,3.8511163e-09,4.3874975e-06,1.8100217e-06,1.4141655e-07,9.593098e-07,1.4976456e-08,1.06812294e-07,4.6067875e-05,4.314394e-07,2.9574252e-07,4.4651907e-07,8.1205364e-08,2.0474993e-06,2.6474288e-07,2.4234683e-09,2.9175347e-09,5.1868145e-08,8.914005e-08,8.7285616e-07,3.29411e-09,1.0637817e-06,1.7920425e-07,1.5425906e-07,4.2715126e-07,1.5939935e-05,9.858946e-08,8.9171856e-08,2.7575917e-09,3.2552285e-07,3.5066344e-07,6.1625377e-07,2.4537098e-07,3.1000338e-06,1.0583947e-07,1.9202906e-09,0.9999633,1.0999452e-06,3.6249512e-06,0.99999785,4.8211963e-09,8.2867096e-05,0.9974148,3.7415566e-06,7.6268516e-06,1.4682213e-06,9.627586e-07,5.424955e-11,5.7771675e-08,9.1424845e-12,2.8358697e-08,2.2409736e-07,2.2616007e-06,9.235004e-08,1.2097533e-07,1.3124215e-06,4.6489697e-07,1.804844e-07,2.8030765e-08,8.515585e-06,1.6710365e-09,8.118481e-05,5.78177e-07,7.1792425e-07,6.5054717e-09,2.4531466e-06,4.463176e-05,7.429512e-05,1.2836338e-07,6.418903e-05,1.6765003e-07,2.3028427e-08,2.327505e-08,2.239253e-06,6.670984e-05,3.2295083e-07,2.237543e-06,9.3183746e-07,8.728395e-07,1.1762689e-08,2.2051173e-08,1.4404729e-05,2.6639045e-05,6.351004e-06,3.2088465e-07,5.713247e-09,2.031173e-07,2.2406887e-06,2.394999e-06,1.3659195e-07,9.830579e-05,1.898332e-08,8.035377e-09,1.8980318e-06,2.2681e-06,1.3472821e-05,2.7857789e-06,6.342157e-07,2.578969e-07,1.0127643e-05,1.4907556e-05,5.693897e-08,0.0004309938,4.5463509e-07,1.7573188e-06,1.3867525e-06,4.6978528e-07,4.5908083e-10,1.8612496e-06,1.5070822e-07,1.476704e-06,1.9344004e-08,5.894152e-07,4.6794347e-07,1.8313827e-09,3.3559518e-05,3.146904e-06,1.6857621e-07,3.0085646e-05,2.7539093e-07,1.7044151e-08,5.0350973e-10,5.984871e-07,0.00023899792,3.599187e-08,9.287791e-06,2.2163662e-09,1.9588913e-07,1.78135e-06,9.154094e-06,2.4820965e-06,1.348426e-07,4.2361825e-07,3.3617312e-06,5.8415276e-06,2.8796052e-08,1.7609648e-07,2.1496366e-07,1.6323215e-08,2.9978847e-07,1.927335e-06,1.0930472e-09,2.2408462e-09,9.0828465e-09,0.00021902149,1.1564241e-07,1.7613221e-06,6.4107497e-09,9.5045594e-05,1.7621522e-07,3.6259613e-09,9.0506326e-08,3.6278986e-09,1.6727976e-05,3.0590806e-07,1.3788872e-07,9.4579924e-08,1.3316164e-06,4.1519063e-05,1.0702647e-06,2.8327028e-11,2.6360289e-07,5.556873e-09,1.5523307e-06,1.1792927e-08,2.92468e-11,1.3858879e-06,1.302291e-07,4.0670564e-08,1.5573887e-06,6.4643623e-06,1.2372277e-08,6.592015e-07,3.2416024e-06,2.2022728e-05,1.9932504e-06,1.4306144e-09,4.9658294e-05,1.698716e-08,6.980671e-09,1.2364627e-07,2.0454148e-12,7.3167075e-07,6.004681e-08,5.0912668e-06,3.256646e-06,7.922345e-07,4.9908686e-09,4.5163088e-07,3.8207887e-07,8.751233e-07,3.1616207e-07,1.3578422e-05,7.437402e-05,4.9283803e-06,1.5410659e-07,0.0014274816,2.976724e-09,3.082955e-08,1.759922e-11,1.0456337e-06,5.4008204e-05,1.917656e-08,2.3995979e-08,3.796869e-06,1.0268841e-08,1.1825833e-06,3.2040772e-09,3.3211218e-05,1.6500665e-09,4.5644322e-07,8.6927436e-08,4.4176472e-06
BC2026_Train_0053_S22_20220211_204500_020,9.830292e-12,1.8743158e-09,9.152107e-14,2.9265541e-08,3.5013878e-07,3.8805656e-13,1.12733066e-10,4.9088785e-11,0.009843612,1.8126959e-06,0.9189374,2.5814002e-11,2.3979094e-08,1.5631621e-11,1.2213362e-11,0.00940558,4.3718867e-08,6.07094e-13,0.18361092,1.16481274e-07,7.669783e-08,3.8804387e-06,4.8874748e-11,1.6112933e-08,3.9381913e-08,1.6245557e-09,6.8820603e-09,2.1502192e-11,8.624212e-11,6.456905e-07,6.7927814e-09,1.2131373e-09,5.171848e-08,9.893258e-10,1.4887758e-09,3.5183394e-09,9.975065e-12,3.9692697e-11,5.948794e-10,1.6009168e-09,1.4237118e-08,2.7046186e-11,2.8436151e-08,1.4775648e-09,4.4232333e-09,2.3848497e-09,2.5451895e-06,1.7687375e-09,2.6962294e-10,1.4594052e-11,4.2821785e-08,3.5299426e-08,2.8062702e-08,1.9491917e-09,2.103701e-07,1.8226663e-10,1.898781e-12,0.99999404,2.2029104e-08,1.4163826e-08,0.9999995,5.9012246e-11,1.2067787e-05,0.9999598,9.9164296e-08,4.5098393e-08,1.0445298e-09,1.9247384e-09,6.747568e-14,3.6313078e-11,8.356847e-15,5.088001e-10,4.3557624e-09,2.4304396e-09,3.6450912e-10,5.6296595e-10,6.4571516e-08,7.014799e-09,2.4262943e-09,9.757891e-11,1.1331572e-07,1.3283475e-11,3.23955e-06,1.8699806e-09,4.4018117e-10,2.0293704e-11,2.4543624e-08,5.626943e-07,1.3980275e-06,5.6341387e-10,2.321943e-05,3.1067113e-10,1.7869323e-10,2.4981558e-10,2.907785e-09,4.880347e-07,2.063506e-09,1.220423e-08,1.2220209e-08,1.2977267e-08,1.1593751e-10,5.965755e-11,1.2827726e-06,1.5457994e-05,2.2677063e-06,2.1853452e-09,3.534586e-11,5.067153e-09,2.8064362e-08,5.2782514e-08,1.8279138e-09,1.1188e-05,5.182419e-10,5.7103e-11,9.8676196e-08,1.4890297e-07,2.97329e-07,4.493506e-09,6.255106e-09,8.5954444e-10,6.123953e-08,5.1775626e-08,4.4387308e-10,3.6275903e-06,8.236952e-09,1.8327883e-08,1.9802924e-08,9.286454e-09,3.2407913e-11,7.122902e-09,3.734031e-10,7.721597e-08,7.167914e-10,2.7685008e-09,4.597979e-09,7.823999e-11,1.1854735e-07,1.8153822e-08,9.379639e-10,2.3187191e-07,1.7185858e-08,3.0376454e-10,7.0934847e-12,4.1420365e-09,8.9135796e-08,3.813587e-10,4.3808313e-07,3.6131978e-12,5.445692e-10,2.4175096e-08,1.825985e-07,8.402876e-08,1.2314056e-08,9.408294e-09,1.1021503e-08,7.1813865e-08,5.72452e-11,2.1803812e-10,2.3629936e-09,3.2557537e-11,3.1936086e-08,5.704003e-09,2.6727964e-12,8.433866e-12,1.1001896e-10,1.5675865e-05,4.5337942e-10,4.3889035e-09,5.768846e-11,2.934724e-07,1.4441467e-09,1.1748216e-10,1.5856182e-10,9.580132e-11,1.153565e-06,7.250931e-09,1.860166e-09,4.6552914e-10,7.885447e-09,3.0270908e-07,6.384261e-08,4.8713854e-14,2.6005276e-09,1.5401284e-11,6.2350116e-09,5.4016236e-10,1.4661024e-13,3.6274987e-08,5.960981e-10,1.2188521e-09,1.705335e-08,6.436396e-08,1.4213607e-10,8.601894e-09,4.358307e-08,2.4344322e-06,2.951015e-08,2.2386482e-11,8.9802015e-08,8.104664e-11,9.669645e-11,4.0663e-10,8.459383e-16,3.1028296e-08,6.6163866e-11,2.5815672e-07,7.661402e-09,7.882348e-09,5.2995493e-11,6.2909047e-09,2.7106377e-09,1.5725124e-08,1.566623e-09,1.806847e-07,3.0598684e-07,1.5586144e-06,7.3052736e-10,6.8248087e-06,5.6897737e-11,7.8393694e-11,6.694138e-14,1.0685444e-08,1.9217319e-07,1.6018231e-10,3.6398665e-10,3.6237992e-08,3.4715075e-11,3.2748027e-09,1.2191811e-11,7.204386e-07,4.572182e-12,2.3878869e-08,1.8215368e-10,2.9404305e-07
BC2026_Train_0053_S22_20220211_204500_025,2.7294314e-11,3.8451127e-09,3.6060838e-13,1.4797823e-08,2.4385236e-07,2.6262794e-12,3.4038838e-10,3.510977e-10,0.0486996,9.352809e-06,0.7930848,2.2205543e-10,2.064107e-06,1.4606927e-10,2.1365729e-11,0.12197365,4.22209e-08,3.6906016e-12,0.8833142,8.9072716e-07,1.508451e-07,0.0001721886,1.0435357e-10,4.727849e-08,3.7111477e-07,6.1923333e-09,7.8434645e-08,1.232034e-10,1.0044053e-09,1.5116194e-06,6.8724586e-09,5.8858305e-09,1.0608118e-07,2.3254225e-09,1.2110365e-08,6.615547e-09,1.2459317e-10,2.8025282e-10,1.6028081e-09,2.1631752e-09,4.510665e-08,8.9891504e-11,1.4023343e-08,7.636993e-09,1.5752683e-08,8.089306e-09,3.2663254e-06,3.418362e-09,8.06473e-10,1.8804487e-10,1.2130778e-08,1.3336198e-08,2.0278682e-08,4.185182e-09,1.3508804e-07,2.3400968e-09,8.9741565e-12,0.99998915,1.5936182e-08,1.2614115e-07,0.9999999,1.4513912e-11,3.150225e-06,0.9999553,4.0032923e-08,2.3581171e-07,1.5861643e-08,1.05232525e-08,1.2971648e-12,2.8645813e-10,1.2127392e-13,4.425364e-11,3.678823e-08,8.766504e-08,5.906174e-09,1.7329098e-09,1.9933536e-07,1.2180417e-08,4.0338035e-09,2.2141763e-10,5.4124575e-07,5.2131997e-11,1.587072e-05,5.2535714e-09,3.234726e-08,7.0716974e-11,6.252198e-08,2.827207e-06,1.2551344e-05,1.9481252e-09,1.3966941e-05,4.711355e-09,1.8879168e-10,6.203691e-10,3.835153e-08,1.1169291e-06,5.0952775e-09,1.0943813e-07,2.988239e-08,6.211464e-08,3.4253503e-10,8.962619e-10,7.608382e-07,1.7908387e-05,6.112248e-06,8.475305e-09,2.5405261e-11,2.604936e-09,1.0758374e-07,8.520026e-08,1.8010203e-09,1.872998e-05,3.1804878e-10,7.705564e-11,1.13981095e-07,3.8456724e-07,5.4655567e-07,1.7309507e-07,2.2803068e-08,5.4880287e-09,1.0532359e-06,4.0683096e-07,1.8102501e-09,0.000107147884,2.4734232e-08,1.3248304e-07,6.715336e-08,1.4017354e-08,2.0137773e-11,9.3941146e-08,1.9910549e-09,3.0762408e-08,4.659129e-10,8.682483e-09,3.2247463e-08,4.801516e-11,2.465622e-06,2.8610623e-08,2.043021e-08,5.6871346e-07,1.3330317e-09,1.725522e-09,7.310177e-11,5.8913234e-09,5.990752e-06,1.6524978e-09,6.1257987e-07,6.2055104e-11,3.7299754e-09,4.056667e-08,1.0656927e-06,1.098663e-06,1.5417708e-08,1.3308347e-08,9.662377e-08,2.8036226e-07,2.2922267e-10,1.5634379e-09,2.1218666e-08,4.4545398e-10,6.43777e-08,2.988621e-08,1.35479475e-11,6.225094e-11,5.6601373e-11,5.8565623e-05,1.9428672e-09,1.7992073e-07,1.14479544e-10,6.329847e-06,9.390259e-09,4.880407e-10,1.1085293e-09,1.3643045e-10,3.9617266e-06,7.790446e-08,2.0112654e-09,4.7315276e-09,8.189021e-08,4.6853656e-06,3.3900514e-07,1.4488836e-13,5.502262e-09,1.0657222e-10,1.6856417e-07,4.794856e-10,1.5882552e-13,3.62353e-07,4.1580575e-09,1.32098945e-08,1.088791e-07,4.3184852e-07,5.8710725e-10,4.4365258e-08,1.0670701e-07,1.0550319e-05,2.1927365e-08,3.3643668e-11,1.4007046e-06,2.2565297e-10,2.2659795e-10,1.0632031e-09,9.172531e-15,6.7695154e-08,2.0908706e-09,4.123452e-07,2.3105913e-07,2.7613544e-07,8.159323e-11,2.0365276e-08,6.9893034e-09,7.4235786e-08,4.572738e-09,2.177808e-06,6.934597e-06,6.0231014e-06,2.4552835e-09,5.6172805e-05,1.0502254e-09,8.3174634e-10,4.5659463e-14,1.9346402e-08,1.950471e-07,1.3129557e-09,3.3400466e-10,1.0852747e-07,1.8906156e-10,1.880081e-08,2.1833972e-11,2.3189496e-06,1.9605957e-11,6.6690525e-08,6.2614647e-10,6.777396e-08
BC2026_Train_0053_S22_20220211_204500_030,6.4138586e-12,5.778686e-09,5.8616337e-12,6.64418e-08,4.0655794e-07,3.7980438e-11,1.598735e-09,3.5633568e-10,0.03804946,4.0346917e-05,0.013652604,1.2441654e-09,6.2251424e-06,3.1809366e-10,1.5540809e-10,0.009733011,2.6007077e-08,7.430265e-12,0.10875829,9.73629e-07,5.0348575e-07,0.00020422494,9.472083e-10,8.537905e-08,1.4940689e-05,1.5502692e-08,2.7431386e-07,4.1330797e-09,1.0740122e-08,0.00012953556,1.1452727e-08,5.2065296e-08,1.9556954e-07,3.9181547e-09,1.6517834e-08,1.940842e-08,1.7127143e-09,7.373771e-10,3.5134506e-09,5.884439e-09,2.1862926e-08,4.2097184e-10,5.6127572e-08,3.9218577e-08,1.4369048e-08,1.6667528e-08,2.634433e-06,2.1198764e-08,6.356397e-09,1.1069736e-10,2.7349179e-08,2.1577696e-08,3.8480128e-08,8.3747755e-09,3.3334697e-07,9.486299e-09,5.981878e-11,0.9966834,8.1412246e-08,2.347862e-07,0.99999857,6.947443e-11,8.168211e-05,0.8987924,2.8561476e-07,4.6322015e-07,1.263581e-07,3.7584503e-08,3.543199e-11,1.8417067e-08,1.4559174e-13,6.696626e-11,2.7179961e-08,3.771323e-07,2.599666e-08,3.1045682e-09,1.4074571e-07,4.342682e-08,2.2779986e-08,1.2817983e-08,3.995976e-06,1.5286066e-11,4.6581332e-05,1.2136933e-08,8.148743e-07,4.7989274e-10,1.4518479e-07,1.4803145e-05,2.2505832e-05,4.2607327e-09,3.4301418e-05,1.812445e-08,3.3867111e-09,2.258516e-09,1.0228534e-08,8.563512e-06,4.8211433e-08,1.9175448e-06,2.9945152e-08,1.7945582e-07,2.1545814e-09,9.345549e-10,5.70275e-06,4.46763e-05,0.00010945503,4.8522228e-08,8.5940956e-11,2.4994866e-09,8.885809e-08,8.563935e-08,5.0439137e-09,0.00011129369,2.154339e-09,2.2477453e-10,4.235212e-08,2.718033e-07,2.1306741e-07,1.8741063e-07,1.4722704e-09,1.1817154e-08,3.4244542e-05,1.2800044e-07,1.5601997e-09,3.784375e-05,1.0194235e-06,1.7234922e-07,2.0425027e-06,4.0850549e-07,2.726289e-11,5.5728395e-07,2.3466281e-08,1.8183077e-07,1.2855126e-08,4.0550563e-09,2.031527e-08,6.267687e-11,7.7770186e-05,5.483203e-07,4.204539e-08,1.0690366e-06,5.526453e-09,2.3044114e-08,3.2146945e-11,3.1373872e-08,1.0088161e-05,3.3302722e-08,2.7593194e-07,2.63723e-10,1.0436326e-07,2.2360764e-07,1.3339029e-06,2.5319134e-06,7.2843136e-08,1.03456735e-07,5.5244954e-07,8.8349293e-07,1.0965841e-10,5.6043574e-09,9.815567e-08,1.2635516e-08,6.566716e-07,3.5686867e-07,6.268563e-10,3.0322966e-10,9.1320666e-11,0.00011260554,1.9289477e-08,4.979475e-07,6.3666794e-11,7.0797564e-06,7.791007e-09,2.5512021e-09,3.461626e-09,2.608823e-10,3.2841356e-06,2.531456e-08,1.4902275e-09,1.13148735e-08,7.8011965e-08,1.8425011e-05,8.217793e-07,1.8926015e-12,1.0940469e-08,7.693464e-11,1.0135185e-07,3.7730437e-09,4.695834e-13,6.0490916e-06,1.9004515e-08,3.629831e-08,1.5833538e-07,5.582207e-07,5.666257e-09,4.1738687e-07,3.7252852e-07,9.27416e-06,1.0480587e-08,1.081508e-10,1.4602296e-06,2.9846379e-09,1.0733194e-09,2.5722613e-09,2.9615335e-14,2.597404e-07,7.334793e-09,1.6548081e-06,1.3942513e-07,3.3676628e-07,3.3129083e-11,5.922161e-08,2.2566656e-08,2.1529708e-07,1.3294065e-08,2.574467e-06,2.707085e-06,1.0754926e-05,2.046327e-09,0.0001905043,5.009979e-10,5.039375e-09,1.3633511e-12,8.437836e-09,4.3770033e-06,3.5780965e-09,3.1423384e-09,1.9698027e-06,2.8123867e-10,7.17398e-08,3.8994322e-10,1.8449804e-05,1.6161886e-10,5.4742367e-07,8.825606e-09,2.1839404e-07
BC2026_Train_0053_S22_20220211_204500_035,1.7574114e-13,3.840627e-09,2.7251825e-14,4.7417565e-08,2.8453164e-07,7.3665303e-14,1.266813e-10,6.941297e-11,0.01894614,2.9526675e-06,0.3661132,9.4873026e-11,1.4391567e-08,5.31015e-12,2.5055784e-12,0.0023327665,1.5594717e-08,3.8099173e-13,0.38800165,1.100422e-07,5.889169e-08,7.1923816e-05,9.219587e-12,4.287349e-09,1.6416822e-08,1.3503917e-10,3.8507878e-08,9.469238e-12,6.26096e-11,5.8568065e-07,3.4533172e-09,1.0805313e-09,4.5448544e-08,1.1719797e-09,3.2407825e-09,3.8249603e-09,4.2993968e-12,3.6202496e-11,1.98451e-10,1.2566436e-09,1.16917835e-08,5.618626e-12,9.499318e-09,7.652927e-10,1.0876878e-09,1.9902995e-09,4.834717e-07,9.0999236e-10,5.1087315e-11,3.1157993e-12,1.2465676e-08,6.068383e-09,8.805782e-09,2.570319e-09,9.943684e-08,7.687816e-11,1.2553073e-12,0.9999629,1.5202951e-09,2.6324082e-08,0.99999833,4.2368626e-11,2.3752077e-06,0.9999871,1.5502329e-07,1.2776538e-08,4.038544e-10,1.7184998e-09,4.0347164e-14,4.255636e-11,2.3892767e-15,1.2155148e-11,2.0640138e-09,2.3225338e-08,6.8237355e-10,4.7124943e-10,5.9803553e-09,3.98054e-09,3.1267386e-10,9.4069384e-11,1.7726864e-08,3.2574852e-12,1.5910888e-07,5.2884547e-10,9.0951635e-11,3.8038344e-12,9.063477e-10,1.1627262e-07,3.5451552e-07,3.9442688e-10,4.200291e-07,6.132796e-10,4.3142902e-12,4.779015e-10,1.0046511e-08,8.650022e-08,8.022463e-10,1.07802665e-08,3.5654049e-09,6.441293e-09,6.710819e-11,6.1076484e-11,2.7456724e-07,6.389447e-06,2.6625474e-07,7.388032e-10,4.15794e-12,4.418739e-09,6.5279826e-09,9.683866e-09,5.329556e-10,1.1030126e-05,2.1315175e-11,1.4589573e-11,3.8681456e-08,1.3395087e-08,2.2378622e-07,5.6256586e-09,8.357621e-09,1.8191307e-10,1.0424843e-08,7.447689e-08,8.6460186e-11,1.8298848e-05,1.4017347e-09,8.4158165e-09,8.486159e-09,1.0825405e-09,7.2948066e-13,1.3601013e-09,1.5965067e-10,3.5605732e-09,1.2331296e-10,6.5308803e-10,2.2469662e-09,1.4009822e-11,1.1129051e-07,1.179571e-09,2.3713767e-10,3.3883925e-08,4.805559e-10,4.3231493e-10,2.6440822e-12,5.260229e-09,2.823422e-07,2.6342322e-11,2.393699e-07,2.8878993e-12,1.8201442e-10,1.700096e-09,8.7890896e-08,2.834177e-08,4.115669e-10,1.4129712e-09,2.994818e-08,2.5395856e-08,1.070279e-10,1.2514983e-09,9.867196e-10,5.9297144e-11,4.725052e-09,2.094379e-09,6.543264e-13,4.077744e-12,4.380166e-12,1.3939815e-06,6.5454336e-10,1.6453564e-08,7.566185e-12,1.523847e-07,9.04205e-10,8.523245e-12,9.375646e-11,5.864933e-12,4.3535263e-07,3.546881e-09,6.3182215e-10,2.7296947e-09,2.844579e-09,4.5499166e-07,2.1114186e-08,3.2142772e-15,5.3387433e-10,7.0215084e-12,1.0306239e-08,3.8354694e-11,3.5229842e-14,6.5521575e-09,2.4572358e-10,4.6064824e-10,4.2090885e-08,2.8476583e-08,4.2549544e-11,1.7890884e-09,8.59722e-09,4.2647315e-07,1.0979176e-09,1.5282327e-12,9.2370136e-08,3.5958264e-11,2.4019385e-11,2.232973e-10,1.5334092e-16,1.4025699e-08,5.2413452e-11,5.1706746e-08,9.243777e-09,1.9320847e-08,7.69412e-12,1.4345847e-09,1.6119165e-09,1.648595e-08,8.919371e-10,7.086364e-07,5.9220537e-07,4.2026028e-07,3.3291261e-10,7.060574e-06,5.205695e-12,3.9919935e-11,8.0041784e-15,3.2149676e-09,2.0302757e-08,1.33004606e-11,5.9584546e-11,5.9805494e-09,1.2042654e-10,4.8634323e-09,3.724453e-12,1.16023294e-07,1.2454932e-12,1.7027675e-08,1.7650588e-11,3.2670616e-08
BC2026_Train_0053_S22_20220211_204500_040,8.3298307e-10,2.0999586e-07,2.1082844e-11,2.802636e-07,1.917031e-06,1.188636e-10,1.1836148e-08,8.703307e-09,0.021097427,8.07658e-06,0.3730881,8.079715e-09,3.4330897e-06,1.1146992e-09,4.0170103e-10,0.037336227,1.2368861e-07,2.7866176e-10,0.047470342,4.4471562e-06,5.0146105e-06,0.00021306766,1.9910247e-09,1.4833094e-07,1.1546878e-06,5.1984326e-08,4.6218184e-07,2.3581366e-08,6.874874e-08,7.3721494e-05,1.12451254e-07,1.3151288e-07,3.9414755e-07,2.5183903e-08,4.1511655e-08,1.157768e-07,3.623998e-09,1.811186e-09,4.4566244e-09,2.3808512e-08,8.725451e-08,2.4514368e-09,8.475971e-08,2.1896797e-07,2.6607776e-08,3.3842394e-08,4.9366495e-06,7.71565e-08,2.9292455e-08,9.1764574e-10,2.6964514e-07,1.0105285e-07,2.1296215e-07,1.655499e-08,9.816424e-07,1.3881689e-08,8.5236554e-11,0.99885,1.2722751e-07,1.4243794e-06,0.99999726,9.524113e-10,3.4447585e-05,0.99116486,5.0980026e-07,3.0223572e-07,1.5920966e-07,2.9201507e-07,2.1327292e-11,2.0273772e-08,7.242322e-12,2.4574573e-09,6.836104e-08,2.454473e-07,6.7615794e-08,3.2652178e-08,8.9735204e-07,2.0699646e-07,3.542745e-08,3.208935e-08,5.8711903e-06,2.9730685e-10,4.6118726e-05,1.4712186e-08,6.79242e-07,4.7948947e-09,3.3544922e-07,2.554777e-05,3.3501292e-05,1.4407743e-08,4.260442e-05,4.938138e-08,2.4288596e-09,1.6835623e-08,1.3941488e-07,2.7960846e-06,4.993337e-08,4.004136e-06,4.1008246e-07,7.234694e-07,2.0603961e-08,4.359353e-09,2.1439611e-05,9.47758e-05,3.3280463e-05,1.3502081e-07,1.2810645e-09,6.771285e-08,4.9659263e-07,4.1582544e-07,1.8984721e-07,0.00018390236,1.0727143e-08,1.2370998e-09,3.4326075e-07,1.1318466e-06,6.1718583e-06,3.168345e-08,1.1305052e-07,1.9228313e-08,1.8551622e-05,2.4684311e-06,1.1907907e-08,8.888983e-05,2.9207906e-06,4.193718e-08,3.4203762e-07,5.662446e-07,5.6296917e-10,5.5391035e-07,5.7344618e-08,3.7545178e-07,1.2328181e-08,7.229833e-08,2.6517702e-07,2.673554e-10,3.5915182e-06,7.915715e-07,1.6469487e-07,6.2156687e-06,1.2622188e-07,5.8714928e-08,2.048466e-10,1.116313e-07,9.343612e-05,2.9913971e-09,1.6810216e-06,6.0437305e-10,8.021767e-08,2.725459e-07,5.703201e-07,1.711571e-06,1.5855417e-07,3.3849184e-07,8.022875e-07,9.973293e-07,7.155515e-09,1.539887e-08,6.8157156e-08,2.1134805e-09,2.446205e-07,9.6011085e-08,3.0992006e-10,4.358896e-09,9.1576946e-10,1.630415e-05,2.704308e-08,2.5985912e-06,1.4696471e-09,1.4053627e-05,2.7408657e-08,2.1723001e-09,4.766455e-09,1.2896427e-09,1.5886841e-06,2.895705e-07,1.4303012e-08,2.6753222e-07,3.027359e-07,8.528304e-05,1.9162067e-06,4.6654113e-12,3.4917e-08,1.9733724e-09,4.2668387e-07,2.1707924e-09,1.417045e-11,1.5020303e-06,1.3801246e-08,6.7057364e-08,1.6336351e-06,1.9928607e-06,8.644296e-09,2.3355481e-07,1.3724826e-06,2.4491666e-05,9.056781e-08,3.1379707e-10,2.3269515e-06,8.521546e-10,3.0937568e-09,1.9112004e-08,3.3345226e-13,1.9929576e-06,1.5127455e-07,2.2220092e-06,1.7354002e-06,9.290424e-07,1.5256896e-09,3.3023628e-07,1.9236151e-07,2.5227394e-07,1.7006828e-07,1.2966852e-05,3.402102e-05,1.7171893e-05,1.8248876e-08,0.000119636905,4.0426382e-09,1.0322471e-08,7.889286e-12,1.7296357e-07,1.4954624e-06,9.782569e-10,3.528958e-09,3.871896e-06,9.62316e-09,7.8351195e-07,2.3336058e-10,1.8051089e-06,2.1368717e-10,9.225372e-07,6.922107e-09,1.123228e-06
BC2026_Train_0053_S22_20220211_204500_045,7.8758555e-13,2.4315572e-09,9.426938e-13,4.1128285e-07,2.6301828e-07,1.7242747e-13,4.367101e-09,1.0775054e-10,1.06307025e-05,3.249448e-05,0.98625505,6.1338987e-09,1.6213992e-08,7.1260914e-10,1.8998388e-12,0.00055359886,2.0839517e-08,2.6093181e-12,0.44467145,3.4125304e-07,2.4233316e-07,0.00013279212,9.436423e-12,6.5646786e-09,4.284666e-07,1.0791055e-10,1.18061605e-08,5.7327695e-11,4.3436782e-11,4.549965e-06,5.9922303e-09,1.1205336e-09,9.65865e-09,6.513775e-10,5.6959037e-09,4.1780197e-09,2.4806304e-10,2.9287792e-10,1.5945531e-10,3.3265064e-09,2.326523e-09,4.0248286e-12,7.841307e-09,9.429253e-10,5.874329e-11,2.1149713e-10,6.817328e-08,1.9244328e-10,2.2138628e-11,2.7320875e-11,4.1446704e-08,1.7490924e-08,5.5804956e-09,1.5075524e-09,3.6385654e-08,1.3174586e-09,1.1130447e-12,0.9999517,1.4708932e-08,9.036968e-09,0.9999989,2.7725036e-11,1.4461767e-07,0.9994837,7.269043e-06,8.345392e-08,9.468254e-10,3.656966e-09,1.8924735e-14,7.59133e-10,5.7205683e-15,3.4966804e-11,1.2384106e-08,2.2946907e-09,2.168926e-09,2.503861e-10,9.729542e-09,7.54933e-09,3.3826167e-10,5.246476e-11,2.9441845e-08,1.0576193e-12,2.674205e-07,3.6068166e-11,1.2076428e-09,1.7532875e-12,9.448162e-09,6.0701274e-07,1.5173619e-07,2.158073e-09,4.6350607e-07,6.420747e-09,8.321819e-12,1.5919738e-09,1.5535816e-08,1.1870331e-08,1.4997887e-09,1.160825e-07,1.2051127e-07,1.893637e-07,1.5409145e-09,3.0207038e-11,3.6925876e-08,6.284604e-05,7.6614623e-07,1.2696364e-09,5.37047e-12,1.2074309e-09,4.4278014e-08,1.3996248e-08,3.6906003e-09,8.842796e-06,5.5808094e-11,4.6733402e-11,2.1527695e-09,1.6452927e-07,3.1704647e-07,2.9200509e-09,3.4460728e-09,5.250476e-09,3.2149757e-08,1.6850727e-07,1.9147085e-10,1.412104e-05,5.934438e-09,9.61219e-09,3.6435428e-09,6.2402457e-09,1.161346e-12,3.9892654e-09,3.4125835e-09,1.1508163e-09,3.4885683e-10,6.1499333e-10,3.3251364e-09,1.35748236e-11,4.2072643e-09,1.6978122e-08,4.727168e-10,3.0365302e-06,5.726423e-10,1.9234147e-08,7.558669e-12,8.742389e-09,6.3133407e-06,1.0874213e-11,1.4645207e-07,1.2455414e-11,1.0689147e-09,2.4653963e-09,1.7989124e-09,1.663625e-07,1.2410181e-09,1.884126e-09,3.2699106e-08,2.3649921e-08,8.8132834e-11,4.2270573e-10,8.311691e-10,2.770817e-11,2.3727546e-08,2.1402948e-09,1.2473119e-12,1.0837687e-11,2.8147719e-12,3.138995e-07,3.5513134e-10,4.2039674e-09,4.1925602e-11,2.704435e-07,2.5903992e-09,3.236702e-11,2.4750868e-10,5.607556e-12,4.838989e-07,2.8781977e-09,1.2807218e-10,2.295045e-09,7.47983e-09,7.984329e-07,3.8360454e-08,2.2373383e-14,2.0219584e-09,2.2460084e-11,1.1035932e-08,4.5966935e-11,1.4232195e-13,2.2448557e-08,2.748211e-11,2.2390219e-09,8.767955e-09,5.991387e-08,2.9665204e-10,9.58365e-09,2.0995355e-08,9.826899e-08,4.0026262e-09,2.27518e-12,1.774546e-07,3.9150804e-11,1.311686e-10,1.6562743e-10,1.2458216e-15,1.4256329e-08,5.6252343e-11,6.190978e-08,3.1095833e-08,4.482782e-08,1.0645007e-11,8.025206e-09,1.03498925e-08,7.3411364e-08,4.0812265e-10,1.8749519e-07,5.2496324e-07,6.856854e-06,5.4309085e-11,5.275771e-07,1.1266488e-11,9.967933e-12,1.4852862e-14,3.3575944e-09,1.4451118e-08,7.1694382e-12,9.443167e-10,1.331296e-07,3.0471564e-10,7.269944e-09,9.006669e-12,1.7825313e-07,6.395116e-13,1.130199e-07,2.2211715e-11,1.6663878e-07
BC2026_Train_0053_S22_20220211_204500_050,1.13400095e-10,1.9768656e-08,4.955038e-11,8.645421e-08,1.3142087e-06,5.558752e-12,8.34682e-09,1.5979181e-09,0.0012895211,1.3638926e-05,0.98519707,2.4385484e-08,2.6513504e-07,3.9704853e-09,1.5377839e-10,0.0045178854,5.514058e-07,1.0765563e-10,0.089682,2.8883986e-07,1.3466898e-07,0.00092356466,2.6448224e-09,2.0197108e-07,9.793768e-07,1.396465e-08,1.3637991e-07,9.752908e-10,5.6184315e-09,9.4178664e-05,1.930453e-08,1.6790022e-08,2.1076001e-08,1.8114218e-08,4.2666638e-08,1.8104652e-08,1.9785509e-09,1.6093704e-08,2.2060502e-09,3.828128e-09,9.7159145e-08,8.756549e-11,9.2354796e-08,5.4281507e-08,8.5387315e-09,1.9630459e-08,1.6032358e-06,7.702204e-10,3.2279017e-09,1.994392e-09,2.5880396e-08,5.3954917e-08,8.635874e-09,3.2868e-08,1.3181829e-06,5.5913416e-09,2.2726874e-11,0.9960718,8.6430134e-08,3.2148463e-08,0.9999931,1.8851531e-10,2.2650802e-06,0.9988638,1.619493e-05,7.3592696e-07,2.810636e-08,6.9801644e-09,1.5615797e-11,2.5006075e-09,1.0761318e-13,4.855086e-11,7.6800156e-08,1.2451989e-08,6.688395e-07,2.6484117e-09,1.756535e-07,5.2688673e-08,3.9137404e-09,9.731193e-09,1.7896086e-07,1.8248812e-11,0.00011603381,1.0933516e-09,8.721524e-08,4.9023285e-11,4.2478575e-08,6.7486567e-06,9.267072e-07,5.516154e-09,7.4506073e-07,2.1775863e-08,3.935567e-10,2.030477e-08,1.1098753e-06,3.715435e-08,9.8739035e-09,3.1713724e-05,1.788945e-07,9.3070156e-07,4.307365e-09,4.546873e-09,8.506198e-07,0.00016608818,4.165012e-06,4.8747463e-08,9.144739e-11,1.5573166e-08,2.0519157e-07,1.3653685e-07,2.6045e-08,7.139293e-05,2.907933e-10,5.973648e-10,1.202071e-07,8.5402723e-07,4.1701884e-07,3.0804273e-08,1.5578603e-08,2.2904005e-07,9.434405e-07,3.5127997e-07,1.1535635e-09,4.175635e-05,1.0417274e-07,1.4822574e-07,3.0304722e-08,2.6618542e-07,5.404331e-11,2.9855617e-08,6.185973e-08,1.3466409e-07,6.881368e-08,7.3054593e-09,2.5826207e-08,1.5456295e-10,2.5854058e-07,1.4989591e-07,8.118737e-09,6.832441e-07,1.3873132e-09,8.647009e-07,3.9898775e-11,4.8491138e-08,6.042582e-06,1.1427142e-10,4.285169e-07,2.1499087e-10,4.4418584e-09,1.168095e-08,1.5797836e-07,1.5448387e-06,4.3832333e-08,4.8832426e-08,2.039295e-06,4.1630318e-07,3.0292963e-10,4.1871842e-10,1.3781333e-08,2.4052726e-10,3.2605507e-07,3.7827856e-09,4.9839955e-11,8.680608e-10,6.2554815e-11,3.8777827e-07,1.3381501e-08,7.092016e-07,5.8390887e-10,1.1761656e-06,1.5215202e-08,1.1356147e-08,1.4808461e-09,2.6554195e-11,1.3128185e-05,3.8218335e-08,9.476262e-09,3.460717e-08,2.9676663e-08,0.00025070467,1.1704221e-06,4.1854926e-13,5.5852155e-08,3.2539674e-10,3.0965245e-07,1.2375315e-09,7.601983e-13,1.9701133e-07,3.80064e-10,1.3669211e-08,1.8853372e-07,3.9234482e-07,4.3257645e-10,9.743157e-08,1.8695204e-07,3.8452322e-07,3.2703845e-08,2.7162609e-11,7.166362e-07,7.4678375e-10,4.6081608e-10,5.3822813e-09,7.362316e-14,3.7140228e-07,3.5240615e-09,1.2502534e-06,1.8507131e-07,1.04890496e-07,5.50184e-10,1.5761698e-08,3.0008675e-08,5.4613724e-07,2.0996756e-08,1.693151e-06,9.004784e-07,9.081096e-05,1.5576242e-10,1.2574455e-05,3.4258796e-10,1.1874712e-10,2.6899806e-12,1.8043254e-08,5.971165e-07,1.9412251e-10,3.7194803e-10,5.6526324e-06,1.8410842e-09,4.793233e-07,8.327841e-11,6.2520604e-07,3.0776687e-11,6.770909e-07,5.4419647e-10,4.1199928e-07
BC2026_Train_0053_S22_20220211_204500_055,2.8696153e-08,1.7957285e-08,4.7109666e-10,1.23162245e-05,5.117184e-05,9.432942e-10,2.8305035e-08,6.074327e-08,0.013166088,0.0010269833,0.5567426,6.382678e-08,9.319981e-06,2.3665133e-07,1.709983e-08,0.111079104,4.8570055e-06,1.7191717e-09,0.8991649,4.6738853e-05,0.00057575863,0.000336292,9.12778e-08,2.5305295e-07,0.0021199882,1.4471165e-06,4.3074147e-06,3.911218e-09,9.554371e-10,7.3601164e-05,4.9767357e-07,4.027509e-08,3.6139609e-06,6.519536e-08,7.602698e-08,7.477862e-09,8.72172e-09,1.2911176e-08,8.159071e-08,7.34475e-08,5.420004e-07,4.9182674e-08,1.7771455e-07,8.734206e-09,7.3020914e-08,2.0438472e-08,1.0296385e-05,3.178515e-07,2.3991586e-08,3.9679566e-09,3.6468964e-07,4.1892858e-07,5.3244764e-07,1.1585202e-07,5.2517305e-07,3.8841895e-07,4.2380038e-10,0.9993686,5.5434845e-07,1.828595e-06,0.99997723,1.0642277e-09,0.000109845656,0.9740217,8.67733e-06,1.4425308e-06,7.1920016e-07,7.631892e-07,5.031523e-11,3.6661453e-07,2.1260604e-11,1.2891833e-08,5.044074e-06,7.1085515e-07,7.972362e-08,1.4622836e-07,4.387987e-06,2.078878e-06,2.5093718e-07,4.8129383e-08,2.9747573e-05,8.466705e-10,0.0001324003,3.6080337e-07,6.3738e-06,3.018104e-09,5.929496e-06,4.4667554e-06,5.7731864e-05,9.156609e-07,0.00019091526,3.9709872e-07,4.3550994e-08,1.7442817e-08,7.4243775e-07,1.8563942e-06,1.5148677e-07,1.4225251e-06,1.0447622e-05,2.2444933e-06,4.536013e-08,2.8839803e-08,4.055158e-06,0.00039319645,0.00073428976,2.5651735e-07,6.9983748e-09,6.34038e-08,1.4295848e-06,2.3200182e-06,2.6389338e-07,1.974497e-05,8.409129e-08,1.643371e-08,7.523121e-07,2.2263885e-05,1.3026146e-05,5.3201614e-07,9.2826156e-08,1.1105031e-06,2.4159426e-05,1.9073048e-05,7.3355935e-08,0.0006476525,1.3851215e-06,1.4932948e-06,4.184584e-06,7.436485e-06,2.745453e-09,6.3049856e-07,1.3749556e-07,2.4608693e-07,4.4969724e-08,5.435139e-07,6.8516636e-07,2.3785953e-08,1.5395368e-05,3.2295188e-06,1.542707e-06,0.00028001468,2.2420919e-07,4.65515e-07,1.6646711e-09,8.0900406e-07,6.123611e-05,3.3311147e-07,8.899114e-06,3.4343486e-08,3.1247689e-07,1.6357334e-06,2.044699e-06,5.6831068e-05,2.9963243e-07,6.3657484e-07,1.2781434e-06,1.1680609e-05,7.4827874e-08,1.09530006e-07,1.304527e-07,1.2522028e-07,2.1831167e-06,1.7352149e-06,1.6431257e-09,1.9391695e-08,3.4540546e-09,0.00020258674,1.4947508e-07,2.160951e-06,2.805719e-08,0.00018423705,8.220789e-08,4.658103e-08,4.6831985e-08,6.8906636e-09,2.4177822e-05,6.540824e-06,1.7275765e-07,7.8921005e-08,4.725731e-06,4.7190656e-06,1.4452681e-05,1.773635e-10,2.8847677e-07,2.784956e-09,2.529e-07,1.2628458e-08,8.8585174e-11,5.8904825e-06,3.722046e-08,2.3880177e-06,3.5385729e-06,5.8844244e-06,1.8394319e-08,1.638889e-06,2.3479054e-06,1.7766823e-05,8.205897e-07,5.427548e-09,7.806494e-05,4.719902e-08,9.4515364e-08,3.778735e-08,1.0921124e-11,5.678019e-07,2.9012549e-08,1.3571185e-05,6.38063e-06,1.2609439e-06,5.7097282e-09,1.277406e-06,6.380682e-08,6.202494e-06,2.20097e-08,3.0177684e-06,2.5660896e-05,0.00023439247,5.8454454e-08,0.000871861,2.1516133e-08,3.9273818e-08,8.6541684e-11,4.932843e-07,4.583041e-06,4.0342822e-08,7.5912354e-08,3.829518e-06,5.174503e-08,1.8388361e-07,3.1331937e-09,2.6744174e-05,5.5599587e-09,7.0970077e-06,4.3242093e-08,3.5585526e-05
BC2026_Train_0055_S22_20220219_200000_000,2.5359123e-11,3.802928e-08,6.043139e-11,2.3546535e-08,2.5197223e-06,4.5935998e-11,1.9332347e-08,2.4956057e-08,0.0018641407,2.7355102e-07,0.0064961435,9.572612e-10,8.260401e-06,2.0362354e-09,2.7466365e-09,0.050328594,1.11484276e-07,1.0110982e-09,0.1709866,3.9500443e-05,2.1728272e-06,0.0028179525,5.0465894e-09,4.330738e-08,1.6791879e-05,1.0589798e-08,1.3687152e-07,6.117028e-09,1.894837e-09,9.787558e-07,5.4977627e-09,3.255082e-08,1.3742122e-07,2.7985985e-09,9.433144e-09,1.20689965e-08,5.5219196e-10,1.2203385e-09,6.3904315e-10,1.1355606e-08,1.2860741e-08,6.83582e-11,6.562616e-08,2.6543502e-08,9.841114e-09,1.3703433e-08,5.646544e-06,1.504724e-07,8.1192475e-09,1.7406905e-10,6.1945336e-08,2.34661e-08,7.8329094e-08,9.783875e-10,7.0975574e-07,1.7532274e-08,1.3925502e-11,0.9797713,9.2584054e-07,3.4668526e-06,0.99999917,6.072212e-10,0.00068847917,0.9983758,7.7597055e-05,1.2124797e-06,2.9710964e-07,1.4066666e-07,5.0610696e-12,1.4062175e-09,2.1565844e-12,1.547938e-08,2.0554307e-08,1.5442245e-07,1.096717e-08,8.2361975e-09,5.218201e-07,2.1256302e-07,2.0397802e-07,6.3255325e-09,1.4284495e-06,9.482604e-10,6.346793e-07,6.191108e-08,2.1071425e-07,1.8281823e-09,3.2896983e-07,5.8813166e-06,6.7987717e-06,2.8252552e-08,0.00031994487,1.0765307e-08,1.0172689e-09,2.994e-09,9.739121e-09,2.4363077e-05,4.0199033e-08,3.2284456e-07,2.3805907e-07,8.963504e-07,9.557013e-10,1.7952003e-09,2.3093204e-05,4.939433e-06,2.5228548e-05,1.26193e-07,4.2096782e-10,1.225172e-07,2.5182086e-07,4.609322e-07,4.2185807e-08,1.7428156e-05,6.4571486e-09,2.772977e-09,2.3592614e-08,5.7069656e-07,1.2652632e-07,1.9923424e-07,1.4946433e-08,3.2275587e-08,2.7911024e-06,1.6157719e-06,3.7973305e-09,4.1548254e-05,3.443483e-07,5.4690343e-08,2.881325e-06,6.4478843e-07,2.2553282e-11,4.0394724e-08,5.085103e-09,9.807987e-08,1.8212122e-08,9.1552415e-08,2.3929528e-07,6.178327e-10,5.6820772e-05,4.173618e-07,2.4115591e-08,4.705812e-07,5.2179224e-08,8.5461814e-08,4.2800832e-10,1.6753969e-08,1.5273536e-06,1.5997476e-07,4.444954e-07,2.9175443e-10,6.7220736e-09,7.28883e-07,5.544465e-06,1.920818e-05,2.0662718e-08,1.7914319e-08,9.20357e-07,1.3445788e-07,7.736852e-09,1.63211e-08,1.4016169e-07,1.5196813e-08,4.820978e-07,1.267551e-06,1.3641147e-10,1.3688223e-09,1.4795157e-10,7.3278293e-06,5.441054e-09,1.3920487e-06,2.1032528e-10,1.1173925e-05,4.3196835e-08,6.207005e-10,6.693683e-09,2.7821156e-09,6.825168e-05,3.983914e-08,8.8843475e-09,1.2834594e-08,6.9719185e-08,1.6035272e-05,7.921786e-06,4.298366e-11,1.233905e-08,4.528548e-10,1.829471e-07,1.0867075e-08,9.511886e-12,5.238409e-07,6.265067e-08,1.8588747e-07,6.984723e-08,4.9767453e-07,1.1817631e-07,5.96404e-07,7.3581816e-07,3.8072794e-06,1.9123242e-07,2.1942069e-10,1.2593596e-05,2.9724916e-09,1.13836025e-08,9.524626e-09,1.2992287e-14,3.4063854e-07,6.07298e-09,1.6374393e-06,1.7327312e-07,1.6305783e-06,3.6606752e-11,3.855661e-07,3.4844857e-07,5.2647334e-07,3.3343665e-07,3.0969047e-06,2.8947576e-05,1.3726378e-05,5.728024e-08,6.5507056e-06,1.5687235e-07,2.0787592e-08,9.066649e-12,1.18946204e-07,3.8003364e-07,7.507945e-09,1.34000935e-08,1.8423309e-07,3.842239e-09,2.5944087e-07,9.484196e-10,1.2790616e-06,1.0776554e-10,2.2939603e-06,3.9901176e-09,2.0238177e-07
BC2026_Train_0055_S22_20220219_200000_005,3.5711505e-12,1.4417438e-09,2.9278658e-12,2.7560456e-09,7.90342e-06,2.1564033e-12,6.768541e-10,2.58533e-09,0.0017192136,1.5612782e-08,0.0011833373,5.463396e-11,1.7119024e-06,9.14197e-10,2.2332712e-10,0.0007548874,6.300321e-08,3.32203e-09,0.59285796,2.8053446e-06,6.439066e-07,0.029662788,7.722625e-09,4.4533106e-09,6.0205406e-07,3.314182e-09,4.169798e-08,4.0252324e-10,7.50204e-11,1.09891594e-07,2.9959992e-09,4.591739e-09,1.9807795e-08,3.38722e-10,1.4084616e-09,1.7525043e-09,8.826872e-12,9.388458e-11,5.7344757e-11,1.0243268e-09,8.4245494e-10,7.615556e-12,4.020425e-08,3.0003395e-09,1.2144802e-09,1.8313547e-09,2.6492019e-06,1.6999897e-08,3.1237998e-10,2.9283475e-11,3.6666048e-09,6.7025496e-09,4.100128e-08,1.1051425e-10,3.9382968e-07,1.0571388e-09,2.8225998e-12,0.71455276,6.57418e-08,1.1010179e-05,0.9999999,5.2679877e-10,9.420849e-05,0.9983182,0.000245678,4.470901e-07,1.1721593e-08,1.1645047e-08,2.1886609e-13,6.5774185e-11,2.1858618e-13,7.06199e-08,4.1988866e-09,1.1932279e-08,4.374401e-10,4.039802e-09,3.1054114e-07,1.8455538e-08,7.4414965e-07,1.4927992e-09,4.3610933e-07,5.3554594e-10,5.4956206e-07,9.872604e-09,1.9254188e-08,1.652557e-10,9.360614e-08,6.3733683e-06,1.8930406e-06,1.0901392e-08,6.261357e-05,3.2299707e-09,3.0724265e-10,1.6496636e-09,1.08273515e-08,1.1955529e-05,4.1278422e-08,2.2743865e-08,1.1817226e-07,5.171508e-07,1.8825588e-10,4.5111945e-10,2.5879272e-06,2.3220473e-07,3.379143e-06,1.336069e-08,3.6714312e-10,2.6624122e-08,2.228032e-08,3.3778942e-08,2.0816358e-08,6.1275954e-05,2.7095456e-10,1.2965978e-09,6.558011e-07,6.810206e-08,6.033773e-08,1.0412264e-08,4.5241148e-08,6.1501946e-09,3.6650863e-06,3.243623e-07,1.1064126e-09,2.181146e-05,2.6174781e-08,2.3338888e-08,2.1848975e-06,8.936714e-08,1.5644475e-11,4.4244583e-08,2.9349208e-09,9.983193e-08,2.697939e-09,2.3190236e-08,1.4904505e-07,6.037439e-10,2.8598473e-05,1.4387756e-07,8.248649e-09,1.3728932e-07,5.2084363e-08,4.692665e-09,1.03475936e-10,9.958622e-08,1.3667952e-07,1.2836008e-09,1.0078131e-06,3.8252776e-11,9.656269e-10,3.7395984e-07,4.473324e-06,7.1572913e-07,3.1623436e-08,6.2859025e-09,1.03980184e-07,3.6134054e-07,4.0947565e-09,4.78889e-09,5.8265332e-08,1.6906965e-08,6.889523e-08,1.6338439e-07,1.8755403e-11,4.667606e-10,3.2514345e-11,4.822436e-07,1.9337584e-08,2.9735052e-06,5.005602e-11,1.2823715e-06,5.853467e-08,1.9337604e-10,7.1625844e-10,1.3948644e-09,9.294329e-06,1.512556e-08,6.56047e-10,1.3153853e-08,5.5345993e-08,4.9927513e-07,8.9088695e-07,6.9190704e-13,6.880249e-09,1.78591e-10,8.048265e-08,1.1559709e-09,5.9549293e-12,6.752403e-08,5.8690715e-09,2.653282e-08,4.6032106e-08,6.408747e-08,5.8595557e-08,1.853339e-08,1.3373634e-07,1.1923295e-05,8.4054896e-08,3.485088e-11,8.6848295e-06,2.5264513e-10,1.1178225e-09,7.2551916e-09,1.1285671e-15,7.9660447e-07,4.7195914e-10,7.9428395e-07,7.681554e-08,1.2043178e-07,3.295659e-11,3.2365654e-07,5.2671993e-07,1.7817428e-07,4.80384e-08,3.259007e-05,1.8336264e-07,4.6348353e-07,9.074327e-09,6.412045e-06,2.0526874e-09,3.8334913e-09,1.8517948e-12,2.018495e-08,1.8127324e-07,8.179163e-10,1.604029e-08,3.0837192e-08,3.2241914e-09,2.602028e-07,7.8761796e-11,3.2043315e-06,1.21499555e-11,5.0169547e-06,5.744725e-10,6.1141026e-07
BC2026_Train_0055_S22_20220219_200000_010,3.988506e-12,8.638758e-09,7.7635636e-13,4.9254743e-09,1.276186e-06,2.7501812e-12,4.7930454e-10,1.3135043e-09,0.01477275,2.930201e-08,0.028930206,5.829693e-11,3.19509e-07,1.1428799e-10,5.3812496e-11,0.026383871,2.470385e-07,4.5486035e-11,0.33615655,1.7143186e-06,1.4480287e-07,0.00019931022,1.8600949e-09,3.9857074e-08,1.5091446e-07,2.075949e-09,5.036111e-08,1.7265152e-10,7.6997464e-11,4.9859756e-07,6.9402053e-09,6.793208e-09,4.8259828e-08,1.0605034e-09,2.7553835e-09,2.2623141e-09,2.2101754e-11,5.152663e-10,7.9296444e-11,2.1580113e-09,8.417518e-09,6.0159294e-11,4.282235e-08,2.2698696e-09,3.0203036e-09,1.2987098e-08,1.3764037e-05,1.3448847e-08,9.041342e-10,1.2964389e-10,3.1713377e-08,2.3314417e-08,5.110775e-08,7.818349e-10,7.0549146e-07,4.924016e-10,1.209435e-11,0.9980578,6.092811e-08,2.5998477e-07,0.99999976,1.8072581e-10,0.00040850765,0.9999641,6.70456e-06,1.9460045e-07,8.397185e-09,9.0290255e-09,1.6827937e-13,3.7468067e-11,3.7017175e-13,2.98376e-10,1.4050733e-08,6.518091e-09,1.3123198e-09,5.996998e-09,6.693276e-07,3.4247392e-08,1.3984366e-07,4.807805e-10,8.97512e-07,8.570149e-11,5.4205157e-07,1.6130053e-09,8.67778e-09,1.0801145e-10,4.444445e-08,1.2675656e-06,1.8679962e-06,4.2631387e-09,3.9639574e-05,2.32419e-09,3.7475856e-11,4.19541e-10,7.2325874e-09,4.8657357e-06,2.9421057e-09,5.4501033e-08,5.2500173e-08,6.2869844e-08,1.07934016e-10,1.8479409e-09,1.2635967e-05,2.2896743e-06,7.1901486e-06,1.1035323e-08,1.6679691e-10,1.0624941e-08,9.4777846e-08,1.9856712e-07,8.430259e-09,8.8623565e-06,2.8337524e-10,1.0023767e-09,7.541029e-08,1.2236436e-07,2.0640423e-08,8.375382e-09,1.6001788e-08,2.541188e-09,3.8126572e-07,1.8061148e-07,3.3547012e-09,1.1291738e-05,4.0609017e-08,9.64788e-09,3.951894e-07,1.1099543e-07,3.065038e-11,5.5845204e-09,3.0351277e-09,2.7543866e-08,3.6239287e-09,9.74228e-09,6.502597e-08,3.9085016e-10,9.713947e-07,7.98248e-08,5.168791e-08,1.6374175e-07,1.976266e-08,1.3378176e-09,1.3103607e-10,1.3195994e-08,8.5763254e-08,2.256531e-09,5.880643e-07,3.0314622e-11,5.0559323e-10,1.17593295e-07,1.0160275e-06,7.41972e-07,1.0019892e-08,1.436935e-08,2.6141757e-07,3.5391423e-07,2.5119513e-09,2.0697735e-09,3.0728458e-08,1.8751847e-09,1.3297912e-07,1.0472478e-07,1.5113973e-11,1.1721788e-09,5.7532538e-11,2.235001e-06,4.3501576e-09,6.769598e-07,3.086188e-10,1.2011834e-06,2.5584885e-08,1.2078932e-10,7.8473916e-10,1.961795e-09,8.041488e-06,7.655194e-09,9.529146e-10,3.6433832e-09,3.795573e-08,1.1419156e-06,4.1482995e-06,2.975879e-12,2.1966367e-09,1.5889545e-10,8.922238e-08,7.4022494e-10,1.5319155e-12,3.7224932e-08,1.2028344e-08,2.2610731e-08,1.4477222e-07,1.0129598e-07,4.52798e-09,3.2820324e-08,7.639022e-08,4.8922107e-06,5.0319244e-08,9.1176566e-11,4.9482736e-07,1.714315e-10,1.1510622e-09,4.088341e-09,4.0657234e-15,4.402501e-07,5.835915e-10,2.8949316e-07,2.7505017e-08,5.2090527e-08,2.0027306e-11,7.826995e-08,3.4137766e-08,1.01926254e-07,8.647581e-08,4.410622e-06,1.3000556e-05,7.5208573e-06,1.3078801e-08,6.83166e-06,6.136274e-09,4.7807014e-10,1.7402139e-12,5.489131e-08,1.486778e-07,1.169296e-09,2.240658e-09,1.4588731e-08,1.9706794e-09,5.907371e-08,4.7488544e-11,4.898088e-07,8.9277535e-12,5.3077e-07,4.2682216e-10,1.2189462e-07
BC2026_Train_0055_S22_20220219_200000_015,1.0026964e-12,1.6150031e-09,2.007042e-13,2.6186853e-09,5.1858405e-07,1.7850627e-13,1.3518014e-10,3.3139402e-10,0.0032733248,9.839053e-08,0.0043959958,1.4135549e-11,1.6547308e-07,1.3237419e-11,1.1004219e-11,0.0010306186,3.4289158e-08,1.0864897e-12,0.166308,2.5201112e-07,1.2558582e-08,0.0003088859,6.642806e-10,3.457898e-09,1.8029118e-06,1.0516746e-09,7.95571e-09,1.4610152e-11,3.1188867e-11,3.833237e-08,1.0429033e-09,8.5753854e-10,1.542924e-08,7.981407e-10,4.91037e-10,1.7101649e-09,2.4193047e-11,1.14084124e-10,6.0942163e-12,2.7676295e-09,6.9279155e-10,2.489596e-12,1.03542765e-08,5.193452e-10,1.2995418e-09,1.803117e-09,1.2504943e-06,3.979758e-09,5.4886096e-11,3.2197003e-12,3.945016e-09,3.021185e-09,8.98568e-09,8.7191164e-11,3.645283e-07,1.8992972e-10,7.9467157e-13,0.92330587,9.965744e-09,9.9688265e-08,0.99999976,2.9787374e-11,1.4776475e-05,0.99993527,2.9517278e-07,1.715279e-07,1.6252066e-09,9.790933e-10,8.3060484e-14,1.01530034e-11,1.3698975e-14,1.9094339e-11,1.4013686e-09,3.255422e-09,1.1879521e-09,1.2392057e-10,2.6895654e-08,2.8869176e-09,4.913642e-09,7.1476813e-10,3.5315928e-08,6.742236e-12,2.564875e-07,3.7784735e-09,2.0536575e-10,9.782485e-12,3.912746e-10,4.1998507e-07,6.1629436e-07,1.9956238e-10,1.4635697e-05,3.2582403e-10,1.3460246e-11,1.06735364e-10,5.6549493e-10,2.4670096e-06,3.257509e-09,3.4182527e-08,3.809518e-09,3.5516756e-08,4.7897165e-11,1.7053432e-10,3.1048537e-06,1.9272966e-06,2.472217e-06,3.379181e-09,3.1837798e-12,1.3597311e-08,2.448032e-08,2.4723292e-08,4.3231436e-09,2.5701846e-05,1.147458e-10,1.1412244e-10,6.5774124e-09,2.8571142e-08,2.3723429e-08,8.449239e-09,3.0940622e-10,1.1619171e-09,1.17685744e-07,4.076928e-08,2.3655944e-10,1.0623871e-05,1.2615722e-08,2.301915e-09,4.7919443e-08,5.1641006e-08,2.7078897e-12,5.748671e-10,3.5367392e-10,5.2802633e-09,1.0296273e-09,8.378734e-10,4.228648e-09,7.588386e-11,5.5001874e-07,1.1267623e-08,1.3299739e-09,1.955292e-08,9.920526e-10,2.2922104e-09,1.9778392e-11,9.135526e-09,1.35322935e-08,9.582659e-10,1.151942e-07,3.8676293e-12,5.203486e-10,8.490109e-09,1.323809e-06,1.0964042e-06,2.6405584e-09,1.8494112e-09,3.493712e-08,3.377984e-08,3.8127945e-10,8.537408e-10,6.868422e-09,7.6001816e-10,1.8237208e-07,1.5921325e-08,2.5506288e-12,3.717358e-11,3.3463302e-12,2.338916e-07,1.2254561e-09,2.2581193e-07,6.6288255e-12,3.4392988e-07,2.3246998e-09,6.437405e-11,3.5094974e-10,1.6704718e-10,9.71006e-06,7.760544e-09,9.804176e-11,1.4256132e-09,3.788129e-09,4.3636692e-07,3.2076258e-07,5.641335e-13,2.2917372e-10,7.2631554e-12,1.7457527e-08,3.7275058e-10,8.740116e-14,2.0844048e-08,1.2564542e-09,4.251673e-09,1.40547e-08,2.2109461e-08,1.5514161e-09,1.3506687e-08,2.4919148e-08,2.4704375e-06,5.3332503e-09,1.9615682e-11,2.2962556e-07,1.173948e-10,1.3066569e-10,3.5868272e-10,3.1424414e-16,3.1143376e-08,7.9906186e-11,2.5520507e-07,2.4144806e-09,3.8514415e-08,6.6275956e-13,1.0598629e-08,9.252509e-09,2.1616254e-08,5.8212435e-09,5.95669e-07,1.4652096e-06,3.7165416e-06,1.6450763e-09,2.0881312e-06,1.1470626e-09,2.9485422e-10,9.3733784e-14,6.601544e-09,6.174292e-08,2.2567277e-10,4.3116946e-10,1.5214997e-08,5.3711386e-11,9.793327e-09,1.825017e-11,1.1876507e-07,2.4942871e-12,1.2692841e-07,8.4891295e-11,1.666915e-08
BC2026_Train_0055_S22_20220219_200000_020,6.4095805e-11,3.4441138e-07,2.9725636e-10,8.432498e-08,1.2239403e-05,2.607435e-10,1.868413e-08,7.5270044e-08,0.002340747,8.0925406e-07,0.009529053,9.167434e-09,1.0868775e-06,9.171137e-10,5.272152e-09,0.19932805,5.081867e-07,5.6225874e-10,0.7293505,7.317235e-06,5.753306e-07,0.00018335172,2.7798203e-08,5.850398e-07,4.7726385e-06,3.5255205e-09,4.7154713e-06,1.758442e-08,3.941045e-09,6.691127e-06,6.1328606e-08,1.12548584e-07,3.350259e-07,1.8346315e-08,9.789633e-08,7.39743e-08,3.5722647e-10,1.0616448e-09,5.001513e-09,2.7001796e-08,5.1459008e-08,9.769442e-10,1.4810904e-06,2.0255683e-08,1.364909e-07,2.3969886e-07,1.975356e-05,1.9278318e-07,1.1172732e-08,5.05039e-10,5.6055836e-07,5.1580815e-07,9.650954e-07,1.3788012e-08,8.741217e-06,9.0739164e-08,2.5522144e-09,0.9989133,2.2558193e-06,3.8611065e-06,0.99996376,1.9247873e-08,0.0010525034,0.9744564,0.00035078055,2.1524076e-05,8.27961e-08,1.4045006e-07,4.8686315e-12,3.824851e-09,7.1892522e-12,7.848986e-08,1.10343805e-07,1.9063128e-06,2.0544547e-08,6.838438e-08,3.6947552e-06,3.7977134e-07,1.039744e-06,2.3689381e-08,9.216004e-06,2.0282505e-09,6.5081485e-07,7.551436e-08,1.5625658e-07,1.1643957e-08,1.2543231e-07,8.617023e-06,1.082817e-05,3.6159832e-08,0.00053898443,2.086927e-08,1.8340081e-09,4.8146904e-09,5.3237603e-08,7.005537e-05,5.3181935e-07,1.0438636e-07,8.338683e-07,6.367199e-07,5.700675e-09,7.676644e-09,3.9956285e-05,9.501561e-06,2.8367293e-05,1.4656567e-07,3.4822278e-09,3.6803257e-07,2.7384885e-07,1.6991213e-06,5.0387722e-08,2.5946863e-05,1.2377588e-08,5.515154e-09,2.23687e-07,1.9507407e-07,4.9583497e-07,3.7515326e-07,3.155126e-08,6.2486336e-08,2.85794e-06,8.152054e-07,1.969305e-08,2.1990327e-05,4.6068783e-07,9.141282e-08,1.2097839e-05,2.3169803e-06,4.714841e-10,3.107906e-07,3.2149813e-08,7.9125675e-07,8.011595e-09,2.3602026e-07,2.7469267e-07,4.071098e-09,9.938932e-06,5.5312134e-06,1.83878e-07,3.711785e-07,2.8136645e-07,1.4323264e-09,2.4510394e-09,8.5235534e-08,7.236253e-07,8.0331415e-07,2.503485e-06,2.0902444e-09,1.4927943e-08,7.96192e-06,5.806559e-06,4.1255116e-06,2.9278777e-07,1.4895141e-07,1.9524934e-06,1.3129735e-06,1.1355108e-08,8.869249e-08,7.886599e-07,8.0962096e-08,9.461752e-07,3.6460415e-06,5.652351e-10,6.1601613e-09,9.625359e-10,2.1138532e-05,3.251272e-08,8.0276504e-07,4.3493592e-10,4.700578e-06,2.2143166e-07,1.2978771e-09,1.2150947e-08,1.6010764e-08,4.1131127e-05,2.71825e-08,1.558437e-08,1.5738717e-08,1.9015307e-07,2.1114586e-06,5.284031e-06,1.8392582e-10,1.3255836e-07,9.958637e-09,2.728364e-07,1.2221794e-08,9.1061166e-11,2.8817426e-06,6.735693e-07,1.612659e-07,2.558516e-07,1.6551191e-06,4.4153083e-07,6.346121e-07,7.471953e-07,2.1771995e-05,2.9365606e-07,8.140612e-10,2.6837704e-06,2.8505645e-09,2.0708768e-07,6.171654e-08,2.5770884e-13,1.6238183e-06,1.4851604e-08,6.359107e-06,2.2149037e-07,1.5939546e-07,8.075998e-10,2.4134994e-07,2.1663477e-07,5.2630566e-07,5.187487e-08,5.845044e-06,1.37199e-05,1.9703402e-06,1.429684e-07,5.128278e-05,1.8511308e-08,7.8325954e-08,5.4497e-11,4.0856742e-07,2.2593201e-06,3.9940313e-09,5.1164324e-08,1.2804011e-07,2.2184778e-08,7.355586e-07,4.501664e-09,1.0226015e-05,2.0803279e-10,1.7932978e-05,4.8302738e-08,1.634034e-06
BC2026_Train_0055_S22_20220219_200000_025,2.6866632e-12,1.7109709e-09,7.9108893e-13,1.598364e-08,7.049574e-07,1.346101e-12,2.0705582e-10,7.373096e-10,0.00084957335,7.077268e-08,0.031080386,4.0690985e-11,2.3668708e-06,1.35439e-10,2.189607e-11,0.010594429,2.7755025e-08,4.03827e-12,0.7049788,1.5020158e-06,1.8942205e-07,0.0039135334,1.5479933e-09,1.8477975e-08,3.5908463e-06,1.5020653e-08,2.8337121e-08,4.7671683e-11,4.973929e-11,4.228457e-07,3.8662114e-09,9.309704e-09,1.5496896e-08,2.5780273e-09,2.0488422e-09,1.687255e-09,3.717535e-11,2.9137113e-11,2.2479456e-11,2.2562814e-09,2.5522533e-09,1.09991625e-11,7.189692e-08,6.1024463e-10,7.515711e-09,4.138696e-09,5.231959e-07,3.3390226e-09,1.9392747e-10,1.5572073e-11,1.585136e-08,1.4612207e-08,2.1085008e-08,3.924443e-10,1.7863212e-07,1.022373e-09,1.017999e-12,0.99937147,2.6028614e-08,1.2652052e-07,0.99999976,3.9665375e-11,5.4040196e-05,0.99984753,1.8273316e-07,8.674846e-07,1.2349173e-08,1.9666437e-08,1.461663e-13,6.124599e-11,8.830062e-14,2.062285e-10,5.90176e-09,2.7448051e-08,2.2832567e-09,6.805862e-10,1.7784527e-07,1.09195994e-08,2.9851854e-08,1.1914717e-09,4.2464765e-07,3.3710985e-11,1.26526e-06,3.2563905e-09,1.8877529e-08,9.0990854e-11,1.0681531e-08,1.3204187e-05,2.781051e-06,1.1860639e-09,6.962812e-05,2.5792914e-09,1.0591504e-10,2.0865909e-10,1.4136998e-08,7.884298e-07,2.836685e-09,1.9037058e-08,2.5722722e-08,1.1260622e-07,1.3546404e-10,8.128288e-11,5.9162394e-06,1.059553e-05,1.1941967e-05,2.2526017e-08,1.4854867e-11,6.2403887e-09,3.7698157e-08,4.2526885e-08,3.0414211e-09,2.6487309e-05,1.2052381e-09,2.2735948e-10,1.2526835e-08,5.126572e-08,6.068189e-08,5.478201e-08,3.0511884e-09,7.0199384e-09,2.2662707e-06,2.0731333e-07,5.826006e-10,2.5305655e-05,6.7368376e-08,1.8987306e-08,3.8915456e-07,4.3932268e-08,3.14977e-11,1.277393e-08,1.3332045e-09,6.2339915e-08,6.5143335e-10,3.8549968e-09,2.1398348e-08,3.0253914e-11,2.5103202e-06,2.6988511e-08,1.35782114e-08,8.44056e-08,1.7414087e-09,7.2968254e-09,1.0042937e-10,4.1373625e-09,4.5833932e-08,1.4711055e-09,1.17948325e-07,2.7175043e-11,1.1057756e-09,7.986608e-08,7.682834e-07,2.7294725e-06,2.1984066e-08,6.6740506e-09,1.5743431e-08,1.7174214e-07,2.1595668e-10,2.1066384e-09,1.377303e-08,2.4078997e-09,2.3071519e-07,3.6827686e-08,1.0798996e-11,8.071451e-11,1.9180008e-11,3.6086228e-06,1.6583456e-09,3.8133768e-07,4.8730745e-11,1.0801939e-06,1.0474851e-08,2.346102e-10,6.4726574e-10,5.017553e-10,2.043629e-06,4.8110017e-08,3.4501552e-10,4.1698276e-09,2.3387415e-08,7.0827286e-07,7.7579773e-07,1.5959633e-12,6.395321e-10,1.5190066e-11,1.549539e-08,2.7141286e-10,3.8431178e-13,1.499903e-07,4.084974e-09,6.942738e-08,1.0827831e-07,8.9419835e-08,4.5214215e-09,6.6328354e-08,1.29481e-07,1.2865784e-05,2.4850419e-08,3.6171715e-11,4.1586117e-07,3.7726677e-10,1.0675965e-09,1.0794476e-09,1.0988425e-15,3.3120603e-08,7.763797e-10,1.10273945e-07,5.4336002e-08,1.4046947e-07,1.0561583e-11,6.3792825e-08,1.566803e-08,5.0651355e-08,3.846653e-09,1.1578546e-06,4.720389e-06,5.8099376e-06,6.3215038e-09,6.7002334e-06,3.4375827e-10,9.0002206e-10,5.1468405e-13,1.5349489e-08,1.6341758e-07,9.0656554e-10,2.025131e-09,2.8671153e-08,1.1868236e-10,7.4244535e-09,2.7478967e-11,7.0808784e-07,5.4580294e-12,1.4980074e-07,3.2464167e-10,1.5565348e-07
BC2026_Train_0055_S22_20220219_200000_030,1.0829938e-11,1.11980164e-07,9.365279e-11,8.42127e-07,9.666456e-07,9.322951e-11,1.7103768e-07,9.168798e-09,0.00050803326,8.0862617e-07,0.004974723,1.3293734e-08,9.050614e-06,2.8903404e-08,7.201396e-09,0.20456359,1.7673949e-07,2.365994e-08,0.18099062,0.0001546601,3.2251546e-06,0.0031680204,1.6032338e-08,1.2630263e-08,2.0717234e-06,9.373188e-09,4.59316e-08,8.138396e-09,3.6239094e-08,2.7148437e-06,1.2643714e-08,3.118651e-07,1.8395026e-07,2.1517241e-08,1.11177165e-08,2.4645868e-07,1.9902502e-09,4.909293e-10,1.4625584e-09,3.2180742e-07,4.768428e-09,2.5812194e-10,1.3377307e-07,3.3656593e-07,2.5693447e-08,3.941475e-08,3.0726285e-06,1.251224e-07,3.5170244e-09,1.5385027e-10,1.9564567e-07,8.04495e-08,1.8918283e-07,1.3955058e-09,7.113189e-06,1.3300837e-08,1.2340919e-10,0.98865545,2.3989696e-06,3.2250284e-06,0.999992,3.9060595e-09,0.0009917723,0.96978164,0.00016393827,9.572809e-07,6.494317e-08,1.9288579e-07,6.547912e-12,2.9886884e-09,4.8712696e-12,6.1527777e-07,2.5792287e-08,1.2811475e-07,3.7771784e-08,2.6414058e-08,1.7238372e-06,3.144994e-07,3.6679744e-06,1.2161311e-08,3.6074975e-06,2.4629099e-09,3.696383e-07,4.6232017e-08,3.6470533e-07,6.7153842e-09,1.6448971e-06,1.3378522e-05,1.0081082e-05,1.3482112e-07,0.0004185135,4.1944944e-08,3.2413572e-09,9.229947e-09,1.7150166e-08,1.545403e-06,1.1577769e-07,7.5224975e-08,1.7497034e-06,2.3871457e-06,6.620054e-09,8.388872e-10,2.3394867e-05,1.4655543e-05,3.269896e-05,5.576774e-07,5.529943e-09,2.112251e-07,5.112535e-07,7.3336554e-07,6.8593e-08,0.0002739697,6.081294e-08,7.0658532e-09,1.9299897e-07,1.8116018e-06,1.306324e-06,2.397464e-07,6.5198157e-07,8.392081e-08,5.4616353e-06,2.1879607e-06,5.1400226e-09,4.515121e-05,3.4931432e-07,5.9498323e-08,7.8264275e-06,2.552981e-06,2.0948293e-10,2.3893566e-07,8.207422e-09,5.0484016e-07,6.556245e-09,9.3151435e-08,1.553991e-07,1.8459358e-10,5.5194236e-05,7.7697877e-07,1.3809251e-08,7.833834e-07,1.0061301e-07,1.8509002e-07,5.01992e-09,4.8286896e-08,4.7906695e-07,1.1168326e-07,6.9204924e-07,3.459235e-10,6.9625066e-09,1.871359e-06,3.280999e-06,2.824698e-06,4.0813282e-07,8.108078e-08,4.9833136e-07,3.971987e-07,1.3520038e-08,8.642598e-09,1.6125314e-07,7.2968387e-09,1.41219e-06,1.9347879e-06,2.556437e-10,8.403593e-09,6.027291e-10,1.7991124e-06,5.1145372e-09,3.5814824e-07,1.1870122e-09,1.1197318e-05,2.1619498e-07,1.915345e-09,7.014852e-09,1.1638872e-08,2.2360762e-05,1.00243106e-07,8.457171e-09,4.997834e-08,9.691447e-08,3.6652227e-06,5.8175e-06,7.595699e-11,1.2445226e-07,1.2736271e-08,1.1969131e-07,2.76172e-08,2.6306338e-10,1.6634204e-06,1.8939929e-07,1.1024582e-06,8.4210384e-08,4.167719e-07,6.2232215e-07,1.6612722e-06,5.8841437e-07,3.9609527e-06,1.7589705e-06,5.9741845e-10,8.915839e-06,4.5483475e-09,2.6855309e-08,3.6708887e-08,1.2060059e-13,1.0440841e-06,4.3308104e-09,2.1343803e-06,6.76559e-07,2.1455928e-06,8.346165e-10,9.166194e-07,3.9786826e-07,2.08848e-06,1.9435167e-06,5.6678064e-06,1.6910397e-05,1.7619419e-05,2.1315905e-07,2.812347e-06,4.5401162e-08,4.6479055e-08,2.2516272e-11,4.213864e-07,5.0518696e-07,5.5065987e-09,9.528664e-08,1.5056758e-06,2.9234299e-08,5.2988037e-07,5.390045e-10,2.649111e-06,2.2206346e-10,1.7081962e-05,7.8241715e-09,7.149125e-07
BC2026_Train_0055_S22_20220219_200000_035,1.2593399e-10,1.0631408e-08,4.948965e-11,2.2287912e-07,6.5771724e-06,7.6161695e-11,3.889243e-09,1.3948811e-08,0.0022552363,3.6388994e-07,0.0016766574,5.978653e-10,3.4079178e-05,1.3645948e-08,2.2999138e-09,0.0017977938,7.464057e-08,1.3738993e-09,0.12368842,4.4327753e-05,7.170803e-06,0.0021823528,4.6876217e-08,2.904782e-08,0.00029664242,2.6966265e-07,1.2827624e-07,7.1928946e-10,7.618702e-10,3.28678e-06,2.386803e-08,2.2410225e-08,1.907581e-07,1.09505525e-08,9.772633e-09,1.0889235e-08,3.777587e-09,1.7386739e-09,1.9876085e-10,1.2075029e-08,3.1845335e-08,7.747141e-10,4.0864023e-08,1.0381171e-08,4.012435e-08,3.647348e-08,3.6792699e-06,1.8795959e-07,8.3172935e-09,3.425494e-10,3.5311817e-08,1.3092852e-08,2.5971385e-08,4.4714654e-09,5.152698e-07,7.960131e-08,9.92158e-11,0.8840923,4.218154e-07,5.1455527e-07,0.9999994,1.1206997e-10,0.00056016084,0.9709457,5.5822875e-06,1.5880704e-06,1.8744439e-06,7.523774e-08,2.2521169e-11,2.3511392e-08,1.8219868e-12,1.6482453e-09,7.970021e-08,1.1313065e-07,1.6980151e-07,7.911645e-09,9.626704e-07,7.993258e-07,6.4205416e-08,3.644469e-08,7.2712777e-07,3.160984e-10,1.334058e-05,3.3807146e-07,2.1105094e-05,3.205312e-09,2.0089296e-06,0.000115482886,1.8919915e-05,2.346337e-08,0.0002893117,2.4872802e-08,1.3755807e-08,6.745359e-09,8.145994e-08,1.5552156e-05,1.552729e-07,7.755576e-06,1.629451e-07,4.9756245e-06,3.0103424e-09,3.3591254e-09,3.2032847e-05,7.932875e-05,6.134822e-05,3.1077133e-07,4.6917586e-10,8.121218e-08,4.6348438e-07,2.528619e-07,1.5120835e-07,9.746833e-05,2.1869349e-08,4.74799e-09,6.252854e-08,1.7781998e-06,2.0301428e-07,9.912818e-08,1.2821188e-08,1.195819e-07,3.3985416e-05,5.3170623e-07,4.824563e-09,0.00015089296,1.6682546e-06,5.6200097e-08,9.833123e-06,1.1972242e-06,1.08410614e-10,3.8252615e-08,1.4911672e-07,3.777488e-08,1.7768592e-07,7.9039715e-08,3.1078318e-07,4.449931e-09,9.9597164e-05,1.291079e-06,2.2212794e-07,1.508654e-06,1.6767043e-08,4.4547673e-06,5.472452e-10,2.633538e-08,3.4938492e-07,3.068336e-08,5.7205176e-07,4.4534015e-10,3.4026016e-08,2.4853675e-06,1.4180907e-05,0.00016425607,8.916063e-08,1.5565645e-07,8.7368977e-07,1.2556028e-06,7.2696116e-09,4.2856023e-08,2.4514438e-07,4.1833368e-07,5.5786153e-05,1.1628975e-06,6.225739e-10,8.056535e-10,3.0920898e-11,1.6518296e-05,1.5893379e-08,1.254268e-05,5.469791e-10,0.00018287088,5.9711596e-08,1.0822086e-08,2.8582424e-08,6.9725764e-10,8.801134e-06,1.6395707e-07,5.4810516e-09,6.8122326e-08,2.1557753e-07,1.9894118e-05,1.6899385e-05,7.474146e-11,1.7006512e-08,2.761991e-10,4.924195e-07,7.465506e-09,1.8628332e-12,2.6759014e-07,1.7852432e-07,2.3818262e-07,1.4367463e-07,1.404801e-06,7.0732455e-08,6.90082e-06,6.0372605e-07,5.6146164e-06,1.1656573e-07,4.0292492e-10,5.904808e-06,2.7235071e-08,5.348715e-09,9.033797e-09,9.0245594e-14,1.8228284e-06,5.737173e-09,6.2030267e-06,2.2637579e-07,3.5669111e-06,1.423601e-11,4.1751863e-07,2.1865164e-07,5.344846e-07,1.7154228e-07,5.5665682e-06,1.0194e-05,0.000113399474,2.0054781e-08,0.00015115863,6.948606e-08,6.9370687e-09,4.9171153e-11,7.451112e-08,2.222541e-06,7.50898e-08,3.0401175e-08,4.4939256e-06,2.1067954e-09,3.186913e-07,7.099623e-10,4.5894044e-06,1.1030835e-09,1.1655167e-06,3.5677946e-08,4.1812308e-07
BC2026_Train_0055_S22_20220219_200000_040,7.094986e-12,1.6956276e-08,1.964676e-11,2.9631533e-07,2.4798814e-07,2.8262587e-11,2.1078694e-08,7.744663e-09,8.0734724e-05,7.5966395e-06,0.3319399,9.1761415e-10,1.01389205e-05,1.2696177e-08,2.436943e-09,0.008897467,1.6804204e-07,2.9501682e-10,0.47199178,4.9915292e-05,1.2745489e-06,2.5236488e-05,5.231363e-09,4.0607777e-08,3.739766e-06,2.246659e-08,8.419449e-08,8.3360935e-10,2.1047819e-10,5.4056554e-06,2.117564e-09,3.0241831e-09,4.1000572e-08,9.815168e-09,7.1246675e-09,4.5702797e-09,2.4112443e-10,3.1344893e-10,1.3665085e-09,1.3260838e-08,1.0380556e-08,9.7617074e-11,3.370763e-08,2.7481353e-09,4.30057e-08,2.19982e-08,9.709124e-06,9.68346e-09,9.218893e-10,7.483147e-11,4.7312678e-08,1.7219751e-08,3.3644746e-08,2.7349998e-09,6.5446216e-07,1.2613845e-08,4.2697748e-11,0.99966776,1.7956314e-07,1.366666e-07,0.9999987,5.6408562e-11,1.9094887e-05,0.93199706,1.9661882e-06,6.64917e-06,1.3999366e-07,9.0613256e-08,1.2628671e-12,2.2948219e-09,4.9490734e-13,1.1818928e-09,1.4002343e-07,2.1400103e-08,9.3329415e-09,9.429619e-09,1.0168533e-06,9.5006264e-08,1.0298934e-07,3.3949572e-09,1.5665498e-06,5.0096042e-11,4.1451162e-06,4.109891e-08,4.5946667e-08,2.3323554e-10,1.7215703e-07,1.0919849e-06,6.5499185e-06,2.2961585e-08,8.096354e-05,1.1063352e-08,4.8900626e-09,7.0644074e-10,6.8168178e-09,1.9583974e-06,4.2541657e-08,5.3292666e-07,9.816528e-07,1.317146e-06,3.7397901e-10,5.3693283e-10,1.6360376e-06,2.494669e-05,5.0618404e-05,3.734021e-07,2.8437366e-10,4.6287503e-09,8.2137655e-07,3.98829e-07,3.2218935e-08,4.271593e-05,1.2740498e-08,2.9639807e-10,6.574252e-09,4.370774e-07,2.9086775e-07,2.3790814e-07,6.3405348e-09,2.0350637e-08,2.0907717e-06,3.8938995e-07,2.2137894e-09,7.520624e-05,1.0038738e-07,7.418766e-08,2.345193e-06,8.3380223e-07,4.6049078e-11,8.7899785e-08,1.6681229e-09,6.416771e-08,8.999041e-09,1.6364083e-08,4.7569927e-08,7.2288286e-11,4.0940395e-06,3.8561427e-07,9.072528e-09,4.194041e-06,1.0612039e-08,9.551774e-08,2.9754962e-10,3.065702e-09,3.2455972e-07,2.0433289e-08,1.1035517e-07,8.986836e-11,3.648397e-09,8.0082435e-07,2.1930842e-07,1.3213861e-05,2.8550712e-08,1.36423814e-08,4.8879297e-08,1.352012e-07,8.3254625e-10,1.8062389e-09,2.571615e-08,3.6197014e-09,1.0717799e-05,4.0041178e-07,1.0742754e-10,2.9831396e-10,3.3689516e-11,3.7715134e-05,5.063897e-09,6.9649666e-08,6.6168565e-10,2.0028647e-05,7.601711e-08,1.958759e-09,1.5924141e-09,3.1489624e-09,2.8033579e-05,3.2053745e-08,1.2362835e-09,1.3084384e-09,3.0934277e-08,1.8378086e-06,1.4833083e-06,3.881917e-11,1.0279442e-08,8.419906e-10,2.8284418e-08,4.930221e-09,3.877512e-12,3.2498838e-07,2.5387427e-08,1.6308736e-07,3.7246096e-08,1.2593372e-06,7.053614e-09,3.187363e-07,3.7689713e-07,3.4716602e-06,1.7772251e-07,1.385015e-10,7.1246695e-06,4.0802246e-09,6.275684e-09,2.5525988e-09,6.181049e-14,4.348207e-07,1.1138087e-09,2.1319167e-06,8.3140925e-08,1.2213577e-06,3.784716e-11,2.654204e-07,2.102493e-08,1.0293236e-06,2.3438323e-08,9.611101e-07,3.1459673e-05,3.833743e-05,2.453707e-08,1.9665686e-05,2.7427902e-08,3.6367318e-09,7.2619645e-12,4.2266013e-08,6.440497e-07,1.8418296e-08,2.2798112e-08,3.3461814e-07,2.7413125e-10,3.957588e-08,1.3712831e-10,1.5810255e-06,9.0891114e-11,4.0795305e-07,1.9543402e-09,1.8516225e-07
BC2026_Train_0055_S22_20220219_200000_045,1.4244126e-08,4.6130728e-07,1.766166e-08,4.6816494e-06,4.4288345e-06,1.2000499e-08,2.554515e-06,4.877076e-07,0.0003772072,6.314424e-06,0.0021357322,1.2140946e-07,0.0007277462,1.6854503e-06,2.6304514e-07,0.010872011,1.7451223e-06,9.226184e-08,0.19127475,0.00044962647,7.5083204e-05,0.002361664,2.1813314e-06,2.0312079e-07,0.0001796648,2.0834111e-06,1.8758891e-07,1.4400015e-07,3.1376505e-08,6.7434075e-06,2.1206695e-07,5.072996e-07,5.3698586e-06,4.0900133e-07,1.5041903e-07,4.4595603e-07,1.8644708e-07,7.817253e-08,3.8244e-08,1.6691633e-06,1.9229384e-07,3.856153e-08,1.4559467e-06,6.830616e-07,1.2527764e-06,1.3134157e-06,0.00010083826,3.0728042e-06,1.1981979e-07,4.1436742e-08,2.2125275e-06,8.719485e-07,2.1712715e-06,6.5082176e-08,4.6762878e-05,4.0294424e-07,4.627011e-09,0.6093782,5.3549106e-06,9.283353e-06,0.999941,2.2027214e-08,0.0019959423,0.8249522,3.3564866e-05,6.825877e-06,2.6332971e-05,8.257749e-07,3.1284522e-09,8.21792e-08,4.936479e-09,4.314616e-07,1.6305301e-05,4.584863e-07,7.195313e-06,1.5607652e-06,0.00014693214,2.8782579e-05,1.5658921e-05,1.0633739e-06,1.8014502e-05,4.2339202e-08,3.748025e-05,4.1611647e-06,0.00013956804,4.713731e-07,2.5893469e-05,0.0003596312,0.00018190603,4.3215752e-07,0.0024280017,2.2244792e-06,8.351241e-07,6.8928017e-07,1.6047396e-06,1.30937005e-05,2.4899155e-06,2.8489261e-05,2.5007406e-05,0.00023349692,3.5355598e-07,4.6480654e-08,0.00017191889,0.00019508749,0.0007209043,1.9950394e-05,3.2331167e-07,9.3980987e-07,1.982911e-05,1.8978826e-05,1.6352078e-05,0.00043254733,3.562573e-06,4.8058894e-07,5.157737e-07,0.000105814506,2.5717314e-05,6.0874254e-06,3.4471707e-06,3.7711322e-06,0.000327708,5.543646e-05,4.3143154e-07,0.0012634583,1.1273951e-05,1.8812204e-06,0.00013367915,8.234523e-05,9.677501e-08,5.9542817e-06,8.39886e-07,4.594326e-07,1.9854547e-06,5.281361e-06,2.1926983e-06,2.666132e-08,0.0003929589,1.4015949e-05,3.0038798e-06,1.1842563e-05,1.8716821e-06,0.00029635747,1.8825074e-07,7.260052e-07,2.8393067e-06,1.5547665e-06,5.395221e-06,6.6926006e-08,3.284173e-06,2.4456585e-05,1.37945635e-05,0.0046455376,1.1121587e-05,2.8712059e-06,1.1366101e-05,1.0636097e-05,5.875766e-07,1.6314197e-06,7.271601e-06,1.6963737e-06,0.0014727967,1.5522535e-05,6.291015e-08,7.06279e-07,2.0889223e-08,4.0711308e-05,1.9653356e-07,2.6400256e-05,1.7781288e-07,0.0012224586,3.6619385e-06,9.2491655e-07,7.287175e-07,2.2000327e-07,0.00038900765,5.684874e-06,2.1472765e-07,1.4906127e-06,9.950615e-06,9.257734e-05,0.00050422514,4.3990717e-08,1.2662764e-06,1.9933498e-07,7.481611e-06,2.6742812e-06,6.1013092e-09,3.7015463e-05,3.1229506e-06,1.8207338e-05,6.5290833e-06,1.2249761e-05,4.8955753e-06,0.00014117289,2.3530169e-05,2.9793366e-05,1.5392401e-06,1.9887698e-07,7.968578e-05,3.2639107e-07,2.2651861e-06,3.5120863e-07,3.9942022e-11,9.7961616e-05,7.444371e-07,7.3220195e-05,6.0089988e-06,8.2848295e-05,2.9359581e-08,3.7193764e-05,6.9971684e-06,7.3454205e-05,1.3433945e-05,3.5337103e-05,6.774983e-05,0.0020957673,4.2525653e-06,0.00017479499,1.7446164e-05,2.0091505e-07,2.134564e-08,6.1076266e-06,1.8275896e-05,4.531034e-06,3.1928805e-06,2.759421e-05,7.80234e-07,3.8922285e-06,1.6526059e-08,2.3088294e-05,7.635438e-08,0.00010890958,2.7905623e-06,4.6275698e-05
BC2026_Train_0055_S22_20220219_200000_050,3.4430883e-10,1.0255574e-07,9.2986216e-11,3.8029938e-07,2.6407315e-06,9.7638106e-11,2.1102709e-08,4.281596e-09,0.00025420196,1.3046628e-07,0.0017866036,1.7756567e-09,1.1266868e-05,3.5692782e-08,3.905806e-09,0.018284617,6.8097904e-08,6.07307e-10,0.31351924,2.4170882e-05,4.6014825e-06,0.00036732157,5.854092e-08,4.0963204e-08,0.00025055412,3.0466663e-07,5.53003e-08,1.2692303e-08,3.9627683e-09,3.0126873e-06,8.719891e-09,1.1334847e-07,2.6471812e-07,1.542924e-08,1.8409482e-08,4.104572e-08,1.1945367e-09,1.273257e-09,3.4364553e-10,1.528393e-08,2.6263299e-08,5.2108456e-10,6.10506e-08,4.27335e-08,7.922551e-08,2.4669545e-08,6.4694627e-06,2.3317513e-07,5.3101785e-09,8.274283e-10,1.1710725e-07,2.7551536e-08,4.644706e-08,4.460579e-09,3.380932e-06,1.9161499e-08,7.040743e-11,0.97943383,3.992945e-07,8.971783e-07,0.99999666,2.4418273e-10,0.00023503564,0.99012697,1.7235809e-06,3.1825093e-05,3.3260337e-06,3.3877114e-07,2.1538764e-11,4.5912047e-09,3.4183763e-12,3.2963898e-10,1.9912979e-07,1.3574434e-07,1.5942526e-07,2.1431971e-07,3.549019e-06,7.0567785e-07,2.4403147e-07,2.0151946e-08,4.8078834e-07,9.2665396e-11,6.592325e-06,4.1928544e-08,4.570959e-06,3.3223027e-09,9.083578e-08,4.823047e-06,1.9724268e-05,3.266674e-09,3.6668447e-05,7.548902e-08,3.1588943e-09,4.0307047e-09,8.1950674e-08,9.331507e-06,7.0266665e-08,6.147222e-06,1.5031105e-07,1.4646997e-06,2.490108e-09,3.3583565e-09,2.2672632e-05,2.2801192e-05,0.00019713408,9.414833e-08,1.9564887e-09,1.1932689e-08,3.1811953e-07,1.4114198e-06,1.2860329e-07,9.978945e-06,5.4154107e-08,3.929658e-09,1.0754902e-08,2.5996621e-06,4.8569825e-07,5.1165006e-08,1.4342132e-08,3.572697e-08,0.00010176522,2.9388123e-06,7.44165e-09,0.00015821189,4.1338135e-06,2.026546e-08,9.243169e-07,5.199809e-06,1.0164446e-09,8.460772e-08,1.07406954e-08,2.3036202e-08,2.716569e-07,2.4952346e-08,1.3222567e-07,2.7224656e-10,5.911947e-06,8.835738e-07,3.298771e-07,9.642057e-07,5.0496727e-08,3.9078495e-06,1.113696e-09,8.49296e-09,9.875754e-08,2.4656844e-08,4.5061213e-07,1.8117942e-09,4.0429562e-08,6.373961e-07,3.6668137e-06,0.0002377044,1.3042362e-07,3.0108845e-07,1.3625328e-07,1.5183072e-06,4.270571e-08,1.2139266e-07,2.1634057e-07,1.15935364e-07,0.00016591896,4.971859e-07,3.15784e-09,2.6911906e-09,1.6318281e-10,5.641766e-05,2.2190056e-09,2.053724e-06,8.404968e-10,0.00010234679,8.1379184e-08,8.832663e-09,5.7507137e-09,7.5936795e-09,9.242718e-06,1.8941826e-07,4.8400475e-09,6.686221e-08,2.5793204e-07,4.7467747e-06,2.3365348e-05,8.2320276e-11,1.4747838e-08,3.2669586e-10,5.405328e-08,4.1443226e-08,3.51851e-11,3.988397e-07,1.1460664e-07,1.8840104e-06,3.10606e-07,7.503066e-07,5.9802666e-08,4.0567984e-06,3.8479725e-06,2.4409868e-05,3.300306e-08,1.4522232e-09,8.9557716e-07,7.2988993e-09,8.7456286e-08,5.1169566e-09,7.814174e-14,4.039587e-06,2.1303908e-08,1.2380266e-06,6.0541545e-08,9.60335e-07,2.3091288e-11,4.000136e-06,4.77994e-08,1.2932725e-06,3.02882e-08,4.8774805e-06,1.2651123e-05,4.7598918e-05,9.1248374e-08,5.7348363e-05,7.3114705e-08,5.0782307e-09,1.3595561e-10,4.53035e-07,5.2475593e-07,1.3896582e-07,1.4337975e-08,5.488592e-07,1.969368e-09,3.7118863e-08,1.1868757e-10,4.3456425e-06,8.603399e-10,4.79444e-07,6.1076804e-08,3.9407646e-06
BC2026_Train_0055_S22_20220219_200000_055,5.1660685e-09,9.113219e-08,2.836187e-09,4.223683e-06,2.5487361e-06,2.5234523e-09,2.88254e-07,8.916998e-08,0.00014592796,1.7638317e-06,0.0018994515,9.898209e-09,0.00023834323,1.1550478e-06,6.11317e-08,0.0005557516,1.0736137e-06,1.07389376e-07,0.006474265,0.00022336633,4.263405e-05,0.0016633724,2.3440325e-06,9.541886e-08,4.875274e-05,1.2558963e-06,7.8736635e-09,2.349073e-08,9.62854e-09,1.5551624e-06,6.2983986e-08,9.715358e-08,1.8556277e-06,1.9417126e-07,4.9996082e-08,8.2453646e-08,2.2663889e-07,8.9381295e-08,8.61475e-09,3.8524303e-07,1.3676375e-07,1.2439052e-08,1.1920949e-06,1.6369069e-07,8.7176227e-07,7.4838846e-07,0.000105417006,2.3537027e-06,1.1872758e-07,2.5005896e-08,1.1470521e-06,7.346613e-07,1.216262e-06,2.3942672e-08,8.739967e-06,4.709335e-08,1.2281844e-09,0.386665,8.149877e-07,4.7021067e-06,0.9997744,8.242138e-09,0.0030722488,0.781623,8.085568e-05,1.8433061e-06,7.4652057e-06,2.9862315e-07,1.1632719e-09,2.9925456e-08,4.8793667e-09,3.9090202e-07,3.678831e-06,1.139524e-07,9.724467e-07,8.0520476e-07,0.00018206637,1.8031122e-05,4.6656285e-05,7.772278e-07,1.4749895e-05,8.337405e-08,6.336579e-05,2.177675e-05,6.451427e-05,2.3496183e-07,9.720176e-05,0.0010038922,0.00015653753,3.565931e-07,0.00078868476,9.1837546e-07,1.2947719e-06,3.733857e-07,1.2805444e-06,8.261757e-06,1.7533482e-06,6.588613e-05,5.2310343e-06,0.00016335765,5.597517e-07,3.6355683e-08,3.7813377e-05,7.475286e-05,0.00022013632,2.4454068e-05,3.508387e-07,3.324615e-07,2.5679648e-05,2.880996e-05,3.6646878e-05,7.596356e-05,2.3176055e-06,4.8392144e-07,1.2181692e-06,0.00021080063,3.1958139e-06,1.4083879e-06,4.8476577e-06,3.299364e-06,0.0001216409,3.0100025e-05,5.2238374e-07,0.0009819729,4.369017e-06,1.7987146e-06,3.0038716e-05,2.3229019e-05,1.4721566e-07,1.896756e-06,5.0889383e-07,1.3392386e-06,9.957013e-06,5.471233e-06,2.7466754e-06,4.4717833e-08,0.00026754785,7.443806e-06,1.3115006e-06,6.298943e-06,5.4436123e-06,0.00055700715,3.5458584e-07,2.4365778e-07,1.7719043e-07,2.6842002e-07,7.199109e-06,2.4635549e-08,2.605239e-06,1.0284265e-05,4.5659766e-05,0.009016431,1.0367544e-05,1.1414387e-06,8.567407e-06,7.953437e-06,1.075078e-06,6.618787e-07,1.7813228e-06,2.0934872e-06,0.002248276,1.1270318e-05,7.014321e-08,8.2516556e-07,2.0604983e-08,2.802949e-05,3.5983263e-07,3.4153e-05,2.0074096e-07,0.0007133057,5.1397296e-06,1.1135023e-06,6.0205923e-07,2.2391494e-07,0.0004081947,1.8276328e-06,1.4825048e-07,1.9959894e-06,7.1800137e-06,4.6063393e-05,0.0009909837,1.7337312e-07,8.181486e-07,1.9599396e-07,1.4789488e-05,4.342055e-06,1.3068927e-08,7.2476955e-06,3.1943362e-06,1.3042181e-05,3.833468e-06,8.779639e-06,7.758298e-06,4.738009e-05,4.707698e-05,5.591734e-05,4.9542464e-06,1.152599e-07,0.00010615399,8.021467e-07,1.6165101e-06,4.4079457e-07,2.1052667e-11,0.000107787455,8.8407626e-07,5.329779e-05,1.0230494e-06,1.11799245e-05,1.4066179e-08,4.8449816e-05,1.3209804e-05,1.7403028e-05,8.9662404e-05,3.916963e-05,3.559289e-05,0.00557623,1.972954e-06,3.921149e-05,2.4447632e-05,1.192505e-07,1.9846558e-08,5.027314e-06,1.441733e-05,2.5416814e-05,2.8289817e-06,4.604271e-05,1.4734628e-07,7.606206e-07,2.3950754e-08,2.4735216e-05,1.6510785e-07,8.102989e-05,1.470044e-06,2.8036224e-05
BC2026_Train_0066_S23_20241124_044002_000,1.5421023e-07,9.500147e-06,2.1542833e-07,2.2995499e-05,2.6102892e-08,1.0662671e-06,1.8496275e-08,1.731489e-07,7.9838946e-07,4.0499017e-06,3.3700576e-06,1.5909917e-07,1.4265278e-08,3.171511e-07,2.701921e-08,1.2246386e-05,1.1377833e-07,4.1973113e-08,2.4122432e-05,3.7046625e-06,3.2527854e-08,1.7150453e-05,2.5321562e-05,4.273126e-07,6.338219e-06,2.31566e-08,3.4236987e-07,1.2770431e-06,2.9540159e-05,1.781589e-05,1.5278677e-06,4.5682436e-06,1.6533078e-05,2.48239e-06,4.334953e-07,6.202435e-05,0.11828251,0.0008052153,2.555731e-07,6.774759e-06,0.0001927028,3.5194256e-07,3.1614582e-07,5.429888e-06,9.584551e-06,1.3172857e-05,0.00013160617,1.9371015e-05,6.948346e-05,0.0001802829,7.973957e-07,5.3018215e-07,3.911116e-07,4.9896477e-07,0.0011402583,2.5726777e-07,0.00021083662,3.9720703e-06,1.0295748e-06,1.6928055e-07,2.1299282e-05,8.4364205e-09,1.5430762e-06,3.779917e-05,0.00036941405,2.4319857e-07,7.6574156e-07,1.0396036e-07,1.7535089e-06,4.1771164e-06,2.629147e-07,6.462551e-11,0.0006614966,1.25681245e-05,0.0008443768,8.5380365e-05,0.00050219434,0.0022457168,4.710613e-05,0.0015745995,3.4880643e-06,4.2565436e-05,3.3464603e-05,1.9643926e-06,9.94604e-05,4.213316e-06,6.444332e-05,0.0002772945,0.00033648877,0.001530665,3.911168e-06,0.00016858474,0.00033345833,0.006058564,0.0013441996,2.981724e-05,2.8623384e-05,0.99950325,0.00011909943,0.0005909348,0.055926137,0.00015075387,1.7866474e-05,4.587384e-05,5.3432188e-05,0.00011421482,2.1696673e-05,6.7389766e-07,0.00011030362,0.000368355,0.00019060641,3.8085887e-05,1.1891506e-06,0.0005139984,1.4277672e-05,0.003115068,6.0188624e-05,0.002159139,0.00014770334,0.0020240855,0.0003341747,0.0008431588,0.00034980607,0.022436446,9.69834e-07,0.00040171552,3.501721e-05,7.7560224e-05,1.5423611e-05,0.00027687894,0.00010174707,1.3577257e-05,0.037998367,0.00038083745,8.937123e-05,1.701694e-05,0.00041120744,0.00042310017,4.3213167e-05,4.7943136e-05,2.568782e-06,0.046575617,1.2381125e-05,0.004273129,1.5290703e-06,1.1045957e-08,0.00011223196,2.1781692e-05,0.020088954,1.7884562e-05,0.00011018147,0.0003414768,0.0003564218,4.1985266e-05,0.006435224,0.00036411142,0.0015332579,0.0006410134,0.00014452256,0.0023221339,0.0079107145,0.00023255465,0.00027306326,0.0048297904,3.5099754e-05,0.001741001,0.0018848125,0.00013742446,4.1513482e-05,0.00039690238,0.0011158851,6.794435e-06,4.6599856e-05,6.3743414e-06,0.0033693335,1.7282377e-05,0.00014152669,0.00012809086,0.000107471446,0.0005290825,0.002019432,9.563187e-06,5.4338834e-05,0.0015576518,0.0019069732,0.001758268,2.4896113e-07,0.00050196645,2.2454053e-06,9.241275e-05,0.0001813273,0.00016812612,6.0922397e-05,0.00032023079,0.0013185436,0.00012727716,8.591565e-05,1.68232e-05,0.0001823247,0.0010719907,1.345732e-05,2.6813987e-06,1.5532296e-06,0.000566126,0.0002854461,0.0007933544,3.3488803e-05,2.4472614e-05,4.9404076e-05,4.1941847e-05,0.0023947149,0.0024766745,0.0010377314,0.00011135442,1.6573413e-05,0.009806436,0.00010081595,0.000380893,3.5198875e-05,2.2860284e-05,8.754031e-05,0.00024015558,3.2126303e-05,0.00091123837,2.1630398e-05,0.26462466,6.1746156e-05,0.00035877578,3.6006886e-06,0.0009265473,0.00027382397,0.00045868658,1.3659467e-05,0.00019242702
BC2026_Train_0066_S23_20241124_044002_005,6.1973974e-06,0.00013279807,9.053151e-06,0.00048085317,1.5954633e-06,1.7561442e-05,1.9023048e-06,2.8002156e-05,9.499205e-06,0.00014005225,0.0001182339,1.31611905e-05,5.966657e-07,2.1571133e-05,1.644778e-06,0.0003418364,6.1309524e-06,2.8749325e-06,0.000254566,4.066409e-05,5.5888077e-06,0.00025094883,0.0007463155,1.6628617e-05,0.00024280857,1.7745406e-06,7.126771e-05,4.7991256e-05,0.000512465,6.587482e-05,2.716439e-05,0.00014748632,0.0002507446,0.00016820485,1.3500628e-05,0.0011497829,0.13297455,0.010434027,2.520969e-05,0.00021990955,0.0027397494,1.7694014e-05,1.6845675e-05,0.00014994074,0.0002996355,0.0003566021,0.0020812626,0.0001871903,0.001769138,0.0056178756,9.507869e-06,7.730196e-06,5.184355e-06,3.2581647e-05,0.02472484,3.6533193e-06,0.0006295174,0.00020632763,1.5757387e-05,2.6142309e-06,7.10255e-05,3.9408704e-07,6.05769e-05,0.0002635839,0.0005984435,9.523015e-06,5.5301713e-05,4.5010843e-06,7.678939e-06,5.1878593e-05,8.726941e-06,5.862283e-08,0.017734414,0.00012881696,0.0031810377,0.00045619762,0.005426493,0.029829076,0.00032343832,0.023776703,0.0001878248,0.00012390169,0.0008311602,2.077764e-05,0.002372124,7.8589575e-05,0.00045036495,0.0013253555,0.004874786,0.004363003,0.00015134152,0.0027635123,0.0013937638,0.008906419,0.0074122767,0.00023532759,0.0003495937,0.9941637,0.0012132879,0.003189051,0.027009338,0.0017057175,0.00036135796,0.0005492891,0.00032185912,0.0007573124,0.00029808885,2.0287685e-05,0.002193288,0.0024381946,0.0028461409,0.00096230564,0.0001094471,0.0030071554,8.423442e-05,0.02463451,0.0012425038,0.0006690896,0.0011607187,0.043001004,0.0041185827,0.012236433,0.001401302,0.039770078,3.4733777e-05,0.0013260653,0.0003662886,0.0018712531,0.00045193636,0.0013794821,0.00039619717,0.00023834482,0.070089616,0.0022517487,0.00016609831,8.421764e-05,0.0014080689,0.008950194,0.001171505,0.0013072602,5.3728185e-05,0.20219052,0.00010192643,0.024632327,3.8730774e-05,1.6976427e-06,0.0024798021,0.0019444745,0.13026029,0.00022346067,0.0003149492,0.0022797738,0.0023745685,0.00072831963,0.011624806,0.008752969,0.0044499445,0.0020763602,0.001323599,0.01028335,0.03530737,0.0035911037,0.004430338,0.10840058,0.0008996204,0.0005728826,0.00073251035,0.0008995574,0.0029136408,0.0009582156,0.006582281,0.00017834695,0.0007248496,0.00014584546,0.012012765,0.00063054083,0.00043702475,0.003493491,0.0025794806,0.00279057,0.0074858153,0.00072564476,0.00091346103,0.005936289,0.0044180364,0.0035606679,1.5229974e-05,0.002997371,8.894214e-05,0.00080634485,0.0019346697,0.0020038902,0.0005950352,0.0034394863,0.003515647,0.001437823,0.0010585503,0.0004738523,0.0015219172,0.0023688031,0.00034114002,0.00017366283,1.6126642e-05,0.0045310357,0.005103378,0.008571007,0.00034616317,0.00043610216,0.00020344443,0.0010861363,0.016017983,0.042470578,0.004365664,0.0019894333,0.0002615756,0.03743749,0.00069421745,0.0004532475,0.00077324524,0.0002636965,0.0007202434,0.0008928073,0.00020956375,0.003042029,0.00014205086,0.3116798,0.00172062,0.0026308256,5.5501096e-05,0.0023676013,0.0026592882,0.009715687,0.0002754353,0.0048930356
BC2026_Train_0066_S23_20241124_044002_010,2.2244644e-06,9.467743e-05,7.760866e-06,0.000421051,3.3434235e-06,4.593009e-05,1.908172e-06,1.3248662e-05,2.2578193e-05,0.00010446785,4.7198257e-05,1.1830044e-05,9.924279e-07,6.281117e-05,7.883389e-06,0.0009176488,1.6683925e-05,1.3102794e-05,0.001012956,0.00023115972,5.8951136e-06,0.0011224883,0.0009976688,4.5368756e-06,0.00014839662,2.0505458e-06,2.4165282e-05,8.244951e-05,0.0015418042,0.00021955653,1.2212739e-05,8.42697e-05,0.00020066198,1.7866969e-05,1.2598377e-05,0.0003372006,0.04568788,0.019339094,1.1923556e-05,5.2752894e-05,0.0038128945,6.0945176e-06,1.0794527e-05,0.00017376055,0.00022532565,0.00019493187,0.004736032,0.00014617808,0.0013473039,0.0067085,2.6550835e-05,1.3691106e-05,1.3604631e-05,4.7345993e-06,0.011324907,7.0158976e-06,0.00032003727,8.482066e-05,0.00018130084,9.323875e-06,0.00033067813,6.107477e-07,8.945983e-05,0.0009486375,0.0045092595,2.0259575e-05,3.6667785e-05,6.899063e-06,3.394376e-05,0.0002004734,3.392766e-06,1.9404335e-07,0.0057097017,0.000121771,0.0034649232,0.00055036764,0.002542003,0.0077299327,0.00060408615,0.009280707,0.00016000848,0.0002472468,0.0005279495,0.00011039064,0.001066452,2.97803e-05,0.0001763455,0.0021011492,0.007012473,0.015094169,7.522711e-05,0.0008801269,0.0040360033,0.011519404,0.013838402,0.0004721019,0.0005451254,0.9981194,0.0022709656,0.012912041,0.041415855,0.0011753433,0.0004428696,0.00040687455,0.00050507754,0.00072785193,0.00036928937,3.0435458e-05,0.0023800342,0.0020980143,0.003994797,0.0011885607,2.8565002e-05,0.0032808539,0.00023311384,0.0077540698,0.0016281031,0.002636768,0.0012859661,0.02259416,0.0029626836,0.004704432,0.001918149,0.084084645,1.6247372e-05,0.0064710975,0.00019679828,0.0017417702,9.862654e-05,0.0024293892,0.0005487007,0.0016241481,0.09853616,0.0024027387,0.00018661628,0.00022113409,0.003405086,0.0036398289,0.0010999951,0.0001964299,0.00011738139,0.06803496,0.00014438455,0.031417422,1.593969e-05,1.7641481e-06,0.0010911355,0.00055600115,0.019690027,0.00046711625,0.0005220989,0.0041711256,0.0014924826,0.00038714602,0.041546524,0.0016663508,0.004290615,0.0025263473,0.00093858456,0.06172774,0.058142867,0.002200273,0.0015874519,0.014614303,0.0005229443,0.0029853485,0.0034159133,0.0004413608,0.0007176374,0.0036874134,0.0057133925,0.0006925067,0.0014280064,0.00016502452,0.13043648,0.000111535825,0.00064761826,0.00081095897,0.0017248556,0.009753654,0.0053655524,0.00040976706,0.0033678063,0.0051749926,0.013549167,0.006725069,1.744297e-05,0.0029042552,0.00014838275,0.00053868967,0.0012873282,0.0013356413,0.0005879948,0.0030363465,0.0048972797,0.0014829597,0.00088584877,0.0003975561,0.003469368,0.0072782543,0.0004048283,0.00011650511,2.7551661e-05,0.0011007221,0.00096045487,0.0042653168,0.00017043766,0.00028617936,0.0004684401,0.0013158728,0.011011763,0.0798303,0.009088777,0.0017514128,0.00028136317,0.061719395,0.00089577347,0.0022732313,0.0003324451,0.00014751207,0.0007546458,0.0015559122,0.0007029705,0.0069032037,0.0002914484,0.40539932,0.0027650623,0.0043595973,0.00016920685,0.0037316526,0.0017507941,0.010394978,0.00013247746,0.004978822
BC2026_Train_0066_S23_20241124_044002_015,7.2152835e-07,0.00011530067,1.3125442e-06,0.00023806618,8.2519466e-07,1.2850641e-05,6.446796e-07,3.294148e-06,1.8214649e-05,7.402808e-05,5.4781864e-05,4.5304546e-06,4.1075128e-07,4.000471e-05,1.7434853e-06,0.0004225669,4.3110645e-06,6.4579053e-06,0.00019580554,0.00010866279,1.901824e-06,0.0010020632,0.000624041,7.154634e-06,0.00026489014,8.100123e-07,3.3092787e-05,2.7556183e-05,0.0031326222,9.858329e-05,7.9102365e-06,0.0001047019,0.00019201117,4.2007334e-05,1.392518e-05,0.0006862313,0.05074975,0.10864054,1.622605e-05,0.00011059229,0.03656414,1.2301517e-05,8.923989e-06,0.00035321407,0.00039633882,0.00027411757,0.035660714,0.00022199006,0.0036252232,0.055413555,2.395337e-05,8.592717e-06,7.691267e-06,1.0360191e-05,0.10589927,2.585147e-06,0.00021542459,0.00012483893,4.1162122e-05,2.8802233e-06,0.00012186288,3.2918135e-07,8.039162e-05,0.0002949923,0.0010112604,8.175542e-06,2.1242788e-05,2.5448473e-06,1.0926196e-05,5.0348564e-05,1.8820458e-06,7.7916795e-08,0.003486899,4.6909783e-05,0.0025615771,0.00017480066,0.0023521394,0.0068293735,0.00034163406,0.0050228224,0.00014600855,6.807247e-05,0.0004871308,3.5853573e-05,0.00060144055,9.630518e-06,0.00015371093,0.0007450745,0.0053952215,0.008638206,4.0883544e-05,0.00032450637,0.0010565378,0.0068305735,0.005018704,0.00019921863,0.0005719902,0.9992275,0.0011073226,0.0074339686,0.06934144,0.0007074087,0.00043793622,0.00021256322,0.00032490384,0.00050679577,0.0003482271,9.365814e-06,0.0011967933,0.0010608268,0.0045812908,0.0008526877,1.8491834e-05,0.0014430671,5.7906487e-05,0.0017128877,0.0005750914,0.00037471202,0.00065699866,0.017471397,0.0041440865,0.0037954545,0.00083320256,0.055383798,1.4359081e-05,0.0026570447,9.356291e-05,0.0012911907,6.452098e-05,0.0012567862,0.0004553604,0.00076546735,0.023722917,0.0011963346,8.3100145e-05,2.5773099e-05,0.002774891,0.0022311362,0.0010856744,0.00011770833,4.73847e-05,0.081928805,6.5905355e-05,0.013858623,4.1378053e-06,1.0300944e-06,0.00046454172,0.00045686497,0.013030262,0.000123724,0.00020588368,0.0043656095,0.00189053,0.00022794526,0.008646033,0.0009816707,0.0020779388,0.00072826515,0.0005425171,0.037856832,0.059591006,0.00093442516,0.0010100473,0.011680165,0.00018030508,0.0009647116,0.0019920138,0.00015303529,0.000195177,0.001469769,0.0021273508,0.00020759272,0.0006999506,6.8973626e-05,0.07435846,7.120107e-05,0.00012158141,0.00060360064,0.0010739951,0.007888685,0.0038764093,0.0005554055,0.001662895,0.0059794546,0.0072522135,0.0018748546,1.6504973e-05,0.0021530604,5.7763915e-05,0.00042257874,0.001981321,0.0011468476,0.00050527597,0.0011761553,0.0047839275,0.00056322233,0.00070040603,0.000116051735,0.001577951,0.0018656478,0.00013711385,7.705229e-05,9.106604e-06,0.000578431,0.00165829,0.0032486552,7.610197e-05,0.0001336826,0.00018659137,0.0004639222,0.006521057,0.06911594,0.002983077,0.0009251309,8.202015e-05,0.06448663,0.00014095026,0.00044085333,0.00020479942,7.0508904e-05,0.00025547465,0.0011089351,0.00024153752,0.0038988183,7.360629e-05,0.34196404,0.0011546545,0.0009364081,9.9841636e-05,0.0040001413,0.0007626238,0.007537012,5.838244e-05,0.00458864
BC2026_Train_0066_S23_20241124_044002_020,2.6096973e-07,7.8748846e-05,9.397414e-06,0.007369537,1.0960885e-06,3.3926226e-05,2.216982e-06,6.0168095e-06,2.0741765e-05,0.00013574207,0.00030810531,1.0853034e-05,3.7563547e-07,1.575943e-05,8.607331e-06,0.0077366764,2.9051782e-06,5.4385423e-06,0.0005544564,0.00020555826,2.8708635e-06,0.0022022906,0.00028385333,2.366957e-05,0.00017976265,5.525423e-07,5.7445963e-05,7.243247e-05,0.0048176795,0.00015597418,1.30394565e-05,0.00027341413,0.00019661935,1.4400773e-05,8.2319175e-06,0.0010479784,0.09047659,0.009081201,1.9915778e-05,2.8765267e-05,0.0022904496,4.8573065e-06,2.5781163e-05,0.00062244287,0.00029718564,0.00054209324,0.0021141577,0.00022486529,0.0042991755,0.004230412,9.651832e-06,6.7414517e-06,5.0723224e-06,9.880999e-06,0.023261733,4.7441813e-06,0.00017905646,0.00029778606,6.0012044e-05,2.423221e-06,0.00072030106,2.0318008e-07,8.1722625e-05,0.00091509346,0.034084942,1.15747325e-05,8.234924e-05,6.4132005e-06,5.6786805e-05,0.0002101955,1.1815473e-06,4.9870646e-08,0.0009855898,0.0004707717,0.0015119798,0.000100977115,0.00036506186,0.0027229914,8.598377e-05,0.03182008,9.693351e-05,3.6269234e-05,0.00084387936,1.3460593e-05,0.001013786,7.449424e-06,4.196033e-05,0.0006444695,0.0022002764,0.004403492,5.8774986e-05,0.00041396136,0.0011844464,0.18298584,0.010739594,0.00014938673,0.0003543652,0.9890554,0.00084711483,0.012618501,0.009413545,0.00018068698,0.00025029987,0.0002037428,0.00016287193,0.00044240084,3.5563065e-05,2.7354288e-05,0.0004642679,0.00021748034,0.00034494145,0.0008038427,1.0539136e-05,0.00041465968,9.6539436e-05,0.0025815337,0.0006933781,0.0016062106,0.00037976413,0.026436973,0.0018295585,0.0021137542,0.00016932224,0.03034308,1.8609726e-05,0.003905808,0.000108775064,0.0007695565,1.3016621e-05,0.000647613,0.0004300681,0.00064688077,0.43609226,0.0007163658,3.8774608e-05,1.17145455e-05,0.0009758115,0.0009417942,0.0004931089,9.5146424e-05,1.2041702e-05,0.041402552,2.535104e-05,0.003056522,1.6504926e-05,1.1540108e-06,0.000221941,0.0004441591,0.05618981,9.094017e-05,7.129374e-05,0.0009712989,0.00091722916,0.00035044312,0.014492984,0.0002891548,0.0004452377,0.00064579945,0.00036184315,0.029163146,0.019053737,0.00031668227,0.0010764587,0.0014992993,0.00018177391,0.00059099257,0.00037968467,0.00021303294,0.000131391,0.0009284768,0.0013786803,0.0004507313,0.00021237724,1.590786e-05,0.055755846,2.8489509e-05,0.00010220245,0.0003493663,0.0008878011,0.023465745,0.001992048,0.00019451264,0.0037193084,0.0021843682,0.0033749086,0.0015198977,5.689701e-06,0.001740296,2.8641543e-05,0.00018678844,0.0016761826,0.0025118373,0.00061176287,0.001945041,0.0005841378,0.000121181525,0.000163434,4.251902e-05,0.002073861,0.0041488335,8.538802e-05,2.1091955e-05,2.0600776e-06,0.00016226366,0.0011291793,0.002248509,0.0003175009,0.0002866974,8.675722e-05,0.0002705751,0.0023812922,0.041279215,0.008810979,0.0009794212,9.503834e-05,0.02552361,9.743357e-05,0.00031798135,3.1505697e-05,6.9963375e-05,8.012009e-05,0.00035415465,0.00018235287,0.0006697339,0.00011918202,0.7482537,0.0011780838,0.0032643215,9.378462e-05,0.0013969471,0.0010612098,0.0062632896,0.00010251596,0.0024405655
BC2026_Train_0066_S23_20241124_044002_025,1.3082136e-07,7.836574e-05,2.219885e-06,0.0008928984,7.133088e-08,4.030648e-06,4.541242e-07,1.8209032e-06,5.1742195e-06,1.5508671e-05,4.4242068e-05,4.443917e-06,9.106217e-08,1.7485773e-06,2.6051666e-07,0.00076332357,1.7434773e-07,1.0363296e-06,4.5979257e-05,2.093944e-05,2.1025518e-07,9.048681e-05,9.691087e-05,6.7439664e-06,6.9701135e-05,9.314504e-08,2.147151e-05,2.9730045e-05,0.0072688377,3.1038122e-05,5.0857298e-06,0.00024294686,4.5446905e-05,5.6769913e-05,2.0639338e-06,0.0028854185,0.58568203,0.0028352637,1.5992243e-06,8.144783e-05,0.00012379634,1.003393e-06,4.2486254e-06,0.00016753832,0.00010551968,0.00016313102,0.00020131585,0.000107422165,0.0005163375,0.0003122167,1.1371731e-06,1.3142087e-06,9.2406134e-07,1.575685e-06,0.01705083,9.745969e-07,0.00030408113,3.933857e-05,1.3889224e-05,2.4196783e-07,4.8941954e-05,5.5029993e-08,1.0637193e-05,3.789095e-05,0.0018682984,3.948461e-06,1.6954722e-05,5.982993e-07,5.148015e-06,3.0129522e-05,1.4490829e-06,7.3881905e-09,0.000654096,3.8344635e-05,0.023805303,9.466045e-05,0.00016531967,0.0044769663,1.3652707e-05,0.020008346,4.3599364e-05,8.976585e-06,5.7108846e-05,1.9459408e-06,0.0020747257,9.476891e-06,9.830176e-05,0.00086701557,0.0017012869,0.00084920076,4.344692e-05,0.00069407886,0.0004423953,0.08324215,0.007169988,3.1748856e-05,4.1635987e-05,0.98438466,6.873586e-05,0.0017079471,0.09356457,2.9558416e-05,0.00016320166,0.00016031926,4.924035e-05,0.00023818172,4.504365e-05,6.8847876e-06,0.00020738579,0.00026041103,0.00028622357,0.00060074247,3.23537e-05,0.00067268516,1.0760055e-05,0.005590808,0.00028060342,0.0002878241,8.331526e-05,0.0029702121,0.0022137614,0.0019638846,0.00014571674,0.0120298285,2.752133e-05,0.00024600126,3.3445813e-05,0.0014052184,1.0539859e-05,0.00067397946,0.00059160177,7.450428e-05,0.053300146,0.00017658141,1.5352276e-05,6.0162065e-06,0.0014521448,0.0011116735,0.00053500995,4.3598036e-05,6.2398835e-06,0.097317636,3.4573994e-05,0.0023256408,7.92589e-06,1.1571267e-07,0.00037717776,0.00018652323,0.037959397,2.5640495e-05,5.764318e-05,0.0002556301,0.0007631923,0.0007726428,0.013206977,0.00061555457,0.00029658162,0.00019586623,0.00023522867,0.0063243867,0.021750214,0.00020406106,0.0007471299,0.0013125901,6.486169e-05,0.0001225545,0.00019586642,0.0004338721,0.00013927105,0.0014531638,0.00044254423,4.189895e-05,0.00028415196,1.6742357e-05,0.0021217212,1.955686e-05,3.8999373e-05,0.00030772222,0.0021124552,0.039441403,0.004501415,9.6274394e-05,0.00060193747,0.001440877,0.0016291304,0.0021379294,3.1854986e-06,0.0008169234,1.1074531e-05,0.00018791742,0.0014553388,0.00016913893,6.654395e-05,0.00082439807,0.0008518586,0.0001652697,0.00011834015,2.4309444e-05,0.00029765719,0.0007191737,9.34707e-05,3.6020144e-06,8.8104696e-07,0.0006902,0.0016898746,0.0005824688,0.00015416156,0.00022675887,4.154164e-05,0.00014403375,0.0017049115,0.011261968,0.00539602,0.00063859834,0.0001043425,0.044445716,7.7663906e-05,0.000104797204,4.2382675e-05,4.5623157e-05,2.5404936e-05,0.00021533505,2.3002209e-05,0.00021999303,2.8408658e-05,0.9358278,0.000738145,0.006078499,1.3650807e-05,0.0003782057,0.0002330265,0.0027399345,0.00017259344,0.0022651851
BC2026_Train_0066_S23_20241124_044002_030,5.7977763e-07,0.0012976669,1.5200704e-06,0.00071610644,2.7709012e-07,9.93191e-06,9.497135e-07,3.8868943e-06,1.6614476e-05,0.00039311833,0.00040679873,1.6004196e-05,4.32666e-07,5.710799e-06,4.772994e-07,0.00046242258,1.4915953e-06,2.2436284e-06,0.00013588076,3.9330844e-05,6.007751e-07,0.0004482722,0.00016259681,0.00011876,0.000124845,1.3646955e-07,0.000120746656,2.9460403e-05,0.012758959,0.00010241513,7.00123e-05,0.0006418622,0.0002447258,0.013283672,4.2788986e-05,0.089372724,0.057525534,0.06657264,4.5676836e-05,0.020986235,0.0146090025,1.312493e-05,3.9640556e-05,0.0043723616,0.0005247556,0.00035448367,0.005918151,0.00013282872,0.003294844,0.01794503,1.663128e-05,9.183631e-06,8.3965415e-06,8.452337e-05,0.79357916,4.9153923e-06,0.0019119723,0.00016927447,1.383315e-05,1.4570983e-06,0.0002342095,6.377974e-07,2.7120746e-05,0.00011215771,0.0011134694,0.00012236906,1.0808135e-05,1.7369019e-06,4.349154e-06,3.813881e-05,2.1234898e-06,2.3099911e-08,0.0005260773,7.7934994e-05,0.11586488,0.00020928141,0.00066055765,0.0016424607,4.2862175e-05,0.007467765,0.000104905084,1.8229228e-05,0.0002572126,9.439639e-06,0.0003054587,1.7399245e-05,7.692095e-05,0.00067105464,0.0024310597,0.0019128025,9.02915e-05,0.0003782014,0.00043779032,0.010253818,0.0021627417,0.00022389468,0.00028680402,0.91870993,0.0001373033,0.0039780545,0.016616452,8.017313e-05,0.00016103443,0.00030056847,0.0001737135,0.0002769534,9.9812605e-05,1.581859e-05,0.0006578859,0.0005751786,0.00036628757,0.0006538059,5.3976742e-05,0.0009062099,3.5256788e-05,0.003497622,0.00029009278,0.00035470646,0.0001834451,0.002828137,0.0008843522,0.00063784106,8.398331e-05,0.03144178,2.322078e-05,0.000559528,0.00018687446,0.00086658524,5.031199e-05,0.00039755917,0.0005310858,0.00015538321,0.022834033,0.00037832148,0.0001454989,2.7380804e-05,0.0020656155,0.0008469118,0.000752688,8.532949e-05,1.4933468e-05,0.025029367,5.2889754e-05,0.003648832,1.2818914e-05,6.618787e-07,0.0004178221,0.0003679298,0.012922954,7.193493e-05,0.00011476855,0.0005772675,0.0010763351,0.00012054856,0.00929696,0.00051867263,0.0010105381,0.0001609,0.0002113702,0.0042978325,0.008916017,0.00040897308,0.00046178696,0.00077368016,0.00016444961,0.00012792386,0.0010025215,0.00014740336,9.779212e-05,0.0011001828,0.0008894348,6.0451555e-05,0.00074314635,3.3383163e-05,0.007776937,8.878691e-05,2.7846027e-05,0.00027578798,0.0011460908,0.0067893076,0.003974735,8.432516e-05,0.001118582,0.0017192184,0.003557891,0.0010984777,2.1579714e-05,0.0024092337,4.538025e-05,0.00044789677,0.0003240414,0.0006143106,0.00017788704,0.00039658503,0.0009606202,0.00044306598,0.00029613267,4.8504826e-05,0.002020472,0.0005707853,7.918183e-05,1.8064426e-05,2.8419695e-06,0.00072497287,0.00053452316,0.0007573012,0.00014100713,0.00069578155,0.000112208625,0.00019979675,0.00037292734,0.005305052,0.0017388037,0.00061413704,9.8924465e-05,0.021559596,9.864592e-05,0.0003672617,4.013796e-05,0.0006223803,3.739806e-05,0.00024102545,8.9096815e-05,0.0008068887,5.4969045e-05,0.2903498,0.00030193763,0.0026806658,0.000113028116,0.0014136839,0.00034052785,0.0029255592,8.0068836e-05,0.0010770387
BC2026_Train_0066_S23_20241124_044002_035,2.869531e-07,0.00017709265,4.9096536e-07,0.00023601044,2.6180706e-07,5.051998e-06,5.0360146e-08,1.1568558e-06,1.2625644e-05,4.2346113e-05,0.0001062809,5.372059e-07,1.509562e-07,4.5610436e-06,1.284758e-07,0.0001572009,6.6156696e-07,5.4353876e-07,7.792505e-05,7.835292e-06,2.1467112e-07,0.00019130741,0.00019886243,1.2156126e-05,8.810023e-05,1.1356119e-07,2.8754543e-05,3.3828926e-06,0.0014801655,2.453035e-05,1.2879632e-05,0.00014226163,0.00034754223,0.00013987206,1.4739038e-05,0.0078086406,0.12349971,0.018709932,1.629083e-05,0.0001937587,0.0076264953,4.1164017e-06,1.8235742e-06,0.0006935694,0.0011297,0.00073069654,0.005174956,0.00035875558,0.0059607183,0.010778557,2.7449e-06,1.1473956e-06,1.0999221e-06,8.101042e-06,0.33851233,4.424122e-07,0.0008977785,0.00011674577,4.5474058e-06,2.3364547e-07,7.4818396e-05,7.123367e-08,1.7848968e-05,0.000119744414,0.00084864534,6.660733e-06,4.6329665e-06,2.876134e-07,8.680812e-07,1.6287086e-05,1.3095921e-06,1.9949713e-08,0.00044537566,1.5161212e-05,0.0025377763,5.9969192e-05,0.00088795467,0.00480234,3.4103334e-05,0.0033560633,0.00017312978,6.635221e-05,0.00016974335,3.2750559e-06,0.00044654027,1.2164684e-05,7.3986164e-05,0.0009001434,0.0010569703,0.001461041,3.1985895e-05,9.2410904e-05,0.0013324699,0.007045531,0.0010077222,0.00017540222,0.00033360618,0.99722785,0.00021734249,0.0020007533,0.017882507,0.00021912946,0.000100628655,4.4322474e-05,4.3087086e-05,0.00016928882,6.0807015e-05,3.225493e-06,0.0003230408,0.0001292884,0.00022031649,0.00038954982,4.992446e-06,0.00056135404,5.5215027e-05,0.0018835445,0.00028591373,0.00012944998,0.00018461919,0.0056200684,0.0027386267,0.0007387706,6.1248786e-05,0.03127555,3.3842255e-06,0.0011965026,0.00020280395,0.000561242,6.268999e-05,0.00012655734,0.0001559889,0.00010162343,0.009930092,0.00039892815,5.0381175e-05,2.9121742e-05,0.00046294942,0.0014944958,0.00096468773,7.749035e-05,1.2761696e-05,0.02861754,3.002311e-05,0.004953948,1.2331201e-06,1.02899605e-07,0.00016259789,9.98803e-05,0.027281094,7.783903e-05,0.00029142477,0.0015753869,0.00153221,4.6805708e-05,0.0054648668,0.0011441915,0.00063863304,0.00036556108,0.0002037871,0.006637358,0.007486974,0.00081801036,0.00029444465,0.0036917268,3.568986e-05,0.00019243565,0.000275413,0.00021193748,6.72209e-05,0.0010042159,0.00091056386,5.0086324e-05,8.194448e-05,1.3255814e-05,0.008253386,2.611851e-05,7.6824486e-05,0.00022499182,0.0005717809,0.0008017886,0.005249518,4.4051318e-05,0.00034066165,0.0012262668,0.002231597,0.00055856566,4.376394e-06,0.00063016865,8.671685e-05,9.942835e-05,0.0013857716,0.0024783101,0.00014614088,0.0005959501,0.0016636819,0.00023290234,0.00024810468,1.8934084e-05,0.0006448818,0.0013088307,7.501643e-05,1.8596951e-05,5.01225e-07,0.00166592,0.0011184835,0.00121809,0.00010948405,4.1920575e-05,0.000116206655,0.00015903772,0.0014120075,0.009118625,0.0006406726,0.00077843526,3.989624e-05,0.00992669,6.5879656e-05,0.00027648907,6.7277404e-05,0.0001612274,3.5859317e-05,9.906135e-05,5.9236667e-05,0.0029312116,5.3068696e-05,0.28788877,0.00033953006,0.0013650866,3.0651e-05,0.0011145986,0.00037600021,0.0028646023,8.838834e-05,0.0010104986
BC2026_Train_0066_S23_20241124_044002_040,2.3927382e-07,0.00020109522,7.6416217e-07,0.00031417873,1.5412878e-07,8.765634e-06,1.3828668e-07,1.5095621e-06,1.3430871e-05,3.844661e-05,9.244254e-05,1.6833558e-06,1.632861e-07,4.881031e-06,1.670657e-07,0.00042164966,9.701079e-07,9.281701e-07,0.00010293787,2.5326537e-05,2.0439765e-07,0.00025302244,0.00028684753,7.801873e-06,6.991469e-05,6.957611e-08,1.5300828e-05,1.1961038e-05,0.008479248,5.035543e-05,7.980309e-06,0.00040985338,0.00016904075,8.7299966e-05,9.982238e-06,0.016941663,0.08798373,0.07561412,7.1508075e-06,0.00012872892,0.007926647,2.413972e-06,2.4917163e-06,0.0031948632,0.0003671063,0.00035049955,0.008776313,0.00020754266,0.0057801176,0.021133238,3.0485342e-06,9.665811e-07,1.2170742e-06,7.076982e-06,0.2676036,9.237873e-07,0.00081918156,8.3827676e-05,1.1362449e-05,3.044819e-07,6.763461e-05,2.387876e-07,2.6584534e-05,9.5927724e-05,0.0010876998,7.2728844e-06,1.0155198e-05,7.793327e-07,1.2702593e-06,2.898056e-05,4.6961193e-07,1.7681243e-08,0.0006093979,1.4486821e-05,0.0035060865,7.5912074e-05,0.0008525914,0.0021622798,2.9294462e-05,0.008199678,9.194005e-05,1.7670709e-05,8.98448e-05,5.2228097e-06,0.000291591,6.2304284e-06,4.482734e-05,0.0009508872,0.0029701076,0.0019506838,4.258557e-05,0.00025716846,0.00087203475,0.008156326,0.0017680159,0.00020782919,0.00025293248,0.99803203,0.00030078492,0.0034865395,0.015850069,0.00019714008,0.00015338942,4.415781e-05,5.8593163e-05,0.0003017635,5.6127883e-05,6.6301545e-06,0.00044494984,0.00028628935,0.00045934314,0.0009183663,2.0622656e-05,0.00036800257,2.8553128e-05,0.0019303407,0.00018731921,0.00012155557,0.000145092,0.0050447844,0.0016255017,0.0009835028,0.00010836323,0.033050902,3.1199495e-06,0.00073052285,0.00016620383,0.00071496115,3.9362436e-05,0.00040373259,0.00014779222,0.00023851078,0.016328743,0.0001976854,3.8506383e-05,1.4730367e-05,0.0004051827,0.0017599637,0.0005959822,3.3420685e-05,1.5391037e-05,0.027353344,1.6692824e-05,0.0064488635,2.8483812e-06,2.6132213e-07,0.00023355747,0.00019646248,0.049083706,0.00014393656,0.00010223325,0.00066753203,0.0015850662,6.803392e-05,0.0095438,0.0005487624,0.0010344416,0.00023544383,0.00019279211,0.009215616,0.0048088967,0.0005579678,0.0005314142,0.0031291086,9.796788e-05,0.00027102308,0.0006077778,0.00010531,7.929396e-05,0.001606225,0.00063367386,4.126151e-05,0.00027252306,1.0997911e-05,0.01913423,3.1777057e-05,4.651266e-05,0.00013984233,0.0005953948,0.002898598,0.0022601332,3.2661937e-05,0.00056082837,0.0020900904,0.0031202089,0.0015391769,3.798988e-06,0.0014047046,6.765325e-05,0.00018335172,0.00057910563,0.0011943835,0.00012834405,0.00062360376,0.0018770242,0.00046674217,0.00016053939,5.6515935e-05,0.0008302725,0.0007823302,6.73448e-05,2.4134051e-05,5.528854e-07,0.0008419878,0.00047389203,0.0011529323,5.7760502e-05,0.00013563882,4.546567e-05,0.00017389696,0.0015828544,0.010535331,0.0016064056,0.0010766916,5.936221e-05,0.008789015,7.9278616e-05,0.00020174321,5.391146e-05,0.00013704773,2.8845288e-05,0.00017731245,7.2837596e-05,0.0012108699,2.82787e-05,0.44913018,0.00045931357,0.0026258903,3.2909218e-05,0.001275068,0.00027828952,0.0027326294,7.386991e-05,0.001241403
BC2026_Train_0066_S23_20241124_044002_045,7.630154e-08,0.00022058217,5.2087745e-07,0.00036836587,5.7655217e-08,4.1550265e-06,1.1907434e-07,1.9439356e-06,8.087494e-06,7.9497164e-05,5.1478135e-05,1.8914651e-06,1.0526449e-07,1.5476774e-06,1.0261366e-07,0.00034391158,1.9738353e-07,7.7267816e-07,0.0001055831,1.3128134e-05,7.713179e-08,0.0002645209,3.4914738e-05,6.1286255e-06,4.9400922e-05,2.7110374e-08,1.8850755e-05,2.3116736e-05,0.0022236935,2.1898768e-05,1.3363935e-05,0.00032923365,8.536587e-05,0.00015203781,6.034485e-06,0.004074721,0.66484606,0.010431463,6.483273e-06,0.00027349836,0.00057558,3.6329388e-06,3.7096825e-06,0.00072930485,0.00010512237,0.00012040887,0.00035499397,0.00017544336,0.0019041662,0.0014044638,4.193645e-06,1.7460196e-06,1.7564577e-06,4.51908e-06,0.05540024,8.1626564e-07,0.0008899342,6.1944724e-05,1.3384532e-05,6.801216e-07,0.00011223677,2.7209735e-08,5.16946e-06,3.9096078e-05,0.0009892277,7.0477176e-06,3.833629e-06,2.4600573e-07,1.6799862e-06,3.6213416e-05,5.5885135e-07,2.6681044e-09,0.0004919052,3.512728e-05,0.011838535,3.839612e-05,0.00052712136,0.0016020288,1.1156068e-05,0.004327348,1.535661e-05,1.0828449e-05,0.00013140767,1.6894091e-06,0.0004259327,7.037348e-06,9.914167e-05,0.00063075154,0.0017613843,0.0011802416,3.848788e-05,0.0011064628,0.0004726843,0.022479245,0.0010698085,0.00010267797,0.00010162664,0.99124193,9.9908495e-05,0.0013998075,0.05079969,0.000109248875,8.905545e-05,4.723e-05,4.7337457e-05,0.0001605919,6.656972e-05,3.6463264e-06,0.00013865173,0.00021352281,0.00010159592,0.00041468142,8.284937e-06,0.00031103336,1.8083749e-05,0.0025689136,0.0003022697,0.00019860831,0.0001535381,0.0012291477,0.0035640395,0.002599282,0.00010639913,0.02350838,6.310884e-06,0.00024856615,7.354749e-05,0.00086399546,2.9186827e-05,0.0002611791,0.00017459842,5.787143e-05,0.022837374,0.00015269246,2.209305e-05,8.690705e-06,0.00061273325,0.0017344995,0.0007001077,0.000122022415,8.239371e-06,0.0185375,8.996201e-06,0.002680769,7.4738746e-06,6.939639e-08,0.00010005637,0.00021809892,0.12365108,1.9427833e-05,4.7535046e-05,0.00014483574,0.0010974726,0.00021457959,0.03334284,0.00040656418,0.00085417426,0.00024145783,0.00018666111,0.0030322024,0.0141935535,0.00021308695,0.0005203226,0.0014332858,6.119484e-05,0.00023114208,0.00036941277,6.889506e-05,3.0280686e-05,0.001031911,0.0006996922,3.382759e-05,0.00029878056,6.5207073e-06,0.0049105966,1.1599806e-05,7.649603e-05,0.00018580683,0.00079934864,0.0039306865,0.004738527,3.7170328e-05,0.0008467839,0.0010894004,0.0014815975,0.0021552807,1.3400538e-06,0.0011724718,9.302319e-06,0.0002188912,0.0002451312,0.00036693114,0.00017534419,0.00051542313,0.0012166133,0.00015381593,4.5848697e-05,2.6798834e-05,0.0007201336,0.0003211918,1.6607775e-05,4.170314e-06,3.843813e-07,0.00049393,0.0005202888,0.0009960206,0.00016811506,0.00028882886,3.713323e-05,6.646234e-05,0.0013466963,0.008728786,0.0014117741,0.00033124103,6.514287e-05,0.01895661,4.8622456e-05,0.00030507045,1.6528948e-05,7.307059e-05,3.5023753e-05,8.4034815e-05,4.5693563e-05,0.0006182348,2.2267557e-05,0.81908536,0.0012616894,0.0072115907,9.139841e-06,0.0005550782,0.00045586465,0.0040473547,8.6581924e-05,0.0002644435
BC2026_Train_0066_S23_20241124_044002_050,2.5765866e-07,0.0031396882,5.118317e-07,0.00091914984,2.4012238e-07,9.358154e-06,4.2368123e-07,1.6956864e-06,4.1159296e-05,0.000224269,0.0002503612,2.9054938e-06,4.4877441e-07,9.572813e-06,1.7442689e-07,0.00030956927,1.2116011e-06,5.3760123e-06,0.00010893388,3.6857025e-05,6.0796924e-07,0.00042438283,0.00017369894,3.861291e-05,9.278919e-05,1.1070344e-07,5.5964167e-05,1.74248e-05,0.022406654,6.360008e-05,2.267125e-05,0.0005743886,0.00095249753,0.0013103941,5.8999605e-05,0.06534257,0.037305634,0.45204177,5.1853174e-05,0.002720566,0.16709161,2.2514805e-05,6.8511804e-06,0.0069258814,0.00095304585,0.0009581152,0.13162221,0.000657996,0.07756998,0.28877348,1.3123678e-05,4.5796633e-06,3.9899555e-06,3.947819e-05,0.8936056,1.7712537e-06,0.0007227203,0.00015785114,1.2872216e-05,4.2563528e-07,9.675564e-05,5.1646373e-07,5.1217292e-05,0.0001235712,0.00087957224,3.5277877e-05,6.20753e-06,1.1541362e-06,1.5760728e-06,2.1309155e-05,6.710047e-07,5.366221e-08,0.0006321309,4.689846e-05,0.025622478,0.00011131566,0.0011265884,0.0033680415,4.6132893e-05,0.0019526576,0.00029499366,3.0012976e-05,8.470847e-05,3.7206273e-06,0.0003863939,1.00451325e-05,9.462733e-05,0.000505846,0.002993179,0.0038230813,5.7412337e-05,0.00016246786,0.00033887118,0.0061303973,0.001574089,0.0003213109,0.00028218146,0.99838126,0.00030502887,0.0019261426,0.02668665,0.000334937,0.00030190882,7.293859e-05,0.00013873451,0.00022909154,8.722574e-05,8.519094e-06,0.0007230889,0.00023903324,0.0003599586,0.0004150239,3.4056826e-05,0.0005126988,3.2197644e-05,0.0007891298,0.00017621138,0.00011983351,0.00031194033,0.004136342,0.002134259,0.0008093274,8.482082e-05,0.025137946,7.75309e-06,0.0008156667,0.00019551339,0.00060944405,2.7871372e-05,0.00029580874,0.0005064906,0.00028520342,0.007910618,0.0007892125,0.00010225051,1.3165232e-05,0.0013539392,0.0011376624,0.0008714466,6.407069e-05,3.1740135e-05,0.028199347,3.9804843e-05,0.007476755,4.8543293e-06,5.415514e-07,0.00021510542,0.00030316325,0.008513351,0.00012688746,0.00021035588,0.0005354293,0.0009283557,5.9203463e-05,0.009010383,0.0005409716,0.00064969854,0.00018319844,0.00023461739,0.005582387,0.0075949146,0.00094350695,0.00023317475,0.0027719697,5.7001493e-05,0.0001339834,0.0007976218,4.231693e-05,7.0894086e-05,0.0006036812,0.00093477825,2.968381e-05,0.00030808063,2.3781387e-05,0.00964741,5.9003774e-05,2.3898405e-05,0.00024371778,0.00078312826,0.003558569,0.0027711606,8.770667e-05,0.0011448632,0.0017134586,0.0029933993,0.0006416283,1.3727909e-05,0.0009765867,8.7914e-05,0.00027998182,0.00094863935,0.00060472067,0.00020926424,0.00035641043,0.001912919,0.00035664512,0.00027008334,2.9032593e-05,0.00056020246,0.00050851214,7.944995e-05,6.021423e-05,1.0659987e-06,0.0006847519,0.00036456174,0.00081759813,6.129325e-05,0.0001680402,9.226562e-05,0.00024755107,0.0010284916,0.013199262,0.0017547248,0.0009301246,6.534052e-05,0.008526825,0.00012686386,0.00017618299,5.8006684e-05,0.00024078197,3.724388e-05,0.00027900335,5.2433912e-05,0.0015253164,3.227139e-05,0.18954127,0.00037200624,0.0013002706,5.8137608e-05,0.0013070549,0.00015835525,0.002947589,5.025881e-05,0.0014425493
BC2026_Train_0066_S23_20241124_044002_055,2.2498164e-06,0.0134027125,8.2448827e-07,0.0004792618,2.2563218e-07,5.359018e-06,1.7949193e-07,5.3511326e-06,5.6931472e-05,0.00058671477,0.0014007065,8.6327213e-07,8.0125056e-07,1.4856173e-06,2.1679723e-07,0.00017205942,1.8890587e-06,1.587639e-06,0.0001225787,4.0498326e-06,8.5730113e-07,0.00022175717,6.371159e-05,0.00026925522,7.345119e-05,6.035085e-08,0.00015101444,4.053936e-06,0.0024536604,5.102322e-05,0.0002522815,0.00032346364,0.01119729,0.09125098,0.00016206574,0.136059,0.01079354,0.08505656,0.00021621953,0.080315426,0.019397888,0.00021432072,2.9363688e-05,0.002359242,0.0022549145,0.002794507,0.05548443,0.007319892,0.0042913426,0.0346582,5.5860728e-05,1.1357281e-05,1.6640039e-05,0.00029706612,0.95381683,4.587614e-07,0.004337956,0.0008516601,5.8200413e-07,4.7211404e-07,6.7153625e-05,7.086269e-07,2.1204492e-05,0.00016414006,0.0003959897,3.3666485e-05,1.202569e-06,3.9712108e-07,2.7772268e-07,1.4098879e-05,9.110305e-06,7.2674993e-07,0.00022255127,7.25859e-05,0.047803223,0.0003148039,0.0011941139,0.003558371,9.945101e-05,0.00011514575,0.0011243867,0.00019082079,7.726324e-05,1.23774425e-05,4.7783793e-05,9.551916e-05,0.00015214425,0.00073282904,0.00093967037,0.0005056197,0.00013964393,0.000115792296,0.00020423898,0.0034245423,0.0005714075,0.00017053162,0.00037303826,0.7195367,0.00023805095,0.00082148914,0.010332419,0.00016041621,0.00046777108,0.000115562085,0.00018919933,0.0003712794,0.00041061323,9.164209e-06,0.0004761102,0.00024843655,0.000113212685,0.00010598286,3.3536773e-05,0.0004318692,0.00010911145,0.0013695909,0.00035495593,0.00011532277,0.00033723545,0.004766327,0.00020251064,0.00043765508,0.000120762095,0.0069169803,5.781258e-06,0.00039194373,0.00072577375,0.00017677697,0.00011708938,0.00025691066,0.00014120317,0.00022106938,0.00040642178,0.0023185252,0.00064776704,0.00010609651,0.0024321352,0.0012419104,0.00089145417,0.00018946793,0.00013714576,0.0018736128,7.780557e-05,0.0022933434,1.2596875e-05,2.0521381e-06,0.00037734048,0.00011147766,0.009425425,0.000119903125,0.000312795,0.00022611076,0.0008703566,2.7161539e-05,0.0032045208,0.0006879554,0.0011417989,9.758234e-05,0.00018758088,0.00019581114,0.00057422736,0.0026488937,4.5657063e-05,0.0033344198,0.00017987084,0.0001827147,0.00049293216,0.00010348775,6.9287875e-05,0.0006908712,0.0029346086,1.06842035e-05,8.246201e-05,3.8232465e-05,0.0008539517,0.00011518099,0.0001316146,0.00025348604,0.00044647194,0.0003470302,0.0042576464,7.5287615e-05,0.00045651323,0.0009778994,0.0012111918,0.00041494277,2.752107e-05,0.0006739782,8.608681e-05,0.00028523142,0.0003732394,0.0005895425,0.00013809373,0.000112208625,0.0014262572,0.00036554193,0.0005661834,4.8031692e-05,0.003287597,0.00027878612,0.00016157814,0.00014898076,9.279329e-07,0.0007791306,0.0005983904,0.00059426273,0.00021711693,6.770114e-05,0.00048512276,0.0003262967,0.0008046953,0.0013026295,0.00017195822,0.0007871719,7.5817734e-05,0.0018952874,0.00024413597,0.00015029559,6.918686e-05,0.002439596,2.8216124e-05,0.00027722048,4.013746e-05,0.0004082223,6.167871e-05,0.015853021,0.00015706575,0.00094284496,9.250921e-05,0.004201713,0.00013127417,0.0017701582,5.7412773e-05,0.00067670934
