row_id,1161364,116570,1176823,1491113,1595929,209233,22930,22956,22961,22967,22973,22983,22985,23150,23154,23158,23176,23724,24279,24285,24287,24321,244024,25073,25092,25214,326272,41970,43435,47144,47158son01,47158son02,47158son03,47158son04,47158son05,47158son06,47158son07,47158son08,47158son09,47158son10,47158son11,47158son12,47158son13,47158son14,47158son15,47158son16,47158son17,47158son18,47158son19,47158son20,47158son21,47158son22,47158son23,47158son24,47158son25,476521,516975,517063,555123,555145,555146,64898,65377,65380,66971,67107,67252,70711,738183,74113,74580,760266,ashgre1,astcra1,bafcur1,baffal1,banana,barant1,batbel1,baymac,bbwduc,bcwfin2,bkcdon,bkhpar,blchaw1,blheag1,blttit1,bncfly,bobfly1,brcmar1,brnowl,bucmot4,bucpar,bufpar,bunibi1,burowl,camfli1,chacha1,chbmoc1,chobla1,chvcon1,cibspi1,coffal1,compau,compot1,crbthr1,crebec1,dwatin1,epaori4,eulfly1,fabwre1,fepowl,ficman1,flawar1,fotfly,fusfly1,gilhum1,giwrai1,glteme1,grasal3,greani1,greant1,greela,grekis,grepot1,gretho2,greyel,grfdov1,grhtan1,gycwor1,horscr1,houspa,hyamac1,larela1,lesela1,lesgrf1,limpki,linwoo1,litcuc2,litnig1,mabpar,magant1,magtan2,masgna1,nacnig1,ocecra1,oliwoo1,orbtro3,orwpar,osprey,pabspi1,palhor3,paltan1,phecuc1,picpig2,pirfly1,plasla1,platyr1,plcjay1,pluibi1,purjay1,pvttyr1,ragmac1,rebscy1,recfin1,redjun,relser1,rinkin1,rivwar1,roahaw,rubthr1,rufcac2,rufcas2,rufgna3,rufhor2,rufnig1,ruftho1,ruftof1,rumfly1,ruther1,rutjac1,sabspa1,saffin,saytan1,scadov1,schpar1,scther1,shcfly1,shshaw,shtnig1,sibtan2,smbani,smbtin1,sobcac1,sobtyr1,socfly1,sofspi1,souant1,soulap1,souscr1,spbant3,spispi1,sptnig1,squcuc1,stbwoo2,strcuc1,strher2,strowl1,swthum1,swtman1,tattin1,thlwre1,toctou1,trokin,trsowl,undtin1,varant1,watjac1,wesfie1,wfwduc1,whbant2,whbwar2,whiwoo1,whlspi1,whnjay1,whtdov,whwpic1,y00678,yebcar,yebela1,yecmac,yecpar,yehcar1,yeofly1
BC2026_Train_0007_S09_20250829_000000_000,4.21356e-05,8.250723e-05,5.2008476e-05,4.509385e-05,7.2610146e-07,4.478506e-06,1.2877515e-06,2.5190297e-05,2.0507316e-06,1.8664095e-05,5.2514377e-05,0.00015742995,9.9948875e-06,2.599667e-06,8.72497e-05,1.902335e-05,3.4501429e-07,2.4743822e-06,5.5639837e-05,3.8227434e-05,4.1184214e-07,3.6685866e-05,5.3168438e-05,2.7970716e-05,5.2245392e-05,3.0555373e-06,0.0006882121,3.8864755e-06,4.475058e-05,5.638155e-06,0.00042195123,4.7361747e-05,0.000314752,0.00016769831,4.4116645e-05,0.00016276636,0.040424477,0.0014437084,3.628539e-05,0.000553736,0.00061161566,4.6139052e-05,0.00022464414,4.204188e-05,0.000122027894,0.00011214146,0.0005137643,6.683554e-05,0.00010764161,0.0002189553,0.0001477432,0.00018218273,0.00012928765,9.0785e-05,0.002507714,2.019141e-05,0.03843834,4.0771683e-05,1.5940966e-05,1.2074198e-06,3.3810695e-05,2.7653784e-06,1.8045692e-05,3.3109896e-05,1.526659e-05,0.00010848802,1.9864525e-05,3.9335868e-05,2.5772158e-06,4.676444e-05,0.00013537664,1.0942774e-06,6.0863116e-05,3.2339136e-05,0.000365226,4.6684545e-05,0.0017392508,0.002533473,0.00019216463,0.00036750597,0.000118163116,6.236658e-06,0.0008213569,3.1698633e-05,5.5181285e-05,0.00018246348,3.476463e-05,0.0006511255,0.00015924864,2.9234714e-05,0.00024622792,0.0024882806,0.0005168767,0.0009805934,0.0013239747,0.00028739145,0.0008133518,0.038971134,0.0018635127,0.0018823533,0.00280004,2.7026947e-05,0.00037846682,7.420682e-05,0.0026783617,0.0012915918,0.0010290737,8.474628e-05,0.00047787756,0.005892479,5.467227e-05,0.00065815117,0.00036351054,0.0044430653,2.721482e-05,0.01980663,0.0038166165,0.0015162585,0.00022940604,0.00041492857,5.87747e-05,0.009691364,0.0014063951,0.27684838,2.475357e-06,0.0006331686,0.0001090192,0.0018564139,2.6932546e-05,0.0004269445,0.00034589728,0.00025296648,0.000106890315,5.4278906e-05,0.0005860503,2.7264703e-06,0.0012311912,0.0020668418,8.5096035e-05,9.523048e-05,1.684598e-05,0.0026090762,4.260759e-05,0.0037066187,1.0849319e-05,7.7398585e-07,0.00051058654,9.016958e-05,0.27268475,0.00076240214,1.4314607e-05,8.435404e-05,0.00016775091,0.0014289191,0.004494,0.0028508625,0.0042474135,0.00023452501,0.0026584677,0.00026319316,0.055319473,0.002551513,8.501314e-05,0.00019357883,0.00027495727,0.00012087696,0.0015638974,0.00022311707,0.0004738216,0.0036015199,0.020169128,0.00013891044,0.009029661,0.00012748317,0.010799991,5.261574e-05,6.0511884e-05,0.00017406915,0.00020781235,0.00043683444,0.004137348,0.00016559812,0.0014218093,0.0024849111,0.00020735692,0.00029777215,8.016243e-05,0.0014110288,0.0004053782,0.00036310393,2.9923178e-05,0.00016507583,0.0009240729,0.002870626,0.0040913248,0.00046439824,0.004305925,0.010548433,0.00065685,0.00033600183,0.00015059799,1.0937153e-05,8.093366e-06,0.0007117823,0.0012062042,0.00037870774,0.0004189849,0.0008103062,0.00022912801,0.0032306432,0.0028997282,0.0029397265,0.0055950196,0.0007190282,0.0008830669,0.011314164,0.0018639152,1.4050571e-05,4.4597764e-05,0.00037550894,0.00019626891,0.0005622277,0.00012416355,8.3996994e-05,0.0005836166,0.26962212,0.0006240925,0.006209155,2.0556445e-05,0.0004577924,0.0003148006,0.0019787333,0.00025463544,0.0018661275
BC2026_Train_0007_S09_20250829_000000_005,2.3083493e-07,5.886709e-06,7.20451e-07,8.430712e-07,3.401171e-10,8.691815e-08,1.067114e-09,2.5778255e-07,7.810319e-09,1.6331102e-06,0.00019183311,8.994486e-06,1.3488133e-06,2.5888099e-08,1.0331755e-05,7.705789e-06,3.859538e-08,4.8086513e-09,2.320223e-05,2.1291432e-06,1.0081947e-08,3.1969114e-06,4.1540213e-07,1.0212371e-05,3.4240273e-08,2.2265354e-09,8.514456e-06,4.979337e-06,5.732276e-06,8.917999e-07,2.2292266e-05,1.2253558e-05,6.124651e-05,2.1763195e-05,3.0054728e-06,2.6987364e-05,0.0090981955,5.744288e-06,2.039295e-06,1.1042925e-05,5.1925617e-05,1.4658302e-06,1.4825285e-05,3.9862093e-06,8.473731e-07,7.6518165e-07,3.1828688e-06,8.126948e-06,2.304584e-06,5.945907e-07,3.8764333e-06,3.3972797e-06,3.1974846e-06,3.4673678e-05,4.5401026e-05,1.0531626e-06,0.98066026,5.708679e-05,1.2821968e-08,1.7774018e-09,2.037831e-06,1.4257832e-07,3.1345812e-06,2.6967139e-06,6.7385336e-08,2.3940606e-06,6.4125436e-07,1.3684888e-08,1.8401379e-07,6.392083e-07,1.0881085e-06,3.6414098e-09,3.817312e-05,2.0055202e-08,1.3480108e-05,5.8026602e-05,0.00018724386,0.00012060445,8.85705e-05,2.6411371e-06,1.7397253e-05,2.8036207e-09,5.6406348e-06,1.9790659e-07,1.3179038e-05,3.6539324e-05,4.6681052e-06,0.00024966942,0.0010946111,1.3780474e-06,2.5436852e-06,0.0034354727,2.78912e-06,1.697378e-05,7.926253e-06,2.651588e-07,3.6355175e-06,0.010952034,0.00013974277,0.00015148357,5.593408e-05,5.5232213e-08,2.6359325e-05,5.910667e-06,1.7394565e-05,2.3998458e-05,3.0145295e-06,1.7751536e-07,0.0004487626,0.00085014023,1.1776645e-05,1.4766684e-05,8.646238e-06,0.00048093864,3.1560026e-07,0.006565676,1.0469645e-05,2.328883e-06,1.105656e-05,6.618377e-07,2.1473143e-06,0.00017778768,0.00039996658,0.0004916115,3.1562314e-07,3.1395507e-06,3.3053646e-05,0.00012109408,4.864464e-07,0.00018632239,5.87357e-06,5.713363e-05,4.342828e-07,1.282215e-06,6.004073e-07,4.3400554e-09,6.541666e-06,0.00049206766,5.9408676e-06,4.7286117e-06,1.9393879e-06,0.00023670611,9.0036167e-07,0.00012963565,2.7799854e-06,1.5590427e-09,3.87742e-05,6.2907685e-07,0.0035174985,0.00013959919,5.307842e-08,2.4997298e-05,1.5598589e-05,4.0176903e-05,0.00016563112,0.0006224141,2.7927352e-05,2.7348192e-06,0.01570696,1.8321717e-06,0.0049716295,4.2709373e-05,2.210874e-06,4.855175e-05,2.097014e-06,2.115398e-05,1.2529916e-06,4.7563767e-06,8.297796e-05,0.012563132,9.4646915e-05,4.1798743e-05,1.7642622e-05,7.828485e-05,0.00024191225,2.530086e-06,6.478295e-07,9.570991e-07,4.9170852e-05,4.167484e-05,7.871506e-05,2.217754e-06,2.5948373e-05,3.428529e-05,3.9160122e-06,1.3379568e-05,1.4890342e-06,0.00031985945,0.00022039528,5.7422683e-05,2.0554091e-06,4.8002917e-06,7.347499e-06,0.00019654701,8.820858e-05,0.00033693417,9.805227e-06,0.0007522925,5.7649726e-05,2.621971e-06,0.00013591809,2.7881816e-07,8.6899256e-08,0.00049252517,2.3175871e-05,1.6513208e-05,4.858042e-05,0.00022254427,9.10921e-07,0.0031744507,3.5484103e-05,0.0011434201,1.9089899e-05,0.0008743161,7.381104e-05,9.541392e-05,0.00038528873,1.1260358e-05,2.9570372e-05,7.674839e-06,4.3441387e-06,8.8216904e-05,7.241763e-07,3.9686433e-06,8.692217e-05,0.20262325,8.972323e-06,3.9314717e-05,1.130717e-06,6.5532868e-06,2.5391312e-06,1.5235669e-05,2.3497989e-05,0.00034589364
BC2026_Train_0007_S09_20250829_000000_010,1.4926127e-07,7.372564e-06,1.6741245e-07,1.2272528e-06,4.2537313e-10,1.6829689e-07,1.2325588e-09,3.5114567e-07,1.871716e-08,6.879267e-07,0.000101284546,6.4642484e-07,7.2756798e-06,1.4733022e-08,2.150616e-06,6.6951743e-06,4.0467828e-08,2.0773552e-09,1.6217555e-06,5.8394556e-07,3.154872e-09,1.6992624e-06,1.1261669e-06,1.0890687e-06,4.0475467e-08,5.9431915e-10,3.5345718e-07,0.00016246214,2.2077022e-05,4.804881e-06,4.077009e-06,4.510787e-06,3.6386118e-05,3.22114e-06,7.014226e-07,7.4624004e-06,0.004307246,2.3060022e-06,7.4142383e-07,3.577168e-06,4.872074e-06,3.020493e-07,3.624543e-06,2.043284e-06,2.0905134e-07,2.1143994e-07,3.5693781e-06,1.16746405e-05,1.2205776e-06,3.9121082e-07,1.6840285e-06,1.8298284e-06,1.835444e-06,2.96684e-06,1.7132945e-05,9.023158e-08,0.97013175,1.1232067e-05,5.982512e-09,1.7857745e-09,1.0082159e-06,1.7828118e-07,1.448011e-06,2.0360537e-06,6.8641825e-08,9.882401e-07,9.187268e-07,3.1463148e-09,8.8139495e-07,1.2419784e-05,8.209521e-07,1.4618368e-08,6.0094517e-06,2.649927e-07,6.777154e-05,0.0013780607,7.16893e-05,4.9422408e-05,0.00016888721,2.640748e-05,0.000120766126,9.8925845e-09,1.7608385e-06,6.9707073e-07,8.793412e-05,1.7417971e-05,2.6909363e-06,0.00029664242,0.0027907675,2.9450014e-06,4.5704223e-06,0.000906837,0.00011061212,0.0001413744,3.4452416e-05,6.6111915e-07,1.4832899e-06,0.04765365,1.902509e-05,0.0003140425,7.119787e-05,4.0585398e-08,2.7379916e-05,5.452731e-06,2.0493788e-05,7.837057e-06,7.6346e-07,8.7168516e-08,0.00015331061,0.0022122124,1.8432096e-05,3.8092803e-06,8.690323e-06,0.00019933189,3.4558892e-07,0.0012763336,4.19741e-06,9.81546e-07,1.6303093e-05,1.4813066e-06,1.4577219e-05,1.7845461e-05,2.000576e-05,0.002208249,5.522473e-07,1.2497874e-06,2.9317493e-05,0.00010378115,8.7012756e-07,0.0020114647,2.6562258e-05,3.267892e-05,1.3128611e-05,1.972568e-06,6.396217e-07,8.750376e-10,0.00016780067,0.0030067891,5.427351e-06,3.890358e-06,1.7101505e-05,0.0001096647,2.2830883e-07,0.00010296359,7.013463e-06,2.9042098e-09,0.000130024,6.0377613e-07,0.015765024,0.003776599,1.2716164e-07,5.1111176e-05,4.3350694e-05,5.2466527e-05,0.00023703065,0.00043338866,1.34318825e-05,2.385407e-06,0.019398162,5.4026873e-06,0.003975767,0.000118829885,1.8885501e-05,1.9945883e-05,4.370688e-06,0.00020644079,6.263698e-07,3.1520813e-05,7.667094e-05,0.013779415,9.791707e-05,2.3414374e-05,6.7424426e-06,2.5923711e-05,0.00018447348,1.1375537e-06,5.360109e-07,1.1334702e-06,5.1146762e-05,6.188668e-05,0.00024897768,5.994479e-07,2.069192e-05,1.3382019e-05,3.368178e-06,5.342108e-05,3.4464115e-06,0.000113611626,0.0026916259,2.3630439e-05,3.7658529e-06,2.0868967e-05,3.5463224e-06,5.8361347e-05,9.717413e-05,0.00031196827,3.525668e-06,0.00017312303,0.0005171625,5.01916e-06,4.0014856e-05,1.230244e-07,3.728121e-08,0.002315862,5.489435e-05,1.4156059e-05,0.0008024788,1.8920997e-05,6.176357e-06,0.000482717,9.888162e-07,0.0023154083,1.2795488e-05,0.00030785723,6.803333e-05,0.00081511046,0.00031252552,7.714088e-05,3.0575007e-05,1.3742344e-05,7.0027096e-07,7.744426e-05,5.8777e-06,2.9829727e-05,0.00011050122,0.09147461,7.834216e-06,9.084656e-05,3.217883e-05,7.20051e-06,1.1880062e-05,5.7724712e-05,0.00016648363,0.00033373662
BC2026_Train_0007_S09_20250829_000000_015,1.1846591e-06,1.5171149e-05,2.790895e-07,4.6754735e-07,1.9844402e-08,7.598943e-08,4.182358e-06,1.2834298e-06,3.259991e-07,1.2734736e-06,7.090862e-05,7.276182e-07,2.8369436e-06,1.504758e-08,7.12306e-07,3.107642e-05,8.269683e-08,7.9548784e-08,4.7068265e-06,1.6752361e-07,2.0933655e-08,5.3236768e-06,3.2759388e-05,8.517068e-07,2.9896222e-07,9.913437e-09,1.3006542e-06,6.3662577e-07,4.235261e-07,1.8778093e-06,1.6642802e-05,1.7375149e-06,5.482817e-05,5.760631e-05,1.933504e-06,8.438052e-06,0.00033746683,6.44477e-06,3.0541123e-06,0.00014740364,1.3876063e-05,2.0726065e-06,3.9988545e-06,1.0290938e-06,9.574553e-07,1.4319944e-06,1.006095e-05,9.574913e-06,2.2744248e-06,1.2655387e-06,2.6795608e-06,3.4867037e-06,3.6697732e-06,1.1669497e-05,7.1159935e-05,1.7349635e-07,0.7005324,2.0142963e-05,2.2266029e-07,3.4569418e-09,2.1019665e-07,3.3486758e-06,8.44884e-08,2.2668437e-06,1.2102675e-08,4.2329257e-06,4.7380138e-07,5.628589e-09,1.5630324e-06,1.1647021e-06,4.0404866e-05,9.354367e-08,2.7010354e-05,4.7832145e-06,0.006562008,3.379538e-05,0.00037964343,6.720116e-05,0.00018166719,9.636385e-05,9.739948e-05,2.958404e-07,3.9210703e-05,1.4870533e-06,1.719442e-06,6.6465436e-05,9.403842e-06,0.00095797965,7.8676865e-05,9.680639e-06,9.1818605e-05,0.0004443069,1.4639828e-05,0.00023191007,0.00043045118,4.12973e-05,1.31653205e-05,0.010670713,1.7646593e-05,0.0014656439,0.0002873558,2.123744e-07,2.3800649e-05,9.944649e-06,8.903273e-06,3.2612825e-05,2.0651902e-05,1.0535197e-05,0.00037306387,0.0011285996,2.540933e-07,0.0006333044,1.5961792e-05,0.00023669146,4.9773927e-05,6.873534e-05,0.00013004396,0.0018427565,0.00024836694,1.0392261e-05,3.585607e-05,0.00011834354,8.3877814e-05,0.00793326,1.5594246e-07,0.00013670042,5.653485e-05,0.00028443494,2.6074263e-06,0.04157666,2.1721311e-05,0.00036502237,6.0166826e-06,2.2722027e-06,8.220473e-07,2.3785818e-08,0.017625084,0.005192025,2.6040887e-05,1.4287166e-06,3.5792561e-06,2.6096126e-05,2.3662642e-05,0.0003453452,2.4000494e-05,6.662415e-08,0.013491419,2.9245066e-07,0.0012857425,0.0005635386,3.1950596e-05,2.1153455e-05,3.0672025e-05,2.4265828e-05,0.0045896657,0.00012642767,0.00012883551,1.9947372e-06,0.00027784496,1.4644325e-05,0.0006618728,3.4526583e-05,5.9169897e-06,7.0825795e-06,1.4182851e-06,0.00015548564,0.00021752989,0.000122771,4.065311e-05,0.012008091,0.00036202188,3.7745574e-06,0.0001262407,0.0001700111,0.010315532,3.529194e-05,5.5976987e-05,2.6285331e-06,0.000101295846,4.4615805e-05,0.000113968614,4.0045416e-07,0.00018685042,0.0008230111,2.0134034e-05,7.0827814e-06,3.5673696e-05,0.00021639006,0.0014441244,0.00040227617,1.3397393e-05,0.0010299835,2.219834e-06,0.00013940778,0.0003172416,0.004295933,1.2194141e-05,0.00015218706,0.0021394305,0.00014629327,1.9435207e-05,1.1111991e-06,1.5494273e-07,0.0029239252,8.895021e-05,3.6548598e-05,0.00073138555,0.000114532726,0.0008940967,0.0001263874,6.4121973e-06,9.723413e-06,0.00016546034,0.0017947024,0.00013444835,6.706711e-05,0.00089512346,0.00013355022,2.6741232e-06,0.00013669729,2.710177e-05,0.0007951368,2.2404583e-05,6.1083547e-06,0.0010138728,0.032098603,0.00013849555,0.00040586657,3.711857e-05,3.913614e-05,7.477607e-07,4.8622085e-05,0.00036355696,0.0002453213
BC2026_Train_0007_S09_20250829_000000_035,2.671982e-06,0.0002660222,7.669673e-07,3.1404878e-05,1.8678241e-09,9.9027645e-08,1.4273394e-07,3.08412e-07,1.3991263e-07,5.106338e-05,0.0049265786,7.143127e-06,3.0028286e-06,6.829301e-08,2.284104e-06,9.901563e-06,1.4949912e-08,1.834341e-08,2.0698651e-05,7.455806e-06,2.0339073e-08,0.00018221053,3.1015836e-06,0.00079622027,2.8782603e-07,2.7283528e-08,0.00022569699,4.8682745e-07,1.5814193e-06,9.3779454e-07,0.0071124425,6.3933556e-05,0.0026576815,0.008497387,0.0002607313,0.0004936144,0.14244872,0.0011797065,0.00027090113,0.0030283863,0.019684179,0.00017354447,0.004190941,3.376114e-05,2.1924869e-05,2.0927482e-05,0.00037559523,0.00013725841,7.137933e-05,8.362122e-05,0.0007344165,0.00054627046,0.0006084139,0.00801715,0.009154576,7.063134e-07,0.9532731,0.00039104503,4.3922137e-07,1.4161394e-08,1.843227e-05,3.3167012e-07,4.7997696e-07,2.8727836e-06,1.935488e-07,0.00026048158,1.0906558e-06,1.2455192e-06,2.5364952e-07,1.8156319e-06,1.5754757e-05,1.2676192e-08,2.9396394e-06,1.362998e-07,0.0019027131,1.5776046e-05,6.733318e-05,5.8634356e-05,5.9641323e-05,7.4902573e-06,1.0247963e-05,6.7847814e-08,1.9917183e-05,3.1657996e-07,4.00149e-06,2.227049e-05,6.48777e-06,7.693196e-05,0.00017990873,7.98394e-07,1.8423169e-05,0.00018093231,6.2683393e-06,3.6649082e-05,1.4688258e-05,5.627319e-07,1.3899706e-05,0.015475513,3.3315868e-05,0.00025875456,0.0010728013,1.7875637e-07,1.1711663e-05,1.7448228e-05,4.116746e-05,3.3506054e-05,9.804599e-06,1.970872e-06,0.00019119361,0.0033384995,1.4266948e-05,0.00022088943,1.621768e-05,0.0005332052,1.3367999e-07,0.01846717,0.00016016493,3.5307563e-05,4.676661e-06,1.6539861e-06,8.165092e-06,0.00023346106,5.8433572e-05,0.00019570361,5.86249e-07,2.0798159e-06,3.4554682e-06,0.0001047858,2.100462e-05,2.3405444e-05,7.258156e-07,4.2777315e-06,1.8594258e-06,2.1011517e-06,7.114023e-06,3.4252214e-09,2.5207697e-05,0.0004721599,7.2600014e-06,1.7019423e-05,6.950985e-07,0.00013787493,2.16563e-06,6.6089e-05,4.050798e-06,2.7228996e-08,0.00016718962,4.1389303e-06,0.0036390924,0.00023483942,9.800993e-08,9.996775e-07,1.0179661e-05,7.32837e-05,0.000113605776,2.8470686e-05,3.960424e-05,8.02994e-06,0.00016263666,1.6706332e-06,0.008967032,1.1973922e-05,1.1782194e-05,1.259911e-05,1.824088e-05,8.04237e-06,9.074597e-06,1.0224007e-05,2.5586172e-05,0.0015393097,0.0002905974,3.332867e-06,6.0674076e-05,0.00017223915,0.00029820684,3.6352158e-06,1.929564e-06,3.455722e-06,4.776024e-05,4.117178e-05,0.0005550457,8.570154e-06,4.715152e-05,0.00032647623,8.824498e-06,8.556907e-06,7.382435e-05,0.00018836609,3.0014837e-05,8.149391e-05,1.1505161e-06,2.574725e-06,6.4040332e-06,0.00042082823,0.00019519933,5.7792182e-05,1.7129807e-05,0.001766669,1.30077615e-05,1.5103715e-06,0.0002748456,4.458531e-08,4.1898407e-08,7.6569595e-05,3.366408e-05,5.123829e-06,2.3198936e-05,1.7722841e-05,5.168808e-05,0.002879614,3.6757512e-05,5.5911787e-05,0.00022544901,2.9764482e-05,0.00077322905,0.00068737246,0.0005304979,1.8542727e-06,1.7145869e-06,3.1508793e-05,8.54052e-06,0.00033934982,2.9492136e-05,1.2933255e-06,1.0214855e-05,0.3459115,7.425014e-05,5.7076122e-05,1.0662614e-05,5.1181346e-06,6.0463235e-06,5.9587597e-05,4.4973902e-05,0.0005137454
BC2026_Train_0007_S09_20250829_000000_040,1.2370341e-06,0.00012754799,2.1209791e-05,0.00011770564,3.152786e-08,2.136693e-07,1.2165087e-07,1.420585e-06,2.875881e-06,6.688336e-05,0.00019811997,1.0813712e-05,1.0839998e-06,3.123014e-07,2.28268e-06,5.0265617e-06,7.332726e-08,5.1332603e-07,1.1626686e-05,1.3290624e-05,2.4098627e-08,0.00011795845,5.3626886e-06,3.3183802e-05,8.984156e-07,2.236115e-07,4.065082e-06,8.022943e-07,6.253123e-05,5.4101474e-06,0.00049419724,0.00075649377,0.0017601043,0.0007073672,3.2721422e-05,0.0012497832,0.77934146,0.016749823,0.0001270085,0.000847489,0.010203241,8.738068e-05,4.3950444e-05,0.00043228045,7.31846e-05,7.087367e-05,0.0008190513,0.000202534,0.0009196706,0.0016615473,3.4130306e-05,2.3234536e-05,2.7240218e-05,0.0003686332,0.008736286,3.7715495e-07,0.4298492,0.0029178136,3.535199e-07,8.688125e-07,3.6459612e-06,4.905975e-08,2.5710035e-05,4.6664696e-05,1.1449252e-06,3.7762964e-06,4.4379405e-05,8.9681987e-07,4.8660787e-08,8.3028397e-07,1.7997176e-05,1.01194615e-07,2.5532474e-05,1.2040019e-07,0.00037434231,8.216263e-06,7.5698175e-05,0.00010164815,2.1275893e-05,5.3330074e-05,5.8308806e-06,8.413236e-08,3.1075884e-05,1.5952426e-07,5.6953948e-05,2.0103624e-05,1.9753277e-05,0.0001493104,7.706185e-05,3.6879892e-06,7.436913e-05,0.00080915465,3.4372995e-05,4.1883417e-05,7.625845e-05,3.4010204e-06,4.1612966e-05,0.5379233,4.80277e-05,2.7941418e-05,0.003113991,3.6587585e-06,2.0334735e-05,1.947883e-05,3.9736387e-05,4.92964e-05,0.00015579551,4.4515718e-07,0.0013066641,0.00054035836,0.00011831611,0.00018348428,2.8353526e-05,0.0021248143,1.4448686e-06,0.009007122,0.0001486643,2.0590346e-06,1.736917e-05,1.8528108e-05,2.1160859e-05,0.00037348038,0.00015802824,0.00070386403,1.3832695e-06,4.187886e-05,7.1462205e-06,0.00063207635,3.757731e-05,8.380994e-05,4.9688197e-06,4.455534e-05,2.6425218e-05,1.2873616e-05,5.178786e-06,1.7662401e-08,0.00053894974,0.00049980247,1.0256253e-05,2.4975187e-05,1.9111603e-06,0.026654739,2.5358568e-06,0.00022377727,2.2350414e-06,7.680818e-09,0.00047531325,1.2071412e-06,0.027099244,4.2205455e-05,1.921778e-07,4.8027014e-05,4.705619e-06,9.663449e-05,0.00058915856,3.6282792e-05,9.733365e-05,4.1635314e-05,0.021161672,1.4039091e-05,0.046408743,0.0024502433,2.0676553e-05,5.646556e-05,3.7626758e-06,2.4659965e-05,1.433019e-05,0.0002756791,1.2600901e-05,0.0001890127,0.0008123871,0.00013084513,0.00021554131,0.00026416074,0.00055435,6.0992857e-06,8.070699e-07,4.5086024e-05,2.9764995e-05,0.00016185139,0.0009954126,5.266538e-05,2.4314915e-05,5.2400672e-05,8.469711e-06,0.0005306944,4.4454473e-06,0.00012437778,4.9096216e-05,0.00016151607,1.8340217e-05,2.5080417e-05,1.5741467e-05,0.0004089696,0.000120693134,0.00044252755,0.00086771307,0.00045705686,1.3084861e-05,1.52277225e-05,6.297484e-05,6.9791616e-07,1.1690087e-06,0.00039777448,0.00015144069,1.4008746e-05,6.606613e-05,2.8109685e-05,6.0773787e-06,0.0006455046,9.905917e-05,0.00033228035,7.453888e-05,0.0003727958,0.00023115025,0.1254301,0.0008146872,1.380951e-06,5.0336897e-05,1.6689135e-06,5.1874904e-06,0.0001398494,3.2179498e-06,0.00013973957,4.3734373e-05,0.541995,0.00023100198,0.00023501593,2.7039914e-05,9.989504e-06,4.6673107e-05,0.00011679787,6.3233733e-06,0.00016565829
BC2026_Train_0007_S09_20250829_000000_050,3.4596914e-07,1.7926894e-05,3.5160375e-07,1.2224106e-07,3.5472245e-10,1.7480286e-08,1.3437872e-08,2.2184659e-07,2.4957533e-08,5.3421818e-08,3.8567498e-05,3.3765969e-07,3.248279e-07,1.8244037e-08,3.9693887e-06,5.554456e-06,8.338371e-09,7.671166e-10,9.961772e-06,1.5190313e-06,2.652026e-09,3.86791e-06,6.2842264e-05,2.396484e-06,1.5428613e-07,1.3859485e-09,2.2877053e-05,2.4773267e-06,1.5988377e-05,4.1290896e-06,2.8269721e-06,5.935092e-06,2.5288678e-06,4.2024403e-05,3.0895503e-06,7.161338e-05,7.659676e-05,3.4208406e-06,3.0611642e-07,3.528996e-05,2.201906e-06,3.2422994e-07,1.2764301e-05,5.6596714e-06,4.6511687e-08,8.6457504e-08,1.586248e-06,7.277542e-07,2.0615131e-07,2.3860184e-07,3.3188858e-06,5.1657344e-06,4.3770574e-06,2.7803271e-06,9.421648e-05,1.3222003e-06,0.16148788,4.744299e-06,2.1745134e-07,2.2113498e-09,1.8499559e-06,1.8389609e-09,1.2778472e-06,9.347498e-07,3.6053898e-09,4.695846e-06,1.4987133e-06,1.2024879e-08,1.7083883e-05,4.2550663e-08,9.596685e-07,2.8151195e-09,6.854709e-07,1.3498497e-08,0.011259744,4.655262e-06,2.2895127e-05,2.8601882e-05,6.868751e-05,2.23455e-05,1.8962184e-05,7.1262445e-09,1.5861038e-05,9.702374e-07,1.9626566e-06,3.4079947e-06,3.339434e-06,6.1278774e-06,0.00032534215,6.501741e-08,8.359948e-06,0.00012722597,3.7752955e-06,0.00016195791,4.0575575e-05,3.0241813e-06,9.270996e-07,5.4243363e-05,2.3194762e-06,0.00010903428,2.4444902e-05,1.5619275e-08,3.0197663e-05,3.8289736e-06,4.8231344e-05,2.950658e-06,1.12571915e-05,3.239453e-07,1.2084186e-05,0.0015461176,5.8827186e-07,0.00020630089,3.2627257e-05,0.00018994421,2.3487645e-07,9.61445e-05,4.3662344e-06,0.00011398046,6.8063186e-05,8.353662e-07,2.8625485e-05,0.000101652324,2.1885156e-05,0.00033115293,1.4040307e-06,1.286567e-06,7.972657e-06,5.2946827e-05,1.5143497e-05,0.00017006314,0.00017140327,6.5409736e-06,5.8408705e-07,2.8473005e-07,1.2311783e-07,9.078414e-09,0.00026931296,0.00023385047,1.5467167e-05,3.0850555e-07,1.9450001e-06,4.4362812e-07,7.983727e-06,2.1553876e-06,1.1322298e-06,1.6885243e-08,2.580288e-05,3.2904478e-07,0.000116257404,1.3490023e-05,1.485277e-07,6.669611e-07,2.5940206e-05,0.00013544392,0.00014397183,3.7751013e-06,4.4683998e-06,9.7551506e-08,0.055258527,5.572198e-06,0.020910993,1.8710807e-06,5.3413587e-06,5.327493e-07,6.0311136e-06,5.998527e-05,3.7244185e-06,4.6811423e-05,6.586077e-07,0.00076251215,0.0005199332,2.3142948e-06,3.7229947e-06,0.0028952425,0.0007652679,9.495622e-07,1.15094586e-07,8.39453e-08,3.2915948e-06,5.8176316e-05,3.1394127e-05,1.3071765e-06,2.607262e-06,5.129089e-06,5.765648e-06,2.1503702e-05,6.4769483e-07,9.953311e-06,0.00018663265,1.7961273e-05,3.1364261e-06,4.6099644e-06,1.3636872e-05,0.0022678992,1.3765679e-05,0.008712945,4.027686e-06,1.5254222e-05,1.5440477e-05,7.295614e-06,0.00013904853,2.540889e-08,7.389558e-09,7.9295925e-05,2.9636518e-05,7.25257e-06,1.1607431e-05,0.00070756616,2.2287263e-06,4.105604e-05,8.103507e-07,3.9695256e-05,6.382883e-05,0.0004470243,0.0049885614,0.0007525736,1.44486585e-05,3.689632e-06,3.8148755e-07,6.580725e-05,1.11496975e-05,0.00021935104,3.927758e-05,2.9883768e-07,0.0012583104,0.01493056,3.0400158e-06,5.919793e-05,9.778996e-08,9.676464e-07,8.091098e-07,2.3040388e-05,0.004792071,6.836098e-06
BC2026_Train_0007_S09_20250829_000000_055,4.078374e-06,0.00013732884,7.4438703e-06,6.180371e-05,9.038384e-08,7.871045e-06,4.6525972e-08,1.522842e-05,3.937372e-06,5.1714273e-06,7.9378304e-05,2.2466462e-05,3.2094336e-05,1.1899118e-06,2.114803e-05,4.1217467e-05,1.08609676e-07,2.0167365e-06,1.2425899e-05,4.6549714e-05,4.217418e-07,9.720277e-05,2.6681708e-05,9.435296e-05,1.9663192e-05,1.363689e-06,0.0011353386,1.6541075e-05,9.780416e-05,3.650547e-06,0.00033327588,0.00015269726,0.0002961931,0.00040992664,0.000105053936,0.0005829189,0.028509913,0.00067471014,1.9833557e-05,0.00060585275,0.00063979026,2.606638e-05,0.0006433391,0.00012514822,0.00027909913,0.00024589148,0.0005145972,0.00011887738,0.00010281219,0.00012971478,0.00023737078,0.00027131315,0.00022856791,0.00013317875,0.009568628,1.9155161e-06,0.13861915,5.778595e-05,1.730012e-05,1.177519e-06,3.0597526e-05,5.3086063e-07,2.9079585e-05,2.3314084e-05,1.3435509e-05,5.2927036e-05,7.074371e-06,2.0018164e-05,1.0944914e-06,1.26386785e-05,5.7564735e-05,2.6883072e-06,8.537678e-05,5.719487e-06,0.00015451388,1.5115692e-05,0.0012371865,0.00038445517,0.00029564125,9.735926e-05,6.071836e-05,4.9146047e-06,5.9654805e-05,3.3356817e-05,6.059954e-05,0.00017402253,4.0128314e-05,0.0009723823,0.0006192889,1.0454469e-05,0.0004116196,0.0010064447,0.00016126139,0.00023513402,0.00050240377,0.0003212619,0.00025516815,0.01401495,0.00049743673,0.00029398545,0.0009444859,2.2586031e-05,0.00016212354,3.4100536e-05,0.00042837643,0.00017140867,0.0016532234,4.3529512e-06,0.00024918024,0.0017235688,8.119426e-05,0.00025274756,0.00024868967,0.00031726187,5.316279e-06,0.0120640565,0.002077992,0.00017502731,0.00010335619,9.049406e-05,7.781061e-05,0.005639975,0.00027679052,0.118489966,1.3943471e-06,0.00010601358,0.00010110931,0.0007253357,6.0178304e-06,0.00024272158,3.7509784e-05,4.7882826e-05,2.4654484e-05,2.1107167e-05,0.00010873659,7.2225333e-07,0.0012397009,0.004548933,6.7649504e-05,1.8028302e-05,1.8986157e-05,0.00027607867,8.890333e-06,0.0008313987,2.8084472e-05,3.093389e-06,0.000104148654,1.2000283e-05,0.07305934,0.0006410179,3.165104e-06,1.2744206e-05,0.00022329837,0.0012270159,0.0013548847,0.0034745997,0.00010065927,8.1113925e-05,0.0035727678,5.3818643e-05,0.0087469295,0.001683315,7.148797e-05,0.00029125062,5.7982903e-05,6.34772e-05,0.00012947504,4.8730337e-05,0.00016358617,0.0016196743,0.0011949707,5.1681083e-05,0.0015821507,9.7661185e-05,0.0008302626,7.4958166e-06,1.1987369e-05,0.00010736319,0.00047332092,0.00010986012,0.0010694157,3.5889523e-05,0.00035782022,0.00066169613,5.8461505e-05,0.00054690556,4.4301516e-05,0.0037599213,0.0010799577,0.00026120825,8.391883e-06,4.6003253e-05,0.00017583575,0.00073362736,0.003130616,0.000414751,0.00063873077,0.0010139028,0.00025177517,6.810681e-05,0.00015482963,9.57515e-06,2.5769161e-06,0.0001918119,0.00027010162,0.00018191923,0.00032679355,0.0007519599,0.0001268427,0.0023735499,0.0008428659,0.0025143558,0.0017357175,0.00076871295,0.00040749193,0.0016715896,0.0002572614,5.59413e-06,0.00010518144,9.0651854e-05,2.3608252e-05,0.00010550359,0.00021236815,5.3635886e-05,0.00013041354,0.20943932,0.00011968506,0.0059336736,2.8423208e-05,0.00019544555,0.0005035379,0.0017502742,0.0004656459,0.00047211943
BC2026_Train_0025_S22_20211127_024500_000,2.1177866e-06,1.33038375e-05,1.5856802e-05,0.036289874,4.6111913e-06,1.2431613e-06,2.6263806e-06,0.00033218277,0.013712352,0.5103183,0.051964328,1.89787e-05,8.476968e-06,7.7374006e-07,1.5042557e-05,0.059188854,2.1607244e-05,2.1741651e-07,0.02768986,3.302693e-05,1.02697e-05,0.0032485935,0.0006109579,5.3098743e-06,0.001014422,5.160451e-06,8.221153e-05,4.0357307e-05,8.3562634e-05,0.011499024,2.7094122e-05,1.1923601e-05,5.985259e-05,6.043395e-06,2.9386413e-06,9.674741e-06,5.815858e-06,5.697037e-06,1.32275145e-05,5.0779036e-06,2.2340706e-05,1.7729028e-05,4.9126133e-06,1.1642641e-05,2.2049444e-06,1.968413e-06,5.5669557e-06,9.382835e-06,3.7740642e-06,3.2904245e-06,3.9458e-06,3.61106e-06,3.365882e-06,1.9391699e-05,9.446015e-06,7.3542816e-07,4.4739345e-06,0.11802342,1.1680854e-05,1.2641233e-05,0.01028886,2.0430704e-07,0.014821097,0.09832399,0.00207156,1.7524973e-05,1.7236207e-05,1.5895388e-07,5.033613e-06,0.0008880105,2.6597505e-07,1.9608737e-05,2.414342e-05,1.10446945e-05,3.2593114e-05,2.956479e-05,0.0001696804,0.00015319428,3.8577284e-05,0.000102802696,0.00052633556,1.0553382e-06,7.910138e-05,2.6083188e-05,8.6731576e-05,0.0001152312,3.469336e-05,9.673683e-05,0.00041563224,9.738712e-05,0.00047078717,0.0003731519,7.5461336e-05,0.00013851497,0.0015060683,4.4200613e-05,0.00021209901,0.00022757305,8.443548e-05,6.245709e-05,1.32881905e-05,7.1643167e-06,0.0049099415,0.0031088546,0.032022603,5.385417e-05,1.5694877e-05,9.447875e-07,5.728702e-06,0.00018978889,1.9249128e-05,0.0006527064,7.6115493e-06,1.574034e-05,3.3819495e-05,5.20119e-05,1.0890857e-05,0.00019463638,1.4716468e-05,0.00041002725,3.268593e-05,0.00021357514,9.398543e-06,0.0005384643,4.2665164e-05,0.00012440306,4.116546e-05,0.00025924869,3.0130408e-05,0.0011053934,0.00019918292,0.0001994758,5.5037133e-05,1.8408502e-05,1.7512843e-06,2.5364448e-06,0.001390646,0.00038151752,0.0003202198,0.0002830704,0.00029497372,2.7575685e-05,1.5043589e-05,4.549703e-05,4.2883436e-05,1.5500274e-06,2.8549235e-05,0.00041146862,0.00310833,0.00017187183,1.3149248e-05,0.0001867448,5.487603e-05,0.00012429302,0.00019613815,0.00011773033,1.9052051e-05,1.2584933e-06,0.00043420022,6.3129664e-05,0.0006143226,3.359676e-05,0.00019655486,0.00045158886,7.962802e-06,0.038385563,0.0003385415,4.5674784e-05,1.4448368e-05,6.6924826e-05,0.00019930433,5.318259e-05,1.7510272e-06,2.6614161e-05,0.00016866418,2.9282144e-05,2.1123096e-05,2.8548991e-05,3.573093e-05,0.0008651554,0.00014995618,6.228961e-06,0.000100538025,8.064512e-06,4.328621e-05,0.0008040434,5.3380995e-06,0.00010669947,6.5089084e-06,0.00034489212,9.37383e-05,0.00016138815,2.5917285e-05,0.00035700927,0.0001314474,0.0005717834,6.3220396e-05,2.1016642e-05,0.0004272299,8.053311e-05,6.1442565e-06,1.4108886e-05,6.2090703e-07,0.00032950277,0.00012710084,0.0002556074,0.0002813393,0.00031951506,8.722647e-06,1.720484e-05,2.9325884e-05,0.0005702918,2.0975076e-05,0.0002365446,0.011801525,0.023678187,9.7081516e-05,4.9232975e-05,1.9857061e-05,6.390337e-06,1.5294086e-06,3.490329e-05,1.37529505e-05,1.4723627e-05,1.9292296e-05,0.0013910347,2.7967806e-06,5.1870924e-05,8.36577e-06,0.00014262376,2.5559735e-05,0.00013112741,0.00035133862,0.0001017561
BC2026_Train_0025_S22_20211127_024500_005,2.1614167e-06,7.651373e-06,2.0610742e-05,0.016199665,1.67438e-06,3.9962438e-07,9.962256e-07,0.00018312126,0.004676209,0.42512116,0.031812634,6.1519017e-06,1.4592857e-06,3.7721716e-07,5.2405762e-06,0.014358157,5.0399917e-06,2.0327477e-08,0.010208568,1.3367989e-05,2.3791888e-06,0.00096477,0.0005216042,2.4168005e-06,0.0008262111,1.022008e-06,9.183385e-06,7.4686372e-06,0.00012612423,0.0017694749,2.466081e-05,8.649421e-06,9.414446e-05,3.933458e-06,1.4547295e-06,6.630951e-06,4.3039736e-06,6.8223744e-06,1.21595585e-05,3.819801e-06,2.3255287e-05,1.8996301e-05,2.897862e-06,8.5143265e-06,1.6246889e-06,1.3484597e-06,6.771859e-06,1.1674351e-05,3.7456805e-06,3.220673e-06,3.1213394e-06,2.6444613e-06,2.8270963e-06,1.3498967e-05,1.1215797e-05,1.5218066e-07,2.9452572e-06,0.096103564,5.1868474e-06,1.2806556e-06,0.0018543447,1.3036043e-07,0.0021440499,0.038426265,0.00027727836,4.5728466e-06,1.0408418e-05,1.3737428e-08,6.9603914e-07,0.000551318,1.6004357e-07,5.516795e-06,2.1156138e-05,2.5486059e-05,2.7732207e-05,1.1770346e-05,0.0001923839,9.8607365e-05,2.5440673e-05,0.000108792075,0.00043713543,5.165529e-07,9.858038e-05,3.0147916e-05,0.00025900162,1.7560707e-05,8.256511e-06,5.1476563e-05,0.0005132337,3.9612514e-05,0.0003430806,0.00019433096,6.7059686e-05,6.175758e-05,0.010158508,6.634968e-06,0.0008177239,0.0003277177,3.750088e-05,4.895848e-05,1.6419726e-05,6.116918e-06,0.0003168677,0.001113863,0.0055801026,2.0449004e-05,7.894636e-06,3.1986204e-07,4.4979906e-06,0.00016796892,2.3221866e-05,0.00023981671,2.1245573e-06,3.053931e-05,1.7402795e-05,9.102815e-05,1.0111093e-05,0.00020428591,1.1221275e-05,0.0004068918,1.604318e-05,4.4619588e-05,6.738547e-06,0.001659097,3.3675093e-05,0.00021497256,1.3272954e-05,0.00019641436,2.6078636e-05,0.00035516577,0.00040064508,0.00024887588,4.1751493e-05,8.031525e-06,1.4133203e-06,3.0114404e-06,0.0007492276,0.000574867,0.00014252926,0.00018834542,8.7576875e-05,4.0645053e-05,4.2747665e-06,7.140758e-05,7.713921e-06,7.5001753e-07,2.6155521e-05,0.00024053417,0.001458009,0.00013297788,2.3342473e-05,0.0006820721,9.119801e-05,0.000116277486,0.00014786117,3.2004937e-05,2.9828107e-05,1.7595208e-06,0.00012913585,9.0535665e-05,0.00070991664,2.9886362e-05,9.0625144e-05,9.528716e-05,8.632372e-06,0.012439755,0.00026790777,2.7010148e-05,1.1082245e-05,6.896895e-05,5.73336e-05,5.0056005e-05,1.2911098e-06,8.121456e-06,0.000617612,2.8886303e-05,1.3991268e-05,1.0772222e-05,2.919061e-05,0.00027489357,0.00023870688,6.783759e-06,8.162597e-05,1.6316873e-05,5.9760074e-05,0.00042054692,1.8962731e-06,6.1834486e-05,4.8698903e-06,1.8063874e-05,0.000103443446,0.00045302568,4.2155258e-05,0.000107398395,8.847199e-05,0.000100702666,4.768988e-05,8.858115e-06,0.0007768413,0.00012710919,2.4269357e-06,6.8277905e-06,1.8131855e-07,0.00020296004,5.4588338e-05,0.00024185782,0.00046778485,6.138275e-05,1.9696992e-05,6.9234165e-06,9.180119e-06,0.00042605065,3.0016752e-05,0.00015543257,0.0041038035,0.13258569,2.9338496e-05,0.0001444439,6.24327e-06,4.4126955e-06,6.351922e-07,1.6332364e-05,1.4311057e-05,2.4691379e-05,1.6003785e-05,0.0010127042,4.4833228e-06,2.3850385e-05,1.8414665e-05,8.36414e-05,1.323992e-05,0.0001720563,7.374737e-05,7.114006e-05
BC2026_Train_0025_S22_20211127_024500_010,9.565891e-07,1.662543e-05,4.3377284e-05,0.017121872,2.4405178e-06,1.660116e-07,4.369317e-06,0.00014434049,0.0018939009,0.42465472,0.06849303,2.9551373e-05,2.0112857e-06,6.561545e-07,8.250048e-06,0.005465502,3.0485542e-06,2.9481852e-08,0.0040606502,2.4116474e-05,1.3438008e-06,0.0023389226,0.00021659506,4.2268543e-06,0.00085155136,1.0797356e-06,4.283406e-05,2.6046102e-06,4.1511856e-05,0.0008561902,3.1640826e-05,6.811557e-06,7.135959e-05,6.433888e-06,2.0843133e-06,5.9300787e-06,3.883171e-06,6.196818e-06,1.7071003e-05,5.0629324e-06,3.9829756e-05,2.5639223e-05,4.3391906e-06,6.7430537e-06,1.6504816e-06,1.2999374e-06,4.9893806e-06,6.206766e-06,2.9967005e-06,3.0158376e-06,3.144117e-06,2.8063882e-06,3.2213213e-06,2.5901323e-05,1.0748804e-05,4.802206e-07,3.8820044e-06,0.2019693,6.239508e-06,9.117284e-07,0.0013389699,1.18762365e-07,0.0026843895,0.037882335,0.00089644635,7.3057377e-06,6.9251073e-06,5.851034e-08,6.504997e-07,7.0470924e-05,3.491368e-07,6.441611e-06,6.0489474e-06,3.2216107e-05,3.757294e-05,5.6662816e-06,8.555428e-05,9.702894e-05,7.30485e-05,4.7446327e-05,0.00033291007,6.32994e-07,0.00014159566,1.1912973e-05,4.2805437e-05,3.749644e-05,1.4322103e-05,8.741318e-05,0.00022101017,2.2224724e-05,0.0005750569,0.00010185715,4.958471e-05,3.1913867e-05,0.002623182,5.4511656e-06,0.0001712156,0.000100695084,4.7902467e-05,4.7889673e-05,2.213677e-05,3.0793872e-06,0.000352181,0.00064955954,0.0027374483,1.9164925e-05,1.4561797e-05,4.2469784e-07,2.6678597e-06,0.00016774899,2.1313504e-05,0.00037075154,1.70194e-06,4.934579e-05,9.9866365e-06,5.6220822e-05,9.227966e-06,0.00016124724,8.83885e-06,0.00036255203,1.4159217e-05,5.3258205e-05,1.612921e-05,0.00078159093,2.1834812e-05,0.00013669598,2.3383425e-05,0.0002648154,3.4843757e-05,0.00014427623,0.00055929844,0.0003646219,2.7454093e-05,8.213881e-06,2.1684139e-06,3.8099233e-06,0.00029950697,0.00022780731,7.740853e-05,0.00011370289,5.9484777e-05,5.8007743e-05,9.246889e-06,1.6034064e-05,4.1960493e-06,5.2170367e-07,2.642857e-05,7.700506e-05,0.00026711202,6.477287e-05,8.332909e-06,0.00020053651,6.795747e-05,6.839377e-05,7.29731e-05,1.5902719e-05,4.9580172e-05,2.5448185e-06,6.547656e-05,3.1147327e-05,0.00037993037,3.2613196e-05,6.769777e-05,3.978147e-05,7.741513e-06,0.0030406888,5.336823e-05,1.659163e-05,7.3744977e-06,1.7457265e-05,5.6467336e-05,7.628136e-05,1.2581596e-06,2.3650051e-05,0.0003159091,1.8337629e-05,2.943364e-05,1.3519966e-05,2.6168049e-05,7.339182e-05,0.0002096257,1.1196901e-05,8.932344e-05,1.2004256e-05,1.8327697e-05,0.00014403705,6.293274e-06,4.1774914e-05,6.254247e-06,1.0191707e-05,0.00010718171,0.00023421532,3.5150402e-05,6.8523485e-05,6.568419e-05,6.8898415e-05,4.8041904e-05,8.555104e-06,0.00028447915,8.8937995e-05,8.452476e-06,5.6836707e-06,1.2815154e-07,0.00025106012,2.119491e-05,0.00015133314,0.00022051066,9.177423e-05,2.0247695e-05,4.398625e-05,1.0590651e-05,0.00021258614,4.0216924e-05,8.072672e-05,0.006713707,0.08282052,3.2950826e-05,1.0038122e-05,2.729665e-06,1.9464399e-06,6.922987e-07,3.968019e-05,5.9668387e-06,1.23038635e-05,3.7274618e-05,0.000786563,4.794331e-06,1.2201772e-05,7.0322753e-06,2.8564024e-05,2.8853037e-06,0.00014496311,3.366578e-05,0.00012069141
BC2026_Train_0025_S22_20211127_024500_015,2.321397e-06,6.54156e-06,7.515236e-06,0.025586575,1.4054106e-06,1.4038966e-07,2.8217282e-06,5.5015986e-05,0.003911606,0.54972523,0.1258334,2.5493424e-05,5.624713e-06,6.9886926e-07,9.583619e-06,0.00997614,2.9741573e-06,9.0665985e-08,0.015079029,3.7869744e-05,5.232816e-06,0.0024509055,6.0268e-05,4.4718786e-06,0.00046383817,2.9434486e-06,1.5286476e-05,4.547163e-06,8.2382074e-05,0.0009650339,3.4147364e-05,8.9938685e-06,6.641456e-05,4.441066e-06,2.5289016e-06,1.0857899e-05,4.2865363e-06,4.5162924e-06,1.6330636e-05,3.5083642e-06,3.6707108e-05,2.3268552e-05,4.5622787e-06,1.0439803e-05,2.7500773e-06,2.300401e-06,6.019196e-06,6.443584e-06,2.7308733e-06,2.4571527e-06,3.6168433e-06,3.532382e-06,3.2453017e-06,2.742957e-05,1.4613619e-05,1.0196122e-06,2.8524696e-06,0.15742831,4.818804e-06,1.292147e-06,0.013683709,1.1100282e-07,0.0060939305,0.05953467,0.00032165114,9.3405e-06,1.5314945e-05,5.458228e-08,8.004319e-07,0.00013722673,1.6161307e-07,7.008328e-06,3.589247e-05,1.3895319e-05,1.3466743e-05,5.551411e-06,0.00016140137,0.00014046578,2.5863139e-05,2.9087352e-05,0.00035263892,2.7238738e-07,9.3241826e-05,5.9413323e-06,4.2782704e-05,3.336954e-05,1.990036e-05,0.0001293049,0.00035105622,2.2751494e-05,0.000486216,0.0001187317,1.7436036e-05,4.9814287e-05,0.0017949594,7.4508525e-06,4.5743527e-05,0.00018100634,3.736092e-05,4.322252e-05,2.027604e-05,2.5832446e-06,0.0002409039,0.0014014904,0.0064166463,8.500007e-06,1.0637224e-05,4.491165e-07,5.5539267e-06,9.151136e-05,8.331741e-06,0.0004157969,6.047788e-06,1.6313295e-05,1.7812476e-05,6.294698e-05,6.6681505e-06,6.826651e-05,1.3548e-05,0.00013353431,1.2485028e-05,9.967678e-05,8.619308e-06,0.0004702857,1.3244519e-05,7.685416e-05,1.7787046e-05,0.00015438854,4.6934976e-05,0.00093483966,0.00024979038,0.00010878441,1.3200309e-05,5.033152e-06,1.5717904e-06,1.510828e-06,0.00033468386,0.00032274742,0.000121311234,0.00011885708,4.7591515e-05,5.2072595e-05,1.5519234e-05,1.7583681e-05,2.9368815e-05,7.423598e-07,1.0887274e-05,9.183936e-05,0.0009111146,3.4828645e-05,5.539121e-06,0.0002029409,6.373851e-05,6.0818435e-05,5.641153e-05,3.78847e-05,1.2815969e-05,5.916494e-07,8.865636e-05,1.651716e-05,0.0004565957,2.1350694e-05,4.2662356e-05,5.568283e-05,4.776045e-06,0.008357015,0.00017188412,2.0945512e-05,4.516926e-06,4.3805667e-05,3.151928e-05,1.9732472e-05,1.2549468e-06,1.3466231e-05,3.8753755e-05,1.7591783e-05,1.1542822e-05,2.6226284e-05,3.3702785e-05,0.00017360537,0.00014265395,2.857057e-06,4.5582456e-05,5.4134143e-06,5.2109604e-05,0.00010336455,3.5292271e-06,7.051496e-05,2.9521748e-06,2.7495858e-05,0.00019749285,0.00014119307,3.453271e-05,0.00011452934,7.6858705e-05,0.0001408244,3.0310099e-05,5.327084e-06,0.00013667095,9.411477e-06,3.391705e-06,2.9736552e-06,3.3672967e-07,0.0004542622,6.431801e-05,0.0001881925,0.00045301876,9.9067576e-05,6.040819e-06,1.5567379e-05,1.4930874e-05,0.00023335601,1.0307535e-05,0.00017461143,0.008951142,0.010465126,1.2299746e-05,2.703004e-05,3.5389207e-06,2.5846666e-06,9.881345e-07,2.352335e-05,6.68702e-06,9.018029e-06,2.9023067e-05,0.000790963,3.9953666e-06,2.0855638e-05,2.546649e-06,4.5471093e-05,3.5955206e-06,5.9034614e-05,0.00013029546,0.000117686446
BC2026_Train_0025_S22_20211127_024500_020,1.937105e-06,7.48437e-07,5.4846464e-07,0.027629092,3.9294954e-07,5.7830103e-08,2.3039837e-07,1.8497902e-05,0.0021815598,0.3153278,0.048658412,1.1872368e-06,8.246472e-07,8.925846e-08,9.4107094e-07,0.006311278,2.6254315e-06,1.2399942e-08,0.007592427,5.5060354e-06,4.1377302e-06,0.00018762631,0.00010071073,1.5698654e-06,0.00016416087,7.593363e-07,1.6575754e-06,8.2658573e-07,1.507872e-05,0.00038592523,1.5001711e-05,2.7989497e-06,3.164475e-05,2.8530817e-06,8.4063373e-07,3.1508978e-06,2.015629e-06,3.1199024e-06,7.389352e-06,2.3151954e-06,2.0013582e-05,1.0414763e-05,1.7242564e-06,2.7070387e-06,9.312165e-07,6.7187807e-07,2.8431486e-06,2.4579049e-06,1.560996e-06,1.4666482e-06,1.5328561e-06,1.3936467e-06,1.499979e-06,1.0821925e-05,5.8581923e-06,5.5397535e-08,6.9294936e-07,0.090763144,1.96223e-06,4.8406594e-07,0.0012826737,3.050067e-08,0.003663418,0.02799674,5.212735e-05,1.747594e-06,4.2352917e-06,1.6831022e-09,2.8078608e-07,5.054508e-05,2.5544024e-08,2.5917036e-06,2.136925e-05,3.3556037e-06,1.4752946e-05,4.9334258e-06,5.965543e-05,9.675759e-05,2.1569365e-05,4.080685e-05,0.00011984849,1.4471341e-07,5.2463074e-05,3.611501e-06,0.00013052538,7.366541e-06,2.5832747e-05,6.8318026e-05,0.00033797976,1.9990292e-05,0.0008412584,0.00012183674,2.230207e-05,4.2764066e-05,0.0051994016,3.2942328e-06,0.0001379266,0.00014723158,5.4842283e-05,1.5209771e-05,9.997195e-06,1.2837039e-06,0.00017267525,0.0011680573,0.001908722,5.995141e-06,1.2721705e-05,6.974259e-08,4.8580155e-06,4.4707842e-05,1.0306907e-05,0.0002245405,4.3429577e-06,1.1991395e-05,1.12913285e-05,4.919956e-05,2.713229e-06,6.786998e-05,5.1090933e-06,0.0006150746,7.390487e-06,3.4235858e-05,1.8125006e-06,0.0002890459,9.0932745e-06,0.00010066984,1.7923275e-06,0.00012032829,3.631977e-05,0.00038076832,3.850418e-05,0.00011170963,8.646262e-06,2.643352e-06,2.2698237e-07,7.14024e-07,0.00020441295,0.0008152875,0.00014951572,0.00013952734,5.3622538e-05,8.1620594e-05,3.917955e-06,1.5008738e-05,1.9925756e-06,1.1081413e-07,1.4181446e-05,2.2853612e-05,0.0010464396,2.296543e-05,3.8392523e-06,6.900994e-05,4.4343607e-05,3.1741045e-05,4.4162734e-05,2.063938e-05,9.528484e-06,3.7613808e-07,3.6762878e-05,2.198584e-05,0.00042610528,1.3237598e-05,4.685385e-05,5.5507295e-05,6.8896998e-06,0.018054634,0.00036517586,1.4560452e-05,2.2553588e-06,2.2112907e-05,2.7850992e-05,1.2714939e-05,4.296549e-07,9.304297e-06,4.7229554e-05,2.1575373e-05,1.2219379e-05,6.2811264e-06,1.5282365e-05,5.804819e-05,0.00010508019,3.658441e-06,4.9123566e-05,1.0426192e-05,7.4704185e-06,0.0002420966,2.9267212e-06,6.2457926e-05,1.2266339e-06,1.0975185e-05,0.00018296733,0.000109424866,1.1103115e-05,0.00018259123,4.5219116e-05,6.347999e-05,3.2442866e-05,3.831337e-06,0.00011549324,1.28807005e-05,1.5655969e-06,2.2243137e-06,3.1806486e-08,0.000121834535,5.260565e-05,5.770627e-05,0.0011357063,2.4991077e-05,3.4531358e-06,6.1028354e-06,7.014473e-06,0.0005160905,5.7323905e-06,7.8984696e-05,0.005392124,0.105088286,9.604315e-06,2.565779e-05,1.015028e-06,8.9461e-07,4.209671e-07,8.211806e-06,4.91483e-06,8.729929e-06,2.064879e-05,0.00047639845,5.911868e-06,1.3823523e-05,6.341544e-06,1.3596953e-05,1.9759495e-06,7.234604e-05,5.4086795e-05,0.00013235549
BC2026_Train_0025_S22_20211127_024500_025,2.4836804e-06,3.6376885e-06,2.2492522e-06,0.016348967,9.763273e-07,1.1130048e-07,4.949279e-07,5.6258792e-05,0.002376606,0.62358975,0.054180287,3.3716842e-06,2.0898049e-06,3.4209307e-07,5.1244056e-06,0.0059510297,3.289022e-06,3.5463348e-08,0.008712945,2.8768642e-05,3.2512187e-06,0.0004563383,0.00015756587,1.8160197e-06,0.0001295226,9.369461e-07,1.2134999e-05,2.4036622e-06,4.505113e-05,0.00041842976,2.645969e-05,4.0159834e-06,4.453996e-05,2.4863396e-06,1.1735058e-06,3.5947837e-06,2.3764812e-06,2.8362213e-06,1.0490213e-05,2.2415518e-06,1.7699127e-05,1.6073485e-05,2.251671e-06,4.203547e-06,1.409624e-06,1.0329187e-06,3.1714883e-06,3.7026914e-06,1.891045e-06,1.587598e-06,2.39036e-06,2.2395946e-06,2.0478763e-06,1.2865122e-05,6.431857e-06,3.650122e-07,1.4625068e-06,0.088332,3.0936574e-06,3.8112062e-06,0.00535844,3.7955434e-08,0.0031837588,0.036689684,0.00013691043,5.951818e-06,1.5230699e-05,8.463593e-09,7.511084e-07,0.00026471468,1.1923423e-07,9.237458e-06,2.629535e-05,8.103089e-06,2.0930454e-05,1.1149305e-05,0.00030852124,0.00013354946,4.216651e-05,7.528036e-05,0.00023162743,3.0845555e-07,0.00017428007,6.9248426e-06,0.00014957988,2.8103921e-05,2.6884894e-05,4.7907073e-05,0.0005186615,3.1998803e-05,0.0005838099,0.00013094848,5.16832e-05,4.4498953e-05,0.0019747915,8.15601e-06,0.00013202397,0.00026033953,4.2408836e-05,4.5370343e-05,2.2444361e-05,2.70025e-06,0.00034709173,0.0012849977,0.008061,2.0459674e-05,1.0729079e-05,2.2771022e-07,4.380302e-06,0.00011916918,8.017704e-06,0.00023904443,5.051324e-06,3.4987166e-05,2.6148864e-05,4.249239e-05,5.250071e-06,0.00010984409,1.7628008e-05,0.000312812,1.213309e-05,0.00011244728,6.850031e-06,0.0004616417,1.2271077e-05,0.00010890117,1.3314704e-05,0.00018513692,5.892893e-05,0.00078426267,0.00017289107,0.00022965316,1.5644086e-05,1.6245933e-05,9.474311e-07,2.6786843e-06,0.00048784408,0.00079214614,0.00038327865,0.00018504109,8.282357e-05,5.1371964e-05,1.0697152e-05,1.9935063e-05,7.4193695e-06,2.504796e-07,1.17143545e-05,8.0473765e-05,0.002408474,5.219739e-05,1.0276745e-05,0.00019483507,9.8206016e-05,8.395896e-05,3.6744124e-05,5.388391e-05,3.0778505e-05,7.6554005e-07,0.00021710347,3.5803892e-05,0.0013876309,2.3696897e-05,9.9504425e-05,8.913821e-05,7.5685243e-06,0.022919524,0.00023863226,3.0208754e-05,6.460382e-06,2.7783717e-05,6.536595e-05,2.4874662e-05,8.585513e-07,1.6221502e-05,6.690581e-05,2.602197e-05,1.7075285e-05,8.214939e-06,1.9929817e-05,0.00010786919,0.00015056525,8.49192e-06,7.952446e-05,9.4208335e-06,2.1447791e-05,0.00024199068,6.3463845e-06,5.701585e-05,2.5076235e-06,3.1790452e-05,0.00022748736,0.00029036895,2.8949622e-05,0.00038345167,6.730044e-05,0.00012123376,3.993198e-05,8.749824e-06,0.00018912663,2.7946213e-05,4.5411307e-06,3.7008522e-06,1.2331547e-07,0.00021279034,9.40837e-05,0.00011508154,0.0008217056,5.7774767e-05,1.2096143e-05,1.7323928e-05,1.092404e-05,0.0005275903,7.112612e-06,8.394624e-05,0.007635353,0.042450167,1.6704273e-05,4.1430154e-05,5.704344e-06,1.7327327e-06,1.5060492e-06,3.6319558e-05,5.6583167e-06,1.4801041e-05,6.162627e-05,0.00058956776,5.382815e-06,1.1444227e-05,4.0111377e-06,4.3607102e-05,9.616615e-06,7.018925e-05,0.00016963333,8.082138e-05
BC2026_Train_0025_S22_20211127_024500_030,1.5097767e-06,8.679953e-06,6.8519184e-06,0.013562908,2.5848192e-06,1.8369012e-07,3.937775e-07,0.000117699354,0.0017056566,0.38401493,0.03731235,4.977542e-06,2.1402996e-06,5.3406836e-07,6.160409e-06,0.005649661,2.9553185e-06,7.030461e-08,0.0046207174,2.3892479e-05,5.6703793e-06,0.00062354107,0.00024186682,1.6729897e-06,0.00012184568,9.481669e-07,1.5285748e-05,3.8832113e-06,5.40184e-05,0.0010434721,1.7184391e-05,3.2280439e-06,4.0169278e-05,1.9910065e-06,1.2129711e-06,2.9784376e-06,2.5897812e-06,2.7580513e-06,8.4317535e-06,2.028669e-06,1.0966836e-05,1.330257e-05,2.3248354e-06,3.4625837e-06,1.774654e-06,1.4843483e-06,3.9487322e-06,4.420952e-06,1.6069404e-06,1.1282051e-06,2.3052062e-06,2.2148688e-06,1.9496522e-06,1.0768802e-05,5.1162265e-06,4.42817e-07,1.5621487e-06,0.042376246,8.5935935e-06,2.5559457e-06,0.008527825,7.042593e-08,0.002286032,0.030987505,0.00024072871,7.479165e-06,1.6168373e-05,1.8766777e-08,1.1346511e-06,0.0003507282,1.2985655e-07,8.431141e-06,2.696804e-05,1.4127614e-05,2.1283606e-05,2.6308622e-05,0.00016831362,0.0002564486,3.1928328e-05,9.625851e-05,0.0003230485,2.5440926e-07,0.00016451423,8.612611e-06,0.00016364078,3.4634915e-05,2.7352826e-05,4.5369907e-05,0.00050671294,5.2924006e-05,0.0004099462,0.00015888673,5.8176534e-05,4.0450206e-05,0.0020502526,9.187862e-06,0.00022498926,0.00019238262,5.189938e-05,7.4322474e-05,2.0254822e-05,2.9620396e-06,0.0008828966,0.0018915578,0.008758775,2.2543252e-05,9.323697e-06,7.9773037e-07,4.8826414e-06,0.00017871772,1.5252096e-05,0.00029256367,7.3726414e-06,2.3377112e-05,1.692314e-05,4.4132255e-05,5.973124e-06,0.00016196207,1.4535131e-05,0.00064630643,1.87727e-05,0.00030671878,1.1400318e-05,0.00091721775,1.6807931e-05,0.0001703189,1.2300555e-05,0.00024678328,3.770298e-05,0.0006840924,0.00039156745,0.00015503484,2.9990344e-05,1.357336e-05,9.346766e-07,1.3656905e-06,0.00079990254,0.00084999116,0.0002943217,0.0001655083,4.4714405e-05,6.176076e-05,8.321775e-06,3.2873584e-05,9.848927e-06,3.419675e-07,1.7290025e-05,0.0001618818,0.0016626985,0.00015808007,1.6066222e-05,0.0003748426,9.25205e-05,0.00023138906,6.290726e-05,6.341706e-05,2.0590976e-05,1.0518758e-06,0.00027353177,5.9995335e-05,0.0011690408,1.8601706e-05,0.00011582576,8.812232e-05,6.2219615e-06,0.015673947,0.00041199848,2.921147e-05,6.261994e-06,3.5006826e-05,0.00011453557,5.0225994e-05,1.2756178e-06,1.2145166e-05,0.00012598529,1.5881198e-05,1.8823683e-05,1.4638153e-05,2.8101509e-05,0.00017080338,0.00016229306,4.429852e-06,6.3080864e-05,8.50051e-06,2.6808319e-05,0.00021019971,4.6411205e-06,6.641551e-05,3.0676074e-06,3.554547e-05,0.00016259139,0.0006094316,3.1318235e-05,0.00042360116,0.00011319228,0.00017593504,7.388844e-05,9.921176e-06,0.00029889966,7.481105e-05,3.791127e-06,5.8949668e-06,2.8588346e-07,0.00023648865,7.6779004e-05,0.00019052337,0.001165435,5.710198e-05,1.1834547e-05,1.2795635e-05,8.3231325e-06,0.00050160225,7.508695e-06,0.00013686175,0.0056979293,0.07449948,2.2499351e-05,0.00011758628,6.525485e-06,4.3075956e-06,1.4395528e-06,2.340944e-05,1.1051499e-05,1.9094234e-05,2.0960497e-05,0.0008797026,4.4151584e-06,2.3446417e-05,6.4577634e-06,0.000116869625,1.7373377e-05,5.5416167e-05,0.00018517276,0.000113507995
BC2026_Train_0025_S22_20211127_024500_035,1.0103681e-06,4.072163e-06,2.748009e-06,0.01761622,1.7469307e-06,6.25555e-08,9.0942893e-07,7.074436e-05,0.0021369003,0.624834,0.057275318,4.3329505e-06,3.4074392e-06,4.640691e-07,3.47118e-06,0.0072826175,1.5245215e-06,8.636504e-08,0.0053057238,2.5987027e-05,5.4318143e-06,0.001135171,0.00012834246,1.4777241e-06,0.00027012147,1.5060061e-06,1.0422971e-05,3.3175188e-06,2.5898284e-05,0.0004883019,1.4965203e-05,3.0352303e-06,2.640791e-05,1.814543e-06,8.906389e-07,2.8225518e-06,2.8700972e-06,2.4171993e-06,8.500201e-06,1.4385935e-06,1.492198e-05,1.1161752e-05,1.4228914e-06,3.2848495e-06,1.3784852e-06,1.0317924e-06,2.038251e-06,2.1463725e-06,1.3399592e-06,1.0786888e-06,1.3327522e-06,1.1481256e-06,1.0680817e-06,1.0993203e-05,3.7929428e-06,3.434497e-07,1.0922381e-06,0.06803661,2.3697053e-06,1.8804814e-06,0.0066076294,4.571886e-08,0.0016873545,0.042771887,0.00015861033,6.9338366e-06,1.0404231e-05,2.172579e-08,4.260922e-07,0.00014831386,7.093633e-08,5.288195e-06,3.925111e-05,1.5996551e-05,1.7494782e-05,9.684202e-06,0.00010718846,0.00024591284,1.21759895e-05,3.5443012e-05,0.00037641628,2.5539427e-07,0.000118813696,7.0969268e-06,7.823441e-05,2.5887692e-05,1.8194874e-05,3.878544e-05,0.00040659733,1.930286e-05,0.00066658127,0.00015704449,3.0974137e-05,3.4639903e-05,0.0011109832,5.92237e-06,0.00010898895,0.00021806297,5.1247924e-05,2.13373e-05,1.7878201e-05,4.099591e-06,0.0004009729,0.0022160553,0.007708672,1.1910145e-05,8.670961e-06,5.520272e-07,4.3434634e-06,5.6129968e-05,1.5024448e-05,0.00025915328,4.923161e-06,1.8758185e-05,1.3901284e-05,5.3908276e-05,4.790889e-06,0.000103292434,8.880996e-06,0.00039421453,2.2009564e-05,0.00015041458,9.9387335e-06,0.00035394824,1.5729174e-05,5.9308277e-05,1.607718e-05,0.00014554858,2.305672e-05,0.0003896057,0.00023475368,0.00012773507,1.4822683e-05,1.4042668e-05,1.5804588e-06,1.6782055e-06,0.0007478801,0.00047336402,0.00031874047,0.00032315662,2.6031501e-05,0.0002707,7.5685384e-06,2.4050076e-05,1.5307132e-05,4.2736357e-07,1.1913291e-05,7.546501e-05,0.000851312,6.023146e-05,1.063701e-05,0.00024958613,5.0891333e-05,5.4039574e-05,2.9979477e-05,5.7530553e-05,2.2536824e-05,6.5500353e-07,7.901234e-05,2.248363e-05,0.0003257478,3.3455828e-05,3.8405273e-05,0.00012685262,3.178901e-06,0.0049905693,8.436273e-05,1.8749332e-05,3.0024305e-06,4.564374e-05,2.7608234e-05,1.5072078e-05,1.346771e-06,6.355348e-06,5.9572143e-05,4.230716e-05,1.721014e-05,2.0066425e-05,1.982828e-05,0.00015924896,0.00016646314,3.4553955e-06,3.5140383e-05,8.491969e-06,2.9595874e-05,7.7717996e-05,2.2914523e-06,6.643439e-05,1.7630532e-06,5.0973274e-05,0.00025820205,0.00040870067,2.90481e-05,0.00020303419,5.9120306e-05,0.000107169246,4.175273e-05,7.3114456e-06,0.000108975335,1.4407174e-05,1.8916221e-06,5.9948266e-06,2.7115294e-07,0.0002548907,7.2355906e-05,0.00017731788,0.0010519546,9.112725e-05,7.720582e-06,1.3021861e-05,1.13065535e-05,0.0002747442,4.5693505e-06,8.443637e-05,0.015781762,0.03140842,1.706734e-05,3.658919e-05,5.1883812e-06,2.9209577e-06,5.2382546e-07,2.0525886e-05,4.975392e-06,1.3161115e-05,5.724371e-06,0.00084986043,5.104593e-06,1.557644e-05,4.2521197e-06,6.237537e-05,3.944284e-06,5.379401e-05,8.632396e-05,0.0001335622
BC2026_Train_0025_S22_20211127_024500_040,1.101712e-06,3.8745998e-06,1.6263992e-05,0.0031453064,6.6467265e-07,1.4522938e-07,2.6801843e-07,0.0002993417,0.008256892,0.5844445,0.053758893,2.422348e-06,1.5920494e-06,2.0447915e-07,7.1934264e-06,0.0706348,3.4711172e-06,2.237375e-08,0.01929374,1.6462483e-05,1.6009014e-06,0.001743451,0.0005585579,1.4569259e-06,0.0014044157,6.1100224e-07,4.044241e-05,2.6696846e-06,3.9106297e-05,0.0011376657,1.0341209e-05,2.869681e-06,2.864094e-05,1.390747e-06,5.5319555e-07,2.1037963e-06,1.4105883e-06,1.4436015e-06,4.8228726e-06,8.8894006e-07,1.1302575e-05,5.3757403e-06,1.1311894e-06,3.1078073e-06,4.123106e-07,3.0454348e-07,1.2668031e-06,3.0748797e-06,9.700163e-07,6.6871644e-07,8.178015e-07,5.91519e-07,6.290931e-07,8.688376e-06,2.0312652e-06,2.6276282e-07,1.6942607e-06,0.08097027,2.3751445e-06,6.4928855e-07,0.0048378347,3.9144666e-08,0.0015592856,0.057201542,0.000105388455,4.2022843e-06,1.0337098e-05,8.88928e-09,4.3442984e-07,0.0009476669,5.5602374e-08,3.526929e-06,1.1359177e-05,8.879149e-06,1.600087e-05,1.7259576e-06,8.194464e-05,7.9479054e-05,1.6119737e-05,1.9585319e-05,0.0011172785,3.024315e-07,4.9073937e-05,7.736465e-06,0.00010894178,2.6055393e-05,3.1228612e-06,2.6810185e-05,0.00024317602,2.689038e-05,0.00012524003,7.518502e-05,2.4186491e-05,2.4434648e-05,0.0024828531,2.911738e-06,0.00034081866,0.00036715053,3.8166967e-05,2.5814768e-05,1.2208163e-05,2.4188828e-06,0.00025152997,0.00063604844,0.008439479,1.1467903e-05,2.4138706e-06,2.0425834e-07,2.670405e-06,3.7386042e-05,3.7636128e-06,0.00017991028,5.479591e-07,5.5183573e-06,8.9252235e-06,1.5086201e-05,3.1296888e-06,0.00015476778,3.570052e-06,0.0001227091,5.71862e-06,5.293461e-05,5.4987418e-06,0.00042004476,1.0773752e-05,7.60385e-05,3.3729277e-05,7.81418e-05,5.8301744e-06,0.00030154752,0.00034703765,0.0001805103,3.2188123e-06,7.046273e-06,7.684285e-07,1.3205155e-06,0.0012507859,0.0002661209,0.00012353514,0.00019631963,8.931379e-06,2.1774156e-05,2.2758504e-06,2.9099754e-05,1.5700716e-05,2.4707762e-07,7.493229e-06,0.00010513251,0.00041304887,8.469902e-05,5.7729217e-06,0.00014410341,4.2584757e-05,3.627418e-05,2.8673954e-05,2.2208751e-05,1.0276558e-05,4.7614236e-07,6.86168e-05,2.9395882e-05,9.995872e-05,1.0526158e-05,3.9053335e-05,0.00011398677,3.8173503e-06,0.009439806,6.2905936e-05,1.292569e-05,4.9991254e-06,5.617334e-05,3.0843614e-05,6.7744045e-06,4.531482e-07,2.5071167e-06,0.00015101126,1.5464393e-05,8.767106e-06,6.8108684e-06,8.395581e-06,0.00017502632,7.989327e-05,6.747459e-07,5.5643235e-05,5.334822e-06,1.2240185e-05,5.4675293e-05,1.0088582e-06,3.6607096e-05,2.6913287e-06,1.7972186e-05,5.36719e-05,0.00023748535,1.365181e-05,9.323817e-05,3.3322507e-05,8.00296e-05,8.066405e-06,2.523327e-06,0.00024425422,3.661055e-05,1.0054898e-06,4.117823e-06,8.033894e-08,0.0001184631,4.139086e-05,0.00012967139,0.0003038212,0.00025009114,7.352848e-06,5.2058126e-06,4.9503783e-06,0.00013181454,6.9254243e-06,7.1704955e-05,0.0102470685,0.015365427,1.3492546e-05,5.316337e-05,3.7779282e-06,4.77167e-06,1.0922209e-07,1.7186474e-05,2.9676467e-06,2.7316364e-06,4.436122e-06,0.00045877165,1.1158601e-06,1.3442865e-05,3.942659e-06,3.103614e-05,2.5145805e-06,2.818041e-05,7.731026e-05,5.155915e-05
BC2026_Train_0025_S22_20211127_024500_045,1.7689412e-07,1.6066737e-06,4.631977e-06,0.0019455715,7.162207e-07,5.0281727e-08,2.2223134e-07,7.35945e-05,0.00097462034,0.62685716,0.076596975,2.7813244e-06,2.0617226e-06,1.5760892e-07,5.6552094e-06,0.005591781,1.1254734e-06,3.7776758e-08,0.0031030288,2.440228e-05,1.2516134e-06,0.00095219543,7.60818e-05,8.264557e-07,8.8564084e-05,1.459013e-07,1.6811395e-05,1.7205591e-06,1.4168051e-05,0.0002796697,1.5155503e-05,1.958435e-06,1.6379548e-05,1.1575985e-06,3.1664578e-07,2.2452402e-06,6.4945203e-07,6.954691e-07,5.0205917e-06,6.3947107e-07,1.1032555e-05,5.9493664e-06,7.8567365e-07,2.150095e-06,3.7056094e-07,2.710371e-07,5.719268e-07,9.688412e-07,4.8941615e-07,3.939405e-07,4.965528e-07,4.131939e-07,4.2777705e-07,1.08054855e-05,2.091358e-06,1.2821069e-07,1.2862358e-06,0.06448728,8.391702e-07,5.0273e-07,0.00097221276,1.536642e-08,0.0006600199,0.015767606,6.573068e-05,1.2330482e-06,6.8879394e-06,6.5180283e-09,3.463894e-07,0.00014341774,6.785273e-08,2.5156742e-06,2.0294787e-05,3.2230546e-06,7.669535e-06,3.0864435e-06,9.7542616e-05,0.00011868879,1.532298e-05,1.8633062e-05,0.00042494634,2.0269623e-07,0.00011323989,1.6744997e-06,3.8134225e-05,2.5769927e-05,3.8157414e-06,1.3374147e-05,0.0004284755,1.7029084e-05,0.00021671054,6.2383704e-05,3.1353768e-05,1.7321201e-05,0.00052115327,1.5380281e-06,6.568413e-05,0.00019188343,1.6329997e-05,1.1725152e-05,7.5479957e-06,9.813242e-07,0.00022543698,0.00060534745,0.002447565,1.2060447e-05,5.3166315e-07,7.644765e-08,3.0718227e-06,3.4082397e-05,6.019139e-06,0.00041534388,4.2968153e-07,1.0781502e-05,4.481805e-06,1.2015102e-05,2.2994118e-06,1.9263194e-05,3.1340076e-06,6.092723e-05,3.858081e-06,4.317284e-05,7.4060445e-06,0.00036866605,5.458943e-06,2.1919852e-05,2.4889683e-05,6.1457955e-05,1.534253e-05,0.00023377402,0.00021594057,9.759965e-05,8.258899e-07,5.3292592e-06,9.881355e-07,1.1288132e-06,0.00044144245,0.00026055358,0.00013214955,9.8095756e-05,1.28123265e-05,1.9093322e-05,1.4129835e-06,2.123744e-05,4.611024e-06,1.8795959e-07,1.0300234e-05,8.657961e-05,0.00023798445,4.1032516e-05,2.3110197e-06,8.114054e-05,3.1384818e-05,1.872064e-05,1.1651595e-05,3.5576668e-05,1.5161804e-05,4.2249178e-07,4.434636e-05,8.80885e-06,2.3045177e-05,2.4619994e-05,6.743953e-05,5.39611e-05,1.5309322e-06,0.003675164,1.1242526e-05,9.461649e-06,4.1928415e-06,3.9754956e-05,2.774874e-05,4.2940114e-06,5.1594145e-07,1.4311616e-06,2.9422778e-05,6.023566e-06,5.12838e-06,8.214876e-06,1.4956926e-05,3.7641043e-05,0.000121511875,8.435561e-07,2.610902e-05,6.5685467e-06,1.7346278e-05,3.1427528e-05,4.765962e-07,1.7457416e-05,3.1505795e-06,1.3272992e-05,5.7818972e-05,0.00028662363,2.6002917e-06,3.6337162e-05,1.6776145e-05,6.4793385e-05,9.974701e-06,1.910725e-06,4.6069057e-05,1.4701851e-05,9.827562e-07,5.4569964e-06,6.825668e-08,0.00013660855,2.4250652e-05,9.729199e-05,0.000104229825,4.9940434e-05,3.0032836e-06,7.637777e-06,3.00144e-06,7.330376e-05,3.2181433e-06,8.084613e-05,0.0055276365,0.0074086227,1.5423553e-05,4.3029188e-05,3.676026e-06,3.2487853e-06,5.7657637e-08,1.3855621e-05,1.2938166e-06,2.6938992e-06,4.7409744e-06,0.0002526317,8.446477e-07,7.638811e-06,1.6739872e-06,2.6520622e-05,2.4416772e-06,1.8266383e-05,2.1394148e-05,8.2766644e-05
BC2026_Train_0025_S22_20211127_024500_050,2.6909643e-07,1.2833135e-06,1.4436083e-06,0.007910592,3.283104e-07,5.1165404e-08,5.318168e-08,0.00010086249,0.010557919,0.74155694,0.10036446,1.2190944e-06,2.1920396e-06,1.0261248e-07,1.8065728e-06,0.023025054,2.962342e-06,6.402391e-09,0.013343535,1.3538752e-05,1.1577796e-06,0.00048221293,0.00013793398,4.6835154e-07,0.00022659074,1.5417568e-07,1.7531544e-06,1.3607762e-06,1.4179796e-05,0.0010975656,5.0437425e-06,1.385728e-06,2.1394148e-05,6.7594186e-07,2.9899846e-07,1.1813073e-06,8.6572e-07,1.0941636e-06,3.8116534e-06,5.991844e-07,7.842641e-06,4.6722207e-06,3.8352562e-07,1.2602683e-06,3.390747e-07,2.2282194e-07,1.1189868e-06,1.5781603e-06,9.089685e-07,6.990419e-07,3.4332425e-07,2.7351427e-07,3.067161e-07,3.789074e-06,1.3639437e-06,8.318852e-08,4.5515483e-07,0.07044372,1.0901962e-06,4.6918896e-07,0.00249633,1.734637e-08,0.0011095755,0.04927454,8.952118e-05,2.1714454e-06,9.02813e-06,6.624332e-10,2.7574467e-07,0.0005968062,1.3275238e-08,2.4831193e-06,1.8921304e-05,2.7524466e-06,1.0280705e-05,6.360344e-06,5.6241894e-05,9.048232e-05,1.24831695e-05,1.7593042e-05,0.00048280854,7.602538e-08,4.164786e-05,2.807724e-06,9.743868e-05,6.801373e-06,3.808899e-06,5.683356e-05,0.00024737857,9.041192e-06,0.00029536994,8.726659e-05,2.748152e-05,2.2747872e-05,0.001651389,1.9170182e-06,0.00037493068,0.0006167764,3.2691758e-05,1.210129e-05,5.967191e-06,1.7285207e-06,0.00030019734,0.0014006438,0.0035293682,7.1524723e-06,8.164136e-07,6.102324e-08,1.974917e-06,1.8589611e-05,5.5651612e-06,6.351492e-05,6.504463e-07,5.2758437e-06,5.7568627e-06,1.8591401e-05,1.5961605e-06,3.791437e-05,1.907637e-06,0.00039399488,6.8796944e-06,5.519023e-05,1.1524181e-06,0.00024517023,8.277285e-06,6.236502e-05,5.783778e-06,6.4119835e-05,7.850222e-06,0.00025762146,6.871096e-05,0.00013182497,5.6241174e-06,4.866599e-06,3.616646e-07,3.6124996e-07,0.00028563885,0.0006091769,9.766789e-05,0.0002892786,1.9448038e-05,3.0972627e-05,1.2241949e-06,1.4084969e-05,5.335672e-06,6.960876e-08,5.708687e-06,4.019438e-05,0.0004510644,4.811214e-05,5.9255904e-06,0.0002970726,2.5717585e-05,1.7555967e-05,2.3740713e-05,1.4798121e-05,3.6158879e-06,2.9758147e-07,4.1352232e-05,1.6223219e-05,0.00015873078,7.362377e-06,2.5418314e-05,9.867668e-05,1.7401799e-06,0.010651783,0.0001155622,1.9326768e-05,5.0144768e-06,4.7861824e-05,1.7253227e-05,1.0766039e-05,2.2882784e-07,3.2241394e-06,5.2837477e-05,1.5622154e-05,5.910036e-06,2.3347204e-06,5.1278375e-06,7.5796765e-05,7.723834e-05,1.1086926e-06,2.3101948e-05,2.2138508e-06,5.766616e-06,8.54346e-05,6.095693e-07,4.298768e-05,8.9415545e-07,2.1806052e-05,8.09295e-05,0.00026749965,1.1888222e-05,0.00016530187,2.7885915e-05,7.228811e-05,1.361173e-05,1.6478411e-06,0.00010204761,6.5588824e-06,7.803985e-07,3.0059516e-06,2.3597607e-08,5.6941517e-05,6.338084e-05,6.158086e-05,0.0011099428,2.8510436e-05,2.9812625e-06,5.073348e-06,2.460506e-06,0.00024327854,2.5718243e-06,4.9815666e-05,0.0042757858,0.07110451,9.321154e-06,4.0662962e-05,3.0329877e-06,1.3061696e-06,5.5587314e-08,6.1863375e-06,4.3944574e-06,6.4000155e-06,2.9354032e-06,0.0002068216,8.503587e-07,7.645188e-06,4.870829e-06,1.69228e-05,2.849286e-06,4.1303483e-05,2.324779e-05,2.8256756e-05
BC2026_Train_0025_S22_20211127_024500_055,4.287871e-07,1.944885e-06,1.010158e-06,0.021569367,3.6002965e-07,9.6187005e-09,2.294942e-07,3.8507776e-05,0.0010207503,0.7572269,0.053134874,1.0204011e-06,5.29793e-07,6.5176835e-08,1.6911193e-06,0.0025158143,2.0994912e-06,2.7917546e-08,0.00463716,4.513898e-06,9.723716e-07,0.00012923194,7.954979e-05,6.3902e-07,1.50000515e-05,3.1982756e-07,4.6903683e-06,9.432372e-07,1.1734894e-05,0.00021570391,2.7430515e-05,1.5336459e-06,4.33868e-05,1.1172241e-06,4.423548e-07,1.4614695e-06,2.50965e-06,1.5341125e-06,1.0213472e-05,8.181298e-07,1.3576998e-05,1.2165753e-05,6.744003e-07,1.5210201e-06,7.5691344e-07,4.7509138e-07,9.056277e-07,1.6029393e-06,6.637852e-07,5.195176e-07,8.2569386e-07,7.0891076e-07,6.9150826e-07,1.3141173e-05,2.0353355e-06,6.330471e-08,7.575533e-07,0.12419395,1.9569134e-06,2.4308317e-06,0.0036056563,8.479768e-09,0.00093304086,0.02456839,3.190562e-05,2.938336e-06,6.383527e-06,7.7013806e-10,1.5272383e-07,0.00014718567,3.1112442e-08,2.4480516e-06,1.35281425e-05,9.994172e-07,1.0449156e-05,8.167755e-06,0.0001225849,7.313207e-05,1.2069549e-05,2.5076019e-05,5.712154e-05,6.6127754e-08,4.4418608e-05,8.845856e-07,1.5907724e-05,8.524628e-06,1.1277339e-05,2.1067832e-05,0.00011524516,1.3882749e-05,7.657274e-05,0.00010723967,1.3125093e-05,1.2618073e-05,0.00074274774,1.3734214e-06,4.481054e-05,0.00024032372,8.962454e-06,5.6190515e-06,1.5344915e-05,8.008022e-07,0.00023311164,0.0008610668,0.0037904652,9.023672e-06,2.6362275e-06,9.9008e-08,1.916435e-06,4.1476957e-05,2.148617e-06,0.00011212563,1.6739839e-06,1.464015e-05,1.1608306e-05,1.5404457e-05,1.0968821e-06,1.401166e-05,3.1693778e-06,0.00013796898,1.947777e-06,0.0001229281,1.379361e-06,6.1859784e-05,3.3898941e-06,2.1480379e-05,1.5733397e-06,9.595664e-05,1.941635e-05,0.0007416812,3.6296915e-05,7.126506e-05,5.2332894e-06,1.0040736e-05,2.1412295e-07,1.979081e-07,0.00017832367,0.00095489365,0.00012671927,0.00023019945,2.6635184e-05,1.7017996e-05,2.9503901e-06,8.477542e-06,8.935017e-06,1.859986e-08,7.2006674e-06,5.4089945e-05,0.00103235,2.3331791e-05,3.6669674e-06,5.4490043e-05,1.946158e-05,4.5404275e-05,1.8398867e-05,2.562688e-05,6.5256595e-06,1.603317e-07,0.0001432887,8.378681e-06,0.0005132273,6.1635415e-06,1.1505247e-05,5.1188243e-05,3.086105e-06,0.017636191,0.00040736067,1.213765e-05,1.8830189e-06,1.4934791e-05,6.292904e-05,5.065714e-06,3.6328174e-07,6.5934755e-06,1.1477116e-05,6.4830756e-06,3.4838588e-06,3.1500506e-06,7.583906e-06,4.0119132e-05,7.535577e-05,3.2430307e-06,2.1045282e-05,3.888926e-06,7.3412866e-06,0.00013989929,1.7472555e-06,1.5428981e-05,4.5507323e-07,2.353412e-05,7.4362106e-05,0.00012569789,1.0623183e-05,0.00013207422,4.4167664e-05,7.444284e-05,3.4707387e-05,3.2829143e-06,6.0719285e-05,4.86151e-06,7.762692e-07,1.0368962e-06,6.2425464e-08,5.9720824e-05,0.00010507458,4.4040225e-05,0.00054978987,9.565384e-06,2.7959459e-06,3.743052e-06,3.4207524e-06,0.00017935173,1.1166819e-06,0.000110033216,0.008190253,0.12621644,1.2980486e-05,1.3186896e-05,2.1297321e-06,8.202127e-07,3.5167886e-07,1.474694e-05,2.1797923e-06,6.445704e-06,5.840809e-06,0.00033312375,1.1870023e-06,6.2225904e-06,2.770938e-06,3.0336412e-05,1.9661993e-06,1.8382347e-05,2.1925245e-05,3.59941e-05
BC2026_Train_0026_S22_20211128_004500_015,3.5488154e-07,4.058269e-08,7.6525036e-10,0.0020920655,1.0931837e-07,7.2829485e-09,2.5847445e-08,4.539718e-07,6.5532276e-07,0.83649427,0.0044866656,2.5301458e-07,1.1877057e-08,5.0352247e-09,1.4414003e-09,8.899012e-06,2.1449269e-07,1.6264369e-10,0.0005841013,3.3600163e-06,9.850902e-08,3.2772773e-06,5.3819217e-06,2.3707466e-07,1.7044877e-05,1.873641e-08,1.007178e-05,2.6474137e-07,2.300392e-09,0.0035274238,6.750318e-06,8.0746005e-09,1.1687706e-05,3.9728286e-07,5.791213e-08,2.1489761e-08,3.1848685e-07,8.946999e-08,3.9469973e-07,6.56988e-08,2.0449954e-06,9.820891e-07,6.155683e-07,2.9414435e-09,1.6345991e-08,1.16180905e-08,6.660409e-08,7.1404315e-07,4.1540797e-08,2.6229907e-08,1.4388854e-07,1.936112e-07,1.5998788e-07,2.6755108e-06,1.4066775e-07,2.9537e-09,1.1353109e-07,0.0016425037,9.158909e-08,7.6314926e-08,6.579609e-05,3.0001466e-08,2.351336e-06,0.00011897706,2.7555774e-07,4.7293966e-06,3.3605927e-09,1.3183711e-09,1.510903e-09,9.793406e-05,1.3872047e-09,1.1175008e-09,1.5227852e-06,4.487821e-08,1.3735887e-07,2.434539e-06,3.1509398e-06,3.7867587e-06,2.2600648e-07,4.789829e-06,8.471731e-06,8.042461e-09,7.4546153e-07,5.2821747e-07,1.3406849e-07,6.782356e-06,3.6660242e-09,1.5925278e-06,7.1865015e-06,5.053257e-07,1.4461381e-05,1.120968e-05,1.6447261e-07,5.587612e-08,1.7977867e-06,1.817046e-05,8.581527e-07,1.23483205e-05,1.1456058e-06,2.1261191e-07,5.1117154e-06,2.2469761e-08,3.989898e-05,0.4590999,0.44500774,1.0204496e-06,1.9428494e-08,5.324908e-07,3.053502e-07,3.1594946e-06,2.434708e-07,0.00011790335,1.4338623e-07,4.0567943e-06,7.1709695e-07,7.8749497e-07,6.5319387e-07,8.2569166e-08,1.4588097e-07,1.034062e-06,4.705166e-07,1.8599898e-05,5.4630243e-07,8.310394e-06,6.600907e-05,1.1912522e-07,7.52242e-06,1.2003142e-06,2.225255e-07,4.15374e-05,8.8019235e-08,3.468688e-06,2.1529438e-07,2.485e-07,4.9555083e-06,1.1051779e-07,4.328837e-06,4.842649e-06,8.387693e-07,0.0024996235,2.422754e-07,2.555187e-08,5.8070068e-08,1.1738062e-05,2.5410025e-05,3.133369e-07,1.0193545e-06,9.3213436e-07,2.6733328e-06,5.9085756e-05,4.631128e-08,2.4886612e-08,8.164705e-07,1.2137789e-05,4.0777672e-06,4.8710285e-06,8.581087e-08,4.5480357e-09,6.0600925e-08,4.428039e-07,6.160729e-08,1.9676406e-07,2.387173e-06,7.219191e-06,3.6161364e-06,0.00024438582,4.2377058e-05,2.2325532e-06,7.542959e-06,3.0062035e-06,1.6827404e-05,4.8432632e-08,6.181202e-07,9.4325605e-07,2.384765e-07,1.1198835e-05,3.7776545e-07,4.3176905e-07,1.3432074e-05,1.0282666e-05,2.0576272e-06,1.313225e-07,3.2404555e-06,7.952254e-08,2.7166077e-06,5.8491587e-08,1.6049768e-07,1.2255183e-06,9.809053e-08,0.0009268413,4.36904e-07,1.589047e-05,1.3329336e-07,5.434724e-07,4.3995265e-06,3.170584e-06,8.457803e-08,6.351979e-06,3.9760303e-05,1.507837e-06,1.7813366e-07,6.2596435e-08,3.5187713e-07,9.608461e-07,1.4482927e-06,2.5441985e-05,3.6923914e-06,1.0242657e-05,4.4259787e-07,4.804194e-07,2.980924e-08,1.7051536e-06,4.550988e-08,8.589783e-06,0.0015798248,0.03449479,1.902372e-06,2.109134e-06,2.833148e-07,2.3114575e-05,7.2284536e-08,1.1630018e-06,3.3440725e-07,5.4073266e-09,3.0092748e-09,6.157983e-06,8.125262e-08,6.2222125e-07,6.14384e-09,4.688143e-05,3.455091e-08,2.2778436e-06,1.4060407e-06,5.365313e-06
BC2026_Train_0026_S22_20211128_004500_020,2.014351e-06,9.1256965e-07,4.318909e-08,0.023137422,4.1559186e-08,3.9992244e-08,6.2539567e-07,2.975482e-06,2.4765518e-06,0.7661969,0.016586456,3.498011e-06,3.1843328e-08,1.0780307e-08,2.1936401e-08,2.5765972e-05,1.4755498e-06,3.3270458e-09,0.011882214,1.4443656e-05,9.0871836e-08,3.9190367e-05,2.4688272e-05,4.2494516e-06,2.4717978e-05,6.545465e-08,2.4318346e-05,1.7755498e-07,1.16817574e-07,0.020244984,0.00048146202,6.485855e-07,0.0003019644,5.257035e-06,5.1868045e-07,7.942604e-07,3.98513e-06,2.68111e-06,9.044469e-06,6.336275e-07,9.780052e-05,3.9859693e-05,8.874366e-06,2.7866213e-07,1.3822881e-07,8.136164e-08,5.103421e-07,9.956198e-06,6.651635e-07,9.110835e-07,2.4386543e-06,3.15682e-06,2.9929192e-06,8.6970176e-05,2.9583412e-06,3.1083083e-08,2.7151132e-06,0.13467489,1.5114364e-06,4.2784066e-07,0.0006338874,4.142489e-08,3.7798054e-05,0.0022856155,6.697218e-06,5.9668214e-06,2.3607154e-08,7.237031e-09,2.9102942e-08,0.0002321428,8.542772e-09,2.1385494e-08,7.649854e-07,6.526476e-09,5.081474e-07,7.237452e-06,9.132565e-06,1.7101548e-06,1.1022048e-06,1.01011665e-05,3.864783e-06,2.024533e-08,8.060155e-08,3.8713168e-07,1.2886186e-07,9.2780635e-07,6.144815e-08,4.6791947e-06,4.258917e-06,1.5406354e-06,3.4994773e-05,4.9915698e-06,1.3466992e-06,4.3976965e-07,1.209612e-05,6.8956488e-06,8.970373e-06,3.2384225e-05,2.5717948e-06,3.008508e-07,6.726848e-06,2.4535578e-07,4.974133e-05,0.016717248,0.53232247,4.7345047e-06,5.835086e-08,5.014277e-07,9.653568e-07,6.7019587e-06,3.3259437e-07,0.00032580804,5.0708775e-07,5.263546e-05,1.2245697e-06,3.845133e-06,1.261134e-06,1.9098036e-07,3.7670094e-07,6.0997814e-07,9.09287e-08,2.5170102e-05,4.843347e-07,3.355472e-06,2.3056542e-05,3.777143e-07,3.8751946e-06,1.3115866e-07,4.843065e-07,0.00021950922,1.0312693e-07,0.00040545396,5.7043644e-07,4.000236e-07,5.590162e-06,6.5679885e-08,7.759467e-06,8.172711e-06,8.501275e-07,0.0018756676,2.909606e-06,9.1741896e-08,8.699528e-08,5.293382e-06,1.5834423e-05,5.601228e-08,2.1055164e-06,4.6167884e-06,1.8912013e-05,0.00010260701,9.0816386e-08,1.140335e-07,1.3977556e-06,7.93788e-06,1.365548e-05,1.2976535e-06,1.1889974e-06,5.2562372e-09,1.6722591e-06,4.2771137e-07,9.933521e-06,9.773408e-07,2.9237422e-06,3.426757e-06,1.3387993e-05,0.00068922096,0.00056681904,2.258116e-06,3.3668582e-06,1.5013962e-05,1.3479966e-05,1.2652342e-07,9.883485e-07,4.9080663e-06,7.7391195e-07,6.395031e-06,3.4351223e-07,3.5964874e-07,5.709275e-06,2.4400628e-05,9.024877e-06,3.5283955e-07,1.0974464e-05,4.3213115e-07,1.4450849e-05,3.9438137e-06,1.0192242e-06,1.5853966e-06,1.2137106e-06,0.00032259114,1.2915273e-06,1.6403715e-06,6.7407757e-07,1.4552027e-06,1.8526678e-05,5.212862e-06,4.615939e-06,1.4822118e-05,1.740457e-05,1.2291815e-07,1.5089906e-06,7.105984e-08,1.1223249e-07,1.9614179e-06,9.366076e-07,7.4651057e-06,4.0254968e-06,6.35038e-06,6.069386e-06,1.6323082e-06,5.092997e-08,1.3477205e-06,1.3884768e-06,1.0424541e-05,0.009250555,0.26587367,5.572501e-06,3.059524e-07,1.8344272e-06,1.1788551e-06,3.799694e-08,1.7829489e-05,3.2365642e-06,5.67211e-08,3.3380698e-07,8.012323e-06,4.2749932e-07,3.9348874e-06,1.4157172e-07,3.5013588e-06,1.4665473e-07,2.9943418e-05,4.291164e-07,6.008948e-06
BC2026_Train_0026_S22_20211128_004500_025,4.1284298e-07,7.6140395e-06,5.3460725e-09,0.20023473,4.6270446e-07,4.6912625e-08,1.4274117e-07,4.5804265e-07,1.706423e-05,0.95851576,0.12107401,3.255764e-06,1.9914764e-07,3.516188e-08,1.6342717e-08,6.616057e-05,1.3912843e-06,1.5790939e-09,0.0050014774,2.8617676e-05,2.0284455e-07,0.00018928142,2.9990706e-06,1.0655581e-05,4.0887055e-05,8.726996e-07,4.9454236e-05,2.1996707e-06,7.1734455e-08,0.02633671,0.00024738567,4.652163e-07,0.0001669206,7.07512e-06,3.1390866e-06,5.569748e-07,1.3449829e-05,2.2657025e-06,6.664679e-06,2.3724867e-06,4.1306077e-05,3.0151796e-05,5.161223e-05,1.8143217e-07,4.5942073e-07,3.3990707e-07,1.9755764e-06,8.273394e-06,7.9927776e-07,7.663977e-07,1.1048212e-05,1.8196557e-05,1.2671166e-05,5.770627e-05,6.6912235e-06,4.7895224e-08,4.2229867e-06,0.17375116,1.1840933e-06,1.5980885e-06,0.0028346342,7.953377e-08,7.4935495e-05,0.0011240606,1.3847483e-05,1.9895217e-05,1.9610626e-08,5.1418883e-08,8.772242e-08,0.00032447668,1.0145973e-08,4.1732353e-08,7.2084197e-07,2.0572172e-06,1.3244884e-06,1.7535873e-05,1.123347e-05,5.196076e-06,6.417627e-07,9.956027e-06,4.009409e-06,1.1951618e-08,1.1309285e-06,8.986795e-07,6.363514e-07,2.9296702e-06,1.8116091e-07,7.296143e-06,8.64252e-06,2.8619684e-06,0.00018552889,4.517421e-06,1.3888277e-06,1.789506e-06,5.741007e-06,0.00017956186,3.870962e-06,2.04757e-05,1.2203471e-06,8.813664e-07,1.0552673e-05,1.3037885e-07,0.00019552457,0.22734745,0.27327347,4.5384797e-07,1.3433213e-07,4.550164e-07,1.3993264e-07,9.805535e-06,2.8562977e-07,0.000117392236,4.5098096e-07,1.4485647e-05,1.4497726e-06,4.4306257e-06,9.928841e-07,2.0926936e-07,1.1573887e-06,1.7321893e-06,1.2556567e-06,2.2969372e-05,2.9684878e-07,6.1065666e-06,6.844251e-05,5.0345983e-07,1.655632e-05,1.8664309e-06,1.1055399e-06,3.277436e-05,3.657778e-07,1.5905804e-06,2.7018777e-05,2.2286996e-07,2.585626e-05,6.4739345e-07,5.587726e-06,3.2945234e-05,2.314743e-06,0.008489954,5.3631697e-06,9.572402e-08,6.860098e-08,9.137304e-06,0.0004364885,3.336249e-07,3.206066e-07,7.2072703e-06,5.6506928e-05,8.792238e-05,5.8781485e-08,3.9302526e-07,5.0864383e-06,7.25488e-06,6.204683e-06,3.0077924e-06,1.1955481e-06,2.8890772e-09,1.6135128e-06,5.0536414e-06,3.2321163e-06,2.9953007e-06,4.8521724e-06,5.6317226e-06,6.297003e-06,0.0009828457,4.649253e-05,3.4360114e-06,4.8522643e-06,1.2438287e-05,1.5531185e-06,3.8991425e-07,3.880328e-07,1.8459889e-06,8.6657326e-07,4.6542054e-06,1.0539492e-06,6.157709e-07,9.367735e-06,3.601635e-05,5.185952e-06,8.246353e-07,4.46077e-06,9.416323e-08,2.6646798e-05,9.3965576e-07,4.5403813e-06,6.16564e-06,6.036466e-07,0.00047698535,3.7472165e-07,4.603721e-06,1.1227611e-06,4.8535835e-06,1.8721425e-05,2.0919642e-06,6.111508e-07,2.2448365e-05,0.00012899593,2.3539357e-07,4.61504e-07,1.7538696e-08,2.7181417e-07,4.158899e-06,3.4543943e-06,9.579197e-06,2.7197722e-05,8.062475e-06,2.559407e-06,1.7077086e-06,9.402414e-08,1.26625655e-05,4.010867e-07,6.101077e-06,0.007893795,0.055656984,1.3397471e-06,5.648924e-07,8.156478e-07,3.2936222e-07,1.4771602e-07,1.2131007e-06,2.8206357e-06,7.777707e-08,1.8947047e-07,2.3636434e-05,1.6681464e-07,5.020678e-06,2.0425922e-08,1.4278055e-05,3.102407e-07,1.6049758e-05,2.5368533e-06,5.2606456e-06
BC2026_Train_0026_S22_20211128_004500_030,9.062109e-07,7.0247563e-07,5.6513727e-09,0.15195763,1.4230772e-06,2.344029e-08,4.092514e-07,6.2969394e-07,5.534253e-06,0.7257686,0.051834278,8.541918e-07,1.5627709e-08,1.8704524e-08,2.1656603e-09,0.000121661324,5.705012e-07,9.319671e-09,0.0068820855,1.282246e-05,3.7407576e-06,0.00025481707,3.2907287e-06,1.3075133e-05,9.266787e-05,4.3623288e-07,0.00023423227,4.522731e-07,2.7570144e-08,0.013284952,0.00022322069,1.1135952e-07,2.5929916e-05,6.2249883e-06,1.9067766e-06,3.1889593e-07,1.0090931e-06,7.316547e-07,2.719267e-06,1.0271613e-06,4.1699328e-05,1.77633e-05,6.122613e-05,6.2456905e-08,1.1372843e-07,1.0256924e-07,2.2014491e-07,8.781606e-07,1.6578488e-07,2.6319168e-07,6.444395e-06,8.443461e-06,8.006448e-06,8.8723085e-05,3.3062336e-06,1.8775548e-08,2.5555238e-07,0.18825135,9.155953e-06,4.865309e-07,0.0021523908,4.9088293e-08,1.5775473e-05,0.0039813584,2.1189979e-05,8.832895e-05,3.4360044e-09,1.4485563e-07,7.677635e-10,4.784156e-05,1.2897213e-09,9.681082e-08,1.1806462e-06,8.613397e-07,5.1377367e-07,7.5770454e-06,2.0238697e-07,5.6292206e-06,1.9557422e-07,1.7657203e-06,1.5659522e-06,1.8720657e-08,5.9135544e-07,6.2338955e-07,6.6492e-08,1.7048382e-06,1.9811563e-07,3.948032e-06,6.0020516e-06,1.2598005e-05,0.00032881834,5.0604804e-06,2.7848492e-07,1.7947961e-07,8.055174e-06,3.8512328e-05,9.1984185e-07,1.6071596e-06,1.2111252e-06,4.7318412e-07,6.955553e-06,1.0777084e-07,0.00012112848,0.73910356,0.026178857,5.793609e-07,1.9801192e-07,1.6220138e-06,1.4907405e-07,2.8129023e-06,3.2594843e-07,0.00046384239,3.6521658e-07,1.9015079e-05,7.6294253e-07,1.2089107e-06,4.9318174e-07,1.906828e-07,3.580007e-07,5.728389e-07,1.5673506e-07,1.632598e-05,4.2130587e-06,9.286586e-06,4.8605394e-05,2.2033458e-07,5.3095555e-06,5.6875626e-07,1.4486972e-07,4.34013e-06,2.1205073e-08,2.9262974e-06,2.1163976e-06,3.7813345e-07,1.608715e-05,2.2377384e-07,3.606916e-06,2.1041327e-05,9.879914e-07,0.00820244,1.9866752e-07,2.4196183e-07,8.556735e-08,7.922935e-06,6.299153e-05,5.776088e-07,6.782704e-07,8.5086407e-07,1.4922128e-06,2.0522735e-05,9.001963e-08,2.2157671e-08,2.4025207e-06,2.2981053e-06,2.8896272e-06,1.4403602e-06,1.5462551e-06,1.7654613e-09,1.9033324e-07,8.74898e-07,5.05424e-08,3.1023583e-06,2.3988416e-06,4.6537702e-06,5.33497e-06,0.00024605356,4.6372097e-06,3.0832427e-06,1.137672e-06,1.3172077e-05,4.918811e-06,1.3880343e-07,3.158646e-07,1.2424857e-06,2.1497495e-07,2.6190694e-06,1.2128643e-07,1.4364493e-06,1.17066265e-05,2.2321274e-06,1.688499e-06,1.713139e-07,1.4748445e-05,1.7949483e-07,1.2804766e-05,5.0186582e-08,2.3280147e-06,2.6253088e-06,7.174732e-08,0.00042184623,2.9071214e-07,1.919162e-06,2.3104349e-07,4.3529286e-07,3.6315741e-06,2.57555e-06,3.108326e-06,1.6640499e-05,2.8456516e-05,1.2675397e-07,2.28263e-06,3.0372313e-08,8.3630135e-07,3.9034467e-06,8.943942e-07,3.5729943e-05,7.756175e-06,3.2173728e-06,5.1255984e-06,1.7038823e-06,1.7709077e-07,7.063686e-07,1.1178818e-06,6.6151233e-06,0.0038410076,0.03102087,2.6197315e-06,6.7225635e-08,3.1384863e-07,1.7721037e-06,5.1195265e-08,3.4074475e-07,8.9310635e-07,1.6499792e-08,7.570599e-09,9.09657e-06,3.3332822e-07,4.5083016e-06,3.5550848e-08,9.551191e-06,5.894012e-08,3.7390812e-06,4.6609605e-07,2.5948002e-05
BC2026_Train_0026_S22_20211128_004500_035,1.5933741e-06,4.4778346e-07,2.3023101e-09,0.026745794,3.9758484e-06,7.119523e-08,2.3188304e-06,3.2136822e-07,4.2095126e-06,0.06440824,0.02350277,5.76529e-07,2.3093179e-07,7.875514e-08,5.3804747e-09,3.6476555e-05,3.1495833e-07,2.8750588e-07,0.00071972085,1.6204292e-05,1.1767742e-05,0.00017304363,7.0634565e-06,3.059488e-06,1.222684e-05,2.732335e-06,1.9079826e-06,6.2402484e-07,9.205337e-08,0.0037067756,2.4246212e-05,2.978285e-07,1.0934378e-05,1.6325263e-06,9.011598e-07,5.409852e-07,3.5179935e-06,7.659738e-07,1.3242004e-06,6.9082273e-07,6.656625e-06,4.9678297e-06,1.2314405e-05,2.564914e-07,5.2348486e-07,3.8739088e-07,7.9830573e-07,1.383664e-06,2.5351457e-07,3.4084388e-07,3.0521765e-06,3.921738e-06,3.5199196e-06,1.2364088e-05,4.9864266e-06,3.0328433e-08,2.4675387e-07,0.041881412,2.9193288e-06,4.5342717e-06,0.010506998,5.0349193e-08,4.8544618e-05,0.0024490044,4.0229006e-05,4.668306e-06,7.111227e-09,1.0638248e-07,1.642452e-09,6.6034054e-06,3.2937393e-09,3.5589525e-07,7.76968e-05,3.0173194e-06,5.9153314e-07,0.00018910284,2.5760194e-06,2.0689296e-05,1.5905579e-07,8.445289e-06,6.899109e-06,5.8783847e-08,4.9444284e-06,6.79402e-07,2.3177087e-07,5.8980713e-06,3.5502983e-06,9.1542415e-06,0.00014904042,0.00013312264,0.00047107696,3.633418e-05,1.358051e-06,5.1377056e-06,6.9350667e-06,7.067491e-05,1.0028859e-06,1.4402873e-05,5.625775e-06,2.508296e-06,1.3871513e-05,7.205396e-07,0.0002511056,0.36903122,0.007907722,1.4214727e-06,3.3185565e-06,8.8504135e-07,1.1561566e-06,1.4348268e-05,7.577109e-07,0.0020844769,1.4519188e-06,8.7271255e-05,5.6449667e-06,1.8697285e-05,3.3028143e-06,1.4006402e-07,1.0204466e-05,2.7727224e-06,1.6074108e-06,0.00024695252,1.3195337e-05,0.00010101351,4.8934442e-05,3.4190032e-07,8.994641e-06,2.759646e-06,1.2525913e-06,2.07403e-05,1.9460154e-07,1.008869e-05,6.897116e-06,2.3662435e-06,6.697454e-06,3.31641e-07,1.5155358e-05,0.0001265688,9.513675e-06,0.013574658,7.736722e-07,1.8523709e-06,6.9904127e-07,1.7737975e-05,7.229928e-05,9.3898115e-07,6.8583972e-06,3.4472496e-06,8.254461e-05,2.7251335e-05,4.698552e-07,3.179615e-07,8.211218e-06,1.419965e-05,2.2095242e-05,2.034389e-05,0.000117231146,3.657247e-08,2.1530818e-07,7.0319015e-07,1.8452269e-07,2.3934213e-06,6.1533515e-06,3.6669007e-05,6.046046e-06,0.0009357365,2.774693e-06,1.0896363e-05,1.8107694e-06,6.72061e-05,1.413818e-05,2.8266817e-07,4.5077113e-07,2.1124556e-06,1.4527484e-06,1.04154e-05,5.882634e-07,1.6679218e-05,0.00016599397,6.7630695e-06,2.0249065e-05,9.2019894e-07,3.9585553e-05,2.8645816e-06,9.407465e-05,7.261264e-07,5.2742744e-06,2.5967953e-05,3.112661e-07,0.0008676671,7.0687256e-06,5.5453853e-05,1.0226818e-06,2.0234309e-06,1.0372459e-05,1.0627458e-05,5.865722e-06,7.136632e-05,8.448784e-05,2.5969632e-07,8.212378e-06,1.4349935e-07,1.6263243e-06,7.07854e-05,2.7368465e-06,6.047704e-05,2.0330508e-05,1.2649326e-05,1.0902257e-05,2.7072451e-06,7.5505847e-07,9.648049e-06,1.473449e-06,3.173e-05,0.004761812,0.0043178746,4.748237e-06,2.1539063e-06,1.5922849e-06,7.3340098e-06,6.820592e-07,1.9279785e-06,1.1717678e-06,2.1414843e-08,6.418791e-08,8.6987435e-05,6.3697107e-06,1.798743e-05,1.7548037e-07,0.00013552207,3.8196882e-07,2.065905e-05,2.397131e-06,0.000109243876
BC2026_Train_0026_S22_20211128_004500_040,2.4100755e-06,7.7138094e-07,3.201055e-08,0.07937983,3.1025183e-06,1.11982736e-07,4.4652134e-06,2.4364077e-05,8.985467e-06,0.8895031,0.08957842,4.0988407e-06,1.0109233e-06,3.7595544e-08,3.7365922e-08,0.00018398304,6.46818e-06,6.878061e-08,0.0021949343,4.2915875e-05,8.870346e-07,3.6463443e-05,4.7877485e-05,1.1168768e-05,1.2236883e-05,3.2437777e-07,0.00016557382,1.2213997e-06,1.4360423e-07,0.013164248,0.00011407083,5.67991e-07,4.7062662e-05,4.102219e-06,3.4627722e-06,4.8837177e-07,1.5431851e-05,1.3599473e-06,1.1652228e-05,7.349107e-07,3.994798e-05,1.8685378e-05,2.5333156e-05,3.772366e-07,3.4521932e-07,2.239803e-07,5.489277e-07,3.0505903e-06,5.125873e-07,4.6823013e-07,4.0360715e-06,4.8562415e-06,3.835241e-06,6.886905e-05,1.3419094e-06,1.4664285e-07,9.722455e-07,0.06837878,3.1485382e-07,3.2409345e-05,0.011742447,1.5119117e-07,7.853234e-05,0.0010119535,0.00017114084,4.798549e-05,4.53751e-08,8.139486e-08,3.7641436e-07,0.00017545356,2.4258637e-07,1.0572239e-06,3.4712098e-06,1.6490294e-06,1.0562928e-06,0.00013114105,0.0001238392,3.3565568e-05,7.437856e-07,2.4690744e-05,7.5165444e-05,5.662359e-07,1.0480253e-05,3.4227037e-06,1.4716723e-07,1.1888007e-05,1.7529419e-06,1.3048178e-05,2.546298e-05,1.233401e-05,5.1135645e-05,3.6845675e-05,4.613483e-06,4.3921576e-05,4.3448263e-06,4.137002e-05,6.269268e-05,2.1914353e-05,1.8150682e-05,6.807927e-06,5.2061525e-05,1.6670348e-06,0.0004909903,0.18368517,0.18148449,3.892287e-05,8.6890606e-07,5.2912774e-06,9.291266e-07,2.5622505e-05,1.7905523e-06,0.00026003044,7.139294e-07,4.4509135e-05,4.1487674e-05,5.615125e-06,8.778627e-06,5.840826e-07,1.3079174e-05,1.6146709e-05,4.0509253e-06,0.00015646395,9.621375e-06,1.548733e-05,0.00025512604,3.3497034e-07,7.58659e-05,6.9840617e-06,2.00956e-06,0.0011179412,1.9310035e-06,0.00020534103,3.8786775e-06,5.2360506e-06,2.8942251e-05,5.7792835e-07,1.6732747e-05,6.0021484e-05,2.2299964e-05,0.06262513,0.00012419444,1.5573368e-06,6.12376e-07,5.090818e-05,0.0020689818,4.2087912e-08,3.4618045e-06,4.543096e-05,0.002494488,0.0005618605,4.056807e-07,7.993479e-07,2.3314064e-05,3.1194446e-05,2.5492864e-05,3.782409e-05,6.3786583e-06,9.652522e-08,4.469078e-06,3.5492221e-06,3.4464408e-06,3.673779e-06,4.4154867e-06,0.00018031833,1.1325568e-05,0.0024827668,0.00010575812,5.8964844e-05,1.4360055e-05,1.36719655e-05,0.00010692284,4.29982e-07,1.3810088e-06,1.0118318e-05,3.3481044e-06,7.5443066e-05,3.5622336e-06,5.453162e-06,8.56312e-06,2.2657394e-05,2.3588786e-05,2.1504252e-06,2.9764258e-05,3.790187e-06,0.00024387354,2.5715374e-06,4.7877966e-06,8.729287e-06,1.0648058e-06,0.0015883937,2.7768567e-05,3.7418537e-05,6.77494e-06,1.6741831e-05,4.3920692e-05,1.0912783e-05,1.8418496e-05,3.8504146e-05,9.077053e-05,6.9582006e-07,1.2044743e-06,1.9572735e-06,1.1258062e-06,5.3592785e-06,0.00012714276,0.00012623577,8.30656e-05,2.5681877e-05,1.29366645e-05,3.875202e-06,1.2116496e-06,2.493991e-05,1.0378508e-06,2.6082691e-05,0.087373555,0.017075831,2.1368618e-05,7.434067e-06,1.6714966e-05,1.50934375e-05,1.1071943e-06,5.267668e-05,6.9592897e-06,2.2344452e-08,3.5404182e-07,0.00010225997,7.633685e-06,5.9718027e-06,9.7419125e-08,2.0890335e-05,1.1578911e-06,0.00027495096,4.976697e-06,5.6123226e-05
BC2026_Train_0026_S22_20211128_004500_045,6.7142223e-06,1.4663153e-06,1.524707e-08,0.18756063,8.867912e-06,1.9349545e-07,2.8221672e-07,1.4690854e-06,0.00030024085,0.19684112,0.1016888,5.738516e-07,3.219078e-07,5.6407572e-08,1.4362581e-08,0.00044500627,1.2419111e-06,2.0280257e-07,0.0008472492,1.70172e-05,7.894125e-06,0.0006962346,0.00015608636,4.955271e-05,8.89318e-05,2.4562062e-06,4.9497405e-05,7.395792e-07,1.2732424e-07,0.009916203,4.2324922e-05,1.5169078e-06,1.0816126e-05,1.40713555e-05,6.772234e-06,1.430122e-06,2.2184322e-05,7.1991844e-06,4.571429e-06,2.0521773e-06,6.247925e-05,8.882867e-06,7.948754e-05,9.612677e-07,1.4647584e-06,9.3830175e-07,1.8486666e-06,1.3206616e-06,9.921325e-07,2.4603394e-06,7.512843e-06,7.600313e-06,7.1016116e-06,4.807985e-05,1.2776807e-05,4.2300535e-08,9.251401e-08,0.23301554,7.9860956e-07,5.4506152e-05,0.031403787,1.6008137e-08,0.0008048395,0.031739883,0.00010112974,3.6285943e-05,4.298569e-08,8.0446557e-07,5.72517e-09,3.620916e-06,9.256392e-09,1.1508696e-06,1.1847575e-06,7.4418296e-07,2.5073314e-07,1.6350536e-05,7.723254e-06,1.9864525e-05,2.8024863e-07,1.770544e-05,3.1431184e-05,1.0896401e-06,1.5183638e-06,3.9230995e-06,2.0467932e-07,1.7586752e-06,7.7850746e-07,8.335253e-06,4.6326873e-05,5.8859798e-05,0.00017671581,1.2308042e-05,1.2832988e-06,1.480021e-05,4.269838e-05,5.108666e-05,1.8165729e-05,1.4128908e-05,8.707346e-06,1.7589235e-06,5.5530585e-05,1.0976324e-06,0.00021327783,0.54645616,0.014282397,7.863318e-06,3.4681757e-06,6.3906265e-07,8.9760283e-07,7.5183825e-06,1.1944278e-06,9.769929e-05,1.9648222e-07,1.7385677e-05,6.960059e-06,1.2249143e-05,2.4897042e-06,5.118751e-07,1.05659155e-05,5.801483e-06,3.3617982e-06,0.00016572117,1.05956215e-05,4.156712e-05,0.00045078885,4.5747035e-07,2.0220796e-05,6.9694244e-07,3.002213e-06,1.8295318e-06,2.077331e-07,2.5894951e-05,4.0568675e-06,8.561307e-06,1.2416112e-05,2.7252148e-07,2.053356e-05,1.4693763e-05,6.2623994e-06,0.05566876,1.3078909e-06,6.998491e-06,7.040927e-07,1.9988158e-05,0.00015239573,8.068307e-08,1.0547949e-06,5.148585e-06,0.0002251313,1.1193325e-05,1.454559e-06,3.8718042e-07,6.959488e-06,1.06198495e-05,9.2192395e-06,7.892279e-06,4.3884356e-05,4.288709e-08,2.9994912e-06,2.8485824e-06,2.0992097e-07,5.252329e-06,2.060003e-06,0.00010793999,1.672549e-05,0.0001721587,3.7322625e-06,3.6765192e-05,1.0981706e-06,1.2636762e-05,2.4612105e-05,9.879074e-07,3.032231e-07,1.0772068e-05,3.70308e-06,2.5515727e-05,1.937552e-06,1.5966467e-05,3.1619442e-05,1.5669542e-05,9.912068e-06,5.741324e-07,3.6177866e-05,2.4108615e-06,5.715499e-05,5.4735033e-06,4.2444094e-06,2.9638357e-05,2.8809816e-07,0.0011060591,2.2204883e-06,2.4066321e-05,2.2152637e-06,1.2617868e-05,3.6916615e-05,3.8756712e-05,1.6050524e-05,1.2508505e-05,5.5732242e-05,1.9617178e-07,3.7052703e-06,8.263405e-07,1.010874e-06,1.098726e-05,2.04715e-05,0.00020716581,7.2193114e-05,9.911757e-05,1.5657293e-05,1.027945e-05,2.6586856e-06,2.1541466e-06,7.032665e-06,3.643862e-05,0.114875376,0.005756782,4.4968706e-06,1.263149e-06,1.6158673e-06,3.8584526e-06,4.1617494e-07,2.4124024e-06,1.7111288e-06,2.6208355e-08,6.3881956e-08,0.00010376097,3.9943375e-06,9.472112e-06,2.3979948e-07,1.01586265e-05,1.3199086e-06,8.391838e-05,4.4660947e-06,2.9517912e-05
BC2026_Train_0026_S22_20211128_004500_050,5.9105037e-07,1.749585e-06,4.769074e-09,0.032738715,1.1329946e-06,1.9786272e-08,9.007391e-08,3.8776125e-06,2.9886362e-05,0.8769571,0.18426894,8.4284846e-07,5.124358e-07,4.1979998e-08,1.5386481e-08,9.74149e-05,7.9109833e-07,1.5645513e-08,0.0027738935,0.00015528977,1.8664399e-06,0.00024215526,1.7507833e-05,1.6919914e-05,0.00011856504,6.254488e-07,0.00012771666,6.1942967e-07,2.8516478e-08,0.0047257286,4.729504e-05,2.1098711e-07,2.2829608e-05,4.4802623e-06,2.3167438e-06,2.060363e-07,1.4130025e-05,2.1894386e-06,3.7461373e-06,6.5639796e-07,4.588338e-05,6.445126e-06,2.9832005e-05,8.971778e-08,1.6049279e-07,1.3194753e-07,6.910817e-07,1.580501e-06,6.154644e-07,8.606187e-07,2.6789116e-06,3.2142354e-06,2.7930942e-06,3.3540866e-05,1.8307342e-06,1.06470786e-07,4.3948032e-07,0.0799509,7.835381e-07,1.2731985e-05,0.015620088,1.1362322e-08,2.5735595e-05,0.0015960466,1.8627197e-05,0.00020703963,9.652246e-08,1.3184452e-07,1.1451853e-08,3.9947754e-05,8.406992e-09,5.903666e-08,7.510948e-07,3.24259e-07,5.405514e-07,3.8490334e-06,3.1443778e-06,1.2710767e-05,2.7603406e-07,5.9962504e-06,1.5130577e-05,4.9466788e-08,4.919383e-06,5.742124e-07,4.3960944e-07,1.4939984e-06,1.2189764e-07,4.277931e-06,6.6451757e-06,8.133198e-06,8.486573e-05,4.2584948e-06,7.942862e-07,1.5322278e-06,9.008006e-06,4.0519542e-05,1.0761369e-05,0.00013258171,2.8755574e-06,5.297258e-07,2.4451854e-05,3.2199807e-07,9.695126e-05,0.6901474,0.020767158,1.5399361e-06,1.192928e-07,1.2906949e-06,4.109288e-07,3.1133095e-06,5.577689e-07,5.540591e-05,2.2300539e-07,1.5052314e-05,8.483733e-07,3.6624133e-06,1.6224686e-06,4.4443735e-07,1.3674082e-06,2.1064102e-06,1.1046305e-05,0.00016634588,1.2663838e-06,1.1610244e-05,0.000308061,2.1768561e-07,1.8534116e-05,1.3437881e-06,1.3132725e-07,1.0383821e-05,4.2090568e-07,4.0107975e-06,3.7085897e-06,1.0381389e-06,2.0132959e-05,2.3385836e-07,6.398203e-06,5.970823e-06,4.699807e-06,0.083098456,2.0870452e-07,3.326075e-06,2.7543866e-08,2.5348527e-05,0.0010596598,5.2824415e-08,3.0751184e-07,4.9488535e-06,4.311709e-05,3.85275e-05,2.0462465e-07,1.979213e-07,2.329625e-06,1.3701841e-05,7.540492e-06,3.854212e-06,2.0383502e-06,9.446828e-09,2.541658e-06,3.0510964e-06,5.747564e-07,1.9531806e-06,2.300278e-06,1.4336096e-05,2.245568e-06,0.00031158392,2.5553366e-06,6.312642e-05,3.6635245e-06,6.1178107e-06,1.3820991e-05,5.3382746e-07,3.015025e-07,9.386075e-06,1.5559649e-06,1.731149e-05,1.5282656e-07,1.2806959e-06,2.5183194e-06,4.9280416e-06,5.7508323e-06,1.9917421e-07,8.850887e-06,3.1087862e-07,6.262256e-06,1.7599557e-07,1.0162532e-06,8.699934e-06,1.4451523e-07,0.00065864064,3.0532834e-07,1.7513627e-05,1.9066111e-06,1.0296149e-05,6.6008624e-06,3.5430435e-06,2.0349705e-06,6.4473024e-06,3.7039757e-05,3.670301e-07,8.4918116e-07,1.04163995e-07,9.710844e-07,2.408545e-06,1.8649025e-05,0.00010238856,0.00018730528,4.5477555e-05,1.6274757e-06,2.1575718e-06,3.2951806e-07,8.150466e-06,4.756458e-07,1.2484051e-05,0.16025233,0.044202212,1.570978e-06,1.7336038e-06,1.8121375e-06,2.688694e-06,6.074338e-08,9.774956e-07,8.463861e-07,1.0597258e-07,2.439488e-08,6.4147476e-05,6.2676236e-07,1.7385988e-06,3.4837772e-08,3.9104893e-06,3.6348206e-07,2.1946227e-05,5.718706e-07,6.5976265e-06
BC2026_Train_0026_S22_20211128_004500_055,1.0466953e-06,1.4159322e-06,9.571615e-08,0.009276778,4.1897033e-06,1.9430756e-08,1.8104239e-06,9.521126e-06,0.00019605267,0.012613601,0.010328801,1.9821539e-07,1.7582091e-06,2.9977386e-08,4.717922e-08,0.0001596642,1.4327155e-07,3.1274956e-06,0.0034319074,2.5106334e-05,4.38708e-05,0.00058047584,4.205391e-05,1.1412992e-05,6.738257e-05,6.1543153e-07,2.0593294e-05,1.17497564e-07,5.110162e-08,0.00022780252,3.8266277e-05,1.1370548e-06,6.6997472e-06,4.5024194e-06,1.677839e-06,1.3022666e-06,9.284239e-06,4.607125e-06,1.7836144e-06,1.4408149e-06,5.2407217e-05,1.32104215e-05,1.6843973e-05,1.0399849e-06,6.634479e-07,3.7309383e-07,4.833278e-07,2.6536725e-07,3.6665477e-07,1.2955476e-06,2.577054e-06,2.6041187e-06,2.8254278e-06,2.4921845e-05,6.904592e-06,5.4281507e-08,9.661971e-08,0.5929716,2.0288219e-06,0.013622174,0.039470695,3.3248129e-09,0.00039683617,0.034949783,0.00040734495,1.1841151e-05,5.70862e-08,1.9392256e-07,3.413389e-10,1.3780488e-06,2.1927992e-08,2.8315217e-06,9.428573e-06,2.6553053e-06,2.2242557e-07,3.413675e-05,1.0345539e-05,1.0172568e-05,8.2447104e-07,4.6304485e-06,1.8113607e-05,9.752676e-08,4.272806e-06,1.7546982e-06,1.4102625e-07,9.0225274e-07,1.1757836e-05,5.4002453e-06,1.7199493e-05,4.0749957e-05,0.0002428505,0.00013887945,5.57503e-07,3.1813606e-06,1.6171534e-05,2.4571596e-06,2.1542226e-06,8.917924e-06,5.4379307e-06,1.2150505e-06,6.6152998e-06,1.6180987e-06,4.5836143e-05,0.19342525,0.0102113625,9.799019e-06,6.1498663e-06,4.7220183e-07,1.3520369e-06,3.8005826e-06,5.021412e-07,0.00028415522,2.6312767e-07,8.6770946e-05,8.8142715e-06,6.959083e-06,2.0710281e-06,4.1455365e-07,5.205053e-06,4.060239e-06,1.1892153e-06,0.0001890529,1.1940909e-05,2.5432548e-05,0.00031185587,9.2319993e-07,9.260876e-06,3.0215438e-06,1.8571378e-06,3.1907646e-06,1.7123647e-07,1.9544143e-05,1.218512e-06,1.7515766e-05,3.7021903e-06,4.5213895e-07,2.3360266e-05,5.9424146e-06,2.8189575e-05,0.39684469,1.174901e-06,1.3252592e-05,3.6525108e-07,1.1027223e-05,0.00028645754,5.594641e-08,2.8281452e-06,1.4769506e-06,2.2359973e-05,8.157185e-06,4.3158893e-06,4.1000305e-07,3.6334031e-06,7.986507e-06,2.4126159e-05,3.9424413e-06,0.00039460103,2.4375252e-08,2.6815145e-05,3.2560997e-06,1.5256268e-07,8.797156e-06,4.192295e-07,7.75684e-06,5.0054227e-06,0.00021383513,2.3089267e-06,8.130521e-05,7.205609e-07,2.8216551e-05,5.4371594e-05,6.7780223e-07,1.4129819e-07,5.3711083e-06,3.9402157e-06,0.00020867526,4.4702398e-07,0.00019441974,7.219584e-06,3.0553012e-06,2.4384484e-05,4.3397603e-07,6.6600456e-05,2.894404e-06,3.3392905e-06,6.7748433e-06,1.3350153e-06,1.597431e-05,1.5266266e-07,0.0006892206,1.9229121e-06,1.5013662e-05,2.276645e-05,2.9148192e-05,4.315943e-06,5.7349994e-06,0.00012046916,5.9569284e-06,4.061235e-05,2.1659304e-07,1.834293e-05,7.9602347e-07,1.2657054e-06,2.4537885e-05,2.5240726e-05,9.2676455e-05,6.510902e-05,1.373696e-05,3.0522197e-06,1.2479197e-06,3.917398e-06,1.7439696e-05,2.247582e-06,2.5574562e-05,0.050709277,0.05510875,3.7272544e-06,1.6007458e-06,2.7709011e-06,1.1103465e-06,3.7750436e-07,2.724243e-06,9.806993e-07,7.2940594e-08,2.3480127e-06,0.00018720582,1.5581936e-05,5.0327876e-06,2.721293e-07,3.8822527e-06,3.7207977e-07,5.9014743e-05,3.5113962e-07,8.139087e-06
BC2026_Train_0027_S22_20211129_014500_000,9.803891e-08,8.456242e-06,8.516989e-08,0.37585288,2.2505496e-07,1.6656747e-09,3.943273e-07,2.342767e-07,0.0002577748,0.84974134,0.20822628,4.7982553e-06,4.9814172e-08,3.116251e-08,2.0907068e-07,0.00014748238,1.7757021e-07,4.3302926e-08,0.0017946486,4.6219952e-06,9.759046e-07,0.0010074073,1.5091533e-06,2.2432137e-06,5.4344723e-06,1.2965426e-06,3.0771983e-07,1.872668e-07,1.0307409e-06,4.1543102e-05,9.2988674e-05,1.6043449e-06,6.642577e-05,4.4243934e-06,1.8770824e-06,4.141986e-06,2.9068826e-06,3.8264075e-06,3.6820384e-05,3.5228145e-06,8.905315e-05,5.3991313e-05,3.5339287e-06,2.1265641e-06,3.0434446e-06,2.1034834e-06,2.859325e-06,1.4868604e-06,1.4915385e-06,1.3808587e-06,2.0457603e-06,2.3711204e-06,2.1208712e-06,7.4708325e-05,2.2599625e-05,3.519965e-08,9.409626e-08,0.31273985,5.256917e-07,5.9747026e-07,0.0021501193,7.789774e-09,0.00081383716,0.027090916,4.946173e-05,8.1723306e-07,9.987674e-07,8.708123e-09,2.1379256e-08,1.2080291e-06,6.720727e-09,3.3111952e-08,2.347827e-06,6.6036887e-06,1.8625245e-06,1.6809558e-06,2.0684542e-05,1.7840306e-05,1.1283988e-06,2.3877856e-05,4.2890465e-06,6.5746533e-09,4.1989675e-05,2.3111576e-07,3.3752938e-06,1.7068083e-06,6.354912e-06,1.1041597e-05,2.125975e-05,1.1026823e-05,4.0358846e-05,3.6643174e-05,9.1524794e-07,8.749032e-06,0.0005680461,5.836227e-06,4.2464017e-06,0.0001051995,2.1923909e-06,6.43201e-06,2.2671613e-06,4.5559648e-07,4.850418e-05,0.0014452167,0.00013403219,4.3738073e-06,6.342859e-07,1.16066666e-07,3.2493926e-06,5.4063566e-06,8.0788305e-07,7.977275e-05,1.1444067e-06,6.9295597e-06,9.131868e-06,3.1099393e-05,3.0783153e-06,1.0134503e-06,8.953134e-06,6.702523e-05,6.9327198e-06,3.4787285e-05,4.118783e-07,7.247958e-05,4.88362e-07,1.3004335e-06,5.0112027e-07,2.0556485e-05,1.9442675e-06,7.5538526e-05,2.6358872e-05,2.11718e-05,2.2143866e-05,1.2767118e-06,1.088589e-06,2.7732224e-07,1.8460682e-05,3.00699e-05,3.0728323e-05,0.00032473353,8.827543e-07,2.5279556e-05,6.762393e-06,5.180441e-06,1.6806442e-05,1.8074633e-08,9.291487e-07,2.5261914e-05,0.00032584905,6.2364443e-06,8.722445e-07,7.461632e-06,5.743608e-06,8.971082e-07,7.2993857e-06,5.7073203e-06,3.1560164e-06,4.8634348e-08,4.9793653e-06,1.0999577e-06,5.3451655e-05,6.1528062e-06,3.1502818e-06,1.4558954e-06,1.7560926e-06,0.00079617137,4.6858368e-05,5.934537e-06,1.3705987e-07,7.2723155e-06,1.941677e-06,7.872841e-06,8.436019e-07,7.167776e-07,5.110024e-06,3.8386993e-06,3.5479766e-06,1.4627157e-05,6.1047963e-06,7.1665645e-06,3.6008416e-05,7.2888633e-07,1.4220056e-05,3.6495197e-07,1.2394699e-05,1.2641655e-05,6.353551e-07,3.5088644e-05,1.3077921e-07,4.7714395e-05,5.8153186e-05,0.00022990488,1.4723951e-05,8.684921e-06,5.6616263e-05,2.7683667e-05,5.5802975e-06,3.9029337e-07,1.4392246e-05,5.837312e-07,9.766694e-08,3.2913863e-07,2.121331e-07,7.046179e-06,1.6018726e-06,1.7035223e-05,8.8128276e-05,1.5649505e-06,2.6770524e-06,2.6884045e-06,8.2185534e-07,0.0001054712,1.0908265e-06,2.0600288e-05,0.007516384,0.08493292,7.5121943e-07,8.294419e-07,1.273109e-07,2.918394e-07,9.467178e-08,5.524259e-07,5.854545e-07,2.6145373e-05,1.2882023e-06,0.00026210808,6.536226e-07,4.436972e-06,2.3635369e-06,8.234752e-06,1.5313512e-07,6.336924e-05,5.6260046e-07,7.469236e-06
BC2026_Train_0027_S22_20211129_014500_005,6.68323e-07,1.04758565e-05,6.764513e-07,0.5525719,4.556586e-07,2.4642926e-08,1.1437826e-06,2.8646255e-06,0.0002543457,0.8738347,0.18183358,1.44841815e-05,1.1427501e-06,3.0191595e-07,7.164947e-07,0.00035778817,6.7538e-07,1.9501398e-07,0.00042237598,6.212866e-06,3.49512e-06,0.00010213649,8.827932e-06,1.5480537e-05,2.1350459e-06,2.3630569e-06,2.7508327e-06,6.3881765e-07,3.206977e-05,0.0003803464,0.00020606063,1.6679473e-05,8.756118e-05,8.969824e-05,1.1743078e-05,6.535798e-05,1.46534185e-05,1.8915116e-05,0.000120241915,4.677162e-05,0.0003068928,9.932023e-05,2.0068663e-05,2.7082006e-05,1.1624314e-05,7.1593445e-06,6.512206e-06,1.8767117e-06,4.141074e-06,6.453091e-06,7.749668e-06,8.311805e-06,6.832832e-06,0.00024682118,0.00018235181,1.7742428e-07,7.372575e-07,0.2769744,8.689733e-07,1.1296564e-06,0.0008014518,1.01541474e-07,0.0012135064,0.0092261275,0.00015320333,1.4747966e-05,7.2152494e-07,9.99411e-08,4.2760328e-07,8.495169e-06,5.358755e-08,1.310935e-07,4.938298e-06,8.641284e-06,2.6186248e-05,5.5642327e-06,2.5442589e-05,9.9018376e-05,9.035167e-07,0.00014345726,4.288364e-05,1.0207683e-07,4.5412202e-05,3.485158e-06,1.1296413e-06,2.6330515e-06,2.3765651e-06,2.535931e-05,7.408514e-05,1.0557907e-05,0.00012774639,0.00012003274,1.5981335e-05,7.553571e-05,0.0002493162,1.5025781e-05,5.1193318e-05,0.00010313014,4.3973625e-05,4.3994598e-05,6.9376597e-06,8.674225e-07,7.37774e-05,0.009518385,0.0007235596,4.5264635e-05,3.3438544e-06,4.5796799e-07,1.1676254e-05,8.198276e-06,1.1954385e-06,0.00021652009,2.1235771e-06,3.7901584e-06,9.071498e-06,1.1952895e-05,9.777019e-06,1.5184798e-05,1.3211579e-05,0.0005535846,1.0290005e-05,7.224697e-05,1.6111694e-06,0.0004109588,9.453477e-06,5.6009203e-06,5.7089806e-06,4.524319e-05,5.758999e-06,4.8026828e-05,3.085285e-05,8.912001e-05,1.1258061e-05,1.9265522e-06,2.2339225e-06,1.3506447e-07,5.3992957e-05,0.00011362788,4.719187e-05,0.013280647,4.221815e-06,3.3501386e-05,5.703745e-06,1.4563033e-05,0.00048435965,4.6069523e-08,1.5001119e-06,1.9134117e-05,0.0017330832,2.716851e-05,3.7780687e-06,8.794899e-06,4.4103563e-05,5.679607e-06,1.5830783e-05,1.7870769e-05,5.83073e-06,2.1186315e-08,9.970335e-06,1.7490378e-06,2.2923507e-05,1.6348336e-05,2.9869457e-06,9.536774e-06,2.6537634e-06,0.0003489547,0.0001164145,1.2006087e-05,3.225156e-07,2.475499e-05,2.3757859e-05,8.432283e-06,1.3813922e-06,2.5076117e-06,4.4157598e-05,0.00013263192,6.51007e-06,6.1694163e-06,9.102428e-06,1.9104433e-05,3.5613943e-05,1.0157997e-06,4.6710644e-05,6.8218155e-06,2.4460924e-05,2.9451554e-05,5.0714965e-07,9.642516e-05,2.9925775e-07,0.00038036617,0.000187497,0.0006466814,7.3161955e-06,9.508485e-05,7.892815e-05,0.00015377969,1.531385e-05,3.2802604e-06,6.7880595e-05,1.8559339e-06,2.1090845e-07,5.657092e-06,2.1465403e-06,2.1564285e-05,1.0342324e-05,4.6329034e-05,0.000926222,1.8151997e-05,4.527331e-05,6.350338e-06,2.8606587e-06,2.9565072e-05,2.797965e-06,6.388126e-05,0.1094116,0.025516592,2.7158096e-06,3.4565428e-06,3.813573e-07,1.621029e-05,4.212229e-07,1.4506647e-06,2.5793502e-06,7.683042e-06,1.4223257e-06,0.00079105917,1.8257808e-06,8.679696e-06,4.1561685e-05,7.631901e-06,5.597602e-07,0.0002698823,4.5387146e-06,1.2032806e-05
BC2026_Train_0027_S22_20211129_014500_010,2.0060392e-07,4.4654156e-05,8.053615e-07,0.3378435,3.4416578e-07,4.054687e-08,1.2630815e-06,1.8531944e-06,0.0012003685,0.8153286,0.09366744,6.4784115e-05,1.0957655e-06,9.925632e-07,1.6410036e-06,0.0013467156,8.575963e-07,1.3293956e-07,0.0016616866,2.4979543e-05,2.6717016e-06,0.0020761932,3.513688e-06,3.918127e-06,1.2805033e-05,4.34665e-06,3.7854475e-06,1.7820616e-05,4.158857e-05,0.00076935603,6.684944e-05,7.309257e-06,4.0335148e-05,7.682742e-06,3.2458713e-06,1.5291651e-05,3.5658938e-06,3.8295143e-06,2.036734e-05,6.505452e-06,3.573141e-05,2.9661398e-05,6.3914213e-06,1.0842119e-05,3.9790502e-06,2.4970018e-06,2.1342462e-06,2.4043545e-06,1.890147e-06,1.4983962e-06,3.3939798e-06,3.918934e-06,2.9653747e-06,3.7923593e-05,2.9273322e-05,3.2932104e-07,1.6674592e-07,0.14691474,1.8989714e-06,3.497444e-06,0.0062199747,2.7757885e-08,0.004354858,0.040787242,0.0021840741,5.626687e-06,3.1857903e-06,4.1363074e-07,3.4839906e-07,1.4886359e-05,3.3178328e-08,1.9154635e-07,1.6960828e-06,3.4228513e-05,4.213746e-06,4.264644e-06,4.8165897e-05,3.828395e-05,1.9579718e-06,0.00016778547,0.00010057388,1.11755284e-07,3.6806905e-05,1.7436284e-06,1.348997e-05,8.836836e-06,3.1697891e-06,1.13406895e-05,5.0060495e-05,4.591974e-06,0.00053152005,7.321162e-05,1.9154217e-05,1.7727338e-05,0.00056166446,2.4159426e-05,7.6604565e-06,1.85897e-05,5.803996e-06,1.8628922e-05,8.750784e-06,3.5909218e-07,0.00011299223,0.0043229964,0.002238284,9.118997e-06,1.4065034e-06,8.7527934e-07,4.094414e-06,1.3073624e-05,1.2320902e-06,9.520578e-05,2.000319e-06,5.490494e-06,1.616264e-05,9.037141e-06,8.723545e-06,5.8896794e-06,1.8785091e-05,0.0002475659,3.58251e-05,4.2901513e-05,6.799504e-07,0.00022754094,1.4126523e-05,4.5208817e-06,8.092224e-06,5.4387096e-05,2.247494e-06,0.00030032443,0.00022864334,7.342738e-05,7.2851006e-05,1.0596698e-06,1.3416126e-06,7.8324155e-07,7.068556e-05,3.3249118e-05,4.2649175e-05,0.00063552125,1.14707245e-05,1.258692e-05,1.1796888e-05,1.2052111e-05,0.00029261276,2.6201437e-07,1.188586e-06,2.8424187e-05,0.0011700067,3.0097011e-05,3.2900791e-06,1.5320131e-06,4.6011195e-05,5.839339e-06,9.387542e-06,1.0342204e-05,7.8103506e-07,1.9728803e-08,2.1503765e-05,2.4792103e-06,6.0600818e-05,8.414651e-06,2.0586598e-05,2.9795824e-06,1.5026649e-06,0.00074189034,3.052551e-05,8.111354e-06,3.1577397e-07,1.1088872e-05,9.914763e-06,5.7782977e-06,5.0945414e-07,1.4447611e-06,1.0344503e-05,1.3593906e-05,4.5511106e-06,1.3464741e-05,3.023991e-05,4.731191e-05,2.9016455e-05,9.21105e-07,4.467362e-05,4.2823726e-06,2.2921233e-05,2.7269482e-05,1.0880877e-06,3.4693625e-05,3.140768e-07,2.8182669e-05,4.7533325e-05,0.00018148642,1.2371531e-05,2.5215606e-05,9.441831e-05,4.1859534e-05,5.3523827e-06,2.0043215e-06,0.00011341971,2.7806293e-06,1.3710302e-07,4.317553e-06,7.186298e-07,9.711977e-06,2.6664986e-06,8.3710496e-05,0.00075626594,3.046432e-05,3.898287e-06,5.354226e-06,1.4287766e-06,0.00014961284,1.9884883e-06,4.3316726e-05,0.022767132,0.024145871,7.875655e-07,1.1719322e-06,3.2783672e-07,3.105292e-06,8.740759e-08,2.2192328e-06,1.3122775e-06,4.8335364e-06,9.561709e-06,0.0004700394,1.2694202e-06,1.8819394e-05,5.3085178e-06,1.0889715e-05,9.5310327e-07,0.0002503354,2.7312088e-05,9.815125e-06
BC2026_Train_0027_S22_20211129_014500_015,6.159765e-07,7.291218e-06,9.701727e-07,0.04809222,1.7037377e-06,2.1701727e-08,3.7581606e-07,1.0621861e-06,9.0427726e-05,0.082820304,0.14386076,2.7125661e-05,1.5403957e-07,7.6774586e-07,1.2688064e-06,0.0007149656,4.067635e-07,3.4492963e-08,0.000663666,2.8514596e-05,8.825651e-06,0.0012633771,2.524812e-06,5.578759e-06,4.7131605e-05,1.5658075e-06,1.0778387e-05,1.8320638e-05,3.6189754e-06,0.00018713335,1.9202209e-05,2.5437773e-06,1.1104852e-05,2.8263444e-06,2.2619954e-06,4.385418e-06,1.2574939e-06,1.7131224e-06,4.4582266e-06,2.2379506e-06,2.0793397e-05,6.251516e-06,1.1058563e-05,2.1593007e-06,1.4033789e-06,1.0513894e-06,1.8925549e-06,1.0817804e-06,5.537313e-07,7.174307e-07,3.722906e-06,4.253527e-06,3.6859183e-06,1.7044747e-05,1.3693599e-05,1.2269412e-07,2.6039916e-07,0.113608204,8.4009673e-07,9.833102e-07,0.010800878,2.9250529e-08,0.00091069064,0.025015675,0.0010810255,3.6801998e-06,1.7332934e-05,2.1311737e-07,9.9237894e-08,5.3210842e-05,5.5093846e-08,6.5637107e-07,6.079077e-06,6.9771977e-06,2.8125535e-06,9.720298e-06,2.6915755e-05,3.0619212e-05,2.3534917e-06,3.1057218e-05,7.289395e-05,1.5702186e-07,0.00010709139,3.36724e-06,2.3176159e-05,2.2816768e-05,7.1419754e-06,1.0997586e-05,9.425099e-05,5.345517e-06,0.00048147442,2.4467246e-05,1.50622645e-05,1.2452732e-05,0.00036901908,1.2543279e-05,2.7909718e-06,7.365762e-06,7.321109e-06,2.3985738e-05,1.5526979e-05,1.8990553e-07,5.4766617e-05,0.0042050225,0.00045114933,5.9589e-06,4.1006506e-06,1.839213e-06,5.8311753e-06,5.3562435e-05,3.5423911e-06,5.905359e-05,6.394062e-06,7.840996e-06,9.197488e-06,5.1805e-06,5.1531083e-06,4.652501e-06,1.243563e-05,6.2917934e-05,4.5108773e-06,3.3027874e-05,5.7297943e-06,0.00014237902,2.3998024e-05,5.268965e-06,1.1623016e-05,4.232661e-05,4.634699e-06,5.222786e-05,8.022536e-05,1.7598495e-05,1.1174756e-05,1.189213e-06,1.7460779e-06,9.600025e-07,1.9077397e-05,6.586628e-05,1.6252114e-05,0.00024173287,3.7483933e-05,6.38276e-06,2.0314927e-05,8.443976e-06,0.00013842847,2.5891688e-07,4.113086e-06,5.5241553e-06,0.00016166753,1.320095e-05,2.1235062e-06,9.864897e-07,3.41332e-05,3.3206976e-05,5.6765743e-06,1.9946874e-05,8.2479824e-07,3.392228e-07,2.4698422e-05,4.8096995e-06,2.557556e-05,1.2984547e-05,3.417206e-05,1.5661927e-06,8.212575e-07,0.0006025735,3.4188738e-06,1.36870185e-05,1.7655113e-06,2.5903646e-05,7.618361e-06,1.8913099e-06,6.745483e-07,3.6799997e-06,1.9075205e-06,2.9280448e-06,3.090087e-06,1.12100115e-05,4.501651e-05,1.51336635e-05,5.51816e-05,8.6557145e-07,2.9700092e-05,4.9711284e-06,2.2925582e-05,8.433513e-06,5.4631255e-06,1.7335296e-05,1.7101369e-06,6.299069e-06,4.115152e-05,6.2955565e-05,3.1480745e-06,1.42561885e-05,3.3174783e-05,3.412588e-05,9.863788e-06,2.98362e-06,3.0607713e-05,7.3710345e-07,1.5955378e-06,2.6436571e-06,6.756293e-07,5.019238e-05,6.0113553e-06,8.7629924e-05,0.0002138998,1.7701963e-05,2.1699157e-06,1.6985567e-05,4.863263e-06,3.2239062e-05,2.5595975e-06,5.400223e-05,0.0022137298,0.0011544818,1.3218196e-06,2.8894615e-06,1.3451947e-06,6.414442e-06,3.254229e-07,1.808392e-05,1.2060182e-06,6.9530273e-07,8.173148e-06,0.00017485433,2.587298e-06,5.458142e-06,4.6700592e-07,1.2339327e-05,2.2098031e-06,4.0192386e-05,3.0743682e-05,6.6298824e-05
BC2026_Train_0027_S22_20211129_014500_020,4.0374468e-07,7.491583e-07,2.6136469e-08,0.22080979,5.8277783e-07,8.2001455e-09,4.0329215e-07,8.029067e-07,0.00010616513,0.3319178,0.1953536,3.8118676e-06,3.65211e-07,5.0460432e-08,9.035386e-08,0.00057872053,5.142271e-07,2.3331186e-08,0.0010680305,1.7600223e-05,8.245337e-06,0.00011621008,6.927584e-07,7.230822e-06,5.7034463e-06,4.4314228e-07,5.8938485e-06,5.227276e-07,2.9535866e-07,0.00031507382,3.36722e-05,1.0843626e-06,1.0635225e-05,5.610002e-06,2.0661357e-06,3.1419197e-06,6.9147063e-07,9.2135986e-07,7.7641525e-06,1.8296905e-06,3.825267e-05,1.0564979e-05,1.4362164e-05,8.4053585e-07,5.735627e-07,4.5247845e-07,5.4771664e-07,3.759372e-07,3.233354e-07,4.416403e-07,3.489701e-06,3.7782381e-06,3.5328976e-06,3.7040147e-05,9.786972e-06,5.0668262e-08,2.2602308e-07,0.40055072,9.624474e-07,1.4819096e-07,0.006742121,3.6938555e-08,0.00043783206,0.02286568,0.00029741524,1.0608422e-05,2.0294497e-07,1.307928e-07,4.429069e-08,2.4927025e-05,3.6394798e-09,2.7813087e-07,1.919585e-06,1.9596325e-06,1.0582972e-06,1.2843014e-06,4.777881e-06,1.1403591e-05,1.0029452e-06,2.602527e-06,3.3316628e-05,2.7733856e-08,6.9707476e-06,3.530638e-06,3.1559063e-07,1.123795e-06,6.660223e-07,1.0504669e-05,4.958878e-05,2.4634526e-06,0.0011733421,9.635663e-06,1.1736971e-06,3.8912412e-06,7.8985155e-05,9.5634605e-06,2.9647695e-06,1.6348149e-06,1.2643984e-05,2.9944067e-06,1.5392607e-06,1.2349565e-07,1.7359052e-05,0.027465979,0.00043583848,2.5742338e-06,2.5219822e-06,3.6545424e-07,1.1698385e-06,6.363657e-06,4.1865857e-07,6.57725e-05,1.4324644e-06,4.43101e-06,2.8884174e-06,1.0041291e-06,1.6470146e-06,2.6440503e-06,3.7600857e-06,1.2876095e-05,1.0022368e-06,1.1472027e-05,1.5382114e-06,0.000101998856,3.2193495e-06,1.3412568e-06,6.561466e-06,5.6663575e-06,3.464e-07,1.3322135e-05,1.0899967e-06,1.8894852e-05,1.3840784e-06,2.1557567e-07,1.0395665e-06,1.6517416e-07,5.824456e-06,4.1047973e-05,4.392031e-06,0.0043823468,4.6438527e-06,6.2705335e-06,6.020259e-07,2.6718062e-06,0.00032465582,2.2545754e-07,7.836001e-07,1.3213428e-07,3.1703683e-05,3.828988e-06,1.0497441e-06,2.3792356e-07,9.235775e-06,3.7445443e-06,1.3219935e-06,4.17292e-06,4.8671933e-07,9.928405e-09,1.9495926e-06,1.0907027e-06,1.5220955e-06,7.5410385e-06,8.018912e-07,4.3951175e-07,3.5612004e-07,0.00047031644,4.926087e-06,2.0097e-06,3.28639e-07,8.325189e-06,2.2212973e-06,5.488162e-07,2.1550824e-07,7.0816276e-07,5.848691e-07,7.619524e-06,7.708595e-07,1.3908293e-06,9.622513e-06,1.0772619e-06,6.133315e-06,1.254956e-07,1.3412772e-05,1.5894766e-06,5.2425407e-06,1.1000238e-06,1.3113706e-06,1.0575412e-05,1.636874e-07,1.1607243e-05,9.835242e-06,1.3162835e-05,1.1535496e-06,3.9364186e-06,9.33124e-06,1.8087405e-05,6.333288e-06,1.3679207e-06,2.0419171e-05,1.5009574e-07,7.759369e-07,5.762102e-07,3.7890922e-07,4.0946406e-06,9.536433e-07,6.333432e-05,0.00013480407,5.8741416e-06,1.6605024e-06,5.6618255e-06,2.2159588e-06,2.3447167e-06,1.6453426e-06,3.022218e-05,0.02070606,0.006614935,4.2996027e-07,7.535442e-07,4.1415655e-07,2.518053e-06,9.7654265e-08,8.6308364e-07,9.593125e-07,2.4994458e-07,1.0847443e-06,2.9927942e-05,7.1498073e-07,1.4562314e-06,3.5669922e-07,2.0396003e-06,6.288148e-08,1.9071722e-05,1.7146326e-06,2.1177373e-05
BC2026_Train_0027_S22_20211129_014500_025,2.372728e-07,5.3952397e-07,1.9637132e-07,0.21504587,2.1189736e-07,3.223472e-09,2.334646e-07,1.1916958e-06,0.00015966449,0.5543985,0.15306236,3.2553885e-06,3.9782617e-07,3.0224662e-08,1.09889285e-07,0.00051796343,3.9918902e-07,1.5380554e-08,0.0008841096,4.328606e-06,4.241407e-06,4.4714023e-05,1.3510083e-06,1.4194447e-06,3.2723212e-06,2.3880946e-07,1.1956632e-06,5.383993e-07,7.495578e-07,0.00016550216,2.377989e-05,9.1468075e-07,6.589767e-06,2.1485432e-06,5.4681476e-07,2.98399e-06,4.817531e-07,5.0379504e-07,4.69095e-06,1.0657262e-06,1.0389319e-05,5.863407e-06,2.8027962e-06,1.0371671e-06,3.6667328e-07,2.3043636e-07,1.55227e-07,1.8172744e-07,1.3813538e-07,1.4287026e-07,1.1838607e-06,1.3160374e-06,1.185828e-06,1.2994582e-05,4.255012e-06,2.0739751e-08,3.8940026e-08,0.28952783,3.0386718e-07,3.3698123e-07,0.0062809223,9.6135295e-09,0.0013087927,0.05048814,0.0002740269,8.115456e-07,8.3383746e-08,3.0941656e-08,1.0870869e-08,9.553707e-06,3.253336e-09,1.0692114e-07,8.3013276e-07,5.871559e-07,5.280774e-07,1.2619172e-06,8.571903e-06,6.206671e-06,4.042579e-07,2.400922e-06,2.9315257e-05,2.6015213e-08,2.635966e-06,1.8465593e-06,2.0684925e-07,9.644706e-07,7.5946883e-07,4.382216e-06,1.45517615e-05,2.2928077e-06,0.0003050393,1.0124399e-05,1.3622642e-06,3.0358092e-06,5.2389176e-05,4.3627592e-06,1.1261734e-06,1.6649612e-06,1.5040547e-05,2.5439301e-06,1.1358604e-06,9.063296e-08,2.357536e-05,0.015151562,0.0016233874,4.372931e-06,1.0924673e-06,2.934746e-07,2.6062055e-06,4.512689e-06,2.0302511e-07,6.209009e-05,8.5273973e-07,2.7363142e-06,3.1393201e-06,1.0271426e-06,2.256837e-06,1.2970435e-06,2.3045247e-06,4.1229734e-05,2.731931e-07,1.5719697e-05,6.3578733e-07,5.6202807e-05,2.3984367e-06,1.1351058e-06,1.5936824e-06,2.6045755e-06,3.9764598e-07,3.087755e-05,1.566197e-06,1.9802901e-05,6.2642596e-07,2.5612454e-07,4.236667e-07,1.5345672e-07,8.79349e-06,1.2282995e-05,3.7828784e-06,0.0058616693,5.3893586e-06,2.8917443e-06,9.511266e-07,2.3402913e-06,0.0010029786,5.618894e-08,4.851835e-07,7.414174e-07,0.00016683577,5.614332e-06,8.525202e-07,1.2973388e-07,7.0935703e-06,3.2522203e-06,1.2568272e-06,2.4489225e-06,1.752688e-07,7.048933e-09,2.152239e-06,3.425678e-07,1.5887568e-06,2.9655303e-06,5.303076e-07,7.5836004e-07,8.232618e-07,0.00021333498,8.047318e-06,3.307274e-06,1.3680352e-07,9.43074e-06,3.950435e-06,3.0345512e-07,9.982031e-08,3.9583932e-07,7.593544e-07,1.2382731e-05,4.1481783e-07,2.564369e-06,3.969911e-06,2.3532607e-06,7.556516e-06,8.716336e-08,7.378367e-06,1.8176675e-06,2.5564186e-06,2.9414928e-06,3.7029704e-07,7.243093e-06,8.3326995e-08,1.2251852e-05,9.39082e-06,2.3524895e-05,9.650198e-07,2.9688554e-06,1.2940083e-05,2.8062172e-05,4.171352e-06,5.011389e-07,2.7822243e-05,7.279938e-08,1.8572712e-07,9.015414e-07,3.27898e-07,2.8820227e-06,1.2456143e-06,5.5558183e-05,0.00023942534,1.27646645e-05,1.177537e-06,1.1611565e-06,9.913343e-07,5.1645275e-06,4.5371382e-07,3.743574e-05,0.022798052,0.01031453,2.1646481e-07,2.4221418e-07,3.9451538e-07,1.6210425e-06,3.0792233e-08,5.2506385e-07,5.1628257e-07,1.1939296e-07,4.808851e-07,3.0338872e-05,4.1699022e-07,2.4810245e-06,8.102418e-07,1.3123264e-06,7.645406e-08,1.6053893e-05,2.5520756e-06,7.8607245e-06
BC2026_Train_0027_S22_20211129_014500_030,1.6943012e-07,5.924104e-06,3.6706095e-07,0.17903394,4.2116142e-07,1.9631509e-08,2.082402e-06,2.476174e-06,0.00020382246,0.78859806,0.18048887,1.419755e-05,1.5381482e-06,1.4553302e-07,8.0912065e-07,0.00072712963,2.1452439e-07,9.3601855e-08,0.0016360655,2.8725437e-05,2.49387e-06,0.000659642,5.506314e-06,3.6602835e-06,2.6827678e-05,3.4343666e-06,1.5870486e-06,5.8754523e-07,5.9582467e-06,0.00020489065,4.1372114e-05,2.3569778e-06,2.749528e-05,3.9070146e-06,1.9586291e-06,5.4021407e-06,9.0954165e-07,2.0358325e-06,1.654273e-05,2.7599826e-06,3.6920945e-05,1.821571e-05,6.2977356e-06,3.5864625e-06,2.1753067e-06,1.4775931e-06,2.019845e-06,1.4543773e-06,1.0755896e-06,1.1050951e-06,2.8368436e-06,3.726611e-06,2.6715081e-06,2.9661087e-05,1.6032564e-05,2.2020605e-07,2.043468e-07,0.173135,8.630236e-07,8.9702684e-07,0.0043729157,3.600842e-08,0.0016536334,0.03207315,0.0009686162,6.913375e-06,6.1810016e-07,1.2843417e-07,1.3841006e-07,8.911666e-06,1.8629969e-08,2.162263e-07,1.8544283e-06,1.6434406e-05,1.5040441e-06,3.5736223e-06,1.800296e-05,3.0766972e-05,2.3351924e-06,2.5160096e-05,8.339077e-05,6.256671e-08,1.97159e-05,5.512777e-06,1.5454326e-06,2.7464368e-06,2.6671955e-06,3.168848e-05,6.600851e-05,3.4886066e-06,0.0004877532,1.8368695e-05,6.1989517e-06,2.344512e-05,0.00024965013,1.8350853e-05,8.9816795e-06,1.7662218e-05,1.6318229e-05,8.523815e-06,2.4100475e-06,6.410171e-07,6.133775e-05,0.0047262763,0.0007167424,1.3209437e-05,1.5526329e-06,3.5318223e-07,3.2668145e-06,9.724229e-06,1.3700333e-06,0.00010979403,1.6490925e-06,5.9653994e-06,5.93679e-06,1.2789828e-05,1.1489282e-05,1.1542623e-05,4.872306e-06,0.00010000763,1.599765e-05,3.6148205e-05,4.9077437e-07,0.00013360665,2.6590835e-06,2.4150288e-06,6.1698456e-06,1.1960091e-05,9.081948e-07,0.00013412796,1.3981827e-05,0.00013477489,1.574822e-05,8.001143e-07,2.091693e-06,5.250058e-07,3.0809104e-05,1.6071754e-05,1.6752962e-05,0.0024841041,8.146674e-06,1.9899488e-05,4.090609e-06,5.3028966e-06,0.000108951856,2.1357415e-07,1.8557942e-06,1.1645883e-05,0.00026567496,2.7900174e-05,1.8933746e-06,5.6455697e-06,1.6994885e-05,4.643237e-06,5.309698e-06,7.7483155e-06,3.1540035e-06,5.2610336e-08,7.952238e-06,1.164891e-06,2.5649617e-05,6.736234e-06,1.4384385e-06,1.7319843e-06,1.6657474e-06,0.0007494014,2.7379161e-05,4.765748e-06,4.5886816e-07,1.047269e-05,6.250491e-06,7.903517e-06,6.7002316e-07,2.3643734e-06,7.563654e-06,6.689752e-05,2.6329938e-06,1.1181387e-05,9.007851e-06,9.623009e-06,1.6837676e-05,4.6509746e-07,1.6445318e-05,2.0776233e-06,1.9549865e-05,2.510449e-05,1.4950633e-06,5.3298907e-05,6.9680954e-07,3.9475475e-05,6.3822146e-05,0.00013517335,2.3970964e-05,1.0825682e-05,5.6917517e-05,7.205913e-05,6.4869655e-06,1.253435e-06,4.8726433e-05,9.9072e-07,4.2244304e-07,4.0633186e-06,2.9952642e-07,1.0573042e-05,3.2044413e-06,4.3143704e-05,0.0003569201,1.29322e-05,3.8990565e-06,9.802571e-06,2.1680726e-06,3.417388e-05,2.6928667e-06,3.4325956e-05,0.04668292,0.010348878,1.8394093e-06,7.8526534e-07,8.2142986e-07,1.3220667e-06,2.4982114e-07,1.6764683e-06,1.7000439e-06,6.950593e-06,4.2131755e-06,0.00016057093,1.1279018e-06,7.358187e-06,4.9915175e-06,3.6293548e-06,2.7248768e-07,0.00014845465,3.8346707e-06,1.3741362e-05
BC2026_Train_0027_S22_20211129_014500_035,3.739541e-07,1.7980568e-05,2.1863775e-06,0.16936699,7.260676e-07,5.30607e-08,5.556369e-06,3.6471888e-06,0.00034426324,0.5500154,0.05238056,6.631046e-05,4.94548e-06,9.229262e-07,6.470956e-06,0.001147165,2.898874e-07,3.8441726e-07,0.006165389,2.9914761e-05,1.4015603e-05,0.0010567367,6.238812e-06,5.5716564e-06,5.9406317e-05,8.10908e-06,3.3153997e-06,1.1773249e-06,1.9929379e-05,4.6428904e-05,6.874314e-05,7.847759e-06,5.7957917e-05,1.2803899e-05,3.8053736e-06,2.8067418e-05,2.580396e-06,3.6081235e-06,3.1664826e-05,1.2376037e-05,4.5644007e-05,5.2582778e-05,7.644284e-06,1.2200341e-05,7.925656e-06,4.8239217e-06,4.311426e-06,3.658594e-06,2.4663157e-06,1.807069e-06,5.5144433e-06,7.177364e-06,5.468802e-06,5.612194e-05,4.8596306e-05,1.2286557e-06,6.474737e-07,0.26472884,2.4635137e-06,2.6977636e-06,0.0041456907,1.9155055e-07,0.004077782,0.033322085,0.0020344744,4.611886e-06,3.2866922e-06,2.3168998e-07,3.0040667e-07,6.2823315e-06,1.1467628e-07,4.5915755e-07,1.1217819e-05,0.00011005703,3.8753387e-06,9.653424e-06,3.0997242e-05,5.62153e-05,7.625222e-06,3.7350514e-05,9.869136e-05,2.1228894e-07,9.395209e-05,1.4668058e-05,7.4038408e-06,1.294518e-05,1.3087096e-05,4.5044555e-05,0.0001218795,2.0324791e-05,0.00089062634,0.00018288728,1.09247585e-05,1.9975276e-05,0.00031142417,3.43145e-05,6.0893994e-06,1.8926683e-05,4.90709e-05,6.995377e-05,8.432283e-06,1.5867066e-06,9.3808856e-05,0.0025953243,0.0006268044,2.2162816e-05,8.725426e-06,1.2848283e-06,1.7759081e-05,3.306569e-05,5.399648e-06,0.00047698102,5.991826e-06,9.130953e-06,1.2040692e-05,4.1696185e-05,3.2668355e-05,1.3202147e-05,1.6529137e-05,0.00013248656,1.3628693e-05,0.00014573564,3.2093928e-06,0.000873855,6.378738e-06,1.7578552e-05,4.438737e-06,7.531461e-05,6.087669e-06,0.00037584107,9.374196e-05,0.00012067507,6.2997366e-05,2.0450793e-06,9.059758e-06,4.262684e-06,5.3106618e-05,5.548745e-05,6.30876e-05,0.0007306994,4.0342147e-05,6.236835e-05,3.2808723e-05,1.1151431e-05,8.961043e-05,6.4100425e-07,6.5806357e-06,2.6545242e-05,0.00021386206,3.7548005e-05,6.1212195e-06,2.1981417e-05,5.041006e-05,9.198733e-06,3.0215755e-05,1.724469e-05,4.531799e-06,2.0457453e-07,1.9164961e-05,5.305567e-06,8.3752886e-05,2.1849808e-05,6.3811653e-06,6.019845e-06,5.7708794e-06,0.00092904543,3.781965e-05,2.2702427e-05,2.9861392e-06,4.3033455e-05,1.3008406e-05,5.101612e-05,1.8513624e-06,3.1203067e-06,4.275493e-05,9.6937394e-05,2.2316899e-05,4.785023e-05,3.4754754e-05,4.477372e-05,4.5777655e-05,1.3094285e-06,5.748125e-05,8.244936e-06,2.2174507e-05,3.9784234e-05,2.5145732e-06,0.00022967043,2.2500546e-06,0.0001142828,0.00017825243,0.00011310553,0.000104397746,2.5191332e-05,0.00015810541,0.00021949812,7.918803e-06,5.248629e-06,0.00014648477,4.076647e-06,2.1492237e-06,9.584305e-06,8.5338e-07,5.5302076e-05,1.026415e-05,9.208982e-05,0.00066254206,3.8254057e-05,6.429238e-06,2.6802056e-05,1.0214418e-05,0.0017274586,2.4683748e-06,0.00017043132,0.024899453,0.0164648,4.529565e-06,3.4572415e-06,3.455821e-06,4.175404e-06,8.900191e-07,3.6255735e-06,3.4406182e-06,2.1130289e-05,1.1960877e-05,0.00046318315,3.1469249e-06,1.45769145e-05,1.1816863e-05,2.0279329e-05,1.2275326e-06,0.00012125271,7.2241496e-06,5.153575e-05
BC2026_Train_0027_S22_20211129_014500_040,1.6300044e-07,7.872931e-06,6.6984234e-07,0.11029678,2.0306462e-07,1.2618273e-08,3.543138e-06,1.8609159e-06,6.1506966e-05,0.6187066,0.07761737,8.9236004e-05,1.5265656e-06,2.4938075e-07,9.689206e-07,0.00022520947,4.0794527e-07,6.9169374e-08,0.0033262544,1.7529484e-05,2.2414388e-06,0.00012967174,1.1245153e-06,1.6956702e-06,1.0031079e-05,9.653153e-07,2.8414195e-06,9.0357366e-07,5.750092e-06,0.00018343968,4.1853706e-05,3.1170443e-06,1.9520205e-05,3.0700216e-06,1.056453e-06,8.154875e-06,1.4153529e-06,1.1803681e-06,8.554288e-06,3.133359e-06,1.625937e-05,1.5344593e-05,3.6156398e-06,4.2862375e-06,8.882383e-07,5.5399386e-07,7.827412e-07,8.667684e-07,5.1982437e-07,5.034939e-07,2.610352e-06,3.376772e-06,2.790176e-06,1.7645852e-05,1.4250928e-05,4.5327485e-07,3.1050027e-07,0.29122126,5.257558e-07,1.3341357e-06,0.006885062,5.116218e-08,0.002792018,0.028335212,0.0012288035,1.5842298e-06,2.7548444e-07,2.7457534e-07,2.4487798e-07,1.1896557e-05,2.9622372e-08,2.4304393e-07,1.3544011e-06,1.5940039e-05,1.4066884e-06,7.720935e-06,2.26823e-05,1.1721339e-05,2.7258645e-06,1.0888012e-05,3.1856733e-05,3.1203548e-08,1.0081034e-05,2.26269e-06,7.7399835e-07,4.9484293e-06,4.1482363e-06,1.4281635e-05,2.1908148e-05,4.984211e-06,0.0006150007,3.8546794e-05,7.638877e-06,1.3649388e-05,0.00011153305,2.1985985e-05,1.5650625e-06,7.5742505e-06,2.1714848e-05,2.4054778e-05,4.492593e-06,1.6215961e-07,5.8725902e-05,0.0030245823,0.0017943042,1.3991377e-05,1.4119772e-06,1.6450149e-06,4.315869e-06,1.5716925e-05,6.658312e-07,0.00012194413,1.3991893e-06,7.293499e-06,7.3568594e-06,5.2058717e-06,1.1238452e-05,6.140836e-06,5.872932e-06,4.7804573e-05,1.3294466e-06,2.3314775e-05,7.643036e-07,0.00012419718,3.7141785e-06,3.8082924e-06,3.422136e-06,9.922652e-06,1.1526973e-06,0.00041056055,1.176321e-05,3.3458255e-05,1.6218082e-05,4.4836074e-07,2.6757812e-06,8.155654e-07,1.8781115e-05,1.8218974e-05,1.1177228e-05,0.00089576887,2.8699342e-05,7.72912e-06,3.926142e-06,4.04901e-06,0.00031224798,5.765753e-08,1.3680591e-06,3.2390712e-06,0.00029645753,2.7803122e-05,1.3906608e-06,8.8123863e-07,1.5921383e-05,4.827244e-06,5.4642924e-06,3.6991337e-06,1.1782313e-06,1.875976e-08,9.409072e-06,1.6880097e-06,3.614052e-05,5.4250118e-06,1.4446771e-06,1.1562425e-06,1.7337957e-06,0.00054034754,2.2549615e-05,6.6157227e-06,5.327981e-07,1.23864165e-05,7.5204985e-06,2.7307328e-06,2.4069212e-07,2.552348e-06,5.438439e-06,1.8106855e-05,2.0566304e-06,6.160139e-06,7.2123307e-06,8.380591e-06,1.34574875e-05,6.257441e-07,2.7558597e-05,5.7468087e-06,6.2918944e-06,1.2946488e-05,1.1132295e-06,2.4083767e-05,5.4624456e-07,3.9428447e-05,2.1839893e-05,2.6759175e-05,9.357706e-06,3.8552157e-06,3.9508166e-05,3.0557985e-05,6.6435346e-06,1.8468921e-06,5.9981317e-05,3.209725e-07,4.406134e-07,4.38905e-06,5.102847e-07,1.0458637e-05,2.222539e-06,4.570943e-05,0.00060213567,3.142345e-05,1.8929992e-06,4.845384e-06,2.1332835e-06,0.00016367057,5.915224e-07,6.239447e-05,0.029562755,0.007232442,8.574442e-07,7.1197593e-07,1.087343e-06,1.9088561e-06,2.6148192e-07,3.8713347e-06,1.0449678e-06,1.9724514e-06,9.889993e-06,0.00010119775,1.294098e-06,4.777958e-06,1.793085e-06,4.720794e-06,1.8824463e-07,6.1444945e-05,4.1712683e-06,2.111089e-05
BC2026_Train_0027_S22_20211129_014500_045,4.4735833e-07,5.2114656e-06,1.7089533e-06,0.0685115,5.023313e-07,2.373601e-08,3.1657046e-06,3.2754933e-06,0.00014702928,0.78598917,0.08505308,3.1221734e-05,5.3716434e-07,1.0077644e-07,1.0829397e-06,0.0002972718,7.957085e-07,6.490181e-08,0.008858793,9.801524e-06,9.677749e-06,0.00015588586,4.4124768e-06,3.119789e-06,1.39326185e-05,8.8239415e-07,2.3364778e-06,7.6325097e-07,3.1171005e-06,0.00013527587,0.00010268287,4.5151082e-06,5.7997615e-05,7.4347968e-06,1.8033606e-06,9.847256e-06,1.5109837e-06,2.7768056e-06,3.0278985e-05,6.873149e-06,5.2241256e-05,5.9209953e-05,4.9656223e-06,5.7408047e-06,2.3402065e-06,1.4077526e-06,1.8710949e-06,1.682797e-06,1.3225686e-06,1.3886252e-06,3.9503143e-06,4.548499e-06,4.2621314e-06,6.114356e-05,2.721085e-05,2.3643207e-07,7.2116444e-07,0.4412173,8.174537e-07,3.230908e-06,0.0019943577,3.219682e-08,0.00042746455,0.022550512,0.00018079883,2.6405428e-06,5.109718e-07,1.3020756e-08,7.0980455e-08,1.4564158e-05,5.145351e-08,2.8747985e-07,7.896278e-06,1.0331558e-05,2.18765e-06,1.7052764e-05,2.6898872e-05,2.7561333e-05,7.694811e-06,1.7494482e-05,2.6138343e-05,5.983747e-08,6.16369e-05,1.9335762e-06,1.45843e-06,3.797231e-06,1.4826683e-05,3.0296977e-05,3.8150007e-05,1.791821e-05,0.00023256373,0.0003005808,6.9637904e-06,7.0190363e-06,0.00040601267,2.0430954e-05,8.155559e-06,4.0232422e-05,1.9517955e-05,3.3445267e-05,2.3744626e-06,7.1913644e-07,6.275088e-05,0.0037378236,0.0010125629,1.5465735e-05,1.3560218e-06,4.4092363e-07,2.8285875e-05,1.5883772e-05,2.8040608e-06,0.00016145171,2.0267933e-06,1.30698345e-05,8.456048e-06,3.1542673e-05,2.4399116e-05,8.347894e-06,9.54348e-06,2.821669e-05,1.1812747e-06,3.8050202e-05,1.9338195e-06,0.0001461325,6.502847e-06,1.083754e-05,1.7042042e-06,3.2383177e-05,3.839329e-06,0.0006638106,1.5016655e-05,7.5584496e-05,2.2490492e-05,2.2072988e-06,7.71451e-06,1.7096102e-06,1.3853995e-05,6.4507505e-05,4.0320956e-05,0.0018926753,2.1124124e-05,8.089554e-06,4.672751e-06,7.594263e-06,0.00010505524,7.9348304e-08,5.123301e-06,1.2796587e-05,9.0334725e-05,1.1042598e-05,2.1576152e-06,6.9606763e-06,1.2616256e-05,6.529674e-06,2.444882e-05,6.2710237e-06,3.6071742e-06,8.930683e-08,2.1729102e-05,4.216258e-06,2.2406592e-05,1.2441775e-05,2.93057e-06,2.1210733e-06,8.802367e-06,0.0012068162,3.5060413e-05,2.4052186e-05,2.5229324e-06,2.9529285e-05,1.6869146e-05,8.5610045e-06,7.389475e-07,7.175557e-06,1.6527041e-05,3.560029e-05,6.6813586e-06,7.062937e-06,6.674697e-06,9.60372e-06,4.237985e-05,1.4175292e-06,0.00011430241,2.839079e-06,6.7496544e-06,3.055941e-05,1.1148422e-06,4.9130547e-05,5.450872e-07,0.00036592686,4.6462836e-05,6.686091e-05,2.5990845e-05,1.25675015e-05,3.5383844e-05,0.000113594724,1.9165895e-05,2.417264e-06,9.883867e-05,1.3530198e-06,1.7487208e-06,2.5713214e-06,7.7235694e-07,2.0443973e-05,8.843057e-06,3.094157e-05,0.00021405707,9.030361e-06,6.6968346e-06,6.7077003e-06,4.2116044e-06,0.00027050675,7.601325e-07,0.00010230961,0.021684038,0.026944665,3.5856865e-06,6.593771e-06,2.6824755e-06,1.3599953e-06,5.0414354e-07,2.3375924e-06,2.4670262e-06,1.2863539e-05,5.9264203e-06,0.000119806995,1.5965865e-06,5.1948473e-06,1.102452e-05,1.4426367e-05,9.382571e-07,8.291792e-05,8.665848e-07,8.521987e-06
BC2026_Train_0027_S22_20211129_014500_050,2.106602e-07,3.4919615e-06,2.3655636e-07,0.25174648,7.869282e-07,9.703649e-09,3.8623994e-06,7.9176397e-07,0.00027403972,0.6150546,0.09490478,4.80507e-05,4.7828814e-07,3.002125e-07,9.574662e-07,0.0005782441,7.073582e-07,5.6427588e-08,0.007956486,6.7845813e-06,1.9549288e-05,0.0007097448,2.1554658e-06,3.040503e-06,2.0097448e-05,3.1062068e-06,1.3868438e-06,4.055755e-07,1.0091229e-06,4.430468e-05,3.340106e-05,1.5920723e-06,1.9678031e-05,2.4898893e-06,2.200573e-06,4.3377713e-06,6.8654583e-07,1.7602912e-06,1.0087055e-05,3.5560424e-06,2.1575785e-05,2.2941438e-05,6.5194454e-06,2.4991937e-06,2.9490147e-06,2.1152455e-06,3.0465171e-06,1.1107913e-06,7.6977517e-07,7.6713104e-07,3.6776246e-06,5.812487e-06,4.5418365e-06,2.0254474e-05,2.082773e-05,1.6579722e-07,5.7240264e-08,0.37031257,6.70704e-07,2.471894e-06,0.0018634765,3.377733e-08,0.0043188995,0.028441146,0.0041058604,2.944743e-06,4.5242666e-07,8.348095e-09,3.1919654e-07,2.5690813e-06,2.3667477e-08,1.0588146e-07,5.507086e-06,2.9525287e-05,4.5644322e-07,9.870507e-06,3.6808797e-05,1.6385502e-05,4.408254e-06,6.077629e-05,1.3957913e-05,2.6947621e-08,5.531421e-05,5.613224e-06,2.501323e-06,7.0885867e-06,2.1358086e-05,1.7668654e-05,4.4208497e-05,6.4626124e-06,0.00018664084,8.350886e-05,1.6713775e-06,7.90995e-06,0.00032200795,1.09900475e-05,5.259111e-06,4.2486863e-06,1.2399925e-05,2.840522e-05,2.3349853e-06,1.0526544e-06,8.394655e-05,0.0022877771,0.00081091496,1.1314201e-05,2.4611888e-06,2.0974748e-07,2.6465907e-06,3.0711362e-05,6.5430013e-06,0.000111182,2.0481416e-06,5.915173e-06,4.5451166e-06,1.9693482e-05,7.603859e-06,6.65625e-06,8.336327e-06,0.00016155874,4.3533078e-06,9.917401e-05,1.5724335e-06,0.00029783233,4.358031e-06,6.7596197e-06,1.6096244e-06,1.9553854e-05,6.8885506e-06,0.00015230523,1.3985839e-05,2.6725715e-05,1.5356303e-05,8.8738665e-07,1.7240939e-06,3.4062368e-06,2.1328327e-05,3.6665333e-05,4.2083757e-05,0.00049082463,6.290006e-05,5.655247e-06,2.1974101e-05,4.0522855e-06,1.0356466e-05,1.4848948e-07,4.3369646e-06,6.156583e-05,9.295365e-05,5.921545e-06,1.5020817e-06,1.0943068e-05,1.6720864e-05,2.9990479e-06,1.0081871e-05,7.1662844e-06,2.8960274e-06,1.2804976e-07,7.4801424e-06,3.548515e-06,4.0230734e-05,6.4881597e-06,2.7381388e-06,4.259104e-06,1.6230598e-06,0.00053900527,2.2231634e-05,7.468623e-06,1.6306683e-06,2.1206313e-05,1.4820493e-05,2.0301932e-05,4.5428405e-07,2.6453392e-06,1.7528917e-05,1.8447236e-05,2.1483924e-05,1.8659306e-05,9.309126e-06,1.6217527e-05,5.1901257e-05,1.1907405e-06,2.1461112e-05,1.4555623e-06,3.1082818e-05,2.509925e-05,3.2908763e-06,6.756763e-05,4.9121877e-07,7.579785e-05,7.1740375e-05,5.8108224e-05,4.195717e-05,1.3057164e-05,3.7766313e-05,0.00011291974,5.193614e-06,1.9573276e-06,8.5537155e-05,3.146829e-06,9.291788e-07,1.5025561e-06,1.3012196e-07,1.8886132e-05,3.6657327e-06,3.439441e-05,3.8729704e-05,3.7263335e-06,3.5739938e-06,5.331816e-06,6.320159e-06,0.00058387505,1.0379873e-06,2.800392e-05,0.004202222,0.0268178,1.5398435e-06,1.7175475e-06,1.6235815e-06,6.2787814e-07,6.401392e-07,1.9777765e-06,1.3681961e-06,4.2862703e-06,1.1950068e-05,0.00010143697,1.282802e-06,2.3655937e-06,2.5998802e-06,1.5807898e-05,9.0998236e-07,0.00034301373,2.3463385e-06,2.7860237e-05
BC2026_Train_0027_S22_20211129_014500_055,6.978411e-08,1.4161428e-06,5.572383e-08,0.039043132,2.7757386e-07,5.679479e-09,1.4440928e-07,8.349904e-07,0.0003320055,0.22006384,0.040865436,2.8932586e-06,3.9757583e-07,6.65444e-08,3.2994e-07,0.0011189235,1.11215186e-07,2.6189015e-08,0.0024201449,1.6084312e-05,6.6552343e-06,0.00043371433,4.332199e-06,8.2664246e-07,2.2278093e-05,4.5967413e-06,4.987607e-07,9.2591506e-08,1.0823304e-06,1.1262475e-05,4.9107675e-06,4.8719994e-07,4.8859906e-06,5.9352953e-07,6.5662715e-07,1.1442179e-06,3.9033358e-07,7.0307823e-07,2.446201e-06,1.2198677e-06,6.926072e-06,4.7663393e-06,1.6779303e-06,6.956469e-07,1.4075595e-06,1.0037672e-06,1.7892843e-06,3.5495734e-07,3.8188688e-07,3.5200569e-07,1.0049692e-06,1.4463217e-06,1.1854887e-06,4.765371e-06,6.999832e-06,1.7635729e-07,2.9721074e-08,0.074883334,3.268764e-07,1.1939062e-06,0.0043411287,2.008598e-08,0.005609935,0.052190155,0.00054821844,3.1001905e-06,8.2689627e-07,1.4600507e-08,2.7642125e-08,1.4141993e-06,7.741709e-09,6.017063e-08,1.436233e-06,2.3234072e-05,3.658692e-07,2.296462e-06,2.4619783e-05,2.4366493e-05,2.6781813e-06,1.9945675e-05,2.3834127e-05,2.3990394e-08,6.405689e-05,1.2075257e-06,6.862441e-06,3.6392187e-06,7.824525e-06,1.9072831e-05,5.322759e-05,5.7020643e-06,0.000523932,3.0662402e-05,8.7694366e-07,1.3397213e-05,0.0003964926,7.7834875e-06,8.99531e-06,1.06374655e-05,1.4889143e-05,2.4003219e-05,2.7192334e-06,3.9970402e-07,4.016932e-05,0.0011168922,0.0005423814,1.1520256e-05,2.769707e-06,2.1111532e-07,2.0621592e-06,9.304032e-06,2.1004344e-06,3.05109e-05,1.5574956e-06,2.3835128e-06,7.5494577e-06,1.4340061e-05,3.17764e-06,2.3871958e-06,3.4992888e-06,0.00044204018,1.0492104e-05,0.00011681938,4.353983e-07,0.00031487053,1.3827326e-06,9.102046e-06,1.5810889e-06,2.55059e-05,2.039651e-06,2.010694e-05,6.825024e-06,2.69327e-05,2.3957391e-05,9.650198e-07,9.848465e-07,9.626787e-07,2.478244e-05,4.1520012e-05,2.456282e-05,0.00030556996,5.731166e-06,5.0309067e-05,6.658377e-06,2.9292232e-06,2.4866977e-06,9.256396e-08,1.7861489e-06,1.6565733e-05,0.00012630284,7.8034955e-06,1.3574282e-06,1.901339e-05,8.998982e-06,2.9733405e-06,8.2544175e-06,6.396629e-06,1.6712801e-06,1.2768662e-07,7.3474853e-06,2.2595225e-06,8.093645e-05,5.587806e-06,1.9293966e-06,3.0455903e-06,1.3478194e-06,0.00089998735,1.2597811e-05,3.877975e-06,3.366491e-07,1.0145431e-05,1.0780309e-05,1.5398628e-05,3.1123312e-07,2.814692e-06,1.4595998e-05,1.6383376e-05,1.8865629e-05,1.02919275e-05,4.66394e-06,5.8541095e-06,2.1482017e-05,1.1563164e-06,1.7868879e-05,1.7235759e-06,6.483323e-06,1.803955e-05,3.049764e-06,8.247451e-05,3.1563818e-07,3.2181408e-05,6.7495304e-05,9.962167e-05,0.00010100523,1.7378234e-05,5.7301793e-05,4.757727e-05,6.141058e-06,1.0414111e-06,3.2712996e-05,2.0154905e-06,2.5462796e-07,1.1968531e-06,4.815987e-08,1.3880709e-05,2.43682e-06,2.1804806e-05,0.00016401256,6.2598683e-06,1.827936e-06,7.587183e-06,8.109436e-06,0.00067769556,8.1077826e-07,2.2688553e-05,0.0072059496,0.017590797,6.884426e-07,1.0130243e-06,4.4431405e-07,8.1962855e-07,3.5305797e-07,1.0643266e-06,1.1675013e-06,1.1570441e-05,4.251252e-06,0.0002804205,1.0551692e-06,2.2725123e-06,1.7978501e-06,1.04851815e-05,2.2141391e-07,7.611787e-05,3.0215292e-06,1.6590711e-05
BC2026_Train_0028_S22_20211129_190000_000,1.6564181e-08,7.83255e-06,1.828351e-06,0.10622326,1.3240019e-07,1.9737197e-08,2.4924789e-06,1.0788349e-06,0.00022455613,0.4786299,0.1994567,0.00026852996,3.7371414e-08,2.5908878e-07,2.863836e-06,0.03419771,1.3055383e-06,8.931412e-09,0.0010660762,5.750848e-07,1.3185751e-06,0.011845857,8.865644e-07,2.1317632e-05,4.9652423e-05,1.2222782e-06,0.00023630586,1.3693657e-06,1.1205073e-05,0.0011475388,1.0800479e-05,1.9391568e-06,7.640924e-06,1.159368e-05,2.9068492e-06,4.354255e-06,1.0136949e-06,1.0768119e-06,7.6257684e-06,1.9993427e-06,6.5856475e-05,3.4325328e-06,1.0308598e-05,2.373075e-06,1.6936421e-07,1.3350365e-07,3.7765236e-07,4.9817453e-07,2.0109486e-07,3.2719484e-07,9.2492627e-07,8.8943443e-07,6.5486984e-07,6.384411e-05,5.4913266e-06,3.4478166e-08,5.4026697e-07,0.09288504,2.8928702e-07,1.6384135e-08,0.000400989,3.7103631e-09,0.00060785253,0.039121706,0.0003536735,1.1503798e-05,5.2709225e-07,1.0172738e-07,4.610478e-07,5.003962e-06,2.9371511e-08,2.8928612e-08,4.4775825e-07,4.3888494e-06,4.300954e-06,4.466947e-06,8.048923e-06,1.020656e-05,2.1043996e-05,1.123436e-05,1.6447482e-05,1.0147874e-07,3.1101736e-05,5.675973e-07,3.045246e-07,3.1603927e-06,1.5717724e-06,8.612965e-06,2.5949237e-05,4.9049263e-06,9.559903e-06,1.3995795e-05,7.22331e-06,0.0004528178,0.00041963308,1.0148063e-06,7.061672e-07,2.4514113e-06,6.20153e-06,1.2991e-05,1.1175886e-06,3.2926604e-08,4.9552516e-05,0.005088392,0.00018371643,7.202343e-06,9.4273744e-08,1.2974886e-07,8.907569e-07,1.4843576e-05,6.09788e-07,5.4198586e-05,1.5764935e-07,1.2305995e-07,2.2674383e-06,8.80969e-06,6.066602e-06,4.6905487e-05,1.1965335e-06,1.6155811e-05,1.4442431e-06,2.6738503e-06,5.790837e-06,8.1784994e-05,1.7105579e-06,1.1845451e-06,9.475527e-06,2.7622906e-05,5.47086e-07,1.0899959e-05,1.555128e-05,5.1955336e-05,1.5085922e-06,3.0566252e-07,2.5546615e-06,2.634332e-08,2.5227153e-05,9.171474e-06,5.7963507e-07,3.717426e-05,1.2933651e-06,5.99922e-07,6.5177016e-07,8.986264e-06,1.1982043e-05,1.0982329e-07,1.7774539e-06,1.940474e-05,3.5728546e-05,7.639501e-07,1.9461046e-07,3.2561383e-07,7.165109e-06,2.3510354e-06,1.3583875e-05,9.280583e-06,9.9069204e-08,1.864056e-08,6.23563e-06,4.6252399e-07,5.2139626e-07,4.051389e-06,1.8518766e-05,8.6318605e-06,1.4090902e-07,0.000120148616,3.4408513e-06,4.0260963e-07,1.6773704e-07,2.7706421e-06,1.9852403e-05,1.7825602e-06,1.9580767e-07,5.3892694e-07,8.374518e-06,4.863087e-07,8.600764e-07,5.0406456e-06,6.4286746e-06,9.143432e-06,1.0048523e-05,3.566311e-08,8.25103e-05,2.218397e-06,1.0838853e-05,6.4756046e-06,1.5064026e-06,1.9504856e-05,4.4477866e-07,2.1936143e-05,5.6447025e-06,1.2523508e-05,1.3211978e-07,3.2226242e-06,5.631177e-05,2.13373e-05,9.4429197e-07,3.3539706e-07,4.2914977e-05,1.5023082e-06,1.6668265e-07,3.208287e-07,6.354509e-08,1.9744311e-05,7.5039895e-07,5.0958843e-05,5.9826107e-06,6.5861796e-06,1.5615946e-06,4.4723445e-05,2.63912e-06,2.0262792e-06,1.1358483e-05,2.8939463e-05,0.00060131535,0.00046338406,1.0633358e-05,1.6007868e-07,1.6252204e-07,9.699683e-07,2.9952634e-08,4.3537816e-06,2.48651e-07,3.277273e-07,4.4159265e-08,0.0003307519,1.461744e-07,1.7637007e-06,3.4819746e-07,3.0125552e-06,2.1025157e-07,2.621093e-05,1.6343613e-06,4.8269998e-05
BC2026_Train_0028_S22_20211129_190000_005,6.780978e-08,3.7600032e-06,2.5092288e-06,0.13493538,8.872529e-07,6.041477e-08,3.19324e-06,1.4688509e-05,0.0010260572,0.48402968,0.33417004,0.00012904969,3.640482e-07,2.9228784e-07,3.1773886e-06,0.016392756,2.0483842e-06,5.329236e-08,0.0005209908,2.1220465e-06,1.9587505e-06,0.0017673824,1.5151801e-06,2.607635e-05,2.2172075e-05,5.167904e-07,0.00019239215,2.9939013e-06,4.6575115e-05,0.0019145063,4.134147e-05,1.0386515e-05,3.87406e-05,2.4702143e-05,4.8771594e-06,1.9906509e-05,5.2086875e-06,2.8868037e-06,2.4558136e-05,5.6379454e-06,0.00011179989,1.4147044e-05,1.4635221e-05,1.0348647e-05,9.665488e-07,6.78306e-07,8.391735e-07,2.155322e-06,6.326053e-07,9.286393e-07,2.3225264e-06,2.2468316e-06,1.7590896e-06,0.00012688903,1.3559168e-05,9.983155e-08,7.250308e-06,0.1356199,1.0529667e-06,1.5832602e-07,0.00042232082,3.279711e-08,0.0010996761,0.022936808,0.0005187975,1.535588e-05,1.0072472e-06,1.596279e-07,4.0743865e-07,4.814133e-05,8.199523e-08,7.1455605e-07,2.6614405e-06,1.3144684e-05,4.862076e-06,5.494449e-06,2.0230209e-05,3.6615093e-05,3.452592e-05,1.8553339e-05,5.2924006e-05,2.0808405e-07,8.008067e-05,1.4223555e-06,7.822188e-07,7.786598e-06,3.298857e-06,8.388478e-05,0.00034215426,7.515838e-06,3.6109792e-05,3.1740317e-05,1.8146373e-05,7.0946975e-05,0.001051681,7.033154e-06,1.1715416e-05,7.67823e-06,2.3003153e-05,4.641044e-05,2.9092344e-06,3.6124197e-07,0.00012478002,0.0018607776,0.0003523071,2.076308e-05,1.0331196e-06,1.8791674e-07,7.235112e-06,4.173768e-05,1.5823877e-06,0.00045202533,9.2080205e-07,7.5230565e-07,1.9846422e-05,1.7157814e-05,2.2674687e-05,4.378775e-05,5.607675e-06,3.0568302e-05,1.5220925e-06,8.663851e-06,7.438648e-06,0.000273688,2.3619373e-06,5.8335672e-06,9.0498015e-06,0.00014829477,1.294235e-06,4.698123e-05,1.1501967e-05,0.00017629606,1.0677793e-06,1.5638435e-06,3.4893917e-06,7.687094e-08,4.219113e-05,0.00017150088,4.6320474e-06,0.0001116566,1.922966e-05,8.865822e-07,1.6899021e-06,2.4470444e-05,0.00012891945,1.1674501e-06,9.168238e-06,1.3503358e-05,0.00029425044,4.5495135e-06,8.522259e-07,2.3600414e-06,2.311032e-05,1.0967014e-05,6.371706e-05,2.7411817e-05,6.6649574e-07,1.6265803e-07,3.4858545e-05,2.0627297e-06,4.395576e-06,2.5811689e-05,5.320215e-06,3.0324003e-05,2.717009e-07,0.00032199323,1.7252865e-05,1.7120004e-06,3.417266e-07,1.0031452e-05,3.8353886e-05,6.655152e-06,7.465423e-07,2.4551196e-06,6.399406e-05,1.8046373e-06,1.2103826e-06,8.851571e-06,2.6570493e-05,1.2557413e-05,4.236417e-05,2.8718608e-07,0.00030331328,1.0612459e-05,7.9949285e-05,4.865395e-05,2.0649811e-06,5.839709e-05,2.788224e-06,2.7400134e-05,1.6773969e-05,0.000108378634,1.0145499e-06,1.6152268e-05,0.00015616868,0.00010770526,9.085724e-06,1.964001e-06,0.0001936706,1.3839793e-06,8.9394746e-07,4.4853755e-06,1.01261804e-07,3.9855473e-05,4.610914e-06,0.00017761027,2.3011315e-05,9.254308e-06,4.5845704e-06,4.3036656e-05,3.2552985e-06,7.280615e-06,6.8539052e-06,0.00015321883,0.0038115126,0.0023389114,1.3931648e-05,8.256481e-07,3.2457199e-06,1.038945e-06,1.7730741e-07,6.5150075e-06,8.287513e-06,1.5480523e-06,6.8607784e-07,0.0015752323,8.139034e-07,1.004381e-05,6.3139146e-07,1.4105575e-05,5.845429e-07,0.00021955863,6.7675273e-06,3.1168514e-05
BC2026_Train_0028_S22_20211129_190000_010,6.8257975e-08,2.295249e-05,1.8379069e-05,0.1897016,1.1540151e-06,2.7277544e-08,2.5971494e-06,5.1290112e-06,0.0013130115,0.43774676,0.0923114,8.279293e-05,2.7166694e-08,2.613002e-07,7.4151117e-06,0.07143436,1.0931863e-06,1.9384705e-08,0.0021509524,2.0896503e-07,6.3587554e-06,0.0042799944,3.6406282e-06,2.6694257e-05,9.189981e-05,1.6922181e-06,0.0002812623,1.8047887e-06,4.1572945e-05,0.00031113095,3.221199e-05,1.0639739e-05,3.6214595e-05,2.9312683e-05,5.059669e-06,2.5639665e-05,1.4187546e-06,3.4729915e-06,2.3065228e-05,9.414313e-06,0.00014324799,1.7312728e-05,1.3414282e-05,1.6038788e-05,8.03787e-07,6.382008e-07,1.6104873e-06,1.9661243e-06,5.7361353e-07,1.118431e-06,2.405141e-06,2.0989387e-06,1.8950058e-06,0.00012435953,2.655618e-05,3.4181284e-08,7.5844036e-07,0.25948012,1.3088792e-06,4.36929e-07,0.0003153049,4.159065e-09,0.002005426,0.049627453,0.000595371,9.473214e-06,1.736415e-06,8.693706e-08,6.05956e-07,1.1291716e-05,4.9237673e-08,9.3871165e-07,2.006695e-06,1.4869051e-05,7.2563817e-06,9.224957e-06,2.7845736e-05,9.922528e-06,2.0495549e-05,2.150153e-05,3.8571805e-05,4.3566084e-07,0.0002161719,9.194095e-07,5.2285327e-07,3.6526678e-06,4.594489e-06,6.612045e-06,4.6020363e-05,1.0095927e-05,2.8679313e-05,9.27792e-05,5.3709236e-06,0.00016343089,0.00053147343,4.449617e-06,1.5476774e-06,2.148818e-06,1.35858045e-05,2.6434947e-05,1.4696852e-06,1.9818023e-07,0.00011188799,0.0014045868,0.00012822906,1.24519465e-05,1.2833209e-06,2.4450554e-07,2.386934e-06,2.7693144e-05,1.1343536e-06,8.0570055e-05,5.434434e-07,3.501014e-07,1.867622e-05,9.727986e-06,8.2992665e-06,2.6218355e-05,3.2251023e-06,4.9534563e-05,8.778173e-07,3.6186752e-06,6.2372537e-06,9.380778e-05,1.0166361e-06,6.113168e-06,8.47481e-06,4.8979353e-05,1.923268e-06,1.7384964e-05,1.9623141e-05,5.5711356e-05,2.5395357e-06,5.9212465e-07,2.2877405e-06,1.5744277e-07,6.1197235e-05,5.2083775e-05,4.5309644e-06,0.00015488708,1.4871745e-05,3.979768e-07,1.9188526e-06,9.932441e-06,8.29532e-05,3.1839906e-07,1.1046337e-05,6.147624e-05,7.1209215e-05,1.921398e-06,6.791999e-07,4.6565134e-07,1.0722379e-05,5.2134337e-06,2.353578e-05,2.7273409e-05,2.478548e-07,4.8409085e-08,2.9922037e-05,2.3111827e-06,2.0502582e-06,1.3263718e-05,8.065097e-06,1.3861608e-05,5.2640956e-07,0.00057659636,9.9722565e-06,2.4158376e-06,3.9298664e-07,5.8927976e-06,3.0733718e-05,4.6252585e-06,5.930192e-07,1.0221601e-06,2.9850615e-05,2.5513748e-06,2.5804795e-06,3.988951e-06,8.747488e-06,1.2594558e-05,1.7941516e-05,1.9292791e-07,0.0002092822,2.390499e-06,1.8038105e-05,3.5015037e-05,4.2231113e-06,5.5679007e-05,1.3689922e-06,0.0001377849,1.5316244e-05,2.0031204e-05,7.086782e-07,3.9703016e-05,8.6458735e-05,5.8178975e-05,4.516732e-06,1.0225295e-06,0.00010871565,1.9601596e-06,6.555878e-07,1.4219364e-06,1.5612684e-07,2.4796456e-05,8.499237e-06,6.098867e-05,1.7847147e-05,2.9000653e-06,3.4296206e-06,1.5153725e-05,6.149262e-06,3.2807827e-06,3.7788436e-06,0.00014801745,0.00056234293,0.0012142059,3.746302e-06,8.374194e-07,5.8282956e-07,6.425748e-07,1.2409292e-07,7.3994574e-06,8.277863e-07,7.78803e-07,3.8677885e-07,0.000426232,3.3812884e-07,3.4809827e-06,1.2857403e-06,9.327103e-06,9.2425967e-07,2.4429943e-05,4.714581e-06,2.016028e-05
BC2026_Train_0028_S22_20211129_190000_015,2.5701192e-08,3.651926e-06,1.6163974e-06,0.12776655,2.1429496e-07,1.1014337e-08,4.302224e-07,1.6550181e-06,0.0018729407,0.12020086,0.082278445,3.495962e-05,2.7016013e-08,9.250642e-08,3.452066e-06,0.22249436,9.480331e-07,1.0619106e-08,0.0020774868,2.2021695e-07,4.0280274e-06,0.0056740227,3.09522e-07,1.0296208e-05,0.00017686753,1.771901e-07,0.0003032462,6.734614e-07,4.7161907e-06,0.00029104523,5.5518617e-06,1.8955698e-06,6.072454e-06,4.1657745e-06,1.9925394e-06,3.6047666e-06,1.0622175e-06,1.3610448e-06,3.7476814e-06,1.3847847e-06,4.2210766e-05,3.0194265e-06,6.908629e-06,2.1605038e-06,4.188918e-07,3.0626595e-07,7.655933e-07,5.796704e-07,2.4083698e-07,4.6564776e-07,5.847286e-07,5.925997e-07,5.019429e-07,2.471621e-05,7.0877954e-06,2.0469761e-08,1.871788e-07,0.18469808,6.9231405e-08,9.576656e-08,0.00073685433,2.836052e-09,0.0007973231,0.036639974,0.0031073873,4.737775e-06,3.878382e-07,5.4814404e-08,1.4898977e-07,7.0870656e-06,1.6753681e-08,8.125665e-08,5.0833796e-07,4.018001e-05,2.6182528e-07,8.080333e-07,8.932895e-06,9.040554e-06,7.1580744e-06,1.2167517e-05,3.137593e-05,1.3759052e-07,4.7017806e-05,8.280674e-07,2.4392676e-07,7.896104e-07,3.8096331e-07,1.5242543e-05,2.1866736e-05,1.8069759e-06,2.9536702e-06,9.434041e-06,1.8897164e-06,0.00012500772,0.00026370605,1.0951825e-06,4.9687205e-06,4.017688e-06,4.649108e-06,3.4635574e-05,7.431674e-07,1.5109461e-07,3.3096167e-05,0.00047682188,6.9128895e-05,9.666182e-06,1.1873698e-07,5.3850354e-08,2.3343218e-06,1.9492973e-05,5.6640175e-07,2.4124847e-05,6.128265e-08,5.3421612e-08,3.711463e-06,9.911558e-06,1.5538828e-05,3.1051324e-05,1.397257e-06,2.5891963e-05,8.588789e-07,3.140931e-06,2.9740554e-06,0.000107249194,6.5076085e-07,2.9393057e-06,4.0711266e-06,4.202164e-05,1.2524632e-07,9.13293e-06,4.7586313e-06,2.5837944e-05,2.3623065e-06,9.744101e-07,5.3677104e-07,5.7111148e-08,1.1335142e-05,1.2911669e-05,5.362676e-07,7.7632874e-05,3.215284e-06,2.7205252e-07,4.5707836e-07,1.0660897e-05,2.5650055e-05,1.9604538e-07,1.6482339e-06,1.716457e-06,7.223381e-05,6.508341e-07,2.1129156e-07,2.0103612e-06,2.3527468e-06,1.1562944e-06,4.6900655e-05,2.088677e-06,8.280573e-08,4.4266365e-08,1.1476896e-05,8.154464e-07,1.0518286e-06,9.616578e-06,1.0206521e-06,1.3016298e-05,1.2012046e-07,9.052642e-05,2.0056618e-06,2.7664495e-07,1.3366584e-07,2.2379165e-06,7.5938433e-06,1.9608756e-06,2.1458843e-07,1.927738e-07,4.1111125e-05,5.8009294e-07,9.749632e-07,6.0264624e-06,3.0987187e-06,4.779649e-06,7.739926e-06,2.617059e-08,9.3028946e-05,1.7473623e-06,3.550387e-05,7.3295832e-06,3.473285e-07,1.924021e-05,2.3340162e-07,2.3285497e-06,5.2833657e-06,1.8922243e-05,5.5982855e-07,6.589792e-06,4.7563164e-05,1.1871544e-05,4.208693e-06,1.8781769e-07,3.437916e-05,1.8139755e-06,1.3757125e-07,4.1981666e-06,1.4785522e-08,3.7758641e-06,1.596384e-06,4.8944665e-05,3.976709e-06,4.1300464e-06,1.1902648e-06,8.721325e-06,4.3174005e-06,2.2897202e-06,4.3513073e-06,1.332925e-05,0.00026109148,0.00039179725,1.3266729e-05,4.69027e-07,3.2773605e-07,7.8853884e-07,1.7458227e-08,3.8478515e-06,1.8544071e-06,3.2257495e-07,1.0039293e-07,0.0007623503,2.3442509e-07,1.2491605e-06,8.844652e-08,3.3025215e-06,6.5088506e-07,6.9481874e-05,1.2415287e-06,6.559708e-06
BC2026_Train_0028_S22_20211129_190000_020,2.8176223e-07,4.838942e-05,2.1593876e-05,0.23200314,6.45302e-07,8.5741014e-08,2.3560476e-06,7.384414e-06,0.00031693748,0.31445816,0.110003866,0.00019628071,6.2569825e-08,5.6342896e-07,1.7349917e-05,0.046576053,3.3589238e-06,4.303286e-08,0.0013373813,3.0764062e-07,7.3087544e-06,0.004127912,1.8883579e-06,5.3142132e-05,0.00013038829,6.7457086e-07,0.0029884255,4.8916554e-06,5.1422987e-05,0.0034430362,3.812724e-05,8.490042e-06,5.0581104e-05,5.521529e-05,1.1486806e-05,2.1698184e-05,4.992898e-06,5.766786e-06,3.412129e-05,1.1859244e-05,0.00015922572,2.1251073e-05,3.0501358e-05,1.0990918e-05,1.3175795e-06,1.1035122e-06,2.3319387e-06,4.554875e-06,1.1903204e-06,1.5967114e-06,3.5976784e-06,3.2827015e-06,2.3720545e-06,0.00018450656,2.5281799e-05,1.0204978e-07,2.6509076e-06,0.10298396,6.641683e-07,1.7437002e-07,0.00014175981,1.33272975e-08,0.00061081705,0.012887365,0.0015703002,1.5385885e-05,4.0177198e-07,3.8921695e-07,2.816354e-06,0.00010419842,8.832987e-08,2.660324e-07,4.466636e-06,9.6012285e-05,2.233766e-05,1.1017972e-05,4.0883697e-05,3.860481e-05,5.4810916e-05,7.243495e-05,8.298381e-05,1.5041545e-06,0.00026540484,1.1815871e-05,3.0408567e-06,7.696344e-06,3.4547827e-06,1.9946703e-05,8.4290434e-05,1.7147215e-05,5.372389e-06,8.5366366e-05,1.8270302e-05,0.00096545235,0.00082945445,6.5143863e-06,1.4063763e-05,2.230122e-05,1.14520335e-05,0.000117725955,4.1756384e-06,9.091775e-07,0.00021340171,0.0023968369,0.00013647639,5.337586e-05,8.351257e-07,2.5069824e-07,2.9135267e-06,7.226923e-05,3.2562918e-06,0.00016087099,5.4130516e-07,4.4712246e-07,1.36440785e-05,3.152424e-05,6.57799e-05,0.0001606311,6.2898303e-06,0.00017577842,3.3707777e-06,7.8025505e-06,2.0594276e-05,0.00042420064,8.081982e-06,9.978639e-06,3.0090669e-05,0.00014772249,8.374714e-07,3.2832133e-05,7.708198e-05,7.4897274e-05,8.447762e-06,4.1410503e-06,4.0700274e-06,4.9994793e-07,4.8353206e-05,4.3251424e-05,3.5313549e-06,0.0006589722,2.1542517e-05,1.1861774e-06,2.8754012e-06,4.2689742e-05,0.00021992381,4.0069253e-07,7.0537494e-06,4.8040343e-05,0.00018171205,3.7817165e-06,1.7706154e-06,6.903196e-06,3.2964686e-05,5.8644077e-06,0.000116126444,4.1083807e-05,8.870583e-07,9.1853785e-08,3.25504e-05,1.1463945e-05,3.313677e-06,2.7020455e-05,1.8979568e-05,3.5969155e-05,1.2716132e-06,0.00032966555,2.5479596e-05,1.2233535e-06,2.5176928e-06,2.9831857e-05,5.5352044e-05,1.51942295e-05,9.224527e-07,5.894512e-07,6.4243046e-05,6.6803836e-06,8.754198e-06,1.07305e-05,1.6704334e-05,6.709494e-05,2.9124574e-05,9.927292e-08,0.00044268428,7.8019475e-06,0.00015262418,3.296761e-05,2.108963e-06,7.913751e-05,1.5013828e-06,1.1060356e-05,3.223756e-05,4.560728e-05,1.4252083e-06,1.4834052e-05,0.000165384,4.491244e-05,5.5433857e-06,1.5395308e-06,0.0002994981,2.4010593e-05,7.5904376e-07,1.112566e-05,2.1957712e-07,1.874084e-05,6.3242296e-06,0.00019873485,2.6387721e-05,1.0562349e-05,9.153683e-06,4.6367535e-05,1.0855973e-05,1.40359325e-05,2.6937045e-05,0.00010793351,0.00068824954,0.001335385,9.1353286e-05,3.9043034e-06,1.0882258e-06,2.7100893e-06,1.2671954e-07,1.1936411e-05,5.384489e-06,1.1131997e-06,2.5175459e-07,0.0043404466,5.383896e-07,5.1230227e-06,1.5286679e-06,1.23625305e-05,4.5282172e-06,0.00027050983,3.2426226e-06,3.719323e-05
BC2026_Train_0028_S22_20211129_190000_025,3.6123203e-07,1.1608704e-05,2.2517168e-05,0.07741064,2.6128178e-06,8.278266e-07,6.351519e-06,6.9205516e-06,0.00026416377,0.331348,0.039079618,0.00012837796,1.6013748e-06,1.0927882e-06,4.5171155e-06,0.017602213,3.2373575e-06,1.6180307e-07,0.00042658896,5.124029e-06,9.511515e-06,0.0068380306,3.1758816e-05,2.320212e-05,2.8192184e-05,3.4006994e-06,8.769512e-05,1.6633836e-05,0.0003444228,0.010483332,2.0637548e-05,2.0830652e-05,2.0889676e-05,3.7954927e-05,6.082864e-06,3.758591e-05,1.5680753e-05,8.9190025e-06,1.5177242e-05,1.1458184e-05,6.271486e-05,8.649083e-06,1.3218839e-05,2.6132113e-05,1.4594708e-06,1.2183297e-06,1.6550227e-06,2.9904572e-06,1.7572602e-06,2.7931687e-06,2.9930507e-06,2.9316966e-06,2.173567e-06,5.270492e-05,2.9632109e-05,2.435704e-07,5.023868e-06,0.015952721,2.7516803e-06,5.566237e-07,0.00034595237,2.1714149e-08,0.0004571281,0.0171185,0.0010012353,1.2762378e-05,3.2415774e-06,6.624363e-07,1.992638e-06,0.00011149276,3.59857e-07,7.57609e-07,7.4610703e-06,3.0655967e-05,0.000117746844,1.695959e-05,4.4638316e-05,0.00015165267,3.8588798e-05,0.00021869804,0.0004738837,3.5753299e-06,0.00035554217,1.9207868e-05,1.211108e-05,1.2635617e-05,1.0255265e-05,5.203636e-05,0.0004633978,9.12161e-05,9.451821e-05,0.00020521734,0.00040008305,0.0076679504,0.0012350149,9.122771e-06,6.8507674e-05,6.9244015e-05,8.978792e-05,0.00026595854,1.0497428e-05,1.6023173e-06,0.00034008807,0.007379596,0.0015423424,0.00024202529,6.815813e-06,4.2947462e-07,9.748483e-06,5.9516835e-05,2.09055e-05,0.00065791415,1.3626125e-06,2.9661046e-06,1.1598878e-05,3.4970188e-05,8.391774e-05,0.00024382773,1.2488087e-05,0.00050732115,1.8634713e-05,4.2064537e-05,1.52394905e-05,0.0012611493,9.678684e-05,2.360519e-05,3.753945e-05,0.000795482,7.822242e-06,4.825384e-05,0.00031473787,0.0003780143,2.9363382e-05,3.0770418e-06,7.718564e-06,3.638847e-07,0.00052415725,0.00016577839,1.4855613e-05,0.0012591196,1.1895967e-05,3.0187155e-05,3.6992997e-06,4.273308e-05,6.464483e-05,6.737132e-07,2.2381073e-05,8.319704e-05,0.000704923,2.1197437e-05,5.6738145e-06,6.733832e-06,0.00018854345,3.417639e-05,0.00014963196,5.8859227e-05,5.793206e-06,3.4562186e-07,4.4474305e-05,1.8283374e-05,9.368092e-06,5.8019963e-05,0.00039639696,0.00015237727,2.9426405e-06,0.0010902247,3.427107e-05,7.717188e-06,1.6379187e-06,3.4963086e-05,0.00017702005,3.4733515e-05,1.3420221e-06,7.1804857e-06,0.00010876781,3.3417436e-05,1.4594845e-05,3.704527e-05,3.9658742e-05,0.00057008065,0.00012422523,4.9198667e-07,0.0004118522,6.317827e-05,4.1082396e-05,0.0002996375,3.6362699e-06,0.0001374027,4.3487184e-06,6.3273226e-05,3.8414837e-05,0.00035063678,1.7273887e-06,5.3474294e-05,0.00026133878,0.00017990102,6.3814696e-06,4.2402307e-06,0.00036818543,3.9980263e-05,2.6937091e-06,1.2651003e-05,4.6290174e-07,0.00026923878,2.0148575e-05,0.00041284374,0.00043403057,0.00013654186,2.8991422e-05,0.00026721973,3.822598e-05,0.00013681817,4.280368e-05,0.00023381347,0.008214583,0.0048729894,6.198385e-05,4.461868e-06,1.291345e-06,1.1472159e-05,7.6712377e-07,2.8259774e-05,2.7411825e-06,2.1232895e-06,1.2494334e-06,0.014967825,1.9171243e-06,4.0933166e-05,1.8393797e-05,3.1221974e-05,1.2927662e-05,0.0004933152,2.0226813e-05,0.00014015258
BC2026_Train_0028_S22_20211129_190000_030,2.1306468e-08,3.9294873e-06,3.5949515e-06,0.062600546,7.611984e-08,4.2108304e-08,3.2461668e-07,1.5169829e-06,0.0009264986,0.062469818,0.041549087,1.549986e-05,7.864598e-09,8.57433e-08,1.5634542e-06,0.2780682,2.0801183e-07,1.5086894e-08,0.0025907133,1.973805e-07,2.4441886e-06,0.015710564,6.32238e-07,1.9945295e-05,0.00032802526,1.0056365e-06,0.0006277717,1.0898865e-06,3.589428e-05,0.0006379842,5.8424357e-06,4.6425243e-06,6.6760786e-06,7.072785e-06,2.0661357e-06,5.4948523e-06,1.4849091e-06,2.70676e-06,2.4957828e-06,1.141466e-06,8.393279e-05,2.7073356e-06,1.0659483e-05,6.7551086e-06,2.851189e-07,2.1572887e-07,5.7599317e-07,7.303706e-07,3.351886e-07,8.6856977e-07,4.886541e-07,3.7196125e-07,3.2981671e-07,3.798581e-05,1.0189607e-05,1.725095e-08,1.4623686e-07,0.11087632,2.4867612e-07,2.1564496e-07,0.00029736053,3.641651e-10,0.0004762155,0.09197498,0.0010654483,1.2130314e-05,3.689709e-07,1.1175977e-07,2.578614e-08,3.8903276e-05,1.0312828e-08,1.9664942e-07,7.651612e-07,2.0783784e-06,2.9798136e-07,2.0445218e-06,7.0332144e-06,7.024856e-06,7.4351515e-06,4.485713e-06,3.1839485e-05,3.4732918e-07,2.2994118e-05,5.065039e-07,6.442137e-07,6.251578e-07,1.4791706e-07,3.2356384e-06,1.920873e-05,2.829238e-06,8.237179e-06,1.1432327e-05,1.204711e-06,6.2807274e-05,0.00042659685,1.1442474e-06,3.1562574e-06,3.672826e-06,2.404492e-06,6.6521316e-06,6.31194e-07,8.85652e-08,9.061901e-06,0.0004668872,0.00011432706,6.2940608e-06,2.0024305e-07,1.6968054e-08,6.6535256e-07,1.4077838e-05,1.623665e-07,1.0851502e-05,2.9655839e-08,1.356892e-07,6.2034046e-06,1.00012385e-05,7.378635e-06,5.61294e-06,1.0696301e-06,1.4649758e-05,3.835121e-07,1.762137e-06,2.677277e-06,7.588558e-05,6.960192e-07,1.1281847e-06,9.187178e-06,1.7303832e-05,1.6181173e-07,5.499429e-06,2.6767411e-06,6.498905e-05,1.8003552e-06,1.1915788e-06,9.144235e-07,2.5096153e-08,2.6693315e-05,1.3574874e-05,3.2206285e-07,8.578483e-05,1.1081958e-06,2.5896156e-07,2.562611e-07,4.7028243e-06,8.209903e-06,5.6756153e-07,1.4273452e-06,2.1226192e-06,4.37933e-05,5.833055e-07,5.207716e-07,4.961628e-07,2.9333971e-06,2.1606975e-06,6.649118e-05,4.107998e-06,1.0108812e-07,1.318221e-08,1.8283286e-05,5.4871106e-07,2.619534e-07,2.08702e-05,1.4234681e-06,3.763799e-05,2.0394826e-07,9.902923e-05,2.2113443e-06,2.542191e-07,7.988649e-08,9.343844e-07,1.8066063e-05,9.987427e-07,1.3482742e-07,3.90889e-07,1.5715532e-05,4.2849152e-07,3.4871184e-07,4.4691756e-06,4.1996764e-06,1.1785946e-05,3.5398184e-06,2.5700455e-08,0.00021684032,1.0865273e-06,2.2625762e-05,1.7959987e-05,3.4949292e-07,9.16074e-06,2.2029236e-07,6.2157815e-06,7.8957805e-07,1.061664e-05,4.885418e-07,3.0140293e-06,6.4475156e-05,1.7981356e-05,4.772033e-06,2.5159233e-07,3.0399866e-05,2.311096e-07,4.0127992e-07,1.3846342e-06,1.5832807e-08,5.17607e-06,2.3839766e-06,3.2139636e-05,4.1859494e-06,2.2713684e-06,1.0327985e-06,2.465392e-05,5.1698644e-06,1.2107614e-06,4.5532774e-06,2.3190618e-05,0.00023269083,0.00045077555,9.419379e-06,2.3874546e-07,1.4054397e-07,3.774025e-07,1.44901176e-08,3.7100433e-06,4.6288366e-07,1.4823621e-07,1.8355765e-08,0.0005484996,1.3869652e-07,4.1168414e-06,6.179063e-08,5.0486847e-06,4.6787304e-07,4.5351135e-05,6.349523e-07,4.464856e-06
BC2026_Train_0028_S22_20211129_190000_035,2.1461048e-08,3.3639628e-06,1.1804042e-06,0.08364403,1.7057864e-07,6.604569e-08,1.314062e-06,1.8408483e-06,0.0011401057,0.22290957,0.044767626,4.4389733e-05,1.3116728e-07,1.9641722e-07,1.2101552e-06,0.24894334,1.0347505e-06,3.218018e-08,0.0019354415,1.7405565e-06,6.5962804e-06,0.023411358,1.074173e-06,1.9202098e-05,0.00011638387,2.7946876e-06,0.00022599738,2.7050771e-06,6.749376e-05,0.0013927885,4.8802954e-06,4.0057053e-06,5.1895095e-06,7.490079e-06,2.9782984e-06,6.370269e-06,1.3279121e-06,1.4130253e-06,3.2233525e-06,1.6528145e-06,4.4873614e-05,1.9735635e-06,9.258703e-06,6.237051e-06,3.090244e-07,2.42038e-07,5.598403e-07,7.68798e-07,2.7542112e-07,5.1710003e-07,6.8632454e-07,5.723671e-07,4.4432971e-07,3.4736662e-05,7.616174e-06,4.7242885e-08,1.6876088e-07,0.040827755,4.640319e-07,1.9644118e-07,0.0005830381,1.7059101e-09,0.00040586386,0.11523863,0.0004271847,3.160018e-05,6.208313e-07,4.7380138e-07,1.8684402e-07,1.8256926e-05,3.293012e-08,8.654428e-08,1.0368545e-06,9.688619e-06,2.4816138e-06,8.1221915e-06,1.1390332e-05,1.6379454e-05,1.9023095e-05,1.0582373e-05,6.339789e-05,7.0859716e-07,3.1400385e-05,7.991406e-07,1.2184423e-06,1.9082372e-06,8.198044e-07,7.183514e-06,3.8562168e-05,6.6225207e-06,2.979257e-05,2.3828627e-05,5.2849687e-06,0.000386781,0.0003863482,3.2047806e-06,1.6152587e-06,3.2006237e-06,5.8617297e-06,1.823427e-05,9.1011435e-07,1.3613392e-07,3.4051565e-05,0.002655655,0.00050014304,1.5854308e-05,2.4130875e-07,1.04588636e-07,9.811483e-07,1.2426217e-05,8.5580865e-07,5.1677536e-05,1.9649963e-07,1.09609424e-07,5.4914e-06,1.3703737e-05,1.2729898e-05,2.5990597e-05,2.128735e-06,2.3950879e-05,3.2989583e-06,3.4398472e-06,4.1001385e-06,0.00016108957,4.3574782e-06,2.4894669e-06,1.8313232e-05,9.41178e-05,3.2497755e-07,1.7005132e-05,6.032218e-06,0.000108993845,2.2747197e-06,7.825904e-07,3.185684e-06,3.104404e-08,9.062878e-05,2.57118e-05,1.1019537e-06,9.396947e-05,7.951631e-07,8.015089e-07,5.394021e-07,6.94791e-06,2.7143153e-05,2.4912313e-06,2.4306069e-06,6.9688067e-06,3.1121202e-05,1.4377431e-06,8.970748e-07,3.6385939e-07,5.6489785e-06,4.3535447e-06,3.4220648e-05,1.0584522e-05,4.602526e-08,1.7057321e-08,7.930086e-06,1.151592e-06,4.0675536e-07,1.3215008e-05,1.7680823e-05,5.2731713e-05,2.7302823e-07,0.0002583057,2.9843031e-06,5.081528e-07,1.9749423e-07,1.6362109e-06,2.3126659e-05,1.27115e-06,2.39461e-07,7.643283e-07,1.2334668e-05,1.6601144e-06,5.6719307e-07,1.3271879e-05,1.011116e-05,3.5255984e-05,7.2947373e-06,4.5506408e-08,0.00021698159,3.5011117e-06,1.635094e-05,1.2036892e-05,1.3684845e-06,1.9767278e-05,5.567453e-07,4.9287704e-05,4.5779084e-06,1.2520608e-05,3.630867e-07,7.704848e-06,0.000117350704,3.1944837e-05,2.2649267e-06,3.030343e-07,3.2301134e-05,7.679421e-07,3.015157e-07,1.6179445e-06,3.9077076e-08,1.2055593e-05,2.0376701e-06,7.181841e-05,1.2014449e-05,9.867956e-06,1.3444559e-06,3.689356e-05,8.0623595e-06,3.7322802e-06,1.0581576e-05,5.4041022e-05,0.00104021,0.00038400042,7.450753e-06,3.5829137e-07,2.6422404e-07,1.1542011e-06,5.1624564e-08,5.2481537e-06,7.060776e-07,3.4974732e-07,1.642334e-08,0.0012816063,3.2275435e-07,3.5225391e-06,2.941785e-07,1.006621e-05,8.022415e-07,4.0661955e-05,2.851904e-06,2.5842504e-05
BC2026_Train_0028_S22_20211129_190000_040,2.2014907e-08,7.2708317e-06,6.0563993e-06,0.13839081,1.0793829e-07,3.469572e-09,2.491459e-07,1.2448731e-06,9.159587e-05,0.47046724,0.19642468,6.7803216e-05,4.440376e-09,6.596374e-08,1.7633744e-06,0.012716247,8.377565e-07,3.4829917e-09,0.00061084406,2.3259524e-07,8.2544346e-07,0.002630419,4.3484556e-07,9.371657e-06,2.534246e-05,3.292165e-07,0.00021937468,8.66751e-07,3.9868064e-06,0.00044313562,1.8612336e-05,1.3018914e-06,1.1024909e-05,6.331586e-06,1.8814176e-06,2.7176468e-06,4.3108693e-07,7.35053e-07,9.258686e-06,1.240409e-06,4.7636106e-05,5.6130793e-06,5.9357026e-06,1.7536074e-06,2.77906e-07,2.1399721e-07,3.098433e-07,5.2564053e-07,1.352813e-07,1.7796319e-07,7.0208176e-07,6.6242495e-07,5.608862e-07,6.855264e-05,4.2855468e-06,2.142563e-08,2.3294665e-07,0.13381094,7.418044e-08,1.8826576e-08,0.00022944367,1.2197917e-09,0.00034795198,0.03226477,0.00037225813,4.236136e-06,2.3681977e-07,2.3561224e-08,7.400436e-08,9.458148e-06,1.6188004e-08,3.887954e-08,3.4183643e-07,5.1157776e-06,1.8671735e-06,1.5552943e-06,9.845508e-06,7.952246e-06,9.954402e-06,1.2623849e-05,1.5883561e-05,9.955622e-08,5.6406738e-05,2.4250426e-07,2.3105935e-07,1.7358255e-06,5.9484245e-07,5.181389e-06,1.6705548e-05,3.049508e-06,1.9282893e-06,8.163815e-06,3.1291218e-06,5.0029998e-05,0.0003243174,9.3984033e-07,2.5701668e-06,1.9417068e-06,2.3241616e-06,9.442313e-06,8.8421876e-07,3.934572e-08,3.4341312e-05,0.0005126164,0.00012670079,4.5279407e-06,4.618734e-08,8.8961876e-08,8.231386e-07,1.4833869e-05,3.891078e-07,2.9685283e-05,1.2908299e-07,1.799063e-07,4.7801045e-06,4.9091104e-06,6.1928713e-06,8.154447e-06,1.3237194e-06,1.8891464e-05,4.2120445e-07,2.3097043e-06,3.6704555e-06,4.9446408e-05,4.499804e-07,9.5004134e-07,2.8899167e-06,3.076829e-05,2.3966413e-07,1.0301187e-05,2.1041269e-05,3.0246862e-05,8.928943e-07,2.2912134e-07,1.311752e-06,7.858304e-08,7.878932e-06,8.192642e-06,9.34468e-07,5.771865e-05,1.8473185e-06,1.6646072e-07,7.939992e-07,8.646056e-06,1.7343846e-05,3.0309582e-08,1.3289953e-06,1.660005e-05,3.7075348e-05,8.0206024e-07,1.2879869e-07,6.782607e-07,8.619736e-06,9.4846257e-07,9.544627e-06,6.808628e-06,1.2330443e-07,7.840424e-09,3.62777e-06,4.3309575e-07,5.436865e-07,4.29983e-06,2.6275857e-06,2.8208324e-06,2.242772e-07,0.000117785465,2.6913776e-06,3.1756542e-07,2.371658e-07,1.916667e-06,3.793087e-06,1.9056548e-06,1.624365e-07,2.7442246e-07,5.7406733e-06,2.2204449e-07,1.0268e-06,2.9814983e-06,4.2216493e-06,4.7616504e-06,9.378184e-06,1.5719666e-08,5.5158926e-05,7.572955e-07,1.3528736e-05,5.431483e-06,5.666973e-07,1.4134636e-05,2.8556218e-07,2.0098953e-06,8.119837e-06,1.8204575e-05,2.0941928e-07,1.4790028e-06,4.4890006e-05,1.532545e-05,1.9495556e-06,2.0940548e-07,3.9401835e-05,1.0973279e-06,4.915032e-08,7.703127e-07,4.8538336e-08,4.571403e-06,1.3239959e-06,3.171336e-05,5.3069484e-06,1.3620759e-06,1.6637313e-06,1.13372835e-05,1.0053403e-06,2.5528252e-06,1.1026381e-06,1.378879e-05,0.00070859556,0.0011522103,3.9278316e-06,1.3268408e-07,1.0104706e-07,3.191022e-07,8.264839e-09,2.1490148e-06,1.3066563e-07,2.664015e-07,6.1049086e-08,0.00029554544,8.4702506e-08,1.735076e-06,1.9126252e-07,1.8617201e-06,1.4767885e-07,1.9835505e-05,5.851648e-07,2.4945717e-05
BC2026_Train_0028_S22_20211129_190000_045,6.576048e-08,9.088177e-06,2.4494905e-06,0.11656001,6.980413e-07,3.620904e-08,6.8703116e-07,1.3262453e-06,0.0005845371,0.54074407,0.17909947,9.659368e-05,9.70632e-08,9.65475e-08,7.45699e-07,0.020372007,1.2133518e-06,1.0066728e-08,0.00074743334,1.0321673e-06,2.6394875e-06,0.008385043,2.0572013e-06,4.2025526e-06,9.5555406e-05,1.3099843e-06,1.0909776e-05,5.8757887e-06,3.180507e-05,0.002496127,5.73827e-06,2.777497e-06,7.5720263e-06,1.3686163e-06,9.361602e-07,3.2798164e-06,1.0881853e-06,8.605843e-07,3.055945e-06,4.840678e-07,1.14574195e-05,2.3173093e-06,2.4368037e-06,4.0676728e-06,2.7237883e-07,2.0351654e-07,3.3815758e-07,1.0236466e-06,1.9320007e-07,3.0427086e-07,4.2953158e-07,4.0183292e-07,3.5078617e-07,1.08600225e-05,3.0733406e-06,3.5597395e-08,1.141607e-07,0.0643125,6.455883e-07,2.2338367e-07,0.0027103105,1.5424142e-09,0.00055698724,0.06593811,0.0012397812,1.6919261e-06,9.606116e-07,3.8919755e-08,5.0947367e-08,2.7341119e-05,7.819561e-09,1.2951334e-07,5.7984016e-07,7.781677e-06,6.985714e-07,6.88077e-06,1.5283473e-05,1.1705532e-05,1.6291607e-06,1.4635864e-05,7.5268734e-05,1.0764798e-07,1.2290764e-05,5.0183434e-07,1.2776766e-06,1.3755107e-06,8.492402e-07,1.4507973e-05,4.794341e-05,3.0954193e-06,2.34953e-05,1.8940784e-05,6.300871e-06,0.0002096167,0.0006087442,6.05159e-06,6.307286e-06,5.1231987e-06,3.848167e-06,1.4800167e-05,9.476661e-07,2.0660379e-07,6.572071e-05,0.0034439429,0.0009209158,3.291573e-06,1.04787524e-07,1.5849143e-07,1.0425023e-06,7.769901e-06,1.3296012e-06,4.203811e-05,2.99487e-07,4.446358e-07,6.4721717e-06,7.8562125e-06,6.161267e-06,4.5444967e-06,2.3253565e-06,3.474064e-05,1.0350091e-06,4.20696e-06,2.125946e-06,0.00011038621,2.3445466e-06,1.2742986e-06,5.5844553e-06,2.2839757e-05,4.162849e-07,1.8888186e-05,8.73242e-05,9.142579e-05,3.0759295e-06,2.4159866e-07,1.7136928e-06,5.657058e-08,4.6789286e-05,2.0401243e-05,2.7934723e-06,0.00023986792,2.1364497e-06,5.368688e-07,5.623129e-07,4.3493073e-06,3.826478e-05,1.2019439e-07,1.3852549e-06,4.139303e-05,0.00018415083,3.7654506e-06,4.0639628e-07,1.0364492e-06,8.128235e-06,2.2556903e-06,1.4348815e-05,4.1863964e-06,2.2281473e-07,2.2298599e-08,7.1301615e-06,1.1415672e-06,1.0008098e-06,8.93852e-06,5.6118056e-06,8.924398e-06,3.8779714e-07,0.00024562157,3.32533e-06,1.2520884e-06,1.1159788e-07,4.0893724e-06,7.005027e-06,2.1191545e-06,1.8129364e-07,5.6234995e-07,7.2778666e-06,1.1345148e-06,1.2236009e-06,1.1301228e-05,7.910274e-06,2.0577942e-05,1.7094037e-05,3.5001214e-08,4.004272e-05,6.0203683e-07,1.9641227e-05,1.8003904e-05,4.8334726e-07,2.6843622e-05,7.4836566e-07,1.1720445e-05,5.0381946e-06,9.9800236e-05,5.301897e-07,4.434324e-06,7.973168e-05,1.8212615e-05,1.2119814e-06,4.4567332e-07,5.6866087e-05,5.552177e-07,1.4246672e-07,2.114215e-06,6.914958e-08,1.2053467e-05,1.8704241e-06,7.9682584e-05,5.107507e-05,1.0198571e-05,1.7868985e-06,1.1525431e-05,8.229447e-07,9.258554e-06,1.1020356e-06,4.4798315e-05,0.0017813509,0.0018955762,1.45325e-06,3.4499223e-07,5.551113e-07,2.815315e-07,2.2254158e-08,2.1055928e-06,2.0646493e-07,4.3810357e-07,1.2834182e-07,0.00038671208,1.8697789e-07,1.0172432e-05,6.1768594e-07,4.274966e-06,3.63022e-07,6.297875e-05,1.6441272e-06,2.2607515e-05
BC2026_Train_0028_S22_20211129_190000_050,6.5873937e-09,1.135244e-05,2.284335e-06,0.048065834,1.7128204e-07,7.447884e-09,7.175306e-07,6.3132944e-07,0.00039726688,0.21252723,0.06911772,0.00016259463,2.7120652e-09,5.4102998e-08,5.7278163e-07,0.06293081,9.069804e-07,1.2737964e-09,0.0018008496,1.766412e-08,6.977704e-07,0.0062904623,5.1943044e-07,4.7039953e-06,0.00018281786,2.977453e-07,0.00017359445,4.217398e-07,7.70817e-06,0.00087603054,2.427681e-06,9.7079e-07,3.382867e-06,1.6539814e-06,6.2209966e-07,2.269617e-06,2.3385836e-07,6.8714706e-07,1.6243652e-06,3.585009e-07,2.973807e-05,1.124421e-06,1.709801e-06,1.88992e-06,6.1230075e-08,5.1365163e-08,2.1672633e-07,2.6618008e-07,9.327963e-08,2.909382e-07,1.4810013e-07,1.18150055e-07,1.0231699e-07,1.3495696e-05,2.4316616e-06,7.91791e-09,3.1979425e-08,0.08226291,1.2890659e-07,1.1168023e-08,0.00024614553,2.37078e-10,0.000106314954,0.073369436,0.00065449544,2.1028195e-06,6.0724616e-08,8.383469e-09,7.335566e-08,4.617127e-06,2.6976403e-09,2.2473017e-08,1.7621674e-07,4.100991e-06,5.3617555e-07,2.4698347e-06,3.695474e-06,2.625404e-06,4.1069793e-06,2.3727764e-06,2.4319459e-05,1.30285e-07,9.629086e-06,1.09770724e-07,1.5977122e-07,3.0116712e-07,1.7347352e-07,1.5984208e-06,4.5515926e-06,2.1256822e-06,1.1127369e-06,9.475428e-06,2.1547773e-06,0.0002944626,0.00053563144,3.1166977e-07,7.1346926e-07,3.2235646e-06,1.125408e-06,7.710744e-06,2.3146075e-07,2.2855321e-08,1.6012287e-05,0.0028996167,0.00010512509,3.0394503e-06,9.897114e-09,3.1227184e-08,2.925737e-07,4.4272974e-06,1.9243015e-07,6.6225653e-06,6.159116e-09,5.177376e-08,1.5667156e-06,5.9904205e-06,3.0211231e-06,3.0649713e-05,5.566582e-07,3.300977e-05,2.7158228e-07,3.8056822e-07,1.6632188e-06,6.7847264e-05,2.9968274e-07,1.3475418e-06,2.567259e-06,6.3562998e-06,3.2867746e-08,5.09663e-06,1.7440758e-05,2.3771887e-05,3.0994634e-06,4.3816502e-07,1.9553202e-06,2.3865253e-08,1.1694731e-05,1.4306512e-06,1.0946046e-07,7.298304e-05,3.1023123e-07,8.103022e-08,1.0020011e-07,4.081689e-06,6.8939657e-06,1.8181094e-08,6.6750266e-07,9.037538e-06,1.1834299e-05,2.7567603e-07,4.254669e-07,1.1332481e-07,1.9041726e-06,4.1322818e-07,1.2607524e-05,1.3312633e-06,2.438409e-08,5.325352e-09,1.2331918e-06,6.255848e-07,6.384139e-08,2.0569464e-06,1.2357971e-06,2.4625317e-06,9.847783e-08,7.18095e-05,1.0474412e-06,1.0185687e-07,4.0260808e-08,1.2051546e-06,1.096118e-05,3.7779392e-07,3.7924682e-08,1.6065465e-07,8.923504e-06,2.087517e-07,5.2444386e-07,1.2590838e-06,1.1744014e-06,2.7632166e-06,1.76899e-06,7.724967e-09,0.00010090366,5.302373e-07,3.4589073e-06,4.604784e-06,1.4500463e-07,1.2640233e-05,2.3761014e-08,5.181849e-06,1.2040679e-06,6.485307e-06,1.6570696e-07,1.8142817e-06,2.8413944e-05,3.6797994e-06,9.4410285e-07,1.0205153e-07,3.258923e-05,8.0716836e-07,6.601925e-08,3.6417876e-07,2.7865939e-08,2.3726338e-06,2.7445728e-07,2.2765145e-05,4.4865387e-06,2.3820267e-06,6.574981e-07,1.6549406e-05,1.8243675e-06,1.0489416e-06,9.717838e-07,1.3403348e-05,0.00011991033,0.00017872505,1.1360111e-06,7.162755e-08,2.5699917e-08,6.9670057e-07,5.4296816e-09,1.7368739e-06,6.052919e-08,3.825769e-07,7.0857196e-09,0.00018083537,1.8238888e-08,1.0971427e-06,6.6849964e-07,2.2490356e-06,4.2440995e-08,1.0480393e-05,2.5151076e-07,5.6796175e-06
BC2026_Train_0028_S22_20211129_190000_055,1.8460842e-07,1.1710982e-05,2.331432e-06,0.15879819,5.360467e-07,1.4068733e-07,5.478621e-06,3.1382096e-06,0.00040530053,0.55313075,0.13620563,0.00048324914,3.4679786e-08,3.080199e-07,4.0521695e-06,0.08191358,6.644314e-06,1.047541e-08,0.005559705,6.738359e-07,6.3314405e-06,0.020805024,1.8108074e-06,3.0501766e-05,0.0002553911,2.036747e-06,0.0003492391,2.8493728e-06,1.7181655e-05,0.0062456294,1.9573576e-05,3.4198586e-06,2.056521e-05,1.1862942e-05,4.449235e-06,5.427092e-06,9.144592e-07,2.6211837e-06,1.1827912e-05,2.3288874e-06,9.462129e-05,8.502683e-06,1.8354776e-05,4.7361714e-06,4.6025704e-07,3.7330065e-07,1.3218436e-06,2.070469e-06,6.696827e-07,1.2327968e-06,2.049574e-06,1.89478e-06,1.6422952e-06,7.782129e-05,1.0450072e-05,6.8510104e-08,7.308332e-07,0.11374592,1.6549753e-06,4.3298297e-08,0.0008184517,9.157088e-09,0.00028671516,0.11681853,0.0012869156,1.4960094e-05,5.053594e-07,1.0618624e-07,8.473125e-07,9.315836e-05,5.1328147e-08,4.6400576e-08,1.1384328e-06,8.960249e-06,3.7465343e-06,8.384156e-06,1.2691326e-05,8.5751735e-06,2.8744618e-05,4.3061413e-05,4.78984e-05,6.547743e-07,4.4609587e-05,4.265478e-06,1.4066777e-06,4.9318173e-06,7.1045866e-07,2.3610908e-05,4.495847e-05,7.008014e-06,1.00170455e-05,1.9335119e-05,1.054375e-05,0.00054255564,0.0024223158,4.6995783e-06,3.856668e-06,1.041381e-05,8.408811e-06,3.7082205e-05,1.124864e-06,1.4610862e-07,7.3921066e-05,0.0057495264,0.00068467425,1.3386065e-05,1.1256886e-07,4.7598976e-07,2.657304e-06,2.4316932e-05,2.1806968e-06,7.332348e-05,1.7297363e-07,2.854029e-07,5.074495e-06,2.1310801e-05,4.1694475e-05,8.8639536e-05,2.2844897e-06,3.696502e-05,2.0108712e-06,3.3041688e-06,6.4709e-06,0.00018521196,3.3660974e-06,6.1563564e-06,1.697378e-05,2.1031397e-05,6.3830066e-07,2.3770162e-05,3.5539266e-05,0.00018374165,7.937509e-06,1.2027251e-06,5.2808527e-06,2.1724719e-07,5.117487e-05,1.6795739e-05,9.074052e-07,0.000142374,6.0752e-06,4.2431728e-07,1.5104189e-06,3.0340289e-05,1.9814253e-05,5.254165e-07,2.5080756e-06,5.7365924e-05,3.7973856e-05,2.4190788e-06,7.425928e-07,6.692696e-07,9.8069095e-06,3.2267205e-06,6.1033992e-05,6.0576936e-06,1.9665919e-07,4.9747236e-08,9.2097935e-06,1.9714078e-06,1.410634e-06,5.819675e-06,2.376622e-05,1.2430212e-05,7.815842e-07,0.0006282281,1.3841741e-05,7.1018906e-07,4.6741584e-07,5.240526e-06,3.7238733e-05,4.5761794e-06,5.4184227e-07,1.064812e-06,1.656698e-05,2.2626127e-06,3.308047e-06,6.002899e-06,7.2987523e-06,3.4539295e-05,1.09245075e-05,8.185788e-08,0.000219784,1.3969227e-06,2.8008968e-05,2.1718555e-05,2.1354208e-06,2.297325e-05,6.582736e-07,1.846239e-05,4.702914e-06,1.2506787e-05,4.4496917e-07,4.194529e-06,0.00011970126,2.7170916e-05,1.9282525e-06,1.1597643e-06,0.00013438157,4.9580754e-06,3.4250738e-07,1.3598162e-06,9.769675e-08,1.8604544e-05,6.025067e-07,4.3042117e-05,9.154985e-06,6.0346347e-06,3.8174376e-06,8.3362145e-05,5.3061744e-06,6.135731e-06,1.3337604e-05,2.8254952e-05,0.00056490244,0.0010485672,1.4291813e-05,6.889299e-07,2.0882038e-07,2.002132e-06,8.449967e-08,9.112112e-06,1.2628093e-06,9.0329024e-07,5.3566797e-08,0.0005479395,1.9883602e-07,6.852592e-06,2.1006808e-06,7.6179176e-06,6.4972215e-07,0.00012267342,3.2689059e-06,4.885802e-05
BC2026_Train_0036_S22_20211224_234500_000,1.789033e-10,1.7962169e-06,6.738642e-07,0.0002337798,4.5600987e-07,2.5886818e-08,1.3854998e-08,2.0459677e-07,0.0016091021,0.00032541223,8.509985e-05,2.8626398e-06,2.3142162e-08,1.6779767e-07,7.9227993e-07,0.8337382,1.002326e-07,1.34687665e-08,0.8502096,8.262599e-06,2.9784715e-06,0.9588416,1.4224029e-06,1.1049918e-06,0.00244189,8.242205e-08,2.7716502e-05,1.8654347e-07,2.4208132e-08,1.01521e-06,1.01192875e-07,7.426765e-08,4.707751e-07,6.1731264e-08,2.14316e-07,1.539309e-07,5.99755e-08,7.666989e-08,9.053257e-08,1.01253306e-07,1.315686e-06,1.4611334e-07,1.0199739e-06,8.631218e-08,9.763789e-08,9.246072e-08,6.2104624e-07,1.2768844e-07,5.4205465e-08,5.7197923e-08,7.1006994e-08,8.0029395e-08,1.118856e-07,6.951747e-07,1.0993725e-06,4.641368e-08,1.6908793e-09,0.08806093,6.470664e-08,1.3673282e-07,0.10099405,1.0168698e-08,2.8604883e-05,0.8556128,0.9446754,1.076531e-05,1.2718474e-06,8.8385306e-08,1.5054089e-09,1.5773088e-06,2.1297629e-10,6.857051e-08,2.5663212e-07,1.7835271e-05,2.2708613e-09,8.007443e-08,2.796789e-07,8.682255e-06,9.580901e-07,1.8511827e-07,5.3190604e-05,1.11702015e-07,1.0584972e-06,7.223835e-07,7.540108e-07,2.19078e-08,5.859084e-09,2.3824764e-06,1.6554428e-06,2.1455344e-07,4.5844486e-06,1.0537633e-06,4.1050424e-07,7.3406013e-06,3.5207188e-06,1.7743968e-06,4.2619504e-07,1.2563838e-06,3.2286996e-06,7.205164e-05,1.7258328e-07,1.2740065e-07,7.5984144e-06,5.3741558e-05,1.0494376e-05,5.0430403e-06,1.4438749e-08,3.050021e-07,3.3793316e-07,3.5859526e-07,4.7525227e-06,5.760515e-06,1.9129727e-08,2.5638277e-08,1.5088209e-06,1.3289268e-06,2.7779285e-07,7.520846e-07,4.365462e-08,1.00201505e-05,1.487263e-06,1.325297e-05,9.547645e-07,0.00025394565,2.1129297e-07,2.3403315e-06,2.239082e-06,2.8963594e-05,3.7661968e-10,1.1445822e-05,1.290396e-06,8.146418e-06,7.1642276e-06,3.213575e-07,8.640557e-08,1.9354474e-07,2.9646678e-06,1.6850599e-07,6.0185315e-08,1.0185089e-05,8.109485e-08,1.2975347e-06,1.5831318e-07,2.7139429e-06,9.880252e-07,1.681223e-08,7.3021243e-07,3.52518e-07,7.149406e-08,7.5628745e-06,1.4249322e-07,2.0549758e-06,1.22497e-07,2.5841675e-08,4.3496852e-06,3.9501683e-07,1.0573692e-08,4.0568494e-07,1.8961616e-07,6.7287783e-07,8.723818e-07,1.2982996e-06,2.7900139e-08,1.3193029e-07,5.472113e-08,2.389469e-06,1.1764097e-07,1.0357098e-05,1.8928245e-07,3.9988468e-06,1.9105537e-06,1.8977258e-06,2.6699182e-08,1.631615e-08,0.00012556241,2.2121087e-07,3.5548012e-06,5.179973e-07,1.2181589e-06,3.1851007e-06,1.565049e-06,2.303909e-09,3.1194886e-06,1.0960164e-06,4.0762868e-07,5.6108195e-08,2.3316904e-08,6.043187e-06,5.6592494e-08,4.623625e-08,2.357425e-06,4.355667e-06,2.958377e-05,7.5937686e-07,2.9796024e-06,8.353923e-06,2.7376555e-07,8.93271e-08,1.2845899e-05,5.1433776e-06,1.2166258e-07,3.0518995e-06,1.3989571e-09,1.294047e-07,2.4717997e-06,2.7408365e-05,1.184901e-06,9.678586e-07,6.386892e-08,1.0928365e-05,7.132127e-06,2.2231612e-05,9.21019e-07,1.7821838e-05,4.368892e-06,0.0006650457,5.42944e-07,3.4569044e-07,2.9381908e-07,7.809891e-06,3.609351e-10,7.5046904e-07,2.6875125e-07,1.3424731e-08,1.9760211e-08,0.00041838168,2.3407324e-07,1.1078155e-05,5.1115943e-08,1.2752529e-06,4.3203674e-08,4.238001e-05,1.7015458e-07,9.3698014e-07
BC2026_Train_0036_S22_20211224_234500_005,4.6644705e-11,1.634581e-06,2.251657e-07,0.00012564001,4.5756246e-07,9.481216e-09,9.399774e-09,1.1381707e-07,0.0011594136,6.251924e-05,0.00029374004,1.152771e-06,2.1708724e-08,1.5722305e-08,1.5725581e-06,0.78314877,1.2572715e-07,8.242763e-10,0.7413613,5.439038e-07,1.5917194e-05,0.77383703,8.6213197e-07,3.340512e-07,4.421929e-05,6.893753e-09,7.328531e-07,3.5296196e-08,2.5827473e-09,3.0443825e-06,4.1063338e-08,3.9739948e-08,2.441949e-07,2.552172e-08,8.508512e-08,6.666635e-08,9.588093e-09,1.7142218e-08,3.0218377e-08,4.3496296e-08,2.8731043e-07,4.9371305e-08,3.7413105e-07,3.342854e-08,3.369175e-08,3.3477416e-08,3.3304477e-07,7.0895894e-08,1.7310311e-08,1.346941e-08,3.2336587e-08,4.154976e-08,6.229106e-08,2.083106e-07,5.5885135e-07,4.3090765e-08,1.7813794e-09,0.1315279,2.0267546e-08,3.0319475e-07,0.012882846,1.6903859e-09,0.00018273266,0.33519903,0.7201977,3.4094498e-07,3.874382e-07,1.967288e-09,3.800729e-09,1.17617624e-07,2.916359e-10,1.2402899e-08,8.8897986e-07,1.5233155e-05,6.0988625e-10,3.2343987e-08,1.0490196e-06,4.4631697e-06,1.4571123e-06,5.957866e-07,1.7546863e-05,6.1197594e-09,2.902802e-06,7.873877e-08,1.9572218e-07,4.4387605e-08,4.6124484e-08,1.1009012e-06,6.7339215e-06,2.9938192e-07,5.9271895e-07,1.716953e-06,3.1437306e-08,9.261583e-06,6.4482183e-06,5.2676063e-07,6.7011456e-08,9.280214e-07,1.6453284e-06,8.241926e-06,2.1084082e-08,9.136855e-08,3.285763e-05,1.5449905e-05,3.0057024e-06,1.2132454e-06,1.3795449e-09,1.2426033e-08,6.483196e-07,5.1446256e-07,2.4492228e-05,5.7619823e-06,3.626335e-09,4.918021e-09,3.1409385e-07,1.7346076e-06,5.4658955e-08,2.8027404e-07,7.251322e-08,1.338941e-06,5.060853e-07,4.7120498e-06,6.301402e-07,0.00015105346,4.7307807e-08,7.964381e-07,8.310563e-07,9.523959e-06,1.0110673e-09,7.3493493e-06,1.2568979e-06,1.2751167e-06,2.8810533e-07,1.0538402e-07,8.3345746e-08,4.1425597e-08,6.5821905e-07,2.117206e-07,7.714958e-08,4.0099187e-07,1.516491e-07,7.048923e-08,2.5179101e-08,1.6498067e-06,2.2141155e-08,1.6157465e-08,5.4552356e-07,2.4334636e-07,4.195999e-08,9.516337e-07,4.953581e-08,6.2742956e-06,6.422207e-08,9.671997e-09,2.0757857e-06,1.4304138e-06,4.378035e-09,3.800851e-07,5.196246e-07,4.1665507e-07,2.0120304e-07,1.3539982e-06,2.9706487e-07,5.669167e-08,4.005154e-09,1.3708429e-05,9.926549e-09,1.6717727e-06,3.2077107e-08,7.4463483e-06,4.1285753e-07,3.7367676e-07,6.0137215e-09,8.892401e-09,4.096128e-05,5.4230075e-08,1.0972149e-06,1.5546077e-07,1.7443302e-06,6.1180043e-07,6.7312376e-06,2.4056777e-09,2.8290951e-06,1.4786275e-07,3.2317476e-07,4.8841365e-08,9.646481e-09,1.3853204e-05,7.489027e-08,5.7180028e-08,5.82319e-06,2.7771366e-06,2.531242e-06,5.629922e-07,1.1739903e-06,9.592544e-06,2.843463e-08,7.907994e-09,3.6840413e-06,8.120519e-06,8.4013216e-08,1.7455253e-07,3.8475245e-10,1.7341843e-06,1.208324e-06,9.1173615e-06,4.5136684e-08,2.7861483e-07,1.296475e-08,2.5576696e-06,1.0926068e-06,1.7238674e-05,3.039811e-07,2.821876e-05,6.720281e-07,0.00013507788,4.6711554e-07,1.4360465e-06,4.5538232e-07,8.228741e-07,1.8777248e-10,5.236781e-07,5.7351183e-08,8.349256e-09,1.2047657e-07,0.00021219692,1.6752018e-08,1.1609318e-06,8.544727e-09,2.7891601e-06,1.2724276e-08,1.5816448e-05,6.151593e-08,5.6903303e-07
BC2026_Train_0036_S22_20211224_234500_010,5.869166e-11,5.611296e-07,1.9436341e-07,4.8480455e-05,7.1078733e-07,5.1000736e-08,2.8882248e-08,1.7988641e-07,0.003393297,3.9835148e-05,9.727037e-05,4.4721844e-07,3.3375474e-07,7.0844656e-08,5.29419e-06,0.91303724,1.3603386e-07,2.0387779e-08,0.643186,5.994261e-06,0.000118322096,0.88581353,6.034049e-07,1.7011419e-07,7.035631e-05,2.0937927e-08,1.5744233e-06,2.5366546e-07,4.5822466e-09,2.5533777e-06,1.7163027e-08,2.2903457e-08,6.221792e-08,1.074877e-08,2.6792025e-08,3.2465685e-08,8.720224e-09,5.2902327e-09,1.2420701e-08,1.32943185e-08,9.4852716e-08,1.8362067e-08,1.0342576e-07,1.8108244e-08,1.8306816e-08,1.5525803e-08,5.260974e-08,2.6706669e-08,6.705733e-09,4.4575597e-09,9.513714e-09,1.0647439e-08,1.6122403e-08,7.591193e-08,1.0473197e-07,2.6579775e-08,1.0369331e-09,0.019284701,6.484378e-08,1.1894889e-05,0.025639722,3.2886236e-09,0.00051533617,0.33525097,0.6607253,5.0573834e-07,1.0319262e-06,5.284638e-08,8.256409e-09,1.7298863e-07,5.271063e-10,3.9143547e-08,1.6725573e-06,2.2231148e-05,6.5966194e-10,1.2670587e-07,2.7480166e-06,1.4669051e-05,2.1666876e-06,5.830402e-07,0.000115758834,1.6079316e-08,4.221879e-06,4.565529e-07,2.4133408e-07,6.512949e-08,9.666156e-08,9.669111e-07,1.1125692e-05,3.662815e-07,3.2323196e-06,2.2506233e-06,8.916011e-08,3.3291348e-05,7.5410603e-06,1.6467525e-06,8.186382e-08,7.959347e-07,1.1220278e-05,2.9730045e-05,3.402842e-08,3.0862267e-07,4.0846247e-05,3.3402557e-05,1.531325e-05,2.1185765e-06,6.464986e-09,6.5278606e-08,2.81353e-06,9.808049e-07,2.4769208e-05,1.6096987e-05,1.6386853e-08,7.435706e-09,2.5870265e-06,4.3635746e-06,3.6017974e-07,2.7668216e-07,6.507498e-08,2.6561868e-06,1.2308219e-06,1.2674779e-05,8.4684393e-07,0.00026015492,4.5292703e-07,1.1410687e-06,2.08756e-06,1.554317e-05,1.4281797e-09,8.703212e-06,9.774004e-07,1.3102132e-05,7.950388e-07,2.4032374e-07,1.580002e-07,1.8459057e-08,9.029448e-06,1.018012e-06,1.9179585e-07,1.0025761e-06,4.172432e-07,4.2345707e-07,4.5400125e-08,2.5897762e-06,3.5545293e-07,1.4754553e-07,1.3751448e-06,3.1376783e-07,2.0233101e-07,3.6263898e-06,1.9305436e-07,2.7452847e-06,8.135311e-08,6.361701e-08,2.0359917e-06,1.7641563e-06,3.9266688e-09,3.1408786e-07,1.2962362e-05,2.9924178e-07,3.2922782e-07,2.567249e-06,3.1969645e-07,3.622542e-07,1.4715723e-08,1.5532118e-05,5.0956203e-08,4.59204e-06,9.027169e-08,9.554071e-06,1.2821245e-06,6.5213135e-07,1.1306761e-08,1.4660951e-08,3.5328176e-05,3.636152e-07,1.1387303e-06,1.8757169e-06,2.8821355e-06,1.0815535e-06,3.4720508e-06,1.5016463e-09,5.9978174e-06,4.875067e-07,1.9369388e-06,2.1418748e-07,8.070859e-09,1.1399275e-05,2.7205846e-07,1.7156437e-07,3.603873e-06,8.326888e-06,5.5274695e-06,1.3101768e-06,5.1570464e-06,2.8611159e-05,1.18253546e-07,1.8713303e-08,8.044334e-06,5.931951e-06,1.8032458e-07,2.3335897e-06,3.7659598e-10,4.572419e-06,1.880207e-06,2.68811e-05,4.4725425e-07,1.1315358e-06,7.380867e-09,4.3228965e-06,3.1835007e-06,4.2650845e-05,5.665643e-07,0.00015057185,1.9313038e-06,0.00018460369,3.9555025e-07,2.4062767e-06,2.5098009e-06,3.1442007e-06,3.3015055e-10,8.346966e-07,2.3415294e-07,1.2045354e-08,9.657457e-08,0.00024472066,6.231483e-08,3.6683105e-06,3.3046398e-08,1.0594753e-05,8.9766736e-08,5.5490353e-05,2.0214644e-07,1.5316725e-06
BC2026_Train_0036_S22_20211224_234500_015,2.8212246e-10,9.092919e-07,2.616685e-07,6.277398e-05,2.484396e-06,1.2944247e-07,4.469182e-08,1.4933316e-07,0.005609012,5.227639e-05,8.251376e-05,8.73499e-07,1.1056058e-07,3.8540506e-08,4.7468743e-07,0.8716674,1.2712344e-07,6.6085732e-09,0.76740175,1.3453332e-06,1.693806e-05,0.90509415,6.2599156e-06,3.7695034e-07,0.0012057694,3.8201943e-08,5.7284446e-06,3.0498285e-08,2.3999123e-09,6.767708e-06,1.8941222e-08,3.2242355e-08,1.3522997e-07,2.4929271e-08,8.132611e-08,3.3170863e-08,2.4153385e-08,2.820695e-08,2.9504298e-08,2.8597091e-08,3.3986234e-07,3.952052e-08,2.781855e-07,2.001943e-08,3.896759e-08,3.7155207e-08,2.6965776e-07,4.6114536e-08,2.016498e-08,2.460066e-08,2.7303468e-08,2.93326e-08,5.1792025e-08,1.4942819e-07,2.1942056e-07,3.733985e-08,8.5662305e-10,0.043369673,4.325059e-08,1.5207853e-06,0.055911016,1.512132e-08,0.00035443672,0.6674433,0.8093136,2.0456373e-06,1.9816531e-07,2.1256461e-08,1.4831477e-08,3.36367e-07,1.0399932e-09,1.1354019e-07,1.4314729e-06,5.64282e-05,1.0532866e-09,1.0073397e-07,7.460576e-07,1.0752044e-05,4.777721e-06,4.3011119e-07,0.00044469247,6.0897555e-08,4.0331242e-06,2.3558812e-06,5.9576956e-07,3.898224e-08,1.8825572e-08,7.97366e-06,2.2109582e-06,3.6839495e-07,3.8846006e-06,3.0282336e-06,1.884345e-07,1.7952076e-05,3.989514e-06,2.0008665e-06,3.4119742e-07,6.6434694e-07,1.1427585e-05,0.00013754351,1.6573588e-07,2.2398905e-07,0.00012361091,0.00014243525,2.57803e-05,5.055401e-06,1.8721266e-08,1.7166782e-07,2.8540944e-07,8.2073683e-07,0.00014110452,5.778314e-06,1.418137e-08,1.7604016e-08,2.1650146e-06,5.9097315e-06,2.564173e-07,6.606427e-07,6.178521e-08,1.1512678e-05,1.4067639e-05,2.6306338e-05,2.060504e-06,0.00035835087,4.4298977e-07,4.413264e-06,7.4435943e-06,1.4843124e-05,5.591192e-09,1.2253384e-05,2.246279e-06,1.5691076e-05,1.4332228e-06,9.810079e-07,1.0321172e-06,2.0048401e-07,9.172777e-06,2.0398716e-07,1.3737827e-07,2.7102108e-06,5.2785634e-07,1.9783122e-06,2.184828e-07,2.6738096e-06,2.1041606e-07,3.2262843e-08,1.3288052e-06,8.1463804e-07,1.143456e-07,9.108775e-06,3.6841254e-07,1.23730515e-05,2.3723979e-07,5.0599983e-08,1.247326e-06,1.633928e-06,1.8145757e-08,1.0192184e-06,1.2059146e-06,3.3114657e-06,3.9519506e-07,3.3718802e-06,8.9503445e-08,7.89563e-07,3.9720778e-08,2.2222222e-05,1.4090028e-07,6.7376923e-06,3.5914627e-07,6.8771756e-06,3.7202053e-06,5.7281113e-06,2.8836064e-08,3.271058e-08,8.0014644e-05,1.2252226e-06,9.819197e-06,1.5722071e-06,2.4749418e-06,3.962335e-06,3.4331094e-06,2.1357804e-09,4.176527e-06,1.2710784e-06,9.94259e-07,1.6620281e-07,3.6720092e-08,6.6100088e-06,1.8428388e-07,5.000657e-07,9.770224e-06,1.5903894e-06,1.5848564e-05,2.1541177e-06,2.8398076e-06,5.6229077e-05,3.2973057e-07,5.5253285e-08,1.6741096e-05,1.6562526e-05,5.3634636e-07,7.754383e-07,1.5547071e-09,1.4194961e-06,5.951772e-06,5.453111e-05,7.244208e-07,1.7248406e-06,6.143034e-08,1.1476644e-05,2.6354785e-06,4.82113e-05,7.262442e-07,1.3839706e-05,1.2850121e-06,0.000552192,9.73602e-07,5.6863432e-06,5.042705e-07,4.839893e-06,6.858849e-10,1.5212421e-06,3.7230407e-07,9.586502e-09,7.6968654e-08,0.00035540658,2.772548e-07,5.991569e-06,2.8278105e-08,1.19331235e-05,7.3895194e-08,0.00018624547,1.846792e-07,2.5049155e-06
BC2026_Train_0036_S22_20211224_234500_020,3.2473378e-11,4.5918335e-07,7.68834e-08,0.000106841595,2.6702497e-07,1.8778628e-08,1.4580553e-08,6.630243e-08,0.005780816,0.00019790152,0.00024220927,2.6674397e-06,4.14083e-08,7.8857205e-08,8.969901e-07,0.8189695,8.272686e-07,1.0158928e-08,0.85760003,9.032988e-07,1.28808115e-05,0.906345,3.565237e-07,2.3387598e-07,9.0760404e-05,2.6583123e-08,1.2614696e-06,3.864857e-07,7.574571e-09,1.3575405e-05,2.7629316e-08,2.5944846e-08,1.124916e-07,1.45896495e-08,3.777899e-08,4.536887e-08,7.0962556e-09,5.953655e-09,2.4967246e-08,1.3482828e-08,1.5590113e-07,3.0500726e-08,1.2669874e-07,2.1673598e-08,1.7864977e-08,1.5681964e-08,6.051453e-08,3.1863074e-08,7.680773e-09,5.3580065e-09,1.0982262e-08,1.3090131e-08,1.8510287e-08,1.4664116e-07,1.2814175e-07,3.0617826e-08,6.9940875e-10,0.05789522,2.8127598e-08,4.6682294e-07,0.017200723,6.0826246e-09,0.00020641323,0.45506543,0.4303653,1.5760697e-06,3.9373128e-07,8.498632e-09,1.1677743e-08,1.5049363e-07,8.564021e-11,1.0742601e-08,2.9459875e-06,8.9850555e-06,3.3912925e-10,1.3076111e-07,1.755679e-06,5.2021846e-06,1.7200358e-06,5.6155625e-07,0.00011420414,5.624296e-09,1.554117e-06,7.164094e-08,2.5357792e-07,1.994743e-08,2.0954268e-08,2.083014e-06,9.318168e-06,3.7862853e-07,5.804764e-07,3.6338326e-06,5.8761422e-08,8.325314e-06,1.7455568e-05,8.4835386e-07,7.8316994e-08,7.867638e-07,8.593533e-07,1.0285157e-05,4.2798188e-08,5.5650546e-08,3.0411258e-05,7.068846e-05,8.105779e-06,5.5363466e-07,1.4622572e-09,1.4250593e-08,5.2114575e-07,6.3347704e-07,4.9910605e-06,9.371353e-06,5.320469e-09,4.360326e-09,2.295085e-06,1.6857977e-06,2.0445867e-07,1.09679476e-07,9.376089e-08,1.9592624e-06,1.9090419e-06,8.288075e-06,6.302412e-07,0.00013505947,1.9640446e-07,6.676644e-07,1.6177437e-06,1.4817638e-05,8.928153e-10,5.908198e-05,1.3649366e-06,6.0473844e-06,4.332606e-07,9.4379715e-08,7.250464e-08,4.4937824e-08,2.2250777e-06,3.3048295e-07,5.8003767e-08,9.840917e-07,2.1181734e-07,9.0951424e-08,8.6370314e-08,4.57635e-06,2.043811e-07,2.5454145e-08,4.6399035e-07,4.5646843e-07,4.0346286e-08,1.8219924e-06,7.788707e-08,2.7540088e-06,1.4488492e-07,1.3451823e-08,3.839893e-06,1.6095815e-06,2.211156e-09,1.0096442e-07,3.1195466e-07,5.538945e-07,5.7070746e-08,8.56751e-07,1.985514e-07,7.107366e-08,1.03627125e-08,1.9658994e-05,4.0259504e-08,1.0960351e-06,1.1021864e-07,8.572949e-06,7.920086e-07,6.7032806e-07,7.0352866e-09,5.878437e-09,2.1418602e-05,9.6172194e-08,2.429089e-06,5.1630127e-07,7.705421e-06,1.3664304e-06,3.471468e-06,2.1462223e-09,6.371424e-06,4.3489536e-07,1.7005075e-06,4.539259e-08,4.1022847e-09,8.390714e-06,5.9693036e-08,1.2279924e-07,7.5543117e-06,2.682427e-06,1.9821741e-06,3.2557656e-07,3.4276623e-06,1.8957644e-05,4.4711257e-08,1.159582e-08,9.265938e-06,4.5536117e-06,3.8045386e-08,4.9977916e-07,1.2757171e-09,1.4018232e-06,8.6550943e-07,1.8547715e-05,1.3619638e-07,4.5812172e-07,5.114996e-09,2.333445e-06,5.799021e-07,1.7409318e-05,3.2923566e-07,0.0001619329,1.0258387e-06,0.0001649745,2.1680572e-07,2.537313e-06,2.1030733e-07,4.5202137e-06,1.0850392e-10,2.3313645e-07,7.1955355e-08,1.2198435e-08,2.2170143e-08,0.00014419592,4.7152497e-08,2.9734001e-06,1.5349167e-08,8.167421e-06,7.747514e-09,3.034457e-05,4.4706997e-08,9.822193e-07
BC2026_Train_0036_S22_20211224_234500_025,3.1044053e-11,1.7034228e-07,3.5551497e-07,9.39116e-05,3.3301492e-07,3.43188e-08,1.2892006e-08,6.823182e-08,0.0016763061,0.000107213804,0.00011040463,2.2720901e-06,2.0611388e-08,2.04864e-08,1.3038721e-06,0.8024082,9.3607575e-08,2.2944413e-09,0.7414175,1.0927225e-06,5.452159e-06,0.83856845,3.217126e-07,1.6830973e-07,0.00014197963,2.0222368e-08,2.9423934e-06,7.091144e-08,2.556458e-09,8.7960467e-07,2.6216753e-08,2.2154122e-08,6.314999e-08,6.921724e-09,2.8123573e-08,3.0767634e-08,1.5368883e-08,8.580068e-09,1.366814e-08,8.320118e-09,1.6489746e-07,2.2518499e-08,1.2542239e-07,1.7347428e-08,1.3764441e-08,1.1870717e-08,5.932144e-08,1.8534132e-08,6.6291643e-09,6.641428e-09,1.0107362e-08,1.4689977e-08,2.0012788e-08,9.308146e-08,1.4746774e-07,1.8408112e-08,5.533792e-10,0.050792553,1.0592162e-08,2.7608962e-07,0.021740975,4.6908126e-09,0.00022539787,0.57402647,0.9121933,3.460044e-07,2.6204037e-07,1.6424153e-08,3.4848058e-09,1.8932307e-07,1.9224958e-10,3.5062154e-08,3.0587307e-07,4.6504824e-06,8.510302e-11,3.33127e-08,1.0362911e-06,5.5013907e-06,9.50355e-07,2.1082782e-07,4.4320866e-05,2.1451758e-08,7.855028e-07,3.7608498e-07,8.1987416e-08,2.695929e-08,1.3736221e-08,9.001136e-07,1.7162981e-06,1.062677e-07,1.1312143e-06,8.4574947e-07,6.9586065e-08,1.3191852e-05,2.1642797e-06,3.805998e-07,7.5835366e-08,4.8886943e-07,1.8461559e-06,2.8768447e-05,5.383804e-08,6.7439345e-08,2.0951346e-05,1.6341633e-05,5.8797405e-06,1.4812501e-06,2.061311e-09,2.1130862e-08,4.911438e-07,4.5099173e-07,2.2683056e-05,1.4853878e-06,4.716372e-09,2.2199627e-09,4.028132e-07,1.8059009e-06,9.5922864e-08,8.074989e-08,2.6271664e-08,1.5531971e-06,2.9691446e-07,3.1857176e-06,6.587471e-07,8.836753e-05,1.2306396e-07,7.354899e-07,1.1432297e-06,9.049146e-06,7.8265994e-10,7.007232e-06,3.4652453e-07,5.304798e-06,6.9085104e-07,7.9310176e-08,1.2879059e-07,3.535974e-08,1.0967431e-06,9.675728e-08,1.1111378e-08,4.1165794e-07,6.5217307e-07,3.4488795e-07,4.9540816e-08,1.4198902e-06,7.468258e-08,5.4076152e-09,7.51112e-07,3.3964264e-07,1.8095352e-07,9.813804e-07,3.657707e-08,2.9863786e-06,3.2681708e-08,1.0308186e-08,6.7272765e-07,4.6295338e-07,1.5814147e-09,1.2954953e-07,1.1675781e-06,2.732108e-07,4.1026314e-07,1.7231191e-06,6.8943606e-08,1.0900419e-07,8.621638e-09,2.9666535e-06,3.7400078e-08,1.7328715e-06,1.1603148e-07,3.9077827e-06,9.0344787e-07,5.4056846e-07,4.6879776e-09,9.842689e-09,1.41565315e-05,1.5037757e-07,3.4713423e-06,3.946339e-07,1.2112938e-06,7.086945e-07,8.552107e-07,7.8671153e-10,1.9716072e-06,2.4979613e-07,8.5853327e-07,8.467941e-08,1.2301029e-08,4.969204e-06,7.062771e-08,1.2629353e-07,2.7975168e-06,5.3961094e-07,6.8103946e-06,2.5861652e-07,2.848376e-06,6.8481822e-06,1.1035054e-07,2.982795e-08,4.0563414e-06,1.6103292e-06,4.401489e-08,1.165978e-06,1.6761814e-10,1.355347e-06,1.1407423e-06,1.1639245e-05,1.1125931e-07,6.6445466e-07,8.101752e-09,1.0811546e-05,4.1616368e-06,3.1104053e-05,4.965064e-07,1.7910197e-05,9.367746e-07,9.6857846e-05,3.106401e-07,5.0661987e-07,5.5811796e-07,9.888189e-07,1.0306702e-10,4.2265097e-07,8.686843e-08,2.6580016e-09,4.9090634e-08,0.00017509826,2.972306e-08,4.7837257e-06,7.6706135e-09,2.523462e-06,5.2584962e-08,3.458353e-05,6.719193e-08,6.4542206e-07
BC2026_Train_0036_S22_20211224_234500_030,1.7036258e-11,5.039618e-07,6.4275625e-08,6.204097e-05,1.8238234e-07,3.5638277e-09,8.336352e-09,1.5802085e-07,0.005420644,8.563182e-05,0.0002401693,1.5688835e-07,3.040333e-07,2.07088e-08,1.1257804e-06,0.8144087,4.9844306e-08,2.9421732e-09,0.569169,9.545505e-07,3.4421577e-05,0.5604316,1.7647743e-07,1.3113113e-07,2.633661e-05,4.8200195e-09,1.2126184e-06,1.0477273e-07,6.6551065e-10,8.4418144e-07,9.841433e-09,8.783438e-09,3.6001893e-08,7.619912e-09,2.7468317e-08,1.8082288e-08,3.101437e-09,2.5356153e-09,8.078575e-09,1.3085713e-08,8.302778e-08,1.5469698e-08,9.143201e-08,6.188969e-09,2.9811346e-08,2.4928749e-08,5.0424543e-08,1.0309897e-08,3.6655348e-09,2.3799602e-09,6.3400147e-09,7.4013076e-09,9.621838e-09,6.853141e-08,1.031348e-07,1.3576734e-08,3.5847075e-10,0.03437642,1.0596587e-08,2.9275366e-06,0.042566538,1.9650042e-09,9.172314e-05,0.25625604,0.4168119,8.12399e-07,2.8010595e-07,9.790394e-09,6.162368e-10,2.702833e-08,3.4585357e-10,4.9393885e-09,6.71766e-07,5.8735655e-05,4.0025022e-10,3.4140562e-08,2.221649e-06,1.0697887e-05,4.2863215e-07,1.653248e-07,7.992154e-05,6.9102213e-09,8.511408e-07,1.7791415e-07,9.711912e-08,1.3767173e-08,9.647621e-09,1.071003e-06,5.7203706e-06,1.215167e-07,4.5670228e-07,6.391888e-07,1.2658988e-08,2.6562425e-06,1.6861127e-06,8.608403e-07,1.01769686e-07,4.4403913e-07,1.3203469e-06,2.4357085e-05,1.4996377e-08,1.09371136e-07,6.15341e-06,2.6547215e-05,5.3245603e-06,9.4315e-07,5.843367e-10,2.1919838e-08,1.1535693e-06,2.0093901e-07,2.1172486e-05,3.2529833e-06,3.2748273e-09,2.4389473e-09,3.737716e-07,2.567325e-06,1.2761673e-07,1.9882975e-07,4.248165e-08,3.0494296e-06,1.995567e-06,6.9690586e-06,4.6669786e-07,0.00022763576,3.0580802e-07,6.5920716e-07,7.202015e-07,1.0768001e-05,3.7187642e-10,2.2501513e-06,5.9087625e-07,1.3254082e-06,2.0869278e-07,1.3646708e-07,8.9235144e-08,1.2275294e-08,2.0813757e-06,2.6822096e-07,1.7218412e-07,1.4376114e-06,4.827649e-08,1.2035231e-07,1.0291331e-08,1.4242979e-06,7.309085e-07,3.563605e-08,2.2424061e-07,1.9409298e-07,2.593693e-08,2.5856305e-06,3.7292912e-07,2.5242803e-06,4.1616776e-08,1.0431108e-08,7.8750696e-07,6.4092416e-07,7.7998197e-10,5.8544952e-08,1.3508486e-06,2.0912651e-07,7.850738e-08,8.883265e-07,2.2722055e-08,6.555648e-08,3.9337227e-09,2.7739654e-06,1.0133441e-08,3.3445845e-06,4.1435552e-08,7.344971e-06,2.2509983e-07,2.9461762e-07,4.790781e-09,2.4977473e-09,3.0672345e-05,1.4392394e-07,2.0712573e-06,1.0181168e-06,1.415295e-06,6.634681e-07,1.5102808e-06,1.0670773e-09,1.8149481e-06,1.4326484e-07,6.741534e-07,3.3493958e-08,2.6376388e-09,7.0126334e-06,2.9731112e-08,4.647613e-08,3.0937401e-06,5.5882697e-06,6.580598e-06,1.1192888e-06,3.4960635e-06,1.1683639e-05,6.517758e-08,6.9688713e-09,5.7161824e-06,1.7257223e-06,1.8619453e-08,1.6553796e-06,1.946245e-10,1.2381399e-06,1.4065597e-06,2.3284867e-05,4.4097283e-07,2.574452e-07,6.8379524e-09,1.2279951e-06,1.6661782e-06,4.186832e-05,7.862082e-08,3.1217565e-05,2.0359237e-06,6.6107285e-05,1.744833e-07,1.2053775e-06,4.6488546e-07,1.767206e-06,1.36425e-10,1.799892e-07,1.8469031e-07,1.2079475e-08,2.8109252e-08,0.00016805014,3.6189295e-08,7.7869834e-07,2.0050575e-08,3.939149e-06,1.8781314e-08,2.3327675e-05,3.416662e-08,6.44355e-07
BC2026_Train_0036_S22_20211224_234500_035,3.051117e-10,1.7678212e-06,5.116452e-07,7.346352e-05,3.3517674e-07,3.7856964e-08,1.606834e-08,4.5926524e-07,0.0018030865,0.00020684784,0.0001172837,2.9303046e-06,1.6836383e-07,7.3609904e-08,2.0580237e-06,0.696462,1.7341249e-07,7.186905e-09,0.8183754,2.668684e-06,1.230675e-05,0.74879485,3.02964e-06,5.6812587e-07,0.0018078629,1.0049179e-07,9.337908e-06,1.3029941e-07,8.768758e-09,2.7386138e-06,5.6725423e-08,4.408092e-08,3.268309e-07,3.197961e-08,1.0283329e-07,7.557343e-08,2.41935e-08,1.6012047e-08,6.833875e-08,4.356695e-08,3.6975183e-07,8.211982e-08,2.8620207e-07,3.606712e-08,5.8066966e-08,6.184357e-08,1.5605703e-07,1.0828142e-07,1.7014527e-08,1.0433914e-08,3.1450504e-08,3.1823237e-08,4.7327205e-08,2.866957e-07,1.9588073e-07,1.14701116e-07,3.2815242e-09,0.027221534,2.6403834e-08,6.87928e-07,0.055254485,1.6353008e-08,0.00011316336,0.442875,0.38238877,5.1781685e-06,2.43193e-07,6.826944e-08,9.910223e-09,5.623177e-07,5.9916894e-10,9.6509204e-08,1.440738e-06,8.224282e-05,1.509552e-09,1.626754e-07,2.4348176e-06,9.753132e-06,1.4770986e-06,2.7248325e-07,0.0003872819,7.154426e-08,7.4089758e-06,1.0062064e-06,6.284143e-07,6.301427e-08,2.9592385e-08,4.5556703e-06,4.23833e-06,4.3031838e-07,1.098921e-05,6.2525537e-06,1.2159542e-07,7.4671343e-06,8.793407e-06,3.514077e-06,3.0540087e-07,3.7961814e-07,1.9221447e-05,2.620648e-05,2.3400004e-07,8.6496264e-08,3.1985805e-05,7.6552e-05,4.4359895e-05,2.4349174e-06,2.2325112e-08,5.4419024e-07,5.149313e-07,5.525117e-07,9.8789815e-06,8.2360875e-06,4.878699e-08,4.2653536e-08,7.595133e-06,5.572326e-06,3.733476e-07,9.220649e-07,1.71566e-07,8.414964e-06,3.6185268e-06,2.396525e-05,1.8273591e-06,0.00022459081,4.7742003e-07,3.013029e-06,1.1692602e-05,3.4762143e-05,1.6544279e-09,5.0483373e-05,6.521789e-06,1.0665218e-05,1.2639997e-06,6.3388023e-07,2.4915707e-07,2.7171464e-07,6.149556e-06,6.764319e-07,2.1166407e-07,1.03417315e-05,2.1452725e-07,3.748228e-07,1.9872853e-07,4.464285e-06,3.2052453e-06,5.5744877e-08,1.1393408e-06,1.1294916e-06,1.1433307e-07,2.817568e-05,2.0083671e-07,9.111686e-06,5.637681e-07,6.677084e-08,3.9920105e-06,4.0226532e-06,7.1821646e-09,2.4159198e-07,1.06584e-06,6.208147e-07,5.6826514e-07,2.2699394e-06,7.3777734e-08,2.819902e-07,4.1104556e-08,1.4418417e-05,1.5718024e-07,1.7158223e-05,2.7963569e-07,8.70601e-06,1.406659e-06,2.188138e-06,3.553593e-08,2.5225487e-08,7.693577e-05,6.982677e-07,5.7811085e-06,8.585186e-07,4.393271e-06,2.147904e-06,3.6245156e-06,6.241746e-09,1.0083495e-05,5.5860994e-07,1.1266999e-06,5.108037e-08,5.998717e-08,2.1847642e-05,1.463161e-07,3.8551795e-07,1.2352338e-05,4.145535e-06,6.2071864e-05,2.041926e-06,7.413832e-06,2.5317555e-05,2.2920395e-07,7.381349e-08,6.745818e-05,5.476228e-06,2.774929e-07,1.2322853e-06,4.8431965e-09,5.16315e-07,1.0844218e-05,2.9576126e-05,3.8911335e-06,1.8117349e-06,7.367424e-08,4.7981775e-06,1.7888576e-06,8.687212e-05,2.0400195e-07,7.8381665e-05,9.091721e-06,0.00032213877,3.5122102e-07,2.723539e-06,5.676698e-07,2.0201349e-05,1.0103733e-09,1.5428791e-06,2.2910277e-07,2.1124576e-08,7.642899e-08,0.00018445063,3.3860644e-07,4.064911e-06,1.03356356e-07,5.5574287e-06,3.565855e-08,6.875599e-05,7.845116e-07,3.2652356e-06
BC2026_Train_0036_S22_20211224_234500_040,2.3230353e-11,6.646923e-07,5.8610862e-08,0.000118691845,7.581136e-08,5.21588e-09,7.63261e-09,6.3032424e-08,0.0020125906,9.468555e-05,0.00022912472,7.6340103e-07,2.3437279e-07,4.3211337e-08,1.9228078e-06,0.83731,2.9258905e-07,2.9901763e-09,0.44337964,2.9489136e-06,3.8008606e-05,0.5838734,2.3712329e-07,1.5991847e-07,6.39957e-06,6.058911e-09,5.1196247e-07,1.0153991e-07,5.8981255e-09,2.84191e-06,1.9237742e-08,3.0887055e-08,6.8748214e-08,1.5145883e-08,4.12349e-08,5.9966e-08,1.3254516e-08,8.25748e-09,1.909313e-08,2.4025836e-08,1.1626087e-07,2.4517702e-08,1.2777225e-07,3.2100186e-08,1.9855305e-08,1.9633307e-08,1.0528016e-07,2.6248173e-08,7.105533e-09,5.035647e-09,1.2447334e-08,1.3890826e-08,1.9404347e-08,8.671117e-08,2.1964458e-07,3.746076e-08,7.503418e-10,0.06650487,1.5248524e-08,1.4806992e-06,0.024658874,2.259576e-09,0.0005705756,0.16473423,0.24126285,3.480783e-07,3.4901197e-07,6.4198407e-09,9.796391e-09,5.867988e-08,1.6544525e-10,5.031327e-09,5.076786e-07,1.2390564e-05,4.0561138e-10,8.686164e-08,1.4188345e-06,2.7355104e-06,1.3757995e-06,2.3766435e-07,5.902797e-05,1.4970678e-09,1.5678486e-06,4.828367e-08,2.5729008e-07,2.2999457e-08,3.8390173e-08,1.0653725e-06,6.333506e-06,2.1697468e-07,3.3716412e-07,9.933123e-07,2.7587243e-08,9.360644e-06,5.043209e-06,1.3815594e-06,6.917306e-08,4.1172785e-07,3.1976522e-06,1.8984872e-05,5.3288804e-08,4.7859064e-08,3.831057e-05,2.3974097e-05,1.0984862e-05,1.3433178e-06,4.3806886e-10,2.173014e-08,7.879773e-07,5.4872936e-07,3.693838e-05,7.658565e-06,6.6721544e-09,3.1265317e-09,1.1594293e-06,2.8581555e-06,3.319011e-08,5.9956854e-08,1.2611564e-07,2.4413093e-06,9.730516e-07,4.454232e-06,3.612406e-07,0.0002191046,2.490466e-07,1.1261487e-06,9.592484e-07,1.7339034e-05,1.0131697e-09,2.3079841e-05,1.7458065e-06,1.1985629e-06,8.041989e-08,5.4864724e-08,6.5663095e-08,8.480415e-09,4.4982175e-06,6.330375e-07,8.931177e-08,1.233187e-06,6.6544786e-08,1.0880893e-07,7.760796e-09,7.367535e-07,1.8119255e-07,2.3877229e-08,2.0832451e-07,1.4838798e-07,9.350389e-08,2.026977e-06,7.445714e-08,7.695302e-06,4.6314014e-08,1.4795565e-08,1.1488124e-06,1.2166274e-06,1.1431727e-09,7.6147714e-08,1.5535614e-06,2.594097e-07,1.8537673e-07,1.502225e-06,1.563824e-07,6.84546e-08,2.2429885e-09,4.825596e-06,1.2383539e-08,1.8477042e-06,5.1972123e-08,1.4286432e-05,6.8484627e-07,3.5591665e-07,3.0577425e-09,3.2363905e-09,4.303231e-05,7.223423e-08,1.2953043e-06,2.2150263e-07,1.026327e-06,1.8984789e-06,2.5277443e-06,1.1027826e-09,2.6724686e-06,1.1128541e-07,8.924721e-07,2.4325741e-08,6.1244765e-09,4.212456e-06,8.1637715e-08,6.661907e-08,1.37988e-05,8.587326e-06,2.4702658e-06,9.684487e-07,1.6250934e-06,1.1733865e-05,2.6212554e-08,4.8621893e-09,3.8247913e-06,3.0414194e-06,1.9587e-08,5.960884e-07,3.2272288e-10,1.5340363e-06,1.7240279e-06,2.094667e-05,1.610085e-07,2.0103063e-07,5.233229e-09,1.5418377e-06,3.247018e-07,3.515295e-05,1.1544339e-07,3.359468e-05,1.6621707e-06,0.00031853598,1.306792e-07,2.8340637e-06,6.8851875e-07,1.2815756e-06,1.2012327e-10,4.2497294e-07,6.963984e-08,6.854968e-09,4.3103174e-08,0.00024655467,4.1336012e-08,4.5314692e-07,5.7289165e-09,5.813829e-06,8.894843e-09,1.558051e-05,4.3729628e-08,8.688937e-07
BC2026_Train_0036_S22_20211224_234500_045,1.4429125e-10,6.5879675e-07,3.6523468e-07,0.00023484768,1.6558626e-07,1.5591356e-08,1.3877215e-08,1.8305566e-07,0.0028552874,0.00056089787,0.0003567648,7.199075e-06,9.162928e-08,1.5288077e-07,1.4134728e-06,0.59126085,1.8925664e-07,5.653281e-09,0.5342698,3.372363e-06,3.5016592e-06,0.63660294,5.0133156e-07,5.3247453e-07,0.00088338717,5.140829e-08,7.458985e-06,8.460788e-08,1.1403333e-08,1.482775e-06,5.1678946e-08,5.1763287e-08,3.0639913e-07,3.974662e-08,1.17526476e-07,9.413288e-08,4.6296528e-08,3.8249407e-08,7.9748865e-08,5.3890844e-08,7.818384e-07,9.390228e-08,2.7197805e-07,3.8809162e-08,9.059718e-08,9.300142e-08,3.349866e-07,8.6741935e-08,3.2739983e-08,3.2279647e-08,2.846529e-08,3.1945774e-08,4.7000928e-08,3.0897255e-07,3.4588268e-07,5.503535e-08,4.4082924e-09,0.07668338,1.16044045e-08,7.428692e-08,0.03938301,1.0239582e-08,0.00024220142,0.31596467,0.62278366,4.9596024e-06,6.5775276e-07,2.5841185e-08,1.3741724e-08,3.4222e-07,6.0206273e-10,8.94862e-08,1.125963e-06,3.0194555e-05,1.9883e-09,1.7914546e-07,1.9615245e-06,6.4711476e-06,1.491274e-06,1.8564104e-07,0.00017770598,5.7249768e-08,5.791152e-06,7.8043274e-07,8.09197e-07,5.1198203e-08,2.1713113e-08,5.78177e-06,4.1563103e-06,4.2500582e-07,5.862719e-06,2.3356047e-06,1.8422256e-07,8.16672e-06,3.3337983e-06,1.6248191e-06,5.607273e-07,7.4354597e-07,9.922794e-06,7.160389e-05,3.367223e-07,9.3078256e-08,1.2954985e-05,4.6367357e-05,8.537499e-06,2.349733e-06,1.7485988e-08,1.1527969e-07,5.53146e-07,7.695315e-07,1.1301498e-05,3.4420427e-06,2.4173712e-08,1.4166366e-08,2.2841607e-06,3.1443626e-06,5.0878896e-07,7.0737843e-07,1.0352485e-07,2.2076054e-05,5.714771e-06,1.7669092e-05,2.2624313e-06,0.00038514202,2.833356e-07,4.189376e-06,6.660034e-06,3.8644037e-05,1.8871615e-09,2.2872779e-05,3.934208e-06,6.1028118e-06,1.3027324e-06,5.9986246e-07,1.9437138e-07,1.6487402e-07,2.3239356e-06,6.9776246e-07,1.3550765e-07,3.220492e-06,5.6440774e-07,1.0120112e-06,2.5685247e-07,3.3085457e-06,1.6732896e-06,2.5190102e-08,8.172323e-07,6.8186216e-07,1.3210895e-07,1.0767743e-05,1.0318026e-07,1.2853876e-05,4.9160775e-07,4.956785e-08,5.7724205e-06,1.7642641e-06,3.6678984e-09,4.2329233e-07,5.27129e-07,7.2995e-07,6.129837e-07,2.7491963e-06,4.985876e-08,3.3594225e-07,1.4130877e-08,4.2050665e-06,1.1737593e-07,7.093259e-06,3.6613588e-07,6.224608e-06,1.1913028e-06,4.0987074e-06,2.7595345e-08,2.9605426e-08,0.00010102931,2.2334957e-07,8.1200305e-06,6.005969e-07,3.1222e-06,3.202227e-06,3.7769735e-06,6.5002377e-09,5.88512e-06,6.572699e-07,1.5413584e-06,7.802521e-08,5.0957762e-08,1.3198798e-05,1.0241031e-07,1.336592e-07,1.5016842e-05,4.679302e-06,2.4683188e-05,1.6411584e-06,4.2685215e-06,2.2684768e-05,3.431763e-07,8.25531e-08,2.0523126e-05,1.7848599e-06,1.7181145e-07,9.841667e-07,2.7359286e-09,9.077454e-07,2.7534286e-06,4.0699506e-05,3.1047232e-06,6.0284003e-07,5.3793798e-08,1.39204e-05,3.7251682e-06,0.00013020329,3.224267e-07,3.6197744e-05,3.8610033e-06,0.00032507363,2.6531666e-07,7.4519926e-07,4.1384897e-07,4.9374084e-06,6.9377404e-10,1.8396918e-06,3.3705868e-07,2.6195258e-08,8.1237744e-08,0.00043473573,2.8910802e-07,1.7509353e-06,5.221098e-08,4.813912e-06,5.9455324e-08,9.682727e-05,4.2452493e-07,2.7343838e-06
BC2026_Train_0036_S22_20211224_234500_050,3.9041206e-10,1.5302753e-06,4.826038e-07,0.000379623,6.2540823e-07,5.547631e-08,2.2942105e-08,1.14671906e-07,0.0028011377,0.0003105288,0.00026052276,7.808297e-06,4.766566e-08,1.9865368e-07,4.314692e-06,0.3789248,2.038938e-07,1.2652639e-08,0.5289757,3.071606e-06,4.7319e-06,0.8749272,3.5217926e-07,6.4209206e-07,0.001535722,1.6579405e-07,4.0323785e-06,3.594005e-07,3.0656803e-08,1.051421e-05,7.9738214e-08,2.2824047e-07,4.276551e-07,3.972896e-08,1.3910265e-07,2.3367912e-07,1.1925856e-07,5.089239e-08,8.277826e-08,4.3012424e-08,9.27433e-07,1.3017012e-07,3.236479e-07,1.7089143e-07,8.865443e-08,8.265788e-08,3.0060528e-07,1.4201594e-07,4.150825e-08,3.89696e-08,3.3340093e-08,3.9310542e-08,5.654416e-08,3.5593666e-07,5.797888e-07,1.11424114e-07,2.0216884e-09,0.07096985,1.591249e-08,1.8054257e-06,0.063534364,2.3582581e-08,0.0003456611,0.27529305,0.6907417,1.3212336e-06,1.3105229e-06,9.202669e-08,1.740075e-08,1.4325256e-07,1.1197111e-09,9.589451e-08,1.926541e-06,8.735943e-05,3.3557168e-10,1.3009317e-07,1.973746e-06,9.642705e-06,6.999258e-07,9.021383e-07,0.0001991966,3.417835e-08,1.3270309e-05,4.570186e-07,1.0970747e-06,3.4880795e-08,1.5146149e-07,6.906093e-06,2.9413272e-06,3.6018798e-07,3.922845e-06,2.1279142e-05,1.6936599e-07,1.9717572e-05,1.9324834e-05,2.3404164e-06,9.900267e-07,1.4275874e-06,1.0728148e-05,4.2524047e-05,3.61902e-07,1.0970668e-07,1.6222568e-05,6.262271e-05,1.8900582e-05,9.402178e-07,2.0216468e-08,1.5836015e-07,4.100351e-07,4.983275e-07,2.49078e-05,7.23565e-06,3.206188e-08,2.2419586e-08,2.4707485e-06,6.6702555e-06,7.810135e-07,3.2785044e-07,6.1057005e-07,7.372143e-06,1.5382775e-05,7.4273557e-06,3.2425576e-06,0.00022761883,1.8288131e-06,2.4013066e-06,4.425837e-06,4.980978e-05,2.5357942e-09,2.1737702e-05,3.968897e-05,1.3957953e-05,1.2794537e-05,3.678031e-07,7.1185644e-07,1.2687806e-07,2.4413816e-06,2.5389394e-07,2.6940663e-07,2.8836644e-06,3.543996e-07,2.6127752e-06,2.598643e-07,5.891011e-06,2.241537e-06,7.919284e-09,1.1364824e-06,6.151622e-07,3.2261158e-07,6.5303902e-06,6.54534e-08,1.5628293e-05,5.52074e-07,1.11381816e-07,2.9398411e-06,3.0345905e-06,1.9268223e-08,3.6076963e-07,3.6337565e-06,1.2348759e-06,4.164064e-07,3.3638862e-06,3.324396e-07,2.8737017e-07,2.5965342e-08,2.1728209e-05,1.6030279e-07,9.962609e-06,2.7406884e-07,4.8538195e-06,6.4832636e-07,6.208003e-06,5.0778464e-08,3.2054665e-08,5.5028628e-05,3.6171429e-07,9.738038e-06,2.1020496e-06,5.7852394e-06,5.905427e-06,8.811699e-06,5.017421e-09,8.919939e-06,8.634764e-07,5.493616e-06,2.904115e-07,2.965686e-08,1.9467781e-05,2.605815e-07,3.1951205e-07,1.629495e-05,3.753644e-06,7.496981e-05,3.6735757e-06,6.9438756e-06,7.997673e-06,3.0142198e-07,5.5209977e-08,2.5442761e-05,4.461825e-06,1.4158536e-07,6.9397186e-07,5.264746e-09,3.3067442e-06,6.2476006e-06,2.1183412e-05,3.077649e-06,3.5300284e-06,4.4275566e-08,1.5616984e-05,1.5353096e-06,0.00032615426,3.5351752e-07,7.827605e-05,9.536538e-06,0.0003672456,2.728057e-07,4.1619423e-06,4.9203925e-07,2.9574444e-06,1.0682197e-09,3.818989e-07,1.0033628e-07,5.7291277e-08,4.1633294e-07,0.00031636268,1.0419e-06,9.422181e-06,2.9737746e-08,4.031694e-06,1.4857419e-07,0.00012407241,2.4376493e-07,2.5345175e-06
BC2026_Train_0036_S22_20211224_234500_055,4.2765744e-10,8.2386424e-07,6.9367337e-07,1.2279834e-05,1.4195098e-06,6.987788e-08,1.6633198e-08,1.3325247e-06,0.0011792256,8.529638e-06,0.00012441147,2.0086658e-07,3.1150798e-06,9.509836e-08,5.703457e-06,0.7705471,3.35857e-07,2.5138934e-08,0.2737911,7.1327795e-06,0.0003851874,0.16743897,1.7382361e-05,1.6513965e-07,6.67485e-06,6.2335013e-09,3.444857e-06,8.1645027e-07,1.0134213e-08,1.4351909e-05,3.446252e-08,4.2953562e-08,7.038041e-08,1.6096807e-08,3.9391978e-08,5.8477536e-08,1.5445403e-08,9.236552e-09,1.6376916e-08,1.9953367e-08,8.065615e-08,1.9399131e-08,1.7829377e-07,3.9368317e-08,2.8714878e-08,3.4182655e-08,6.424192e-08,3.837846e-08,1.06700675e-08,6.2852794e-09,2.267452e-08,2.6147488e-08,3.776609e-08,8.1668404e-08,1.5883506e-07,7.370586e-08,7.1313027e-09,0.01271648,1.8224883e-07,0.00010257052,0.008068129,2.5577895e-09,0.00058980606,0.023340685,0.057758063,8.7090217e-07,4.7415947e-06,1.9828397e-08,1.1044293e-08,3.4007698e-07,8.503074e-09,4.1786643e-07,1.1030862e-05,9.790202e-06,6.9186883e-09,6.361184e-07,2.1296111e-05,3.614993e-05,1.4690134e-05,2.5824909e-06,0.00018066097,3.669587e-08,1.0395701e-05,1.8874397e-06,8.5975745e-07,3.013901e-07,6.3970595e-07,3.268092e-06,0.00010916286,9.819701e-07,3.8430912e-06,6.0220673e-06,4.197976e-07,2.2796845e-05,7.832267e-06,2.5616657e-06,5.5902353e-07,1.6722784e-06,9.1105385e-06,3.095134e-05,1.5170623e-07,2.7634592e-06,0.00025948187,5.4151413e-05,7.676583e-05,8.642759e-06,9.448107e-09,5.008102e-08,2.6118734e-05,8.276448e-06,0.0012503267,2.3797631e-05,1.1617165e-07,3.7102936e-08,1.0336123e-06,2.845345e-05,1.2713609e-06,5.4147137e-07,2.0580067e-07,2.7695194e-06,5.75419e-06,9.508803e-05,3.6919548e-06,0.00049183064,1.4817786e-06,7.069683e-06,6.033685e-06,4.497682e-05,2.1812777e-08,3.2234668e-05,2.2120823e-06,3.7724665e-05,9.499738e-08,1.6306869e-06,5.640451e-07,4.232588e-08,4.109658e-05,8.373281e-06,1.4276269e-06,7.550462e-07,3.6489075e-06,5.640472e-07,4.666017e-08,6.845596e-06,1.9107692e-07,8.1309884e-07,8.650783e-06,1.0933667e-06,8.234621e-07,1.071551e-05,1.7478656e-06,3.8984348e-05,3.011826e-07,2.591812e-07,4.1003027e-06,8.370351e-06,2.132033e-08,1.1572365e-06,9.773861e-05,1.9050407e-06,1.1350429e-06,1.0403705e-05,1.6646009e-06,2.2405945e-06,5.8471176e-08,3.9977822e-05,6.524836e-08,7.4364275e-06,2.6377816e-06,9.8504635e-05,8.021138e-06,4.7631676e-07,3.334194e-08,5.765543e-08,3.150128e-05,9.980608e-07,1.4523051e-06,4.7759168e-06,1.1970372e-05,2.6609812e-06,2.3395714e-05,1.2315866e-08,1.8785342e-05,2.5662457e-06,2.8985335e-06,2.1299456e-06,3.543556e-08,1.4601931e-05,2.091741e-06,4.1355895e-07,2.7370965e-05,1.8626966e-05,7.532295e-07,3.870762e-06,1.3051276e-05,4.03288e-05,8.2468574e-07,1.402684e-07,8.724094e-06,2.0177224e-05,2.9712883e-06,1.1818576e-05,1.5390846e-09,1.36310855e-05,8.187245e-06,0.00013827927,2.1637297e-07,1.8463021e-06,4.94499e-08,1.1620867e-05,2.0888544e-06,6.357782e-05,1.1944334e-06,0.00026924108,6.2745653e-06,0.00031078942,1.9626436e-06,2.1245947e-05,6.524806e-05,2.613802e-06,1.9064954e-09,1.7075186e-05,1.2401914e-06,7.600102e-08,8.248934e-07,0.000595732,1.7014533e-07,4.006263e-06,1.2190485e-07,3.8167076e-05,2.770122e-07,3.129841e-05,1.1081271e-06,6.127679e-06
BC2026_Train_0044_S22_20220124_023000_000,1.0750482e-06,3.1759814e-07,4.2640274e-08,0.012604684,3.3596477e-06,4.2047215e-09,2.0564548e-07,6.3683806e-06,0.0026779324,0.12382264,0.15041345,6.2621626e-07,2.508391e-07,1.3166629e-08,1.2654563e-07,0.0013580873,1.7862939e-06,1.3264608e-08,0.016118499,2.8497886e-06,5.7662533e-06,0.000104293955,2.9649843e-06,4.6776415e-07,9.801702e-05,7.508606e-07,1.0478099e-06,2.386076e-06,1.111115e-07,4.843729e-05,4.776632e-06,3.771769e-07,5.283431e-06,3.4469954e-07,2.357719e-07,5.084325e-07,4.2970407e-07,2.771652e-07,9.754003e-07,5.015601e-07,3.8913745e-06,3.0797778e-06,6.24824e-07,3.5166545e-07,5.520999e-07,3.683226e-07,7.985319e-07,3.7918863e-07,2.1135405e-07,1.9702036e-07,5.367112e-07,7.4905967e-07,7.6004625e-07,2.849854e-06,1.941718e-06,3.8564917e-08,4.777944e-08,0.18320084,3.5292499e-07,7.3951824e-06,0.004543909,1.6885201e-07,0.0034345326,0.26439488,5.0898376e-05,1.6355461e-06,9.61973e-07,2.5214075e-09,2.884041e-08,2.3520245e-06,2.6362368e-08,4.651325e-07,4.0130813e-06,1.6812796e-06,6.5126443e-07,1.2804144e-05,6.8111105e-05,1.0484591e-05,2.1961807e-06,7.758202e-06,1.2323098e-05,4.8150593e-08,2.551607e-05,7.738419e-07,4.2315005e-06,2.4586629e-05,1.265863e-05,1.2359549e-05,2.5723179e-05,4.2533648e-06,0.0001730961,9.48218e-05,3.8646323e-07,3.7621985e-06,0.00049073977,1.1363934e-05,4.8226934e-06,3.02144e-05,3.3835606e-06,2.5062777e-06,1.8782661e-06,5.89046e-07,5.658766e-05,0.004227661,0.0018798369,1.4431073e-06,1.3291183e-06,3.0250277e-07,4.3200444e-06,2.7808821e-05,6.667284e-07,2.4786528e-05,2.0105317e-06,5.968455e-06,1.3240009e-05,1.30989965e-05,4.5548742e-07,2.096484e-06,7.687938e-06,3.97304e-05,3.4023572e-06,5.23642e-05,5.183472e-07,2.5579924e-05,7.7016675e-06,2.6166674e-05,7.6970844e-07,1.3149548e-05,2.3835335e-05,9.591172e-05,1.3525475e-06,6.219108e-06,1.8311799e-05,1.5957708e-06,8.8816216e-07,3.0912215e-06,1.4748375e-05,2.867617e-05,1.5999145e-05,0.00011237728,3.3866905e-05,5.528793e-06,1.6529735e-05,5.861316e-06,3.489904e-06,7.5434315e-08,4.334892e-05,1.6821354e-05,0.00010934174,1.713817e-06,4.1249723e-06,2.9622615e-05,1.223512e-05,9.999227e-06,3.3699293e-06,9.262536e-06,1.9897595e-06,1.4504556e-07,2.0937981e-05,3.4095845e-06,4.0449817e-05,7.9987485e-06,2.956655e-06,4.1966537e-06,2.1533003e-06,0.0043606656,2.2537146e-05,2.0296471e-05,3.6083509e-06,2.3750177e-05,7.0911283e-06,1.2581692e-06,3.1662103e-07,1.2180426e-05,2.4837966e-06,2.107149e-05,2.7288366e-05,1.811758e-05,8.424599e-06,1.1017152e-06,3.8843595e-05,3.310635e-06,1.8968078e-05,6.5576734e-07,2.7281792e-06,0.00013337906,1.8524734e-06,2.037793e-05,5.385185e-07,0.00010057129,5.5535882e-05,9.4204925e-06,1.2106577e-05,1.3811728e-05,9.420445e-05,7.012121e-05,1.5754516e-05,2.4364344e-06,1.1225524e-05,8.0058845e-07,1.536455e-06,6.091823e-07,1.0806002e-07,8.513638e-05,1.3551645e-05,1.3069498e-05,2.0641328e-05,1.8175277e-05,4.3911336e-07,1.8434624e-06,5.171072e-06,0.00031293728,2.755375e-07,5.328447e-05,0.0021894013,0.005791086,1.8575647e-06,2.2373147e-06,1.3951268e-06,3.3418408e-07,5.018865e-07,1.1973896e-06,3.802029e-06,1.0305245e-05,9.348083e-06,6.724328e-05,1.7835106e-06,5.6731214e-06,7.1625277e-07,2.0862104e-05,2.2394057e-07,1.4718785e-05,8.923675e-06,2.26674e-05
BC2026_Train_0044_S22_20220124_023000_005,3.490456e-07,7.5685654e-07,6.6154755e-08,0.071454704,2.9484777e-06,3.5561545e-09,3.031118e-07,1.3022255e-06,0.0037682946,0.2919722,0.32891372,4.4442436e-06,5.5578404e-08,2.945038e-08,6.350765e-08,0.0017210657,2.2298955e-06,7.4227824e-09,0.0066873566,2.2181493e-06,2.2144626e-05,0.0010872523,1.0717714e-06,1.906264e-06,0.00016956993,8.2124654e-07,1.9420215e-06,9.3329606e-07,5.1526186e-08,6.8905116e-05,7.5791704e-06,2.9212174e-07,5.8121104e-06,7.0120126e-07,7.281944e-07,5.1674067e-07,2.554157e-07,5.1709213e-07,2.2887596e-06,6.6408853e-07,1.1207948e-05,4.788646e-06,2.6870819e-06,2.6815215e-07,9.627383e-07,6.3215964e-07,1.5175573e-06,3.8546096e-07,2.547827e-07,3.010982e-07,9.134238e-07,1.4095796e-06,1.2271755e-06,8.480186e-06,3.7901184e-06,9.5066035e-09,1.011523e-08,0.36198622,5.013894e-07,1.1256334e-06,0.00699437,3.843208e-08,0.0010183627,0.27406418,0.00029657822,2.449336e-06,9.758274e-07,6.22706e-09,3.146328e-08,1.1677886e-06,1.0614045e-08,5.1388096e-08,1.0814276e-06,1.9827223e-06,9.531517e-08,2.367327e-06,3.3935383e-05,6.3219554e-06,1.4568149e-06,5.5536248e-06,6.8500494e-06,4.0967507e-08,1.5304446e-05,6.1025275e-07,1.4430813e-06,9.659207e-06,2.6747327e-06,9.687473e-06,6.9190933e-06,1.1352281e-06,0.0001432768,1.26434525e-05,3.8452288e-07,3.250059e-06,0.00045316562,9.335264e-06,1.7240197e-06,7.770434e-06,1.8908303e-06,1.2744007e-06,1.3799294e-06,2.6819868e-07,1.9214849e-05,0.0074173203,0.00037860687,8.250877e-07,2.6214659e-07,1.7305118e-07,2.1345838e-06,1.2058032e-05,7.1738486e-07,1.0509468e-05,6.997543e-07,8.5541626e-07,5.6366334e-06,7.958019e-06,1.5008103e-06,9.654931e-07,2.8509494e-06,2.9287843e-05,3.1373238e-06,1.942674e-05,4.1353843e-07,2.5622749e-05,2.2250797e-06,4.2577153e-06,7.2483607e-07,4.497227e-06,5.1932275e-06,2.442186e-05,9.639796e-07,4.8761085e-06,6.9623097e-06,4.054146e-07,1.4988549e-06,2.0490347e-06,4.8594193e-06,8.909754e-06,1.8789415e-06,0.00010931516,5.674058e-06,2.4745145e-06,4.5212746e-06,4.837397e-06,2.9864755e-06,1.000439e-07,5.4133216e-06,1.1799409e-05,2.6157093e-05,5.5145415e-07,1.4830932e-06,3.9906904e-06,4.0686114e-06,2.4542792e-06,1.1991781e-06,3.5197452e-06,2.2243489e-07,1.6920261e-07,2.023761e-06,9.0640793e-07,2.9340238e-06,4.4475887e-06,1.2670483e-06,5.8708537e-07,5.771077e-07,0.000490111,2.9886635e-06,5.4253846e-06,3.7853107e-07,3.8131914e-06,3.5900591e-06,6.049756e-07,2.5749873e-07,2.553697e-06,1.2492188e-06,2.2599859e-06,7.003845e-06,1.4757618e-05,2.5858178e-06,3.7173712e-07,1.7834607e-05,9.058609e-07,1.287709e-05,3.717733e-07,4.1053695e-06,1.30776025e-05,1.3507172e-06,6.969205e-06,1.13115874e-07,1.192823e-05,1.8958022e-05,9.992e-06,5.6107247e-06,3.4257505e-06,3.412539e-05,2.0117757e-05,3.3478998e-06,3.075429e-07,7.231753e-06,6.5392936e-07,2.0489182e-07,4.178401e-07,8.0633995e-08,1.4174227e-05,1.4238537e-06,1.2751342e-05,8.982503e-06,2.3402556e-06,3.6770422e-07,2.1117223e-06,2.6639495e-06,1.7329314e-05,2.668371e-07,1.6850126e-05,0.0007817887,0.002722752,7.6644807e-07,7.352437e-07,2.2483806e-07,4.4221434e-07,1.2959315e-07,5.830102e-07,1.4847943e-06,2.0776988e-06,6.9373294e-07,2.1844307e-05,7.3052036e-07,4.6021323e-06,3.0180337e-07,1.4483423e-05,1.321538e-07,1.26604655e-05,3.5970572e-06,2.411645e-05
BC2026_Train_0044_S22_20220124_023000_010,8.9962654e-08,8.042892e-07,4.129362e-08,0.019784022,1.36155e-06,2.3917872e-09,2.5264688e-07,3.3326114e-07,0.001593664,0.15480563,0.24881132,3.1816912e-06,9.2762974e-08,4.533695e-08,2.2314221e-07,0.0023708132,9.91496e-07,8.857073e-09,0.006672328,3.7773265e-05,9.181791e-06,0.0040616165,3.8233475e-07,7.9022135e-07,5.7098772e-05,3.4648158e-07,8.6570344e-07,6.5225953e-07,4.0402657e-08,3.108519e-05,3.492871e-06,2.7125122e-07,2.4207427e-06,4.362237e-07,2.7688196e-07,4.6420098e-07,1.8429427e-07,3.0663824e-07,9.387851e-07,5.374846e-07,7.181657e-06,2.3698794e-06,1.0462442e-06,1.9196513e-07,3.3792125e-07,2.2039974e-07,7.849427e-07,1.6056826e-07,2.1163663e-07,2.9285337e-07,4.0785193e-07,6.4283836e-07,7.026988e-07,3.3279505e-06,3.4041586e-06,2.3017318e-08,1.2652592e-08,0.447624,2.3713096e-07,8.6004275e-07,0.013676452,2.6863765e-08,0.0022240162,0.26995674,0.001109742,5.7435204e-07,2.3475716e-06,2.8825067e-08,2.3843322e-08,8.2935253e-07,7.505611e-09,6.1639255e-08,1.1107531e-06,1.6388437e-06,1.7941781e-07,2.5843658e-06,1.0469554e-05,4.72551e-06,1.3667003e-06,2.5814593e-06,5.935827e-06,2.1724547e-08,4.362195e-05,2.5044875e-07,1.1442235e-06,7.942544e-06,1.9042124e-06,3.8619096e-06,5.8597734e-06,2.114481e-06,0.0001840013,3.6805613e-06,5.959321e-07,3.6230367e-06,9.2148235e-05,1.04964565e-05,5.472733e-07,1.2510522e-05,3.3667009e-06,1.9681468e-06,9.2124037e-07,1.2883972e-07,2.1557662e-05,0.0037179657,0.00012407571,7.421729e-07,1.0351201e-07,1.5262701e-07,2.948804e-06,1.07315145e-05,4.3918453e-07,7.136903e-06,2.906201e-07,1.2033986e-06,2.8927013e-06,5.4474554e-06,3.3267116e-07,3.7555668e-07,1.4912497e-06,9.33732e-06,1.6905517e-06,1.3220226e-05,3.615505e-07,1.9635478e-05,2.1900232e-06,2.290465e-06,5.3658016e-07,1.5810889e-06,1.3535064e-06,7.1725817e-06,4.387362e-07,5.6564663e-06,3.8957746e-06,2.789554e-07,1.2197107e-06,6.8217304e-07,3.3349017e-06,3.320114e-06,1.6018421e-06,1.8422412e-05,1.93308e-06,6.3853354e-06,2.2106633e-06,2.8515885e-06,4.466243e-07,8.823203e-08,7.677673e-06,1.1083533e-06,8.879996e-06,3.9191698e-07,1.1084284e-06,1.6648041e-06,2.5606446e-06,1.0139801e-06,4.5028222e-07,1.7017665e-06,3.4529506e-07,1.7939541e-07,3.788084e-06,4.385404e-07,6.457e-06,8.844339e-06,3.649064e-06,2.7991345e-07,1.8663121e-07,0.00021388654,2.8316626e-07,4.199464e-06,6.814416e-07,4.489946e-06,1.467867e-06,3.4985572e-07,4.4089752e-08,2.7818362e-06,6.230989e-07,1.258222e-06,2.604998e-06,4.867072e-06,1.6737972e-06,2.1740513e-07,1.2934172e-05,6.3752316e-07,9.963064e-06,5.705197e-07,1.619658e-06,4.471371e-06,6.26162e-07,4.916466e-06,1.5813679e-07,7.657593e-06,1.1478572e-05,9.086469e-06,1.5060061e-06,2.1791916e-06,9.2926275e-06,1.7600172e-05,3.257665e-06,1.6624466e-07,2.897047e-06,2.9620404e-07,5.324557e-07,2.916185e-07,4.1781334e-08,3.074166e-05,4.433452e-07,1.38192645e-05,3.5133096e-06,4.4482676e-06,7.205795e-08,4.1782796e-06,1.1499194e-06,1.9319232e-05,4.3767767e-07,1.3924198e-05,0.0005310375,0.00079713925,1.7036353e-06,2.9897336e-07,3.5498613e-07,2.7490705e-07,2.8505276e-08,7.0303525e-07,9.73446e-07,2.6985329e-06,2.0852438e-06,1.4493218e-05,4.3610106e-07,1.2787444e-06,3.4229936e-07,6.5739805e-06,1.2550925e-07,3.9031975e-06,1.5158796e-06,2.4054641e-05
BC2026_Train_0044_S22_20220124_023000_015,1.3023195e-07,7.5380194e-06,4.2154497e-06,0.0025468185,1.4254924e-05,1.1885368e-07,2.8543582e-06,1.1976868e-05,0.0061472394,0.02095789,0.119199194,4.9332095e-05,1.2889167e-05,7.616037e-06,1.4530239e-05,0.01203349,1.0895425e-06,2.2696902e-06,0.04109909,0.00068767485,0.00017472816,0.073954396,2.7385565e-06,7.792726e-06,0.00059697457,4.107739e-06,6.5772816e-05,2.4850879e-06,8.91013e-08,1.1358992e-05,9.854864e-06,2.3007458e-06,6.8444665e-06,4.038139e-06,3.1550323e-06,3.480664e-06,2.507399e-06,3.9344973e-06,7.3982505e-06,4.8703173e-06,5.9391372e-05,8.855885e-06,1.0702131e-05,1.1654167e-06,6.6009875e-06,4.737784e-06,9.600991e-06,7.5756566e-07,1.6074077e-06,2.9196485e-06,3.7537977e-06,4.548763e-06,4.454941e-06,2.0143156e-05,3.231364e-05,1.9570757e-06,1.0901979e-07,0.1757964,2.034951e-06,3.686209e-05,0.116714306,7.621011e-07,0.00973217,0.10556227,0.030537354,1.1438128e-05,8.345536e-05,3.2999617e-06,3.7188926e-07,1.2199341e-06,8.336664e-07,1.2138611e-06,1.4974696e-05,3.878381e-05,4.5477606e-07,1.706984e-06,6.8979665e-05,5.3585325e-05,1.2720541e-05,2.3847178e-05,0.00013526129,6.5865856e-07,0.0006596058,8.987816e-06,3.0091728e-06,0.00013487208,4.3727658e-05,6.912671e-05,2.8483315e-05,1.4456583e-05,0.0011043425,2.5145775e-05,3.7844911e-06,1.8315082e-05,0.00013674317,8.092009e-05,5.9918602e-06,2.8397093e-05,0.000101710306,6.440922e-05,2.5806841e-05,1.3265186e-06,6.5765664e-05,0.0025025797,0.00058377156,1.4556967e-05,3.0293193e-06,1.6598482e-05,0.00022487667,4.73287e-05,2.5211879e-05,8.884831e-05,4.0202635e-06,1.5453928e-06,6.061351e-06,3.3444503e-05,9.614927e-06,1.6042872e-05,4.6923324e-06,4.851625e-05,5.8179972e-05,0.0010966804,1.9247182e-05,0.00021424555,1.26322675e-05,8.033728e-05,2.0166508e-05,2.7541442e-05,1.7022328e-05,1.5178226e-05,1.01681735e-05,2.838759e-05,1.2148119e-05,5.1022034e-06,1.261581e-05,2.013438e-05,6.3374915e-05,5.7552106e-06,8.157069e-06,2.07514e-05,1.083068e-05,9.984325e-05,5.9390462e-05,3.8789844e-05,8.119063e-06,3.5297016e-06,3.7938386e-05,3.0643648e-06,3.8849073e-05,7.4969753e-06,4.5811967e-06,8.889656e-06,8.579869e-06,1.7357215e-05,4.6832706e-06,5.8949618e-06,9.180199e-07,1.73499e-05,6.237758e-05,3.260198e-06,1.785285e-05,2.532825e-05,3.480653e-05,4.983959e-06,1.5239561e-06,7.54486e-05,1.3601431e-06,6.0576604e-05,2.981086e-06,1.854469e-05,2.6492991e-05,4.24863e-06,2.1681594e-06,7.2148828e-06,3.191509e-05,2.4248988e-05,1.6286203e-05,9.0899164e-05,2.7475753e-05,7.165717e-06,0.00010955401,3.4203772e-06,3.4884717e-05,1.7860853e-05,8.305395e-06,2.2968607e-05,2.8357347e-06,1.9102337e-05,3.623686e-06,1.7339662e-05,3.3928747e-05,0.00012706083,2.4229108e-05,2.2590619e-05,3.1390566e-05,7.722678e-05,5.7673096e-05,1.0865728e-06,1.36377685e-05,1.3433599e-05,5.0877484e-06,7.348242e-06,1.114519e-06,0.000110162655,2.887159e-06,0.00019989887,7.964715e-06,0.00019683149,5.6807653e-07,3.8929957e-05,2.6264726e-05,0.00011550061,1.416004e-05,6.0819773e-05,0.00030022196,0.0004963391,7.3539e-06,7.829697e-06,1.3063954e-05,2.8387021e-05,3.3517165e-07,1.6346497e-05,1.2948811e-05,4.832942e-06,2.8504155e-05,0.00013264989,1.9358238e-05,8.998407e-06,5.9347747e-07,5.6673198e-05,5.990598e-06,0.00014185865,4.8009024e-05,7.2437855e-05
BC2026_Train_0044_S22_20220124_023000_020,4.3263704e-08,1.3364381e-06,9.943191e-08,0.013915466,2.2381469e-06,6.5314567e-09,5.669243e-08,2.3265366e-06,0.019389007,0.10248221,0.12750518,3.996536e-06,8.412608e-07,6.230478e-07,3.7566303e-07,0.0043480387,7.716362e-07,6.698922e-08,0.020106938,3.8691793e-05,2.7381822e-05,0.009440382,1.9690965e-06,1.5290966e-06,0.0005402152,4.3970584e-07,3.103421e-06,6.581299e-07,1.4090212e-08,2.532137e-05,3.3954657e-06,3.130654e-07,3.5406556e-06,8.682741e-07,6.412353e-07,5.5399016e-07,4.1501207e-07,9.3655933e-07,1.6439263e-06,8.7954265e-07,1.614851e-05,2.7593323e-06,1.5629473e-06,1.6721698e-07,1.6674212e-06,1.0809275e-06,2.7876977e-06,4.014135e-07,5.010438e-07,6.597499e-07,5.301958e-07,6.961526e-07,6.791552e-07,5.682229e-06,6.408102e-06,4.38315e-08,5.020112e-09,0.10874591,3.9114295e-07,4.089883e-06,0.022497065,2.1390473e-08,0.0026957544,0.2712702,0.0012010741,2.7255994e-06,1.7849903e-05,1.5298573e-08,3.1252448e-08,3.435581e-07,1.7382172e-08,7.375902e-08,1.405857e-06,6.458943e-07,1.0613947e-07,6.1358315e-07,1.4295534e-05,7.977265e-06,3.1913005e-06,1.7359465e-05,1.6290971e-05,4.0628077e-08,2.0821237e-05,3.6123615e-07,1.6962152e-06,1.1406746e-05,1.70289e-06,8.343031e-06,6.2089384e-06,1.9432923e-06,0.00014917138,1.2874905e-05,6.8583773e-07,3.522381e-06,9.658538e-05,2.4146443e-06,1.6790891e-06,4.150287e-05,4.5702177e-06,2.5888453e-06,2.8135005e-06,2.2830297e-07,1.99294e-05,0.009302354,0.0013552131,1.8059233e-06,1.0345318e-07,4.822822e-07,1.0329627e-05,1.6788948e-05,2.3679906e-06,3.0375031e-05,4.47076e-07,7.371443e-07,7.348175e-07,7.456866e-06,1.1062033e-06,1.4484655e-06,1.4046469e-06,3.286882e-05,8.41876e-06,0.00045513993,4.1259023e-07,4.734301e-05,6.109625e-06,1.2484134e-05,5.365377e-07,5.955622e-06,4.503046e-06,7.949902e-06,1.0729586e-06,3.178995e-06,7.641827e-06,8.431113e-07,4.511074e-07,8.703193e-07,1.375913e-05,4.6142486e-06,1.4506068e-06,1.606368e-05,1.6106686e-06,1.21595585e-05,9.61855e-06,5.5756955e-06,5.4496456e-07,1.6235597e-07,9.550445e-06,1.8381485e-06,1.5914658e-05,4.142189e-07,1.017118e-06,5.045715e-06,2.2693007e-06,5.9764175e-06,1.8892371e-06,1.7032487e-06,1.1313474e-07,4.9840645e-07,6.627841e-06,1.0562516e-06,5.847347e-06,1.71967e-06,1.1480893e-05,2.6716657e-06,2.4326445e-07,7.937408e-05,1.1658168e-06,1.246806e-05,5.7379356e-07,4.8140087e-06,4.272794e-06,1.3131777e-06,2.8597753e-07,2.574423e-06,3.274728e-06,2.5653574e-06,2.4034052e-06,2.552028e-05,5.870983e-06,1.2894892e-06,2.274362e-05,8.115859e-07,4.5678603e-06,1.1374116e-06,1.2267872e-06,2.6149313e-05,4.919487e-07,4.797084e-06,1.2731647e-07,1.1756704e-05,8.1397e-06,3.664307e-05,2.7808098e-06,6.708206e-06,2.4695712e-05,3.5044035e-05,4.006164e-06,3.674371e-07,2.9934074e-06,1.4791298e-06,7.3626745e-07,4.854339e-07,6.994455e-08,2.2979384e-05,1.2635513e-06,2.7746144e-05,2.532855e-06,5.121265e-05,9.574356e-08,5.5583932e-06,1.7843748e-06,0.00013333022,6.232813e-07,7.3159586e-06,0.0004259469,0.002250077,4.722532e-07,7.842184e-07,7.434332e-07,2.681345e-06,3.029779e-08,1.9134784e-06,1.273153e-06,1.5022608e-06,7.417527e-07,4.213982e-05,1.0358604e-06,2.5492172e-06,9.754946e-08,1.3642451e-05,9.4584124e-07,2.8058479e-05,1.831463e-05,2.242472e-05
BC2026_Train_0044_S22_20220124_023000_025,4.238275e-08,5.607032e-07,8.256964e-08,0.0073046763,1.4996971e-06,6.4312626e-09,6.0285736e-08,3.0789763e-06,0.023257881,0.08639198,0.06227284,1.1248425e-06,5.4494893e-07,3.0817436e-08,1.1240044e-07,0.007334361,7.287258e-07,6.91981e-09,0.022026984,6.611301e-06,3.1406619e-06,0.002690955,5.4146126e-06,2.5740027e-07,0.00043949086,4.778309e-07,5.8129467e-07,3.6908034e-07,3.4921703e-07,8.157913e-05,7.4384735e-07,2.7602354e-07,2.3262417e-06,1.661082e-07,1.4409233e-07,3.7682668e-07,3.2739052e-07,2.3644807e-07,4.4542432e-07,2.7217732e-07,1.7805281e-06,1.0814431e-06,2.281706e-07,2.4743298e-07,3.4314291e-07,2.5219362e-07,7.230238e-07,3.0693465e-07,2.1983695e-07,1.6959986e-07,1.5332904e-07,1.9138969e-07,2.1564414e-07,8.6673947e-07,1.3324905e-06,2.08948e-08,1.4991631e-08,0.11134543,8.750648e-07,8.519595e-07,0.021332884,2.6758523e-08,0.010829732,0.45467275,0.00031305454,6.5544964e-07,1.6059474e-06,4.079267e-09,2.0693284e-08,5.0422136e-07,5.58857e-09,3.0980223e-07,1.1992134e-06,8.004403e-07,1.4080169e-07,8.087426e-07,1.3536957e-05,1.317631e-05,2.2948268e-06,2.5096165e-06,2.7205428e-05,1.6590613e-08,1.4858292e-05,2.6475223e-07,4.971076e-06,5.755595e-06,4.0177033e-06,2.6723088e-05,8.002761e-06,3.3536646e-06,0.00037447864,1.3226771e-05,3.0540437e-07,4.709148e-06,0.0005101631,2.4091216e-06,2.7453345e-06,3.2360702e-05,5.297124e-06,2.5518978e-06,1.7798319e-06,2.1790744e-07,5.9933864e-05,0.0021297168,0.00049915264,6.2953296e-07,1.1373727e-06,9.847859e-08,1.1956803e-06,1.0560848e-05,1.8164735e-06,1.7824388e-05,2.2766874e-07,4.5208603e-06,3.432399e-06,1.2045113e-05,4.802458e-07,8.944599e-07,1.5379181e-06,3.73026e-05,3.9724223e-06,4.0531566e-05,5.4544967e-07,7.1468814e-05,1.4761634e-06,1.4899797e-05,2.514273e-07,7.076564e-06,5.875038e-06,2.3235401e-05,4.713452e-06,5.2226746e-06,3.055988e-05,9.999626e-07,2.6974004e-07,3.6263376e-07,2.671491e-05,1.4069598e-05,3.1577235e-06,1.1712969e-05,2.0773716e-06,1.6037902e-05,3.1493325e-06,2.1815663e-06,2.4812013e-07,3.1790595e-08,1.37620955e-05,7.5873136e-06,3.1096668e-05,1.1633767e-06,8.643374e-07,8.486573e-05,6.63128e-06,1.3680847e-05,1.982783e-06,1.9356498e-06,6.1056653e-07,5.984882e-07,1.0544283e-05,2.0870464e-06,5.7242316e-05,5.8471796e-06,5.437345e-06,6.065434e-06,4.5893816e-07,0.0021273375,2.0731939e-06,7.226066e-06,3.3175013e-07,8.393836e-06,5.527069e-06,3.3612916e-06,7.876266e-08,4.492109e-06,1.11341315e-05,9.81781e-07,2.9004386e-06,1.725818e-05,6.4522906e-06,1.2615056e-06,1.9894554e-05,1.2964957e-06,9.647496e-06,5.964711e-07,2.3781975e-06,3.4648263e-05,8.9550366e-07,6.2534596e-06,1.4745031e-07,9.328874e-06,1.0012737e-05,1.0302032e-05,1.7552771e-05,4.3780637e-06,3.890339e-05,6.2550374e-05,4.355866e-06,7.457439e-07,9.850458e-06,5.386823e-07,4.904048e-07,1.48342e-07,3.0223795e-08,9.496578e-05,5.5786745e-06,1.1442841e-05,2.932152e-05,1.3578228e-05,2.3764852e-07,2.883818e-06,2.1911326e-06,0.0002562626,4.4112932e-07,3.148461e-05,0.0004883964,0.008235393,9.735073e-07,5.819198e-07,5.706492e-07,2.967732e-07,6.941188e-08,5.389038e-07,4.3322385e-07,4.50693e-06,9.3631905e-07,5.5138516e-05,4.642767e-07,4.830836e-06,3.5314753e-07,1.9428406e-05,1.4147375e-07,1.2618158e-05,4.420298e-06,1.9422107e-05
BC2026_Train_0044_S22_20220124_023000_030,1.8265999e-09,2.4296605e-07,1.1618978e-08,0.005170168,4.8664367e-07,2.4827038e-10,1.8948702e-08,2.6545914e-07,0.017309371,0.25949866,0.30691186,3.351432e-07,1.8860254e-08,1.8510063e-09,2.9871675e-08,0.010045159,2.4169682e-07,3.2966288e-10,0.07753428,3.6447787e-07,2.202266e-07,0.0013045309,2.7777645e-07,1.4101266e-07,8.48315e-05,2.526661e-08,3.249047e-07,3.067113e-08,1.8636e-09,1.3268437e-05,6.545976e-07,2.2933792e-08,1.0590181e-06,6.602667e-08,5.5659985e-08,3.431245e-08,1.9568555e-08,4.1763887e-08,2.6174015e-07,9.834681e-08,2.047718e-06,3.9354924e-07,1.5057117e-07,1.31639935e-08,5.8354974e-08,3.645943e-08,2.6830077e-07,4.6524907e-08,2.7459045e-08,3.6570377e-08,6.353685e-08,8.280952e-08,9.774857e-08,8.612428e-07,3.8112356e-07,1.7490647e-09,2.0735944e-09,0.3797578,5.5091114e-08,3.0230547e-07,0.006201863,3.7668313e-09,0.0018972316,0.20296547,0.0004592356,2.0234762e-07,4.489936e-07,1.3020966e-10,8.78751e-09,3.1700688e-07,2.6489624e-09,2.9658331e-08,1.1840149e-07,1.8344382e-07,1.1575667e-08,9.0971895e-08,5.556708e-06,6.8015794e-07,5.479914e-07,3.879451e-07,5.508205e-06,4.2978456e-09,6.464061e-06,3.613536e-08,1.5621144e-07,1.8350221e-06,8.925385e-07,1.3278753e-06,1.1488727e-06,2.5423242e-07,8.093713e-06,9.347685e-07,4.3857927e-08,3.9231975e-07,4.006381e-05,1.0345739e-06,3.6214504e-07,6.9251996e-06,2.472669e-07,6.222474e-07,1.3478936e-07,4.2749072e-08,4.7816093e-06,0.00023552423,7.3905634e-05,1.0114906e-07,1.9946555e-08,6.766827e-09,6.4403986e-07,2.4828637e-06,7.023411e-08,2.8770908e-06,1.1073085e-08,5.9774614e-08,6.3135354e-07,9.0002095e-07,1.7379494e-07,3.8661253e-07,1.05108406e-07,5.301708e-06,8.2711165e-07,4.3907207e-06,5.677435e-08,7.749129e-06,4.9667882e-08,1.7741412e-06,1.0247167e-07,1.0501518e-06,3.3471966e-07,7.817796e-06,2.3702968e-07,9.822314e-07,5.7088215e-07,1.5374869e-07,1.2525706e-07,2.1061359e-07,1.674645e-06,1.0579311e-06,4.6220433e-07,6.604474e-07,3.1871275e-06,2.3703103e-07,2.1270694e-06,1.2447546e-06,3.4385903e-07,6.7324923e-09,1.6467084e-06,1.5043654e-06,3.607556e-06,1.70537e-07,1.7802532e-07,1.6946665e-06,6.1253195e-07,2.6747915e-07,5.023553e-07,3.2225213e-07,1.665075e-08,1.0713038e-07,1.6975439e-06,3.3152847e-07,1.7763624e-06,3.673968e-07,1.6229345e-07,1.8176644e-07,3.4981394e-08,0.0011419725,6.355799e-07,2.251959e-06,6.016317e-08,7.1941696e-07,1.6549927e-06,1.9955448e-07,8.950682e-09,1.0116244e-06,2.8401594e-06,1.435767e-07,1.0612688e-06,8.422025e-07,3.4805703e-07,1.094158e-07,3.2302214e-06,1.0680884e-07,4.2127613e-06,6.145413e-08,2.929992e-07,1.0461141e-05,1.8937308e-07,1.8306854e-06,3.5710894e-08,2.6431326e-06,7.515103e-07,2.3891635e-06,3.8401456e-07,8.8690274e-07,5.3388785e-06,8.060314e-06,1.1198151e-06,5.072638e-08,2.165341e-06,2.0050523e-07,5.8687153e-08,3.0226275e-08,1.2186243e-09,5.8593596e-06,1.7704347e-07,3.0800863e-06,5.115471e-07,4.8488465e-07,1.1286594e-08,4.0690242e-07,1.7396938e-07,2.083246e-05,2.9569593e-08,2.4830672e-06,4.1834355e-05,0.0002698396,2.266592e-07,2.698211e-07,6.219288e-08,6.3345055e-08,6.900633e-09,2.69992e-07,2.518982e-07,2.3155941e-07,4.4489875e-07,5.1004663e-06,2.6439565e-08,3.5752575e-07,1.65921e-08,4.8019765e-06,1.3792746e-08,3.907801e-06,8.263941e-07,1.2458781e-06
BC2026_Train_0044_S22_20220124_023000_035,2.6376406e-07,9.913562e-06,2.7392514e-06,0.009049918,2.422003e-05,1.13668136e-07,4.31076e-06,2.197056e-05,0.013834571,0.3108781,0.17873062,5.4626198e-05,4.4101716e-06,2.955964e-06,5.551216e-06,0.00770212,3.7109246e-06,4.570278e-07,0.088148646,0.0002392526,1.360419e-05,0.08899244,1.5488835e-05,4.35816e-06,0.0034908908,4.9756623e-06,6.632393e-05,1.190063e-05,1.0193754e-07,9.9379155e-05,9.816267e-06,7.117967e-07,9.062964e-06,1.9228444e-06,1.7829698e-06,9.048317e-07,1.0352293e-06,2.044319e-06,4.698297e-06,2.2822076e-06,2.5502082e-05,6.965245e-06,4.7546127e-06,3.904646e-07,2.0011069e-06,1.550224e-06,4.4334024e-06,8.835014e-07,1.0648282e-06,1.5480198e-06,1.8534118e-06,2.4733583e-06,2.471472e-06,1.1733574e-05,6.2332747e-06,6.729645e-07,4.5047244e-08,0.09296078,5.3068475e-06,1.2931336e-05,0.062344328,3.6960307e-07,0.0049880785,0.25434488,0.023632692,2.7347794e-05,5.3887306e-05,4.7530483e-07,6.0556323e-07,8.791739e-06,3.330305e-07,7.244146e-07,3.9798774e-06,1.1334234e-05,1.5015074e-06,5.2052665e-06,3.0139805e-05,2.8511522e-05,2.6441654e-05,3.9133454e-05,0.00010054502,2.5740886e-07,0.00029787695,9.775918e-06,7.28661e-06,0.000113006136,1.10585215e-05,5.1008086e-05,1.794795e-05,1.0260363e-05,0.00044681554,2.464593e-05,8.407833e-06,1.42053905e-05,0.0002356772,3.9285373e-05,8.582684e-06,9.6066586e-05,1.6932698e-05,3.170181e-05,9.13111e-06,1.3660565e-06,0.00029987152,0.010932098,0.004564623,8.097573e-06,1.5005297e-06,4.6880295e-06,1.8061204e-05,5.2109557e-05,1.1943369e-05,0.00012829647,2.0453622e-06,3.2546927e-06,3.5779594e-06,1.6278578e-05,5.4631196e-06,1.9999616e-05,2.0464588e-06,9.0274705e-05,6.462486e-05,0.0008572951,4.691312e-06,0.000110860485,1.5761894e-05,5.6751727e-05,9.142342e-06,2.0593825e-05,1.870119e-05,5.0045746e-05,1.0763903e-05,2.6075752e-05,6.541378e-05,4.9355954e-06,6.890791e-06,9.8998435e-06,0.00014764602,9.356619e-06,7.46806e-06,3.3993456e-05,2.5946292e-05,6.388504e-05,5.3073203e-05,2.0213469e-05,4.7923377e-06,1.1948129e-06,3.9618713e-05,5.954937e-05,5.5217082e-05,5.2811547e-06,6.4423243e-06,1.4612169e-05,8.937343e-06,4.3113927e-05,5.4075067e-06,8.681245e-06,9.0799824e-07,5.8599576e-06,3.3458666e-05,2.0397354e-05,6.114905e-05,6.942922e-06,0.00013304054,1.4300553e-05,3.0150643e-06,0.00037808172,1.3070109e-05,8.6535285e-05,3.1355023e-06,1.0476346e-05,3.342515e-05,1.07201195e-05,1.9427996e-06,1.8469767e-05,2.187948e-05,1.7692479e-05,1.8202389e-05,6.77156e-05,1.2820283e-05,2.6306112e-05,6.150116e-05,3.0782478e-06,1.4237059e-05,2.831527e-06,2.2205115e-06,5.8750495e-05,3.821907e-06,1.7865776e-05,1.1682131e-06,6.87417e-05,1.646184e-05,5.7942445e-05,2.3374883e-05,2.660041e-05,4.1890962e-05,9.879729e-05,2.309567e-05,1.9139986e-06,2.4360985e-05,3.3217584e-05,3.90066e-06,2.1407527e-06,3.8590377e-07,0.00012228778,6.57987e-06,0.00015495592,1.6084343e-05,0.00012443804,3.464621e-07,2.5833855e-05,1.691609e-05,0.00038652468,1.348893e-05,2.9029048e-05,0.0006060223,0.0042932318,7.886667e-06,2.867044e-06,2.9211917e-06,1.1770548e-05,4.218456e-07,7.98413e-06,1.10988285e-05,5.153251e-06,6.6418806e-06,8.209841e-05,2.7975623e-06,2.0383293e-05,5.3411316e-07,5.948387e-05,4.5446313e-06,9.066396e-05,6.229489e-05,7.554897e-05
BC2026_Train_0044_S22_20220124_023000_040,6.4237935e-07,2.4352323e-05,6.8778504e-06,0.009880407,5.069758e-05,4.2481088e-07,9.729173e-06,2.470443e-05,0.02043265,0.18132004,0.11523621,0.0001417125,1.4974554e-05,1.1605373e-05,1.8301447e-05,0.027580332,8.694501e-06,1.7252303e-06,0.05527167,0.00030230227,5.9966904e-05,0.09731246,3.8265367e-05,8.645867e-06,0.0038204198,9.554827e-06,8.354072e-05,2.3613431e-05,3.555533e-07,0.0002023213,1.1463563e-05,1.9071167e-06,1.2597006e-05,3.5353144e-06,4.072901e-06,2.2012193e-06,2.1351254e-06,3.2096468e-06,9.034195e-06,4.0350865e-06,3.1867825e-05,9.247215e-06,7.972117e-06,9.875466e-07,6.115967e-06,5.151728e-06,9.542788e-06,2.2896677e-06,2.6147247e-06,2.94651e-06,3.4677157e-06,4.1125445e-06,4.2158117e-06,1.6692728e-05,1.3141688e-05,1.6083079e-06,1.5598143e-07,0.077161126,6.8903637e-06,2.6512098e-05,0.0973896,5.922048e-07,0.005391068,0.15298139,0.053771183,4.185087e-05,0.00016118269,1.2923294e-06,2.2553847e-06,9.721011e-06,8.671941e-07,2.7444785e-06,1.8116354e-05,9.220326e-05,2.8536995e-06,1.411587e-05,0.00010856388,8.593523e-05,3.6911897e-05,0.00011850321,0.00031777224,2.3108435e-06,0.0012211819,1.9470419e-05,1.3659441e-05,0.00016390343,4.270876e-05,0.00012839767,6.991642e-05,3.08959e-05,0.0010239122,9.567221e-05,2.6866466e-05,6.803853e-05,0.00024879898,7.547696e-05,1.2867233e-05,0.00018862021,4.4449076e-05,8.130281e-05,1.7112468e-05,5.251638e-06,0.0005496858,0.01594835,0.0016836373,1.594045e-05,3.6232093e-06,6.0246753e-06,5.307183e-05,0.000104836676,5.3423886e-05,0.0001911402,4.023194e-06,4.071274e-06,1.3186343e-05,4.1475338e-05,1.6940967e-05,5.685009e-05,9.710366e-06,0.00021114641,0.00028430155,0.0019977023,1.68008e-05,0.0002674326,2.9883655e-05,0.00010812789,3.800904e-05,0.00012755455,2.125908e-05,0.00019676037,4.871435e-05,8.8025896e-05,0.00025082662,1.1073697e-05,9.169864e-06,2.616922e-05,0.00018331553,2.3564302e-05,2.4899771e-05,7.307901e-05,6.849834e-05,0.00015035592,0.00018311411,5.9713937e-05,1.454352e-05,6.3128045e-06,7.226392e-05,4.792001e-05,0.00011919224,1.7164099e-05,1.7159582e-05,4.748168e-05,2.9794759e-05,5.4786928e-05,3.109729e-05,2.4884748e-05,2.8087204e-06,2.8356719e-05,8.617658e-05,2.7693699e-05,0.00010234864,1.1742597e-05,0.00022453602,2.9023011e-05,4.148909e-06,0.00054623536,1.9200834e-05,0.00012924685,7.858851e-06,2.9872283e-05,5.2769694e-05,3.7479644e-05,4.153485e-06,1.9695792e-05,7.480698e-05,6.613055e-05,7.1320464e-05,0.00016233174,6.3141466e-05,2.532335e-05,0.00015421493,5.02717e-06,5.38307e-05,1.5663954e-05,1.0801622e-05,0.000103649916,8.887774e-06,6.5905355e-05,2.6436974e-06,8.9787325e-05,9.3257644e-05,0.00025530346,2.7724669e-05,0.00010052872,0.00010296584,0.0002193684,4.4581942e-05,3.4476934e-06,7.3185925e-05,0.000118221265,1.676164e-05,1.1772883e-05,2.0826383e-06,0.00021366475,1.2341918e-05,0.0005037436,4.492144e-05,0.00026781965,1.2896824e-06,0.000112518064,5.191958e-05,0.00087086845,4.0944644e-05,0.00012905708,0.0008147641,0.0024138165,2.0601958e-05,2.4413663e-05,1.3835748e-05,2.8274493e-05,1.1735908e-06,2.3952705e-05,2.1940179e-05,1.5584135e-05,1.9889507e-05,0.0003161001,1.3877295e-05,3.0736912e-05,1.2688234e-06,0.0001561002,2.312346e-05,0.00018097977,0.00022541161,0.0001222853
BC2026_Train_0044_S22_20220124_023000_045,9.801942e-09,4.1572116e-07,2.522799e-08,0.006470043,8.8375e-07,1.1785702e-09,8.58631e-08,5.895299e-07,0.00789353,0.26720798,0.1366924,6.1426647e-07,3.4172038e-07,2.409835e-08,1.1077377e-07,0.0013970895,1.0135803e-07,7.943777e-09,0.010821419,8.089554e-06,5.0489797e-07,0.004237229,2.0346483e-06,1.7688771e-07,0.00017852406,3.9100235e-07,2.04015e-07,3.2293508e-07,8.164177e-08,2.4062556e-05,7.1060373e-07,1.13179105e-07,1.6170051e-06,1.1971152e-07,1.1531114e-07,1.7079954e-07,1.0215611e-07,1.6736871e-07,4.2787823e-07,2.3089018e-07,3.0248766e-06,7.9323246e-07,2.2831908e-07,1.00897616e-07,2.2264224e-07,1.80371e-07,7.9658696e-07,1.1023546e-07,1.3677561e-07,1.5268802e-07,1.1626641e-07,1.5948518e-07,1.5389494e-07,9.084355e-07,1.3346435e-06,1.335231e-08,3.5080132e-09,0.08221481,1.5308254e-07,2.0195848e-06,0.005193752,5.9599494e-09,0.004138336,0.1131929,0.00014824714,6.4349285e-07,4.378318e-06,1.165773e-09,1.3693034e-08,1.534904e-07,3.966413e-09,6.9734874e-08,7.290685e-07,4.466115e-07,2.6897507e-07,1.2265017e-06,9.349064e-06,3.5322307e-06,2.0707141e-06,3.235157e-06,1.2310249e-05,7.499831e-09,3.8779857e-05,1.7061151e-07,1.7107046e-06,4.2942283e-06,6.9133084e-06,5.316183e-06,8.35884e-06,1.6994488e-06,8.008908e-05,6.1084656e-06,3.0589464e-07,7.749091e-06,7.169223e-05,2.2037211e-06,9.910715e-07,6.9660535e-05,6.9623565e-07,2.0776015e-06,2.2548397e-07,2.834902e-07,2.3811317e-05,0.0027198158,0.0003071041,7.4202865e-07,2.1383217e-07,2.0114006e-08,1.0576274e-06,7.803205e-06,7.3277903e-07,1.0913096e-05,2.3483682e-07,7.807729e-07,5.281852e-07,9.040374e-06,5.370921e-07,1.0800321e-06,5.989182e-07,3.0546507e-05,1.3153964e-05,1.7709292e-05,2.6807263e-07,3.6102487e-05,6.6509625e-07,6.782452e-06,3.3706897e-07,5.1919405e-06,5.6448316e-06,1.3090429e-05,8.83954e-07,1.4194203e-06,2.067898e-05,3.5471675e-07,2.0508632e-07,3.09122e-07,1.8124027e-05,3.2261974e-06,2.2943782e-06,3.6629165e-06,2.466871e-06,2.5370919e-05,4.19763e-06,1.4606488e-06,2.0288054e-07,5.549896e-08,9.418085e-06,8.075094e-06,5.4818913e-05,3.0134868e-07,4.0965045e-07,4.0016876e-05,1.563602e-06,8.315833e-06,9.296433e-07,1.3541015e-06,5.375513e-07,1.5491584e-07,1.1697252e-05,1.1508344e-06,3.0643638e-05,1.362836e-06,3.6659221e-06,2.4636029e-06,2.259362e-07,0.0006345496,3.8668954e-06,7.3568954e-06,3.0595822e-07,2.954648e-06,3.2760586e-06,2.2520017e-06,6.7141706e-08,4.7460544e-06,2.7111878e-06,3.0660105e-06,9.7306e-07,1.51573395e-05,1.4220882e-06,1.1113857e-06,1.4500879e-05,4.7405766e-07,1.892068e-06,8.58857e-08,5.8748924e-07,6.356357e-05,3.2421664e-07,8.270136e-06,5.094969e-08,2.1870552e-05,6.4385035e-06,1.3184958e-05,3.3537863e-06,3.087833e-06,2.0054526e-05,1.4205269e-05,3.1190543e-06,2.7483577e-07,2.0016128e-06,7.47576e-07,4.6428158e-07,9.992584e-08,8.425469e-09,4.486514e-05,1.4364671e-06,1.9194282e-05,4.234928e-06,4.3298323e-06,2.876169e-08,2.4309752e-06,1.6017414e-06,0.00026427917,9.415143e-07,4.764058e-06,0.0004252811,0.0017532569,4.9178686e-07,3.130884e-07,1.4950916e-07,7.899616e-08,7.576525e-08,5.5194823e-07,5.1195906e-07,7.68939e-06,1.2269345e-06,3.832844e-05,1.4679787e-07,1.9841582e-06,8.9050666e-08,6.1158858e-06,9.416125e-08,1.030783e-05,4.996399e-06,5.3815784e-06
BC2026_Train_0044_S22_20220124_023000_050,1.1522315e-08,1.4998287e-07,3.3218537e-08,0.005309762,5.7641574e-07,7.92732e-10,4.339056e-08,2.6459725e-07,0.013726457,0.22478046,0.14509603,1.1240231e-06,2.2653337e-08,8.961512e-09,6.578846e-08,0.0019731075,1.0897092e-07,2.9243932e-09,0.004723852,2.9446082e-06,1.6516437e-07,0.016110523,5.090302e-07,9.878183e-08,0.00012511709,1.3563009e-07,1.2662808e-07,4.4302945e-07,5.21831e-08,2.5874018e-05,4.4168837e-07,7.4868275e-08,5.634096e-07,5.743712e-08,4.0246604e-08,9.662874e-08,1.0820771e-07,8.440174e-08,1.9312175e-07,8.786056e-08,1.4149805e-06,3.4417266e-07,8.35106e-08,5.8568844e-08,8.733343e-08,5.7947258e-08,1.737096e-07,3.3252963e-08,4.677182e-08,6.365888e-08,4.0598177e-08,5.799226e-08,5.775239e-08,4.4209042e-07,5.5935254e-07,3.4628018e-09,2.0568258e-09,0.16097063,5.939423e-08,5.8068406e-07,0.011705971,1.9409965e-09,0.0028444673,0.3701071,0.00024288964,1.11579574e-07,3.2229866e-06,1.6118212e-09,1.739868e-09,1.00526485e-07,1.2957005e-09,8.21883e-08,1.4192497e-07,3.2748642e-07,3.5881857e-08,1.7178344e-07,3.8792436e-06,1.9384042e-06,3.506661e-07,2.012425e-06,6.025675e-06,5.1072555e-09,1.1725923e-05,5.2925163e-08,1.23969e-06,2.7117878e-06,2.0426137e-06,3.2381943e-06,1.6049247e-06,6.9083853e-07,8.397129e-05,3.4990153e-06,3.5220546e-07,3.2912371e-06,0.00011638797,1.7690186e-06,5.6838707e-07,1.6654454e-05,3.3464877e-07,8.330035e-07,2.758964e-07,5.670454e-08,8.342785e-06,0.0016419212,0.00023060344,1.9778507e-07,7.564107e-08,9.182291e-09,4.332379e-07,3.3439399e-06,8.987826e-08,5.4622033e-06,5.187527e-08,5.6274155e-07,6.4452337e-07,3.6016122e-06,1.3142862e-07,4.268133e-07,3.2391594e-07,8.106907e-06,1.3197085e-06,2.7670985e-06,1.2056013e-07,1.4449635e-05,4.969119e-07,4.1214457e-06,1.3932357e-07,1.6893381e-06,1.4524201e-06,7.1305076e-06,1.4493496e-06,1.6835901e-06,8.676775e-06,2.188759e-07,1.1027857e-07,1.7258837e-07,1.1209541e-05,1.0102572e-06,6.6412014e-07,1.282506e-06,4.923246e-07,7.909926e-06,1.5501428e-06,1.1804503e-06,9.286937e-08,8.793161e-09,3.9864526e-06,2.0608734e-06,2.5133906e-05,1.5610212e-07,1.6340933e-07,8.939782e-06,5.2991834e-07,1.2164e-06,5.4279906e-07,5.543918e-07,1.8885422e-07,5.589595e-08,4.9441887e-06,2.4460584e-07,9.87562e-06,1.2384788e-06,3.8822823e-06,5.6225554e-07,8.507393e-08,0.00016530059,4.1766043e-07,6.439787e-06,1.4015208e-07,1.2308371e-06,1.2876753e-06,3.952052e-07,1.786743e-08,2.913274e-06,2.3491684e-06,3.123235e-07,3.038414e-07,6.924929e-06,1.3511204e-06,4.8172643e-07,7.2699927e-06,2.6191194e-07,1.4358932e-06,6.707079e-08,4.6933658e-07,2.57207e-05,9.829693e-08,2.4613391e-06,2.8068536e-08,6.09041e-06,2.4105375e-06,9.210022e-06,9.066284e-07,1.1909993e-06,7.4713375e-06,4.1100825e-06,1.243076e-06,1.538763e-07,1.9541326e-06,2.6850043e-07,1.10144455e-07,4.5455486e-08,4.7540794e-09,5.3000473e-05,6.5042457e-07,6.824457e-06,1.699473e-06,5.2649866e-06,1.870103e-08,1.1332053e-06,8.649319e-07,2.0882962e-05,1.009302e-06,6.781748e-06,0.00024960423,0.00072586397,2.8511454e-07,8.403229e-08,5.2858784e-08,5.032414e-08,1.5821428e-08,2.0800269e-07,1.1086276e-07,9.3884603e-07,5.6407407e-07,2.0133304e-05,1.1159191e-07,3.5178593e-06,8.695281e-08,2.6275334e-06,8.2254324e-08,3.958906e-06,3.2322087e-06,2.073617e-06
BC2026_Train_0044_S22_20220124_023000_055,1.9286666e-07,1.0554787e-05,2.7447245e-06,0.00888301,1.9863939e-05,1.3010869e-07,1.6877956e-06,1.5683221e-05,0.019831566,0.19398037,0.11370793,5.374586e-05,2.0949071e-06,3.627476e-06,7.810702e-06,0.010099146,2.9171997e-06,4.4004187e-07,0.050024908,9.660804e-05,1.8531731e-05,0.09422132,1.00816105e-05,4.4860553e-06,0.0036638055,3.5779155e-06,8.582042e-05,6.9259063e-06,4.7702585e-08,6.254972e-05,7.185685e-06,6.261363e-07,7.649309e-06,2.0335485e-06,1.6391315e-06,8.7062654e-07,7.9399314e-07,1.6027788e-06,4.8072093e-06,1.9617976e-06,2.7744269e-05,5.941355e-06,3.8874837e-06,2.894595e-07,2.457511e-06,1.9460947e-06,4.1857975e-06,9.403146e-07,1.0559664e-06,1.2469347e-06,1.3883642e-06,1.7350163e-06,1.8224617e-06,1.1929663e-05,6.2759414e-06,4.0986075e-07,5.502779e-08,0.072724104,2.0310406e-06,7.4096824e-06,0.027264807,2.6114125e-07,0.0065119774,0.16265857,0.025125388,1.6982589e-05,5.7816047e-05,3.6210187e-07,4.059555e-07,5.398572e-06,2.0061906e-07,9.994916e-07,5.9144395e-06,1.602908e-05,8.8655594e-07,2.485555e-06,2.108709e-05,2.6334877e-05,2.4801471e-05,3.7395064e-05,0.00018589596,5.588023e-07,0.00044735018,1.6559272e-05,8.443654e-06,0.00014356482,1.0599998e-05,5.923458e-05,1.5075442e-05,9.86012e-06,0.00036492475,3.2498294e-05,6.8927234e-06,1.4047382e-05,0.00028813575,3.906518e-05,5.872864e-06,8.290354e-05,2.2717348e-05,2.6356158e-05,7.973813e-06,1.4551612e-06,0.00017887543,0.010333476,0.0012194129,6.134777e-06,1.1630351e-06,4.0071805e-06,2.3192762e-05,3.8027312e-05,1.5683281e-05,6.7055335e-05,1.2933391e-06,1.3385222e-06,3.8600465e-06,1.1646484e-05,3.9114775e-06,3.172174e-05,2.1399364e-06,0.00011645757,6.332302e-05,0.00048259483,4.8313104e-06,0.00013018219,6.1344435e-06,8.017985e-05,1.6434671e-05,1.9506491e-05,1.0638015e-05,5.1866526e-05,1.8787438e-05,2.222413e-05,5.2314193e-05,5.5526557e-06,7.6017195e-06,1.5286987e-05,0.00015543538,8.760603e-06,4.924518e-06,1.58112e-05,2.146115e-05,4.8333193e-05,5.3784675e-05,2.9724177e-05,3.9091915e-06,1.3385222e-06,2.6497995e-05,2.7905493e-05,2.5784579e-05,5.1373286e-06,4.4754706e-06,1.2528276e-05,9.212806e-06,2.1790567e-05,6.3606176e-06,1.2942525e-05,6.2179834e-07,4.598333e-06,4.0854004e-05,1.5406014e-05,2.4018585e-05,8.2819515e-06,9.639593e-05,1.0679273e-05,2.8399513e-06,0.00019353013,7.966888e-06,7.78792e-05,1.8340476e-06,1.0804569e-05,1.8910516e-05,8.831881e-06,1.7372283e-06,7.425358e-06,2.0005626e-05,1.0581121e-05,1.8084782e-05,6.364255e-05,2.8817134e-05,1.1491957e-05,4.4889108e-05,1.7711237e-06,2.0267846e-05,1.915728e-06,2.9566122e-06,4.2067266e-05,2.6975833e-06,2.1605289e-05,1.3306948e-06,5.6801484e-05,2.6097869e-05,7.663103e-05,1.962563e-05,1.7235747e-05,4.2335054e-05,0.00010205423,1.6650292e-05,1.6964239e-06,3.6437963e-05,3.78627e-05,3.4048044e-06,2.8589898e-06,5.8321376e-07,8.200265e-05,5.1980687e-06,0.0001436267,1.552246e-05,0.000102815335,3.0460737e-07,3.055041e-05,1.5258453e-05,0.00043684526,9.869726e-06,4.57918e-05,0.00026757873,0.0026767675,3.1277727e-06,3.7717364e-06,3.3843642e-06,1.5591493e-05,2.2565932e-07,6.548569e-06,7.5289017e-06,5.348806e-06,6.9347293e-06,9.00012e-05,2.97927e-06,1.8779987e-05,7.5901056e-07,6.282434e-05,4.2057245e-06,0.00010205374,9.783008e-05,6.0976858e-05
BC2026_Train_0045_S22_20220125_211500_000,6.3076254e-07,3.5865884e-05,4.472626e-05,0.00062003365,7.634464e-06,3.2575747e-06,5.6138288e-06,6.276139e-06,0.00015883116,0.0018417045,0.007850089,0.00046438124,2.3552202e-07,1.886725e-05,6.9355105e-05,0.042091552,4.701963e-06,8.4202975e-07,0.35765222,0.0003766632,1.1801187e-05,0.7876269,3.7033114e-05,1.7836275e-05,0.004401778,9.887599e-05,0.00024881345,0.000104144194,4.400186e-05,8.084218e-05,9.543124e-06,7.178891e-06,1.3780757e-05,2.5846812e-06,4.6560294e-06,8.193548e-06,3.9115707e-06,2.8882162e-06,3.3527342e-06,2.6146522e-06,2.0808435e-05,5.1340076e-06,1.6059053e-05,9.238003e-06,2.571731e-06,3.398527e-06,5.1228712e-06,3.990093e-06,1.5771583e-06,2.0282996e-06,3.544223e-06,4.3400887e-06,5.260756e-06,1.2918184e-05,1.75163e-05,1.9045965e-05,6.2207056e-07,0.049213547,4.5822326e-06,1.1556612e-05,0.13653134,6.574185e-07,0.0005966432,0.16836184,0.2882757,0.00014412196,5.9334307e-05,1.4274433e-05,1.180671e-06,3.296522e-05,4.5574203e-07,1.54763e-05,6.4256215e-05,5.1275692e-05,1.2078863e-06,3.4674144e-05,0.0008298529,0.00026001432,1.538954e-05,4.5144836e-05,0.00052476116,2.2639533e-05,0.0010437862,4.2543154e-05,0.00011567554,6.342885e-05,1.6270553e-05,0.00010300464,0.00013099107,0.0001532587,0.00027708756,7.440268e-05,5.362826e-05,0.0003496372,0.000327648,0.0002663806,3.0632385e-05,3.2306863e-05,3.593792e-05,0.00039823318,7.477268e-05,5.1919596e-06,0.00026209585,0.00040838929,0.0002014862,5.6285946e-05,1.6490216e-05,8.783039e-06,7.6370925e-06,8.214571e-05,0.0001222437,0.0001236036,1.4395362e-05,3.7289086e-05,0.00021491705,6.164067e-05,6.233553e-05,3.2377062e-05,2.7578186e-05,8.6859785e-05,4.000997e-05,0.00023516116,0.00027482203,0.0013447597,2.2279071e-05,0.00015023613,0.00041587578,0.00044710378,4.417816e-06,0.00025900782,0.0004798497,0.000521927,0.00015966585,1.533997e-05,1.370788e-05,6.60972e-05,9.3109615e-05,2.933058e-05,1.8621426e-05,2.6381656e-05,8.870092e-05,1.242251e-05,0.00011023369,0.0001560752,6.318616e-06,1.2716799e-06,0.00028753013,0.0002605906,5.640028e-05,0.00011102626,2.0690066e-05,3.5801877e-05,0.0003675831,4.073469e-05,9.444046e-05,0.00017693348,6.012748e-06,1.1269319e-05,9.718906e-05,4.0682356e-05,0.00026280672,0.00021508186,6.979472e-05,2.3492117e-05,2.2218705e-05,0.00018889649,1.0834316e-05,0.00029539442,3.176121e-05,0.00010057897,0.00016080122,6.220453e-05,5.1151433e-06,1.9133515e-05,0.00018349827,1.2088485e-05,0.00022767506,5.31131e-05,0.0006651785,0.000115046096,0.00011758247,6.559477e-06,0.00079703936,5.869265e-05,0.000120015575,2.2548971e-05,3.552456e-05,0.00017021045,5.663209e-05,7.165628e-06,0.00031550849,9.783717e-05,8.462427e-05,3.5738565e-05,0.00010697485,0.00022262748,6.665306e-05,2.7156566e-05,0.0010314299,6.202914e-05,4.2114592e-05,2.4541747e-05,2.306618e-06,0.0004316745,4.1907064e-05,0.00041616903,3.5631267e-05,8.670875e-05,1.2753726e-05,0.0004813032,0.00015211554,0.0006172798,0.00023556105,0.0019947125,0.0001347348,0.0005437264,4.1913776e-05,2.8830436e-05,1.47386445e-05,6.0694616e-05,1.948325e-06,0.000119786455,2.1976593e-05,3.965004e-06,5.959277e-05,0.0023184337,2.2280961e-05,0.00056877726,5.7507887e-06,0.00014898033,1.7866712e-05,0.0013582684,7.662519e-05,0.00034829948
BC2026_Train_0045_S22_20220125_211500_005,1.2509046e-06,6.674338e-05,0.00010180452,0.0011803394,1.288972e-05,8.807095e-06,1.6604292e-05,1.318755e-05,0.0003056396,0.0018029329,0.014854548,0.0017807947,6.281135e-07,3.274268e-05,0.00015581601,0.0543444,1.2244097e-05,1.7743222e-06,0.29999715,0.00065189484,2.2301601e-05,0.6997196,5.792636e-05,1.9658579e-05,0.0054494455,0.00013083116,0.00022225165,0.00013248934,0.0001106921,0.00021049293,1.0228893e-05,1.2567057e-05,1.7422206e-05,3.5748287e-06,6.400425e-06,1.5486694e-05,6.1912183e-06,3.9917063e-06,5.821985e-06,3.909993e-06,2.2501283e-05,6.7278106e-06,1.5372641e-05,1.7782027e-05,4.28571e-06,5.7849525e-06,6.520116e-06,6.7556043e-06,2.750969e-06,3.0771914e-06,4.2161414e-06,5.3108724e-06,5.896963e-06,1.4731127e-05,2.0551546e-05,6.962726e-05,1.1114737e-06,0.047065426,7.441592e-06,1.3971684e-05,0.19884698,1.89433e-06,0.0014118958,0.13805924,0.5670807,0.00023709914,6.738945e-05,2.9759289e-05,4.800502e-06,5.1411465e-05,1.0823037e-06,3.8402784e-05,9.707421e-05,0.00015019372,2.124288e-06,5.501745e-05,0.0014468086,0.00044859707,3.8988215e-05,6.9726266e-05,0.0011976492,3.352238e-05,0.0019605192,8.177626e-05,0.00018084193,0.00011521396,5.509148e-05,0.0003188605,0.00017404609,0.00031437443,0.00057905074,0.00019091673,8.971124e-05,0.000765653,0.000500385,0.00037712598,5.8328136e-05,7.2891096e-05,0.000108336884,0.0010065957,0.0001087286,1.0524713e-05,0.00059850566,0.00056352466,0.000195025,0.000101104095,2.6567046e-05,1.0127556e-05,1.0486152e-05,0.00012708665,0.00022238752,0.00020744452,1.6566333e-05,5.9935748e-05,0.000346233,7.337509e-05,7.2908544e-05,6.226786e-05,8.582966e-05,0.00018276769,8.286165e-05,0.0005364415,0.00041145898,0.002393937,3.0194205e-05,0.00031464247,0.0004875071,0.0007198426,7.1183663e-06,0.0005471754,0.0015290276,0.00093983917,0.0005562818,2.4730027e-05,1.5761474e-05,6.977136e-05,0.00011329108,4.6012596e-05,3.9659764e-05,4.1045823e-05,0.00017742612,4.6948986e-05,0.00017447262,0.00015557121,7.6044525e-06,1.8744706e-06,0.000448137,0.0002558405,0.00016752777,0.0001643355,5.2474534e-05,0.000121593235,0.0007417222,5.0751223e-05,0.00021440005,0.00020792353,1.6680395e-05,2.9912679e-05,0.00015101486,6.395654e-05,0.0005717703,0.00032018195,0.0001782322,5.9551185e-05,3.240069e-05,0.00029998334,2.6889587e-05,0.0003388739,4.149444e-05,0.00018789628,0.00026607167,0.00017344653,7.828742e-06,2.9653453e-05,0.000522247,1.6192027e-05,0.00056198466,0.00010920159,0.0011879333,0.00016652855,0.00021524269,1.145079e-05,0.0020892583,0.00012542981,0.00018067063,4.0412146e-05,8.397434e-05,0.00035128518,6.6050634e-05,8.053307e-06,0.0006224007,0.00023124085,0.00028572924,8.16336e-05,0.0001298887,0.000450024,0.00013771674,4.174803e-05,0.0016634617,0.00014377867,0.000108053275,6.0662507e-05,3.6857039e-06,0.000764441,8.6985776e-05,0.0008451797,7.370462e-05,0.00017131552,2.8327822e-05,0.0011175744,0.0002979431,0.0015907147,0.0005982504,0.0028171113,0.00030384408,0.0011107784,7.2749644e-05,5.5980083e-05,3.836402e-05,0.00010680392,3.8857042e-06,0.00017891874,3.6170273e-05,1.1078609e-05,0.00021095303,0.0040292423,4.6941866e-05,0.0006591499,1.1375828e-05,0.0002405933,3.0678897e-05,0.0019733047,0.00015508481,0.00056793843
BC2026_Train_0045_S22_20220125_211500_010,9.306084e-07,7.719196e-05,0.00048781597,0.00058371254,2.2984053e-05,8.06662e-06,2.3547385e-05,4.8400998e-05,0.00013062572,0.00075704075,0.008396414,0.002248337,3.2310948e-07,2.6650301e-05,0.00021149116,0.024615064,5.8875794e-06,2.3478874e-06,0.20040265,0.0004993277,2.5885842e-05,0.50623083,9.780648e-05,1.5538753e-05,0.005005399,5.4544216e-05,0.0005942856,5.8373702e-05,4.891326e-05,0.0001704726,1.361234e-05,9.109418e-06,1.7803237e-05,2.5371028e-06,5.191534e-06,1.005114e-05,5.826039e-06,3.7953266e-06,5.7611082e-06,3.0084955e-06,1.9177833e-05,8.4386065e-06,1.7230193e-05,1.2336704e-05,3.1847758e-06,4.1494864e-06,5.601438e-06,5.8614723e-06,2.228127e-06,2.3726948e-06,4.644362e-06,5.7243815e-06,6.753511e-06,1.4067129e-05,1.5708309e-05,0.00011854039,2.246641e-06,0.03439356,2.3491626e-05,1.2061631e-05,0.10231384,1.1598771e-06,0.0009370342,0.08424106,0.6414839,0.00019692969,4.985264e-05,2.1555094e-05,3.1058842e-06,5.0708895e-05,1.5165808e-06,9.295037e-05,7.8083474e-05,0.00012595262,1.8245397e-06,3.5634428e-05,0.00091806415,0.00063872285,6.0627346e-05,5.0099898e-05,0.000622146,5.3756223e-05,0.0023028553,0.00012237443,0.000100208286,0.00014316168,9.661873e-05,0.00023668534,0.0002207669,0.0003623784,0.00074194587,0.00020198784,7.863058e-05,0.00060747407,0.0004218647,0.00025242197,6.744268e-05,3.3673743e-05,0.00020558787,0.0012645851,0.00013070734,1.2962276e-05,0.00053941616,0.0003180159,0.00020838718,0.00016476918,2.726683e-05,2.144501e-05,1.8425206e-05,0.00027725432,0.00018349024,0.00031606003,1.919551e-05,0.00010156996,0.00029403815,5.6720233e-05,6.347363e-05,0.00011206129,6.620267e-05,0.00019968132,3.6172172e-05,0.00081259233,0.0006183659,0.0022041092,1.2491244e-05,0.00036417012,0.00060812116,0.0005104026,5.304019e-06,0.00046011177,0.0016772744,0.0013341658,0.00031699368,3.939252e-05,2.2172138e-05,0.00012311368,9.5228665e-05,6.951117e-05,3.543115e-05,3.465054e-05,0.000201351,3.1746975e-05,0.00020011915,0.00022443885,5.8442697e-06,2.3179637e-06,0.0007617373,0.00034331603,7.8382705e-05,0.00027256878,5.091546e-05,6.0729995e-05,0.00041738676,6.332901e-05,0.0006995915,0.0001884879,3.8796206e-05,4.849095e-05,0.00013531638,7.395195e-05,0.0004920953,0.0005432685,0.00011969168,7.113653e-05,3.8158232e-05,0.00020635496,3.776242e-05,0.00030673778,3.156452e-05,0.00018756764,0.0007747448,9.278893e-05,1.2553498e-05,5.0332965e-05,0.0005961322,1.6236174e-05,0.00033417757,0.00012738197,0.0010442794,6.91053e-05,0.00026422675,1.916847e-05,0.0021707905,0.00023609621,0.00027713116,5.6782857e-05,6.669038e-05,0.00039362436,0.000109675995,7.2583616e-06,0.00027843524,0.00019111889,0.00035161705,7.686303e-05,0.00016497103,0.00031360268,0.00027420383,6.3714746e-05,0.001534641,0.0001647816,0.00018109802,0.00014943817,3.537648e-06,0.0005591857,6.607785e-05,0.00073847425,4.744339e-05,0.00017561192,2.8564566e-05,0.0012545101,0.0002471473,0.0015095428,0.0006245739,0.002209221,0.00021513045,0.0015608863,8.617445e-05,4.5075405e-05,6.4292806e-05,0.00010231098,4.3065893e-06,0.0003021755,4.483627e-05,8.703402e-06,0.0004059484,0.003945261,4.917906e-05,0.0010252822,1.23866175e-05,0.00020628945,2.4175215e-05,0.003057328,0.00014496726,0.00055848074
BC2026_Train_0045_S22_20220125_211500_015,2.4924097e-07,5.9222944e-05,0.0001238255,0.00057510973,6.3904527e-06,3.0550505e-06,7.683519e-06,8.960685e-06,5.60032e-05,0.0007268002,0.0062288414,0.001337198,7.07307e-08,1.6404669e-05,0.0001514313,0.036327925,2.0112914e-06,8.1215967e-07,0.31913957,0.00064016937,2.1830045e-05,0.64589465,1.6465607e-05,8.5463125e-06,0.0030426797,4.5161116e-05,0.00031873374,2.316617e-05,1.5544178e-05,8.1725506e-05,7.040281e-06,4.4833055e-06,9.064209e-06,1.2447676e-06,2.7964152e-06,5.1129146e-06,2.509523e-06,1.8149688e-06,2.4529056e-06,1.4127099e-06,1.0187869e-05,4.422828e-06,1.0154481e-05,6.3140988e-06,1.4876902e-06,1.8750893e-06,3.0103206e-06,2.76333e-06,8.676318e-07,1.1618844e-06,2.3175812e-06,2.9709201e-06,3.8028813e-06,7.3899937e-06,9.640526e-06,6.769959e-05,5.5307265e-07,0.052417498,8.747638e-06,7.3692054e-06,0.14259396,5.415127e-07,0.00053830567,0.11994056,0.7780388,0.00010565591,2.0822668e-05,1.9307701e-05,1.3050839e-06,3.1985073e-05,2.9219223e-07,2.1000533e-05,4.3184125e-05,0.00010966063,4.958265e-07,1.4404274e-05,0.0004377123,0.00045445518,1.4891499e-05,3.1605276e-05,0.0003320878,1.0353425e-05,0.001794944,4.3254313e-05,4.0502895e-05,3.3201053e-05,2.1405904e-05,6.320574e-05,7.6951765e-05,9.411851e-05,0.00031346278,8.223953e-05,2.1447402e-05,0.00028344957,0.00019276197,0.00016261573,3.932192e-05,1.1743986e-05,0.00010922034,0.0007290804,4.4885728e-05,3.2719622e-06,0.00022123805,0.0001822783,0.00013641122,7.23459e-05,5.7698835e-06,1.7023303e-05,5.1843153e-06,9.948791e-05,0.0001029412,0.000111591566,8.426375e-06,4.7544887e-05,0.00010246436,2.719819e-05,2.5987822e-05,3.1405834e-05,1.5455518e-05,6.540255e-05,1.3858092e-05,0.00033777778,0.00025254115,0.0011255409,8.986923e-06,0.00016354796,0.0001651133,0.0002465112,1.6652504e-06,0.00010531482,0.0005063641,0.00049528753,0.00025220044,9.767252e-06,8.596921e-06,3.6869824e-05,2.7732998e-05,1.814042e-05,1.333637e-05,2.4100449e-05,6.0761166e-05,1.1547743e-05,5.617221e-05,0.00010674883,2.8096151e-06,9.213362e-07,0.00022420741,0.00013840907,2.6991946e-05,0.00013753433,1.2038533e-05,3.4130924e-05,0.00017965367,2.1218713e-05,0.00024478344,5.728573e-05,1.1097167e-05,9.525567e-06,7.460417e-05,2.4637468e-05,0.0002656722,0.00027190743,5.041689e-05,1.1596565e-05,1.5580048e-05,0.00015544338,1.0487472e-05,0.00011202592,1.6329062e-05,7.098115e-05,0.00017102307,5.4752196e-05,3.3459626e-06,1.464156e-05,0.00025326357,6.6747034e-06,0.00019750603,3.6533856e-05,0.0004679144,4.1441257e-05,0.00012206315,6.356179e-06,0.0011178332,5.7782203e-05,0.00017720007,1.1930732e-05,2.5147336e-05,0.00020405134,3.9474537e-05,2.2107474e-06,0.00012008792,7.742787e-05,0.00012991359,2.6231462e-05,7.787371e-05,0.0001333437,0.00014576539,2.5833486e-05,0.00071550405,6.453827e-05,4.885252e-05,3.457116e-05,1.3560684e-06,0.00017822576,2.0057758e-05,0.00026829526,2.0436119e-05,4.174357e-05,9.890144e-06,0.0004137235,8.425708e-05,0.0005014161,0.00019342866,0.0008663284,9.2887196e-05,0.0010649961,4.5842484e-05,1.7551198e-05,2.2436272e-05,3.5530014e-05,1.265628e-06,0.00010609498,1.7241468e-05,3.0161743e-06,0.00014217269,0.0018530771,2.2505683e-05,0.00033684456,6.933228e-06,8.822043e-05,1.3427695e-05,0.0018668789,4.0807667e-05,0.00027330493
BC2026_Train_0045_S22_20220125_211500_020,3.9104114e-07,4.4542638e-05,0.00011523757,0.0005111975,5.1321963e-06,2.279128e-06,9.60557e-06,7.960242e-06,7.425503e-05,0.0009562725,0.01344632,0.0017794729,1.431448e-07,1.8188453e-05,0.00013108941,0.03289718,2.6469895e-06,7.868246e-07,0.29539102,0.0007950118,1.2901476e-05,0.6003324,3.235012e-05,1.28494885e-05,0.0037950866,5.7128127e-05,0.00049618207,1.2208907e-05,1.534244e-05,4.4362812e-05,8.19329e-06,4.5794054e-06,1.2448481e-05,1.7810119e-06,3.987278e-06,5.471525e-06,2.2492566e-06,2.1858732e-06,3.738707e-06,1.6330368e-06,1.7125723e-05,4.770241e-06,1.2074096e-05,6.4595624e-06,2.09781e-06,2.803074e-06,4.107947e-06,3.6899096e-06,1.1858561e-06,1.4818336e-06,2.7887609e-06,3.5265489e-06,4.1457088e-06,1.1218813e-05,1.1169918e-05,6.299153e-05,6.661442e-07,0.048400078,5.062831e-06,3.0193228e-06,0.12462887,3.8650896e-07,0.000582416,0.09885833,0.5836103,0.00018160466,3.0835676e-05,1.1387627e-05,2.131878e-06,3.540109e-05,5.2134953e-07,2.0336443e-05,3.960549e-05,5.050615e-05,6.8260255e-07,1.28767715e-05,0.0007038416,0.00029554317,2.3132703e-05,2.5726296e-05,0.00054165703,4.1793563e-05,0.0021572113,5.8360456e-05,4.442564e-05,5.4278706e-05,4.2304822e-05,0.00017154454,6.658946e-05,6.352637e-05,0.0005828314,9.0078735e-05,3.850058e-05,0.00020555044,0.00018753421,0.00014110142,3.5120545e-05,1.4069894e-05,0.00011240815,0.0006042871,7.583082e-05,2.5367738e-06,0.00023675918,0.00017886159,0.00013669324,0.00011727039,1.2934198e-05,9.5574605e-06,6.3406133e-06,8.24113e-05,0.000103546474,0.00012675999,8.313065e-06,3.9545408e-05,0.00017243372,2.7459826e-05,4.7606725e-05,4.1052357e-05,2.3817405e-05,0.00010039317,2.1503027e-05,0.00052434916,0.0002559632,0.0012242781,5.9365007e-06,0.00020482363,0.00028805473,0.00035519167,3.2003584e-06,0.00026135697,0.00065661187,0.00082345353,0.00011568987,1.1495759e-05,8.254086e-06,6.7447116e-05,3.253411e-05,2.1815331e-05,2.0699046e-05,2.6024427e-05,0.00015378131,1.44803425e-05,0.0001006755,8.9440386e-05,4.2384313e-06,7.2936064e-07,0.00019296721,0.00014309112,3.8819857e-05,0.00012910507,1.14187515e-05,2.7954957e-05,0.00022664109,2.419595e-05,0.00023841437,8.424238e-05,7.3144865e-06,1.7681059e-05,6.141636e-05,2.2280768e-05,0.00036898284,0.00017236336,4.3068518e-05,1.5070973e-05,1.79811e-05,0.00015226645,1.1168373e-05,0.00013976794,1.9205394e-05,6.531922e-05,0.00024175983,6.423526e-05,4.2417064e-06,1.5829259e-05,0.00023958678,8.34557e-06,0.00024158035,3.7832062e-05,0.0004755836,4.512392e-05,0.00011274533,6.0040097e-06,0.0013678317,8.905884e-05,0.00015828476,1.2736492e-05,4.808352e-05,0.00015610139,4.2336265e-05,3.3710157e-06,0.00019647263,7.586018e-05,0.00018700049,3.8407692e-05,4.5104945e-05,0.00018694825,0.00012492122,1.8177254e-05,0.00069122715,5.4112646e-05,4.8079488e-05,3.4173587e-05,1.2345391e-06,0.00013152375,3.3295888e-05,0.00031449314,1.6563032e-05,4.445963e-05,1.1812052e-05,0.00043959497,0.00018016108,0.00052975764,0.0001932622,0.00080484786,0.000128516,0.00076187775,3.153368e-05,1.4289306e-05,1.841744e-05,6.1573344e-05,1.4970135e-06,0.00023901957,1.3850931e-05,2.0361974e-06,0.00016665627,0.0016868887,2.9452647e-05,0.00021624634,4.607859e-06,6.5465516e-05,1.1049857e-05,0.00113101,6.590297e-05,0.00032211022
BC2026_Train_0045_S22_20220125_211500_025,1.2563083e-06,5.4230015e-05,0.0001916289,0.0007053948,2.4451223e-05,1.05575855e-05,2.6878255e-05,3.58974e-05,0.00022212538,0.0014058066,0.011125381,0.0012346802,2.575756e-07,2.7751094e-05,0.00013203833,0.035440702,4.031148e-06,2.8486475e-06,0.24709383,0.00027400677,2.4228046e-05,0.6905592,7.9252684e-05,1.663336e-05,0.007879416,9.6856726e-05,0.00043860273,0.00010638451,7.341709e-05,0.00014090915,1.3841489e-05,7.877068e-06,1.4881037e-05,2.8893346e-06,5.101425e-06,1.0205294e-05,3.8769986e-06,2.8941222e-06,5.4298825e-06,3.3532713e-06,1.7101309e-05,7.5434477e-06,1.833359e-05,1.1234734e-05,2.788974e-06,3.756749e-06,4.233002e-06,4.5400134e-06,1.5430423e-06,1.9656782e-06,4.8463316e-06,6.0479956e-06,7.347331e-06,1.4315097e-05,1.5122714e-05,7.186746e-05,8.1121595e-07,0.029700754,2.7003478e-05,1.719531e-05,0.11983235,1.1953758e-06,0.0006137403,0.090844385,0.62600654,0.00023867274,5.969919e-05,2.1594453e-05,2.5202294e-06,4.1942487e-05,1.1468004e-06,7.540329e-05,8.3781415e-05,0.00024612958,1.6036213e-06,5.0443385e-05,0.0008141444,0.0005214069,3.587919e-05,7.8961195e-05,0.0008220502,6.392441e-05,0.0029404631,0.00011317382,0.00012528697,0.00012521195,4.988246e-05,0.00020265146,0.00026267,0.00037069106,0.00059929397,0.00016583705,8.858419e-05,0.00069316174,0.00038326165,0.0004018132,0.000121711906,2.5471894e-05,0.00010273585,0.0011484737,0.00010818224,1.14037875e-05,0.00050778175,0.0007395031,0.00021363706,0.00016800848,2.3735029e-05,1.9138952e-05,1.2044883e-05,0.00018640964,0.000121793295,0.00039749494,1.8514704e-05,6.39832e-05,0.0003199888,5.988627e-05,8.1096376e-05,0.00011454638,6.6896304e-05,0.00015114855,5.9165362e-05,0.0006150101,0.00048011323,0.0026648727,1.8101451e-05,0.00028801133,0.0004849889,0.00045381492,7.0060423e-06,0.0006014824,0.0011977599,0.000866676,0.00041840185,3.4248726e-05,2.5623653e-05,0.00013836632,0.00010942195,5.7544486e-05,4.2296877e-05,6.109612e-05,0.00027528385,1.4742863e-05,0.00014832307,0.0002890302,1.1188704e-05,2.5270162e-06,0.00051031774,0.0007499401,0.00011327801,0.00025020726,4.8192178e-05,5.9378966e-05,0.00069345237,6.365311e-05,0.0004775845,0.00022082313,2.486949e-05,3.4967823e-05,9.695569e-05,7.237509e-05,0.00024958662,0.0003355649,0.00016193783,5.7080426e-05,4.644095e-05,0.00031353513,4.0513863e-05,0.00039447294,2.7713144e-05,0.00014102152,0.00055966084,9.3917246e-05,1.4966387e-05,3.206503e-05,0.0004879397,2.6595008e-05,0.00036170552,0.00013537123,0.0012983623,0.00012653296,0.00024175362,9.529338e-06,0.0015070768,0.00016251682,0.00032214553,4.399418e-05,7.019494e-05,0.0006036107,7.701505e-05,1.01371625e-05,0.00028357093,0.00022441873,0.0002698998,4.951917e-05,0.00020281847,0.000345769,0.000174721,4.846899e-05,0.0020110253,0.00017833879,7.915201e-05,0.00013042298,4.1235803e-06,0.0007184261,9.1746224e-05,0.0009079475,6.785244e-05,0.00014747873,3.7761412e-05,0.00069883885,0.00023439269,0.00097517436,0.0004882405,0.0024800757,0.00021385614,0.0010106469,8.4484935e-05,7.6011675e-05,3.647454e-05,0.00013217425,3.4243947e-06,0.00016348559,5.492682e-05,6.0837224e-06,0.00019055336,0.0028000083,3.6842477e-05,0.0010504178,1.0418568e-05,0.00031967228,3.8888513e-05,0.0033678093,0.00017969185,0.00035417778
BC2026_Train_0045_S22_20220125_211500_030,3.3532413e-07,5.591867e-05,5.0912255e-05,0.00054807164,3.966857e-06,2.5400104e-06,5.0731255e-06,7.2220287e-06,0.0001534172,0.0012365733,0.014142232,0.0010320506,2.3526563e-07,9.313122e-06,8.16797e-05,0.04261579,3.8576286e-06,5.427918e-07,0.213001,0.0004405666,8.572999e-06,0.6539034,2.0103585e-05,1.1393493e-05,0.0028238075,3.000167e-05,0.00013614638,4.3401946e-05,2.2911181e-05,8.970021e-05,6.2048957e-06,6.0312e-06,1.1408214e-05,1.7962291e-06,2.9383134e-06,6.6184293e-06,4.987007e-06,2.256977e-06,2.8104166e-06,1.625991e-06,1.3863115e-05,3.6263898e-06,8.313502e-06,6.5606528e-06,1.4707142e-06,2.0203825e-06,2.9044606e-06,3.6802662e-06,1.3747987e-06,1.5648131e-06,2.01992e-06,2.4472276e-06,3.1168065e-06,8.702333e-06,9.688508e-06,3.066044e-05,1.4454502e-06,0.05409623,4.0152904e-06,7.1943805e-06,0.14886765,4.0952239e-07,0.0010474575,0.08919737,0.5082398,7.357773e-05,3.3944703e-05,1.3353234e-05,1.7855937e-06,2.2777309e-05,5.492524e-07,1.4091256e-05,2.8367673e-05,6.176488e-05,7.217259e-07,1.5308433e-05,0.00061831466,0.00022804375,1.755689e-05,2.8340171e-05,0.0004091774,1.0428231e-05,0.0012886383,2.9351848e-05,7.768234e-05,5.742597e-05,3.1203967e-05,0.0001330743,9.2830436e-05,8.8542976e-05,0.00054499833,9.223439e-05,2.9116327e-05,0.00027316558,0.00020996615,0.00017126622,2.814904e-05,2.2204302e-05,6.025369e-05,0.00045916997,5.5274715e-05,3.3575113e-06,0.0002635874,0.0002564508,0.00011880904,4.092598e-05,1.230796e-05,5.3397234e-06,5.9768163e-06,7.222086e-05,0.00010553308,0.00012267809,6.0481284e-06,3.330516e-05,0.000121690326,4.629662e-05,3.0180938e-05,2.7803411e-05,2.5048723e-05,6.208874e-05,4.2249467e-05,0.00026007506,0.00023006802,0.001020529,1.0420744e-05,0.000117387644,0.0003278139,0.00031606754,2.3056548e-06,0.000203485,0.0009805808,0.00035990815,0.00018832873,6.8795166e-06,7.2934713e-06,3.131949e-05,4.890034e-05,2.5149875e-05,2.6501128e-05,1.3711999e-05,0.00010075204,1.32062005e-05,6.0386275e-05,8.2141014e-05,5.376935e-06,6.331256e-07,0.00018818029,0.00014976684,6.495398e-05,8.774799e-05,8.603023e-06,3.675082e-05,0.00023952856,2.6331261e-05,0.000118654614,9.242201e-05,6.7088963e-06,1.9781459e-05,0.00012802247,2.542132e-05,0.00042041263,0.00020579243,9.08735e-05,2.1666816e-05,6.5264185e-06,0.0001620543,6.452463e-06,0.00015862289,1.6518059e-05,8.435026e-05,9.3313516e-05,6.2356994e-05,2.8684224e-06,1.41754435e-05,0.0002960288,4.679088e-06,0.00019900942,4.9466827e-05,0.00041847883,5.2385683e-05,0.000103021135,3.5748694e-06,0.0006429085,6.283303e-05,0.00011644148,2.0650936e-05,3.11533e-05,0.0001779174,5.5933655e-05,3.7575983e-06,0.000116280586,8.895869e-05,8.530069e-05,3.381911e-05,5.3109252e-05,0.0002240134,6.7934925e-05,2.0125202e-05,0.0010354227,6.756666e-05,4.4684013e-05,2.3057972e-05,1.3090153e-06,0.0002776032,2.3849703e-05,0.00035652952,3.241061e-05,8.9108114e-05,8.111223e-06,0.00040635222,0.0001078907,0.0007587496,0.00018196797,0.00142681,0.00015418978,0.00089346647,3.1407333e-05,1.8001947e-05,2.2814851e-05,2.8372813e-05,7.468071e-07,0.00013665805,1.32718915e-05,2.2218587e-06,0.00021490372,0.0025428894,2.1856209e-05,0.0002514024,2.4230271e-06,9.522313e-05,1.6208141e-05,0.00121397,6.279805e-05,0.00025968533
BC2026_Train_0045_S22_20220125_211500_035,5.5930934e-07,5.24948e-05,5.80162e-05,0.0011356669,3.8783633e-06,4.0149266e-06,6.04098e-06,2.611958e-06,0.00016251947,0.001055751,0.0102453185,0.0009429106,3.3997807e-07,3.7686943e-05,0.00010583076,0.025543863,5.42059e-06,9.19186e-07,0.11483074,0.0018992237,1.8018538e-05,0.68768656,2.6428215e-05,2.0208843e-05,0.001751752,0.00031901555,7.25531e-05,0.00017218333,9.876564e-05,8.928844e-05,9.249067e-06,1.5924405e-05,1.4638125e-05,3.885041e-06,7.0394153e-06,1.8544211e-05,7.0737906e-06,5.073997e-06,3.6814984e-06,4.9748364e-06,2.5640617e-05,5.3067965e-06,2.1658698e-05,2.1228732e-05,4.326105e-06,5.2519636e-06,9.529947e-06,5.722357e-06,2.460893e-06,3.65449e-06,4.7339045e-06,6.208323e-06,7.342645e-06,1.3766361e-05,3.7897167e-05,4.1668918e-05,7.55209e-07,0.047822487,5.584657e-06,1.7300432e-05,0.10750917,1.5960508e-06,0.0005938103,0.0937478,0.43009427,0.00016280811,0.00016322311,4.401126e-05,1.9330616e-06,3.976224e-05,1.0355512e-06,1.0939875e-05,6.513808e-05,5.4053802e-05,2.1862147e-06,8.04045e-05,0.0012960358,0.0004044861,1.244423e-05,7.899584e-05,0.0005140437,1.117596e-05,0.0013584307,3.0457524e-05,0.0004147253,7.962486e-05,3.9075017e-05,0.0001201618,0.00014329237,0.00014965335,0.0006124977,0.00017509892,5.4483444e-05,0.00035440407,0.00044789998,0.00027569645,2.9386689e-05,5.7340163e-05,6.4955966e-05,0.0010393739,5.0751754e-05,6.4723695e-06,0.00029644452,0.0003011083,0.00017497092,6.7135e-05,2.468926e-05,4.4970766e-06,5.2095024e-06,0.00018350528,0.00025902904,0.000114273316,1.8734283e-05,7.129313e-05,0.00014581237,8.600114e-05,4.3186967e-05,9.796982e-06,7.185759e-05,0.0001289375,0.00011529803,0.00032385672,0.0003633574,0.0016421269,3.4794084e-05,0.0001438936,0.00021078654,0.0009755252,1.0497468e-05,0.0001745703,0.0007788542,0.00036009072,0.00070478,1.1563082e-05,1.00854095e-05,2.339645e-05,4.4176682e-05,4.6962374e-05,2.8185865e-05,2.3742024e-05,5.524974e-05,7.816961e-05,0.00017218203,6.902231e-05,2.2036938e-06,8.6774844e-07,0.00025374987,0.00021747556,6.8405774e-05,9.369451e-05,2.3652308e-05,0.00010707242,0.00066745665,6.5242646e-05,7.571947e-05,0.00017914255,1.8295043e-05,1.5692602e-05,0.00010094678,3.4451266e-05,0.00068810914,0.00036943654,0.0002537271,3.1872565e-05,1.6140119e-05,0.00020677428,7.338704e-06,0.00024451892,5.413231e-05,0.0001519636,0.00016560176,0.00011434176,3.7633436e-06,2.1825006e-05,0.00022517297,1.0311774e-05,0.0003906482,0.000100857884,0.0010579545,0.00017935927,0.00021513703,2.213677e-05,0.0012257537,7.314644e-05,0.00023000418,3.1170744e-05,8.35181e-05,0.00021805444,4.6623863e-05,7.719499e-06,0.000448824,0.00018421985,0.00013729217,7.230431e-05,0.00010695679,0.00029929006,7.659888e-05,4.1069707e-05,0.00068837317,6.508655e-05,9.6092524e-05,2.0708107e-05,2.291942e-06,0.0010136438,3.8069367e-05,0.00031324054,3.7372676e-05,6.9183756e-05,2.4196042e-05,0.0011440107,0.0002243188,0.0016066916,0.0005823025,0.0021104077,0.0001601402,0.0013202853,5.0753013e-05,2.174444e-05,2.673326e-05,4.2241532e-05,2.973508e-06,0.00010367808,1.0390686e-05,1.5789803e-05,0.00012228018,0.0042508314,4.9057e-05,0.00032960015,6.58682e-06,0.00013312582,4.6345784e-05,0.0010520292,4.6900834e-05,0.0007441839
BC2026_Train_0045_S22_20220125_211500_040,2.771176e-07,3.135314e-05,3.2288506e-05,0.00066841376,5.074684e-06,1.8736556e-06,2.9670775e-06,2.4155058e-06,0.0003892076,0.0010043188,0.0064436533,0.0005550097,1.2174975e-07,1.0752485e-05,3.2834952e-05,0.042875428,3.892221e-06,3.6939375e-07,0.18068191,0.00016749089,1.0074807e-05,0.81598055,2.2629993e-05,8.3077475e-06,0.0038257884,4.1622967e-05,4.3081123e-05,3.8055827e-05,1.0377614e-05,4.093157e-05,3.6254144e-06,3.6942017e-06,7.4716654e-06,1.4082536e-06,2.2200372e-06,3.901954e-06,4.131299e-06,1.9926667e-06,1.958207e-06,1.32404e-06,1.0784597e-05,2.1810108e-06,6.0388206e-06,3.7056484e-06,1.251747e-06,1.6801271e-06,2.8119287e-06,2.4527114e-06,1.0218832e-06,1.2250124e-06,1.411654e-06,1.7045877e-06,2.206478e-06,5.819825e-06,7.445397e-06,6.4387923e-06,3.2955165e-07,0.046930667,1.7454519e-06,6.2588233e-06,0.099123195,3.9363104e-07,0.00069981854,0.11793509,0.4377992,3.2067415e-05,2.8432998e-05,5.4304005e-06,8.448337e-07,8.677139e-06,3.0022508e-07,5.6557647e-06,3.0842646e-05,7.8367084e-05,5.210861e-07,1.6496177e-05,0.00038261546,0.00018006268,7.592511e-06,3.974537e-05,0.0003351686,5.5744836e-06,0.00090730586,2.474687e-05,0.00010087134,3.134423e-05,2.6788894e-05,0.00010464621,6.0923914e-05,0.00010304874,0.00039282514,8.0675076e-05,2.7979466e-05,0.00023970536,0.0002705305,9.9418394e-05,1.8479775e-05,2.4022822e-05,5.2852443e-05,0.00044043665,3.626069e-05,3.946959e-06,0.00017300172,0.00035908987,0.00011173275,2.5433517e-05,1.1700878e-05,2.9251476e-06,3.52665e-06,6.962196e-05,0.00015505908,7.992794e-05,4.555097e-06,1.7148817e-05,9.327766e-05,6.266411e-05,2.1465145e-05,2.5027712e-05,1.873818e-05,8.954159e-05,5.5406388e-05,0.00021401403,0.00017892284,0.0011262734,9.6008525e-06,8.82599e-05,0.00018041412,0.0003045645,2.845704e-06,0.00015481134,0.00061654334,0.00018635596,0.00025678895,7.772057e-06,8.662199e-06,3.3144806e-05,5.1571693e-05,1.7641698e-05,1.3057551e-05,8.832724e-06,3.46925e-05,2.6140862e-05,6.431985e-05,8.192089e-05,2.4859294e-06,4.1590914e-07,0.00015871337,0.00016953664,3.9401417e-05,5.128674e-05,7.493015e-06,4.889395e-05,0.0002191865,2.1989194e-05,5.8205776e-05,7.676978e-05,4.7922185e-06,1.6901013e-05,5.833219e-05,3.0722582e-05,0.00020252704,0.00015159571,0.00010710049,2.8594355e-05,5.997846e-06,7.34935e-05,5.2384926e-06,0.00022885272,1.4251961e-05,7.1455666e-05,5.427487e-05,7.577509e-05,2.4033664e-06,8.233653e-06,0.0004078254,4.621766e-06,0.0002002768,6.922012e-05,0.0004659751,7.153687e-05,0.0001128699,3.0551407e-06,0.00038670932,4.5739038e-05,8.1728154e-05,1.4047477e-05,1.9603707e-05,0.00019046344,1.8662564e-05,3.0247554e-06,0.0001392421,8.231453e-05,6.882139e-05,2.9562392e-05,5.579259e-05,0.00020705206,3.3649925e-05,1.2966108e-05,0.0013285644,8.589607e-05,3.1045256e-05,1.00262005e-05,1.1672508e-06,0.00024424956,3.0199362e-05,0.00029851863,2.4916922e-05,7.023832e-05,9.342245e-06,0.00036986827,8.816703e-05,0.0007522997,0.00019638684,0.0011104706,5.559958e-05,0.0011516381,1.7504593e-05,1.7532828e-05,1.625151e-05,2.859441e-05,7.351911e-07,6.384509e-05,6.0778366e-06,2.1532574e-06,4.6524954e-05,0.0021585482,1.9944438e-05,0.00034362907,3.0740205e-06,9.498743e-05,1.9716857e-05,0.0013718107,4.214231e-05,0.0002496504
BC2026_Train_0045_S22_20220125_211500_045,4.6828325e-07,4.7905294e-05,6.3725565e-05,0.001365489,4.009646e-06,3.1619998e-06,5.5254036e-06,2.9488517e-06,0.0002858862,0.0009466237,0.007903197,0.001514881,2.502852e-07,1.49447515e-05,8.75212e-05,0.032619726,4.765121e-06,5.3758765e-07,0.1149713,0.000299455,9.160014e-06,0.59847814,1.9320338e-05,1.3294707e-05,0.0024346667,5.1536146e-05,8.633031e-05,7.5164586e-05,2.7140488e-05,9.961986e-05,9.001042e-06,1.1126583e-05,1.6167385e-05,2.6793077e-06,4.4349927e-06,1.2320679e-05,7.237259e-06,3.8448693e-06,3.9802685e-06,2.5797465e-06,2.3127672e-05,5.314865e-06,1.1471284e-05,1.1783341e-05,3.1317995e-06,3.9440356e-06,5.8644355e-06,5.136353e-06,2.4260146e-06,2.7165065e-06,2.8176462e-06,3.482799e-06,4.5941515e-06,1.2163885e-05,2.1265652e-05,1.8084076e-05,1.0667786e-06,0.057646565,3.0535098e-06,4.8821807e-06,0.06901568,9.560355e-07,0.0013911222,0.077324614,0.53625953,4.5340454e-05,8.832886e-05,1.911595e-05,1.3359972e-06,1.2861147e-05,6.7980386e-07,1.3495954e-05,4.915126e-05,8.95135e-05,1.4298165e-06,2.2403667e-05,0.0009330755,0.00029521988,1.0228718e-05,7.12639e-05,0.0005914648,1.2251783e-05,0.0010802638,3.7362664e-05,0.00017782107,4.585709e-05,2.9549654e-05,0.0001376671,9.5412914e-05,0.00010291823,0.00041261376,0.0001386241,5.7712434e-05,0.00043223242,0.0003001584,0.00016945695,2.8493856e-05,4.035192e-05,5.100255e-05,0.00087148685,4.105502e-05,8.293215e-06,0.00024130459,0.00020015865,9.54403e-05,4.710105e-05,1.4339473e-05,4.639594e-06,6.0924895e-06,0.00014841063,0.00032133114,0.00010617312,1.2536379e-05,3.891326e-05,0.00012876796,7.4418356e-05,2.0849055e-05,2.0338613e-05,3.8985727e-05,0.00011409474,6.39713e-05,0.00021982107,0.00035588772,0.001323081,1.53631e-05,0.0001136696,0.0002448682,0.00069624954,5.4334514e-06,0.00018193673,0.0012648526,0.0004979408,0.00032859115,7.782091e-06,7.914998e-06,2.9921752e-05,3.781745e-05,2.6027905e-05,3.112381e-05,8.554696e-06,6.9353715e-05,3.8203092e-05,0.00010025445,0.000107259824,2.212939e-06,6.3318294e-07,0.00020923052,0.00019421779,0.00010390175,0.00010254255,1.1218963e-05,7.9664125e-05,0.0002834147,3.0099942e-05,9.706254e-05,0.00013276363,9.159665e-06,2.4764793e-05,0.000115779265,3.314996e-05,0.00055464695,0.00036401456,0.00015760749,3.170595e-05,9.670977e-06,0.00013899444,8.2180495e-06,0.00020864363,2.396052e-05,0.00010259224,9.939441e-05,0.00010085913,3.2721057e-06,1.0246614e-05,0.00030491955,5.366904e-06,0.0003048024,9.193075e-05,0.0009612267,9.778326e-05,0.00024479954,7.894711e-06,0.000577018,6.317827e-05,0.00022205127,3.2685773e-05,2.9066747e-05,0.00020225804,7.026974e-05,3.4866341e-06,0.00046647975,0.00012527537,7.344531e-05,5.2561925e-05,0.00011982381,0.00022798765,9.1012094e-05,3.402203e-05,0.00067681,8.882069e-05,4.547209e-05,2.721508e-05,1.9280317e-06,0.00048041772,2.861978e-05,0.0003686413,1.993012e-05,7.006941e-05,1.238409e-05,0.00052677473,0.00012902373,0.0013977749,0.00044226693,0.0018437786,9.085653e-05,0.0013365332,4.4155364e-05,1.968764e-05,2.5343426e-05,3.4845452e-05,7.879089e-07,0.000116548115,1.041244e-05,6.9200037e-06,0.00018130257,0.0049907416,6.404883e-05,0.00042115172,6.114416e-06,0.00010424514,3.7688023e-05,0.0017927651,7.921846e-05,0.00052166835
BC2026_Train_0045_S22_20220125_211500_050,2.695292e-06,8.554189e-05,0.0002868861,0.00069235824,4.614719e-05,3.0861534e-05,2.6288406e-05,4.1366235e-05,0.00034305887,0.0011934898,0.008970452,0.001593212,7.480203e-07,6.7590765e-05,0.0002611562,0.04550655,1.1377152e-05,4.6858886e-06,0.23858692,0.0006280078,5.314365e-05,0.66552573,0.0001472539,2.1544654e-05,0.005423758,0.0001772937,0.00050329097,0.0003877248,0.00021876395,0.00019902232,1.673843e-05,1.3875589e-05,2.3298307e-05,5.1344823e-06,7.441351e-06,1.6796652e-05,8.238491e-06,5.6688928e-06,7.873531e-06,6.100862e-06,2.1430003e-05,1.0886849e-05,2.0486968e-05,1.8989e-05,6.093274e-06,8.236449e-06,7.262703e-06,8.640691e-06,3.2938904e-06,3.701929e-06,6.628536e-06,8.415975e-06,9.916834e-06,1.7775958e-05,2.0412472e-05,0.00011336932,1.1944038e-06,0.015798924,3.657084e-05,4.943542e-05,0.094693914,3.6997303e-06,0.0015094235,0.11191483,0.4801058,0.00027948845,9.797572e-05,5.763428e-05,7.484959e-06,5.184007e-05,4.3664554e-06,8.971706e-05,0.00025675882,0.00041076218,6.208838e-06,0.00023840027,0.003054497,0.0013702569,0.00010778026,0.00030197736,0.0013011849,0.00017291844,0.0066178907,0.00018595818,0.00046359748,0.00031984452,0.00011494739,0.00026449192,0.0007456388,0.0010331081,0.001051431,0.00043602026,0.00023096651,0.0011504912,0.0008266939,0.00091552566,0.00019455457,4.573468e-05,0.00020379388,0.0025474157,0.00023118133,3.8137605e-05,0.0009894129,0.0012284952,0.00062447094,0.0005119814,7.29962e-05,5.0397277e-05,3.8222734e-05,0.0005096389,0.00044354325,0.00054417487,8.882755e-05,0.00016103982,0.0007961535,0.00023566191,0.00019941706,0.00027450177,0.00015929571,0.00055583613,0.0002315409,0.0014681394,0.0012766825,0.006245913,6.084686e-05,0.0011885591,0.00085700396,0.0015381352,4.3182023e-05,0.0011763575,0.0019844936,0.0019908384,0.0007526679,0.00013391736,8.6933534e-05,0.0004207879,0.00036138433,0.0002048375,0.000100834994,7.127097e-05,0.0005865012,3.23599e-05,0.0005583216,0.0006023297,1.6732589e-05,1.5863685e-05,0.0015118386,0.0038305072,0.0003233825,0.0004923757,0.00021732258,0.00012744902,0.0024189902,0.0002491368,0.0005409327,0.0010717798,3.544362e-05,8.83934e-05,0.00023893801,0.00020406223,0.0007819505,0.0011124102,0.0010254282,0.00021703972,0.00015863786,0.00048445337,0.00011982654,0.0008189724,0.000111336165,0.00033698138,0.0013842712,0.0002923997,3.282791e-05,8.7634275e-05,0.0012579737,4.3301938e-05,0.00100864,0.00042203107,0.0049739936,0.00049704337,0.00068659626,5.821544e-05,0.0030041444,0.0005165797,0.00058678136,0.00015997933,0.00020113512,0.0014090816,0.00020299238,3.3783395e-05,0.0007722732,0.0005102742,0.00046629636,0.00018591635,0.00070226914,0.0010969217,0.0004954503,0.0001604482,0.005460678,0.00047451063,0.00019443771,0.0001878678,1.4365766e-05,0.0017934155,0.00018974907,0.0024845803,0.00016474971,0.00028452039,7.620145e-05,0.0015589285,0.00054249854,0.0025451123,0.0013675811,0.0053478396,0.00027031003,0.0021526539,0.00017469768,0.00024962326,9.610544e-05,0.00027236954,9.653046e-06,0.00048538524,0.00013687061,1.8219322e-05,0.00030095704,0.006519055,6.0660022e-05,0.0024237551,4.8403766e-05,0.0016905898,0.00022726947,0.006752552,0.00050585275,0.000847922
BC2026_Train_0045_S22_20220125_211500_055,9.690408e-07,0.00012443509,0.00020725848,0.0006034991,2.1124102e-05,8.738658e-06,1.13389815e-05,2.5533958e-05,0.00017872812,0.0008540074,0.009619619,0.0014678402,4.4253412e-07,3.3365977e-05,0.0001850192,0.037395485,9.318354e-06,2.9049563e-06,0.30437186,0.0006643552,3.9424234e-05,0.729554,7.5519725e-05,2.281975e-05,0.002678525,8.983092e-05,0.00046974825,0.000120029305,6.004181e-05,0.00016159048,1.5067752e-05,1.165075e-05,2.18279e-05,3.786076e-06,7.343962e-06,1.3187575e-05,7.1079135e-06,4.266328e-06,6.5995214e-06,4.16469e-06,2.155974e-05,9.11777e-06,2.2113647e-05,1.5685437e-05,4.733561e-06,6.3825105e-06,7.726622e-06,8.035432e-06,2.6529308e-06,2.8147242e-06,6.156585e-06,7.460771e-06,8.847258e-06,1.7754932e-05,1.9033183e-05,0.00010015192,2.1499227e-06,0.03454091,1.9248686e-05,2.4035084e-05,0.16691573,2.2656507e-06,0.0012449477,0.11428444,0.5174313,0.00021314548,8.124832e-05,2.5000398e-05,5.0909466e-06,6.413751e-05,1.5455403e-06,4.994867e-05,0.00015761456,0.0002142629,2.3926546e-06,7.038101e-05,0.0016810643,0.00069718645,6.803262e-05,0.000107334,0.0006492148,4.90811e-05,0.0034141336,0.00010464991,0.00022953427,0.00017594192,0.00012210157,0.00026367113,0.00039588095,0.00042530464,0.0004615726,0.00018377282,8.082523e-05,0.0005099205,0.0004914466,0.0004943167,0.000101781225,3.8371192e-05,0.0001876077,0.001317198,0.00016888721,1.635459e-05,0.0005287379,0.00031206253,0.00030271988,0.00019306548,2.403875e-05,3.665457e-05,2.5446061e-05,0.0002631643,0.00030057077,0.00035704245,3.736459e-05,8.487714e-05,0.00044358408,0.00012199183,9.867799e-05,0.00012127491,0.00012361634,0.00013825251,0.0001259949,0.0009226113,0.0007439733,0.0031541293,2.5099727e-05,0.00059721526,0.0006028162,0.0009573436,8.961609e-06,0.00061952125,0.0018755613,0.0011286265,0.00043240268,4.2576878e-05,3.1004543e-05,0.00015197476,0.00012533,8.546508e-05,7.1877126e-05,3.7724698e-05,0.00032637353,3.368521e-05,0.0003160516,0.00032571302,1.2021394e-05,3.4257603e-06,0.00067176454,0.00055081974,0.0001308973,0.00033448386,6.1651015e-05,0.000102063364,0.0007487529,9.729838e-05,0.00045028896,0.00050813274,2.1070504e-05,6.271881e-05,0.00016705625,8.346922e-05,0.00082462555,0.0005229369,0.00025565273,5.8657228e-05,4.9166258e-05,0.00038128227,3.134052e-05,0.00049400504,7.937649e-05,0.00029944014,0.00037470952,0.00012757134,1.6942568e-05,4.683071e-05,0.00065401057,1.8794553e-05,0.00040148394,0.00013426309,0.002409949,0.00019203589,0.00038041512,2.1031497e-05,0.001855203,0.00024098705,0.00037284664,5.9559705e-05,0.00011120692,0.0005034949,0.0001942965,8.629671e-06,0.00057167356,0.00023352228,0.00025488244,7.8680234e-05,0.00021916875,0.00046953632,0.00019007592,7.042437e-05,0.0022242947,0.00021918023,0.00012707309,0.00010198779,4.111529e-06,0.0007357453,9.697872e-05,0.00097141037,7.793114e-05,0.00011457861,3.3293385e-05,0.00114674,0.0002750328,0.0011691945,0.0007421951,0.0027364604,0.00015015062,0.0011216064,8.757178e-05,0.00010333874,8.1059494e-05,0.00014005892,5.8829155e-06,0.0004684799,7.7189085e-05,8.482483e-06,0.00036059174,0.0039426736,5.849814e-05,0.0013424614,1.6070697e-05,0.00043191944,4.4041233e-05,0.0032372738,0.00019255403,0.0007891524
BC2026_Train_0046_S22_20220127_230000_000,8.9092606e-07,5.3386197e-05,0.00024822488,0.0017066313,1.4147044e-05,6.0635075e-06,1.7192639e-05,2.5107558e-05,0.00012257881,0.0014569167,0.011917638,0.0030672099,8.067751e-07,2.1975611e-05,0.00020703429,0.016880732,1.3198684e-05,2.5600466e-06,0.17273521,0.00041572988,3.5815126e-05,0.2577782,2.7437369e-05,2.2869834e-05,0.0013105826,4.2485543e-05,0.00042321938,6.292465e-05,6.424219e-05,0.0001724056,3.1230815e-05,1.801407e-05,3.258385e-05,5.2717946e-06,9.524178e-06,2.137773e-05,1.1748399e-05,6.617117e-06,1.1077691e-05,5.660913e-06,3.7251837e-05,1.38077785e-05,3.4026343e-05,2.3408971e-05,7.47776e-06,9.331997e-06,1.0574232e-05,1.0134398e-05,3.2684009e-06,3.8369167e-06,9.3519175e-06,1.1778026e-05,1.3565983e-05,2.6988288e-05,3.628352e-05,0.00010991482,4.4716994e-06,0.050528947,1.1135044e-05,1.443344e-05,0.064082414,2.0583159e-06,0.0011128543,0.041864604,0.45045358,0.00022644237,4.3797478e-05,2.2481698e-05,4.6520177e-06,7.208202e-05,3.433738e-06,0.00011753908,0.00016510826,0.00010765074,2.1473961e-06,7.6617514e-05,0.0028050628,0.0006859586,7.619194e-05,0.000117583244,0.00079056853,4.968577e-05,0.0023450193,9.059387e-05,9.70818e-05,0.0001789155,9.6590455e-05,0.00020946964,0.00024723783,0.00019816966,0.00066131126,0.0004922227,8.7782646e-05,0.0007956624,0.00028820086,0.00025024902,8.521492e-05,4.4119675e-05,0.000120375,0.0014949534,0.0001287973,2.993037e-05,0.00049294886,0.00041066454,0.00033344657,0.00012536142,3.2331645e-05,1.3554617e-05,1.2767319e-05,0.00036930558,0.00023154066,0.0004091002,3.3740154e-05,7.699765e-05,0.0004199322,7.770732e-05,0.00012334387,7.540904e-05,0.00014731343,0.0001807978,4.910085e-05,0.00068064965,0.000732792,0.0022162779,2.7064321e-05,0.00066544797,0.0007611151,0.0013625135,1.2336656e-05,0.0012244992,0.0015483247,0.0011557268,0.00025684523,2.6761676e-05,1.6544056e-05,9.137594e-05,7.992505e-05,0.00020244962,5.037594e-05,5.3758627e-05,0.0004205724,3.5045807e-05,0.00023341922,0.0001372109,9.239872e-06,3.84219e-06,0.0006450379,0.00016740673,0.00022833333,0.00026724624,5.6221143e-05,0.00019166601,0.00051824196,8.775444e-05,0.0004158159,0.00040096906,2.3198625e-05,3.387243e-05,0.00014601633,7.093472e-05,0.00070268754,0.0005539366,0.00014699044,0.00010342747,4.096714e-05,0.00041780874,3.6764104e-05,0.00026394273,0.0001141226,0.0002555565,0.0006694669,0.00016721005,1.3606589e-05,4.9042355e-05,0.000446652,1.7564626e-05,0.0008478395,0.00014158784,0.0024725338,0.00017712929,0.00048669105,3.1159776e-05,0.003082328,0.00015558855,0.0002617285,6.8462876e-05,0.00016398518,0.00042604556,8.633525e-05,9.176758e-06,0.00092898303,0.00033331724,0.00032501848,0.00012137881,0.0002367393,0.0003315105,0.00022425168,8.5814856e-05,0.0017739049,0.00011747409,0.00021511858,0.00011294655,2.9381931e-06,0.00076713675,0.00010992215,0.0012104755,7.245319e-05,0.00010704648,4.5533405e-05,0.0013958446,0.00050055055,0.002829151,0.00055983017,0.003934162,0.0003208233,0.0013202319,7.036322e-05,7.876176e-05,7.4439435e-05,0.000105955674,6.715618e-06,0.0005814958,5.0011062e-05,5.8064534e-06,0.00050834374,0.008189753,6.114153e-05,0.00052618136,9.242516e-06,0.0004174616,4.0242896e-05,0.0020585174,0.00019675211,0.0008108129
BC2026_Train_0046_S22_20220127_230000_005,1.785122e-06,3.8818445e-05,0.00027889645,0.0005303966,4.1992076e-05,7.924575e-06,1.8579864e-05,8.532046e-05,7.3887524e-05,0.0005313114,0.0068555786,0.0010372951,8.4659916e-07,1.5460913e-05,0.00022401383,0.014252689,4.2919924e-06,2.4348085e-06,0.20193079,0.00021764025,8.031224e-05,0.18284686,7.8172656e-05,1.9703757e-05,0.002008245,1.9296418e-05,0.0015908352,4.0347186e-05,5.6292873e-05,0.00014520285,2.3691362e-05,9.14767e-06,1.4335152e-05,3.908468e-06,6.2489585e-06,1.2769866e-05,5.787756e-06,3.3973831e-06,6.3855423e-06,4.745068e-06,1.7769398e-05,9.920551e-06,3.100416e-05,1.1695233e-05,3.851717e-06,4.686519e-06,4.364266e-06,3.7959785e-06,1.2610726e-06,1.718342e-06,7.719183e-06,9.513601e-06,1.0904877e-05,1.7780314e-05,2.0272137e-05,0.000221817,2.883076e-06,0.031582877,2.4166504e-05,2.5533815e-05,0.06265936,1.1917755e-06,0.0003845006,0.027183823,0.26245865,0.000276809,3.927361e-05,2.7056503e-05,2.893841e-06,4.248688e-05,3.2117414e-06,0.00016922686,7.484088e-05,0.0003274725,2.1326387e-06,7.430922e-05,0.002334424,0.0006822716,6.42906e-05,0.000113516224,0.0003841368,0.00010964253,0.0037292072,0.000157324,5.097571e-05,0.00011577364,3.9961928e-05,0.00026004584,0.00055999245,0.0002949512,0.0008198204,0.00035496877,8.7501576e-05,0.000821533,0.00026359974,0.00048734213,0.00015886236,1.496045e-05,0.00024924465,0.0011525693,0.00026010704,2.7097687e-05,0.0007569084,0.00051499956,0.0003987052,0.0003589708,2.6063595e-05,6.442931e-05,4.1751733e-05,0.00041849978,0.00024379704,0.0006969625,5.1978233e-05,9.979576e-05,0.00056912814,9.158338e-05,0.00014469617,0.0001327125,9.598034e-05,0.00018732081,2.6026264e-05,0.0011927998,0.00092149375,0.00308259,2.696516e-05,0.0007616095,0.00051663636,0.00072629226,1.224822e-05,0.00087699306,0.0012998,0.0024832122,0.0001581434,6.787211e-05,3.3584685e-05,0.00019404934,0.00011215804,0.00018950425,5.085825e-05,0.000121895304,0.00033522132,9.812373e-06,0.0001275885,0.0003241684,1.2452303e-05,4.9317186e-06,0.0006539286,0.0002500823,0.0001266288,0.00044806307,0.00010860332,4.677113e-05,0.000490533,5.2565483e-05,0.0007142563,0.00033860846,3.2714965e-05,4.9117432e-05,0.00016463899,0.00010776802,0.00034238008,0.0004880162,0.00013789728,7.712809e-05,8.7390676e-05,0.0005534392,7.0980066e-05,0.00044242654,5.2000447e-05,0.00023178008,0.0009757074,7.9627585e-05,3.7611902e-05,6.682636e-05,0.0005644484,4.3588225e-05,0.00043437225,0.00012856355,0.0015842543,6.806663e-05,0.00028377917,4.6150053e-05,0.0032449916,0.00041489338,0.0005678334,9.231402e-05,0.00012442085,0.0004935309,0.00012754617,8.100841e-06,0.0004938742,0.0003289491,0.00012788313,0.00014009351,0.00042464267,0.00027201997,0.00043523416,0.00011569075,0.001295589,0.0001863851,0.00016575627,0.00050951674,4.625298e-06,0.00048356064,0.00012986231,0.0010967547,8.219217e-05,0.00016974205,8.3463005e-05,0.0011213842,0.00032061173,0.0013980736,0.00027670583,0.0050346013,0.00030747446,0.00087743724,0.00014003395,0.00010456392,6.873665e-05,0.00017922626,1.207755e-05,0.00083549856,0.00014487494,8.975164e-06,0.00056348334,0.009916619,6.688661e-05,0.0006732595,1.2856108e-05,0.00039686792,5.9694234e-05,0.0030267225,0.00016477249,0.00057959184
BC2026_Train_0046_S22_20220127_230000_010,7.511478e-07,2.546679e-05,7.3986725e-05,0.00083585613,2.343524e-05,2.9830994e-06,5.0622275e-06,2.7325399e-05,0.00013740886,0.00069420686,0.0051216027,0.0006999256,1.9144389e-07,6.9884322e-06,5.8338755e-05,0.025831496,3.6127756e-06,9.844136e-07,0.28638706,0.00017639344,3.0122768e-05,0.44297832,3.483555e-05,1.5204215e-05,0.0020007046,2.0100537e-05,0.0003318093,4.1941086e-05,2.3096045e-05,0.00011006784,1.6839587e-05,7.508137e-06,1.1690294e-05,2.8500062e-06,5.0057756e-06,1.02511585e-05,3.050852e-06,2.6990192e-06,4.768599e-06,3.0343822e-06,1.7145709e-05,7.2877697e-06,2.1301394e-05,1.0810743e-05,3.1334994e-06,3.931279e-06,4.561061e-06,2.8868753e-06,1.2529174e-06,1.7373525e-06,5.0556464e-06,6.8396644e-06,7.881171e-06,1.413512e-05,2.3132348e-05,4.095652e-05,4.5176873e-07,0.05958586,7.640356e-06,9.408578e-06,0.099590495,5.348579e-07,0.0003008566,0.13763246,0.36841175,0.00011522592,2.2286527e-05,7.701851e-06,7.9658093e-07,1.6504722e-05,9.0969183e-07,7.391747e-05,5.0047554e-05,0.00017391355,9.0425027e-07,2.3137909e-05,0.00084412383,0.00038233635,1.954183e-05,5.2871495e-05,0.00020998897,4.111846e-05,0.0015767119,5.440053e-05,3.940439e-05,3.580123e-05,2.1031437e-05,0.00014511772,0.0001807385,0.00017924403,0.00046802592,0.00018952215,4.822445e-05,0.00053114985,0.00016098238,0.0002768288,7.088374e-05,9.449935e-06,6.1901206e-05,0.00045269437,9.418226e-05,1.0089738e-05,0.00027374463,0.0005241385,0.00024135059,0.00010938073,1.0852309e-05,1.6617725e-05,1.1487574e-05,0.000114940274,0.00013440695,0.0002976714,1.5933307e-05,4.389302e-05,0.00025971554,5.3528885e-05,6.6342276e-05,6.205636e-05,6.9904556e-05,8.8131135e-05,2.1816788e-05,0.00045535233,0.0004102593,0.0020289063,1.6270256e-05,0.00033221222,0.00031398112,0.0004380324,4.316602e-06,0.00037662606,0.00051578827,0.0009728076,0.00014197192,2.5789104e-05,1.9905978e-05,0.00015612938,5.9383725e-05,4.530493e-05,2.614515e-05,5.514525e-05,9.852531e-05,8.606692e-06,6.2479194e-05,0.00030869397,5.2713026e-06,1.7465842e-06,0.0002654628,0.00012288333,6.654934e-05,9.994567e-05,4.0873292e-05,3.136011e-05,0.00021022174,1.8057966e-05,0.00028460287,0.0002043208,9.296075e-06,1.926584e-05,4.524759e-05,4.367498e-05,0.00014093966,0.00033459612,6.9486174e-05,2.6005424e-05,2.7219077e-05,0.00026249848,1.6522865e-05,0.000219911,2.9228775e-05,0.00010317057,0.00029539474,4.5884255e-05,1.2637594e-05,1.8287874e-05,0.000354961,1.8098033e-05,0.00023515399,5.835283e-05,0.00084236695,4.534166e-05,0.00018764939,1.0425774e-05,0.0010815571,0.00016054597,0.00014776053,2.6689166e-05,3.356915e-05,0.0002613475,4.3087988e-05,5.228531e-06,0.00037731134,0.000128711,7.4819254e-05,5.411146e-05,0.00016288653,0.0001601492,0.00017091434,2.9903413e-05,0.0009084953,0.00011723339,3.581704e-05,9.329012e-05,3.0346253e-06,0.00018507197,6.733652e-05,0.0006044999,3.086642e-05,0.00013260562,4.3105247e-05,0.00033082097,0.00016097164,0.0006241246,0.00018256338,0.0016826662,0.00017296858,0.00070408074,5.0204875e-05,6.075438e-05,1.9693482e-05,7.317016e-05,2.2259076e-06,0.00013876548,5.2694566e-05,4.2734496e-06,0.00017699708,0.003534974,3.5563815e-05,0.0005793543,8.084279e-06,0.00012540029,2.060056e-05,0.0019999535,7.210436e-05,0.00023186098
BC2026_Train_0046_S22_20220127_230000_015,2.9447074e-07,2.8847353e-05,6.245387e-05,0.0007577629,1.1316608e-05,1.5149255e-06,2.0657772e-06,3.7693848e-05,0.00017243602,0.0014259225,0.009039505,0.0007598581,1.7236123e-07,3.81731e-06,8.6615364e-05,0.024025796,2.3206887e-06,2.730514e-07,0.44828436,3.3395965e-05,1.24429025e-05,0.30658007,2.3972998e-05,1.3890178e-05,0.0016305342,7.4554155e-06,0.00036518663,2.4675492e-05,1.4078724e-05,7.012288e-05,1.5394693e-05,5.672002e-06,1.350976e-05,2.1921735e-06,3.5116784e-06,7.5335633e-06,2.5925415e-06,2.283769e-06,4.15608e-06,2.09689e-06,1.9064719e-05,7.3654455e-06,1.7596934e-05,6.755386e-06,2.701803e-06,3.1246545e-06,4.2329375e-06,2.8794489e-06,1.072483e-06,1.4313009e-06,3.604413e-06,4.9044165e-06,5.7194925e-06,1.4293259e-05,1.735182e-05,3.0409752e-05,7.569951e-07,0.11227164,3.7280786e-06,8.133027e-06,0.07866388,2.858897e-07,0.00033353115,0.12714125,0.33334324,5.2064304e-05,2.2855202e-05,2.6783625e-06,4.3465985e-07,1.8003784e-05,7.0078937e-07,4.0637766e-05,1.7225e-05,7.018764e-05,3.0774478e-07,1.3750865e-05,0.00077428494,0.00025349113,1.0862746e-05,2.9090625e-05,8.2865285e-05,1.5267578e-05,0.0009207662,2.7472846e-05,1.9431278e-05,2.3996949e-05,1.1741634e-05,8.7331275e-05,0.00013421649,8.8360954e-05,0.00017307959,0.00014797697,2.5188665e-05,0.0002482405,0.000120378674,8.446456e-05,2.6637294e-05,1.0456283e-05,4.370281e-05,0.00022597003,4.132409e-05,4.3828095e-06,0.000208475,0.00025819344,0.0002519104,5.3372252e-05,3.1587022e-06,6.71827e-06,1.5099211e-05,7.52386e-05,0.000105205516,0.0002112195,6.0002894e-06,2.4863328e-05,7.1537346e-05,5.0515257e-05,2.706236e-05,2.8871213e-05,2.5056608e-05,4.997464e-05,9.638871e-06,0.00026104468,0.00016924397,0.0008250307,1.0625118e-05,0.00021265647,0.00015585926,0.00036083904,4.1680355e-06,0.0002700504,0.00054853177,0.0002966396,6.97381e-05,1.796259e-05,8.060368e-06,9.287497e-05,2.5891271e-05,3.4252676e-05,1.28386855e-05,2.5374404e-05,9.45614e-05,4.2569804e-06,3.661261e-05,0.00016532582,4.842589e-06,6.127201e-07,0.00012931193,0.00015786846,5.0992236e-05,8.5194435e-05,9.954241e-06,3.5770176e-05,0.00010127392,1.2932471e-05,0.0001861347,0.00013465722,5.5526452e-06,1.225945e-05,4.4468154e-05,3.423723e-05,0.00019405599,0.00021106047,2.3066881e-05,1.8951878e-05,1.1386399e-05,0.00018438786,1.0750198e-05,0.0002696349,2.7073434e-05,6.6472596e-05,0.00024054563,4.6438956e-05,4.8518486e-06,9.5928635e-06,0.00020749873,6.44528e-06,0.00014913923,4.5285487e-05,0.00036848913,2.8893439e-05,0.00011380311,7.5080156e-06,0.00041941134,5.057898e-05,0.00010516609,2.8434923e-05,1.53485e-05,0.00014544258,2.4409612e-05,3.2866546e-06,0.00015554955,6.0300823e-05,3.0154759e-05,4.2554802e-05,0.00018349654,0.00010415373,8.7150256e-05,2.0215859e-05,0.00078492664,6.518736e-05,2.0548898e-05,5.4809872e-05,1.5003094e-06,8.62139e-05,6.756931e-05,0.00024187904,2.1676447e-05,6.966619e-05,1.0847188e-05,0.00023561856,0.00012373817,0.0012067839,2.814434e-05,0.0007818342,0.00013782366,0.0004676277,4.7169506e-05,3.121468e-05,1.8091476e-05,3.1212e-05,6.815078e-07,0.000117894255,2.1971002e-05,1.9618465e-06,0.00012401374,0.0033102983,9.560415e-06,0.00037370066,3.2543237e-06,7.519125e-05,1.6703349e-05,0.00085671083,4.769625e-05,9.395424e-05
BC2026_Train_0046_S22_20220127_230000_020,6.3519883e-07,5.094222e-05,0.00024238901,0.00065458217,2.4400091e-05,1.9368372e-06,7.967192e-06,6.521e-05,0.00019445275,0.0009012243,0.015562631,0.0016925635,7.575844e-07,6.0390794e-06,0.00010134686,0.010499093,4.7792387e-06,1.1118427e-06,0.15733118,0.000120082084,4.8163278e-05,0.1505541,4.724987e-05,2.5847581e-05,0.00067270116,9.825323e-06,0.0009182929,2.8690147e-05,2.1942817e-05,0.00014498162,3.2292297e-05,1.0993109e-05,1.910059e-05,4.444892e-06,7.371869e-06,1.34763795e-05,6.179014e-06,3.6356212e-06,8.815195e-06,4.0645277e-06,3.141551e-05,1.29931195e-05,3.7171252e-05,1.3719402e-05,4.148074e-06,4.8379866e-06,4.9383075e-06,3.6453773e-06,1.5042792e-06,1.8398621e-06,7.615376e-06,1.030103e-05,1.1992504e-05,3.115467e-05,2.6957345e-05,5.7639663e-05,2.5674965e-06,0.10872312,1.1097029e-05,1.5822407e-05,0.065189995,5.222094e-07,0.00065629935,0.06514466,0.20555642,0.00013017598,2.015017e-05,9.014306e-06,1.2077871e-06,1.3978919e-05,2.5483398e-06,9.720083e-05,6.159102e-05,0.0001457426,9.296903e-07,3.8198246e-05,0.0028336744,0.00038401544,4.841494e-05,4.612295e-05,0.00015044627,4.4473112e-05,0.0020032693,5.0504517e-05,2.087484e-05,0.00010487238,7.172943e-05,0.0002565391,0.0003479591,0.00019994081,0.0007065806,0.00031553977,5.5077246e-05,0.00039958852,0.00013840538,0.0002056606,6.201944e-05,1.1373898e-05,0.00011782637,0.00036132266,0.00020284824,1.3096698e-05,0.00034109806,0.00029302592,0.00023378627,0.000121227866,9.346754e-06,2.1284359e-05,2.6451113e-05,0.00024405401,0.00012578818,0.0004804575,2.59654e-05,5.1023562e-05,0.00043730417,6.765092e-05,0.00011304914,5.0673847e-05,0.0001103499,6.146845e-05,2.0942653e-05,0.0004401313,0.00083461136,0.0015063308,1.46566335e-05,0.00032012822,0.00046920343,0.00046444766,1.1862638e-05,0.00037480347,0.0008992883,0.0009090651,5.9458183e-05,3.264478e-05,2.8709277e-05,0.00022794894,5.0084083e-05,6.9773625e-05,4.073294e-05,4.4994493e-05,0.00020365015,8.8912075e-06,9.454444e-05,0.00030712725,1.1001342e-05,2.654075e-06,0.00030225184,0.00019871628,0.00010444434,0.00013968615,4.623097e-05,2.93831e-05,0.00024500574,3.956785e-05,0.00029826796,0.00028760222,1.5563015e-05,3.826245e-05,7.734271e-05,4.441912e-05,0.00020722211,0.0003514309,5.0415252e-05,3.6907146e-05,2.1523972e-05,0.00030498873,1.1658008e-05,0.00018287874,4.5541266e-05,0.0002034813,0.00040612472,5.398472e-05,1.3882113e-05,4.6417215e-05,0.00026539672,1.4464594e-05,0.00016573271,9.155265e-05,0.0013924609,2.2850998e-05,0.00028507077,2.6684382e-05,0.001535935,0.00031063895,0.00021463895,7.55757e-05,5.509763e-05,0.00024028821,9.675638e-05,5.333052e-06,0.00036322026,0.00015761606,4.754262e-05,5.4066684e-05,0.00019029317,0.00014853111,0.00025207974,6.0480495e-05,0.00076899177,7.171479e-05,6.361567e-05,0.00021536936,4.740039e-06,0.00022532199,4.4273173e-05,0.0009868635,3.1565964e-05,0.00012869037,4.074401e-05,0.0005269503,0.00019388882,0.000897835,0.00011337905,0.0031847323,0.00033693528,0.00044487673,9.679072e-05,6.822564e-05,6.396142e-05,4.2973374e-05,4.452877e-06,0.0004661959,5.6758603e-05,5.7101565e-06,0.00041131192,0.0050264364,3.0169027e-05,0.00043969328,5.904521e-06,0.00015548637,1.8365927e-05,0.0016194793,7.692293e-05,0.00035424618
BC2026_Train_0046_S22_20220127_230000_025,3.9187626e-07,3.922114e-05,0.00018081021,0.00081464683,1.8523833e-05,1.0345344e-06,7.019465e-06,4.437796e-05,0.00017688793,0.0009776843,0.015012238,0.0016662063,5.730969e-07,4.351511e-06,9.273859e-05,0.02245776,1.0629111e-05,7.570363e-07,0.16789342,7.978797e-05,4.7573372e-05,0.14997062,1.8098499e-05,1.4773558e-05,0.0008386397,3.962328e-06,0.00038746413,1.4770515e-05,1.1451968e-05,9.939915e-05,2.5961242e-05,8.276394e-06,1.6351392e-05,2.9620085e-06,5.130557e-06,9.9317585e-06,6.3917937e-06,3.3706683e-06,7.3480464e-06,2.9898297e-06,2.3299837e-05,8.408394e-06,2.3979861e-05,9.154723e-06,2.5646966e-06,3.2907913e-06,4.6171403e-06,3.7963005e-06,1.3970972e-06,1.617113e-06,6.0181574e-06,7.8169915e-06,9.464518e-06,2.0253721e-05,1.89291e-05,3.0579293e-05,2.2390095e-06,0.111173734,4.7406493e-06,1.0014876e-05,0.06776575,6.5698856e-07,0.0010341607,0.08478598,0.31157714,5.6379686e-05,1.5252722e-05,6.1015307e-06,1.7044041e-06,1.3656588e-05,1.8218188e-06,5.2141768e-05,5.0151375e-05,0.0001210637,6.9935663e-07,1.9635214e-05,0.0013163697,0.00025803864,4.6198184e-05,4.239561e-05,0.0001658459,2.7430538e-05,0.001634826,2.884633e-05,1.3224513e-05,5.3086824e-05,4.4356086e-05,0.00015921828,0.00020114912,7.922292e-05,0.00036801942,0.00019594206,3.6696398e-05,0.0004779411,0.00013364245,9.291059e-05,3.9187642e-05,1.10604415e-05,0.00012257192,0.00048366416,9.8785145e-05,1.5646323e-05,0.0003097792,0.00035667297,0.00017773904,7.159802e-05,6.7489464e-06,2.1333635e-05,2.1785227e-05,0.00020844003,0.00014570035,0.0003115688,1.4888007e-05,3.939049e-05,0.00026988387,6.3658204e-05,5.0425107e-05,5.5781045e-05,5.3648007e-05,5.4758937e-05,1.5394427e-05,0.00030526303,0.00042227513,0.0014519487,8.308509e-06,0.0003205463,0.00026798848,0.00034886407,7.909799e-06,0.0005704633,0.0007288335,0.0006563803,4.337596e-05,1.3375715e-05,1.6617125e-05,9.834939e-05,5.715968e-05,6.639258e-05,2.6113277e-05,3.0909276e-05,0.00018654655,6.5332933e-06,9.4836e-05,0.0002653497,1.414672e-05,2.2915049e-06,0.00030548024,0.00010271696,0.00011460712,0.00012133334,2.6528869e-05,5.7137117e-05,0.00012666103,2.0827314e-05,0.0003058845,0.0002160969,1.05660665e-05,4.875516e-05,6.296295e-05,3.233377e-05,0.00018359174,0.00027956814,3.604731e-05,2.4016475e-05,1.0253006e-05,0.00030262407,1.019789e-05,0.00015145369,4.0616844e-05,0.00013075072,0.00030223717,3.692795e-05,8.832572e-06,3.940176e-05,0.0003549143,8.311655e-06,0.00017523622,7.3630436e-05,0.00055022363,2.4569239e-05,0.000345972,9.39918e-06,0.0010092489,0.00015950759,0.00018724779,3.3201148e-05,3.4116376e-05,0.0002297136,9.222516e-05,2.771546e-06,0.00040670976,0.00010469322,4.6551133e-05,3.8619466e-05,0.00019107098,0.00016537469,0.00016885308,3.7090977e-05,0.00074722397,4.94891e-05,5.8790007e-05,0.000116911644,2.3835992e-06,0.00018069784,5.748344e-05,0.00076222635,2.3527544e-05,7.021744e-05,1.9310059e-05,0.00037448024,0.00011880337,0.000583167,7.766117e-05,0.002792464,0.00017825566,0.00070815,5.4109656e-05,4.8755897e-05,6.846483e-05,4.5065393e-05,2.0908974e-06,0.0005218091,4.838111e-05,1.8815775e-06,0.00023727643,0.0040612346,3.7934515e-05,0.00026482172,4.4497738e-06,0.00015455291,1.2948945e-05,0.0010742176,7.4186944e-05,0.00030276203
BC2026_Train_0046_S22_20220127_230000_030,2.3739388e-07,1.6838912e-05,7.882142e-05,0.00074355403,8.262158e-06,4.723847e-07,3.3669576e-06,6.7673527e-06,8.003769e-05,0.0011398976,0.009497171,0.00084485766,2.932925e-07,2.3784014e-06,3.9879124e-05,0.017422108,3.2368077e-06,1.9792488e-07,0.25206116,2.4428404e-05,1.334842e-05,0.123961724,1.1161943e-05,9.208291e-06,0.0007672358,3.7944405e-06,0.00016302856,5.675481e-06,4.307846e-06,2.4510638e-05,8.182311e-06,2.7357871e-06,7.641667e-06,1.3170719e-06,2.7687563e-06,3.6211577e-06,1.653166e-06,1.0917829e-06,2.6565945e-06,1.4253184e-06,9.573799e-06,3.3718386e-06,1.2013463e-05,2.724547e-06,1.6981835e-06,2.177048e-06,2.9340993e-06,2.0223526e-06,5.1115506e-07,6.020805e-07,2.5026711e-06,3.6924937e-06,3.7345906e-06,9.034212e-06,8.90317e-06,8.763269e-06,1.0817887e-06,0.08338483,1.583005e-06,1.3153359e-06,0.061348334,2.9061403e-07,0.0004699832,0.06552258,0.24881418,3.2825938e-05,8.295334e-06,1.7180439e-06,1.0619623e-06,1.1669086e-05,6.4910347e-07,1.6194173e-05,2.2749933e-05,3.486729e-05,2.1738107e-07,1.1791445e-05,0.0006192506,0.00019293022,1.3491503e-05,1.3617741e-05,0.00017969786,1.1963454e-05,0.0003784499,1.9484254e-05,9.662377e-06,3.2239834e-05,1.993822e-05,0.000114055474,6.968392e-05,5.438818e-05,0.00017405969,6.525273e-05,2.1028949e-05,0.00018190707,5.424517e-05,6.181131e-05,1.20617005e-05,5.783088e-06,5.005973e-05,0.0002717426,2.6594626e-05,3.7551192e-06,0.00034903223,0.0001995247,7.698678e-05,3.182327e-05,5.0250183e-06,5.720982e-06,6.8841764e-06,6.160206e-05,0.00015772339,0.00014665234,4.185099e-06,1.1904716e-05,0.00013131172,3.2559994e-05,2.5725876e-05,1.4563158e-05,1.1830259e-05,4.665335e-05,6.36231e-06,0.00025410744,0.00014472072,0.0006191564,4.5005304e-06,9.0453424e-05,0.00017553355,0.00021623888,2.1894302e-06,0.00030272943,0.00030676322,0.00022323898,1.7443668e-05,3.5165106e-06,4.3482833e-06,4.5979963e-05,2.3586446e-05,2.9049237e-05,1.1988833e-05,8.946485e-06,0.00013414741,6.25467e-06,6.5948356e-05,5.6088236e-05,4.132903e-06,2.8785237e-07,0.00012608395,7.9865764e-05,2.7590047e-05,8.5230604e-05,6.3458037e-06,3.7427104e-05,0.00011112868,7.561432e-06,6.333178e-05,7.6169425e-05,2.7526542e-06,1.1735308e-05,2.9288178e-05,1.3230038e-05,0.00019232467,0.00011533541,8.46226e-06,1.0981907e-05,5.160761e-06,0.00012982194,3.5916005e-06,0.00016447312,2.0206455e-05,9.612808e-05,9.786852e-05,6.471292e-05,1.7984487e-06,9.107238e-06,0.00014020123,4.3820237e-06,0.00038941673,3.0337513e-05,0.0002366804,2.1190666e-05,7.122925e-05,2.7722783e-06,0.00033321776,3.551677e-05,8.052144e-05,9.029724e-06,2.318217e-05,0.00011534675,2.2566956e-05,1.9794445e-06,0.0003262519,4.616898e-05,3.540423e-05,2.314868e-05,6.904535e-05,0.00017154732,4.752671e-05,1.1584209e-05,0.0006317544,3.1039068e-05,2.098776e-05,2.5690204e-05,7.212883e-07,0.000165393,3.2630367e-05,0.00046862612,2.1335183e-05,2.1678989e-05,7.09868e-06,0.0002418825,0.00012785643,0.0007341432,1.7897988e-05,0.001456923,9.189709e-05,0.00032688482,3.0672258e-05,1.6809983e-05,2.8821916e-05,1.9210964e-05,6.5501223e-07,0.00015359359,6.562674e-06,6.638105e-07,6.9458954e-05,0.0018592312,8.456621e-06,0.0001319526,2.0596317e-06,8.287161e-05,6.3537177e-06,0.00026406682,3.4691242e-05,0.00027132191
BC2026_Train_0046_S22_20220127_230000_035,1.2224106e-07,9.779872e-06,2.2249917e-05,0.00063588633,8.8061715e-06,4.9711e-07,1.7577112e-06,3.3532745e-06,0.00021626549,0.00093709544,0.007395688,0.00025225742,6.955064e-08,1.0692629e-06,1.9551562e-05,0.030302161,1.013751e-06,9.103682e-08,0.18884929,2.9338496e-05,9.5367295e-06,0.6043124,9.365993e-06,5.2483683e-06,0.0011379702,2.867359e-06,3.2612326e-05,3.1688885e-06,1.6460614e-06,2.2331697e-05,3.7521943e-06,1.486228e-06,4.0975974e-06,7.010254e-07,1.3867128e-06,1.7399808e-06,1.120316e-06,9.528761e-07,1.4733632e-06,7.5658807e-07,7.3795427e-06,1.8503422e-06,6.938044e-06,1.5087187e-06,6.7533813e-07,9.167899e-07,1.9972974e-06,1.0191135e-06,3.92642e-07,6.214983e-07,1.1879752e-06,1.7215209e-06,2.0892348e-06,4.542989e-06,6.8244967e-06,3.6229883e-06,1.5744112e-07,0.11413097,1.2002168e-06,1.627935e-06,0.12941298,6.658249e-08,0.00028068371,0.12268845,0.6452669,1.3367772e-05,1.30408125e-05,7.8900445e-07,1.7939335e-07,5.739168e-06,1.1054056e-07,7.752204e-06,7.6279e-06,4.1119787e-05,6.286793e-08,3.1763343e-06,0.00018997627,9.1961956e-05,2.7077976e-06,1.2363628e-05,7.6012686e-05,4.2443935e-06,0.00032031414,1.9347237e-05,9.071992e-06,8.3464765e-06,6.2737336e-06,7.544595e-05,3.1504856e-05,2.521984e-05,0.0002765882,2.7551925e-05,1.4015055e-05,0.0001967463,4.9116778e-05,3.8731145e-05,1.15974835e-05,6.128918e-06,3.5717883e-05,0.00012352101,1.618965e-05,1.2745938e-06,0.00012123376,0.00018519783,3.7580892e-05,1.6322274e-05,2.0398807e-06,1.8938423e-06,3.219749e-06,2.3132061e-05,5.1964453e-05,6.0308645e-05,1.2259894e-06,5.7177967e-06,3.7437665e-05,1.124125e-05,9.470387e-06,6.4097767e-06,5.892865e-06,2.7244738e-05,3.8734656e-06,0.00012863075,4.3424716e-05,0.00049175584,1.4641228e-06,4.3259755e-05,5.2137886e-05,6.216664e-05,8.606163e-07,4.990239e-05,0.000119837285,0.00014968246,5.470507e-05,2.0805421e-06,2.017073e-06,1.6870577e-05,1.3051848e-05,6.9485986e-06,4.6257346e-06,7.986393e-06,2.7326312e-05,4.7648937e-06,1.0238077e-05,4.8593112e-05,6.722518e-07,1.1296957e-07,6.9761045e-05,3.6348905e-05,1.4718658e-05,2.3551023e-05,2.446852e-06,1.2108122e-05,3.2501423e-05,3.2249268e-06,4.6439796e-05,1.6281698e-05,2.3789369e-06,1.0477745e-05,1.600087e-05,9.793806e-06,7.7156925e-05,6.4572065e-05,1.0851874e-05,6.5166287e-06,2.2688787e-06,7.6112854e-05,1.9828453e-06,0.00011491057,3.3091071e-06,3.405153e-05,4.6952297e-05,1.883074e-05,9.901249e-07,4.498814e-06,0.00017182661,2.139973e-06,4.8253518e-05,2.1743755e-05,0.0001002405,7.1475556e-06,4.0129387e-05,7.1234547e-07,0.00016430244,1.8766756e-05,4.053972e-05,8.197573e-06,4.6950763e-06,7.2392344e-05,1.1261884e-05,9.324393e-07,4.582867e-05,3.8614973e-05,1.5311016e-05,1.2447484e-05,3.358225e-05,6.269914e-05,1.9810437e-05,4.248447e-06,0.0002870215,2.7018315e-05,8.077805e-06,1.0861949e-05,2.2840969e-07,7.7743716e-05,1.2768002e-05,0.000114702794,8.751084e-06,2.0096473e-05,3.9462516e-06,8.222337e-05,5.8138936e-05,0.00027313252,3.1602864e-05,0.00055017386,3.894355e-05,0.0003670779,1.4734429e-05,7.197612e-06,8.266888e-06,6.7023034e-06,2.8037056e-07,3.2074633e-05,4.1826092e-06,5.2304176e-07,5.0963503e-05,0.0012709578,4.926524e-06,0.00020527035,1.5540179e-06,1.9309175e-05,7.3651363e-06,0.00047483778,1.1816052e-05,6.456086e-05
BC2026_Train_0046_S22_20220127_230000_040,8.412079e-07,3.4086686e-05,0.00015589864,0.00047583616,1.1959612e-05,1.6484698e-06,3.1550805e-06,1.7425198e-05,0.00015466349,0.0012147444,0.0052139657,0.0006063565,3.6376395e-07,5.0767794e-06,7.237999e-05,0.022751467,4.0461377e-06,3.7890814e-07,0.27251735,0.00010977351,1.5100147e-05,0.31679916,2.733619e-05,2.0488045e-05,0.0026930752,2.1936288e-05,0.00044650005,4.443183e-05,4.6515368e-05,4.271715e-05,1.3657982e-05,1.0188587e-05,1.5103257e-05,3.4943735e-06,5.6543363e-06,1.2815089e-05,4.669682e-06,3.1542925e-06,4.4619233e-06,3.877509e-06,2.232586e-05,5.994043e-06,2.4204328e-05,1.3811201e-05,2.6686e-06,3.1415902e-06,5.5402725e-06,3.977286e-06,1.3532623e-06,1.9579493e-06,5.469475e-06,6.9592093e-06,7.5173652e-06,1.721807e-05,2.5683321e-05,1.8352937e-05,1.4891095e-06,0.083265945,3.4385878e-06,7.68837e-06,0.09888849,6.225216e-07,0.0003793672,0.11133135,0.21885867,8.4184314e-05,4.876422e-05,6.6747666e-06,1.2963226e-06,5.146375e-05,1.3682053e-06,2.2596478e-05,3.0423966e-05,6.916773e-05,9.052063e-07,3.2704327e-05,0.0007191967,0.00016808203,1.6725058e-05,3.710909e-05,0.00024599375,3.1884392e-05,0.00082605536,4.4896555e-05,7.26469e-05,5.2255014e-05,2.1743155e-05,0.00017482166,9.926521e-05,0.000102363476,0.00040386352,0.00020462374,5.221551e-05,0.00022598641,0.00015194564,0.00012673848,2.5227682e-05,2.0813059e-05,9.675076e-05,0.00031738318,6.908928e-05,6.305109e-06,0.00034109692,0.00026852326,0.00018198462,6.17096e-05,2.5171088e-05,8.95872e-06,8.646938e-06,9.480571e-05,0.00017815405,0.00013602649,1.3399207e-05,2.6554433e-05,0.00017540959,7.826769e-05,4.9330778e-05,2.284348e-05,4.078576e-05,8.256264e-05,2.1677088e-05,0.0002798623,0.00036286394,0.0011154227,1.3496856e-05,0.00015939098,0.0003794531,0.00045578292,6.596124e-06,0.000302539,0.0005162408,0.0003283353,8.946836e-05,1.09132e-05,1.26215145e-05,0.000119819575,5.9506452e-05,4.232476e-05,1.88332e-05,4.0494782e-05,0.00010522959,1.9924097e-05,0.00010068817,0.00011837773,7.1158147e-06,5.2773504e-07,0.00020495726,0.00013317165,6.158614e-05,0.00010170254,2.2503793e-05,4.3854652e-05,0.00027892384,2.9370382e-05,7.580162e-05,0.0001678349,6.772021e-06,2.6893102e-05,8.718791e-05,3.8305272e-05,0.00034970787,0.0002756213,3.6253397e-05,2.6066975e-05,2.2247053e-05,0.00028395889,8.24466e-06,0.0002562294,6.0889874e-05,0.00011102329,0.00019149466,0.000102602906,4.15976e-06,1.7562985e-05,0.0001808028,1.37830575e-05,0.00032924055,6.165483e-05,0.0003155485,7.314336e-05,9.707235e-05,8.995044e-06,0.0005004661,8.455884e-05,9.073193e-05,2.5855223e-05,5.359513e-05,0.00019177457,3.8005703e-05,5.204517e-06,0.0003479483,8.232388e-05,7.492371e-05,6.475984e-05,0.00011561885,0.0002012124,6.152198e-05,2.887771e-05,0.000993734,7.2889365e-05,4.7990252e-05,3.7975165e-05,2.4244694e-06,0.00025311485,7.380717e-05,0.0004938752,6.640899e-05,8.6582506e-05,2.5813119e-05,0.0006664003,0.00027453265,0.001082059,8.351938e-05,0.0013512025,0.0001602028,0.0005621079,6.142415e-05,4.0666182e-05,2.826123e-05,5.7119523e-05,2.4282322e-06,0.00017961906,1.2527512e-05,3.8186317e-06,0.000103634884,0.0034137974,2.3435865e-05,0.0004111626,4.9748082e-06,8.338051e-05,1.8926303e-05,0.0005748719,5.311234e-05,0.0003967753
BC2026_Train_0046_S22_20220127_230000_045,8.8809946e-07,3.6243095e-05,0.00017455447,0.0013065054,3.6758356e-05,2.1104718e-06,8.037869e-06,1.814843e-05,0.00021287678,0.0018407897,0.009204685,0.0013095234,7.0108956e-07,1.1461464e-05,0.00017227202,0.018680107,2.3744876e-06,1.4458418e-06,0.28685752,0.00019882432,2.8321423e-05,0.42146578,1.5742697e-05,2.2443954e-05,0.0031648641,2.0778787e-05,0.0006035046,2.9296812e-05,3.527966e-05,3.4366636e-05,2.061304e-05,8.607463e-06,1.3384329e-05,4.647299e-06,7.5119046e-06,1.2803618e-05,3.1387874e-06,3.8159924e-06,6.395897e-06,6.0558446e-06,3.0074114e-05,1.0029318e-05,3.085285e-05,1.1513841e-05,6.9163357e-06,7.82019e-06,7.241995e-06,3.2186745e-06,1.2733486e-06,1.8527401e-06,6.720269e-06,9.073507e-06,9.737992e-06,2.4589395e-05,3.3699762e-05,3.478453e-05,7.938697e-07,0.06789983,8.212049e-06,4.3679547e-06,0.11475536,1.0220576e-06,0.0005935376,0.18747815,0.5207709,0.00017128384,8.0371385e-05,1.9344434e-05,1.7938563e-06,2.4715055e-05,1.2442572e-06,5.1928142e-05,3.365079e-05,0.00012210401,1.2280044e-06,3.945188e-05,0.0010207249,0.0004670606,1.30598055e-05,5.8860183e-05,0.00038012382,3.5168676e-05,0.00096208876,0.00010444085,3.9039634e-05,7.9457226e-05,2.3177925e-05,0.0001267339,0.00018882786,8.897506e-05,0.00051501207,0.00018021245,9.018934e-05,0.0004857034,0.00018606194,0.0002643709,4.610114e-05,1.6607491e-05,8.54443e-05,0.000600662,5.4081745e-05,7.071221e-06,0.00050367607,0.00024091882,0.00019590078,0.0001367819,1.03768425e-05,3.688695e-05,2.4690084e-05,0.00012841482,9.4426774e-05,0.00026535726,2.538135e-05,2.6604164e-05,0.00020527291,4.113179e-05,5.6407764e-05,6.172938e-05,3.2736123e-05,9.404612e-05,1.50557435e-05,0.00047589696,0.00028137577,0.0010969464,1.398576e-05,0.00026676894,0.00014036041,0.00044228195,7.030365e-06,0.0002755199,0.0005535566,0.0006445334,0.00012231563,1.4640736e-05,8.405275e-06,0.00012214431,6.454793e-05,2.9783594e-05,2.3819131e-05,3.69382e-05,9.7975164e-05,2.9410321e-05,0.00021388408,0.00015736018,5.243201e-06,1.6679046e-06,0.0002785478,0.00020939237,7.388998e-05,0.00016295644,2.9800183e-05,3.439943e-05,0.00023241855,4.2083437e-05,0.00010316496,0.00014964951,7.968924e-06,3.0307698e-05,4.8943126e-05,3.301131e-05,0.00041084577,0.00017376602,4.748182e-05,2.1625201e-05,2.5673406e-05,0.00025261243,1.9940237e-05,0.00040379804,3.2064694e-05,0.00012307377,0.000167729,0.00011524725,8.2016395e-06,3.0202733e-05,0.00022812963,2.309067e-05,0.00026413533,0.0001113661,0.0008752788,7.048666e-05,0.000120204895,7.600357e-06,0.0008020156,8.285035e-05,8.977577e-05,5.2204956e-05,3.9925206e-05,0.00020679086,5.422924e-05,9.052305e-06,0.0005428156,0.00019186587,7.717605e-05,8.520476e-05,0.00018723583,0.00022499141,0.00012309678,4.0344956e-05,0.0003123087,9.658815e-05,3.6140656e-05,9.775753e-05,2.0332961e-06,0.00031339226,4.4135246e-05,0.00050581706,5.7497262e-05,9.954912e-05,1.5254045e-05,0.00030558655,0.00047952484,0.00091931055,0.00015931805,0.0016472435,0.00034097224,0.00048317015,8.0027996e-05,3.0173887e-05,3.629868e-05,8.902429e-05,2.9484888e-06,0.00017975613,3.730915e-05,6.090956e-06,0.00013207874,0.004987359,2.1083388e-05,0.00048464877,1.13946335e-05,9.9332545e-05,4.4988745e-05,0.0008027959,9.797563e-05,0.00032806027
BC2026_Train_0046_S22_20220127_230000_050,2.1402069e-07,2.1565786e-05,6.906813e-05,0.0004124439,9.834173e-06,1.1060904e-06,3.0875035e-06,1.8375775e-05,7.1041286e-05,0.00069498067,0.0052432343,0.0007960769,8.4495156e-08,2.555685e-06,6.810656e-05,0.0138984835,9.4638983e-07,2.8823808e-07,0.3317041,5.060856e-05,1.2538197e-05,0.32778367,9.326623e-06,7.4928653e-06,0.0023105885,4.7086087e-06,0.00033791692,7.011283e-06,5.1875945e-06,2.4589654e-05,7.711053e-06,2.3504817e-06,5.6371337e-06,9.097569e-07,1.992832e-06,3.6428125e-06,1.3296722e-06,1.0911667e-06,2.0259256e-06,1.1890452e-06,9.084225e-06,3.2687185e-06,1.1281265e-05,3.3326191e-06,1.2392952e-06,1.5091001e-06,2.0267528e-06,1.2782446e-06,4.036392e-07,5.693712e-07,2.1119658e-06,3.1015331e-06,3.3543527e-06,6.7995497e-06,9.311887e-06,3.819289e-05,4.372258e-07,0.061417613,2.8283127e-06,2.6895507e-06,0.07955038,1.5152534e-07,0.00018615759,0.08730733,0.5567613,6.9006186e-05,1.0435493e-05,2.316333e-06,3.7366465e-07,1.5221249e-05,2.5167776e-07,3.2586366e-05,1.2314933e-05,7.7297285e-05,1.1977694e-07,5.8810697e-06,0.0002306118,0.0001572898,7.924205e-06,1.3843959e-05,0.00012254585,9.876843e-06,0.00076046336,4.123319e-05,7.5565595e-06,1.8557641e-05,8.538004e-06,0.00010338516,5.9977257e-05,5.9367187e-05,0.00021050719,9.8333636e-05,1.4060732e-05,0.00020749259,7.728366e-05,0.00011828508,2.1993934e-05,4.56486e-06,5.0880415e-05,0.00021738392,3.0367006e-05,2.4534975e-06,0.00018981186,0.0001871505,7.335949e-05,4.712805e-05,2.4992412e-06,7.678808e-06,4.3715263e-06,4.6751014e-05,4.0898405e-05,9.0555695e-05,4.6343007e-06,9.962818e-06,7.294937e-05,1.7604454e-05,1.7075316e-05,2.8938606e-05,1.1963102e-05,3.0856765e-05,4.63404e-06,0.00023349866,0.00013639248,0.0007042308,3.3391727e-06,0.00013986007,0.00013592016,0.00013196067,6.8144675e-07,0.00020291825,0.00034019232,0.00043371954,7.56129e-05,6.187104e-06,5.417422e-06,5.3028733e-05,2.3004073e-05,1.5221191e-05,6.3016105e-06,2.7077485e-05,5.7350167e-05,3.6478464e-06,2.4924339e-05,8.3026476e-05,3.1602872e-06,2.2196573e-07,0.00011504115,7.36237e-05,1.5881562e-05,5.8268863e-05,1.02795875e-05,1.4281866e-05,5.5630127e-05,7.212654e-06,0.00012325429,4.7151338e-05,4.000113e-06,6.623367e-06,3.490808e-05,2.2707556e-05,0.00011456222,9.303684e-05,8.945923e-06,7.2233443e-06,7.2354164e-06,0.00011777526,6.9261177e-06,0.0001352262,9.6382e-06,5.4539112e-05,0.000117253956,2.3367618e-05,3.047351e-06,8.5318015e-06,0.00013578932,6.6609487e-06,0.00011126897,1.882555e-05,0.00019374817,1.2732811e-05,3.7296908e-05,2.1721933e-06,0.00040649503,2.6479556e-05,7.506724e-05,1.5244185e-05,1.14809245e-05,0.00014375248,1.725991e-05,2.2138931e-06,9.075755e-05,4.843489e-05,5.468358e-05,2.7488675e-05,6.192429e-05,7.8235906e-05,6.065175e-05,8.632799e-06,0.00048185367,4.7613627e-05,1.964282e-05,5.6563e-05,7.462398e-07,5.754427e-05,2.2799497e-05,0.00019486107,1.8848777e-05,4.398881e-05,7.159856e-06,0.00018150565,0.00010936062,0.00070449256,3.9688024e-05,0.0007736196,9.482994e-05,0.0002591098,2.5987103e-05,1.4441604e-05,1.1419382e-05,3.3251654e-05,7.7241884e-07,7.043136e-05,1.2450926e-05,1.5970144e-06,0.00015253108,0.0020703569,6.265722e-06,0.00023022955,4.8276124e-06,3.8165548e-05,7.245297e-06,0.0007410237,2.5513587e-05,7.805303e-05
BC2026_Train_0046_S22_20220127_230000_055,6.2175144e-07,3.1927506e-05,0.00014534139,0.00031830923,2.6694384e-05,3.5821454e-06,5.026005e-06,2.8745277e-05,0.00010074589,0.00048082447,0.007277004,0.00068176666,5.801687e-07,6.1925407e-06,9.675988e-05,0.019209601,1.6938261e-06,9.1402757e-07,0.31272763,6.77773e-05,2.3155591e-05,0.3253527,6.863467e-05,2.1841892e-05,0.002107664,2.5855003e-05,0.0009893135,1.7748382e-05,2.3710892e-05,2.1242382e-05,1.8009898e-05,5.8895334e-06,1.3308875e-05,2.9848952e-06,5.042506e-06,8.241124e-06,4.577825e-06,3.3227018e-06,5.040213e-06,2.8859724e-06,2.196886e-05,7.1018017e-06,2.7885146e-05,7.5803273e-06,3.068295e-06,3.853062e-06,4.159379e-06,3.1033794e-06,9.4327055e-07,1.4866192e-06,5.3354074e-06,7.3863725e-06,8.531249e-06,1.9343492e-05,1.6767252e-05,5.3312226e-05,1.4031259e-06,0.04088744,1.505988e-05,1.2123906e-05,0.05701815,3.0130357e-07,0.00042343463,0.092557885,0.2176079,0.00012525113,3.2289183e-05,4.7816093e-06,1.0290673e-06,2.026342e-05,1.8836673e-06,8.1585196e-05,2.861735e-05,7.779941e-05,5.892876e-07,2.7674982e-05,0.0011460946,0.00033449283,3.3746106e-05,5.2799744e-05,0.00017403811,5.4505585e-05,0.0019033037,6.971669e-05,2.5320815e-05,5.9542726e-05,3.769974e-05,0.00023410234,0.0002729755,0.00011629633,0.00090795144,0.00019205731,6.080493e-05,0.0004229622,0.00011781288,0.00019236116,6.750303e-05,6.986047e-06,9.6284675e-05,0.00032810125,0.000118092496,8.218238e-06,0.0004912806,0.00037986698,0.000228642,0.00014328527,2.8793262e-05,2.0424564e-05,1.5574657e-05,0.00018770611,0.00023818537,0.000348581,2.238167e-05,6.354273e-05,0.00027747697,8.3869505e-05,5.3329815e-05,4.974413e-05,3.3438922e-05,7.087057e-05,1.976905e-05,0.0010293007,0.0005691867,0.0012679531,9.231056e-06,0.0005238841,0.00031537257,0.00052337267,1.4018221e-05,0.000430203,0.00095994264,0.0011986991,7.25724e-05,2.690844e-05,1.3511652e-05,0.00016674543,9.0582034e-05,7.653675e-05,3.1636966e-05,3.1882748e-05,0.00024055775,1.1507364e-05,0.00012205349,0.00014751163,3.1315903e-06,1.045186e-06,0.0003451655,0.0006511764,9.517773e-05,0.00016617498,2.6244374e-05,5.428217e-05,0.00025509737,4.1264622e-05,0.00014038665,0.00023112998,1.4553842e-05,3.532986e-05,0.0001358879,4.8759575e-05,0.00048019973,0.00036313248,5.3219166e-05,5.9686725e-05,2.9982566e-05,0.00047125478,2.1928068e-05,0.000321325,3.925369e-05,0.000106086794,0.0005681046,0.00010896526,1.822617e-05,3.4420165e-05,0.0003022841,2.2403216e-05,0.0003102175,9.430583e-05,0.00097295037,5.3856118e-05,0.00014800292,1.3743287e-05,0.0006205728,0.00012052281,0.00014389526,9.289401e-05,0.00010723047,0.0002498223,6.2743515e-05,8.520012e-06,0.00024008188,0.000112698785,6.1097526e-05,8.052897e-05,0.00020013118,0.0002609496,0.00020424814,5.2767125e-05,0.0011684536,0.00011538283,7.862848e-05,0.00010469871,1.9795598e-06,0.00021495413,8.035774e-05,0.00059483986,4.2803113e-05,7.303032e-05,3.1264877e-05,0.00074544805,0.00049500953,0.0010685653,8.1936196e-05,0.0017921592,0.00017876936,0.00058655854,7.6781056e-05,3.85347e-05,4.2772546e-05,3.695832e-05,3.112235e-06,0.0005295595,3.0786458e-05,2.5228169e-06,0.00035300976,0.004248678,1.6069087e-05,0.0006227989,5.6235062e-06,0.00017097514,3.776829e-05,0.0009285852,9.033292e-05,0.0002691433
BC2026_Train_0049_S22_20220203_221500_000,2.782014e-07,3.4600285e-05,5.7225283e-05,0.0013464456,1.0630905e-05,1.2959949e-06,2.740711e-05,5.5281827e-05,4.8386926e-05,0.001036367,0.0059437845,0.0019359784,1.830581e-07,3.513438e-05,0.00022428567,0.015572188,7.3563547e-06,4.922415e-06,0.33988947,0.0026414152,9.373839e-05,0.52191573,4.5660922e-06,1.0617987e-05,0.00048415308,4.4566346e-05,0.00017282862,1.1155813e-05,7.968643e-06,4.4292854e-05,9.129848e-06,5.969246e-06,8.739358e-06,1.4087948e-06,5.615371e-06,6.278761e-06,2.9725045e-06,4.8640145e-06,3.2776272e-06,2.975533e-06,1.793801e-05,6.710625e-06,1.960681e-05,9.166979e-06,2.499501e-06,2.5321838e-06,1.0352536e-05,2.963441e-06,1.5011037e-06,3.5500582e-06,5.0931367e-06,7.4977183e-06,8.9544665e-06,8.770944e-06,2.5269434e-05,6.555028e-05,1.0886139e-06,0.07586251,5.6081462e-06,1.1636925e-05,0.36580697,3.227887e-06,0.0005616543,0.43286493,0.97424555,0.00015542426,1.8156066e-05,3.481758e-05,4.490216e-06,0.00017044188,6.607555e-07,1.7519591e-05,0.00016990108,6.498744e-05,2.2218325e-07,6.736227e-05,0.00039376586,0.00031251987,1.4143171e-05,2.7148564e-05,0.00012847876,6.370269e-06,0.00087365194,3.097588e-05,1.859438e-05,9.958016e-05,3.191804e-05,5.617779e-05,6.124248e-05,0.00018933754,0.00035339477,0.00014535274,1.6481963e-05,0.0002316164,0.00028319133,0.00012242906,4.9575916e-05,2.607707e-05,0.0007124585,0.0016401159,0.00013091903,1.6700724e-06,0.00020353832,0.000270889,0.00010110805,5.210692e-05,9.28818e-06,8.993231e-05,2.5645875e-05,0.00015135594,1.6658361e-05,0.00021161136,9.658746e-06,4.5201785e-05,0.0002424699,6.907911e-06,7.5409764e-05,1.7202068e-05,6.569114e-05,0.00013348326,5.528909e-06,0.0007901336,0.00012411016,0.00077961414,6.77266e-06,0.00022055565,0.00011612247,0.00014764856,8.358054e-07,0.00011310293,9.6845375e-05,0.00021529976,0.00056094065,6.853029e-06,3.1481254e-06,1.6212609e-05,2.7379343e-05,3.6828427e-05,5.6672707e-06,0.00014560383,0.00011046972,6.1092804e-05,0.00013727228,5.300184e-05,2.2422582e-05,2.2004092e-06,0.00012246794,1.7322374e-05,1.857919e-05,0.00017638199,2.0960617e-05,1.9747362e-05,0.00012291275,3.1508403e-05,0.00045466638,5.3742533e-05,2.59961e-05,1.774212e-05,5.2672465e-05,4.729044e-05,0.00044921483,0.00012392271,2.5337553e-05,1.6218237e-05,6.8498603e-06,9.8592034e-05,1.549575e-05,4.494415e-05,1.8816163e-05,0.00011565734,0.00026596262,2.81324e-05,2.8212655e-06,2.0027366e-05,0.0005435173,1.3636909e-05,7.669097e-05,6.5639106e-05,0.000268945,4.1570253e-05,0.00010182666,7.710214e-06,0.0013166555,0.00026562254,0.00022079996,6.6417606e-06,5.8019963e-05,6.796564e-05,1.4279456e-05,1.8028998e-06,8.539022e-05,9.443091e-05,0.00065613893,3.270542e-05,3.070662e-05,0.00014302769,0.00012098223,2.6991429e-05,0.00084865995,2.3215447e-05,6.616695e-05,4.4960565e-05,1.596267e-06,0.00042846752,2.4729177e-05,0.00036116096,4.3809425e-05,9.716005e-05,3.3345934e-06,0.0007080541,0.00024208207,0.00047118898,9.632031e-05,0.00096051715,0.0001619905,0.0006117078,5.3542724e-05,2.463533e-05,0.00015411337,5.5282257e-05,1.3771154e-05,8.4650084e-05,1.263974e-05,2.5026402e-06,6.40633e-05,0.0012952567,4.4905468e-05,0.00014300724,2.9654682e-06,9.466217e-05,1.206574e-05,0.001294241,4.454659e-05,0.000487018
BC2026_Train_0049_S22_20220203_221500_005,9.644449e-07,3.8334838e-05,0.00017264627,0.0022327567,4.2699474e-05,2.6515222e-06,4.3277087e-05,3.9208422e-05,0.00011552826,0.005498049,0.019294245,0.004282582,1.5547796e-07,1.852961e-05,0.00010155883,0.011991505,6.7304163e-06,3.5618393e-06,0.24857765,0.0011855599,2.0444286e-05,0.46643627,5.7447915e-06,8.3063605e-06,0.0029406336,4.0540028e-05,0.00017664339,0.00012071662,2.8592804e-05,0.00019338532,1.6913089e-05,5.305552e-06,1.39259355e-05,1.8614076e-06,4.7820927e-06,6.7804085e-06,2.752835e-06,3.8259072e-06,4.848564e-06,3.7839604e-06,1.8375265e-05,9.241705e-06,1.6634342e-05,8.3941e-06,3.60199e-06,3.78408e-06,8.059307e-06,3.7957393e-06,1.5515521e-06,2.7907379e-06,6.075594e-06,8.460629e-06,9.626809e-06,1.1273864e-05,2.1649837e-05,7.169708e-05,6.558624e-07,0.050046816,1.1621698e-05,4.7950894e-06,0.20591322,3.0196684e-06,0.00051587535,0.32226342,0.9225409,0.00013082691,3.500532e-05,2.0298678e-05,2.2749193e-06,0.00020059675,1.3253702e-06,4.7614536e-05,8.4121726e-05,0.00013312188,1.152427e-06,4.2358555e-05,0.0003147148,0.0003659415,1.5770043e-05,4.4735647e-05,0.00036233125,2.455666e-05,0.0015495694,4.4082622e-05,6.248885e-05,0.0003163422,6.867297e-05,9.081252e-05,7.131237e-05,0.000248934,0.00026466875,0.00016202108,5.4290867e-05,0.00022793398,0.00024177827,0.00034033362,0.00010456252,4.6693585e-05,9.938626e-05,0.0012291969,6.468905e-05,7.717645e-06,0.00038229354,0.00056346774,0.000339454,7.585852e-05,6.4188785e-06,4.026063e-05,1.7970679e-05,0.00015424362,3.077325e-05,0.000294644,1.0674661e-05,3.9592232e-05,8.9949375e-05,1.9238227e-05,9.0523405e-05,7.3946794e-05,6.109082e-05,0.00016729918,1.8832248e-05,0.00039573002,0.00023477628,0.00082085765,1.971575e-05,0.00022958308,0.00014108568,0.0003744549,1.4300306e-06,0.00042536302,0.00042678785,0.00030168527,0.0006589141,1.1055464e-05,1.2701582e-05,8.0236685e-05,3.7477104e-05,2.3104987e-05,2.2982167e-05,9.1154805e-05,0.00024691413,4.8195394e-05,0.00023259567,0.00011576017,4.3886823e-05,1.7865527e-06,0.00027934194,8.822961e-05,4.0928793e-05,0.00011854548,4.2580657e-05,2.5828484e-05,0.00014219899,3.4073164e-05,0.00044618454,7.057719e-05,1.6619517e-05,2.5365767e-05,3.0483154e-05,8.941548e-05,0.00025456017,0.00016934548,0.00012069245,2.479563e-05,1.9693498e-05,0.00020396555,2.4786836e-05,0.0001083748,3.0688087e-05,9.092517e-05,0.00030719754,5.9831586e-05,9.006684e-06,3.6098772e-05,0.00028475648,1.3219229e-05,0.00028846943,0.00010231868,0.00031614382,0.00017855367,0.00022106075,7.1235345e-06,0.0007693597,0.00013222189,0.00015128408,2.3531042e-05,5.9272323e-05,0.0001538476,2.5833708e-05,9.231205e-06,0.00015733571,0.00019792984,0.00042336824,4.140329e-05,6.0220318e-05,0.0001341574,0.00018931372,2.5505584e-05,0.00052546186,9.3946896e-05,4.6806337e-05,0.00010394705,2.145599e-06,0.000764638,2.6541851e-05,0.0010643987,4.5494213e-05,0.00024044244,5.924759e-06,0.00045397022,0.00038352225,0.000860084,0.0002080072,0.00044830106,0.00048082223,0.0008409402,6.007354e-05,3.7566344e-05,4.8236776e-05,7.636236e-05,5.733916e-06,6.8598085e-05,2.7534536e-05,7.0052142e-06,0.00010296359,0.002024656,2.3658962e-05,0.00025905768,4.4017174e-06,0.00013934744,3.223187e-05,0.0007082566,8.6133696e-05,0.00021825559
BC2026_Train_0049_S22_20220203_221500_010,2.1730757e-06,5.5475226e-05,0.0004077513,0.0016946895,5.3717733e-05,7.934444e-06,0.00013143424,0.00014204314,0.00013745656,0.0058811493,0.0176147,0.0035867894,6.74113e-07,4.7996935e-05,0.00041410324,0.01505603,6.889884e-06,9.734203e-06,0.12261158,0.0024218492,4.588513e-05,0.37785283,1.346039e-05,1.3025886e-05,0.0046761995,5.4858298e-05,0.00059206603,7.074288e-05,4.314983e-05,0.00019498373,2.5879768e-05,9.638622e-06,2.4467505e-05,3.859034e-06,6.903861e-06,1.0492454e-05,5.7646976e-06,6.5076547e-06,1.1594177e-05,6.8007175e-06,2.9570683e-05,1.806441e-05,1.9357518e-05,1.3988734e-05,7.4776394e-06,7.814748e-06,1.1577504e-05,7.4770537e-06,3.3170315e-06,5.345211e-06,9.1286465e-06,1.0808e-05,1.2137835e-05,2.0079768e-05,2.6468952e-05,0.00017663377,3.064467e-06,0.028414106,1.7404056e-05,1.8297189e-05,0.1402703,7.809495e-06,0.0007509567,0.13522132,0.9213426,0.00023165041,6.749145e-05,7.371629e-05,5.047649e-06,0.00021153572,4.8921643e-06,9.3467046e-05,0.00021359387,0.0005497123,3.046157e-06,0.00015529583,0.0008999004,0.00073965325,6.1647894e-05,0.00015799722,0.0009458727,8.065523e-05,0.0057753515,0.0001422573,8.180941e-05,0.0003720105,0.00015390555,0.0002890721,0.00017477982,0.00042671157,0.0012000495,0.0004582952,0.00011124011,0.0004841148,0.00043913868,0.00066481146,0.00018557435,4.765633e-05,0.0004649517,0.0043711513,0.00019950759,1.1768921e-05,0.00055145886,0.0005887617,0.00047776342,0.00026318463,3.0385721e-05,0.00014039186,5.2334453e-05,0.00035254378,4.2434403e-05,0.0006750337,4.044357e-05,0.00011206097,0.00029365014,4.5220244e-05,0.00017843455,0.00019379472,0.00017849752,0.00035280554,4.298928e-05,0.00092463003,0.00046801902,0.0023036639,3.5444802e-05,0.00050673465,0.00048794993,0.0006926816,6.228949e-06,0.0006425903,0.0010795621,0.0012316181,0.001102795,3.8121496e-05,4.7018388e-05,0.00016162067,0.000116472125,0.000105082894,7.198309e-05,0.00020535532,0.0007368904,8.678816e-05,0.00033122493,0.00024318905,0.00013387152,9.66386e-06,0.0006878062,0.00031101113,0.000104570005,0.0005040421,7.6452205e-05,3.8175633e-05,0.00032758867,0.00014466692,0.0022997186,0.00025768633,6.5772256e-05,6.8705e-05,0.00018756512,0.00012950691,0.0006742509,0.00033297294,0.0002528992,6.499934e-05,5.6277033e-05,0.00025482193,0.0001167707,0.00029850748,6.530346e-05,0.0001660421,0.0006779585,0.00018258096,3.7912094e-05,8.356741e-05,0.0009104316,5.385699e-05,0.00046095048,0.00029599408,0.000843959,0.00021915768,0.000566873,1.861846e-05,0.0017380449,0.0003761691,0.00060401845,5.2688487e-05,0.00018737333,0.00045583944,9.721881e-05,1.8427385e-05,0.00027224075,0.0004939634,0.00184136,0.0001294358,0.00015028827,0.0003060776,0.00033152566,0.00010042304,0.0020318755,0.00014824755,0.0001375001,0.00026690072,5.945226e-06,0.002091172,0.0001063334,0.0015637947,0.00011978746,0.00033581146,2.395538e-05,0.001586009,0.0009020696,0.001906015,0.00042699985,0.0013223421,0.0011166098,0.0014144912,0.00011476559,9.04862e-05,0.0001621574,0.00015828734,2.134601e-05,0.00023695314,0.00010046834,1.5792137e-05,0.00043201575,0.0044818847,0.000108941465,0.00037743797,1.0474028e-05,0.00033098343,0.00016014645,0.004297455,0.00028120924,0.00039840594
BC2026_Train_0049_S22_20220203_221500_015,3.3690765e-07,2.704693e-05,5.3523527e-05,0.0012373349,1.5532665e-05,8.634319e-07,1.1327038e-05,1.345088e-05,3.9468287e-05,0.0014427148,0.008381722,0.0011289293,1.2845854e-07,9.508948e-06,0.00015642964,0.014707407,2.7760536e-06,1.2309474e-06,0.12614506,0.0018798073,6.9386726e-05,0.48182827,2.5238228e-06,6.527757e-06,0.0005849417,1.3439174e-05,7.778776e-05,1.5213542e-05,3.971714e-06,6.4380845e-05,9.208915e-06,2.6152134e-06,6.975702e-06,9.041943e-07,3.222538e-06,2.9177256e-06,1.0627809e-06,1.931173e-06,2.4291307e-06,1.7001994e-06,1.1475802e-05,4.727922e-06,1.36942e-05,4.0436844e-06,2.1146022e-06,2.331034e-06,6.1864494e-06,2.0029322e-06,7.733336e-07,1.5433014e-06,3.8645103e-06,5.3475e-06,6.087675e-06,7.084755e-06,1.5839347e-05,3.6846624e-05,3.2433755e-07,0.054136835,2.7392305e-06,4.670617e-06,0.14753325,6.78836e-07,0.00022839363,0.20059134,0.9370129,6.384771e-05,2.9181374e-05,7.215949e-06,1.3289509e-06,5.5278462e-05,4.803383e-07,1.4700169e-05,7.0382346e-05,8.747547e-05,2.3858615e-07,2.7570635e-05,0.0002682674,0.00022908387,8.387962e-06,2.6143975e-05,0.00015868084,1.2082446e-05,0.0006800979,3.862245e-05,1.639319e-05,6.5183136e-05,2.7572742e-05,5.578392e-05,5.738355e-05,0.00010382916,0.0002169909,7.365593e-05,1.787319e-05,0.00015517963,8.9501555e-05,0.00013623599,5.1624585e-05,9.798899e-06,9.8937955e-05,0.0007678516,3.871135e-05,3.4603718e-06,0.00014781718,0.00025793604,0.000101853846,6.4032945e-05,2.9968521e-06,2.0704987e-05,1.1929561e-05,0.000116147276,2.1852225e-05,0.000106776824,5.3519134e-06,1.326888e-05,5.0181567e-05,8.071822e-06,6.393892e-05,2.216586e-05,3.9070434e-05,8.7243214e-05,7.914243e-06,0.00029216087,0.00015663756,0.00092010095,5.3480767e-06,0.00012133612,8.888119e-05,0.00014817237,6.2230316e-07,9.5514326e-05,0.000104110135,0.00027223091,0.00018639027,4.236063e-06,5.300985e-06,2.2618427e-05,1.7639224e-05,1.6514861e-05,1.0613461e-05,6.3413245e-05,0.00016201445,1.3572999e-05,5.3640128e-05,8.4893814e-05,8.459153e-06,1.2982042e-06,0.00016148773,2.9704655e-05,1.0376348e-05,6.848469e-05,1.405222e-05,1.3051239e-05,5.6821744e-05,1.4301193e-05,0.00031753874,3.645454e-05,1.0301246e-05,1.3220831e-05,3.0205441e-05,2.110294e-05,0.00010347521,8.22244e-05,3.5240955e-05,8.852668e-06,6.216991e-06,9.756337e-05,8.778836e-06,4.3328044e-05,1.6326401e-05,5.1466996e-05,0.00012652403,2.9245504e-05,3.2547116e-06,1.4409097e-05,0.0002313994,7.244544e-06,8.080797e-05,4.7167305e-05,0.0001555638,3.744731e-05,0.00010903802,2.105852e-06,0.0004747486,7.080423e-05,0.00017273503,1.11322515e-05,3.048449e-05,0.00010335707,2.1982441e-05,2.1107357e-06,7.5972464e-05,0.00015064035,0.00019344028,2.7724642e-05,2.8652305e-05,8.5634354e-05,8.132149e-05,1.3569801e-05,0.00033733321,4.642244e-05,2.5506824e-05,5.388972e-05,8.0145617e-07,0.00031801744,8.628897e-06,0.0003928651,1.433112e-05,4.192621e-05,3.6871907e-06,0.0005782152,0.00016002342,0.00043773817,9.643593e-05,0.00040147913,0.00017387458,0.00045988662,3.9232586e-05,2.3470151e-05,5.563326e-05,2.3301705e-05,4.9891855e-06,7.372128e-05,1.4397256e-05,2.7490782e-06,5.9135302e-05,0.0011133235,1.6999926e-05,6.127823e-05,2.209251e-06,5.6363344e-05,3.1248546e-05,0.00078938925,3.5639932e-05,0.00021457141
BC2026_Train_0049_S22_20220203_221500_020,8.187808e-07,4.023154e-05,0.00022255233,0.001533542,3.231879e-05,1.5889884e-06,6.604452e-05,5.939494e-05,7.824873e-05,0.0025392927,0.009021498,0.0011483785,2.9568756e-07,1.826584e-05,0.00025037624,0.014949009,3.5159442e-06,4.1705284e-06,0.10906807,0.0012194959,4.08295e-05,0.30268785,6.889569e-06,7.4774243e-06,0.0015260152,2.7803862e-05,0.00029682036,4.27491e-05,2.2526381e-05,6.4036365e-05,1.6364918e-05,4.688937e-06,1.0357928e-05,1.5887856e-06,4.4020408e-06,6.4687288e-06,2.5346915e-06,3.1462737e-06,4.25171e-06,4.4517774e-06,1.6559052e-05,8.784438e-06,1.794398e-05,7.716695e-06,3.6112324e-06,3.7117918e-06,8.153413e-06,2.6458138e-06,1.2213554e-06,2.1661754e-06,6.54995e-06,8.99706e-06,9.1602415e-06,1.1345265e-05,2.3446437e-05,8.270787e-05,1.066973e-06,0.045971837,9.693138e-06,8.314699e-06,0.18327811,3.4728357e-06,0.00064949086,0.17306073,0.94957274,0.00016306415,4.660284e-05,2.5971818e-05,1.5775947e-06,0.00015858327,1.3816847e-06,4.1280324e-05,8.805949e-05,0.00021600543,1.115842e-06,6.9407775e-05,0.00038474557,0.00032335875,2.0131001e-05,3.4476077e-05,0.0003804637,2.0786696e-05,0.0012206975,7.4731906e-05,2.8856044e-05,0.000193938,5.9547838e-05,8.668981e-05,0.00010188649,0.00020842293,0.00029321288,0.000118880555,2.8121269e-05,0.00024265955,0.00013887018,0.00025869833,9.5615025e-05,2.2159962e-05,0.00015611688,0.0020656823,6.1220875e-05,9.255835e-06,0.00043589246,0.00027507395,0.00025692437,0.0001309476,1.0931481e-05,5.0857572e-05,1.8756307e-05,0.0002650872,2.351496e-05,0.00021754815,1.2737426e-05,3.2750177e-05,0.00010199449,1.5185146e-05,7.6163975e-05,3.9545484e-05,5.1479365e-05,0.00015948038,1.0678407e-05,0.0005591793,0.00022802285,0.00091277726,1.25186125e-05,0.0001948397,0.00016162515,0.00027431262,1.4201611e-06,0.00026167286,0.00022327261,0.00035969994,0.0003801173,1.15173225e-05,1.2547981e-05,3.937877e-05,4.83426e-05,3.8478043e-05,2.1199661e-05,0.00014087731,0.00028527767,4.7741567e-05,0.00014906118,9.614266e-05,2.5272711e-05,2.9626412e-06,0.0003048216,5.8987855e-05,2.5896112e-05,0.00016229646,6.4902466e-05,2.633729e-05,0.00010382332,3.6951413e-05,0.00070836965,6.4446016e-05,3.7410082e-05,2.2824013e-05,6.2914274e-05,5.014874e-05,0.00042915158,0.00017184103,4.8615504e-05,2.1827609e-05,2.7651686e-05,0.00013606527,2.5203539e-05,0.00012554445,1.6362686e-05,0.00013361555,0.00037030343,5.053096e-05,7.3066985e-06,3.858041e-05,0.0004255457,2.0414069e-05,0.0001894992,8.104821e-05,0.0002175245,0.00011632406,0.00016301207,6.766063e-06,0.0005683605,0.00014693453,0.00023958016,1.9423107e-05,5.2340543e-05,0.00023341675,2.7455115e-05,5.9949807e-06,0.0001890282,0.00027246954,0.00092095794,6.377055e-05,5.7420442e-05,0.00013506795,0.00022032573,4.5385405e-05,0.00042585674,6.018989e-05,6.15646e-05,0.00019315534,1.5706065e-06,0.00078524795,3.6065496e-05,0.00087734405,4.261933e-05,8.757504e-05,6.2924823e-06,0.0007762475,0.00047126872,0.00080677174,0.00026263844,0.0005332815,0.000497672,0.00092911674,0.00010471349,3.1735897e-05,0.00010246787,7.537583e-05,8.811044e-06,0.00012134549,3.5279492e-05,7.230257e-06,0.00014815429,0.0020849858,3.3821496e-05,0.00014866005,6.0375933e-06,0.00011867622,3.3493146e-05,0.0007788259,6.2207735e-05,0.00028761892
BC2026_Train_0049_S22_20220203_221500_025,1.6942672e-06,4.039273e-05,0.0002512663,0.0020044853,3.5337813e-05,1.958717e-06,5.0005146e-05,8.037936e-05,9.322768e-05,0.0034733384,0.019587027,0.0029871373,3.2709187e-07,2.0995127e-05,0.000210709,0.012875373,3.792751e-06,5.0402177e-06,0.105518535,0.0015363913,2.675716e-05,0.2835417,5.744047e-06,1.2081168e-05,0.0030138902,4.185718e-05,0.00038515343,4.9837523e-05,3.997058e-05,6.4459906e-05,2.2475464e-05,9.558791e-06,1.8819052e-05,3.219107e-06,6.6226476e-06,1.2629582e-05,4.3067575e-06,5.368594e-06,8.129723e-06,6.8161185e-06,2.9249408e-05,1.4576484e-05,2.1216365e-05,1.4839571e-05,6.3182197e-06,6.3451016e-06,1.1837042e-05,4.707747e-06,2.1296896e-06,3.7546502e-06,7.731855e-06,1.0999777e-05,1.1276801e-05,2.0087697e-05,3.553347e-05,0.00015067714,1.3811116e-06,0.058843177,8.1671715e-06,6.9156495e-06,0.16175598,3.3317008e-06,0.00062517746,0.18188153,0.8879116,0.00017647268,4.85914e-05,2.9469871e-05,1.5660002e-06,8.049418e-05,3.2865887e-06,5.391573e-05,9.1754984e-05,0.0002680828,1.2573523e-06,7.126723e-05,0.00045472686,0.00023241079,1.9332114e-05,4.743764e-05,0.00032217716,2.9891746e-05,0.0017429348,4.8588154e-05,3.9408602e-05,0.0002555962,8.298263e-05,0.00019535833,8.812265e-05,0.00020716443,0.00044943302,0.00031235008,3.293578e-05,0.00016615582,0.00019241656,0.00025287774,0.00010665726,1.930111e-05,0.00017169837,0.0021057234,0.000113657894,4.500483e-06,0.00042664525,0.00043575265,0.0002845833,0.00017412959,1.8249493e-05,4.7542668e-05,2.4558136e-05,0.00020742393,3.3739605e-05,0.00035868294,2.2297561e-05,4.905695e-05,9.786787e-05,2.3817656e-05,8.9565416e-05,4.7211044e-05,0.00013578791,0.00017296363,1.6509603e-05,0.0005151287,0.00050457084,0.0012099567,1.25955785e-05,0.0003337904,0.00020896914,0.00038654974,3.1647025e-06,0.00029855987,0.0002954564,0.00041271193,0.00030967733,1.2661419e-05,1.5073128e-05,6.7830384e-05,5.0478466e-05,3.45095e-05,2.6540178e-05,0.000149732,0.00028220512,5.2352723e-05,0.00021462358,9.930175e-05,3.7533544e-05,2.2210663e-06,0.00039754022,9.47514e-05,4.503927e-05,0.00013932392,3.409143e-05,2.9085466e-05,0.00013173826,5.8703787e-05,0.0006585625,9.110648e-05,2.7166643e-05,4.674545e-05,6.0808467e-05,5.1192976e-05,0.0003238342,0.0001772484,7.011934e-05,3.3779655e-05,2.6352916e-05,0.00016436262,3.3821172e-05,0.00011629279,4.594249e-05,0.00010663732,0.00043577654,0.00011339905,1.7313785e-05,4.1458847e-05,0.00044002893,2.1233449e-05,0.00030775744,0.00015322058,0.00038698904,0.00013508664,0.00022750124,8.427557e-06,0.00060003,0.00018781067,0.00019220333,2.1505282e-05,0.00012437897,0.00027317545,5.4238604e-05,1.2641342e-05,0.00022889569,0.00024427916,0.0009473225,7.654259e-05,6.321051e-05,0.0001886434,0.00021827704,4.535455e-05,0.0005861793,7.430993e-05,7.556049e-05,0.00011298727,3.1995223e-06,0.0008179468,6.003322e-05,0.001046477,4.700216e-05,0.00026601585,1.29736545e-05,0.0006892659,0.0005322473,0.00090779405,0.00019562284,0.0004534584,0.0006480949,0.0010606833,7.9491176e-05,2.3731069e-05,0.00010127402,6.985818e-05,1.1046326e-05,0.00011127513,2.7845019e-05,8.179502e-06,0.00023897126,0.0026861723,5.3530213e-05,0.00013358728,3.3499218e-06,9.098632e-05,4.0414037e-05,0.0009879011,0.00011593935,0.0003579717
BC2026_Train_0049_S22_20220203_221500_030,3.2439232e-07,2.229229e-05,6.418695e-05,0.0020714812,6.5133486e-06,6.3565875e-07,1.5641192e-05,2.3640492e-05,4.641527e-05,0.0036029166,0.012306748,0.0018331453,1.2169252e-07,1.2120196e-05,0.00013776691,0.016401025,7.1802056e-06,9.0771755e-07,0.126415,0.0018434233,2.9425528e-05,0.30786625,2.7159988e-06,5.8331607e-06,0.00053252565,1.4232145e-05,0.0001385945,1.8037932e-05,7.136066e-06,6.039238e-05,8.403095e-06,3.2422422e-06,7.497111e-06,9.708224e-07,3.215864e-06,3.728047e-06,1.8396427e-06,2.4582685e-06,2.9182736e-06,1.8974345e-06,1.4218524e-05,4.939579e-06,1.0815735e-05,5.0000267e-06,1.8573469e-06,1.9269526e-06,5.686989e-06,2.1439114e-06,1.0758184e-06,1.8590499e-06,3.370119e-06,4.5609954e-06,4.6921937e-06,7.104132e-06,1.3042082e-05,4.7377333e-05,3.8588982e-07,0.047956906,1.7728153e-06,2.9603875e-06,0.21573707,1.0305542e-06,0.0005097672,0.24715206,0.9297707,9.645009e-05,1.966638e-05,1.4489225e-05,1.7773046e-06,7.993297e-05,5.3216536e-07,6.0267616e-06,4.818588e-05,5.0928524e-05,3.599411e-07,2.844154e-05,0.00020926225,0.00021356088,8.626256e-06,2.374823e-05,0.00013703582,8.302188e-06,0.0006398317,2.6198735e-05,1.7875935e-05,7.562869e-05,2.0025323e-05,4.6222332e-05,5.0840114e-05,0.00013965937,0.0001763243,8.9202054e-05,2.10819e-05,0.00017120269,0.0001839713,0.0001389233,3.1647738e-05,1.9090228e-05,0.00015847459,0.0009938973,5.400933e-05,1.612018e-06,0.00017353553,0.0002854877,0.00017828285,6.048194e-05,3.0803976e-06,3.161091e-05,1.4168144e-05,9.0946596e-05,1.5827538e-05,9.698159e-05,5.1236043e-06,1.7923354e-05,8.1137674e-05,6.84478e-06,5.289631e-05,3.1025782e-05,6.4328626e-05,0.00011132289,8.210421e-06,0.00032294163,0.00011839433,0.0005961259,6.249113e-06,0.0001109654,9.419547e-05,0.0001877881,5.1311554e-07,0.0002011635,0.00017761704,0.00032040608,0.0002276655,5.648752e-06,6.3749917e-06,2.0403675e-05,2.0603156e-05,1.8138984e-05,9.7297025e-06,9.526726e-05,8.8807734e-05,3.056705e-05,6.756988e-05,5.5540277e-05,1.6410459e-05,1.2226069e-06,6.394642e-05,2.9358956e-05,2.4659515e-05,7.2098104e-05,2.0761714e-05,1.0246956e-05,5.004169e-05,2.1596717e-05,0.00028891122,3.6692163e-05,9.357833e-06,9.892832e-06,3.3756725e-05,2.069707e-05,0.00036579362,6.561514e-05,4.8709007e-05,1.02105505e-05,9.07271e-06,7.323249e-05,1.3351832e-05,4.0472623e-05,1.1964003e-05,5.2101805e-05,0.00012712495,2.4373256e-05,2.549886e-06,1.5656355e-05,0.0002959241,7.057336e-06,9.055043e-05,3.042562e-05,0.00013222745,4.1935047e-05,9.5743846e-05,3.206621e-06,0.0005302843,7.5666634e-05,8.031484e-05,7.014747e-06,2.624665e-05,7.3933115e-05,9.661399e-06,1.8616134e-06,0.00013191928,0.00015244719,0.00039908127,3.877468e-05,2.729079e-05,6.854133e-05,9.140409e-05,1.21665535e-05,0.00046684538,2.9799023e-05,1.9245548e-05,4.015465e-05,1.4128366e-06,0.00023570302,1.568877e-05,0.00042976567,3.1826123e-05,8.68491e-05,2.8554364e-06,0.00046998655,0.0001533131,0.00040407106,0.000116445466,0.000372077,0.0003879997,0.00073405466,2.7328317e-05,1.8325758e-05,3.4932826e-05,3.070618e-05,3.142588e-06,8.047361e-05,1.0683338e-05,2.791808e-06,6.1082785e-05,0.0012829809,1.798647e-05,4.8074766e-05,1.9260342e-06,5.4463133e-05,1.738087e-05,0.0006892692,5.7225887e-05,0.0001819175
BC2026_Train_0049_S22_20220203_221500_035,5.044888e-07,5.9978916e-05,0.00016914555,0.0018096836,1.7946137e-05,1.5329409e-06,3.1430314e-05,4.7328245e-05,6.839605e-05,0.0018589585,0.014643991,0.0051072557,4.568848e-07,2.7849614e-05,0.00034999906,0.0154823745,3.893498e-06,4.2796287e-06,0.18421285,0.0026801291,9.739427e-05,0.4115804,5.212539e-06,1.1520849e-05,0.0007103799,4.266736e-05,0.00027505952,2.4799603e-05,1.5443482e-05,4.3768712e-05,1.7836785e-05,8.612571e-06,1.4973069e-05,2.082412e-06,6.4531214e-06,9.469186e-06,4.3356745e-06,6.186514e-06,5.9013964e-06,4.1888125e-06,2.7823253e-05,1.0642703e-05,2.278828e-05,1.3484981e-05,4.336936e-06,4.3247064e-06,1.1881251e-05,4.294261e-06,2.0894222e-06,4.543314e-06,6.9809453e-06,9.880547e-06,1.0374982e-05,1.4471218e-05,3.620489e-05,0.00012452304,1.0099413e-06,0.059355967,7.146138e-06,1.2917063e-05,0.18195339,2.274301e-06,0.0005898822,0.22260359,0.9629637,0.00011263905,6.221759e-05,3.7465918e-05,1.4934259e-06,7.555618e-05,1.6887163e-06,1.6670869e-05,9.5186e-05,0.00017296131,3.8127442e-07,5.974315e-05,0.0004826397,0.00035200696,1.559777e-05,4.501565e-05,0.00019573422,1.1250978e-05,0.001959328,3.2252563e-05,2.0227391e-05,0.000114645154,6.786305e-05,0.000102132006,9.45522e-05,0.00010825675,0.00051743665,0.00025275385,2.5180572e-05,0.00027991857,0.00027034176,0.0001944722,4.9742277e-05,1.9903815e-05,0.00026030352,0.0016276141,7.00946e-05,2.973607e-06,0.0002622473,0.0002705903,0.00017608373,0.00012409643,7.135012e-06,8.044109e-05,4.1440344e-05,0.00019266826,5.3556047e-05,0.0001442054,1.3798997e-05,2.8262306e-05,0.00012594805,2.2767079e-05,8.034747e-05,2.4746565e-05,7.5249714e-05,0.00012927051,1.2375589e-05,0.00057336193,0.00021925967,0.00085016777,7.312338e-06,0.00015945043,0.00013454928,0.000324563,1.5285935e-06,0.0001775688,0.00018735243,0.00043467173,0.00031622942,6.8240347e-06,1.2753155e-05,2.8997505e-05,3.3086002e-05,4.2035746e-05,1.268812e-05,9.135486e-05,0.00024206244,5.2328905e-05,8.574762e-05,6.360177e-05,2.0421332e-05,4.2534416e-06,0.00019377052,5.8400263e-05,3.1059826e-05,0.00015230305,2.2849625e-05,2.6053058e-05,6.6084904e-05,4.04595e-05,0.0005081318,5.275425e-05,2.3004754e-05,2.4652605e-05,9.0563815e-05,3.344077e-05,0.00040643575,0.00018860583,4.081471e-05,1.2432962e-05,1.2641849e-05,8.485755e-05,1.6309019e-05,5.1837254e-05,2.2813176e-05,8.285161e-05,0.00028939915,4.9953433e-05,6.9383486e-06,2.3674422e-05,0.00031327514,1.6796459e-05,0.00015657186,0.00012782522,0.0002686662,6.744969e-05,0.00020757214,7.4832674e-06,0.0006251897,0.00013320746,0.00022285937,1.4917283e-05,3.599001e-05,0.00015194186,3.330837e-05,3.879976e-06,0.00013206415,0.00024592035,0.00070275983,4.2661824e-05,4.8770456e-05,8.522564e-05,0.00026501997,2.3621968e-05,0.00065659086,4.7192858e-05,3.1975986e-05,9.168343e-05,2.411188e-06,0.00053367304,2.1980955e-05,0.00056577806,3.2954285e-05,8.315492e-05,4.0676223e-06,0.0006522171,0.00046930343,0.00048195306,0.00012458563,0.0006029161,0.0004058395,0.0008803856,6.759959e-05,4.2143078e-05,0.00016039878,3.4868488e-05,8.276487e-06,0.00015002067,2.132552e-05,6.567213e-06,0.00015489683,0.0022126369,4.1034746e-05,0.00014361602,4.151612e-06,8.155455e-05,2.380705e-05,0.00091921864,6.611857e-05,0.00027246305
BC2026_Train_0049_S22_20220203_221500_040,1.4391573e-07,3.0217481e-05,6.331813e-05,0.0022643318,6.4341084e-06,4.51509e-07,1.2454988e-05,1.66322e-05,4.3077143e-05,0.0012992931,0.014201188,0.002154193,1.2705412e-07,8.852549e-06,0.00028116873,0.02073192,2.993604e-06,7.994256e-07,0.087666705,0.001916087,6.3971056e-05,0.3301492,1.1668835e-06,6.537176e-06,0.0004338591,9.116127e-06,9.408819e-05,6.765772e-06,2.4969804e-06,6.633557e-05,7.962491e-06,3.434321e-06,7.2585e-06,9.911878e-07,2.8260588e-06,3.5970297e-06,1.759113e-06,2.3769344e-06,2.477218e-06,1.5101294e-06,1.6046255e-05,4.733367e-06,1.0440709e-05,4.349631e-06,1.6554e-06,1.7397368e-06,5.127265e-06,2.0277193e-06,9.472766e-07,1.776781e-06,2.6722419e-06,3.4821646e-06,4.3459745e-06,7.117402e-06,1.4613103e-05,3.630806e-05,7.74352e-07,0.08635789,1.7122012e-06,2.5544375e-06,0.0994744,7.5265865e-07,0.0007144541,0.1711951,0.9519954,3.6595753e-05,1.3769027e-05,2.4938554e-05,8.184124e-07,2.7833017e-05,4.3439255e-07,1.1161037e-05,4.7195605e-05,6.3695916e-05,1.6939022e-07,1.4666169e-05,0.0001541845,0.00019817022,6.9210205e-06,1.4366218e-05,0.00018246748,5.3019808e-06,0.00087164383,1.8785091e-05,5.7080983e-06,4.432953e-05,1.4065815e-05,2.487502e-05,4.021677e-05,5.8222435e-05,0.0002630662,8.275181e-05,7.855935e-06,0.00019002102,0.000145248,7.936325e-05,1.6927677e-05,1.12619055e-05,0.00014503929,0.00076633005,2.4041157e-05,1.4483894e-06,9.3188486e-05,0.00017211914,8.429196e-05,2.7626778e-05,2.0784655e-06,2.1014837e-05,9.396365e-06,5.9269783e-05,1.945236e-05,7.6789845e-05,3.4510554e-06,1.1085923e-05,4.3756398e-05,6.4728697e-06,3.1483352e-05,1.1783048e-05,2.517589e-05,6.6259956e-05,3.7946825e-06,0.00017014376,0.00010873888,0.0005265712,4.5338998e-06,0.00013770597,7.072204e-05,0.00010249641,3.625829e-07,4.9835668e-05,0.00010767506,0.00019884478,0.000121374185,2.2870315e-06,2.8778427e-06,6.6057487e-06,1.1243769e-05,1.3400678e-05,5.2794326e-06,4.5825567e-05,0.00010444315,2.1343261e-05,2.5637195e-05,4.1462998e-05,9.605442e-06,1.5484909e-06,6.8446236e-05,1.1786003e-05,1.30585595e-05,5.301286e-05,5.338507e-06,7.979837e-06,2.5754547e-05,1.12928465e-05,0.00031421232,2.3719687e-05,8.635821e-06,8.254141e-06,5.6746096e-05,1.3414894e-05,0.00010473766,7.257815e-05,3.1204443e-05,5.1925936e-06,2.3806913e-06,4.3084823e-05,3.4420264e-06,2.0303189e-05,1.0344404e-05,3.643258e-05,8.738501e-05,1.8639637e-05,1.5058524e-06,9.85464e-06,0.00016182593,5.259006e-06,5.2777297e-05,3.749401e-05,0.00013342306,1.740346e-05,9.5174015e-05,1.7769639e-06,0.0005709809,5.163266e-05,0.00010589223,5.073895e-06,1.0738752e-05,5.072127e-05,1.6288672e-05,1.1330096e-06,4.5858924e-05,9.663163e-05,0.00016899031,1.5881047e-05,1.7428887e-05,3.8741524e-05,7.8709505e-05,1.0085775e-05,0.0003051912,2.0381078e-05,1.7512291e-05,2.864146e-05,6.985468e-07,0.0001865156,6.6742705e-06,0.00039920435,1.2559343e-05,3.7184116e-05,1.2715053e-06,0.0003044986,0.00010946933,0.000351051,5.8491216e-05,0.0004903189,0.00022437637,0.0005258449,2.7542232e-05,7.834403e-06,4.865924e-05,1.5080589e-05,1.6071672e-06,5.6182234e-05,5.983124e-06,1.1804448e-06,4.976809e-05,0.0017363523,1.6456659e-05,2.4823454e-05,1.3694088e-06,3.1379102e-05,9.7678385e-06,0.00078620214,3.196769e-05,0.00017151739
BC2026_Train_0049_S22_20220203_221500_045,4.3237932e-07,8.664643e-05,0.00018821438,0.003558256,2.2714034e-05,1.5062001e-06,6.233862e-05,4.507674e-05,7.1962575e-05,0.0023521495,0.012684402,0.0032674554,3.0656076e-07,2.5029836e-05,0.00022451482,0.013474277,3.5087562e-06,4.7313497e-06,0.14435947,0.001319144,2.5647121e-05,0.43197247,5.50159e-06,1.39896965e-05,0.0012772395,4.128214e-05,0.00017602865,3.2373046e-05,2.0241594e-05,7.282572e-05,2.2410484e-05,1.1992069e-05,2.6730177e-05,3.815916e-06,7.792132e-06,1.4932613e-05,7.193043e-06,7.943506e-06,9.191095e-06,8.257857e-06,3.59755e-05,1.619354e-05,2.5475658e-05,1.869215e-05,8.125398e-06,8.501506e-06,1.9621026e-05,7.5960306e-06,3.245512e-06,5.5642167e-06,9.42717e-06,1.2402018e-05,1.274473e-05,2.0960337e-05,5.333465e-05,0.0001272728,2.1695328e-06,0.080020584,9.008822e-06,6.6641383e-06,0.17225346,3.8117478e-06,0.0006763902,0.21603669,0.9407858,0.0001441772,4.3194465e-05,4.0675837e-05,2.9786054e-06,6.886564e-05,2.176058e-06,4.664917e-05,0.00010301181,0.00018710483,1.1038164e-06,5.5675024e-05,0.00034218948,0.00038630492,1.8227576e-05,3.257897e-05,0.0002707759,1.1676243e-05,0.0013455631,3.497612e-05,2.725069e-05,0.0001624945,7.271725e-05,7.338573e-05,7.073681e-05,0.00010332928,0.0003496342,0.0002233282,2.5084746e-05,0.00028822367,0.00022729636,0.00019902842,5.9871996e-05,4.852014e-05,0.00014409749,0.0017159242,6.9801376e-05,4.6531354e-06,0.00034359974,0.00024085156,0.00018821942,9.192479e-05,1.5123479e-05,6.779436e-05,1.7443386e-05,0.00017194201,5.196797e-05,0.000284525,1.09545435e-05,3.4851e-05,9.594922e-05,1.9467912e-05,6.9423724e-05,4.717936e-05,6.2537074e-05,0.00014783889,1.7325827e-05,0.00069477607,0.00018772134,0.00074824685,7.5165335e-06,0.00034409785,0.00010781542,0.0005731835,2.1613796e-06,0.00034500347,0.000414183,0.00025577538,0.00074268517,7.75812e-06,6.5620106e-06,2.1490481e-05,4.532191e-05,3.905896e-05,2.4738354e-05,6.7942696e-05,0.00026587668,8.596744e-05,0.0001782101,6.8637084e-05,1.8747975e-05,1.8268886e-06,0.0002931838,4.7390706e-05,4.3372984e-05,0.00013430956,2.1233289e-05,3.089098e-05,9.837116e-05,6.3003674e-05,0.0006342554,7.254638e-05,3.3175667e-05,3.3858963e-05,8.204488e-05,6.0709845e-05,0.0008777485,0.00019829781,7.581448e-05,2.814735e-05,1.7373344e-05,0.00014402648,2.0983898e-05,9.3690316e-05,1.6144306e-05,0.00010928639,0.0002422393,9.2202914e-05,9.392164e-06,3.70482e-05,0.00055852224,1.2889966e-05,0.00029459738,9.577727e-05,0.0003457273,0.0001338516,0.00019598428,8.350777e-06,0.00065749505,0.00013184546,0.0001435477,2.022043e-05,6.488712e-05,0.00016485498,2.767989e-05,6.7720985e-06,0.0002716895,0.00017716324,0.00069669564,6.86511e-05,4.5664332e-05,0.00011644769,0.00015977581,4.6673773e-05,0.00047765076,8.8485074e-05,5.5439472e-05,6.0188162e-05,2.339711e-06,0.0006596508,3.91004e-05,0.00059365894,5.4450928e-05,0.00015538902,6.133239e-06,0.00057098176,0.00040821065,0.0008549995,0.000202585,0.000661478,0.00055300735,0.0014643979,6.2533254e-05,2.9002484e-05,7.7770404e-05,7.468773e-05,7.6665665e-06,0.00013366934,2.2805694e-05,7.0138376e-06,0.00017205876,0.0038905165,4.406745e-05,0.00015621172,3.6368315e-06,0.000112378344,2.1505139e-05,0.0007661099,7.6352466e-05,0.00027275985
BC2026_Train_0049_S22_20220203_221500_050,6.440454e-07,0.000109149325,0.00036619292,0.0037727528,2.7525635e-05,2.3447903e-06,0.00017826246,9.9607416e-05,8.456803e-05,0.004204727,0.022466341,0.009486032,2.972179e-07,3.17257e-05,0.00052882655,0.015389601,1.1157132e-05,4.84403e-06,0.21464455,0.0020600853,6.891201e-05,0.37359318,3.5671424e-06,2.1279871e-05,0.001410002,4.6002417e-05,0.00021877707,3.0470743e-05,2.4237219e-05,9.3954055e-05,3.7343143e-05,1.7623941e-05,3.445994e-05,5.197018e-06,1.0835937e-05,2.48032e-05,6.9741513e-06,9.13814e-06,1.2474091e-05,1.0990424e-05,4.8818056e-05,2.8046572e-05,3.614838e-05,2.7325243e-05,7.42992e-06,9.161744e-06,1.9197778e-05,9.3517565e-06,3.6860936e-06,6.861616e-06,1.3148569e-05,1.8057002e-05,1.9995554e-05,3.4185094e-05,6.672868e-05,0.00021387267,3.5020132e-06,0.15500776,1.4993946e-05,6.9765065e-06,0.21139775,7.4247637e-06,0.0011519218,0.29585555,0.9728674,0.00015074726,3.3976277e-05,5.7455167e-05,7.330898e-06,0.000110803405,3.3710094e-06,4.3925847e-05,0.00022517037,0.00029381397,9.0451334e-07,5.419114e-05,0.0006359851,0.00028865843,2.1076976e-05,3.5697554e-05,0.0002365978,1.3656561e-05,0.0028951298,5.72836e-05,2.0964037e-05,0.00020682064,7.281954e-05,0.000112352536,8.5032116e-05,0.00021086012,0.00041301243,0.0002729162,2.1691005e-05,0.00022419308,0.00025394734,0.00028798633,9.495455e-05,2.260868e-05,0.0002984759,0.0026893357,9.471716e-05,4.130259e-06,0.00035718136,0.000250466,0.00014411288,8.710547e-05,1.25334145e-05,8.4415595e-05,3.12729e-05,0.00020200518,4.349376e-05,0.00039270462,1.4981239e-05,6.438883e-05,0.00014709603,2.4416015e-05,8.179342e-05,3.802039e-05,8.853817e-05,0.00013498992,6.8596596e-06,0.00048404763,0.00036055496,0.0011248961,9.8289975e-06,0.00044795743,0.00011806401,0.0002546449,2.5103177e-06,0.00035418943,0.00040094787,0.00027209937,0.00030710062,5.788043e-06,1.1714164e-05,4.713201e-05,3.2045555e-05,3.825256e-05,2.7716605e-05,8.110805e-05,0.0005234545,3.3564735e-05,0.00020368278,0.000108893895,4.9411898e-05,3.4598506e-06,0.00036588218,9.110665e-05,4.0051927e-05,0.00016049792,3.5666453e-05,3.4205543e-05,0.00016160989,4.8329923e-05,0.0008338411,0.00010356938,2.521082e-05,3.915122e-05,8.541921e-05,6.9987196e-05,0.00078383303,0.00021950586,7.898846e-05,1.8784842e-05,1.783374e-05,0.00016618514,2.5516241e-05,9.2950104e-05,3.6447975e-05,0.00017223785,0.0002654056,8.8564084e-05,1.23546e-05,5.116691e-05,0.0006214174,1.6152098e-05,0.0002931204,0.000110993446,0.00050634507,7.89624e-05,0.0002470001,1.1637502e-05,0.0012041803,0.00022064548,0.00042566215,1.8323695e-05,7.2586736e-05,0.00025075392,6.682955e-05,5.367841e-06,0.00019946668,0.00014032616,0.00073050964,4.1497213e-05,6.08612e-05,0.00019745331,0.00025955882,4.7192814e-05,0.001000933,6.137262e-05,7.300832e-05,0.000108637716,4.365294e-06,0.0009224609,4.395086e-05,0.0007613718,2.8250828e-05,0.00017753392,6.347946e-06,0.00051090424,0.0003770352,0.00096960046,0.00020863807,0.0013431803,0.000374117,0.0011758875,8.934005e-05,3.497212e-05,0.0001622977,5.4024167e-05,1.4544185e-05,0.00010558379,2.8229688e-05,7.4957593e-06,0.000334046,0.0027737855,5.063472e-05,0.00012223647,8.099435e-06,0.00019316105,2.6953514e-05,0.0016433562,9.90367e-05,0.00035470846
BC2026_Train_0049_S22_20220203_221500_055,2.4804797e-07,2.0895654e-05,9.003408e-05,0.0012279869,1.32410705e-05,8.920764e-07,1.5111153e-05,3.283514e-05,0.00011002334,0.0015135977,0.013523018,0.0016434679,1.9870939e-07,9.880095e-06,0.00014928606,0.012468041,7.821234e-06,2.703966e-06,0.11091311,0.00092811073,6.851578e-05,0.2567865,2.9951293e-06,6.188249e-06,0.00042455463,1.5350184e-05,9.2024246e-05,2.2054403e-05,4.855232e-06,5.582159e-05,9.93805e-06,3.359116e-06,8.473169e-06,1.3802966e-06,2.9126404e-06,3.8858157e-06,1.8675189e-06,2.063928e-06,3.2282287e-06,1.8911586e-06,1.2358677e-05,5.3654408e-06,1.0564707e-05,4.7099697e-06,2.031302e-06,2.4463739e-06,4.379049e-06,2.1672313e-06,9.5193786e-07,1.5924824e-06,3.5117923e-06,4.433487e-06,5.0526723e-06,8.773178e-06,1.2192862e-05,3.7212852e-05,6.2381423e-07,0.054815702,3.4227528e-06,6.7712717e-06,0.11426283,1.2285667e-06,0.00060517405,0.20888405,0.90516007,6.529885e-05,2.16125e-05,8.78443e-06,1.4748955e-06,3.3351916e-05,1.0482715e-06,1.8812341e-05,0.00012250624,6.3626765e-05,3.8532423e-07,5.391331e-05,0.0005281076,0.00026321647,1.9363295e-05,3.091367e-05,0.00015612894,1.8322124e-05,0.0009283627,2.7931159e-05,2.21174e-05,0.000107133994,7.628899e-05,6.4695894e-05,9.727473e-05,0.00023161132,0.00034581567,0.0001765154,1.9152154e-05,0.00017170983,0.00014302538,0.00013781789,4.6004392e-05,1.748814e-05,0.00014052862,0.0007375062,4.355511e-05,4.4164594e-06,0.00020214776,0.00028644636,0.00014276961,6.424794e-05,4.7776252e-06,1.6695783e-05,2.531094e-05,0.0001613977,2.536243e-05,0.00022015416,1.0133817e-05,2.9949675e-05,8.9799825e-05,1.7391332e-05,5.5425302e-05,3.1575477e-05,7.946268e-05,0.00013044289,1.0053354e-05,0.00046083122,0.00024792168,0.0009039918,6.6601365e-06,0.00022480055,9.30647e-05,0.00025620422,1.7012844e-06,0.00027731195,0.00017699861,0.00027853373,0.00015566632,9.024601e-06,8.094023e-06,3.6309208e-05,2.3217239e-05,3.4569446e-05,2.1399002e-05,5.5754666e-05,0.00020598617,2.519222e-05,0.00010715883,9.2156406e-05,1.7350892e-05,2.1544754e-06,0.0002444562,5.0191902e-05,3.067229e-05,8.868782e-05,2.9148165e-05,1.873355e-05,9.65619e-05,2.603967e-05,0.000537025,0.000100731384,1.8953884e-05,2.5044925e-05,3.780332e-05,2.0769001e-05,0.00013677069,0.00010464781,6.32535e-05,2.2255987e-05,9.81345e-06,0.000118161995,1.1567516e-05,6.00212e-05,2.9054196e-05,0.00011121848,0.0002530297,3.3227057e-05,5.0436847e-06,2.5184343e-05,0.0003351839,7.5739754e-06,0.00013969054,0.00010153268,0.0004131536,3.756731e-05,0.00018183891,6.908853e-06,0.0010321391,0.00014992773,0.00016380577,2.6696447e-05,4.1633928e-05,0.000119135766,2.6676798e-05,3.909203e-06,0.00014168819,0.00018627832,0.0002641401,3.346202e-05,5.365839e-05,0.00011241339,0.0001611,2.7088256e-05,0.000581264,4.117708e-05,4.429932e-05,8.2688784e-05,1.3643744e-06,0.00045947166,1.9238318e-05,0.00059911975,1.4293927e-05,8.793345e-05,3.8551093e-06,0.0005590328,0.00021625333,0.00066736725,0.00014628084,0.00085786637,0.00024615563,0.00079507317,4.8648475e-05,2.8442624e-05,0.0001435644,2.7360551e-05,4.8374286e-06,0.000119924385,1.5417214e-05,4.9135224e-06,8.905884e-05,0.0018160164,2.406274e-05,8.119651e-05,3.036093e-06,0.00013938664,2.2397344e-05,0.00079053425,5.1473027e-05,0.0002569927
BC2026_Train_0050_S22_20220205_214500_000,2.3350509e-08,3.7589998e-06,1.9948343e-06,0.00017705043,1.2487841e-06,5.2969792e-08,1.0010742e-06,1.718647e-06,6.6539274e-06,0.00016520038,0.0008536006,0.000111308764,7.3016695e-09,6.466419e-07,3.27622e-05,0.031663854,2.9317698e-07,1.2071672e-07,0.4532918,0.00015036926,8.233803e-06,0.56189555,7.0442994e-08,4.1945069e-07,0.00029114512,6.840447e-07,2.4830912e-05,4.2768993e-06,8.006693e-07,2.301314e-06,3.2943228e-07,2.80254e-07,2.0713625e-07,4.1081044e-08,1.8499755e-07,4.942916e-07,1.7066276e-07,1.5018323e-07,6.2851385e-08,1.5116899e-07,5.83803e-07,1.9576063e-07,9.200077e-07,4.078795e-07,1.0834876e-07,8.7726434e-08,3.0875546e-07,5.4457594e-08,2.779412e-08,8.758199e-08,1.7124677e-07,2.924677e-07,3.208305e-07,2.7974346e-07,2.0376913e-06,8.989144e-06,1.0045763e-08,0.04964239,1.146789e-07,8.5595644e-07,0.657093,1.3398412e-07,6.783938e-05,0.5782497,0.98305315,7.0955457e-06,2.332486e-06,5.3046515e-06,3.7175976e-08,1.3032757e-05,1.652212e-08,1.7980649e-07,3.0759652e-06,0.00012451093,3.5426015e-09,2.723243e-06,3.026931e-05,3.6041394e-05,2.2487366e-07,1.2426409e-06,1.1702162e-05,5.401876e-07,2.1552258e-05,1.5776037e-06,6.486956e-07,2.6305268e-06,2.3604906e-07,3.4524444e-06,1.0625624e-05,5.593804e-06,5.0058872e-05,7.479393e-06,4.2538818e-07,4.867117e-05,1.9627876e-05,2.469284e-05,5.5563632e-06,6.262342e-07,1.5071432e-05,0.000118864795,5.8690516e-06,7.4268215e-08,2.9512536e-05,5.1604948e-05,4.9304068e-05,1.1907204e-05,1.4585356e-07,1.123707e-05,4.780679e-06,8.224934e-06,8.7212555e-07,6.0000716e-06,1.3369643e-07,9.352598e-07,5.698129e-06,8.4624975e-07,2.149812e-06,9.870166e-07,8.2378017e-07,8.240896e-06,2.9308694e-07,6.244244e-05,1.3131554e-05,0.00011611605,1.4205267e-06,5.721571e-06,5.6008075e-06,6.8931504e-06,9.381272e-09,1.55276e-05,6.105082e-06,6.739665e-05,3.0182404e-05,3.4227813e-07,3.9283228e-07,1.0227353e-06,4.638342e-06,9.1019336e-07,3.3324207e-07,3.5009693e-05,4.1561793e-06,1.6575974e-06,6.0354405e-06,1.5263431e-05,2.9886837e-06,7.702314e-08,5.9502686e-06,3.3366982e-07,4.8610326e-07,6.819988e-06,2.299732e-06,9.184885e-07,3.460263e-06,3.0511558e-07,2.7387046e-05,2.2514091e-06,3.8034435e-07,8.539182e-07,2.6119533e-06,1.2587717e-06,1.3027351e-05,1.06419e-05,4.3731634e-07,3.4345624e-07,7.848805e-07,1.2641572e-05,3.9188822e-07,7.911549e-06,2.8522305e-07,1.0652552e-05,6.5589447e-06,4.6506636e-07,2.0847953e-07,7.7928445e-07,7.439998e-05,1.0357871e-06,1.5271133e-05,3.7732689e-06,6.515883e-06,7.3490064e-06,1.8497071e-06,7.199132e-08,3.3465687e-05,1.4950139e-05,2.0888423e-05,3.423999e-07,7.182234e-07,1.5462565e-05,8.6722645e-07,1.7036518e-07,5.5827504e-06,1.1604786e-05,5.9353828e-05,3.6142021e-06,7.400601e-06,1.1693538e-05,2.0129983e-05,7.5114855e-07,2.4537747e-05,1.705339e-06,8.996304e-07,1.6513508e-05,5.7565448e-08,1.2076801e-05,1.489807e-06,4.4796867e-05,7.779918e-06,3.1411855e-05,1.197461e-07,2.0283218e-05,5.604856e-05,3.456338e-05,9.698677e-06,4.7848134e-05,4.5003082e-05,5.862038e-05,9.903914e-06,1.8339742e-06,3.5517517e-06,1.5980906e-05,8.001489e-08,7.6044753e-06,2.3340504e-06,5.417766e-08,8.934284e-06,0.00034626713,2.4593514e-06,2.2794778e-05,1.466083e-07,4.3063014e-06,1.5357167e-06,9.369407e-05,8.3582137e-07,2.2778457e-05
BC2026_Train_0050_S22_20220205_214500_005,9.645671e-09,1.2712683e-05,3.8823746e-06,0.0004210867,5.902854e-07,4.5884146e-08,1.1013727e-06,8.086369e-07,3.7025789e-06,0.00019688086,0.0013203137,0.0005672965,1.6685563e-08,1.0158036e-06,2.8680874e-05,0.0184323,4.8736723e-07,5.8176834e-08,0.574161,0.00038302733,1.2465326e-05,0.46846077,6.761128e-08,1.1859082e-06,1.3045453e-05,1.8974677e-07,1.2299475e-05,1.1178668e-06,2.570419e-07,9.189807e-06,1.5582874e-06,9.697563e-07,6.364407e-07,7.092267e-08,8.115751e-07,1.3272462e-06,4.1780623e-07,5.9388566e-07,2.1587954e-07,3.6520163e-07,2.7127346e-06,5.81222e-07,5.3963277e-06,1.2334928e-06,2.9113332e-07,2.4415743e-07,2.4750573e-06,1.7580233e-07,1.3183345e-07,4.931183e-07,8.54772e-07,1.8307239e-06,2.3111827e-06,8.8860264e-07,1.3535357e-05,8.718281e-06,5.3326325e-08,0.24501832,3.2742895e-07,5.490649e-07,0.82724845,1.510887e-07,7.278066e-05,0.2886914,0.9641022,4.4278377e-06,5.7814173e-06,2.51354e-06,5.291401e-07,3.0264548e-05,3.633218e-08,3.6061863e-07,4.3746036e-06,8.812766e-06,1.2610085e-09,1.5052752e-06,2.8110544e-05,3.660228e-05,1.8780946e-07,8.9328523e-07,6.2880736e-06,1.0462196e-07,1.27881085e-05,1.4328591e-06,7.375373e-07,1.4760016e-06,7.7888393e-07,6.49645e-06,4.880337e-06,1.0709703e-06,4.0321956e-05,3.540848e-06,1.3946891e-06,2.0953821e-05,2.2188893e-05,1.1377108e-05,2.5953814e-06,8.163505e-07,8.5496875e-05,0.00023427472,5.580185e-06,7.385813e-08,2.2222222e-05,2.3610031e-05,3.913614e-05,6.9597468e-06,3.2119228e-08,1.8997605e-05,3.2237836e-05,8.1715425e-06,1.2706126e-05,7.761487e-06,1.2869457e-07,8.786154e-07,2.1083235e-06,1.0005053e-06,2.4051274e-06,3.748253e-07,5.729493e-07,2.650124e-06,2.9919983e-07,2.4525743e-05,4.904562e-06,7.390846e-05,7.424505e-07,3.381483e-06,2.6704838e-06,1.926815e-06,9.144191e-09,1.9978554e-05,4.740839e-06,4.0580104e-05,1.2217026e-05,4.631357e-08,3.292652e-07,2.5189507e-07,2.4270835e-06,1.2246456e-06,2.2005005e-07,2.9630282e-06,8.714283e-06,3.5250393e-06,4.913349e-06,1.2599374e-05,2.7890724e-06,2.2900048e-08,3.390292e-06,1.1240859e-07,3.793301e-07,9.443862e-06,4.2985286e-07,1.5257244e-06,2.0599518e-06,2.8325536e-07,1.2930941e-05,4.9351627e-07,1.111698e-07,7.996117e-07,1.1748533e-05,1.463718e-06,0.00019501572,1.5005132e-05,2.4709058e-07,1.1342795e-07,1.2549775e-07,7.0901274e-06,2.6312995e-07,4.6592677e-06,5.515294e-07,1.5784022e-05,6.0422767e-06,5.280522e-07,5.5083028e-08,9.921978e-07,8.038004e-05,3.430454e-07,2.3104642e-06,4.2445918e-06,2.969099e-06,3.8798166e-06,2.7038263e-06,3.3311107e-08,3.21408e-05,1.1852109e-05,5.0555547e-05,1.9084399e-07,5.172322e-07,5.189792e-06,2.3607527e-06,8.180232e-08,5.2099003e-06,3.6185268e-06,1.3597757e-05,3.4956963e-06,4.175623e-06,1.184777e-05,1.6585002e-05,7.079008e-07,9.686928e-06,2.5266496e-07,1.2646664e-06,3.2378423e-06,2.1663098e-08,1.3664301e-05,1.0031739e-06,1.5298741e-05,4.3363116e-06,6.880153e-06,1.0559448e-07,2.1593258e-05,1.4324206e-05,3.682572e-05,3.8117514e-06,4.6010973e-05,1.2030603e-05,0.00010892121,2.6077519e-06,1.5601954e-06,1.6628554e-05,4.631791e-06,4.928644e-08,1.13675205e-05,1.7002819e-06,7.1531296e-08,2.1674732e-05,0.00013076232,5.3504336e-06,5.4246157e-05,4.4050793e-07,1.7344655e-06,1.0178993e-06,0.00010042247,4.4809147e-07,2.6385202e-05
BC2026_Train_0050_S22_20220205_214500_010,9.319142e-08,1.6764532e-05,6.1700225e-06,0.00081480487,3.2836783e-06,1.1406917e-07,2.9263194e-06,4.52356e-06,9.093456e-06,0.000421511,0.0029645886,0.00048842735,6.206786e-08,3.001583e-06,9.658031e-05,0.020093119,1.04955e-06,2.9073988e-07,0.50279087,0.00028791936,1.7383685e-05,0.4127611,3.7237155e-07,3.848167e-06,0.00015277766,1.942566e-06,5.347185e-05,2.126337e-06,1.0929404e-06,4.3494074e-06,2.3246314e-06,1.4201936e-06,1.7127026e-06,2.869988e-07,1.8423412e-06,2.2614543e-06,1.1962449e-06,1.1003847e-06,6.968507e-07,9.057175e-07,6.689296e-06,1.3570698e-06,8.388706e-06,1.9042196e-06,8.446049e-07,7.8060395e-07,3.4482161e-06,4.5855012e-07,2.4014e-07,6.974724e-07,1.4679956e-06,2.469446e-06,2.3966395e-06,2.8725235e-06,1.2877728e-05,4.299658e-05,1.5476078e-07,0.12356692,2.5914784e-07,1.3899063e-06,0.6352487,3.8436522e-07,9.5927906e-05,0.36202136,0.96317536,5.087974e-05,9.341462e-06,5.651015e-06,1.1914448e-06,3.400247e-05,7.82716e-08,1.2787565e-06,6.667362e-06,5.7038418e-05,8.412206e-09,4.6774635e-06,9.296597e-05,8.195557e-05,5.1389907e-07,3.3054391e-06,1.583193e-05,7.2039876e-07,5.4791162e-05,5.646991e-06,1.4162591e-06,5.0096537e-06,1.8657939e-06,1.9806603e-05,1.4052595e-05,7.3812175e-06,7.20904e-05,1.9951458e-05,3.8963726e-06,0.000101465805,2.2159116e-05,2.141562e-05,1.0805208e-05,2.995241e-06,6.121947e-05,0.0002206644,2.9387755e-05,1.7657692e-07,9.122523e-05,6.967495e-05,8.3695086e-05,2.2951659e-05,5.902832e-07,4.020749e-05,7.1455456e-06,2.3313398e-05,1.2970673e-05,2.9959272e-05,6.7067907e-07,2.9753314e-06,1.173504e-05,2.9143355e-06,7.899395e-06,2.4341305e-06,3.8895123e-06,1.5458158e-05,8.0745866e-07,0.0002427366,2.1511374e-05,0.00016127061,1.4423134e-06,3.1947944e-05,1.4936801e-05,2.1630398e-05,8.602801e-08,5.780006e-05,2.5853473e-05,0.0001116959,8.2252314e-05,4.2206293e-07,4.0461273e-07,2.1387102e-06,7.472285e-06,7.877128e-06,1.0747622e-06,2.290904e-05,4.3276716e-05,8.308864e-06,1.9193512e-05,2.1072232e-05,5.282656e-06,4.1769937e-08,1.0504247e-05,7.8143523e-07,2.169237e-06,2.2261464e-05,2.1267485e-06,6.0406865e-06,8.146705e-06,1.3346944e-06,4.038341e-05,6.4380306e-06,1.2658998e-06,3.8269877e-06,1.7215854e-05,7.4010104e-06,0.00064375496,2.2772312e-05,8.9529703e-07,1.5066569e-06,1.4467604e-06,3.241129e-05,2.1077326e-06,2.4983905e-05,1.0368358e-06,2.9881488e-05,1.5714137e-05,4.25304e-06,4.3103057e-07,3.140997e-06,0.00015297548,1.7695975e-06,3.7339225e-05,6.560878e-06,1.6903254e-05,1.5281694e-05,6.5772665e-06,2.0482382e-07,4.677479e-05,3.0708492e-05,6.6880486e-05,1.3480894e-06,4.1592207e-06,3.239513e-05,4.613593e-06,3.519637e-07,3.6532325e-05,1.9441528e-05,5.749057e-05,2.1125492e-05,1.0771226e-05,3.094768e-05,4.5653927e-05,3.917581e-06,7.17505e-05,6.0521784e-06,3.5590651e-06,8.613071e-06,1.9396603e-07,2.0550899e-05,1.08142485e-05,5.40371e-05,1.3672317e-05,2.5843341e-05,3.6528485e-07,5.4246724e-05,0.00014689362,0.00020648722,7.88481e-06,0.000121399535,7.693284e-05,0.00018325365,9.972037e-06,7.550292e-06,1.7254035e-05,3.0259382e-05,5.9145754e-07,5.047307e-05,3.4607483e-06,1.772158e-07,2.7505617e-05,0.0007914867,1.0372844e-05,3.1017677e-05,5.3876505e-07,5.8241003e-06,3.9572296e-06,0.00012558396,4.5471284e-06,9.755293e-05
BC2026_Train_0050_S22_20220205_214500_015,4.3683735e-07,6.482132e-05,6.204405e-06,0.001058331,2.063627e-05,9.5108567e-07,2.8941004e-06,1.3351169e-05,0.00019681647,0.0013863932,0.0042082244,0.00044557036,4.411989e-06,1.0150918e-05,0.0003629184,0.055673636,1.2884448e-05,2.7694323e-06,0.7519157,0.0017979658,0.0004900841,0.2707559,3.10282e-06,2.4486928e-05,0.00013364028,6.7998866e-07,0.00048303476,1.1751594e-05,4.6237008e-07,9.5702955e-05,2.9835814e-05,8.442052e-06,8.480357e-06,2.10127e-06,1.185176e-05,8.553407e-06,6.938004e-06,6.7140686e-06,6.635879e-06,3.7434233e-06,5.7246412e-05,1.1263183e-05,7.823911e-05,7.3498195e-06,3.1710106e-06,2.8291759e-06,1.696797e-05,1.9016898e-06,2.8186514e-06,6.419711e-06,1.4665261e-05,1.9051307e-05,2.6964828e-05,2.289148e-05,5.8967045e-05,3.830078e-05,2.807213e-06,0.44529244,1.972997e-06,0.00014719283,0.67042214,1.766409e-06,0.0007367707,0.112005115,0.8052387,7.342577e-05,0.00018405095,6.4967844e-06,3.581547e-05,0.00022099858,2.4892955e-07,4.7892354e-06,2.6050997e-05,2.200224e-05,1.4993061e-08,8.668554e-06,0.00016647171,0.00014475924,6.4612195e-06,8.0157224e-05,0.00011840224,2.637568e-07,0.00011012464,5.7207286e-05,5.415661e-06,5.138877e-06,7.260646e-06,7.91237e-05,0.000115255934,1.1183455e-05,0.00037246864,4.1700918e-05,1.5855063e-05,9.981774e-05,8.469926e-05,0.00010826232,3.4849207e-05,1.7609105e-05,0.0001983848,0.00019197438,6.8069094e-05,1.670708e-06,0.00017852185,0.00017884422,0.0006836844,8.914275e-06,5.3310004e-07,0.0002122829,0.00014309221,0.00011889597,4.6656285e-05,0.00013054193,2.6706214e-06,8.5838465e-06,1.7065582e-05,1.0395136e-05,3.8964503e-05,1.4834329e-06,1.2042828e-05,1.0838418e-05,1.311197e-05,0.00054491445,3.256136e-05,0.0002589705,4.3412543e-05,1.5462021e-05,0.00014235663,1.112214e-05,3.604612e-07,0.0001370208,0.00023835072,0.0011355532,6.673135e-05,1.716033e-06,2.0287716e-06,5.5823893e-06,5.402876e-05,3.8072303e-05,7.4572e-06,4.214432e-05,0.0001571408,3.3775243e-05,2.0673378e-05,0.00013021223,6.68685e-05,3.9017988e-07,1.8635905e-05,9.441893e-07,8.658491e-06,8.33058e-05,3.4668858e-06,2.2087994e-05,7.8449075e-06,3.3445717e-06,8.9401496e-05,1.3237939e-05,5.082084e-06,7.4439913e-06,0.00043820264,5.0912156e-05,0.0004769228,4.6254652e-05,9.525067e-06,1.9813613e-06,7.832423e-07,0.00022253598,1.8634058e-06,0.00010830693,7.9927095e-06,0.00016480563,2.7116013e-05,7.2002144e-06,8.4176315e-07,5.0049834e-06,0.0002632815,8.04352e-06,4.1361935e-05,1.7887138e-05,2.1122049e-05,2.0623582e-05,2.548805e-05,5.407257e-07,0.00020975986,7.088922e-05,0.00019073694,1.4743665e-05,3.914948e-06,1.3479439e-05,2.8572302e-05,3.3796262e-06,2.5720381e-05,3.6694124e-05,3.0796647e-05,8.9234985e-05,2.06224e-05,2.5877374e-05,5.7412555e-05,7.64365e-06,5.4175383e-05,2.1223022e-05,1.2911607e-05,4.2263335e-05,9.283002e-07,2.9344626e-05,7.2207754e-06,4.407699e-05,2.260314e-05,4.0649007e-05,8.3399317e-07,0.00013940125,4.2289295e-05,0.0005060645,2.315378e-05,0.00018536992,0.00044206905,0.000493825,1.117484e-05,0.00018938306,0.00012463232,6.6545224e-05,8.9903773e-07,0.00030042182,5.4808148e-05,1.5476567e-06,0.00033606705,0.0004523005,3.653288e-05,8.942579e-05,1.4372496e-06,8.768795e-06,2.4315053e-05,0.00038533556,5.8197534e-06,8.631301e-05
BC2026_Train_0050_S22_20220205_214500_020,9.249601e-08,5.5238615e-05,9.514581e-06,0.00035981653,4.6352596e-07,9.352708e-08,1.3856526e-06,5.034286e-07,3.318031e-06,2.6350304e-05,0.00013104393,3.5828074e-05,2.7688879e-08,2.4318194e-06,0.00026633716,0.012173902,3.3054536e-07,6.4304373e-07,0.46810147,0.00014559424,6.188639e-05,0.72564673,2.3028412e-07,2.6952225e-06,5.0392708e-05,1.3797477e-06,7.405533e-05,2.5556778e-06,1.0380224e-07,1.0787413e-06,3.1697466e-06,1.185258e-06,7.537642e-07,1.6565245e-07,1.6392346e-06,1.2689286e-06,6.1083676e-07,1.1789832e-06,2.0487364e-07,7.068302e-07,3.4952966e-06,8.616954e-07,1.8651996e-05,1.21392e-06,7.258723e-07,5.775135e-07,2.730217e-06,2.6497224e-07,1.743085e-07,5.7270074e-07,2.374748e-06,4.1406315e-06,6.302344e-06,1.4634641e-06,2.3682147e-05,5.4241737e-06,8.077407e-08,0.078138955,3.3714068e-07,4.8033144e-06,0.709762,9.486972e-08,3.722829e-05,0.2670053,0.9923626,1.6916314e-05,2.9720011e-05,5.3321364e-06,1.0868702e-06,3.25266e-05,8.948382e-08,2.430182e-07,5.4330317e-06,1.7638871e-05,2.1307107e-09,7.0519873e-06,7.432899e-05,0.0001741319,2.2815408e-07,1.3541308e-05,1.0463815e-05,1.2281731e-06,1.1166488e-05,3.23749e-05,3.5100275e-06,3.0416718e-06,8.857709e-07,4.4612125e-06,1.2182273e-05,5.20212e-06,0.00010348547,1.9232852e-05,3.1601935e-06,0.00010888424,4.9783088e-05,7.533987e-06,4.71961e-06,1.1720584e-06,4.432577e-05,0.00020043405,8.44268e-06,4.2881197e-08,3.4815694e-05,1.4740092e-05,7.1815535e-05,1.065623e-05,5.9736544e-07,1.2855618e-05,2.0606634e-05,3.8508253e-05,1.2123604e-06,6.061276e-06,1.6563838e-07,3.2575747e-06,3.978492e-06,3.9780488e-07,2.4873689e-06,1.1251773e-06,1.6351017e-06,7.427965e-06,6.7058056e-07,0.0005698147,5.982536e-06,6.4670356e-05,5.795146e-06,1.5597475e-06,1.4781675e-05,3.2301043e-06,4.7806786e-08,1.119703e-05,1.2564421e-05,4.7125402e-05,6.840877e-05,2.8326832e-07,1.106169e-07,4.6571972e-07,9.430732e-06,2.0792488e-06,2.2309418e-06,2.8374894e-05,6.7763813e-06,1.0187712e-05,5.816661e-05,1.47863e-05,8.301224e-07,3.459087e-08,1.1201632e-05,1.1857951e-06,2.3989762e-07,1.4161877e-05,8.583237e-07,5.841829e-07,1.0028641e-05,1.7578569e-06,1.0762354e-05,1.5005097e-06,2.1821718e-06,4.3845304e-07,4.289959e-05,2.3951247e-06,0.00019640573,1.2798625e-05,2.3163484e-06,5.899956e-07,1.4204807e-06,1.4368876e-05,1.9564002e-06,8.2468705e-06,3.5157927e-07,3.0181223e-05,4.9127725e-06,7.7801093e-07,4.210325e-08,8.708565e-07,6.8066365e-05,1.4605039e-06,2.3688424e-05,3.783769e-05,2.6729844e-05,9.064027e-06,3.1417642e-06,2.9778896e-08,7.2467425e-05,3.534846e-05,4.006935e-05,7.586226e-07,1.5016692e-06,6.03078e-06,2.496671e-06,2.2963782e-07,2.5991092e-06,5.1813495e-06,6.577634e-05,1.6506658e-05,8.987746e-06,1.19154165e-05,5.717729e-05,1.9955212e-06,2.457636e-05,2.0107254e-06,4.4201083e-06,5.762334e-06,9.04575e-08,8.765466e-05,7.1775304e-07,1.1119191e-05,1.5695865e-05,2.6194588e-05,2.100087e-07,8.444603e-05,0.0001411247,8.356112e-05,5.5649016e-05,7.335634e-05,5.8079808e-05,0.00015641413,1.4352101e-05,4.367055e-06,5.2937453e-06,1.1195225e-05,5.4835432e-08,3.0103272e-05,7.728256e-07,5.1035865e-08,4.7128862e-05,0.00021899455,9.5290015e-06,0.00012555128,5.1550415e-07,2.466191e-06,6.07775e-05,0.0001357532,6.9959344e-07,4.1126532e-05
BC2026_Train_0050_S22_20220205_214500_025,7.1704235e-08,1.9238556e-05,2.395938e-05,0.0007386984,1.7659391e-06,5.555169e-08,1.1987359e-05,5.6249387e-06,6.030918e-06,0.00011656868,0.0016076006,0.00037209457,3.3352496e-08,2.0961081e-06,5.0959323e-05,0.007943005,6.3536663e-07,4.4640885e-07,0.22495914,0.00016426313,1.9306413e-05,0.47585726,6.0850005e-07,1.4995597e-06,0.00023273785,2.4058684e-06,3.7110825e-05,1.1871211e-06,2.3111114e-07,1.5374561e-06,1.2388567e-06,8.209584e-07,1.0287248e-06,1.3024413e-07,8.4113725e-07,1.4835728e-06,1.1074668e-06,1.0954145e-06,2.42907e-07,5.865582e-07,3.4349662e-06,8.017597e-07,4.0475347e-06,1.1892017e-06,6.4010686e-07,6.248931e-07,2.3640825e-06,3.091199e-07,1.6087083e-07,5.306739e-07,7.8341026e-07,1.2814032e-06,1.4262947e-06,1.1461794e-06,1.02852655e-05,1.1916019e-05,7.06773e-08,0.058569986,3.9338897e-07,8.750365e-07,0.77598286,4.903365e-07,9.776984e-05,0.5390501,0.996705,1.9851685e-05,5.852926e-06,9.856491e-06,2.3634507e-07,3.4076253e-05,1.366898e-07,2.2116089e-07,5.870126e-06,4.858329e-05,5.733475e-09,5.9668614e-06,2.9647823e-05,8.2946004e-05,2.5962552e-07,1.8517879e-06,1.4036068e-05,6.21346e-07,4.0785144e-05,1.0071098e-05,9.222065e-07,9.725564e-06,1.1647433e-06,2.6043472e-05,8.664529e-06,8.955953e-06,0.00010557232,2.3893002e-05,2.0415096e-06,0.00016161328,6.1564184e-05,1.1103592e-05,7.017377e-06,3.2608666e-06,0.00014269435,0.0004386822,1.2003374e-05,4.716869e-08,0.000114483046,6.7709334e-05,4.223541e-05,2.000782e-05,8.591476e-07,3.3842756e-05,1.1446957e-05,1.5219927e-05,3.5323485e-06,7.42196e-06,2.2112273e-07,3.8449166e-06,7.957359e-06,1.031033e-06,3.7455086e-06,1.4886608e-06,1.6754693e-06,1.254383e-05,2.812358e-07,0.0007244415,1.0703724e-05,8.1526945e-05,1.160313e-06,1.0492634e-05,1.025546e-05,6.6065927e-06,2.4657172e-08,1.10420815e-05,1.1899315e-05,4.65116e-05,0.00010254491,3.379815e-07,3.0824236e-07,4.5031652e-07,7.4085665e-06,2.0345844e-06,3.4836717e-07,4.087161e-05,1.1485831e-05,2.7536084e-05,1.5380061e-05,1.0018536e-05,2.1103049e-06,5.635531e-08,1.07853175e-05,1.4630606e-06,9.614603e-07,2.0053245e-05,2.3160303e-06,1.979169e-06,7.036307e-06,2.2784172e-06,2.7018623e-05,1.9007073e-06,3.7243262e-06,4.1459425e-06,6.5176605e-06,5.289885e-06,0.00037364048,1.0615232e-05,9.1817407e-07,1.6885587e-06,2.372989e-06,4.94309e-06,1.6646502e-06,1.1798723e-05,2.688666e-07,3.7085705e-05,1.0768195e-05,7.612737e-07,1.7066048e-07,7.809665e-07,0.00014753146,2.7276224e-06,1.51032145e-05,1.6522014e-05,1.1903229e-05,4.5200673e-06,5.2788732e-06,1.059552e-07,4.7399386e-05,5.438077e-05,4.6151814e-05,2.7517854e-07,1.24339e-06,1.4526844e-05,1.4508945e-06,3.5492656e-07,1.6390752e-05,1.0526881e-05,0.0002746963,6.1004666e-06,6.591394e-06,1.4514091e-05,6.4282016e-05,2.0768687e-06,7.287734e-05,3.0756394e-06,2.5116829e-06,1.0017839e-05,1.906417e-07,8.252147e-05,2.7400222e-06,4.3099084e-05,1.6507085e-05,5.2516985e-05,1.2752464e-07,3.4584547e-05,0.00020579438,8.197192e-05,4.0515293e-05,8.3203144e-05,6.997766e-05,0.00019117157,2.2560242e-05,1.9639954e-06,1.7123095e-05,1.6886079e-05,3.2343345e-07,8.599038e-06,1.4800215e-06,1.0619719e-07,1.8555214e-05,0.00035393087,1.1264128e-05,4.0296123e-05,5.867233e-07,4.4384287e-06,5.0894273e-06,8.744695e-05,1.6140361e-06,8.593359e-05
BC2026_Train_0050_S22_20220205_214500_030,2.2027244e-09,9.416607e-07,5.82844e-07,0.0002838988,2.690505e-07,8.164002e-09,9.267967e-08,3.6291672e-07,1.7939463e-05,5.04983e-05,0.0004480708,9.593642e-06,4.129368e-09,1.2118412e-07,8.802905e-06,0.017018262,4.050976e-08,2.0470502e-08,0.17183608,6.672237e-05,1.1676567e-05,0.5109469,3.7012537e-08,3.0059152e-07,5.9328024e-05,8.70904e-08,2.8351233e-06,2.391294e-07,8.47141e-09,4.2675103e-07,1.423787e-07,8.868623e-08,1.3991824e-07,1.8280229e-08,1.1611417e-07,1.14934565e-07,9.3767326e-08,1.01332894e-07,2.8471318e-08,5.8628196e-08,5.8804693e-07,9.4215864e-08,7.1199906e-07,7.9695496e-08,8.159133e-08,6.115094e-08,2.9243782e-07,3.053641e-08,1.7578751e-08,5.937509e-08,8.496253e-08,1.3779433e-07,1.5774636e-07,1.7721207e-07,1.4762353e-06,2.387111e-07,3.0797325e-09,0.043821074,1.0433914e-08,3.9544503e-07,0.4456794,2.2336483e-08,1.7551532e-05,0.3650418,0.98833,1.548228e-06,1.5028025e-06,7.899712e-07,1.3677816e-08,3.8860085e-06,4.1786654e-09,2.6924038e-08,9.3166244e-07,1.0806465e-05,2.0912562e-10,3.5821964e-07,4.5453376e-06,1.9186942e-05,5.9808265e-08,9.742671e-07,5.218682e-06,1.3749622e-07,4.491586e-06,1.8192421e-06,2.863058e-07,7.813212e-07,1.3415699e-07,1.8826705e-06,2.405804e-06,5.724627e-07,4.12943e-05,3.4503248e-06,2.7313266e-07,2.1141112e-05,1.0071837e-05,1.8276465e-06,9.633648e-07,3.7372914e-07,1.7145547e-05,5.178335e-05,1.42434e-06,1.7540234e-08,6.2418176e-06,2.283845e-05,1.5255543e-05,1.539776e-06,3.4178807e-08,2.9213645e-06,2.501528e-06,1.4098312e-06,3.2069715e-07,1.3660657e-06,2.4696757e-08,1.8844312e-07,9.3664335e-07,2.3205905e-07,8.8249095e-07,1.2579612e-07,2.1072933e-07,2.499563e-06,1.316165e-07,4.537207e-05,1.1422696e-06,4.3210322e-05,8.188612e-07,1.3031138e-06,9.312538e-07,1.2228379e-06,2.2885758e-09,8.982116e-07,1.2539897e-06,9.306267e-06,2.075049e-05,3.9771418e-08,7.0374504e-08,8.157764e-08,1.2089984e-06,2.241117e-07,7.10696e-08,5.4502298e-06,1.170728e-06,2.970577e-06,9.948841e-07,5.3480203e-06,5.5746045e-07,1.468586e-08,1.1530491e-06,8.4952966e-08,1.7267351e-07,2.2934923e-06,2.833502e-07,2.0387749e-07,5.531133e-07,1.5043308e-07,4.155137e-06,5.823928e-07,7.914184e-08,1.6300386e-07,2.2729653e-06,6.0541197e-07,8.666967e-06,1.157912e-06,1.8368345e-07,1.413013e-07,7.197568e-08,2.4483295e-06,1.0707951e-07,2.8384184e-06,9.225762e-08,8.905387e-06,8.680447e-07,1.4716427e-07,1.2870386e-08,1.3123761e-07,3.1473715e-05,3.3827303e-07,2.421708e-06,5.4574075e-06,2.5741135e-06,1.1408229e-06,7.8833733e-07,6.0157173e-09,1.9831401e-05,4.637524e-06,1.0071319e-05,1.00092755e-07,8.160285e-08,2.2829324e-06,1.5894494e-07,7.606512e-08,8.2735147e-07,2.16707e-06,4.1921376e-05,1.562165e-06,1.5244794e-06,2.214003e-06,2.7736403e-06,1.0205971e-07,7.387006e-06,5.1339947e-07,1.3520379e-07,1.6017855e-06,4.501836e-09,7.6257247e-06,3.6445184e-07,1.1084844e-05,2.0571838e-06,5.250661e-06,1.277839e-08,3.3742158e-06,2.8691076e-05,2.4267241e-05,2.2530887e-06,3.152352e-05,1.9478608e-05,2.6477737e-05,1.1498603e-06,3.6976203e-07,1.275169e-06,4.4003446e-06,1.2031141e-08,8.212975e-07,4.733055e-07,6.6832224e-09,1.6178471e-06,0.00018119025,7.5435025e-07,7.5083735e-06,3.211635e-08,1.4673071e-06,1.8417421e-06,4.2907854e-05,3.0836586e-07,4.112686e-06
BC2026_Train_0050_S22_20220205_214500_035,2.8246143e-08,5.7368425e-06,2.653528e-06,0.0005202931,1.6047229e-06,2.2663146e-08,4.0060195e-07,7.3946705e-07,8.457096e-06,6.851049e-05,0.0007939277,3.0918505e-05,1.9049663e-08,8.6302776e-07,8.076868e-05,0.011504596,2.586893e-07,1.4495222e-07,0.07171219,0.00021724158,3.303726e-05,0.64584464,1.6307912e-07,1.3042676e-06,3.795449e-05,6.3273086e-07,9.39962e-06,3.7953887e-07,1.6181676e-08,1.8006212e-06,7.9204494e-07,3.6515112e-07,4.6036504e-07,8.7036604e-08,5.2372405e-07,3.5074234e-07,9.3276753e-07,6.7709743e-07,1.7099428e-07,2.0690864e-07,3.0252343e-06,3.780671e-07,3.2891849e-06,2.8460084e-07,2.7974744e-07,2.4472297e-07,1.3455243e-06,1.2507587e-07,9.329172e-08,2.8304962e-07,4.132928e-07,6.1370724e-07,8.609726e-07,8.98754e-07,4.612339e-06,1.3077289e-06,3.2037057e-08,0.050910767,3.6661653e-08,2.1253597e-06,0.39879113,8.272743e-08,6.7424226e-05,0.26892713,0.9518184,3.2553608e-06,1.2422154e-05,3.1137731e-06,9.515642e-08,8.832564e-06,2.5408985e-08,1.2559079e-07,2.6470352e-06,3.2469485e-05,1.0023824e-09,2.0098857e-06,2.8051389e-05,5.4478765e-05,1.8341565e-07,7.539902e-06,8.339778e-06,2.0181879e-07,1.942185e-05,4.718143e-06,4.8684046e-07,2.3519906e-06,3.247424e-07,8.738483e-06,7.6203014e-06,2.3505556e-06,5.2156287e-05,7.022612e-06,1.2585689e-06,7.840364e-05,4.8243997e-05,2.748444e-06,5.6275994e-06,3.0060232e-06,6.390997e-05,9.55668e-05,1.08372715e-05,4.860012e-08,1.9927194e-05,6.1315004e-05,4.0257062e-05,4.095246e-06,1.5632291e-07,3.2508553e-05,8.709157e-06,8.655726e-06,2.64484e-06,5.8279397e-06,1.3350709e-07,1.440238e-06,4.457619e-06,8.583712e-07,2.0995033e-06,3.926386e-07,1.3608437e-06,9.987637e-06,6.5813117e-07,0.00022574306,5.379633e-06,8.8957e-05,2.065659e-06,4.369621e-06,5.5833425e-06,3.2475837e-06,2.591537e-08,2.5821166e-06,7.17111e-06,4.4906446e-05,3.9081056e-05,1.6076363e-07,1.421002e-07,1.1088497e-07,9.767746e-06,1.859041e-06,2.0622151e-07,1.3356047e-05,2.193309e-06,3.2302738e-05,6.2330078e-06,3.0243371e-05,6.8787756e-07,3.417431e-08,3.9340057e-06,1.7834938e-07,7.3119713e-07,1.1192696e-05,5.360774e-07,1.51246e-06,3.5644116e-06,9.569887e-07,1.3869821e-05,2.226519e-06,1.474475e-06,1.5330317e-06,1.4907443e-05,3.0822519e-06,6.930043e-05,8.33658e-06,1.7617624e-06,6.11787e-07,3.3770186e-07,6.3927387e-06,5.8498904e-07,6.089887e-06,2.0763227e-07,9.476647e-06,2.6213208e-06,8.322682e-07,8.539257e-08,3.1402257e-07,6.001353e-05,9.740273e-07,4.2793595e-06,1.8931485e-05,9.847002e-06,3.4206644e-06,5.701793e-06,2.956677e-08,3.2321626e-05,1.7729839e-05,4.0387145e-05,4.861287e-07,4.3526546e-07,5.380808e-06,1.5967526e-06,1.3784808e-07,5.3435188e-06,1.5856212e-05,2.9514475e-05,6.404839e-06,6.7785604e-06,6.243044e-06,2.6523861e-05,5.73438e-07,2.8444549e-05,2.1552974e-06,6.444896e-07,2.2384502e-06,6.3599295e-08,3.2438224e-05,1.2236077e-06,2.4494586e-05,6.922321e-06,1.1879949e-05,6.171784e-08,3.066746e-05,1.806787e-05,6.864428e-05,9.866064e-06,8.698768e-05,3.306159e-05,0.0001467525,7.0064234e-06,2.5909374e-06,8.118289e-06,5.7917423e-06,8.1997584e-08,6.8215622e-06,1.007449e-06,4.226489e-08,7.328961e-06,0.00033202796,1.1100236e-05,2.7686305e-05,1.0529682e-07,2.9667183e-06,1.1336505e-05,0.00012755237,1.1295348e-06,3.9527426e-05
BC2026_Train_0050_S22_20220205_214500_040,2.0958463e-08,8.537068e-06,3.0762787e-06,0.00050515507,5.0115756e-07,2.3279224e-08,1.1735068e-06,1.6242707e-06,8.805222e-06,0.0001037672,0.0005021962,5.109996e-05,1.3294343e-08,1.5258349e-06,2.8780414e-05,0.010020286,2.3647898e-07,1.0344963e-07,0.36319077,0.00017230718,2.1710624e-05,0.576485,1.2958759e-07,6.777867e-07,8.024265e-05,5.3341887e-07,1.1076961e-05,1.4039342e-06,4.62584e-08,1.2340223e-06,6.728317e-07,3.1270704e-07,5.135782e-07,5.2953233e-08,3.9148028e-07,4.317357e-07,3.9393902e-07,5.4651554e-07,1.0410858e-07,2.4117116e-07,1.881434e-06,3.3385123e-07,2.3702999e-06,3.502106e-07,2.499913e-07,2.1910022e-07,1.583147e-06,1.5362103e-07,9.184835e-08,3.0485816e-07,4.2928298e-07,7.429435e-07,9.3870545e-07,4.207018e-07,6.176875e-06,1.9390272e-06,1.3442461e-08,0.03665642,7.3971904e-08,1.1052047e-06,0.68932796,1.2082003e-07,2.1383703e-05,0.37331071,0.9945845,1.1033408e-05,4.3705713e-06,1.7456417e-06,1.5997644e-07,2.202277e-05,3.404699e-08,1.2657617e-07,6.2483928e-06,2.1131335e-05,1.7554649e-09,1.7605632e-06,1.7594737e-05,5.4454355e-05,9.5076594e-08,2.3389211e-06,8.397407e-06,6.8268724e-07,2.0969055e-05,1.0295196e-05,8.9370354e-07,3.8458447e-06,4.9899717e-07,3.864798e-06,3.9464508e-06,2.25072e-06,6.335655e-05,1.4602404e-05,1.2870076e-06,6.469546e-05,1.6129918e-05,4.3714176e-06,3.9763263e-06,1.8758886e-06,5.437662e-05,0.00022597412,8.289031e-06,4.8616908e-08,1.7472972e-05,4.5038236e-05,6.4461696e-05,5.2561077e-06,1.4179483e-07,1.2043069e-05,6.975735e-06,6.9797607e-06,1.4900598e-06,3.6587478e-06,9.638963e-08,1.0053786e-06,1.7522667e-06,4.7447963e-07,2.3329933e-06,1.857719e-06,5.556659e-07,7.5766193e-06,3.8287914e-07,0.00021391426,2.319328e-06,6.737358e-05,1.7363454e-06,5.5168266e-06,3.2105593e-06,2.72476e-06,1.0984881e-08,9.295952e-06,4.4209137e-06,1.5621497e-05,5.5562898e-05,1.9992744e-07,1.9402152e-07,2.3907924e-07,4.4769135e-06,1.4213465e-06,3.9530738e-07,2.090564e-05,6.7634364e-06,4.724235e-06,7.2009907e-06,1.6368009e-05,2.3683044e-06,4.6574545e-08,5.539491e-06,3.8950844e-07,3.7424596e-07,6.999625e-06,1.1268976e-06,4.3916612e-07,4.3323103e-06,8.60874e-07,1.6710119e-05,1.795085e-06,4.7497585e-07,5.519898e-07,6.726823e-06,2.583592e-06,0.0001664522,4.3819696e-06,8.784495e-07,7.143135e-07,4.946722e-07,2.6100558e-06,1.0875629e-06,6.692729e-06,1.5510314e-07,1.4115574e-05,3.7046693e-06,2.306083e-07,5.3602783e-08,4.6308367e-07,7.6912e-05,1.7812124e-06,3.4353986e-06,7.0371398e-06,6.638892e-06,4.0573514e-06,3.159534e-06,2.3119265e-08,4.065125e-05,1.880167e-05,2.117291e-05,1.6269667e-07,3.229499e-07,4.9656646e-06,3.1282903e-07,1.473779e-07,4.1934527e-06,6.7761166e-06,0.00011061909,5.922997e-06,2.873063e-06,8.773823e-06,2.0967973e-05,7.3932745e-07,2.989058e-05,1.6626875e-06,9.0689394e-07,2.4645783e-06,5.396809e-08,2.4759996e-05,2.0243283e-06,2.5193349e-05,7.735499e-06,2.6108273e-05,4.523856e-08,1.1741242e-05,6.19605e-05,7.071638e-05,9.6149915e-06,2.9474313e-05,3.1253494e-05,0.00012421778,2.8764846e-06,2.278285e-06,4.8991064e-06,1.5860916e-05,6.749235e-08,4.996294e-06,1.3101117e-06,1.6734294e-08,4.387196e-06,0.00026116715,5.197568e-06,2.2328053e-05,1.5656266e-07,2.933716e-06,1.5150561e-05,0.00012915235,1.1834385e-06,1.4174402e-05
BC2026_Train_0050_S22_20220205_214500_045,2.7119423e-08,2.8716495e-06,3.4766401e-06,0.00015122698,7.33081e-07,4.6120434e-08,5.3250807e-07,5.7360603e-06,1.9480076e-05,5.2764863e-05,0.001172989,3.190471e-05,4.8411295e-08,5.712977e-07,2.5269577e-05,0.0099299,2.1729072e-07,2.2091467e-07,0.12987235,0.0005101069,1.606233e-05,0.42652136,2.8305664e-07,9.4164454e-07,8.536131e-05,3.9704156e-07,2.1471798e-05,1.006431e-06,1.8208063e-07,3.1592535e-06,4.7621498e-07,4.8072e-07,4.8370504e-07,6.32819e-08,4.4776297e-07,6.188894e-07,1.2064645e-06,8.246559e-07,1.1636747e-07,2.0468596e-07,2.3456382e-06,2.666547e-07,2.20195e-06,5.4422446e-07,2.7785885e-07,2.496237e-07,1.1891086e-06,1.6049431e-07,1.2978312e-07,4.574106e-07,3.4482315e-07,5.4462896e-07,7.0379934e-07,5.0744575e-07,4.3529635e-06,3.7524271e-06,8.06157e-08,0.033601984,2.6045802e-07,1.7046302e-06,0.90538156,1.2595314e-07,7.326784e-05,0.29994673,0.9716519,8.83002e-06,8.124632e-06,5.0812846e-06,9.0318885e-08,4.066234e-05,2.6169639e-08,1.8819365e-07,5.828763e-06,1.1685423e-05,1.9178346e-09,1.7809305e-06,1.6597405e-05,6.6446046e-05,3.4485868e-07,1.4924307e-06,8.471262e-06,5.385622e-07,1.5438343e-05,7.6044525e-06,1.9600604e-06,5.0718777e-06,1.1791823e-06,2.2976845e-05,1.2536091e-05,2.3792795e-06,0.00019866665,1.4185192e-05,3.063646e-06,8.077854e-05,2.8798286e-05,5.5210267e-06,7.993799e-06,3.444936e-06,0.00022910704,0.000108378525,1.7721337e-05,6.728092e-08,4.5533798e-05,9.801525e-05,8.548864e-05,7.940022e-06,4.2034887e-07,1.6996213e-05,2.0752768e-05,7.691788e-06,1.2373408e-06,7.172363e-06,2.7175975e-07,2.6248658e-06,1.9544382e-06,1.8326418e-06,2.8293916e-06,1.1837614e-06,1.4074252e-06,6.7573574e-06,9.369238e-07,0.00028346904,4.3410246e-06,0.00012749193,2.1795677e-06,8.487736e-06,5.1681736e-06,4.015443e-06,2.5205145e-08,5.2333394e-06,6.0836587e-06,2.7095411e-05,3.251857e-05,3.7441302e-07,4.6024823e-07,3.0212618e-07,8.363768e-06,2.1493981e-06,3.2523985e-07,3.9506205e-05,4.5792794e-06,3.946637e-05,5.8556784e-06,2.51003e-05,4.2929796e-06,7.569346e-08,5.5427245e-06,3.001859e-07,2.2447477e-06,9.749682e-06,1.726277e-06,1.3780199e-06,3.324651e-06,2.8106845e-06,1.798513e-05,2.8157954e-06,1.0364898e-06,2.0601385e-06,2.1158317e-05,2.4824706e-06,0.00034694732,9.882959e-06,9.471835e-07,1.6690566e-06,6.121623e-07,6.3224506e-06,1.222185e-06,7.6181e-06,7.650065e-07,3.8496102e-05,9.380375e-06,3.4521568e-07,9.5359e-08,1.886004e-06,5.819435e-05,2.2161958e-06,9.628018e-07,2.9705276e-05,1.2209839e-05,3.6947056e-06,4.1434478e-06,3.1591366e-08,4.1876425e-05,3.857353e-05,5.827076e-05,5.1312435e-07,7.364184e-07,9.324248e-06,1.86401e-06,4.0714966e-07,2.278743e-06,1.0110465e-05,0.000115476825,9.583655e-06,6.4297783e-06,1.3053167e-05,3.236348e-05,1.4151505e-06,1.9983336e-05,7.018576e-07,2.6687985e-06,4.7331323e-06,5.591205e-08,4.6230925e-05,2.8047189e-06,4.5977024e-05,1.8278475e-05,8.184944e-05,7.502065e-08,3.0006908e-05,0.00013919486,3.8071652e-05,2.8802458e-05,6.298373e-05,0.00010427824,8.199592e-05,5.20214e-06,1.3038758e-06,1.8616453e-05,1.4129972e-05,2.801049e-07,8.758958e-06,2.4631847e-06,3.3240468e-08,1.2226071e-05,0.00080136966,5.3684553e-06,9.0461275e-05,1.5679232e-07,3.373302e-06,1.0146863e-05,9.563581e-05,1.600149e-06,1.9807983e-05
BC2026_Train_0050_S22_20220205_214500_050,1.8524632e-07,1.5459587e-05,2.5463925e-05,0.00033354355,5.094361e-06,1.929191e-07,1.8185918e-06,3.986517e-05,3.7923703e-05,0.00027609657,0.0028549873,0.0002634535,2.8583654e-06,3.8785183e-06,0.0003061024,0.010333481,5.212902e-06,8.03534e-07,0.26500228,0.00088953914,0.00019464007,0.0481843,1.4878518e-06,8.162359e-06,1.2178556e-05,1.5207576e-07,0.00016297212,1.0128678e-06,1.0135514e-07,2.6921043e-05,9.722207e-06,3.8598178e-06,3.8536537e-06,9.831555e-07,4.8269817e-06,2.9093817e-06,4.755991e-06,4.025205e-06,3.1997968e-06,1.7410363e-06,2.6224108e-05,3.5715916e-06,2.62478e-05,2.0038476e-06,1.480712e-06,1.1380247e-06,7.958216e-06,1.0770103e-06,1.2982464e-06,2.5470545e-06,4.6904224e-06,6.226586e-06,9.940155e-06,9.762643e-06,1.9233108e-05,1.4273643e-05,7.1209806e-06,0.11127515,2.9627267e-07,1.2953244e-05,0.33715624,1.6842114e-06,0.0003681582,0.037078157,0.4064111,1.0461201e-05,6.1244995e-05,2.3967082e-06,3.2889453e-05,8.104326e-05,4.906232e-07,2.2056026e-06,2.3833172e-05,8.9498135e-06,1.2849243e-08,7.925474e-06,0.0002779334,0.0001843381,6.873982e-06,1.7742932e-05,4.60266e-05,6.6978293e-07,3.1623364e-05,1.7196393e-05,4.8808915e-06,9.534337e-06,4.821392e-05,0.00016080152,0.00012817113,1.1558982e-05,0.00042936724,4.3237487e-05,2.3599834e-05,5.2772364e-05,6.44965e-05,8.353548e-06,2.8747028e-05,4.651445e-06,0.0019848412,0.0005699022,0.0001407656,3.018696e-07,0.00018843256,0.00010086134,0.0010275695,3.514266e-05,7.5628793e-07,0.00041873282,0.00062129484,0.00013788177,4.431009e-05,0.00011886367,4.1566313e-06,6.129099e-06,2.1169073e-05,1.0082784e-05,4.0252686e-05,2.170729e-06,8.448907e-06,3.476785e-05,4.9861555e-06,0.0007975598,4.4957953e-05,0.00022460561,2.0646487e-05,3.0267925e-05,9.71632e-05,1.694567e-05,4.6591032e-07,0.0002448404,6.111454e-05,0.0013096911,7.915986e-06,1.2430522e-06,1.5728145e-06,2.7796273e-06,3.8629376e-05,2.530428e-05,3.2058015e-06,1.1787712e-05,0.00026026633,5.6344103e-05,4.6208712e-05,0.00028276586,6.2567495e-05,2.5852532e-07,1.2419547e-05,5.8365663e-07,4.034859e-06,0.00038345536,2.1266148e-06,1.1539728e-05,1.3328627e-05,5.542085e-06,9.077676e-05,1.7312348e-05,1.1732528e-06,7.12111e-06,0.00030142942,1.6341417e-05,0.0007867766,5.4758417e-05,5.282656e-06,3.1044892e-06,8.3569137e-07,0.00012067575,7.2393022e-06,0.00012566146,8.484967e-06,8.544617e-05,1.774019e-05,5.063951e-06,5.491089e-07,1.4829414e-05,0.00044525578,6.419711e-06,2.471937e-05,4.5301862e-05,2.4611965e-05,1.871275e-05,3.084935e-05,4.725771e-07,0.00025385513,0.00015291771,0.00021668841,1.2846353e-05,3.498071e-06,4.653831e-05,4.0638035e-05,1.9154922e-06,2.394058e-05,2.5754327e-05,4.6592704e-05,0.00018603161,2.3243758e-05,4.9232505e-05,0.00012196332,5.1406123e-06,7.248539e-05,4.3878654e-06,1.0021174e-05,1.0380574e-05,3.941904e-07,5.729917e-05,1.1597008e-05,3.8398794e-05,5.16697e-05,2.0839932e-05,1.078371e-06,0.000191596,8.858698e-05,0.00037491712,5.219916e-06,0.0002699886,0.00017183137,0.00043077016,9.321004e-06,6.131143e-05,0.00045405462,2.5526899e-05,1.0139773e-06,0.0003011031,2.4146115e-05,5.260563e-07,0.00031450874,0.00058309117,4.8083333e-05,5.695015e-05,1.3902219e-06,1.0575442e-05,2.355994e-05,0.00027729,9.454423e-06,0.00013466929
BC2026_Train_0050_S22_20220205_214500_055,3.1163586e-07,0.00014476557,4.0954797e-05,0.0002559293,4.9108436e-05,7.3044583e-07,1.9037694e-06,0.0007821077,0.0006432637,0.00011505806,0.0035195462,0.00021139096,1.5498012e-05,9.508803e-06,0.0016951978,0.038520902,4.972786e-05,2.9438466e-05,0.18462831,0.00095644745,0.0017766013,0.06881449,2.2911245e-05,0.00025504385,1.6941809e-05,1.3515199e-06,0.005440049,4.01742e-06,1.7089388e-07,7.341632e-05,8.228816e-05,2.5776246e-05,3.558651e-05,1.5849077e-05,8.846095e-05,1.7592789e-05,4.5998775e-05,2.867338e-05,4.2855227e-05,1.40478505e-05,0.00047901314,3.9170678e-05,0.0006884568,1.4233245e-05,6.480782e-06,6.2991408e-06,5.9585782e-05,5.942148e-06,1.34382635e-05,1.7846261e-05,5.0011917e-05,5.7659294e-05,8.780499e-05,0.00026451057,0.00012632657,5.6497287e-05,0.00031071447,0.36786512,1.0218324e-05,0.00080179324,0.105183594,4.929255e-06,0.0018525885,0.03753357,0.3389942,0.0002708908,0.0004008531,2.7523704e-06,4.8177102e-05,0.0001876671,5.0154483e-07,2.1930222e-05,0.00012693828,3.4712596e-06,5.4175594e-08,1.9514026e-05,0.00019376793,0.0002100841,0.00012422075,3.029195e-05,4.780795e-05,3.8689396e-07,6.0801853e-05,3.1656404e-05,4.340432e-06,9.768519e-06,6.0183287e-05,0.00032291238,0.00032804778,2.5316613e-05,0.00016990009,0.0003245887,1.1447001e-05,2.8816912e-05,0.0001305962,1.1541533e-05,5.192899e-05,0.000111239686,0.0023562987,0.00013989196,8.759868e-05,6.185405e-06,0.00029394004,0.00012750713,0.00046554644,5.4076434e-05,1.2592455e-05,0.0002615691,0.00044820836,0.0008957505,0.00013139889,0.00044664223,1.5386664e-05,1.1679596e-05,6.550311e-05,3.158301e-05,4.981258e-05,3.6483232e-06,1.6375705e-05,3.125853e-05,3.558339e-05,0.0043870555,0.00022819512,0.00037780678,1.3895981e-05,5.7819023e-05,0.0012049559,7.4652766e-05,1.0597153e-06,0.00025277288,8.489316e-05,0.002067976,1.4667219e-05,6.7702967e-06,2.2384395e-06,2.5050422e-06,9.1678536e-05,0.00024209337,5.474046e-06,5.8475045e-05,0.0005182706,0.00023383889,4.1819116e-05,0.00044654324,0.00013501775,5.5070313e-07,2.6268533e-05,7.923154e-07,6.8303693e-06,0.0003541351,6.4781807e-06,0.000114481736,8.741134e-06,1.7939703e-05,0.0003110479,0.0004915855,1.14727045e-05,4.90759e-05,0.0060780467,3.24802e-05,0.00049048953,9.909281e-05,2.1748565e-06,8.169243e-06,1.2664938e-06,0.00035842092,8.150932e-06,0.00021676447,2.5417272e-05,0.00023864293,0.00025773008,1.6116048e-05,4.8599663e-06,5.631424e-05,0.00095382927,1.9834824e-05,7.595523e-05,3.3720786e-05,3.734172e-05,1.1646706e-05,4.6319186e-05,1.103548e-06,0.00027321975,6.433788e-05,8.354837e-05,9.204153e-05,9.651279e-06,0.00024312481,0.00015390174,7.878255e-06,6.117086e-05,2.2581788e-05,0.000116602365,0.00032771486,0.000120318306,0.00030294943,0.00027635042,2.2789973e-05,0.00017708183,2.2758462e-05,9.4645286e-05,0.00010088038,5.2277132e-06,4.9513314e-05,4.8095302e-05,4.067448e-05,2.5775335e-05,1.2634665e-05,1.930687e-06,0.005379937,0.00021445726,0.0005331417,3.4374305e-05,0.0017981097,0.00045171392,0.0016280605,2.8283177e-05,0.00024751187,0.0064010215,2.964706e-05,1.3799774e-05,0.0009886863,0.00011383806,7.998321e-06,0.00089413836,0.0011604644,5.251488e-05,0.00014015217,2.8449579e-06,8.848786e-06,3.1226139e-06,0.0007089603,6.367087e-06,0.0003156553
BC2026_Train_0051_S22_20220208_231500_000,1.099597e-08,1.1780882e-07,1.4779634e-07,0.0014109785,5.1525006e-07,8.761988e-09,9.114019e-08,1.698216e-07,0.0008148231,0.009456126,0.45915362,1.3797958e-05,2.7817773e-08,1.5747876e-08,2.8133988e-07,0.03280992,6.8036167e-07,1.2127972e-09,0.0088782795,9.277238e-06,6.802215e-07,0.009234255,1.3889917e-07,2.2507426e-07,1.3880551e-05,1.3618647e-08,3.3227892e-07,3.186588e-07,1.7091948e-07,0.00016028745,1.0126393e-07,1.9423203e-07,2.2771846e-07,4.4186145e-08,6.3775914e-08,1.8954076e-07,1.5014714e-07,8.5926665e-08,6.13065e-08,3.7515317e-08,9.207354e-07,6.419746e-08,1.8326072e-07,1.2005576e-07,2.5547141e-08,2.248361e-08,9.548186e-08,5.3517983e-08,3.285797e-08,5.9089825e-08,3.1451226e-08,3.7831985e-08,4.303089e-08,2.3495735e-07,3.382575e-07,5.5120434e-08,1.302714e-08,0.33266133,5.231253e-09,1.732956e-07,0.09425966,1.4202557e-09,0.0011257478,0.375824,0.06773753,1.9020331e-07,4.973472e-07,1.0767278e-08,7.1099797e-09,2.8870513e-06,3.2427303e-09,1.3354949e-07,7.564495e-07,8.1484393e-07,5.2874487e-09,1.5524877e-06,1.1332851e-05,7.3993588e-06,2.9237677e-07,4.753919e-07,8.782822e-06,4.543642e-08,1.2361941e-05,1.5836316e-07,6.8168134e-07,2.0853174e-06,8.5915246e-07,2.0238527e-05,1.7049884e-05,2.4965782e-06,2.4013456e-05,8.498657e-07,1.6561864e-06,1.588515e-05,1.4692517e-05,2.3587722e-06,1.0956287e-06,7.2189096e-06,4.3164987e-06,6.5092936e-06,9.2888814e-07,8.052779e-08,4.906383e-05,0.00049248274,3.1697426e-05,2.0080101e-06,1.5475512e-08,9.124974e-09,1.7155601e-06,1.7041652e-06,2.7914325e-06,9.476322e-06,2.0243787e-08,2.3260634e-07,1.58402e-06,1.6367259e-06,6.3075294e-07,1.0802952e-07,5.723573e-07,5.473446e-06,9.4406e-08,2.7050799e-06,2.4909368e-06,4.2488136e-05,4.6410804e-07,1.4624512e-06,9.0617374e-07,4.220478e-06,6.190683e-08,1.1423231e-06,7.337181e-07,1.2487957e-05,6.1280775e-07,1.7149829e-07,2.395074e-07,1.0791646e-07,5.8798133e-07,1.8267405e-06,2.1084773e-07,2.297102e-06,6.671235e-06,4.8588777e-07,4.3592684e-07,2.1394262e-06,1.746904e-06,6.1972725e-09,1.3617134e-06,3.0728552e-07,8.030292e-06,4.4041343e-07,1.2396353e-07,2.1858232e-06,1.4072615e-06,1.2926212e-07,1.2241925e-06,2.4221532e-07,5.8026558e-08,1.1551855e-06,5.2433256e-06,4.818813e-07,2.0439077e-06,5.961833e-06,8.7890703e-07,2.1431204e-06,1.890228e-08,2.0032066e-05,2.9738425e-08,2.0557306e-06,2.3279827e-07,1.1427989e-05,9.570883e-07,3.2972582e-07,4.741628e-09,6.3985664e-07,6.1847977e-06,4.6101434e-08,5.7790305e-07,1.4470031e-06,2.7702326e-06,7.7053534e-07,6.8985432e-06,3.2075025e-08,1.180354e-05,1.5148881e-06,3.186433e-05,2.4115652e-06,1.3860871e-07,5.0326435e-06,3.9805002e-07,4.0955126e-07,4.2321826e-06,9.879181e-06,9.227751e-08,5.936003e-07,1.4629142e-06,1.3110818e-05,4.001788e-06,7.992154e-08,1.171289e-05,7.042365e-08,5.225228e-07,7.488747e-07,2.9993328e-09,1.5648755e-05,3.0178296e-07,5.571518e-05,1.4879852e-06,6.0357515e-06,3.7088082e-08,4.246859e-06,2.5476909e-06,1.2414692e-05,6.0181065e-07,1.7838009e-05,7.09775e-05,8.543868e-05,3.5509318e-06,1.6885878e-07,5.787662e-06,8.805685e-08,1.30735875e-08,1.9466406e-06,1.3564302e-07,2.056521e-08,1.1073548e-06,0.00020686736,2.1598001e-07,1.0839832e-06,1.4382238e-08,2.6289115e-06,6.4026557e-07,1.0762507e-05,3.0884704e-07,6.2516056e-06
BC2026_Train_0051_S22_20220208_231500_005,1.7594214e-08,1.693655e-06,7.5045546e-07,0.0010236094,2.7504025e-06,9.842146e-09,1.301091e-06,3.1704906e-06,0.00021807004,0.00066704804,0.072791755,1.170724e-05,4.8269033e-08,5.0646626e-08,1.2963819e-06,0.014153138,9.3838315e-07,7.220654e-08,0.02852191,3.8682898e-05,1.2502876e-05,0.0104952045,2.6862952e-07,3.8661662e-07,1.9429517e-05,7.065951e-08,2.2422616e-06,1.3150537e-06,4.2366833e-07,5.9811162e-05,4.8232636e-07,5.8772343e-07,5.625994e-07,5.686093e-08,2.2644359e-07,7.8747996e-07,5.619618e-07,2.8020696e-07,1.29372e-07,1.9737242e-07,1.354299e-06,3.072143e-07,7.401408e-07,6.669904e-07,7.8325805e-08,6.643547e-08,3.6030855e-07,1.0428367e-07,9.766452e-08,3.282099e-07,1.9711e-07,2.4786047e-07,2.5650854e-07,4.5180792e-07,2.6049083e-06,4.362479e-07,1.7714155e-08,0.45185244,7.280188e-08,2.0107878e-05,0.8955068,1.8229846e-08,0.0006184039,0.6346516,0.8740919,1.951786e-06,7.5108267e-07,6.128685e-07,3.9227683e-09,6.670993e-06,1.3323892e-08,6.120637e-07,1.195483e-06,2.9027718e-05,8.733074e-09,7.712111e-06,2.894101e-05,1.5935966e-05,5.208173e-07,8.2844656e-07,6.5016316e-06,1.5833645e-07,1.2536821e-05,1.9266518e-07,3.9496635e-07,2.5547174e-06,1.0935148e-06,7.845424e-06,7.4844165e-06,7.914485e-06,1.9094598e-05,3.5565783e-06,8.8838834e-07,0.000107670654,1.5606802e-05,1.6022615e-05,1.0210141e-05,2.3017503e-05,1.8579934e-05,3.151351e-05,2.5041895e-06,5.90017e-07,1.7937067e-05,0.00018484396,1.276071e-05,4.261924e-06,7.285522e-08,2.9035638e-07,8.924355e-06,5.3614763e-06,7.164243e-07,5.1969137e-06,6.098333e-08,3.3269507e-06,6.0278367e-06,2.3243476e-06,3.3103827e-06,5.1276874e-07,7.0017945e-06,4.402704e-06,1.06765036e-07,5.7483703e-06,3.804789e-06,0.00010283269,5.225108e-07,3.0243427e-06,1.1336215e-06,2.6653343e-06,1.393711e-08,2.2494582e-06,1.071892e-06,1.5947186e-05,2.3243358e-05,7.5802313e-07,4.0353373e-07,1.6691475e-07,1.3085458e-06,1.9873112e-06,4.8335323e-07,0.00013460395,1.5060176e-06,2.4852159e-06,4.7943854e-07,5.1706925e-06,2.1770562e-05,4.3168917e-08,6.309181e-06,5.2070153e-08,3.2631302e-05,2.4909461e-06,9.252542e-06,2.0112202e-06,1.264617e-06,2.064972e-07,1.0840559e-05,7.529027e-07,2.7195808e-06,1.1526259e-06,9.2560285e-06,6.292491e-07,1.3915833e-05,1.3567005e-05,2.619739e-07,9.585023e-07,2.7999087e-07,1.9930045e-05,6.044912e-08,4.145017e-06,2.3675905e-07,2.836091e-05,4.8163456e-06,6.617318e-08,2.913471e-08,2.059127e-06,6.648363e-05,5.698101e-07,5.644217e-07,2.0337734e-06,1.8881275e-06,2.599181e-07,1.2155837e-05,1.7310333e-07,0.00013280213,2.7630203e-05,2.2862767e-05,2.4509038e-06,4.4246744e-07,4.448985e-06,2.7578724e-07,2.8906445e-07,1.04775645e-05,2.9550834e-05,5.760778e-06,1.4130131e-06,3.7400332e-06,5.3076164e-06,6.2532126e-05,4.5234168e-07,1.5153682e-05,1.0146558e-07,2.2273919e-06,2.4734793e-05,2.0111434e-08,1.8114331e-05,1.1885406e-06,6.67199e-05,3.4920845e-06,2.6132486e-05,2.6475172e-07,4.3267405e-06,7.3549522e-06,5.144869e-06,5.0508374e-06,3.590188e-05,0.00043981062,6.217251e-05,7.278206e-06,9.560547e-07,1.0253631e-05,6.6049336e-07,1.6171576e-07,8.510105e-06,1.6473776e-06,1.4910022e-07,1.8205426e-05,0.00025941237,2.9711325e-06,7.177508e-06,2.4375447e-07,2.1408323e-06,3.1483341e-07,6.992436e-05,1.4493632e-07,7.698598e-06
BC2026_Train_0051_S22_20220208_231500_010,1.09716936e-07,3.1898777e-05,2.8968012e-05,0.0013648598,5.832435e-05,3.0531933e-07,6.752582e-05,4.392568e-05,0.00012629008,0.00037566148,0.021948792,0.00021400503,1.0842436e-06,4.2259394e-06,4.7505277e-05,0.013710102,6.643433e-06,1.2585384e-05,0.13465394,0.0011048875,0.0003249181,0.30538794,3.5239605e-06,5.3981958e-06,5.994958e-05,9.101446e-06,1.8993074e-05,1.042649e-05,3.5807213e-06,2.4766656e-05,4.433263e-06,3.2484973e-06,3.8745184e-06,8.9983547e-07,3.8237445e-06,6.606101e-06,1.1262475e-06,2.5363238e-06,1.338632e-06,4.6774503e-06,7.638869e-06,3.857448e-06,1.4795384e-05,4.127613e-06,3.1708869e-06,2.8540123e-06,8.732619e-06,1.1088714e-06,7.073211e-07,1.802616e-06,4.2774823e-06,7.3089705e-06,7.0104134e-06,4.965296e-06,2.7664135e-05,4.2533582e-05,3.2091006e-07,0.17246652,8.396199e-06,9.062851e-05,0.83689797,1.9345057e-06,0.0019022984,0.5064068,0.984453,4.648291e-05,1.3895981e-05,9.876071e-06,1.2337423e-06,4.080708e-05,1.7906223e-06,1.1980215e-05,6.153213e-05,0.00032210897,2.1797291e-07,0.000220932,0.00038745804,0.00029098807,1.2908541e-05,2.3283757e-05,4.4806566e-05,1.950264e-06,0.0008259895,7.955249e-06,8.35041e-06,0.00011811266,0.00014007803,7.03649e-05,0.00013545025,0.0005723194,0.00022561179,9.4266994e-05,8.26048e-06,0.000385579,9.075271e-05,0.00013112529,5.048617e-05,1.5053088e-05,0.0003368529,0.0011413298,1.30725775e-05,2.2163606e-06,0.00058294396,0.00022321621,9.067321e-05,0.00013715205,1.2615016e-05,1.2462699e-05,5.1358882e-05,0.00014711959,1.7039773e-05,0.00026193797,4.5487373e-06,1.7278455e-05,7.4134114e-05,8.728405e-06,3.604796e-05,1.6571974e-05,5.0540508e-05,4.2215757e-05,4.890578e-06,0.001670502,8.945881e-05,0.0007335344,6.62719e-06,0.00015028054,2.6900078e-05,0.00014548753,8.718087e-07,4.36232e-05,2.8902397e-05,5.868694e-05,0.00034115155,6.486007e-06,3.0497554e-06,6.549169e-06,2.518086e-05,3.14242e-05,1.1726839e-05,0.00010648095,0.00010242909,4.6180387e-05,7.7955585e-05,1.7943397e-05,2.6448133e-05,1.3177139e-06,0.000107952554,9.497131e-06,1.632478e-05,5.8534293e-05,9.120993e-05,3.0704596e-05,5.863911e-05,1.9306615e-05,0.00013600559,2.8187695e-05,2.8142733e-05,6.721059e-05,2.5966716e-05,2.4292733e-05,0.00030229334,9.893144e-05,1.9286428e-05,1.4170051e-05,4.0079103e-06,0.00024357402,3.0515855e-06,5.146621e-05,4.470314e-06,0.00015627578,0.00014801366,7.631136e-06,1.2568332e-06,2.1852038e-05,0.0005186934,1.2150876e-05,2.0642608e-05,9.1008355e-05,7.806129e-05,2.7142558e-05,0.00015338708,4.947113e-06,0.00023374817,0.00032903661,0.00015306332,7.191266e-06,2.7192875e-05,7.076002e-05,2.0041218e-05,4.6045075e-06,0.00018927654,0.00020898589,0.00024157735,3.3122593e-05,2.1216772e-05,0.00023538704,0.0003049553,6.464104e-06,0.00016611716,1.5478796e-05,9.1798735e-05,6.582697e-05,5.89612e-07,0.0008703197,2.2360591e-05,0.0004238421,2.9843497e-05,0.00011272448,2.346099e-06,0.00017260778,0.00033913137,0.00022856377,8.8554036e-05,0.0002571432,0.00022956623,0.00017363483,0.00019641641,3.2150794e-05,0.00021469008,4.441052e-05,3.3845405e-05,8.7843524e-05,1.6037504e-05,3.164063e-06,0.00017673771,0.0013284752,2.6140513e-05,3.3123983e-05,2.5404318e-06,5.8676644e-05,1.7676726e-05,0.0002493219,5.967766e-06,0.0003355695
BC2026_Train_0051_S22_20220208_231500_015,2.0151138e-08,5.1469356e-06,4.538208e-06,0.00069434085,8.478448e-06,4.70491e-08,2.2772267e-06,2.6117464e-06,0.00044764625,0.00027362045,0.03101895,0.00010569541,3.3136533e-07,1.8234508e-06,7.386907e-06,0.028093604,7.811388e-06,5.6241265e-07,0.16632624,0.00061173755,0.00028775912,0.16680108,1.1312951e-06,1.2743666e-06,1.8563322e-05,1.5707129e-06,6.0445186e-06,5.2138666e-06,1.2357661e-07,1.1388572e-05,1.1726477e-06,5.2041514e-07,9.903034e-07,1.2970654e-07,8.6527103e-07,6.812453e-07,2.1357823e-07,5.4348175e-07,2.4477524e-07,3.6906027e-07,2.6421171e-06,5.974048e-07,3.0457093e-06,5.714966e-07,3.8384582e-07,3.5436142e-07,1.6057668e-06,2.3365149e-07,1.6368678e-07,4.1489577e-07,6.52654e-07,1.0689183e-06,1.1448948e-06,1.1629619e-06,4.703892e-06,2.196983e-06,1.431524e-08,0.13774955,4.1670356e-07,1.0940919e-05,0.83162254,6.1221435e-08,0.000908131,0.70381147,0.98458004,1.8744882e-05,7.8122885e-06,4.7949385e-07,2.5253078e-07,1.2018448e-05,1.4243248e-07,7.3607714e-07,6.8111417e-06,2.7541457e-06,1.0936944e-08,2.237977e-05,0.00031769925,7.9262965e-05,2.755086e-06,3.7847692e-06,2.5487032e-05,5.7916594e-07,7.0377515e-05,1.6933544e-06,1.2609115e-06,2.1736623e-05,8.253322e-06,1.2938589e-05,1.3077104e-05,2.0599522e-05,0.000107629494,7.765463e-06,1.0280256e-06,5.566919e-05,2.2605833e-05,1.4742161e-05,1.0552562e-05,4.950435e-06,3.2472486e-05,0.00014030903,6.5086047e-06,2.2976357e-07,3.9319555e-05,0.00013915372,5.0231836e-05,1.223595e-05,4.2176035e-07,1.3449792e-06,2.5077214e-05,3.313207e-05,1.7849347e-06,8.769246e-06,2.5802825e-07,1.1313501e-06,2.283307e-05,7.8037993e-07,2.1758546e-05,1.3573662e-06,7.6081237e-06,1.6858243e-05,1.1699099e-06,0.00041251702,1.6898643e-05,0.00015240909,1.6392705e-06,7.0642445e-06,4.191138e-06,2.2267322e-05,6.506344e-08,1.8285258e-05,4.5100646e-06,1.8760173e-05,1.8738465e-05,8.5711883e-07,5.962926e-07,1.2234898e-06,4.1331236e-06,4.4902968e-06,1.3482013e-06,3.589065e-05,3.195151e-05,3.0277251e-06,1.2060711e-05,9.085715e-06,9.701183e-06,3.1867583e-07,2.7771479e-05,7.4001457e-07,2.8098136e-06,5.263285e-06,2.0024292e-05,1.1632713e-06,6.865949e-06,1.4674695e-06,3.521378e-05,1.9208996e-06,1.0197863e-06,4.5136917e-06,5.846053e-06,2.1331084e-06,2.2443119e-05,1.375122e-05,3.465101e-06,3.121849e-06,5.035866e-07,2.3068924e-05,8.4042847e-07,6.0226184e-06,4.6048933e-07,1.7450922e-05,3.020763e-05,2.9351492e-07,6.616586e-08,2.9330724e-06,9.099066e-05,6.065348e-07,2.8561035e-06,1.0158025e-05,8.652432e-06,3.1073093e-06,2.8974868e-05,3.9115002e-07,9.941745e-05,7.0480266e-05,2.6288055e-05,1.8363595e-06,3.35642e-06,6.9837356e-06,1.9118092e-06,6.567298e-07,1.0026382e-05,6.4093554e-05,1.2142374e-05,4.71432e-06,2.3725522e-06,6.1155115e-05,0.00013099557,8.786221e-07,3.784693e-05,1.8617768e-06,3.9835986e-06,2.526018e-05,1.2248694e-07,7.342178e-05,8.6189596e-07,0.000135769,5.939128e-06,4.9745217e-05,2.413603e-07,6.163649e-05,3.647513e-05,2.0438281e-05,1.4772488e-05,6.0901722e-05,9.19888e-05,9.2771144e-05,8.316443e-06,6.413231e-06,2.4133982e-05,6.5816776e-06,5.880144e-07,6.0633298e-05,2.273206e-06,1.15296956e-07,9.514881e-06,0.00013350515,3.2769524e-06,6.1326778e-06,1.6104259e-07,9.612204e-06,4.4748476e-06,7.396189e-05,2.9249607e-06,4.4749173e-05
BC2026_Train_0051_S22_20220208_231500_020,1.2455983e-07,1.1432251e-05,4.218957e-06,0.0007652314,5.2301816e-06,1.7106443e-07,3.937357e-06,2.803034e-06,0.00015449295,0.0005025201,0.010672264,0.00019538552,1.6419398e-07,7.0499154e-06,4.0058763e-05,0.030961197,2.7897825e-06,1.6706986e-06,0.15563011,0.00086784165,0.00010112058,0.20927286,1.0052981e-06,1.8425943e-06,0.00013353367,7.366429e-06,1.4384685e-05,2.0092908e-05,2.9314956e-06,1.35430255e-05,2.4575088e-06,1.427499e-06,1.7838202e-06,2.8644183e-07,1.1647578e-06,2.5398942e-06,5.882259e-07,1.1416031e-06,4.139887e-07,9.192473e-07,3.74337e-06,1.2094031e-06,4.8671e-06,2.1269595e-06,9.802476e-07,9.3699174e-07,2.499265e-06,4.990033e-07,2.8462745e-07,7.557832e-07,1.3108391e-06,1.8632353e-06,1.788629e-06,1.784802e-06,1.32630985e-05,1.5875943e-05,2.4849232e-08,0.09290893,5.0063926e-07,4.6415138e-05,0.6469863,1.7013299e-07,0.0005128916,0.5621457,0.9670981,3.16151e-05,1.5480051e-05,4.185522e-06,1.7227954e-07,2.0106767e-05,2.7269226e-07,1.7145984e-06,2.6823815e-05,5.4494718e-05,4.3967987e-08,7.3818715e-05,0.00047465332,0.0001230942,2.6533837e-06,2.4701718e-05,5.0529903e-05,1.6416031e-06,0.0004356378,2.0789473e-06,5.4383972e-06,1.9585936e-05,4.8996294e-06,1.3058485e-05,3.215116e-05,5.808058e-05,7.621839e-05,5.3255924e-05,2.6620953e-06,0.00019457977,6.664537e-05,8.175272e-05,3.274983e-05,1.6305006e-05,2.0470095e-05,0.0002884381,8.435854e-06,8.239554e-07,6.919458e-05,0.0002389421,0.00015970849,2.3513927e-05,5.6861586e-07,1.6526127e-06,1.4664632e-05,6.1285245e-05,2.0937189e-06,2.7729666e-05,6.9897726e-07,7.4744157e-06,2.3144861e-05,2.7668398e-06,2.3248835e-05,2.8377797e-06,1.7039416e-05,2.5440455e-05,1.7964464e-06,0.00036794977,2.7032438e-05,0.0003196753,9.027675e-06,1.5671112e-05,1.0840279e-05,6.354685e-05,1.8859468e-07,1.9784553e-05,1.977435e-05,6.152685e-05,8.873028e-05,2.7827994e-06,9.737961e-07,1.2162319e-06,8.563969e-06,1.02106e-05,4.039753e-06,8.458626e-05,1.21072335e-05,4.0629075e-06,2.0378046e-05,1.4445915e-05,9.332931e-06,6.0147386e-07,4.9467013e-05,2.6959503e-06,8.439822e-06,8.371085e-06,3.4558932e-05,8.534113e-06,1.5712549e-05,2.826646e-06,0.00014337002,6.923918e-06,9.214986e-06,2.9499092e-06,1.02127615e-05,3.0481328e-06,3.6069865e-05,1.8014569e-05,6.9841813e-06,5.4864117e-06,2.7341177e-06,4.4930137e-05,1.3302747e-06,1.5550331e-05,2.1567346e-06,4.0937033e-05,5.0649785e-05,1.2919708e-06,3.8585856e-07,2.891686e-06,0.00013831462,2.9541884e-06,2.4232644e-05,1.8108462e-05,2.8186214e-05,1.5256795e-05,4.0037074e-05,1.2697833e-06,0.00037813128,6.694774e-05,7.390281e-05,4.6689024e-06,6.200779e-06,2.7642669e-05,1.5964374e-06,1.9637632e-06,3.9823066e-05,0.00017478532,7.391586e-05,1.3171349e-05,9.259269e-06,3.820976e-05,0.00012649182,2.682798e-06,0.00012300021,5.0812214e-06,9.494903e-06,4.845822e-05,2.0511763e-07,0.000121106656,3.173358e-06,0.00018050532,4.755941e-06,5.320415e-05,3.9223704e-07,8.1276914e-05,5.033858e-05,9.442722e-05,3.6786412e-05,0.00011109616,0.00028345792,0.00012494362,2.6785012e-05,1.8772664e-05,3.6748683e-05,1.5177242e-05,1.7178472e-06,5.2098327e-05,4.177319e-06,7.7784995e-07,4.8552814e-05,0.00059912173,8.845681e-06,1.023874e-05,5.671163e-07,2.1039865e-05,1.946808e-05,0.0001631528,3.4137458e-06,5.511171e-05
BC2026_Train_0051_S22_20220208_231500_025,6.895492e-08,7.6047e-06,2.8119555e-06,0.0006935072,1.3992e-06,3.234072e-08,2.668147e-06,4.4992084e-06,0.00014896369,0.00040304504,0.08191836,8.519152e-05,7.61886e-07,7.6634285e-07,2.2005892e-05,0.02400959,1.960496e-06,2.3465348e-07,0.19298212,0.00089250965,4.355984e-05,0.060051434,6.985807e-07,2.2095312e-06,1.858029e-05,7.855852e-07,7.800609e-06,2.366187e-06,6.6226386e-07,1.5687305e-05,1.6323752e-06,1.3151829e-06,1.4091806e-06,2.3685458e-07,9.947038e-07,1.7582342e-06,7.7102936e-07,6.3175645e-07,4.5451415e-07,5.835353e-07,5.3232297e-06,1.0336389e-06,2.861734e-06,1.4857917e-06,5.807101e-07,5.691638e-07,1.4710074e-06,2.7800544e-07,2.546367e-07,6.108915e-07,6.541757e-07,9.704696e-07,1.0394524e-06,2.0983364e-06,6.4422993e-06,9.193542e-06,1.4645403e-07,0.35273334,1.6061728e-07,2.0544863e-05,0.8828167,9.9293e-08,0.0010121149,0.6104752,0.81322044,2.7180093e-05,5.39798e-06,1.5373139e-06,2.2053116e-07,8.994229e-06,3.9136384e-07,1.7532681e-06,1.3023811e-05,7.5466e-06,2.8371574e-08,4.3294425e-05,0.00023403807,5.9636655e-05,2.0535065e-06,2.096438e-06,3.47842e-05,7.7428774e-07,0.00013850677,3.5300989e-06,2.1215303e-06,2.4112105e-05,1.2301517e-05,3.0753712e-05,2.4927927e-05,2.5089103e-05,9.632628e-05,3.0667346e-05,1.665776e-06,7.329118e-05,1.5789336e-05,1.5537644e-05,5.889685e-06,7.104884e-06,7.8391975e-05,0.00016052209,7.702784e-06,3.484286e-07,5.0854855e-05,9.580258e-05,6.1241546e-05,9.897512e-06,4.740807e-07,1.1589904e-06,1.44783135e-05,1.4503244e-05,6.2714244e-06,1.3213974e-05,6.5682065e-07,8.24474e-06,1.206613e-05,4.6839805e-06,1.32794385e-05,1.2682499e-06,1.0729989e-05,5.9144677e-06,8.374593e-07,0.00021788133,3.7461097e-05,0.00013644685,3.5540352e-06,5.0204155e-05,6.4415435e-06,1.9344065e-05,2.1947977e-07,1.3308699e-05,9.276424e-06,8.301342e-05,1.3583098e-05,1.5563865e-06,7.3765835e-07,6.594637e-07,3.5581863e-06,7.9007295e-06,4.698297e-06,2.3697825e-05,3.2205997e-05,9.529584e-06,1.10806905e-05,7.8487465e-06,1.1006147e-05,1.4370163e-07,2.40702e-05,1.2047823e-06,1.5622481e-05,8.0213595e-06,1.45450595e-05,6.422565e-06,1.1410967e-05,3.2588673e-06,2.009789e-05,4.772948e-06,2.9467938e-06,3.5904839e-06,3.9501007e-05,1.8483333e-06,0.00061410636,1.906383e-05,1.5232528e-06,4.5561223e-06,4.5293737e-07,5.45887e-05,3.26969e-07,2.8549615e-05,4.493716e-06,6.572091e-05,2.6907568e-05,1.4773493e-06,7.563516e-08,1.1678549e-05,5.6024997e-05,1.586118e-06,3.6368765e-06,1.23237805e-05,1.3634778e-05,3.3071638e-06,3.99396e-05,6.190806e-07,0.00020817011,5.0413044e-05,2.3527184e-05,3.7882428e-06,2.8542604e-06,9.096761e-06,2.8476477e-06,1.1785326e-06,3.519226e-05,3.151847e-05,2.3371229e-05,1.3130451e-05,3.721905e-06,4.2904092e-05,8.480901e-05,2.5583747e-06,5.713254e-05,9.139623e-07,1.0141271e-05,6.55005e-06,6.483117e-08,6.380304e-05,5.9377635e-06,0.000117211595,1.0197637e-05,3.1385654e-05,2.7058127e-07,2.5369445e-05,5.9374317e-05,0.00035273575,5.1880943e-06,0.00013607746,0.00041791514,7.165676e-05,2.1833686e-05,4.4339013e-06,5.7489855e-05,5.674788e-06,1.0275307e-06,4.8941532e-05,2.511915e-06,3.4366954e-07,4.5659326e-05,0.00071403856,5.6289737e-06,2.9958032e-06,1.1429453e-06,6.737474e-06,5.993318e-06,8.515886e-05,2.8616357e-06,8.158294e-05
BC2026_Train_0051_S22_20220208_231500_030,6.648718e-08,7.677481e-07,4.7301128e-07,0.00066226866,1.1578293e-06,1.0326783e-08,2.7309073e-07,3.26581e-07,0.0003532917,0.0012551587,0.44068944,8.017367e-06,6.614529e-08,8.458368e-08,6.65927e-07,0.0019313892,1.3815977e-06,1.5639875e-08,0.0032596302,7.631759e-05,2.150524e-05,0.013713797,1.3745046e-07,3.6144874e-07,2.1802934e-06,2.5715755e-08,3.3608836e-07,9.3893605e-06,4.0627464e-07,8.563721e-05,8.819869e-07,5.903958e-07,5.0882784e-07,4.938534e-08,2.0648048e-07,4.940936e-07,3.9134483e-07,3.4782872e-07,1.4235358e-07,1.3118054e-07,2.259514e-06,2.631347e-07,9.445397e-07,4.723964e-07,7.057399e-08,5.5014784e-08,3.3947134e-07,6.55211e-08,1.10722645e-07,3.369574e-07,2.720079e-07,3.8820457e-07,3.9480176e-07,5.6498556e-07,2.1588025e-06,1.3552497e-07,3.298758e-08,0.3875848,5.897026e-08,9.6103895e-06,0.48541108,1.3437718e-08,0.00086080754,0.4078388,0.064667806,3.0443167e-07,9.535765e-06,9.459851e-08,2.3184134e-08,7.094707e-06,2.3992774e-08,8.987638e-08,2.383172e-06,8.8120584e-07,1.9275204e-08,1.8902476e-05,5.8074434e-05,1.0653354e-05,5.701357e-07,4.7014164e-06,4.064365e-06,5.8848343e-08,3.4961853e-05,8.211933e-07,8.996784e-06,2.4075156e-05,3.1680393e-06,1.310558e-05,2.3347482e-05,8.2797715e-06,5.0164337e-05,2.5427178e-06,4.3300056e-06,1.9355137e-05,5.7828125e-05,2.2855354e-05,1.2159118e-05,1.5972984e-05,1.4190009e-05,4.5605804e-05,2.3195557e-06,3.5538855e-07,9.013128e-06,0.00031822972,3.233596e-05,1.2856851e-06,1.66565e-08,8.613144e-08,4.756457e-05,2.0452555e-05,5.279067e-07,5.2633804e-06,1.9616206e-07,3.2257267e-06,4.3548193e-06,3.7229129e-06,2.8142922e-06,3.0675469e-07,9.792424e-06,2.9922944e-06,5.802434e-07,2.7667659e-06,6.8360587e-06,0.00013895813,4.3344717e-06,2.9450857e-06,1.1724754e-06,9.427173e-07,1.3609744e-07,1.8582275e-06,2.7256954e-06,2.1131516e-05,3.7229095e-06,9.631874e-07,2.32353e-06,2.5641486e-07,1.8731536e-06,5.1396905e-06,1.4966481e-06,3.8669292e-05,3.7831414e-06,2.6752557e-06,2.106175e-06,8.442575e-06,9.8258115e-06,5.2028962e-08,4.716978e-06,4.1385366e-07,2.1158317e-05,1.0558023e-06,2.3704606e-05,5.3093886e-06,2.3420125e-06,7.8165806e-07,2.3731905e-06,1.7458581e-06,7.084337e-07,1.4036639e-06,4.2574404e-05,1.0869811e-06,2.7817416e-05,2.2716806e-05,9.6150925e-06,5.5064015e-07,5.689468e-08,2.1892318e-05,4.4139735e-08,8.1550925e-06,1.619913e-06,7.103559e-05,3.990865e-06,8.653388e-08,1.3311216e-08,3.0685933e-06,1.7143586e-05,5.0989405e-07,1.9036882e-07,4.9881055e-06,2.525176e-06,6.243534e-07,4.7464793e-05,1.5389656e-07,6.651864e-05,7.245408e-06,5.052046e-05,8.140391e-06,3.2288858e-07,3.738696e-06,1.660165e-06,5.77073e-07,3.4207949e-06,9.4537856e-05,1.2203204e-06,2.5381892e-06,4.517628e-06,1.18502e-05,1.2619132e-05,4.751222e-07,1.0364035e-05,4.537415e-08,2.2328406e-06,6.2898125e-06,2.4375252e-08,0.00039305346,2.632293e-07,6.177784e-05,5.5701366e-06,1.6730228e-05,1.7853435e-07,7.90403e-06,2.7122119e-06,6.176716e-06,3.3307097e-06,4.144422e-05,0.0004054091,3.8812414e-05,2.9509783e-06,2.5108063e-06,8.904836e-06,6.359274e-07,1.0815694e-07,1.00889965e-05,1.16049e-06,2.1755031e-07,1.1056233e-05,9.229791e-05,9.137313e-07,4.687636e-06,2.2824875e-07,6.856717e-06,9.971296e-06,2.7330714e-05,8.482528e-07,8.01026e-06
BC2026_Train_0051_S22_20220208_231500_035,9.534609e-08,4.7551252e-06,2.9723626e-06,0.0012403936,1.6235567e-06,2.6893398e-08,1.8665129e-06,1.9836398e-06,0.0004455026,0.0032215258,0.05234253,6.733119e-05,2.604436e-07,2.2158248e-07,4.9088057e-06,0.03890147,2.8624272e-06,9.5171124e-08,0.03313886,7.105998e-05,8.917778e-06,0.03289611,3.6611107e-07,1.1954681e-06,8.8847795e-05,2.409121e-07,5.4936577e-06,5.309672e-06,6.2013305e-07,2.4695692e-05,1.6473446e-06,9.18888e-07,2.013846e-06,3.2461264e-07,6.383025e-07,1.497032e-06,1.2065093e-06,4.066161e-07,6.5810667e-07,6.924447e-07,2.4267945e-06,1.0833187e-06,1.9283902e-06,7.8730574e-07,8.011757e-07,8.191995e-07,1.2421848e-06,4.0105803e-07,2.296836e-07,3.074526e-07,6.8040254e-07,8.336337e-07,8.0259736e-07,1.7337509e-06,5.0338385e-06,1.4135022e-06,1.7585498e-07,0.36091423,5.6053008e-08,2.9417622e-06,0.61050516,1.1790738e-07,0.00086390704,0.33454135,0.530674,3.4962334e-06,1.0992446e-06,1.388351e-06,4.063489e-08,6.172023e-06,1.4649999e-07,2.2781805e-06,6.0996576e-06,0.00026599484,1.1084288e-07,8.606536e-06,0.00017343262,2.9840481e-05,1.7832862e-06,2.448689e-06,6.8388814e-05,1.252835e-06,0.00015042404,3.3637257e-06,1.5796315e-06,1.47978535e-05,1.1001173e-05,5.690862e-05,2.346505e-05,1.8401868e-05,6.577909e-05,1.2897578e-05,2.5672346e-06,7.223119e-05,7.0014407e-06,3.9367507e-05,7.549522e-06,7.996003e-06,2.378075e-05,0.00020994293,6.01639e-06,1.6355198e-06,8.141475e-05,0.00015985858,4.708794e-05,8.3943005e-06,4.0819629e-07,6.473533e-07,5.2558516e-06,1.22246365e-05,6.5760055e-06,1.7054355e-05,5.468862e-07,3.966827e-06,2.6852967e-05,1.0567396e-05,9.5997e-06,4.1469702e-06,9.478763e-06,1.361443e-05,1.1076369e-06,3.3012413e-05,3.942634e-05,0.00019529017,3.7672357e-06,2.1459577e-05,1.6636848e-05,5.75995e-05,1.4842534e-07,2.734044e-05,2.0454661e-05,3.6036447e-05,2.2598528e-05,2.4401222e-06,1.1529601e-06,3.3547844e-06,4.08318e-06,4.122586e-06,7.184369e-06,3.5798803e-05,1.7716588e-05,4.2781394e-06,8.705743e-06,1.6587137e-05,6.742577e-05,1.5287407e-07,1.9495295e-05,7.0626686e-07,3.7393747e-05,9.708292e-06,1.0368354e-05,7.196233e-06,1.1242107e-05,1.2138703e-06,3.7692156e-05,5.903839e-06,7.992282e-07,3.2772584e-06,1.0197851e-05,1.1555525e-06,4.8843624e-05,1.5842124e-05,1.3245035e-06,2.0028865e-06,5.211467e-07,4.2620835e-05,2.0605755e-07,3.598411e-05,4.8411116e-06,7.731741e-05,7.1679524e-06,1.8051156e-06,1.1943054e-07,3.837905e-06,7.325261e-05,2.213034e-06,1.6482276e-05,7.2983134e-06,1.858254e-05,3.952093e-06,3.1471795e-05,6.520661e-07,0.0001249672,2.2825297e-05,2.1965616e-05,2.0326022e-06,2.602614e-06,2.3956225e-05,1.1415356e-06,6.90691e-07,9.368772e-05,5.8541114e-05,1.1938984e-05,5.9455833e-06,8.378672e-06,2.8113573e-05,2.6946858e-05,1.4821318e-06,5.9031012e-05,1.3310629e-06,5.2296373e-06,2.2010257e-05,1.2546843e-07,2.5661948e-05,5.816313e-06,0.00021370631,1.2097355e-05,3.960904e-05,1.0572916e-06,1.7665603e-05,2.5599913e-05,7.154287e-05,6.201204e-06,0.0001159367,0.00021981794,5.6535497e-05,1.6538363e-05,3.8241383e-06,2.3268463e-05,5.6188424e-06,3.415021e-07,3.210251e-05,4.6702385e-06,2.4306178e-07,3.595883e-05,0.0011895701,5.9292474e-06,4.435098e-06,6.1838676e-07,2.0069565e-05,3.278944e-06,9.301767e-05,3.7316856e-06,3.995632e-05
BC2026_Train_0051_S22_20220208_231500_040,1.4174614e-07,4.630162e-06,2.6004604e-06,0.0010849161,1.1264418e-05,1.970109e-08,1.2857292e-06,3.138075e-06,0.00051356084,0.004679743,0.4383077,2.5903719e-05,1.4362325e-07,1.7557429e-07,3.4197412e-06,0.007002774,3.3880135e-06,7.364403e-08,0.023706937,4.8423113e-05,2.3869681e-05,0.021850828,5.491555e-07,1.4333855e-06,3.4777695e-05,2.974422e-07,6.9003913e-06,3.5106505e-06,9.462215e-08,3.4726327e-05,2.37591e-06,4.6205446e-07,1.8370059e-06,2.3792335e-07,6.950594e-07,5.1595964e-07,3.3536574e-07,4.7841957e-07,6.535179e-07,3.8949506e-07,4.6197656e-06,1.1605322e-06,2.1311848e-06,3.562773e-07,4.117424e-07,3.2344332e-07,9.388298e-07,2.5692475e-07,1.830525e-07,3.9285476e-07,7.2060004e-07,9.348353e-07,9.801466e-07,2.5305906e-06,2.4060726e-06,4.122854e-07,8.46702e-08,0.35096294,9.083873e-08,3.388236e-06,0.5219001,3.476111e-08,0.00080891146,0.5656797,0.36407626,2.3963723e-06,1.9553274e-06,6.6089164e-08,9.389529e-08,8.474697e-06,2.4881228e-07,1.2685246e-06,6.2614745e-06,3.0267636e-05,6.4383606e-08,3.1873813e-05,0.00015972204,5.0622555e-05,5.149847e-06,4.259665e-06,4.234006e-05,1.7895283e-06,0.00058683305,2.0426332e-06,2.9758653e-06,5.2709896e-05,1.9233696e-05,2.158037e-05,2.8504808e-05,2.2889733e-05,7.820226e-05,7.5631783e-06,3.5627975e-06,3.160051e-05,1.747642e-05,2.1635164e-05,2.9470208e-05,3.5144892e-06,2.4426028e-05,5.445358e-05,6.390032e-06,6.9582006e-07,3.7999325e-05,0.00030614878,6.807669e-05,5.9038002e-06,2.6180453e-07,4.651622e-07,1.1531422e-05,2.7102495e-05,1.1691882e-06,2.517212e-05,4.163834e-07,5.61042e-06,3.3168457e-05,4.937276e-06,1.3096623e-05,5.235037e-06,1.3174741e-05,1.6144537e-05,1.4297225e-06,3.157006e-05,4.256113e-05,0.0002303009,3.6754998e-06,1.9128076e-05,1.0282656e-05,2.1056363e-05,6.1324914e-07,7.772539e-06,1.1966901e-05,2.5834348e-05,6.3580096e-06,2.6487876e-06,5.466117e-06,2.0322657e-05,4.1044423e-06,6.581081e-06,1.4516015e-05,5.6487694e-05,5.8303274e-05,1.5874573e-06,1.7330784e-05,2.2762693e-05,8.4839674e-05,2.2095743e-07,3.207072e-05,4.0379464e-06,1.1645407e-05,6.1210203e-06,1.2816568e-05,3.4187142e-06,1.233562e-05,1.921385e-06,1.2184319e-05,6.3256166e-06,2.1547403e-06,3.80101e-06,1.0473728e-05,2.1684116e-06,2.2528659e-05,2.5729434e-05,2.7495503e-06,2.215828e-06,4.7224643e-07,9.3514376e-05,2.629235e-07,2.1207648e-05,5.40678e-06,2.7612028e-05,9.21786e-06,1.1124695e-06,9.497727e-08,9.823103e-06,3.426643e-05,7.918206e-07,6.390995e-06,1.7163346e-05,1.33083695e-05,3.2300115e-06,8.5070315e-05,3.6688172e-07,6.549817e-05,2.1216447e-05,4.281985e-05,5.615184e-06,2.7117155e-06,1.2485052e-05,3.391883e-06,1.6821087e-06,2.2083761e-05,5.2241357e-05,5.328741e-06,3.885801e-06,4.6371833e-06,3.915473e-05,4.8000547e-05,1.3458646e-06,7.659034e-05,1.2521148e-06,3.9177194e-06,7.2305397e-06,1.1810139e-07,0.00015401788,2.9477917e-06,0.00017458812,1.4821057e-05,3.3005737e-05,1.1895419e-06,1.5697287e-05,2.3842744e-05,3.6262558e-05,1.6372833e-06,3.560939e-05,0.00032454228,5.916824e-05,9.5410405e-06,7.1856784e-06,1.3384863e-05,2.2774286e-06,5.8390157e-07,5.0976872e-05,1.9674578e-06,1.3902958e-07,1.7209582e-05,0.00016821639,1.8438932e-06,6.687791e-06,4.1888063e-07,1.4580097e-05,6.102491e-06,5.0233848e-05,2.6857879e-06,2.2664935e-05
BC2026_Train_0051_S22_20220208_231500_045,2.701633e-06,9.751374e-06,3.47217e-06,0.009374594,1.4086353e-05,2.2521769e-07,1.9238128e-06,1.5326501e-05,0.01055032,0.029731428,0.30090493,4.172252e-05,2.259083e-06,1.0974869e-06,1.1662911e-05,0.04918894,3.6271897e-05,1.8550972e-07,0.009920215,2.0191525e-05,5.4135096e-05,0.008550367,1.3918899e-05,6.640716e-06,0.0002773265,1.0603866e-06,9.180836e-05,3.65601e-05,5.0743156e-06,0.0012116861,5.2172986e-06,2.1584979e-06,6.532944e-06,2.151018e-06,3.6811125e-06,2.964939e-06,2.660225e-06,1.5700509e-06,3.2143982e-06,2.4615526e-06,9.573461e-06,3.5202254e-06,7.630263e-06,1.5217935e-06,1.6450053e-06,1.6371379e-06,2.4812373e-06,1.7332252e-06,9.2412836e-07,9.86105e-07,2.5872362e-06,2.629511e-06,2.4762662e-06,8.0480395e-06,3.742338e-06,6.5763356e-07,8.719061e-07,0.18108813,4.781819e-07,1.2208278e-05,0.26684344,4.4318028e-07,0.00397239,0.1845062,0.017364774,1.8023282e-05,1.054551e-05,1.9955468e-07,2.4103122e-06,9.1123424e-05,4.2036933e-07,8.867802e-06,2.9976163e-05,0.0002104859,3.48351e-06,0.00018197647,0.0003098613,0.0002880734,2.1954622e-05,5.3203483e-05,0.0003784028,4.5866127e-06,0.00085229985,2.6378713e-05,9.625209e-05,6.385873e-05,0.0003736273,0.000812537,0.0005526804,0.00018277674,0.00030510972,8.9448054e-05,3.2712935e-05,0.00015395576,0.00032048704,5.845994e-05,0.0001415634,2.0149111e-05,0.00014226775,0.00017935019,6.812318e-05,5.174012e-06,0.0019399306,0.004954571,0.0007422896,3.7321886e-05,4.1488574e-06,2.5942034e-06,2.617681e-05,0.00011485678,1.24609405e-05,0.000107799075,1.249582e-05,1.0519315e-05,0.00023943171,6.886209e-05,7.328496e-05,9.5854935e-05,0.000106316365,0.00020640969,2.0108819e-05,0.0001454738,0.00011562327,0.001323983,7.4214746e-05,7.607433e-05,4.364084e-05,0.00043875474,1.3401904e-05,0.0002023402,0.00014956262,0.00013874708,9.352205e-05,4.6444537e-05,1.3596109e-05,4.000673e-05,5.7225887e-05,0.00032698552,0.00016077055,0.00049133116,0.00061363477,1.5014277e-05,0.00022500791,0.00011489645,0.0003496742,7.148743e-07,5.2752635e-05,5.453953e-05,0.00041338525,4.4858385e-05,3.1028565e-05,0.00017347316,0.000430451,6.487661e-05,0.00011173937,0.00010099079,4.464494e-06,6.64031e-06,0.00015482018,1.5242238e-05,0.0002488187,6.0230137e-05,3.7595695e-05,7.6056116e-05,5.9928266e-06,0.0026926962,7.4246e-06,0.00025903594,4.6701025e-05,0.0003180823,3.0849824e-05,3.1409818e-05,4.7645986e-07,3.5544148e-05,0.00020762044,1.5397643e-05,1.8716712e-05,0.00013030141,0.00012524301,6.447067e-05,0.00017525427,3.0237516e-06,0.00048242163,3.086542e-05,0.0005249603,4.695319e-05,1.613004e-05,0.00023585142,5.7102925e-06,4.308425e-05,0.00038387836,0.00036538043,2.9242465e-05,8.796725e-05,7.5917356e-05,0.00043487147,0.00010525578,7.940946e-06,0.0006195132,8.179144e-06,1.1757579e-05,2.60463e-05,1.654625e-06,0.0002977892,8.6437314e-05,0.00039460836,0.0006811539,0.00010265398,3.0132338e-05,7.861057e-05,7.254113e-05,0.00023045375,4.6876063e-05,0.00044397666,0.0013044223,0.00082822517,7.252377e-05,6.6016066e-05,8.95966e-05,1.595222e-05,2.9723797e-06,0.0001240115,2.9851724e-05,3.8470293e-06,2.361683e-05,0.0009228865,6.297165e-06,3.291411e-05,5.9915174e-06,0.00022700246,5.0910756e-05,0.00027644003,4.4790417e-05,0.00015086605
BC2026_Train_0051_S22_20220208_231500_050,6.3934614e-08,2.1143347e-07,2.805187e-07,0.0014174896,8.4194386e-07,8.769661e-09,1.0567607e-07,3.4602687e-07,0.0008260092,0.00060116744,0.44990832,2.7136168e-06,1.2281117e-07,3.4964454e-08,9.3085873e-07,0.0039255694,1.7130996e-06,7.173484e-09,0.0005800693,3.247425e-05,1.8128349e-05,0.0026018186,3.4382657e-07,3.6046492e-07,2.324053e-06,8.2622414e-08,9.426296e-08,2.4896756e-06,2.758964e-07,6.0625323e-05,3.5205736e-07,3.590456e-07,3.9231412e-07,6.843984e-08,2.2327185e-07,4.3475023e-07,1.7230863e-07,1.9410871e-07,1.4399191e-07,1.6493064e-07,1.429308e-06,2.5214405e-07,5.418464e-07,2.3268355e-07,1.1437864e-07,1.1042128e-07,3.716602e-07,7.196277e-08,8.5735124e-08,2.3041902e-07,1.521538e-07,1.9483757e-07,2.329502e-07,4.9477217e-07,1.2568369e-06,5.268606e-08,2.9894533e-08,0.1832182,1.8153406e-08,6.982544e-07,0.13891985,1.4956187e-08,0.0021216613,0.17759834,0.047485165,2.8628943e-07,3.5643711e-06,2.1184901e-08,4.741114e-08,2.4060794e-06,2.8546735e-08,5.411126e-07,1.1330549e-05,4.494671e-06,3.8227082e-08,2.8808203e-05,0.00015237131,4.401407e-05,1.4244623e-06,4.791707e-06,1.7293092e-05,2.8789438e-07,0.00019075641,8.041596e-07,1.0211252e-05,1.116815e-05,8.516762e-06,8.6557484e-05,4.797556e-05,1.7962111e-05,0.0001424214,9.861023e-06,3.988921e-06,6.04145e-05,1.6999878e-05,3.134701e-06,4.902819e-05,8.127414e-06,4.063323e-05,4.2590775e-05,2.575258e-06,8.4087344e-07,1.9184565e-05,0.00037259894,7.215282e-06,3.2025687e-06,2.1199173e-07,1.5350718e-08,5.27439e-06,1.9873318e-05,1.2540938e-06,1.0229801e-05,3.6352398e-07,5.064376e-06,1.27771e-05,3.094528e-06,1.5603069e-06,5.3426146e-07,2.4692792e-05,6.1120714e-05,6.038418e-07,8.714765e-06,1.234486e-05,0.00072267384,2.308711e-06,1.1618882e-05,2.6287437e-06,7.638105e-06,9.596986e-07,1.7736659e-06,3.513065e-06,1.7245826e-05,5.7362845e-06,1.1823544e-06,6.857514e-07,4.8015784e-07,2.6298871e-06,3.7921745e-05,7.201245e-06,3.143103e-05,1.8805955e-05,3.838798e-06,4.1228686e-06,8.096577e-06,1.8543842e-06,6.819512e-08,2.2868591e-05,1.0089843e-06,4.584349e-05,1.9819945e-06,1.3693025e-05,3.6227408e-05,3.1186413e-05,2.1403955e-06,2.3317566e-06,9.462542e-06,1.6518943e-06,4.2390457e-06,1.7937615e-05,1.3414334e-06,5.5651883e-05,5.3104948e-05,1.3167631e-05,4.049809e-06,8.050031e-08,0.00012980796,1.2750968e-07,8.009029e-06,6.143284e-06,7.8635e-05,2.8209156e-06,6.70594e-07,1.4774247e-08,4.0705095e-06,2.7500842e-05,4.013411e-07,1.3098756e-06,1.1858373e-05,7.91835e-06,7.945832e-07,9.759835e-05,2.9168524e-07,3.0245505e-05,1.1203898e-05,0.00017656827,8.227891e-06,1.4933888e-06,3.5519177e-05,1.095686e-06,5.725156e-07,3.4930756e-05,9.5440766e-05,3.997882e-06,6.38427e-06,1.7525857e-05,8.0855294e-05,3.4610548e-05,9.1718687e-07,4.0228737e-05,7.746719e-08,4.451374e-06,3.2688963e-06,1.5008396e-08,0.0005672773,3.8602634e-06,0.00010938491,1.4053774e-05,9.0129215e-06,1.151447e-06,2.3637065e-05,2.4815738e-05,2.707542e-05,2.0777838e-06,0.000104438666,0.00031322706,6.390655e-05,4.302332e-06,3.135598e-06,1.3684266e-05,4.7071273e-07,3.8930975e-07,1.1449108e-05,7.1311143e-07,4.164926e-07,1.8549608e-05,0.0001646616,8.8078326e-07,3.2235891e-06,2.9665577e-07,1.4286254e-05,1.5817457e-05,2.470497e-05,2.2636377e-06,2.6065782e-05
BC2026_Train_0051_S22_20220208_231500_055,1.4311304e-06,2.3364912e-06,9.481682e-06,0.0059751165,9.954431e-06,2.9904808e-07,4.8706843e-06,1.0362414e-05,0.0076746903,0.03597544,0.4732734,9.898364e-05,2.6690454e-06,4.6404207e-07,9.929496e-06,0.0338261,2.6081449e-05,7.6110695e-08,0.0076848282,2.40338e-05,2.4154084e-05,0.008624941,5.6072904e-06,3.1176357e-06,0.00012751139,2.7354793e-07,1.7932689e-05,5.639069e-06,2.1550732e-06,0.00070420164,3.199568e-06,2.05939e-06,5.730882e-06,1.0836246e-06,1.5171406e-06,2.3677198e-06,3.2156186e-06,2.206678e-06,2.5981378e-06,1.1744966e-06,1.1997663e-05,2.8883844e-06,2.9813134e-06,1.509103e-06,7.546589e-07,6.3650924e-07,1.7343166e-06,9.932695e-07,1.0124293e-06,1.3875701e-06,1.2046812e-06,1.209876e-06,1.2100526e-06,5.329528e-06,2.9148998e-06,9.882929e-07,2.4252859e-06,0.37562415,1.0383854e-06,1.8716428e-06,0.20529026,2.3865007e-07,0.008601857,0.39577508,0.11562188,2.699104e-06,5.999425e-06,1.2263433e-07,9.152978e-07,0.00010203175,4.723153e-07,3.289e-06,1.7372151e-05,2.8201031e-05,5.556463e-07,5.4040243e-05,0.00011802911,8.1045575e-05,4.427436e-05,1.9495406e-05,0.00011535555,9.3534277e-07,0.0002624464,1.5425067e-05,1.9178748e-05,5.661913e-05,4.6953955e-05,0.002084737,0.00019648329,7.222059e-05,0.00057760486,4.6905174e-05,2.8446724e-05,0.00021999721,0.00028195503,1.5740068e-05,8.907965e-05,4.2726766e-05,0.00027525233,0.0003057031,1.2669197e-05,2.6940636e-06,0.000707135,0.0012037595,0.00027618237,4.5404144e-05,2.01496e-06,4.0032165e-07,2.2387412e-05,0.00013117606,1.4845291e-05,0.00010643618,1.1588412e-06,9.257838e-06,4.9423586e-05,3.881482e-05,1.6582535e-05,2.2836532e-05,1.703493e-05,9.8419565e-05,2.2802801e-06,6.737673e-05,5.689956e-05,0.0004177564,1.1688164e-05,5.1027502e-05,2.68427e-05,5.3430253e-05,8.092062e-06,1.5389158e-05,3.4024462e-05,0.0001563211,2.4891915e-05,1.3674324e-05,4.6708487e-06,4.217272e-06,3.1037238e-05,0.00012046904,2.235575e-05,0.00013090216,0.0002636442,2.5577632e-05,3.35851e-05,2.7042004e-05,3.4922166e-05,2.4555897e-07,3.9262603e-05,3.5685505e-05,0.00016375487,1.5330697e-05,9.660174e-06,0.00015176146,4.7401965e-05,1.0342204e-05,3.8798127e-05,7.909338e-06,1.0555633e-05,1.7861277e-05,0.00013932843,1.5929585e-05,0.00027243732,7.271622e-05,4.142794e-05,0.00010477591,1.7407956e-06,0.00080330286,4.2793226e-06,3.405884e-05,1.0352488e-05,0.00014266619,2.1662043e-05,2.6055244e-05,2.0834358e-07,1.8063358e-05,0.00011727117,6.2090276e-06,9.890596e-06,3.6907073e-05,2.1176565e-05,1.8964914e-05,0.00018789612,1.3587999e-06,7.324066e-05,1.7111635e-05,0.00012984002,7.5764976e-05,1.287989e-05,0.00012465705,6.6092775e-06,1.101251e-05,4.6267003e-05,0.00013751282,1.1138751e-05,2.0339798e-05,3.306714e-05,0.00023440945,6.598717e-05,7.4672907e-06,0.00016422757,4.343256e-06,2.0784972e-05,1.5895668e-05,2.0118655e-07,0.0011166858,9.84858e-06,0.00018321644,0.00014739367,0.00012755248,6.1014553e-06,0.00017816781,9.830373e-05,7.152861e-05,4.0807434e-05,7.106533e-05,0.0009711346,0.0009569023,0.00011033938,1.0220975e-05,5.7262245e-05,1.4362903e-06,1.2424822e-06,9.531525e-05,5.9412696e-06,9.902836e-07,6.017411e-05,0.00087080745,2.5434085e-06,1.41081855e-05,1.5729615e-06,4.2922056e-05,4.364871e-05,0.00018836932,7.359506e-06,0.00014349325
BC2026_Train_0053_S22_20220211_204500_000,8.378869e-08,7.149241e-07,1.4054854e-07,0.00086597016,3.5376918e-06,5.0789284e-09,1.3278586e-07,1.3258735e-06,0.03401867,0.022683518,0.5622419,1.8689781e-06,4.712477e-06,5.3085703e-08,2.9879263e-07,0.0036140294,5.267455e-07,2.2915339e-08,0.007919611,0.00014837823,2.7255162e-06,0.0068294057,2.0400779e-07,1.6895782e-06,2.2939535e-05,2.3710993e-07,6.671768e-07,1.9460613e-06,5.8239004e-07,6.284346e-05,2.4873714e-06,7.9601136e-07,5.4073726e-06,1.5379167e-06,9.0936044e-07,1.6179922e-06,1.6204381e-06,1.5656207e-06,2.7225651e-06,3.3931547e-06,2.160947e-05,3.6685274e-06,1.6655933e-06,4.7956473e-07,1.7742191e-06,1.7625167e-06,6.324555e-06,4.3809274e-07,1.031941e-06,1.8939255e-06,6.749273e-07,9.175543e-07,9.217668e-07,7.0728534e-06,1.23218415e-05,1.1474553e-07,9.93125e-08,0.45488545,5.240523e-07,2.1467388e-06,0.36278626,4.4096566e-07,0.00027253423,0.32700405,0.00010356859,1.8911209e-06,1.9616255e-05,5.2989297e-08,6.6045165e-09,8.8456034e-07,2.1189148e-07,2.4099208e-07,1.8149221e-06,8.217266e-06,5.079057e-07,4.0195046e-06,5.9917576e-05,7.680126e-06,2.589932e-06,1.8769158e-06,4.2588985e-05,2.8971027e-07,4.862862e-05,3.2821583e-07,5.723486e-06,1.8023453e-05,5.4594484e-06,0.00016010829,9.87772e-06,3.300132e-06,0.00021141817,3.4164393e-06,5.8416447e-07,2.2105387e-06,1.8358993e-05,3.3326352e-05,1.5031556e-05,7.539797e-05,1.674606e-05,6.4082665e-06,1.0681016e-05,1.5794116e-06,1.2702055e-05,0.002742063,4.6913763e-05,3.750223e-06,1.7603838e-07,2.885208e-07,1.6028438e-05,1.976236e-05,8.552588e-07,8.174481e-06,3.1305215e-06,3.470604e-06,9.935795e-06,0.00011330696,1.7746028e-05,1.4520849e-06,2.886342e-05,1.4811957e-05,0.00014222963,5.903946e-06,1.1251267e-05,0.00078634295,2.1608253e-06,7.711522e-05,1.1436496e-06,2.1739981e-05,3.2329394e-06,2.6345008e-06,3.5559644e-06,7.574973e-06,6.2760732e-06,2.8323157e-06,1.3849359e-05,1.0471352e-05,1.0210025e-05,5.854696e-06,3.0853105e-06,0.000113620285,2.7902374e-06,1.5741014e-05,1.6143274e-05,3.972445e-05,0.00011991433,5.2651245e-07,2.915478e-05,1.2513877e-06,2.439195e-05,2.3699179e-06,5.1312763e-05,6.192576e-05,2.7914333e-05,4.553164e-06,5.400714e-06,9.070271e-06,5.469045e-07,3.0686344e-06,9.0289395e-06,4.0405823e-07,1.9822892e-05,5.2249383e-05,1.4101686e-06,4.1667852e-07,1.2573244e-07,0.00061744486,3.4242538e-07,3.2335498e-05,3.5130866e-05,2.9560446e-05,1.6350317e-05,3.512519e-06,1.9130172e-07,2.064243e-05,1.1990537e-05,6.119211e-06,1.7697494e-06,1.7125529e-05,1.738231e-05,1.9720433e-06,7.790394e-05,1.371177e-06,1.0676055e-05,1.2789779e-05,1.3272259e-05,1.670166e-05,3.7823083e-06,3.5123496e-05,5.1894966e-07,1.2849477e-05,1.0249604e-05,0.00018012158,2.4039302e-06,1.8893663e-05,5.3193744e-05,7.725035e-05,1.3035292e-05,9.086218e-07,8.381686e-06,3.6082506e-07,1.1817874e-06,1.373876e-06,5.693929e-07,0.0002316577,1.3482256e-06,9.986602e-05,3.626059e-05,2.4314915e-05,4.8419333e-06,4.1676867e-05,1.24519465e-05,1.8517458e-05,1.2295185e-06,8.295525e-05,0.00042072695,0.0001841805,1.1268975e-05,1.7043543e-05,1.927291e-06,2.4326011e-06,1.1415628e-06,2.354996e-06,3.5900455e-06,4.963274e-06,1.7656344e-06,0.00025899915,1.7145085e-06,3.404009e-06,3.5589628e-07,6.983094e-05,1.3426045e-06,1.0486891e-05,2.2105007e-06,1.583933e-05
BC2026_Train_0053_S22_20220211_204500_005,2.1081293e-07,5.536956e-06,1.3652348e-06,0.000697108,2.6672651e-05,8.6649e-08,3.0046627e-07,6.533393e-06,0.08011175,0.009854699,0.49002737,9.822597e-06,1.7124466e-05,1.9647192e-07,2.0425884e-06,0.034704156,4.1839672e-07,1.354344e-07,0.024660412,0.0004465077,8.137706e-06,0.05243714,2.198255e-06,3.9060874e-06,0.00022142315,1.2238003e-06,2.1547403e-06,6.252887e-06,4.283557e-06,0.00015230871,3.0631668e-06,2.1276596e-06,4.5336096e-06,2.0416594e-06,2.2133104e-06,3.3091355e-06,7.394974e-07,1.724056e-06,3.474353e-06,4.641444e-06,1.7025495e-05,3.584681e-06,4.6602013e-06,1.4960673e-06,6.381847e-06,6.244753e-06,1.13948945e-05,7.8786684e-07,1.3478053e-06,2.75008e-06,1.8242231e-06,2.5717482e-06,2.5413478e-06,8.300074e-06,2.6643698e-05,2.1298358e-06,2.0867765e-07,0.35472244,1.8958228e-06,9.64379e-06,0.5896432,7.739363e-07,0.0013978393,0.46386012,0.0043490357,1.6326758e-05,4.8653208e-05,8.029579e-07,1.6973136e-08,2.63531e-06,6.3648014e-07,8.618461e-06,4.1146827e-06,7.36369e-05,3.161612e-07,1.3554849e-05,0.00013789059,4.5836845e-05,1.0937215e-05,3.5050969e-06,0.00025605378,2.737619e-06,6.4028856e-05,2.803668e-06,8.635179e-06,3.4440887e-05,5.9356857e-06,0.0004885738,6.6133514e-05,9.049336e-06,0.00089353067,5.4470293e-06,3.1457337e-06,7.9002775e-06,1.1452515e-05,0.00016434694,3.5578025e-05,3.150209e-05,1.8588034e-05,3.1718802e-05,9.004399e-06,8.7834e-06,8.858554e-05,0.0015556589,8.694663e-05,1.367765e-05,4.3961904e-07,7.207403e-07,4.494235e-05,1.6977358e-05,5.7243983e-06,1.8684235e-05,4.387217e-06,2.1191079e-06,2.4027222e-05,9.719666e-05,8.3827676e-05,3.8017972e-06,2.4554294e-05,2.5673357e-05,0.00018817706,3.0813982e-05,3.5037618e-05,0.0017636586,2.2902093e-06,0.00017061312,1.7874178e-05,3.6946836e-05,4.879313e-06,7.365046e-06,1.5875776e-05,4.8729264e-05,2.3030963e-05,1.4683999e-05,2.0728558e-05,3.060488e-05,2.3104349e-05,1.065931e-05,9.658839e-06,5.4764365e-05,1.820015e-05,1.1009801e-05,3.160684e-05,9.480806e-05,4.6985933e-05,8.216679e-06,3.2076743e-05,5.5333026e-06,3.2151653e-05,1.8161692e-05,7.909919e-05,0.00023073386,2.6996295e-05,4.69922e-06,1.8030434e-05,3.1945507e-05,8.833084e-07,2.1685213e-05,1.267993e-05,1.2239697e-06,1.8195185e-05,7.7622666e-05,1.8052226e-06,1.5728535e-06,5.8386706e-07,0.00052806194,3.1539835e-07,0.00010383916,2.1841122e-05,6.6637425e-05,2.6083439e-05,9.701785e-06,1.1531184e-06,3.060885e-05,5.3867167e-05,4.9673795e-06,5.3862195e-06,3.0871484e-05,4.406976e-05,9.000587e-06,9.310091e-05,2.55686e-06,3.3827495e-05,1.8711144e-05,2.2984557e-05,7.4794574e-05,9.836546e-06,0.00016121066,4.1680078e-06,1.8466422e-05,2.9353638e-05,0.0003532617,1.07236165e-05,2.0313939e-05,8.321965e-05,0.00028628827,4.0390532e-05,2.6474165e-06,1.6471717e-05,1.8746833e-06,8.5072e-06,1.4714081e-05,8.015082e-07,0.00014607148,3.6807858e-06,0.00022980079,1.8168155e-05,4.24644e-05,1.5075586e-05,0.00017709314,2.8531733e-05,5.8406444e-05,7.03247e-06,0.00014489831,0.0006401696,7.8065306e-05,1.7221353e-05,3.0981402e-05,1.1730464e-05,8.598479e-06,1.5737987e-06,1.9436282e-05,3.4761186e-05,8.433474e-06,5.6236454e-06,0.00069371983,1.8909133e-06,1.6557693e-05,1.1941657e-06,0.00011427931,4.5786064e-06,3.3911212e-05,2.1803058e-05,1.7966291e-05
BC2026_Train_0053_S22_20220211_204500_010,3.347707e-07,3.8975545e-06,3.2100359e-06,0.000802838,4.8155376e-05,1.3544486e-07,3.1252964e-07,6.692602e-06,0.03608576,0.0129659055,0.431003,2.072836e-05,4.047446e-06,3.8625137e-07,3.3056947e-06,0.020595754,8.3501345e-07,1.9583608e-07,0.031339135,0.00019805123,1.3147053e-05,0.063171715,9.93404e-07,2.8751163e-06,0.00017309627,1.5576561e-06,5.4418165e-06,7.839306e-06,4.1161034e-06,0.00016810479,3.4917648e-06,1.7360458e-06,3.6720835e-06,1.7668519e-06,1.6979762e-06,3.5548655e-06,5.268008e-07,1.6398398e-06,3.1746688e-06,4.008201e-06,1.497027e-05,4.104536e-06,3.626867e-06,1.4136169e-06,5.527454e-06,5.055054e-06,8.008197e-06,5.5675486e-07,1.039397e-06,2.3594832e-06,1.5484185e-06,2.255714e-06,2.165919e-06,7.3034175e-06,2.049934e-05,2.1533474e-06,1.04954346e-07,0.23600535,9.940381e-07,4.1612166e-06,0.36251223,1.0165935e-06,0.0011604396,0.31084308,0.006836518,6.381543e-06,3.0225898e-05,4.808402e-07,6.5404485e-08,4.5697907e-06,7.80755e-07,8.201866e-06,1.0638816e-05,0.0002738809,3.4285213e-07,1.07449305e-05,0.00018853662,5.0075872e-05,1.13249325e-05,9.605213e-06,0.00033697064,3.4241664e-06,0.00058081537,3.6675406e-06,1.5074464e-05,5.0982027e-05,1.4675153e-05,0.0004564834,8.474353e-05,2.6752847e-05,0.0006957246,7.952943e-06,5.0053363e-06,1.1288485e-05,1.5339136e-05,0.0003218367,9.3411356e-05,1.22442025e-05,4.0543157e-05,0.00012253932,1.5674654e-05,1.0684907e-05,8.9952126e-05,0.0015051493,9.9892204e-05,2.9790495e-05,5.824322e-07,1.2997937e-06,5.6906127e-05,2.7433913e-05,6.7124483e-06,4.8854472e-05,6.015426e-06,2.3198213e-06,7.3417505e-05,0.00010613343,0.00017637778,7.632825e-06,4.5998688e-05,7.937597e-05,0.00017217183,4.331016e-05,5.344427e-05,0.0030452323,3.6262686e-06,0.00054151536,2.6570644e-05,5.9222602e-05,7.3519714e-06,1.7892238e-05,3.2735312e-05,4.818234e-05,3.0185889e-05,2.2931878e-05,5.9015023e-05,0.0002491249,3.434056e-05,1.01394335e-05,1.48136405e-05,8.360878e-05,5.0422466e-05,6.6452903e-06,6.142854e-05,0.0002370137,9.7509226e-05,1.0639749e-05,3.7534366e-05,1.06728285e-05,3.0223418e-05,2.7244347e-05,4.3829772e-05,0.00021363136,6.941684e-05,4.2762385e-06,3.069801e-05,6.382226e-05,4.8832146e-07,1.6864658e-05,7.5534467e-06,3.435258e-06,9.062454e-06,0.00018542293,8.475028e-06,1.4208235e-06,1.1221082e-06,0.00067356275,6.990479e-07,0.0001411889,3.8194095e-05,5.1961877e-05,6.476256e-05,2.474784e-05,1.8489609e-06,1.9019375e-05,9.049483e-05,6.3274388e-06,1.3236095e-05,5.1704006e-05,7.3026415e-05,3.2487882e-05,0.0001593226,2.229838e-06,4.3591346e-05,2.4103367e-05,5.3211246e-05,5.253271e-05,8.719553e-06,0.00029152262,3.5745595e-06,1.4305067e-05,4.6692916e-05,0.00065595884,1.3503988e-05,2.2477092e-05,9.498634e-05,0.00048426088,5.7253288e-05,1.2276626e-06,3.6605208e-05,6.756932e-06,4.1840094e-06,1.7197279e-05,2.0767122e-06,0.00021780364,5.9078943e-06,0.00026609653,2.2774095e-05,5.393162e-05,2.4111368e-05,9.5516785e-05,3.7505386e-05,5.7034613e-05,6.552699e-06,0.0001681904,0.0002815961,7.62879e-05,2.0780453e-05,0.00012555487,7.189634e-06,2.1091735e-05,1.3930594e-06,1.2315684e-05,5.927492e-05,7.0406636e-06,7.807723e-06,0.0005783251,1.8571042e-06,3.391438e-05,2.1117485e-06,0.00028297567,1.3642178e-05,6.8601425e-05,2.1633246e-05,2.0213642e-05
BC2026_Train_0053_S22_20220211_204500_015,4.6362448e-08,1.6255151e-06,1.078626e-06,0.000657138,7.308929e-06,3.235127e-08,1.3733477e-07,2.7438791e-06,0.03755704,0.0054630786,0.27818742,6.8203453e-06,3.0522838e-06,1.1414665e-07,9.951327e-07,0.012976425,1.3879708e-07,5.1774144e-08,0.0077166604,0.00014544315,2.7590247e-06,0.03741862,3.242788e-07,1.4784149e-06,6.4867694e-05,5.051161e-07,1.0357595e-06,5.5580435e-06,2.9931275e-06,7.099428e-05,1.2793934e-06,9.423614e-07,2.261273e-06,8.8188426e-07,9.349628e-07,1.956751e-06,4.2281104e-07,5.97055e-07,1.2571281e-06,2.304048e-06,6.25173e-06,1.7859086e-06,2.0408088e-06,7.359347e-07,2.763749e-06,2.5830082e-06,4.1738313e-06,3.566798e-07,4.1544652e-07,7.3971324e-07,6.867207e-07,9.573904e-07,1.0342305e-06,3.4867903e-06,1.0290592e-05,5.4882514e-07,1.01872615e-07,0.17418961,5.155268e-07,1.4196789e-06,0.4248615,2.6800845e-07,0.00068467454,0.2075944,0.0070324335,4.0108584e-06,2.2513152e-05,3.54597e-07,2.0341012e-08,4.728454e-06,3.3969837e-07,4.5471543e-06,3.3846256e-06,8.809022e-05,2.1276728e-07,4.4029184e-06,6.094413e-05,3.2550462e-05,3.6481351e-06,2.0086097e-06,0.00019244482,1.3200661e-06,0.00015258853,2.1619549e-06,1.31767765e-05,2.1542188e-05,4.7971475e-06,0.00034090382,4.4767185e-05,5.6429158e-06,0.00045621023,3.4849418e-06,2.3427274e-06,5.446209e-06,2.7003657e-06,6.395569e-05,5.794095e-05,4.3571004e-06,2.838862e-05,5.260394e-05,7.9248475e-06,3.638875e-06,4.3370375e-05,0.0005726975,3.87654e-05,1.6500599e-05,5.268013e-07,3.022683e-07,6.9143575e-06,1.4471714e-05,3.2446862e-06,1.9809626e-05,2.3738673e-06,1.2351467e-06,2.8186912e-05,4.30186e-05,4.0126135e-05,3.5095322e-06,2.1252716e-05,3.3058186e-05,0.00012316898,1.5423186e-05,2.8330149e-05,0.0026812267,1.1545656e-06,0.000105134204,1.0093078e-05,6.462178e-05,3.0722651e-06,6.2657814e-06,1.39434915e-05,1.0490483e-05,1.6449441e-05,5.1074517e-06,9.763192e-06,3.481111e-05,1.8726942e-05,1.1672804e-05,9.547312e-06,3.9499988e-05,3.331501e-05,2.6211733e-06,1.9486262e-05,5.9826965e-05,8.341597e-05,3.1728587e-06,2.0916486e-05,3.4041745e-06,2.1763528e-05,1.34896245e-05,2.3389042e-05,6.9856644e-05,5.115779e-05,3.7976151e-06,1.6003143e-05,4.5438926e-05,1.9103429e-07,8.5378815e-06,4.0429095e-06,1.1666598e-06,1.529222e-05,0.00011927513,2.2128397e-06,1.3742913e-06,2.0084991e-07,0.00029734182,2.0153509e-07,6.178002e-05,2.8059629e-05,4.6612036e-05,1.6313574e-05,8.815053e-06,5.777493e-07,7.5961975e-06,3.6755275e-05,2.0506748e-06,3.556361e-06,2.4613162e-05,3.6196703e-05,2.8808614e-05,6.219629e-05,4.2524664e-07,8.654942e-06,1.4426821e-05,3.4967852e-05,1.6566222e-05,5.9286535e-06,0.00013840935,2.4223293e-06,6.6444095e-06,1.8761943e-05,0.00019854092,7.351642e-06,1.2269521e-05,9.6435186e-05,0.00029572245,9.191543e-06,1.1101295e-06,2.6819187e-05,1.3014086e-06,2.2148308e-06,5.6228523e-06,2.6240096e-07,0.000233549,6.3646285e-06,0.00027140163,3.047182e-05,1.8978211e-05,8.03836e-06,7.895811e-05,2.8790075e-05,7.46861e-05,4.2998627e-06,8.820143e-05,0.00015310287,6.822493e-05,5.5744304e-06,2.3978235e-05,3.9355705e-06,6.527545e-06,6.744281e-07,7.5666917e-06,1.6083499e-05,7.378187e-07,2.3881066e-06,0.00079134194,1.1102882e-06,1.4056884e-05,2.8486343e-07,0.00015888644,5.102491e-06,3.6603677e-05,1.5317413e-05,9.717379e-06
BC2026_Train_0053_S22_20220211_204500_020,1.8615304e-07,1.8773385e-06,2.0141226e-06,0.00058148085,8.427549e-05,4.987179e-08,1.2415317e-07,3.055878e-06,0.02711004,0.004781558,0.24278642,6.9445973e-06,8.763359e-07,6.622305e-08,5.5967377e-07,0.01334238,4.1063032e-07,7.111231e-08,0.014756817,3.5139747e-05,9.318e-06,0.05702782,6.5184287e-07,1.4243711e-06,6.203334e-05,1.7310101e-07,2.5354218e-06,5.3497342e-06,7.79254e-07,0.000107803804,1.6501243e-06,5.4173785e-07,1.570328e-06,5.4112394e-07,9.211218e-07,8.073147e-07,4.5409172e-07,5.510157e-07,1.018786e-06,1.4091416e-06,3.730469e-06,1.5253489e-06,2.5947083e-06,3.687939e-07,1.2162725e-06,1.1820251e-06,2.2777112e-06,2.4067995e-07,2.7442638e-07,4.9073833e-07,9.73188e-07,1.4380119e-06,1.4996427e-06,2.9997257e-06,5.1275147e-06,2.249425e-07,6.083115e-08,0.15888579,4.969612e-07,1.6652217e-06,0.5194509,1.8790637e-07,0.00068120356,0.43256068,0.010334599,1.1947775e-06,8.734475e-06,2.0977869e-07,5.6998623e-08,8.272881e-06,2.5599292e-07,4.298379e-06,1.4679397e-06,0.00013009482,1.6099192e-07,7.3799647e-06,3.9234754e-05,3.7915564e-05,2.7382614e-06,4.3780174e-06,9.995558e-05,2.475669e-06,0.00015964988,2.4951878e-06,1.0811414e-05,2.311678e-05,7.063402e-06,0.00015812983,4.488812e-05,1.1814013e-05,0.0007476552,2.5336644e-06,4.373732e-06,1.3264756e-05,4.184672e-06,8.268429e-05,5.3022362e-05,1.7838762e-06,2.2429425e-05,6.4814325e-05,1.6487369e-05,4.676139e-06,0.00014154532,0.001424298,5.227066e-05,1.0056279e-05,4.145888e-07,1.311263e-06,7.549083e-06,1.8161365e-05,3.2351015e-06,2.8509323e-05,2.148611e-06,1.2647979e-06,0.00011280544,3.154129e-05,4.8356018e-05,2.6382245e-06,3.330802e-05,3.7273836e-05,6.43101e-05,2.229635e-05,4.1685573e-05,0.0019601106,1.5977167e-06,5.4567678e-05,1.4470155e-05,2.9482324e-05,2.807976e-06,8.860185e-06,3.3367534e-05,1.2393246e-05,2.1791315e-05,4.870917e-06,2.1935912e-05,0.00026652435,3.5201523e-05,7.4831464e-06,1.1657562e-05,8.408099e-05,6.383523e-05,1.5536178e-06,3.592781e-05,0.00017046691,0.00024118656,2.6366122e-06,1.9678067e-05,6.3818347e-06,2.482111e-05,3.2568598e-05,2.3124894e-05,3.494705e-05,3.8870938e-05,1.6036166e-06,1.9269588e-05,2.8568546e-05,3.7731178e-07,1.2176409e-05,2.4606138e-06,2.9545322e-06,9.917571e-06,0.00015074438,4.2836346e-06,7.242578e-07,4.5535282e-07,0.00049818604,4.6749523e-07,9.267521e-05,1.4851436e-05,5.6067962e-05,2.0567957e-05,7.0651945e-06,5.3490584e-07,6.325158e-06,5.7577974e-05,2.6078787e-06,9.563724e-06,2.602619e-05,3.0571042e-05,2.7718404e-05,8.3507904e-05,2.4682515e-07,8.926926e-06,1.8137584e-05,9.171089e-05,1.2846353e-05,6.394665e-06,8.87886e-05,3.119468e-06,5.47602e-06,1.391931e-05,0.00013503591,3.061791e-06,6.065694e-06,8.76606e-05,0.00033880558,1.7095195e-05,1.0095533e-06,2.9946788e-05,3.4838486e-06,1.5842057e-06,1.2881242e-05,9.652435e-07,0.00012857544,3.4389943e-06,0.00028853022,5.059331e-05,2.7711796e-05,2.237053e-05,5.59567e-05,1.921364e-05,2.0489217e-05,3.6907225e-06,7.1189526e-05,0.00011790886,0.00011039611,8.8483375e-06,0.00016711743,3.3405042e-06,1.1945362e-05,2.9084634e-07,6.993059e-06,2.2306833e-05,3.6429515e-07,1.7784423e-06,0.0004518838,1.7479023e-06,3.7378984e-05,3.3082603e-07,0.00011474195,1.2774421e-05,4.8808608e-05,2.09192e-05,9.586224e-06
BC2026_Train_0053_S22_20220211_204500_025,1.7166535e-07,7.8628744e-07,4.1023264e-07,0.00017438512,9.122132e-05,2.1472186e-08,6.7075526e-08,6.534886e-07,0.05020622,0.0016937145,0.077874236,9.452803e-07,8.243877e-07,3.979949e-08,2.1599465e-07,0.01825153,2.2200786e-07,2.7538718e-08,0.038481634,7.707685e-06,9.535738e-06,0.14081286,9.1647775e-07,1.1374539e-06,0.0001612623,8.810188e-08,2.7434473e-06,3.8466405e-07,5.4054837e-08,2.2223347e-05,7.191988e-07,1.529566e-07,9.416104e-07,3.8972615e-07,6.5548653e-07,3.4524797e-07,2.6654232e-07,5.43088e-07,6.0013025e-07,1.2722961e-06,4.053395e-06,9.723224e-07,1.981558e-06,8.580089e-08,1.0710183e-06,1.0505323e-06,3.2697167e-06,1.2639487e-07,2.3495487e-07,4.924857e-07,5.909563e-07,8.751617e-07,8.8423894e-07,2.0214675e-06,4.5505462e-06,2.7897636e-08,1.5653693e-08,0.17903556,1.16740836e-07,7.3110647e-07,0.3860425,1.5938451e-07,0.00015881693,0.3745262,0.004122427,5.4873357e-07,6.8309555e-06,3.16518e-08,1.9233267e-08,1.7176587e-06,6.035051e-08,8.3244845e-07,1.1018369e-06,0.00013198522,6.6978494e-08,2.6789116e-06,2.11153e-05,1.9639205e-05,2.251948e-06,2.064176e-06,0.000116341806,1.9418696e-06,0.000158361,4.4321346e-06,7.090716e-06,7.916794e-06,1.5331617e-06,0.00020299626,2.4373672e-05,6.0979887e-06,0.00023253268,6.423095e-07,1.3291752e-06,5.3787508e-06,2.7358524e-06,5.661702e-05,7.0427595e-05,2.2234804e-06,2.6119158e-05,4.6510755e-05,1.7149161e-05,8.151259e-06,6.0906772e-05,0.0014444256,2.0574804e-05,7.487672e-06,2.2798204e-07,1.7894257e-06,6.649411e-06,9.087587e-06,4.651747e-06,1.5655203e-05,8.5870283e-07,4.7449416e-07,7.020645e-05,4.6894034e-05,2.3352559e-05,2.4567496e-06,1.4635305e-05,3.8009475e-05,5.7773283e-05,2.056515e-05,4.9830018e-05,0.005581852,5.121153e-07,5.923537e-05,6.6313246e-06,1.215032e-05,1.7611205e-06,3.4640302e-06,1.03121765e-05,8.594864e-06,7.0021483e-06,7.4612694e-06,1.682806e-05,0.0004203161,3.761316e-05,2.0129473e-06,5.4463903e-06,5.9483646e-05,1.6859689e-05,1.9456068e-06,3.0965304e-05,0.00014873676,4.8466172e-05,1.9524468e-06,1.311143e-05,4.066784e-06,7.3553447e-06,2.1774218e-05,1.4760644e-05,4.2362713e-05,2.7001059e-05,7.792621e-07,8.725076e-06,1.3832028e-05,2.0551e-07,2.125835e-05,6.994313e-07,2.7341619e-06,2.9266487e-06,7.013071e-05,1.091378e-06,3.4979868e-07,2.0051345e-07,0.00025577075,2.8705028e-07,0.00021546076,1.3825829e-05,6.0099843e-05,1.8114695e-05,5.3539507e-06,3.2991016e-07,2.7274664e-06,0.000102514496,4.5967763e-06,9.2794235e-06,1.4046592e-05,2.27102e-05,1.701733e-05,5.013851e-05,8.7903814e-08,5.720054e-06,1.176608e-05,8.219609e-05,2.0089103e-06,2.0331063e-06,4.294769e-05,8.5810024e-07,3.276043e-06,9.952837e-06,8.870981e-05,1.3905811e-06,3.4535608e-06,7.635362e-05,0.0003153975,5.3241693e-06,4.4227127e-07,2.4018378e-05,5.5695577e-06,4.0902978e-07,1.0026287e-05,5.5037293e-07,5.9662936e-05,1.9750623e-06,0.000253063,2.0750293e-05,8.875289e-06,1.845621e-05,3.501474e-05,1.564486e-05,1.2447044e-05,1.6279583e-06,7.119978e-05,2.0233758e-05,5.1847488e-05,1.1947287e-05,0.00019458035,1.5855434e-06,2.4751285e-05,2.4222595e-07,3.8688027e-06,9.708318e-06,1.8030893e-07,2.3557526e-07,0.0002574356,1.3709991e-06,2.8965334e-05,2.870522e-07,0.00020091354,6.4676433e-06,2.8062197e-05,8.339913e-06,6.5472395e-06
BC2026_Train_0053_S22_20220211_204500_030,8.804775e-07,2.9347989e-06,3.5893368e-06,0.00040126737,0.00015335389,1.5312372e-07,5.43575e-07,3.67947e-06,0.010254316,0.0037662012,0.12680468,1.7864362e-05,2.0740938e-06,2.8083537e-07,2.5543131e-06,0.018310128,1.7785375e-06,1.6470116e-07,0.050237894,3.140946e-05,1.9036905e-05,0.11098308,2.4509695e-06,3.5131186e-06,0.00023768605,4.7787415e-07,1.3158279e-05,5.0036037e-06,6.996055e-07,5.9069247e-05,3.240913e-06,7.457489e-07,3.3159151e-06,1.0742968e-06,1.9584068e-06,1.3078135e-06,7.7583996e-07,9.920465e-07,2.2079284e-06,2.536123e-06,7.58853e-06,2.8661996e-06,5.519105e-06,4.4001797e-07,3.0085614e-06,3.1193576e-06,4.764876e-06,5.8899155e-07,5.7545566e-07,7.972451e-07,1.8684988e-06,2.834488e-06,2.7725428e-06,6.440407e-06,7.964951e-06,6.4575204e-07,1.7586102e-07,0.15688907,5.282119e-07,2.2934157e-06,0.33260587,1.1982727e-06,0.0003110117,0.2295745,0.020868104,2.9990165e-06,2.7449432e-05,2.3738212e-07,2.0748836e-07,1.4911125e-05,6.263639e-07,5.710614e-06,6.5654285e-06,0.000242325,3.2036945e-07,1.7140905e-05,0.00019016856,8.0662e-05,6.208578e-06,6.684309e-06,0.00031467638,1.4999753e-05,0.0006217921,1.3579835e-05,2.6983605e-05,5.1553397e-05,1.1711863e-05,0.00039952926,0.00010360555,1.7411345e-05,0.0004894501,7.993731e-06,7.4691366e-06,2.4639512e-05,7.5271287e-06,8.8679866e-05,0.000110019784,5.5212317e-06,5.7303645e-05,0.00019998182,3.096161e-05,1.8096876e-05,0.00030348828,0.001552263,5.504653e-05,2.995353e-05,1.4927509e-06,8.392283e-06,1.7177805e-05,3.4739147e-05,2.9053585e-05,5.479247e-05,4.4449434e-06,2.8274333e-06,0.00033440194,6.235581e-05,5.2720807e-05,6.425254e-06,4.4560784e-05,9.02655e-05,7.527691e-05,6.439411e-05,0.00020204407,0.005250586,3.837978e-06,0.00010853561,3.9354818e-05,0.000119137134,6.255846e-06,3.897911e-05,0.00010263226,4.6479716e-05,2.3491022e-05,1.0674967e-05,3.0263449e-05,0.00071331597,4.7584712e-05,1.2976847e-05,3.9136066e-05,7.8433244e-05,0.00016115225,4.4863036e-06,0.00018381173,0.00034204047,0.00014863198,2.7084227e-06,0.00010096806,2.9381112e-05,1.9613974e-05,9.738128e-05,2.9482664e-05,6.862825e-05,0.00012919682,2.526084e-06,3.7093094e-05,7.506545e-05,1.0433447e-06,4.3942648e-05,4.258438e-06,6.4666438e-06,1.7889117e-05,0.0001596167,9.082934e-06,1.9354836e-06,1.591195e-06,0.0005670243,1.3037453e-06,0.00045415614,5.2282227e-05,0.00013944367,4.818124e-05,1.5750835e-05,1.7123778e-06,8.548531e-06,0.000109148605,9.351266e-06,8.2998464e-05,5.295854e-05,7.640031e-05,4.7904196e-05,0.0001599923,6.667907e-07,2.455343e-05,5.073158e-05,0.00024727083,7.1760496e-06,1.0544757e-05,0.00016271966,8.923538e-06,7.0514425e-06,9.16767e-05,0.00020613846,6.8701474e-06,1.4408507e-05,0.0001537734,0.000512518,2.1748672e-05,3.5999262e-06,8.032082e-05,2.1774717e-05,3.2725143e-06,6.468905e-05,1.7214469e-06,0.00026608107,9.981048e-06,0.00052233756,5.839709e-05,2.9761333e-05,4.7693786e-05,0.00019482557,6.829119e-05,0.00010496923,5.1753395e-06,0.00033343735,8.609707e-05,0.00014498053,3.391461e-05,0.00026988052,1.4854708e-05,6.732766e-05,7.947355e-07,2.4938176e-05,3.167005e-05,6.4727493e-07,5.063193e-06,0.00097632065,6.5256595e-06,6.043513e-05,8.217879e-07,0.00040966805,2.2510554e-05,8.568794e-05,3.3892335e-05,4.4906406e-05
BC2026_Train_0053_S22_20220211_204500_035,8.238825e-08,4.1420824e-07,3.2330922e-07,0.0004458597,1.3465678e-05,1.2103091e-08,3.6446778e-08,9.703585e-07,0.0061258813,0.002573408,0.17500982,3.1196166e-06,3.2021276e-07,2.228542e-08,3.1346005e-07,0.013200287,4.944519e-07,9.88257e-09,0.0249342,1.3417672e-05,7.1121235e-06,0.039768912,3.803041e-07,1.4783668e-06,3.7866714e-05,4.611498e-08,2.4703436e-06,3.6497323e-07,4.7451035e-08,2.8328988e-05,1.3526469e-06,1.391065e-07,1.252116e-06,3.1902823e-07,7.267077e-07,2.819633e-07,1.6876828e-07,1.9907527e-07,6.304793e-07,6.2642357e-07,2.8413651e-06,9.749447e-07,3.1585516e-06,7.7466304e-08,7.6669807e-07,7.914991e-07,1.4383164e-06,1.4279071e-07,1.14641836e-07,1.6243713e-07,6.95911e-07,1.0150793e-06,1.0432133e-06,2.9865182e-06,2.3806094e-06,9.000984e-08,5.297616e-08,0.23883942,1.23359e-07,2.0991817e-07,0.31859636,1.4378237e-07,0.00013504607,0.28660724,0.0106712775,1.4222171e-06,2.4364483e-06,2.4532998e-08,3.0922244e-08,4.476538e-06,4.940494e-08,1.3130925e-06,9.65077e-07,1.959453e-05,3.8136424e-08,4.525454e-06,3.347625e-05,1.667163e-05,1.4918913e-06,8.9835896e-07,4.47362e-05,1.7099118e-06,8.389005e-05,2.5739148e-06,3.3900976e-06,6.529631e-06,2.9109717e-06,0.0003207609,3.8008897e-05,2.2521028e-06,0.00019590357,1.6990518e-06,1.1497298e-06,4.7928174e-06,1.1423274e-06,1.06537e-05,3.4265777e-05,5.2930665e-07,2.4587614e-05,3.836889e-05,9.783744e-06,1.4463632e-06,0.00010232054,0.0008204214,2.8887736e-05,9.174754e-06,1.9351707e-07,7.216612e-07,1.9425272e-06,1.1378508e-05,2.882622e-06,1.719295e-05,1.3271384e-06,5.5212246e-07,5.17874e-05,1.293115e-05,7.905206e-06,1.0581803e-06,8.634701e-06,1.3599559e-05,8.6316795e-06,1.8011478e-05,2.8157172e-05,0.001282868,6.2028386e-07,2.1591448e-05,7.683591e-06,2.1317714e-05,1.3661595e-06,5.1613715e-06,7.620599e-06,8.108469e-06,2.7240455e-06,1.4021119e-06,6.188325e-06,0.00011969705,3.9162587e-06,5.272368e-06,6.3550146e-06,5.075495e-05,7.825381e-05,3.889342e-07,2.670696e-05,6.239619e-05,4.9817896e-05,4.2439018e-07,1.2605839e-05,4.674382e-06,4.084298e-06,1.2166657e-05,3.956392e-06,1.2910191e-05,3.304851e-05,7.560564e-07,8.21024e-06,2.278174e-05,9.479213e-08,5.528666e-06,7.3719275e-07,6.8902455e-07,6.6340444e-06,3.088918e-05,9.065912e-07,3.8667855e-07,1.5381057e-07,0.00034768903,3.012326e-07,6.362276e-05,1.926705e-05,3.774305e-05,7.0691844e-06,3.1199377e-06,1.6391141e-07,2.3470075e-06,1.2673089e-05,1.6970081e-06,9.937178e-06,9.610976e-06,1.984593e-05,7.014439e-06,3.5229597e-05,7.971009e-08,6.6945677e-06,7.650988e-06,6.419319e-05,1.4219812e-06,3.6225358e-06,5.3552118e-05,1.5649057e-06,2.2168995e-06,1.9233934e-05,1.9638772e-05,1.2537457e-06,2.5123943e-06,3.763702e-05,0.00018371115,3.3568133e-06,8.5901485e-07,1.3850018e-05,9.486643e-07,8.4444144e-07,5.348255e-06,1.5229347e-07,4.339702e-05,2.9779235e-06,9.095839e-05,1.0835876e-05,4.2416295e-06,1.0879261e-05,4.92035e-05,3.1678537e-05,1.7427772e-05,1.0960633e-06,7.734875e-05,4.5471395e-05,7.4393305e-05,4.7829953e-06,1.6837997e-05,4.1424364e-06,6.2720287e-06,1.8110391e-07,6.5489066e-06,4.852825e-06,3.8894598e-08,8.7830705e-07,0.0003193293,6.8033245e-07,6.342131e-06,7.95878e-08,5.953535e-05,4.199973e-06,2.0001333e-05,4.3986624e-06,1.37194675e-05
BC2026_Train_0053_S22_20220211_204500_040,3.8271745e-07,5.652476e-06,1.8614076e-06,0.004603474,4.107989e-05,8.790985e-08,6.441584e-07,2.553977e-06,0.009442121,0.01203332,0.13627896,3.25891e-05,1.5228417e-06,4.891381e-07,2.8569373e-06,0.013726121,1.7714735e-06,9.760474e-08,0.02615976,3.359849e-05,4.262624e-05,0.19424836,1.7758474e-06,6.0557527e-06,9.875321e-05,7.8247473e-07,6.670058e-06,2.260102e-06,3.0313694e-07,3.9798164e-05,5.553789e-06,7.9525256e-07,5.548051e-06,1.8891631e-06,4.5075276e-06,1.5582623e-06,1.472363e-06,1.3556727e-06,4.8961174e-06,4.2784454e-06,1.1307244e-05,5.741703e-06,1.280611e-05,4.4904797e-07,7.5152143e-06,8.688782e-06,1.1727757e-05,1.068262e-06,8.102379e-07,1.0226241e-06,3.6181852e-06,5.9080803e-06,5.5331234e-06,1.19624165e-05,1.340005e-05,8.2043084e-07,1.6742729e-07,0.17811938,5.4400806e-07,2.5215038e-06,0.4035061,1.0924996e-06,0.0002315175,0.192264,0.057352312,7.069764e-06,2.5690915e-05,1.5177511e-07,5.023644e-07,1.1002496e-05,6.791824e-07,4.6657246e-06,8.302884e-06,0.0004910649,2.3380284e-07,1.628923e-05,0.00014410808,0.00017043295,4.570976e-06,2.2360166e-05,0.00018532325,7.3337296e-06,0.0006457305,2.4279392e-05,3.314547e-05,3.0043073e-05,1.916061e-05,0.00043228766,9.9602854e-05,1.9475765e-05,0.00027628877,1.1539541e-05,7.373374e-06,5.1960542e-05,5.093501e-06,5.4567678e-05,0.000114840135,3.2828268e-06,8.920929e-05,0.0002524167,3.6742902e-05,1.925166e-05,0.00040806105,0.0026931046,6.356194e-05,3.3506625e-05,1.7211336e-06,5.925341e-06,5.212619e-06,5.6776244e-05,8.8886525e-05,6.514628e-05,8.234674e-06,3.4068375e-06,0.00022826737,6.797322e-05,4.31742e-05,6.6954426e-06,5.293688e-05,0.00010212987,0.00011804712,0.0001620917,5.963751e-05,0.004944902,3.0140668e-06,9.7507e-05,2.0606398e-05,0.00020615634,1.3540766e-05,6.119391e-05,0.00012746373,2.3803146e-05,8.364466e-05,6.6963553e-06,2.041078e-05,0.00024391142,2.3222976e-05,3.468039e-05,5.1774066e-05,8.571131e-05,0.00023880978,6.672806e-06,0.0001977395,0.00010451069,5.700019e-05,8.086793e-07,3.164807e-05,4.9242743e-05,3.8841852e-05,4.5450368e-05,1.8799645e-05,0.0002042941,0.00014342771,4.088401e-06,2.6328724e-05,0.00010405059,9.211218e-07,2.8562305e-05,3.179477e-06,7.087613e-06,0.00011768802,0.00011612026,1.1657607e-05,4.4722156e-06,1.2268783e-06,0.0005895588,1.9574827e-06,0.00043752644,3.16622e-05,0.00012993811,3.2378295e-05,5.3667754e-05,1.6692763e-06,9.588857e-06,0.0001292747,7.152138e-06,8.964642e-05,0.00010969043,0.00012642068,6.892884e-05,0.00017987289,3.2097526e-07,1.7810133e-05,1.3138655e-05,0.00025421454,5.594028e-06,2.0556112e-05,0.00021848359,5.0140175e-06,7.1022214e-06,0.00034635083,0.00015251989,1.6364686e-05,2.306952e-05,0.00025279095,0.00057421887,8.960386e-06,5.457923e-06,8.995959e-05,1.4821213e-05,2.9796906e-06,1.25526485e-05,1.2182727e-06,0.00022241741,3.1598614e-05,0.0002952635,9.646702e-05,1.31451725e-05,5.4016233e-05,0.00022936844,8.279096e-05,0.00030191688,7.608378e-06,0.00020200729,8.895597e-05,0.0005897313,1.7367e-05,0.00022527711,1.8930852e-05,4.3674776e-05,1.5719746e-06,4.7702477e-05,1.7602239e-05,6.7158413e-07,2.588359e-06,0.0014519361,7.663672e-06,5.271603e-05,6.6581464e-07,0.00039475432,4.5089248e-05,0.000120549485,3.42467e-05,6.7615394e-05
BC2026_Train_0053_S22_20220211_204500_045,1.3467796e-07,1.3882584e-06,1.0611786e-06,0.00164864,1.7897546e-05,1.3370173e-08,3.778393e-07,1.0800146e-06,0.004049535,0.0033583748,0.1787492,1.8458251e-05,3.6019003e-07,5.4609774e-08,5.255798e-07,0.0065012635,1.4326077e-06,3.048694e-08,0.008380009,3.0544757e-05,1.572508e-05,0.048611972,3.5620494e-07,2.5205948e-06,1.0079726e-05,4.195398e-08,1.6630823e-06,2.854171e-07,6.946433e-08,2.9967643e-05,2.8776562e-06,4.1530987e-07,3.0968456e-06,8.0379004e-07,1.6083003e-06,8.385895e-07,1.4397216e-06,6.7392716e-07,2.330916e-06,1.3843002e-06,5.4167144e-06,2.260443e-06,5.5586847e-06,2.1745902e-07,1.6190835e-06,2.1359278e-06,2.957374e-06,4.4167314e-07,3.281986e-07,3.6370497e-07,1.5427099e-06,2.1028877e-06,2.5767613e-06,5.904059e-06,4.8771085e-06,2.1807126e-07,2.741465e-07,0.29982406,1.9325758e-07,3.070664e-07,0.5140372,2.0467523e-07,0.00032455,0.2015979,0.11243307,1.995881e-06,2.1558708e-06,5.2595194e-08,2.0990997e-07,9.577699e-06,1.7034243e-07,5.298084e-06,5.303139e-06,6.237573e-05,6.499088e-08,2.8525403e-06,6.9553535e-05,2.9018558e-05,1.5428716e-06,2.1724748e-06,5.4237516e-05,2.2790107e-06,0.00023344035,9.095373e-06,5.171472e-06,1.4270049e-05,9.111973e-06,0.0005828117,5.422924e-05,4.3338146e-06,0.0002890578,3.3852127e-06,3.6301992e-06,2.5633746e-05,1.2099833e-06,1.7569368e-05,5.525801e-05,9.0066396e-07,5.4691616e-05,0.00010157384,3.6390113e-05,3.17982e-06,0.00013378002,0.0012298399,1.589441e-05,1.24768985e-05,7.5400504e-07,1.6661209e-06,2.3678076e-06,1.3272182e-05,1.5399493e-05,2.829764e-05,2.2190043e-06,3.3515546e-06,0.0001135918,6.9449748e-06,9.947257e-06,1.8830781e-06,4.4719654e-05,1.6671202e-05,1.2157865e-05,4.541021e-05,4.1400253e-05,0.0016982703,4.3113255e-07,3.346489e-05,1.2188747e-05,2.4107852e-05,2.1667558e-06,1.0526199e-05,4.1669595e-05,1.267055e-05,4.4047956e-06,9.469569e-07,2.4612475e-06,6.469799e-05,1.0294068e-05,1.2836384e-05,2.0534442e-05,3.409686e-05,0.00019591273,1.1623331e-06,6.798956e-05,8.377519e-05,6.710888e-05,2.39126e-07,1.4314824e-05,5.160358e-06,1.7542847e-05,1.9600173e-05,7.69931e-06,1.6513775e-05,8.225592e-05,8.414446e-07,1.2082643e-05,3.2527594e-05,4.5878852e-07,2.5259746e-05,1.551397e-06,2.612561e-06,5.6849985e-05,8.6338296e-05,1.8406183e-06,1.0265816e-06,3.10386e-07,0.0001450487,4.5570818e-07,5.223847e-05,7.653314e-06,0.000129316,8.161534e-06,4.693787e-06,3.0120847e-07,3.9211955e-06,3.303162e-05,1.1069706e-06,1.3161793e-05,1.7324372e-05,4.966611e-05,4.7087256e-06,0.00012280016,1.13099574e-07,1.3306719e-05,2.2925473e-05,9.783345e-05,1.7268302e-06,1.0133102e-05,7.170659e-05,3.817525e-06,1.238369e-06,9.5786585e-05,5.080013e-05,2.3172806e-06,3.3988772e-06,2.5413032e-05,0.00027666677,1.29629325e-05,2.8360537e-06,3.0575153e-05,1.8893757e-06,2.1199753e-06,7.675586e-06,4.863416e-07,8.589886e-05,4.147749e-06,0.00023351805,2.7407033e-05,6.8652357e-06,1.248448e-05,4.9595492e-05,2.4593783e-05,2.1821717e-05,3.416537e-06,0.00013241608,2.8281558e-05,0.00024493755,6.0765615e-06,4.8963757e-05,1.2878699e-05,8.919777e-06,4.3597794e-07,2.4060171e-05,8.858208e-06,4.0389022e-08,6.8398276e-06,0.0007781857,2.7068502e-06,9.646356e-06,1.7097081e-07,0.00012241493,7.6049746e-06,0.00011170739,1.0524603e-05,3.633283e-05
BC2026_Train_0053_S22_20220211_204500_050,1.4261763e-06,2.3920136e-06,1.9644544e-06,0.0013521339,9.852455e-05,9.48947e-08,4.2894578e-07,5.9909294e-06,0.0050104978,0.0035234904,0.333833,9.190332e-06,3.897931e-07,2.3079329e-07,8.8250516e-07,0.0041959053,2.0986004e-06,6.772654e-08,0.00609558,3.5883604e-05,3.3549408e-05,0.02941517,2.4481426e-06,6.764772e-06,0.00010232726,3.769169e-07,1.0216327e-05,7.5778125e-06,4.417878e-07,0.000115815485,6.526425e-06,8.5385454e-07,6.5385666e-06,2.3382477e-06,3.0678586e-06,1.7471855e-06,2.039085e-06,2.2260583e-06,4.51752e-06,3.941505e-06,1.8673583e-05,4.9405967e-06,1.2588721e-05,4.7534974e-07,2.5581771e-06,2.8634483e-06,7.066178e-06,1.0823841e-06,1.011226e-06,1.7862188e-06,3.5161354e-06,4.6131527e-06,5.3552267e-06,1.2716914e-05,8.940242e-06,4.2280615e-07,3.2007873e-07,0.13455862,8.85498e-07,1.27176e-06,0.30422586,1.5356127e-06,0.00023655924,0.20230724,0.01603405,6.588296e-06,3.0663687e-05,1.8534209e-07,2.3972103e-07,3.3814176e-05,6.0955244e-07,6.5451545e-06,1.1020946e-05,0.00016272461,7.654379e-07,3.9201845e-05,0.00010341001,8.008556e-05,3.6000567e-06,2.0156838e-05,0.00010726085,1.5430394e-05,0.0015077781,1.2998287e-05,5.4655688e-05,4.8965063e-05,1.430781e-05,0.00092690747,0.000138047,1.2066982e-05,0.0008572175,8.766362e-06,1.5930238e-05,3.9584647e-05,9.67475e-06,6.5019674e-05,0.00023363452,6.3511616e-06,0.00010139259,0.000112692986,9.496089e-05,1.4446646e-05,0.00025331473,0.0054702787,8.3494444e-05,2.4809753e-05,1.8350937e-06,6.9956136e-06,1.2812229e-05,7.316513e-05,1.7365528e-05,0.0001085674,1.671079e-05,1.2299487e-05,0.00019023675,6.34861e-05,4.954832e-05,4.6728355e-06,0.0001337679,0.00010167549,5.1449028e-05,8.049556e-05,0.00011671427,0.0052725333,5.317268e-06,0.00012310065,2.04484e-05,9.68438e-05,1.8376404e-05,1.5404943e-05,3.943676e-05,2.7680102e-05,3.749058e-05,8.141889e-06,4.2679974e-05,0.00036373534,1.7007402e-05,4.329711e-05,3.3120225e-05,0.00022130049,0.000337635,4.2669217e-06,0.00013365061,0.00041497345,0.00015756782,1.9182617e-06,0.00023189349,2.0742795e-05,5.8422258e-05,6.103708e-05,7.279087e-05,6.6565786e-05,0.00021942823,8.063843e-06,3.5371966e-05,0.00011769689,2.2191375e-06,7.670604e-05,4.016489e-06,9.4969955e-06,6.9093105e-05,0.00023367461,1.5770947e-05,5.612726e-06,1.7385244e-06,0.00047344412,2.4079457e-06,0.00028276854,0.00013271807,0.00023398318,6.382257e-05,1.3676359e-05,2.2143577e-06,2.997762e-05,6.702075e-05,7.987626e-06,2.14491e-05,0.00011188105,0.0001276508,1.9319821e-05,0.0002351504,8.2497047e-07,3.1386106e-05,7.036161e-05,0.00039437032,8.510551e-06,2.012288e-05,0.00019372691,8.8958805e-06,7.5734556e-06,0.00014883876,0.00025268132,4.6748323e-06,1.48066065e-05,0.00016561092,0.0005063144,2.984865e-05,1.8195899e-05,9.8641685e-05,7.506626e-06,9.388654e-06,3.6348458e-05,2.2082359e-06,0.00025623743,2.4140358e-05,0.0004718713,9.5836935e-05,1.8407221e-05,6.446366e-05,0.00020795129,7.4935575e-05,4.6061105e-05,1.3058609e-05,0.00017431946,0.00013822535,0.0004573861,3.0874602e-05,0.00013134854,2.5747671e-05,7.434622e-05,4.628118e-06,5.5547058e-05,3.936026e-05,7.901166e-07,5.083834e-06,0.0008933643,9.17269e-06,7.143795e-05,1.079083e-06,0.00029575458,2.605266e-05,0.000139633,2.933139e-05,8.751911e-05
BC2026_Train_0053_S22_20220211_204500_055,1.4359795e-06,4.280119e-06,2.834142e-06,0.0060215346,1.05972285e-05,3.4249067e-07,2.1049964e-06,9.301095e-06,0.012469954,0.014823033,0.4628624,7.432056e-05,3.4138304e-06,4.1432162e-07,7.4115273e-06,0.016206522,9.790519e-06,7.24738e-08,0.010048933,0.00041599493,3.7245693e-05,0.020558922,1.0725202e-05,6.6652005e-06,3.2096756e-05,6.0311373e-07,3.3651504e-06,7.204212e-06,5.860187e-06,0.0008292841,8.772358e-06,4.5162324e-06,1.71386e-05,2.8987934e-06,3.888329e-06,6.3204066e-06,5.6965264e-06,2.8007094e-06,8.459371e-06,3.4967134e-06,1.9317446e-05,7.437442e-06,9.017667e-06,2.8852623e-06,4.3756804e-06,5.173721e-06,8.42206e-06,3.7726645e-06,2.7961564e-06,2.4802932e-06,3.3795523e-06,4.0426357e-06,4.3944574e-06,1.5438414e-05,1.3112545e-05,3.1930417e-06,1.333178e-06,0.24975081,1.5070507e-06,6.1020082e-06,0.3672761,6.0505806e-07,0.0039666235,0.20665371,0.020747313,5.1522047e-06,3.93403e-05,5.4555426e-07,2.295812e-06,2.77606e-05,1.213449e-06,2.8523773e-06,1.8004197e-05,7.7233104e-05,1.1377654e-06,1.722533e-05,0.00037728238,0.00012692703,1.6968665e-05,3.1155498e-05,0.00013230312,3.800184e-06,0.0007513561,1.3275663e-05,9.625916e-05,0.00010269756,0.00011838822,0.0024309081,0.0002560494,2.512794e-05,0.0009498482,5.5987504e-05,3.468403e-05,0.0002174283,9.7291886e-05,4.4148586e-05,5.9322425e-05,3.5200184e-05,0.00031114608,0.00019452581,6.744692e-05,1.0199855e-05,0.0007298736,0.003798564,0.0002888093,5.4573873e-05,2.6134308e-06,1.50071e-06,2.5944859e-05,7.135427e-05,4.1020896e-05,0.00019395204,1.1094098e-05,1.8178467e-05,0.000119942684,0.000107263295,8.685001e-05,3.0287706e-06,0.00023977668,5.0003237e-05,6.668574e-05,0.000100003526,6.2923755e-05,0.0020164694,7.046192e-06,9.379034e-05,2.4310926e-05,0.00013924768,4.2850526e-05,9.265833e-05,0.0001733832,0.00014390334,5.7292997e-05,7.9623e-06,1.0060538e-05,2.2959977e-05,3.0709372e-05,9.689424e-05,5.773748e-05,6.0777682e-05,0.0006634649,1.1901992e-05,7.600037e-05,0.0001452631,5.3706466e-05,6.782762e-07,4.5702196e-05,4.2267042e-05,0.0004268696,2.5463756e-05,2.4365261e-05,0.00022364676,0.00018728223,1.4428926e-05,4.265853e-05,0.00010735529,3.8424278e-06,4.831435e-05,5.3684245e-05,8.346079e-06,0.0009425572,0.00012184825,7.4532414e-05,1.6403792e-05,1.3836217e-06,0.0031770803,4.276544e-06,0.0001255969,3.2298394e-05,0.00049437466,4.7946152e-05,2.8521557e-05,5.582308e-07,3.9249426e-05,0.00010627167,9.642944e-06,1.5744647e-05,6.216967e-05,7.637511e-05,2.7451344e-05,0.0005514307,3.688629e-06,8.243292e-05,6.5670596e-05,0.0010632287,4.3924592e-05,1.39807335e-05,0.00032889328,1.5994308e-05,1.711748e-05,0.00020331083,0.0001829321,2.7531147e-05,6.05479e-05,0.00016280003,0.0005667139,2.5419258e-05,4.858984e-06,0.00017080583,5.8760015e-06,1.423835e-05,1.4520667e-05,9.4656946e-07,0.00040131595,2.9204062e-05,0.00035755,7.27568e-05,4.3652453e-05,2.3196966e-05,0.00014985882,5.8848058e-05,0.0005489159,2.2701082e-05,0.0007823212,0.0005786325,0.0013130251,2.406563e-05,5.8201284e-05,3.193783e-05,1.0747431e-05,4.0392365e-06,4.6373592e-05,2.3543816e-05,2.1511123e-06,7.975388e-05,0.0019708495,9.299037e-06,2.0800122e-05,1.7507683e-06,0.000174831,2.4337023e-05,0.0002937249,9.269368e-05,0.00012441087
BC2026_Train_0055_S22_20220219_200000_000,5.3203695e-07,3.3099794e-05,0.00011166576,0.0005774414,0.00028696487,2.1938749e-07,1.4198657e-06,1.3804119e-05,0.0021077795,0.00044598215,0.022832384,2.980374e-05,2.2646495e-07,2.0544438e-07,1.1412143e-05,0.03777375,4.6851108e-07,1.2256068e-07,0.066645876,6.7371593e-06,2.592658e-05,0.12887853,4.7370282e-05,1.0528027e-05,0.0066408617,1.0822788e-06,8.410039e-05,1.4723619e-06,1.0673486e-06,1.4950967e-05,8.348427e-06,1.5149415e-06,8.7949675e-06,1.7113263e-06,3.845159e-06,2.5568818e-06,7.4693105e-07,1.9355077e-06,3.5249889e-06,3.6899803e-06,1.8155304e-05,4.338665e-06,1.5817202e-05,1.4839945e-06,3.955622e-06,4.5892034e-06,1.1047622e-05,1.881886e-06,7.722473e-07,1.16547e-06,3.7785478e-06,5.9491163e-06,5.742398e-06,1.6483094e-05,1.9526351e-05,1.3405688e-06,4.2668228e-07,0.1513811,3.0556828e-06,1.8500282e-06,0.09559202,1.7197242e-07,0.00083105214,0.21348226,0.2422659,1.6169035e-05,3.0370657e-05,6.2647734e-07,3.9472077e-08,5.6372037e-06,4.3093812e-07,2.2083634e-05,7.1580266e-06,0.0001595928,2.1130892e-07,7.1910945e-06,7.082786e-05,0.00011842741,9.199698e-06,6.369613e-06,0.00012248557,2.740711e-05,0.00020147736,2.2672115e-05,8.607849e-06,5.0207793e-05,1.360358e-05,0.00014773826,4.4647724e-05,4.3051274e-05,0.000311962,2.64411e-05,7.812967e-06,8.820605e-05,2.0593903e-05,7.690775e-05,1.0922738e-05,6.470339e-06,4.1973777e-05,6.044752e-05,9.061322e-06,1.4292835e-05,0.00022718542,0.00024923895,5.644462e-05,2.2716677e-05,2.265292e-06,6.8952745e-06,1.2641583e-05,6.0720096e-05,3.9173738e-05,6.4555505e-05,3.3998338e-06,3.3435385e-06,8.576912e-05,2.5162159e-05,1.6719923e-05,1.7890054e-05,9.9169665e-06,3.0760486e-05,6.810901e-06,0.00016055729,0.00025214994,0.00085484027,6.7256343e-07,5.0394392e-05,8.8342334e-05,3.2301657e-05,1.3544037e-06,1.48840045e-05,8.699697e-05,9.970482e-05,1.7743067e-05,1.3328016e-05,1.123588e-05,9.621144e-05,3.8954655e-05,1.3453137e-05,1.470568e-05,1.528136e-05,3.843246e-05,6.583573e-06,4.3939795e-05,0.00011718421,3.0702238e-06,2.0658777e-06,0.000121191566,2.8099874e-05,1.0460862e-05,4.7962894e-05,4.1189218e-05,2.8108803e-05,2.4751474e-05,5.620091e-06,4.1509167e-05,8.55777e-05,2.2270456e-06,0.00010234142,6.5772597e-06,8.626463e-06,2.2595295e-05,5.9424794e-05,2.6839086e-06,4.8791553e-06,2.7338178e-06,0.00017235121,9.373278e-07,0.0003081071,5.524076e-06,0.00017121134,4.2523236e-05,1.3411441e-05,3.803262e-06,7.654599e-06,0.00020506515,5.650659e-06,6.7344605e-05,3.3544864e-05,9.7423166e-05,5.773434e-06,6.774873e-05,1.3187787e-06,7.038141e-05,1.7588194e-05,2.713314e-05,1.3391312e-05,1.0709932e-05,0.00023589685,1.636069e-05,6.8960503e-06,0.00012368862,0.0001351276,3.2221913e-05,2.2995322e-05,0.00011207977,0.00010325945,3.955446e-05,6.173489e-06,6.045553e-05,3.7262816e-05,1.9190255e-05,7.7212346e-05,7.836457e-07,0.00013537264,2.1837768e-05,0.0005737675,7.2169755e-06,1.6654803e-05,9.022046e-06,0.00013396512,0.00010253708,0.00015404828,9.168815e-06,0.0002948267,8.9868445e-05,0.00010415054,3.6495727e-05,1.5542963e-05,1.8211418e-05,4.0693532e-05,8.7090217e-07,0.00010868019,8.710644e-06,9.684513e-07,1.41610935e-05,0.00084426254,3.4291043e-06,0.00010693853,1.2908058e-06,6.813689e-05,4.345481e-06,7.2953546e-05,3.912931e-05,0.0001402463
BC2026_Train_0055_S22_20220219_200000_005,2.4742639e-07,4.9873513e-05,4.6712605e-05,0.0006553721,0.00026160578,6.399811e-07,1.2476818e-06,1.1980455e-05,0.004594269,0.000798996,0.024635877,8.186395e-05,1.1764247e-06,6.6490094e-07,1.2405602e-05,0.07906273,1.628081e-06,4.620871e-07,0.054035302,4.97904e-05,4.604802e-05,0.24996638,3.4267967e-05,9.6809335e-06,0.0025319494,2.0959103e-06,5.9737344e-05,2.96089e-06,1.6540429e-06,0.0001321251,3.9656506e-06,2.1903575e-06,5.048675e-06,1.8388006e-06,2.725797e-06,2.3102152e-06,1.5702607e-06,1.730921e-06,2.9963865e-06,2.3268585e-06,9.075462e-06,2.3220678e-06,1.0838295e-05,1.6263415e-06,2.3152174e-06,2.8588124e-06,4.9382606e-06,1.6837747e-06,8.546848e-07,1.0398004e-06,2.9864811e-06,4.039587e-06,4.05816e-06,7.778367e-06,9.967873e-06,2.373376e-06,6.2304485e-07,0.12761876,1.8991634e-06,9.282885e-06,0.22286028,2.4978232e-07,0.0052037216,0.2099192,0.28867108,1.2933506e-05,7.0594087e-06,4.7731123e-06,1.6581699e-07,9.834802e-06,2.4676257e-07,3.126324e-05,1.3572014e-05,0.00047850452,2.5286673e-07,2.1300499e-05,8.210882e-05,0.00016669028,2.3203447e-05,1.0666826e-05,0.00051327376,8.751051e-06,0.00043501842,1.9796482e-05,7.875821e-06,2.2117609e-05,2.9280109e-05,0.0001648685,8.536058e-05,0.0001836236,0.0010063181,4.3405173e-05,9.906323e-06,0.00016992052,5.178478e-05,0.00012853695,1.0622989e-05,7.195602e-06,7.7161116e-05,0.00011304386,9.150873e-06,1.2971044e-05,0.00050501205,0.0009302855,0.00016525552,2.6038726e-05,4.6373825e-06,1.0632274e-05,1.0720262e-05,4.1190397e-05,7.197321e-05,7.834378e-05,2.8252016e-06,5.5178684e-06,0.00020600662,4.029551e-05,1.1886499e-05,1.8355282e-05,9.965278e-06,6.43093e-05,2.2260932e-05,0.00015120521,0.00014306617,0.0011924318,3.3617757e-06,3.5324505e-05,0.00029716865,4.6450696e-05,1.3714266e-06,2.4801897e-05,0.00022341659,0.00012109707,3.2774886e-05,2.2067215e-05,2.7188828e-05,9.734479e-05,0.00015701454,1.7985816e-05,2.3392124e-05,2.5351135e-05,3.1825395e-05,1.1469905e-05,4.2669235e-05,0.00012986256,2.8126551e-05,8.968542e-06,3.420381e-05,2.2306174e-05,3.114308e-05,8.435782e-05,4.2181153e-05,2.2394268e-05,4.7883055e-05,5.371969e-06,6.967515e-05,0.00011630743,3.0622643e-06,6.281009e-05,2.3246726e-05,1.6068014e-05,1.7642573e-05,8.860387e-05,1.1291307e-05,7.1288423e-06,4.2137017e-06,0.00019280222,7.574681e-07,0.00019872651,3.7028362e-06,0.00014552401,3.1148073e-05,3.941499e-05,1.4409043e-06,7.1060895e-06,0.00028577176,5.481093e-06,7.539057e-05,4.115223e-05,0.00016144293,1.2295113e-05,6.446963e-05,1.0183886e-06,0.00014254273,2.809157e-05,3.451977e-05,2.0324558e-05,1.2350276e-05,0.00027560606,1.8501554e-05,1.0191317e-05,7.40643e-05,0.00018294062,2.643245e-05,1.9149067e-05,6.0753984e-05,0.00018800775,8.842046e-05,4.2305687e-06,0.00030267806,4.7389673e-05,2.891207e-05,3.1844647e-05,3.792382e-06,6.541497e-05,1.5324149e-05,0.0010401262,2.8166789e-05,3.2661967e-05,8.198973e-06,0.0001732756,4.8317575e-05,0.00020775608,2.2779306e-05,0.0006390401,0.0002001455,0.00034757768,2.1942209e-05,7.1175135e-05,5.8278263e-05,4.8302925e-05,6.1851705e-07,6.10769e-05,2.1221302e-05,1.7258409e-06,2.6690159e-05,0.0012913425,3.6985023e-06,8.309365e-05,2.874088e-06,0.00011573234,6.4532755e-06,0.00023481814,4.8708174e-05,8.275567e-05
BC2026_Train_0055_S22_20220219_200000_010,7.438007e-08,4.7555422e-06,6.0439997e-06,0.00018618244,5.5125955e-05,8.322866e-08,1.2032707e-07,1.4982118e-06,0.01570626,0.00018818048,0.01688116,9.921582e-06,1.7187504e-07,5.521683e-08,1.5095836e-06,0.03662716,3.7012438e-07,2.816942e-08,0.027361613,3.859623e-06,1.6084388e-05,0.17158541,9.067208e-06,1.5733021e-06,0.00065424223,7.776046e-08,8.170311e-06,1.8850837e-07,8.640854e-08,1.739541e-05,5.8465383e-07,2.1691677e-07,9.144801e-07,3.1557167e-07,5.2721344e-07,3.128368e-07,3.141882e-07,3.3682795e-07,5.2987383e-07,5.0545964e-07,1.8940302e-06,3.883497e-07,1.7200636e-06,1.3198894e-07,5.336728e-07,7.450763e-07,1.2986264e-06,2.6734347e-07,1.4156282e-07,1.6924521e-07,3.8548228e-07,5.59725e-07,6.189673e-07,1.3848535e-06,1.9602082e-06,1.2808896e-07,7.8381994e-08,0.07165106,3.1060898e-07,1.0172083e-06,0.17017551,1.1773778e-08,0.0007772804,0.09851846,0.11664941,1.5370163e-06,4.3111872e-06,1.0408655e-07,3.1331414e-08,2.0997916e-06,4.9718594e-08,3.9708084e-06,2.762413e-06,5.618748e-05,3.6520117e-08,1.5442776e-06,3.4929493e-05,5.309487e-05,3.9741276e-06,3.7890777e-06,0.00015361307,4.6676514e-06,0.00020535475,1.6113681e-05,3.45678e-06,6.5522613e-06,5.1591915e-06,0.00016207408,2.886824e-05,1.701136e-05,0.0003795917,4.500247e-06,3.4770976e-06,4.8189515e-05,9.010179e-06,5.479707e-05,6.251552e-06,1.9552215e-06,3.3836077e-05,3.2835767e-05,4.783776e-06,3.7438197e-06,0.00012788753,0.0004220312,1.6017497e-05,6.1890278e-06,5.740732e-07,8.4006143e-07,3.6045847e-06,9.547121e-06,1.4601944e-05,1.7472821e-05,5.7097907e-07,4.9218477e-07,7.7672725e-05,8.600357e-06,6.0141474e-06,5.715065e-06,3.8385897e-06,1.544164e-05,7.593793e-06,6.383778e-05,3.735098e-05,0.0011435455,2.3021802e-07,2.2237147e-05,3.7015743e-05,1.2570737e-05,5.6659997e-07,7.46196e-06,6.5718086e-05,2.549763e-05,3.875069e-06,5.530633e-06,4.0868226e-06,5.6128523e-05,5.343433e-05,6.3093435e-06,7.5807825e-06,5.0051744e-06,1.725555e-05,1.2413582e-06,8.314896e-06,4.8658498e-05,3.594033e-06,6.686137e-07,9.89621e-06,6.5828194e-06,8.849208e-06,1.7201068e-05,1.2546413e-05,9.542643e-06,1.7953154e-05,1.1329277e-06,1.8308378e-05,2.478185e-05,3.0732448e-07,2.9933311e-05,4.3464715e-06,6.2084946e-06,6.8160016e-06,2.5508964e-05,2.1245535e-06,1.1797639e-06,4.4782186e-07,8.295866e-05,2.5361226e-07,0.00019189696,8.745793e-07,8.63737e-05,1.0338891e-05,3.421702e-06,2.8709516e-07,1.4722017e-06,0.000113129696,9.3456964e-07,9.024128e-06,1.3051302e-05,3.2499254e-05,3.0328258e-06,3.113542e-05,1.0062298e-07,3.0886767e-05,5.3115104e-06,1.926288e-05,4.7456297e-06,1.9128088e-06,9.284911e-05,4.477063e-06,1.1812026e-06,2.2751452e-05,9.7926124e-05,2.0157788e-06,7.05743e-06,3.974821e-05,0.000115941,1.04575e-05,6.8269173e-07,8.533161e-05,1.7815364e-05,2.9286339e-06,1.12393955e-05,3.032043e-07,1.8608376e-05,6.2216645e-06,0.0003668509,9.338825e-06,6.576438e-06,2.4086278e-06,5.253842e-05,1.1755235e-05,4.0466482e-05,4.68407e-06,0.0003448177,1.9794783e-05,6.653652e-05,4.691943e-06,3.1996267e-05,6.634804e-06,1.2839224e-05,9.580401e-08,4.2063857e-05,7.907626e-06,9.464181e-08,4.6605473e-06,0.0006488947,8.861341e-07,6.489789e-05,4.7643715e-07,5.2425257e-05,4.2822703e-06,8.8559864e-05,3.211344e-05,2.296819e-05
BC2026_Train_0055_S22_20220219_200000_015,2.3438687e-07,1.3865707e-05,2.662932e-05,0.00046092653,0.00013895972,4.4791502e-08,2.173135e-07,1.4467272e-06,0.0026625253,0.00019637523,0.01551167,1.3313179e-05,8.773447e-08,7.1658434e-08,1.915293e-06,0.036556996,5.415498e-07,3.7387814e-08,0.06641767,1.8442662e-06,1.2499764e-05,0.13231954,1.542904e-05,7.2764647e-06,0.0005374605,1.963483e-07,2.4617646e-05,7.8432754e-07,2.7017722e-07,7.4542986e-06,6.5283666e-06,1.2396368e-06,3.8127332e-06,1.4535688e-06,3.2068997e-06,1.9924844e-06,7.979168e-07,1.671666e-06,2.097614e-06,2.6727084e-06,1.38129535e-05,2.0115272e-06,1.8164881e-05,9.978173e-07,1.8371373e-06,2.3460227e-06,8.0104355e-06,7.389581e-07,4.2715044e-07,6.785149e-07,3.1452926e-06,5.53017e-06,5.361395e-06,1.03509965e-05,2.376436e-05,1.7058694e-07,1.0721623e-07,0.32935965,6.014194e-07,8.668171e-07,0.20149125,4.407899e-08,0.00067935453,0.415811,0.11090599,3.6355486e-06,1.5522344e-05,8.226279e-08,1.9104606e-08,1.9111787e-06,1.0629628e-07,4.6933083e-06,1.1839714e-06,2.089639e-05,5.106566e-08,2.8565964e-06,3.76845e-05,4.1300806e-05,1.9378035e-06,3.9206534e-06,2.8464088e-05,4.434016e-06,4.1127907e-05,4.5229517e-06,2.9057128e-06,7.4355903e-06,4.6746586e-06,4.2302403e-05,2.3335619e-05,7.862958e-06,0.00010425239,6.7954466e-06,3.4553725e-06,5.2364405e-05,1.1050393e-05,1.9993571e-05,3.6734955e-06,4.6144555e-06,8.935537e-06,2.0957079e-05,4.2897786e-06,2.6800105e-06,0.00011272769,0.00013613627,2.1966893e-05,6.4305323e-06,4.969669e-07,1.9789857e-06,7.460529e-06,1.4481696e-05,2.7896847e-05,2.3475302e-05,6.409749e-07,7.812459e-07,5.283198e-05,8.595142e-06,3.3185217e-06,2.462041e-06,3.8422777e-06,1.0859659e-05,1.7545558e-06,5.980341e-05,4.2051786e-05,0.0003903392,3.0710095e-07,1.407294e-05,1.9660192e-05,1.6496997e-05,5.7761923e-07,1.0389943e-05,4.315033e-05,2.0983456e-05,2.6906437e-06,2.1516212e-06,1.7548405e-06,2.7867467e-05,2.7301487e-05,5.4613283e-06,5.126062e-06,7.711391e-06,6.9850344e-06,2.4080075e-06,2.0658577e-05,4.647103e-05,1.4437088e-06,1.6404357e-07,3.4538407e-05,4.9956416e-06,5.390999e-06,1.319774e-05,1.0653802e-05,6.6571447e-06,5.095265e-06,1.2396416e-06,1.4434857e-05,1.9290603e-05,5.9137517e-07,3.6914997e-05,2.6579198e-06,2.730501e-06,9.791864e-06,2.781097e-05,8.971637e-07,1.1332875e-06,1.1505623e-06,6.089028e-05,2.618365e-07,0.00025836064,1.0356697e-06,5.2615484e-05,1.4798771e-05,3.7418813e-06,3.8879398e-07,2.5307663e-06,0.00011781412,1.0972913e-06,1.9213658e-05,1.1161698e-05,2.8227078e-05,3.7176549e-06,3.5521138e-05,2.166321e-07,1.605985e-05,1.0197219e-05,7.3950696e-06,3.3987023e-06,1.5188098e-06,3.7635586e-05,7.3546225e-06,1.8453517e-06,8.4300314e-05,4.14507e-05,2.5145205e-06,9.807302e-06,1.6440456e-05,4.445175e-05,2.1351203e-05,2.0328214e-06,2.8353745e-05,9.62905e-06,2.7564e-06,2.2060818e-05,2.1961127e-07,2.9545934e-05,6.876959e-06,0.00019207837,6.3521065e-06,6.510529e-06,3.327557e-06,4.005502e-05,2.7173068e-05,3.535787e-05,3.6094384e-06,0.00015369804,6.287733e-05,0.00016126309,8.881267e-06,1.9835392e-05,6.65533e-06,1.3398069e-05,1.17020065e-07,5.210086e-05,2.1441076e-06,1.2864831e-07,6.056919e-06,0.00047424046,2.1398282e-06,0.00012742556,4.3689738e-07,1.2889795e-05,2.1054443e-06,2.270678e-05,8.808229e-06,3.1614316e-05
BC2026_Train_0055_S22_20220219_200000_020,2.5484584e-07,2.9751287e-05,3.639417e-05,0.00053993566,0.00010032895,5.4555837e-08,8.3591544e-07,2.1821302e-06,0.00069782726,0.00027959637,0.029970769,2.5836442e-05,2.6674448e-07,1.707409e-07,7.810441e-06,0.020965518,3.962631e-07,5.564979e-08,0.063470356,1.1456677e-05,1.5471445e-05,0.14421314,1.6460537e-05,1.2468631e-05,0.00049428886,3.401029e-07,3.8889702e-05,2.0857895e-07,2.629491e-07,8.53719e-06,1.3629877e-05,1.7732871e-06,1.1208172e-05,2.5213353e-06,5.253271e-06,2.7464082e-06,8.398812e-07,2.234012e-06,4.8609677e-06,3.6661386e-06,3.1033862e-05,4.671094e-06,3.2868382e-05,1.3987263e-06,3.348995e-06,4.6942614e-06,1.4047557e-05,2.1471465e-06,8.061191e-07,1.2657524e-06,5.5239757e-06,1.0427256e-05,1.0595945e-05,2.1678225e-05,3.701938e-05,9.25468e-07,5.6383476e-07,0.42576516,7.740183e-07,7.4186096e-07,0.11030838,6.689385e-08,0.00081739406,0.18853213,0.16054346,6.8964446e-06,1.2808796e-05,1.3784191e-07,6.955342e-08,2.5581944e-06,3.9380305e-07,2.9246872e-05,2.8163945e-06,1.5045983e-05,9.0188564e-08,2.388528e-06,7.027779e-05,4.7601457e-05,4.7217486e-06,3.23113e-06,0.00011629456,8.767365e-06,0.00018493297,1.314293e-05,1.51776e-06,1.200208e-05,4.552439e-06,7.0564136e-05,1.7507466e-05,5.119106e-06,0.00016250195,7.6522565e-06,3.133458e-06,5.9845454e-05,8.954833e-06,1.9374233e-05,6.524284e-06,2.433738e-06,1.3332886e-05,3.0727737e-05,5.8219794e-06,2.1686083e-06,7.073573e-05,0.00012198844,1.859823e-05,7.757987e-06,1.252749e-06,2.268593e-06,3.993454e-06,1.7882685e-05,4.0476716e-05,4.2398966e-05,8.966334e-07,2.3512396e-06,6.838307e-05,5.646797e-06,5.2122905e-06,3.62922e-06,5.4390766e-06,1.1072959e-05,1.9028873e-06,6.052164e-05,5.1150426e-05,0.00057896494,3.960738e-07,3.0404852e-05,4.8216127e-05,1.5731215e-05,1.4816244e-06,1.1262281e-05,5.8410787e-05,3.828143e-05,1.4981475e-06,1.087904e-06,1.4464982e-06,1.9085404e-05,2.5178648e-05,6.615483e-06,1.0003814e-05,7.673252e-06,2.4346795e-05,1.6372502e-06,3.251857e-05,4.7149093e-05,8.278409e-07,1.9537661e-07,9.6134405e-05,4.170203e-06,5.725665e-06,2.0960899e-05,5.6483104e-06,1.154226e-05,1.2758154e-05,1.4874757e-06,1.897014e-05,2.1169275e-05,1.442989e-06,2.8171382e-05,6.743787e-06,3.541564e-06,2.0544901e-05,4.378616e-05,9.77518e-07,1.4524588e-06,1.0828312e-06,6.300613e-05,2.701829e-07,0.00017191134,3.4785403e-06,8.009121e-05,2.540867e-05,7.3535007e-06,4.7796533e-07,5.7854054e-06,0.0001042695,1.1527666e-06,2.8152475e-05,8.647145e-06,3.3449607e-05,2.7389353e-06,4.3136297e-05,2.2557045e-07,3.39303e-05,1.0845398e-05,1.137865e-05,2.1954645e-06,4.492293e-06,2.9915418e-05,3.066506e-05,1.0376579e-06,0.00010804914,3.1803127e-05,3.8703415e-06,8.353119e-06,8.957558e-06,7.095111e-05,2.9274357e-05,4.0660047e-06,6.0827893e-05,1.4047074e-05,9.622257e-06,1.275599e-05,2.4588445e-07,3.2130043e-05,1.042662e-05,0.0002198192,4.143756e-06,3.533137e-06,5.318612e-06,7.9614074e-05,1.8119239e-05,5.3309526e-05,4.176216e-06,0.00019828211,5.922566e-05,0.00015837928,1.3673738e-05,1.0819417e-05,6.820723e-06,1.5931073e-05,2.296352e-07,0.00014511179,3.0860108e-06,7.698157e-08,2.6560003e-05,0.00043035296,3.8987855e-06,3.392441e-05,4.967376e-07,1.0873359e-05,1.720426e-06,5.608171e-05,1.0868902e-05,6.6590546e-05
BC2026_Train_0055_S22_20220219_200000_025,2.3966254e-07,3.659732e-05,4.195685e-05,0.00044694458,0.00015316653,6.280597e-08,7.950168e-07,3.67517e-06,0.0016207101,0.00048692373,0.016032945,2.6808011e-05,3.1030845e-07,2.726119e-07,7.5473763e-06,0.044014044,4.466477e-07,8.003687e-08,0.085760295,1.4812339e-05,2.845619e-05,0.110918775,9.605487e-06,9.183981e-06,0.0009896443,3.406148e-07,3.487913e-05,5.2873554e-07,7.476915e-07,2.0399531e-05,9.197145e-06,1.7984487e-06,6.74809e-06,2.506146e-06,3.9644137e-06,3.48451e-06,7.130788e-07,2.3848497e-06,3.210795e-06,5.0001745e-06,1.9673753e-05,3.8553335e-06,2.2283913e-05,1.633255e-06,3.1629133e-06,3.6902795e-06,1.2306116e-05,1.113293e-06,6.6191217e-07,1.2437519e-06,5.068619e-06,8.629622e-06,8.355245e-06,1.4593439e-05,3.935842e-05,1.5903531e-06,3.4262266e-07,0.43384784,1.3402134e-06,1.5440875e-06,0.2451978,1.1961166e-07,0.000999716,0.30049005,0.15950327,7.780823e-06,9.137983e-06,4.5820653e-07,3.2539212e-08,2.6932698e-06,1.861456e-07,1.8765091e-05,3.4230497e-06,0.00014458418,2.034362e-07,4.2479005e-06,3.8675524e-05,4.735958e-05,4.8296015e-06,3.053897e-06,6.2296254e-05,3.632866e-06,7.898951e-05,3.88566e-06,1.6682307e-06,7.854782e-06,4.118e-06,6.8372836e-05,2.1225715e-05,1.802237e-05,0.00016851371,1.1076116e-05,2.443415e-06,2.8553697e-05,8.47958e-06,2.6942898e-05,4.792356e-06,4.1064504e-06,3.259137e-05,3.261077e-05,6.7931983e-06,4.9508885e-06,0.0001225918,0.00025308903,5.0763036e-05,1.7978973e-05,7.7048617e-07,4.4531744e-06,7.015664e-06,4.1885727e-05,4.0230963e-05,3.72103e-05,1.4006351e-06,2.266487e-06,2.6261323e-05,2.4488818e-05,5.3327776e-06,8.037785e-06,6.958101e-06,1.4623865e-05,3.4585112e-06,5.5621636e-05,9.4403265e-05,0.00078710396,7.8102914e-07,3.2525175e-05,2.7211345e-05,2.26051e-05,7.839925e-07,1.0955369e-05,3.4122397e-05,2.2185146e-05,4.722361e-06,4.8527227e-06,4.5533857e-06,3.19311e-05,2.5054982e-05,5.4972475e-06,5.0892863e-06,2.1856082e-05,7.7689665e-06,3.6309193e-06,1.8880082e-05,8.143774e-05,4.2921974e-06,8.1215967e-07,5.094659e-05,2.7765568e-06,3.4902073e-06,1.7482822e-05,1.5095095e-05,2.0172105e-05,1.0412867e-05,9.64375e-07,2.6620557e-05,2.1457918e-05,1.7454302e-06,1.7145874e-05,3.8674784e-06,2.3478046e-06,6.0488956e-06,2.949931e-05,8.4467746e-07,1.605433e-06,9.478297e-07,8.122167e-05,2.690382e-07,0.00012240384,4.052359e-06,9.076681e-05,1.5233257e-05,8.6968985e-06,9.936324e-07,4.3884515e-06,0.00020206819,2.736095e-06,2.4292476e-05,9.375778e-06,3.349532e-05,5.31187e-06,4.797465e-05,5.0549727e-07,2.9449418e-05,1.9970037e-05,1.8518427e-05,4.1272942e-06,6.386736e-06,8.390486e-05,7.2915586e-06,2.4298004e-06,6.0237257e-05,5.2634005e-05,3.057184e-06,1.6007387e-05,1.9404279e-05,7.653996e-05,5.54565e-05,3.3649867e-06,4.0372666e-05,1.0038361e-05,9.468103e-06,2.5152322e-05,6.8384577e-07,2.4267123e-05,9.463886e-06,0.0002976132,5.21702e-06,7.979785e-06,1.1218043e-05,9.4614705e-05,2.0000303e-05,5.6606434e-05,5.6045265e-06,0.00011097525,5.301913e-05,0.0001392676,1.9356206e-05,1.3249496e-05,1.2640535e-05,1.4811208e-05,3.9431376e-07,5.8477723e-05,4.285514e-06,3.9834626e-07,1.3946696e-05,0.00059653545,2.9682155e-06,2.8792685e-05,9.941396e-07,2.347557e-05,1.7476522e-06,3.9516264e-05,7.384632e-06,7.5127035e-05
BC2026_Train_0055_S22_20220219_200000_030,1.0906049e-06,0.00021376174,0.00033018136,0.0013769023,0.000396203,6.4475273e-07,9.535838e-06,1.6040089e-05,0.00053570064,0.0015818389,0.036511693,0.00033249965,9.4567446e-07,2.0317457e-06,3.469455e-05,0.03485037,1.5018254e-06,1.4912256e-06,0.086757675,8.857118e-05,4.8207436e-05,0.24734749,5.8474383e-05,4.265723e-05,0.0028002318,7.79026e-06,0.00032256686,5.4776024e-06,9.623192e-06,6.884705e-05,5.0878818e-05,1.4041476e-05,3.3317963e-05,8.730444e-06,1.7224163e-05,1.9748248e-05,4.8725055e-06,1.2192513e-05,1.6105907e-05,1.1763221e-05,9.086139e-05,1.5090962e-05,9.2849376e-05,1.4625065e-05,1.1780329e-05,1.3709436e-05,3.230942e-05,7.452942e-06,3.5166115e-06,6.0104035e-06,2.066236e-05,3.3705164e-05,3.05116e-05,6.245037e-05,0.00011208202,1.6917089e-05,2.0861887e-06,0.27714282,9.97335e-06,9.29682e-06,0.19224134,4.833159e-07,0.0032954782,0.18551233,0.22766034,6.787367e-05,3.782575e-05,1.0354816e-05,2.5199768e-07,1.4752383e-05,1.7620346e-06,0.000112783295,1.5748641e-05,0.00026358615,7.419381e-07,2.2271848e-05,0.00016838456,0.00017993343,2.8349226e-05,1.7527062e-05,0.00025383115,2.0090629e-05,0.00047704013,1.2566782e-05,9.37071e-06,6.0158956e-05,2.8789775e-05,0.000119324955,8.0813435e-05,9.366923e-05,0.0007312915,8.901036e-05,1.42354165e-05,0.0002395137,0.00011313163,0.00010574632,1.4727151e-05,1.7385943e-05,5.5915683e-05,0.00013797935,2.1307773e-05,1.1944292e-05,0.0005917589,0.00089363975,0.00017405223,7.34933e-05,9.754146e-06,2.6355528e-05,2.099799e-05,5.9923626e-05,0.00013636219,0.00016000726,7.6165957e-06,1.2910832e-05,0.00022801635,4.2872518e-05,2.1187474e-05,2.7531622e-05,1.9621606e-05,4.5865705e-05,1.7389806e-05,0.00022799657,0.00020048088,0.0006189066,4.750062e-06,6.5854656e-05,0.00032569995,0.00012378064,3.3398767e-06,6.282201e-05,0.00021664296,0.00013411876,2.349873e-05,1.09381235e-05,1.812489e-05,6.660058e-05,0.00015710469,2.1520545e-05,2.1999682e-05,6.240916e-05,3.9256574e-05,3.150131e-05,6.4138185e-05,0.00012640911,1.8531182e-05,3.847382e-06,9.646848e-05,2.8306516e-05,3.3621793e-05,0.00010414032,4.991672e-05,2.7810465e-05,3.0467489e-05,9.490142e-06,7.814449e-05,9.977245e-05,7.874763e-06,6.325338e-05,3.4247714e-05,1.9308918e-05,3.7831665e-05,0.0001350556,7.1069976e-06,1.0668453e-05,9.063855e-06,0.00017123716,2.2220727e-06,0.00015553102,4.659023e-06,0.00014131686,7.003694e-05,3.8242128e-05,4.6205364e-06,1.4048534e-05,0.00023323612,9.766655e-06,0.000110956404,6.483658e-05,0.00013628445,3.0050605e-05,0.00012650642,3.0181538e-06,0.00013405559,5.1585164e-05,4.930317e-05,1.4494656e-05,3.113515e-05,0.0002109685,4.415861e-05,1.277436e-05,0.00030321264,0.00028560616,4.708888e-05,3.9673756e-05,5.001487e-05,9.041565e-05,0.0002594141,1.0965896e-05,0.00014334131,4.4854576e-05,4.1711894e-05,0.000102118276,6.1244423e-06,0.000148989,2.8671357e-05,0.0012570483,3.5443412e-05,4.730907e-05,1.9038904e-05,0.00027375037,0.00011204921,0.00017242254,3.193241e-05,0.0005362524,0.00041856163,0.00038835107,3.725088e-05,3.899413e-05,3.3193297e-05,8.1996775e-05,1.5904136e-06,0.00023841688,1.3883252e-05,2.3994983e-06,0.000117128126,0.0012523487,1.9193385e-05,0.00013654656,3.0803242e-06,6.663317e-05,4.1488693e-06,0.00013323173,5.7096102e-05,0.00029199908
BC2026_Train_0055_S22_20220219_200000_035,6.676879e-07,0.00011471756,0.00014873761,0.0012757751,0.00012221269,5.709807e-07,2.1644098e-06,1.32798305e-05,0.001895939,0.0018751419,0.0858478,0.00057368446,3.6579352e-06,1.6875316e-06,4.1863008e-05,0.031425573,3.6497986e-06,6.342605e-07,0.07814669,0.00019459629,4.8597194e-05,0.2117275,4.016426e-05,4.606414e-05,0.0018039698,4.695184e-06,0.00021813369,1.0596864e-05,4.2415327e-06,9.331031e-05,2.547522e-05,8.32091e-06,2.3593193e-05,8.556271e-06,1.41509545e-05,8.878218e-06,5.612694e-06,7.5585344e-06,1.23012705e-05,8.779656e-06,6.791439e-05,9.942733e-06,6.0396702e-05,6.367888e-06,7.561266e-06,8.173506e-06,1.9150893e-05,5.34145e-06,2.9076812e-06,4.008025e-06,1.1909839e-05,1.8086179e-05,1.7931612e-05,5.4305157e-05,4.3036205e-05,8.877237e-06,2.9855157e-06,0.19188654,4.6671084e-06,9.3087e-06,0.17885448,9.3367436e-07,0.0036441823,0.19074698,0.15451948,5.9819493e-05,6.4080596e-05,6.6142775e-06,8.628039e-07,1.9720355e-05,1.4622126e-06,1.3966075e-05,1.6072428e-05,0.0001638186,8.8095965e-07,3.1994437e-05,0.00027870107,0.0001806174,2.879444e-05,3.2709628e-05,0.00033495805,5.2467517e-06,0.000611241,1.2737062e-05,1.9628269e-05,6.5976354e-05,7.410691e-05,0.00026788682,0.000112172784,8.693577e-05,0.00097184186,0.00012584926,2.0014726e-05,0.00013383335,0.00010336703,9.579673e-05,1.4929067e-05,2.6870592e-05,9.479586e-05,0.0001444348,2.0653892e-05,7.814085e-06,0.0005468532,0.0005982875,0.00025252815,4.3054428e-05,5.752286e-06,2.1621468e-05,2.3098337e-05,0.00010217283,0.00017889315,0.00012268816,1.2705665e-05,1.0571369e-05,0.00011720768,8.4145715e-05,2.390335e-05,1.7186327e-05,2.1653677e-05,4.7031124e-05,5.821544e-05,0.00026954853,0.0003507588,0.00075124984,7.5659545e-06,5.1434065e-05,0.00025746628,0.00019445848,7.689551e-06,5.0135597e-05,0.00064989703,0.00016184646,3.419657e-05,8.535561e-06,2.2112907e-05,9.058229e-05,0.00013311756,2.960841e-05,3.984605e-05,3.8960305e-05,7.3766285e-05,5.7323767e-05,0.00010054339,0.0001151128,3.0199737e-05,2.634712e-06,6.0245013e-05,6.9885034e-05,7.1533796e-05,0.00013348962,3.0642466e-05,8.42738e-05,7.313437e-05,1.9583546e-05,4.8529484e-05,0.0001729788,6.8073296e-06,0.000116231255,4.8118425e-05,2.0152744e-05,0.0001336835,0.00011533531,1.5168661e-05,7.5768435e-06,4.8692123e-06,0.00027292973,1.5464705e-06,0.00016898612,1.1873175e-05,0.00015700601,3.807289e-05,0.000108424625,3.2100759e-06,1.3332721e-05,0.00021906763,1.0880278e-05,0.00013858445,6.616745e-05,0.00018079624,3.21638e-05,0.0001537451,3.5251503e-06,8.760219e-05,4.8469035e-05,5.462391e-05,3.9860493e-05,3.013814e-05,0.00015781277,6.937296e-05,1.32280065e-05,0.00016503003,0.0002789124,3.3531465e-05,3.482522e-05,6.546214e-05,0.00021458982,9.473532e-05,9.286683e-06,0.00017133106,7.662555e-05,3.1975498e-05,4.192609e-05,6.000186e-06,0.0001821466,1.9023475e-05,0.0007709343,2.7009837e-05,4.4280816e-05,1.5602054e-05,0.00042910723,0.00010581896,0.0004176847,3.5303154e-05,0.00068546686,0.0003853097,0.00051490165,5.4135457e-05,9.0715155e-05,5.526202e-05,5.4344688e-05,1.4828162e-06,0.00018461637,1.6093916e-05,5.02682e-06,6.797938e-05,0.0023372464,1.0743147e-05,8.799066e-05,1.981696e-06,6.898309e-05,8.4978265e-06,0.0001726392,8.846044e-05,0.00037207294
BC2026_Train_0055_S22_20220219_200000_040,6.479253e-07,3.7182203e-05,7.3672786e-06,0.0013946055,3.232961e-05,1.4659291e-07,9.565034e-07,4.7334797e-06,0.00076893746,0.0024277836,0.07043302,8.482487e-05,2.1092746e-06,8.1806667e-07,2.0239335e-05,0.044795346,9.77751e-07,2.0888673e-07,0.2339867,0.0007638915,4.1233074e-05,0.036314435,7.555745e-06,1.8035164e-05,0.0012455508,1.655171e-06,1.9320041e-05,5.9176496e-06,4.1609187e-06,0.00012641115,3.648379e-05,1.2759249e-05,4.0841267e-05,7.364315e-06,6.6002317e-06,2.2214064e-05,2.293092e-06,1.05128765e-05,1.2597655e-05,8.638935e-06,0.00010631972,1.6736436e-05,3.2017604e-05,1.1948803e-05,1.0659422e-05,1.1586241e-05,3.957729e-05,7.26984e-06,5.0827575e-06,9.9309445e-06,1.1782632e-05,1.8033046e-05,1.8473836e-05,4.0819534e-05,0.00017091351,7.4303452e-06,1.5173085e-06,0.57244295,4.1154753e-06,2.714968e-06,0.27974755,4.3947819e-07,0.004750382,0.16477735,0.016024493,1.785273e-05,2.3599068e-05,3.9635183e-06,7.346558e-08,3.2380028e-06,2.835643e-07,8.809438e-06,4.9243634e-05,4.77078e-05,6.800574e-07,6.94083e-06,0.00011216541,7.984939e-05,1.146587e-05,5.237019e-06,9.178333e-05,1.4211013e-06,0.00014907241,2.4191688e-06,3.542378e-06,2.6964339e-05,6.7993747e-06,6.2108156e-05,7.353143e-05,4.6243316e-05,0.00040161426,4.017418e-05,2.2346107e-06,1.931096e-05,5.501682e-05,7.780282e-05,2.7960632e-06,3.7614776e-05,3.0038776e-05,2.5616446e-05,6.815424e-06,7.559695e-06,6.358334e-05,0.00091782486,0.00018350876,4.0680025e-06,4.5382285e-07,3.287225e-06,0.00010232776,3.377943e-05,3.955725e-05,8.319188e-05,5.202716e-06,1.1004857e-05,8.6667615e-06,7.9269535e-05,1.1904115e-05,4.592071e-06,1.5776828e-05,7.846913e-06,2.0832242e-05,4.3738874e-05,0.00014832943,0.00056707487,5.3636245e-06,2.5986657e-05,4.44367e-05,2.721098e-05,1.1883366e-06,1.4784199e-05,3.5591667e-05,9.9622135e-05,5.085827e-06,8.620319e-06,1.1314104e-05,2.0495178e-05,2.375285e-05,6.1146848e-06,2.0308496e-05,2.3853208e-05,5.2149007e-06,2.3170966e-05,2.6149488e-05,0.000102195045,1.2721803e-05,2.9804392e-05,6.5501605e-05,4.0159757e-06,1.7237538e-05,2.8677427e-05,1.9220346e-05,3.363497e-05,1.2054088e-05,4.645159e-06,3.257897e-05,4.6727575e-05,2.2064276e-06,2.2059072e-05,1.16699985e-05,3.1980032e-06,2.0418762e-05,6.0838043e-05,4.6280693e-06,1.7864658e-06,1.0092317e-06,0.00014766645,3.415464e-07,2.4938508e-05,2.0576745e-05,0.00016833673,1.39706435e-05,1.2943389e-05,2.0814193e-06,1.0095013e-05,4.8443067e-05,4.7656117e-06,1.2349958e-05,1.7713177e-05,0.0001295074,5.7498346e-06,0.0002081969,4.419253e-06,0.00010725481,3.000244e-05,3.9157643e-05,1.4018048e-05,4.3631917e-06,0.000102706086,1.6560078e-05,1.0534795e-05,5.983604e-05,0.00012404355,9.214994e-06,1.6624765e-05,2.119883e-05,8.4732135e-05,7.823478e-05,4.231945e-06,2.4171573e-05,4.008908e-06,4.8773014e-05,9.30672e-06,2.4033113e-06,5.712094e-05,1.9162542e-06,0.00089535624,3.1111342e-06,3.032597e-05,2.9420037e-06,8.1737664e-05,1.3654453e-05,0.00015060803,9.367386e-06,0.00036660195,0.00046157683,0.00019519076,1.9064084e-05,2.5297548e-05,1.4079342e-05,2.2177635e-05,7.9176556e-07,2.7992544e-05,1.5526623e-05,6.3360435e-06,3.8337654e-05,0.0006149617,4.847889e-06,1.2746528e-05,2.2121878e-06,5.6301942e-05,1.0768223e-06,4.8695863e-05,2.9884708e-05,9.168509e-05
BC2026_Train_0055_S22_20220219_200000_045,6.667082e-06,0.00016411439,0.00015371328,0.0026523795,0.00016669426,2.9629634e-06,2.9608183e-05,6.1416824e-05,0.0004939721,0.004533247,0.045059994,0.0008434126,1.070161e-05,6.415152e-06,7.756436e-05,0.022070559,5.4726884e-06,2.623562e-06,0.16333726,0.0018468272,0.00015887129,0.081887856,8.9882844e-05,6.3042855e-05,0.0047080996,1.8881232e-05,0.00019938056,1.1889379e-05,1.6377877e-05,0.00061124505,0.00013330238,3.482861e-05,0.00012368707,1.7333792e-05,2.3262251e-05,4.0656683e-05,2.0903506e-05,3.547801e-05,4.4411154e-05,1.8469944e-05,0.00020951279,5.658863e-05,0.00012209387,3.2522632e-05,2.417978e-05,2.5534155e-05,7.1639064e-05,3.0070789e-05,1.6310885e-05,2.6615837e-05,4.7359263e-05,7.046408e-05,7.110106e-05,0.00011632051,0.00019002917,6.5639484e-05,1.7602473e-05,0.33036423,7.3318086e-05,3.3293192e-05,0.25735736,4.8362203e-06,0.0060398025,0.1301314,0.07075496,6.8411384e-05,4.100697e-05,4.9927716e-05,3.9575133e-07,3.0895135e-05,4.321973e-06,6.277201e-05,0.00016310644,0.0003171684,2.0443952e-06,4.5605757e-05,0.0003215297,0.0003538492,6.839403e-05,4.384495e-05,0.00023195542,5.2518985e-06,0.0005244151,2.7420625e-05,2.1550222e-05,0.00012231155,6.597132e-05,0.0005202536,0.00019393965,0.0005011205,0.003414685,0.00035583752,1.5225328e-05,0.00015288404,0.00035818267,0.00024709856,2.1316087e-05,7.140893e-05,0.0003518362,0.0003512691,3.6281548e-05,5.2047028e-05,0.00068633887,0.0035523775,0.0022113894,5.4500902e-05,9.904613e-06,5.8777056e-05,0.00018125211,0.00038456384,0.0005042362,0.0006870672,5.3916963e-05,0.00015165773,6.9572576e-05,0.0010608131,6.6111825e-05,3.2322274e-05,6.3483676e-05,3.5885245e-05,4.5008313e-05,0.0003723183,0.0014559653,0.0020161076,3.907815e-05,0.00012220348,0.00059948186,0.00010443427,9.317732e-06,9.7105025e-05,0.00027583083,0.0010747147,9.643657e-05,3.4770135e-05,0.00014600965,0.00010251772,0.0001320615,6.849063e-05,6.232234e-05,8.5549385e-05,2.959322e-05,0.00037059747,7.558247e-05,0.00024187719,3.522419e-05,6.322618e-05,0.00026681906,5.8386562e-05,0.00020247781,0.0003167022,6.286875e-05,0.0003751536,4.758807e-05,6.3584426e-05,0.00019060897,0.00021973914,5.3675234e-05,0.00024195308,8.633105e-05,3.101596e-05,0.00034257353,0.00039997345,3.668954e-05,2.6223384e-05,1.0843257e-05,0.00046529598,6.26237e-06,0.00014257603,8.034135e-05,0.0005078118,0.00016957009,0.00013985354,4.198026e-05,6.650062e-05,0.00034568054,8.2937535e-05,9.166437e-05,0.00022055421,0.00047617784,3.0575327e-05,0.00048627853,2.491588e-05,0.00026596186,0.000110053355,0.00029885746,8.16867e-05,4.2681564e-05,0.00051455083,5.188132e-05,7.755814e-05,0.0001539791,0.0004225401,0.00017756084,6.610539e-05,0.00015488766,0.00021478039,0.00046113902,6.002223e-05,0.0003224442,4.1945008e-05,0.0004446249,4.7301848e-05,2.4888282e-05,0.00043071187,1.5234595e-05,0.0028309529,2.9795723e-05,0.00016089983,5.9302623e-05,0.0009016263,0.00021711092,0.0008618503,0.000185024,0.000952317,0.0010092657,0.0014493895,0.00014852785,7.948905e-05,0.00024380775,6.351007e-05,1.0756157e-05,0.00012060754,4.2196923e-05,3.766754e-05,0.0002514597,0.0018969752,7.962668e-05,0.00016663768,1.4185883e-05,0.0002764606,1.0714232e-05,0.00045541767,0.0001093111,0.000766917
BC2026_Train_0055_S22_20220219_200000_050,1.1491367e-06,7.0229886e-05,3.9243023e-05,0.0025814036,3.591719e-05,5.029411e-07,3.430108e-06,1.5441141e-05,0.00069005665,0.003638515,0.097454906,0.00047090722,8.842678e-06,1.3957801e-06,3.901414e-05,0.02984098,2.9799035e-06,4.3229684e-07,0.05394759,0.0006250538,2.8545555e-05,0.062428102,3.0720883e-05,2.7494048e-05,0.0029122531,8.403295e-06,7.8472825e-05,1.4439401e-05,6.010965e-06,0.00019368112,2.1382682e-05,1.159106e-05,2.513084e-05,5.613679e-06,8.022377e-06,1.3272234e-05,5.4047896e-06,5.9635504e-06,8.912227e-06,4.7825533e-06,5.2586387e-05,8.311218e-06,3.3009168e-05,9.943188e-06,5.6551125e-06,6.538062e-06,1.3595708e-05,6.625862e-06,2.9780144e-06,4.412464e-06,8.481885e-06,1.2217772e-05,1.19569995e-05,3.2734624e-05,4.4708948e-05,1.5713507e-05,4.334215e-06,0.22134474,4.400769e-06,8.22826e-06,0.20709468,1.3385479e-06,0.0070281285,0.066771284,0.1192432,6.9767106e-05,4.198671e-05,1.2531179e-05,4.452676e-07,1.593621e-05,8.9633426e-07,1.1114833e-05,2.4201325e-05,8.725503e-05,5.5059604e-07,1.721083e-05,0.00021157123,0.00012652042,1.1002202e-05,1.1605317e-05,0.00040066478,1.3749245e-06,0.0001394833,1.3302455e-05,8.086446e-06,4.567348e-05,2.2408281e-05,0.00044568273,6.9296e-05,4.1350024e-05,0.0014086559,0.00017723319,8.395181e-06,9.533243e-05,9.7722484e-05,9.88497e-05,5.142882e-06,4.3192034e-05,8.122632e-05,8.479422e-05,1.0264697e-05,7.4363074e-06,0.000493346,0.0013750008,0.00038536056,1.1938905e-05,4.408065e-06,7.165676e-06,1.7972374e-05,5.1118823e-05,0.00016155843,8.055999e-05,1.2289919e-05,1.5545409e-05,3.173726e-05,7.3266856e-05,1.2688083e-05,4.174476e-06,1.5807098e-05,2.1167096e-05,5.3036372e-05,0.00017697347,0.0002001579,0.0004054159,1.2322452e-05,1.434965e-05,0.00030405677,7.111482e-05,2.0735854e-06,3.6287987e-05,0.0003208655,0.00018461091,3.2822085e-05,2.6679818e-06,1.0126234e-05,1.1532446e-05,4.3408734e-05,1.6672744e-05,2.322911e-05,3.3613265e-05,2.8110091e-05,7.3229145e-05,2.4812685e-05,3.748218e-05,2.4645975e-05,4.5869238e-06,5.6326488e-05,1.7329363e-05,7.358411e-05,0.00010952435,1.3717387e-05,9.354087e-05,3.0104904e-05,1.1280059e-05,2.5337577e-05,6.628062e-05,6.6145176e-06,4.753551e-05,5.537892e-05,8.207242e-06,0.00012200264,8.052827e-05,7.93788e-06,8.216075e-06,2.5375818e-06,0.00027669422,1.2406612e-06,4.627495e-05,1.09476505e-05,0.00017572363,1.5865304e-05,4.053176e-05,3.0198325e-06,7.126368e-06,6.57794e-05,1.2452683e-05,7.727754e-05,5.825614e-05,0.0001022746,8.000747e-06,0.00011144535,2.1258645e-06,7.906269e-05,2.2998218e-05,6.89289e-05,2.0007341e-05,1.5255967e-05,0.00016036558,4.49637e-05,1.5457153e-05,0.00013680002,0.00016911249,5.905996e-05,2.9153416e-05,4.5192264e-05,0.00015346974,9.240668e-05,8.571282e-06,8.054501e-05,1.852295e-05,6.0199876e-05,2.1392189e-05,5.2164733e-06,0.00012580221,8.6577975e-06,0.0007605872,1.6466236e-05,8.111756e-05,6.6944845e-06,0.00020231976,5.250366e-05,0.00041212476,3.1485964e-05,0.0006921019,0.0012954299,0.0006813016,2.8793123e-05,1.998732e-05,7.2020455e-05,2.5993746e-05,9.941195e-07,3.964774e-05,1.1391342e-05,1.220247e-05,0.000107568034,0.0012437595,1.568207e-05,2.6063843e-05,1.3453243e-06,2.2041197e-05,2.0450657e-06,0.000118045886,5.232896e-05,0.000264825
BC2026_Train_0055_S22_20220219_200000_055,1.1322849e-06,0.00014932764,4.8826434e-05,0.0021001915,5.0673316e-05,6.5790834e-07,1.9808964e-05,1.2265567e-05,0.0004920651,0.0029754795,0.06733248,0.00036342477,8.249105e-06,2.7814701e-06,5.609893e-05,0.045696285,2.443196e-06,1.1195717e-06,0.0837849,0.0008517551,5.4007483e-05,0.08520006,3.4379653e-05,1.7818898e-05,0.0008863249,9.7589e-06,4.985687e-05,1.2711689e-05,1.252616e-05,0.00018380508,3.0274276e-05,1.4964162e-05,2.6850332e-05,6.7188407e-06,7.0361734e-06,2.1726986e-05,5.4288885e-06,8.626578e-06,1.0753786e-05,8.10421e-06,4.8907197e-05,1.2972541e-05,3.0754563e-05,1.4070349e-05,8.700192e-06,1.07475125e-05,1.9344858e-05,6.4292994e-06,3.815101e-06,6.782032e-06,1.2524477e-05,1.8278231e-05,1.8043766e-05,2.6120826e-05,9.284097e-05,5.5613153e-05,4.085112e-06,0.35043424,1.0618017e-05,2.000654e-05,0.34768462,1.5169743e-06,0.011056685,0.11851391,0.2506733,4.52848e-05,1.5487372e-05,4.4212717e-05,2.9370926e-07,1.1067922e-05,1.9235158e-06,4.225644e-05,5.711914e-05,0.00057521,1.2615009e-06,5.38981e-05,0.00032724527,0.00026517262,2.2154194e-05,1.4037928e-05,0.00024900807,2.2290494e-06,0.00032251337,1.207937e-05,4.2727856e-06,4.8492057e-05,3.8823222e-05,0.00019421798,9.516748e-05,0.00014215519,0.0013307597,0.0001797162,6.8861136e-06,0.00014041516,6.57811e-05,0.00014912999,6.1289475e-06,3.3326545e-05,8.924757e-05,0.00021555774,6.8751556e-06,1.4802384e-05,0.0008113115,0.0015006455,0.0004405811,2.629322e-05,2.8718193e-06,5.2775495e-06,3.845581e-05,8.493381e-05,0.0002220644,0.0001701029,1.0453322e-05,2.967634e-05,3.806893e-05,0.0001880915,1.4106303e-05,1.1713293e-05,1.8180668e-05,2.7751068e-05,3.35504e-05,0.00020144622,0.00028561894,0.00063051924,1.9093488e-05,3.5476623e-05,0.00025813805,6.680999e-05,2.6540417e-06,5.3651125e-05,0.00011784176,0.00022702324,2.7086448e-05,1.1039134e-05,2.576027e-05,1.2189037e-05,7.186972e-05,1.7885448e-05,4.3299424e-05,4.458365e-05,2.109984e-05,0.000100893754,2.2729311e-05,5.5796634e-05,1.6279942e-05,2.2502249e-05,0.00013175873,1.1480105e-05,7.5945376e-05,9.501333e-05,6.12395e-05,0.000105381325,3.3107182e-05,1.1296627e-05,6.6677785e-05,9.389674e-05,1.3551864e-05,4.7032332e-05,5.6322886e-05,9.618238e-06,0.00014376975,0.00015503203,1.1800376e-05,9.010747e-06,4.4588814e-06,0.00019944558,1.8248827e-06,5.5903576e-05,1.345718e-05,0.0003117111,3.6616522e-05,4.0755982e-05,3.1673596e-06,1.3926415e-05,0.0001621973,1.8749797e-05,9.330141e-05,6.7500005e-05,0.00015822577,1.4219094e-05,0.00012862301,7.296143e-06,0.00020360686,5.438746e-05,6.3272506e-05,2.5903077e-05,1.6305892e-05,0.00025105415,2.4039988e-05,2.7211889e-05,0.00020963528,0.00028316703,7.447551e-05,3.707435e-05,3.626958e-05,0.0001283574,0.0004441142,1.4282426e-05,0.00015430363,2.4732692e-05,0.000157938,3.1202748e-05,5.8587007e-06,0.00017185988,1.0261839e-05,0.0014352014,1.3862639e-05,6.432016e-05,9.140398e-06,0.00024846641,6.40462e-05,0.00035109773,8.711203e-05,0.0005069009,0.0014064306,0.0006847577,7.0493305e-05,2.9285722e-05,9.8166405e-05,2.943106e-05,1.7182961e-06,6.908052e-05,2.7769256e-05,1.351039e-05,0.0003079406,0.0014515725,2.2125776e-05,2.4733825e-05,6.0074003e-06,7.604684e-05,5.2963665e-06,0.00018445503,3.500639e-05,0.00024338363
BC2026_Train_0066_S23_20241124_044002_000,4.9664663e-07,5.6738254e-06,5.179005e-08,0.0006271588,2.9896424e-07,2.6616506e-08,2.6648458e-08,8.2935725e-07,5.3710923e-05,0.000118961965,0.0013188564,5.988741e-06,3.4298031e-07,1.9860854e-06,1.4795842e-06,0.0009205096,3.372696e-07,1.5280843e-08,0.00029745948,3.1032796e-05,8.382482e-08,0.0007146124,9.738401e-06,1.0047892e-05,1.4949583e-05,8.698068e-08,1.9442139e-06,1.813758e-07,1.9734807e-06,1.2734718e-05,6.737146e-06,1.8779414e-05,0.00012682045,1.4551249e-05,2.069105e-05,3.4660785e-05,0.0033450474,0.02765884,5.185354e-06,0.00012529474,0.034592863,4.7731533e-06,3.597392e-05,1.01340975e-05,1.3530259e-05,1.8293282e-05,0.04133251,4.305402e-05,0.0019658445,0.026217954,1.3146852e-05,1.0394284e-05,1.05974605e-05,9.102158e-06,0.025095325,4.2752415e-08,3.2478678e-05,0.0021780282,2.4993294e-09,2.1470095e-08,1.5929796e-05,2.9580175e-07,5.1401465e-05,0.0005116648,0.0016597654,1.0286168e-05,8.067882e-06,3.297711e-07,1.647816e-05,8.637254e-05,8.576861e-09,3.1794087e-07,0.00060415175,2.603187e-07,0.00032191863,4.4338873e-07,5.1891417e-05,0.00028135002,0.00011415776,2.7809167e-05,2.4043815e-05,1.425858e-06,0.00012930269,6.610759e-06,1.7572267e-05,5.6938434e-06,1.8000878e-07,7.0674236e-05,0.00011523801,0.00047156843,8.41447e-07,4.7067415e-06,0.0012042342,0.030030206,1.598911e-05,2.7490155e-06,5.027654e-06,0.9997253,0.0002570998,0.0009279237,0.0037172397,0.00020754007,2.8708994e-06,5.1309784e-05,2.3337586e-06,2.5574096e-05,4.8812867e-06,1.972346e-08,5.8484843e-06,6.293438e-05,5.56435e-06,1.5325448e-06,4.2743855e-07,1.3438635e-05,2.0187126e-06,4.2587402e-05,5.5651195e-05,1.5819616e-05,3.4700613e-06,0.0014488725,5.294392e-06,2.057647e-05,3.6462986e-06,0.026573785,2.5606153e-07,0.00023679098,2.0288304e-05,5.4119977e-05,3.207941e-07,8.172051e-07,4.7081503e-08,7.1022214e-06,0.0002451125,0.0003820389,4.9496657e-06,2.2356565e-07,3.879561e-05,4.3715358e-05,1.5446613e-08,0.00014456143,3.0399638e-06,0.0015116639,1.4792046e-06,0.0003060452,1.14994755e-07,2.993885e-07,0.00010047103,1.0228465e-06,0.00048312318,3.057181e-06,6.847496e-05,0.00021648873,5.469042e-06,2.668264e-06,0.0006930474,0.00022504717,8.5815176e-05,4.7589296e-05,2.9750452e-06,0.00043743695,0.001987776,8.194831e-05,5.4033706e-07,0.00075354637,1.0875579e-05,1.1714031e-05,3.87931e-06,3.912517e-05,1.2072312e-05,0.0001686994,0.00077586184,1.7490427e-05,1.8343417e-07,8.804197e-06,0.003238505,2.0658323e-05,1.0057086e-06,1.4683108e-06,5.928575e-07,6.261495e-05,0.00040637044,1.1867221e-05,0.00034543165,0.00024784013,4.5408187e-06,7.685343e-05,1.0766662e-06,0.00011775212,8.2978204e-07,2.3478135e-06,5.1447514e-05,4.6983245e-05,4.3715943e-05,4.982004e-05,3.7204798e-05,7.28253e-05,3.2533146e-05,3.6017e-05,1.7020478e-05,2.2055503e-06,5.217285e-05,2.52671e-06,5.3923543e-08,5.1534324e-05,0.000111790294,0.0002909043,5.1084713e-05,2.422045e-06,3.838978e-07,8.5942775e-05,0.00026519212,0.0017281496,0.00010958651,0.0010375817,6.962939e-05,0.00045601503,4.0641837e-05,3.654696e-05,3.5432902e-06,0.00032747284,3.445179e-06,5.6900426e-05,0.0001343353,2.9936138e-05,9.627608e-08,0.10057546,1.7277823e-06,1.3758737e-05,7.5704515e-06,0.00019552531,1.2565284e-05,0.00014525298,1.646751e-05,5.580573e-05
BC2026_Train_0066_S23_20241124_044002_005,3.088768e-07,2.273705e-05,2.0310928e-08,0.00018806405,1.3505785e-08,1.4405436e-08,3.3420813e-09,2.4240892e-08,2.7672182e-05,2.4771637e-06,0.00012528722,4.445535e-07,4.16673e-07,1.5494068e-06,1.5377552e-07,0.00054743123,8.524476e-09,1.2579128e-08,1.7590424e-05,1.0473809e-05,2.5835417e-08,0.00037080844,1.1500694e-05,2.1602218e-05,1.0427415e-05,1.0487786e-06,6.1708835e-07,1.0097481e-07,1.4939577e-05,6.275644e-07,3.8321264e-06,0.00014122068,9.474941e-05,0.00019541591,5.4530017e-05,0.0004842761,0.04178101,0.08157481,2.5556092e-06,0.00095308723,0.027607022,1.4053704e-06,9.259208e-05,0.0001267096,5.9939925e-05,0.0001009004,0.05453827,7.328272e-05,0.0014131422,0.024748553,2.0170106e-05,1.203089e-05,1.2683294e-05,1.0903765e-05,0.26973164,1.9160108e-08,1.3416073e-05,0.00013575346,5.012005e-10,3.933192e-08,2.6626844e-06,1.0357319e-08,6.7842707e-06,6.0975814e-05,2.8208186e-05,1.3673191e-05,6.559602e-06,3.142251e-07,2.0429378e-07,2.936302e-06,1.9379494e-08,4.2056058e-08,0.00017674075,1.2952366e-08,0.00018379824,3.0367485e-07,3.2868036e-05,0.000145718,2.4041503e-05,2.654557e-05,6.1577243e-06,3.2510295e-06,3.7374422e-05,8.291286e-07,4.7498437e-05,1.3599783e-06,3.8767067e-07,4.6260433e-05,0.0002302497,1.8099068e-05,9.769261e-07,3.0797544e-06,2.6380727e-05,0.003418892,3.3982727e-05,1.6458621e-07,5.785548e-07,0.99676514,1.1640943e-05,7.83115e-05,0.10388263,5.9211725e-06,2.9812736e-06,3.9463353e-05,8.3718385e-07,4.081008e-05,5.290485e-06,3.36918e-09,8.98772e-06,1.3846757e-05,0.00010619256,3.687169e-07,6.4081725e-08,2.5275747e-05,2.0357186e-07,7.053729e-05,6.317989e-05,4.359854e-07,2.2785757e-06,0.00061428786,4.6916583e-05,7.897769e-05,8.0663585e-07,0.002642012,8.0496e-08,3.161423e-05,2.5554266e-06,0.00025490602,2.9830599e-06,1.4463066e-06,5.4662923e-08,8.990455e-07,2.1263784e-05,0.00063087535,5.0645315e-07,1.0067496e-08,0.00011999486,4.0241343e-06,4.6091234e-08,1.34165575e-05,1.4537696e-07,0.014598813,1.0069657e-06,0.00010255341,4.45574e-09,3.8322216e-07,4.1573978e-05,6.495667e-08,0.0007318475,1.994608e-06,9.57916e-06,2.4708035e-05,7.0580154e-06,6.7861597e-06,0.0001007975,0.00014144507,3.00911e-05,1.2829272e-05,1.2731604e-06,6.669973e-05,0.0021930565,2.3648428e-05,5.052987e-07,0.0008417122,1.15827725e-05,4.4892164e-07,1.8630487e-06,9.035118e-05,6.3375325e-07,0.00023673501,0.00014704595,3.286686e-06,2.1431562e-07,7.339201e-06,0.00017628045,5.8476035e-06,9.103739e-07,2.813514e-06,1.2079855e-05,8.003609e-05,0.0020458738,7.063778e-05,0.0012725779,0.00016952095,6.1676474e-07,2.2593806e-05,2.042378e-06,4.9541133e-05,8.7396415e-08,2.6064592e-06,6.7499874e-05,1.1371587e-05,6.4326614e-06,3.7023125e-05,3.6035588e-05,1.9873145e-05,5.491121e-05,4.481728e-06,4.0000978e-06,9.534869e-07,2.5415842e-05,9.904234e-07,3.3156635e-08,1.1862672e-05,4.811916e-05,4.6219244e-05,9.361412e-06,3.6147188e-07,6.6940046e-08,0.000109606684,0.00012377994,0.0002116693,4.694379e-05,0.00051139266,1.1351337e-05,0.0004426191,1.4672283e-05,1.3833057e-05,1.3795596e-06,6.771947e-05,1.406816e-06,3.3678913e-05,4.385046e-06,1.4536017e-05,9.050975e-09,0.30855134,4.8603e-06,9.636168e-06,9.035848e-07,9.023382e-05,6.226348e-06,3.0791656e-05,1.7199853e-05,1.8155684e-05
BC2026_Train_0066_S23_20241124_044002_010,1.0833264e-07,7.44156e-07,6.245092e-09,4.8248094e-05,3.644831e-08,1.9091082e-09,5.5634136e-10,1.7175307e-08,1.4752712e-06,3.5086152e-06,0.00039047486,8.166979e-07,1.3005591e-08,7.0390263e-07,2.5981151e-07,0.00011723293,2.888164e-08,2.4231401e-09,6.988823e-05,9.942524e-06,4.2859183e-09,3.455748e-05,4.3366532e-07,6.031011e-07,2.373154e-06,5.9500227e-09,1.1411944e-07,2.0528947e-09,6.518559e-07,6.6974206e-07,4.668603e-07,1.3042278e-06,7.2922267e-06,5.5132796e-07,1.8166538e-06,2.6941614e-06,0.0029820604,0.014210063,3.482752e-07,8.754172e-06,0.011249301,2.251973e-07,3.0590477e-06,6.545277e-07,1.1101718e-06,1.0999713e-06,0.006320531,2.2515121e-06,0.00021935231,0.0079908855,8.823739e-07,6.091428e-07,8.0832234e-07,4.7160825e-07,0.0038068644,1.729998e-08,1.5063889e-05,0.0004305214,1.5273892e-10,1.261906e-09,1.8660606e-06,1.5071764e-08,7.768819e-06,2.9498296e-05,7.492035e-05,2.1628932e-06,6.9379445e-07,2.977441e-08,1.2745027e-06,5.7171856e-06,9.588582e-10,3.2736548e-08,0.00017693012,2.5852572e-08,1.4983867e-05,1.0184464e-07,1.0947138e-05,0.00012104709,1.9577403e-05,1.0728266e-06,1.2686007e-06,5.0177016e-07,7.3976924e-05,1.8525073e-07,1.6886632e-06,6.111153e-07,5.5237997e-08,6.9075846e-05,4.1870433e-05,0.00029984437,3.5470787e-08,7.0399267e-07,0.00010033632,0.0068179206,1.2173936e-06,1.4490662e-07,2.7555589e-06,0.999863,8.6423875e-05,0.0005273138,0.011105212,0.00015043322,2.2881072e-06,5.3235954e-06,2.4613362e-07,6.983289e-06,6.7370934e-07,5.278289e-09,5.0801987e-06,2.2322432e-05,1.38534015e-05,8.8538485e-07,2.5612668e-08,1.5091682e-05,1.8145383e-07,1.9853955e-05,1.2979867e-05,6.1691827e-07,9.667483e-08,0.005436247,1.7795554e-07,1.5322703e-05,2.6259574e-06,0.010056687,1.142151e-08,8.5930646e-05,5.3626886e-06,8.328301e-06,2.1145821e-08,3.5808704e-08,5.8553966e-09,3.0408423e-06,2.269621e-06,0.00020705997,2.8763037e-07,2.0844675e-09,7.575464e-06,3.1248186e-05,1.4703229e-09,4.026057e-06,1.666658e-07,0.00065221515,1.3650641e-06,0.0004032901,1.2111612e-08,6.853677e-08,3.486084e-05,3.696372e-08,2.6615153e-05,8.594098e-07,7.971273e-06,9.6798925e-05,1.0477958e-06,1.266497e-07,0.00060992787,1.9128205e-05,2.7872517e-05,7.0997325e-05,8.5241527e-07,0.00016412143,0.0045169676,2.3982422e-05,2.491891e-08,0.0003510778,1.0508239e-06,6.085053e-07,2.603488e-06,1.1739082e-05,8.988997e-07,0.00011762339,0.00056516065,6.222205e-06,5.458593e-08,2.032544e-06,0.0066932593,1.4598954e-06,2.488695e-07,7.675489e-07,1.5747462e-07,9.632897e-06,0.00040043815,1.2691586e-06,0.00047644615,0.00022489639,1.7407641e-05,2.847655e-05,2.0670707e-07,8.367801e-05,4.6012797e-08,7.5314134e-08,8.113721e-06,2.6181475e-05,1.0314519e-06,1.4232837e-05,4.517188e-05,2.1714786e-05,0.00027671218,5.899168e-06,5.55772e-06,2.2098632e-07,1.8830238e-05,9.491955e-07,6.998001e-09,5.7786283e-06,1.0885312e-05,0.0001020263,6.987686e-06,6.98066e-08,1.1509816e-08,2.454788e-05,4.5643137e-05,0.0014062473,9.126166e-06,0.00022200956,6.2173467e-06,0.00052912283,8.803837e-06,1.922907e-06,6.2114323e-06,2.8573122e-05,1.3727104e-06,2.3837152e-05,9.3596995e-05,1.2688834e-05,9.32529e-09,0.36070198,1.4720599e-06,1.7147324e-06,1.8447904e-06,4.133938e-05,1.5295735e-06,2.8825407e-05,3.187302e-07,9.782663e-05
BC2026_Train_0066_S23_20241124_044002_015,1.5658403e-06,0.00012248172,1.227298e-07,0.0008338467,1.1479308e-06,2.7388433e-08,2.7052986e-08,1.8631732e-07,5.7826244e-05,2.4351391e-05,0.0004783369,2.1729804e-06,8.2267246e-07,5.5075116e-06,2.9093121e-06,0.00053363206,7.156951e-08,7.673237e-08,7.131815e-05,0.0001015317,1.0772829e-07,0.00059343607,9.225248e-06,2.0934107e-05,1.9251404e-05,1.9663781e-07,8.1905415e-07,3.2360276e-08,3.2942593e-05,2.0810937e-06,9.793984e-06,0.00014367807,0.00029624507,7.676217e-05,8.167159e-05,0.00030577744,0.19592185,0.23593105,1.3264957e-05,0.0011034339,0.048438426,1.1054209e-05,8.558064e-05,0.00011370852,0.00010512358,0.00014798233,0.14034712,0.00013497655,0.004862837,0.08420338,4.7995054e-05,3.2061114e-05,3.6279645e-05,1.6138025e-05,0.12150593,2.7807278e-07,7.9554724e-05,0.002632678,1.00380255e-08,4.3813117e-07,2.2336146e-05,5.2353684e-08,5.4948923e-05,0.00022223342,0.000107360924,9.939567e-06,3.4663397e-05,9.997547e-07,4.7806107e-06,3.0116357e-06,1.1043012e-07,4.199422e-07,0.00017691257,6.6833894e-07,0.00036204242,2.748331e-06,2.4103438e-05,0.00028390664,3.7134225e-05,2.2424421e-05,2.1368753e-06,2.8229936e-06,0.00030770083,1.0136331e-06,3.418692e-05,8.820342e-06,2.548899e-06,6.4963766e-05,0.00021530897,0.00041078252,7.98187e-07,2.7200967e-06,0.00012274935,0.021083243,4.4791057e-05,2.0934472e-06,7.990667e-06,0.9983333,8.5034546e-05,0.0014854698,0.09761603,0.00053292577,2.863843e-05,5.9142236e-05,3.456978e-06,3.0754563e-05,2.8372813e-05,2.0447368e-07,4.851445e-05,5.116652e-05,8.2254664e-05,3.4190923e-06,1.0091046e-06,0.0001881105,1.5173968e-06,0.00046138655,6.820138e-05,6.395665e-06,7.472791e-06,0.0069251833,2.1780532e-05,0.00027526048,1.0138322e-05,0.016310005,1.11194396e-07,0.0006736356,3.8395488e-06,0.00011258311,2.2357513e-06,2.8807813e-07,4.6762628e-07,3.134253e-06,9.220854e-05,0.0018620968,3.106942e-06,6.6972234e-08,0.00038826835,0.000115195384,2.02126e-07,3.2749485e-05,6.4567996e-07,0.026081081,1.4380955e-05,0.00033961618,1.8843502e-07,8.1346263e-07,0.00016299234,7.5752155e-07,0.0020054996,2.2879171e-06,3.008955e-05,0.00039109663,1.2915536e-05,6.8168533e-06,0.00039138456,3.2178214e-05,0.00041092647,0.00029364091,3.4285848e-05,0.0018852656,0.023480522,0.000121307996,1.3035377e-06,0.0012281208,4.7981634e-06,3.7898687e-06,2.809165e-05,8.872757e-05,3.9444944e-06,0.00029507777,0.0014570236,0.00011289702,2.1508888e-06,1.7068658e-05,0.007837662,2.6113803e-05,2.9210553e-06,1.6947948e-05,4.330286e-06,0.0001692325,0.008366931,0.00011086968,0.0005767217,0.0003349814,8.310697e-05,0.00029870137,6.038832e-06,0.00017072783,4.814656e-07,2.733359e-06,3.9494153e-05,0.0002986934,1.379434e-05,0.0003770018,0.00015767272,2.3841925e-05,0.0005645819,2.7421385e-05,1.4136779e-05,6.2234035e-06,0.0001280933,2.1452736e-06,8.27901e-08,4.078868e-05,7.743222e-05,0.0007407434,6.7137815e-05,3.4629636e-06,2.968298e-07,0.00024106841,8.769714e-05,0.0017745391,9.725228e-05,0.00015213061,5.2868116e-05,0.0040817303,9.625329e-05,1.2128752e-05,2.3535598e-05,1.8605699e-05,2.6275324e-05,0.00018179316,8.56685e-05,0.00024121693,2.42113e-07,0.73225003,1.9140667e-05,7.106449e-06,4.5027973e-06,0.0001236082,2.9926288e-05,0.00032091202,1.6807995e-05,0.00014269083
BC2026_Train_0066_S23_20241124_044002_020,1.6112693e-06,0.00014656554,1.8659225e-07,0.0010673841,1.8251245e-06,1.2733882e-07,1.3574896e-08,2.4602122e-07,0.00023345972,1.9391719e-05,0.00012463078,3.0967806e-06,1.9558468e-07,3.0341394e-06,3.8153013e-07,0.0005932477,6.050288e-08,1.1067177e-07,0.00015886797,1.8399973e-05,9.863367e-08,0.0016217884,1.3246564e-05,1.116783e-05,7.519104e-05,1.7431132e-07,1.6521385e-06,1.5929638e-07,1.7390716e-06,1.2138171e-05,9.1190495e-06,4.4251687e-05,0.00022185699,2.2401446e-05,2.735896e-05,0.00010017456,0.044842165,0.17350289,5.7877005e-06,0.00018250245,0.0839391,7.5029116e-06,2.667166e-05,1.9394825e-05,6.0041468e-05,6.997205e-05,0.14194275,7.390726e-05,0.0060276487,0.121275194,1.510582e-05,8.492067e-06,9.683003e-06,9.370933e-06,0.08870671,4.2051077e-08,3.9611874e-05,0.0012212279,4.4360844e-09,4.0325443e-08,1.3549873e-05,4.9171316e-08,2.2431972e-05,0.0002873024,0.00071263814,8.633762e-06,1.0515624e-05,1.5129822e-06,2.0756609e-06,5.4830572e-05,3.352732e-08,6.1900687e-07,8.77239e-05,8.041335e-07,0.00020980266,2.6704151e-07,2.5343546e-05,0.00030217378,1.7851402e-05,0.00012304832,1.8337978e-05,1.4656773e-05,0.0003437159,4.39917e-06,2.0927562e-05,5.394918e-06,2.0027669e-07,3.315268e-05,4.339185e-05,0.0004332774,2.3420082e-06,2.7571837e-06,0.0011918191,0.050472885,2.7059366e-05,5.0272033e-06,1.2467038e-05,0.99987304,0.000107190805,0.00037424418,0.007283083,0.0004956489,1.4904776e-06,7.294812e-05,5.5569467e-06,1.9254121e-05,5.5608484e-06,2.70155e-08,8.504945e-06,1.6690306e-05,4.1569247e-06,1.508195e-06,1.152488e-07,5.639354e-06,1.4607464e-06,2.766313e-05,8.172909e-05,6.0025952e-05,9.0228286e-07,0.0022348557,1.4113353e-05,0.00016956443,1.38029e-06,0.0064022043,4.987155e-07,0.001271614,4.6706635e-05,9.146304e-05,3.300203e-07,1.9689902e-07,7.3388826e-08,3.4741474e-06,0.0007701721,0.001200866,5.2657156e-06,1.3978448e-07,0.0006411805,2.3254132e-05,1.511659e-08,0.00012758229,2.406804e-07,0.0103366515,5.3053117e-07,0.0004493077,2.6900022e-07,1.0872039e-06,4.1437463e-05,1.2251674e-07,0.00082271197,2.2878648e-06,7.656456e-05,2.721028e-05,1.5002537e-06,1.886513e-06,0.0008058959,3.991851e-05,1.924766e-05,2.2232907e-05,5.817877e-06,0.0029503074,0.00027911086,5.838211e-05,1.2583696e-06,0.0004917901,3.1798438e-06,4.200317e-06,6.907035e-06,8.1947845e-05,1.2043332e-06,9.806508e-05,0.00043662504,2.3356679e-05,4.4577195e-07,3.9873844e-06,0.0026680874,4.9505572e-05,2.1126125e-06,2.0541295e-06,4.5601425e-07,0.000696293,0.0003970388,7.259871e-06,0.00018093715,0.00015160078,1.51591e-06,6.0308244e-05,1.9229714e-07,5.4254477e-05,1.1972877e-07,1.7347614e-06,1.2710526e-05,0.000102729384,4.050234e-06,0.00033353784,2.4809799e-05,4.4740627e-06,0.00024125051,8.059922e-06,5.4024913e-06,2.3615863e-05,2.2894252e-05,2.070323e-06,1.66563e-07,6.7770084e-06,1.1332797e-05,0.0008513173,0.00017269929,8.94182e-06,1.8345393e-07,3.817396e-05,0.00033799824,0.001000278,3.487341e-05,8.204425e-05,1.833595e-05,0.00015138033,2.127845e-05,2.6967165e-05,1.1067405e-06,0.0010288248,3.828309e-06,3.8370606e-05,0.00011386606,3.1032265e-05,4.3823974e-08,0.423321,1.3334959e-05,2.114178e-05,1.6761496e-05,0.00029287764,2.6153926e-05,4.1124455e-05,2.358305e-05,1.4243524e-05
BC2026_Train_0066_S23_20241124_044002_025,1.935416e-07,3.847544e-05,1.01552125e-07,0.0003614546,9.1321155e-08,1.3517383e-08,5.319211e-09,7.8420584e-08,2.4235738e-05,3.0403985e-06,0.0002274609,8.059285e-07,1.9004085e-07,5.563382e-07,3.5051232e-07,0.00026679743,2.3987099e-08,2.8289382e-08,3.704375e-05,1.246819e-05,3.294017e-08,0.0005510978,4.91678e-06,1.78416e-05,3.4213754e-06,1.1791143e-07,3.6893286e-07,1.2662808e-07,1.5567695e-06,8.502784e-07,1.099876e-05,5.7837333e-05,0.00014230885,3.8482594e-05,3.8016107e-05,0.0001883765,0.055021808,0.07419183,3.873842e-06,0.00066725694,0.041769,3.7367531e-06,0.00011004024,4.2356616e-05,3.7108202e-05,4.346196e-05,0.059418064,4.8755577e-05,0.001438747,0.028371079,3.1075942e-05,2.355583e-05,2.1692991e-05,1.5590735e-05,0.10146959,1.7105313e-08,6.212729e-05,0.0010354783,1.1208263e-09,6.02262e-08,5.904284e-06,9.2276096e-08,2.0856134e-05,0.00017970265,0.00012227202,4.35418e-06,2.0399511e-05,2.701566e-07,1.0088016e-06,1.1188064e-05,1.9089343e-08,2.968323e-08,7.425949e-05,5.0225847e-08,7.3135416e-05,4.256199e-07,4.319096e-05,6.643205e-05,2.3445768e-05,2.8429826e-05,2.6951943e-06,7.4338783e-07,2.861817e-05,4.610984e-07,1.8308254e-05,6.234868e-06,7.9347615e-07,5.1247436e-05,8.535269e-05,6.159178e-05,7.064838e-07,1.6870342e-06,0.000388846,0.01831971,2.721869e-05,6.9604704e-07,4.936292e-06,0.999485,3.2834232e-05,0.0002619727,0.028708631,5.3995947e-05,9.949619e-07,1.2959582e-05,5.914102e-07,1.4979124e-05,1.3608264e-05,3.2514645e-08,1.32857085e-05,3.650168e-05,5.147863e-06,5.3694714e-07,2.2916375e-07,8.5793945e-06,5.3707777e-07,6.503387e-05,8.340517e-05,8.495623e-06,1.5607295e-06,0.00051412167,1.2814942e-05,0.0001031038,1.2360434e-06,0.0022284202,2.9061674e-08,0.00017594325,5.4412817e-06,2.7146858e-05,7.816618e-07,2.0552962e-07,2.5890321e-08,2.020735e-06,0.0001622652,9.269598e-05,9.265428e-07,2.6875398e-08,5.5736804e-05,1.4303715e-05,2.2818428e-08,6.719218e-06,5.346371e-07,0.007931891,2.0896234e-06,0.00037627397,2.3242931e-08,1.8347563e-07,7.295487e-05,5.1608406e-08,0.0018424988,1.6926667e-06,4.6078814e-05,2.1903237e-05,2.6166854e-06,4.420792e-06,0.00020337208,3.8535476e-05,4.0328378e-05,1.582233e-05,1.1599298e-05,0.00012228274,0.009817996,5.63984e-05,4.900317e-07,0.00038027822,6.12314e-06,2.9118103e-06,3.5256949e-06,4.10198e-05,1.135056e-06,0.00023305452,0.00039134186,3.2907692e-06,1.599804e-07,9.0460135e-06,0.0012552063,1.22665015e-05,5.55739e-07,1.5744682e-06,7.0754845e-07,0.00014473536,0.0011623816,1.5496475e-05,0.00018063927,0.00036848738,1.2597673e-06,0.00014919271,4.5195182e-07,0.00016647759,4.923702e-07,1.8454202e-06,3.8677073e-05,2.7537031e-05,3.0492668e-06,9.353204e-05,6.042349e-05,1.1958812e-05,8.364961e-05,4.121296e-06,2.2281247e-06,1.2917071e-06,2.8403216e-05,2.5199363e-06,1.858798e-08,2.0469492e-05,9.694747e-06,0.00013496677,2.0802681e-05,2.068048e-06,1.5870364e-07,4.0135506e-05,0.00010162789,0.00015907185,7.878565e-05,0.00021608082,1.333791e-05,0.00015871912,3.95275e-05,1.0936339e-05,2.9741402e-06,8.570584e-05,3.9346737e-06,5.4121832e-05,9.494034e-05,4.0153347e-05,1.5854827e-07,0.25635293,9.283868e-06,2.6139813e-05,3.885067e-06,2.8811253e-05,8.365905e-06,2.9809793e-05,2.3722245e-05,1.8468922e-05
BC2026_Train_0066_S23_20241124_044002_030,9.693831e-08,1.5840282e-05,1.9265208e-08,5.4810236e-05,6.7566996e-10,4.5922968e-10,2.426108e-10,5.546793e-09,7.2351054e-06,5.2191166e-07,5.862401e-05,6.331486e-08,7.2491225e-08,3.736628e-08,2.3207006e-08,0.00015970088,2.425192e-10,3.7276693e-10,9.304671e-06,1.551271e-06,5.573887e-10,0.00018773887,7.882794e-07,4.801839e-06,4.4829233e-07,3.1477914e-09,4.0782587e-07,9.3501535e-09,1.820563e-06,1.0686671e-07,2.4116503e-06,2.418098e-05,6.151846e-05,3.3042586e-05,1.475645e-05,8.844863e-05,0.14487877,0.035572384,8.972604e-07,0.00047717494,0.011869255,6.329028e-07,4.6931793e-05,2.211759e-05,2.9493717e-06,4.2104357e-06,0.012571072,1.7713548e-05,0.00035497334,0.0062003518,8.423234e-06,7.4266754e-06,7.862764e-06,5.3180393e-06,0.064578585,9.722356e-10,0.00016663435,0.0002526705,3.7039673e-11,6.3674366e-10,9.193491e-07,8.683919e-10,3.386046e-06,5.8822643e-05,4.9760324e-06,1.4730738e-06,7.5073567e-06,3.4256214e-08,1.5358118e-07,9.2141613e-07,4.3446686e-09,8.681207e-09,8.6802737e-07,1.905038e-09,0.00039221803,1.237124e-08,4.137629e-07,4.736406e-06,1.0814473e-06,1.9320535e-06,8.8285714e-07,4.755233e-08,5.8908254e-06,3.4645083e-07,1.6377813e-05,9.866345e-07,4.498688e-08,5.5077007e-06,4.329927e-06,8.316137e-07,2.5757095e-07,4.3969666e-07,0.0001658478,0.0016165276,4.0884242e-06,4.849938e-08,5.873105e-07,0.9846427,6.833849e-06,0.00022560253,0.029173873,1.5325037e-07,9.613294e-08,4.507463e-06,3.9150083e-07,2.6421274e-06,8.3839427e-07,1.3870698e-09,1.0720024e-06,9.261053e-06,3.6199555e-07,2.0546231e-08,3.6752393e-08,2.8438565e-06,1.4935948e-08,2.3689803e-05,2.2204777e-06,2.3438404e-06,3.679877e-07,9.729671e-05,3.3491135e-06,8.145058e-06,1.0221517e-07,0.0003656742,9.769577e-09,2.5564783e-05,3.562678e-07,9.500972e-06,2.6045407e-07,1.6621057e-07,1.25553e-08,1.8820855e-07,6.560328e-06,5.671845e-05,3.283448e-08,5.90847e-10,0.00012915568,6.7438305e-07,1.5977718e-09,3.6162637e-06,9.964963e-09,0.0033079279,1.2505022e-07,7.858401e-06,6.76382e-09,4.873015e-09,4.787089e-06,1.0143903e-08,0.0015996402,9.439804e-07,4.2180656e-07,1.095584e-05,8.1488275e-07,1.812741e-06,6.116119e-06,1.8523109e-06,2.283466e-06,7.561784e-08,8.720717e-06,2.0265526e-05,0.007294548,7.415373e-06,9.44024e-08,4.374793e-05,6.2672893e-07,3.3680868e-07,2.9791033e-07,1.1879099e-05,1.8923119e-07,7.039752e-05,3.8402857e-05,7.849936e-07,7.261435e-09,2.1545225e-06,0.00026064453,3.6485838e-07,2.7509946e-08,7.505528e-08,3.7149537e-08,0.00024199786,0.0002160936,2.4299347e-06,2.1310394e-05,1.5596192e-05,1.2340442e-07,1.03933135e-05,7.2713064e-08,3.4261884e-06,7.215574e-08,1.7397302e-07,1.3156834e-06,7.8078193e-07,1.0122999e-06,0.00014474474,6.473586e-06,1.2756725e-06,1.0846132e-05,4.4648177e-06,6.4274576e-07,1.9981024e-07,2.4520402e-06,2.0939126e-08,4.636187e-10,2.0922637e-06,4.0568325e-06,6.5491063e-06,5.3889066e-06,5.710298e-07,5.8481106e-08,1.3171788e-05,2.2322913e-06,2.2486074e-05,1.055662e-05,5.8502865e-06,4.0358677e-06,0.00015574635,3.283525e-06,4.572505e-07,2.0315655e-08,5.6492154e-06,5.005943e-08,2.0036556e-05,1.9901997e-06,3.0459196e-07,1.848016e-08,0.6220648,1.3289332e-06,5.495392e-06,8.9732544e-07,1.055301e-06,1.6037957e-06,1.074327e-05,0.00014751234,9.378482e-07
BC2026_Train_0066_S23_20241124_044002_035,1.1386087e-06,7.031922e-05,2.789035e-08,0.0042250683,9.0482484e-07,6.132299e-08,7.879151e-08,1.08175094e-07,1.0595157e-05,2.9173387e-05,0.00022690637,3.2140547e-06,3.0825433e-08,1.2929679e-06,4.3237807e-07,0.00048556682,9.741707e-08,1.6478342e-08,0.00040233255,1.252222e-05,2.4930372e-07,0.0013531554,2.316067e-05,4.725379e-05,1.7656661e-05,4.3870858e-07,9.246573e-07,7.5745014e-08,3.0804546e-07,1.0530345e-05,2.5037547e-05,2.5318786e-05,0.00019658449,3.9124272e-05,0.00014122175,4.2818097e-05,0.0037188292,0.044174504,5.828579e-06,0.0004318733,0.038450956,1.04917735e-05,0.00070473563,1.0864322e-05,6.071019e-05,7.6934746e-05,0.17094304,8.051368e-05,0.001481747,0.03148841,0.00015087138,0.00018522837,0.0001780958,2.7668171e-05,0.087058716,3.7488565e-08,3.5246772e-05,0.0014658037,5.414634e-09,6.807232e-08,5.691785e-06,5.8613324e-07,5.2785717e-06,0.0003233859,0.0015146371,1.810575e-05,3.0853723e-06,7.984253e-07,4.993455e-06,4.5132138e-06,3.0105564e-08,5.8837124e-08,2.8720668e-05,1.0484615e-06,8.961488e-05,7.8851406e-07,2.6670059e-05,0.0006175402,4.4909957e-05,0.0022260703,3.1668644e-06,1.7572436e-06,5.1310126e-05,1.5098348e-05,1.8638802e-05,1.2498732e-06,6.2338955e-07,7.6169376e-06,7.931665e-05,0.00015981574,3.6406454e-06,4.8955476e-06,0.00017258356,0.07697801,5.668655e-05,1.1571173e-06,5.963033e-06,0.9751465,2.7046e-05,0.00824117,0.0008890734,0.00018573385,2.0828072e-06,0.0002794394,1.0089055e-05,6.66115e-05,4.587326e-06,3.5439925e-07,2.17416e-06,5.62508e-05,4.009794e-05,3.2784903e-06,1.1328876e-06,2.5688074e-05,5.537044e-07,6.176394e-05,3.27325e-05,0.00017309743,1.7639261e-06,0.0011502539,2.7516397e-05,4.3043307e-05,1.4502831e-06,0.0065587945,2.625086e-06,0.0010329753,1.1554562e-05,3.014826e-05,1.8480762e-06,8.2049894e-07,3.842475e-08,2.476297e-06,0.05607336,0.00011946351,6.3762864e-06,2.1136613e-07,2.1915524e-05,5.9959475e-05,2.7275098e-08,6.79368e-05,2.8590275e-06,0.0036510692,3.9525648e-07,0.00017060057,4.9691764e-08,4.6620497e-07,4.003444e-05,1.6387702e-06,0.00016530501,2.5327197e-06,1.2476814e-05,0.00013768247,3.6647232e-06,8.08128e-06,0.0005944273,5.054017e-05,5.8673013e-05,3.7835457e-06,1.04894025e-05,0.005173826,0.0031292648,2.2798735e-05,3.4285058e-06,0.00019529948,7.6325705e-06,2.752179e-06,2.626237e-05,0.00012342671,4.648301e-06,0.0003988086,0.00021087681,4.7699064e-05,7.1593115e-07,1.6810865e-05,0.012255605,0.00018044043,7.201856e-06,3.5820156e-06,1.969662e-06,0.00023305562,0.0002826082,2.714362e-05,0.00010379411,4.1459396e-05,1.0845749e-05,2.1328835e-05,4.0163245e-06,7.716715e-05,1.9101405e-07,2.0650976e-05,7.6805736e-05,2.179466e-05,9.165144e-05,0.00023150072,4.430413e-05,3.9532765e-06,4.895115e-05,7.0786744e-05,1.8615068e-05,1.8710663e-05,0.00010064958,7.3459194e-07,4.7722967e-08,1.15778685e-05,6.0901955e-05,0.00025827345,1.3460094e-05,1.1115627e-06,2.226642e-06,0.00011561499,0.000535438,0.0019464478,0.00035348508,4.987965e-05,4.702449e-05,0.0015144726,1.1099834e-05,1.3871842e-05,2.3895032e-06,0.00017866422,9.199838e-06,0.0001428328,0.000103893435,1.7046128e-05,2.0204467e-07,0.15484034,2.8284148e-05,1.4050637e-05,1.3615832e-05,5.8698075e-05,7.808385e-05,0.00013972918,2.5705891e-05,2.81673e-05
BC2026_Train_0066_S23_20241124_044002_040,3.3118843e-07,0.00015137398,7.380912e-08,0.00022360559,4.158052e-07,4.7322925e-07,7.360791e-09,2.406772e-07,0.0001012802,2.9110688e-06,6.679776e-05,7.5821106e-07,2.3087895e-07,3.947506e-07,2.7724107e-07,0.00019761812,6.330242e-08,2.0616106e-08,0.0027609302,5.820014e-06,1.04878495e-07,0.00050202967,2.1233327e-05,1.4215718e-05,2.3291586e-06,4.3203016e-08,3.7355989e-07,2.961656e-07,6.2633694e-07,8.888237e-05,1.20861105e-05,3.2668977e-05,0.000280169,3.0406882e-05,5.696487e-05,6.92254e-05,0.0045817583,0.017058881,3.141057e-06,0.00055702333,0.008673599,6.733703e-06,0.00016340004,1.7096678e-05,3.3015906e-05,3.776642e-05,0.06483484,8.8582754e-05,0.0009715969,0.0097750425,6.91701e-05,6.7438756e-05,6.85444e-05,1.2890801e-05,0.049899306,7.387602e-08,0.00025918812,0.0007368111,1.35196e-08,6.80121e-08,5.55921e-06,1.0443102e-06,2.050728e-05,0.00038442088,0.0001341872,4.999993e-06,5.70683e-06,2.5369232e-07,9.530982e-06,3.3924054e-05,1.1450062e-08,3.3032343e-08,2.2518436e-05,1.831676e-07,0.00027201686,2.2780566e-06,3.1206317e-05,0.00019545206,2.9325238e-05,0.0007346033,2.1045262e-05,1.8018517e-07,3.4750246e-05,2.902204e-06,3.0067664e-05,3.0682538e-06,1.5256938e-06,1.6381438e-05,0.00012961563,0.0003411018,1.5639718e-06,6.320383e-06,0.00013194003,0.0073608556,9.823177e-05,6.1158216e-06,1.2257125e-05,0.9905041,8.221671e-05,0.0013320728,0.0011171226,4.3907756e-05,4.6269834e-06,6.9139765e-05,1.4647649e-05,5.1233754e-05,3.246407e-06,1.7330652e-07,1.3732622e-05,0.00014812702,6.4512446e-06,5.8588677e-07,6.5421943e-07,4.168092e-05,6.744435e-07,0.00010022597,3.7069898e-05,2.2390852e-05,4.8112825e-06,0.00019521943,2.8235934e-05,5.0938917e-05,5.256002e-06,0.0034953055,7.273566e-07,0.0004114776,2.3516688e-05,2.7455639e-05,6.860098e-07,6.2993234e-07,5.183472e-08,5.471019e-06,0.0034412292,8.863379e-05,5.67665e-06,1.9539152e-07,2.6625865e-05,2.6584481e-05,2.07352e-08,5.3755557e-05,3.6867405e-06,0.0033781677,6.816983e-07,4.993591e-05,1.0330333e-07,2.830083e-07,2.5324704e-05,1.2176037e-06,0.0003415709,6.788846e-06,3.319168e-05,0.00028891946,7.960417e-06,1.542826e-05,0.00037119183,3.853801e-05,8.128847e-05,5.513881e-06,3.6440015e-05,0.0025976978,0.0024472452,3.8052018e-05,3.1513036e-06,5.5333938e-05,8.323013e-06,1.4686072e-05,2.993177e-05,4.5505796e-05,6.5568374e-06,0.0122489175,0.0005900436,8.488293e-06,3.684294e-07,2.6856298e-05,0.011083977,0.00015704734,3.437139e-06,9.75592e-07,2.4808328e-06,0.0019476449,0.00029600988,3.0273613e-05,9.916162e-05,4.5486966e-05,1.4949455e-05,0.000107676606,8.3431854e-07,5.1672163e-05,8.730043e-07,5.5084965e-05,6.5181953e-06,1.409115e-05,3.2730004e-05,0.0007508962,0.00013555594,2.904752e-05,0.00013064903,5.9280523e-05,7.399811e-06,7.937237e-06,5.810307e-05,6.2955405e-07,5.75098e-08,6.0179675e-05,1.8475686e-05,0.000114498995,4.298182e-05,4.565517e-06,6.272079e-07,0.00012849663,0.00013450439,0.00026877172,0.00021794533,0.00018354236,2.8732395e-05,0.00011143929,4.7035563e-05,0.0001937674,3.3626127e-06,0.0010629531,3.238929e-06,6.390911e-05,2.8852799e-05,1.88362e-05,4.1626626e-07,0.08804161,2.1697417e-06,4.4896555e-05,3.0119518e-06,0.00038179025,1.20529385e-05,4.5739256e-05,5.531506e-05,1.0891595e-05
BC2026_Train_0066_S23_20241124_044002_045,1.4734277e-07,1.652217e-05,1.3018794e-08,0.0005866421,6.2110736e-08,4.115341e-09,8.612545e-10,3.3061593e-08,0.000106313935,6.1143814e-06,0.00025195937,1.8709954e-07,1.5739774e-07,7.210778e-07,1.8675904e-07,0.00028966222,4.259871e-09,3.4116856e-09,1.8899951e-05,3.2789658e-06,3.6377113e-08,0.00023879681,2.487523e-06,7.3586352e-06,2.416342e-06,8.047175e-08,3.4056865e-07,1.9086977e-08,6.501337e-07,5.282421e-07,2.396676e-06,4.784416e-05,4.6522953e-05,4.4189237e-05,1.8541985e-05,0.00010085538,0.012668451,0.09781237,2.049783e-06,0.00045334664,0.048339702,1.4899334e-06,3.6729205e-05,2.6484176e-05,3.8942697e-05,4.6266607e-05,0.094604515,2.0588366e-05,0.002092242,0.048431102,1.1352777e-05,7.3878227e-06,6.868098e-06,4.212179e-06,0.2520442,2.8508798e-09,3.671226e-06,0.0011639223,1.7610044e-10,3.619696e-08,3.828309e-06,1.05492575e-08,3.1294647e-05,6.604975e-05,0.00017662653,5.7605854e-07,3.591415e-06,2.3186506e-07,4.555348e-07,2.4961064e-06,6.5430275e-09,5.9141698e-08,9.9686855e-05,5.984112e-08,0.000108949884,8.600766e-08,1.2438691e-05,4.6980964e-05,7.463148e-06,9.798141e-06,3.9557053e-06,6.875876e-07,7.6898876e-05,9.4802937e-07,5.7157463e-06,1.3726435e-06,9.888401e-08,1.2085568e-05,5.5326134e-05,3.3368047e-05,4.9588414e-07,6.9530074e-07,0.0003105744,0.005683443,8.495906e-06,5.769267e-07,1.2576667e-06,0.9989561,4.815097e-05,0.00011128468,0.007660682,6.304153e-05,8.78602e-07,8.848676e-06,4.0312028e-07,7.1574123e-06,1.1938494e-05,1.1371096e-09,4.0898676e-06,7.7499335e-06,4.2753536e-06,2.764271e-07,6.293692e-08,3.2362184e-06,2.5363573e-07,2.1939488e-05,5.9267517e-05,1.0854345e-06,1.3631544e-06,0.0012456374,5.822507e-06,3.4902754e-05,2.6999768e-07,0.0063458006,3.3018612e-08,6.7462104e-05,1.4885089e-06,3.643289e-05,8.033701e-07,4.397495e-08,7.3653688e-09,2.3515393e-07,2.5420668e-05,0.0001509541,6.5682127e-07,1.7854349e-08,1.8818262e-05,3.3316533e-06,7.1287047e-09,1.1758633e-05,2.6752608e-07,0.002057339,4.40497e-07,6.1292376e-05,1.5907787e-08,6.876933e-08,2.0885373e-05,6.486728e-08,0.0014537271,1.1967511e-07,1.47075725e-05,1.4748768e-05,1.896255e-06,1.8311392e-06,3.5792935e-05,3.5039553e-05,1.8602275e-05,1.0913887e-05,1.6787304e-06,0.000102857404,0.0005789997,4.359151e-05,1.4377277e-07,0.00022277524,1.3776125e-06,6.4030706e-07,6.049889e-07,2.0983698e-05,3.2905234e-07,7.7946446e-05,0.00017869369,2.9574753e-06,3.0035874e-08,9.3518304e-07,0.000359606,6.0473785e-06,1.3989383e-07,7.145499e-07,4.813036e-07,2.924333e-05,0.0004745622,7.132351e-06,0.00013563804,8.658085e-05,3.848949e-07,4.64425e-05,2.0423047e-07,6.4741995e-05,6.046861e-08,3.6295586e-07,9.711514e-06,2.9851153e-05,1.2356415e-06,3.1336127e-05,1.7602457e-05,5.9484414e-06,2.3913519e-05,4.5387237e-06,3.2315675e-06,6.016632e-07,1.2377749e-05,4.3284552e-07,8.085342e-09,3.8446415e-06,1.9783949e-05,4.8573886e-05,1.5808515e-05,1.1789134e-06,3.5053727e-08,1.3560021e-05,3.9932744e-05,0.00037851502,1.0560969e-05,0.00015281103,7.8554185e-06,0.00016328695,1.0260811e-05,1.0172335e-05,7.900858e-07,5.0988925e-05,5.400084e-07,1.5466858e-05,1.1585909e-05,1.0306621e-05,1.5402042e-08,0.14531581,1.3371431e-06,2.6167127e-06,7.5660824e-07,3.1962692e-05,8.572049e-06,3.2557073e-05,1.084637e-05,6.523531e-06
BC2026_Train_0066_S23_20241124_044002_050,2.2639152e-07,0.00020067881,1.2125265e-07,0.0002918605,6.268928e-08,1.4501785e-08,1.3955723e-09,4.4362896e-08,0.00013453554,1.5796135e-06,5.9107446e-05,7.1091347e-07,1.809123e-07,9.723976e-07,4.4220297e-07,0.0007452594,1.8524272e-08,2.176818e-08,5.9543636e-05,3.3640554e-05,1.5639726e-08,0.0016319762,2.643647e-06,1.8437244e-05,1.0413851e-05,2.4789972e-07,9.746174e-07,5.0520136e-08,8.479021e-06,8.6280056e-07,5.0280046e-06,0.00012931724,0.00014345096,0.00018685951,4.9685295e-05,0.00079065707,0.026194794,0.14912899,3.6857386e-06,0.0016274585,0.081125826,3.6292718e-06,5.9538976e-05,0.00012237234,9.2643226e-05,0.00012872768,0.12483541,5.1385585e-05,0.0037251755,0.07314839,1.6097723e-05,9.707338e-06,1.0257672e-05,1.588753e-05,0.43914446,2.9425678e-08,3.609879e-06,0.0014846587,2.3491648e-10,3.4074986e-08,1.1586495e-05,2.1149857e-08,7.737841e-05,0.0008002011,0.00017573821,4.5938446e-06,1.6863081e-05,1.9053714e-06,4.613227e-07,2.8602794e-06,3.1081896e-08,7.126166e-08,2.9400955e-05,4.4096314e-08,0.00045247545,4.124175e-08,1.4881307e-05,3.242938e-05,8.79282e-06,2.1598325e-05,1.095657e-05,7.016239e-06,4.807426e-05,3.6275964e-07,4.9468385e-05,1.7925892e-06,1.4955252e-07,3.5198904e-05,1.3340212e-05,9.9251025e-05,4.4582467e-07,6.663807e-07,5.2283667e-05,0.008647885,4.243974e-05,8.4418946e-07,3.7559857e-06,0.9990735,4.013788e-05,0.00015978176,0.040658925,1.2647021e-05,4.0161413e-07,8.512751e-06,4.754472e-07,1.3018236e-05,5.751315e-06,6.368618e-09,1.2229639e-05,3.6946176e-06,2.1724936e-06,1.08394445e-07,4.6437318e-08,5.4251104e-06,9.63327e-07,1.4979453e-05,3.2703858e-05,3.4056459e-06,5.6988247e-06,0.0009268695,6.5082754e-06,4.6100526e-05,1.1663172e-06,0.0035896911,8.1536264e-08,0.0005402242,3.5265155e-06,3.349541e-05,4.2033687e-07,6.140762e-08,4.7198032e-08,8.445486e-07,0.00015895464,0.00025525183,6.312783e-07,6.060717e-08,0.000101310536,5.998539e-07,9.5351504e-09,8.507468e-06,2.3539842e-08,0.009402902,3.0481533e-06,0.00011400589,1.58435e-08,9.1032994e-08,1.823587e-05,1.567942e-08,0.00057660684,8.546482e-07,0.000115996074,1.806184e-05,1.5363159e-05,1.003773e-06,6.178114e-05,1.6401244e-05,9.051243e-06,1.2398341e-05,2.6701452e-06,0.00013811204,0.001216527,6.0477676e-05,7.3547375e-07,0.00014201253,4.076795e-06,1.0652313e-06,1.3167179e-06,1.9773255e-05,5.9967545e-07,5.303217e-05,0.00021400914,4.18654e-06,3.7650654e-08,2.8815914e-06,0.0009191988,4.3216514e-06,5.0076153e-07,1.6083171e-06,8.150289e-07,6.5190965e-05,0.0002705328,1.0712138e-05,0.00033561845,0.00026879043,5.131684e-07,3.4950615e-05,2.821465e-07,3.2770015e-05,1.1753445e-07,3.1243192e-07,5.1749983e-05,2.2783868e-05,3.6569306e-06,0.000115320785,4.4951223e-05,1.6852295e-05,5.3472762e-05,1.8700174e-06,2.8053582e-06,2.3967834e-06,1.0306396e-05,8.9664206e-07,3.745819e-08,1.0055579e-05,5.288397e-06,0.00013309522,2.4304527e-05,3.648396e-06,8.202089e-08,3.4742956e-05,4.9810395e-05,0.00012529187,3.7351834e-05,0.00028109504,4.2631636e-06,0.000116011346,1.1321163e-05,7.2969433e-06,5.585258e-07,0.0007640506,2.3020398e-07,1.1877002e-05,3.440067e-06,3.958355e-05,2.8107593e-08,0.23224105,3.5403416e-06,6.3953667e-06,5.4062284e-06,6.226958e-05,4.6007412e-06,2.5420495e-05,2.3004226e-05,9.934335e-06
BC2026_Train_0066_S23_20241124_044002_055,2.1870615e-06,0.0010483335,2.6727668e-07,0.00090798264,3.7634294e-07,4.923143e-07,1.1159909e-05,1.8643726e-05,8.8257126e-05,1.2437243e-05,0.0008451359,2.7427453e-05,7.800325e-05,7.2511034e-06,1.2807881e-05,0.00016435949,2.9450239e-06,5.630429e-06,5.8375204e-05,7.9620795e-06,4.3749068e-07,0.0016253531,8.873148e-06,7.01588e-05,3.7277555e-06,8.615681e-07,6.3475265e-05,0.00023509414,0.00015237568,0.00012588633,0.00018863946,0.00039894733,0.0006311075,0.00053593196,0.00019808937,0.0018309678,0.07345922,0.0020753536,5.9110265e-05,0.0017825797,0.0020233826,5.6459372e-05,0.00021562373,0.00038159554,8.644143e-05,8.382033e-05,0.0021537102,0.00020619921,0.00038143716,0.00065980793,0.00013341963,0.00011570785,0.00012542539,0.00015384906,0.016781619,1.1071078e-06,0.007147362,0.00054754113,3.7396447e-07,5.458797e-06,0.00013690157,5.9146245e-05,5.645248e-05,3.0011315e-05,8.835539e-05,5.052147e-05,3.5503224e-05,9.6050746e-05,0.00016857703,0.000324819,1.4550415e-05,2.2212614e-06,0.00081000756,1.239567e-05,0.004433363,5.2817075e-05,0.0015653253,0.00045928557,5.8132446e-05,4.591043e-05,0.00038775455,3.852331e-06,7.914045e-05,4.4155662e-05,6.5186985e-05,8.9629495e-05,6.861222e-05,0.0009685055,0.0007248295,0.00021505744,7.4724626e-06,0.0003120477,0.00034039898,0.021559676,0.0011692991,5.4991906e-05,7.806136e-05,0.80708873,0.00065723667,0.007930941,0.029500186,0.0001440876,0.0001990138,0.00013353571,0.00012524397,0.0012262932,6.537892e-05,2.177156e-05,0.0004975167,0.0023427624,1.4699551e-05,5.5021337e-05,3.6246933e-05,0.000112700174,0.00027719483,0.00046617814,0.0004591277,0.00021513272,0.0012916464,0.0004328375,0.0010247168,8.416706e-05,2.1232558e-05,0.0063533667,5.8954793e-06,4.6157842e-05,3.8197446e-05,0.0005264043,5.9958447e-06,0.021941494,3.0879906e-05,3.7805625e-05,0.0004876107,0.00044346758,9.6963464e-05,2.5903145e-07,0.006390637,0.0007718362,9.234304e-06,0.00014619369,8.974873e-06,0.0025790082,4.1446707e-05,0.0007303495,0.00013881047,9.383376e-07,8.546141e-05,3.6028628e-06,0.10863668,0.00013896846,0.00015569854,7.4057454e-05,0.0006030492,0.00020903393,0.00080005964,0.016755,6.164479e-05,1.48501185e-05,0.0003186025,0.00014633972,0.00418523,0.00085198187,2.8889692e-05,0.0006541419,5.1755906e-05,0.00036170552,0.00018103706,0.00033757268,1.7884937e-05,0.0041797403,0.00035100483,5.129681e-06,2.6714046e-05,3.4689918e-05,0.0008399368,3.5173172e-05,4.5054952e-05,0.000117708,5.6180466e-05,0.0017328728,0.0019208502,1.647728e-05,0.0023611372,0.0016039342,7.4069394e-05,9.5437936e-05,3.0497982e-05,0.0005874982,1.612498e-05,0.00017748364,0.0006670191,6.682572e-05,0.0013796175,0.00063437084,0.0054747756,0.00023972068,0.00022121485,0.0007028369,0.0001031627,3.8161597e-06,3.2436583e-05,5.028695e-05,3.029935e-06,0.0004726994,0.00030700988,0.00050549465,0.0008702919,3.7973605e-05,4.912886e-05,0.0014091207,0.00040590236,0.0014299864,0.00020523691,0.013067999,0.00027464103,0.00038597934,7.0413495e-05,0.00015185091,2.0221432e-05,0.0017058045,4.668386e-06,0.00020956952,0.001273816,0.000198874,3.456447e-05,0.11371365,9.650602e-05,0.00067270757,1.148259e-05,0.0016767307,8.194791e-06,0.00061141927,0.00032173085,0.00024924584
