row_id,1161364,116570,1176823,1491113,1595929,209233,22930,22956,22961,22967,22973,22983,22985,23150,23154,23158,23176,23724,24279,24285,24287,24321,244024,25073,25092,25214,326272,41970,43435,47144,47158son01,47158son02,47158son03,47158son04,47158son05,47158son06,47158son07,47158son08,47158son09,47158son10,47158son11,47158son12,47158son13,47158son14,47158son15,47158son16,47158son17,47158son18,47158son19,47158son20,47158son21,47158son22,47158son23,47158son24,47158son25,476521,516975,517063,555123,555145,555146,64898,65377,65380,66971,67107,67252,70711,738183,74113,74580,760266,ashgre1,astcra1,bafcur1,baffal1,banana,barant1,batbel1,baymac,bbwduc,bcwfin2,bkcdon,bkhpar,blchaw1,blheag1,blttit1,bncfly,bobfly1,brcmar1,brnowl,bucmot4,bucpar,bufpar,bunibi1,burowl,camfli1,chacha1,chbmoc1,chobla1,chvcon1,cibspi1,coffal1,compau,compot1,crbthr1,crebec1,dwatin1,epaori4,eulfly1,fabwre1,fepowl,ficman1,flawar1,fotfly,fusfly1,gilhum1,giwrai1,glteme1,grasal3,greani1,greant1,greela,grekis,grepot1,gretho2,greyel,grfdov1,grhtan1,gycwor1,horscr1,houspa,hyamac1,larela1,lesela1,lesgrf1,limpki,linwoo1,litcuc2,litnig1,mabpar,magant1,magtan2,masgna1,nacnig1,ocecra1,oliwoo1,orbtro3,orwpar,osprey,pabspi1,palhor3,paltan1,phecuc1,picpig2,pirfly1,plasla1,platyr1,plcjay1,pluibi1,purjay1,pvttyr1,ragmac1,rebscy1,recfin1,redjun,relser1,rinkin1,rivwar1,roahaw,rubthr1,rufcac2,rufcas2,rufgna3,rufhor2,rufnig1,ruftho1,ruftof1,rumfly1,ruther1,rutjac1,sabspa1,saffin,saytan1,scadov1,schpar1,scther1,shcfly1,shshaw,shtnig1,sibtan2,smbani,smbtin1,sobcac1,sobtyr1,socfly1,sofspi1,souant1,soulap1,souscr1,spbant3,spispi1,sptnig1,squcuc1,stbwoo2,strcuc1,strher2,strowl1,swthum1,swtman1,tattin1,thlwre1,toctou1,trokin,trsowl,undtin1,varant1,watjac1,wesfie1,wfwduc1,whbant2,whbwar2,whiwoo1,whlspi1,whnjay1,whtdov,whwpic1,y00678,yebcar,yebela1,yecmac,yecpar,yehcar1,yeofly1
BC2026_Train_0010_S09_20250828_000000_000,4.5340887e-05,0.0010734852,3.650369e-07,0.00043748287,8.216796e-06,4.844326e-08,5.772184e-07,1.0250298e-05,2.1509239e-05,0.0001836686,3.1823063e-05,5.8522005e-06,7.4000556e-05,2.1924577e-06,9.5182295e-06,3.1803975e-07,1.8253582e-05,1.6393237e-06,1.0656525e-05,1.4152521e-05,3.8525145e-06,1.487773e-05,7.7788725e-05,0.00010676563,1.2574422e-06,6.28551e-08,5.849864e-05,2.3963627e-05,1.3730115e-06,3.118213e-05,0.00072669453,0.0002613288,0.00050450664,0.0024707492,0.00018258409,0.0012774701,0.011049471,0.0002376464,0.00011439804,0.0057524084,0.0005308399,0.00021736756,0.0005613913,0.00022252412,0.00038566944,0.00040699524,0.00055959966,0.00023477964,0.00018334891,0.0001549444,0.00040723543,0.00050023047,0.00059192214,0.00017458228,0.008679911,1.6409707e-07,0.018056128,0.00016123064,7.0460246e-06,9.7087446e-05,1.7845485e-06,3.0394851e-05,1.3909088e-06,1.5977083e-05,1.3300146e-06,2.3745084e-05,1.5649262e-05,5.357805e-08,0.0003475795,0.00020478906,1.973341e-05,2.637832e-07,0.000117884236,1.1698133e-05,0.0011601162,0.0018876907,0.00021438695,0.00082375493,0.002659712,0.0074616186,0.0012691856,3.4677544e-07,0.0005104844,0.00014717515,1.6806778e-05,0.00037339315,0.003059153,0.00019933912,0.00049366546,3.6555048e-05,0.0005252894,0.0033761743,8.777193e-05,5.2836163e-05,4.0598487e-05,0.0045831394,0.0009677689,0.011491031,0.000113747126,0.00049475604,0.00041451817,2.9110688e-05,0.0018704934,0.0010335915,0.0069844387,0.0008142037,0.0015954997,1.6587422e-06,2.9167573e-05,0.0027613882,0.0003058486,0.004664423,0.0010782994,0.00089398253,3.7228965e-05,0.0037087873,0.00040953798,0.00034945543,2.368273e-05,0.00020153672,0.0001426115,0.008139155,0.0005513968,0.008300641,0.00052408135,0.00085449294,0.001243763,0.008708312,0.00023881203,0.0030108602,0.00013911352,0.00074067106,6.02872e-05,4.992581e-05,0.0001870094,2.5693807e-05,0.020538427,0.0077920402,0.0012885273,0.0014576424,0.00022313707,0.004067921,0.00010748406,0.00070368336,7.8497156e-05,5.885109e-06,0.023972498,0.00012106429,0.058360998,0.004298755,5.6434772e-05,0.0026426364,7.997513e-05,0.000909897,0.0003357748,0.00089607696,0.006528259,7.1256824e-07,0.0072342018,0.00053489755,0.00013072405,0.00021590249,0.0012358874,0.0003551685,0.00037392305,0.0075088255,0.029549358,0.00024018307,9.024432e-05,0.0014507206,0.006155325,2.9572348e-05,0.0012235793,0.0022482995,0.0029508278,0.006326101,0.00027467875,0.0007917801,0.00039435038,0.00036326368,0.016115125,3.1774267e-05,5.6411303e-05,0.00011636767,0.00022776061,0.0022372024,6.8257796e-05,0.0005896706,0.00011448381,0.024294578,0.0013349951,0.0008154659,5.507488e-05,0.0012828844,0.000106755455,0.00010253746,0.0002380278,0.000116978226,0.006450877,0.068508,0.0013630703,8.625237e-06,2.4135577e-06,0.0006955612,0.0010014337,0.0001178004,2.7315786e-05,0.00037355284,0.00013228723,0.0006522422,0.00018445731,0.0033313213,0.0009104394,0.00031887417,0.0056401994,0.17935786,0.00043264177,0.0038787038,0.0019554603,0.00027803786,0.0006199066,0.0011050617,0.00013131497,0.00023562441,0.0016438547,0.08136195,0.0012230522,0.00017755627,4.0101764e-05,0.00043848567,2.8862567e-05,0.0004717096,1.3218045e-05,0.00030474024
BC2026_Train_0010_S09_20250828_000000_005,0.0019467905,0.0034327866,9.217354e-08,0.00013985475,7.7998275e-06,1.3111679e-06,5.5837825e-07,1.7629371e-06,2.516115e-05,1.6150188e-05,0.00011869568,1.4636078e-06,5.745526e-06,2.5437773e-06,3.3176736e-06,3.7689892e-07,1.792329e-06,1.951756e-06,0.00014504539,2.319754e-05,2.7553906e-06,1.560902e-05,0.00010162431,0.0003135133,1.504297e-05,2.181891e-06,1.0004644e-05,2.82476e-06,0.00059704995,0.00018633198,0.00091489695,0.0014710061,0.006470914,0.0043178727,0.0003675433,0.008895722,0.08757828,0.00081752136,0.00017187888,0.008730247,0.0015734163,0.00031272313,0.0006054978,0.0029942594,0.0010373252,0.0012776331,0.0022139964,0.002479533,0.000605683,0.00067193486,0.00032979317,0.00030107927,0.0003429189,0.00074216054,0.023413025,4.9557775e-06,0.035954453,0.0002915037,2.470751e-06,1.3053379e-05,7.8689745e-06,1.1129099e-06,1.00876305e-05,2.6160017e-06,2.3636376e-07,5.9324375e-06,1.6557789e-06,1.0274076e-07,0.00049303885,2.0619686e-05,4.0826662e-06,8.551585e-07,0.000551278,8.839752e-06,0.0021155353,0.0009907825,0.0010333861,0.0025973455,0.0007825759,0.0005073915,0.00065046805,2.5510813e-05,0.00014795184,8.575408e-05,2.5544336e-05,0.00034985726,0.006486552,0.00087228516,0.00081444695,0.00014327216,0.00030854097,0.00036998038,0.00011088215,0.039565433,2.1377668e-05,7.720071e-05,4.6418412e-05,0.010936791,1.7004417e-05,0.000386944,0.044957034,3.481194e-05,0.00032575868,0.0016273212,0.0029299771,0.0007272536,0.012260023,2.8458721e-06,0.00018573861,0.01888001,5.8453476e-05,0.0025078203,0.0013425141,0.0008985766,9.527336e-05,0.042950977,0.00049127167,0.00039482265,0.0013111252,0.00013238401,5.8905724e-05,0.0067040785,0.00072847586,0.0007430805,0.00014371287,0.00010822311,0.0036473244,0.0007037099,0.000610243,0.011610975,0.00027111144,0.00018821888,2.6207557e-05,0.00035223525,0.0002119585,8.626471e-06,0.0011102806,0.0032104421,5.1526466e-05,0.00040458233,0.00018955288,0.0013975352,0.00029820827,0.00019553948,3.287512e-05,6.694355e-07,0.019963875,5.166571e-05,0.13004567,0.0005856745,2.8257187e-05,0.00028727556,0.0046835337,0.00024140744,0.00068962935,0.00336184,0.008129813,1.7220598e-05,0.0013552964,2.5093768e-05,0.00013591006,0.0001521656,0.0037865872,8.2374296e-05,0.00043876204,0.012687137,0.3228795,0.00028419425,9.7258126e-05,0.0018620215,0.0043632933,2.2425022e-05,0.0007906473,0.0011913935,0.00041862545,0.0018014755,1.8373566e-05,0.0010772214,0.0012368024,2.7616901e-05,0.0046230843,0.0002672246,0.000264801,0.001020044,0.002412065,0.0030386904,0.00031185735,0.0014838517,0.00017295439,0.0013625795,0.00044399357,0.00028328746,2.3891385e-05,6.940525e-05,0.0045397156,0.0008494131,0.0004993244,0.00039235942,0.00054897845,0.0023083263,0.000745539,4.89986e-05,8.898961e-06,7.4483534e-05,0.00022860126,0.00028327474,1.02461245e-05,0.000101012454,0.0001983398,0.0007483406,0.000620559,0.003138338,0.0002543154,0.0022252905,9.56214e-05,0.0034326056,0.0025461814,0.00030109793,0.00017255724,0.00069510523,0.00038579464,0.0006298144,3.3149707e-05,0.00014916057,0.00013636661,0.14883098,0.00074973144,1.6237289e-05,1.841507e-05,0.0007697755,7.3121496e-06,0.0006522329,5.3083073e-05,0.0012778151
BC2026_Train_0018_S22_20211028_234500_000,2.4068781e-06,0.0010328615,0.00017534017,0.22099097,1.0852651e-05,3.8016012e-07,2.4558767e-05,0.00021585225,0.000835536,0.9537965,0.9983999,7.303373e-05,0.00039097512,8.333778e-07,5.5802593e-05,0.0023573774,4.229361e-05,5.880492e-07,0.014996678,0.0006317671,1.1768314e-05,0.033131696,3.7971772e-06,0.01526208,0.00028483034,2.0823168e-06,0.009880014,7.636651e-05,3.8776936e-05,0.007519508,0.025257614,0.0003242432,0.022202777,0.007481696,0.0025135642,0.0007177999,6.319424e-05,0.0010321003,0.013214363,0.0015067339,0.22293887,0.006685003,0.0118868565,0.0002744654,0.00021203469,0.00023063445,0.0010478477,0.0007323707,0.0006302516,0.0010472349,0.00040934674,0.00032480972,0.00035932212,0.14016306,0.0011790976,0.00017495173,0.0013280199,0.660737,4.1204377e-05,1.2905107e-05,0.1837801,7.635585e-06,5.6474717e-05,0.018819926,0.016525472,0.0011622942,0.011050108,1.0181778e-05,7.752579e-07,0.0046487954,6.126908e-06,9.636288e-06,2.2396103e-05,0.00059547427,9.190779e-05,9.389665e-05,0.00035415127,0.00013105916,6.027434e-06,0.00090084353,0.00011833225,9.655997e-05,0.00026840912,1.6628252e-05,0.0002823876,1.9396544e-05,7.2329394e-06,0.0012506949,0.00032914546,1.9750358e-05,7.2949995e-05,2.5353505e-05,0.00025373945,7.763962e-05,2.9081557e-05,6.0030416e-05,0.00042066863,0.003959014,0.00042821557,0.0023355093,7.361324e-05,1.0847735e-05,8.389742e-05,0.21078637,0.00013234626,0.00023463462,1.8126009e-06,1.4950894e-05,0.0001817507,0.00016204595,2.3744064e-05,0.0003050824,1.1075081e-05,5.4214557e-05,0.00017950093,0.00025582756,0.00014567576,2.2939821e-05,0.00048138082,0.0014596226,1.818105e-05,0.00021958018,6.2747466e-05,0.0009806793,7.394186e-05,2.606305e-05,0.00021762284,2.0010566e-05,2.5988836e-06,0.00040829586,7.745829e-05,2.8626468e-05,2.9372037e-05,9.589973e-05,6.360936e-05,1.0483092e-05,6.2302424e-05,0.00019118469,1.7812103e-05,0.10119793,3.3638375e-05,7.1850345e-06,5.1294912e-05,0.00032800023,0.08514659,9.488697e-07,1.1232388e-05,0.00035513175,0.0002845654,0.00043716765,1.3634519e-05,2.4284254e-05,0.0003235512,3.6790875e-06,7.7162884e-05,0.0001893018,5.8254365e-05,2.526153e-05,3.4575645e-05,5.577748e-06,2.518218e-05,0.00037041766,1.0491403e-05,3.0567226e-05,0.00060861517,0.002301437,5.4608852e-05,0.0003280462,3.4523524e-05,0.000957044,0.000115986026,0.00018557029,7.166667e-05,5.3178514e-06,0.00056116015,3.7437454e-05,4.597027e-05,1.6085523e-05,8.090366e-05,4.95144e-05,4.7154215e-05,8.578519e-06,0.000112990936,0.00027020182,0.0013087614,2.3877332e-05,1.1399145e-05,4.1962932e-05,1.8713321e-05,2.7080352e-05,9.3908646e-05,0.0007007435,2.3488064e-05,0.0019130635,9.5451316e-05,0.00061380235,0.00013131247,1.855242e-05,0.0007655844,1.5651023e-05,3.1212418e-05,5.4605525e-06,6.1976516e-06,0.0003652453,0.00014901542,0.0004119266,0.025410963,0.0010040461,3.83634e-05,7.770362e-05,3.1412786e-05,0.00020376788,3.370629e-05,0.000101174795,0.01011432,0.011153412,5.750647e-05,0.00034838828,3.640844e-05,0.00028869175,8.452682e-07,8.797206e-06,2.596159e-05,3.3776091e-06,0.0002028171,0.000106406536,4.7115744e-05,3.6384838e-05,0.00036380714,0.000106800144,0.00016390141,0.00097371446,3.1679265e-05,0.00017052007
BC2026_Train_0018_S22_20211028_234500_005,4.282503e-06,0.0010945132,5.7517987e-05,0.13582131,1.2251011e-05,8.364241e-07,3.5981022e-05,0.00028347442,0.0008002342,0.8216656,0.9976572,6.524358e-05,0.0002836964,6.1715184e-07,2.0879397e-05,0.0027775234,1.5782607e-05,3.935939e-07,0.09194306,0.0005290111,8.033846e-06,0.038171407,3.743684e-06,0.017788919,0.00029435818,9.383662e-07,0.011694045,9.0492766e-05,0.00012728761,0.00910225,0.017402738,0.0005597288,0.0336415,0.00700983,0.0028759676,0.0011552266,9.8908335e-05,0.0013952665,0.008741751,0.0031111652,0.16927564,0.0055856723,0.011673645,0.0005714306,0.00013086572,0.00014057524,0.0011312083,0.00070169417,0.0007901031,0.0010811883,0.0004683919,0.00039314435,0.00043107884,0.109177776,0.002050562,0.00019801383,0.0016364207,0.78500915,3.3739445e-05,1.6300466e-05,0.5020724,6.331344e-06,9.742678e-05,0.055783205,0.017502725,0.0018481647,0.005887258,4.5877505e-06,7.6443115e-07,0.0010997516,3.9577844e-06,9.171587e-06,2.203983e-05,0.000507511,0.00017579735,0.00014582154,0.00024479418,8.0337515e-05,4.2282413e-06,0.00021773056,0.00010873991,5.8019134e-05,8.835935e-05,1.541088e-05,8.9477486e-05,2.123254e-05,1.7449558e-05,0.0016777552,0.00041188597,1.982516e-05,3.4980592e-05,1.6180697e-05,0.00018443604,0.00018538564,2.9146497e-05,2.8462977e-05,7.425843e-05,0.010535258,0.00014257806,0.0025813389,0.0001734252,1.5691241e-05,0.00014042064,0.15621062,0.00014462306,0.0001655326,2.4390824e-06,1.5744092e-05,0.00014401013,0.00017242813,1.3711489e-05,0.00027673406,1.22999445e-05,0.00013083452,0.00023548583,0.00020013517,6.384777e-05,2.0863536e-05,0.00048046876,0.00047893668,1.0635844e-05,0.00013586042,5.636775e-05,0.0004484575,0.000109601766,1.8326877e-05,9.595801e-05,2.209619e-05,4.0214945e-06,0.00073543756,5.8697744e-05,2.8942277e-05,1.4717015e-05,0.00018036614,2.6105188e-05,1.2964366e-05,5.3457316e-05,0.00022271452,1.1883596e-05,0.05234797,5.9629154e-05,4.4815997e-06,0.00013109729,0.00014567215,0.041208923,8.9848913e-07,1.0935891e-05,0.00014279645,0.00025201583,0.0003977832,9.76919e-06,8.456564e-06,0.00041708272,5.0595872e-06,3.6534937e-05,0.00023141154,4.7001933e-05,1.1231423e-05,1.7099157e-05,8.466416e-06,0.00010226172,0.0002908042,6.501588e-06,2.534026e-05,0.0007766441,0.00852504,7.422572e-05,0.000188108,2.95403e-05,0.0008054567,0.00011194807,4.860011e-05,4.013888e-05,5.6238273e-06,0.00043627428,2.80883e-05,2.5354473e-05,2.1870803e-05,3.7159694e-05,6.237365e-05,4.7765476e-05,1.6033711e-05,0.00012532235,0.00045612827,0.0009320399,2.0405467e-05,1.03422835e-05,1.9196863e-05,1.4733137e-05,4.1480238e-05,0.00010415859,0.00044493924,2.7406379e-05,0.0004971287,9.4189985e-05,0.0002975244,9.894229e-05,2.2857035e-05,0.00019989753,1.3890841e-05,3.5906505e-05,5.3189415e-06,2.968561e-06,0.0002734642,0.00012615768,0.0002961812,0.014989212,0.00053449644,3.2121465e-05,4.0660947e-05,5.5589822e-05,0.00013065439,3.5209414e-05,6.64235e-05,0.011649119,0.0053011603,0.00016800688,0.00025943192,2.5945674e-05,0.00022496417,9.281789e-07,1.3368166e-05,5.2329062e-05,1.9906838e-06,0.00013096897,0.00025260833,5.9211994e-05,1.18322005e-05,8.9099616e-05,0.00016784693,7.2311e-05,0.0004520163,3.8847073e-05,0.00013664998
BC2026_Train_0018_S22_20211028_234500_010,3.7579848e-06,0.0011640382,9.509872e-05,0.34937236,4.468771e-06,1.7525024e-06,1.8213068e-05,0.00014431847,0.00011584498,0.9753288,0.999962,1.6721853e-05,3.7068345e-05,5.7600806e-07,2.619761e-05,0.008231519,2.7176255e-05,4.921106e-07,0.022743782,0.0009084867,2.1809941e-05,0.005210015,6.1596925e-06,0.043368854,0.00027184235,3.834993e-07,0.014732281,4.8232134e-05,0.00021009131,0.032633048,0.039521705,0.00042300293,0.017434169,0.022648448,0.0065048705,0.0013508924,2.8006163e-05,0.0010218142,0.017745439,0.0036125102,0.25962135,0.007749804,0.042031802,0.00056252355,0.00014967746,0.00014168303,0.00069527084,0.0003013995,0.0005007362,0.00084320497,0.0011769414,0.00091049407,0.0009903819,0.22031741,0.00387418,0.0008002312,0.0014794623,0.7502055,1.7212258e-05,2.5504455e-06,0.20953579,2.4645082e-05,7.609116e-05,0.006177467,0.0050857253,0.0024195598,0.010409901,8.043651e-06,1.6976976e-06,0.0024636819,2.5899492e-06,4.7441317e-06,1.7952145e-05,0.00019624738,0.00039567248,3.8793834e-05,0.0010159105,9.243576e-05,5.468098e-06,0.00043125826,5.3824646e-05,0.00013616236,0.00032955682,7.87809e-06,8.603494e-05,1.5180469e-05,2.8119848e-05,9.3637704e-05,0.00070972857,4.5952347e-05,0.000118281925,1.2190328e-05,0.00084806577,8.898677e-05,2.6773392e-05,5.603274e-05,0.0001423508,0.00076546735,0.0003839883,0.0012736777,2.1650232e-05,6.24402e-06,0.00019268681,0.30734524,0.000587464,0.00010888435,3.9256893e-06,1.2966382e-05,0.0001258615,0.0001139722,4.092072e-06,0.00014652012,7.364589e-06,4.2043364e-05,8.842831e-05,0.00010466177,7.329195e-05,1.5925772e-05,0.0004910034,0.00058340194,2.1856793e-06,0.00028412434,2.7605129e-05,0.0005135584,0.00016719711,2.774141e-05,0.00028930124,1.8219112e-05,1.3042676e-06,9.128144e-05,8.585447e-05,0.00017075666,8.7059425e-06,0.00011794799,5.6247314e-05,3.2299963e-06,2.8891678e-05,0.00046481125,6.1236365e-06,0.024424816,0.0002632471,8.2187336e-07,3.0968433e-05,0.00013294505,0.039971307,8.984156e-06,5.0390547e-05,0.0002592482,0.00021150569,0.0005899865,2.9458097e-05,1.3095934e-06,0.00047360596,5.6816707e-06,8.7121254e-05,0.000316281,8.266836e-05,6.2883787e-06,1.636807e-05,1.3734982e-05,6.246627e-05,0.00024070506,9.170425e-06,3.4625602e-05,0.0026311171,0.0042875097,0.00035482785,4.8693775e-05,1.1562542e-05,0.00087710837,0.00089154294,6.788073e-05,1.0064416e-05,1.061087e-05,0.00093930605,4.2411866e-05,2.2255668e-05,3.892926e-06,9.4367184e-05,7.757309e-05,2.6162483e-05,2.7109601e-05,0.0011076371,0.0008267053,0.00038214342,1.1114355e-05,3.3178705e-05,1.7535354e-05,3.765066e-05,8.409043e-06,3.596987e-05,0.0015637827,3.3485003e-06,7.476683e-05,0.00018124831,0.00074701995,0.0004897973,3.0737498e-05,0.000584568,8.066469e-05,4.6774032e-05,1.4365834e-05,1.2955056e-06,0.00065369596,7.0059315e-05,0.0016019845,0.007520241,0.00107736,7.859018e-05,0.00012665536,6.523742e-05,1.1630367e-05,8.064131e-05,0.00011791257,0.061792765,0.0029195189,0.00023561655,0.00021064773,8.099303e-06,0.0014719582,1.1573005e-06,3.3573862e-05,1.984928e-05,7.6542614e-07,0.00021156135,8.3050865e-05,4.335654e-06,1.240429e-05,0.00035466638,0.00016915653,4.815304e-05,0.00064074947,0.00034345334,0.0003507339
BC2026_Train_0018_S22_20211028_234500_015,1.0231547e-06,0.00028885642,8.76637e-05,0.567332,7.1036848e-06,4.719893e-08,1.2360905e-05,7.724283e-05,0.00073588936,0.9738913,0.999966,3.2034342e-05,1.6401478e-05,6.698986e-08,2.2613356e-05,0.013128696,9.0531685e-06,4.730167e-08,0.0188088,5.514183e-05,7.649017e-06,0.01901008,1.3033673e-06,0.021774976,0.00029124174,7.6415716e-08,0.00521576,5.2751093e-06,9.479414e-06,0.0021154396,0.013880562,9.4749674e-05,0.0074768965,0.013133849,0.0019214301,0.00042710896,1.0011811e-05,0.0002105124,0.008649471,0.0010493536,0.20446146,0.0033576374,0.017397147,0.00011463204,6.018971e-05,5.209793e-05,0.00035024786,0.000107249194,0.0001031268,0.000176701,0.00023094186,0.00018904748,0.00017009249,0.15871559,0.00058092835,5.2403615e-05,0.0003731791,0.90448636,1.6298987e-06,1.3054223e-06,0.09393986,6.135017e-06,2.3865834e-05,0.043820117,0.008371213,0.0005625198,0.0073555126,3.2750953e-07,7.8859614e-08,0.00018893612,2.2624025e-07,1.4087291e-06,2.5251109e-06,0.00019994445,5.5183238e-05,4.123836e-06,0.0001660752,6.140189e-05,9.150559e-07,7.494707e-05,1.0008022e-05,7.3671596e-05,1.9348787e-05,1.365378e-06,6.602221e-06,2.915867e-06,9.678614e-07,9.873175e-05,0.00013618091,3.144813e-06,1.3766165e-05,3.0466508e-06,0.00010161985,1.35300015e-05,2.6947706e-05,3.06536e-05,3.3929882e-05,0.000103418395,0.00011047509,0.00023115863,1.5227794e-05,9.390212e-06,4.5976805e-05,0.07742951,3.6930174e-05,1.9279956e-05,2.0098729e-07,3.8958933e-06,0.0001773977,3.0050867e-05,6.0253194e-07,4.1128103e-05,1.1177634e-06,3.5998335e-06,0.00014028468,3.993423e-05,7.572553e-06,2.9640091e-06,4.3354416e-05,0.00014647807,2.7788482e-07,3.7785296e-05,6.751515e-06,0.00023528922,1.0596652e-05,8.3171335e-06,1.14751565e-05,3.2152902e-06,1.6993776e-07,4.936471e-05,2.0885713e-05,7.551468e-05,1.0714607e-06,4.0269464e-05,2.4759005e-05,7.8275925e-06,1.5764375e-05,5.471796e-05,1.1550562e-05,0.009208852,1.8068147e-05,2.2760037e-07,1.700745e-05,8.297393e-05,0.019352334,6.9155965e-07,5.2955234e-06,0.000118124255,6.565357e-05,2.9976163e-05,7.615325e-06,2.1131696e-07,4.9561688e-05,2.0373385e-07,1.7291872e-05,3.0342171e-05,2.6779699e-05,2.871343e-06,3.014308e-06,1.4719686e-06,5.577015e-06,0.00018848771,2.594525e-07,4.311385e-06,0.00017947987,0.0007288946,5.7031015e-05,2.1193051e-05,5.0645366e-07,0.00015067382,1.9712721e-05,1.92947e-06,5.1848738e-06,1.0106022e-06,9.77993e-05,7.727911e-06,7.5539656e-06,1.214125e-06,9.336225e-06,2.0914058e-06,7.958391e-06,1.4863386e-06,0.00046955489,0.00022898235,0.0008538284,1.8379857e-05,1.297041e-06,1.7378349e-06,1.7406745e-06,5.8254e-06,1.6809696e-05,0.00044469966,9.368104e-07,3.743817e-05,2.3153516e-05,9.031018e-05,4.7080932e-05,9.034547e-07,3.7573904e-05,3.7959712e-06,2.9957178e-06,1.0303674e-05,2.0128367e-07,4.9697326e-05,1.1503886e-05,0.00037130047,0.0040209787,0.0002840317,4.702991e-05,1.19161205e-05,6.3515245e-06,2.1281812e-06,1.0491513e-05,7.552807e-05,0.023230636,0.0023633286,0.00012279618,7.8311954e-05,1.6369086e-06,6.257442e-05,7.378913e-08,2.9055855e-06,1.8694218e-05,1.2321662e-07,6.993996e-05,1.7718328e-05,1.7186403e-06,7.14203e-06,5.3601776e-05,5.1523668e-05,9.924364e-06,0.00018329194,1.07391625e-05,2.298401e-05
BC2026_Train_0018_S22_20211028_234500_020,9.3766816e-05,0.005919646,0.00085452595,0.52313864,0.0002739266,1.3928287e-05,0.00044835682,0.0004345075,0.0056280205,0.95652175,0.9994248,0.0014104727,0.0013562189,1.0546757e-05,0.00045743058,0.007099019,0.0010023688,9.183648e-06,0.11400549,0.0028698388,0.00014753513,0.08239363,2.7825745e-05,0.1129443,0.0026102122,1.5240755e-05,0.032752037,0.00074258144,0.0012190808,0.07619661,0.08254647,0.0033629313,0.06865015,0.053894214,0.018991422,0.006880909,0.00063415203,0.0045227413,0.056917578,0.011230356,0.38632426,0.03472585,0.07845871,0.0033007415,0.0009097847,0.0009450904,0.0045422744,0.0034774079,0.003344429,0.004525159,0.0039740945,0.0031773082,0.0034706658,0.38969055,0.008941532,0.003906593,0.010493754,0.87979394,0.00048466382,9.2507275e-05,0.5915735,0.0001415047,0.0011393543,0.12689708,0.05569295,0.007632423,0.019751836,9.478103e-05,1.853251e-05,0.010060695,4.5926063e-05,0.00017109515,0.000116618714,0.0044822483,0.0020223353,0.000955946,0.0017611578,0.0003860614,7.085557e-05,0.0013942012,0.0006014483,0.0012013424,0.0012076809,0.0002850982,0.000506564,0.00010992551,9.7593234e-05,0.004544796,0.0019427115,0.00014073458,0.00049257657,6.966499e-05,0.0013646998,0.0007764524,0.00021267169,0.0004032203,0.00038387303,0.006041609,0.0014474604,0.009774128,0.000762072,0.00016310147,0.00064780377,0.53751177,0.0006843562,0.0013683002,1.6571641e-05,0.00024644588,0.0010923216,0.00085039064,9.0200105e-05,0.0017163785,9.455761e-05,0.00021530282,0.0015676798,0.0013826374,0.00034524876,0.00030534368,0.0021977026,0.0037303166,4.530946e-05,0.0002529074,0.00063787994,0.0019891786,0.00039508566,0.00013426218,0.00065512327,9.182649e-05,2.0253488e-05,0.004375989,0.0011045734,0.0004259485,0.00025492255,0.0009875961,0.0005341058,0.00036760638,0.00024497838,0.001387255,4.007038e-05,0.24995406,0.0008599513,2.557373e-05,0.0009401697,0.002303263,0.36863324,2.1262e-05,9.904424e-05,0.0012736924,0.0013041197,0.0015005206,0.0002538527,2.723923e-05,0.0022284617,1.8674742e-05,0.00014025472,0.0008379442,0.00026174673,0.0002211923,0.00015055979,6.987937e-05,0.00039238148,0.0015705103,3.9060487e-05,0.00015407648,0.0070521794,0.022575509,0.0006175334,0.0007858527,0.00015613087,0.0030149294,0.0009858542,0.0005295767,0.00019176581,4.4296106e-05,0.0012795433,0.0003875894,0.00018021656,0.00012249177,0.00030410258,0.00025113652,0.00013922458,7.096098e-05,0.0014362466,0.0018664134,0.0054268506,0.000124845,0.00021326073,7.296099e-05,0.00013993331,0.00011623468,0.00047468973,0.0027798119,5.710982e-05,0.0017748786,0.001104232,0.0049589686,0.0008889956,7.623743e-05,0.0011048523,5.870289e-05,0.00017047422,0.00012216759,8.5506086e-05,0.0012032058,0.00048726966,0.0029242837,0.09604629,0.0028707366,0.00061994884,0.0005137454,0.00032494785,0.00026193596,0.00019080625,0.00076927355,0.037287403,0.014443561,0.00089304557,0.00067741243,6.5846616e-05,0.0024054262,1.578461e-05,6.629206e-05,0.00026800254,2.9289602e-05,0.00045843323,0.0005549362,0.00013616442,0.0001691683,0.00354902,0.00056024414,0.00032168764,0.0013150828,0.00026281676,0.00071123947
BC2026_Train_0018_S22_20211028_234500_025,1.471417e-06,7.162677e-05,6.474366e-05,0.30730844,3.323507e-06,1.5729765e-07,3.9268166e-06,0.00015890448,0.0027767771,0.97542554,0.9995709,3.5209505e-06,0.0003345639,2.6111263e-07,9.116831e-06,0.008815103,3.207702e-05,1.9118646e-07,0.02982653,4.4940807e-05,5.060852e-06,0.0045315023,3.2802072e-06,0.0014445123,6.8921414e-05,1.230507e-07,0.0018767454,3.4673118e-05,6.2114677e-06,0.00071238115,0.0026062895,6.4798325e-05,0.0014709361,0.001317845,0.0005607634,0.00012576887,1.17459795e-05,5.7590656e-05,0.0017452344,0.00026285512,0.011870642,0.0008213498,0.0015452162,5.5790886e-05,3.4780183e-05,3.1218162e-05,9.0171205e-05,3.3751e-05,3.2714903e-05,5.572841e-05,0.00011146638,7.946192e-05,7.950551e-05,0.009162628,0.0001137671,2.3833287e-05,0.00024909,0.84308153,2.5185452e-06,6.546409e-06,0.06328348,2.9168434e-06,3.0247755e-05,0.33648437,0.0052882046,0.00017547616,0.0049638655,5.96474e-07,2.4533801e-07,0.0016569959,4.65176e-06,4.5707444e-07,6.967311e-06,0.000380234,1.4236788e-05,9.315716e-06,0.00030945597,0.00042023635,2.5689242e-06,0.00031334237,7.266575e-05,2.3640468e-05,7.35879e-05,1.5950586e-06,1.17140535e-05,4.8597717e-06,4.9681325e-06,0.0012362165,0.0004671505,1.0440331e-05,2.6627466e-05,4.371765e-05,0.00031467277,2.2717673e-05,6.7393696e-05,5.3377287e-05,0.00041078293,0.00010654005,4.43434e-05,0.0009827521,2.7559387e-05,4.7210956e-06,0.00019106295,0.12303903,0.00031105502,7.316317e-05,6.889115e-07,2.729889e-06,4.712149e-05,6.839371e-05,3.1408565e-06,0.00017393212,1.2405602e-05,8.0793325e-05,0.002339664,4.505211e-05,3.0491237e-05,2.47861e-06,8.34019e-05,0.0002138745,2.0115924e-06,0.00017839577,2.8527244e-05,0.0007338295,8.328261e-05,2.930022e-05,0.00011144683,7.310062e-05,2.1404405e-06,0.00076460926,0.00012815303,8.0978294e-05,4.767139e-06,1.8316376e-05,3.873687e-05,1.4772191e-05,2.1773201e-05,0.00012191158,0.002046652,0.060150154,6.1068924e-05,4.8512976e-07,2.0269663e-05,0.00010323937,0.009925251,2.0694296e-07,3.204855e-05,0.0018458245,9.4892726e-05,6.361057e-05,1.9910478e-05,3.9837128e-06,0.00014025805,3.1140464e-06,3.9317416e-05,0.00027653703,6.304634e-05,7.406337e-07,6.05696e-06,4.4922845e-06,1.9065046e-05,0.00017335228,2.0486711e-06,4.689903e-06,0.0010058854,0.029706243,0.0002532288,2.8421777e-05,1.8088129e-05,0.000330704,0.000129841,2.1805305e-05,3.602978e-05,2.443937e-06,0.00017800344,5.83673e-05,0.00045225618,1.8956216e-05,3.7460024e-05,1.4461105e-05,3.753211e-05,4.346745e-06,0.00023567607,0.000319336,0.00068480347,2.5257965e-05,1.2805359e-06,1.617593e-05,5.3189974e-06,5.3590735e-05,6.021526e-05,0.0005900231,2.1915024e-05,0.000115420466,1.8340987e-05,0.00012858966,4.1101677e-05,4.7392973e-06,0.0027142083,0.00010222701,8.732443e-06,3.3979133e-05,8.69853e-07,0.00036252715,0.00026663416,0.00023131381,0.012839605,0.00030591013,7.0653754e-05,3.0886826e-05,6.054159e-06,8.840957e-06,8.374598e-06,0.000102400285,0.10286443,0.037416827,0.00013439746,0.0011139632,4.199528e-06,0.00010690234,9.776199e-08,1.175287e-05,1.1337077e-05,7.77273e-07,0.0002050595,9.2977585e-05,2.718564e-05,7.6449405e-06,1.4048387e-05,6.9628324e-05,8.533079e-05,0.0014496538,5.973648e-06,5.421213e-05
BC2026_Train_0018_S22_20211028_234500_030,2.18751e-05,0.00075592694,0.0001365851,0.7173797,4.637806e-05,7.796591e-07,0.00012913019,0.00031961073,0.0051149325,0.9971052,0.9994018,7.986934e-05,5.8781206e-05,8.052033e-07,6.9591486e-05,0.0126978755,6.0834333e-05,7.331977e-07,0.05183956,0.00040349484,6.338236e-05,0.025838254,7.152322e-06,0.0079745585,0.0007883354,6.116791e-07,0.0026780318,8.862889e-06,1.4442928e-05,0.005341908,0.019278092,0.00028167665,0.013024357,0.009122417,0.002209072,0.00063076353,6.980157e-05,0.00062066515,0.015350256,0.0014772752,0.10024269,0.007841474,0.0066963704,0.0002891242,0.00020571632,0.00019985238,0.00090382644,0.0003475084,0.0003588134,0.00064186833,0.0007120845,0.00048317914,0.0005398536,0.06901658,0.0010359124,0.00010668807,0.0010873775,0.938019,2.9494417e-05,2.0244779e-05,0.25425157,1.7718887e-05,9.464041e-05,0.23154432,0.013371601,0.0006104413,0.007284459,4.2897786e-06,1.6750906e-06,0.002932731,3.8476937e-06,8.59043e-06,1.7167782e-05,0.00039016418,0.00017382203,1.9912719e-05,0.0004442787,0.0005091546,2.962109e-05,0.00014399133,9.375108e-05,0.0002669216,0.00031977287,1.8956162e-05,3.3545533e-05,5.242221e-05,4.5561915e-06,0.0014010093,0.0005589531,3.5900888e-05,6.665014e-05,2.7065971e-05,0.00027013433,3.517897e-05,0.00012813912,0.00048919755,0.00042639012,0.0016716006,0.0004689544,0.0013738608,8.292718e-05,2.5756659e-05,0.000284084,0.20335005,0.00072825234,0.00022735402,2.9228888e-06,6.133804e-05,0.00066733005,0.00015822455,1.44822625e-05,0.0004256589,1.2107454e-05,2.8724502e-05,0.00034760154,0.00014013801,5.482315e-05,2.3413995e-05,0.00061410986,0.00019387697,3.3171546e-06,0.00016245084,7.004515e-05,0.0010371247,3.936131e-05,7.8732475e-05,0.00013832186,2.1770667e-05,2.2478991e-06,0.00033618705,8.357913e-05,0.00025552697,9.116187e-06,0.0005395652,0.00020249093,0.00039836703,6.550005e-05,0.00020648625,9.090662e-05,0.032603674,0.00010203632,5.365313e-06,4.7099613e-05,0.00024482803,0.020107722,3.3191454e-06,1.22186575e-05,0.00037903697,9.375608e-05,0.00014038637,0.00012359359,4.9457494e-06,9.471238e-05,3.3849162e-06,0.00010180928,8.0749196e-05,9.378354e-05,2.2935685e-05,9.663197e-06,1.05831605e-05,4.8184917e-05,0.00022966582,5.9085874e-06,2.8810511e-05,0.0016735347,0.005916308,0.0003006112,0.0002185565,4.596557e-06,0.00047538034,0.00046929938,2.9257972e-05,3.5348396e-05,8.418078e-06,0.0005278788,9.647611e-05,0.000104966224,1.7489408e-05,2.6915011e-05,1.8076953e-05,5.0731967e-05,8.557617e-06,0.0006924615,0.00020986008,0.002729471,5.2155345e-05,1.5483607e-05,1.685498e-05,1.3022842e-05,0.00013849714,0.00014170412,0.0021904171,2.6489353e-05,0.00017177926,6.0261107e-05,0.0005474772,0.00010771728,1.0394979e-05,0.00044622456,2.7923117e-05,1.0461579e-05,7.6964534e-05,4.4842377e-06,0.00015724872,0.000107277425,0.0006469551,0.009079519,0.001056772,0.0002456349,0.00015016967,2.4128507e-05,1.715482e-05,2.3097808e-05,0.00044460027,0.06406315,0.02091309,0.00022570194,0.00044928267,2.5283534e-05,0.00023682327,2.023346e-06,3.720824e-05,0.00010704985,5.663829e-06,0.00012290571,6.204926e-05,7.32577e-05,2.8735545e-05,0.00010101679,0.00030084228,3.672143e-05,0.00053011504,2.4230289e-05,6.785885e-05
BC2026_Train_0018_S22_20211028_234500_035,1.6550149e-06,6.182257e-05,8.5027576e-05,0.24384966,5.4534903e-06,1.1798568e-07,7.710376e-06,8.17949e-05,0.0064762374,0.97719187,0.99807596,2.4324643e-06,0.00019003425,1.4388608e-07,1.0185673e-05,0.004328612,1.1151207e-05,1.0494853e-07,0.019587161,2.0078598e-05,5.3223157e-06,0.012953311,2.782343e-06,0.0007770694,0.00016366324,9.049735e-08,0.0008758114,8.705793e-06,2.1510466e-06,0.0004056643,0.0025080207,4.4314147e-05,0.0014297733,0.0007045282,0.0003503631,7.437452e-05,1.2699294e-05,5.507987e-05,0.0015023985,0.00016546728,0.010669662,0.0008322318,0.0010859868,3.729474e-05,2.965778e-05,2.8561379e-05,8.760444e-05,3.8457172e-05,2.8791696e-05,4.6985933e-05,0.00010195316,6.0748764e-05,7.007235e-05,0.0074415966,9.672243e-05,9.746131e-06,0.0001663497,0.8360687,2.6679206e-06,1.1087085e-05,0.056785915,1.13091e-06,1.696242e-05,0.30410573,0.0049727997,0.00012597123,0.0027382371,4.81064e-07,9.912665e-08,0.0020206268,2.2203928e-06,1.4895655e-06,2.7227989e-06,0.00024808836,7.938712e-06,3.759917e-06,0.00017400528,9.862466e-05,7.846382e-06,0.000110711844,4.901145e-05,3.1802218e-05,3.3370336e-05,2.1582446e-06,1.1966171e-05,8.717067e-06,1.8801569e-06,0.0016730847,0.0002882616,7.058951e-06,2.202107e-05,1.4638753e-05,0.0001366462,1.293617e-05,6.132763e-05,5.2476884e-05,0.0002998838,7.225124e-05,3.9121736e-05,0.00095541874,5.2698182e-05,3.0545698e-06,9.9183366e-05,0.098009594,0.0002101883,7.360453e-05,6.951668e-07,1.7475771e-06,2.3733039e-05,9.332019e-05,2.0794212e-06,0.00012817197,7.8992225e-06,1.3457142e-05,0.0021190846,3.548332e-05,2.6005398e-05,2.7405947e-06,5.5433236e-05,5.6345933e-05,1.6655124e-06,6.984179e-05,3.971184e-05,0.0005959927,2.4749586e-05,1.1474084e-05,0.00012114951,3.0114494e-05,2.447496e-06,0.0005471092,2.951228e-05,7.484695e-05,1.5991329e-06,2.508037e-05,5.9756665e-05,3.4820936e-05,2.6967424e-05,0.00011044096,0.0002518016,0.028348546,3.0804873e-05,3.76109e-07,1.1930859e-05,5.5398516e-05,0.010623814,2.4548967e-07,4.585647e-06,0.00034215642,4.0048868e-05,5.1361872e-05,8.107162e-06,2.6469038e-06,2.9085522e-05,1.6548033e-06,4.116126e-05,0.00013500254,2.3543547e-05,9.711649e-07,3.7708119e-06,2.2760978e-06,6.882601e-06,6.959799e-05,2.1944743e-06,1.3284757e-06,0.0003773822,0.007955655,0.0001482518,0.00012003399,6.1745195e-06,0.00038049708,0.00010561592,1.4638489e-05,2.993468e-05,1.5287218e-06,0.00011394297,3.0065714e-05,9.862155e-05,1.9915227e-05,2.85653e-05,4.3633668e-06,2.3737883e-05,3.226942e-06,0.00011810791,0.00012540196,0.00058194215,1.7815635e-05,2.5214001e-06,1.777677e-05,4.9794216e-06,6.763171e-05,4.8891066e-05,0.000808622,3.3575685e-05,5.999911e-05,1.5854337e-05,0.0001683231,1.3948691e-05,8.276693e-06,0.001567894,4.0217732e-05,9.99281e-06,1.8116736e-05,5.452614e-07,0.0002227056,0.00018856212,0.00011742291,0.007632529,0.00030856358,0.0001053793,0.0001242686,4.9050527e-06,4.3808786e-06,8.867649e-06,0.00010166774,0.037160534,0.02657363,8.045965e-05,0.00029178453,6.4484525e-06,5.6631005e-05,1.0033091e-07,6.346433e-06,1.8701778e-05,3.161838e-07,7.406713e-05,4.7940484e-05,2.592104e-05,4.921504e-06,2.4337962e-06,0.00011267902,3.3310436e-05,0.00045819953,6.5008753e-06,2.6855836e-05
BC2026_Train_0018_S22_20211028_234500_040,6.197669e-06,0.00085726817,0.00019232082,0.4242934,6.3314833e-06,1.7717994e-06,4.041431e-05,9.958424e-05,0.00018768787,0.99430686,0.99996495,0.00015334437,3.4181674e-05,4.4231348e-07,2.5851597e-05,0.008096996,5.6599314e-05,3.77822e-07,0.026697986,0.0011030162,3.6958816e-05,0.006795813,9.853362e-06,0.029248923,0.0002491489,5.271888e-07,0.0115697915,6.5465945e-05,0.00021826453,0.037064083,0.025436746,0.00024512887,0.0093153445,0.021117378,0.004117079,0.00095578557,2.3813453e-05,0.0006837672,0.017102703,0.0024271773,0.18302783,0.006036749,0.027186258,0.00031542787,0.00012839155,0.000107371576,0.00044621987,0.00025492377,0.0002724911,0.0005288183,0.00086069235,0.00065392995,0.0006931951,0.18940774,0.0019514012,0.0006478371,0.0011903032,0.70824134,2.8204744e-05,3.721646e-06,0.26028377,2.712755e-05,5.451473e-05,0.0076307952,0.0043820767,0.0030547061,0.010907641,4.7197136e-06,9.948878e-07,0.0037485876,3.1574223e-06,7.020188e-06,1.5610107e-05,0.00012754384,0.00061049196,4.39385e-05,0.0007888817,6.3958374e-05,9.448204e-06,0.0002145755,4.178826e-05,0.00015489521,0.00030461737,9.526086e-06,0.00011486556,1.1737211e-05,2.2895563e-05,0.00013541307,0.0009419427,7.5858305e-05,0.00028603643,2.5138343e-05,0.00055633544,0.0001096485,6.8037814e-05,7.074315e-05,8.316904e-05,0.0004752082,0.00044304,0.0007465716,3.4008113e-05,8.427588e-06,0.00016345752,0.42072532,0.00052054133,0.00012276153,4.1026574e-06,3.320501e-05,0.00011830427,9.842276e-05,5.723721e-06,0.00010690439,9.868427e-06,2.6879536e-05,0.00015278379,0.00015917122,7.4161624e-05,2.531864e-05,0.0006386717,0.00049127004,2.0957502e-06,0.00018261716,3.0592946e-05,0.0004655247,7.9269914e-05,2.8222257e-05,0.0002725324,1.2548901e-05,1.119165e-06,0.0004042639,0.00031030536,0.00017843199,4.9637524e-06,8.727891e-05,9.5370335e-05,1.1672858e-05,3.914506e-05,0.00036645622,4.9094756e-06,0.026171038,0.00018141376,9.224941e-07,2.8731543e-05,0.00015780886,0.0617833,8.198292e-06,3.609402e-05,0.0005509933,0.00017633289,0.0006501823,4.7611087e-05,8.2284816e-07,0.00021213014,5.4877196e-06,0.00011270051,0.0003054427,4.8850936e-05,1.1474248e-05,2.2055727e-05,1.599791e-05,6.662294e-05,0.00028786255,6.750176e-06,2.7577553e-05,0.0011492925,0.0017488786,0.00022600753,6.246567e-05,6.8037148e-06,0.00046742515,0.0007591644,3.549168e-05,2.0170259e-05,6.960119e-06,0.0005306767,0.00014361863,1.9719775e-05,2.2900804e-06,7.958182e-05,5.3765754e-05,1.5150836e-05,1.2483705e-05,0.0013119021,0.00090883643,0.0005544284,1.0442691e-05,2.176801e-05,1.0595056e-05,3.343446e-05,1.700573e-05,2.5664247e-05,0.0014434808,3.718875e-06,5.3134274e-05,0.00012726297,0.00093364244,0.00039652246,2.0995827e-05,0.00050523883,4.1663556e-05,2.9608183e-05,2.8300148e-05,2.3831446e-06,0.0004938001,3.4418525e-05,0.002324821,0.012306499,0.001615346,0.00013446064,0.00010819101,0.00011109489,9.035151e-06,6.001433e-05,0.00014757016,0.043164402,0.0018596504,9.970121e-05,0.00018472818,5.879466e-06,0.0009464465,2.7714987e-07,1.7100707e-05,2.3407074e-05,6.3421214e-07,0.0002639742,5.7068395e-05,3.4692573e-06,3.3682027e-05,0.0005910506,0.00011518176,2.1973872e-05,0.0004987688,0.000270858,0.00012475908
BC2026_Train_0018_S22_20211028_234500_045,2.6641485e-05,0.00074464997,0.00031120097,0.70286727,1.5434309e-05,2.0970258e-06,4.0860818e-05,6.2265965e-05,0.0002769983,0.99859875,0.99971575,0.00012321069,6.453962e-05,5.999889e-07,3.0094747e-05,0.010158893,4.8711005e-05,4.6204391e-07,0.024606524,0.00043687064,8.732354e-05,0.002774623,1.3433536e-05,0.0059853126,0.00016829307,6.4396613e-07,0.0019008061,4.1226784e-05,0.0001409336,0.020466097,0.019970495,0.00032050323,0.008089524,0.010450357,0.0019472518,0.00095303764,3.3954675e-05,0.0004904458,0.015200781,0.0014390203,0.07108686,0.005605181,0.00627472,0.00043031375,0.00019473699,0.00016926817,0.0006184587,0.00025346768,0.0002814109,0.00041965648,0.0007713281,0.0006117987,0.0005832913,0.059728615,0.0017396732,0.00034296254,0.001097881,0.7738915,4.8015703e-05,5.8626856e-06,0.06453473,1.57475e-05,0.00015194505,0.01068062,0.0018588162,0.00050706713,0.008841126,2.676246e-06,3.1462316e-06,0.0013060563,2.9566265e-06,4.0332743e-06,1.8487091e-05,0.00011097905,0.00052309467,4.196077e-05,0.0006718801,0.00024511837,9.602044e-06,0.00017169364,4.5068227e-05,4.089735e-05,0.0002814203,1.1459233e-05,5.371814e-05,1.3518316e-05,2.1740832e-05,0.00016641807,0.001172225,8.435814e-05,0.0002578065,6.920784e-05,0.000507715,4.5626293e-05,8.1958e-05,0.00014269911,0.00025130415,0.00016719248,0.00040149924,0.0007203999,2.6982034e-05,4.2038437e-06,0.0006255956,0.22264689,0.002982765,0.00020995294,6.079384e-06,3.541487e-05,0.00036789,0.00013316264,1.1811534e-05,0.00028784308,2.410891e-05,4.312947e-05,0.0001225552,0.00012056662,5.0634095e-05,2.2318049e-05,0.0004083128,0.0003027274,2.1758442e-06,0.00023389728,5.8236375e-05,0.00058904284,0.00014509627,2.8218356e-05,9.823111e-05,1.5149404e-05,2.023292e-06,0.0006262691,0.00035026457,0.00045577838,3.5610312e-06,4.335227e-05,3.3977998e-05,4.554328e-06,2.9446388e-05,0.00028476762,4.329777e-05,0.03211663,0.00031612875,1.9826618e-06,4.071527e-05,0.00010504061,0.030134363,9.947483e-07,3.6135076e-05,0.0013570226,9.9435645e-05,0.00018667056,4.4285967e-05,2.5949062e-06,0.00022819598,9.128281e-06,0.00015955522,0.00037430038,5.7585603e-05,4.5242937e-06,3.2979966e-05,2.7257522e-05,0.0001934209,0.00014531339,1.17589125e-05,2.670401e-05,0.00053571234,0.0057534617,0.00030016468,5.07917e-05,3.2241983e-06,0.0004725606,0.0005745145,6.111401e-05,5.7745412e-05,2.3266888e-05,0.00065160106,0.0001954748,9.1326365e-05,7.415507e-06,3.4511802e-05,4.0742925e-05,2.2590295e-05,1.7998704e-05,0.00080968224,0.00032277423,0.0005455025,2.1650107e-05,3.1495845e-05,3.6996407e-05,5.5624452e-05,8.881239e-05,2.9806182e-05,0.0014896237,2.137308e-05,0.00012781243,7.56116e-05,0.0029499275,0.00025703464,1.8196888e-05,0.0005264367,4.5832956e-05,1.1872552e-05,4.5164474e-05,3.663741e-06,0.0008943705,7.5981734e-05,0.0015180092,0.0024016246,0.00081499736,7.611504e-05,0.00010042208,5.211318e-05,1.596333e-05,3.8596452e-05,0.00024679623,0.07928525,0.0048846756,0.000105615014,0.0002171515,5.462724e-06,0.0002982273,9.317868e-07,2.0860134e-05,2.1183918e-05,1.0499605e-06,0.00029902876,9.454904e-05,5.8981277e-06,1.0735599e-05,0.0004602438,0.00015149917,1.6342943e-05,0.00055772776,0.00015090345,0.00030495296
BC2026_Train_0018_S22_20211028_234500_050,6.731154e-06,0.00067747955,0.00033984936,0.47852504,3.5004307e-06,1.6145918e-06,2.7168664e-05,5.056929e-05,0.00013100007,0.9990238,0.9998393,4.18692e-05,3.2527627e-05,2.5461702e-07,1.439911e-05,0.0054339897,2.5507456e-05,1.8124507e-07,0.04018231,0.00037094613,1.38329115e-05,0.0032896989,1.0181399e-05,0.00880478,0.00011668601,3.677277e-07,0.004535305,5.102896e-05,0.00035563065,0.02513714,0.028407834,0.00028070484,0.010274939,0.012821527,0.0021253899,0.0010444074,1.7802371e-05,0.0004798913,0.018091792,0.0018002772,0.10353839,0.0063672713,0.009785687,0.0004935109,0.000111686095,9.6111675e-05,0.00044148325,0.00020538313,0.00023886215,0.0003780381,0.0006775282,0.00054494536,0.000514594,0.10407273,0.002069422,0.0003832138,0.00082969357,0.81347084,2.824943e-05,2.119579e-06,0.29474184,5.027784e-06,6.0008497e-05,0.0064716004,0.003947489,0.00076088595,0.008500316,2.5038e-06,4.4052348e-07,0.0016969804,2.916688e-06,1.9600027e-06,5.175957e-06,6.029157e-05,0.00044741048,1.5877245e-05,0.00069363654,7.910409e-05,4.6844943e-06,0.00016376737,1.8984601e-05,5.572798e-05,8.0221376e-05,6.4890073e-06,4.2962354e-05,4.4079557e-06,1.19290935e-05,0.00012403066,0.0005231059,8.7697386e-05,0.00013839192,1.6414433e-05,0.00036964144,3.298953e-05,2.0015319e-05,3.4530898e-05,5.02487e-05,0.00016672669,0.00020697904,0.0005165925,1.7369832e-05,1.6187562e-06,0.000205494,0.22465926,0.0016984117,0.00010960617,3.640836e-06,1.7460761e-05,0.00013141269,9.2849725e-05,4.4854733e-06,0.00014761406,2.7867936e-06,3.008935e-05,9.137716e-05,7.902357e-05,3.9618295e-05,9.795394e-06,0.0003581412,0.00013334713,7.376344e-07,0.00022052204,3.7705493e-05,0.00031299068,5.7332894e-05,1.2777685e-05,0.00011851903,1.14626555e-05,9.778695e-07,0.0005250629,0.00015526,0.00014871039,2.0212767e-06,3.9015293e-05,3.143814e-05,1.8563763e-06,1.9324558e-05,0.0001932445,7.65622e-06,0.03540745,8.385662e-05,1.118689e-06,1.0114507e-05,4.5911394e-05,0.049820967,5.858583e-07,1.4393659e-05,0.0002735839,5.3252472e-05,0.00021197041,1.3940911e-05,6.1655885e-07,0.00016274805,2.8727643e-06,4.1836705e-05,0.00020489513,1.9727202e-05,5.6269987e-06,1.591557e-05,1.577916e-05,8.107233e-05,6.7190784e-05,5.997686e-06,9.71359e-06,0.0009384321,0.0044827294,9.120175e-05,2.8769298e-05,1.1300972e-06,0.0003115002,0.0005285111,3.2097276e-05,3.109969e-05,3.2281823e-06,0.00048224098,4.525708e-05,3.3521006e-05,2.740435e-06,1.9515906e-05,3.9121773e-05,6.054846e-06,1.1332018e-05,0.0006396481,0.00032443216,0.00013892581,3.4757745e-06,7.928709e-06,9.784425e-06,2.504686e-05,1.7467373e-05,9.469844e-06,0.0011710788,7.34881e-06,6.864907e-05,5.0950384e-05,0.0015738889,0.00019542167,1.2584255e-05,0.0006487444,3.6838403e-05,6.6486373e-06,9.3738645e-06,2.4462759e-06,0.00059870415,4.0264396e-05,0.0013686005,0.0049404763,0.00085888663,2.2208389e-05,5.6448927e-05,4.377547e-05,6.4202377e-06,1.8095376e-05,9.379221e-05,0.03821612,0.0015136249,4.1242238e-05,5.049267e-05,2.308253e-06,0.00059732376,1.7938618e-07,1.1476743e-05,6.3635234e-06,1.8010904e-07,0.00014704006,5.9475195e-05,4.1915578e-06,9.523905e-06,0.0004251475,7.000689e-05,1.3910287e-05,0.00025836754,0.00016693953,0.00033706555
BC2026_Train_0018_S22_20211028_234500_055,4.710127e-07,0.00021874579,1.7025106e-05,0.38235965,1.6174893e-06,3.1565225e-08,7.657097e-06,3.0044936e-05,3.423948e-05,0.92209125,0.9999827,1.9032077e-05,1.5279815e-05,4.8638057e-08,6.0990815e-06,0.0048360443,4.757788e-06,3.871201e-08,0.0032351022,0.000112524394,1.1316262e-05,0.0052629537,7.370423e-07,0.011370095,6.179304e-05,1.2254385e-07,0.001424621,8.712655e-06,9.745685e-06,0.0049291505,0.009250961,6.9550224e-05,0.0038698746,0.005072836,0.0011848515,0.0002555455,2.8620993e-06,0.0001718674,0.003594299,0.00069650635,0.11288236,0.0015291506,0.011195838,8.4708794e-05,3.4167493e-05,2.9473718e-05,0.00016047817,5.9517348e-05,8.2891755e-05,0.00013143838,0.0002081318,0.00016006325,0.00015030059,0.08229542,0.0006460456,5.206892e-05,0.0003451614,0.62033075,2.2775134e-06,6.5011267e-07,0.02504777,1.1932565e-05,3.091806e-05,0.0037568163,0.0034717035,0.000321325,0.012299343,8.3910214e-07,2.7557957e-07,0.00033552633,1.3950573e-07,4.353431e-07,7.4257837e-06,0.0001127977,5.108637e-05,1.7003624e-05,0.00027961156,8.1384795e-05,7.305001e-07,0.00019167768,1.2104694e-05,1.2559234e-05,5.1696017e-05,1.9733754e-06,1.5390553e-05,2.591313e-06,9.074302e-07,3.346173e-05,0.0001232182,4.6404434e-06,1.6758859e-05,2.7932035e-06,0.00015804391,1.9947292e-05,1.2115227e-05,3.439323e-05,3.5781773e-05,0.00016091716,0.0001969815,0.00024274494,2.8712964e-06,1.6616572e-06,1.3743523e-05,0.10336818,5.967864e-05,2.5420253e-05,2.154538e-07,2.339189e-06,0.00012898534,2.1665453e-05,4.3156817e-07,1.8529363e-05,1.1966579e-06,2.640636e-06,2.5000374e-05,2.5170151e-05,1.1684129e-05,1.2000374e-05,6.5361775e-05,0.00021421492,4.5961843e-07,2.3575989e-05,6.1905334e-06,0.00038386078,3.9418373e-05,9.94517e-06,1.7482505e-05,2.3518382e-06,8.017974e-08,2.9844208e-05,1.46201e-05,5.724723e-05,2.335121e-06,1.4315206e-05,5.0435017e-05,4.881287e-07,1.0298663e-05,0.00011224427,3.1469935e-06,0.010166462,2.6095255e-05,1.2328596e-07,3.2624093e-06,4.8910322e-05,0.02937709,1.2143496e-06,1.2131494e-05,0.000120630786,0.00015162592,3.179955e-05,1.9831476e-05,4.8877996e-07,4.4771114e-05,5.497571e-07,1.0923279e-05,9.079919e-05,3.6608457e-05,1.061695e-06,5.7366947e-06,1.3424828e-06,3.0176159e-06,0.00014444225,6.214728e-07,5.868234e-06,0.00018820773,0.00072667445,4.8643604e-05,8.649083e-06,1.3220326e-06,0.00035252332,7.0328075e-05,3.5879098e-06,2.5443767e-06,2.0312827e-06,0.00020519327,6.9137764e-06,3.7452696e-06,3.7954575e-07,1.4114983e-05,3.1351942e-06,4.110404e-06,2.3139307e-06,0.00087276666,0.00020540564,0.0002561827,3.4994791e-06,5.2890223e-06,2.7639994e-06,3.93809e-06,2.3428772e-06,1.2104671e-05,0.0004440801,1.0122845e-06,2.4002304e-05,5.6242272e-05,0.00021641856,0.00018289911,1.6731716e-06,0.0001058671,2.2543804e-06,4.032067e-06,2.528236e-06,1.2559977e-07,0.00016092115,1.1158197e-05,0.0004075809,0.0022874605,0.00018982416,4.9742277e-05,2.9634088e-05,5.3119866e-06,1.873375e-06,1.8387816e-05,6.473897e-05,0.049987134,0.00046063645,4.7705253e-05,8.307757e-05,1.1076506e-06,0.00020816852,4.5404278e-08,2.5783074e-06,8.113822e-06,1.3120906e-07,6.623273e-05,9.288074e-06,7.65405e-07,2.9781563e-06,0.00023552174,8.0292644e-05,6.3199127e-06,0.00015454792,2.1551927e-05,6.8249334e-05
BC2026_Train_0019_S22_20211104_200000_000,9.9706685e-06,0.00015595663,1.5496194e-05,0.53764343,2.8800116e-06,7.013524e-07,8.080471e-06,0.00033596164,0.0020166575,0.89345855,0.9959298,9.99503e-06,0.0001430989,4.2810927e-07,6.0120487e-06,0.02108527,0.0009455888,3.6605485e-07,0.014442755,0.00025524918,0.0001872844,0.008476915,5.6790927e-06,0.00045879697,3.0091935e-05,2.2856186e-06,0.00025359195,5.2729807e-05,9.661262e-06,0.009137321,0.0010529727,5.6592944e-05,0.00085883756,0.0007904035,0.00034444313,0.00016143954,1.89575e-05,0.00014142228,0.000508157,0.00042267202,0.0025802192,0.0003362885,0.00080060185,5.226448e-05,0.000114267874,0.000105991334,0.00024981183,9.236245e-05,8.1453356e-05,0.00012819593,0.00018424954,0.00019690076,0.00016138492,0.0020278802,0.00034876316,1.5507207e-05,6.728607e-05,0.6010798,3.1288917e-05,3.5901983e-05,0.0144321155,3.7322567e-05,9.673313e-05,0.9312243,0.006547082,1.40942e-05,0.001316349,1.6792535e-05,5.765087e-07,0.00055127253,1.1122573e-06,7.3707537e-07,3.7391997e-05,0.00010383154,2.1875056e-05,1.8307992e-05,0.0021416263,0.00041263565,2.850875e-05,0.00094724353,0.00012375716,8.000061e-05,0.00038114455,2.2587835e-06,8.345402e-06,2.3788964e-05,3.4583527e-06,0.00031946116,0.00010606089,0.0004870368,0.00022671759,0.00020099075,1.3329097e-05,7.760623e-05,7.5929296e-05,0.00013009172,0.0022166914,0.00023141353,0.0009687191,0.0003303032,3.654898e-05,5.8401743e-06,0.00031800923,0.7727866,0.0017048484,0.00011113325,1.8911875e-06,5.1911014e-05,3.4633595e-05,7.712759e-06,1.9473923e-06,0.0013613675,1.1694307e-05,3.3878117e-05,0.0006704112,0.00018606016,3.3325592e-05,9.988218e-06,0.001333175,0.001449635,3.7461414e-06,9.575033e-05,0.00010145786,0.000580199,0.00085544004,0.0013753754,0.00037600615,0.000110901616,1.0534935e-05,0.00084052567,5.761499e-05,0.00015415467,1.0254287e-05,2.9700997e-05,0.00015002683,4.252985e-05,4.577342e-05,0.0005105133,0.00015712582,0.54390514,4.706742e-05,3.2729702e-06,5.6435833e-06,0.00022716637,0.10072922,6.673104e-07,1.12787475e-05,5.1876716e-05,0.00011428214,7.716929e-05,0.00013999255,4.098375e-05,8.420656e-05,4.1888325e-05,3.5264926e-05,0.0014241983,2.5498628e-05,3.5793892e-07,1.708693e-05,9.47437e-06,2.504299e-05,5.5338747e-05,7.899757e-06,8.328904e-05,0.001962613,0.0047977683,0.00014215153,8.361364e-05,2.1818638e-05,0.00052560616,0.00041150177,2.706027e-05,1.583699e-05,5.2921336e-05,0.0002579988,0.00054477586,0.0005540897,1.6526521e-05,0.00017253734,7.3083334e-05,2.6413401e-05,5.470346e-06,0.0010661351,3.858376e-05,0.0005922997,6.1153905e-06,2.5531086e-05,4.322046e-05,3.873325e-06,0.0003220531,0.00020153171,0.00010428869,5.7448095e-05,0.0005961155,7.5255455e-05,0.0028271032,0.000101630605,1.9539948e-06,0.00356343,6.0713315e-05,2.7172293e-06,6.118148e-05,2.9754253e-06,0.00015965261,0.00020192045,0.0005653837,0.002417611,0.0007478584,0.00015938173,0.00010350077,4.1685373e-05,9.09415e-06,1.0013111e-05,0.00075966556,0.024222994,0.020735405,2.7515716e-05,4.348074e-05,2.6481487e-06,6.819657e-05,1.023384e-06,6.0035118e-06,5.37916e-05,1.2315721e-06,1.3067753e-05,0.00012581529,7.746058e-05,1.6926675e-05,0.00016615867,0.0002786992,2.878689e-05,0.00051369204,1.7869388e-05,5.2370346e-05
BC2026_Train_0019_S22_20211104_200000_005,1.6520706e-05,7.1831564e-05,8.125236e-06,0.24137422,3.2767114e-06,4.3475188e-07,4.2392035e-06,0.00011085413,0.00040542072,0.8296693,0.8950451,1.1379495e-05,3.6464557e-05,3.0854056e-07,3.976592e-06,0.0058772727,0.0014282656,2.3744757e-07,0.014775687,0.00023014129,0.00013861564,0.0017894001,1.2999069e-05,8.954534e-05,2.9431536e-05,4.3527934e-06,8.3310886e-05,8.48425e-05,1.1848426e-05,0.005607786,0.0003000454,2.815446e-05,0.00020873337,0.00043085762,9.188737e-05,9.2322116e-05,2.109626e-05,5.4135515e-05,0.00013059958,0.00035462243,0.00036147924,0.00011488296,0.00013224158,2.8369806e-05,4.7824593e-05,3.7888964e-05,7.129347e-05,2.5928359e-05,2.9819203e-05,3.653546e-05,7.3648625e-05,8.733619e-05,6.676973e-05,0.0002834374,0.00022998425,1.1838554e-05,5.2081836e-05,0.23883098,1.4875277e-05,2.6668175e-05,0.008077534,2.1234484e-05,0.00013503229,0.9386689,0.001706871,6.5785775e-06,0.00023291455,1.7545139e-05,1.7617606e-06,0.00070611184,4.1447183e-07,8.108401e-07,4.6978184e-05,8.29411e-05,9.49474e-05,2.7697237e-05,0.0013220136,0.0006218473,5.6021203e-05,0.0003343994,0.00032660668,3.847008e-05,0.00013257211,3.23871e-06,4.8960237e-06,1.1063733e-05,2.6696996e-06,8.576994e-05,0.00013986447,0.0012315183,0.00016511818,0.00056383305,9.413362e-06,0.0001457993,0.00011184148,4.4468325e-05,0.00026637397,0.00019675006,0.0010910966,0.00017562076,4.6462523e-05,1.0515488e-06,0.0005474143,0.6298225,0.01307578,0.0001239285,3.1278867e-06,7.477596e-05,2.0952604e-05,5.885805e-06,2.0174884e-06,0.0028071404,6.2639824e-06,8.8042776e-05,0.00018462041,0.00030854007,1.369659e-05,2.1358615e-05,0.0011895547,0.0010300925,3.8203652e-06,0.00020184403,7.8255e-05,0.00035428265,0.0023795043,0.0013959517,0.00045920015,0.00018106001,1.1939485e-05,0.002950268,9.54983e-05,0.00015893327,1.5012174e-05,4.007546e-05,9.774261e-05,1.8547342e-05,4.373396e-05,0.00020353407,8.7143104e-05,0.44841823,2.9380019e-05,8.9385885e-06,5.958082e-06,7.419792e-05,0.049238566,1.739659e-07,1.6681397e-05,6.375514e-06,5.6379045e-05,9.388214e-05,0.00037649806,2.7766848e-05,9.766716e-05,8.963753e-05,3.7154874e-05,0.0023741156,1.901553e-05,8.375865e-08,2.123254e-05,3.3072847e-05,5.9094375e-05,2.5694027e-05,2.7126334e-05,6.225058e-05,0.0034100018,0.0070102946,0.00032486918,5.9214868e-05,1.43465995e-05,0.0002125618,0.0005804875,2.8994631e-05,1.7191473e-05,0.00016888045,0.00014880371,0.0026423978,0.0010213149,2.2064667e-05,0.000118500386,0.00017141244,6.1001523e-05,8.817692e-06,0.0009324614,2.4227675e-05,0.00015885948,2.9312298e-06,4.6688907e-05,3.8219925e-05,3.3294136e-06,0.00020690208,0.00044804753,8.59672e-05,0.00010665949,0.0002935301,0.00010067511,0.0032678982,0.000118827746,2.2239615e-06,0.0063561215,0.00014296497,2.9194648e-06,4.4884186e-05,2.5205563e-06,7.150761e-05,0.0002875057,0.00031771863,0.0023302122,0.00086438085,4.941671e-05,0.00010552402,3.5000514e-05,1.4842402e-05,5.1643356e-06,0.0018625727,0.029984357,0.059782926,2.2113456e-05,3.1008567e-05,1.410926e-06,0.00017134266,1.5933679e-06,9.79404e-06,3.6456073e-05,1.0001953e-06,7.800185e-06,0.0002310901,6.5700544e-05,6.579839e-06,0.00012847813,0.00025769076,8.474397e-06,0.00022297032,2.3558818e-05,0.00012344177
BC2026_Train_0019_S22_20211104_200000_010,9.238462e-06,6.28044e-05,2.0958578e-05,0.4446841,2.446187e-06,2.946272e-07,2.737319e-06,0.00017635188,0.00028570555,0.66884315,0.9868326,1.0910265e-05,3.7578455e-05,2.4240066e-07,3.4145892e-06,0.0033343136,0.0007437174,2.068374e-07,0.0064363093,6.6064305e-05,0.00021447036,0.0010236099,3.2747844e-06,0.00012666623,1.6636437e-05,2.0329376e-06,7.7192315e-05,7.39961e-05,1.1139812e-05,0.037253194,0.00032328416,3.4984267e-05,0.00019634282,0.0004782086,0.00012255707,0.00012506734,9.405618e-06,4.5623292e-05,0.00016818353,0.0002640575,0.0005785319,0.00010654371,0.00016934647,2.984051e-05,4.3984994e-05,4.1627613e-05,6.630268e-05,2.7963702e-05,2.4514518e-05,3.4503606e-05,5.4776792e-05,5.9407455e-05,4.4839133e-05,0.00046780158,0.00015914785,1.4129918e-05,4.9192615e-05,0.32077047,2.3241719e-05,2.8870385e-05,0.007171909,3.722865e-05,0.0001783706,0.8727601,0.0029555834,3.1335294e-06,0.0010571248,1.277542e-05,6.2717857e-07,0.0010992546,2.613139e-07,1.0558225e-06,2.3466258e-05,0.00015045819,5.192255e-05,2.716374e-05,0.0024006697,0.00025432993,1.4712918e-05,0.0001913211,6.981795e-05,5.3713997e-05,0.00010864673,6.510756e-07,4.7766275e-06,1.3305602e-05,1.6372551e-06,0.0002853802,0.00016882298,0.0004162232,0.00046479292,0.00019282356,1.1887688e-05,6.8892106e-05,5.1167983e-05,0.00025096466,0.0006513725,8.866126e-05,0.0053501683,0.0002547945,4.6037614e-05,2.7259296e-06,0.00023541153,0.634339,0.0042200023,4.8769987e-05,1.3244328e-06,0.00021948222,7.046535e-05,3.316326e-06,4.6070764e-07,0.0018876896,1.2823915e-05,4.766492e-05,0.00082122657,0.0004857583,1.7206203e-05,6.187045e-06,0.0012882168,0.0013507515,1.6226404e-06,0.00010596203,0.00010295328,0.00034487012,0.0014618092,0.0005806302,0.00059927796,2.4122568e-05,4.267577e-06,0.0006304477,6.138714e-05,0.00019187482,7.019445e-06,1.5351208e-05,0.00022911753,5.5503744e-05,4.5929522e-05,0.0008954032,8.926587e-05,0.37365633,4.8910835e-05,2.7786414e-06,1.2366858e-05,0.00031286955,0.24673651,3.0175877e-07,1.0191249e-05,9.300979e-06,9.553209e-05,7.8870886e-05,0.00032184806,6.463407e-06,8.694622e-05,2.1746224e-05,3.9637835e-05,0.001681867,3.0713793e-05,7.6254686e-08,2.5591662e-05,2.2251454e-06,9.74733e-06,3.797176e-05,3.5908056e-06,5.5639783e-05,0.001815134,0.0026745114,0.00013466043,0.00016057797,8.542459e-06,0.00033005862,0.0002708518,1.0198639e-05,1.9732039e-05,9.9374134e-05,8.8094675e-05,0.0005001883,0.00022720339,1.2705411e-05,0.00014446441,6.7685454e-05,1.7913359e-05,5.6191157e-06,0.0018872576,5.4746717e-05,0.0003959589,3.043947e-06,1.2396852e-05,1.1717796e-05,3.527895e-06,8.140537e-05,0.00034730558,0.00027254305,1.5651427e-05,0.00023196847,7.507791e-05,0.0024951263,7.5740194e-05,1.1027873e-06,0.0030848577,7.809756e-06,2.0500254e-06,0.0001114174,1.7745677e-06,0.00010446316,0.00014597124,0.00039162886,0.004322662,0.0017299372,0.00023425327,0.00013441233,1.4792378e-05,2.8616491e-06,1.2310589e-05,0.0013421247,0.030361537,0.0068278727,1.878982e-05,2.1769172e-05,1.2239229e-06,0.00036732946,1.3048038e-06,3.9672846e-06,4.920918e-05,4.4986106e-07,8.101567e-06,4.563639e-05,7.7792436e-05,1.6589875e-05,0.00011000646,0.00014768107,5.9515505e-06,0.00026191573,1.8888799e-05,6.106304e-05
BC2026_Train_0019_S22_20211104_200000_015,6.4071486e-05,0.00037420902,1.5129696e-05,0.7141934,6.841804e-06,2.101845e-06,2.8645327e-06,0.00011993434,0.0035052337,0.78315383,0.98263115,3.2041644e-05,3.021757e-05,8.2189683e-07,4.012894e-06,0.080513425,0.00231703,8.7274293e-07,0.040120557,0.0002348085,0.001065261,0.014051024,3.216392e-05,0.00035277914,0.00010733134,2.0667485e-05,6.7753e-05,0.0013772564,0.00014097258,0.053897664,0.0010310605,0.00032688858,0.0011346034,0.0010232707,0.0004641644,0.00086007913,4.6805533e-05,0.0001978472,0.0004928018,0.0010764704,0.0013423164,0.00037302528,0.00063467864,0.00040685924,0.0002611495,0.00029116985,0.0005388519,0.00014977097,0.00013440834,0.00018656897,0.00033621478,0.00033003563,0.00024188413,0.0010778162,0.0019044245,1.4016951e-05,0.00012883527,0.79520303,5.449659e-05,4.0225746e-05,0.027146358,0.00010474294,0.00414749,0.9984162,0.0048882742,9.089147e-06,0.0011682482,2.3869818e-05,5.2589403e-06,0.003211254,6.1977e-07,9.3625397e-07,0.00014734322,4.0740397e-05,0.00015697202,7.2387586e-05,0.0042299763,0.0005308082,0.00013777465,0.0002979633,0.00036205415,9.988077e-05,0.00030754507,1.1764645e-05,4.3451724e-05,2.8431316e-05,7.128006e-06,0.0005206793,0.00019015152,0.00050227717,0.0009232607,0.0009460565,2.009015e-05,0.00017663933,0.0003904246,0.00030874574,5.9855556e-05,0.00015423038,0.0008905648,0.00032668264,0.00010610126,1.3125319e-05,0.0012437945,0.48695877,0.018894073,0.00014950645,2.4008373e-06,0.00015817855,6.407644e-05,3.3127735e-06,2.2553008e-06,0.0015071809,2.8385233e-05,5.8250647e-05,0.0009161211,0.0007224242,3.2744614e-05,9.9799245e-06,0.0014682882,0.0008282334,6.7393826e-06,0.00010804008,7.875658e-05,0.00045590676,0.011847476,0.0027849611,0.00065078185,0.00020165763,1.989482e-05,0.00080887217,0.00017881009,0.00021519694,4.415103e-05,3.2688986e-05,0.0003783745,0.0001452217,6.973431e-05,0.0007451309,0.0006893527,0.12813307,0.00017966531,1.0039549e-05,4.897347e-05,0.00019719443,0.06668894,1.3534095e-06,3.368007e-05,5.5038967e-05,4.954685e-05,6.193427e-05,0.0012306524,2.4027519e-05,8.327641e-05,8.440803e-05,7.995682e-05,0.0023375256,1.7948121e-05,9.507116e-08,1.0832931e-05,3.5174813e-05,2.707333e-05,6.8962305e-05,1.8285693e-05,0.00016871387,0.0010333783,0.0064493767,0.00021544987,4.0057617e-05,4.954765e-05,0.00036982715,0.0006875084,2.9790068e-05,1.639663e-05,0.00030323144,0.00023090816,0.0012200165,0.00015596182,7.164323e-05,0.0005684206,0.0056069964,2.7671258e-05,2.5913774e-05,0.002046538,3.9424387e-05,0.0005099815,5.9594454e-06,1.6169992e-05,4.9012244e-05,5.414948e-06,0.0004888277,0.000929994,0.0005227552,3.3200515e-05,3.6061887e-05,7.925125e-05,0.0020652814,4.4070726e-05,1.0368091e-06,0.002114699,5.7628895e-05,4.6259993e-06,0.00022688843,3.0171095e-06,0.00014824586,0.00041978614,0.0013391484,0.0035709164,0.0030090355,0.00038701008,0.00023130477,1.50895385e-05,1.1161729e-05,1.6322538e-05,0.0016550699,0.054027673,0.027793575,5.3014228e-05,6.113645e-05,2.7423855e-06,0.00015605347,7.268571e-06,1.2443186e-05,0.00013264494,8.258802e-06,5.9745144e-06,0.00020464815,0.00011707575,2.5654484e-05,0.00030982526,0.00023295099,2.3253297e-06,0.00034875798,2.0523008e-05,8.573984e-05
BC2026_Train_0019_S22_20211104_200000_020,3.1747917e-05,0.0007258356,2.4347353e-05,0.7294461,1.5503481e-05,1.406871e-06,2.807526e-06,0.00013324227,0.0038598783,0.7988037,0.99187475,1.3077951e-05,2.8804576e-05,6.352709e-07,9.3108665e-06,0.06601837,0.0008982333,6.2893406e-07,0.0134435315,7.185965e-05,0.00014237373,0.050345927,7.569044e-06,0.0007688654,7.437976e-05,3.5622404e-06,4.0991486e-05,0.00020290686,7.619782e-05,0.017342007,0.0022396627,0.00034170947,0.0035768014,0.0017226165,0.0007722905,0.0008031467,7.122436e-05,0.0004269539,0.0012376044,0.0016775986,0.0047271214,0.0009126077,0.0016167585,0.00034125565,0.0005307622,0.0004746409,0.0014570195,0.00032556494,0.00027833437,0.0004221624,0.00051047973,0.0005259116,0.00044783362,0.0031914422,0.003036937,1.725502e-05,0.00016504766,0.87009966,1.5391917e-05,2.9617135e-05,0.03153627,9.024786e-05,0.0005699104,0.99764866,0.008027763,3.5134067e-06,0.0010763853,4.3874563e-05,2.78341e-06,0.001632245,1.077154e-06,2.457059e-06,2.2159074e-05,6.210301e-05,4.6634137e-05,1.6521872e-05,0.0020336912,0.00060397526,8.485116e-05,0.0006755985,0.00022511305,0.00020196685,0.0002859241,5.5363803e-06,2.2229706e-05,2.3876351e-05,3.0190436e-06,0.00024339919,7.9418285e-05,0.00016054872,0.00013815024,0.00017989604,1.3224702e-05,0.0002753408,0.00017339377,6.5364955e-05,0.0004536871,0.0005107791,0.00043041632,0.00036740373,0.00014203435,1.851156e-05,0.00032633526,0.6690953,0.004003572,3.4963286e-05,2.8009392e-06,0.00010921429,3.1498817e-05,4.345792e-06,2.1378232e-06,0.00073123496,1.3892603e-05,2.777781e-05,0.0010112171,0.00040114459,3.6516198e-05,6.6310076e-06,0.0011158197,0.00043454472,3.9155566e-06,6.257161e-05,8.935819e-05,0.0007278527,0.0045477343,0.007587475,0.00029623095,9.9506884e-05,4.0079052e-05,0.0002343147,0.00026352156,0.00021293749,2.4235094e-05,3.5952176e-05,0.00023384669,5.487786e-05,6.303714e-05,0.00030274212,0.00016315887,0.20038128,0.00023204146,2.3153712e-05,5.604765e-05,9.8127e-05,0.099532396,3.080434e-07,3.4502522e-05,2.2007342e-05,0.00012035205,3.0433805e-05,0.00053366256,0.00012279068,8.5845866e-05,1.7828876e-05,2.4172863e-05,0.0019554305,2.2007214e-05,2.494526e-07,7.789472e-06,2.6586613e-05,3.1180556e-05,1.85621e-05,1.7822791e-05,4.7000234e-05,0.0014664305,0.0027691044,0.00029910717,6.706289e-05,4.8033016e-05,0.0013872946,0.00037135306,2.4485898e-05,1.1240297e-05,9.5711446e-05,0.00017989415,0.0008917506,0.0004966607,2.0056266e-05,0.00031446613,0.0003051074,6.0991286e-05,2.6579186e-05,0.0009807466,4.3929493e-05,0.0005382072,5.7340635e-06,3.6167272e-05,6.5496424e-05,2.5936545e-06,0.00017315902,0.00075094926,0.0008083181,5.8919828e-05,6.292975e-05,0.00013627288,0.002335797,8.10782e-05,2.6798264e-06,0.0024770435,0.00011210885,3.0253093e-06,0.00010795153,1.920722e-06,0.00014571926,0.0005263429,0.0011709388,0.0033465775,0.00052671705,0.00024032278,0.00022860256,1.7462211e-05,5.663159e-06,2.8622153e-05,0.001243066,0.017534913,0.035397388,7.026586e-05,3.7449914e-05,3.6374697e-06,0.00015252017,2.7763685e-06,1.8953577e-05,7.4358766e-05,1.6675913e-06,5.5916116e-06,0.00016287176,0.0002803077,1.1981163e-05,0.00035256965,0.0003443384,3.0503423e-05,0.00036252697,1.8157694e-05,0.00012713175
BC2026_Train_0019_S22_20211104_200000_025,2.0263595e-05,0.00090107875,2.709128e-05,0.7995002,2.0026124e-05,1.6238711e-06,2.1506876e-06,0.0005574182,0.00096601906,0.8984747,0.9913293,5.046191e-05,2.9308381e-05,8.1737187e-07,1.4813342e-05,0.034644146,0.001269671,6.9266065e-07,0.0216326,8.1399936e-05,0.00025517397,0.0050436934,1.777255e-05,0.001011073,0.0002754206,3.9398365e-06,0.00028256158,0.0003018697,7.400218e-05,0.10264385,0.0045307023,0.00022162253,0.0030914873,0.0043363622,0.00087014434,0.00077262736,4.9487353e-05,0.00035665242,0.0019069776,0.0024931035,0.0073966216,0.0010646756,0.0028035173,0.00020277032,0.00029751196,0.00026501899,0.001076658,0.0002440324,0.00023223291,0.00035874225,0.00090625434,0.00090679765,0.00078761566,0.004433771,0.0030024198,4.340439e-05,0.0001604003,0.64264953,4.98777e-05,5.6845158e-05,0.022992147,0.0002115682,0.0007486441,0.8719668,0.006081677,4.228151e-05,0.0037219226,6.293041e-05,4.158848e-06,0.0025584176,5.1572056e-07,3.283237e-06,3.5834702e-05,0.00014155854,0.00021500065,2.6581263e-05,0.0008520046,0.00030938548,2.1779575e-05,0.0012799833,0.00058595365,7.3310744e-05,0.00041190992,1.5204114e-05,2.6489077e-05,2.4021998e-05,2.1807552e-06,0.0001390191,0.00050715,0.00046049946,0.00054961955,0.00040339908,2.311429e-05,8.473004e-05,0.00038716375,0.00040156048,0.0009864377,0.0002694825,0.0013700827,0.00040180667,4.617585e-05,8.914921e-06,0.00075554417,0.52870184,0.011501798,3.495055e-05,7.505545e-06,0.00027810174,5.7111625e-05,7.262342e-06,1.7641732e-06,0.0030315323,9.444574e-06,1.9207593e-05,0.00020200653,0.00017239377,9.553601e-05,1.459188e-05,0.00251496,0.0011905024,3.6733938e-06,0.00015154482,0.00010541248,0.0006607569,0.0032022109,0.0007846125,0.00033402245,0.0001051695,3.3927467e-06,9.007573e-05,0.00027242536,0.0011240081,1.7390086e-05,1.7093009e-05,6.541515e-05,2.2759155e-05,0.00011664428,0.00046614127,8.299735e-05,0.15188277,0.00014987527,1.1270372e-05,1.2322993e-05,0.00044994228,0.16555116,5.769669e-06,2.0760446e-05,9.936818e-06,0.0001944659,0.00027520067,0.0017903236,5.4046173e-05,0.00020385649,7.6532444e-05,6.973105e-05,0.0006640529,4.283827e-05,4.01959e-07,1.1225158e-05,3.1490617e-05,9.783416e-06,4.5006767e-05,8.971929e-06,9.6291755e-05,0.0019732257,0.0035713133,0.00037449203,3.6376998e-05,6.8257004e-06,0.00048893486,0.00019664447,3.926399e-05,1.1728652e-05,5.990655e-05,0.00040179555,0.00091291073,0.00020036506,8.583871e-06,0.00023579811,0.00084205315,3.296912e-05,7.434647e-06,0.0038084777,6.0427403e-05,0.0004945224,6.546116e-06,2.6062426e-05,2.661203e-05,4.180404e-06,0.00015578482,0.0014101544,0.0011711713,1.765277e-05,0.00011864455,0.00020284012,0.0048610116,0.00011356332,7.4507204e-07,0.0027220827,4.4519707e-05,3.3509568e-06,0.00013394737,1.6774261e-06,4.7593516e-05,9.8448756e-05,0.0011946993,0.007573241,0.0021753937,8.948081e-05,6.6044144e-05,1.0207873e-05,1.6429547e-05,2.7068347e-05,0.0038594073,0.032879006,0.017115302,2.1864691e-05,0.00015255377,1.6184536e-06,0.0014209016,3.444476e-06,1.9030662e-05,7.44672e-05,5.828996e-07,1.451643e-05,0.00030915724,0.00015946761,6.265515e-05,0.00091648527,0.0001981022,4.110709e-06,0.00073331455,9.012625e-05,0.00015365351
BC2026_Train_0019_S22_20211104_200000_030,5.5275294e-05,7.1703376e-05,4.5018483e-06,0.7229186,6.431433e-05,2.6261424e-07,1.0996955e-06,4.1212556e-05,0.01493007,0.7798232,0.84252876,1.8743809e-05,1.729614e-06,8.985632e-08,1.1056159e-06,0.014427376,0.0010598303,8.267538e-08,0.016862875,2.3184934e-05,0.0011089457,0.004046551,3.2986813e-06,2.949149e-05,6.363848e-05,1.0261401e-06,1.2324157e-05,5.255721e-05,7.2199005e-06,0.0045608347,0.0003646966,4.1077263e-05,0.0002721214,0.00020725273,5.33199e-05,0.0001141374,1.9536894e-05,2.9657695e-05,0.00014728915,0.00025455654,0.00019178924,0.0001405884,7.739302e-05,4.6359044e-05,3.5106954e-05,3.665268e-05,8.7803994e-05,2.1134883e-05,1.8515057e-05,2.731167e-05,9.9912875e-05,8.611431e-05,6.851852e-05,0.00014981098,0.00026564,1.7280329e-06,2.9788991e-05,0.8565772,1.6690006e-05,6.9253125e-05,0.03200318,3.7919905e-05,0.0024033124,0.9995109,0.002651382,6.793722e-07,0.00012053477,6.1322153e-06,3.777294e-07,0.00016754391,2.2839704e-07,1.210724e-07,1.4347954e-05,1.0289366e-05,1.19286515e-05,9.047938e-06,0.00082514266,8.173166e-05,6.818876e-05,6.036756e-05,3.7431353e-05,1.3529884e-05,6.139475e-05,5.9685804e-06,1.9649246e-06,2.0656214e-05,1.7763931e-07,0.0001378589,5.589521e-05,8.533673e-05,0.0003911554,0.0002344955,9.7424e-07,9.516923e-06,0.00013551148,0.00034015195,1.28653055e-05,3.2626074e-05,0.00025133893,0.00013244676,5.286585e-05,6.0970237e-06,0.00024388934,0.43635386,0.01461352,3.2642227e-05,1.9008739e-06,0.00018779348,1.1617132e-05,1.0581298e-06,3.3596115e-07,0.0025824956,3.6509334e-06,9.354602e-06,0.0008187863,0.00044696653,4.190295e-05,3.6819024e-06,0.00037314693,5.1655064e-05,4.0594236e-07,1.994638e-05,5.3481024e-05,0.00018381944,0.0014340393,0.00071589387,0.00010602702,1.7297793e-05,4.313503e-06,9.9777404e-05,1.34206275e-05,0.00012836083,7.767604e-06,4.879602e-06,0.00062623207,0.00021065978,8.388243e-06,6.6634755e-05,4.683509e-05,0.041108582,3.8420585e-05,1.3488946e-06,2.456672e-06,0.00012881338,0.00939994,3.686653e-06,4.5402685e-06,1.5247527e-06,2.5327222e-06,1.6166368e-05,0.00031455277,1.4343412e-06,1.7261935e-05,1.9315474e-05,1.4397228e-05,0.0001058132,2.9608507e-06,3.2863053e-07,2.8420318e-06,2.1054497e-05,5.482593e-06,3.2277854e-05,4.6656974e-06,1.7545875e-05,0.00040503734,0.0033289602,0.00012872253,1.9075504e-05,1.9827298e-06,0.00014433237,0.00010810656,3.0355777e-06,1.5004686e-05,8.699299e-05,5.1433482e-05,0.0013508301,0.00013282847,1.7964458e-05,6.638702e-05,0.000111662564,8.6297205e-06,4.2681145e-06,0.0009518213,9.414681e-06,0.00013786717,3.939476e-06,5.17378e-06,2.090867e-05,4.495344e-06,0.0004658199,5.2137937e-05,0.00013564555,5.8695503e-05,4.9971954e-06,1.2387883e-05,0.0009082032,4.0747077e-06,4.8665805e-07,0.00075190014,2.0131441e-05,7.969525e-07,0.00032698832,3.3954873e-07,6.272962e-06,0.000102217564,0.00053003617,0.0006674481,0.0006179971,0.00017960074,4.444899e-05,5.1537527e-06,1.8030943e-06,4.274135e-06,0.0069614616,0.0146605205,0.032479223,1.22984775e-05,1.8064598e-05,1.3817888e-06,5.5117707e-05,4.412464e-06,5.5664937e-06,3.647892e-05,2.9875758e-07,9.3706944e-07,0.00010553126,0.00010579887,6.269786e-06,1.7153528e-05,0.00042636265,4.7116455e-07,6.732246e-05,2.4815379e-06,2.1610584e-05
BC2026_Train_0019_S22_20211104_200000_035,1.6039738e-05,0.00014582432,3.7950629e-06,0.51822335,6.0520865e-06,6.9159e-07,1.6509492e-06,3.2009088e-05,0.0011803934,0.82852995,0.9818542,6.1097984e-05,1.2921819e-05,1.9349451e-07,1.0152777e-06,0.014369803,0.0022870656,2.1051319e-07,0.008352732,0.00026283457,0.000264501,0.012336705,6.345011e-06,0.00012494838,3.4123535e-05,2.5224103e-06,7.303675e-06,0.00079088047,1.9992427e-05,0.01927148,0.0005838174,7.6950375e-05,0.0008815032,0.00022355402,0.00014106739,0.0001515025,1.3438468e-05,4.9557108e-05,0.00026086054,0.0002493856,0.0007747987,0.000200813,0.0001271149,7.786472e-05,8.6910324e-05,9.103692e-05,0.00015448088,7.457536e-05,4.3040804e-05,4.002501e-05,6.7651505e-05,6.931233e-05,5.3138585e-05,0.00061819673,0.00022333521,7.376707e-06,4.98237e-05,0.7233404,4.7140365e-05,1.3952389e-05,0.08896318,5.389107e-06,0.0011696613,0.9986504,0.0016656035,2.0285763e-06,0.00042067806,3.948265e-06,1.6517556e-06,0.00011991719,6.302965e-07,8.828438e-08,3.1321164e-05,2.2549293e-05,6.394916e-05,6.629952e-05,0.0020948818,0.0001563436,0.00010236836,0.00053102936,5.240197e-05,3.0542047e-05,0.0006264732,1.7596314e-05,4.3357144e-05,1.3356443e-05,5.9933636e-06,0.00017547215,0.00011850874,0.00020451627,0.00031505403,0.00036222365,5.6570975e-06,0.000115931725,0.00012427334,3.4190798e-05,1.0580708e-05,0.00016216683,0.00022043352,0.00025656892,8.290512e-05,2.8129264e-06,0.00016941316,0.7193547,0.0047099125,6.5519285e-05,7.29305e-07,4.5502497e-05,3.0543622e-05,1.7803516e-06,2.3345444e-06,0.0017735839,4.929697e-06,1.5691765e-05,0.00021040885,0.0005775884,6.1739855e-05,7.748929e-06,0.0036863536,0.00033331724,2.0342097e-06,4.3956687e-05,3.6284768e-05,0.00047405963,0.0022903364,0.000724187,7.963123e-05,2.8162518e-05,8.63732e-06,0.0011339491,0.00015107132,6.283579e-05,2.843446e-05,2.4942692e-05,0.00021031617,5.770314e-05,1.6608998e-05,0.00031321516,6.0042952e-05,0.010321799,4.590863e-05,8.619859e-06,2.4559658e-05,6.514653e-05,0.007922987,1.6111925e-07,1.0870768e-05,8.142969e-06,9.560816e-06,4.6685218e-05,0.0005897971,3.7201393e-05,7.012382e-05,3.7725313e-05,1.0468835e-05,0.00045775576,2.556375e-06,1.9572872e-07,8.213529e-06,1.8075145e-05,1.899429e-05,2.0631862e-05,2.7726495e-05,8.254311e-05,0.00038436847,0.0027258908,3.0935404e-05,7.972393e-05,4.489814e-05,0.00026207312,0.00030428413,4.5411638e-05,2.8022378e-06,0.00014239315,0.00013305906,0.0006909493,5.51614e-05,1.6657012e-05,0.00020666154,0.0004389365,2.3915502e-05,5.117832e-06,0.000662263,1.2419961e-05,0.00034882865,3.7339144e-06,2.1299871e-05,6.794075e-05,2.3098385e-06,0.0004487575,0.00043773543,0.00022271069,1.571102e-05,3.8043996e-05,4.3294593e-05,0.0036047983,1.1543724e-05,6.611551e-07,0.0006093261,2.6189367e-05,1.5032883e-06,2.0185289e-05,9.50995e-07,5.52371e-05,0.00027184704,0.00045947888,0.0013449526,0.00039192167,7.545746e-05,9.6404205e-05,9.396393e-06,1.7501256e-05,5.6632402e-06,0.001299269,0.019340418,0.016630372,7.9956435e-06,3.44722e-05,1.5872923e-06,7.245236e-05,4.0132345e-06,1.0161504e-05,3.930441e-05,1.240945e-06,1.2284063e-06,8.146819e-05,0.00018841424,5.165439e-06,0.00016401599,0.0002965463,1.9467334e-06,0.0001719497,7.53232e-06,4.929222e-05
BC2026_Train_0019_S22_20211104_200000_040,4.15254e-05,0.0005368192,0.00018101704,0.65725064,1.3572713e-05,2.3825469e-06,1.1509691e-05,0.0004980127,0.00060959015,0.84000057,0.98634094,6.654896e-05,4.9306465e-05,1.2505909e-06,1.8133916e-05,0.019345466,0.0027625626,1.199567e-06,0.0123953195,0.00057891523,0.00069995,0.0153329335,3.0256091e-05,0.0008123488,0.00011380767,1.9559711e-05,0.00023285061,0.0010564951,7.3863215e-05,0.078525946,0.0016847606,0.00028435496,0.0018540882,0.0018243031,0.0007777201,0.0007952114,4.1685733e-05,0.00030128803,0.0010241625,0.0012657348,0.004173438,0.0006499345,0.0012507954,0.00033521908,0.00029487838,0.0002548997,0.0007381601,0.00022616012,0.00019524865,0.0002742862,0.00035621732,0.00037750078,0.0002905581,0.0026092129,0.0012135278,5.190309e-05,0.00019659067,0.66003436,8.594007e-05,5.568798e-05,0.0712481,4.191054e-05,0.0010270928,0.97464716,0.030937506,2.9385508e-05,0.003330736,0.00011971394,1.4544771e-06,0.0022516458,1.28474e-06,2.0168018e-06,4.2362353e-05,0.00044412247,0.00013239803,0.00010229068,0.0021883713,0.0008819237,6.1607876e-05,0.0021472108,0.0001654982,0.0001670502,0.00067070354,1.1092458e-05,0.00011183337,3.999349e-05,9.449385e-06,0.00032801364,0.0003557013,0.001209728,0.00048290243,0.00028124516,3.1641037e-05,0.00054472627,0.00048924,0.00013943038,0.0003992346,0.00025084743,0.0016299792,0.000517614,0.0001535955,1.2395078e-05,0.00047608095,0.54992723,0.0035058816,0.00022951062,5.7853163e-06,0.00021633315,0.00013011467,8.810186e-06,4.4499607e-06,0.0020817777,1.3051251e-05,7.379725e-05,0.0022007255,0.0007292896,5.6265766e-05,2.8125669e-05,0.004264345,0.0012141065,7.1413897e-06,0.000320473,0.00016128784,0.0009399166,0.0058602,0.0009848756,0.0009569679,7.233962e-05,9.282929e-06,0.0007894574,0.00022430216,0.000519194,4.4538137e-05,4.883147e-05,0.00042517207,7.65512e-05,4.22722e-05,0.00089962553,0.0002593209,0.13470758,9.520352e-05,1.3754879e-05,4.947598e-05,0.0004591853,0.18947347,9.2828157e-07,2.292261e-05,7.5052136e-05,0.000109623295,0.00018826751,0.0013094335,3.608101e-05,0.00027602262,3.98042e-05,4.689914e-05,0.0022636177,4.386699e-05,5.553416e-07,9.0251815e-05,3.280403e-05,2.4199366e-05,6.817225e-05,3.933437e-05,0.00016501869,0.0022026908,0.0037611932,0.00022139822,0.00023841915,3.033968e-05,0.000659345,0.0005576648,5.7699828e-05,4.026217e-05,0.00033968253,0.00024705168,0.0004923163,0.00051128375,4.05197e-05,0.000363941,0.000344007,3.9503157e-05,1.6624113e-05,0.0026101712,0.000110649795,0.00084320374,8.326816e-06,5.530192e-05,9.088616e-05,1.133923e-05,0.00025150552,0.0012662804,0.001079986,5.6262437e-05,0.00029534262,0.00021592266,0.007567728,0.00011068249,1.6602285e-06,0.0026050603,7.365228e-05,5.501086e-06,0.00015943673,9.764588e-06,0.00014717206,0.00056524284,0.002274774,0.006195423,0.0021803332,0.00053021306,0.00021699234,2.3913792e-05,1.8201383e-05,3.2484877e-05,0.0023659393,0.049093224,0.00989129,5.1816103e-05,0.00011037664,3.83236e-06,0.00090519676,4.0430095e-06,2.5273892e-05,7.899765e-05,1.8306889e-06,1.6921915e-05,0.00019057916,0.0003865125,4.9716145e-05,0.0008168903,0.0004835136,1.5784006e-05,0.00073262485,3.5763318e-05,0.0001515155
BC2026_Train_0019_S22_20211104_200000_045,2.987465e-05,7.788448e-05,1.167621e-05,0.7525439,1.3313535e-05,3.6422216e-07,1.0946844e-06,0.00025484042,0.0010704324,0.99301434,0.9907811,1.652441e-05,2.3009716e-06,7.783213e-08,6.0015195e-06,0.07292656,0.0019454717,7.9861046e-08,0.03288489,2.9128574e-05,0.0002490197,0.009106733,5.6619547e-06,8.9172034e-05,3.2515218e-05,2.5456214e-07,1.7601635e-05,0.00013522801,1.4953318e-05,0.004965163,0.00057866675,3.498056e-05,0.00047650203,0.00035058564,8.670702e-05,8.4230174e-05,8.15976e-06,4.1755877e-05,0.00038525072,0.0002288036,0.0008337748,0.0002534191,0.000103230195,2.9764711e-05,4.640416e-05,5.1626754e-05,0.00011866775,2.2264097e-05,2.8285658e-05,3.5861573e-05,5.9611753e-05,6.515131e-05,4.217544e-05,0.0005161999,0.00025239575,4.8009415e-06,2.607202e-05,0.8491005,1.0564516e-05,1.4386235e-05,0.010345978,7.474046e-06,0.000483172,0.99817216,0.003490549,1.4065597e-06,0.0009542025,2.7100868e-06,1.003727e-06,0.00020471976,3.880672e-07,1.3488736e-07,1.0461111e-05,1.5526859e-05,6.439429e-05,3.364916e-06,0.00045375264,0.00018161141,3.308881e-05,0.00034645863,3.2897515e-05,1.436052e-05,0.00021993765,1.2753927e-06,5.28389e-06,8.903188e-06,6.547805e-07,7.6727185e-05,0.00013732478,0.00015145873,6.0546747e-05,0.00028746048,3.1461325e-06,2.371546e-05,6.507109e-05,1.5290092e-05,2.3159653e-05,7.3963376e-05,4.7828147e-05,8.145701e-05,1.3930067e-05,2.1560538e-06,0.00018905774,0.40551874,0.010315888,1.6366806e-05,8.11452e-07,3.8631584e-05,7.027793e-05,3.7719271e-06,8.7585636e-07,0.001671074,2.5185932e-06,2.1586033e-05,9.9371005e-05,0.00012771387,1.7571898e-05,1.1111017e-06,0.0005245201,0.0001797532,2.010526e-06,3.7392358e-05,8.984454e-05,0.0002704838,0.0013027788,0.0012298485,6.578078e-05,2.2803759e-05,9.70036e-06,0.00021529729,5.8092046e-05,0.0005524895,8.593872e-06,1.3206062e-05,5.4412358e-05,1.018038e-05,4.641089e-05,7.510641e-05,0.00017456015,0.00667677,5.7900244e-05,1.6165211e-05,3.2361506e-05,2.6689775e-05,0.0016732949,9.0364885e-08,3.585617e-05,8.2586375e-06,2.2675074e-06,2.1921627e-05,0.001345342,2.0592392e-05,1.861024e-05,4.996501e-05,8.690249e-06,0.00047637828,4.040277e-06,8.830223e-08,2.8892384e-06,1.0741303e-05,7.3547276e-06,5.086807e-06,1.3978386e-05,1.9281977e-05,0.00026272883,0.0033706226,1.8786632e-05,1.667847e-05,1.1464634e-05,0.00049858174,0.00033257922,1.7954591e-05,4.393925e-06,5.1587675e-05,0.00011457937,0.00041657191,0.000110242734,1.0038591e-05,7.6920514e-05,0.0002265499,2.7212747e-05,4.777635e-06,0.00029112765,8.661985e-06,8.603067e-05,6.3930675e-06,7.0490087e-06,3.5434394e-05,1.0805009e-06,0.00025605256,0.0014464847,0.00060661143,1.5045971e-05,3.1427797e-05,6.922803e-06,0.0024766957,9.380124e-06,1.1521599e-06,0.0011115982,8.2870654e-05,1.3944497e-06,8.481525e-05,3.538133e-07,4.1701474e-05,0.00037994504,0.00025302728,0.0003124001,0.00012248347,3.1077932e-05,7.102204e-05,1.3587403e-06,1.4787264e-06,6.4493192e-06,0.0014493818,0.028883688,0.04728886,7.24424e-06,2.5086925e-05,1.3048983e-06,6.371037e-05,2.3473458e-06,1.3856348e-05,1.9016401e-05,5.698992e-07,1.2785565e-06,6.98033e-05,0.00011410226,1.7011158e-06,7.401933e-05,0.0001804377,1.1391768e-06,7.752724e-05,4.098094e-06,0.00010890927
BC2026_Train_0019_S22_20211104_200000_050,0.00019658056,0.0124046225,0.0009729276,0.41654608,5.8534293e-05,9.8525394e-05,0.0013973349,0.0012404947,0.0018120117,0.96033186,0.9798369,0.00071284495,0.00038643568,6.789047e-06,1.8435663e-05,0.012012109,0.00045924436,6.7128967e-06,0.060593564,0.0090894215,0.00021297706,0.023497004,6.7319954e-05,0.014905832,0.00083319424,0.00015814324,0.0088319555,0.0028563899,0.013732255,0.9597012,0.02787027,0.006908547,0.03719228,0.016430821,0.008372619,0.0150495265,0.00079390005,0.011310128,0.0123818545,0.009019661,0.14517526,0.0076452303,0.016890602,0.010590086,0.0021127658,0.0015643948,0.007853228,0.006355655,0.007716514,0.010949347,0.0025341795,0.0017005685,0.0023474223,0.072813146,0.027847445,0.004330799,0.0035232976,0.69266605,0.0064830277,0.00018402639,0.8626998,5.6017994e-05,0.0011760393,0.019003622,0.109030806,0.0035129753,0.01654838,0.003122179,8.77153e-06,0.04512553,1.0627073e-05,4.404657e-05,5.3072396e-05,0.00067235506,0.005417979,0.000488806,0.0016668926,0.00035583935,3.9560233e-05,0.0016420267,0.0017644983,0.0004977695,0.0051809214,7.406374e-05,0.00042085673,3.2776265e-05,2.3965162e-05,0.0027168076,0.0009840478,0.0010814113,0.0016060034,7.324227e-05,0.00033865095,0.0073589534,0.00012452494,0.00028325018,0.00075354596,0.014229714,0.0067586564,0.0066595622,0.00027416568,1.9158071e-05,0.00051243004,0.844836,0.0024034302,0.0030208502,2.2646505e-05,8.4667765e-05,0.0002979363,0.0002142194,7.145478e-05,0.005415127,1.6003281e-05,0.00012954087,0.00047047288,0.0013606579,0.00028578864,0.00028018397,0.009223878,0.0020754149,0.00011008506,0.000515502,0.00038214217,0.0011207012,0.03971502,6.868875e-05,0.005834468,0.00012464053,3.0240284e-05,0.00097252545,0.00034661227,0.0002927386,0.0002700612,0.0002863789,0.00012813251,1.6561025e-05,0.00063825306,0.0029711414,1.592228e-05,0.9020067,0.00037508924,5.459219e-05,1.8423903e-05,0.00069553626,0.931687,1.5227693e-05,7.2432317e-06,0.00032194413,0.005935144,0.0004478406,0.00011188031,1.5348456e-05,0.00068241183,5.5776574e-05,0.0014225215,0.0002865359,0.00015478226,1.5504147e-05,0.00017525327,4.9237813e-05,0.00028494195,0.0002758253,0.00013587209,0.000111156136,0.0023367573,0.005653214,0.00014022115,0.0005085444,1.530093e-05,0.0044332007,0.0030610133,0.00036277712,0.0002139675,3.513914e-05,0.0007727201,0.0010023029,9.952462e-05,2.6589378e-05,0.0001342147,0.003423184,2.931984e-05,3.3687393e-05,0.0019062309,0.00062594004,0.007092855,2.6424514e-05,0.00012454571,0.00034794252,4.664334e-05,0.0004787315,5.049228e-05,0.003074316,4.8693128e-05,0.002861425,0.0009713613,0.0051451386,0.000651285,2.4624433e-05,0.0033787873,1.0542614e-05,4.1898515e-05,0.00021744966,6.002876e-05,0.0016505851,0.00036099143,0.0062235896,0.15567693,0.007200698,0.00014919243,0.00024596934,0.00034365052,0.00026730946,3.9851373e-05,0.0009304278,0.020875257,0.001797982,0.00016841218,0.00034305363,3.1710908e-05,0.0027311004,2.2342551e-06,5.7770252e-05,7.9171856e-05,4.149043e-06,0.00019928267,0.0010414653,0.00032290255,0.00018384293,0.0017860178,0.00059271586,6.55641e-05,0.0061599943,0.00031974757,0.00047597068
BC2026_Train_0019_S22_20211104_200000_055,0.00014744287,0.014186183,0.0014692799,0.60773915,0.000104225655,6.245394e-05,0.00097411947,0.0014426578,0.0024585181,0.98613274,0.9872047,0.0006458166,0.00046057056,7.4413724e-06,7.501965e-05,0.022904158,0.0004164546,6.925147e-06,0.040614806,0.0007211901,0.0004808364,0.010393355,4.503622e-05,0.01330457,0.001177284,0.00021799126,0.011492564,0.0006375779,0.024960754,0.89454955,0.030078553,0.0054428307,0.03579116,0.03349817,0.006119892,0.019021008,0.001151958,0.00979676,0.021100648,0.0072138268,0.2041551,0.011686282,0.014062352,0.009686194,0.0027026471,0.0023188463,0.010889582,0.010642781,0.0071300752,0.010954228,0.0019719163,0.0015238565,0.0018051381,0.08928895,0.025134113,0.0023429394,0.0028549605,0.46264854,0.005761232,0.00020066217,0.1557182,0.00014247776,0.0013040339,0.004952089,0.03683074,0.0014576432,0.013754398,0.0010415929,3.874411e-06,0.13960849,5.0131853e-06,0.00015344369,5.9888498e-05,0.00059589645,0.010453345,0.00018145735,0.00078078854,0.00062921236,3.1949345e-05,0.0014014957,0.0023902082,0.00029763792,0.0013918821,0.000117164214,0.0005587376,2.8259183e-05,1.100151e-05,0.0030613933,0.0021019662,0.0009158157,0.0024270099,0.00012700682,0.0002943531,0.0048296712,0.0004989619,0.0017778169,0.0013267619,0.006812941,0.01562652,0.0066430103,0.00028247377,5.3044714e-05,0.0007535341,0.8271007,0.0024755793,0.003387812,3.5114954e-05,0.0002136621,0.0012345274,0.00022626152,8.120215e-05,0.012910272,1.5701644e-05,7.530772e-05,0.00060601276,0.0017258,0.0003508852,0.00039270797,0.007309539,0.0037983186,4.3374057e-05,0.00030479775,0.00019911343,0.002751687,0.0040401565,4.680209e-05,0.008737302,5.996868e-05,1.0543469e-05,0.0009791623,0.000468898,0.000834347,0.000116151714,0.00018766246,0.00012016604,3.1309544e-05,0.0017682473,0.0027665023,3.2733908e-05,0.9252443,0.00054241315,0.00015128237,2.0116473e-05,0.0015583305,0.94477916,5.788523e-05,1.4347312e-05,0.0015057966,0.009047048,0.0008195521,0.00029297904,1.6481083e-05,0.0002818174,4.3788667e-05,0.003911168,0.0002668908,0.00028784032,1.3608951e-05,0.00029177926,3.4914938e-05,0.00013306312,0.0004470236,5.5175133e-05,8.5752596e-05,0.0010595305,0.0019135561,0.00018052355,0.0006057947,2.8472757e-06,0.005143597,0.0012558952,0.000120581666,0.0006724121,2.0007437e-05,0.0005715262,0.0023845704,9.159831e-05,2.2041702e-05,0.0002403095,0.0034094623,3.4493343e-05,2.2495233e-05,0.001486236,0.0002591953,0.0026366687,6.175116e-05,4.2943426e-05,0.0003154462,4.616304e-05,0.00056649843,8.645289e-05,0.0074181943,5.8914324e-05,0.0029496017,0.0009835744,0.012689802,0.0005995693,1.0893101e-05,0.0046028295,1.6865994e-05,3.0226012e-05,0.0014455471,6.564405e-05,0.001690729,0.00022852172,0.007507209,0.08764533,0.0046274005,0.00010201657,0.00033269846,0.00022797831,0.00015068575,9.7720345e-05,0.003972938,0.0077561713,0.0026687612,0.00013466402,0.00047005105,2.4128045e-05,0.0035879503,1.9752658e-06,2.2884693e-05,0.00017728253,3.8199178e-06,0.00026496238,0.0010733543,0.00011451285,0.00045867477,0.0030363337,0.00074745325,3.7507496e-05,0.009997455,0.0002918029,0.0003459418
BC2026_Train_0020_S22_20211104_231500_000,8.783154e-05,0.00022717156,2.211055e-06,0.29777995,2.8422073e-05,9.102047e-07,3.7232196e-05,0.00014247694,0.00019784266,0.50135124,0.8892393,0.00023726601,2.558988e-05,2.3387064e-07,8.252811e-06,0.0002572462,3.656931e-05,2.123768e-07,0.0027702556,0.0008865348,0.000121562174,0.00397015,2.8705845e-06,0.00021293058,3.901894e-05,7.607352e-07,0.00011984769,2.687241e-05,5.512151e-06,0.00040123868,0.00069087156,7.451259e-05,0.0016283225,0.00081538426,0.000223113,0.0002342582,0.00032928045,0.00014324908,0.00041588332,0.00074462016,0.00138467,0.00045204733,0.00023133236,8.690949e-05,3.955902e-05,6.959905e-05,0.00017325065,0.00010156687,7.84082e-05,0.00010184531,8.452724e-05,8.432854e-05,6.338332e-05,0.0011016028,0.00039051025,7.522866e-06,0.00040787298,0.5712943,1.162998e-05,1.1845872e-05,0.011726936,1.6380734e-05,0.0008135193,0.9213483,0.003824725,1.0331351e-05,0.00053469924,3.772902e-06,3.6922293e-07,0.00042379164,1.0206979e-06,2.2300337e-06,0.00013247518,4.8419424e-05,0.0001593609,2.1280299e-05,0.00018712695,0.00037316576,0.000166057,0.0003355666,2.4354784e-05,1.0175856e-05,9.587194e-05,1.1270394e-05,2.1194423e-05,7.99749e-05,2.48288e-06,0.00072795124,0.00019197528,2.6798425e-05,0.00070448854,0.00019511019,6.1796322e-06,6.372818e-05,0.00027556956,0.0001528307,5.4607346e-05,0.0008129157,6.98801e-05,9.686006e-05,0.00054301374,3.4662808e-06,0.0002550137,0.65145177,0.0018488931,0.00019402547,5.1118855e-06,0.00063247373,2.823141e-05,3.9327504e-05,2.6184177e-06,0.0009919178,0.00016421317,0.0011356582,2.445169e-05,0.0015044214,8.986922e-05,6.8959016e-05,0.0004928549,2.3422233e-05,1.5130386e-06,9.921118e-05,0.00021815406,0.00019992061,0.0052824286,0.00024089492,6.895869e-05,2.3109505e-05,4.9297858e-05,0.0001659962,1.2765104e-05,5.837481e-05,2.5350413e-05,2.874936e-05,0.00054749154,0.00011480894,4.3787622e-05,0.00014135081,5.0716877e-05,0.015973207,3.719284e-05,3.3218566e-05,5.9358044e-06,0.00020779413,0.00079360657,9.112894e-06,2.7746542e-05,5.8171103e-05,6.911603e-05,6.3974054e-05,2.4349396e-05,2.917898e-05,3.341285e-05,3.6539015e-05,0.000106522675,0.00026204737,0.00042212362,6.8041813e-06,1.1929503e-05,2.1564572e-05,5.789307e-05,0.00024162712,1.3963918e-05,3.491267e-05,0.0014194287,0.0018565456,0.00033257512,5.37716e-05,3.0375755e-05,0.00046937834,3.018943e-05,2.01763e-05,0.00022055166,0.0007202129,0.00034307782,0.00019007213,0.0007932059,2.7242502e-05,7.835191e-05,3.4492423e-05,0.00018587717,5.0283306e-05,0.00081970706,6.2127474e-06,0.0010238284,4.859517e-06,9.771633e-05,0.0001524078,2.0622912e-05,0.0010992079,0.00032272958,8.450693e-05,0.00057968573,2.0774329e-05,2.0043608e-05,0.00012785484,0.000118989075,5.137564e-05,0.0008192288,3.2177082e-05,6.253904e-05,4.112046e-05,1.9703307e-06,0.00011592995,0.000155515,0.00042707578,0.00021805361,0.00013164169,0.0005919368,0.0002119763,2.396356e-05,1.8172504e-05,0.00020047456,0.00016496569,0.027050383,0.08642562,6.898993e-05,2.2272166e-05,5.6900544e-06,8.814792e-06,4.053538e-06,8.779059e-05,6.967602e-05,7.052895e-06,5.8978116e-05,0.0015133279,0.00071484677,3.535864e-06,2.2815528e-05,0.00065963063,1.2627992e-05,0.0001917201,1.0863088e-05,0.00028491832
BC2026_Train_0020_S22_20211104_231500_005,2.9477207e-05,8.4631036e-05,4.0625823e-06,0.5326898,1.8981704e-05,9.218644e-07,5.446307e-06,0.0005744039,0.00060701655,0.7740592,0.99523675,1.9133113e-05,7.462529e-05,2.431364e-07,4.964344e-06,0.0061812536,4.9265618e-05,2.1145847e-07,0.017508598,0.00028300294,4.2119733e-05,0.003926615,1.9563813e-06,0.0001926778,1.418023e-05,1.2441832e-07,6.485916e-05,3.4135577e-05,2.0432742e-06,0.00086283294,0.00037974623,4.6641562e-05,0.000896352,0.00043068107,0.00019962271,9.678047e-05,4.7568472e-05,6.387742e-05,0.00029469683,0.00036196684,0.0010916064,0.0002022241,0.00019811091,3.4021217e-05,3.5566358e-05,4.543096e-05,0.00010646836,3.379467e-05,3.643421e-05,5.1652507e-05,7.365438e-05,7.034759e-05,5.6434714e-05,0.0006663869,0.00016330408,1.0935348e-05,0.00010045742,0.8615129,4.672243e-06,1.2939601e-05,0.07091298,1.9500168e-05,0.0004154318,0.9752377,0.012323675,4.432075e-06,0.0007362093,8.814244e-07,3.9796655e-07,0.00054622075,1.3431385e-06,1.3562378e-06,2.8469083e-05,7.875162e-05,4.3183136e-05,1.1292307e-05,0.00044092958,0.0014827133,3.548593e-05,0.00018804792,3.3780558e-05,1.7300135e-05,0.00015356253,8.740123e-07,7.449126e-06,5.761763e-05,6.792913e-06,0.0011158735,0.00018013516,1.4279524e-05,8.3761195e-05,0.00021609318,1.5203434e-05,1.874658e-05,8.27003e-05,9.8498625e-05,0.00058118167,0.00010985142,0.00013036418,0.00037126648,5.4294436e-05,1.1294203e-05,0.0010228076,0.21769272,0.0039824797,4.2174514e-05,2.2345873e-06,3.8143095e-05,5.0605082e-05,1.710524e-05,4.481946e-06,0.0013415994,0.00011690663,0.0003939908,9.9247234e-05,0.00037570248,1.4209213e-05,4.5966494e-06,0.0004285184,6.0886043e-05,2.3917785e-06,0.0001171231,0.00015558084,0.00021660764,0.004664255,0.00025468445,5.0824165e-05,3.7329828e-05,1.2492125e-05,6.16459e-05,3.174946e-05,0.0003780325,1.5803436e-05,1.838906e-05,0.00012676568,0.00012950457,1.4097669e-05,0.000301019,0.0014909549,0.06599919,0.00030446434,1.2612935e-05,0.00010056209,5.3004518e-05,0.002998641,5.311665e-07,6.2029314e-05,0.000113499336,8.600041e-05,1.5277863e-05,2.8763647e-05,2.8357123e-05,0.0001012832,1.8695893e-05,5.58373e-05,0.00031527513,0.0005842789,4.0654828e-07,4.6900104e-06,3.3639149e-06,4.4555636e-05,4.3036904e-05,4.99567e-06,0.0001450415,0.0016481839,0.01611517,0.00096779154,1.6775473e-05,6.3827734e-05,0.0010267108,5.0952134e-05,4.6271293e-06,5.4027572e-05,0.0001323127,0.00012337657,0.00019873543,0.0004915902,7.539747e-05,2.512619e-05,3.290181e-05,0.00012691735,3.769025e-05,0.00036366167,2.9220302e-05,0.0024264788,6.103825e-06,6.29797e-06,2.2628505e-05,6.4643623e-06,0.00027569252,0.0009490092,0.00033688903,0.00016151315,5.8117315e-05,1.3958792e-05,0.00011028815,4.7614125e-05,7.436967e-06,0.00054442964,3.104348e-05,2.7623433e-05,0.00020062312,2.4270992e-07,0.00014374233,0.00059280405,0.0014166469,0.00033059902,0.000369572,0.00035929278,0.00019691221,5.5939695e-06,8.0646505e-06,3.1722524e-05,6.762139e-05,0.19680102,0.124709584,0.00015550254,3.679869e-05,2.4132325e-05,1.3376571e-05,5.145875e-06,4.275338e-05,7.3676514e-05,2.0641583e-06,5.6923764e-05,0.00044754805,0.0004007486,4.3945747e-06,1.988604e-06,9.829857e-05,1.863155e-05,0.0007767529,3.5818584e-06,6.306113e-05
BC2026_Train_0020_S22_20211104_231500_010,6.583727e-05,0.00056363776,1.6697823e-05,0.50536364,0.00026822265,3.659149e-06,8.939884e-06,0.0013667359,0.0029661704,0.45108297,0.83656794,0.00014206074,7.1408664e-05,3.0588023e-06,7.09256e-05,0.0056356946,0.00019371252,2.723326e-06,0.017114,0.0016134921,0.00066063635,0.0060397023,2.981309e-05,0.0013015864,0.0003287732,1.8268258e-06,0.00052714464,5.606818e-05,1.3985653e-05,0.0020325196,0.0029209654,0.0002798228,0.0038986541,0.0026185764,0.0013269015,0.0006756049,0.00014518584,0.0002624334,0.0022317139,0.0023786,0.0048714355,0.0024752344,0.0013416206,0.000264225,0.00018795757,0.00019474422,0.0004713588,0.00019533338,0.00022012206,0.00024999815,0.00054386037,0.00041931678,0.00049071474,0.0044449894,0.0010443999,4.5177916e-05,0.001120807,0.89571506,4.0248036e-05,0.00010635571,0.043460127,7.524117e-05,0.004963408,0.9559054,0.015868787,0.00015972067,0.005487812,1.0482722e-05,1.4593369e-05,0.00091873226,1.2429038e-05,1.7157208e-05,0.00032142858,0.00046834658,0.00030298726,5.5989854e-05,0.0010253956,0.0015779787,0.00021585842,0.00059969217,0.00037454878,4.198811e-05,0.0006715556,2.9423001e-05,7.354251e-05,0.00013125325,1.2625523e-05,0.0011570437,0.0013688176,7.601885e-05,0.00069182826,0.00055109285,5.4071636e-05,4.257603e-05,0.002833998,0.0005099971,0.00031694715,9.56805e-05,0.0025289527,0.0021106326,0.0002362009,3.834924e-05,0.00078903616,0.064025015,0.0084898295,0.00020370299,2.4408191e-05,0.00029759223,0.00028305178,0.00017366878,3.1721345e-05,0.0029993868,0.0002043237,0.0010989938,0.00032794895,0.0012814233,0.00015397822,2.6854019e-05,0.002614578,0.00016393125,8.202046e-06,0.0003626047,0.00024385726,0.0015453596,0.0031894296,0.0005712267,0.00017184479,8.774976e-05,4.879102e-05,0.00012651498,9.9527955e-05,0.0002671986,7.766354e-05,0.00028253623,0.0015222578,0.00045741972,5.123141e-05,0.0003101406,0.00089515676,0.008312401,0.0006049463,2.278187e-05,0.0005679798,0.00023707967,0.0008538398,0.00019126819,0.0002962264,0.00012557977,9.134414e-05,0.00062634575,0.0002161552,0.00012815108,0.00045840506,0.000105932435,0.00029022145,0.00082478975,0.00056723,1.5587197e-05,2.0124302e-05,5.69941e-05,0.00019665553,0.0005244214,2.9285053e-05,0.00015737832,0.005057111,0.01641113,0.00073595357,0.00042257874,0.0004167159,0.0013610097,0.00024742814,6.002309e-05,0.00020377836,0.0009334004,0.00053782767,9.227785e-05,0.0005107545,0.0003124615,0.00018444183,0.00024702578,0.0009345271,0.00020996435,0.0015533948,0.0003787778,0.004424472,5.0181374e-05,3.2628905e-05,9.744397e-05,6.309801e-05,0.00018487108,0.0034338164,0.00070071715,0.0010236503,0.00011906616,0.0001564031,0.00054362044,0.000119688935,3.856242e-05,0.004328517,7.74594e-05,0.00022321686,0.00024644565,4.0839436e-06,0.000100388475,0.00046258923,0.0022974394,0.0020183204,0.0005666694,0.00089947507,0.0004985532,4.3459975e-05,4.1282416e-05,0.00025580538,0.002276202,0.52543277,0.19647935,0.00072577543,0.0011596627,0.00011360264,0.00012287231,0.00023613311,0.0004252829,0.00043184718,1.6396583e-05,0.00031703088,0.0003577005,0.00082314713,3.951762e-05,1.5453765e-05,0.0010789694,3.84535e-05,0.0018409324,5.2944e-05,0.0003993958
BC2026_Train_0020_S22_20211104_231500_015,1.5089087e-06,8.911479e-06,4.5328954e-07,0.14570901,2.9118044e-06,2.5053206e-08,2.4699023e-07,0.00014741714,0.0008368041,0.34706154,0.9263414,4.6733737e-07,4.645079e-06,6.050227e-09,3.1132474e-06,0.00017705972,1.6670189e-06,3.915256e-09,0.010583793,3.8461094e-05,1.3352241e-05,0.002969828,2.0842765e-07,1.6460537e-05,6.3250613e-06,9.168535e-09,1.858635e-05,6.137552e-07,1.05460224e-07,1.3654649e-05,0.0001115472,5.9991107e-06,0.00025281528,5.1538696e-05,1.7769602e-05,1.7873768e-05,2.754873e-06,6.116743e-06,6.950865e-05,6.0600636e-05,0.00018346067,9.131645e-05,1.6522912e-05,5.98406e-06,1.2863511e-06,1.5815398e-06,9.547293e-06,2.5581355e-06,2.7600483e-06,3.6940014e-06,8.876973e-06,6.0157363e-06,6.7324704e-06,0.000121046745,1.731849e-05,6.093148e-07,1.9036559e-05,0.9687311,2.7856885e-07,1.6748174e-06,0.020823784,1.129631e-07,7.4199175e-05,0.93042064,0.002887533,4.3909867e-07,0.0002804622,1.3150321e-07,6.0929124e-09,2.3653098e-05,1.08388654e-07,3.8225053e-07,5.032394e-06,9.861431e-05,1.8397654e-06,4.862034e-07,5.1835425e-05,0.00024241305,3.336642e-06,8.35182e-06,5.8320375e-06,1.4375306e-06,1.596406e-05,1.6350488e-07,2.8831695e-07,4.6697483e-06,2.250511e-07,0.00023681603,6.878209e-05,9.648248e-07,6.3825228e-06,2.575496e-06,2.512035e-06,1.8599594e-06,2.0466252e-05,9.23744e-06,3.0662723e-05,7.840868e-06,1.3374644e-05,3.152722e-05,2.409112e-05,6.490929e-07,0.000119028926,0.0029742266,8.379475e-05,1.5927542e-06,3.6858648e-07,8.818414e-07,1.891725e-06,7.675257e-06,2.7298083e-07,0.00014251663,5.3808135e-06,9.825528e-05,3.2185208e-06,7.731531e-06,2.2944832e-06,4.3537707e-08,0.000619722,9.760927e-07,9.262701e-08,6.865308e-06,1.02856775e-05,6.052891e-05,4.5544173e-05,5.5939113e-06,2.4146857e-06,2.327149e-06,1.0003365e-05,1.0462258e-05,6.226469e-07,4.2521315e-06,8.785944e-07,1.9900915e-06,8.926628e-06,1.5993974e-05,9.874158e-07,9.078457e-06,0.00015705872,0.001079397,1.0740924e-05,1.285995e-07,1.1784211e-06,4.9653763e-06,5.195303e-06,9.314753e-08,1.3487953e-06,2.2006086e-06,4.29958e-06,3.2712976e-06,1.146374e-06,1.6535334e-06,1.9664429e-05,3.3290857e-07,1.4673142e-06,1.8488518e-05,0.00017572916,2.0812453e-07,8.584558e-08,2.9896793e-07,3.6426459e-06,3.300851e-05,2.7043527e-07,2.2403991e-07,0.00026955496,0.026157008,2.358503e-05,4.8033276e-06,1.294119e-06,0.00015409573,2.5004879e-06,9.608058e-07,3.5724804e-06,5.80873e-06,5.7242505e-06,2.5873743e-07,0.0004941709,4.9783253e-06,2.3741065e-07,5.513732e-07,3.4182354e-05,5.7571106e-06,0.00011306272,5.218821e-06,0.00023099822,1.7800086e-06,4.762354e-06,2.1429894e-06,2.3179482e-06,2.728905e-06,0.00020301483,3.344345e-05,6.3323874e-05,4.4101293e-06,1.1657646e-06,6.682863e-06,6.5134727e-06,8.409953e-07,8.1220904e-05,1.8302173e-06,4.6828595e-06,6.6448906e-06,5.364397e-09,1.5577598e-05,2.6511036e-05,1.3922737e-05,2.3909208e-05,2.9293853e-06,0.00013185489,9.048076e-06,2.406127e-07,5.28094e-07,2.2342274e-06,4.015442e-05,0.008039155,0.03386499,5.0674236e-05,1.171021e-05,5.091637e-07,5.047665e-07,3.3740056e-07,3.8166712e-05,1.9249788e-05,1.0991969e-07,2.0375346e-05,3.2540127e-05,2.8085651e-05,3.312225e-07,1.493848e-08,4.6621015e-05,2.590332e-06,1.544961e-05,3.7529706e-08,9.363162e-06
BC2026_Train_0020_S22_20211104_231500_020,2.1305397e-05,5.4206906e-05,4.4592257e-06,0.057232976,1.1619881e-05,8.4071885e-08,5.8795333e-05,0.00048082517,4.9418682e-05,0.02480534,0.23980837,3.7612408e-05,0.000104966224,2.5715713e-07,1.5901921e-06,0.000114315924,1.6062403e-06,1.6381078e-07,0.008909451,0.0006406347,1.4640178e-05,0.00010753326,2.4381345e-05,0.000114509254,1.966368e-05,3.0260486e-07,0.0001044053,1.2936985e-05,4.1498674e-07,0.00029972635,0.0002615412,4.6029974e-05,0.00023807182,0.0002688945,0.00013969307,0.000143103,1.3290282e-05,1.8033392e-05,0.00011473868,0.0004407119,0.00040635883,0.000100428595,0.00010576266,5.8511752e-05,7.612145e-06,7.97252e-06,2.1428492e-05,9.550928e-06,1.5740234e-05,1.4131253e-05,4.24323e-05,4.6179903e-05,4.5020977e-05,0.00023274253,0.00013201742,2.6407165e-06,0.00040631273,0.30516943,2.5445418e-06,1.7642404e-05,0.08032948,7.2284774e-06,0.00015018342,0.14946142,0.0019307331,0.00021665619,0.0040472373,1.8282327e-07,2.0691782e-06,9.817727e-05,1.4455193e-06,2.0303512e-06,1.2424724e-05,7.3982985e-05,7.8358724e-05,0.00017996744,0.00017799887,0.0006015197,3.1947395e-05,0.00015374421,0.00057723146,1.5669129e-06,7.489442e-05,3.6495345e-05,1.0396256e-05,4.9079976e-05,5.9369427e-06,0.00038620256,0.00089968805,2.1253241e-05,0.00039535237,0.0004878434,5.432427e-05,1.4038033e-05,0.00038245157,0.000104312356,8.0015176e-05,7.4936004e-05,0.00010424494,0.00039616524,3.7975777e-05,4.975032e-07,0.0002712107,0.004583518,0.0045929737,0.00023780392,3.3390359e-06,1.4326037e-05,0.00013282354,0.00028399003,5.811589e-06,0.000778245,2.0761516e-05,7.2432806e-05,5.0862345e-06,4.2953998e-05,2.625571e-05,9.674504e-05,0.00037062747,1.01632195e-05,5.879527e-06,8.186778e-05,0.000109439265,0.0010242058,0.0013303314,8.448044e-06,7.418369e-05,0.000115338604,7.4469735e-06,0.00017134217,4.5429784e-05,0.00039345384,8.529808e-06,1.4754536e-05,0.00012351252,7.0850924e-06,2.5918494e-05,3.124458e-05,0.0004375809,0.0012839192,0.00015566172,4.000624e-06,1.8250763e-05,2.5382922e-05,0.00017522686,3.3142776e-06,0.0003690657,1.1923692e-05,7.1693874e-05,0.00041066975,0.00016457008,8.286139e-06,2.1157894e-05,3.4850906e-05,1.9874511e-05,0.00031986527,0.00026875996,2.0161372e-07,5.2326515e-05,9.40143e-06,2.4491737e-05,8.114023e-05,7.4373784e-06,4.336715e-05,0.0014857401,0.0074497373,0.0001864514,0.00010454508,8.995636e-06,0.00050702,0.00078467495,3.1578165e-06,5.248919e-05,0.0006385728,0.00031210957,4.7425925e-05,2.9622193e-05,1.5140131e-05,3.6647543e-05,8.302348e-05,0.00020460892,8.882394e-06,0.000348167,0.0004071673,0.00040275103,3.307288e-05,8.722688e-06,1.3970443e-05,0.00014409887,0.00013083665,0.00080659223,8.6312604e-05,0.00023822807,5.1138813e-05,6.357334e-05,7.93768e-05,6.184038e-05,7.933653e-05,0.00057416636,6.422467e-06,2.9174247e-05,3.6802725e-05,5.516977e-07,0.00024602094,8.537214e-05,0.00020093595,0.00041320166,0.00049687305,0.00014242071,0.0001417556,7.525427e-06,0.00010727415,4.0774208e-05,7.073863e-05,0.98510647,0.005326614,0.000113991766,0.00134669,7.539049e-05,8.121137e-05,8.2684965e-06,0.0012002438,2.6349346e-05,2.655865e-06,0.00022138724,0.00013192833,7.703745e-05,1.6082455e-05,2.0907814e-06,0.00010858987,8.8530214e-07,0.00021488343,2.860232e-05,8.621825e-05
BC2026_Train_0020_S22_20211104_231500_025,2.3148083e-05,0.00020276316,4.0042687e-05,0.4299053,0.00014352253,6.69659e-07,1.1533567e-05,0.00031209024,0.0022228041,0.53814435,0.83697116,8.845065e-05,0.00034085818,5.769613e-07,3.0332882e-05,0.0006052269,8.076999e-05,3.9924117e-07,0.014606655,0.00033981973,0.00019203754,0.012066278,4.359727e-06,0.0003479291,7.064668e-05,5.153223e-07,0.00026346304,3.2534543e-05,2.0278605e-06,0.00021273413,0.0018343864,0.00011274554,0.0022352196,0.0009242512,0.0004629834,0.000243692,6.450861e-05,0.000102797494,0.0009878422,0.0006926539,0.0019771943,0.0011890578,0.000663889,0.000100639314,5.0770734e-05,5.2318086e-05,0.00030871603,9.550404e-05,8.0896556e-05,8.9331275e-05,0.00035100384,0.0003215668,0.00035477494,0.0017038016,0.00035122593,1.8671093e-05,0.0007970534,0.89514595,8.3164276e-05,4.167015e-05,0.02188558,1.3433113e-05,0.0012179124,0.88193756,0.012296888,4.2405558e-05,0.0026725854,6.967557e-07,5.998945e-07,0.00039091214,1.3914666e-05,1.3293045e-05,0.00010517903,0.0010378486,1.18905455e-05,7.392128e-05,0.000119676944,0.001824434,6.015173e-05,7.877415e-05,8.4509105e-05,4.9059654e-06,0.0001380927,4.8440766e-06,1.0339266e-05,0.00012221537,8.882706e-06,0.0017936929,0.00029833452,2.3273567e-05,9.5092095e-05,0.0001459455,1.2571027e-05,2.751805e-05,0.00026784185,0.00017139936,0.0004006239,6.006111e-05,0.00017615478,0.001977262,0.00013453428,1.180686e-05,0.0006087027,0.02203131,0.00034142323,7.365495e-05,9.861381e-06,4.101972e-05,3.580642e-05,0.00012220487,2.032382e-05,0.0015216781,0.0002987273,0.0018330589,0.00011839106,0.00023354276,3.2771324e-05,4.9193454e-06,0.0018483846,8.350217e-05,3.3416861e-06,0.00010928264,0.00017175995,0.00057279604,0.00021611154,4.1706528e-05,4.2580985e-05,3.437244e-05,4.37322e-05,0.00018902154,5.1426858e-05,2.088344e-05,2.0527394e-05,2.2025923e-05,0.00014786539,0.00020478632,3.438129e-05,0.00017768785,0.003267541,0.038581256,0.00016723889,1.2250766e-05,0.00020090683,8.1460974e-05,0.00044933535,2.2297424e-06,3.5269266e-05,0.0012414361,5.3969896e-05,9.763726e-05,2.1466496e-05,4.7624617e-05,7.513298e-05,1.6225958e-05,3.8738865e-05,0.00041210552,0.00086700026,4.451497e-06,1.6011432e-05,4.8487072e-06,0.00019318645,0.0004740626,3.48851e-06,2.2677259e-05,0.00072841684,0.018429523,0.00015274213,0.000108562126,0.00012541427,0.00152523,7.699816e-05,5.5500357e-05,0.00033330388,0.00013121184,6.7391826e-05,2.0964095e-05,0.0040204786,0.00031584917,2.3738585e-05,1.3307467e-05,0.00027085203,2.2308408e-05,0.00020234677,5.51198e-05,0.0013900872,6.270123e-05,1.8704613e-05,4.8309834e-05,5.9698505e-05,0.0004757847,0.00097605,0.00030050514,0.0033565816,0.00026531753,2.8007686e-05,0.0001449316,6.09152e-05,2.0300711e-05,0.00096452836,4.3664524e-05,9.126221e-05,6.8708534e-05,2.744052e-06,0.00027312496,0.00036349092,0.00020003883,0.001564566,0.000106821324,0.0005790234,0.00017247006,1.0123453e-05,8.6942484e-05,4.4041404e-05,0.00015337626,0.03696277,0.17711195,0.00055367214,0.00045999663,3.7184047e-05,1.6522281e-05,1.1604321e-05,7.8097626e-05,0.00010023142,2.9860154e-05,0.0005994185,0.00015521412,0.0003752307,1.1016838e-05,4.5692286e-06,0.00013020143,2.1583644e-05,0.00028562604,1.0477738e-06,7.0031194e-05
BC2026_Train_0020_S22_20211104_231500_030,0.000155369,0.0003173088,1.4613801e-05,0.8172353,0.000116784075,1.4990651e-06,0.00057199184,0.00023588828,0.00014750897,0.99388087,0.77380353,0.0011127807,0.00047057742,1.2229988e-06,3.310052e-05,0.0028367671,9.538471e-05,1.0316645e-06,0.042533666,0.00070494524,0.002326527,0.001887008,1.4619556e-05,0.00039418333,3.1886368e-05,4.5576694e-06,0.0003593149,1.717995e-05,2.3105106e-06,0.00047077035,0.0016191971,0.00018150444,0.0012241767,0.003070476,0.00043978798,0.0005286411,0.00010286476,0.00020362141,0.0015382466,0.0011272029,0.0024903505,0.0011953089,0.00062291266,0.00023808453,0.00012424668,0.00013317293,0.00045414554,0.00014453579,0.00021334109,0.00032335232,0.00035515038,0.00039321874,0.00026396514,0.0017651855,0.0011600874,7.0225583e-06,0.0013378571,0.33690566,0.00012381299,7.719158e-05,0.0015589799,0.00014954452,0.00083403423,0.09585121,0.0008595421,0.00037416996,0.0024700076,7.847069e-07,6.2860945e-06,8.9605055e-05,6.9197463e-06,1.5592611e-06,0.00019515152,0.0001269826,7.874187e-05,4.181872e-05,0.00031586844,0.003454165,0.0003030621,0.00014513724,0.00031807716,1.4795158e-05,0.0002586596,1.4814615e-05,1.326019e-05,0.0003869702,7.973478e-06,0.0010520753,0.0010793565,0.00059691025,0.00021794178,0.0011838395,5.8293463e-06,9.066828e-06,0.00027855788,0.006429991,0.00054777943,0.00028944717,0.0010538789,0.00043510535,0.0001484412,1.1364898e-05,0.0017483525,0.094179794,0.0044161635,0.0002940808,2.0832937e-05,0.00016234568,0.003056667,0.00022338802,2.442223e-05,0.0015607132,0.0002458861,0.00062985433,6.599284e-05,0.0008460665,0.0001272819,0.00011556143,0.0005794971,0.00012029559,9.069812e-06,0.00033743403,0.00025392557,0.0010234241,0.00024687627,0.00011306563,0.00010696852,3.320558e-05,2.3305196e-05,0.00028427067,4.2519263e-05,0.0002749662,4.5371694e-06,6.0765044e-05,0.0012966946,0.00040525073,0.00019018106,0.0001735122,0.008592181,0.03660042,0.00013277453,1.8121504e-05,0.0001835128,0.00020287976,0.0017418839,2.6635542e-05,4.1157415e-05,0.009341626,1.3810505e-05,8.8240886e-05,0.000120817145,2.5915602e-05,4.2720247e-05,1.505303e-05,0.00036459023,0.0014011454,0.0010412948,2.6400066e-06,0.00020558239,1.7284503e-05,6.421462e-05,0.00059324916,9.478302e-06,0.00027894138,0.0003105335,0.0012273121,0.00010578032,0.00010965205,3.0603303e-05,0.0015559108,0.0010391001,1.9880443e-05,0.00042055055,0.0009853077,0.0009217269,0.0009982578,0.00070405233,5.1509465e-05,7.624885e-05,3.5985893e-05,0.00020662708,1.9052379e-05,0.0029229773,0.0001065176,0.0015075763,0.00011853836,1.1725867e-05,0.0003254529,0.00021612595,0.47449315,0.0001858031,0.0006604496,0.005273566,0.0013853434,4.7880447e-05,0.00799762,0.000102748294,0.00014519041,0.0008052184,1.0779026e-05,3.810932e-05,0.00016270227,9.155701e-05,0.00091744534,0.00012917945,0.00022905464,0.00021166948,0.0016280117,0.00054624263,0.0004402303,2.7754084e-05,7.781522e-05,4.40622e-05,0.0006620207,0.3111711,0.017574249,0.00017333674,0.00038010968,2.7759275e-05,0.00015808883,6.029475e-06,0.00011383426,0.00030654628,0.00039890248,0.00086600607,0.0001034538,4.4240718e-05,3.389243e-05,0.00046169717,0.0010465801,7.176305e-07,0.0008820485,2.6564132e-05,0.00011893725
BC2026_Train_0020_S22_20211104_231500_035,3.7514295e-05,1.1723675e-05,1.0989973e-08,0.09458795,9.505602e-06,5.301023e-08,1.9438785e-05,1.1812402e-05,6.5299577e-07,0.65445864,0.050377868,5.9359663e-05,1.2102604e-06,2.4930317e-08,3.819772e-07,0.00011821169,4.656034e-06,1.9397133e-08,0.0020124803,5.1114486e-05,2.3612665e-05,5.2802818e-05,1.3535089e-06,2.7010199e-06,3.1580398e-06,3.075877e-08,2.6096527e-06,1.8976552e-06,1.0632041e-07,3.2007712e-05,4.7353213e-05,5.4120264e-06,3.0502782e-05,5.6982746e-05,8.806121e-06,2.56239e-05,6.167122e-06,4.7955928e-06,1.2001394e-05,5.9505033e-05,2.0165067e-05,1.21701505e-05,1.9613504e-05,8.7472135e-06,3.3263068e-06,3.5486196e-06,1.4791067e-05,3.9093406e-06,3.7806383e-06,5.711153e-06,1.8005141e-05,2.4594534e-05,1.8831208e-05,1.2311868e-05,0.00012046629,2.1180966e-07,3.8076298e-05,0.004585196,3.0570274e-07,4.6911825e-07,6.7833903e-06,1.491377e-05,0.00013817422,0.01567204,5.7838934e-06,3.4842774e-06,3.6308263e-06,5.304955e-09,7.412492e-07,2.3890627e-07,1.3823237e-07,6.411226e-09,4.3944827e-05,1.8161948e-06,1.48498e-06,9.141993e-06,4.3172102e-05,0.00010382985,6.483838e-05,8.038598e-06,9.937347e-05,3.1936693e-06,1.6359583e-05,2.087745e-06,2.2514082e-07,0.0003764062,7.0433714e-07,2.089097e-05,0.00011938937,7.512503e-05,4.460848e-05,0.00024099213,1.8983525e-07,2.5882925e-06,0.00011790447,0.0005687987,4.9091534e-05,3.9188517e-06,0.00012560672,3.3090862e-05,8.126862e-05,3.1202993e-07,0.0013718571,0.01334027,0.0012027307,9.4757626e-05,6.4512883e-06,5.962204e-05,0.0009099711,3.4627978e-05,1.2809353e-06,6.507004e-05,5.404285e-06,9.002533e-05,2.4301284e-05,0.00020843027,2.3501867e-05,4.6891753e-05,2.67915e-05,1.7960243e-05,1.03890784e-07,3.7126436e-05,3.1571864e-05,6.0424238e-05,1.0394156e-05,1.0651028e-05,1.3889251e-05,8.082044e-07,6.200591e-07,3.5440542e-05,7.559212e-06,0.00030170713,7.819511e-07,6.4171163e-06,7.430178e-05,5.0944407e-05,0.000114084956,1.7446147e-05,0.0003720325,0.00016278544,0.00020643842,4.9782784e-07,0.00027144744,0.00012102642,2.8808696e-05,9.880422e-07,9.241501e-06,0.00018620765,1.8724141e-06,2.2861484e-06,4.505542e-06,6.2887773e-07,8.843175e-06,3.0249143e-06,9.315224e-05,0.0001490245,0.000101850645,3.4858644e-08,4.371084e-06,2.5725699e-06,9.024111e-06,2.8502742e-05,8.250334e-07,0.00011028195,5.4388962e-05,2.168972e-05,3.3928587e-05,1.7736085e-06,5.695277e-06,0.00023556869,0.000472756,8.133883e-08,2.1340637e-05,0.0003908432,0.0014961526,0.00027265484,2.2260678e-05,1.8538765e-06,5.811089e-05,2.1527253e-06,4.7243335e-05,1.061943e-06,0.0018885047,1.99585e-05,0.0005078996,2.1982967e-05,6.9706346e-07,0.000107566186,3.3962187e-05,0.9810011,0.000104182625,4.280458e-05,0.00026165516,8.488698e-06,1.5410114e-05,0.004434586,1.268178e-05,3.053037e-05,0.00045232405,5.224535e-07,4.9853425e-06,7.066433e-05,4.3625923e-06,5.3714302e-05,2.84457e-06,8.348729e-06,3.3623623e-06,0.00011604687,8.91116e-05,6.269681e-05,1.8957018e-06,3.5202622e-06,3.633723e-05,0.00016723508,0.014789061,0.00079963845,4.7188e-05,2.3664716e-05,2.258424e-06,2.2191683e-05,1.6623418e-06,1.4125162e-05,1.2733746e-05,1.6707922e-05,0.00010591304,1.9627858e-05,1.7080621e-06,7.422611e-06,0.0002099017,0.00077371224,2.6213403e-08,0.0005960646,1.8966615e-05,5.1967625e-05
BC2026_Train_0020_S22_20211104_231500_040,7.936363e-05,0.00011060516,4.9921564e-08,0.8437,2.6458429e-05,2.8037002e-07,0.00012964554,8.257327e-05,2.5794909e-05,0.9879468,0.9818542,0.0004509221,6.2042327e-06,1.0610283e-07,2.3972338e-05,0.012291098,6.159765e-05,1.4564048e-07,0.042337593,0.0006594757,0.0009878677,0.007881765,1.8223592e-06,0.00015587412,1.670166e-05,4.1348716e-07,3.1845222e-05,2.394709e-06,5.2182213e-07,0.00029057168,0.00046856672,4.0192615e-05,0.00070654124,0.00083484047,0.00015546192,0.00019291752,3.3453533e-05,5.6726192e-05,0.000356138,0.000483474,0.0009370771,0.0002634427,0.0003123343,6.374568e-05,3.125844e-05,5.0045073e-05,0.0001817642,4.3655076e-05,5.3798783e-05,9.910424e-05,0.00014682487,0.00010537297,8.567332e-05,0.0006544673,0.0005868697,7.955097e-07,0.0002620339,0.3577046,9.01024e-06,2.3993703e-06,0.00013938943,0.0002581506,0.00046224895,0.4972748,0.0002053512,3.5014204e-05,0.00051792123,2.891433e-07,2.0065469e-05,5.818979e-05,4.7489973e-08,8.565918e-07,0.00025582514,2.0111695e-05,2.3274344e-05,1.724183e-05,0.0002019189,0.0023396383,7.950505e-05,5.0117047e-05,5.6474877e-05,8.753438e-06,0.000246832,2.4867427e-06,2.304916e-06,0.00032138874,5.676958e-07,0.00016365762,0.00010621717,0.00014891116,4.4542852e-05,0.000171922,1.3790768e-06,1.1731734e-06,0.00013916871,0.0046682786,0.000271881,0.00033076294,0.0001453669,1.6434766e-05,0.0001340216,7.087093e-06,0.00027489383,0.0354841,0.00037748207,2.8471391e-05,1.5119971e-06,0.000112026246,0.0005833683,2.080647e-05,1.9075223e-06,0.00021133233,4.9213355e-05,3.3251275e-05,1.0902496e-05,0.00010459972,1.4346435e-05,6.92853e-05,0.0003139802,3.4376666e-05,4.7441995e-06,5.319045e-05,0.0001619139,0.0001369897,0.00015958656,0.0005050934,1.2233908e-05,9.020058e-06,2.4095882e-06,7.013706e-05,1.22582705e-05,0.0011840031,4.0581135e-06,1.4253485e-05,0.00012663289,0.0003591873,9.308866e-05,0.00023081528,0.004082158,0.003246272,9.2857794e-05,3.0788967e-06,0.00021104475,0.00025476803,0.00016335843,2.9515274e-06,2.1328247e-05,0.00034436202,1.0204564e-05,3.8032258e-06,9.591391e-05,1.2977144e-05,2.6144327e-05,3.3934684e-06,0.00014713613,0.0001524543,0.0009124247,7.395892e-08,2.409177e-06,3.1108466e-06,1.2919639e-05,0.00018174169,6.9883e-07,7.315844e-05,5.7508558e-05,0.00048410858,6.299616e-05,2.6061161e-06,1.9243767e-05,0.0005369702,0.00018024768,4.9624276e-07,6.74333e-06,0.00030032618,0.0014326259,0.00011216777,7.4382886e-05,6.3874304e-06,2.1412396e-05,4.3170708e-06,7.7543795e-05,3.1021812e-06,0.0094439145,9.486803e-06,0.006104594,1.9413292e-05,5.919857e-06,2.9462875e-05,2.0732412e-05,0.17090791,0.0017048311,0.00042307153,0.00011033443,6.623677e-05,1.858302e-05,0.00092849624,6.988016e-05,7.99932e-06,0.00020961369,1.099769e-06,7.5727476e-06,9.1803995e-05,3.8803237e-06,0.00010281278,2.364942e-05,6.377152e-05,5.0155537e-05,0.00018263963,0.0023587695,0.00012122428,5.232353e-07,2.3493521e-06,5.3246735e-05,0.00016418562,0.06263417,0.0022574123,9.3583694e-05,0.00014433017,9.0877006e-07,2.7920427e-05,7.061469e-06,5.8667916e-05,0.00031870673,0.0007101328,0.0001066356,6.133155e-05,1.991196e-05,1.0374912e-05,0.00012530513,0.0002415755,9.8828195e-08,0.0003870429,6.6484595e-06,6.8769565e-05
BC2026_Train_0020_S22_20211104_231500_045,1.373024e-05,0.0023046208,6.510355e-06,0.8204399,0.0012752503,1.6706825e-06,0.00014166602,0.00015104352,0.025045885,0.988641,0.99497616,0.00010456532,0.0008140316,2.8011982e-06,6.91074e-05,0.00518657,0.0005764549,2.7714138e-06,0.0034568037,0.00012165077,0.00052603794,0.027053779,1.692666e-05,0.014981394,0.00093657954,1.5229507e-06,0.0020857875,1.2185028e-05,1.1046958e-05,0.006218952,0.05898153,0.00069902366,0.015531431,0.06242759,0.0050197397,0.0030503832,0.00027972358,0.00095571275,0.029893456,0.013407645,0.10798628,0.019654857,0.03680357,0.0006168275,0.00066729315,0.00066098996,0.0023174272,0.0005737364,0.00073080935,0.0011900307,0.004408918,0.0044177976,0.0043484946,0.11962617,0.011037806,4.8325823e-05,0.0034859043,0.72721195,9.914894e-05,0.00017209355,0.010938829,0.0019905877,0.0028241607,0.28026825,0.006229213,0.000329105,0.016735435,8.117723e-06,1.8775296e-05,0.0008889557,1.5961397e-05,3.3870492e-05,0.00027144147,0.00030293845,0.006776035,2.9481085e-05,0.0003130041,0.00035430596,4.4452972e-05,0.0010099654,0.00017500012,3.9433224e-05,0.0003966994,4.0818915e-05,3.7532718e-05,0.00010110507,1.4428196e-05,0.00084720843,0.00028349416,7.9912694e-05,0.0024018541,0.00011069179,9.206892e-05,6.924494e-05,9.529707e-05,0.0012113699,0.0010358177,0.0003235888,0.00038954834,0.0005363858,8.919508e-05,3.5268593e-05,0.00394895,0.9454761,0.004643825,0.00010652746,8.590365e-06,0.00058217073,0.00022991713,0.00015201505,2.4419065e-05,0.012240076,0.00010175338,0.000207454,0.0008222696,0.00090800115,0.00014638048,8.874686e-05,0.00067244924,0.00019053463,6.9956072e-06,0.00050892966,0.000115780036,0.0018022739,0.00093016896,0.00039781752,0.0001309456,7.264676e-05,6.5880013e-06,0.000176963,5.5645247e-05,0.00015943812,4.2279215e-05,0.00024526397,0.0010377078,0.00018404359,0.000429015,0.0001232946,0.00024490064,0.0508932,0.0003923525,1.8717301e-05,2.8426057e-05,0.0006777269,0.027144887,2.4949903e-05,0.0026886133,0.0001963831,0.00020082736,0.000251901,0.001337661,7.937324e-05,0.0002005826,8.25813e-05,0.00012433155,0.0002995184,0.00030366308,3.3148255e-05,1.840824e-05,5.1687e-05,0.0001719556,0.0011936545,4.0864325e-05,0.0001073642,0.0009315646,0.003775119,0.0019631716,0.0005184055,3.0678428e-05,0.0022832279,0.00012052799,6.991623e-05,0.00028085796,9.797134e-05,0.0016300062,0.00034087492,0.0005460043,3.4502787e-05,0.00057798653,8.447188e-05,0.00041419608,1.5698679e-05,0.0015454061,0.000118671924,0.00055598235,9.01364e-05,7.077736e-05,0.0002282728,6.243113e-05,0.00034287525,0.00010042544,0.00040627303,7.108079e-05,6.391758e-05,0.00014082089,0.0055122557,0.00053336105,1.0058697e-05,0.0017131541,0.0002990932,2.2737699e-05,9.8510835e-05,5.494711e-06,0.0008448976,0.00068244786,0.0005402121,0.0046361675,0.0007421418,0.0005191077,0.00014880968,3.520357e-05,2.7352593e-05,0.00016757842,0.006256135,0.023024041,0.16223373,0.00012081738,0.0007499187,4.321807e-05,0.0007067803,9.037538e-06,3.0283458e-05,0.00019646343,1.2405237e-05,0.00040151222,0.00023127349,0.00013051915,4.7301535e-05,0.0003615268,0.0010781961,2.9288372e-05,0.00149106,0.00012815096,0.0011350818
BC2026_Train_0020_S22_20211104_231500_050,3.0162351e-05,0.00044372128,4.5869588e-06,0.87059194,6.7623e-05,6.253986e-07,4.423186e-05,0.00037413914,0.0066264514,0.8461617,0.99950254,0.00015155264,0.00037437922,5.1297906e-07,1.2537048e-05,0.012304152,6.438926e-05,4.593835e-07,0.025519291,0.000606708,0.00018371484,0.01444344,4.4845283e-06,0.005043969,0.00019737425,2.7885804e-07,0.00034227027,4.494068e-05,3.0840454e-06,0.0024416859,0.006290996,0.00021390143,0.003566011,0.0070175715,0.0020956355,0.0006913231,4.755173e-05,0.00018233618,0.0033511766,0.0029033746,0.014086099,0.002023947,0.0056173485,0.00019890245,0.00010221074,0.00010135682,0.0004313742,0.00010854556,0.000106828666,0.00014585145,0.0007270187,0.0007911979,0.00058695814,0.013978163,0.001222479,2.0985117e-05,0.0004391165,0.97376764,5.2525647e-06,1.6709435e-05,0.17697686,0.00020746369,0.0006358357,0.9638666,0.010103632,0.00015052779,0.03851488,2.0808636e-06,3.1738393e-06,0.0003146311,1.6237348e-06,3.8455e-06,3.7596452e-05,0.0001913501,0.0002804122,7.1680206e-06,0.00050585537,0.00032025675,1.0584381e-05,0.00024922492,7.5266646e-05,2.6498577e-05,0.00022921148,3.909624e-06,1.6863502e-05,7.750329e-05,4.846641e-06,0.00068375707,0.00044130342,1.3775633e-05,0.0006821189,0.00017331577,5.8561094e-05,1.892605e-05,0.00063952716,0.00044436046,0.00071486476,3.6661313e-05,0.00014933718,0.00016096291,7.666941e-05,5.6955487e-06,0.0011783729,0.32719916,0.0015902505,2.3865607e-05,1.822764e-06,7.5822936e-05,0.00010307283,2.601217e-05,6.939069e-07,0.0006842199,6.968352e-05,4.378871e-05,0.000103140956,0.00015603918,3.0403053e-05,3.0321113e-05,0.0007674181,1.7126084e-05,1.5911812e-06,0.00010137015,5.0413473e-05,0.00037193997,0.0029317695,0.0001969877,2.7707196e-05,4.6303107e-05,8.594487e-06,6.273807e-05,3.3606277e-05,0.0002385731,6.4209053e-06,2.717286e-05,0.000109778535,0.00016571059,3.8212092e-05,8.565788e-05,0.00044526957,0.006791472,0.00017682706,9.406007e-07,4.9860915e-05,0.00014246635,0.00571553,9.885061e-06,0.0001485491,2.9551964e-05,0.00012933968,3.299079e-05,0.00010251431,6.6788425e-06,0.00013360409,1.3351717e-05,5.253246e-05,0.00028543573,0.00025703854,5.488796e-07,1.7506532e-06,3.2209925e-06,1.5022312e-05,0.00018336483,2.0903808e-06,3.0234287e-05,0.00089425547,0.009696359,0.00055476854,4.169098e-05,6.3846914e-05,0.00054332515,5.9583395e-05,1.8897254e-06,1.7736149e-05,0.00013212801,0.00015302142,9.700915e-05,0.00019043637,1.014041e-05,8.31504e-05,3.4899225e-05,0.00013550928,1.8212739e-05,0.0016321447,0.00016212926,0.005077333,1.6216396e-05,1.4103315e-05,1.1680911e-05,1.2154388e-05,0.00015372942,0.0007236393,0.0003454812,9.948547e-06,2.5597034e-05,5.6347224e-05,0.000118412165,8.225545e-05,4.3957352e-06,0.00036931963,1.4743734e-05,1.3313027e-05,9.5303614e-05,4.482748e-07,0.000104879866,8.6747954e-05,0.00044340396,0.0008787995,0.002037056,0.000747781,6.444363e-05,5.2460414e-06,1.6823429e-06,6.858357e-05,0.00033987223,0.6644626,0.011342656,0.0001641061,0.00033697128,4.7904e-06,0.00012313644,4.1986154e-06,7.823388e-05,0.00022073892,1.003104e-06,0.00011887238,0.0001402269,0.00010765412,2.5749341e-05,3.1346801e-06,0.00020401613,1.3111743e-05,0.0003978363,3.201797e-05,3.9560644e-05
BC2026_Train_0020_S22_20211104_231500_055,1.2455464e-05,3.352379e-05,1.1122467e-06,0.40876386,1.0660927e-05,2.4142247e-07,4.9875252e-06,0.0004365593,0.00047538872,0.46794972,0.9463469,3.7994118e-06,2.9448133e-06,3.4601424e-08,9.808283e-07,0.0011988208,9.548651e-06,2.5512568e-08,0.01180775,9.405526e-05,0.000115946765,0.0012663648,6.8835396e-07,6.961876e-05,7.062128e-05,4.6215317e-07,0.00012807094,6.6254584e-06,1.1207864e-06,0.0005447439,0.00020836311,2.2381328e-05,0.00017626413,0.0002391137,7.264587e-05,8.018483e-05,1.3993379e-05,1.824509e-05,7.649588e-05,0.00025247133,0.00028977107,7.6742406e-05,0.00014498108,2.5219575e-05,6.0268476e-06,8.481229e-06,2.5524707e-05,6.732316e-06,8.664959e-06,1.1818644e-05,5.5085908e-05,5.1603223e-05,4.1881816e-05,0.00024371082,0.00012363956,1.8972808e-06,3.071766e-05,0.8133384,1.41934615e-05,2.2133898e-05,0.02682864,3.1770785e-05,0.0007164471,0.96292007,0.025685674,2.9302626e-06,0.00039884716,2.8964832e-06,1.1730159e-08,0.00043586918,2.1137964e-07,2.0101847e-06,1.022233e-05,2.9114632e-05,1.1263323e-05,1.5705452e-06,0.00011616366,0.000106372965,2.7087324e-05,1.8896617e-05,8.004226e-06,6.015931e-06,2.540082e-05,2.2859729e-07,8.4130573e-07,2.5996076e-05,3.3506075e-07,0.00010851772,4.20578e-05,7.1572003e-06,0.00070336787,1.5654756e-05,8.162587e-07,4.4639232e-06,1.8420815e-05,6.9804104e-05,9.554485e-05,3.269793e-05,0.00012730522,5.2296884e-05,3.7856928e-05,1.1957977e-06,0.00018781514,0.25487447,0.0010225762,1.7947386e-05,1.0762125e-06,8.549303e-05,2.0623697e-06,5.579462e-06,2.385941e-07,0.0009140714,1.2486301e-05,0.00013243161,2.4269231e-05,0.00017983705,8.263821e-06,1.8315253e-06,4.973251e-05,1.4255523e-05,1.10988644e-07,6.634455e-05,5.414413e-05,2.4444975e-05,0.0015355577,4.302098e-05,8.965676e-05,5.491018e-06,6.1805813e-06,6.1281116e-06,3.5427456e-07,1.5901262e-05,5.5870814e-06,2.5624158e-06,0.00015795985,3.1652085e-05,2.9840755e-06,3.8584087e-05,3.932098e-05,0.081536576,2.8876857e-05,1.3255751e-06,7.327475e-07,2.9332203e-05,0.00070288446,1.22960155e-05,1.083098e-05,4.4461344e-06,1.4489737e-05,1.7408987e-05,2.1236081e-05,3.8443855e-07,1.0849785e-05,2.855874e-05,3.5497264e-06,7.320324e-05,0.00010981936,1.5517134e-07,2.7097637e-06,1.3064086e-06,2.0362265e-06,0.00014403184,1.045896e-06,1.9462956e-05,0.0018186495,0.0019591788,5.7751466e-05,8.205317e-06,4.430224e-06,0.00020277746,5.9056518e-05,7.188402e-07,1.9493622e-05,0.00020357329,1.3680168e-05,5.0118866e-05,0.0001484354,1.0549584e-05,1.0336654e-05,1.3841623e-05,9.433105e-06,5.171097e-06,0.0009592208,1.0330218e-05,0.00011133531,2.0454129e-06,1.2426361e-05,1.0574665e-05,5.2454066e-06,4.954855e-05,2.1082204e-05,3.7135676e-05,0.00027229477,8.343501e-06,5.673955e-06,3.8679802e-05,1.8017301e-05,3.4915722e-06,0.00016106038,2.5236761e-06,2.2226037e-05,0.00023160999,6.855141e-08,2.3607103e-05,0.00012922824,0.00025019582,0.00021559082,0.0002110645,8.8762434e-05,6.374611e-05,1.8807086e-05,5.962209e-07,6.70247e-06,9.489897e-05,0.071910486,0.015170971,4.5828456e-05,2.239366e-06,1.6917211e-06,9.933871e-06,1.6556132e-06,1.8201452e-05,1.0667466e-05,2.2245293e-07,8.570807e-06,0.00013072653,0.00013482013,3.2495382e-06,1.8545188e-07,0.00014066804,1.5528683e-06,2.5607409e-05,2.3505982e-06,7.4229974e-05
BC2026_Train_0022_S22_20211114_014500_000,8.391774e-07,0.00016023917,3.446246e-07,0.10403071,4.61464e-05,4.1628095e-07,1.0276846e-06,1.994566e-06,0.0027291272,0.7039837,0.023628829,2.993676e-06,3.978299e-06,1.01912455e-07,5.557079e-06,0.00016388482,5.903113e-06,8.5595424e-08,0.0004987087,2.6011798e-05,4.3244123e-05,0.0005618141,3.25084e-06,3.812448e-05,2.8119122e-05,1.2963024e-07,0.00015785896,5.5343355e-07,1.7337446e-05,0.0002499507,0.0006551504,8.3298655e-05,0.0005953418,0.0010314058,6.619301e-05,0.00025266974,0.00021115929,6.7540896e-05,0.00030210923,0.00063785806,0.00080853695,0.00026130662,0.00020131432,7.4423755e-05,5.7969526e-05,8.019133e-05,0.00020151847,4.369056e-05,4.2042e-05,7.174797e-05,0.00016697422,0.00016232835,0.00018270095,0.00051648857,0.0010020647,1.5887098e-06,0.0006574434,0.046048105,5.5227298e-05,0.00040765337,0.002821636,5.9990134e-06,0.00047219708,0.001746915,3.486879e-05,3.3192286e-05,8.032398e-06,9.3467335e-08,3.7781984e-07,0.000165314,1.8938695e-06,2.426398e-07,1.4280111e-05,8.864901e-05,0.00014379786,5.010098e-06,6.832728e-05,0.0013303948,0.000116282026,6.390978e-05,0.0005656298,1.3295404e-06,0.00029642275,7.901144e-06,8.749148e-06,1.1965087e-05,9.442971e-06,9.879569e-05,0.00012912293,2.4221677e-06,0.0003884979,6.36917e-06,2.9998002e-06,3.2228022e-06,7.435917e-06,0.022784261,0.00017098329,0.00013872684,2.3490751e-05,0.00026281926,1.2338173e-05,0.00016296172,0.0025390415,0.19503568,0.0293544,1.1664245e-05,4.5907756e-05,9.0867725e-06,1.0387714e-05,0.00012219929,6.0375914e-05,0.0008213013,1.4547348e-05,0.0001242167,7.462088e-05,0.00083135744,4.104637e-05,4.248334e-06,7.657084e-05,4.1364423e-05,8.2894185e-06,0.00021627394,0.00016501351,0.000709576,3.1001324e-05,1.4366576e-05,0.00016309058,4.4356937e-05,1.6599071e-06,4.5659894e-05,4.8433416e-05,6.789112e-06,1.3203469e-05,9.529288e-05,0.0002913109,0.000921183,0.0004057043,9.428874e-05,0.0006983215,0.16736743,5.5368302e-05,1.430388e-05,5.4637244e-06,0.00013333886,0.0055662734,4.6978905e-05,2.6153502e-05,0.00034037433,5.5918503e-05,2.5982494e-05,2.1715861e-05,1.5415466e-05,4.6195804e-05,2.6084033e-05,0.00020077355,9.119518e-06,0.00013376599,1.4513634e-05,2.1269547e-05,2.0496485e-05,7.782219e-05,0.0002469935,1.5617629e-06,1.5497259e-05,0.00011721114,0.0034679787,0.00024304901,6.836743e-05,1.97175e-06,0.00026027576,3.5675024e-05,3.886353e-06,5.2988045e-05,5.7713696e-06,0.00016113135,8.540625e-05,0.00014783353,2.1029793e-05,9.431968e-05,2.2132801e-05,0.0002527189,5.1581237e-06,1.9394492e-05,8.137418e-06,0.000593758,3.1846193e-05,3.7379294e-07,0.00011078598,4.16242e-05,0.0006407297,5.1790184e-06,0.00017285712,0.00012662505,5.997909e-05,2.4300356e-05,0.00039103272,2.3181154e-05,8.890614e-06,0.0010341357,8.490498e-05,5.5022665e-06,7.117269e-05,1.1072641e-06,6.1045925e-05,2.4544814e-05,0.0007562404,0.00063782465,0.00031559,2.4876063e-05,3.3123448e-05,1.1598756e-05,3.7636517e-05,3.540575e-05,0.00013804779,0.0007082576,0.8583666,0.00015526134,0.0001510104,4.9095983e-05,1.9310242e-05,4.863801e-07,5.9850527e-06,0.00016079645,1.0684509e-05,0.00033576746,0.00089433347,6.17951e-05,7.718142e-05,9.007379e-06,0.00010729266,5.0270455e-06,0.0040227836,4.017761e-06,5.03321e-05
BC2026_Train_0022_S22_20211114_014500_005,3.0194497e-05,1.07337155e-05,1.0027492e-06,0.006333998,1.6933522e-05,2.741282e-07,2.4752891e-05,3.5806283e-05,0.0027341202,0.22675851,0.15451208,1.0359776e-05,5.9683363e-05,8.255059e-08,3.45353e-07,1.8916397e-05,4.326282e-06,6.275233e-08,0.00031345472,4.8265163e-05,8.251386e-06,6.0536295e-05,4.265905e-06,1.3586129e-05,3.7923124e-05,7.50029e-07,6.0693408e-05,8.674533e-06,1.8306824e-05,0.003988865,4.506711e-05,1.2461296e-05,4.422857e-05,6.451347e-05,1.4594845e-05,2.6262449e-05,3.879743e-05,5.754168e-06,1.8028852e-05,4.727074e-05,6.117448e-05,1.3291627e-05,1.8718927e-05,1.068987e-05,2.8934876e-06,2.5975555e-06,3.8126534e-06,2.108637e-06,2.637545e-06,3.8869052e-06,1.2062816e-05,1.2419108e-05,1.0185362e-05,5.1195413e-05,2.5188665e-05,4.8452453e-06,7.2780174e-05,0.013556613,2.432134e-05,0.00012893947,0.07715536,1.7656865e-06,9.0622125e-05,0.0010118184,0.00013930611,2.2964949e-05,3.950116e-05,1.9382987e-06,1.7145756e-07,0.0005546977,4.932184e-07,4.111201e-07,4.4740213e-05,0.0024766652,8.9700465e-05,0.00023554398,0.00015040569,0.00036505368,4.366172e-06,0.00019405101,0.00016316991,7.569398e-06,0.0005424197,2.4752655e-05,3.5543537e-06,2.2561384e-05,2.2360038e-05,0.00063165394,0.00040896022,2.8779314e-05,0.0016055417,8.700145e-05,5.420634e-05,0.000132812,1.4294676e-05,0.0006532746,0.00037962676,5.292608e-05,1.0173286e-05,0.00031298082,5.8279424e-05,4.999221e-06,0.0004735344,0.38369623,0.016841605,1.6067816e-05,2.7940936e-05,1.0272786e-05,3.617916e-06,0.0003327638,5.7898865e-07,0.0015009107,1.3908895e-05,8.7834225e-05,7.7333854e-05,0.00023418716,1.1698424e-05,1.8206068e-05,0.00015739047,3.4575645e-05,6.9277166e-06,0.00016138122,0.00041270623,8.897837e-05,0.0014352588,5.8416945e-06,0.0005387777,8.2477025e-05,1.6741016e-05,0.0019331547,5.7777143e-05,2.1301455e-05,5.9409722e-05,6.814528e-05,0.00010506667,1.2426857e-05,2.1828066e-05,0.0001163255,0.00011550821,0.988953,0.00013923958,3.5042305e-07,3.948145e-06,5.4052976e-05,0.05634243,1.9877225e-06,2.686193e-05,0.00014358097,0.00059583195,9.826374e-06,7.128464e-05,2.5261318e-06,0.00024844107,0.00011031098,4.6092304e-05,7.193802e-05,0.00026928345,2.5095972e-06,1.1723117e-05,2.5504876e-05,0.00010313418,0.00015871716,1.6038346e-05,1.3635571e-05,0.0016256348,0.0285726,0.00022297884,7.72502e-05,5.2274336e-06,0.0002982961,0.00011501033,3.74105e-06,5.1972085e-05,1.626663e-05,4.9427596e-05,0.0016380878,0.00034701498,0.00010193819,5.8508856e-05,5.274962e-05,9.204101e-05,1.8502735e-05,0.00012830587,8.149297e-05,0.0009385876,3.306607e-05,4.2714055e-05,4.2164742e-05,4.835791e-05,7.6090866e-05,3.5894045e-05,0.00015764852,0.00018054163,4.130364e-05,0.000138956,0.00023778372,8.9462046e-05,4.181848e-05,0.0014496759,3.086424e-05,8.212103e-06,8.9088746e-05,7.0101197e-07,0.00021790336,5.9173773e-05,0.00033246985,0.003589739,0.0012670995,0.00012165772,1.3739881e-05,4.1995918e-05,1.4266948e-05,5.6652443e-06,0.0001610409,0.024217265,0.025529597,0.00011122654,0.00021289565,1.1383458e-05,0.00020432528,7.378687e-07,1.768342e-05,5.037234e-05,9.57437e-07,0.00010412224,0.0016816204,3.2639953e-05,1.8757399e-05,3.733932e-07,6.925934e-05,1.731065e-05,0.0005807202,5.049075e-06,0.00012392757
BC2026_Train_0022_S22_20211114_014500_010,2.1804846e-05,2.8413056e-06,4.2336052e-07,0.003983435,3.7092514e-06,2.1978073e-08,3.5924295e-06,3.5526933e-05,0.00029935935,0.14451222,0.047976468,1.8969532e-06,8.028684e-06,7.967464e-09,1.09080936e-07,7.2063285e-06,1.3723085e-06,5.180534e-09,0.00021586605,1.23908e-05,4.134906e-06,1.3313891e-05,1.0463818e-06,2.2350735e-06,1.3768239e-05,1.5576053e-07,2.1050902e-05,8.2946935e-06,3.487133e-06,0.0002748139,2.105343e-05,3.3699614e-06,8.785829e-06,2.1730197e-05,3.2435412e-06,9.598831e-06,6.2466115e-06,1.2887418e-06,5.1903608e-06,2.1030457e-05,1.35253185e-05,4.679382e-06,5.771865e-06,4.116677e-06,5.5566693e-07,5.090967e-07,9.630782e-07,2.9228084e-07,5.406169e-07,7.4732725e-07,4.820252e-06,5.8583373e-06,4.41182e-06,1.306009e-05,1.3903603e-05,4.469562e-07,1.8155684e-05,0.009598694,5.375638e-06,2.1772703e-05,0.0028199512,3.96138e-07,4.222027e-05,0.00076525984,5.395091e-05,2.7332965e-06,3.0312958e-05,3.3941052e-07,1.3194888e-08,0.000108274304,7.2294185e-08,1.1509822e-07,1.5705193e-05,0.00027377385,2.1657084e-05,1.461465e-05,6.945187e-05,0.00021118346,1.6432462e-06,3.687091e-05,2.4681562e-05,8.9055305e-07,7.697877e-05,3.2943742e-06,3.641843e-07,1.2293753e-05,1.7347384e-06,9.1434944e-05,0.00021629954,1.0551858e-05,0.0005234685,3.6157788e-05,1.4017031e-05,1.5230033e-05,4.835275e-06,0.00014935569,9.231032e-05,7.356572e-06,2.554832e-06,2.8960694e-05,1.39105005e-05,3.1912623e-07,9.6823765e-05,0.061572805,0.0075156195,3.5398214e-06,8.785235e-06,1.3139493e-06,1.2723083e-06,0.00018659495,1.1362651e-07,0.0006726605,2.7688352e-06,4.1212203e-05,1.4338297e-05,2.6565096e-05,3.640236e-06,3.1741208e-06,4.941558e-05,6.0659368e-06,8.8430727e-07,7.4958516e-05,9.5579104e-05,1.9159206e-05,0.00054733636,1.2678255e-06,0.00014963266,2.7909193e-05,9.190946e-06,0.00014772377,4.863713e-06,6.6956086e-06,6.9225184e-06,1.3987174e-05,1.5153262e-05,1.1700081e-06,9.813506e-06,2.267274e-05,8.076075e-05,0.9147867,2.8855136e-05,1.4192035e-07,7.7684837e-07,1.6555294e-05,0.003144523,5.7503433e-07,1.2713192e-05,1.4745885e-05,3.5911915e-05,5.064207e-06,2.175782e-05,3.552842e-07,3.8166094e-05,3.1755182e-05,1.2675977e-05,5.712965e-05,5.598809e-05,3.4869655e-07,2.2750974e-06,1.00723655e-05,5.2116193e-06,4.6355377e-05,5.0965423e-06,3.062492e-06,0.00029213275,0.011509206,2.0325275e-05,5.9033155e-06,8.001365e-07,0.0001759285,4.726641e-05,5.2855154e-07,3.8173883e-05,1.3575457e-05,8.886943e-06,0.00013702328,0.00014698035,1.8309896e-05,1.8681974e-05,1.2400576e-05,5.8443045e-05,7.016366e-06,4.9210397e-05,2.836045e-05,2.335267e-05,9.105753e-06,2.4525743e-05,4.0186136e-05,2.9489382e-05,3.2693722e-05,7.269417e-06,2.5067697e-05,6.869831e-05,1.0989755e-05,3.3133238e-05,0.0001012632,4.4392564e-05,2.9279801e-05,0.0005038319,1.7944561e-05,3.6247957e-06,3.9740633e-05,1.12526585e-07,0.00010541378,2.357455e-05,5.672272e-05,0.0004547041,0.0004090386,1.8122177e-05,7.7206405e-06,6.0053558e-06,2.9111463e-06,1.0958773e-06,6.521907e-05,0.012043126,0.016729182,3.92992e-05,2.8469058e-05,1.6291108e-06,6.890702e-05,2.4254217e-07,7.703629e-06,1.7402528e-05,1.17849275e-07,2.3053553e-05,0.0002721733,3.8028813e-06,2.517042e-06,5.3403067e-08,2.7129154e-05,1.132663e-06,4.9707523e-05,1.6944289e-06,6.266196e-05
BC2026_Train_0022_S22_20211114_014500_015,3.0306599e-05,2.5559923e-06,7.1278656e-08,0.0011782948,9.497982e-06,6.21349e-07,1.333337e-06,5.0373583e-06,0.00079459976,0.0014298094,0.0026953262,2.1400097e-06,1.259541e-05,8.038519e-09,7.928083e-08,9.6161086e-05,6.3171547e-07,4.5799657e-09,0.002911695,5.2486143e-06,3.7809485e-05,1.4162013e-05,6.231034e-06,1.5975369e-06,0.00014817831,1.2907824e-06,7.39014e-05,4.093422e-05,1.558828e-05,0.0016708146,5.817722e-06,4.897761e-06,6.6712164e-06,7.925497e-06,3.3031702e-06,1.118817e-05,7.5730513e-06,1.0113127e-06,1.0766303e-06,3.2429256e-05,4.328416e-06,1.7122877e-06,2.739936e-06,5.0731496e-06,5.7275923e-07,4.2723727e-07,7.096352e-07,2.5519998e-07,4.1306427e-07,5.962908e-07,3.0381434e-06,3.851941e-06,3.2307973e-06,2.2226725e-06,1.754827e-05,2.9107662e-06,9.722448e-06,0.023152526,3.6182748e-06,0.0002992475,0.60262865,7.916328e-08,0.0007230668,0.013590669,5.507934e-05,1.1574678e-05,1.8636118e-05,1.4419557e-07,7.41506e-08,1.3821414e-05,5.079522e-08,1.9287487e-08,1.5987189e-05,0.0006423971,5.028849e-05,0.0018312617,0.00014981769,3.997904e-05,1.9031877e-05,4.512668e-06,0.00010383857,1.6676534e-06,3.6120604e-05,0.00020455664,1.768371e-06,6.245271e-06,8.796997e-06,5.947979e-05,0.0001197781,1.143172e-06,0.00055636297,6.9815425e-05,5.734118e-06,6.776659e-06,2.807965e-06,4.4889966e-05,2.181758e-06,3.7111622e-06,4.769126e-06,5.2584383e-05,3.3729764e-05,7.747088e-07,0.005731078,0.14110498,0.03226822,1.309179e-05,7.821317e-06,2.3440705e-06,1.5065692e-06,4.532053e-05,1.2537227e-07,0.00055820536,3.5535743e-06,2.3262583e-05,5.4962256e-06,9.292654e-06,1.6811722e-06,1.0516059e-06,4.2052146e-05,1.939767e-06,5.198797e-06,3.703425e-05,4.1359293e-05,3.8246144e-05,0.06522147,1.1988129e-07,4.3826974e-05,6.422026e-05,1.0049951e-05,2.5955425e-05,3.590566e-06,4.807535e-06,4.7856015e-06,3.3357924e-06,7.972847e-06,6.7927573e-07,8.263829e-06,5.349546e-05,8.181999e-06,0.021243574,5.6351626e-05,1.247704e-07,5.153636e-07,2.4398498e-06,0.00019006777,8.829582e-06,8.61184e-06,4.3931414e-06,5.4189e-06,1.2872534e-05,5.096659e-06,1.2323147e-06,0.00010763914,1.4254353e-05,1.1526607e-05,1.7446797e-05,3.925923e-05,3.413686e-07,1.499138e-06,4.2866264e-05,9.116614e-06,2.1418931e-05,4.1235016e-06,5.6946196e-06,0.00019582774,0.050621346,9.015367e-05,3.976186e-06,1.8174908e-06,6.7084504e-05,2.1698721e-05,9.5196685e-07,5.607371e-06,8.832236e-06,2.9362882e-06,0.00028111058,0.00013438106,4.196137e-05,3.8589274e-06,0.0002940802,1.4261506e-05,6.0921584e-06,1.6787828e-05,1.405124e-05,0.00016218028,1.6141315e-06,2.5036352e-05,1.165425e-05,4.270184e-05,0.00023288082,3.0232557e-06,2.3064085e-05,0.0001499323,3.070903e-06,2.7357577e-05,5.197387e-05,2.2354275e-06,1.9221685e-05,2.1203907e-05,2.74617e-06,9.34322e-05,4.425464e-05,1.0395159e-08,9.2003625e-05,3.286515e-05,0.0008468484,7.125738e-05,0.000842772,3.198061e-06,4.823369e-06,4.314831e-05,5.2100215e-05,4.4887116e-07,3.1065396e-05,0.060345184,0.005644499,2.6293772e-05,1.0803641e-05,8.844212e-07,5.448199e-05,3.282692e-06,0.00011012443,5.2033306e-06,7.1075966e-08,5.114875e-06,0.0017201419,4.7489434e-06,1.0924109e-06,1.1418265e-08,7.329572e-05,1.7226213e-07,6.8428744e-06,5.967334e-06,9.2750706e-05
BC2026_Train_0022_S22_20211114_014500_020,2.574848e-05,0.00016379642,1.8762661e-06,0.022200868,0.00021447304,4.8370555e-07,7.1039963e-06,3.1669686e-05,0.01520939,0.093029745,0.02315579,5.9515623e-06,6.1679304e-05,3.217298e-07,2.1157498e-06,0.0001676636,8.278145e-06,2.6394977e-07,0.0012180994,3.4684857e-05,5.325211e-05,0.0003954031,1.3344856e-05,7.469158e-05,0.00016623584,1.5616422e-06,0.00018305842,2.3468622e-06,2.641403e-05,0.00020872122,0.00079275144,0.00010370794,0.00040655563,0.0011650665,0.00012409667,0.00027984814,0.00046279302,6.919279e-05,0.00022389446,0.0006087724,0.0008157437,0.00024012034,0.0002704606,0.00010133227,5.6038298e-05,6.829015e-05,0.00012625467,3.1658547e-05,4.145236e-05,7.4004296e-05,0.00023415234,0.0002756791,0.0002849634,0.0005764219,0.0009946637,2.7784797e-06,0.00082945713,0.047868647,9.832661e-05,0.00087348296,0.0061255875,6.336188e-06,0.00040089476,0.002832783,0.00021425003,5.0018596e-05,4.1276115e-05,6.862964e-07,1.1446851e-06,0.00089243654,4.695739e-06,4.976227e-06,8.923013e-05,0.00067926716,9.2554306e-05,0.00010669062,0.00015186278,0.0005563224,2.1896765e-05,0.00015297956,0.0006542141,8.595561e-06,0.00033395304,3.7624748e-05,9.371192e-06,1.7609776e-05,5.5575776e-05,0.00013882741,0.00044320954,1.1818136e-05,0.0023667084,6.417961e-05,3.685963e-05,1.991365e-05,1.2394452e-05,0.0013844123,0.0014347846,0.0001399369,4.794858e-05,0.00039339703,9.835333e-05,3.976152e-05,0.0031452791,0.11060233,0.036207594,3.7365015e-05,0.00025960413,1.0648916e-05,5.126077e-06,0.0007897557,1.7060862e-05,0.001713903,2.9833398e-05,0.00021310241,7.506781e-05,0.0005687138,3.9437888e-05,4.9560467e-06,0.00023879862,8.0203645e-05,1.0043916e-05,0.0012647057,0.0002551066,0.0002025587,0.00084100553,1.8391342e-05,0.00045876025,0.00015109076,3.0589414e-05,0.00014022156,2.3484883e-05,1.1841524e-05,5.438927e-05,8.1184655e-05,0.000118275726,0.0001411473,0.00011287324,0.00011765211,0.00020071516,0.7262202,0.0006407764,1.45851045e-05,8.249246e-06,0.00015632853,0.004150497,2.2766904e-05,0.0002628917,0.0002374498,0.0004931126,0.0001829443,6.169012e-05,7.482932e-05,7.306654e-05,0.00038779597,0.0002968614,7.737058e-05,0.0009973339,7.629231e-06,3.2629592e-05,6.055426e-05,0.00017705516,0.0005439934,1.947348e-05,4.5502322e-05,0.0008437483,0.012658369,0.0005252916,0.0002062169,1.5977052e-05,0.000490186,0.00014172481,1.8003217e-05,0.00036462274,5.1339004e-05,0.00015694599,0.001235386,0.0012756931,0.00012233593,0.00024270004,0.00011364446,0.00048815695,4.1167266e-05,2.6977765e-05,6.685466e-05,0.00013603803,0.00015940938,1.0796524e-05,0.0002264186,0.00012753448,0.00038268935,3.5331745e-05,9.4953095e-05,0.0004003057,5.5246943e-05,0.00016690325,0.00038154513,0.00018235983,5.153256e-05,0.0018668826,0.0002546478,5.739684e-05,0.00030788156,1.2818238e-06,0.00016787028,0.0001267542,0.00026224108,0.0009473969,0.0008483123,4.8300717e-05,4.1943968e-05,0.00012446202,9.347667e-05,1.4431595e-05,0.00022630252,0.0035334355,0.7451444,0.00023297765,0.0008065454,0.00014441938,9.253083e-05,3.7607638e-06,3.870157e-05,9.815704e-05,3.5064143e-06,0.00019573758,0.0011006828,4.7447822e-05,4.2007818e-05,2.0554287e-06,0.00013600897,2.269472e-05,0.00087943574,7.38164e-06,0.0001731717
BC2026_Train_0022_S22_20211114_014500_025,9.082511e-06,1.0740378e-06,6.325861e-08,0.00045494153,2.484453e-06,1.7891507e-08,2.4885646e-06,4.019489e-06,2.2408858e-05,0.054585706,0.0012335535,3.320019e-06,6.191468e-07,1.7492358e-08,9.6710245e-08,8.829783e-07,2.2966265e-06,1.0002706e-08,2.6649566e-05,1.0656703e-06,3.6794273e-07,1.4079783e-06,1.2489794e-06,4.1843626e-07,2.49845e-06,6.282525e-08,4.3922028e-06,6.4321e-07,1.833362e-06,0.0001662731,5.9043064e-06,1.039163e-06,2.4665037e-06,8.533576e-06,7.6854656e-07,3.1048537e-06,1.0910173e-05,4.6648645e-07,1.800714e-06,5.2948108e-06,2.9174444e-06,1.1847778e-06,1.5802839e-06,1.003703e-06,4.7474802e-07,4.1470665e-07,3.491075e-07,2.3951768e-07,2.1646896e-07,2.2888635e-07,1.5639331e-06,1.8133511e-06,1.3365885e-06,2.9081968e-06,4.6759114e-06,1.2153248e-07,1.0852567e-05,0.00012639367,2.0208545e-06,3.718687e-06,1.9127932e-05,1.4160429e-06,5.101449e-06,3.9442664e-05,2.833134e-06,2.898304e-06,2.4685812e-07,1.4751795e-07,2.4090894e-09,6.530981e-05,1.4188802e-07,2.531773e-07,8.720743e-06,4.8127924e-05,1.3598105e-05,2.6878639e-05,3.088152e-05,0.0005720887,3.600814e-05,9.075011e-05,0.00014435164,1.1863449e-06,5.051926e-05,1.87576e-06,2.901164e-07,2.389503e-05,1.8532667e-06,0.0003480155,0.00043332094,3.9862054e-05,0.0012733568,0.00010335746,5.2927007e-06,5.6305595e-05,1.4052366e-05,0.00048040575,5.19939e-05,1.051776e-05,4.834477e-06,0.00017679232,4.3187294e-05,7.989516e-07,2.7512486e-05,0.049640533,0.0040357383,2.5228475e-05,1.7653074e-05,2.2237834e-06,4.753978e-06,0.0004296555,2.096494e-06,0.004811435,7.5780863e-06,0.000279961,8.1271486e-05,0.00035281392,1.0995153e-05,8.064328e-06,2.0746533e-05,2.1117517e-05,5.044489e-07,6.0792692e-05,0.00020781808,6.771682e-05,5.4403587e-05,9.274168e-06,0.00059706304,0.00017965863,1.9469044e-05,0.0008094871,8.825297e-06,3.4754623e-05,2.645893e-05,3.8189904e-05,9.966091e-05,1.3596381e-05,2.2136368e-05,3.3153974e-05,0.00015445982,0.97354805,2.6091748e-05,4.6652295e-07,3.7113425e-06,9.7214084e-05,0.0010391511,9.058583e-07,5.3976844e-05,4.7912334e-05,0.0001171898,8.568658e-06,9.697641e-05,6.2436055e-07,4.3208016e-05,5.8972437e-05,0.00013828203,3.717582e-05,0.00019128897,7.240733e-07,6.6858906e-06,9.638715e-06,3.3941626e-05,0.0003284383,6.1834644e-06,3.5777684e-06,0.00020840109,0.0050579775,6.9553535e-05,4.1491976e-06,1.4522593e-06,0.0002393101,0.0002381724,2.9512944e-07,0.000104180945,4.8054502e-05,8.473595e-05,0.0006373419,0.000103859464,0.00014574856,0.00020119055,4.9222035e-06,0.00018872041,2.5529544e-06,0.000161596,2.5570684e-05,3.9260056e-05,1.3238986e-05,2.7222739e-05,0.00017311361,3.2059863e-05,0.0001689568,2.1533233e-05,3.5496454e-05,0.00014022128,2.2660204e-05,0.00012992225,0.00045619046,0.00012517795,6.6982095e-05,0.0022677516,3.4854656e-05,8.129018e-06,8.384799e-05,1.4461478e-06,8.0473845e-05,3.294338e-05,4.8722806e-05,0.002106111,0.00013342714,0.00011164893,0.00012565055,4.368935e-05,5.3863328e-06,2.244506e-06,0.00028975337,0.001996516,0.23941348,8.2049184e-05,1.551481e-05,2.2364231e-06,0.000122578,6.79038e-07,1.2514757e-05,2.0790205e-05,2.4264216e-06,0.00017266636,0.00081326626,1.5722382e-05,2.458351e-05,2.554464e-07,0.00010281201,3.8320684e-07,0.000572876,7.706919e-07,0.00013304928
BC2026_Train_0022_S22_20211114_014500_030,4.2702693e-05,4.58395e-06,4.6410497e-07,0.0021784897,9.059404e-06,4.8950664e-08,1.9112797e-05,2.3538405e-05,0.0007098151,0.1519997,0.02471916,9.865294e-06,1.2506371e-05,2.6050119e-08,1.4438064e-07,6.7225005e-06,4.195637e-06,1.6810528e-08,0.00035918815,8.186659e-06,2.4294316e-06,1.803709e-05,1.6580291e-06,3.6677054e-06,2.6408818e-05,2.7136068e-07,3.6943664e-05,3.97853e-06,6.724963e-06,0.00061976275,2.6424335e-05,5.1365496e-06,1.33673375e-05,3.4910576e-05,4.5819393e-06,1.3882724e-05,1.7458799e-05,2.513837e-06,6.8307804e-06,2.9334022e-05,1.6753856e-05,5.7386533e-06,9.324648e-06,4.911171e-06,9.801055e-07,8.9575565e-07,1.5760231e-06,6.53789e-07,9.730544e-07,1.427028e-06,7.84969e-06,9.3170565e-06,7.2820667e-06,1.7779197e-05,2.0531388e-05,7.625206e-07,3.4885583e-05,0.0042412286,1.3283617e-05,2.0165007e-05,0.0032338984,2.9480082e-06,3.229319e-05,0.00044117955,7.114609e-05,1.1551025e-05,7.905802e-06,8.1389567e-07,2.325282e-08,0.00021784019,2.2109026e-07,4.1654903e-07,2.0467889e-05,0.00022676277,5.131071e-05,5.958765e-05,6.266925e-05,0.0003044899,4.9628907e-06,9.445793e-05,5.22429e-05,2.8259858e-06,8.484371e-05,4.678856e-06,5.83375e-07,3.1487074e-05,3.406331e-06,0.00040550652,0.00025015694,3.853158e-05,0.0023354203,9.971091e-05,1.5059837e-05,6.510349e-05,1.500503e-05,0.00052414427,6.964539e-05,2.3764429e-05,3.8242697e-06,0.00016967475,4.1505245e-05,7.4456136e-07,0.00013957352,0.0964267,0.008050852,1.0349437e-05,1.28977745e-05,5.528529e-06,2.0270465e-06,0.0003769867,5.617866e-07,0.0023183401,7.0504675e-06,0.00010645038,4.8777336e-05,0.00013429203,6.444536e-06,1.5511081e-05,4.1541953e-05,1.7647384e-05,1.763783e-06,9.553883e-05,0.00025095697,2.6261272e-05,0.00031951844,4.9204014e-06,0.0004886078,7.934236e-05,1.64972e-05,0.0012485589,1.788214e-05,1.1274037e-05,2.1103082e-05,2.8554981e-05,4.2982352e-05,9.886013e-06,1.666742e-05,3.916063e-05,6.551779e-05,0.9926341,4.962856e-05,2.4136997e-07,2.0746872e-06,4.861286e-05,0.01850084,7.0264116e-07,2.1319522e-05,4.7555226e-05,0.00017385617,5.619314e-06,5.186994e-05,3.0075353e-07,5.5527038e-05,6.846764e-05,4.122537e-05,4.880963e-05,0.00014473232,1.3997833e-06,3.849598e-06,2.0584164e-05,3.7022663e-05,0.00011401253,9.192305e-06,6.8701474e-06,0.00050238176,0.009523605,8.419845e-05,2.5174688e-05,1.5952929e-06,0.00027807418,9.545259e-05,7.027383e-07,9.783717e-05,1.4670871e-05,3.6615093e-05,0.0008465644,0.00021902483,7.360805e-05,6.2499996e-05,1.3064925e-05,8.0578815e-05,5.7423763e-06,0.00016709464,4.5218945e-05,6.770153e-05,1.4428002e-05,3.208069e-05,4.362049e-05,3.1820662e-05,4.389779e-05,1.3681695e-05,2.6127902e-05,0.0002351894,2.077247e-05,7.1348964e-05,0.00025718048,0.00013785902,4.9154023e-05,0.0010588953,2.6944466e-05,2.7792985e-06,8.175286e-05,5.8427594e-07,0.00011221525,3.595677e-05,4.777058e-05,0.0016061404,0.0006303516,7.5186086e-05,1.8571749e-05,4.159222e-05,6.504763e-06,1.9625556e-06,0.000120117234,0.005997899,0.039953332,9.206489e-05,4.0712355e-05,3.404996e-06,0.0001079855,6.8464055e-07,9.160346e-06,3.947009e-05,3.719822e-07,4.860498e-05,0.0006625938,1.2309743e-05,1.1674663e-05,1.2594569e-07,2.581536e-05,2.0733223e-06,0.00022171912,1.77085e-06,0.00011661081
BC2026_Train_0022_S22_20211114_014500_035,1.7548353e-05,1.4552013e-06,3.5633542e-07,0.001900523,6.5909553e-06,1.9567544e-08,1.671685e-06,3.3314405e-05,0.0004650324,0.06818956,0.008422908,8.2711557e-07,3.6019385e-06,7.2451796e-09,1.13621205e-07,7.0753626e-06,1.0516059e-06,4.7315e-09,6.137051e-05,2.0190976e-06,2.4474728e-06,5.961236e-06,1.2794568e-06,5.479711e-07,1.4484459e-05,1.5230916e-07,9.58382e-06,4.9364144e-06,1.6467492e-06,0.00014516451,1.0561483e-05,2.1456397e-06,4.3871078e-06,7.8767225e-06,1.3801413e-06,4.7607878e-06,4.8916277e-06,5.6194943e-07,2.3520806e-06,9.93644e-06,4.308524e-06,2.1775859e-06,1.897867e-06,2.113733e-06,3.9404193e-07,3.6441497e-07,5.069823e-07,1.692139e-07,2.5565842e-07,3.2159727e-07,3.1600582e-06,4.0055643e-06,3.1663537e-06,3.4774887e-06,7.284234e-06,2.3730087e-07,6.067117e-06,0.00469069,3.2449582e-06,1.7900124e-05,0.0011607435,2.7639786e-07,4.625509e-05,0.0007468737,1.6040165e-05,8.885171e-07,4.2374572e-06,1.9517435e-07,4.4636685e-09,6.665719e-05,6.6460686e-08,1.2523365e-07,2.029504e-05,0.001228676,1.4784085e-05,1.6936314e-05,6.22046e-05,0.00035777723,2.2024078e-06,2.946119e-05,4.3861426e-05,1.7129363e-06,6.389016e-05,4.811126e-06,1.9242593e-07,1.3636559e-05,1.5858487e-06,0.00010671513,0.00022190227,4.556961e-06,0.00038805444,3.599482e-05,8.144794e-06,1.0608219e-05,3.7709306e-06,9.954893e-05,8.344239e-05,3.4846958e-06,1.3479776e-06,4.3490192e-05,1.7509035e-05,7.4696743e-07,0.00012391279,0.053779267,0.012926507,4.471661e-06,1.0129508e-05,1.2567242e-06,8.7203904e-07,0.00029789456,2.0213022e-07,0.0011514463,2.2352885e-06,5.3145322e-05,1.0203074e-05,2.8616723e-05,3.957939e-06,1.476369e-06,3.5497942e-05,4.9199743e-06,5.4580664e-07,5.9170332e-05,0.00010026057,1.7187145e-05,0.00071153237,1.3183287e-06,0.00017483416,6.9186004e-05,4.75234e-05,6.755268e-05,4.2976817e-06,5.4224984e-06,5.8933933e-06,1.767607e-05,2.3357014e-05,1.5323973e-06,4.146986e-06,1.4560284e-05,0.00019464678,0.89983827,2.3544311e-05,8.115969e-08,1.0699117e-06,1.0370847e-05,0.0007297015,1.1097865e-06,1.4173158e-05,1.6462845e-05,2.4277588e-05,3.9346173e-06,5.448687e-05,6.105892e-07,4.2265747e-05,3.988068e-05,1.3620093e-05,3.315584e-05,8.902624e-05,6.510601e-07,1.2735222e-06,1.6561704e-05,4.000529e-06,3.7757203e-05,8.142076e-06,3.26593e-06,0.00038901545,0.012647997,3.520703e-05,2.9449172e-06,5.029535e-07,0.00014434243,3.6053567e-05,2.6509483e-07,3.6335878e-05,1.2976044e-05,9.414861e-06,0.00015342598,0.00044516282,2.5715328e-05,2.2436316e-05,7.735815e-06,0.00010721432,8.918501e-06,3.5805668e-05,1.4222431e-05,1.7532177e-05,5.311688e-06,1.8298882e-05,8.1392944e-05,2.292355e-05,3.558115e-05,1.7940318e-05,4.117594e-05,0.00012118324,5.3224376e-06,3.5770514e-05,0.000105649255,3.7101763e-05,3.2636748e-05,0.0005018134,4.0516916e-05,9.72269e-06,5.7226545e-05,6.0722414e-08,0.0001283787,3.919758e-05,6.271283e-05,0.0002946704,0.00014291903,1.9281151e-05,6.6549555e-06,6.8074332e-06,3.104525e-06,8.333388e-07,7.756872e-05,0.0054080253,0.062849015,3.4916036e-05,1.7595255e-05,2.1350013e-06,7.4130796e-05,5.865582e-07,1.1107268e-05,2.8079892e-05,1.3898928e-07,1.4558715e-05,0.0003650043,5.091573e-06,1.3228398e-06,2.6184221e-08,4.645468e-05,8.939508e-07,6.2141335e-05,8.29169e-07,7.519204e-05
BC2026_Train_0022_S22_20211114_014500_040,1.4421827e-05,3.1867628e-06,1.7744291e-07,0.011781535,3.6478116e-06,7.2771584e-09,1.5493077e-06,7.940901e-06,0.0016100025,0.021854553,0.03308764,8.056789e-08,6.9760213e-06,1.9494186e-09,5.6177694e-08,5.7290076e-06,1.6014435e-07,1.4446507e-09,0.00040749114,9.758786e-07,5.20544e-06,8.282773e-06,2.6228838e-07,1.4507408e-06,4.0843443e-06,1.6572871e-08,1.1163562e-05,8.3388665e-07,2.3277565e-07,0.00012071305,2.3498102e-05,2.6613416e-06,9.3339195e-06,2.1405718e-05,3.3024771e-06,9.735261e-06,2.734394e-06,9.626779e-07,4.520649e-06,2.4300982e-05,1.2782183e-05,5.4988573e-06,6.1585706e-06,3.5825722e-06,6.848175e-07,6.231702e-07,1.831466e-06,2.994893e-07,4.695864e-07,7.1481907e-07,6.197557e-06,7.3193364e-06,6.5165855e-06,8.8656625e-06,2.0883721e-05,6.770974e-08,1.2231352e-05,0.11764848,5.451018e-07,5.0129715e-05,0.0044188234,2.2233161e-07,1.4178256e-05,0.001470362,4.0473435e-05,2.4007267e-07,1.9703157e-05,4.0970168e-08,4.5741864e-09,2.8911934e-05,1.0795394e-07,3.8537856e-08,9.464053e-07,6.129278e-05,9.091514e-06,2.9622488e-06,3.678711e-05,5.5353517e-05,1.0595546e-06,1.6339873e-05,2.0024101e-05,3.519513e-07,1.1303212e-05,4.4089967e-07,4.9505303e-08,5.6494036e-06,4.4573798e-07,5.6020133e-05,0.00010514043,1.2576367e-06,0.0004973315,7.473882e-06,2.4290425e-06,4.6898854e-06,1.8313907e-06,0.00022510749,0.00011284116,6.9371513e-06,1.6736647e-06,1.8492858e-05,3.9031456e-06,1.962556e-07,0.00032105096,0.08479638,0.003540107,1.9756876e-06,2.6276607e-06,2.8161017e-07,4.77273e-07,4.389222e-05,3.4661205e-08,0.000578469,6.679688e-07,3.6186098e-06,2.9749006e-06,5.8532332e-06,3.8678436e-06,2.580548e-07,7.790899e-06,1.5144273e-06,1.640251e-07,1.536713e-05,1.4482911e-05,1.29301525e-05,0.0002896357,2.870697e-07,9.6485775e-05,9.236215e-06,3.3639437e-06,6.8464583e-06,4.611371e-07,2.7658007e-06,5.705289e-07,9.271588e-07,5.0206686e-06,1.2078897e-06,4.648443e-06,7.874102e-06,3.2770917e-05,0.50129795,2.7703472e-05,2.1145459e-08,8.196474e-08,6.6339117e-06,0.0007723498,2.053711e-07,5.1625775e-06,2.0379923e-06,2.2218452e-05,9.859066e-07,9.058765e-07,8.700258e-08,1.4631008e-05,5.936846e-06,2.805409e-06,7.876821e-06,3.884063e-05,7.8562664e-08,6.5090734e-07,1.0457683e-06,4.1787555e-07,8.275422e-06,1.0326085e-06,9.1218334e-07,0.000117677584,0.0036767041,3.0624178e-05,1.234659e-05,1.1905516e-07,7.4105636e-05,3.811928e-05,2.4738674e-07,6.195861e-06,4.2963866e-06,2.594681e-06,0.00015649664,0.00011745214,2.4712742e-06,1.1921449e-06,1.8922626e-06,2.0134206e-05,1.5320948e-06,7.573347e-06,1.0099125e-05,3.2956043e-05,5.1156308e-06,1.5027939e-06,4.0914047e-06,6.716797e-06,2.3909413e-05,1.0464956e-06,1.1153812e-05,2.3957093e-05,3.0611022e-06,5.733003e-06,1.6461636e-05,4.2389565e-06,2.8456361e-06,0.00017415216,3.7682382e-06,9.508608e-07,0.00017655465,4.578804e-09,5.5386103e-05,6.5671943e-06,8.753288e-06,4.0966203e-05,0.0001379278,2.0642233e-06,5.9280546e-06,2.0491539e-06,6.894182e-07,3.4580714e-07,5.796477e-05,0.010067687,0.007376069,2.1332946e-05,9.040235e-06,1.0657344e-06,5.6131703e-06,9.223808e-08,4.6743867e-06,7.682902e-06,8.66298e-09,7.461191e-06,0.0001427492,5.9369427e-06,8.025415e-07,1.4202125e-09,1.0546687e-05,6.180607e-07,2.5297668e-05,3.709467e-07,7.782196e-06
BC2026_Train_0022_S22_20211114_014500_045,8.277592e-06,7.202203e-05,1.4956236e-06,0.0980116,2.0769972e-05,3.9830404e-08,1.3731268e-06,4.91709e-06,0.001521728,0.4844493,0.1174595,3.7544027e-07,1.7131459e-05,4.978483e-08,4.3313253e-07,1.5662552e-05,2.213471e-06,4.0174736e-08,0.00014491474,3.5271778e-06,1.01270925e-05,3.6594425e-05,1.2067371e-06,2.3657565e-05,3.8326358e-05,1.8853642e-07,2.0047948e-05,1.0823521e-06,5.4242664e-06,0.00020422126,0.0007237548,4.0915682e-05,0.00017822439,0.00072932953,4.8342787e-05,0.00013915305,5.1489576e-05,2.521794e-05,0.00018038746,0.00027189084,0.00048687877,0.00012605739,0.00015829096,4.8931175e-05,2.6201558e-05,2.9191115e-05,7.7939905e-05,1.0220556e-05,1.7780281e-05,2.9411247e-05,0.00011115815,0.00013933415,0.00011818983,0.00031691603,0.0006070964,6.32258e-07,0.0001794027,0.044332445,2.3295173e-05,0.00010737189,0.0004999786,2.487141e-06,4.5561508e-05,0.0005221977,4.448079e-05,4.6990763e-06,6.124704e-05,1.7399044e-07,8.109825e-08,0.0001479558,9.543776e-07,4.3706905e-07,8.606559e-06,9.0512185e-05,2.667311e-05,2.039748e-06,4.664036e-05,0.00066599424,2.6515374e-06,8.842173e-05,7.539315e-05,1.1044176e-06,0.00012929011,1.3809904e-06,1.1302103e-06,9.988551e-06,1.8263206e-06,1.8839146e-05,0.00017546512,3.0784975e-06,0.001260535,1.9236666e-05,1.6815899e-05,1.969833e-06,6.7299925e-06,0.0076442575,0.0017775411,2.6639173e-05,2.435116e-05,5.495107e-05,7.660207e-06,4.517335e-06,0.00044464413,0.23459934,0.011495918,7.829376e-06,5.5339064e-05,1.9599538e-06,5.4569964e-06,0.00019172266,1.6324951e-06,0.002905392,4.5406064e-06,2.5022795e-05,3.7806523e-05,0.00014590862,2.0006331e-05,1.5479224e-06,8.731821e-05,2.5509185e-05,1.4756554e-06,0.00016632226,0.00014309086,0.00017358054,0.00016447282,2.3202283e-06,0.000110307396,5.0756065e-05,2.5828383e-06,2.9218714e-05,9.859857e-06,8.656939e-06,3.2182477e-06,6.350695e-06,2.5865755e-05,1.0182089e-05,2.5365767e-05,3.139844e-05,0.0004059604,0.82107687,8.761204e-05,7.186606e-07,1.2123455e-06,7.716384e-05,0.019150114,1.3034755e-06,3.8517916e-05,0.00011676013,0.00024035234,4.9621617e-06,1.0777945e-05,1.4144529e-06,2.3248102e-05,4.271206e-05,2.3208582e-05,2.988388e-05,0.00022590237,5.9395876e-07,5.7274287e-06,4.7712283e-06,9.389146e-06,9.402818e-05,2.933814e-06,1.0155876e-05,0.00020357559,0.0035964875,0.00026730893,4.7982518e-05,2.6547988e-07,0.00016577316,9.36003e-05,3.0372805e-06,0.00019313747,1.3798919e-05,6.793901e-05,0.0001778121,0.0006142553,1.0525968e-05,4.1970456e-05,6.2792765e-06,0.00015869703,3.2619705e-06,2.7226424e-05,2.253229e-05,8.439507e-05,1.3309599e-05,1.7817883e-06,6.413568e-05,2.9352348e-05,0.00017221518,5.1977513e-06,0.00026790085,5.6299526e-05,5.9788923e-05,6.0641047e-05,0.0005795645,2.9026029e-05,1.2191234e-05,0.0010151162,2.4738378e-05,2.3646396e-06,8.680613e-05,3.8467508e-07,0.00012469616,2.786425e-05,6.2510124e-05,0.0004989804,0.0011323489,1.3219961e-05,1.358394e-05,5.331247e-06,6.4988044e-06,6.1230526e-06,0.00020051643,0.0059782076,0.27937892,2.6879792e-05,8.451257e-05,8.490584e-06,5.47213e-05,2.0982273e-07,4.6935543e-06,1.2350536e-05,1.5470059e-07,5.223339e-05,0.00024349435,3.8079204e-05,1.1555651e-05,4.2121448e-07,3.4554683e-05,2.1204119e-06,0.00039551264,3.5826579e-06,8.114217e-05
BC2026_Train_0022_S22_20211114_014500_050,8.5847765e-05,5.9289814e-06,1.7539604e-07,0.0049554007,1.3998264e-05,6.724295e-08,3.1036285e-05,2.5749932e-05,8.744386e-05,0.22267564,0.015271594,1.2751963e-05,6.743735e-06,3.621381e-08,2.5406567e-07,6.243157e-06,3.3234846e-06,2.050231e-08,0.00023882822,7.555464e-06,2.7861986e-06,1.32026125e-05,1.3347161e-06,2.06506e-06,4.611895e-06,3.1027145e-07,9.777709e-06,2.5096117e-06,2.3597443e-06,0.001221982,3.454674e-05,4.82233e-06,1.28882575e-05,3.3578537e-05,4.374683e-06,1.44341e-05,1.1859946e-05,1.9743052e-06,9.469655e-06,2.6790427e-05,1.2854723e-05,7.285053e-06,1.0146262e-05,4.9841638e-06,1.4640195e-06,1.3728898e-06,2.1871972e-06,9.541837e-07,1.2716885e-06,1.4213481e-06,1.1079919e-05,1.47614055e-05,1.04328665e-05,1.0902298e-05,2.4250767e-05,4.1502435e-07,4.405636e-05,0.0023796537,2.0301755e-05,1.5328578e-05,0.00027289745,9.7040975e-06,2.7409671e-05,0.00031447783,1.4457948e-05,5.496828e-06,4.455736e-06,4.3758874e-07,1.9308725e-08,0.000115310235,2.8880544e-07,4.0283584e-07,1.1059914e-05,5.501137e-05,2.3194687e-05,3.169972e-05,4.384633e-05,0.00096838415,1.606302e-05,6.941889e-05,0.00015852084,1.4877128e-06,6.158473e-05,1.2418685e-06,5.3253495e-07,0.00015621232,1.6576195e-06,0.000604436,0.00031094113,3.5524088e-05,0.0012573812,8.9918765e-05,4.7347803e-06,1.44647875e-05,1.39032445e-05,0.002250516,0.000114400435,1.6331165e-05,1.3419156e-05,0.00012146751,1.7245235e-05,7.083445e-07,0.0001321943,0.100430615,0.008260695,1.4052609e-05,1.3436507e-05,1.8213086e-05,1.1619226e-05,0.0004943193,1.4584789e-06,0.0014991581,1.6242586e-05,0.00011661182,7.107157e-05,0.00021832572,2.4903002e-05,1.4254871e-05,1.8446883e-05,1.3652981e-05,1.9377626e-06,7.32068e-05,0.00032686177,4.5207606e-05,0.00018410449,1.0608037e-05,0.00092513143,3.715622e-05,9.213623e-06,0.0005417353,5.936388e-06,4.4912358e-05,1.0766964e-05,2.5603014e-05,0.00011889245,1.015359e-05,4.0382176e-05,6.059827e-05,0.00016429382,0.97435486,5.3335873e-05,4.3978895e-07,6.4808933e-06,8.607441e-05,0.007784889,1.6769176e-06,5.107015e-05,8.5185995e-05,3.804124e-05,1.4140971e-05,3.7019166e-05,4.7752246e-07,2.8403349e-05,0.00013612211,7.843535e-05,7.7628734e-05,0.00015479111,1.0121726e-06,4.161772e-06,4.6908467e-06,2.0222858e-05,0.00017157776,4.11952e-06,1.22526235e-05,0.0002188236,0.004789786,2.6249001e-05,3.4237913e-05,5.1182565e-06,0.000709036,0.00033232564,5.294364e-07,0.0001356603,0.00012127827,9.989525e-05,0.0010951489,7.280149e-05,4.454795e-05,0.00015318698,8.383956e-06,0.00010250247,7.947393e-06,0.00012687438,2.7690108e-05,5.198557e-05,1.0765095e-05,2.4544228e-05,6.223011e-05,0.00013680955,0.0010558391,1.1103551e-05,3.8731552e-05,0.0002081197,7.38773e-05,7.474651e-05,0.0016896172,8.1979735e-05,0.00012997641,0.0010646827,9.5751775e-06,8.645652e-06,7.388844e-05,2.1079618e-06,0.00036482944,3.6283105e-05,5.346899e-05,0.0023273958,0.0002432491,9.104473e-05,0.000157071,2.7593653e-05,4.4002522e-06,3.285846e-06,0.00026301705,0.011115895,0.010060732,9.285186e-05,3.5520803e-05,3.549158e-06,0.00013263243,3.0149233e-06,1.4383491e-05,5.172368e-05,1.4282915e-06,8.0563455e-05,0.00034826112,1.475607e-05,3.01858e-05,6.2380826e-07,5.4872835e-05,4.0592295e-07,0.0002555036,4.2394095e-06,0.00022349498
BC2026_Train_0022_S22_20211114_014500_055,7.5151497e-06,3.093442e-06,5.2254967e-07,0.0026833096,2.627523e-06,3.6149213e-08,1.3688677e-05,1.9766243e-05,0.00032100992,0.221531,0.05710945,8.681236e-06,9.081427e-06,2.854369e-08,1.2738923e-07,3.0782126e-06,5.5010023e-06,1.878443e-08,0.00014645893,6.248607e-06,1.498309e-06,5.7468687e-06,1.2268737e-06,2.8154088e-06,7.161099e-06,1.3990008e-07,2.3614173e-05,3.4271588e-06,7.5576186e-06,0.0011754435,2.4682551e-05,3.5245819e-06,8.856096e-06,2.509123e-05,3.7012333e-06,9.444881e-06,7.924257e-06,1.1784718e-06,7.363366e-06,1.7723822e-05,1.22065785e-05,4.82752e-06,7.909611e-06,3.2259572e-06,7.160473e-07,6.552772e-07,9.946876e-07,4.8215986e-07,5.561902e-07,6.5674993e-07,7.0110955e-06,7.1988484e-06,5.319079e-06,1.6697328e-05,1.1620577e-05,7.38046e-07,2.3203536e-05,0.0027620068,1.2694934e-05,1.6199703e-05,0.0015551185,4.4959615e-06,2.1186503e-05,0.00016256285,2.0124013e-05,9.126731e-06,8.729412e-06,9.813804e-07,1.7107855e-08,0.0005169907,3.1466982e-07,5.457483e-07,2.1526273e-05,0.00019152608,4.3845328e-05,3.748772e-05,8.038978e-05,0.0003938505,6.6730804e-06,9.9475954e-05,9.2974136e-05,1.6222148e-06,0.00022577491,5.3355902e-06,5.7504366e-07,3.079641e-05,4.8127645e-06,0.0007898057,0.0004516177,6.9529204e-05,0.002681589,0.00011441375,2.3098732e-05,4.0740633e-05,1.833254e-05,0.00084181165,0.0003942955,2.0677639e-05,7.858363e-06,0.00015240807,3.1886248e-05,7.6634285e-07,8.5070074e-05,0.11410858,0.0065114936,1.3465897e-05,1.4877674e-05,6.2946247e-06,2.7540273e-06,0.0003414068,5.7865856e-07,0.0042427657,7.188194e-06,9.4063435e-05,6.8254536e-05,0.00012947444,1.0914367e-05,1.2653005e-05,5.6956775e-05,2.248736e-05,1.9076697e-06,0.00012513426,0.00021635563,3.5538116e-05,0.00010466158,4.9103046e-06,0.00067872065,9.7308126e-05,1.3753305e-05,0.0014947184,2.1040685e-05,3.345637e-05,2.090903e-05,3.0140096e-05,7.070606e-05,7.0452775e-06,1.3699869e-05,5.598083e-05,0.00013510417,0.99223375,9.051796e-05,2.5037426e-07,2.1188634e-06,0.0001246977,0.017588679,4.832965e-07,3.1916577e-05,5.9599875e-05,0.00020788725,8.875966e-06,0.00012680993,2.6299796e-07,0.0001245778,8.104867e-05,5.0493873e-05,7.372438e-05,0.0001339926,7.6920645e-07,5.6368112e-06,9.3336075e-06,2.5921832e-05,0.00016543306,8.970107e-06,5.2039118e-06,0.0006447518,0.011932201,8.4403924e-05,1.5637073e-05,1.5414054e-06,0.00029385375,0.00018843489,8.562814e-07,6.849507e-05,2.6489608e-05,3.3981978e-05,0.0006473122,0.00020022584,5.43265e-05,8.8814e-05,1.0502495e-05,0.0001280453,4.4834037e-06,0.00022633055,9.855283e-05,9.929703e-05,1.4453757e-05,2.8180732e-05,4.17887e-05,4.528648e-05,3.224909e-05,2.4086066e-05,4.61862e-05,8.699863e-05,2.9341856e-05,0.00014876838,0.00035525515,0.00011572175,2.4237683e-05,0.0020731704,1.9346702e-05,2.5214867e-06,8.857473e-05,9.4264277e-07,0.00025209342,3.52028e-05,5.888562e-05,0.0052160267,0.0005560524,0.0001277453,3.4461747e-05,2.2882814e-05,5.2415508e-06,3.3633696e-06,0.0002563821,0.00715331,0.030311776,8.0266684e-05,6.474724e-05,3.669913e-06,0.00014097299,6.562071e-07,8.2951765e-06,5.576727e-05,5.7169234e-07,8.468497e-05,0.0005569917,2.0441517e-05,1.9059793e-05,2.2313858e-07,3.283273e-05,1.25513e-06,0.0004227903,1.7302278e-06,0.00011783624
BC2026_Train_0024_S22_20211123_004500_000,0.00023635724,9.744156e-05,3.567938e-05,0.0061429227,2.9323253e-05,9.3942725e-07,2.992466e-05,6.885345e-06,2.266764e-05,0.0032486846,0.0003536206,0.0012673548,1.1483436e-06,9.052912e-08,2.2363602e-07,9.963145e-05,1.9016102e-06,7.426567e-08,2.8673598e-05,1.6389595e-05,3.834405e-05,5.5064746e-05,6.4724154e-05,9.161097e-06,0.00020083519,1.0615709e-05,6.434753e-06,0.0012040988,0.01355391,0.6585359,7.890354e-05,0.00013878467,4.6794376e-05,8.600467e-05,2.4568442e-05,0.00047678303,7.223512e-05,1.5457981e-05,1.0934234e-05,0.00027377595,4.15867e-05,1.551379e-05,2.1978878e-05,0.00020602254,1.1778678e-05,1.1842077e-05,1.6195208e-05,6.4742153e-06,6.9355365e-06,1.02482745e-05,2.5437252e-05,3.0658426e-05,2.4440755e-05,1.7631504e-05,0.00069629704,3.2358726e-06,4.382238e-05,0.0038981207,0.00026607953,2.95635e-06,0.0058453754,3.1777765e-06,0.0022956152,0.0035226436,2.9853461e-05,6.2961684e-05,0.0005489262,1.7287568e-05,3.7864987e-07,7.059462e-05,2.0509818e-08,9.1946475e-07,1.6188507e-05,3.4982862e-05,0.0031161814,0.00024449654,8.3386156e-05,0.00016291527,1.892948e-05,0.00011923885,7.305477e-05,3.845595e-06,0.00021395262,1.7043332e-05,5.9111902e-05,6.830937e-05,1.5220708e-06,6.415176e-05,0.0004535144,1.074701e-05,0.016708761,0.0009583954,5.0704803e-06,0.0005857828,0.00016113289,0.00022677725,9.2425614e-07,2.0250263e-05,2.4887571e-05,0.00047243902,6.18346e-05,2.6727514e-07,0.00032164284,0.660152,0.0035667177,0.00018284174,1.8059802e-06,1.3799932e-05,2.6850483e-05,0.00012926164,5.5868935e-07,0.0038442325,1.9928146e-05,2.4728612e-05,1.2620009e-05,0.0008702753,6.9230405e-06,5.448349e-05,3.9295417e-05,7.940249e-06,3.2127653e-05,4.27885e-05,3.6558533e-05,0.00035717877,0.52313286,6.782478e-06,0.00019356373,3.5443383e-05,0.00016012233,3.3970446e-05,0.00032632626,2.5025656e-05,0.00018499735,5.0685508e-06,1.1984409e-05,6.969026e-07,0.00016577412,0.0004137436,6.536995e-06,0.004046438,3.477017e-05,3.075094e-06,2.86816e-06,1.88281e-05,0.0011617596,8.2940314e-05,2.2851435e-05,1.392186e-05,1.131446e-05,1.8662904e-05,2.6735144e-05,8.37797e-06,3.3614353e-05,2.1938045e-05,0.009434761,7.871827e-06,4.9153838e-05,9.561924e-07,1.3037967e-05,4.5453922e-05,5.6503e-05,0.00019912217,0.00018884588,1.2085604e-05,1.7932654e-05,0.0011396006,4.9572936e-05,1.6437587e-05,3.906415e-06,0.00035177296,0.00042112762,5.0545573e-06,0.00011211312,0.0002853378,0.00023891956,9.0303205e-05,7.217932e-06,1.8122455e-05,8.68149e-05,0.00051390653,4.858584e-05,3.925109e-06,0.00032865725,6.7981687e-06,0.00031195814,5.2100395e-06,1.863763e-05,0.0005561114,3.770208e-05,0.0022032524,5.256694e-06,9.5732066e-05,3.426153e-05,2.403976e-05,0.00038901728,0.000266211,4.384453e-05,1.7087126e-05,5.3626576e-05,6.121863e-07,0.00031939324,9.659373e-06,5.402618e-07,0.00054165215,0.00012481894,0.002871295,0.00132085,0.012012533,0.0001240135,0.00016424527,1.4850317e-05,3.1579482e-05,1.4230325e-05,0.000439884,0.0486242,0.0023727415,6.0102473e-05,1.3197928e-05,5.061167e-07,0.00019474496,3.880716e-05,1.6360502e-05,2.1632046e-05,2.2063516e-06,3.91459e-06,0.001033156,1.9314368e-05,7.8775865e-06,4.8988823e-06,7.9374906e-05,1.9799378e-07,0.00018070558,0.00022319578,9.358236e-05
BC2026_Train_0024_S22_20211123_004500_005,4.9865835e-06,4.331685e-05,7.5070416e-06,0.009473016,2.5635575e-06,1.4101724e-07,1.2021507e-05,2.8124596e-06,2.9555713e-05,0.01095519,0.00061922637,0.0010038874,2.6005347e-07,2.2035662e-08,9.7141545e-08,0.00019754181,5.82665e-07,1.7157658e-08,4.1448566e-05,1.04758565e-05,1.4630645e-05,6.199106e-05,3.456978e-06,6.8706063e-06,0.000198525,7.858842e-07,8.01162e-06,8.869348e-05,0.0004429648,0.34076053,3.9462226e-05,4.813224e-05,3.0784053e-05,6.127455e-05,1.536272e-05,0.0001655967,5.852604e-05,8.988355e-06,7.656023e-06,0.00014558299,3.4771925e-05,9.371541e-06,1.2000993e-05,6.5425505e-05,4.936292e-06,5.4538073e-06,8.010099e-06,2.5692552e-06,3.9267975e-06,5.722619e-06,1.16159135e-05,1.19380165e-05,9.592122e-06,1.6242291e-05,0.00034686897,8.892123e-07,3.8410915e-05,0.0130634,0.00020942671,3.8086193e-06,0.08607417,1.5586471e-07,0.0002813197,0.003194804,4.1438132e-05,9.656788e-05,0.00034421906,4.621246e-06,8.414793e-08,6.12492e-05,3.7106602e-09,9.8296745e-08,6.2578865e-06,1.4898035e-05,0.0013531168,5.8618425e-05,2.4489867e-05,7.582185e-05,2.6633154e-05,3.2197066e-05,3.0052757e-05,2.2796191e-06,0.0002673222,1.3716629e-05,7.014265e-06,1.8514012e-06,4.1033752e-07,2.8465689e-05,0.00030294017,4.9272194e-06,0.0028386049,0.0002835166,3.458168e-06,0.00032575926,2.516883e-05,3.826657e-05,6.1855604e-07,2.498881e-05,1.0438728e-05,0.00033561655,1.951639e-05,1.980612e-07,5.1598156e-05,0.61397046,0.0020839968,3.1856096e-05,2.509415e-07,1.0847959e-06,8.782813e-06,0.00021149902,5.784042e-07,0.0020226045,8.221311e-06,9.017495e-06,4.8537595e-06,0.00020291285,1.9462655e-06,2.68699e-05,1.6672093e-05,2.5466513e-06,8.289821e-06,2.679053e-05,1.9459872e-05,0.0001454412,0.44783634,1.6915823e-06,0.000120644814,4.717005e-05,1.9508074e-05,8.971407e-06,5.0442188e-05,4.94876e-06,0.00010100282,2.6071402e-06,1.2538605e-06,4.084272e-07,7.98714e-05,0.0005748448,2.2039417e-06,0.014476581,7.618928e-06,1.6048422e-06,3.7856788e-07,1.1894107e-05,0.00067923864,0.00011316724,1.7362909e-06,1.5818341e-06,2.0880056e-05,2.4011922e-06,3.853422e-06,9.25807e-07,5.5752757e-06,6.0300667e-06,0.020211412,1.9606475e-06,1.7139924e-05,4.4508803e-07,1.0074671e-05,1.1922339e-05,0.00016635319,7.1692775e-05,9.764793e-06,5.2783303e-06,7.353809e-06,0.0035394563,2.0324052e-05,1.0124524e-05,7.593616e-07,9.452181e-05,5.363885e-05,1.1030104e-06,2.9992634e-05,3.595365e-05,5.181615e-05,3.030241e-05,1.6087175e-06,4.73459e-06,1.7422904e-05,0.00012750117,1.5339017e-05,3.833651e-07,0.00034309205,4.3958107e-06,0.00020794137,3.4987017e-06,8.180174e-06,0.00015806849,4.2673005e-06,0.00018604012,1.0596668e-06,1.464223e-05,1.2494937e-05,1.3086685e-05,8.6551874e-05,5.617398e-05,7.954741e-06,9.755002e-06,3.8057024e-05,1.17986126e-07,8.766804e-05,5.065038e-06,8.2129226e-08,5.0575076e-05,1.1718735e-05,0.0010368793,0.0037187554,0.0041713235,3.3161217e-05,5.365266e-05,8.676908e-06,1.7487191e-05,3.4452182e-06,0.000182011,0.016772652,0.004651084,4.3793632e-05,2.4224879e-05,1.1634295e-07,3.5288813e-05,5.8258893e-06,1.5432866e-05,2.7712007e-05,6.5289805e-07,2.0215716e-06,0.0008163436,9.814806e-06,1.9723725e-06,9.1384635e-07,9.1836126e-05,1.6016756e-07,9.549601e-05,5.1030034e-05,2.5394183e-05
BC2026_Train_0024_S22_20211123_004500_010,3.7461632e-05,0.00014328324,1.8801704e-05,0.008825329,2.7089314e-05,3.184835e-07,1.2090665e-05,7.218421e-06,1.877866e-05,0.0036227542,0.00024640805,0.0017025254,1.1972949e-06,8.403645e-08,3.4614501e-07,0.00018408272,6.435763e-07,6.3133974e-08,1.1882803e-05,2.239463e-05,3.8753125e-05,9.496343e-05,4.1921092e-05,1.1367824e-05,0.00023806139,4.9489154e-06,4.7403914e-06,0.00012824508,0.008847827,0.5821274,0.000100222045,0.00018282136,8.1135746e-05,0.00011841251,3.1181626e-05,0.0007041465,7.930386e-05,2.1869133e-05,1.32951745e-05,0.000397401,7.243875e-05,2.228266e-05,3.105047e-05,0.0003202311,1.304885e-05,1.4966216e-05,2.3058567e-05,8.7578965e-06,9.660912e-06,1.59129e-05,3.2023956e-05,3.7678463e-05,3.0170808e-05,2.564864e-05,0.0012230945,2.3658758e-06,8.16027e-05,0.0043844506,0.0003764523,1.7933705e-06,0.0071691833,3.8378794e-06,0.0061319023,0.003327654,3.0215208e-05,3.145229e-05,0.0007878735,7.98445e-06,1.7691723e-06,8.123538e-05,7.900366e-09,2.11309e-06,1.6512484e-05,1.761228e-05,0.00350338,0.000105920415,3.3769153e-05,0.00014473232,1.618979e-05,0.00026880938,0.00014518044,1.076811e-06,0.00030150672,2.5994463e-05,0.00010002765,2.5708023e-05,5.935947e-07,3.4809385e-05,0.0004361381,5.6935987e-06,0.010648085,0.00030976415,2.4348642e-06,0.00018492028,0.00015751465,6.511604e-05,7.617196e-07,3.5391906e-05,1.1648816e-05,0.001290047,3.0779676e-05,1.941361e-07,0.00012355376,0.59407324,0.0029655036,5.7054734e-05,7.1785234e-07,1.3485752e-05,2.449071e-05,0.00014425065,1.3033026e-06,0.004831076,2.5191212e-05,1.9555255e-05,4.8621077e-06,0.00040633033,4.23004e-06,0.00013660242,1.5429614e-05,7.86023e-06,2.4576315e-05,3.553039e-05,1.618988e-05,0.00040947009,0.33546135,9.461712e-06,0.00025891818,8.717441e-06,2.843552e-05,2.6237716e-05,0.0007142883,2.7621376e-05,0.00019766335,5.653468e-06,4.599109e-06,2.6875813e-07,0.00021970102,0.00019365527,2.561524e-06,0.0022575853,2.6165751e-05,1.1946206e-05,3.3244355e-06,1.0433592e-05,0.0007526392,0.00024772153,1.3989683e-05,3.1165716e-06,1.1692658e-05,2.0102721e-05,3.4311e-05,2.3603388e-05,2.267925e-05,1.3128285e-05,0.008909796,3.888581e-06,2.1356496e-05,6.435474e-07,1.5185986e-05,2.837051e-05,8.6331704e-05,8.353697e-05,6.021744e-05,1.3978653e-05,8.052893e-06,0.0007558445,3.5732497e-05,1.4773108e-05,3.0225237e-06,0.00033842534,0.00014621949,4.1675744e-06,4.7655376e-05,0.00017854109,0.0002940261,3.8088467e-05,2.5327222e-06,7.3551273e-06,0.00014232052,0.00041341106,4.0763636e-05,2.199033e-06,0.00025550823,3.0662266e-06,0.00030470768,4.134567e-06,6.810622e-06,0.0003327958,2.0174319e-05,0.00045230097,2.7526253e-06,7.814404e-05,2.8789525e-05,1.7154085e-05,0.00029825547,0.000107072105,4.405522e-05,1.3016039e-05,0.00011651601,6.227086e-07,0.00016234691,5.6731105e-06,4.066836e-07,6.3893815e-05,5.512511e-05,0.0026422495,0.0017512842,0.0026942946,2.4375975e-05,0.000156305,3.8661397e-06,8.257398e-05,3.113747e-05,0.0002965101,0.023115003,0.003030682,3.162927e-05,2.1007563e-05,8.448838e-07,0.00025979328,2.1897393e-05,8.854644e-06,4.7731875e-05,5.349571e-06,4.599868e-06,0.0009187335,6.1680166e-06,6.055446e-06,1.6768005e-05,7.862631e-05,1.4962112e-07,0.00035924843,0.00027695842,5.03904e-05
BC2026_Train_0024_S22_20211123_004500_015,2.6463838e-06,2.3256803e-06,6.027722e-08,0.008298023,3.4819146e-05,2.508223e-08,7.482172e-07,6.983529e-06,0.002578905,0.06587715,0.0045046383,1.9228407e-06,5.389192e-07,1.2447281e-09,1.3121245e-07,0.0001377229,2.3520911e-07,1.0842515e-09,0.00011803282,6.111695e-07,4.399183e-05,2.312333e-05,3.0644348e-06,6.775262e-07,4.0552055e-05,9.161774e-08,1.6560978e-05,1.5587467e-06,1.5075394e-06,0.0002867048,8.843159e-06,3.0410888e-06,3.702395e-06,1.7600996e-05,1.6164423e-06,1.2916153e-05,5.1575485e-06,5.6474966e-07,2.0343377e-06,2.972361e-05,4.596794e-06,2.4428323e-06,2.6967216e-06,3.138392e-06,4.0651645e-07,4.0425866e-07,8.658719e-07,1.3740983e-07,2.0222163e-07,3.485526e-07,3.6992467e-06,5.2047058e-06,4.0237846e-06,3.0176216e-06,2.4755369e-05,1.4583784e-07,6.965524e-06,0.01864682,8.528971e-06,4.975072e-05,0.014448273,2.0570823e-07,0.00042122556,0.0041928184,9.477597e-06,1.7961639e-06,1.0086476e-05,4.4087148e-08,5.928906e-09,1.19209735e-05,3.2546272e-09,3.3997477e-08,6.4200667e-06,0.00015505361,0.00014313767,2.3169646e-06,1.7455284e-05,9.6732685e-05,2.4136336e-06,2.7140595e-06,1.7255581e-05,5.682277e-07,3.6761372e-05,2.709929e-06,2.6958628e-07,2.2719123e-06,4.0945363e-07,6.766404e-06,4.3442942e-05,3.202106e-07,0.00048262565,1.5711785e-05,6.3020275e-07,1.0457135e-06,2.3922871e-06,0.00013959626,6.205922e-07,3.3606445e-06,4.3569153e-07,1.0635093e-05,5.655468e-06,1.4422405e-06,0.0013885127,0.5428201,0.030689457,4.1035705e-07,6.478159e-07,3.2129026e-06,1.6732977e-07,4.1021325e-05,9.913385e-08,0.0006520222,2.155213e-06,1.7460246e-05,2.5660984e-06,1.493918e-05,5.3971024e-07,1.7884806e-06,7.0843416e-06,7.664174e-07,5.6962534e-07,3.371481e-05,2.0990043e-05,1.2744766e-05,0.0042454056,4.547483e-07,1.9628944e-05,1.6598498e-05,7.892649e-06,1.1703507e-06,2.9261744e-06,4.2848256e-07,3.9789247e-06,3.826984e-06,5.555834e-06,3.5392072e-06,2.5140715e-05,1.2829933e-05,4.8007005e-05,0.021652695,3.4954567e-06,9.556694e-08,2.1064133e-07,2.5001066e-06,0.0001339102,5.902561e-05,4.6140945e-06,1.4594264e-06,5.5763444e-06,1.0264572e-06,2.305751e-05,4.3238757e-07,1.0727268e-05,2.5830603e-05,1.9659443e-05,3.1520458e-06,3.0444224e-05,3.706323e-07,7.328782e-07,2.2579914e-05,2.804168e-06,3.715941e-05,1.7304225e-06,2.0355606e-06,2.0007074e-05,0.009887943,2.570437e-05,2.377846e-06,1.047084e-07,5.695846e-05,2.825924e-06,1.1767587e-07,4.457619e-06,5.2519936e-06,2.9208325e-06,1.9991741e-05,8.6136315e-05,4.3281025e-06,3.2608384e-06,2.4618046e-05,4.1478615e-05,1.1021144e-06,2.7560176e-05,1.0729515e-06,2.5997811e-05,2.425205e-06,7.8856516e-07,1.0876482e-05,5.924844e-06,7.123095e-05,1.1898846e-06,2.2117125e-05,8.642264e-06,6.452257e-07,8.877422e-06,3.4281435e-05,3.5264009e-06,4.2573984e-06,6.83718e-05,6.389892e-06,1.3707215e-05,1.5137014e-05,3.7376737e-09,1.5942243e-05,9.179822e-06,0.00012641404,3.5111472e-05,0.00013946695,8.396022e-06,1.1652088e-06,1.215382e-06,5.5938136e-07,9.380888e-07,6.453876e-05,0.004491784,0.04622598,3.388632e-05,5.648984e-06,4.649489e-07,5.7130273e-06,3.9012778e-07,4.575228e-06,2.9677554e-05,1.0702356e-07,1.1030903e-06,0.00024935612,1.6813805e-06,8.950342e-07,4.757082e-09,9.470966e-05,6.264219e-08,1.3288216e-05,1.547608e-06,1.7874894e-05
BC2026_Train_0024_S22_20211123_004500_020,1.9083835e-07,4.1491712e-05,7.3511416e-08,0.019538343,8.164486e-06,2.5223738e-07,1.8278683e-07,7.076773e-06,0.00014211901,0.73016214,0.005899656,2.0836517e-06,9.633592e-07,7.412005e-08,6.4650094e-06,4.086156e-05,8.199871e-06,5.976778e-08,0.00011072451,9.053298e-06,5.665882e-06,4.5850662e-05,7.5662656e-06,1.1729491e-05,2.4556075e-05,4.7344628e-08,4.1611263e-05,2.4176714e-07,7.5557236e-06,1.686477e-05,0.00024231782,1.900025e-05,0.0001525401,0.0004871424,2.0354875e-05,5.3353473e-05,0.00027726253,2.6986023e-05,0.00012814815,0.00033880558,0.00028532284,9.664352e-05,5.8676695e-05,1.3295733e-05,2.3333925e-05,3.156055e-05,4.81243e-05,8.3259265e-06,1.3762147e-05,1.9739737e-05,5.0693325e-05,5.1640836e-05,5.799369e-05,0.00016160711,0.00037831406,1.0589666e-06,0.00018801494,0.013311318,2.1172991e-05,3.527468e-05,0.00019923935,6.641455e-07,9.5835385e-05,0.001926766,6.1892815e-06,1.2158572e-05,2.6766927e-06,1.1904959e-07,8.873209e-08,6.083636e-05,7.4326096e-07,1.5565081e-07,2.5690304e-05,8.842045e-06,0.0004172754,1.3414655e-06,0.00010197359,0.00096832187,0.0005320784,2.5356938e-05,0.00013153053,4.3825917e-06,0.00010346298,3.0443207e-05,5.7974844e-06,4.0742802e-06,1.7709531e-06,4.2514315e-05,8.549654e-05,2.0617954e-06,0.00021421061,2.228315e-05,1.1784159e-05,1.2923787e-06,4.5891597e-06,0.00029588994,6.554847e-05,0.00012589246,1.3201088e-05,6.0479062e-05,2.4238954e-05,1.4729835e-05,0.000728606,0.32401195,0.13640103,6.342383e-05,3.4501863e-05,5.9734202e-06,5.588467e-06,0.00030096533,2.0429883e-05,0.0030731207,3.4531127e-05,0.0012369703,3.782975e-05,0.00040169925,2.6095206e-05,3.2403502e-06,0.00018725045,3.706852e-05,1.3813329e-06,0.00017398303,0.00045395488,0.0015063185,0.00027414842,3.0388126e-05,3.8086575e-05,0.0001270634,4.9235887e-06,9.470089e-06,1.3331742e-05,6.837108e-06,3.682488e-05,0.00028370615,7.976134e-05,0.00012000493,0.0003190125,0.00010945795,5.1186435e-05,0.017149981,1.4130714e-05,1.7454036e-05,1.4492543e-06,9.237302e-05,4.6902445e-05,3.141027e-05,7.092459e-05,1.1606258e-05,6.1017407e-05,9.516539e-05,0.00012071766,8.505806e-05,1.6188398e-05,0.00020041894,0.00034993782,1.1495332e-05,5.0446943e-05,1.6075495e-05,1.4796527e-05,8.992099e-05,0.00011806704,0.0002385531,3.6822744e-06,1.1491889e-05,0.00021884759,0.009847755,0.00020455976,1.6323722e-05,4.2280194e-06,0.00043643964,4.9210073e-05,5.2239006e-06,0.00014314817,3.822292e-05,0.00055435044,2.152147e-05,0.00012164612,5.095685e-05,8.5118925e-05,4.0796655e-05,0.00059475086,1.6830676e-05,4.7613128e-05,5.7570114e-06,5.827509e-05,8.709339e-06,1.7800861e-05,0.00033911582,1.9078489e-05,0.000110038454,9.6940985e-06,0.00042634926,6.1018512e-05,7.388901e-06,4.4067576e-05,0.00048708296,8.38675e-05,3.0297759e-05,0.0015048971,0.00010358193,6.5741464e-05,1.3792577e-05,5.0291465e-07,3.422711e-05,3.9062088e-05,0.00058199954,0.0003972936,0.00014086899,1.804275e-05,6.994196e-05,2.185206e-05,1.8618744e-05,1.5968812e-05,0.00017513432,0.00053721596,0.9969517,0.00016519282,1.8697498e-05,2.261642e-05,7.2506605e-06,1.1021008e-06,2.1339029e-05,7.319918e-05,1.3637989e-05,7.21417e-05,0.0012894499,3.3673197e-05,1.4088812e-05,6.617912e-06,0.00038359957,2.0282107e-06,0.00034343224,1.6383188e-05,0.0002858208
BC2026_Train_0024_S22_20211123_004500_025,1.47128025e-08,9.995326e-07,3.0066977e-07,6.371882e-05,3.064979e-08,2.7215e-10,6.4009624e-09,1.0872093e-08,3.974632e-08,7.786561e-05,6.695498e-07,8.875459e-06,4.4875512e-10,8.4680415e-11,1.5673792e-09,1.7694997e-06,8.0862017e-10,6.224596e-11,9.336417e-08,6.42369e-08,1.0946735e-07,5.5004807e-07,9.7419125e-08,3.3360262e-08,3.1640507e-06,8.6597085e-09,4.691782e-08,6.67828e-08,1.4489143e-05,0.06530105,2.9198836e-07,5.243183e-07,5.570666e-07,5.539304e-07,9.6708945e-08,3.7379828e-06,1.5100474e-06,1.4478837e-07,2.7168296e-08,2.8269858e-06,4.8683626e-07,5.565819e-08,7.5338846e-08,1.1325495e-06,5.7478214e-08,8.9166576e-08,1.3700341e-07,2.6698164e-08,3.6048892e-08,9.98504e-08,6.0048755e-08,5.0121727e-08,4.343909e-08,8.007412e-08,1.2807074e-05,7.572318e-09,5.5019234e-07,3.4784098e-05,1.6985383e-07,6.859543e-10,0.00012402865,8.061935e-09,3.11269e-05,2.6672702e-05,4.522377e-07,3.9153295e-07,3.5314763e-06,6.862755e-08,1.728503e-09,1.9518436e-06,3.3381837e-12,3.3671163e-10,2.9774642e-07,5.8513244e-08,0.0001604956,2.7100841e-06,1.1509782e-06,1.7208416e-05,8.930444e-08,8.381686e-06,4.651813e-06,1.5567732e-08,1.5810145e-05,5.066121e-08,2.0274572e-05,2.6569635e-08,3.1883427e-09,8.5541217e-07,1.005885e-05,9.3288875e-08,7.748237e-05,1.51049435e-05,3.3064664e-09,7.409633e-06,5.2542227e-06,1.6381547e-07,7.0455726e-09,5.8399627e-07,2.2618286e-07,0.0001912423,7.207973e-07,7.5871465e-10,7.2828817e-07,0.101677954,0.00016707488,4.5595825e-06,8.080821e-10,2.4535439e-07,9.102237e-07,1.9370607e-06,1.4529196e-08,2.8403565e-05,1.6308285e-07,3.742631e-06,9.5506635e-08,5.4893564e-05,9.995478e-09,1.000304e-06,1.8390098e-07,1.2429368e-07,7.76019e-07,4.3703003e-06,9.559352e-07,7.6846685e-05,0.48432344,4.544032e-07,1.2056306e-05,8.370451e-08,9.915862e-08,3.568557e-07,7.395054e-05,4.0897478e-07,1.4401802e-06,2.1753944e-08,5.0961063e-08,9.465058e-10,2.9099003e-06,1.1517786e-06,2.4996789e-08,0.00034186622,1.16192155e-07,7.7766225e-07,6.1912495e-08,4.2865176e-07,4.3813016e-05,9.581827e-08,1.246693e-07,2.3743532e-07,3.567904e-07,2.421271e-07,2.2397731e-07,2.6971588e-07,2.9265462e-07,2.1220448e-08,0.023487695,1.09538576e-07,1.5897069e-06,6.233822e-09,2.1912362e-07,4.5725798e-07,6.8216336e-06,2.8577983e-06,1.744565e-07,9.105661e-08,2.9325219e-07,6.297579e-06,1.3180093e-06,3.4905722e-07,3.1282926e-08,4.4732962e-05,2.7182896e-06,3.9581303e-09,1.2179114e-05,2.830369e-07,3.1471376e-05,5.823306e-07,8.541293e-08,8.572104e-07,1.5037749e-05,7.2290777e-06,6.7564156e-07,3.4542673e-08,8.849165e-06,2.7730366e-08,3.3310847e-05,4.7935504e-09,2.2262435e-08,6.480389e-05,1.0562409e-07,3.5566463e-06,2.8972622e-08,1.4722017e-06,2.990611e-06,4.6651806e-07,6.536989e-06,4.7102076e-06,2.7041642e-06,5.1724896e-07,1.0803116e-05,1.6514612e-09,1.0380884e-06,8.286166e-08,3.2529144e-09,1.7752193e-06,3.3508087e-07,0.00033016942,8.0644386e-05,3.2825716e-05,3.4057315e-08,1.6790667e-06,6.1916865e-08,1.8587218e-06,5.556685e-07,2.757803e-05,0.0003010563,0.0007041563,1.9171682e-06,6.3866023e-06,1.01659055e-08,3.1194204e-06,2.288948e-08,1.3967639e-07,1.2876185e-07,2.8273309e-08,2.1503052e-07,0.00024272017,2.6018893e-07,2.0519993e-08,2.2974984e-06,1.49647185e-05,7.91487e-10,6.253469e-05,9.2416275e-07,1.0926373e-05
BC2026_Train_0024_S22_20211123_004500_030,1.0385677e-06,0.00011738429,4.0736744e-05,0.0043259203,1.5242279e-06,2.9346815e-08,1.4410926e-06,2.6464315e-06,5.1017314e-06,0.0022783307,0.0001164145,0.00010695149,1.8529296e-07,9.1331565e-09,1.2893916e-07,6.487678e-05,2.613144e-07,8.192172e-09,0.00014384351,4.3848036e-06,6.6037837e-06,0.00013283924,8.440772e-06,1.26286905e-05,9.98943e-05,2.4068734e-06,6.81469e-05,0.00017183366,4.0865227e-05,0.050493237,6.13773e-05,6.60604e-05,9.237461e-05,0.00012311274,2.0847325e-05,0.00034032273,8.719198e-05,2.3372722e-05,8.922372e-06,0.00041441724,0.000120470075,1.3566282e-05,3.6334837e-05,9.2153066e-05,7.417835e-06,8.875814e-06,3.9926384e-05,4.5567303e-06,9.963016e-06,2.3586963e-05,2.0109068e-05,1.9164194e-05,1.6856378e-05,2.6418313e-05,0.0015000969,9.288572e-07,6.3442036e-05,0.004714112,7.602633e-06,2.0167997e-06,0.045251105,2.9128023e-07,7.966017e-05,0.0015762099,0.00010783269,0.0003382845,0.00051690574,3.497864e-06,9.979823e-08,0.0010435524,1.1790243e-09,5.3167994e-08,1.8061212e-06,2.2026431e-06,0.0008427972,0.00016371818,1.8922188e-05,6.0044615e-05,5.4514308e-06,4.1805164e-05,2.896075e-05,4.9327116e-07,2.6209456e-05,3.648549e-06,0.00011004077,1.2878854e-06,8.259704e-08,5.0232834e-06,4.155919e-05,1.6714285e-06,5.7184374e-05,0.00044245122,4.4987485e-07,6.418934e-05,1.7196639e-05,3.1863253e-06,6.647665e-07,0.00017996931,2.9250916e-06,0.00016378844,2.7075781e-05,3.6590887e-08,2.0936543e-05,0.19027212,0.001056475,5.2758372e-05,8.183337e-08,4.9638134e-06,3.035074e-06,1.7113904e-05,4.7848664e-07,0.0005088239,4.4676285e-06,1.9193038e-05,3.974438e-06,0.00019161483,6.312054e-07,6.162656e-05,8.069535e-06,2.244977e-06,9.149417e-05,0.00010871824,1.274733e-05,0.000121022735,0.9598219,1.6243513e-06,0.00011759256,4.194333e-05,4.6612236e-06,4.0933483e-06,0.0002087714,4.5791217e-06,2.3675891e-05,2.2436876e-07,6.44979e-07,2.0372937e-07,3.8717404e-05,2.7209062e-05,6.5880425e-07,0.0007602862,1.6218792e-06,5.7447658e-05,1.3095796e-06,6.73917e-06,0.0020558147,1.5199356e-06,8.5779186e-07,1.4922298e-06,6.7559786e-06,1.4446082e-05,4.3531295e-06,1.5082158e-05,4.8961497e-06,1.3009097e-06,0.0045109894,1.0165652e-05,9.104051e-06,1.2689283e-07,1.5680649e-05,1.807518e-05,2.164571e-05,9.3229055e-06,4.389255e-06,5.0026406e-06,4.189815e-06,0.0002393692,9.9094315e-05,5.4359703e-06,9.633574e-07,0.00028706554,9.386039e-06,3.8939365e-07,0.00015208058,1.5416685e-05,0.00010320688,2.7461057e-05,1.1171964e-05,1.533697e-06,1.2903939e-05,0.00039452294,1.0318462e-05,6.078812e-07,2.3171584e-05,1.5885931e-06,4.7251582e-05,1.3735101e-07,1.5389714e-06,7.655792e-05,6.699402e-06,9.2405084e-05,2.5242343e-06,2.6919863e-05,4.9462582e-05,7.0638266e-06,4.382689e-05,4.714878e-05,4.1150283e-06,6.0700286e-06,2.3666365e-05,1.5506586e-07,3.0701052e-05,6.029464e-07,7.551954e-08,7.430362e-05,2.2250533e-05,0.0005837921,0.002323641,0.005560066,1.8656142e-06,1.4598783e-05,1.6342194e-06,5.9996422e-05,1.9876504e-06,3.222683e-05,0.0065471935,0.004036923,2.1254358e-05,3.9969014e-05,2.902199e-07,4.301454e-05,6.126184e-07,2.9467517e-06,1.508913e-06,9.1724456e-07,1.9761985e-06,0.0008311016,1.4798898e-05,7.0335983e-07,8.402574e-06,4.009396e-05,4.2747438e-08,3.6789465e-05,1.5278009e-05,1.448776e-05
BC2026_Train_0024_S22_20211123_004500_035,6.42675e-06,7.35369e-05,8.83114e-06,0.00866419,1.0327431e-05,5.0612144e-08,6.1880423e-06,2.5136885e-06,2.8773195e-05,0.0029285497,0.00031623154,0.000659923,4.5887646e-07,2.9961093e-08,1.3953499e-07,0.00014002206,3.5674242e-07,2.6731078e-08,8.71174e-06,6.575078e-06,3.336168e-05,7.750114e-05,4.2963497e-06,7.704686e-06,3.8078768e-05,7.2888497e-07,1.5334616e-06,1.25973565e-05,0.00011008201,0.33309928,4.6729667e-05,4.5667603e-05,5.010443e-05,8.373205e-05,1.6729015e-05,0.00015441343,5.4232914e-05,1.6070666e-05,9.800178e-06,0.00017170442,6.4647356e-05,1.3372642e-05,1.265315e-05,6.2162195e-05,1.022546e-05,1.4466926e-05,2.1999786e-05,4.436486e-06,6.7949345e-06,1.3718303e-05,1.1784341e-05,1.1548216e-05,8.634084e-06,1.7730667e-05,0.000630692,2.4173787e-07,3.6804624e-05,0.0059731854,2.0969854e-05,9.1446014e-07,0.0028393448,2.0916332e-06,0.0004651645,0.0029131365,2.1298145e-05,2.1194444e-05,0.00088620593,1.7967309e-06,3.9922327e-07,4.2454438e-05,1.6790014e-09,2.9034172e-07,1.1894719e-05,2.77545e-06,0.0020432314,3.3287793e-05,3.1885516e-05,0.00017985677,4.858354e-06,0.0001142938,5.6242054e-05,9.035211e-07,0.00013942452,1.5425892e-06,7.186815e-05,4.421875e-06,2.0265351e-07,1.7370445e-05,0.000142317,3.638667e-06,0.0029446809,0.00047191337,6.560206e-07,9.275531e-05,9.28391e-05,2.056474e-05,1.4250479e-06,1.2933962e-05,6.2067957e-06,0.0006741857,1.9719095e-05,1.3292674e-07,3.1899628e-05,0.51319015,0.0019771182,5.282619e-05,1.0713385e-07,5.380059e-06,3.2597338e-05,5.51816e-05,6.1549497e-07,0.0014734989,1.6360236e-05,1.91752e-05,4.0941445e-06,0.00037104465,1.1051952e-06,2.7705823e-05,7.63343e-06,3.6910185e-06,2.5973673e-05,2.2433664e-05,1.629038e-05,0.00054573704,0.75052893,1.0095108e-05,7.281857e-05,8.884892e-06,1.058853e-05,1.39426e-05,0.00027167215,2.64324e-05,2.8418955e-05,1.1382309e-06,2.3311784e-06,2.4108724e-07,7.761578e-05,0.00013879963,2.412851e-06,0.0015606714,9.52862e-06,1.0720375e-05,1.8140256e-06,1.5759264e-05,0.0005149696,1.0392074e-05,5.1845877e-06,2.3084358e-06,5.377884e-06,4.713012e-06,2.493675e-06,1.4373564e-05,4.5157667e-06,2.8472975e-06,0.11642939,5.6650338e-06,3.6846766e-05,2.079801e-07,5.2558216e-06,6.1051574e-06,6.0802548e-05,4.384462e-05,7.761066e-06,4.8878687e-06,2.1823196e-06,0.00021686574,4.0766205e-05,1.56339e-05,9.2422715e-07,0.00023751137,2.2018003e-05,9.868293e-07,0.00011128806,4.4032797e-05,0.00044358236,3.5621957e-05,3.758745e-06,6.486762e-06,8.418392e-05,5.1601157e-05,2.2628092e-05,1.0396408e-06,0.00019790455,1.127017e-06,0.00061066594,1.5196704e-06,3.4590983e-06,0.00078515586,2.6074683e-06,0.00026662578,3.317354e-06,2.159262e-05,2.9114743e-05,8.514895e-06,5.3504184e-05,5.2445863e-05,4.0089988e-05,1.1716981e-05,6.431053e-05,1.3711399e-07,2.3055049e-05,9.742617e-06,1.6027744e-07,0.00010932047,8.7039425e-06,0.00087128807,0.00091769634,0.00092480966,1.6793561e-05,7.013344e-05,2.5618954e-06,1.9672869e-05,8.295721e-06,0.00019926745,0.007020343,0.0041480414,2.8878618e-05,0.00011641405,2.1270601e-07,6.184769e-05,4.0347786e-06,5.483033e-06,2.3840063e-05,2.0046998e-06,6.653413e-06,0.00083101366,1.0370886e-05,7.572045e-07,1.298118e-05,9.9889636e-05,1.3000437e-07,0.00049268367,4.863632e-05,6.104394e-05
BC2026_Train_0024_S22_20211123_004500_040,1.1902227e-06,0.0004998597,4.1329724e-05,0.0048009553,8.205982e-06,4.2488745e-07,4.4775865e-07,1.4995634e-05,0.0004229086,0.0012083984,0.0005275284,3.5210825e-05,4.034767e-06,2.5275943e-07,2.3656905e-06,0.0003223237,2.0420996e-06,1.9332079e-07,5.4176155e-05,3.6272104e-05,8.7021865e-05,0.00022679455,6.2264895e-05,7.841171e-05,0.0004317033,2.6036196e-06,0.00019442677,8.6295895e-06,8.8451416e-05,0.0011223685,0.00048509942,0.00016731338,0.00050041574,0.000895407,0.00012292329,0.0005513022,0.0008099959,0.0001439537,8.695384e-05,0.0018417281,0.00066354236,0.00015235113,0.00021966749,0.0001416035,0.00012336599,0.00016677263,0.00030424006,4.0553947e-05,6.937575e-05,0.0001495113,0.00018498093,0.00016760384,0.00020043232,0.00022491525,0.005980713,1.094886e-06,0.00038760138,0.015601206,5.003062e-05,5.7852507e-05,0.017825315,1.1517336e-06,0.0014033722,0.002120638,9.7073185e-05,0.00016111368,0.00014133693,5.988182e-06,1.0026345e-06,0.00058479316,1.6322771e-07,3.136522e-06,5.1384213e-05,1.4680443e-05,0.0011401203,5.2846593e-05,0.000117253054,0.0004573872,0.0001188478,0.00013543578,0.0001444227,4.9944797e-06,0.00021315747,4.5500765e-05,0.00022288466,3.7813527e-06,7.665477e-06,2.9130073e-05,0.00010843166,1.2724776e-05,0.0017457887,0.0005310284,1.4769276e-05,2.84598e-05,7.619601e-05,3.0674277e-05,2.4711002e-05,0.00054186827,3.7338297e-05,0.00055962696,0.00010987551,1.4661596e-05,0.00017946993,0.064976655,0.007965834,6.6731285e-05,4.747852e-06,5.1309826e-06,8.889173e-06,0.00021512451,3.6119844e-05,0.010302304,4.8009842e-05,0.0002326826,3.1373656e-05,0.00070202054,2.8946031e-05,2.1007183e-05,0.00016943934,9.7976095e-05,0.000116384086,0.00041294395,7.192326e-05,0.0019709545,0.39601716,7.775046e-05,0.00013301212,0.0012463953,2.1157188e-05,3.82844e-06,0.00055220857,1.373688e-05,9.904321e-05,1.31321285e-05,8.583756e-06,2.3682236e-05,0.00028730158,0.00030269797,1.5531214e-05,0.0018393672,5.323988e-05,0.0001272329,4.481762e-06,0.0001587986,0.00013056422,7.720189e-05,7.790528e-05,2.0821994e-06,0.00018173423,0.00021991877,2.5738416e-05,0.00024989853,2.3617798e-05,6.607445e-05,0.008924575,1.9169092e-05,0.000102520266,1.1379474e-05,7.736462e-05,0.00025370996,0.0004724913,0.0003476009,5.047818e-05,1.5856529e-05,1.7210241e-05,0.0018510487,0.00079763576,7.399589e-05,4.8316238e-06,0.0011337288,3.2242046e-05,7.878166e-06,0.000199148,3.1970863e-05,0.0007944552,2.2959694e-05,2.217552e-05,3.372558e-05,0.00022805571,0.0006757765,0.00033161955,1.6304773e-05,6.0401824e-05,9.438099e-06,0.00017580525,1.5334133e-05,8.79969e-06,0.0015094085,1.2386912e-05,3.8297385e-05,2.903104e-05,0.00014455551,0.00022791658,2.406258e-05,0.00012280766,4.9369977e-05,6.4951695e-05,1.0342412e-05,0.00034182935,2.2119191e-05,0.00015302653,1.134546e-05,2.5405066e-07,6.5981e-05,8.448204e-05,0.0018213106,0.00059936504,0.0028363694,2.0771873e-05,8.612729e-05,1.4864656e-05,0.0006257995,6.944683e-05,0.00011592908,0.0011280515,0.8575359,0.00015614352,0.0004894198,1.8138291e-05,1.666688e-05,1.3745018e-05,8.3626e-05,0.00020360493,5.3048034e-06,5.917546e-05,0.0040925588,0.00012138866,2.6646669e-05,1.9389148e-05,0.00013906139,1.1420177e-05,0.0007835026,2.9200997e-05,0.0001797306
BC2026_Train_0024_S22_20211123_004500_045,6.9292955e-06,3.1378262e-05,6.4275804e-07,0.03728677,3.6000176e-05,3.047977e-07,4.3861363e-07,1.449214e-05,0.027113624,0.07005638,0.048966225,1.0467292e-06,5.2888913e-06,1.778532e-08,1.6346106e-06,0.002868795,3.72842e-06,1.1142576e-08,0.1754232,2.8282936e-06,6.6309825e-05,0.0011318976,1.380288e-05,1.3045976e-05,0.00039244772,2.1751377e-07,0.0003289218,2.4318404e-06,5.5577466e-06,0.0001027579,0.0002781386,3.4537617e-05,0.00016473101,0.00020070578,2.4699317e-05,0.000104296145,2.2159791e-05,1.7975015e-05,5.9467024e-05,0.00033427158,0.00014183714,0.00011511709,6.0408103e-05,4.1159885e-05,5.380008e-06,7.3729448e-06,2.8932622e-05,3.97329e-06,6.4769015e-06,1.38026835e-05,7.2449046e-05,7.352729e-05,7.4338495e-05,7.887014e-05,0.00030623606,8.1111773e-07,5.315475e-05,0.77623904,6.2701747e-06,4.027173e-05,0.04669036,1.9499296e-07,0.0003366603,0.25593957,0.00035650213,2.7132854e-05,0.00014788851,6.328552e-08,1.6553525e-07,0.00012507367,4.105571e-07,4.3426456e-07,1.2457139e-05,3.3827335e-05,8.915681e-05,2.1594985e-06,0.00019187994,6.558274e-05,3.3265637e-06,1.2913799e-05,3.9281254e-05,4.414758e-06,1.2218424e-05,1.1676266e-05,3.431321e-07,6.6043503e-06,1.1392833e-06,6.255336e-05,9.2318245e-05,1.8953547e-06,0.00013982606,8.235514e-06,1.3909425e-05,1.4935241e-06,4.3436976e-05,0.00011893599,5.671769e-06,1.2680789e-05,3.5804617e-06,6.639132e-05,4.4984798e-05,1.2369962e-06,0.014922168,0.011602982,0.0026401733,8.144002e-06,4.698597e-06,4.980392e-07,1.0528904e-06,3.2481283e-05,7.20056e-07,0.0017140573,2.2866216e-06,4.0313225e-05,2.34493e-05,1.225876e-05,1.1190112e-05,4.3910705e-07,8.4274914e-05,1.5394398e-06,3.5678058e-06,5.843586e-05,1.2422319e-05,8.855446e-05,0.000317477,1.5281985e-06,8.798834e-06,0.00011667476,5.733052e-06,9.410346e-06,2.5733357e-06,1.7198901e-05,3.2228577e-06,4.001689e-06,2.193788e-06,6.717214e-05,1.6024509e-05,8.0026775e-06,1.564425e-05,0.0013804894,6.561013e-05,2.3675655e-07,3.124811e-07,1.541614e-05,4.803581e-05,1.1323441e-05,4.429958e-06,1.9196307e-06,1.6609283e-05,7.1790964e-06,5.200816e-06,1.0825503e-06,6.348906e-05,1.0564293e-05,8.825543e-05,1.0305452e-05,8.670032e-05,4.282391e-07,4.524202e-07,1.222846e-05,1.3581103e-05,4.274364e-05,1.5140373e-06,6.939063e-07,2.5194886e-05,0.15018006,0.00013657793,6.674175e-06,5.455475e-07,0.00010069633,7.419242e-06,6.2920503e-06,3.243872e-05,2.1658695e-06,1.3704429e-05,1.5234841e-05,0.00057366287,1.9130011e-05,7.2484277e-06,4.1557247e-05,8.761389e-05,2.2433162e-06,7.9848556e-05,2.543655e-05,7.240235e-05,2.8239676e-05,6.0330706e-07,6.875398e-06,9.142107e-06,1.2459253e-05,7.011664e-06,2.8094946e-05,1.2333551e-05,9.0144766e-07,1.4457823e-05,5.987456e-05,9.893407e-06,2.1003223e-06,0.0003130289,1.9414792e-05,1.5288531e-05,2.3742321e-05,8.139824e-09,1.5824338e-05,1.18731305e-05,1.7871263e-05,3.863619e-05,0.00016651316,4.4448017e-05,9.953767e-06,1.4177807e-06,5.3932818e-06,2.1143096e-06,0.00011742951,0.0007997067,0.1077896,3.0168334e-05,5.6501005e-05,1.0860341e-06,3.314268e-06,4.602294e-07,9.055128e-06,4.2274212e-05,7.860537e-08,1.5430556e-05,0.0005914755,9.790761e-06,5.893354e-06,5.8347824e-09,0.0001370634,1.4204007e-06,4.381398e-05,1.6194773e-06,1.259983e-05
BC2026_Train_0024_S22_20211123_004500_050,1.3085854e-07,4.8614265e-06,1.0492067e-06,0.00094317476,1.76077e-07,1.5437506e-09,2.892724e-07,9.4439923e-07,1.7410083e-06,0.00059506355,5.0550098e-05,2.43846e-05,9.6992645e-09,8.4145285e-10,9.265878e-09,1.6655073e-05,1.0376122e-08,6.6112554e-10,3.221223e-06,5.740503e-07,1.3284732e-06,1.2469297e-05,2.996553e-07,5.144238e-07,5.570965e-06,4.5689045e-08,1.2895741e-06,8.3490994e-07,8.352683e-07,0.02212776,2.6088514e-06,2.2801214e-06,3.1124757e-06,6.406507e-06,1.1500873e-06,1.0500421e-05,1.009506e-05,1.2285176e-06,4.2099998e-07,1.9267585e-05,6.5606337e-06,7.43402e-07,1.0365867e-06,3.0526508e-06,4.960805e-07,8.135876e-07,1.5253273e-06,1.6411586e-07,3.566485e-07,9.972665e-07,7.718945e-07,6.9306503e-07,5.588503e-07,1.1942956e-06,6.430783e-05,1.0221102e-08,3.8150465e-06,0.001429401,8.137715e-07,1.2356611e-07,0.00037198834,8.221275e-08,1.3437213e-05,0.00040299646,8.233315e-06,7.316628e-06,4.604337e-05,2.928911e-07,3.8662114e-09,5.377985e-05,1.1150771e-10,5.8490675e-09,1.2596555e-06,7.152611e-08,0.0003126009,1.9705112e-06,1.6208991e-05,3.9716913e-05,2.5290294e-06,2.6031648e-05,7.3800356e-06,1.8976215e-07,7.673595e-06,7.2263994e-08,2.1100693e-06,2.8212793e-07,1.1156251e-08,2.68493e-06,2.7815215e-05,6.032035e-07,0.00063079514,6.642761e-05,9.341637e-08,1.245608e-05,5.1672423e-06,1.0410298e-06,2.4005323e-07,8.178123e-06,1.0081101e-06,5.7822224e-05,1.5654684e-06,1.3293456e-08,4.517624e-06,0.14142488,0.0005150187,8.1058715e-06,6.7364616e-09,1.8505685e-07,1.2517901e-06,1.30376675e-05,5.929576e-08,0.00022819338,2.1006367e-06,9.36501e-06,1.0070195e-06,7.139954e-05,1.5430173e-07,1.4235917e-06,4.9476273e-07,4.4240164e-07,5.4147313e-06,1.7458347e-05,2.6766797e-06,5.8632515e-05,0.8600316,1.1794488e-06,2.321901e-05,1.3557357e-05,9.529578e-07,2.5795345e-07,4.80853e-06,5.5121036e-06,3.978249e-06,6.287824e-08,1.5257083e-07,1.9733621e-08,1.2090389e-05,1.5547796e-05,1.8512462e-07,0.0006150467,6.8464317e-07,2.8470993e-06,8.070924e-08,1.8638519e-06,2.8496435e-05,2.7579276e-06,9.415224e-07,2.0902722e-07,1.1661726e-06,1.6103384e-06,6.824704e-07,2.2038219e-06,2.9026057e-07,2.664986e-07,0.16150905,5.7596907e-07,1.0960898e-05,1.6777983e-08,8.248509e-07,1.0231763e-06,7.9157e-06,1.9415886e-05,6.655639e-07,1.2454326e-06,2.4330552e-07,8.324711e-05,8.802561e-06,1.1108251e-06,1.0819903e-07,4.735597e-05,2.63079e-06,4.612879e-08,5.5652785e-05,4.989785e-06,5.1114628e-05,4.542339e-06,4.3163445e-07,5.3744566e-07,8.431865e-06,1.5400507e-05,3.998881e-06,1.3915533e-07,2.3419621e-05,2.2220824e-07,3.25526e-05,2.6319245e-07,1.6146211e-07,7.361843e-05,3.7649872e-07,1.6082195e-05,4.171815e-07,1.1636986e-06,6.3872108e-06,7.837197e-07,7.1373456e-06,8.619423e-06,3.0391404e-06,1.7086535e-06,1.1532698e-05,1.6746268e-08,1.4111522e-05,1.6593926e-06,2.6757794e-09,1.498204e-05,6.5885456e-07,0.00010596668,6.8205416e-05,0.0005887836,2.177646e-06,1.8905377e-05,7.551903e-07,3.1397813e-06,4.472056e-07,4.2506046e-05,0.0020508089,0.004353132,1.7226956e-05,9.33164e-06,1.3418361e-07,1.4846655e-06,8.700065e-07,8.2534035e-07,1.8486471e-06,1.2468868e-07,1.7443884e-06,0.0005106055,1.6537463e-06,1.01205806e-07,2.0457102e-07,2.1941247e-05,1.3657613e-08,8.2960956e-05,1.3060138e-06,6.2569375e-06
BC2026_Train_0024_S22_20211123_004500_055,2.3182149e-05,5.7563702e-05,9.4411826e-07,0.03319036,6.942657e-05,6.98024e-07,5.0000943e-07,1.0689666e-05,0.0009434435,0.013936478,0.000397063,3.241494e-05,3.8453973e-07,3.2472872e-08,5.1237765e-07,0.00046008828,1.4858796e-06,2.4687054e-08,0.00065751985,6.5812883e-06,0.00014618617,0.000146976,9.376118e-06,3.0166777e-06,0.0001020806,2.3178443e-06,4.443023e-06,1.2000717e-05,0.00026836334,0.06540642,6.218407e-05,7.642392e-05,5.0417948e-05,7.80843e-05,1.3375155e-05,0.00032388268,4.2329277e-05,1.1495233e-05,1.1282654e-05,0.00023909137,2.811108e-05,2.7387776e-05,9.330092e-06,0.000119878765,5.653522e-06,7.3097094e-06,1.6022048e-05,3.1427408e-06,4.464362e-06,9.873209e-06,2.1244346e-05,1.781314e-05,1.580817e-05,8.875805e-06,0.00046663827,4.870973e-07,3.096374e-05,0.13687736,5.3908945e-05,1.493116e-05,0.014619091,2.6696082e-06,0.01708511,0.26844603,0.0001372923,1.5911708e-06,0.00012829792,3.866977e-06,2.1999591e-07,6.815165e-05,1.9716051e-08,7.226315e-07,5.3206786e-05,8.818912e-06,0.00028327474,2.2261622e-06,0.00013249679,0.00013158483,8.636002e-06,2.9699413e-05,0.00013269404,2.068048e-06,7.9917954e-05,3.0796605e-06,7.952731e-06,5.6641743e-06,8.414527e-07,4.773943e-05,0.00034060917,4.4999556e-06,0.0061375774,0.00011214371,5.7854544e-07,8.84213e-06,0.00013066149,0.00010458585,9.485676e-07,2.0508664e-06,9.12252e-06,0.0001752227,5.8075817e-05,1.6362187e-06,0.00053437747,0.07101175,0.008144037,5.5307123e-06,4.4714734e-06,1.3391542e-05,6.6467733e-06,2.2267832e-05,3.8903622e-07,0.0029502371,1.04619285e-05,9.104013e-05,1.8247752e-05,0.00029955292,9.411333e-06,1.655599e-06,8.846449e-05,1.2149995e-06,3.4192035e-06,2.8818866e-05,3.583477e-05,0.00012881242,0.084778085,5.829435e-06,4.7438636e-05,7.3221845e-06,2.5635605e-05,8.246139e-06,6.322811e-05,2.5092379e-05,2.1932292e-05,1.4052457e-06,1.1829617e-05,2.8491936e-06,3.3163684e-05,1.8754017e-05,2.7234866e-05,0.0024205637,7.293309e-05,2.0372383e-06,2.1370831e-06,1.07648175e-05,0.0001599473,7.4180934e-05,8.2184415e-06,1.132095e-06,3.2875105e-06,6.2221748e-06,2.9149944e-05,3.6507106e-06,3.1533444e-05,8.935153e-06,0.0036613767,4.1831318e-06,5.8373036e-05,6.07077e-07,4.8367787e-07,2.6289485e-05,1.3189209e-05,0.000105544445,5.221649e-06,3.5089065e-06,4.5596105e-05,0.00801944,5.845063e-05,3.0859019e-06,9.424117e-07,0.00026925112,1.3577696e-05,5.5629897e-07,3.700057e-05,3.060599e-05,3.2798118e-05,1.6412008e-05,5.8469195e-05,2.3211904e-05,8.668899e-05,0.00023436744,3.6329606e-05,5.155262e-06,0.00028794297,2.7823933e-06,0.0004848812,5.2978667e-06,3.11928e-06,7.22868e-05,1.1050414e-05,0.0001410452,4.041437e-06,3.2620446e-05,7.970485e-05,1.4266797e-06,4.535572e-05,0.000112492424,1.3195362e-05,2.9782188e-06,0.00016193444,1.2261881e-06,4.5504625e-05,5.510898e-05,7.911286e-08,1.8251529e-05,9.037159e-06,0.0006001387,0.00013801672,0.00027855684,4.1499155e-05,2.1594908e-05,2.1707456e-06,3.6981637e-06,9.394941e-06,0.0009740057,0.0028684405,0.022314277,1.7042894e-05,5.487226e-05,4.908025e-07,3.2792646e-05,9.389137e-06,1.7148146e-05,1.810442e-05,3.452964e-07,1.4550443e-05,0.0006280246,1.3359628e-05,6.693131e-06,3.6636987e-07,0.00021186275,6.7112126e-08,0.00019942864,3.6217236e-06,8.6674525e-05
BC2026_Train_0029_S22_20211211_023000_000,4.0141454e-06,1.7850569e-05,2.035211e-06,0.054530364,6.894143e-06,3.90573e-07,9.365638e-07,2.075259e-05,0.00032870364,0.52823085,0.037967134,1.3602101e-05,3.3180947e-06,2.7459413e-08,4.5330077e-07,0.00011060717,2.0744992e-06,2.1843045e-08,0.00022863787,2.3098908e-05,2.2303644e-05,1.438968e-05,2.2804388e-06,9.049586e-06,3.203798e-05,9.4337956e-08,5.060228e-05,3.524062e-05,1.2564553e-05,0.0008907579,5.147828e-05,2.4023648e-05,3.1982847e-05,0.0002563044,1.5598633e-05,0.00010612503,3.7011545e-05,3.047941e-06,2.214796e-05,0.00028402492,4.3957694e-05,1.675862e-05,1.6142996e-05,2.0476227e-05,4.2014713e-06,2.812567e-06,5.0588296e-06,1.3018666e-06,1.901931e-06,2.4026722e-06,1.47250175e-05,1.6047677e-05,1.4603129e-05,3.701137e-05,0.00010337157,3.995808e-06,9.927923e-05,0.052892104,1.5494761e-05,0.0002599945,0.09994493,6.205411e-06,0.00082186423,0.016427623,0.00011175896,4.1444714e-06,0.00011461522,2.7384286e-07,4.347472e-08,0.00012243257,5.6267666e-08,7.725796e-08,2.160854e-06,0.00036505715,0.0002489212,1.9681578e-05,8.626554e-05,0.00013710144,2.5057827e-05,3.8459188e-05,4.9775495e-05,7.406923e-07,0.00014174629,8.197722e-06,2.5692184e-06,9.571854e-06,5.8138176e-06,1.5344242e-05,0.00010652147,2.2052664e-06,0.00060131476,5.1554183e-05,3.0053898e-06,9.601668e-06,1.6428843e-05,0.00070707704,3.7385937e-05,1.2177697e-05,1.1120771e-05,7.864978e-05,9.298327e-06,2.1761824e-05,0.00020560004,0.16912504,0.17426652,2.5975382e-06,6.0765324e-06,3.912446e-05,5.7411057e-06,4.5379733e-05,2.0863965e-07,0.0019496639,1.8100674e-05,7.2167306e-05,1.383344e-05,0.0004060113,1.1151781e-05,5.739469e-06,7.828344e-05,6.809108e-06,5.7292306e-07,7.491335e-05,0.00027801137,6.679928e-05,0.026231643,5.2386526e-06,2.7992759e-05,4.795104e-05,1.1652382e-05,3.9226674e-05,3.3892302e-05,9.578054e-06,8.4467065e-06,1.5210075e-05,0.00039141742,2.8379305e-05,8.519476e-05,0.000106071515,0.00012821269,0.087299764,1.2199921e-05,1.0870443e-06,3.6601648e-06,7.6369615e-06,0.013522668,2.3218168e-05,2.0680951e-05,6.876369e-06,3.4996043e-05,6.482791e-06,0.0001715982,2.8066268e-07,4.8777707e-05,5.362888e-05,1.3906826e-05,1.2941761e-05,3.471709e-05,1.0483486e-06,2.861776e-05,7.733194e-05,6.282732e-06,0.000102664075,5.261629e-06,1.1051869e-05,0.0007772156,0.0010514486,4.1465486e-05,5.8418286e-06,8.945981e-07,0.00020024246,3.0831292e-05,2.0485038e-07,1.0060856e-05,4.0202507e-05,2.5439025e-05,9.682515e-05,0.00012518307,4.162571e-05,1.16875835e-05,0.0004965987,3.0080255e-05,1.0199476e-05,0.00023475368,1.5455047e-05,0.00025937107,6.7532596e-06,4.290818e-06,1.767108e-05,2.297349e-05,0.0003476975,1.1081102e-05,0.00020403597,4.5701367e-05,9.174728e-06,3.7801405e-05,2.2750064e-05,7.5423404e-06,1.05238905e-05,0.00016746167,1.1541621e-05,1.8389395e-05,7.496923e-05,1.3924003e-07,2.9829755e-05,5.1084757e-05,0.018682733,0.00096719275,0.012538501,8.416915e-05,1.0614433e-05,6.7171495e-06,3.8166877e-06,2.3962968e-05,4.093063e-05,0.1406947,0.053314827,5.5081608e-05,3.2375057e-05,7.928967e-06,7.563518e-05,2.6849506e-07,3.9646377e-05,1.7363125e-05,1.8635518e-07,4.0476058e-05,0.0005292721,7.502996e-05,2.1449878e-05,5.574078e-07,9.9627934e-05,7.374466e-07,6.759096e-05,3.2528187e-06,5.3362277e-05
BC2026_Train_0029_S22_20211211_023000_005,1.384023e-06,0.0001739983,5.724961e-06,0.012378118,2.22928e-05,1.1373845e-06,6.1874897e-07,3.7172347e-05,0.0005933065,0.03382214,0.0023253907,6.113681e-05,1.6716468e-06,6.4529405e-07,1.44229825e-05,0.00012121839,4.452323e-05,5.241458e-07,0.00012176926,0.0001551126,8.64928e-05,0.00028714768,2.5471238e-05,5.4359665e-05,0.00021590701,1.4564329e-06,8.300329e-05,1.0846495e-05,3.0019646e-05,9.11708e-05,0.00023354098,6.8373556e-05,0.0002759542,0.0011349412,9.604086e-05,0.00021941715,0.0016903346,6.4669926e-05,0.00010341346,0.0018424884,0.00030815322,0.00011358108,0.00015163908,5.134747e-05,9.917155e-05,9.255642e-05,0.00011788839,2.6239644e-05,3.0781615e-05,4.4499415e-05,0.00012057201,0.000117071504,0.00015435896,0.00023243448,0.00092321535,7.160976e-06,0.0008438017,0.029464949,8.369062e-05,0.00064508617,0.018276373,1.9894953e-05,0.0004981984,0.10353882,0.001129017,6.365657e-05,2.1130229e-05,2.830107e-06,3.0227608e-07,0.00030095846,4.7769827e-06,3.5887035e-06,4.505216e-05,0.00012398277,0.0005265358,5.574462e-05,0.00044287698,0.0014731678,0.0018092041,0.00020198438,0.00028267773,5.872461e-06,0.0007053031,0.0002867458,3.404994e-05,1.7238246e-05,1.6690818e-05,5.8616075e-05,0.00047716906,1.4605328e-05,0.0017439455,0.00028124917,1.24119815e-05,4.1109357e-05,0.00014659515,0.0006083046,0.00039502236,0.00051660213,0.00014816658,0.0002908893,0.00016837333,0.00050088414,9.011052e-05,0.06706024,0.05234109,3.9478975e-05,0.00018669174,0.00043665647,1.2886537e-05,0.00017055162,6.1601415e-05,0.006281637,0.00012939618,0.0009969547,0.00034133813,0.0045243967,0.00023657366,3.6285077e-05,0.00024524436,0.00016695418,6.7306987e-06,0.00092652295,0.0010372996,0.0035815854,0.011345465,0.0004385501,8.9117886e-05,0.00092036306,2.1290754e-05,5.414744e-05,0.00015523972,5.3680247e-05,0.0003443755,0.00022553459,0.0011603019,0.0008286857,0.0003724605,0.00036673233,0.0001300606,0.018850213,5.1408522e-05,0.0004588381,7.0720303e-06,0.0005606859,0.0006850867,0.00038534988,0.00034301195,1.3082903e-05,0.0001742952,0.00074049114,0.0005672392,0.0001055837,3.6649464e-05,0.0004836902,0.00044684025,5.9009908e-05,8.74753e-05,0.00028213786,0.00032655345,0.0013928316,0.0005977457,0.0014896967,2.4595472e-05,0.00011198129,0.0043330877,0.002353747,0.00039207243,8.079749e-05,3.5408688e-05,0.00043971924,5.7294143e-05,1.3271234e-05,0.00045591505,0.00034036656,0.0017151926,0.00037689865,0.00072150055,0.00028723446,0.00034569832,0.00042501054,0.00058523426,5.4050703e-05,0.0002837332,5.262597e-05,0.00028496532,2.9972158e-05,8.9507266e-05,0.0007189062,0.00010600074,0.0001193261,8.8784196e-05,0.0005814731,0.0032244197,5.3314256e-05,0.00012564109,0.00015792566,0.00011412282,6.78384e-05,0.0036668358,0.0003625899,0.00011758628,0.0001101657,3.9411443e-06,2.5514852e-05,0.0004999778,0.089639805,0.005394137,0.0021942349,0.00028084082,0.00022610277,0.00032826333,0.0004110683,0.00019233659,0.00037661544,0.013949556,0.9700841,0.0003403362,0.00032677953,6.634512e-05,8.276586e-05,1.769749e-05,0.00025237072,0.0002308573,7.277963e-06,0.00022261748,0.010694918,0.0024312087,0.0001673011,4.8180646e-05,0.00044680978,2.8325123e-05,0.00081883825,2.5165808e-05,0.00077938725
BC2026_Train_0029_S22_20211211_023000_010,3.9964257e-06,6.517673e-05,7.2425917e-07,0.08500494,1.1981301e-05,1.2089069e-07,5.3609856e-06,2.7559203e-05,0.0010363745,0.04954661,0.025241336,0.0003606456,1.572918e-06,1.6923128e-08,1.3770318e-06,0.0004568295,1.5237442e-05,1.6287018e-08,0.003051819,2.7587916e-05,0.00013094973,0.0002846034,7.5352125e-07,5.78418e-05,0.000278233,3.9209755e-07,0.00018091436,2.5350822e-05,1.0463176e-05,0.0018862825,0.00016910475,5.661432e-05,0.00013344672,0.0010218113,4.6859524e-05,0.0004498115,4.5270594e-05,9.927166e-06,3.964849e-05,0.0014384065,0.00015711607,5.1536434e-05,0.00015744752,5.5044216e-05,8.683927e-06,7.2804205e-06,1.945477e-05,4.3119358e-06,5.1859824e-06,5.6632134e-06,7.299906e-05,7.345987e-05,6.668358e-05,0.00017010499,0.00082382595,2.9109772e-06,0.0001807087,0.24283385,4.5599107e-05,0.00012093783,0.123796806,9.056814e-05,0.0019348335,0.1860782,0.0016277157,2.4832001e-05,0.00027490826,2.5074107e-06,1.0225612e-07,1.7363936e-05,1.292278e-08,3.220927e-07,3.882593e-06,0.000121337966,0.00023580893,4.1109593e-05,3.9717746e-05,1.8713286e-05,0.00015078104,1.50670485e-05,1.8383538e-05,2.4376616e-06,2.135102e-05,3.0353228e-06,1.9990985e-06,1.2462722e-05,2.0262355e-07,2.3286977e-05,4.4004883e-05,3.6521417e-06,0.0009888334,4.6937796e-05,4.7482777e-07,1.0774245e-05,1.0213745e-05,0.00011938163,8.283005e-07,2.227922e-05,1.4412478e-05,2.5515996e-05,4.6630932e-05,2.9561047e-06,8.168195e-05,0.13554142,0.006985533,2.0824436e-06,1.2152753e-06,0.0005244819,1.6021676e-06,9.01888e-06,1.0490271e-07,0.0017169302,1.8661924e-05,1.6980644e-05,2.311634e-05,0.00015116528,1.2103933e-05,4.2589752e-05,1.24550825e-05,1.7345797e-05,4.6131697e-07,3.0335805e-05,8.035714e-05,3.0081865e-05,0.0049601244,1.5736903e-05,1.4815192e-05,7.878713e-06,5.3083354e-06,2.2958555e-05,3.435523e-06,2.5138108e-06,9.320151e-06,7.085694e-06,7.100139e-05,3.230896e-05,6.262886e-05,3.3139622e-05,1.1119457e-05,0.020056853,3.4591837e-06,4.901224e-07,1.8297916e-06,0.00011368987,0.0092993975,6.65371e-05,1.3413143e-05,7.992061e-07,1.0115057e-05,9.7422835e-06,0.00014309809,3.479368e-08,2.4243067e-05,2.364083e-05,1.0905771e-05,1.9792215e-05,7.7635605e-06,1.2990514e-06,4.514846e-06,9.426568e-06,1.7776081e-06,0.00011629201,9.128629e-07,2.775212e-06,6.933275e-05,0.00023312675,8.950137e-06,1.0929802e-05,1.2326344e-06,0.00018139595,1.1702508e-05,3.8825295e-08,7.630511e-06,4.543035e-05,8.687597e-06,2.356974e-05,1.690153e-05,8.765359e-06,1.4840985e-05,6.408695e-05,1.4553953e-05,9.689031e-07,0.0024968989,9.498082e-06,9.081902e-05,2.3039381e-06,2.1741165e-05,4.827373e-06,6.171782e-06,7.026626e-05,5.688356e-06,5.721309e-06,4.8087328e-05,1.3005455e-05,3.4501172e-05,4.5662204e-05,1.2230175e-05,2.0232324e-06,3.3810433e-05,6.649491e-07,8.041151e-06,4.3407865e-05,3.8422007e-07,5.9859663e-06,1.35711725e-05,0.001333142,0.0012869609,0.0007007732,9.315766e-05,8.079515e-06,8.83445e-06,1.134663e-06,9.713033e-06,0.00015452066,0.028233152,0.0039062425,2.7484924e-05,5.5537625e-06,9.457935e-07,5.2835763e-05,1.2885401e-06,2.0105157e-05,9.217451e-05,3.3384393e-07,2.468283e-06,0.00037310086,1.9272786e-05,3.031111e-05,2.1955484e-06,4.9797098e-05,1.7589741e-07,1.5236642e-05,7.1571258e-06,2.486726e-05
BC2026_Train_0029_S22_20211211_023000_015,1.1991795e-05,5.8285932e-05,2.7973088e-06,0.059588455,4.568681e-05,1.331934e-06,1.3191385e-06,3.0226216e-05,0.0005523892,0.36339244,0.0074188365,4.612603e-05,2.7935205e-06,2.1697429e-07,9.4119705e-06,0.00011811469,2.1701433e-05,1.7368772e-07,0.0033516448,6.693523e-05,0.00012664449,0.0006674585,5.029769e-06,2.9174693e-05,0.00018755137,7.29161e-07,1.7245382e-05,1.3372259e-05,1.1202295e-05,4.0824987e-05,0.0002425261,5.4275544e-05,0.0002948129,0.00030356034,4.8837053e-05,0.00011982106,0.00017045424,1.9985584e-05,0.00011615503,0.00048100055,0.00014696983,0.00019986152,5.2259296e-05,5.1638373e-05,1.918537e-05,1.9774256e-05,3.538691e-05,1.2082584e-05,1.45046815e-05,1.829143e-05,4.982208e-05,4.728521e-05,4.931201e-05,0.00014701062,0.00025571027,3.0545814e-06,0.00022035745,0.45123258,4.8663092e-05,0.0001891939,0.0034734062,7.5899925e-06,0.0008504737,0.61873543,0.0028579943,8.112824e-06,0.00018146272,2.1392118e-06,4.823098e-07,4.3620577e-05,1.0281208e-06,2.6154628e-06,5.2828203e-05,0.00012972555,6.9634836e-05,1.2809359e-05,0.00021266702,0.00016905412,0.00074090477,8.030481e-05,5.3787087e-05,7.1206687e-06,8.226925e-05,9.997529e-06,1.48570025e-05,7.0951915e-05,4.5870765e-06,0.00012729975,0.0003422383,8.435042e-06,0.0009446892,0.00018955162,9.479658e-06,5.949151e-06,9.6294236e-05,0.00014485713,5.8990838e-05,1.7520477e-05,0.0004321989,0.00030871603,0.00052895513,1.0393679e-05,0.00024257605,0.015808573,0.009646326,9.960096e-05,7.440651e-05,0.0002769225,1.9172914e-05,0.000107089356,1.1188341e-05,0.0058682947,0.0003560535,0.0035286404,0.00022299433,0.00092352496,2.9255909e-05,3.5375974e-06,5.8034904e-05,5.169321e-05,1.4285326e-06,0.00028206847,0.0002944814,0.0003437054,0.006023573,4.831347e-05,1.954049e-05,5.2399322e-05,9.637782e-05,0.000106676576,8.154315e-06,2.8264329e-05,0.00016009988,4.3457443e-05,0.00033068887,5.566637e-05,1.9191097e-05,8.5732245e-05,0.00014782761,0.004859483,7.616208e-05,1.7608567e-05,6.771056e-05,5.663014e-05,4.0486866e-05,2.8644412e-05,0.00010295632,1.6182348e-05,1.4569298e-05,5.8388236e-05,2.9294744e-05,1.2582012e-05,0.0001372842,0.00013951164,9.410084e-05,9.273196e-05,0.00014823921,2.036468e-05,1.6868293e-05,0.000118411044,0.0004094014,0.0009853796,4.317144e-05,2.3671648e-05,0.002266811,0.009772805,0.00013456943,5.527867e-05,2.5345384e-05,0.0003136975,3.69238e-05,8.208017e-06,0.0006683561,0.00047132804,0.00016755781,4.6052453e-05,0.0017435064,0.0012363944,6.644383e-05,0.00014396552,0.00027322106,3.4959852e-05,0.0005314312,5.9589478e-05,0.00017298013,7.833122e-05,0.0002227213,0.0001882221,3.9166043e-05,0.00069940946,0.00011892613,7.6662014e-05,0.012562044,0.00010015431,3.3720724e-05,0.00014799573,2.7284676e-05,7.270969e-05,0.00035066236,2.7187298e-05,0.0005523173,4.9339436e-05,1.564661e-06,6.875507e-05,0.0002820943,0.0008874303,0.0008090252,0.00020195048,0.00019836362,0.00018310921,0.00012405266,2.0261063e-05,5.7063877e-05,0.0005380205,0.053041022,0.5418573,0.00010878149,4.962738e-05,3.1640284e-05,1.5131269e-05,4.9445647e-05,0.00012934598,3.897807e-05,6.5671315e-06,0.00026849436,0.0012629542,0.00038583088,2.7444512e-05,1.5880554e-06,0.0007798289,1.629846e-05,0.00010569611,7.2682046e-06,0.00050027674
BC2026_Train_0029_S22_20211211_023000_020,3.0450792e-06,5.802479e-06,4.839298e-07,0.02437695,1.5686592e-06,9.729767e-08,1.1476233e-06,2.1308364e-05,0.00010572233,0.2161205,0.18835814,8.471189e-06,8.107968e-07,5.583072e-09,8.273404e-07,5.0528073e-05,1.209778e-06,3.554683e-09,0.015173707,4.5794335e-05,7.648171e-06,0.0003561348,4.5261868e-07,8.20218e-06,2.7864835e-05,4.7700674e-08,4.481293e-05,5.655339e-06,1.7958214e-06,2.1010448e-05,2.8964672e-05,7.166961e-06,4.6114597e-05,5.25281e-05,8.2065135e-06,2.9934654e-05,9.263941e-06,2.3021394e-06,1.1208643e-05,9.82165e-05,3.069145e-05,1.9048599e-05,1.03775155e-05,6.9098814e-06,1.1273447e-06,1.153069e-06,2.5400639e-06,7.6801234e-07,9.662447e-07,1.0011295e-06,4.2575894e-06,4.5050606e-06,4.0971913e-06,3.558617e-05,2.470907e-05,2.2294466e-06,1.9487823e-05,0.7839999,1.8333234e-06,9.8797545e-06,0.13006869,8.799462e-07,0.00012880159,0.8520739,0.0054507474,1.5268366e-06,2.6976502e-05,2.6218484e-07,5.0180917e-09,1.1463857e-05,5.3738315e-08,9.119183e-08,6.6694207e-07,3.354042e-05,8.853588e-06,8.04553e-06,4.9839662e-05,2.2833026e-05,7.9674384e-05,4.7271055e-06,6.9946464e-06,3.1818222e-06,6.034923e-06,4.0155135e-07,6.207792e-07,1.1166532e-05,6.592788e-07,7.72614e-05,3.7326157e-05,1.131059e-06,7.4640884e-05,5.7391026e-06,1.176712e-06,5.5840073e-06,6.240615e-06,3.8936946e-06,2.0354287e-06,6.723161e-06,1.9894422e-05,1.7093515e-05,4.4028886e-05,8.6822445e-07,9.762403e-05,0.015401252,0.0018065518,5.5349547e-06,1.5102231e-06,6.329284e-05,1.477262e-06,5.841778e-06,1.5168497e-07,0.00046419268,3.1460484e-05,0.00013640341,1.1379582e-05,6.6705776e-05,3.6503377e-06,3.721933e-07,1.1819805e-05,3.3916178e-06,6.302341e-08,1.6085738e-05,6.10949e-05,1.912257e-05,0.0010020479,7.487379e-06,7.5421394e-06,3.4821646e-06,7.3965653e-06,2.1649468e-05,4.7483775e-07,5.709596e-06,9.133514e-06,3.212302e-06,0.000112515925,2.04484e-05,4.579519e-06,1.3209515e-05,1.13047645e-05,0.0030902387,3.3628178e-06,1.5726706e-06,2.3265786e-06,1.4191675e-05,0.00016761056,4.466541e-07,3.7458444e-06,7.409841e-07,4.6786236e-06,2.1981587e-06,4.86658e-06,5.3720786e-08,3.291521e-05,4.9424584e-06,1.430598e-06,1.7778839e-05,3.2388365e-05,2.980902e-07,7.3378885e-07,2.4203966e-06,2.949161e-06,4.6663583e-05,7.966182e-07,1.5040168e-06,0.000715262,0.0023217825,6.9006883e-06,6.5738236e-06,2.3363398e-06,7.167829e-05,6.693604e-06,1.14373734e-07,1.0070877e-05,2.3902483e-05,3.9976494e-06,4.1773674e-06,8.069108e-05,3.5625933e-05,1.5520126e-06,1.1015641e-05,1.176349e-05,2.3025257e-06,0.0004342824,8.92753e-06,7.405724e-05,1.7504044e-06,1.4677699e-05,2.0798952e-06,1.3004583e-06,4.47902e-05,1.3981773e-05,8.839221e-06,0.00023292388,7.1612494e-06,2.9374e-06,7.0516844e-06,5.1900734e-06,1.258794e-05,2.0708916e-05,1.134172e-06,1.2384184e-05,1.952797e-05,3.9835495e-08,5.915607e-06,2.8593291e-05,0.00035129423,0.00011778109,6.898204e-05,5.8525817e-05,3.0127912e-05,1.27501025e-05,1.1370809e-06,5.9213758e-06,1.5558993e-05,0.024689255,0.009178538,1.9685182e-05,2.3720017e-07,1.8188641e-06,1.4869327e-06,5.198026e-07,2.4801897e-05,6.19198e-06,1.0058594e-07,6.0725183e-06,0.00024074453,0.00010434688,2.4556884e-06,5.5472814e-08,5.621197e-05,1.5706037e-06,4.996032e-06,2.862433e-07,3.3563778e-05
BC2026_Train_0029_S22_20211211_023000_025,6.18875e-06,1.9116917e-05,4.5500857e-07,0.08941621,7.2397233e-06,3.3158e-07,2.5840502e-06,1.6145537e-05,0.0005117655,0.28555936,0.09615163,1.7611792e-05,1.5459972e-06,1.9356e-08,1.7742021e-06,0.0001306991,6.098337e-06,1.493267e-08,0.02064744,6.819754e-05,4.8202102e-05,0.0007736005,2.6187624e-06,1.8274519e-05,9.920881e-05,2.43777e-07,7.5485026e-05,6.2900226e-06,6.3624193e-06,9.930696e-05,9.826981e-05,2.3369534e-05,9.781209e-05,0.00017394406,2.085665e-05,0.000100604964,2.0151052e-05,5.793875e-06,3.810936e-05,0.00031785254,6.6764194e-05,6.113517e-05,3.115407e-05,2.5638832e-05,3.0000892e-06,2.8358263e-06,7.3955352e-06,2.0297025e-06,2.9195542e-06,3.453673e-06,2.0447562e-05,2.0140486e-05,2.029895e-05,8.0453436e-05,9.3490584e-05,2.3357582e-06,7.21841e-05,0.7955018,1.2965812e-05,4.4171033e-05,0.20334344,1.7630953e-06,0.0006886491,0.64914185,0.0039190636,7.930775e-06,0.00010510655,5.645493e-07,4.2579565e-08,1.9040353e-05,2.3293865e-07,4.273269e-07,4.1769053e-06,9.694572e-05,2.8889584e-05,4.8068655e-06,8.2184655e-05,5.074701e-05,0.00010267533,1.3982066e-05,2.3963239e-05,3.5360868e-06,3.7464095e-05,2.298581e-06,1.0964168e-06,1.746939e-05,1.2252987e-06,0.00011847215,0.00011785243,4.4580056e-06,0.0004923975,1.009897e-05,2.6160264e-06,7.0721717e-06,1.6727818e-05,3.0139432e-05,3.2807827e-06,7.522406e-06,4.066277e-05,3.92367e-05,6.4435146e-05,1.8783968e-06,0.00019529874,0.019006059,0.0020209565,5.232276e-06,6.8092645e-06,7.107604e-05,2.1757965e-06,1.9299621e-05,5.017113e-07,0.0019087356,2.21625e-05,0.00017890237,1.2541892e-05,0.00010349416,1.2216222e-05,1.3575772e-06,5.7450565e-05,6.294019e-06,4.0272602e-07,4.3006294e-05,6.8710106e-05,4.9918766e-05,0.0005733228,8.340454e-06,8.322846e-06,1.281625e-05,2.3932478e-05,2.5655536e-05,1.675642e-06,1.0642671e-05,2.37265e-05,6.9506e-06,6.833972e-05,5.4127824e-05,1.2473805e-05,1.6399288e-05,4.1451334e-05,0.0031702241,1.7785216e-05,1.035567e-06,4.7623857e-06,3.0351604e-05,0.000118328084,5.320616e-06,1.0277048e-05,1.3717824e-06,7.517953e-06,4.66815e-06,1.2846989e-05,1.2904066e-07,6.238715e-05,1.7128094e-05,3.7489538e-06,2.0449532e-05,5.648985e-05,9.3766397e-07,1.6186527e-06,9.633265e-06,1.3276537e-05,9.5281626e-05,2.1256742e-06,1.4907478e-06,0.00036213835,0.0062058903,1.5829803e-05,1.5092087e-05,3.7332268e-06,0.00012308176,1.2341517e-05,7.0499567e-07,1.9177705e-05,5.869444e-05,1.0053403e-05,6.6512434e-06,0.00015881329,2.0106423e-05,5.2316773e-06,1.621502e-05,4.445666e-05,4.2970264e-06,0.00052166363,3.8433485e-05,0.00013508792,6.9999787e-06,1.5377906e-05,4.685245e-06,6.5627114e-06,3.915675e-05,1.8871962e-05,2.1429289e-05,0.00012678998,1.428887e-05,1.2435666e-05,3.7590067e-05,6.2737568e-06,1.970603e-05,8.816787e-05,1.6902376e-06,1.8542001e-05,2.3867131e-05,1.4067163e-07,1.3433984e-05,2.5756193e-05,0.00017235924,0.00031186684,0.00015631544,0.00014081056,2.6610278e-05,8.222071e-06,2.4922294e-06,1.1681589e-05,8.835304e-05,0.02513292,0.024281023,2.316332e-05,1.9337328e-06,1.4747044e-06,3.5827534e-06,1.7331987e-06,5.3126627e-05,2.8092296e-05,4.5213292e-07,2.5709003e-05,0.0003122188,0.00011883477,1.21233625e-05,1.0332382e-07,0.000110416215,1.0222517e-06,2.1785994e-05,1.1025191e-06,5.1866773e-05
BC2026_Train_0029_S22_20211211_023000_030,3.6304518e-06,6.767596e-05,2.1885055e-06,0.008923108,3.8445767e-05,6.6830586e-07,9.612356e-07,1.5183554e-05,0.0015119468,0.113825195,0.0063963654,4.709813e-05,2.922393e-06,2.710376e-07,5.502178e-06,7.2466246e-05,8.532331e-06,1.9433857e-07,0.00040653863,0.00012966026,0.00010756773,0.0011320459,3.2672e-05,1.995123e-05,0.00018087954,2.4117192e-06,2.1590233e-05,2.5817694e-06,1.0890639e-05,1.26292925e-05,0.00010998107,3.4214645e-05,0.00025540034,0.00020613962,3.6866026e-05,5.983244e-05,0.00040205862,2.433823e-05,5.6838984e-05,0.00036753016,0.00013691565,8.900705e-05,4.0616495e-05,3.0845527e-05,2.9595962e-05,3.1682917e-05,4.7375073e-05,1.768691e-05,1.4346763e-05,1.7833892e-05,3.5967572e-05,3.0654184e-05,3.871936e-05,0.00010476372,0.0002121805,2.3643352e-06,0.0003374942,0.07158725,8.2177445e-05,0.00015038087,0.0041423864,4.3211653e-06,0.00046133687,0.62338257,0.0012795421,1.3640409e-05,1.2839211e-05,5.925217e-07,2.171428e-07,0.00014310218,2.596612e-06,2.1159376e-06,4.1236774e-05,8.209771e-05,6.6557404e-05,4.8081823e-05,0.00019488225,0.001013869,0.0015374303,0.000119670905,0.00022838711,6.0059283e-06,0.00016821672,3.4265548e-05,3.2452084e-05,6.7555964e-05,2.0325662e-05,0.00011103685,0.00019739497,6.092612e-06,0.0005373816,0.00020753512,7.702226e-06,1.9529274e-05,0.00020126441,0.0001379974,4.849733e-05,0.00017300123,7.9870944e-05,0.00066851533,0.00055454066,7.629598e-05,0.00015140993,0.028238202,0.018352145,9.7240416e-05,7.4662166e-05,0.00015920948,5.561299e-06,0.00014323078,2.879002e-05,0.0018926547,0.00028938317,0.0018420428,0.00021546321,0.0036586435,7.530535e-05,6.400425e-06,9.2846814e-05,3.5917496e-05,4.894889e-06,0.00035919948,0.0002831484,0.0010656406,0.008051138,0.00015099514,4.673729e-05,0.00024529392,0.000107519416,0.00017302234,4.326219e-05,2.880452e-05,0.0004005544,8.798805e-05,0.0013927586,0.0002945575,8.284537e-05,0.00013883192,0.00015369189,0.013243106,4.1537278e-05,0.00024895513,2.6834663e-05,7.261781e-05,5.330094e-05,4.9084327e-05,0.00013642148,0.00013153492,4.9901348e-05,0.00023040148,6.6264634e-05,8.936655e-05,5.1207768e-05,0.00039635316,0.00022282539,8.9284855e-05,0.000119887234,5.7871042e-05,3.0734565e-05,0.00030181845,0.00058859057,0.0017763383,5.324993e-05,4.9060276e-05,0.0014815899,0.007706115,0.00033659884,5.8583326e-05,3.5119476e-05,0.00020935245,2.3414867e-05,6.682646e-06,0.0011169655,0.00025802513,0.00024678657,0.00019925703,0.0016069311,0.0014719527,0.00028393342,0.00020573476,0.0008361413,5.278348e-05,0.0002833161,4.1531617e-05,0.00040219948,5.1063522e-05,7.645935e-05,0.00030097365,3.2132677e-05,0.0005167769,0.00017638267,0.0002188286,0.033692203,1.5947931e-05,4.3824006e-05,3.6303423e-05,1.1936674e-05,5.878143e-05,0.0011931453,8.536946e-05,0.0003169221,2.500643e-05,9.487765e-07,3.5961402e-05,0.00075241114,0.009528001,0.0010806955,0.00021670226,0.00064729055,0.0002681715,0.0001818835,6.5795466e-05,0.00015103244,0.0001544361,0.015183936,0.9691343,0.00018562496,9.533143e-05,7.51241e-05,7.821742e-06,1.8168346e-05,8.6465174e-05,4.824478e-05,7.144932e-06,0.00023986725,0.004916075,0.0008461197,6.5861816e-05,3.37018e-06,0.0006237134,1.9463141e-05,0.0004354107,9.315289e-06,0.0005498061
BC2026_Train_0029_S22_20211211_023000_035,1.6080228e-06,4.99396e-06,1.5773192e-07,0.038864575,2.090098e-06,6.8773126e-08,9.637617e-07,9.454153e-06,0.00015397852,0.56476724,0.051308114,1.0592348e-05,2.7042339e-07,4.4810617e-09,4.2680597e-07,3.6176036e-05,2.7263038e-06,3.4838221e-09,0.0014076736,2.42378e-05,1.1855105e-05,0.00014049244,1.7190372e-06,3.5697763e-06,9.574429e-06,5.0124218e-08,1.2633931e-05,6.956794e-06,1.9957097e-06,4.6831876e-05,2.1558506e-05,6.4745427e-06,2.024727e-05,5.1914973e-05,4.5688143e-06,2.7250246e-05,7.159153e-06,9.557565e-07,1.1011554e-05,9.841985e-05,1.4917582e-05,1.1671545e-05,7.48411e-06,6.834912e-06,9.592804e-07,8.228333e-07,1.6358035e-06,4.1862825e-07,5.364763e-07,5.819209e-07,4.612554e-06,4.9810037e-06,4.255405e-06,1.9368892e-05,2.6772728e-05,3.2412882e-07,1.9681727e-05,0.36949146,5.788275e-06,2.0280257e-05,0.048403896,7.454601e-07,0.0001351419,0.38620344,0.0005139455,1.3942541e-06,4.6369085e-05,1.5139564e-07,1.1466104e-08,1.2339327e-05,5.1503786e-08,3.0377873e-08,1.4968721e-06,2.1340944e-05,4.0227857e-05,4.5756515e-06,4.643732e-05,3.643977e-05,0.00011068639,1.0385108e-05,8.882342e-06,1.0501287e-06,4.273834e-05,1.1120547e-06,5.9684385e-07,4.617233e-06,8.6908676e-07,2.1664853e-05,2.7884134e-05,1.122106e-06,0.00018803446,1.7056567e-05,1.5760277e-06,3.0737099e-06,5.295553e-06,1.7125594e-05,1.7479006e-06,5.3134813e-06,9.835936e-06,1.3219508e-05,1.6956274e-05,1.6425803e-06,0.00010333342,0.050473705,0.0053320155,1.9687454e-06,1.5280601e-06,3.6455345e-05,1.0315346e-06,1.5311864e-05,1.4032072e-07,0.0009180449,1.0788435e-05,0.00010636698,2.446257e-06,0.00012595502,8.300098e-06,1.1115183e-06,1.6267917e-05,1.2031071e-06,1.6449238e-07,2.2580518e-05,0.00012499759,2.798921e-05,0.0028071164,6.9721696e-06,5.0395884e-06,7.2733073e-06,1.4156855e-05,1.1511031e-05,1.087316e-06,2.6998302e-06,1.5579662e-05,2.4806504e-06,9.189735e-05,1.2019675e-05,1.1565442e-05,1.2740087e-05,2.2995519e-05,0.0036761991,6.071429e-06,5.50311e-07,1.3454975e-06,9.728775e-06,0.00010029423,1.8700622e-06,1.3334972e-05,9.64167e-07,3.3488357e-06,2.1220242e-06,4.129198e-05,1.9523095e-07,1.703545e-05,1.9423996e-05,2.762092e-06,7.846666e-06,3.0228694e-05,3.6783155e-07,1.4954212e-06,1.0840373e-05,4.990194e-06,3.8602382e-05,3.6121348e-06,2.028021e-06,0.0001510356,0.00317776,5.3302856e-06,3.1936934e-06,2.005262e-06,6.3230524e-05,8.461639e-06,1.933796e-07,1.2456022e-05,4.2342075e-05,5.578839e-06,5.770175e-06,0.00012398761,1.5806028e-05,2.066112e-06,2.4409006e-05,3.2601227e-05,2.6703567e-06,0.00022919312,7.0289766e-06,0.00010849331,3.5675369e-06,1.6760345e-05,5.7145908e-06,2.4322183e-06,8.25066e-05,4.718647e-06,1.099745e-05,9.172287e-05,3.9815777e-06,7.3434016e-06,1.0186614e-05,2.8708034e-06,8.787103e-06,7.205466e-05,3.3592216e-06,2.1451922e-05,1.09035145e-05,3.283134e-08,1.6891392e-05,2.2078835e-05,0.00039656632,0.00010256886,0.00019960711,5.7992747e-05,1.699072e-05,4.4599833e-06,6.902162e-07,8.513823e-06,2.2203752e-05,0.07101237,0.02726685,1.5770405e-05,1.2350866e-06,1.6930622e-06,2.591884e-06,6.4861587e-07,3.1941698e-05,5.9001754e-06,1.15452536e-07,8.480672e-06,0.00024994428,8.186349e-05,6.92172e-06,2.7763921e-08,4.7300407e-05,4.1921672e-07,6.874663e-06,7.1129864e-07,5.000038e-05
BC2026_Train_0029_S22_20211211_023000_040,6.135486e-06,1.0933304e-05,1.8561108e-06,0.008465768,4.53039e-06,1.7994836e-07,2.7424899e-06,5.036412e-05,7.325275e-05,0.04043387,0.0038182086,1.7291657e-05,1.0325109e-06,1.3649669e-08,3.7169457e-07,1.956208e-05,1.5140663e-06,8.992434e-09,0.00046309747,1.6571801e-05,1.2400682e-05,3.323647e-05,3.0067745e-06,4.487908e-06,5.1710464e-05,4.2294414e-07,0.00016260239,0.00033216886,5.250862e-06,0.00014959999,2.0541649e-05,1.4153534e-05,1.3001957e-05,0.0001348245,6.7369087e-06,8.3581355e-05,2.837725e-05,2.0538218e-06,6.664431e-06,0.00022609977,1.680394e-05,7.680815e-06,1.3207007e-05,1.6284012e-05,1.7765082e-06,1.2595378e-06,2.5899124e-06,8.347093e-07,1.0550605e-06,1.0456865e-06,9.4904935e-06,1.2511261e-05,8.549101e-06,1.64717e-05,7.799463e-05,1.40162e-06,3.610648e-05,0.024426056,3.7038324e-06,0.00032823172,0.12381908,1.8066693e-06,0.00019538088,0.009530832,0.0005336313,8.1084845e-06,5.8755708e-05,1.3685838e-06,2.8697724e-09,4.9411807e-05,9.9815175e-08,5.794417e-08,2.9259622e-06,0.0004453277,0.00030619782,1.6800079e-05,4.541142e-05,0.00012904847,3.197693e-05,2.2321155e-05,2.9423198e-05,1.0379607e-06,3.1721134e-05,3.4665484e-06,3.5299813e-06,1.0438847e-05,3.373196e-06,1.3260618e-05,8.545261e-05,4.22076e-06,0.0006217056,9.785294e-05,1.8364489e-06,3.4424564e-05,2.3699566e-05,0.00013577662,1.7104663e-06,1.4600481e-05,6.3735692e-06,1.0996905e-05,3.0290044e-05,3.637987e-06,0.0004360801,0.11298647,0.03405007,3.0316055e-06,4.289198e-06,5.262311e-05,1.8032025e-06,2.5987574e-05,3.2312948e-07,0.0014087463,6.8215363e-06,0.00024378358,8.8067e-06,0.00041811974,1.5164061e-05,7.949591e-06,3.5033274e-05,3.8854305e-06,1.6213456e-06,9.572231e-05,0.00027523187,2.4299547e-05,0.014814269,1.3490501e-06,8.234743e-05,0.00011131566,4.238886e-05,2.2521335e-05,4.9845817e-06,2.9094617e-06,2.3237682e-05,5.7963116e-06,0.00015888644,2.060972e-05,0.00011466309,3.9147413e-05,9.542556e-05,0.031542294,3.502892e-06,2.1084381e-06,1.7372283e-06,1.8053317e-05,0.0033400469,1.2437076e-05,3.6437614e-05,3.3325175e-06,3.284817e-05,1.2706646e-05,0.00011452956,8.8767464e-08,2.1144459e-05,9.3815375e-05,1.0000218e-05,2.086071e-05,0.00016033776,1.1339048e-06,2.3369199e-05,5.52343e-05,3.4084533e-06,5.7594167e-05,1.0003108e-05,8.357509e-06,0.00040727816,0.00051847147,8.665033e-06,1.3800288e-05,1.4568648e-06,0.00019358899,1.680516e-05,7.980821e-08,2.204883e-05,6.5331056e-05,3.4853042e-06,6.568682e-05,9.47796e-05,3.9086684e-05,1.1910236e-05,0.00031552473,5.1244013e-05,7.5903545e-06,0.00024011989,1.7074812e-05,6.715901e-05,4.9037762e-06,6.5923623e-06,1.9053452e-05,1.2077597e-05,0.00027334716,1.0184099e-05,2.568119e-05,0.00012127226,9.69937e-06,3.201403e-05,1.6631408e-05,7.6273614e-06,1.1900222e-05,0.00011281964,1.3308254e-05,0.000110829096,6.12308e-05,2.0629625e-07,5.6395336e-05,8.033154e-05,0.0011833028,0.00042369927,0.0061152796,2.3232677e-05,1.9319434e-05,2.805575e-05,3.7751877e-06,2.7158922e-05,6.0879483e-05,0.061408877,0.017106142,9.526236e-05,3.5227374e-06,4.184341e-06,2.5918767e-05,4.6424216e-07,8.099775e-05,8.300897e-06,1.6341976e-07,1.8702189e-05,0.0006287364,0.00014707835,0.00012572906,6.263454e-08,4.8873997e-05,7.1447835e-07,1.9302013e-05,2.4189887e-06,7.832017e-05
BC2026_Train_0029_S22_20211211_023000_045,2.6605292e-06,1.6478378e-05,7.231342e-07,0.016833782,4.5720835e-06,5.9860184e-08,2.6582645e-06,8.098562e-06,7.647633e-05,0.022570442,0.0009010766,3.1093226e-05,5.26403e-07,1.0880121e-08,1.03259204e-07,2.0557463e-05,5.0643337e-07,8.98263e-09,5.392977e-05,1.0434339e-05,5.1552715e-06,5.573325e-06,1.6141223e-06,5.0630774e-06,7.900767e-05,6.897623e-08,1.9979161e-05,4.9635233e-05,1.1442471e-05,0.0004065892,3.4488738e-05,2.4263862e-05,1.8515886e-05,0.00020670037,1.1902311e-05,0.00017486434,4.1036623e-05,2.803788e-06,9.290359e-06,0.00041401762,2.1933107e-05,7.4249333e-06,2.0652926e-05,3.129877e-05,2.7126985e-06,1.6529043e-06,4.6436357e-06,1.0402945e-06,1.6042178e-06,1.959031e-06,1.9085548e-05,2.8660066e-05,1.9559262e-05,1.6655884e-05,0.0002310599,1.2474545e-06,7.88763e-05,0.014837566,8.161908e-06,8.4365136e-05,0.12273294,8.6309853e-07,0.0005024133,0.0006476207,2.1208798e-05,7.912636e-06,2.114077e-05,1.11525736e-07,2.3037916e-08,4.0524246e-06,1.5264616e-08,1.8286645e-08,3.219595e-06,0.00028733883,0.00025398948,6.1968356e-05,2.442943e-05,4.3765078e-05,1.5887728e-05,7.3482074e-06,2.9581453e-05,3.1439401e-06,5.302221e-05,5.438881e-05,1.2365233e-06,4.7327985e-06,1.2379251e-06,5.492327e-06,0.00020823284,1.3532701e-06,0.00058397074,8.865881e-05,2.122433e-06,1.0394938e-05,5.01683e-06,0.00044883497,1.6793149e-06,4.810135e-06,6.446565e-06,2.6219155e-05,1.5244389e-05,2.6844848e-06,0.00015862063,0.17349267,0.104456864,1.4224125e-06,9.784947e-06,2.3013663e-05,6.8547292e-06,8.8380584e-05,1.9795074e-07,0.0016295431,3.4104885e-06,3.11503e-05,1.1219477e-05,0.00023361959,1.19436545e-05,2.9671073e-05,1.346912e-05,4.842201e-06,5.4037514e-07,9.896551e-05,0.00014577094,1.6761336e-05,0.0070920014,1.0337199e-06,6.1684535e-05,2.0702302e-05,1.1388517e-05,1.662432e-05,8.834367e-06,3.2292446e-06,6.0074462e-06,1.0239337e-05,3.4947818e-05,6.186656e-06,0.0001369287,2.7199956e-05,6.253839e-05,0.03291367,1.2270714e-05,7.1250105e-07,5.4751267e-06,8.719029e-06,0.0038953274,1.9335026e-05,8.271051e-06,2.7733386e-06,2.7091744e-05,3.557219e-06,1.317425e-05,6.6129516e-08,1.1177761e-05,4.1110965e-05,2.8445038e-05,9.786972e-06,4.209941e-05,1.2217002e-06,2.2522514e-05,3.6043322e-05,1.6064721e-05,6.449643e-05,1.5917232e-06,1.4680317e-05,0.000119592194,0.00014809016,8.135285e-06,6.0595994e-06,9.0289916e-07,8.2202285e-05,2.299258e-05,5.9192583e-08,1.31478055e-05,4.938378e-05,1.2993267e-05,7.582179e-05,3.6195084e-05,7.5641947e-06,2.0064646e-05,0.00016587767,1.7180459e-05,1.8838092e-06,0.00015097873,1.6072276e-05,8.606998e-05,4.999407e-06,2.301226e-06,9.5089845e-06,3.595547e-05,0.0008484032,2.6592484e-06,1.5665193e-05,1.5689746e-05,7.961594e-06,2.9483197e-05,7.57813e-05,5.6282383e-06,1.5971493e-05,7.0126895e-05,1.1206376e-06,1.3318501e-05,2.9775612e-05,3.5997436e-07,1.6993312e-05,1.6414278e-05,0.0038304108,0.0005581532,0.011025996,1.474372e-05,3.0476679e-06,9.85964e-06,5.7342445e-06,1.9112085e-05,4.3339285e-05,0.105347864,0.005647987,6.981156e-05,7.691553e-06,2.9667692e-06,2.747164e-05,4.21286e-07,5.4338205e-05,1.5736001e-05,1.3278232e-07,1.748054e-05,0.0003206114,3.2270375e-05,1.7864651e-05,5.8645696e-07,1.707468e-05,2.9175453e-07,4.763093e-05,8.402886e-06,5.098139e-05
BC2026_Train_0029_S22_20211211_023000_050,3.0204026e-06,5.8496804e-05,1.954362e-05,0.017212236,1.4426037e-05,1.905054e-07,3.8309245e-06,1.5601474e-05,0.0024849172,0.29775378,0.008442736,5.5846725e-05,2.8047401e-05,1.9321628e-07,1.0605291e-06,5.0858733e-05,1.10690935e-05,1.4516846e-07,0.0001946219,1.5313703e-05,1.3088794e-05,0.00029607536,1.1835269e-05,3.9817412e-05,0.00012804152,7.5610615e-07,0.00025472476,9.742274e-06,3.6917987e-05,2.9139075e-05,0.00027111013,6.308579e-05,0.00018359716,0.0006804811,4.9818187e-05,0.00017746842,0.0004292682,2.2701257e-05,0.00011003804,0.0005059574,0.0002548754,0.000112809306,0.0001240665,5.566595e-05,3.158861e-05,2.7557759e-05,4.7769303e-05,1.36854005e-05,1.279056e-05,1.86865e-05,7.760313e-05,9.846115e-05,9.814207e-05,0.00028167936,0.00035360173,2.246427e-06,0.00037533356,0.02689343,9.714051e-05,0.00034442605,0.014417778,4.5829884e-06,0.00017540423,0.013838714,0.00064920395,6.289784e-05,2.3768147e-05,4.013534e-07,5.983256e-08,0.0003987234,3.7668224e-06,5.6735377e-07,3.1298918e-05,0.00039222217,0.00013085899,5.971946e-05,6.66631e-05,0.00048447738,8.449081e-05,0.00012199694,7.91819e-05,4.484169e-06,0.0001616999,4.543815e-05,6.9272737e-06,1.6494558e-05,2.326835e-05,0.00016833769,0.000104592735,8.49167e-06,0.00084518176,0.0003628442,1.9573725e-05,4.4980123e-05,4.2354673e-05,0.00020734288,0.00014384613,8.186872e-05,3.801763e-05,0.0005230533,8.809333e-05,4.959053e-05,0.0002708345,0.07800984,0.025463538,8.806788e-05,7.169783e-05,7.5232565e-05,5.9048416e-06,0.000468569,2.1512215e-05,0.0062320326,5.9524897e-05,0.0007733001,0.0002681206,0.0022552202,3.273397e-05,8.989487e-06,4.0184186e-05,7.842054e-05,6.787894e-06,0.00071515166,0.000271603,0.00082440197,0.00076760765,2.3057268e-05,8.372168e-05,0.00087859685,4.8619488e-05,0.00038229066,8.4129184e-05,6.083102e-06,0.000111243615,6.088999e-05,0.00042841074,0.00023229225,0.00018543939,7.6438206e-05,0.00022532156,0.26367244,6.290407e-05,3.573267e-05,2.9416662e-05,8.8106775e-05,0.0054965396,9.7027005e-06,0.00014191616,0.00077224534,0.00019891742,3.9519207e-05,0.0001213176,1.3262933e-05,5.6516845e-05,0.00071848393,0.00030659421,6.685639e-05,0.00015024829,8.8554625e-06,0.00010067531,0.00031293876,0.00062690006,0.0009426829,2.9694851e-05,4.1504416e-05,0.000716429,0.0015960922,0.00022431945,6.3311134e-05,9.3277795e-06,0.00021801786,0.00016087621,7.0752403e-06,0.0009906179,7.922012e-05,0.00015483495,0.0004326057,0.0010980248,0.0009931689,0.00023964139,0.0003327489,0.00031901343,1.48500885e-05,5.6521698e-05,8.327467e-05,0.00017819721,0.00012593651,1.2343129e-05,0.00020930533,3.6769787e-05,0.0004470458,2.614687e-05,0.00015945834,0.003175394,4.650552e-05,5.0057057e-05,0.00011681971,2.6169697e-05,6.694327e-05,0.0016915946,0.0003064332,3.3750963e-05,0.00010693364,2.7383321e-06,0.00014786414,0.00053973653,0.00090996287,0.004553165,0.0037633232,9.738443e-05,6.1802e-05,0.00012777696,6.565269e-05,4.778087e-05,9.031801e-05,0.0058597466,0.9216896,0.00012355576,0.0001413616,7.500012e-05,5.5215343e-05,2.911249e-06,1.3700432e-05,4.4145934e-05,6.6732905e-06,0.0002548511,0.0022821852,0.00029601186,9.224952e-05,2.8010006e-06,0.00011482185,4.3063832e-05,0.000757764,5.4388533e-06,0.00020108373
BC2026_Train_0029_S22_20211211_023000_055,5.055363e-07,9.160364e-06,9.481768e-07,0.014012972,1.7817118e-06,3.3800077e-08,3.951271e-06,1.7486358e-05,0.00031939414,0.02651418,0.06921499,1.8287943e-05,9.829351e-07,4.577835e-09,8.393409e-08,6.3880965e-05,4.879649e-07,3.784417e-09,0.0013148912,2.4475368e-05,4.9388727e-06,0.00010699239,8.2907724e-07,1.3637378e-05,1.8135073e-05,4.738122e-08,0.000103585975,4.099079e-06,1.6767513e-06,0.00013566288,1.9410756e-05,9.269509e-06,3.3179655e-05,0.00011010742,1.0260557e-05,5.711674e-05,9.388976e-06,1.9270556e-06,8.842028e-06,0.00020939058,3.0648633e-05,9.242295e-06,1.7066297e-05,1.0977028e-05,1.7544321e-06,1.1592524e-06,2.7469007e-06,6.413063e-07,8.977174e-07,1.0271721e-06,6.1210612e-06,6.681582e-06,6.702572e-06,3.1257485e-05,6.517965e-05,2.1123506e-06,3.9876348e-05,0.3058465,9.558049e-07,2.7035841e-05,0.82873636,1.4274771e-06,0.00043947014,0.1819711,0.0037860528,5.109819e-06,4.138442e-05,2.497161e-07,3.977034e-09,1.5913582e-05,3.6131638e-08,2.2126631e-08,6.5269694e-07,0.00011776817,4.1991432e-05,1.37659545e-05,2.9287927e-05,2.8475059e-05,2.1643356e-05,3.7367317e-06,1.6793576e-05,1.1627135e-06,1.9939931e-05,4.245997e-06,5.535555e-07,2.5861189e-06,1.2185772e-06,5.4389428e-05,2.71782e-05,1.021025e-06,0.0001455279,1.3694723e-05,1.1998038e-06,9.790043e-06,6.951747e-06,1.9899602e-05,1.2387718e-06,1.0494505e-05,1.8699657e-05,2.3037464e-05,1.2903853e-05,2.0227073e-06,6.438091e-05,0.0292886,0.011024286,1.5576694e-06,8.167205e-07,5.1011986e-05,2.2109118e-06,8.081157e-06,1.16995956e-07,0.0003839713,1.4453095e-06,2.1548312e-05,9.696068e-06,0.00018770862,1.3408436e-05,4.1618077e-06,2.601582e-05,1.0920579e-06,3.844759e-07,2.6166776e-05,5.7400674e-05,3.0470219e-05,0.0024849134,2.1442772e-06,2.0153859e-05,9.267025e-06,8.5041626e-07,1.098659e-05,2.6675164e-06,2.6839189e-06,2.8889353e-06,7.720103e-06,0.00024250551,1.3516627e-05,2.2784108e-05,4.7188228e-06,4.3802393e-06,0.008482142,7.821944e-06,9.514259e-07,7.6789746e-07,9.605341e-06,0.005146721,1.1749817e-06,7.683628e-06,2.4256877e-07,1.02768045e-05,2.726772e-06,4.183994e-05,1.6945673e-08,1.0750988e-05,8.857718e-06,4.146227e-06,1.5134458e-05,2.772813e-05,3.024015e-07,1.5619878e-06,4.2973707e-06,1.907888e-06,1.4693552e-05,3.5570932e-07,3.882386e-06,0.00026533552,0.00017280637,6.158018e-06,1.0843309e-05,4.7021692e-07,7.347298e-05,1.7239627e-05,2.2576987e-08,2.4610526e-06,2.4058954e-05,5.6103336e-06,1.0508325e-05,4.8448155e-06,8.456379e-06,4.3729938e-06,8.4619904e-05,9.211242e-06,3.4036357e-06,0.00016145402,2.5985813e-05,9.829492e-05,1.5860498e-06,2.209723e-06,1.6103953e-06,2.0184661e-06,1.9972533e-05,2.9665882e-06,1.2325531e-05,2.3950492e-05,1.2086501e-06,6.982317e-06,5.0732074e-06,3.4988584e-06,7.3114597e-06,3.5913115e-05,9.673548e-07,2.4838937e-06,3.454608e-05,4.968408e-08,7.5297057e-06,1.1224496e-05,0.0019312706,0.00034470644,0.002291156,2.1701764e-05,1.2500623e-05,5.3092417e-06,7.167141e-07,8.264712e-06,1.6814329e-05,0.04690482,0.0029237124,3.715179e-05,2.6021423e-06,2.1187866e-06,1.320503e-05,1.594543e-07,5.651523e-05,8.878515e-06,1.3859809e-08,4.635724e-06,0.00023108437,3.472643e-05,2.5256086e-05,6.246608e-08,2.62768e-05,2.1952437e-07,2.0045922e-05,9.192956e-07,2.4857234e-05
BC2026_Train_0031_S22_20211214_204500_000,2.2648924e-06,4.828077e-05,4.6222496e-08,0.00025669983,0.00016608089,1.3113166e-06,1.3587452e-05,1.38203e-06,0.00812829,2.60284e-05,9.711689e-05,2.4863918e-06,4.7344724e-07,1.994804e-08,3.4385912e-06,0.98160374,6.259631e-07,1.12696865e-08,0.99934536,0.0023264473,0.00021050236,0.9964922,5.6949008e-05,3.3321143e-05,0.2263708,4.2726195e-05,0.0013470665,4.476922e-06,6.0440085e-05,1.5106512e-05,5.254894e-05,4.393565e-05,0.00023990408,2.8945507e-05,2.673053e-05,7.2971496e-05,9.208617e-06,0.000100379766,4.8044776e-06,0.00049948506,0.00015496774,1.1539993e-05,8.842721e-05,7.6392156e-05,1.1628848e-05,9.784005e-06,5.9127695e-05,8.424053e-06,1.7846243e-05,5.3233736e-05,3.145886e-05,5.0626702e-05,5.4135664e-05,1.6937236e-05,0.0010942031,3.347967e-06,4.4622775e-05,0.35137355,1.3642093e-06,5.9600556e-05,0.94885224,3.741546e-07,0.00028466663,0.98117745,0.14496009,0.0034482596,1.8796094e-05,8.809109e-09,1.2497516e-06,3.2837286e-06,7.101809e-07,1.6934433e-06,1.8359008e-06,1.013287e-05,2.619312e-06,1.8121245e-05,4.007779e-05,8.225548e-07,0.00011462833,1.1449188e-06,0.00047686874,8.932785e-06,1.05049585e-05,1.4791856e-05,1.3124554e-05,3.7429234e-06,1.9461174e-07,1.1382849e-05,7.1538096e-05,9.763285e-06,1.4651924e-05,3.4391946e-06,3.8469334e-08,4.6524028e-07,0.000113730646,5.3232718e-05,2.6976218e-06,0.00019455288,5.807216e-05,0.00014625602,0.0003413627,3.580752e-06,1.35607315e-05,7.2449664e-05,2.8184846e-05,1.724068e-05,1.2798857e-05,7.4888254e-07,3.731968e-05,5.152872e-05,6.6552093e-06,3.272568e-06,2.3913444e-07,8.031984e-07,0.00026899658,3.0169858e-05,1.6060094e-05,2.0035219e-05,5.3303745e-07,6.470163e-05,0.00013190896,0.00018088074,9.270092e-06,0.00028321132,3.9780675e-06,1.9895426e-05,5.8926685e-06,1.6389095e-05,5.673473e-07,4.7840647e-05,9.540685e-08,0.0016547736,3.6621552e-06,0.00010683967,5.6783615e-06,0.00015404489,0.0009960481,8.787078e-06,2.2699363e-07,4.1352764e-06,9.141915e-06,4.343921e-05,3.3586028e-05,2.2708988e-05,1.49280695e-05,0.0010559718,8.583657e-06,2.9513058e-07,3.9320895e-08,9.2363125e-06,6.488615e-07,4.3990403e-06,1.6064812e-05,7.265213e-07,4.148708e-05,1.2375968e-06,9.529046e-08,7.7335346e-07,1.1550445e-06,1.824509e-05,3.2328835e-06,2.907595e-05,8.4119684e-08,4.2499382e-06,2.2518063e-06,0.0013133853,4.113863e-06,7.7764256e-05,6.064244e-05,1.787331e-05,1.7700952e-05,2.8844544e-05,2.714862e-07,8.52967e-06,0.0010304675,0.0005035506,6.3206962e-06,5.089506e-07,7.433155e-05,5.4319958e-06,1.3687684e-05,1.1200513e-06,7.120494e-05,9.940986e-05,2.5408572e-05,4.5444617e-06,1.0995744e-07,2.1459794e-06,5.37268e-05,3.971343e-05,2.7057224e-06,8.6955606e-07,2.1685131e-05,9.33805e-06,0.00014396496,8.869435e-06,2.502647e-06,4.9312195e-05,4.018223e-05,2.4830643e-07,3.414362e-05,5.4990862e-05,5.0819153e-08,1.6651694e-06,7.3993024e-06,4.2025124e-05,6.2043815e-05,5.493279e-05,9.173074e-06,3.5725207e-05,1.8758812e-05,0.00035969375,6.6155076e-06,1.4309432e-05,4.07531e-05,4.4938963e-05,2.545248e-06,0.00011253331,4.1533835e-07,2.0323936e-05,4.20703e-07,4.6997764e-05,3.3280397e-05,1.0558265e-06,9.822024e-07,0.0008613528,7.846554e-06,3.2993714e-05,6.777835e-07,0.00090560794,5.419363e-07,0.0002243877,2.7746359e-05,9.957279e-06
BC2026_Train_0031_S22_20211214_204500_005,1.4163858e-07,9.62311e-06,1.7957696e-08,5.3976895e-05,0.00014504234,4.2339207e-07,1.2302422e-06,8.6751845e-07,0.07320497,2.4160372e-05,3.784101e-05,3.492853e-07,3.577461e-07,2.5824765e-09,2.6563944e-06,0.9772794,7.688208e-08,1.3490074e-09,0.99335176,0.0006239483,4.2939373e-05,0.991755,8.509977e-05,4.60377e-06,0.42492062,2.4411846e-05,0.0007754202,1.4736779e-06,1.4042374e-05,2.2540285e-05,2.3022068e-05,1.0938509e-05,5.9227856e-05,4.706777e-06,5.1167435e-06,1.3142428e-05,9.2203936e-07,1.2257029e-05,1.1723982e-06,7.656091e-05,4.0271996e-05,4.1960257e-06,2.5091063e-05,1.4860006e-05,1.8889938e-06,1.7228612e-06,8.1663775e-06,1.4270144e-06,2.1889875e-06,6.916553e-06,7.5788384e-06,1.1043419e-05,1.3968739e-05,4.8064667e-06,0.0002005539,3.7906355e-07,7.187419e-06,0.14925742,6.028826e-07,1.4184381e-05,0.9092806,1.9460154e-07,0.00069187046,0.91256684,0.0468683,0.0019501026,1.5510446e-05,2.1759328e-09,7.5419916e-07,3.0057454e-06,4.9064052e-08,7.5177053e-07,7.0744187e-07,3.8687144e-06,5.8964406e-07,5.180826e-06,1.5350184e-05,6.429364e-07,9.626926e-05,4.925369e-07,0.00042967655,9.751427e-07,3.4302718e-06,6.1144337e-06,9.173861e-05,1.7473939e-06,1.4317826e-07,9.392719e-06,8.580245e-06,1.7075945e-06,5.491147e-05,1.1149548e-06,2.738838e-08,6.102709e-08,3.7143218e-05,3.6139452e-05,2.1087509e-07,6.0418475e-05,2.1173807e-06,3.438195e-05,6.74185e-05,1.2182354e-06,2.3123901e-05,6.328282e-05,1.3024904e-05,1.662215e-06,1.7111028e-06,2.1335755e-07,2.146176e-06,2.4577486e-05,2.0080543e-06,1.6936646e-06,3.3504307e-08,3.9277236e-07,7.696109e-05,4.1603553e-06,3.8334682e-07,8.745654e-06,1.4628581e-07,1.0284971e-05,9.3319475e-05,5.619188e-05,4.2491847e-06,0.00010883493,8.4668324e-07,7.5457905e-07,9.610022e-06,3.0752728e-06,6.945796e-07,3.2489366e-05,6.718027e-08,0.000106599495,3.2000714e-06,1.6233062e-05,2.24972e-06,4.3056032e-05,0.00068046356,2.337113e-06,4.0082017e-07,7.926214e-07,1.0278717e-06,2.6023633e-06,2.382338e-05,3.3491456e-06,3.0324184e-06,7.089044e-05,1.7315483e-06,1.362343e-07,8.575586e-09,7.907408e-06,1.4021879e-07,3.5426551e-06,5.8126093e-06,1.6569857e-07,5.1037264e-06,2.572484e-07,3.1789565e-08,1.0587395e-06,1.2026788e-07,5.0680806e-05,8.6149333e-07,1.20276545e-05,3.0735117e-07,2.6709628e-07,2.3256287e-07,0.010358474,5.295508e-06,2.0869784e-05,1.7081391e-05,2.5356092e-05,1.6113861e-06,2.0598163e-06,9.594098e-08,5.155922e-07,9.431914e-05,4.688213e-06,2.1241137e-06,1.6439483e-07,4.1418538e-05,9.0790803e-07,1.2819684e-05,2.0256849e-07,6.0703524e-06,7.8895255e-06,2.7893228e-05,1.5680848e-06,2.4509802e-08,8.094687e-07,1.1192332e-05,1.8136112e-05,6.487402e-07,2.4407012e-07,1.3837662e-05,2.8813745e-06,5.293824e-05,2.9828748e-06,3.7109032e-07,1.3589979e-05,1.0556015e-05,3.1042774e-07,3.3610155e-05,2.39244e-06,5.929585e-09,7.825807e-07,7.67263e-06,9.253831e-06,4.0085743e-05,1.0344987e-05,1.1014977e-06,4.0570535e-06,4.5786765e-06,6.604774e-05,1.5758353e-06,3.549002e-06,1.6900174e-05,3.496909e-05,1.3204854e-06,3.6296675e-05,2.377639e-07,3.7346229e-06,1.9087675e-07,1.1599962e-05,9.738364e-06,6.559968e-07,7.436807e-07,0.00020236819,6.141065e-07,1.5854986e-05,4.4462514e-08,0.00049468764,1.537044e-07,4.583326e-05,1.4442885e-05,6.5317417e-06
BC2026_Train_0031_S22_20211214_204500_010,3.08064e-07,7.703452e-06,2.4240753e-08,0.00013694334,6.431844e-05,5.209713e-07,1.85601e-06,1.6287706e-06,0.019984756,2.4657284e-05,6.635873e-05,2.0152138e-06,2.5631417e-07,3.928676e-09,8.554685e-07,0.9983967,7.5093524e-08,2.4528353e-09,0.99829763,0.000382745,2.6691863e-05,0.9821426,3.3397046e-05,7.766566e-06,0.6972912,4.840705e-06,0.0020880746,1.1374138e-06,1.00721445e-05,1.0734186e-05,1.5528829e-05,1.0617349e-05,4.8534068e-05,6.2125464e-06,5.467248e-06,1.4218363e-05,2.9605005e-06,1.1823628e-05,1.0388609e-06,9.979729e-05,3.1008185e-05,3.1236711e-06,1.9720937e-05,1.600829e-05,1.7775742e-06,1.5192052e-06,5.329747e-06,1.1462286e-06,2.0814828e-06,6.4546975e-06,6.1155415e-06,8.429445e-06,1.1490017e-05,4.9339387e-06,0.00015795308,1.2971956e-06,8.63732e-06,0.26585057,2.5074678e-07,7.004994e-06,0.9542852,1.6724361e-07,0.0010872709,0.9825346,0.09939073,0.0046261093,9.062359e-06,1.252303e-09,2.9129131e-07,5.340116e-06,3.2977827e-08,3.3846277e-07,8.6497886e-07,3.4619068e-06,9.4868426e-07,8.034436e-06,1.8157953e-05,2.7167317e-07,6.7858266e-05,3.6090867e-07,0.00027436521,2.9856924e-06,1.5393063e-06,7.905704e-06,1.2657627e-05,1.3321879e-06,6.223121e-08,4.1720086e-06,1.458993e-05,1.9879615e-06,5.34383e-05,3.5674964e-06,3.80803e-08,9.330792e-08,2.7978558e-05,4.6112218e-05,2.7739446e-07,2.5608899e-05,7.391065e-06,2.9605924e-05,7.664748e-05,7.052835e-07,1.7137145e-05,4.4292432e-05,5.056138e-05,3.1744873e-06,9.379001e-07,2.0262277e-07,6.780745e-06,2.2128981e-05,7.0345374e-07,2.5763165e-06,5.922297e-08,2.4093143e-07,4.2194948e-05,1.5133302e-05,2.2125635e-06,8.528702e-06,1.3302693e-07,1.7841257e-05,1.8527597e-05,4.6894034e-05,2.348848e-06,0.000119741446,7.857487e-06,3.1150798e-06,3.5778128e-06,2.0826183e-05,7.552257e-08,7.669038e-06,6.271966e-08,0.00017752376,3.7980317e-06,2.0688643e-05,1.987442e-06,0.00010722669,0.00037830905,1.2130487e-06,3.6147978e-07,1.9086906e-06,5.9944437e-06,3.960881e-06,2.2045655e-05,3.4347336e-06,8.615511e-06,0.0023565353,1.3879685e-06,1.705998e-07,9.0222976e-08,3.097956e-06,2.1396558e-07,3.1792408e-06,3.7085617e-06,1.7324868e-07,5.0774703e-05,6.310923e-07,2.4046926e-08,3.041722e-07,1.6914034e-07,1.2948291e-05,2.8519994e-06,3.8085757e-06,3.1503756e-08,6.950686e-07,5.90625e-07,0.00038791946,1.9623496e-06,2.2722224e-05,6.407216e-05,4.1135398e-05,3.1645516e-06,5.613229e-06,1.3416594e-07,2.1184107e-06,0.0003701612,1.2754188e-05,6.9638435e-07,1.669044e-07,0.000110844834,9.027838e-06,8.183755e-06,3.3207144e-07,3.7614092e-05,1.0868435e-05,1.4094307e-05,2.8585234e-06,1.4108524e-08,1.4450409e-06,3.0517745e-06,2.4906301e-05,5.7716494e-07,1.977979e-07,9.618119e-06,1.225426e-06,0.00012128949,1.9062511e-06,6.294129e-07,3.078857e-05,4.239638e-05,8.6336385e-08,7.854148e-05,1.5702362e-05,6.129431e-09,3.0972217e-07,6.319099e-06,1.5995209e-05,2.7209062e-05,0.00013730435,1.1923313e-06,1.2904554e-05,3.9081624e-06,8.5788175e-05,3.560345e-06,6.311077e-06,7.564694e-05,6.173337e-05,1.9129584e-06,7.542256e-05,4.4407807e-07,2.977103e-06,1.1395512e-07,2.6242471e-05,1.1720556e-05,5.3922713e-07,5.709861e-07,0.00046102778,9.029483e-07,1.49393645e-05,1.9152253e-08,0.0005162873,3.8623446e-07,0.00020744946,2.172278e-05,2.3928644e-06
BC2026_Train_0031_S22_20211214_204500_015,3.494866e-07,1.0636108e-05,2.3730443e-08,0.00014966962,6.473292e-05,3.1670106e-07,7.382558e-07,6.407451e-07,0.0768851,1.1060103e-05,4.0422558e-05,8.1260976e-07,1.9507127e-07,4.4582316e-09,2.92481e-06,0.99774855,5.7305476e-07,2.7978138e-09,0.9966537,4.2409923e-05,6.367964e-05,0.97326183,7.4630276e-05,8.778024e-06,0.5596005,3.1460697e-06,0.0011280038,6.9752764e-07,1.0802127e-05,6.6384423e-06,3.252871e-05,1.2535445e-05,4.530013e-05,7.1387135e-06,6.631242e-06,1.6832892e-05,1.5133215e-06,1.2581928e-05,1.5081017e-06,7.4527015e-05,3.9682574e-05,5.3039585e-06,4.021424e-05,1.8573415e-05,3.5534183e-06,2.812956e-06,1.1400122e-05,1.5569967e-06,2.5035495e-06,7.976733e-06,1.2711627e-05,1.6412994e-05,2.3907953e-05,8.387442e-06,0.00024125603,1.0617111e-06,1.1126468e-05,0.20246439,4.6358076e-07,3.4582702e-06,0.82862985,1.9803231e-07,0.00038935716,0.96341825,0.008951393,0.0034215997,1.30351555e-05,6.628288e-10,5.6411284e-07,2.7746403e-06,1.2454451e-07,3.9104745e-07,8.325262e-07,3.128301e-06,6.621723e-07,1.6909427e-05,2.1604608e-05,3.6532737e-07,7.703378e-05,1.8589527e-07,0.00020427772,6.802216e-06,4.5759616e-06,8.254117e-06,1.5169948e-05,1.3653141e-06,2.5409712e-08,1.2544642e-05,1.11022055e-05,1.3707441e-06,3.2174965e-05,3.9734227e-06,2.5477606e-08,4.6974584e-08,2.2724911e-05,0.000123948,4.5610076e-07,8.81464e-06,1.3663702e-05,2.6934988e-05,3.8678805e-05,1.4029814e-06,2.5166e-05,4.537532e-05,2.4118499e-05,2.3358161e-06,8.826643e-07,1.8955107e-07,9.880301e-06,2.2599022e-05,1.6350207e-06,1.6907695e-06,3.827976e-08,1.3633712e-07,0.00010878565,1.3829416e-05,2.6486082e-06,5.5178734e-06,1.6821072e-07,2.8559336e-05,2.2353855e-05,6.283753e-05,2.6672542e-06,0.0002754663,8.3199285e-07,8.350267e-06,4.7415624e-06,1.7657872e-05,1.8244253e-07,1.5049286e-05,1.1357863e-07,0.00018345541,1.0134311e-06,1.9994754e-05,1.1269589e-06,0.0002652657,0.00067981274,3.570941e-06,3.2310487e-07,9.1880213e-07,4.3714217e-06,2.811867e-06,3.778551e-05,1.1511194e-05,3.7722543e-06,0.00072966743,3.907637e-06,2.7899796e-07,2.9014542e-08,7.9520405e-06,3.8067859e-07,2.3540103e-06,5.926251e-06,2.3474884e-07,3.9691397e-05,6.4301554e-07,3.6642433e-08,1.3240211e-06,1.9666875e-07,1.7927097e-05,2.6135679e-06,6.8050517e-06,1.228096e-08,3.0687963e-07,2.166728e-07,0.00072882365,1.6672033e-06,2.9294299e-05,6.173944e-05,3.681101e-05,5.125256e-06,5.265449e-06,2.7047264e-07,1.4843371e-06,0.00016470226,1.2333316e-05,1.5469661e-06,1.3648737e-07,7.6779885e-05,2.6817875e-06,8.671035e-06,2.460585e-07,1.5313923e-05,2.2416916e-05,1.0541217e-05,2.2053819e-06,1.8682883e-08,1.935469e-06,7.371158e-06,1.3912118e-05,7.642328e-07,3.7384785e-07,1.999438e-06,2.5838235e-06,8.459255e-05,1.0043647e-05,6.1529363e-07,2.3704268e-05,4.6123565e-05,1.2227721e-07,2.1157086e-05,3.6214245e-05,1.3995955e-08,6.5457635e-07,2.2730067e-06,2.1540627e-05,3.4464636e-05,6.4619926e-05,1.7562015e-06,1.2630821e-05,2.7245e-06,4.1667212e-05,1.1686219e-06,1.2942525e-05,2.820154e-05,5.525158e-05,2.7212204e-06,0.00019894491,2.5934736e-07,3.1103748e-06,1.366081e-07,4.2870393e-05,1.10103465e-05,4.0449123e-07,2.811135e-07,0.00024920734,5.644567e-07,4.6790847e-05,4.560946e-08,0.0007797984,2.075238e-07,4.07823e-05,1.8037485e-05,6.2371287e-06
BC2026_Train_0031_S22_20211214_204500_020,1.0430515e-07,3.9280712e-06,1.1069372e-07,4.026182e-05,3.8699392e-05,3.880994e-07,1.438581e-06,5.6126333e-07,0.03508715,2.6415415e-05,3.807717e-05,5.378754e-07,2.526134e-07,1.752628e-09,8.9360384e-07,0.99645907,7.1549444e-08,8.875638e-10,0.99871194,1.0637314e-05,2.2425405e-05,0.98350453,5.7400397e-05,3.2254131e-06,0.45007908,1.6360408e-06,0.0016058849,6.5562534e-07,2.5051757e-05,3.3409342e-06,1.03999655e-05,7.34238e-06,2.1255795e-05,2.0079258e-06,2.3781292e-06,7.029346e-06,6.045246e-07,5.6983686e-06,7.8600186e-07,2.5090561e-05,1.7146382e-05,2.1690237e-06,1.2103171e-05,1.1983495e-05,1.277768e-06,9.865432e-07,3.2296543e-06,7.157864e-07,8.7576365e-07,2.4263106e-06,3.3219321e-06,5.012889e-06,6.514653e-06,3.744002e-06,6.425045e-05,1.8105432e-06,3.3139866e-06,0.20350674,4.0986976e-07,6.755018e-06,0.982288,2.0272845e-08,0.00018962771,0.974344,0.039718106,0.006812343,1.0671311e-05,4.4771378e-10,2.6645813e-08,1.5448578e-06,2.166325e-07,1.0961777e-07,2.2938174e-07,1.3971976e-05,2.4915326e-07,1.1256654e-05,1.2649494e-05,1.9370962e-07,4.6276182e-05,6.558086e-08,6.8670415e-05,3.064566e-06,1.4600972e-06,6.398667e-06,3.856558e-06,3.007432e-07,8.3759765e-08,9.015887e-06,9.266495e-06,1.0013769e-06,8.796015e-06,4.184708e-06,1.1327506e-08,5.456969e-08,1.2575378e-05,2.5501327e-05,1.1770897e-07,5.7616357e-06,1.2727058e-05,3.2504304e-05,2.4131497e-05,1.1489384e-06,1.826375e-05,5.7716676e-05,1.3127684e-05,1.8831572e-06,4.1578105e-07,1.7733956e-07,7.676846e-06,1.4975938e-05,1.8535815e-06,1.7902487e-06,1.7899222e-08,1.2406913e-07,5.8959507e-05,8.0553045e-06,2.3206067e-06,2.0467126e-06,8.811162e-08,8.784128e-06,1.362486e-05,3.0074058e-05,2.6552927e-06,0.00023638338,8.322928e-07,7.0366104e-07,2.443543e-06,4.015664e-05,2.4440857e-07,2.0263826e-05,8.24233e-08,0.00012488716,5.096418e-07,6.981278e-06,2.3748566e-06,8.570037e-05,0.0011206078,2.3647726e-06,1.5397157e-07,6.769495e-07,1.1083141e-06,2.2318998e-06,1.5344389e-05,2.860345e-06,7.1923155e-06,0.00045159663,8.794839e-07,1.2512417e-07,1.34699745e-08,5.030206e-06,1.9374141e-07,5.243148e-07,3.1866261e-06,1.4235412e-07,1.938741e-05,8.1450827e-07,2.188554e-08,4.7996326e-07,1.2602811e-07,1.6402792e-05,1.0889795e-06,3.151971e-06,7.338544e-09,8.061231e-08,2.5652886e-07,0.00045871674,1.0015192e-06,3.638397e-05,8.204636e-06,2.8333227e-05,5.01771e-06,2.5792963e-06,4.0853277e-07,6.008753e-07,0.00011320102,8.292226e-06,8.3839427e-07,1.9273594e-07,4.81064e-05,7.5797125e-06,8.70478e-06,6.245976e-08,6.082788e-06,2.2745704e-05,5.199918e-06,1.2846273e-06,1.0033298e-08,1.162546e-06,3.2927567e-06,1.0673043e-05,4.3887718e-07,4.4387446e-07,2.6419584e-06,4.7581233e-07,2.836759e-05,2.736095e-06,5.127868e-07,4.620219e-05,2.5864174e-05,6.695244e-08,1.5985144e-05,5.0473077e-06,9.845319e-09,2.3647906e-06,2.6710647e-06,3.5755133e-05,3.080637e-05,7.228342e-05,5.3448724e-07,1.3070172e-05,3.4528528e-06,4.3802655e-05,6.483215e-07,8.877786e-06,4.8259182e-05,5.1174913e-05,1.3333892e-06,6.718752e-05,2.7477284e-07,9.064036e-07,3.381871e-08,1.7459097e-05,2.6091425e-06,7.696821e-08,1.4089115e-07,0.00024884907,1.0153445e-06,2.2112315e-05,4.775655e-09,0.00064154575,1.533811e-07,3.619964e-05,5.7273523e-06,4.1236076e-06
BC2026_Train_0031_S22_20211214_204500_025,5.937702e-07,1.6200569e-05,7.2946854e-08,0.00012393312,0.00012969055,1.5198964e-06,4.9261953e-06,2.4278845e-06,0.08528976,1.5956908e-05,3.6135418e-05,1.6150724e-06,4.9395277e-07,1.2063104e-08,2.4072222e-06,0.99828476,2.858153e-07,6.0898224e-09,0.9993444,0.00015391085,9.929002e-05,0.98877317,0.00012532473,9.681553e-06,0.54239225,1.3826252e-05,0.0020940786,1.6693065e-06,1.8016925e-05,2.5602452e-05,2.0922593e-05,1.5873005e-05,7.657857e-05,9.566297e-06,8.161621e-06,1.9847179e-05,4.481185e-06,2.9966011e-05,1.8397004e-06,0.00011293341,5.2082232e-05,5.1182374e-06,2.5232468e-05,2.4700706e-05,5.5377636e-06,4.9168457e-06,1.6433998e-05,3.8901503e-06,5.406259e-06,1.6488235e-05,1.0101773e-05,1.3439507e-05,1.6032045e-05,7.654855e-06,0.00021053829,1.956889e-06,1.4182514e-05,0.27669832,2.1034093e-06,2.4263632e-05,0.98246163,1.1082195e-07,0.00065299263,0.98152244,0.07684858,0.004972566,1.3215714e-05,3.442965e-09,7.016782e-07,6.267933e-06,3.9920232e-07,8.767355e-07,1.8304584e-06,2.2677734e-06,1.4645573e-06,2.7263995e-05,4.163277e-05,8.2821515e-07,0.00012207899,4.499392e-07,0.0001382019,1.0911379e-05,4.287472e-06,2.3449053e-05,1.4738799e-05,1.9549716e-06,2.9189118e-07,2.0668096e-05,2.3428334e-05,6.553361e-06,9.041203e-05,8.060683e-06,4.52377e-08,3.7076455e-07,0.0001806701,8.1050224e-05,4.3938059e-07,9.581966e-05,2.20069e-05,7.00111e-05,0.0001504569,4.0731884e-06,6.5446475e-05,0.00011630399,3.6975453e-05,6.3033717e-06,3.97318e-06,5.6732455e-07,1.0089978e-05,3.322294e-05,5.00027e-06,7.68261e-06,6.491717e-08,4.4283513e-07,0.00018436043,2.3695746e-05,1.30650615e-05,2.4521418e-05,4.1844743e-07,5.5387e-05,4.5222096e-05,8.754607e-05,6.1137684e-06,0.00035316797,2.0836635e-06,5.555161e-06,1.0992741e-05,3.7701826e-05,1.4457038e-07,6.746024e-05,3.1018683e-07,0.00022035724,2.5817988e-06,3.0056053e-05,2.3208459e-06,0.0005501164,0.0015664421,9.312749e-06,2.213738e-07,3.1726438e-06,5.478083e-06,1.3602815e-05,1.4530031e-05,8.942007e-06,1.9567116e-05,0.0010858186,2.5263585e-06,1.32635e-07,7.150702e-08,8.279978e-06,4.0394653e-07,2.6345062e-06,4.2649367e-06,6.9196807e-07,7.691149e-05,9.440615e-07,2.7890772e-08,1.8610172e-06,1.1668335e-06,3.262088e-05,1.5077253e-05,7.2848025e-06,4.4662933e-08,9.713651e-07,4.1001087e-07,0.000740555,3.1980458e-06,0.00014293798,2.452158e-05,5.727841e-05,1.2675868e-05,1.3634271e-05,3.9491212e-07,1.5603916e-06,0.0005349184,5.840149e-05,1.3075081e-06,5.879864e-07,6.3298816e-05,1.0533248e-05,1.2760977e-05,1.5470457e-07,1.6732381e-05,2.331055e-05,2.8035745e-05,6.200513e-06,3.6545273e-08,4.4724416e-06,9.421706e-06,2.850133e-05,7.578981e-07,5.830313e-07,1.4235892e-05,3.0691378e-06,6.732213e-05,4.716258e-06,1.2010609e-06,5.9380494e-05,8.3543906e-05,2.0468617e-07,2.1520525e-05,6.737306e-05,2.5317215e-08,8.961949e-07,3.3159688e-06,4.999261e-05,8.346499e-05,0.00010627867,1.4733647e-06,3.9902443e-05,1.6838127e-05,0.0004318453,3.2143307e-06,2.6339096e-05,3.8161146e-05,0.00013002538,5.6388863e-06,0.00024120198,2.1069327e-06,2.4836024e-06,1.6190711e-07,6.210129e-05,3.0190293e-05,2.834964e-07,9.770584e-07,0.00060390536,4.281319e-06,8.3060295e-05,3.9602387e-08,0.00065236125,1.0471456e-06,0.00022512939,2.3595288e-05,9.010772e-06
BC2026_Train_0031_S22_20211214_204500_030,5.6130244e-08,1.1813999e-06,2.3713191e-09,3.627899e-05,1.4721786e-05,9.332197e-08,2.3561458e-07,2.9389784e-07,0.038860016,6.3852012e-06,7.4240843e-06,1.140534e-07,8.745475e-09,1.5020121e-10,8.020084e-08,0.99508107,5.7452985e-09,6.865874e-11,0.99929607,1.1792951e-05,9.338807e-06,0.9553956,1.05915615e-05,5.793162e-07,0.4468383,7.5196846e-07,0.0004058304,1.1358557e-07,3.865406e-06,2.4792434e-06,2.3677242e-06,1.8264582e-06,8.541897e-06,1.0224213e-06,6.2031467e-07,3.0961608e-06,2.7043964e-07,1.960698e-06,1.2135585e-07,1.7528013e-05,3.975913e-06,4.7439596e-07,2.0668215e-06,3.2102132e-06,2.8489927e-07,2.2232058e-07,1.0169465e-06,1.6058664e-07,2.3657913e-07,8.736731e-07,8.339837e-07,1.2944237e-06,1.6858266e-06,5.494976e-07,2.8912402e-05,2.4444117e-07,8.8484643e-07,0.34146556,4.4552923e-08,8.199075e-06,0.9934924,4.9778346e-09,0.00024175798,0.9914055,0.08110984,0.00092544704,1.2076421e-06,7.549653e-11,6.011439e-09,3.879177e-07,5.8662626e-09,1.7170656e-08,5.11655e-08,9.890358e-07,8.173183e-08,2.4016067e-06,4.5510155e-06,6.0481995e-08,1.5098778e-05,2.4005178e-08,8.561942e-05,3.453171e-07,1.3557151e-07,2.393702e-06,3.3118937e-07,1.6847417e-07,8.13267e-09,7.5814097e-07,2.839859e-06,1.3031122e-07,5.745142e-06,8.3057694e-07,2.0936322e-09,1.0556785e-08,5.8234673e-06,8.598283e-06,1.02180815e-08,2.6706139e-06,1.176996e-06,8.271485e-06,1.36517565e-05,3.1190226e-07,1.0368612e-05,1.4094174e-05,2.2756247e-05,2.9068718e-07,5.2702893e-07,5.060018e-08,1.0472784e-06,5.6184244e-06,1.4335887e-07,4.2700097e-07,2.6108005e-09,2.3553318e-08,5.262618e-06,2.3127745e-06,7.2537824e-07,4.924556e-07,2.3629678e-08,9.558331e-07,1.7275864e-06,6.594696e-06,8.908028e-07,2.4970685e-05,5.212128e-07,7.8441225e-08,7.4112546e-07,3.8971752e-06,7.048799e-09,3.5973694e-06,6.6492865e-09,2.6395926e-05,2.2032935e-07,2.936305e-06,5.4013555e-07,2.6615227e-05,0.00012485833,2.4577216e-07,1.48088635e-08,1.8806718e-07,5.697052e-07,3.7481888e-07,3.9645093e-07,3.7732764e-07,4.567634e-06,0.00046479597,2.2090646e-07,3.22472e-09,5.3092366e-09,5.392009e-07,2.4413222e-08,7.6313476e-08,6.723313e-07,2.9104111e-08,4.8991483e-06,1.0847697e-07,2.3064946e-09,7.537118e-08,1.0374222e-08,1.5013801e-06,1.2092862e-07,3.317938e-07,2.1878224e-09,5.190338e-08,1.01038005e-07,9.772324e-05,3.0409015e-07,5.029769e-06,8.4795437e-07,3.183021e-06,4.4628706e-07,1.1932273e-07,1.6374482e-08,1.4106661e-07,1.1786825e-05,3.765903e-06,7.4386165e-08,5.3416816e-08,9.608996e-06,2.5390027e-06,1.2901326e-06,1.3851115e-08,2.76038e-06,2.7343185e-06,5.785896e-06,5.314356e-07,2.0698012e-09,1.287734e-07,3.927611e-07,4.533623e-06,9.0318366e-08,3.1691187e-08,1.2065623e-06,6.939838e-08,9.043228e-06,3.9670547e-07,5.0383104e-08,3.8941703e-06,9.370094e-06,1.3995714e-08,3.998938e-06,2.1707498e-05,4.0695586e-10,2.1444272e-08,4.924782e-07,7.5351218e-06,5.500326e-06,2.8838438e-05,5.317316e-08,1.9000529e-06,9.569751e-07,1.6238295e-05,2.521455e-07,2.7835401e-06,2.0270185e-05,2.9327923e-05,1.705232e-07,1.2361375e-05,1.3513483e-07,7.506494e-07,1.5253178e-08,7.1682252e-06,1.4933775e-06,7.3241133e-09,2.7842564e-08,0.00012746567,4.0612045e-07,4.9831415e-06,5.112633e-10,0.0001131175,1.7505476e-08,4.647329e-05,1.413129e-06,4.4382955e-07
BC2026_Train_0031_S22_20211214_204500_035,1.3280345e-07,2.5115319e-06,4.5137183e-09,5.7530164e-05,2.9339615e-05,4.2960244e-07,1.3361857e-06,1.2460278e-06,0.07420994,1.3344818e-05,3.5989604e-05,3.388303e-07,8.2717015e-08,8.4061547e-10,9.1660013e-07,0.9963439,6.737287e-08,3.887476e-10,0.9996749,2.3487237e-05,2.1445623e-05,0.92946523,2.5784457e-05,1.6779095e-06,0.45010352,9.076371e-07,0.0008983514,3.7657838e-08,5.888079e-06,2.2748804e-06,6.117245e-06,4.561265e-06,2.0624506e-05,1.7850998e-06,1.2469561e-06,6.3172733e-06,5.690726e-07,3.3446067e-06,4.2041944e-07,2.749143e-05,8.702697e-06,1.4965481e-06,4.316128e-06,8.539234e-06,6.0295787e-07,4.7672845e-07,2.1404344e-06,4.7426067e-07,5.793123e-07,1.8592078e-06,2.286953e-06,2.609456e-06,3.6402046e-06,1.8811718e-06,4.780398e-05,1.8837266e-06,3.059704e-06,0.39149925,3.4584048e-07,3.7538014e-06,0.9802909,4.6261576e-08,0.0004868827,0.98360574,0.011063934,0.0016655505,4.4006683e-06,2.7192637e-10,3.232635e-08,4.0190454e-07,5.1932986e-08,6.582121e-08,2.4941454e-07,6.3446925e-07,1.7706427e-07,4.4408457e-06,2.0750176e-05,1.0620712e-07,6.193439e-05,2.640771e-08,7.869817e-05,8.977543e-07,6.317932e-07,6.5074564e-06,4.3139946e-07,8.6344096e-07,2.9701695e-08,8.269766e-06,3.0210826e-06,1.2431424e-06,7.141669e-06,1.0553966e-06,2.5902211e-09,2.3573588e-08,2.2614653e-05,2.4598612e-05,7.375705e-08,5.9283257e-06,4.161577e-06,2.0852454e-05,3.516378e-05,3.5666315e-07,1.5943262e-05,2.7444381e-05,1.2007679e-05,8.097188e-07,1.1030787e-06,2.695138e-07,7.124567e-06,1.3397008e-05,1.5522743e-07,1.0434939e-06,7.1875226e-09,5.3053313e-08,1.2883895e-05,5.876887e-06,2.1403855e-06,2.1270996e-06,2.4261897e-07,1.8363e-06,1.4290013e-06,1.1571411e-05,2.3585046e-06,6.464625e-05,1.5798636e-07,6.1568164e-07,1.7496801e-06,3.7717512e-06,4.826885e-08,1.7692766e-05,8.6664675e-09,6.977582e-05,9.237189e-08,8.6211e-06,2.0828093e-06,7.5561424e-05,0.00030339079,1.9368852e-06,2.225042e-08,3.103641e-07,1.0875119e-06,9.231084e-07,1.7919087e-06,1.8274181e-06,3.1202799e-06,0.00054482336,3.7515827e-07,8.777041e-09,1.0962402e-08,2.3505916e-06,1.3923126e-07,1.2588926e-07,1.8626826e-06,1.6732481e-07,9.15391e-06,4.1333578e-07,5.825742e-09,8.891249e-07,8.541684e-08,4.043947e-06,1.1664029e-06,2.2025613e-06,1.183359e-09,3.2630012e-08,1.5990032e-07,0.00033122682,4.5919475e-07,7.788901e-06,2.400425e-06,1.9092538e-05,3.6930148e-06,2.9436458e-07,9.919646e-08,4.3938434e-07,2.8872453e-05,6.8481754e-06,9.0825566e-08,6.856475e-08,1.3035218e-05,2.0105049e-06,5.6810536e-06,2.9068714e-08,9.709921e-06,1.1703344e-05,7.042819e-06,7.854773e-07,9.707778e-09,5.9045885e-07,3.8390544e-06,6.0749735e-06,2.2567329e-07,1.1594e-07,1.941825e-06,6.4833387e-07,1.6395348e-05,2.699274e-06,3.0869776e-07,1.1415146e-05,9.646062e-06,1.5653544e-08,3.215082e-06,1.601064e-05,3.1932725e-09,2.0384734e-07,6.071957e-07,1.42494755e-05,1.4049311e-05,2.9356886e-05,1.7178932e-07,8.009534e-06,2.8493757e-06,3.6024216e-05,8.795443e-07,1.11090785e-05,1.5048036e-05,2.5055268e-05,1.3754254e-06,1.4087321e-05,4.7926346e-07,3.4599287e-07,4.19407e-08,3.1701416e-05,5.9127024e-06,3.8507878e-08,1.4047497e-07,9.070564e-05,1.102003e-06,4.350822e-06,2.478806e-09,0.00053234096,4.7331273e-08,1.9377465e-05,2.5934316e-06,3.1732493e-06
BC2026_Train_0031_S22_20211214_204500_040,8.513251e-07,2.1518741e-05,3.2434848e-09,0.000817153,7.075246e-05,7.1764765e-07,2.4561616e-06,2.0409157e-06,0.030083453,0.00010726565,0.00019355357,3.763372e-06,2.6014672e-07,1.0491068e-08,4.3098967e-06,0.9912116,9.967264e-07,6.1906094e-09,0.99398947,0.0009296931,0.00019830877,0.9348869,5.009311e-05,1.3211896e-05,0.5216833,5.898144e-06,0.0008516601,3.5140704e-06,2.6305912e-05,2.6064416e-05,5.1561212e-05,2.2560327e-05,6.0697344e-05,1.6234331e-05,1.2770266e-05,3.8378952e-05,3.3589845e-06,2.294706e-05,2.9160815e-06,0.00019831482,5.8065238e-05,8.7481885e-06,6.0062306e-05,3.6255366e-05,3.4597613e-06,3.6185406e-06,1.644872e-05,2.547431e-06,4.437476e-06,1.3625484e-05,2.7549746e-05,3.2578257e-05,4.1297022e-05,1.0538664e-05,0.000371969,1.7264138e-06,2.6854812e-05,0.2612515,6.9914518e-06,1.569597e-05,0.81964433,9.306021e-07,0.00048133396,0.94311565,0.011273295,0.0029685604,6.6826935e-05,1.9720667e-09,2.8344095e-06,1.6654405e-05,1.0289942e-07,3.921417e-07,2.6810333e-06,1.4355893e-06,3.319487e-06,9.795226e-06,4.709719e-05,7.075464e-07,0.00016511235,6.022705e-07,0.00025410237,1.2604571e-06,2.8939463e-05,4.862964e-05,2.4497645e-05,6.373514e-06,3.063453e-08,1.9960022e-05,4.063168e-05,1.7016107e-06,7.6967764e-05,4.384327e-06,7.0223926e-08,7.2958684e-08,0.00011644703,0.0008521735,1.7956364e-06,3.257969e-05,1.1749363e-05,4.4763987e-05,4.2340824e-05,2.327118e-06,1.2016442e-05,0.00025070756,0.00010002423,1.7740804e-06,2.5103009e-06,7.850999e-07,1.00876305e-05,3.5462926e-05,5.757115e-07,6.2807794e-06,2.3017412e-07,4.0490457e-07,2.2661952e-05,1.7404223e-05,1.3089106e-05,5.064153e-05,6.755532e-07,2.6924434e-05,3.347568e-05,0.00013024699,4.7372505e-06,0.00026633032,3.7144903e-06,1.4006637e-05,6.0426223e-06,8.676643e-06,1.9732518e-07,2.078404e-05,7.53466e-08,0.0007301821,1.4876815e-06,2.8724477e-05,3.0358499e-06,0.000330461,0.0017903058,2.6963462e-05,5.8125806e-07,4.9013775e-06,1.2238202e-05,4.7467292e-06,1.4107177e-05,1.43803245e-05,9.475952e-06,0.036351215,3.2917897e-06,4.188287e-07,1.2079065e-07,2.5684278e-05,1.1070665e-06,3.7638172e-06,7.5435564e-06,1.5474117e-06,1.760061e-05,6.595511e-07,8.0049084e-08,6.5518964e-07,4.0346987e-07,1.7480274e-05,2.990417e-06,2.3231501e-05,1.5030455e-08,8.145231e-07,9.18034e-07,0.0025561578,4.2315974e-06,1.6374754e-05,9.253277e-05,6.492661e-05,4.7198487e-06,3.8662947e-06,2.961789e-07,6.770174e-06,0.00014095512,9.5869735e-05,5.1607167e-06,2.2920571e-07,4.045707e-05,4.257427e-06,1.3403693e-05,4.79847e-07,6.257657e-05,1.6834401e-05,2.611963e-05,4.3085447e-06,2.9227829e-08,1.8295491e-06,4.249867e-05,7.331439e-05,4.815859e-07,1.3632142e-06,1.6219105e-05,8.98623e-06,0.00011490335,4.797084e-06,9.691277e-07,1.9970325e-05,0.00022192195,9.220783e-08,4.626771e-05,2.806268e-05,9.15728e-09,6.5225953e-07,3.4666841e-06,5.9423997e-05,7.879992e-05,0.00014612805,3.956694e-06,1.0614645e-05,6.7737324e-06,3.770751e-05,6.310716e-06,1.3854405e-05,0.00035651575,5.2159772e-05,3.8746107e-06,0.00013612652,3.0507485e-07,1.6193295e-05,6.6337134e-07,7.323577e-05,0.00021091984,8.1724323e-07,5.2033283e-07,0.0001719497,1.1777729e-06,6.53553e-05,1.7610117e-07,0.0024447215,1.9804666e-07,7.435806e-05,0.00025850328,4.3646232e-06
BC2026_Train_0031_S22_20211214_204500_045,1.785279e-07,2.4636524e-06,2.3027582e-09,0.000107590386,3.08325e-05,4.352945e-07,1.6161155e-06,2.2922131e-06,0.03479135,3.3922308e-05,0.00010329047,8.716325e-07,1.9010774e-07,1.4519131e-09,1.0476639e-06,0.9977181,4.5947544e-08,8.0402174e-10,0.99810046,9.230029e-05,4.5876423e-05,0.9613945,1.2273149e-05,1.8551996e-06,0.48026764,3.5878209e-06,0.00054729584,4.9326553e-07,1.2042978e-05,8.393764e-06,5.769053e-06,5.9700546e-06,1.5051079e-05,1.9841202e-06,1.8578181e-06,8.002365e-06,9.2891037e-07,3.404136e-06,4.6718012e-07,2.929628e-05,7.534131e-06,1.2737287e-06,4.254801e-06,9.0874055e-06,6.2751775e-07,5.091152e-07,1.3950921e-06,4.2486437e-07,5.997755e-07,1.9488862e-06,1.7576575e-06,2.4412861e-06,2.9296398e-06,1.4530713e-06,4.162138e-05,3.4781588e-06,2.9756666e-06,0.2875444,5.2802955e-07,1.9526537e-05,0.992546,6.6452316e-08,0.0013251555,0.99278474,0.101787694,0.00091386714,8.673168e-06,8.997028e-10,9.655651e-08,2.0600323e-06,3.863169e-08,1.0737955e-07,5.167091e-07,1.5414951e-05,4.868409e-07,1.1974286e-05,1.6563348e-05,1.4040303e-07,4.4505698e-05,1.1931124e-07,0.0001153583,1.7724551e-06,8.3141225e-07,1.8661889e-05,1.8629898e-06,1.5144707e-06,2.1839421e-08,5.966588e-06,7.90835e-06,1.01699e-06,1.0804909e-05,1.2571378e-06,9.856912e-09,5.636272e-08,1.613418e-05,4.082117e-05,1.2831272e-07,4.999421e-06,1.5811593e-05,3.307575e-05,3.4436252e-05,5.167663e-07,2.1135105e-05,6.488681e-05,3.4312867e-05,8.524479e-07,6.391028e-07,5.1298343e-07,1.3898021e-05,1.07981205e-05,3.8027108e-07,1.4795572e-06,3.004355e-08,8.3541984e-08,1.3790788e-05,6.9260645e-06,5.367857e-06,5.505411e-06,1.3082872e-07,4.47469e-06,4.664221e-06,4.4272834e-05,2.4858891e-06,0.000108175125,1.9263168e-06,1.1709759e-06,1.9878003e-06,4.1230846e-06,5.0687884e-08,8.68855e-06,1.2038855e-08,0.00012669293,2.1255544e-06,1.6411148e-05,3.428457e-06,2.1313403e-05,0.00037243665,3.048944e-06,3.1915995e-08,1.1034311e-06,1.8465292e-06,1.4783894e-06,1.4175819e-06,1.709972e-06,1.06974785e-05,0.0068883915,1.4195733e-06,2.3331854e-08,6.557761e-08,5.351444e-06,5.1193905e-07,4.154453e-07,2.4546982e-06,1.0416977e-07,6.091449e-06,2.6584522e-07,1.4830911e-08,1.6733073e-07,1.6431036e-07,2.477355e-06,8.675002e-07,2.1406242e-06,1.0238937e-08,2.2240435e-07,5.2013434e-07,0.00042960222,7.962719e-07,1.4831054e-05,8.211775e-06,2.4174802e-05,2.2143365e-06,9.26496e-07,5.6744145e-08,1.4189467e-06,5.7926423e-05,1.8656498e-05,1.5711953e-07,2.5513913e-07,1.8000504e-05,6.8908103e-06,3.940554e-06,8.143477e-08,4.022379e-05,6.250878e-06,5.63958e-06,1.4259764e-06,3.5503955e-08,6.3978587e-07,2.5143502e-06,9.796637e-06,2.6759318e-07,3.1547958e-07,6.2390263e-06,7.34304e-07,2.1901944e-05,1.7576123e-06,4.2963566e-07,1.6662541e-05,7.433694e-05,2.8554254e-08,2.7377591e-05,1.213257e-05,2.4454128e-09,2.1779398e-07,2.0269151e-06,3.42515e-05,2.5366662e-05,6.012965e-05,5.361126e-07,1.4403656e-05,2.0892726e-06,5.4423257e-05,2.0807663e-06,7.553872e-06,9.1544265e-05,3.0883468e-05,7.304138e-07,2.1127367e-05,3.7623636e-07,3.905491e-06,1.1984105e-07,6.977322e-05,1.14473505e-05,3.786144e-08,1.8266782e-07,0.00014002794,6.8760795e-07,2.049166e-05,6.3662497e-09,0.0008945589,1.2127138e-07,3.0895426e-05,1.0560657e-05,2.9894645e-06
BC2026_Train_0031_S22_20211214_204500_050,5.6905646e-06,2.3785311e-05,2.457253e-07,0.0003343178,0.0003616326,2.6991452e-06,1.6256006e-05,8.354679e-06,0.060656503,3.1551397e-05,0.00018065186,5.495345e-06,1.924024e-06,2.485952e-08,2.5688018e-06,0.9949445,2.4165374e-07,1.40616185e-08,0.99276334,0.0004204914,0.00034827474,0.9693684,0.00022268393,1.4876753e-05,0.41299152,4.707604e-05,0.0008406602,4.5396973e-06,6.612626e-05,3.6853584e-05,3.9393344e-05,3.774593e-05,0.00010293659,1.3820306e-05,1.6510627e-05,5.461906e-05,8.552142e-06,3.931663e-05,3.5493067e-06,0.00016826917,5.4773453e-05,9.27692e-06,3.8645067e-05,5.846786e-05,6.8852933e-06,5.4129605e-06,2.0090494e-05,4.737522e-06,7.8914745e-06,2.0592372e-05,1.9176681e-05,2.4518236e-05,2.9949044e-05,1.0225917e-05,0.00033682707,6.8930976e-06,2.1650478e-05,0.3245896,2.7895353e-06,7.0391005e-05,0.976314,2.7157813e-07,0.0023283062,0.9854936,0.14831746,0.003309313,4.2096523e-05,1.5469345e-08,8.668576e-07,7.720551e-06,2.53443e-07,1.9309741e-06,4.1832036e-06,8.804545e-05,2.4252904e-06,8.218112e-05,5.288567e-05,1.5246378e-06,0.00011015783,1.0181149e-06,0.0003579927,1.6521604e-05,3.2633238e-06,7.063583e-05,1.1057562e-05,3.8955e-06,1.9727814e-07,9.915585e-06,5.5536995e-05,2.353245e-06,0.00016401146,1.0649302e-05,1.2220434e-07,7.5202365e-07,4.3497123e-05,0.0001555549,9.307974e-07,5.0255596e-05,5.112141e-05,6.63536e-05,0.00018226038,7.2926578e-06,3.6471683e-05,0.00036759427,0.00011919406,1.043211e-05,6.1030273e-06,2.6720609e-06,4.3425545e-05,3.3459208e-05,1.712464e-06,9.644903e-06,2.8230153e-07,5.5584445e-07,0.0002160522,3.3931756e-05,3.9954728e-05,4.8703805e-05,9.104877e-07,4.223114e-05,7.21949e-05,0.00010510755,6.389368e-06,0.00039758586,2.0432239e-05,5.2010637e-06,1.5714946e-05,3.8385027e-05,8.545634e-07,3.499481e-05,1.83546e-07,0.0006609144,6.1049886e-06,7.4074545e-05,1.580202e-05,0.00013140791,0.0012549793,1.1762412e-05,1.0588425e-06,7.045708e-06,9.212104e-06,5.03942e-06,2.6669932e-05,1.7408354e-05,2.5330717e-05,0.012546096,5.3498875e-06,3.852482e-07,6.490069e-07,1.3446674e-05,2.2444267e-06,5.243106e-06,1.14191e-05,1.2294095e-06,4.7957863e-05,2.012237e-06,1.3483874e-07,7.8451984e-07,1.2349005e-06,1.6987478e-05,1.984887e-06,1.5246701e-05,2.0024993e-07,1.7243354e-06,1.2383583e-06,0.001176464,6.952125e-06,0.00015176492,2.7074748e-05,0.000101207595,1.8230461e-05,6.2568784e-06,3.5357752e-07,1.820706e-05,0.00040438646,6.318791e-05,1.9802922e-06,6.272563e-07,0.00010322499,9.310724e-06,2.013549e-05,1.0370444e-06,7.0762115e-05,6.847162e-05,4.0779734e-05,1.3384967e-05,1.4305228e-07,5.0761314e-06,1.8547926e-05,8.298421e-05,2.0908074e-06,2.490889e-06,2.0774329e-05,5.5767164e-06,0.00014660075,6.1205474e-06,3.999152e-06,0.00014848863,7.387477e-05,2.9336718e-07,0.00012443544,6.106682e-05,4.0909566e-08,2.051068e-06,1.4963889e-05,0.00010126862,6.220056e-05,0.000122089,8.357109e-06,3.5110566e-05,1.1607077e-05,0.0002118502,9.806273e-06,3.517072e-05,0.000440643,4.7467598e-05,3.96045e-06,0.00013925259,1.0517102e-06,1.31919405e-05,9.697324e-07,0.00018321523,3.9566457e-05,4.2804638e-07,1.0302879e-06,0.0009173689,5.3195454e-06,3.712293e-05,8.5763254e-08,0.0017807565,1.1669904e-06,0.00023274806,5.961903e-05,5.9935173e-06
BC2026_Train_0031_S22_20211214_204500_055,1.3122497e-07,3.294563e-06,2.2115267e-07,4.4717694e-05,0.00012652222,4.835418e-07,5.3345093e-07,7.20429e-07,0.101581275,6.6986872e-06,1.2190664e-05,4.2558497e-07,1.1144069e-07,3.5415746e-09,1.3074432e-06,0.9991013,1.0765886e-07,2.2711428e-09,0.9891426,4.525744e-06,2.4538236e-05,0.966784,0.00014567756,1.6304257e-06,0.5881409,1.8322747e-06,0.00057927705,4.0767497e-07,8.592077e-06,7.0426186e-06,5.7094867e-06,5.166168e-06,1.564595e-05,1.2371096e-06,2.0209798e-06,4.729473e-06,6.1540334e-07,4.294097e-06,3.8815608e-07,1.6895887e-05,7.6021256e-06,1.3839569e-06,7.2765615e-06,7.741411e-06,1.687567e-06,1.2828937e-06,3.1040274e-06,5.9808883e-07,8.6815817e-07,2.584526e-06,3.1164288e-06,3.875069e-06,6.0353022e-06,1.3436074e-06,4.8472826e-05,9.300246e-07,2.422572e-06,0.10665265,1.4621831e-07,1.01640235e-05,0.92145526,1.5499174e-08,0.00063566177,0.93075085,0.055675942,0.0016260258,5.0377193e-06,7.29102e-10,1.4028927e-07,1.915295e-06,5.6539417e-08,1.4918186e-07,6.165224e-07,1.8732515e-05,1.651417e-07,1.3646473e-05,8.934055e-06,4.1055588e-07,7.0750306e-05,1.7354466e-07,0.00028080412,1.0116147e-05,3.834601e-06,2.4559822e-05,1.2276356e-05,8.1200864e-07,1.5199326e-07,3.9448782e-06,1.1750506e-05,1.3778792e-06,1.219585e-05,7.4898576e-06,5.1819388e-08,8.504407e-08,2.027289e-05,3.2232456e-05,1.584458e-07,6.5773725e-06,2.8400616e-05,7.7985926e-05,1.4798502e-05,5.020726e-06,1.4369301e-05,2.0578276e-05,2.5557518e-05,2.7623366e-06,9.843845e-07,6.82365e-08,1.0564938e-05,2.5033607e-05,4.3539017e-06,2.7957512e-06,1.490416e-08,1.9869991e-07,0.00023345259,8.91459e-06,1.9394395e-06,6.991072e-06,7.321378e-08,3.969499e-05,3.1461772e-05,6.407369e-05,3.3025876e-06,0.00034247784,2.2055417e-06,1.476714e-06,4.1421717e-06,6.6468034e-05,1.15484255e-07,1.0987637e-05,2.9616928e-07,0.000116981915,2.8588995e-06,2.5765232e-05,1.505617e-06,4.594792e-05,0.0015046248,1.6367305e-06,5.1964196e-07,4.9632365e-07,8.060191e-06,1.0250036e-06,8.392167e-05,2.5066145e-06,3.5279786e-06,0.0014303023,1.2342413e-06,3.2641506e-07,4.6698805e-08,1.5828708e-06,3.3449882e-07,2.9262803e-06,4.7251992e-06,2.5514933e-07,7.380358e-05,9.524854e-07,2.4355964e-08,2.0189339e-06,2.5678023e-07,0.00010938147,3.513216e-06,2.684482e-06,7.21874e-08,7.7747916e-07,2.4884432e-07,0.0003458,3.1544396e-06,6.07483e-05,1.0426938e-05,5.5915098e-05,6.9992248e-06,8.905413e-06,8.985341e-08,5.252116e-07,0.00053755555,3.5902235e-06,1.7853416e-06,3.3257152e-07,0.00013174064,9.84228e-06,1.5147209e-05,1.6810598e-07,1.1227976e-05,2.8313347e-05,1.0981739e-05,1.0380822e-05,2.0246413e-08,2.956494e-06,2.0559835e-06,1.7621132e-05,7.26655e-07,8.5763645e-07,3.6294136e-06,1.3488004e-06,4.815933e-05,7.2479165e-06,6.5226135e-07,2.9227323e-05,8.598278e-05,4.653064e-07,9.505992e-05,5.8397196e-05,1.3165876e-08,1.9896056e-06,4.7475805e-06,3.79588e-05,2.3682347e-05,6.5814354e-05,5.300972e-07,9.508087e-06,3.4010334e-06,8.0266145e-05,2.7671988e-06,2.4314219e-05,1.880922e-05,9.317889e-05,1.7085704e-06,0.0006985315,6.170807e-07,3.5050102e-06,9.589287e-08,2.5181387e-05,6.453208e-06,2.74412e-07,2.0824704e-07,0.0005910694,4.9935085e-07,2.8981747e-05,1.1518096e-08,0.0016781976,1.4588946e-06,0.00025080435,1.9318808e-05,2.3880225e-06
BC2026_Train_0033_S22_20211216_200000_000,6.5351687e-06,0.00042698698,8.1393523e-07,0.025520077,1.8907613e-05,7.569633e-07,1.0120055e-05,2.8639437e-05,0.10324924,0.024344666,0.0633289,2.6135951e-06,2.4817036e-06,3.6491087e-08,9.029465e-06,0.9914312,8.9115574e-08,2.5215146e-08,0.25622973,0.0016093458,0.0061150533,0.9806426,0.0002289983,0.00012320963,0.15189195,0.000113085356,3.0120931e-05,6.2194124e-07,3.064749e-05,0.0002606644,0.00072578894,0.00013681882,0.003177515,8.421949e-05,0.00011872648,0.00022138136,3.7783573e-06,0.00026339397,9.565415e-05,0.00034290683,0.0013842606,0.00020654335,0.00024362787,0.00028782658,0.00014336796,0.00012638971,0.0005680875,9.972251e-05,9.74885e-05,0.00019693756,0.000103826285,8.245131e-05,0.00012759933,0.00038422967,0.002297244,8.651984e-07,3.1739288e-05,0.81767833,4.1130654e-05,8.3870385e-05,0.5322746,1.0903428e-06,0.015535325,0.8208222,0.34408462,3.610466e-05,0.0035832468,1.9024105e-07,4.4175025e-07,3.1976858e-06,3.4795935e-08,5.9196927e-06,3.2518008e-05,2.7137356e-05,2.5538066e-06,3.299216e-06,3.4674904e-05,6.9231144e-05,1.13694405e-05,3.5240388e-05,6.5419954e-05,9.290096e-07,0.000117955526,1.2156439e-06,0.0004394071,1.4272024e-05,1.3712148e-06,1.0298201e-05,1.8680637e-05,6.1832816e-06,5.1932107e-05,3.2236694e-06,9.34264e-07,1.5210912e-06,2.0194628e-05,3.797147e-05,4.711686e-06,2.5240748e-05,2.297222e-05,6.466141e-05,3.8737093e-05,1.766207e-06,4.6820337e-06,0.00021074073,3.5641227e-05,4.5373863e-06,4.2073893e-06,4.5756417e-07,2.6477206e-05,3.7108275e-05,6.162119e-06,5.05169e-06,9.4729194e-07,6.648261e-07,2.6791016e-05,2.189355e-05,1.2934414e-06,2.22414e-06,1.5144276e-05,2.5577245e-05,4.700493e-06,0.00014693425,1.3161592e-06,0.00036655724,8.973846e-06,3.4406745e-05,8.970765e-07,2.0433247e-06,2.7791211e-06,1.5976824e-05,3.5107465e-07,0.00010956927,5.7926034e-05,4.3737837e-05,4.458826e-06,8.5916236e-07,2.8798588e-05,1.0476326e-05,3.4260975e-05,4.619369e-05,6.454439e-06,0.00010441248,2.53658e-06,2.9145663e-06,3.7862885e-06,7.639703e-05,2.883525e-05,1.0072827e-06,6.9586054e-06,6.7600047e-07,1.7764534e-05,3.293044e-05,1.7686943e-05,2.8482918e-06,1.9993762e-05,2.3626626e-06,2.2705217e-06,6.4285027e-06,1.2564582e-06,3.4928141e-06,2.2044793e-05,6.101549e-05,1.20920595e-05,2.1540418e-06,8.9888863e-07,0.0029401626,3.3197782e-06,1.5699758e-05,2.1810943e-06,6.1409504e-05,2.0226187e-06,2.4776125e-06,2.385568e-07,4.9884484e-06,0.00061227387,3.905998e-06,2.6273701e-06,3.451648e-06,2.6683185e-05,6.597902e-07,4.7679376e-05,2.750324e-06,0.00031846706,4.1831277e-06,0.00016032612,1.790241e-05,4.9818254e-06,5.5270077e-05,1.7440675e-06,1.3895411e-05,5.320699e-05,2.7022206e-05,2.9434903e-05,3.8554994e-05,1.766771e-05,1.2055616e-05,4.3973705e-06,2.3007296e-07,6.2698577e-06,4.1221622e-07,4.9057544e-06,1.3900236e-05,1.4550021e-08,6.08048e-06,6.583783e-05,0.00010306201,1.487312e-05,4.992727e-06,2.167165e-05,3.4283723e-05,7.4969864e-07,3.8764807e-05,4.058165e-05,3.256636e-05,0.00013736381,0.0004488672,4.206948e-06,2.9122242e-05,1.0591314e-06,4.64733e-06,7.1499636e-07,2.7927248e-05,5.6215995e-05,2.006628e-06,1.2288572e-05,5.5776574e-05,3.62674e-05,4.257841e-06,2.0747348e-06,0.0011965238,1.169965e-05,0.0008392232,3.232187e-05,5.1163108e-05
BC2026_Train_0033_S22_20211216_200000_005,8.3952855e-06,0.000115984905,9.044591e-06,0.026302716,1.7725477e-05,2.649457e-07,9.00354e-07,0.00013415175,0.31429815,0.010682288,0.036721684,7.281493e-07,1.585935e-07,5.68838e-09,2.310459e-05,0.9981059,7.635832e-08,4.2137454e-09,0.56882244,2.8118428e-05,0.0005590591,0.7593841,0.00019762303,7.04751e-05,0.25021002,1.29675445e-05,0.00071992393,3.5082533e-07,1.8886745e-05,4.053168e-05,0.0006066984,0.00010298323,0.00091325137,9.0219364e-05,3.633771e-05,0.0001641349,1.894003e-06,0.000105301566,8.0598256e-05,0.0001550137,0.0010057287,0.0001646437,0.00017799393,0.00021945061,3.7936727e-05,3.7930356e-05,0.0002542417,1.8618548e-05,2.159956e-05,7.791998e-05,7.832368e-05,5.8971764e-05,8.149484e-05,0.00033446983,0.0011478191,8.9734516e-07,1.2129088e-05,0.93659997,1.1160953e-06,1.0692563e-05,0.10676301,1.7315469e-07,0.002329668,0.7399551,0.0835757,6.661303e-05,0.0010641387,4.4751452e-08,1.553608e-08,6.692002e-06,1.4834137e-08,2.775638e-06,7.5890293e-06,7.0448354e-05,2.5767959e-06,9.770043e-07,6.0534276e-05,1.1319836e-05,5.6924637e-06,3.9333154e-06,1.1586008e-05,3.161083e-06,2.2502436e-06,3.5612445e-07,4.46762e-06,2.4337103e-06,1.03890784e-07,3.1450857e-06,1.5744889e-05,1.3313712e-06,1.0846132e-05,1.1356449e-06,1.2212633e-06,2.7256124e-07,7.721061e-06,1.9333698e-05,2.7105468e-06,5.480999e-06,3.7947657e-06,1.0923738e-05,1.743148e-05,1.7378316e-06,7.321887e-05,1.3403514e-05,3.529608e-05,1.0685412e-06,5.629912e-07,1.6028125e-07,8.65443e-06,2.9605699e-05,8.625456e-07,1.0745838e-06,7.214514e-08,2.2783901e-07,6.5672816e-06,4.4322314e-06,2.3424073e-07,1.3400074e-07,2.797757e-06,6.1628302e-06,6.04896e-07,2.3602648e-05,1.3086532e-06,0.00012659703,5.593794e-06,3.6514732e-06,5.2530726e-07,1.267426e-05,1.4555914e-06,1.1175971e-06,8.795983e-08,2.4944811e-05,1.5113843e-06,9.2792025e-06,1.5247572e-06,2.5187062e-06,4.5804322e-06,1.064618e-06,1.3352799e-05,1.6747228e-05,2.0200741e-06,5.787502e-07,3.375927e-07,2.225347e-06,2.9443079e-06,8.8384804e-05,4.524065e-06,3.4019112e-07,6.6798594e-07,5.7334285e-07,7.346371e-06,3.5473201e-06,6.411464e-06,6.425012e-07,4.3562337e-05,1.9100125e-06,1.4684788e-06,5.658916e-06,9.0269083e-07,4.5628053e-06,1.456087e-06,9.713098e-06,5.030432e-07,2.2793986e-07,2.9863082e-07,0.0010359564,1.0844464e-06,5.4433835e-06,3.4899065e-07,4.3405675e-05,7.55039e-07,9.280709e-07,2.3510079e-07,1.3553638e-06,6.039693e-05,5.5273415e-07,1.7920643e-06,3.4007667e-07,4.069178e-06,5.361878e-07,1.7106055e-05,7.9778135e-07,0.00011750478,5.0825984e-06,4.096534e-05,2.1158823e-05,1.4366399e-06,3.578693e-05,1.9316408e-06,8.055074e-07,6.91877e-06,8.490901e-06,2.6106882e-06,5.3218696e-06,4.1849753e-06,6.4329006e-06,9.3304925e-06,2.6324793e-07,6.4137016e-06,8.481791e-07,4.4873045e-06,0.00026343617,2.6264737e-09,8.7559914e-07,3.727355e-05,1.6203829e-05,4.044996e-06,6.7434203e-06,2.1651695e-06,1.6590047e-05,1.6641596e-07,2.6051719e-06,2.9253622e-06,5.4929016e-05,5.6706496e-05,0.00047916017,8.375765e-06,1.4269941e-05,2.0014409e-06,1.0740142e-06,1.5738873e-07,2.3524852e-05,6.722263e-05,2.1776242e-07,1.2011604e-06,3.0792507e-05,2.4848653e-06,7.957047e-07,2.9287932e-08,0.00024373313,1.165225e-05,6.6928464e-05,8.721788e-07,7.4013133e-06
BC2026_Train_0033_S22_20211216_200000_010,6.538239e-07,1.7186343e-05,0.00013884979,0.019691564,1.4373086e-06,4.7147466e-08,1.6884991e-07,0.0059990017,0.09168292,0.015969744,0.09535939,3.730145e-07,4.2341023e-07,3.8659014e-09,0.00013961397,0.99960583,3.3153093e-08,2.778711e-09,0.23081838,3.5931039e-06,5.4357333e-05,0.11743503,2.7440377e-05,2.0618781e-05,0.090009026,2.7108365e-07,0.0120571125,9.595989e-07,1.3407952e-06,3.155242e-05,0.0001687702,2.0449686e-05,0.0002130382,2.4571558e-05,1.13109645e-05,2.524578e-05,4.5405534e-07,1.682596e-05,3.615417e-05,3.1709096e-05,0.00032039266,3.8960156e-05,4.0971285e-05,2.754039e-05,9.025143e-06,9.0583235e-06,3.641573e-05,3.2452647e-06,4.155533e-06,1.4143615e-05,1.5444482e-05,8.1358585e-06,1.1556523e-05,0.00013678934,0.00013537484,6.3293123e-07,2.7029164e-06,0.77401537,2.5526472e-07,2.0093742e-06,0.008533431,7.4161065e-08,0.00041289686,0.29819903,0.124450505,3.135837e-05,0.0017468911,8.9665434e-08,2.9631515e-09,2.5342217e-05,8.638741e-09,1.0506616e-06,3.791532e-06,5.2063162e-05,1.394931e-06,5.216957e-07,6.1707186e-05,2.2864513e-05,2.732585e-06,1.9916555e-05,4.86555e-06,1.3084149e-06,1.4010707e-06,1.646586e-07,2.333496e-06,9.716013e-07,1.2369612e-08,1.6481318e-06,1.8588831e-05,5.746506e-07,1.2843996e-06,2.42629e-06,8.6858955e-07,9.1948135e-07,4.4204753e-06,3.2853852e-06,1.3232511e-05,1.5583748e-05,1.1901275e-06,1.5111643e-05,3.268267e-06,7.754309e-07,2.9466639e-05,7.815449e-06,1.794944e-05,3.1357789e-07,3.5024524e-08,1.089447e-08,4.8769825e-06,1.706231e-05,1.3331535e-07,1.2814373e-06,3.5886988e-08,1.118698e-07,2.0458597e-06,1.5303206e-06,1.0997798e-07,1.2252772e-07,1.5743917e-06,9.7405e-06,1.2306066e-07,1.859307e-05,9.749912e-07,0.00021680827,8.520143e-06,5.76594e-06,9.703706e-07,6.5531294e-06,5.85536e-07,5.111848e-07,1.6376954e-07,6.695877e-06,5.8222736e-07,3.513963e-06,2.42277e-07,3.1738378e-07,1.2424667e-06,1.5049006e-06,1.8838247e-05,3.7605234e-05,8.515288e-07,9.236731e-08,4.4506372e-08,2.698592e-06,2.7109913e-06,8.0777e-05,2.523462e-06,1.0036025e-06,1.2875563e-06,1.1872955e-06,1.3836882e-05,2.2035167e-05,2.524817e-06,1.871074e-07,6.135635e-05,5.3099457e-06,1.0309465e-06,1.9603913e-06,2.9828177e-06,2.8719041e-06,3.6043124e-07,1.11956315e-05,4.0282052e-07,2.7708194e-07,9.9853644e-08,0.00028359986,2.9848505e-07,1.7048105e-06,4.3745857e-07,0.00015023268,1.1805427e-06,2.7554274e-06,5.654416e-08,2.1893582e-07,0.00013516356,6.115934e-08,2.2023323e-06,3.801496e-07,1.6955845e-06,2.865604e-07,1.8044608e-05,4.803479e-07,0.0001331498,1.9490906e-06,3.142591e-05,1.8322018e-05,4.029919e-07,0.00016250582,2.728213e-07,9.178828e-08,3.7706288e-06,6.386687e-06,2.6690277e-06,2.0221993e-05,2.8946884e-06,2.538342e-06,1.2016212e-05,1.6983635e-07,6.159466e-05,1.6453757e-06,2.7519113e-06,0.00033367204,6.5186845e-10,9.408878e-07,0.00029435652,1.2262466e-05,6.0996003e-06,4.2159686e-06,6.9118977e-07,2.2206525e-05,8.889487e-08,2.8280297e-06,1.1261272e-06,1.8775814e-05,7.7627774e-05,0.0011121279,1.8110342e-05,2.1590931e-05,4.7896146e-06,1.153773e-06,2.366644e-08,2.3195107e-05,0.000107045664,1.01623044e-07,3.1903692e-06,9.534647e-06,4.0345986e-07,4.9108996e-07,7.2804767e-09,6.872426e-05,0.00030347295,0.00012304679,1.5231612e-06,1.0238126e-06
BC2026_Train_0033_S22_20211216_200000_015,3.1728516e-05,0.000452656,1.3675355e-05,0.083513506,6.522069e-05,1.960137e-06,1.4178837e-05,0.00041352928,0.48833188,0.042352304,0.09743707,1.2148558e-05,5.9404706e-06,7.7949636e-08,9.515214e-05,0.99989593,4.027329e-07,5.970647e-08,0.7872988,0.00038389117,0.0014322774,0.92853343,0.00059489685,0.0003192331,0.7539639,6.31567e-05,0.002469297,1.8882229e-06,6.670139e-05,0.0003907428,0.001984059,0.00038534217,0.0037181883,0.00023829917,0.00019201299,0.00040688273,9.691151e-06,0.0004434667,0.00028858442,0.0006323457,0.0032962253,0.0005676903,0.00064075313,0.0006825142,0.0001912423,0.00020499302,0.0007931537,0.00010336061,0.00013745001,0.0003673687,0.0002722457,0.000164913,0.00027477278,0.001156333,0.0031635044,6.5444365e-06,4.22591e-05,0.96515644,1.768681e-05,3.656125e-05,0.5424665,1.2796032e-06,0.027154401,0.9054475,0.39246273,0.00047045565,0.009237214,3.970541e-07,2.2615318e-06,4.2873457e-05,5.5752537e-08,1.0100068e-05,1.9257535e-05,0.00012606676,1.0022224e-05,9.07432e-06,0.00012905165,5.4336393e-05,3.2878914e-05,5.9799302e-05,6.004284e-05,1.4871376e-05,2.4202389e-05,6.6767916e-06,5.3744687e-05,1.6737711e-05,5.229704e-07,1.7346574e-05,3.842832e-05,1.9963436e-06,5.9622493e-05,1.1374852e-05,9.25685e-06,2.8373602e-06,3.3288492e-05,0.00012276937,6.863881e-06,0.00012513855,1.2862999e-05,5.4886917e-05,3.438375e-05,2.8501038e-06,0.00014411879,0.00010156192,0.00015828083,6.025566e-06,1.7761727e-06,4.5583423e-07,3.220557e-05,4.1646315e-05,2.168937e-06,1.072782e-05,5.4543824e-07,6.432437e-07,1.45337035e-05,8.408033e-06,2.1021517e-06,4.1837225e-06,9.610783e-06,4.12934e-05,7.0549336e-06,7.367328e-05,3.1728193e-06,0.0005643702,4.3022625e-05,2.8442762e-05,1.1616349e-06,2.8610119e-05,3.7364614e-06,9.992734e-06,1.3924245e-06,4.5604625e-05,6.306312e-05,3.72952e-05,1.929691e-06,3.2778087e-06,2.234369e-05,7.191143e-06,4.883365e-05,8.7554996e-05,1.2925048e-05,4.2570164e-06,1.2068638e-06,5.569951e-06,7.641405e-06,0.00056455744,1.7712095e-05,2.3164102e-06,1.4217739e-05,1.2413676e-06,3.7313028e-05,5.6117715e-05,1.671549e-05,3.1973138e-06,0.00019815852,3.7337043e-06,2.6242326e-06,2.5800147e-05,2.8267484e-06,2.412724e-05,1.4079491e-05,2.5472378e-05,1.149748e-05,3.2699131e-06,1.4382505e-06,0.007631401,4.5833076e-06,2.4065357e-05,6.844278e-06,0.00024772697,5.6383647e-06,1.8824921e-05,1.7515283e-07,2.975604e-06,0.001465491,2.1388346e-06,5.4323427e-06,2.2933784e-06,1.9820358e-05,3.3306906e-06,6.321973e-05,3.6008944e-06,0.00084255514,8.760512e-06,0.00024810943,9.327712e-05,1.0608452e-05,7.0177535e-05,2.2036768e-06,9.393462e-06,1.7536842e-05,1.04187775e-05,1.7485107e-05,7.531935e-05,2.4104264e-05,1.053595e-05,1.6907348e-05,1.7263955e-06,2.086646e-05,3.3205288e-06,2.3983885e-05,0.00013855168,1.7322334e-08,2.7233807e-06,0.00017202596,8.347168e-05,1.9659274e-05,5.2480384e-05,1.0030161e-05,6.161005e-05,1.244878e-06,4.4670163e-05,2.5520132e-05,8.412349e-05,0.0005531487,0.002188923,2.4532084e-05,8.438429e-05,3.6983542e-06,4.0366835e-06,1.2998148e-06,0.00018839249,0.0002693181,3.2788062e-06,6.9954667e-06,0.00012849762,8.084687e-06,4.397702e-06,1.9782807e-07,0.00048496347,0.00022731087,0.00029977548,2.5356336e-05,1.1092278e-05
BC2026_Train_0033_S22_20211216_200000_020,3.9983815e-06,9.58702e-05,0.0003487186,0.06808671,7.958611e-06,3.6704063e-07,2.030231e-06,0.004329156,0.061403744,0.079302065,0.21605472,4.165381e-06,3.0064991e-06,2.2152813e-08,0.00013424197,0.9986199,3.5147903e-07,1.8196774e-08,0.35577425,1.1106685e-05,0.00029469767,0.29094303,0.00011356343,0.00011142166,0.3048324,5.5055157e-06,0.028475447,1.2279506e-05,6.5452855e-06,0.00027604576,0.0006702997,9.040263e-05,0.0007818472,0.00012850681,6.121504e-05,0.00011652144,1.8634145e-06,0.000111084075,0.0001435848,0.00016748578,0.0015001063,0.00018087402,0.00023337851,0.00012270757,4.399376e-05,4.216454e-05,0.00021702916,1.5348705e-05,3.2863303e-05,8.538843e-05,8.411924e-05,5.69109e-05,7.21058e-05,0.0005283902,0.0007222817,7.828211e-06,1.5096618e-05,0.85754323,3.92618e-06,6.70169e-06,0.023919176,4.9123935e-07,0.001960912,0.35798645,0.21390381,0.00030607378,0.011932943,6.123883e-07,3.8236273e-08,0.0008309413,2.7900883e-08,5.5142227e-06,9.135221e-06,0.00033561816,8.270791e-06,6.0925763e-06,7.3120835e-05,5.311016e-05,1.3438508e-05,1.7000802e-05,1.0619567e-05,5.1669813e-06,6.866643e-06,4.2788926e-07,1.1318216e-05,9.738651e-06,1.5033628e-07,4.44393e-06,4.168295e-05,5.4246034e-06,3.36725e-06,1.3112082e-05,4.67489e-06,3.870718e-06,9.904254e-06,1.3286177e-05,3.125051e-05,0.00010869772,1.4134407e-05,6.0139115e-05,5.5143646e-06,1.1154121e-06,0.00033276697,6.747742e-05,4.5411463e-05,1.825969e-06,2.4241314e-07,5.956532e-08,4.7836575e-06,3.785321e-05,5.536521e-07,4.752269e-06,3.1651325e-07,4.5262473e-07,3.8729518e-06,4.2464258e-06,1.9582748e-07,5.482753e-07,5.028259e-06,6.500219e-05,2.7777483e-06,6.716196e-05,2.2213121e-06,0.00036726097,5.74824e-05,8.199528e-06,3.983678e-06,3.3795506e-05,1.1803321e-06,9.1721745e-07,1.1886053e-06,4.506724e-06,4.35715e-06,1.8281577e-05,5.839489e-07,6.035586e-07,8.513864e-06,3.7990137e-06,5.255982e-05,0.00032512294,5.082186e-06,2.274221e-06,4.1567282e-07,1.970453e-06,3.627508e-05,0.000100795965,8.088018e-06,1.802722e-05,5.6243425e-06,2.1166056e-06,3.978177e-05,2.1635804e-05,8.037302e-06,2.4587396e-06,0.00020506338,3.9580005e-05,5.1130023e-06,2.377202e-06,9.085611e-06,1.2752401e-05,3.303438e-06,1.5218257e-05,1.939791e-06,4.3692294e-06,3.9539222e-07,0.00048956956,2.2989843e-06,1.3998878e-05,2.8439895e-06,0.0003475192,8.514205e-06,3.6337748e-05,2.4563647e-07,1.833439e-06,0.00014842692,7.2882864e-07,1.4982654e-05,2.0484972e-06,4.8020365e-06,6.7294013e-06,2.6669497e-05,1.7657657e-06,0.00014463022,4.2457336e-06,5.2948442e-05,3.8314447e-05,3.0870735e-06,0.00012610716,1.7712352e-06,9.4995994e-07,8.497721e-06,1.4198498e-05,6.526754e-06,7.8651734e-05,9.833658e-06,1.1327028e-05,1.1727713e-05,1.283398e-06,9.5878706e-05,4.2437255e-06,1.4531472e-05,0.00066249055,4.3157122e-09,8.533568e-06,0.00047595476,4.028767e-05,3.4006163e-05,3.9310446e-05,2.2288175e-06,9.154871e-05,5.9683526e-07,2.3234072e-05,3.2218377e-06,3.8646544e-05,0.00023559453,0.0038944376,6.607438e-05,5.068535e-05,6.8359277e-06,6.929415e-06,1.8123953e-07,3.15292e-05,0.00022789527,1.2125918e-06,1.5152161e-06,2.4167954e-05,1.0461383e-06,9.052383e-07,3.0308428e-08,6.568582e-05,0.0003032884,0.00012014714,5.550157e-06,5.1475827e-06
BC2026_Train_0033_S22_20211216_200000_025,1.2555689e-05,0.001038548,0.00038098398,0.0978052,0.00012754883,1.6490768e-06,6.0188333e-05,0.004597908,0.20578407,0.5415612,0.23151304,4.016913e-05,5.0359417e-06,9.3337825e-08,0.0014338312,0.9924038,2.4675248e-06,6.4064864e-08,0.67254615,0.00012697956,0.00070655334,0.97823226,0.00027045622,0.0013376494,0.16096008,3.7514397e-05,0.0127177555,9.738614e-06,7.1841416e-05,0.0005259582,0.0073992163,0.00068667415,0.016229307,0.0013259875,0.00048331986,0.0011109489,1.3016522e-05,0.0008063049,0.001820911,0.0015476961,0.02183752,0.0033595946,0.0027372127,0.0012384912,0.00028550377,0.0002487302,0.0018744319,0.0002731127,0.00027631407,0.00063550094,0.00063451205,0.00048208472,0.00068855553,0.010381851,0.0071849455,8.35884e-06,0.00019283037,0.96481156,5.035476e-05,0.00010527687,0.22309402,1.4646507e-06,0.0033083274,0.6998909,0.65555286,0.00067187176,0.02500804,3.3926042e-06,1.7033513e-07,0.00013616352,2.171078e-07,3.0653835e-05,1.1299784e-05,0.00011701358,4.2132826e-05,1.3370691e-05,8.377509e-05,4.367194e-05,6.909923e-05,3.315584e-05,2.9988341e-05,1.7705155e-05,1.9117828e-05,1.5173649e-06,3.6069247e-05,1.1482371e-05,8.5151504e-07,1.7718532e-05,5.7095887e-05,1.9064393e-05,7.756138e-06,4.814518e-06,4.0615673e-06,6.9237335e-06,1.4673541e-05,9.901468e-06,7.1202066e-06,0.00029152623,3.9107986e-06,2.9510455e-05,3.0947827e-05,5.5280498e-06,7.336068e-05,0.00025038124,3.587481e-05,8.6598175e-07,1.6880725e-06,1.0532259e-06,1.9464032e-05,0.0002515945,3.065265e-06,6.3282355e-06,8.747303e-07,1.3980289e-06,1.1760079e-05,1.6452188e-05,1.3282755e-06,1.4818831e-06,1.4698752e-05,2.7749507e-05,4.7611647e-06,0.00010796119,9.755979e-06,0.00043996706,4.4289136e-05,3.2918226e-05,1.2938786e-05,1.1703757e-05,2.1501284e-05,1.1791209e-05,9.778723e-07,3.531541e-05,1.8415702e-05,4.775054e-05,4.4308663e-06,4.1388907e-06,0.00024014206,6.6453917e-06,4.5490262e-05,0.00026284004,3.7016396e-06,1.2070894e-05,4.370259e-06,1.008239e-05,7.227123e-05,5.963728e-05,2.0310837e-05,2.311209e-06,3.274428e-06,1.3811821e-05,7.417662e-05,7.276401e-05,9.886645e-06,2.5754225e-06,5.599215e-05,1.2216094e-05,6.048602e-06,3.2178494e-05,1.0859939e-05,2.4981067e-05,5.340457e-06,3.1632168e-05,6.775154e-06,6.426906e-07,1.7967103e-06,0.0016526325,1.7558398e-06,0.00021587963,1.1729513e-05,0.00042190673,4.6753494e-06,3.4417473e-05,9.0817304e-07,5.7686125e-06,0.00025912636,8.357966e-07,1.5193591e-05,2.2594106e-06,1.1580806e-05,4.6675755e-06,5.1197465e-05,3.7556315e-06,0.00030274992,6.129929e-06,6.333021e-05,0.00010202951,2.181741e-05,0.00021848253,6.5156037e-06,5.9924946e-06,2.978365e-05,1.4926504e-05,2.8469925e-05,5.6617617e-05,1.5195488e-05,3.4650475e-05,6.32961e-05,4.7133262e-06,7.3450414e-05,2.2930897e-05,1.9024164e-05,3.410561e-05,7.8150165e-08,2.8507173e-05,0.000105436506,3.9883e-05,4.7558307e-05,4.7024478e-06,7.536782e-06,0.00019841676,1.5744263e-06,1.1640322e-05,3.22343e-05,0.00021304002,0.00022733603,0.0008899507,6.529836e-05,4.567135e-05,4.346393e-06,1.1570705e-05,6.658921e-07,3.2969245e-05,0.00029109573,1.7904073e-06,1.1905671e-05,6.2947816e-05,5.244386e-06,5.055478e-06,8.277397e-07,0.00066319277,0.0001025492,0.00018712107,1.4128625e-05,3.15737e-05
BC2026_Train_0033_S22_20211216_200000_030,7.976322e-06,0.0003459835,0.0003067603,0.0862443,4.6120836e-05,8.6794375e-07,8.2616225e-06,0.0024153315,0.08282262,0.21829644,0.14761902,4.280641e-06,9.932553e-07,4.245443e-08,0.00039941008,0.99098724,5.914858e-07,2.9656348e-08,0.43434834,1.2703484e-05,0.00093380833,0.87753564,4.9730374e-05,0.00031232327,0.15958583,5.4680772e-06,0.0029397558,2.6696082e-06,1.1745408e-05,0.0008068068,0.0026797084,0.00024280557,0.0039292607,0.0002674438,0.00014874456,0.00032992804,4.091553e-06,0.00035842843,0.0005717109,0.0003209313,0.006371173,0.0010064049,0.0006451722,0.0003960982,0.00013977688,0.00012975339,0.0007882569,0.00010404056,0.00012183511,0.00024409081,0.00019825244,0.00013526413,0.00022687242,0.002544938,0.001827943,2.080431e-06,3.4165118e-05,0.9615104,2.7410742e-05,5.985196e-05,0.050288606,4.5972007e-07,0.0026838917,0.56593037,0.57978725,0.00014610562,0.024929963,1.600651e-06,5.1430753e-08,0.00025131565,8.772242e-08,4.044033e-05,7.68121e-06,0.00014147689,6.0793436e-06,3.6532288e-06,8.033215e-05,5.1986215e-05,3.8307757e-05,1.4281417e-05,5.7809434e-06,1.9761868e-05,8.840266e-06,3.2312792e-07,1.1499631e-05,7.999557e-06,6.441246e-07,7.803763e-06,4.237407e-05,1.2017669e-05,2.8873271e-06,5.104106e-06,4.216632e-06,4.5726156e-06,7.3162023e-06,6.12091e-06,2.7938433e-05,6.986977e-05,2.2323838e-05,8.694672e-05,2.0603273e-05,3.0497001e-06,8.414347e-05,8.634414e-05,1.3406352e-05,2.229838e-06,8.138242e-07,2.350871e-07,1.6034446e-05,0.00016840319,2.4603394e-06,1.1434312e-05,9.072926e-07,1.1364326e-06,1.736253e-05,1.5019534e-05,2.1346419e-07,1.3498155e-07,1.3400293e-05,4.5263812e-05,1.0706384e-06,4.8362108e-05,1.0277156e-05,0.00034949023,2.3690525e-05,1.5424215e-05,2.709066e-06,1.0272532e-05,8.634743e-06,1.1403572e-06,2.8584338e-07,1.3789184e-05,8.573023e-06,2.7958315e-05,1.9544366e-06,1.6637994e-06,1.1230128e-05,5.356248e-06,4.1027157e-05,0.00024838277,1.538301e-05,9.325039e-06,2.3646824e-06,4.810204e-06,1.3339703e-05,7.94761e-05,1.9600902e-05,2.989556e-06,3.3132978e-06,1.983462e-06,2.2466267e-05,5.626888e-05,7.382048e-06,1.8361721e-06,0.00025917034,7.922323e-06,1.724854e-05,2.0457117e-05,6.664253e-06,1.2610914e-05,1.5361751e-05,6.0316408e-05,4.144021e-06,1.8082136e-06,9.747903e-07,0.0017496096,1.2833173e-06,3.1336127e-05,2.2685283e-06,0.00029388707,5.8336004e-06,1.2416527e-05,4.1088492e-07,2.6392133e-06,0.00014439046,2.8607494e-07,2.3660814e-05,4.275676e-06,7.2395223e-06,1.7212649e-06,3.6667887e-05,1.5005569e-06,0.00014693956,4.0839045e-06,9.4137904e-05,0.00020608323,1.4080578e-05,0.00017551782,1.4588503e-06,1.6768823e-06,2.3842402e-05,8.331987e-06,2.0949046e-05,0.00014553498,1.4844624e-05,1.5237834e-05,2.0450449e-05,2.1516828e-06,1.9999292e-05,2.6296539e-06,3.3666613e-05,0.00021276092,1.638104e-08,5.3984466e-05,0.00014543287,3.2194082e-05,3.776152e-05,4.592058e-06,5.4086877e-06,0.0003145546,2.2903512e-06,1.08620525e-05,7.661092e-06,0.00011056203,8.138922e-05,0.001973687,6.573877e-05,2.2864773e-05,7.1011646e-06,2.548228e-06,8.921035e-07,3.6016452e-05,0.00015004014,1.0500236e-06,9.046825e-06,1.9425497e-05,7.4274762e-06,2.044859e-06,8.6444146e-08,0.00030434216,0.00031752602,0.00014951671,6.418855e-06,2.4160603e-05
BC2026_Train_0033_S22_20211216_200000_035,1.2776522e-06,3.5399637e-05,8.977656e-06,0.038148254,6.8451723e-06,1.265023e-07,5.4918746e-07,0.0006703435,0.100577116,0.022563284,0.07886481,1.2186898e-06,6.781935e-08,3.1939729e-09,4.6730736e-05,0.99648005,1.236221e-07,2.4875588e-09,0.37927398,6.3656726e-06,0.00033602634,0.40639523,2.0151283e-05,2.1912327e-05,0.15382946,2.2885022e-06,0.0013871968,1.0479657e-06,4.892696e-06,7.204662e-05,0.00017030867,3.95203e-05,0.00032657586,3.2681317e-05,1.4621914e-05,6.185259e-05,1.1687323e-06,2.9037908e-05,3.067498e-05,7.720925e-05,0.00030729565,6.3044e-05,5.7586538e-05,6.76868e-05,9.958856e-06,9.468012e-06,6.126421e-05,5.103366e-06,7.3489714e-06,2.179963e-05,2.6201484e-05,1.550561e-05,2.1971397e-05,0.00010393912,0.00030323086,7.8167295e-07,5.5255564e-06,0.9136913,4.0578466e-06,5.6071353e-06,0.06917184,1.8957783e-07,0.0012166742,0.84879184,0.176299,4.7173693e-05,0.0014192131,1.8483532e-07,7.734329e-09,6.357121e-05,7.016994e-09,5.903249e-07,5.188351e-06,7.837987e-05,1.8848605e-06,1.3493537e-06,4.5705114e-05,2.7336633e-05,3.7095235e-06,4.7115063e-06,2.3114342e-06,1.6611391e-06,3.2792564e-06,3.2177738e-07,1.5547605e-06,1.1009778e-06,1.1502026e-08,3.538738e-06,1.3225736e-05,4.8101856e-07,2.4725045e-06,2.3344044e-06,5.130241e-07,3.858876e-07,7.877301e-06,2.4981307e-05,2.0475618e-06,1.2780317e-05,2.6318617e-06,1.20652785e-05,4.8651136e-06,1.6530967e-06,3.5595844e-05,2.2047043e-05,1.8429739e-05,4.6066194e-07,1.1428194e-07,2.2679043e-07,3.6965455e-06,1.6510407e-05,2.125221e-07,2.1481828e-06,9.739627e-08,3.4089558e-07,1.5802373e-06,4.580939e-06,3.0695134e-07,1.0957953e-07,1.7685094e-06,6.3009793e-06,4.48244e-07,4.194777e-05,1.6489321e-06,9.0242e-05,2.2978575e-05,4.276642e-06,5.292163e-07,8.093874e-06,5.916437e-07,3.4760023e-07,5.688936e-08,8.852119e-06,2.5871475e-06,2.423859e-06,9.99852e-07,1.5004568e-06,1.4599581e-06,2.557394e-06,1.5651933e-05,6.607986e-05,1.2038267e-06,1.2595662e-07,8.463354e-08,2.1180008e-06,3.899466e-06,0.00055126095,1.3501079e-06,9.1293424e-07,1.491365e-06,5.437062e-07,1.1678193e-05,2.4948692e-06,1.9079262e-06,5.636546e-07,4.474149e-05,9.681356e-07,2.3980779e-06,2.133906e-06,7.484535e-07,4.821484e-06,1.3249825e-06,2.4023417e-05,3.580171e-07,1.9905401e-07,2.650013e-07,0.0008550924,7.0259483e-07,2.2652987e-06,3.3710432e-07,5.8384394e-05,4.8821715e-07,8.03971e-07,3.2797618e-07,1.1138018e-06,2.7696815e-05,1.560213e-07,5.441935e-06,9.134438e-07,9.1677066e-07,8.076219e-07,6.1277724e-06,4.895711e-07,0.00017611832,1.820485e-06,4.5418656e-05,9.791379e-06,8.0092826e-07,2.0408754e-05,9.3796893e-07,3.4931864e-07,2.5219895e-06,4.912304e-06,1.0668086e-05,7.841004e-06,2.4955543e-06,3.5313046e-06,5.5706464e-06,1.810407e-07,3.2812728e-05,2.89655e-07,5.461448e-06,0.00022978784,7.2087164e-10,1.1090988e-06,2.758171e-05,2.6628608e-05,7.033282e-06,2.8214215e-06,1.7267183e-06,1.1198524e-05,1.63537e-07,6.7865795e-07,1.437273e-06,4.9733455e-05,0.00012410352,0.0010255176,1.826612e-05,1.5175185e-05,1.3859897e-06,1.0956485e-06,1.4646561e-07,1.9597706e-05,0.00012352585,1.7714854e-07,1.5554324e-06,2.3360353e-05,1.509771e-06,1.6812219e-06,9.107498e-09,0.00017652247,1.3801855e-05,3.411966e-05,6.708652e-07,3.55413e-06
BC2026_Train_0033_S22_20211216_200000_040,6.0155802e-05,0.0012421085,1.3626641e-05,0.12993327,0.000119547956,1.8778163e-06,2.0863696e-05,0.00025776227,0.13133058,0.03956738,0.06439885,1.5248126e-05,5.179682e-07,1.2069347e-07,0.000226486,0.99641174,2.5976744e-06,1.1325781e-07,0.34461656,0.0001575896,0.0068724225,0.9763915,0.00087526,0.0004610098,0.2512973,0.00050114375,0.00066577183,4.6733394e-06,0.0001139672,0.0010825838,0.0024328874,0.000784074,0.006119254,0.0005394912,0.00033184318,0.0012730099,2.4625864e-05,0.0010578043,0.00036697576,0.0015577022,0.004665597,0.00089066953,0.0014965615,0.0015193477,0.000412155,0.0003999338,0.0025297801,0.00021570022,0.00032829776,0.0008345326,0.0006644549,0.0005181424,0.0006245825,0.0014120882,0.013263461,1.7293995e-06,0.00011548145,0.91227263,0.00010015803,6.3830055e-05,0.06930957,5.7537454e-06,0.008611289,0.93416005,0.52184,0.00020081013,0.008579983,3.4815203e-06,1.4697846e-06,0.00043008843,9.8544525e-08,1.8156048e-05,4.455619e-05,0.00012773798,4.042059e-05,2.8774073e-05,0.00010024279,0.00018571845,9.740431e-05,9.89023e-05,4.5891695e-05,2.0579866e-05,0.000107922184,1.5370002e-06,0.00011131716,1.8260844e-05,2.8096903e-07,1.375606e-05,4.3252003e-05,6.9506996e-06,3.6967627e-05,1.663282e-05,6.354948e-06,5.1799266e-06,6.1080165e-05,0.00017876783,5.7261404e-06,0.000186413,3.8082984e-05,0.00010483378,6.0601677e-05,6.3659877e-06,8.911355e-05,0.0003957283,6.617211e-05,8.273434e-06,2.5576942e-06,3.5793043e-06,3.1440326e-05,4.6020934e-05,9.116519e-06,1.0367237e-05,3.1548218e-06,2.1291473e-06,1.574052e-05,4.3924632e-05,3.5145829e-06,2.2089478e-06,8.539168e-06,8.146874e-05,2.2637718e-05,0.00025179004,6.9305383e-06,0.0009784945,0.00018403024,0.00021104215,2.588154e-06,2.8060595e-05,1.5341418e-05,1.9056985e-06,7.657094e-07,0.0002524882,0.0002867666,2.8763812e-05,1.0471532e-05,9.566589e-06,4.5270117e-05,1.9379442e-05,8.2662526e-05,0.00031699458,1.9948928e-05,2.4886218e-05,4.5247552e-06,1.9880652e-05,1.7490127e-05,0.0013695713,0.00013032228,6.3189177e-06,6.57346e-06,2.1615097e-06,0.00018591493,7.482654e-05,1.920915e-05,1.1330603e-05,0.00023230622,2.4119076e-06,3.5712572e-05,7.4821974e-06,6.8152735e-06,4.7964404e-05,2.723328e-05,0.000106968415,6.211764e-05,5.7959696e-06,1.9858903e-06,0.0046354346,8.235679e-06,4.1067236e-05,1.3959657e-05,0.0002888495,5.51244e-06,3.3346063e-05,1.2861867e-06,2.6157193e-05,0.00090201467,1.0278744e-05,3.7044174e-05,5.0039e-06,2.5408837e-05,7.57433e-06,7.309177e-05,6.1996197e-06,0.00082767085,6.9466705e-06,0.00029416376,0.00010476813,2.1234666e-05,8.850026e-05,8.57856e-06,2.3467781e-05,4.1674957e-05,2.4524481e-05,4.9178077e-05,9.070495e-05,2.6706175e-05,4.717635e-05,4.3780314e-05,1.0703699e-06,4.1416446e-05,7.537502e-06,6.48938e-05,0.00037048635,2.5327502e-08,3.01799e-05,9.6390686e-05,9.513646e-05,1.3690963e-05,1.1392167e-05,7.460182e-05,0.00032890643,1.7784321e-06,2.259844e-05,6.327661e-05,0.00013808887,0.0003021637,0.0016060874,7.7509125e-05,5.1824256e-05,3.4886193e-06,7.2660005e-06,4.9974333e-06,8.627623e-05,0.00054074434,1.196512e-05,1.0615131e-05,0.0001838652,2.0739077e-05,2.2255646e-05,1.8242961e-06,0.00074723817,7.461341e-05,0.00036694342,2.214169e-05,3.7624643e-05
BC2026_Train_0033_S22_20211216_200000_045,1.779811e-05,0.00046232608,4.261985e-06,0.073284276,4.6931164e-05,7.913979e-07,2.4132118e-05,0.0002695097,0.082423896,0.11245798,0.15833138,2.3643806e-05,7.193751e-07,4.4573156e-08,5.8296602e-05,0.98643947,2.351372e-06,3.3767925e-08,0.49229681,0.00056158844,0.0025195612,0.9579584,0.00029467267,0.00020737489,0.09927561,0.00019629774,0.00046306,7.25091e-06,7.161898e-05,0.0009976323,0.0012196162,0.00028075918,0.0042929114,0.00023079723,0.0001543151,0.0005342282,8.9563455e-06,0.0002847315,0.00021757078,0.0007981893,0.0019924338,0.00041449605,0.0005699128,0.0007254919,0.00010162606,0.00010289635,0.00056579505,8.554996e-05,9.6445125e-05,0.00017786397,0.00022464692,0.00017323613,0.00021392772,0.00072199816,0.0034882906,1.9123654e-06,6.335806e-05,0.8945427,5.6464538e-05,2.4917685e-05,0.22860046,4.211227e-06,0.007289391,0.9545315,0.38686568,0.00016081808,0.0035165076,1.6502913e-06,6.118425e-07,7.2542025e-05,5.399259e-08,4.630873e-06,1.4282534e-05,0.00012066298,1.3717192e-05,6.8359477e-06,7.067606e-05,0.00014460113,8.295407e-05,7.579164e-05,4.695861e-05,4.0274863e-06,4.8887097e-05,7.2544947e-07,5.441137e-05,2.07956e-05,7.288544e-07,2.0964575e-05,2.1221607e-05,2.1820468e-05,1.1832989e-05,5.6951626e-06,1.3222242e-06,4.2144407e-06,2.7347818e-05,7.467591e-05,2.6945827e-06,0.00025087062,1.8193054e-05,6.234064e-05,4.141707e-05,3.2993482e-06,4.4121734e-05,0.00029710462,4.536052e-05,2.9771936e-06,2.160543e-06,2.1531976e-06,1.1144649e-05,5.320714e-05,1.2847131e-06,4.9495434e-06,1.1391257e-06,1.3768691e-06,1.4416463e-05,2.2306049e-05,2.0720613e-06,3.4560912e-06,2.200986e-05,2.2275479e-05,6.040479e-06,0.00017264874,6.324621e-06,0.00029070023,4.2169122e-05,6.728357e-05,2.298147e-06,1.4618232e-05,1.1050762e-05,6.344315e-06,4.3389159e-07,4.1284107e-05,0.00014077377,3.132648e-05,1.4630784e-05,5.612715e-06,1.7984581e-05,1.8886672e-05,9.9530895e-05,0.0003748133,3.0224112e-06,1.0703488e-05,3.4187728e-06,6.2273753e-06,2.0251055e-05,0.00028809704,3.910812e-05,3.222059e-06,4.679498e-06,2.8913223e-06,8.468513e-05,1.4870992e-05,2.5022007e-05,4.606435e-06,0.00010104907,5.250917e-06,8.103421e-06,4.140817e-06,1.6787961e-06,2.9770956e-05,9.0033e-06,7.129062e-05,4.6100526e-05,4.8381667e-06,1.8535496e-06,0.012966352,4.378765e-06,1.4481696e-05,8.391084e-06,0.00012992288,4.77278e-06,4.673464e-06,4.1404397e-07,9.768183e-06,0.00019447054,3.875095e-06,8.248995e-06,2.258635e-06,1.5662596e-05,3.743113e-06,5.5042958e-05,4.5107013e-06,0.00097622804,5.231498e-06,0.00018674943,3.7557817e-05,6.246302e-06,5.3130727e-05,4.3401506e-06,2.6213804e-05,3.0007823e-05,8.597725e-06,4.6861354e-05,4.329393e-05,3.936e-05,2.2447399e-05,6.4004184e-06,9.1636593e-07,2.5691063e-05,7.0357573e-06,2.8362341e-05,5.9839458e-05,2.6240215e-08,1.6057505e-05,0.00010935707,0.00013215761,2.6053458e-05,1.225163e-05,4.523326e-05,7.091464e-05,1.4568287e-06,8.208972e-06,2.3597222e-05,9.097877e-05,0.0005364806,0.000952635,7.31069e-05,3.2763637e-05,8.0782297e-07,1.4963404e-05,2.569777e-06,5.1062212e-05,0.00037274553,4.3691007e-06,2.6024354e-06,0.00010904831,8.800437e-06,6.7261044e-06,5.795654e-07,0.00060490513,1.17166555e-05,0.00014363369,1.1971592e-05,2.5644335e-05
BC2026_Train_0033_S22_20211216_200000_050,2.0543863e-05,0.00074901985,8.974443e-05,0.11103034,6.583783e-05,2.125761e-06,3.6021343e-06,0.00013951403,0.2647837,0.061646305,0.10858278,9.063439e-06,4.329097e-06,1.1975787e-07,0.00017236895,0.99719584,2.738622e-06,9.584751e-08,0.40938723,1.0162416e-05,0.002699101,0.88924384,0.00018535118,0.0005530925,0.41986462,1.56541e-05,0.0029303937,8.320973e-06,5.5747176e-05,0.0002533841,0.0037029244,0.00056400936,0.0075342013,0.0003924193,0.00028959676,0.000733062,9.260558e-06,0.00050382403,0.0006509648,0.0008321722,0.0055401563,0.0014989768,0.0013793606,0.0010569817,0.0003284574,0.00031475228,0.0015389755,0.0001888079,0.00023266842,0.00035272533,0.00046335606,0.00035451035,0.0005137897,0.0025086983,0.0058387984,4.633744e-06,8.559811e-05,0.96872663,2.674994e-05,4.6032437e-05,0.070903145,1.0563774e-06,0.020840151,0.89245874,0.27519783,0.00012992782,0.01311732,9.299447e-07,5.557464e-07,7.896986e-05,2.2397816e-07,1.5708383e-05,3.7943417e-05,0.0001360091,6.198331e-06,2.0851265e-05,0.00015958368,9.7672455e-05,5.7769037e-05,4.0673203e-05,2.562143e-05,1.6843635e-05,2.3332525e-05,1.3873042e-06,2.4811196e-05,7.760436e-06,1.4845976e-06,1.4252572e-05,3.465008e-05,6.5813006e-06,4.6771784e-06,1.3413283e-05,6.875116e-06,7.2824064e-06,1.3114096e-05,1.7027427e-05,3.7249588e-06,8.624523e-05,2.3401115e-05,0.00012780097,2.2394952e-05,5.508042e-06,0.00015623884,8.4385014e-05,2.6420077e-05,7.204384e-06,1.7065478e-06,2.8790646e-07,1.4216383e-05,8.363262e-05,4.3016266e-06,1.1799633e-05,1.3826153e-06,9.888472e-07,1.3481919e-05,2.8653536e-05,7.0762405e-07,4.9498453e-07,2.010711e-05,0.00011846626,2.9511386e-06,4.9541417e-05,7.5050875e-06,0.0009952072,5.1772244e-05,2.8768121e-05,1.4447115e-06,0.00013781697,2.057076e-05,4.7943763e-06,2.2182742e-06,1.1362059e-05,4.726339e-05,9.922907e-06,3.7213902e-06,4.513615e-06,1.621329e-05,6.966202e-06,0.00021850587,0.00010782036,2.8634713e-05,6.053639e-06,7.5949156e-06,5.541657e-06,5.7750917e-06,0.00014674802,3.847129e-05,1.5571775e-05,8.266896e-06,1.0656846e-06,2.592747e-05,5.1618877e-05,4.08915e-05,2.8122317e-06,0.00018783449,2.2075381e-05,9.944411e-06,1.4448024e-05,4.121143e-06,5.919437e-05,3.8706185e-05,0.000106099935,1.3576726e-05,2.2083977e-06,1.169254e-06,0.0043163886,2.6869614e-06,3.4092667e-05,1.2438773e-05,0.0003945087,9.279901e-06,8.597515e-05,6.424265e-07,3.0657002e-06,0.00034343405,3.092278e-07,5.6153305e-05,2.0632904e-05,1.9604398e-05,1.0843619e-05,8.553316e-05,3.8763146e-06,0.00027985295,8.393924e-06,0.0001294968,0.00019461967,1.0577853e-05,0.0003789497,3.4661782e-06,5.1247084e-06,7.879738e-05,2.3602872e-05,1.9316376e-05,7.710992e-05,2.8181163e-05,2.5974889e-05,1.46701e-05,2.7459814e-06,4.449526e-05,1.0473219e-05,3.1686002e-05,0.00028252497,3.265392e-08,3.8857077e-05,0.00037635578,7.51805e-05,3.2342497e-05,6.568065e-06,9.189404e-06,0.00025698563,1.9083284e-06,4.8451846e-05,1.6583197e-05,0.0003126215,9.273869e-05,0.0051524686,0.00012021658,7.5868724e-05,5.645747e-06,5.968489e-06,1.1505161e-06,2.8648645e-05,0.00016241241,5.9419663e-06,7.1589825e-06,0.00012311157,5.887686e-06,2.20403e-06,2.0813565e-07,0.0007401676,0.0003700058,0.00014034448,6.5175054e-06,9.229396e-05
BC2026_Train_0033_S22_20211216_200000_055,2.9441255e-06,9.133743e-05,1.1968599e-06,0.09495993,1.9954638e-05,1.3924308e-07,1.7075463e-05,0.0004394412,0.10248623,0.15609409,0.27587843,3.186225e-06,3.7529068e-07,8.087424e-09,3.625637e-05,0.9973774,4.1303514e-07,6.5316184e-09,0.48964295,0.00013481204,0.0012857231,0.8961039,5.681378e-05,6.364856e-05,0.06273973,6.521298e-06,0.00046331654,3.5365443e-07,4.098583e-06,3.5421013e-05,0.00037091094,5.200451e-05,0.0010982847,7.601429e-05,4.7532827e-05,8.1733924e-05,1.8525227e-06,8.528117e-05,9.1959955e-05,0.00021903547,0.0008259778,0.0001692388,0.0001771798,0.00010195142,3.316144e-05,3.2488686e-05,0.00022540365,1.4387373e-05,2.3775718e-05,6.111932e-05,7.8743884e-05,4.910029e-05,6.8944486e-05,0.00031002768,0.00088513666,5.2989253e-07,1.7178623e-05,0.9408713,1.7349486e-05,9.32408e-06,0.080378786,8.2770504e-07,0.0005376465,0.9006521,0.14685594,0.00022547545,0.0027435774,1.0558763e-07,1.2444431e-07,5.4914053e-06,2.8165282e-08,3.6287315e-07,1.3371289e-05,3.4802808e-05,5.195313e-06,1.2495334e-06,4.4399807e-05,8.556488e-05,1.5756874e-05,1.3420039e-05,6.355894e-06,5.686175e-07,8.843969e-05,2.529661e-07,1.8333234e-06,3.7454627e-06,6.8420135e-08,7.163674e-06,2.153541e-05,1.4572734e-06,5.665315e-06,3.2939627e-06,5.236866e-07,3.153584e-07,1.176175e-05,4.108404e-05,4.540524e-06,5.1068688e-05,2.7550989e-06,1.1479524e-05,5.4986212e-06,8.080625e-06,2.7554157e-05,8.5693006e-05,2.622806e-05,4.6109488e-07,3.6147046e-07,5.4463413e-07,8.343628e-06,1.953462e-05,1.9604922e-06,3.4239833e-06,3.53473e-07,8.331847e-07,1.2322076e-06,6.488803e-06,1.2634706e-06,4.3408403e-07,3.4117506e-06,7.463091e-06,3.8871945e-06,0.00014431999,2.1308822e-06,0.00019362148,1.6923237e-05,2.9773397e-05,2.970881e-07,1.1562906e-05,3.381222e-06,7.56837e-07,1.0130217e-07,4.8905706e-05,6.8150007e-06,1.3011781e-05,1.9410754e-06,2.6802868e-06,8.561895e-06,9.76591e-06,0.00015775078,8.9162764e-05,2.960427e-06,4.8186475e-06,4.1746767e-07,2.3069547e-06,1.1450236e-06,0.00030140526,9.237642e-06,4.0728078e-06,1.2599162e-06,3.6750788e-07,2.4561532e-05,1.4489156e-05,2.1055287e-06,2.798432e-06,5.0619656e-05,9.766374e-07,7.516598e-06,2.3373807e-06,9.715031e-07,5.455503e-06,5.545998e-06,1.9129246e-05,5.87236e-07,1.1699512e-06,7.4275994e-07,0.0010980781,1.0765203e-06,5.2250466e-06,2.4377543e-06,8.042896e-05,1.6999983e-06,1.9571353e-06,1.6702509e-07,4.758146e-06,0.00020841637,1.6854567e-06,1.3549796e-05,5.841294e-07,2.0441375e-06,4.7300858e-07,4.5325927e-05,1.7718131e-06,0.00015036912,1.7089924e-06,6.371505e-05,1.6335729e-05,1.885326e-06,1.4467313e-05,9.3483794e-07,5.113173e-06,1.4900763e-05,8.365985e-06,3.5516092e-05,4.5417397e-05,3.944788e-06,1.1463791e-05,1.0947766e-05,2.1100604e-07,1.5918135e-05,9.4618593e-07,8.243411e-06,0.00014160958,2.3835083e-09,3.5489616e-06,2.5137817e-05,2.9167488e-05,2.6704918e-06,3.8262106e-06,8.216843e-06,1.5303718e-05,4.827603e-07,2.582954e-06,6.815502e-06,6.303642e-05,0.0011278366,0.0011468694,3.796709e-05,3.0141444e-05,1.6228973e-06,4.0839993e-07,2.0599734e-06,4.6623816e-05,0.00018568993,2.3697303e-06,1.2465899e-06,2.6380198e-05,9.187047e-06,1.780263e-06,4.6163287e-08,0.00027917363,6.1503415e-06,7.1518036e-05,1.1956564e-06,7.1701807e-06
BC2026_Train_0035_S22_20211223_213000_000,5.1035386e-08,1.1565437e-06,9.8905694e-08,0.0004533203,8.8922e-06,4.5764487e-08,1.9496874e-06,4.616304e-06,0.009371455,0.00051190064,0.007795669,3.4474195e-07,3.0266867e-07,4.6942833e-10,4.5537013e-07,0.9977617,2.1349372e-07,2.6795371e-10,0.99691427,8.020379e-05,9.100316e-05,0.9928276,6.784121e-06,2.353005e-06,0.007494728,4.7811625e-07,0.00021576419,7.012293e-07,1.1569055e-06,2.194654e-05,4.355816e-06,1.5650028e-06,1.246239e-05,1.0274797e-06,1.9812007e-06,1.4286185e-06,8.413749e-08,1.8548689e-06,5.776501e-07,9.216031e-06,8.330636e-06,1.0725853e-06,6.60682e-06,1.8175705e-06,5.1097715e-07,3.7666788e-07,1.9589263e-06,3.7480783e-07,2.9248193e-07,7.6182715e-07,1.317028e-06,1.9030433e-06,2.3061298e-06,2.3929238e-06,9.8054325e-06,5.968802e-07,3.6500595e-07,0.72135556,1.1032507e-07,1.5452555e-05,0.99371755,1.5398752e-08,0.00029661076,0.9995017,0.44062528,0.000654274,1.2498154e-05,1.2511355e-09,4.6935154e-09,6.306982e-07,1.2308421e-08,1.3614594e-08,5.30431e-07,1.0900116e-05,1.0774083e-07,5.2124597e-06,3.9808678e-05,5.9821946e-07,1.4706226e-05,2.5987967e-07,1.7564946e-05,2.4524348e-07,1.2026574e-06,9.052599e-07,7.130367e-07,2.579943e-07,3.3085435e-08,3.72568e-06,2.9944638e-06,1.020441e-06,1.7453837e-06,1.5781047e-06,9.267415e-09,7.573519e-08,2.7330593e-06,2.9876435e-06,8.1141266e-08,6.9861204e-07,4.3014215e-06,7.924673e-06,1.0306483e-05,2.0827743e-07,1.2825456e-05,0.00018951925,1.1727556e-05,1.4991965e-06,4.9207163e-08,1.6461196e-07,2.5212512e-06,1.5690989e-06,1.446527e-07,3.066373e-06,1.7412102e-08,1.219916e-07,1.17856225e-05,1.4146972e-06,6.9991245e-07,6.03341e-07,8.071709e-08,2.2019374e-06,2.9948721e-06,1.1645573e-05,1.6902727e-06,7.971329e-05,7.9021465e-06,5.557385e-07,1.2932195e-06,4.1407975e-06,8.098264e-08,2.4818244e-06,2.7799743e-08,4.7260415e-05,2.8883107e-07,9.829033e-07,9.290025e-07,6.5544364e-06,2.7110276e-05,1.6021279e-06,2.4808702e-07,1.0190776e-06,7.355285e-07,1.3335745e-07,1.0375054e-06,1.3829423e-06,4.986795e-05,1.2730067e-05,2.0829133e-07,4.198184e-08,1.2224173e-08,7.403795e-07,5.698639e-07,6.658337e-07,2.0696143e-06,4.3314817e-08,3.3765464e-06,1.2191199e-06,2.35986e-08,1.1275728e-08,2.5758267e-08,5.0398637e-07,2.6525265e-07,3.1749607e-07,6.5208017e-09,9.2587086e-08,3.2058003e-07,0.0003693413,1.1576295e-06,1.0736889e-05,4.2222214e-06,1.5888181e-05,1.0697637e-06,7.591191e-07,2.583118e-08,8.6760525e-07,6.834983e-05,1.3915336e-06,1.1142798e-06,2.236659e-07,5.4930497e-06,9.02702e-07,3.931163e-06,4.697933e-08,1.1654383e-05,1.4886836e-06,2.3376268e-05,2.4375097e-07,4.318736e-08,6.560325e-07,3.1716925e-07,3.9446522e-06,6.726417e-07,7.4194935e-07,3.3367887e-06,1.2099679e-07,3.6070019e-06,3.7445234e-06,3.0915822e-07,8.1937446e-07,4.803627e-05,3.7868954e-08,1.4849572e-06,1.1204027e-06,6.2917654e-10,1.3530753e-06,2.931403e-06,1.9712026e-05,4.2233005e-06,5.6587323e-06,7.305001e-07,5.0389444e-06,2.1114171e-07,5.6561744e-06,3.2655362e-07,4.3239766e-06,0.00021720762,0.000115044444,5.944381e-07,1.5232414e-05,1.1331821e-07,8.047633e-07,4.0151374e-08,3.352485e-06,4.640926e-06,1.1354241e-08,2.7813297e-07,4.3348093e-05,2.1030683e-06,1.2391488e-06,4.856118e-09,3.962559e-05,9.754555e-08,6.2717256e-05,5.5945657e-07,1.0011973e-06
BC2026_Train_0035_S22_20211223_213000_005,1.8121822e-08,7.5150103e-07,3.34061e-08,0.00016333601,3.3822118e-06,2.0815087e-08,1.4436029e-06,1.3278994e-06,0.0073695816,8.873316e-05,0.0008471697,3.709014e-07,9.4105054e-08,1.7437178e-10,2.0400896e-07,0.99844766,5.549684e-08,8.154531e-11,0.998379,0.0001349808,6.8199166e-05,0.9971933,9.580996e-06,8.5108974e-07,0.016394058,1.1521236e-06,8.955654e-05,7.7050764e-08,6.5175647e-07,1.3027087e-06,1.580367e-06,8.2240257e-07,7.081728e-06,3.325002e-07,6.86174e-07,7.377561e-07,7.106309e-08,1.4017269e-06,2.1450845e-07,5.196859e-06,3.915631e-06,5.208178e-07,1.8833797e-06,1.1196336e-06,2.7811097e-07,2.2521102e-07,1.1758694e-06,1.7852568e-07,1.9178269e-07,4.2864033e-07,5.1677466e-07,6.756132e-07,8.4126566e-07,8.7923564e-07,5.7527245e-06,1.6568073e-07,2.3815556e-07,0.6779334,8.903079e-08,2.1797841e-06,0.9921484,5.0698308e-09,0.00017528552,0.99977285,0.38959607,0.00025169743,1.1967906e-05,2.6960034e-10,3.765337e-09,2.4263633e-07,3.7731445e-09,3.2368042e-09,3.484745e-07,1.1478793e-06,2.5124555e-08,3.5073774e-06,2.381107e-05,2.5713163e-07,1.8628956e-05,1.321939e-07,4.4729873e-06,1.2020298e-07,3.8853045e-07,5.9056305e-07,3.9014677e-07,1.6009655e-07,1.7144638e-08,1.3288343e-06,6.789765e-07,7.399327e-07,3.8731587e-06,1.6956378e-06,4.1325356e-09,1.6657486e-08,5.05529e-06,1.7945218e-06,1.1710755e-08,8.21245e-07,5.027189e-06,2.7276537e-06,1.27688545e-05,6.885832e-08,3.3741035e-06,4.3983022e-05,7.0548394e-06,7.415341e-07,4.1592973e-08,1.6249028e-07,3.844539e-06,1.1460297e-06,4.6393147e-08,1.5504398e-06,6.7213177e-09,4.980135e-08,4.3591285e-06,1.3902695e-06,7.058481e-07,5.519361e-07,4.6888736e-08,1.5474e-06,1.2953142e-06,9.683178e-06,7.8631155e-07,4.7318317e-05,1.309852e-06,1.0354318e-06,2.1277233e-07,4.0422465e-06,4.5769113e-08,3.3186484e-06,5.3327316e-09,5.989581e-05,2.6631037e-07,6.9720306e-07,7.0898517e-07,6.2171093e-06,1.8322857e-05,8.3869503e-07,8.0287926e-08,3.8176125e-07,2.0513836e-07,8.08475e-07,6.193293e-07,1.1688093e-06,5.6144604e-06,1.8205774e-05,1.06363615e-07,6.2941212e-09,1.2259967e-08,2.796981e-07,1.513685e-07,1.489186e-07,6.6967624e-07,4.0346904e-08,2.6850812e-06,4.0226882e-07,1.1484598e-08,1.0063272e-08,1.401591e-08,7.9113e-07,3.7538263e-07,4.405071e-07,4.8135056e-09,3.5938086e-08,9.338964e-08,0.00016261557,4.3053635e-07,5.4197994e-06,1.1885598e-06,7.0890796e-06,5.389043e-07,1.6348054e-07,3.4988005e-08,1.1445409e-06,4.1921256e-05,6.863317e-07,2.1936971e-07,1.0616093e-07,3.191635e-06,3.6036286e-07,3.1520312e-06,3.1058313e-08,8.957464e-06,1.1638261e-06,4.9724367e-06,1.6311661e-07,7.607611e-09,6.334294e-07,9.437792e-08,2.8097545e-06,4.0290539e-07,2.1187552e-07,3.6333302e-06,1.0572163e-07,2.412851e-06,9.098652e-07,1.17707295e-07,1.0360599e-06,1.3157702e-05,9.222416e-09,5.571872e-07,4.4364504e-07,3.145701e-10,4.112887e-07,7.1809336e-07,8.63915e-06,8.7935723e-07,5.8085193e-06,4.2472055e-07,3.1581058e-06,2.3993147e-07,5.4890547e-06,5.182513e-07,2.1449505e-06,0.000104974824,6.563917e-05,3.57431e-07,4.854889e-06,9.556603e-08,9.8252876e-08,2.7286546e-08,5.3155545e-06,5.6429208e-06,4.276242e-09,1.3034888e-07,3.8730846e-05,1.9565439e-06,1.147829e-06,8.905873e-10,6.680221e-05,8.8564185e-08,2.051305e-05,3.1233625e-07,7.90216e-07
BC2026_Train_0035_S22_20211223_213000_010,3.0488803e-08,3.2652636e-06,8.431003e-08,0.00035112884,6.949467e-07,3.321696e-08,2.8127894e-05,9.145672e-06,0.00016830575,0.0002703317,0.0008863588,1.0116871e-06,4.864381e-07,4.000533e-10,1.1274473e-07,0.94058716,2.0482377e-08,2.654545e-10,0.9978492,0.001660042,6.0498034e-05,0.99165314,2.2847273e-06,3.8344006e-06,0.0007350771,8.187175e-06,0.0014401494,1.8805048e-06,2.4380265e-06,1.0810124e-05,5.080112e-06,3.8358157e-06,4.4791912e-05,3.7245218e-06,2.959473e-06,7.108279e-06,2.3092893e-07,6.4997034e-06,8.587405e-07,4.8800368e-05,1.783726e-05,1.5037027e-06,5.7550956e-06,6.309651e-06,8.514542e-07,6.242088e-07,3.648281e-06,6.845093e-07,1.0432859e-06,2.0869131e-06,1.0662956e-06,1.7193584e-06,1.8317438e-06,4.219339e-06,4.9236172e-05,8.677344e-07,1.5593088e-06,0.6778563,2.8224068e-07,6.692757e-05,0.9981279,3.940535e-08,7.699743e-05,0.9978738,0.9519419,0.0010221589,1.0428678e-05,1.8598511e-08,7.8438156e-10,8.73954e-07,2.3881192e-08,4.2118025e-08,1.8709027e-07,2.5523053e-05,3.501538e-07,7.4563327e-06,1.3882866e-05,3.2948597e-07,3.8375914e-05,4.257685e-07,1.3471086e-05,5.7386966e-08,1.9665676e-07,1.8257099e-07,3.8492425e-07,1.2183826e-07,2.9559272e-08,3.3002261e-06,6.245878e-06,2.412329e-06,2.7443214e-06,9.803083e-07,5.624747e-09,1.452057e-07,4.454202e-06,1.1221949e-06,2.9375487e-08,1.4166741e-05,1.814246e-05,1.17799245e-05,1.733247e-05,4.6742297e-08,6.234381e-06,0.00010536594,4.245543e-06,5.343081e-06,3.2157027e-07,4.8330577e-07,1.9923723e-06,1.1103062e-06,3.0252323e-07,2.8971708e-06,2.1132152e-08,3.9906874e-07,8.3232035e-06,9.92582e-07,4.2812208e-06,4.455178e-07,2.3423537e-07,1.5376086e-06,1.5116312e-05,2.3325627e-05,5.9301635e-07,0.0001066058,2.064184e-05,9.030093e-07,2.7672436e-06,3.0585197e-06,6.672767e-08,4.8258817e-06,5.8299547e-09,2.8405599e-05,6.5932977e-07,1.059684e-06,2.0880796e-06,5.7442594e-07,7.986111e-06,8.020778e-07,3.625403e-08,3.4921845e-06,8.106485e-08,3.2940222e-06,5.4221594e-08,8.180214e-07,5.6706715e-05,3.410098e-06,1.2209175e-06,1.96559e-08,1.140849e-08,1.3947355e-06,4.3801376e-07,6.435696e-08,8.311546e-07,5.1585086e-08,3.9788715e-06,2.884993e-06,3.5986243e-08,5.258273e-09,1.6922344e-07,1.444699e-07,2.8152616e-07,1.6591932e-06,2.1695683e-08,3.732476e-07,4.4726235e-07,3.5421894e-05,2.9825316e-07,5.0153532e-05,4.2346358e-07,4.6853525e-06,4.8206975e-06,4.6279797e-07,5.353248e-08,1.5994592e-06,6.609404e-05,1.0335361e-05,2.1785239e-07,2.4714598e-07,1.9218653e-06,3.6229985e-06,9.189598e-07,4.3996927e-08,3.0954558e-05,4.084037e-06,4.178001e-06,3.2234365e-08,5.9780426e-08,2.6262026e-07,6.023722e-07,9.863654e-07,5.9355506e-07,8.1216676e-08,9.162496e-05,3.037574e-07,2.4808896e-06,1.1344954e-06,2.2831277e-07,5.2554475e-07,6.196741e-06,7.965914e-09,1.1495478e-06,1.4976005e-06,1.5479019e-09,1.4419422e-06,3.659582e-06,1.674231e-05,8.981355e-06,2.5061938e-05,1.8347614e-06,8.699379e-06,6.603889e-07,1.5593858e-05,8.8668537e-07,3.0550418e-06,0.00035672775,5.950884e-05,2.0426165e-07,9.56092e-07,1.697332e-07,1.8445298e-06,1.2034401e-08,4.679672e-06,2.340376e-06,1.3197329e-08,6.8071665e-07,5.2182007e-05,1.163069e-05,5.66458e-06,9.5043555e-09,3.1094169e-06,2.4795165e-08,5.2931024e-05,2.1565462e-07,1.3381866e-06
BC2026_Train_0035_S22_20211223_213000_015,1.16640685e-07,1.6368977e-05,2.041093e-06,0.00053974375,4.173298e-06,3.2620875e-07,0.00022096105,3.5206933e-05,0.00029370587,0.00112206,0.0010975987,1.3178724e-05,1.7310778e-06,2.867458e-09,4.66309e-07,0.94336456,2.2040831e-08,1.8687472e-09,0.99888664,0.009830826,0.000118813005,0.992894,6.0425414e-06,1.6779424e-05,0.016777992,4.0297313e-05,0.0049910564,7.726438e-06,1.6337955e-05,1.6075202e-05,2.2512058e-05,1.5433941e-05,0.0002133893,1.6005692e-05,1.0977028e-05,3.0818122e-05,9.951686e-07,4.306913e-05,3.847906e-06,0.00018777378,0.000103811544,7.500801e-06,2.3072445e-05,2.7742202e-05,4.234391e-06,3.1512343e-06,1.6040442e-05,3.91009e-06,6.314214e-06,1.4360369e-05,4.4841945e-06,7.867707e-06,7.5296552e-06,1.9438896e-05,0.00025335726,3.1646935e-06,4.6770847e-06,0.68189794,1.1478421e-06,0.00018939353,0.9972562,2.0474647e-07,0.00019440547,0.9909723,0.99187523,0.004465396,8.8807734e-05,1.2201546e-07,2.3852365e-09,3.4858992e-06,1.6325525e-07,4.387249e-07,2.920972e-07,1.8364579e-05,4.7886874e-07,6.4388723e-06,1.6641341e-05,4.977272e-07,9.686726e-05,1.796092e-06,5.4358166e-05,1.9498125e-07,4.3766468e-07,4.410456e-07,2.8338234e-06,6.0329324e-07,4.0866914e-07,4.076737e-06,2.223668e-05,1.2550853e-05,9.214555e-06,8.452258e-06,1.1756813e-08,7.8329606e-07,4.2025924e-05,9.913144e-07,9.844046e-08,0.00021049373,2.7109345e-05,4.1036663e-05,3.9173327e-05,1.4574914e-07,1.0041789e-05,0.00012223635,1.4929892e-05,3.817741e-05,4.175523e-06,7.312334e-07,4.600022e-06,7.406334e-06,4.244972e-06,5.558844e-06,3.9213262e-08,8.342763e-07,1.0682777e-05,3.917947e-06,8.339349e-06,1.957658e-06,7.216915e-07,7.507822e-06,2.049721e-05,0.00011591945,1.2217901e-06,0.00015139925,3.712003e-05,2.3366229e-06,7.649024e-06,7.892107e-06,5.4864927e-07,3.1845128e-05,2.33727e-08,4.842288e-05,3.009273e-06,3.9726838e-06,7.777663e-06,7.5625616e-07,3.488465e-05,9.669147e-07,5.129712e-08,1.0264668e-05,2.8956939e-07,9.211389e-05,1.4479238e-07,6.6286225e-07,3.6038713e-05,3.149293e-05,2.1182998e-06,7.300615e-08,4.7382848e-08,4.6007412e-06,4.6581252e-07,2.2599895e-07,1.73907e-06,1.5956641e-07,1.4430605e-05,5.4353536e-06,5.9538625e-08,7.342103e-08,1.3287075e-06,1.4942266e-06,1.3926515e-06,1.4606945e-05,2.651613e-07,3.8118133e-06,4.491659e-06,1.8815444e-05,3.8434945e-07,6.2981264e-05,7.249315e-07,7.952397e-06,2.0129406e-05,1.2782627e-06,1.4597921e-07,1.8501587e-06,0.00016728435,6.9344984e-05,7.831519e-07,4.3581872e-07,8.202335e-06,4.888444e-05,1.1940098e-06,1.5346565e-07,9.6254196e-05,1.2126947e-05,3.899927e-06,2.1710737e-07,2.5590992e-07,9.926976e-07,1.637494e-06,7.242057e-06,2.3488885e-06,1.6742585e-07,0.0013102232,1.1062782e-06,1.0878681e-05,1.2663078e-06,1.5233531e-06,2.0177195e-06,5.637623e-06,5.192863e-08,5.3659624e-06,6.446657e-06,1.13628635e-08,1.6028521e-06,1.499433e-05,3.1135656e-05,1.9329662e-05,8.580012e-05,1.6509003e-06,1.8138033e-05,5.0715666e-05,6.3516614e-05,5.7776474e-06,1.04196115e-05,0.00057543576,0.00011521494,5.102803e-07,1.3840374e-06,1.1023478e-06,6.2830263e-06,1.8284448e-08,1.2819331e-05,3.0183987e-06,7.696307e-08,1.696272e-06,0.00013837358,2.779726e-05,9.693951e-06,3.77275e-08,2.5747253e-05,1.6512217e-07,0.00014779251,1.4114333e-06,6.3500465e-06
BC2026_Train_0035_S22_20211223_213000_020,1.3406248e-09,3.2552782e-07,2.0036966e-08,5.292305e-05,1.09214156e-07,8.5692085e-09,3.3605802e-06,6.251331e-06,0.00012347261,0.00032490326,0.00047844593,1.18806994e-07,5.5622525e-08,2.4198078e-11,2.912349e-08,0.98019123,1.851416e-09,8.3553294e-12,0.99969685,0.00022317663,2.1307135e-06,0.88072705,9.4483164e-07,3.8037408e-07,0.0050559547,4.975611e-07,0.0012823036,1.0998471e-07,1.2475402e-06,2.8157285e-07,1.207247e-06,5.974554e-07,5.9329577e-06,3.6858157e-07,3.140004e-07,7.776712e-07,1.8204135e-08,5.9727887e-07,1.3181925e-07,6.2892727e-06,3.0739238e-06,2.2339495e-07,8.1880813e-07,1.1151867e-06,7.2278745e-08,4.1235616e-08,2.8105268e-07,6.519461e-08,6.890903e-08,1.6645517e-07,1.1784881e-07,2.3186284e-07,2.1764097e-07,6.530923e-07,4.53109e-06,5.082022e-07,1.0447061e-07,0.6999066,1.8672765e-08,1.6165579e-06,0.9972139,1.0222131e-09,5.4772147e-05,0.99819416,0.8337954,0.00068765914,1.8897416e-06,3.5964937e-10,5.0073785e-11,4.289208e-08,3.5061871e-09,1.4276131e-09,2.1225226e-08,1.4814943e-06,1.889219e-08,5.504322e-07,5.9651547e-06,4.4426823e-08,6.724347e-06,1.7177108e-08,1.7894496e-06,6.3797305e-09,7.513074e-09,3.3253283e-08,1.2904356e-08,1.4369651e-08,5.5461045e-09,2.6253213e-07,9.496529e-07,4.8944554e-07,4.3409938e-07,1.5937616e-07,7.596646e-10,1.6528046e-08,6.0106845e-07,6.021253e-08,1.6016529e-09,2.2416953e-06,8.172307e-07,7.971768e-07,4.6256773e-06,3.7103065e-09,3.6000843e-06,3.2876828e-06,2.935118e-06,9.851988e-07,3.7715484e-08,1.3365635e-08,4.5409735e-07,7.2222304e-07,1.587054e-08,7.665022e-07,6.23847e-10,2.7342189e-08,4.37972e-07,2.589576e-07,5.718052e-07,5.0904234e-08,3.3007844e-08,2.9492236e-07,1.9260345e-07,9.347771e-06,6.51485e-08,2.090514e-05,1.0781952e-06,5.0119716e-08,1.4227894e-07,1.2931924e-06,1.132636e-08,6.5765885e-06,3.7829354e-10,7.3697247e-06,2.2646985e-08,1.289409e-07,2.5591578e-07,3.3517285e-08,1.637202e-06,7.770219e-08,6.047181e-09,1.946613e-07,1.647432e-08,2.6631366e-07,4.712002e-09,1.0097789e-07,1.0338125e-06,1.0295984e-06,7.5500964e-08,1.5111711e-09,1.4697704e-09,4.0430493e-07,1.8321348e-08,6.6613963e-09,1.5789206e-07,4.4910644e-09,1.1575731e-06,3.3543193e-07,1.6196179e-09,9.437351e-10,9.005806e-09,9.52058e-08,2.4705896e-08,5.3541316e-07,1.0102365e-09,1.0489966e-08,1.5279434e-07,1.855603e-05,2.779062e-08,1.9586778e-06,4.1427732e-08,9.2241487e-07,1.3959026e-06,4.062087e-08,4.344992e-09,2.1321496e-07,8.525604e-06,4.0054888e-07,4.3532726e-08,1.493965e-08,7.144913e-07,1.5755243e-06,3.8971947e-07,1.3922895e-08,1.2985291e-05,1.4955166e-06,3.1052662e-07,1.207238e-08,9.610522e-09,2.4328557e-07,7.036686e-08,3.3310957e-07,7.51173e-08,1.2307388e-08,1.9254707e-05,5.389125e-08,3.6245706e-07,1.458928e-07,8.435313e-08,1.6842614e-07,1.7098905e-06,1.7050906e-09,3.8170774e-07,1.8240547e-07,7.1563123e-11,1.2919286e-07,8.0128575e-07,2.4934657e-06,5.5609155e-07,2.6651512e-06,4.908839e-08,1.2815145e-06,7.4994455e-07,3.9257416e-06,1.1319196e-07,8.246197e-07,0.0002619275,2.2412918e-05,7.0952304e-08,1.7277891e-07,3.5470045e-08,1.495046e-07,8.1894036e-10,3.3587348e-06,1.4000047e-07,5.090369e-10,7.257797e-08,1.1913018e-05,6.923582e-07,1.7224751e-07,8.121903e-11,5.2679957e-06,1.9043005e-09,3.3895094e-06,3.648733e-08,5.8587557e-07
BC2026_Train_0035_S22_20211223_213000_025,1.704288e-08,2.0418659e-06,3.307332e-08,0.0001632001,1.2674967e-06,4.0755364e-08,2.3061732e-05,2.1281446e-06,0.00054120657,0.00038453285,0.0008801629,5.615257e-07,2.100241e-07,2.3455474e-10,7.787994e-08,0.97722125,3.730361e-08,1.16108574e-10,0.99923813,0.000652208,1.7469507e-05,0.9945187,1.5541526e-06,2.4164342e-06,0.0014633226,1.3550832e-06,0.00030361098,4.931545e-07,1.7837182e-06,3.449295e-06,3.7578097e-06,2.4173423e-06,2.9410154e-05,2.0574407e-06,1.924378e-06,3.914933e-06,1.2279712e-07,4.557926e-06,5.0288924e-07,3.5379457e-05,1.426016e-05,8.2160375e-07,5.313664e-06,4.3989057e-06,5.5054824e-07,3.639361e-07,2.280441e-06,4.82503e-07,6.396449e-07,1.3775705e-06,7.968469e-07,1.3712593e-06,1.5505183e-06,2.4478254e-06,3.2757544e-05,3.569551e-07,7.8529683e-07,0.6757339,1.6174137e-07,3.1440926e-05,0.99860674,1.3686168e-08,5.747007e-05,0.99841535,0.9257478,0.0006900343,1.0352427e-05,2.1424513e-09,6.2674027e-10,2.2183052e-07,2.243704e-08,1.256311e-08,8.954716e-08,4.03046e-06,8.50084e-08,2.1685337e-06,1.5258716e-05,1.7247189e-07,2.7459146e-05,1.3192376e-07,8.11219e-06,5.3276402e-08,1.9170591e-07,1.6474797e-07,3.0922075e-07,6.9550765e-08,5.274699e-08,1.0755015e-06,2.3331136e-06,1.3170732e-06,5.492346e-07,7.0249365e-07,2.294139e-09,9.085935e-08,2.0956825e-06,2.870875e-07,2.7284049e-08,1.2293272e-05,4.3740533e-06,6.940876e-06,1.0444882e-05,8.760888e-08,3.3581935e-06,8.026301e-05,4.6871446e-06,4.235296e-06,1.951954e-07,1.0190954e-07,1.2284308e-06,1.744287e-06,1.8456952e-07,1.133054e-06,8.789052e-09,2.282359e-07,8.119519e-06,7.0364763e-07,1.7804567e-06,4.8966734e-07,1.4923394e-07,1.7056593e-06,3.4232587e-06,2.59407e-05,6.710451e-07,5.7076017e-05,3.9716797e-06,5.182958e-07,4.5395015e-07,1.661933e-06,6.8938874e-08,1.6046744e-05,2.6916578e-09,1.9682142e-05,1.7799663e-07,6.5462257e-07,1.425472e-06,9.518769e-07,1.8733801e-05,4.929895e-07,3.4622154e-08,1.1263561e-06,7.2756485e-08,2.7496972e-06,1.168764e-07,3.4485407e-07,1.613661e-05,2.4161438e-06,5.9313686e-07,1.1570811e-08,4.8996696e-09,6.625026e-07,1.11911e-07,1.560167e-07,5.793295e-07,1.925158e-08,1.9148565e-06,4.6415408e-07,1.3000332e-08,5.9626553e-09,3.664159e-08,3.314886e-07,2.0026732e-07,1.1263023e-06,7.626164e-09,1.7112123e-07,5.61289e-07,5.5493107e-05,1.0564525e-07,1.0680099e-05,7.903939e-07,4.998649e-06,3.501492e-06,1.3126488e-07,1.6872397e-08,6.037387e-07,5.0135404e-05,3.3611927e-06,2.7196484e-07,1.2218605e-07,2.6607831e-06,3.1655054e-06,1.172007e-06,3.1393327e-08,9.7674665e-06,2.428971e-06,3.2162534e-06,4.835574e-08,4.742001e-08,2.4306524e-07,3.2997937e-07,2.6430873e-06,4.675095e-07,4.2020133e-08,4.586063e-05,2.454557e-07,3.2964358e-06,6.5504975e-07,1.968074e-07,6.9422464e-07,3.287426e-06,1.2681633e-08,1.4960716e-06,3.875269e-07,8.6109686e-10,1.2207347e-06,1.8581034e-06,3.2593485e-05,1.6332114e-06,9.756071e-06,4.7696676e-07,2.292731e-06,3.1675168e-06,1.3085012e-05,3.709948e-07,1.1548628e-06,0.00023010134,2.3829107e-05,1.7129675e-07,1.3570115e-06,1.0122299e-07,8.1477407e-07,1.0295414e-08,6.4046253e-06,6.9179316e-07,4.7206745e-09,3.0543873e-07,4.5901063e-05,6.3908424e-06,2.569358e-06,3.5392176e-09,1.692406e-05,1.5065758e-08,3.2751985e-05,1.2798628e-07,1.4452282e-06
BC2026_Train_0035_S22_20211223_213000_030,7.060792e-08,8.415774e-06,2.5240613e-06,0.0004453816,2.6314726e-06,1.2693603e-07,5.3578522e-05,2.4022433e-05,0.00033414186,0.0011697153,0.0009390201,4.869937e-06,1.3592146e-06,1.5699373e-09,5.8566616e-07,0.98587036,9.612488e-08,8.832253e-10,0.9992094,0.00069427834,2.027146e-05,0.98508584,4.023919e-06,7.3934616e-06,0.005999872,4.2676056e-06,0.002819214,4.524803e-06,1.4651364e-05,1.1456327e-05,2.006367e-05,8.109892e-06,0.000116827054,6.082655e-06,6.5320787e-06,1.0686181e-05,4.1740634e-07,1.6142336e-05,2.8629674e-06,6.3262785e-05,4.739848e-05,4.2530887e-06,2.012622e-05,1.4520624e-05,2.6910184e-06,2.073902e-06,1.1169269e-05,2.859734e-06,3.1239692e-06,5.8166347e-06,3.4547036e-06,6.1318174e-06,6.172188e-06,1.0626912e-05,9.2680246e-05,1.9893023e-06,2.0790228e-06,0.7026191,1.3621798e-06,5.3823107e-05,0.9948474,5.789279e-08,0.00018374444,0.9969373,0.9742045,0.0026244246,1.7150258e-05,1.695618e-08,2.2015063e-09,1.0753558e-06,2.0637181e-07,9.4423115e-08,3.2375686e-07,1.015116e-05,2.5852185e-07,8.80136e-06,1.9079982e-05,5.2504083e-07,8.053465e-05,7.111108e-07,1.2315661e-05,2.5865944e-07,1.8454575e-07,5.2261095e-07,5.4238353e-07,1.9896443e-07,1.03816106e-07,4.5293405e-06,1.1188469e-05,7.785885e-06,2.54485e-06,6.0760804e-06,1.0024135e-08,8.8241103e-07,9.278955e-06,4.0157468e-07,5.055358e-08,9.334057e-05,1.9122734e-05,3.418565e-05,1.4813272e-05,1.0198537e-07,8.745461e-06,0.00010445609,7.0156775e-06,2.614637e-05,9.454354e-07,8.5141596e-07,4.55441e-06,5.686414e-06,2.0774946e-06,7.996841e-06,3.183507e-08,4.1422956e-07,1.2196048e-05,1.9747233e-06,7.806562e-06,1.238186e-06,2.375572e-07,9.049146e-06,9.82005e-06,5.104308e-05,1.299371e-06,0.00021177185,1.00946945e-05,1.7150529e-06,4.2456686e-06,7.212819e-06,2.9062815e-07,4.0804673e-05,4.8576307e-08,3.5828347e-05,1.444341e-06,1.4253944e-06,1.6577176e-06,4.788948e-07,1.5781494e-05,1.1401712e-06,9.69618e-08,8.387587e-06,3.1171493e-07,1.1121449e-05,4.1487002e-07,9.3423813e-07,4.4106342e-05,3.810643e-06,3.118992e-06,1.8618164e-07,2.201222e-08,3.940479e-06,4.223967e-07,2.1671205e-07,1.2760071e-06,2.2853735e-07,1.315528e-05,4.659383e-06,2.5124795e-08,5.92137e-08,5.543569e-07,1.3677159e-06,2.6050054e-06,2.8511342e-06,5.596508e-08,1.1587329e-06,1.0677497e-06,4.1879255e-05,2.803053e-07,7.675807e-05,1.0824326e-06,1.0032849e-05,2.9969127e-05,2.0198063e-06,1.7908668e-07,1.0701556e-06,0.00021303252,1.1928048e-05,9.974158e-07,7.4120044e-07,1.0279784e-05,1.2628848e-05,1.870913e-06,4.658654e-08,2.8612792e-05,7.808587e-06,2.6950631e-06,2.4580194e-07,1.3342971e-07,2.0474115e-06,9.95915e-07,3.6272995e-06,9.1185444e-07,8.881471e-08,0.00093635055,1.5976908e-06,5.8614837e-06,2.1756202e-06,7.428017e-07,2.0686732e-06,2.196197e-05,5.489507e-08,3.4609168e-06,2.0855362e-06,9.865074e-09,5.2678242e-06,6.495323e-06,3.634541e-05,1.611594e-05,1.7688311e-05,4.3359913e-07,1.0339197e-05,1.811791e-05,0.0001272324,1.5533377e-06,7.562608e-06,0.0003947361,0.00011505552,6.034889e-07,1.8980588e-06,6.91753e-07,2.2688182e-06,2.4028722e-08,6.6509897e-06,1.6985965e-06,3.737633e-08,1.6738403e-06,7.711779e-05,1.4410966e-05,4.6614728e-06,2.2791417e-08,4.858544e-06,1.4644621e-07,0.00010534797,8.6764254e-07,3.8313515e-06
BC2026_Train_0035_S22_20211223_213000_035,3.131349e-08,3.2806797e-06,3.388555e-07,0.00026894244,9.674119e-07,5.2389836e-08,1.5781929e-05,1.4208156e-05,0.00014980383,0.0003018815,0.00049107126,7.3425986e-07,9.395117e-08,1.968721e-10,8.779423e-08,0.95444375,7.9696365e-09,1.1861494e-10,0.99936444,0.0018319016,3.8922648e-05,0.9900143,2.371697e-06,2.5612017e-06,0.006365787,1.1481429e-05,0.0019937817,1.7114145e-06,5.706972e-06,5.20765e-06,4.7883996e-06,4.007662e-06,4.7523175e-05,3.071978e-06,2.4921364e-06,8.466651e-06,1.547763e-07,7.1975714e-06,7.6886244e-07,4.9269707e-05,1.9545298e-05,1.440172e-06,4.772994e-06,8.347871e-06,6.4377144e-07,5.0670536e-07,3.4496697e-06,5.84844e-07,9.177801e-07,2.1357303e-06,8.5603403e-07,1.5741409e-06,1.5785969e-06,3.450611e-06,6.164778e-05,6.558667e-07,7.4052855e-07,0.8083946,3.3822107e-07,2.645381e-05,0.9974744,1.4933297e-08,0.000121573765,0.9988965,0.9839669,0.0008031846,1.5554766e-05,2.0959025e-08,3.9286965e-10,6.081757e-07,1.7004632e-08,3.561376e-08,7.794607e-08,2.5053812e-06,6.705557e-08,1.942018e-06,1.1194596e-05,2.4784936e-07,2.6992844e-05,1.8571419e-07,5.1142656e-06,4.2836238e-08,4.6216854e-08,6.5645686e-08,3.222011e-07,9.080894e-08,2.6888781e-08,9.3110197e-07,5.5876994e-06,1.7523836e-06,4.2005377e-06,1.9695135e-06,1.9780642e-09,1.0264929e-07,5.181325e-06,2.552428e-07,8.714587e-09,2.160572e-05,8.014172e-06,3.7220223e-06,1.8026341e-05,1.7048507e-08,4.3090704e-06,3.9439466e-05,4.7586227e-06,6.6794028e-06,7.8648844e-07,2.875459e-07,5.722776e-07,8.697078e-07,2.3623575e-07,2.035687e-06,4.2293737e-09,1.6672271e-07,5.6452036e-06,7.2177687e-07,1.5117982e-06,1.5126041e-07,1.3846432e-07,1.0931968e-06,2.6459927e-06,2.8681256e-05,4.0378936e-07,2.4627767e-05,1.4430948e-05,2.869676e-07,2.129052e-06,2.2136126e-06,9.005191e-08,5.0851722e-06,2.723459e-09,1.50969945e-05,5.271073e-07,3.248341e-07,1.0154888e-06,2.0177528e-07,2.990483e-06,3.475903e-07,1.2653195e-08,1.7623606e-06,8.877813e-08,5.0021586e-06,2.381033e-08,2.9436205e-07,7.0410874e-06,2.8656964e-06,4.1895294e-07,6.3304326e-09,3.5235104e-09,9.0720096e-07,4.3734882e-08,2.712791e-08,5.3176257e-07,3.3651485e-08,2.5495478e-06,2.0732987e-06,8.0683495e-09,8.476453e-09,9.107641e-08,3.666198e-07,1.9757789e-07,1.6998491e-06,2.2472806e-08,2.5359364e-07,5.940834e-07,2.728621e-05,1.3533976e-07,1.920025e-05,1.7413339e-07,1.892972e-06,3.911119e-06,2.1021407e-07,2.6082834e-08,9.10789e-07,2.2140022e-05,4.247171e-06,2.1511073e-07,5.7266355e-08,1.7177637e-06,6.6546695e-06,4.0626068e-07,2.5614131e-08,2.19915e-05,3.7647112e-06,1.1395115e-06,2.3563697e-08,4.5724178e-08,2.598259e-07,5.682987e-07,1.2198619e-06,3.6363633e-07,2.2625096e-08,0.00017292553,1.9032507e-07,1.5743783e-06,5.064194e-07,1.1394261e-07,2.722508e-07,1.6131157e-06,5.6701706e-09,1.0141804e-06,1.7585243e-06,8.2984164e-10,2.951373e-07,3.055971e-06,1.1274983e-05,3.0973358e-06,9.20794e-06,4.2358957e-07,4.204762e-06,7.2487387e-06,5.8647097e-06,3.9469225e-07,4.03723e-06,0.0002594987,5.7659676e-05,1.844414e-07,3.3347638e-07,1.2231231e-07,1.0069475e-06,6.595238e-09,3.49389e-06,4.0284237e-07,3.1922005e-09,2.5804644e-07,4.0660445e-05,8.145291e-06,2.4103442e-06,1.1578972e-09,3.3453757e-06,1.6693459e-08,1.4446674e-05,1.877183e-07,1.4975733e-06
BC2026_Train_0035_S22_20211223_213000_040,1.0964743e-08,2.5092145e-06,5.085154e-07,0.0003398991,1.8650555e-06,4.544534e-08,1.4121324e-05,2.2302027e-05,0.0011962593,0.0012437578,0.0031293824,1.2359185e-06,7.448441e-07,4.2818227e-10,2.3651845e-07,0.9938684,2.1029622e-08,2.0589286e-10,0.99856937,0.000405977,2.3413033e-05,0.97846824,2.86638e-06,2.9426433e-06,0.007817157,1.1220997e-06,0.0013772937,8.698538e-07,2.13342e-06,3.7266745e-06,6.8868294e-06,2.6679843e-06,4.0705756e-05,2.1723133e-06,2.722526e-06,3.2088699e-06,1.3133437e-07,5.294488e-06,1.038632e-06,2.6764561e-05,2.137259e-05,1.7375862e-06,6.3231137e-06,4.334323e-06,8.740898e-07,5.5187456e-07,2.9626358e-06,5.557385e-07,7.759983e-07,1.833899e-06,1.1975495e-06,2.040838e-06,2.062712e-06,4.2647494e-06,2.7563909e-05,1.0222839e-06,6.500903e-07,0.8079564,1.5849974e-07,1.1780397e-05,0.996833,1.6214672e-08,0.00011553863,0.9982412,0.94701385,0.0013817686,2.3835539e-05,4.4193373e-09,1.0842557e-09,8.123525e-07,4.0183934e-08,2.4262123e-08,2.5745086e-07,1.2377525e-05,2.6295535e-07,2.4709984e-06,1.3515661e-05,3.4172268e-07,1.8345238e-05,2.668816e-07,9.926996e-06,8.419657e-08,1.14442045e-07,3.2971417e-07,2.0366585e-07,1.0657685e-07,6.6689374e-08,1.6081178e-06,5.3269982e-06,2.0719565e-06,1.3001904e-06,2.104876e-06,1.1623987e-08,1.713255e-07,4.117548e-06,2.8924427e-07,2.30606e-08,1.3235376e-05,6.9667667e-06,1.2425495e-05,5.5364962e-06,1.0404089e-07,1.1064038e-05,3.6186975e-05,1.0047001e-05,3.8587655e-06,1.627336e-07,1.01089086e-07,1.8608893e-06,2.1055466e-06,6.3117653e-07,2.5546713e-06,8.2287235e-09,2.1938037e-07,2.1074752e-06,1.4690264e-06,2.1063922e-06,3.7501698e-07,1.9037573e-07,1.6717854e-06,2.7204292e-06,2.9132298e-05,4.6120792e-07,0.000109151515,1.2816653e-05,7.0282005e-07,9.026503e-07,3.4472662e-06,1.0940056e-07,7.0066576e-06,7.4420905e-09,1.7227647e-05,4.617941e-07,1.5713632e-06,9.3723656e-07,3.3095665e-07,7.881968e-06,3.6456862e-07,5.8512462e-08,1.7224817e-06,2.2513267e-07,2.6194966e-06,9.838696e-08,2.9040677e-07,1.0369442e-05,5.7065854e-06,5.819791e-07,3.8024346e-08,9.958465e-09,6.730107e-07,1.8228809e-07,3.6319477e-07,7.364767e-07,4.5760558e-08,8.237384e-06,1.3804743e-06,1.9857426e-08,2.5905337e-08,7.583841e-08,8.0233184e-07,5.4111155e-07,2.0369878e-06,1.6503128e-08,3.4799228e-07,7.153784e-07,4.2999407e-05,1.6100604e-07,1.6542808e-05,6.861322e-07,6.9970683e-06,5.3213466e-06,7.956561e-07,4.1837797e-08,5.636713e-07,4.9083763e-05,2.7425713e-06,8.28009e-07,1.7463229e-07,2.7271283e-06,6.9313646e-06,1.7710156e-06,5.2851618e-08,1.5847701e-05,1.7230927e-06,1.8313646e-06,1.2205247e-07,3.891478e-08,6.5721605e-07,1.8870877e-07,9.044427e-07,6.271456e-07,6.19334e-08,0.00012086415,3.6881613e-07,2.1456358e-06,6.5490855e-07,4.5258764e-07,6.051903e-07,9.617375e-06,2.910966e-08,2.6377415e-06,6.865753e-07,5.415364e-10,1.3838632e-06,5.651161e-06,1.16235815e-05,2.2983575e-06,1.5852464e-05,3.4544195e-07,3.2575406e-06,3.2295989e-06,1.6899417e-05,6.1575446e-07,3.0514834e-06,0.00041885814,0.00012465431,3.6582387e-07,2.3358987e-06,4.7524316e-07,5.2197936e-07,1.41310945e-08,4.115844e-06,8.934164e-07,7.249935e-09,2.1382606e-07,5.2151063e-05,3.4697798e-06,1.0911845e-06,1.8582298e-09,1.1968932e-05,8.324343e-08,3.0330888e-05,2.4312925e-07,1.4675646e-06
BC2026_Train_0035_S22_20211223_213000_045,2.8863797e-08,1.644745e-06,1.5252718e-07,0.00027630196,8.9954125e-07,5.149632e-08,4.055302e-05,1.7945777e-05,0.00019406859,0.0013044588,0.0015125674,6.29473e-07,4.4786202e-07,3.868282e-10,2.584432e-07,0.93682957,2.9067715e-08,2.2808744e-10,0.9993105,0.0018784765,2.8563178e-05,0.97806245,2.0394818e-06,3.549043e-06,0.002156568,2.8104728e-06,0.0018728542,1.3102506e-06,1.0769598e-06,4.717315e-06,3.843179e-06,2.4127912e-06,2.572865e-05,2.9065084e-06,2.2541183e-06,3.6962424e-06,1.7120348e-07,4.037038e-06,7.60374e-07,2.7412078e-05,1.8113107e-05,1.2528578e-06,4.232829e-06,3.3887113e-06,5.5438124e-07,4.0078345e-07,1.93555e-06,4.5555348e-07,6.118267e-07,1.3286075e-06,5.7838986e-07,9.748804e-07,1.0081245e-06,3.9044444e-06,1.9796482e-05,7.900481e-07,9.1931844e-07,0.7292302,2.0402082e-07,5.0953782e-05,0.9965984,1.921933e-08,2.3526398e-05,0.9967204,0.92660666,0.0015849726,1.1514654e-05,1.20151125e-08,6.048412e-10,1.203767e-06,3.212199e-08,3.361639e-08,9.535882e-08,1.0809217e-05,2.5709582e-07,3.7296898e-06,2.0427758e-05,3.0098334e-07,4.987104e-05,2.824577e-07,9.803337e-06,1.0186115e-07,1.5935822e-07,1.10472676e-07,3.2312855e-07,1.9972488e-07,3.9179845e-08,2.831508e-06,7.722821e-06,1.2793153e-06,1.6059444e-06,1.295775e-06,5.397651e-09,1.5080137e-07,3.90018e-06,3.834953e-07,5.008942e-08,1.6975464e-05,7.4474287e-06,8.461525e-06,2.7331549e-05,3.9314592e-08,9.860468e-06,9.2507624e-05,5.258268e-06,9.328597e-06,3.7389313e-07,1.35948e-07,1.0108702e-06,1.6665913e-06,1.8195722e-07,2.7216513e-06,1.9024354e-08,4.904623e-07,6.939632e-06,8.5052005e-07,1.9108197e-06,2.9102478e-07,2.4731997e-07,9.825359e-07,9.204191e-06,2.3039838e-05,1.0470187e-06,4.8178346e-05,1.8039704e-05,4.791853e-07,1.7021056e-06,2.379409e-06,1.3487629e-07,1.5810521e-05,3.0642406e-09,2.427937e-05,3.5095482e-07,9.727696e-07,1.7988706e-06,6.1777195e-07,6.4781557e-06,9.371812e-07,3.494352e-08,2.7447088e-06,9.779687e-08,1.8764648e-06,4.5895348e-08,6.890002e-07,2.9692334e-05,8.978297e-07,7.3673806e-07,1.6474697e-08,5.308032e-09,1.0818846e-06,1.5115356e-07,9.044076e-08,1.2587128e-06,4.2878256e-08,4.0287805e-06,2.6965495e-06,3.2359228e-08,8.513752e-09,1.2886665e-07,1.9189851e-07,1.9048214e-07,1.7289182e-06,2.8788474e-08,2.8707353e-07,1.1288272e-06,5.838673e-05,2.597387e-07,4.5906967e-05,7.30379e-07,4.064586e-06,4.6211844e-06,4.1109502e-07,3.4858914e-08,9.07297e-07,4.1583255e-05,9.250442e-06,7.908433e-07,2.3198912e-07,1.6459877e-06,3.5358507e-06,1.1476396e-06,4.4412246e-08,2.6805865e-05,4.4906096e-06,8.607619e-06,5.4981523e-08,1.350046e-07,2.8695447e-07,7.6786955e-07,1.9986503e-06,7.691441e-07,5.1922093e-08,0.00012559905,3.6682823e-07,1.8678056e-06,1.12986e-06,2.269105e-07,6.9233965e-07,4.2283864e-06,1.1218387e-08,2.0588225e-06,1.9861764e-06,1.4117805e-09,1.973159e-06,4.8222932e-06,1.2153239e-05,7.0467972e-06,1.6807482e-05,1.4811752e-06,7.949713e-06,3.1861002e-06,1.0162174e-05,5.095101e-07,2.5632614e-06,0.0004072011,7.3003444e-05,2.8837667e-07,6.954592e-07,2.4505997e-07,9.3084367e-07,7.902218e-09,5.5143437e-06,9.480349e-07,9.44973e-09,6.8494944e-07,4.7110978e-05,1.2121455e-05,1.995407e-06,2.784425e-09,4.6230534e-06,3.9082217e-08,3.7001348e-05,1.4696847e-07,1.8865311e-06
BC2026_Train_0035_S22_20211223_213000_050,8.1197776e-08,1.0857506e-05,1.7491864e-07,0.0005394321,4.536776e-06,2.0228971e-07,2.3430388e-05,1.0931314e-05,0.0005456619,0.00026413912,0.0013783508,1.931379e-06,4.7681715e-07,1.8109927e-09,4.6721308e-07,0.97705007,1.3792159e-07,1.0282987e-09,0.9995215,0.0060898745,0.00018523846,0.9946079,1.08854365e-05,1.0300372e-05,0.007014077,1.810551e-05,0.0005415649,1.7631558e-06,2.7474166e-06,2.0676496e-05,1.6888784e-05,9.0481535e-06,0.00012599549,7.5265402e-06,8.467207e-06,1.5779731e-05,4.924293e-07,1.6915717e-05,1.997151e-06,0.00013094423,5.0039114e-05,4.0292107e-06,1.9624638e-05,1.6621942e-05,2.636416e-06,1.988953e-06,1.0918363e-05,2.6053829e-06,3.3978079e-06,6.2999884e-06,5.216388e-06,7.9328165e-06,8.002478e-06,8.986341e-06,0.00012712725,9.072174e-07,2.9448358e-06,0.80655056,5.5748063e-07,4.8095208e-05,0.9987143,1.2239353e-07,0.00090369215,0.9993363,0.9311666,0.0014473081,3.113343e-05,1.8299346e-08,1.8117364e-08,1.4174954e-06,7.001395e-08,2.1229056e-07,7.616128e-07,2.1927297e-06,2.1376653e-07,5.8827527e-06,5.964547e-05,1.136179e-06,0.00013477965,6.009922e-07,3.4646804e-05,1.4648545e-07,3.6123478e-07,4.940833e-07,2.253611e-06,3.6793816e-07,2.3571953e-07,2.164422e-06,8.344798e-06,1.0574817e-05,9.292717e-06,4.199428e-06,7.4477136e-09,2.295892e-07,2.3555607e-05,1.6408878e-06,5.680446e-08,3.2814078e-05,1.9528958e-05,1.8200775e-05,5.8993304e-05,9.939077e-08,8.325705e-06,8.560203e-05,3.059385e-05,4.5484467e-06,1.0948546e-06,6.8732345e-07,3.197125e-06,4.1452818e-06,1.1002095e-06,4.041371e-06,3.1327826e-08,6.233545e-07,1.0574837e-05,2.8420588e-06,5.0242174e-06,1.8312737e-06,6.3905895e-07,4.7776207e-06,4.1355997e-06,0.00010064669,1.9350425e-06,6.599126e-05,1.0546737e-05,3.62103e-06,3.2268129e-06,4.0900236e-06,1.8109095e-07,2.5084079e-05,2.6900732e-08,7.0338065e-05,2.6981672e-06,3.4310865e-06,2.2439003e-06,5.8391324e-06,2.1590045e-05,2.3981052e-06,9.621567e-08,2.6113005e-06,5.8679547e-07,2.461152e-05,3.1978578e-07,1.4939002e-06,2.2381948e-05,9.410669e-06,1.2005604e-06,1.3131919e-08,1.4886799e-08,3.3676288e-06,2.9022266e-07,6.451691e-07,2.4068597e-06,6.74661e-08,7.4793293e-06,1.8481747e-06,3.4028808e-08,4.2613117e-08,1.4922313e-07,1.3376788e-06,1.3716583e-06,2.5569918e-06,5.3721607e-08,5.4814876e-07,1.354423e-06,0.00013568293,6.7893046e-07,2.2782804e-05,5.2481732e-06,7.736619e-06,6.870508e-06,6.523466e-07,5.971377e-08,4.3038303e-06,8.511632e-05,8.720118e-06,2.7719744e-07,1.837758e-07,9.771789e-06,5.9562526e-06,3.4133745e-06,1.7344075e-07,6.1837316e-05,6.7377246e-06,9.255473e-06,1.1329573e-07,1.0637233e-07,4.9460095e-07,1.2497039e-06,3.600671e-06,2.6641703e-06,1.0011203e-07,5.0793013e-05,5.7702186e-07,1.6652311e-05,1.5117807e-06,5.3051497e-07,1.616783e-06,6.369741e-06,3.359095e-08,3.7882935e-06,1.1239439e-06,3.633397e-09,1.2216735e-06,4.821842e-06,2.692171e-05,1.0710023e-05,3.4947218e-05,1.9228426e-06,2.013653e-05,8.574748e-06,7.8278434e-05,1.7567777e-06,5.425105e-06,0.00035962468,0.00012573409,8.231802e-07,2.6366147e-06,3.777752e-07,3.1780435e-06,9.1706916e-08,2.0062313e-05,5.721915e-06,2.8761253e-08,9.556563e-07,8.651647e-05,2.311883e-05,6.8493055e-06,2.023483e-08,1.7869184e-05,4.612615e-08,0.000105026396,1.1352984e-06,8.417122e-06
BC2026_Train_0035_S22_20211223_213000_055,2.1056112e-08,2.4259173e-06,1.491581e-07,0.00031569565,7.26969e-07,2.6608234e-08,0.00010466727,1.0121589e-05,2.1853331e-05,0.000646396,0.0010633599,1.065582e-06,3.4557638e-07,2.5021185e-10,9.649503e-08,0.80943143,6.371157e-09,1.4078216e-10,0.99829656,0.009901738,2.538733e-05,0.98140335,1.3433755e-06,2.1890148e-06,0.0005115055,7.502096e-06,0.000749505,4.4083785e-07,8.6583225e-07,3.6090253e-06,2.885356e-06,1.7827385e-06,4.402322e-05,2.7158692e-06,1.8870779e-06,3.7985094e-06,1.7512845e-07,5.735054e-06,5.690395e-07,4.080354e-05,1.4647048e-05,1.0320757e-06,2.807601e-06,3.1005575e-06,5.130103e-07,3.8448619e-07,2.6167277e-06,5.436321e-07,8.6592644e-07,1.77108e-06,5.89702e-07,9.540919e-07,1.0016262e-06,2.3989812e-06,2.9922121e-05,5.1466816e-07,9.95408e-07,0.6212403,1.6075442e-07,3.8819817e-05,0.9948384,2.4105521e-08,5.9195616e-05,0.99647695,0.9697202,0.0006369129,6.3941225e-06,1.4507209e-08,5.679671e-10,2.947247e-07,9.045884e-09,3.8705736e-08,7.144689e-08,3.7728623e-06,1.3163357e-07,1.6333265e-06,6.6029907e-06,4.134584e-07,2.7496146e-05,3.7705138e-07,1.1116678e-05,2.9239592e-08,8.987809e-08,5.340042e-08,1.8624362e-07,1.6335541e-07,4.1187512e-08,1.6661796e-06,5.914654e-06,3.5125256e-06,1.4454089e-06,7.3998416e-07,2.3051003e-09,1.7937285e-07,4.738236e-06,2.8079492e-07,2.1239885e-08,3.625336e-05,6.136264e-06,6.249549e-06,1.93434e-05,1.9461986e-08,4.5296165e-06,5.8396305e-05,4.784734e-06,1.0569805e-05,6.78601e-07,2.4471782e-07,1.4694566e-06,1.4946041e-06,2.8466872e-07,2.6900634e-06,1.4892849e-08,4.740893e-07,2.7966366e-06,8.01642e-07,2.4440394e-06,6.347579e-07,3.1560688e-07,9.3496556e-07,1.3008754e-05,4.134679e-05,4.4085465e-07,3.7816408e-05,1.4882557e-05,1.08681e-06,2.033888e-06,1.2594742e-06,7.115776e-08,7.2218772e-06,2.4352238e-09,6.64093e-05,6.5275236e-07,1.0941042e-06,1.4214254e-06,1.2978883e-07,5.2952e-06,5.025096e-07,4.020946e-08,3.91692e-06,5.8549297e-08,2.03707e-05,3.4380452e-08,5.426034e-07,1.4646279e-05,7.3304176e-07,8.7927083e-07,9.1427435e-09,1.2490214e-08,7.2866675e-07,3.226756e-07,4.791241e-08,5.6123713e-07,3.3114794e-08,2.8769152e-06,2.1092787e-06,5.4223253e-08,2.7863853e-09,1.3346762e-07,8.9584226e-08,2.916983e-07,2.8756835e-06,3.6149626e-08,4.617104e-07,9.634465e-07,2.758434e-05,2.495649e-07,2.530522e-05,2.3479494e-07,3.355165e-06,5.8791184e-06,2.3182014e-07,3.0158553e-08,2.1895742e-06,5.6990517e-05,1.9500987e-05,2.7861003e-07,1.3728068e-07,1.1243737e-06,1.8234961e-06,7.259865e-07,6.1824345e-08,4.4703196e-05,2.0328603e-06,1.9256556e-06,3.0067174e-08,6.1333054e-08,2.2365775e-07,4.785213e-07,1.8424608e-06,9.843667e-07,3.31622e-08,0.00038333036,4.2207537e-07,2.6939686e-06,6.739799e-07,2.3042801e-07,3.6425934e-07,2.6104865e-06,4.4520623e-09,1.1107468e-06,7.938319e-07,1.0088175e-09,6.353994e-07,3.0632336e-06,1.1271039e-05,2.3258044e-06,1.0310908e-05,8.2855007e-07,8.320799e-06,1.4740729e-06,2.1165662e-05,1.2679935e-06,2.4061346e-06,0.0007921703,5.116735e-05,1.6595762e-07,2.9413138e-07,1.17022076e-07,6.696079e-07,9.306615e-09,3.9886163e-06,1.189171e-06,2.1117607e-08,1.1268052e-06,4.1878422e-05,1.7827278e-05,7.899035e-07,9.835859e-09,4.471721e-06,1.5570226e-08,4.9823364e-05,1.3151124e-07,1.8323569e-06
BC2026_Train_0037_S22_20211226_021500_000,2.7589076e-05,0.00021742976,0.00010146135,0.02000668,1.580841e-05,3.3122782e-05,4.0083155e-06,0.0007998343,0.16088119,0.25509807,0.35186034,3.1275908e-06,0.00012771873,6.679923e-07,0.00030759085,0.8740525,9.832842e-06,4.957456e-07,0.5655842,0.00024964992,0.00014343264,0.033726186,0.00045262405,0.0001949802,0.079335056,3.0460398e-05,0.0040607876,7.168492e-05,0.0011814091,0.0008363138,0.0023937128,0.0002481527,0.0034228682,0.00012887274,0.00016194755,0.00020230027,1.3440967e-05,0.00011446318,0.0007985488,0.0001785719,0.0015683935,0.0009745386,0.0001754298,0.00036389296,0.00019823787,0.00015235665,0.00021559146,0.0001470315,7.05992e-05,0.000116505005,0.00011367481,7.2333074e-05,0.00012175219,0.001515541,0.00034894174,0.0001695347,4.0111976e-05,0.9229304,6.0862414e-05,3.6780202e-05,0.15087298,8.0828306e-07,0.004386541,0.5015246,0.007825053,0.00016483,0.0023324878,4.152661e-06,1.818656e-06,0.0005183756,1.409982e-05,2.6578755e-05,7.743517e-05,0.00030351203,2.2149841e-05,7.625787e-05,0.0034455261,8.722267e-05,0.00028224254,5.4647247e-05,0.00016106945,0.00051221345,9.773814e-05,0.00013860546,0.00013004162,0.00014420705,2.2113689e-05,0.007946568,0.00044344622,3.565853e-05,0.00016794873,5.5396296e-05,0.00019276435,2.4626357e-05,0.00015822153,3.2981414e-05,0.00010169043,0.00019672416,0.00041270128,0.0006753046,9.2000126e-05,5.883695e-06,0.0026881658,0.0017484807,0.00087851647,0.00019604727,3.840868e-05,2.6249159e-06,8.687237e-05,0.00018272708,5.485364e-05,0.00038970212,7.0341807e-06,2.04933e-05,6.215829e-05,2.5687705e-05,9.1313654e-05,2.7057015e-06,0.00063419796,0.00012773603,5.0065732e-06,0.0008236776,4.3540866e-05,0.0010690336,3.6067286e-05,2.742502e-05,3.3959597e-05,0.00015149469,0.00014368944,6.9348825e-05,1.4018825e-05,5.97928e-05,6.237103e-05,0.00016256254,8.799757e-06,5.2995897e-06,2.1982294e-05,0.00020799332,1.9002697e-05,0.00040883842,0.000116637944,1.5258149e-05,1.3339168e-05,2.118404e-05,6.8266054e-06,3.5333298e-05,2.1545064e-05,1.120955e-05,3.1900177e-05,0.000110282796,6.5389206e-05,8.9644534e-05,0.00032888574,2.7410953e-05,0.00010396886,0.000129718,9.404533e-06,0.00024434342,8.095219e-06,8.104086e-05,4.284644e-05,9.95289e-05,9.668149e-05,1.0845635e-05,0.00018942569,0.12025406,3.893033e-05,2.8108829e-05,2.026174e-05,0.0011182762,0.00027798937,0.00058371923,1.17120535e-05,1.757121e-06,0.00077869906,3.4239223e-05,8.408548e-05,6.845132e-05,1.9787534e-05,7.553348e-05,0.00021559515,5.8417918e-05,0.00032359594,6.531959e-05,0.00021323777,6.37759e-05,0.00013885932,0.0002665963,2.5951293e-05,7.846524e-06,0.0001277593,0.0018709992,6.852225e-05,0.00037870163,7.074625e-05,0.00019416261,5.3613538e-05,3.3799442e-05,0.000358168,3.453564e-05,0.00012849492,6.1495295e-05,3.1497484e-07,0.00011165436,0.00048822118,0.00025600987,0.00024359536,5.86433e-05,7.896911e-06,0.0011829333,4.3193555e-05,0.000340937,3.8872495e-05,0.0006359166,0.00060941937,0.018468756,8.439716e-05,2.0630661e-05,8.037614e-05,7.327605e-06,2.1658863e-05,0.00036603553,0.00012876293,3.7294694e-06,4.4135708e-05,0.0005122635,8.283929e-05,5.218896e-06,3.4286228e-07,0.00083471043,0.00068231,0.000102652615,2.7164026e-05,0.0004208511
BC2026_Train_0037_S22_20211226_021500_005,1.7904664e-05,6.888534e-05,1.2542995e-06,0.109988116,2.0829699e-05,1.7773419e-06,7.2290453e-07,0.00012364592,0.058258165,0.50679076,0.29025045,2.7291864e-07,8.526913e-06,7.0897514e-08,2.819783e-05,0.26157448,1.0525767e-05,5.0325475e-08,0.45462215,0.00014298678,3.89261e-05,0.020731794,7.342955e-05,2.9450879e-05,0.0035193942,2.175643e-06,2.2842565e-05,3.9390175e-06,3.9999788e-05,3.4111657e-05,0.0010934564,5.9281203e-05,0.0009724031,7.472278e-05,4.4560653e-05,6.8544075e-05,4.867643e-06,2.7947997e-05,0.00035643557,0.000102533064,0.000486611,0.0006501572,5.663279e-05,7.736602e-05,3.614238e-05,3.796401e-05,0.00011752641,2.8618933e-05,1.7176495e-05,2.7248814e-05,6.3347434e-05,4.1178337e-05,6.155837e-05,0.00045868813,0.00014306726,1.2716944e-06,2.1002577e-05,0.98269814,8.216498e-05,7.859143e-06,0.0056772465,4.009968e-07,8.126118e-05,0.9334483,0.0013732641,3.9214947e-06,0.00061208423,2.2603945e-07,8.177632e-07,8.853343e-06,3.2096502e-06,8.145268e-06,1.2507205e-05,1.8339342e-05,4.5466513e-06,3.5415298e-06,0.00029483088,7.371551e-05,0.00010780493,3.3063294e-05,3.0821415e-05,1.9054287e-05,3.2725635e-05,4.3266123e-06,7.616654e-06,3.6322643e-05,1.3194353e-06,0.00045241593,0.00037518778,4.5222528e-06,0.00020759253,1.48066065e-05,4.430033e-05,2.1170192e-06,7.138238e-05,3.0421934e-05,5.390087e-05,1.0297681e-05,0.00014571814,0.00012448375,2.4971374e-05,2.3355801e-06,0.00054898503,0.0010388052,0.00060831534,3.1648644e-05,1.8448818e-05,1.1977528e-06,7.984352e-06,3.715179e-05,8.302148e-06,0.00043052304,7.351979e-06,2.1229178e-05,2.1447955e-05,2.0664078e-05,1.8165763e-05,4.3285917e-07,7.956413e-05,1.2850641e-05,9.366423e-07,5.6602123e-05,3.3395165e-05,0.00019147164,3.0036304e-06,2.3076978e-05,1.6957479e-06,2.7863667e-05,8.128289e-05,8.084689e-05,1.1018349e-06,6.798482e-05,2.2099206e-05,1.594451e-05,3.481899e-06,4.5274446e-06,2.1069206e-06,8.597622e-05,5.9961363e-05,0.00022435005,5.1982894e-05,2.3450611e-06,5.0036233e-06,6.440788e-06,3.7062281e-07,9.096146e-07,1.7322076e-05,2.0120972e-06,2.7574963e-06,1.2419238e-05,5.51881e-06,1.8094548e-05,7.75799e-05,6.234177e-05,5.003905e-06,2.871196e-05,7.639154e-06,3.2863838e-05,1.0497492e-06,1.0017112e-05,6.5735316e-05,9.2278824e-05,1.5716385e-05,2.5069182e-06,6.457976e-05,0.6187247,1.4893119e-05,1.2560923e-05,2.8106685e-06,6.615433e-05,4.4937806e-05,8.659843e-05,1.3326899e-05,5.7561983e-06,7.748282e-05,7.667349e-06,0.00024554454,2.1182259e-05,2.2080526e-06,1.0466663e-06,6.216178e-05,8.65443e-06,5.8664842e-05,2.297921e-05,9.927193e-05,4.6518166e-05,4.983006e-05,3.7926085e-05,8.248476e-06,9.0697085e-06,4.480874e-05,6.0130053e-05,7.646248e-05,0.00049125013,6.3183456e-06,0.0001022702,6.569662e-06,2.957055e-06,4.53475e-05,5.2102628e-06,4.263584e-05,3.047885e-05,3.6005943e-08,2.534565e-05,7.458282e-05,2.1527996e-05,6.0082995e-05,5.5878486e-06,1.624209e-05,8.0657774e-05,1.1497107e-05,9.9720855e-06,4.861932e-06,0.0007516487,0.0014288512,0.04557704,2.1586196e-05,6.121172e-06,8.430611e-06,5.9782593e-07,2.3047553e-05,6.546264e-05,4.790137e-05,1.0090884e-06,2.7192069e-05,8.127901e-05,0.00010983989,4.573797e-06,5.9387332e-08,0.00016528468,3.285027e-05,1.636314e-05,2.1955211e-06,0.00011324917
BC2026_Train_0037_S22_20211226_021500_010,3.294908e-06,2.0288035e-05,3.4460923e-06,0.005210658,7.5610355e-06,3.410458e-07,1.8947209e-07,0.00015373512,0.30295005,0.025400162,0.040117774,9.227979e-08,1.821216e-06,1.2595092e-08,3.6916193e-05,0.9849007,4.3051008e-07,9.368576e-09,0.7282657,1.34879265e-05,1.0568576e-05,0.024602415,1.1477663e-05,1.9677074e-05,0.07883939,1.19130554e-07,0.0020578033,3.503081e-07,4.9280798e-06,3.4515492e-06,0.0004295443,1.9302657e-05,0.00051907427,1.7724751e-05,1.4531237e-05,1.9325422e-05,1.670767e-06,1.8830919e-05,9.617319e-05,3.0466847e-05,0.00026594108,0.00014248972,2.5572266e-05,2.6406826e-05,1.7418053e-05,1.5366793e-05,4.022003e-05,8.266674e-06,5.5153696e-06,1.8786077e-05,1.9683303e-05,9.950625e-06,1.8693665e-05,0.00021149681,8.079772e-05,2.9600799e-06,6.1967594e-06,0.9453752,8.7317085e-07,7.2470476e-07,0.04810115,8.091393e-08,7.012703e-05,0.5653955,0.0021081113,2.9686584e-05,0.000112256464,1.5630512e-08,8.565111e-08,4.3946416e-06,2.21918e-06,2.84e-07,2.0947688e-05,4.865534e-05,1.257922e-06,1.918421e-06,0.00058023434,1.31603e-05,2.0467694e-05,7.935473e-06,1.0667191e-05,1.46928805e-05,8.044511e-06,8.804323e-06,1.1690199e-06,1.0975102e-05,8.057004e-08,0.00031448473,5.7390764e-05,1.4699262e-06,1.51352815e-05,5.4661637e-06,4.9864884e-06,2.739403e-07,2.1417376e-05,2.0224827e-05,1.3514862e-05,3.8021437e-05,9.321936e-06,0.00010968122,1.0218158e-05,1.8235447e-06,0.0002884312,3.0559266e-05,0.0001282276,1.2867588e-05,1.2870984e-06,3.642673e-07,2.6873233e-05,4.2225303e-05,8.797802e-06,1.155875e-05,2.524087e-07,1.1717746e-06,6.306468e-06,6.0934253e-06,2.1859209e-05,1.5482236e-07,1.34856755e-05,7.64279e-06,4.5188463e-07,0.00016403508,3.3590936e-06,0.00025437408,6.3249195e-07,1.9749019e-05,9.64145e-07,5.3317915e-05,9.501488e-06,4.2324777e-06,3.2188908e-07,1.7622546e-05,1.6622007e-06,6.3335225e-05,7.6900693e-07,1.0119717e-05,1.4178415e-06,7.776743e-06,2.8706284e-06,2.3961114e-05,1.1321228e-05,6.667824e-07,2.8136347e-07,4.3311616e-06,3.8824084e-07,3.007033e-05,1.5094801e-06,1.2242252e-06,8.4741833e-07,6.442195e-06,2.2814331e-06,7.4110967e-06,1.0923957e-05,1.2328555e-06,1.8153745e-05,3.2939627e-06,4.5650762e-07,0.00032712866,8.315725e-07,1.5045913e-05,5.025464e-06,1.3151291e-05,3.048611e-07,3.145834e-07,8.67426e-06,0.004742305,1.6749037e-06,4.736248e-06,1.2811771e-06,0.00013078377,1.9831836e-05,3.802053e-05,1.9751187e-06,1.3044438e-07,0.0003336046,5.1044667e-06,2.5358004e-05,1.9531228e-06,1.0150095e-06,5.039743e-07,5.3238764e-05,3.3437425e-06,4.2597312e-05,9.009622e-06,1.9850018e-05,1.00680345e-05,7.804208e-07,2.456631e-05,7.3050427e-07,2.8820153e-07,6.6020198e-06,8.0946564e-05,2.099651e-05,4.0421284e-05,5.4558363e-06,7.2697085e-06,9.15908e-06,2.122854e-06,0.00011266913,3.777006e-06,6.7793358e-06,8.2980725e-05,4.8192654e-09,1.3980435e-06,2.7741147e-05,5.4594952e-06,2.0253818e-05,5.98511e-06,5.5511606e-07,1.9772595e-05,3.6444144e-06,1.3398555e-05,1.8393023e-06,0.00013660034,7.519893e-05,0.007549245,1.5553727e-05,8.475141e-06,5.4705488e-05,1.17665316e-07,1.491638e-06,0.00013403999,3.2871234e-05,3.555082e-07,3.432186e-06,6.7562345e-05,1.4747741e-05,8.9512974e-07,1.2640819e-08,0.00015447086,8.326116e-05,1.5293956e-05,8.200226e-07,1.0229439e-05
BC2026_Train_0037_S22_20211226_021500_015,4.909996e-07,1.918034e-05,5.7554022e-08,0.049078375,5.137573e-06,1.3259086e-07,3.842336e-08,2.0954021e-05,0.72139156,0.12764494,0.33034655,6.301559e-08,8.2220186e-07,2.7173002e-09,3.685623e-06,0.97006464,1.7882963e-06,2.2936888e-09,0.8446251,7.2933185e-06,9.777923e-06,0.10759412,2.5649535e-06,2.5273916e-05,0.009744452,1.3033155e-08,3.3367505e-05,6.094089e-08,1.0752502e-06,5.4900593e-06,0.00071062974,1.1488964e-05,0.0007565207,2.1805823e-05,1.3536556e-05,1.0566429e-05,3.9815828e-07,7.0819447e-06,0.00012864191,3.792855e-05,0.00040612568,0.00023678895,5.562e-05,1.2274565e-05,1.5324718e-05,1.4447526e-05,4.787164e-05,1.0063446e-05,3.7167654e-06,8.203408e-06,2.6779904e-05,1.6350754e-05,2.6078986e-05,0.00046324896,8.477335e-05,1.5345235e-07,4.3461528e-06,0.9939976,3.7584368e-06,1.1426248e-06,0.02289318,2.8763532e-07,8.323688e-05,0.9817504,0.00042841013,3.1980885e-06,0.00016009957,1.1316854e-09,3.747102e-07,2.2673464e-07,3.411356e-07,1.01378525e-07,2.7085648e-06,3.2877412e-07,4.1700213e-07,9.674359e-07,8.361971e-05,4.235118e-06,2.3898014e-05,3.9385327e-06,6.1278483e-06,3.7697876e-06,2.3320567e-06,1.1341134e-06,6.253003e-07,2.7369458e-06,5.1148227e-08,0.00029110932,1.0801942e-05,1.4917973e-07,1.9666417e-05,1.1828889e-06,1.080131e-06,3.373381e-08,2.3869225e-06,1.2120266e-05,1.9114063e-06,1.4857732e-06,7.910493e-06,2.1859709e-05,5.4416764e-06,6.848939e-07,6.1917024e-05,0.00013507273,0.00021648129,9.864002e-07,1.8446798e-07,2.9299585e-07,5.525662e-06,1.217333e-05,4.93545e-07,1.3077852e-05,1.7519862e-07,1.7532564e-07,2.0192037e-06,4.6973023e-06,3.530638e-06,2.3069136e-08,2.7118783e-06,1.868593e-06,8.627876e-08,4.882898e-06,4.651729e-06,6.84888e-05,2.3874637e-07,1.5455018e-05,1.5405264e-07,5.7101297e-06,1.2768982e-06,9.1110605e-06,4.9171412e-08,7.601611e-06,3.19719e-07,2.8657103e-06,6.2260824e-07,6.4600426e-06,4.329318e-07,4.3375194e-06,4.578052e-06,9.397503e-06,2.7030172e-05,8.886809e-08,6.922585e-07,2.2228207e-06,2.0585976e-07,5.450067e-07,5.819742e-06,1.3877167e-07,7.935512e-08,1.6678729e-06,5.976025e-07,2.8072934e-06,4.789404e-06,2.1039227e-06,1.5506839e-06,1.1242998e-05,1.1567847e-07,1.7567509e-05,1.4232313e-08,1.5385401e-06,4.3940504e-06,9.841435e-06,5.0698617e-08,1.2796248e-07,9.346454e-07,0.043077257,1.6904792e-07,3.0825313e-06,2.7970607e-06,1.7996352e-05,4.008736e-06,3.041112e-06,4.140629e-07,1.3627537e-07,4.3083262e-05,5.056805e-07,7.2991284e-06,2.5548343e-06,1.2948461e-06,7.181195e-08,8.808389e-06,5.07742e-07,1.37973275e-05,3.4136121e-06,3.675555e-05,6.70795e-06,8.5250394e-07,7.565097e-06,6.6706735e-07,1.1125926e-06,2.666865e-06,2.3710481e-06,2.6684754e-06,2.6879332e-05,9.495178e-07,1.533001e-05,6.393601e-07,8.997179e-07,6.9337843e-06,2.2718986e-07,1.5604364e-06,1.96703e-05,1.1903722e-09,1.3591277e-06,4.5816428e-06,5.7512825e-06,1.3889198e-05,3.2164147e-07,2.8713046e-07,7.258631e-06,1.5123577e-06,1.8525052e-06,3.270616e-07,2.9741528e-05,0.00022195283,0.0013534261,7.944272e-07,3.8182384e-06,4.840936e-06,8.030937e-08,8.4629164e-07,3.9276645e-05,2.3619941e-05,5.5400914e-08,3.0919527e-06,9.017805e-06,6.8680706e-06,2.0574925e-07,1.4211669e-08,8.794057e-05,4.0357904e-06,4.362971e-06,5.272838e-07,2.2325945e-05
BC2026_Train_0037_S22_20211226_021500_020,5.5553783e-06,4.560763e-05,1.0597436e-06,0.019030428,1.4298385e-05,7.477158e-07,2.0955915e-07,3.220173e-05,0.82304764,0.057898134,0.05566599,2.6921938e-07,3.280129e-06,1.9203354e-08,5.9041482e-05,0.9917685,2.5993297e-06,1.4048322e-08,0.870404,1.4126738e-05,2.1227337e-05,0.12900765,6.294109e-06,5.909049e-05,0.11598063,5.5610116e-08,0.00022717653,3.4843097e-07,3.536768e-06,1.0858967e-05,0.0014181668,4.1271276e-05,0.0017125868,5.141352e-05,2.9840565e-05,4.612251e-05,2.8769346e-06,1.9934723e-05,0.000298986,9.15633e-05,0.00069196505,0.00042773297,9.173022e-05,5.143775e-05,4.24548e-05,3.3043532e-05,7.711404e-05,2.4972254e-05,9.828464e-06,2.3745286e-05,5.413773e-05,2.6597745e-05,5.2105923e-05,0.0008373807,0.00019642447,1.3450651e-06,2.2285827e-05,0.9859351,5.950285e-06,3.995511e-06,0.06596335,4.907276e-07,0.00025924103,0.86452,0.0015810123,2.355116e-05,0.0004226835,8.078066e-09,1.2006749e-06,2.4610222e-06,1.8157722e-06,1.3436318e-06,1.3174978e-05,4.392308e-06,1.4842096e-06,3.107019e-06,0.00031731298,6.3575912e-06,5.1174084e-05,6.755444e-06,1.5175287e-05,6.153096e-05,5.891488e-06,1.4061791e-05,3.2801543e-06,7.400904e-06,1.4218453e-07,0.0007805378,2.4177822e-05,9.930015e-07,2.6583468e-05,2.900198e-06,3.5671153e-06,2.53443e-07,9.576602e-06,2.3605347e-05,7.908071e-06,8.1773505e-06,1.3859256e-05,9.128997e-05,2.2237782e-05,2.5028187e-06,7.7817e-05,5.8120197e-05,0.00010643912,5.8922355e-06,7.3296985e-07,1.1128907e-06,4.2485626e-05,6.8669826e-05,4.245231e-06,1.4626528e-05,5.248661e-07,6.3012044e-07,1.13637925e-05,1.6687745e-05,1.5613457e-05,2.0278304e-07,1.231019e-05,1.2383677e-05,3.285309e-07,3.1969277e-05,6.1023807e-06,0.00011993103,2.5583182e-07,2.6795411e-05,3.7380187e-07,1.4841878e-05,8.0329655e-06,2.1799879e-05,3.1653045e-07,5.7862107e-06,1.428583e-06,3.9675724e-05,1.3995764e-06,6.88749e-05,1.1256354e-06,1.10602305e-05,4.3699833e-06,9.587038e-06,3.579601e-05,4.1106128e-07,3.5839837e-06,7.5415633e-06,5.1537836e-07,7.094146e-06,6.4387737e-06,7.612955e-07,3.759813e-07,3.892243e-06,2.6909001e-06,1.51464e-05,7.863408e-06,1.2452117e-06,1.0922185e-05,4.119072e-06,1.4628066e-07,0.0007180688,3.1922727e-07,9.381314e-06,1.5810145e-05,2.3229995e-05,2.0833942e-07,3.2776416e-07,2.7391573e-06,0.00660232,4.0165628e-07,6.672858e-06,9.288897e-06,0.00014804343,1.6795962e-05,1.25344895e-05,1.6184613e-06,2.9507174e-07,0.00056244823,2.362737e-06,1.2505846e-05,6.650064e-06,2.2151562e-06,1.7299887e-07,4.4588065e-05,8.046467e-07,3.203187e-05,6.250848e-06,9.714208e-05,2.4622623e-05,2.7243962e-06,2.8238277e-05,1.745948e-06,1.002997e-06,4.3608707e-06,1.3232866e-05,1.4534646e-05,0.00021481808,8.877363e-06,8.061614e-06,4.8953934e-06,4.963847e-06,2.0334872e-05,1.3522123e-06,1.0519536e-05,5.7360732e-05,2.1026091e-08,2.524658e-06,1.1616977e-05,8.907723e-06,7.054267e-05,1.9770373e-06,3.734673e-07,3.3496304e-05,8.057464e-06,2.6279382e-05,1.2739133e-06,5.7532583e-05,8.6273845e-05,0.0012878138,4.7749922e-06,1.8912211e-05,3.4884753e-05,2.56477e-07,3.1910326e-06,0.00024958185,6.467319e-05,9.356309e-07,1.5523143e-05,3.0863008e-05,2.7965703e-05,1.1853588e-06,3.592411e-08,0.000192597,5.4874043e-05,6.932382e-06,1.1190966e-06,2.6543139e-05
BC2026_Train_0037_S22_20211226_021500_025,5.083887e-06,3.4641653e-05,1.8848891e-06,0.004757437,9.144661e-06,3.3577262e-06,3.1846955e-07,1.9112233e-05,0.94735545,0.0026749936,0.0056004813,8.97162e-07,4.2474967e-05,4.465919e-08,6.455128e-06,0.9954521,2.0472298e-06,2.7544024e-08,0.99533856,1.296224e-05,0.00045158947,0.032083444,0.00038875092,4.0684725e-05,0.024680443,4.287857e-06,0.000956663,3.6583776e-07,5.385345e-05,1.1916144e-05,0.00027012892,6.282596e-05,0.0005512444,4.3771506e-05,2.089392e-05,8.3896775e-05,4.1989315e-06,1.9511124e-05,6.9609734e-05,0.00014090283,0.00017987564,0.000115914256,3.7336056e-05,9.1157584e-05,1.970387e-05,2.3184271e-05,3.994398e-05,1.3537474e-05,7.775727e-06,1.828095e-05,3.0805753e-05,2.394565e-05,2.883456e-05,0.00014803102,0.00022925869,1.5547605e-06,3.7838523e-05,0.9641627,2.3437206e-05,2.8598828e-05,0.42378354,6.076702e-07,0.00033402658,0.8986342,0.0007377171,0.00016104442,0.00025895322,1.0935106e-08,1.7356898e-06,1.285869e-06,6.9598004e-06,2.2946278e-06,1.5711545e-05,3.6326512e-06,4.4689496e-06,3.154445e-05,0.0010158129,8.919326e-06,3.018586e-05,2.0560326e-05,7.909346e-05,3.857647e-06,3.2387345e-06,2.5095109e-05,4.0765462e-06,1.6843723e-06,4.359303e-06,0.00014107599,0.00010861162,1.3350419e-05,0.0021071525,2.11237e-05,1.9030668e-06,2.785123e-07,0.00024681012,3.2572854e-05,3.4600946e-06,1.8411101e-05,2.0777698e-05,0.00063183124,4.644401e-05,6.0313437e-06,0.00066903856,2.2655062e-05,0.00033528812,8.064012e-06,2.9880455e-06,7.824345e-07,2.4081795e-05,4.195609e-05,4.822307e-06,3.519867e-05,4.1466907e-07,2.2859654e-06,5.100573e-06,9.141723e-06,5.8282374e-05,2.1568589e-07,1.3692711e-05,2.5781112e-05,3.9196925e-06,3.875531e-05,7.651424e-06,0.00040888478,1.7060172e-06,9.405671e-06,1.3266539e-06,0.0007763004,1.0230064e-05,0.00051540765,1.9934764e-06,2.6766984e-05,1.1727651e-06,4.4319063e-06,1.4258528e-06,2.8354554e-05,2.536815e-06,3.982645e-05,4.5521306e-06,8.565668e-06,3.2860455e-05,5.6918446e-07,5.1218274e-07,8.3442565e-06,3.9646304e-07,2.4718072e-05,1.0346911e-05,1.1155058e-06,2.191746e-07,3.7368114e-05,3.8578014e-06,3.067037e-06,3.9161972e-05,1.5083669e-05,6.7991634e-05,2.266941e-05,4.956898e-08,6.742261e-05,5.7715893e-06,6.0431725e-05,0.00012128823,2.4728071e-05,6.0366506e-07,3.1278609e-07,1.3808929e-06,0.035406414,1.593336e-06,5.776728e-05,8.38915e-07,0.00010426005,5.0212773e-05,4.3528617e-05,2.718152e-06,5.7105257e-07,0.0010524703,7.929926e-05,4.198731e-05,2.008283e-05,6.0214757e-06,2.8531854e-06,8.736468e-05,1.4151115e-06,2.667039e-05,4.784115e-05,4.8669914e-05,1.9527151e-05,2.2674144e-06,1.9104506e-05,1.772142e-05,1.2802942e-06,4.049813e-06,2.4065723e-05,3.5818746e-05,0.00010398423,6.0064153e-06,3.372825e-05,4.0210844e-06,7.471095e-06,2.9811212e-05,5.4333946e-06,8.02791e-06,0.0027768563,3.672177e-08,9.495627e-06,8.119209e-06,1.1988754e-05,3.126637e-05,5.0639123e-06,8.5583724e-07,2.3292841e-05,3.3214892e-05,0.000353614,1.415785e-06,0.00071945414,5.794338e-05,0.0021578409,2.3319233e-06,9.258988e-05,3.0420513e-05,1.313437e-06,1.7703182e-06,0.00020082161,4.5341407e-05,6.0321963e-07,1.1220525e-05,0.00038219843,2.2230193e-05,3.1591212e-06,1.6633864e-08,0.00032791487,4.0306422e-05,1.2325178e-05,4.6326343e-07,3.712477e-05
BC2026_Train_0037_S22_20211226_021500_030,1.7567005e-06,1.825071e-05,5.338647e-07,0.0018123888,4.1367634e-06,1.6468341e-06,2.0832192e-07,9.35354e-06,0.81000614,0.0042995247,0.0031840557,2.935393e-07,4.9454666e-06,1.253097e-08,6.1647875e-06,0.9983884,1.099878e-06,7.651194e-09,0.9990441,4.7707044e-06,7.9636775e-05,0.06410454,0.00014263002,3.6223606e-05,0.10086948,3.348777e-07,0.0015545691,1.6354838e-07,1.7584587e-05,3.276746e-06,0.0002064085,2.8522863e-05,0.00045615912,2.2098993e-05,1.1449108e-05,2.7579395e-05,2.143809e-06,1.3735714e-05,4.244869e-05,7.625583e-05,0.00018166806,6.45507e-05,3.8262486e-05,4.398768e-05,1.2174364e-05,1.148444e-05,2.4784047e-05,9.109635e-06,4.8032825e-06,1.117514e-05,1.7575987e-05,1.52308585e-05,1.7797822e-05,0.00012832301,0.00014216929,9.6299e-07,1.7904016e-05,0.9528518,3.4554582e-06,9.2748405e-06,0.28940725,1.3355013e-07,9.515931e-05,0.8191244,0.0004882898,0.00075352733,0.00015199881,1.956455e-09,5.3446075e-07,3.9602244e-07,1.9906174e-06,2.762092e-07,7.1402997e-06,7.48517e-07,2.0443306e-06,1.1924021e-05,0.0005639446,2.169783e-06,4.5808003e-05,3.967357e-06,4.892432e-05,3.5617884e-06,2.319894e-06,2.4453486e-05,1.0477748e-06,1.1386587e-06,7.2372677e-07,6.770494e-05,3.9912986e-05,3.3878775e-06,4.6802583e-05,9.386782e-06,7.411248e-07,1.5133212e-07,6.1029976e-05,1.6752994e-05,9.557339e-07,1.4985197e-05,8.22863e-06,0.00015401111,3.257509e-05,6.1028054e-06,0.000100440084,1.01937285e-05,0.0001207933,6.594149e-06,1.0157407e-06,7.8145845e-08,5.259637e-05,8.4575855e-05,2.320202e-06,8.904563e-06,1.2265411e-07,3.5502978e-07,5.244541e-06,7.657177e-06,2.195349e-05,1.5201138e-07,2.4152475e-06,9.336287e-06,1.3351782e-06,1.8535902e-05,4.8652114e-06,0.00020368666,7.796524e-07,4.4632766e-06,3.484522e-07,0.0003410919,2.5062059e-06,0.00017331443,3.0472708e-07,1.891306e-05,2.2087426e-07,5.2877917e-06,5.9240193e-07,2.654909e-05,1.9204033e-06,1.0045419e-05,1.5724771e-06,2.107606e-06,1.7060618e-05,1.6714587e-07,5.4641754e-07,3.8159087e-06,1.8262983e-07,4.252693e-05,8.646765e-06,4.7520555e-07,1.3808229e-07,1.3831607e-05,1.6405327e-06,2.634212e-06,1.5295662e-05,2.7087226e-06,3.3292716e-05,1.0408112e-05,1.0592303e-08,6.510859e-05,1.177051e-06,3.665006e-05,2.4855266e-05,1.5076161e-05,1.1259216e-07,1.4263011e-07,7.2701613e-07,0.013744924,7.7016364e-07,1.5946987e-05,1.7898985e-06,5.788799e-05,2.8616398e-05,9.737908e-06,1.114435e-06,2.1836864e-07,0.00042374982,1.782755e-05,6.5239165e-06,5.808209e-06,5.8208966e-06,1.1275425e-06,4.727083e-05,5.617314e-07,2.3777602e-05,3.1752515e-05,1.7582324e-05,1.564565e-05,4.756354e-07,2.0314113e-05,4.471593e-06,1.0620039e-06,2.1262822e-06,4.516219e-06,9.740723e-06,5.9667604e-05,7.229953e-06,1.6158214e-05,1.4164603e-06,5.156368e-06,1.5811396e-05,2.0316177e-06,1.0395245e-05,0.0005458294,1.2648754e-08,3.6268325e-06,3.2519938e-06,1.0798409e-05,1.2404373e-05,3.6118006e-06,2.0809438e-07,1.1418021e-05,1.5131846e-05,0.00010249338,4.4671714e-07,0.0003395532,5.9007936e-05,0.0005296736,1.6313093e-06,0.00010557696,1.5184146e-05,3.9015714e-07,5.626402e-07,0.000121933546,3.1836084e-05,2.4455102e-07,3.4096429e-06,0.00030510128,5.982217e-06,1.6142008e-06,8.21107e-09,0.000588868,1.649753e-05,1.1550661e-05,9.062956e-07,1.719557e-05
BC2026_Train_0037_S22_20211226_021500_035,6.0792336e-06,4.579211e-05,2.8735644e-06,0.004574442,1.3943079e-05,4.518153e-06,2.3754224e-07,1.5347958e-05,0.8484446,0.001977587,0.012009217,1.1747228e-06,5.769075e-06,5.0079677e-08,3.6012843e-05,0.9987382,2.828051e-06,4.007387e-08,0.96719813,5.799762e-06,3.7343496e-05,0.15079688,5.7072804e-05,7.000015e-05,0.25497508,3.2672244e-07,0.000801778,9.4724857e-07,1.6513193e-05,3.4959718e-05,0.000396346,6.018139e-05,0.0007766955,4.029966e-05,3.5186185e-05,5.506244e-05,4.8914035e-06,1.9031912e-05,7.3132906e-05,9.987973e-05,0.00023083267,0.00016473085,9.5477626e-05,6.973491e-05,4.5591194e-05,4.152512e-05,6.756196e-05,2.9193761e-05,1.0248519e-05,2.346599e-05,5.1683055e-05,3.200924e-05,6.213855e-05,0.0002510058,0.00026090807,2.0815028e-06,2.7195365e-05,0.9618397,5.5270743e-06,5.9427543e-06,0.15459931,6.6492754e-07,0.0011022368,0.9625691,0.0015450448,0.00016891831,0.000115724404,1.7105247e-08,1.2657488e-06,3.434383e-06,2.4680803e-06,1.5801875e-06,1.6414528e-05,2.2718125e-06,1.3929078e-06,4.3495133e-05,0.0006211329,9.822926e-06,0.00019469428,1.1154068e-05,0.00015690348,0.00014559369,6.348188e-06,8.261359e-05,1.8591792e-05,1.1543272e-05,1.946284e-06,0.00057638565,4.2911946e-05,6.8598883e-06,8.629656e-05,2.2674472e-05,2.2330025e-06,1.5787791e-06,0.00012347096,1.9646246e-05,3.9856127e-06,1.539936e-05,1.4002616e-05,0.0002233891,9.762804e-05,5.9528907e-06,0.00012063791,9.8560165e-05,9.937972e-05,2.8281693e-05,1.43395e-06,6.063098e-07,6.18287e-05,0.00010660266,5.3515255e-06,1.6585585e-05,1.5174734e-06,6.2301393e-07,8.025987e-05,2.953568e-05,1.526921e-05,4.7198526e-07,2.1616293e-05,4.0762665e-05,4.5294775e-07,1.7461261e-05,2.1871636e-05,0.0003266587,2.5676704e-06,4.3242107e-05,2.8221993e-06,7.362587e-05,1.1180033e-05,7.425057e-05,2.1284754e-06,1.473856e-05,2.995555e-06,2.0503172e-05,3.6448491e-06,0.00030315568,4.2231754e-06,1.5749843e-05,6.5455038e-06,6.9736398e-06,0.00010642389,3.1732688e-07,8.032115e-06,9.868163e-06,1.6982223e-06,3.2454467e-05,1.3808054e-05,1.971733e-06,1.2613276e-06,8.913816e-06,1.4197239e-05,1.7246139e-05,1.787099e-05,3.7527777e-06,7.025809e-05,2.0930534e-05,8.843488e-08,0.00042218133,1.3454423e-06,9.959953e-05,3.875605e-05,2.635176e-05,2.6303007e-07,5.638326e-07,3.8002165e-06,0.005779805,1.0771386e-06,2.585382e-05,3.5694047e-05,0.0005875822,4.625968e-05,1.7554326e-05,1.3976436e-06,2.9581756e-07,0.0011524936,4.8463867e-06,2.5731866e-05,2.314656e-05,4.7298203e-05,3.1057837e-06,4.9468665e-05,1.0652436e-06,0.00013939288,2.1095677e-05,0.00012292563,4.1056624e-05,3.2446799e-06,0.00015387723,3.1500506e-06,3.220326e-06,1.0962027e-05,1.3963837e-05,2.120941e-05,2.7873526e-05,3.1112802e-05,2.1705904e-05,4.0969217e-06,1.0770856e-05,5.0083127e-05,2.268628e-06,2.0690755e-05,0.00041011933,7.1356865e-08,5.3481276e-06,1.2953305e-05,5.3877135e-05,0.00011212916,2.454904e-06,1.2817638e-06,4.8956004e-05,3.3319044e-05,0.00011404048,4.278788e-06,0.00020882075,3.0026431e-05,0.000728363,1.0635489e-05,7.887443e-05,3.752674e-05,4.8847795e-07,1.4071755e-06,0.00017177436,4.2281794e-05,1.335964e-06,1.311297e-05,0.00016736396,2.2946515e-05,3.1551224e-06,1.9199935e-07,0.00071018597,0.0001750208,3.7100348e-05,2.8135219e-06,3.17886e-05
BC2026_Train_0037_S22_20211226_021500_040,2.0798427e-07,3.1547766e-06,2.809353e-07,0.00084738847,3.1047707e-06,1.10333275e-07,5.9954225e-08,2.3541381e-06,0.92686975,0.00086386583,0.010989005,5.0378016e-08,1.0728686e-06,8.710611e-10,3.7131304e-07,0.692576,1.4629308e-07,4.4619888e-10,0.9249631,2.2553568e-06,3.229864e-06,0.09473621,1.0756916e-05,3.5827948e-06,0.0071757506,1.8719574e-07,3.0886884e-05,3.000027e-07,1.7933346e-06,6.530706e-07,4.1182735e-05,4.977333e-06,5.7110585e-05,6.245735e-06,2.9879343e-06,6.6218136e-06,4.656926e-07,1.9593579e-06,5.580185e-06,1.6791862e-05,2.5476049e-05,1.9242594e-05,9.899806e-06,5.5713003e-06,2.0233092e-06,1.8159004e-06,5.177897e-06,9.976013e-07,4.1520013e-07,1.0548885e-06,5.045282e-06,4.5484944e-06,6.9361113e-06,2.4165787e-05,3.1610518e-05,5.2105424e-08,2.0046616e-06,0.9846698,2.6909157e-07,2.7299204e-06,0.6988339,1.7102506e-08,1.9126071e-05,0.99864966,0.0022074613,1.0459565e-05,2.18345e-05,1.6641283e-09,4.933052e-09,4.639319e-07,2.5553948e-07,9.652669e-08,2.3830279e-07,1.6236434e-06,2.1673667e-07,2.3938937e-06,3.842605e-05,1.3486011e-06,8.386786e-06,1.4150048e-06,1.1052217e-05,3.2134662e-06,1.8820695e-07,2.7079966e-06,3.8307675e-07,6.0162705e-07,2.868932e-07,9.3733826e-05,1.1897522e-05,4.795579e-07,0.00016087314,1.5490403e-06,3.4458284e-07,8.890878e-08,1.8461315e-05,4.783005e-07,1.8399096e-07,7.0075737e-07,4.4281572e-07,1.2002161e-05,5.0312618e-05,1.3274166e-07,0.00025316505,7.4159216e-05,4.3791464e-05,5.311014e-06,6.7147585e-07,1.3742766e-07,6.929243e-08,5.5986284e-06,4.3420286e-07,6.1697106e-06,3.718768e-08,4.3103182e-07,2.7551108e-05,6.966939e-07,3.3863885e-06,3.202509e-08,1.5497747e-06,3.9442733e-07,1.6206778e-07,5.44449e-06,3.0312615e-06,4.5747674e-05,2.112688e-07,9.879291e-07,4.2835592e-07,2.8540358e-05,1.7183141e-06,0.00011748216,2.3487011e-08,1.9903364e-06,8.713892e-08,8.4980576e-07,8.7172475e-07,4.857552e-06,7.1555917e-07,2.4326962e-06,7.0533196e-07,1.2583205e-06,3.6728998e-06,3.1025273e-08,1.5361223e-07,7.498796e-07,2.3708935e-07,5.2034217e-08,1.3653338e-06,2.6594684e-08,2.2396934e-08,2.5431348e-06,5.742113e-07,1.1317447e-07,3.0647327e-06,1.2730134e-06,2.4800167e-06,5.1951993e-06,1.9002412e-08,1.835591e-06,1.7659204e-08,3.0324788e-06,2.2811914e-06,2.9026637e-06,4.623052e-08,1.2524901e-08,4.2703235e-07,0.013050335,3.5675157e-07,2.524997e-05,2.4342086e-07,5.5310184e-06,3.5999776e-06,4.3440997e-07,6.1335504e-07,7.439043e-08,3.0635201e-06,1.0558396e-06,3.1008894e-05,1.9663194e-06,1.4330791e-06,4.3779536e-07,3.09694e-06,6.2863734e-08,3.7480706e-06,4.89763e-06,8.402286e-06,9.006099e-07,5.989159e-07,2.2588613e-06,9.746861e-07,2.2586643e-07,9.833918e-07,6.427967e-07,8.2031565e-06,3.171033e-07,7.609942e-07,4.54908e-06,5.8423524e-07,7.5852637e-07,5.4878137e-06,4.4824958e-07,9.4169576e-07,3.9881255e-05,1.050011e-09,1.3347632e-06,2.930411e-06,1.5944245e-06,1.2777161e-05,6.9887324e-07,2.2999575e-07,3.045442e-06,1.0155623e-05,1.7861252e-06,9.507441e-08,2.5107822e-05,2.6749633e-05,0.0014791453,5.903868e-07,2.1553856e-06,8.6795376e-07,1.5243602e-07,7.050052e-08,1.4287412e-05,3.117639e-06,2.2585203e-09,1.4493398e-07,4.480212e-05,1.6541375e-05,5.5805936e-07,8.189716e-10,4.3124368e-05,1.1832083e-06,1.4091765e-06,6.466876e-08,8.626849e-06
BC2026_Train_0037_S22_20211226_021500_045,1.4637361e-06,8.701382e-05,2.194058e-06,0.0027799967,5.9855665e-06,2.1886558e-06,6.2284755e-07,4.037211e-06,0.6878702,0.0047743884,0.007555704,3.073887e-07,1.8961802e-05,2.4860137e-08,6.940122e-07,0.95605445,6.7747396e-07,1.1906566e-08,0.99723047,7.037195e-05,8.427275e-05,0.09835581,0.00063123833,0.00012648459,0.025281431,1.31328425e-05,0.0012155037,2.6640737e-07,9.6130825e-05,5.620723e-06,0.00032989474,0.000103470964,0.0025701358,6.341482e-05,4.113175e-05,0.00010411717,1.1606501e-05,8.604486e-05,7.8809324e-05,0.00033131082,0.0009142508,0.00016363875,8.8180146e-05,0.00016876712,4.9746217e-05,4.6066376e-05,0.00017082342,4.0421666e-05,3.4050816e-05,6.918521e-05,3.203141e-05,3.38891e-05,3.0065425e-05,0.000429348,0.0008080524,2.2333943e-06,4.905667e-05,0.9588928,1.460434e-05,7.84187e-06,0.7724755,4.1974317e-08,7.705177e-05,0.6987043,0.00052106555,0.0007934198,0.00015505272,9.700097e-09,3.3874497e-07,2.5422636e-07,2.4952117e-06,3.6135435e-07,5.8042997e-06,1.6898053e-06,4.3093582e-06,1.6532953e-05,0.0007596999,4.9517243e-06,1.4647873e-05,6.9825974e-06,2.2770944e-05,1.326988e-06,3.3321296e-06,1.0153987e-05,2.6346816e-06,1.0115992e-06,1.1020577e-05,4.6921054e-05,3.6703186e-05,2.318204e-05,0.0001668975,2.3310674e-06,2.9878033e-06,4.8974954e-07,7.1739145e-05,1.4933866e-05,3.5715806e-07,8.6331376e-05,1.5903901e-05,0.00012204023,0.00010127257,4.6533532e-06,0.00019553538,9.5393174e-05,0.00023540593,1.4999066e-05,1.5290618e-05,1.1682592e-07,6.8203844e-06,6.0849416e-05,2.472941e-06,1.1297402e-05,1.0145338e-07,2.9270593e-06,1.3091041e-05,1.0382208e-05,2.042513e-05,4.0220172e-07,1.07955975e-05,1.2912876e-05,1.7019602e-05,4.368127e-05,5.9617023e-06,0.00017838675,6.347301e-07,2.234372e-06,1.037003e-06,0.0008982564,1.9539668e-06,0.0008171939,2.9072794e-07,1.9456404e-05,1.5400741e-07,1.1165125e-05,1.6572701e-06,5.393369e-06,2.9846533e-06,1.2216151e-05,2.077243e-06,1.7873257e-05,4.2237357e-06,1.566729e-06,2.8340855e-07,1.4240479e-06,1.2131677e-06,1.6309093e-06,1.3423036e-06,1.292009e-06,2.152205e-07,6.3373727e-06,3.8306067e-07,2.2101572e-06,3.0476293e-05,6.820892e-06,2.27227e-05,3.6996862e-05,1.0559967e-08,6.441972e-05,2.4343626e-06,2.0046418e-05,0.0004626975,2.4617319e-05,2.48864e-07,1.2576854e-07,5.238505e-07,0.023060769,1.48497e-06,9.275151e-05,4.414479e-07,2.8777722e-05,4.58351e-05,2.8223038e-05,4.9198807e-06,5.578923e-07,0.0003067021,5.413928e-05,1.1640744e-05,9.224121e-06,2.684313e-06,2.187871e-06,4.6959376e-05,1.6147936e-06,5.6930726e-06,7.75078e-05,2.056223e-05,2.8636584e-06,7.17389e-07,8.005655e-06,1.1526552e-05,5.4744976e-07,1.8743866e-06,1.331337e-05,2.8216475e-05,0.0001562293,8.591561e-06,2.611415e-05,1.8850133e-06,4.0469176e-06,5.5870546e-06,1.4415048e-06,3.6622423e-06,6.738906e-05,4.3178794e-08,7.88193e-06,9.168667e-06,1.470237e-05,1.4317773e-05,7.2547487e-06,3.1824453e-07,2.65155e-06,4.0591363e-05,0.00031361316,3.34347e-07,0.00031892525,5.2597323e-05,0.0008363333,1.853675e-06,7.642877e-06,4.9734517e-06,2.695197e-07,4.4787657e-07,2.9404322e-05,1.2984732e-05,2.6464872e-07,1.9782406e-06,0.0011321477,3.678136e-05,7.869507e-07,8.532757e-09,0.0003249872,5.6292633e-06,7.3987167e-06,6.933745e-07,5.5104247e-05
BC2026_Train_0037_S22_20211226_021500_050,4.626683e-05,0.00059273595,1.2026348e-05,0.086623594,9.291422e-05,4.860161e-06,3.2169206e-07,2.0712729e-05,0.73043835,0.053987294,0.026343215,9.0742424e-07,3.4775053e-06,2.738298e-07,7.962349e-05,0.9912873,8.254889e-06,2.3579305e-07,0.8627819,1.9116424e-05,0.00013179229,0.09640049,0.00017980566,0.00063497486,0.3728515,2.967485e-06,0.0006581757,1.3441764e-06,0.00017065866,0.00012097784,0.004962003,0.0005607172,0.007825005,0.00052873464,0.00026074468,0.00077106984,3.1581803e-05,0.00034827125,0.001524001,0.00078685273,0.0060212463,0.0020272047,0.00075316295,0.00092961744,0.0009009431,0.00077278493,0.0019281446,0.00033593507,0.00019041622,0.00044595837,0.000416557,0.0002512263,0.0003686074,0.0041483273,0.003937385,7.246091e-06,0.00016621778,0.969368,5.3926833e-05,9.030792e-06,0.05817353,2.027292e-06,0.00091104815,0.60120153,0.00063591625,0.00016316572,0.0018579512,6.231911e-08,1.1820335e-05,6.71993e-06,3.1200898e-06,1.1862978e-05,5.5879544e-05,1.2713132e-05,2.5140163e-05,1.1885207e-05,0.00048635757,6.1303945e-05,6.440584e-05,2.5553763e-05,8.422703e-05,0.00024601226,3.3900254e-05,6.274837e-05,2.155902e-05,2.0308786e-05,6.592702e-06,0.00038877095,0.00012966928,1.6152868e-05,0.00011282706,1.7572667e-05,5.676439e-05,1.7205149e-06,0.00016345442,8.18809e-05,2.2692338e-05,6.419614e-05,0.000107131855,0.0007285352,7.2102506e-05,4.4032335e-05,0.0006129906,0.00017534588,0.0010206545,3.1465464e-05,1.864179e-05,3.4354705e-06,0.00024675622,0.00023355299,3.2375458e-05,4.485145e-05,2.5311576e-06,1.3856962e-06,0.00011333786,0.00012327815,1.8928615e-05,2.500822e-06,3.1111198e-05,0.00010011134,4.087341e-06,6.3663065e-05,7.459648e-05,0.00085115904,2.0763894e-06,6.513864e-05,2.2757895e-06,0.00025574368,2.1881817e-05,8.354781e-05,1.0702479e-05,9.631268e-05,7.170797e-06,0.00040910314,9.4020215e-06,0.0001824419,1.0920728e-05,6.3701744e-05,8.386478e-05,7.3203446e-05,0.00022494959,2.1255544e-06,3.086942e-05,1.9490035e-05,9.095147e-06,1.6927015e-05,2.2661348e-05,1.1326011e-05,4.2435922e-06,8.1587095e-06,1.6197355e-05,2.5941074e-05,0.00015780839,2.9186964e-05,0.00011025198,2.5742786e-05,3.5725037e-07,0.0013998257,6.1201104e-06,0.00013016902,0.0002865545,4.911542e-05,4.7714057e-06,4.7489484e-06,8.929906e-06,0.023610123,5.122666e-06,4.1196876e-05,5.608943e-06,0.00026930758,8.800492e-05,6.0136987e-05,6.4547653e-06,1.5283341e-06,0.00079569774,3.2362615e-05,1.0264981e-05,4.726537e-05,3.064489e-05,5.589991e-06,0.00023894642,7.996628e-06,8.946017e-05,7.3747295e-05,0.000575158,0.00033468803,4.3997825e-06,7.783903e-05,6.3078037e-06,5.099956e-06,3.8342187e-05,0.00015696154,2.0334948e-05,0.0012457572,5.014042e-05,5.759862e-05,1.8069628e-05,6.592834e-06,1.9235455e-05,6.742056e-06,3.6065565e-05,0.00063824333,4.5714154e-07,9.512975e-06,0.00012754458,0.00011563131,0.00020136884,6.914306e-05,2.9730913e-06,5.8881687e-05,2.225329e-05,6.333613e-05,5.226073e-06,0.00084390584,0.00028143075,0.00540672,1.914045e-05,6.034621e-05,0.00013217928,3.7895654e-06,7.6522565e-06,8.595335e-05,0.00021651246,7.1727113e-06,2.0877666e-05,0.00023452815,9.319843e-05,1.0832807e-05,5.8228784e-07,0.0006728708,0.00021667086,6.356879e-05,1.2844759e-05,8.7433684e-05
BC2026_Train_0037_S22_20211226_021500_055,6.789487e-06,2.5601257e-05,1.1791035e-06,0.0011470552,3.0693807e-06,5.227628e-06,6.6631077e-07,8.567105e-06,0.34028202,0.0026596424,0.009889942,4.1597974e-07,5.645801e-06,1.6379698e-08,1.6921308e-06,0.32190526,1.4672792e-06,9.230863e-09,0.9649143,7.511436e-05,6.1174884e-05,0.0033791712,0.0034914978,1.7167653e-05,0.0075911228,2.2405398e-05,0.0001634569,5.839818e-07,0.0008136918,6.178491e-05,8.429453e-05,4.5467186e-05,0.00036628215,4.3570857e-05,1.3609758e-05,9.926938e-05,4.618748e-06,1.4284469e-05,2.636659e-05,0.00014064819,8.4802785e-05,5.817842e-05,1.997636e-05,9.835409e-05,8.689379e-06,7.696161e-06,2.2622029e-05,7.255669e-06,4.6356536e-06,1.0094531e-05,1.7035907e-05,1.7040147e-05,1.9390405e-05,7.2463416e-05,0.00027746745,5.1991938e-06,2.6037187e-05,0.8816098,1.0176303e-05,3.4322516e-06,0.73410326,4.8556945e-08,8.556456e-05,0.42343342,0.00031774893,0.00028345577,0.00012034803,5.7071073e-08,1.6467462e-07,7.725559e-07,5.2381847e-07,5.4713036e-07,4.4952844e-06,2.7233962e-06,1.6599322e-05,1.10350275e-05,0.0005427768,1.0197841e-05,5.3416752e-05,7.1313316e-06,0.00013449964,4.227556e-06,7.3973697e-06,1.8499999e-05,2.9062894e-06,5.0915296e-06,6.7258543e-06,0.00015230813,8.0757745e-05,2.6080228e-05,0.0012673391,3.6705608e-06,1.11769405e-05,1.212283e-06,0.00035692097,1.10049405e-05,1.4189479e-07,1.4855161e-05,5.8814794e-06,6.754792e-05,8.495099e-05,2.8328288e-06,0.0006776277,0.00025046125,0.00057604566,1.1129397e-05,6.64901e-05,5.020861e-07,2.99232e-06,6.0284154e-05,1.2073414e-06,0.00012803017,1.3939415e-07,1.0175275e-05,1.1596057e-05,2.9335788e-06,1.49317e-05,6.34649e-07,8.3520485e-05,3.1655688e-06,2.9113576e-06,2.528187e-05,8.242468e-06,0.0001630343,1.3835202e-06,8.588781e-07,6.164805e-06,0.00013857428,9.685662e-06,0.0014071795,7.384058e-07,2.5865851e-05,3.9589818e-07,1.6856378e-05,2.608461e-06,2.0752057e-06,4.4532803e-06,5.6441982e-05,8.176767e-07,2.3320268e-05,7.429197e-06,2.4952732e-07,7.9233274e-07,5.71585e-06,1.1831135e-06,1.8234335e-06,2.7623366e-06,1.6009089e-07,3.642965e-07,1.3969738e-05,1.3794687e-06,1.0665085e-07,0.00019852389,1.6562968e-05,2.8320826e-05,2.9832543e-05,1.2950136e-07,3.3530534e-05,7.497379e-07,2.8978624e-05,8.561729e-05,1.9981486e-05,1.3744511e-06,8.7575806e-08,1.93707e-06,0.1594851,1.22542015e-05,5.9455346e-05,1.2425339e-07,2.7017104e-05,9.475067e-05,5.296725e-06,5.9646136e-06,5.4477647e-07,1.8756164e-05,2.6558588e-05,1.794059e-05,6.9217795e-06,2.6578286e-06,4.9755963e-06,2.9541763e-05,2.7095723e-06,2.3358862e-05,0.00014262852,4.4029726e-05,4.0546897e-06,3.5317491e-06,3.3165225e-06,3.239371e-05,4.6655097e-07,3.2938528e-06,3.1645504e-05,9.68545e-06,8.593314e-06,1.6766004e-05,0.00014747339,3.949527e-06,3.1664022e-06,1.3977107e-05,3.28852e-06,1.792389e-06,0.00014459755,3.936396e-08,1.4158339e-05,5.4955026e-06,4.8340113e-05,1.9336114e-05,2.2759372e-05,1.9892964e-06,6.416235e-06,5.300224e-05,2.6449596e-05,3.1241302e-06,0.00069898606,0.00011853214,0.002117074,3.3425724e-06,2.3291007e-06,1.1567653e-06,4.630126e-06,1.0643256e-06,0.00010383668,3.3939137e-05,9.956266e-08,1.8953474e-06,0.0007750028,1.187988e-05,5.3901504e-06,7.7336955e-09,0.00027727705,1.6317014e-06,6.8404147e-06,3.9359306e-06,8.331557e-05
BC2026_Train_0048_S22_20220131_180000_000,1.4692152e-05,0.001125126,5.416126e-06,0.00017603136,4.5138036e-06,1.916457e-06,6.8562717e-06,9.6568865e-06,2.8005845e-05,4.9921004e-05,0.0003509421,0.00032339053,2.6593256e-05,1.9825013e-06,2.7664002e-05,2.7088852e-06,3.0804138e-05,1.3971892e-06,2.407289e-06,6.5602624e-05,1.381331e-05,0.00033706817,7.2095965e-05,0.0001512251,0.00017262933,5.570934e-06,0.00019046797,6.1965344e-05,0.00044340652,0.000109498666,8.3141604e-05,9.470099e-05,0.004027626,0.0002910136,0.00013453979,0.00031101203,0.01689591,0.00053957605,2.7651266e-05,0.002378599,0.0009539638,5.5652043e-05,0.0001712205,8.555772e-05,0.00047308553,0.00045210333,0.0010726997,0.0010701107,0.00026655183,0.0002848697,5.1216855e-05,7.0929585e-05,7.108228e-05,0.00016234088,0.002642016,1.39825715e-05,0.002006076,0.0001450321,1.2003019e-05,8.9482336e-07,0.00012463673,2.0649104e-06,0.0006879973,0.0002131581,1.5355836e-05,0.00016424527,1.6707092e-05,4.767671e-06,4.418165e-05,1.1073845e-05,1.1745206e-05,6.420504e-07,0.00013266163,0.0008833496,0.00293728,0.0002913345,0.00018524869,0.0031194657,0.00030096277,0.004551559,0.0012048876,0.00042194355,0.0019491062,0.0037990492,0.00035037546,7.411743e-05,0.00077644543,0.0024884879,0.00071835966,0.0002864466,0.0003464793,7.755593e-05,0.00020172665,0.8017791,0.002558324,9.792145e-05,7.454939e-06,0.06653117,0.00013472581,0.0017233996,0.001111332,0.0003178698,0.0043630633,0.009513095,0.0003753874,0.0006058447,9.4734416e-05,3.844467e-05,8.3158324e-05,8.670966e-05,0.00019495528,0.0022740501,4.660337e-05,0.00042577737,9.17422e-05,0.008160987,0.000111721565,0.001858564,0.00028330612,0.0060783317,0.0019149128,0.0003084595,4.776762e-05,0.004241861,0.00010606201,0.0005696054,0.00025120066,0.0007649864,3.6020574e-05,0.00035554013,0.008170117,9.211354e-05,0.0007925686,0.00014226409,6.0230595e-05,2.57392e-05,0.029043417,0.0005316485,0.00012071133,0.00073391193,7.346688e-05,0.02422688,0.00045589788,0.0007650608,0.00018910284,1.755093e-06,0.00030931173,0.0014441642,0.040047582,0.00015323344,0.00013518185,0.00033172677,0.0018233116,0.00020110825,0.0025735337,0.00034058938,0.0003735281,1.37395655e-05,0.0009353759,0.0032176464,0.00088236964,0.00043469993,0.0007757192,0.0004552282,0.00016612161,9.406226e-05,0.0008441041,0.00020117826,0.00011081704,0.00079672155,0.00019846369,7.149404e-05,0.00011539901,1.7217297e-05,0.0019416164,0.00095725467,4.3139713e-05,0.0013521918,0.0012470086,0.0018051262,0.0012929364,2.5531768e-05,0.0001480296,0.00034005402,0.0043408484,0.003273902,1.4977723e-05,0.0010376761,1.3343444e-05,0.0010617317,0.034179926,0.0010442929,0.00039923933,0.000782794,0.000338526,0.0002120147,0.00043502383,3.1355677e-05,0.0017282714,0.002058346,5.7063826e-05,0.00012068795,4.5799384e-06,0.00011587724,0.00017345464,0.0025216616,0.0005833702,0.00017869846,0.00017130721,0.00038349282,0.00058748643,0.015566166,0.008192698,0.0009601095,0.00015816104,0.09954164,0.00037961846,6.2323525e-05,5.836822e-06,0.00023806457,1.6353919e-05,0.0001329519,0.0004012163,0.00035071903,7.2544375e-05,0.7784651,0.0011594275,0.0014649845,0.0025856367,0.00070188736,0.0005155106,0.018189302,6.348785e-05,0.0010921322
BC2026_Train_0048_S22_20220131_180000_005,1.6805069e-06,2.3901526e-05,1.754387e-06,7.611687e-06,8.797264e-07,9.620316e-09,4.254162e-07,7.297488e-07,1.6608696e-05,4.735701e-06,4.487092e-05,5.8477388e-05,6.295468e-07,4.0883588e-08,9.775711e-07,4.4317312e-07,9.2484595e-07,3.0728575e-08,7.9699745e-08,2.5881786e-07,2.5040365e-06,9.950056e-06,8.687738e-06,2.21246e-06,3.352315e-05,7.39004e-08,2.1437847e-06,9.861933e-07,8.904819e-06,8.04078e-05,3.3972472e-06,2.2844984e-06,5.853352e-05,1.500516e-05,3.1741813e-06,1.2991583e-05,0.00019672287,9.742776e-06,8.765933e-07,5.3211705e-05,1.460005e-05,1.6271978e-06,1.93836e-06,2.2544666e-06,1.0475107e-05,1.492706e-05,1.8800058e-05,1.9362742e-05,3.083572e-06,4.291788e-06,1.2421302e-06,1.3206756e-06,1.4193378e-06,4.1889084e-06,7.425616e-05,8.8516197e-07,0.00012968572,1.4591587e-05,3.26829e-07,5.4386367e-09,2.0097777e-05,4.044121e-08,5.022422e-05,2.3860075e-05,5.100006e-07,3.607528e-07,1.1735203e-06,2.450401e-07,1.10554e-05,5.6009944e-06,8.994343e-08,8.524676e-08,1.2596131e-05,0.00056107907,0.0004630637,0.00018267622,9.0626534e-05,0.0018216443,1.2227423e-05,0.0001700424,0.00012938643,7.804514e-05,0.00037883542,0.00074679113,3.1739044e-05,2.2038973e-06,3.8398757e-05,0.00022943143,8.021068e-05,0.0009438944,1.4331352e-05,3.3859997e-05,4.281883e-05,0.9834163,0.002261989,2.0449936e-06,7.7855196e-07,0.0044222814,5.107945e-05,0.0051613706,0.00050401443,9.648638e-06,0.00015611955,0.0012470976,8.7180255e-05,4.9511236e-05,1.1975735e-06,6.8487434e-06,4.680328e-06,5.415676e-06,8.2969245e-06,9.388608e-05,2.367521e-06,1.0611174e-05,1.9722254e-05,0.0018740597,2.188236e-05,0.018447002,0.00043009478,0.0007069881,2.6111113e-05,0.0001030682,4.228459e-06,0.0046356265,1.1518102e-05,0.0003177868,0.00022026732,3.7486043e-05,7.6855605e-07,0.0006067427,0.034212355,7.722489e-06,6.3643514e-05,3.342505e-05,1.1677879e-05,1.3778634e-06,0.006691913,9.3946444e-05,3.8625576e-06,0.000114148075,4.7284134e-06,0.001392528,4.1252584e-05,4.4300752e-05,2.0880096e-05,1.12706955e-08,2.5517968e-05,7.103573e-05,0.010667291,7.065753e-05,0.00015641308,9.5201e-06,0.00039499716,1.8234252e-05,0.0013468675,0.00024435695,4.1174135e-05,3.7977566e-06,0.00010140158,0.0008893323,0.00012527718,1.093659e-05,0.00010447113,1.6454163e-05,1.1217262e-05,1.4742946e-05,0.00036192662,5.8862996e-05,1.9322765e-06,0.00022084436,7.23813e-05,3.858431e-07,1.6637214e-05,3.808761e-07,0.00019703954,0.0001329041,2.0910365e-05,0.00010125809,0.00016655635,0.00020920318,0.00017591222,5.6429633e-07,0.00014075311,4.720033e-05,0.0006634222,0.00054155046,4.87331e-07,0.00027193516,2.971935e-07,3.57218e-05,0.0015772104,0.00034986378,0.00010753726,1.6822125e-05,0.0002598292,1.8744935e-05,5.991135e-05,9.276692e-07,0.002254908,0.00044150834,1.0782044e-06,9.877465e-06,7.906927e-08,4.615423e-06,3.9186034e-05,0.0038791865,0.0007508501,3.8462673e-05,1.5028231e-05,2.4224002e-05,7.838623e-05,0.0025966107,1.37888555e-05,0.0020828124,7.986681e-06,0.00478765,5.379642e-05,0.00012897157,7.488868e-07,0.0002864963,3.4511956e-07,1.00291845e-05,6.5365646e-05,4.6632867e-06,3.8326786e-07,0.0076885354,1.0840476e-05,2.3930423e-05,0.0003924075,0.0013729262,5.6301942e-05,0.0026633877,1.3752727e-05,6.271283e-05
BC2026_Train_0048_S22_20220131_180000_010,1.8175081e-06,0.00026066566,6.358182e-07,1.9555775e-05,8.811756e-07,2.1159465e-07,6.98686e-07,6.7881406e-06,2.7679062e-06,3.4558205e-05,0.0001634432,5.7784905e-06,7.988076e-07,5.6729425e-07,1.0489125e-06,1.1555061e-06,2.5686059e-06,3.8986815e-07,1.8414877e-07,3.7900497e-06,4.169204e-06,0.00013383118,2.5636096e-05,6.273978e-06,1.2849378e-05,1.087504e-05,2.9562657e-06,5.0636412e-05,8.039139e-05,6.726188e-05,1.1035249e-05,1.3667638e-05,0.0010875455,1.9082765e-05,1.218498e-05,4.317593e-05,0.0008001362,0.00012611282,4.473687e-06,0.00039453537,0.00010348952,4.5479433e-06,5.9046333e-06,2.0272058e-05,0.00014069796,0.00015287544,0.0002776752,0.0002280146,4.7284848e-05,6.0583487e-05,3.6839922e-06,4.7519015e-06,4.3197397e-06,8.155178e-06,0.0005018376,1.2426717e-06,0.00021952429,1.8556508e-05,2.1095564e-06,1.436186e-07,1.7194621e-05,2.5223474e-07,5.061826e-05,2.2390594e-05,2.7445822e-05,1.218863e-06,1.7067161e-05,5.7441894e-06,6.89632e-06,6.5316794e-06,2.011393e-06,1.0559871e-07,3.748275e-05,0.00055582525,0.00010713727,4.2882333e-05,0.0007435176,0.015451152,3.4596127e-05,0.068363525,0.0002730924,9.4357645e-05,0.003389247,0.00063138606,0.00055810186,5.0922357e-05,0.0005169787,0.00034150467,0.0002873794,0.0007399716,2.0210078e-05,3.8290847e-05,0.00057703373,0.72691804,0.0007440329,2.5878388e-05,5.859729e-06,0.20994543,0.000244674,0.0023551323,0.0011176495,0.00020464911,0.0003052721,0.0016006223,0.00010744911,0.00028066605,2.4846733e-05,7.102235e-06,1.595811e-05,1.3547523e-05,0.00077307835,0.00040809799,2.4795083e-06,8.3967774e-05,4.9871946e-05,0.006570471,0.00021491847,0.0020161748,0.0006133854,0.010196429,0.0004324381,0.0022582673,4.253792e-05,0.00579918,4.7191243e-05,0.0003571793,6.97139e-05,0.00055183924,1.7107443e-05,0.00013085287,0.0013124482,3.0515173e-05,0.037773803,9.322252e-05,7.2646704e-05,2.8508492e-07,0.0013106001,0.0008053761,7.647094e-05,0.00029009086,1.44725145e-05,0.053231727,5.8782327e-05,0.00036327876,1.2568701e-05,1.7090855e-07,0.00037677775,0.0005446829,0.0338378,2.205579e-05,0.00010722507,0.00016022145,0.0010628843,0.00015003183,0.0015990508,0.001749413,0.00022777972,2.3559558e-05,0.00023076552,0.0012026953,0.00065694645,0.000258401,0.008104528,0.0030417845,0.0001473494,0.00013299818,7.2319344e-05,0.00012717478,1.2930769e-05,0.0003461305,0.00010417309,4.048706e-05,3.7915168e-05,2.4898156e-06,0.002649161,0.00015465952,1.9150164e-05,0.005725,0.0021053005,0.0030048229,0.0016680944,3.5611192e-05,0.00013904841,0.00070283824,0.0027281565,0.00158424,5.7545853e-06,0.0017624091,1.03017e-06,0.00010039556,0.010441253,0.0018736717,0.00049159507,0.00033663685,0.00061156525,0.0002081852,6.935517e-05,1.3204463e-05,0.0020631745,0.0014953534,6.2563345e-06,2.0754786e-05,1.0392702e-06,0.00021674152,0.0035784063,0.011619591,0.00036005487,2.9525569e-05,7.3931005e-05,9.473585e-05,0.0008308324,0.024780275,0.0003132964,0.0014610995,7.99098e-05,0.023826959,0.00021244853,9.559934e-05,1.2459383e-05,0.0008347744,9.490168e-06,6.137332e-05,9.952567e-05,4.202144e-05,2.6104492e-06,0.11773895,0.00044314112,0.00070697063,0.00032794487,0.001575266,0.0014061246,0.004938533,2.4564904e-05,0.0023734549
BC2026_Train_0048_S22_20220131_180000_015,6.0646485e-08,5.029976e-06,6.885789e-09,1.9148001e-06,1.9103477e-06,1.7246442e-08,8.992453e-07,2.5141293e-07,6.565714e-07,9.718905e-07,1.8767741e-05,5.2891533e-06,2.2713827e-07,4.5945704e-08,1.5410172e-06,7.849868e-07,6.2675645e-07,2.617508e-08,7.2367436e-07,6.4314713e-06,1.1125013e-06,0.0012287672,2.887112e-06,1.663249e-07,2.6797088e-06,1.7345532e-05,1.3894501e-07,3.4060874e-06,5.1710595e-07,8.751711e-06,4.6506108e-07,4.1062833e-07,3.7873102e-05,6.7094965e-07,5.0885353e-07,9.1712997e-07,8.851967e-06,4.3720265e-06,1.0592065e-07,2.785548e-05,1.7823255e-06,1.1980985e-07,3.3172137e-07,3.4934462e-07,1.847602e-06,3.2776713e-06,3.7547143e-06,2.3778528e-06,8.7258894e-07,1.5618284e-06,2.6631162e-07,3.6146878e-07,3.8059545e-07,1.5812653e-07,1.324961e-05,2.0498857e-07,2.3271903e-05,3.7395912e-06,1.2184755e-07,9.599095e-08,0.00011329508,1.3635571e-07,1.0503105e-05,0.00012114143,0.00028920858,8.8517294e-07,2.5209938e-06,4.5472316e-07,2.4562178e-06,3.975641e-07,4.2994594e-07,2.0518115e-08,1.6870705e-05,0.0009376451,1.2671275e-05,0.00016706198,0.00021868719,0.008895668,7.714463e-05,0.009473557,6.009015e-05,5.508646e-06,0.0002917648,0.0002955643,0.00033780048,1.150822e-05,4.3814856e-05,1.4893431e-05,7.122029e-05,1.2235518e-05,3.3996005e-06,5.162258e-06,4.4649623e-06,0.0012799364,0.00067334255,2.3758696e-05,6.130836e-07,0.027980391,3.7372214e-05,0.002618641,5.6294208e-05,9.00896e-06,0.0002054793,0.0006135108,1.7134873e-05,5.9350154e-05,5.632249e-06,6.662245e-06,1.6070022e-05,7.42868e-06,0.0013907864,7.252494e-05,8.688863e-07,8.2903614e-05,1.2386571e-05,0.00034766798,7.837897e-05,0.03111198,6.4211315e-05,0.0028527891,0.0019338779,0.0010358755,9.348442e-05,0.008934424,5.8347914e-06,0.00024401098,3.7017064e-06,3.7853282e-05,3.4549937e-06,0.0003172985,6.113861e-05,0.00021894487,0.8114167,5.1101717e-05,2.452469e-05,1.0048757e-07,0.00037492995,0.00018663514,4.8975644e-06,2.8680379e-05,2.9727141e-06,0.025317116,2.1390842e-05,0.00013055599,1.0298183e-06,2.8337281e-08,0.0002406073,6.002086e-05,0.0003181797,2.5342904e-06,0.00015814748,0.00012620605,4.5987636e-05,8.018529e-06,0.00011736727,6.580651e-05,0.0008939276,4.513283e-06,2.8280801e-05,0.00021631437,0.00010719071,3.2033302e-05,0.00033011904,0.00031142088,1.916679e-05,0.00024423326,2.1750287e-05,4.4056524e-05,2.6941461e-05,0.00014062165,1.8301673e-05,5.944747e-05,1.1541192e-05,3.1019265e-06,0.008345788,0.00035095835,1.9868807e-05,0.00021542438,0.0013155256,6.984925e-05,0.00085929513,1.4265748e-06,4.422798e-05,3.73487e-05,0.0021762725,1.390924e-05,1.5953993e-06,6.627474e-05,2.4491164e-06,1.6371803e-05,0.009132849,0.00012339493,0.00024949978,8.186014e-05,0.0005645507,0.0002961253,0.00017619727,2.3033246e-05,0.0003268515,2.5557129e-05,1.1552865e-05,2.4389635e-06,1.5413156e-07,0.00017182941,0.00010575973,0.0008632894,3.890684e-05,1.8546672e-06,3.3545344e-05,0.00021878709,0.00012995026,0.03005072,0.0015441498,0.0002897564,1.0499681e-05,0.0043728948,5.0480296e-05,1.0894825e-05,1.9313811e-06,7.069851e-05,4.4961803e-06,5.6162306e-05,2.916454e-05,4.41031e-05,1.1394299e-06,0.012869005,0.00026549216,0.00061271666,0.0010658543,0.00037050346,5.5550765e-05,0.0017213549,1.5964846e-06,0.0021346635
BC2026_Train_0048_S22_20220131_180000_020,5.813967e-07,0.00010069912,4.714441e-07,9.084095e-06,1.6703545e-06,3.4694803e-08,2.0618602e-06,8.6149333e-07,8.187783e-06,1.0879147e-05,0.00011715159,2.4504003e-05,3.7839104e-07,7.964429e-08,6.0380544e-06,1.3888834e-06,9.184455e-07,5.7683806e-08,1.0412244e-06,9.172673e-07,2.7287854e-06,0.0003010991,4.7163525e-05,5.5498494e-06,3.6416564e-05,3.4096752e-06,4.0611103e-06,8.6400115e-07,1.2210106e-05,4.819475e-05,7.84582e-06,5.4029138e-06,0.00044071677,2.4486995e-05,6.455854e-06,2.4859817e-05,0.0004947603,4.163067e-05,2.3019834e-06,0.00028506425,5.6037396e-05,4.0110763e-06,6.2761274e-06,7.4635605e-06,2.8644328e-05,4.093008e-05,6.989089e-05,7.164029e-05,1.0726684e-05,1.8925075e-05,2.2855315e-06,2.8133045e-06,3.2228425e-06,8.647136e-06,0.00027893315,8.8000496e-07,0.00036720376,2.2081509e-05,9.1723405e-07,6.947105e-09,7.162199e-05,1.14108225e-07,4.1779134e-05,3.0656407e-05,6.929811e-06,3.048072e-06,6.8163204e-06,2.8831394e-07,1.8458586e-05,1.3924887e-05,2.1986587e-07,3.2797053e-07,4.8761317e-06,0.00016048734,0.0010640651,0.00010056142,3.443215e-05,0.0032886064,3.3109773e-05,0.0006017327,5.1860396e-05,3.31009e-05,0.00045878737,0.00060591404,0.0004168667,4.889547e-06,7.573832e-05,0.00020060287,5.9496466e-05,0.00011604532,1.1410782e-05,1.7252785e-05,6.713205e-05,0.39694175,0.0010907135,1.2964996e-05,2.7504868e-07,0.088092215,6.811883e-05,0.0014073445,0.000809553,1.856325e-05,0.00029591395,0.0017050285,2.4358082e-05,5.3853088e-05,7.076483e-07,1.9228817e-05,8.572729e-06,7.5028474e-06,0.00019427057,7.80799e-05,8.9247885e-07,3.93001e-05,7.947863e-06,0.00207464,1.7458748e-05,0.091406815,9.676755e-05,0.00047564408,5.7093544e-05,0.0004549528,1.2860952e-05,0.0030525445,3.5813425e-06,0.00046838744,4.0241055e-05,2.982654e-05,6.1161785e-07,0.0001698724,0.0019330233,1.699811e-05,0.0064146584,0.00013570285,8.482734e-06,1.090241e-06,0.008942636,0.00020898569,3.7887162e-06,7.1824776e-05,3.4782647e-06,0.020123413,1.0095089e-05,8.739743e-05,5.1421216e-06,4.443352e-08,8.166015e-05,0.00012791765,0.0066306205,6.286336e-05,0.00018061792,8.069147e-05,4.9504295e-05,9.97706e-06,0.0005010563,5.6467285e-05,0.00011743052,1.3480968e-05,0.000118001306,0.00092308165,0.0015433737,3.38578e-05,0.00038393965,3.9008224e-05,6.0280086e-06,0.0002317558,0.00011123704,8.204707e-05,1.9100598e-06,0.00046805496,4.3797267e-05,4.824345e-06,2.4316096e-05,7.531225e-07,0.0013645706,7.223436e-05,1.0585381e-05,8.33116e-05,0.00012585586,0.00030999604,0.0009361632,1.3831666e-06,5.1891464e-05,2.0554171e-05,0.0004168667,0.00020849926,2.1880462e-06,0.0002678498,1.2627539e-06,3.901656e-05,0.000534742,0.00032053408,0.000112698996,5.0773448e-05,0.0004445441,2.9455765e-05,9.820564e-05,4.7326225e-06,0.00043210553,0.00025068532,4.626088e-06,2.2205306e-06,1.9917859e-07,4.7748174e-05,8.1696446e-05,0.0034782852,0.00016951417,1.1935887e-05,1.9659574e-05,8.11055e-05,0.0001798662,0.0062028794,9.513074e-05,0.00029437503,8.735608e-06,0.013008203,0.00014075846,5.9922946e-05,1.3006678e-06,0.00016275067,6.990813e-07,3.9969284e-05,2.6258465e-05,3.9433486e-05,8.8664814e-07,0.028176159,3.3743498e-05,0.00020248495,0.0003063827,0.0006856135,4.3915374e-05,0.0003910894,2.7342525e-05,0.0004195835
BC2026_Train_0048_S22_20220131_180000_025,7.34922e-08,6.164711e-06,8.92855e-09,6.601227e-06,4.462119e-06,4.890846e-09,2.3690907e-06,2.6776524e-07,5.7722445e-07,3.151081e-06,6.97272e-05,5.3876943e-06,1.7234447e-07,2.3270877e-08,3.286031e-06,5.6112917e-06,4.66289e-07,1.294318e-08,1.0690579e-06,7.739055e-06,1.3003603e-06,0.0052779433,3.434262e-06,2.4261067e-07,4.1320163e-06,9.031808e-06,2.8479525e-07,1.9352196e-06,5.335613e-07,1.8786865e-05,9.51278e-07,5.0912587e-07,4.3147487e-05,7.4179366e-07,7.7719295e-07,1.1202883e-06,4.3709756e-06,4.5975216e-06,1.4243656e-07,3.234867e-05,2.36774e-06,1.9427964e-07,7.1369175e-07,4.282538e-07,1.3578245e-06,2.4626797e-06,4.4701264e-06,2.366081e-06,8.3423737e-07,2.0321138e-06,4.750198e-07,6.6626563e-07,7.014734e-07,2.45309e-07,1.9658091e-05,1.5120706e-07,3.0785635e-05,1.1919281e-05,4.91431e-07,2.5484216e-08,9.844425e-05,5.1700823e-08,1.976462e-05,0.00025214418,0.0006543192,6.984675e-07,7.1487148e-06,1.6361547e-07,1.7109793e-05,5.4273846e-07,1.1177745e-07,2.9297652e-08,1.2119837e-05,0.0004727046,8.145361e-06,7.765984e-05,3.9461323e-05,0.0071868333,4.4138105e-05,0.005080138,2.4717647e-05,1.3911529e-06,0.0002864444,0.00034786412,0.00018172764,7.111568e-06,1.2618158e-05,5.517858e-06,2.8750703e-05,1.3780389e-05,1.983948e-06,4.315297e-06,6.80448e-06,0.001163812,0.0005819549,1.263304e-05,2.7283872e-07,0.019125655,3.366848e-05,0.0039644786,1.5028216e-05,1.6701234e-06,8.919669e-05,0.0002816691,5.3619165e-06,5.4839253e-05,9.010601e-07,3.602234e-06,7.64217e-06,4.8183488e-06,0.0004688388,4.4615335e-05,5.850521e-07,2.404008e-05,4.635074e-06,0.00013894873,2.3519826e-05,0.30513486,1.13532415e-05,0.0015435744,0.00049923186,0.00063042005,1.7305962e-05,0.00847554,3.5111862e-06,0.00021786305,1.6000283e-06,1.19096785e-05,5.587948e-07,0.00020456426,9.014671e-05,0.00012169543,0.94104683,7.0636306e-05,2.9039568e-06,2.9300502e-08,0.0010159769,0.00019295615,2.1841058e-06,2.0642588e-05,1.8982635e-06,0.010835582,3.7894424e-06,0.00010105475,5.5082813e-07,5.9545897e-08,7.656872e-05,8.838235e-05,0.000109899935,2.2264553e-06,3.7100064e-05,9.917921e-05,7.2144567e-06,9.219072e-06,7.297177e-05,1.480388e-05,0.00033752862,7.997894e-07,2.7536846e-05,0.000277473,0.00020494027,3.575694e-05,0.00020258517,0.00017161915,3.5713429e-06,0.0010116445,5.899562e-06,8.465964e-06,8.147506e-06,5.8387675e-05,2.2495706e-05,0.00013007362,2.8451504e-06,1.166592e-06,0.025905121,0.0001572096,9.193085e-06,3.6336638e-05,0.00021390365,2.9770534e-05,0.00046783884,3.619641e-07,7.434168e-05,5.3495914e-06,0.0010856935,2.2087763e-05,6.641132e-07,5.1704694e-05,1.4573916e-06,1.662895e-05,0.00066526147,4.0415773e-05,0.00015110028,0.00010762303,0.0002792719,9.3438706e-05,0.00010954462,9.938353e-06,0.00018382663,3.536657e-05,1.5068342e-05,3.7416635e-07,3.9814452e-08,5.4488948e-05,5.5150616e-05,0.00031616792,5.721525e-05,1.0198037e-06,1.2023307e-05,0.00017804877,5.345095e-05,0.013142794,0.00047273183,7.56364e-05,1.6442149e-05,0.0029232968,5.4086853e-05,2.1727505e-05,9.29731e-07,5.4020205e-05,1.5406985e-06,1.8830882e-05,1.3508059e-05,6.371815e-05,1.3357335e-06,0.0043550855,2.9057299e-05,0.00014336618,0.0005954772,0.00025984383,4.465939e-05,0.00066295423,1.8603766e-06,0.00036013022
BC2026_Train_0048_S22_20220131_180000_030,5.3173466e-08,6.3328465e-05,1.0963907e-08,6.976347e-06,2.4393266e-06,9.867351e-09,2.1760454e-06,3.9588497e-07,4.591891e-06,2.5912907e-06,5.3082113e-05,6.2609424e-06,2.2297628e-07,3.025373e-08,9.645369e-07,7.026926e-06,8.4931236e-07,2.0120453e-08,1.1585362e-06,3.909352e-06,2.083135e-06,0.008088177,4.2361803e-06,3.0018323e-06,1.907483e-05,1.6373753e-05,1.4590256e-06,1.3509812e-06,2.250617e-06,1.3126895e-05,4.5104603e-06,2.2559784e-06,0.0006907883,8.617828e-06,4.907617e-06,8.330526e-06,5.6706715e-05,3.424066e-05,6.302671e-07,0.0006751444,2.9104667e-05,8.1028656e-07,6.093687e-06,2.5276888e-06,1.2444932e-05,1.8972602e-05,4.2896154e-05,1.8248136e-05,8.353301e-06,1.6054735e-05,2.4753713e-06,3.83342e-06,3.4888226e-06,2.1207477e-06,0.00049496756,9.860958e-08,0.000113031354,2.8225839e-05,7.180872e-07,1.1177788e-07,0.00035386303,9.227962e-08,2.1803973e-05,0.00010230688,0.0002639664,4.0300833e-06,6.900701e-06,2.244809e-07,1.9417812e-05,1.4390817e-07,1.0930482e-07,3.3295926e-08,7.648055e-06,0.00052985817,8.052289e-05,0.00011931598,2.3937888e-05,0.005246834,4.2303855e-05,0.0019687365,3.1104908e-05,4.58639e-06,0.00024166376,0.0001668738,0.00010777563,1.7225636e-06,2.432644e-05,5.935233e-06,1.5282512e-05,1.7636952e-05,3.8288276e-06,3.0619956e-06,1.7218284e-05,0.007215955,5.9269947e-05,7.3870833e-06,2.101327e-07,0.25390327,3.1487885e-05,0.0019016931,3.4361066e-05,2.1849912e-05,0.000104176375,0.00036077245,1.0900417e-05,1.4420948e-05,2.9005798e-06,2.1423743e-06,1.7250231e-06,3.7951786e-06,0.00036282136,2.7960608e-05,1.9794035e-07,2.5850048e-05,5.159664e-06,7.789332e-05,1.42751815e-05,0.027754085,7.475043e-06,0.0019773336,0.00067475904,0.00067348254,8.35503e-06,0.004171306,6.3487214e-06,0.0001804642,1.5137775e-06,4.1046605e-05,7.477557e-07,6.441947e-05,7.3983974e-05,2.0751362e-05,0.6284909,3.0969142e-05,1.5060233e-06,5.3217803e-08,0.0009138594,0.00024570074,2.0277078e-06,6.0963426e-05,1.234046e-06,0.011898769,3.0716149e-06,6.836626e-05,4.1527773e-07,6.967651e-08,0.00025498163,2.6734866e-05,0.00017400211,2.1692576e-06,6.708892e-05,0.00011927456,2.9385175e-05,7.236996e-06,7.9540085e-05,5.0068115e-06,0.00013254683,1.5114924e-06,2.8911298e-05,0.00055424584,0.0004328198,2.9173274e-05,0.0002960934,0.00022818989,4.7043136e-06,0.0014216953,1.7827448e-05,2.048863e-05,2.8726356e-06,9.9444085e-05,2.2524191e-05,5.2925017e-05,9.1323295e-07,6.889884e-07,0.022570184,0.00015962521,1.4484349e-05,4.8437756e-05,0.00021573764,2.553815e-05,0.00033528332,5.5080875e-07,5.035701e-05,1.4511641e-05,0.00026715963,1.5182077e-05,1.2873365e-06,2.0992242e-05,9.871455e-07,5.661793e-06,0.0009345881,2.7354732e-05,0.00012686229,8.524279e-05,0.00028072408,1.6052989e-05,4.829597e-05,2.839637e-06,3.440645e-05,0.00026832853,4.828851e-06,3.643559e-07,4.1278504e-08,6.0376427e-05,7.0418864e-05,0.0002947238,4.4467983e-05,2.6592586e-06,5.8977957e-06,1.0621947e-05,0.00019129956,0.027609596,5.5079243e-05,6.3128646e-05,1.4008547e-05,0.007653504,6.904706e-05,1.7751954e-05,3.7647754e-07,8.3203144e-05,1.7053635e-06,2.3674467e-05,7.320348e-06,2.0339176e-05,1.7198768e-07,0.05987727,4.798783e-05,3.192483e-05,0.00020456719,0.0001531128,2.6484126e-05,0.0004097825,2.2007994e-06,0.0002756644
BC2026_Train_0048_S22_20220131_180000_035,2.6454696e-08,1.0342414e-06,6.9179e-08,3.5581925e-07,3.3760777e-08,3.3958836e-09,3.7566586e-08,4.5557604e-07,2.3756397e-07,3.1373388e-06,3.3198205e-05,1.0195741e-06,1.2005233e-07,6.0531122e-09,2.457253e-07,1.2777761e-07,1.4682334e-07,3.4844467e-09,1.2394905e-08,2.2611685e-07,1.5954511e-07,1.0682615e-05,1.169239e-05,3.6370803e-08,1.8457018e-06,1.8692494e-07,2.3553079e-07,5.5599417e-06,5.1170755e-06,2.2370403e-05,1.2892245e-07,9.7795564e-08,4.394524e-06,1.358381e-07,1.0585299e-07,2.745201e-07,2.133491e-06,6.860916e-07,2.34661e-08,2.8425932e-06,4.5810734e-07,2.8874092e-08,6.379928e-08,7.850229e-08,5.4152355e-07,6.709522e-07,4.4858956e-07,5.1954635e-07,1.1942484e-07,1.9692607e-07,3.2772096e-08,5.2631822e-08,5.543686e-08,5.9722076e-08,2.0337811e-06,1.5776848e-07,6.194543e-06,3.5119524e-07,9.701508e-08,8.2389906e-10,1.0078668e-05,4.0587005e-09,8.4359435e-06,2.1334115e-06,9.855014e-07,6.988227e-08,2.9641164e-06,6.139438e-08,1.6724962e-05,1.1595265e-06,6.0005135e-08,3.7700296e-09,2.360829e-06,0.0006605488,9.018256e-05,6.31508e-05,1.6761496e-05,0.0021470226,8.90363e-06,0.0178893,5.6561923e-05,1.8016194e-06,0.0009196259,0.0003298862,0.00024492003,2.2942227e-06,3.4912042e-05,2.862835e-05,6.017411e-05,4.8441638e-05,6.7983638e-06,4.8881675e-06,0.00017215624,0.33446074,0.00012643189,3.6286103e-06,6.3157995e-07,0.013560613,7.415582e-05,0.0031723266,7.819922e-06,2.632271e-06,0.00019744031,0.0001158485,1.7288525e-05,1.2727967e-05,2.1087608e-07,2.46796e-07,1.6640835e-06,2.4139742e-06,0.00010948061,8.036671e-05,5.4029374e-07,4.368146e-06,3.2662476e-06,0.0008795903,1.1943301e-05,0.010356793,1.9563236e-05,0.0028360188,9.1440794e-05,0.00041165206,6.305891e-06,0.0053257956,1.9151287e-06,0.00014035868,1.5540472e-05,4.7440717e-05,1.0529079e-07,0.00044555234,0.0025883473,7.1352965e-06,0.1041528,5.0372866e-05,4.0299988e-06,1.117691e-08,0.0033935949,0.00022163733,9.835374e-06,1.3769368e-05,2.5927666e-06,0.0027929142,1.2426623e-06,2.9801464e-05,2.1879273e-06,6.0156826e-09,8.8270506e-05,7.2904935e-05,0.004399252,1.0354847e-05,2.170071e-05,5.2079202e-05,0.00013952228,1.2184644e-05,0.00016028258,3.5425473e-05,2.4404631e-05,1.1890247e-06,5.3423275e-05,0.0026056762,0.00023693935,2.6612157e-05,0.0006405306,0.00025795476,1.3545381e-06,0.00028595873,1.9903516e-06,1.279195e-05,2.9161788e-06,0.00011124818,1.9645779e-05,6.763041e-05,1.7867281e-06,1.25484e-07,0.0017978384,1.23837e-05,2.563159e-06,8.524214e-05,0.000122018006,0.00043855156,0.00010798746,3.6075897e-07,3.066825e-05,1.27720705e-05,0.00084593665,0.00011755566,1.7593112e-07,0.00013477218,2.455475e-07,9.078786e-06,0.00016700497,0.00026181163,1.735816e-05,7.272773e-05,0.00018578237,1.8955583e-05,1.2143115e-05,1.1582036e-06,0.00081246183,0.00069177616,1.0573228e-06,3.8872247e-07,9.311658e-09,1.966533e-05,0.00034551133,0.00059511064,0.00038268807,7.690974e-06,6.7864444e-06,1.0226445e-05,5.856579e-05,0.018231612,3.6437687e-05,5.741923e-05,2.6651218e-05,0.0041732555,2.6309623e-05,5.0127324e-05,1.507745e-06,0.00038643202,2.8511266e-07,6.0540146e-06,4.8354773e-06,1.192798e-05,2.0218519e-07,0.010625333,6.9393145e-06,8.9624285e-05,8.704502e-05,0.00025819565,0.00016527303,0.00037689036,8.031877e-06,0.00025171204
BC2026_Train_0048_S22_20220131_180000_040,3.979585e-06,5.691605e-05,3.684916e-07,3.6786372e-05,6.5383924e-06,1.6868445e-07,6.6087096e-06,2.3434156e-06,1.1367185e-05,9.543047e-05,0.00046472336,2.8984621e-05,9.701693e-06,3.1868979e-07,3.1162836e-06,6.963459e-06,7.2949247e-06,1.7604425e-07,2.3524708e-06,8.4340114e-05,3.594057e-06,0.0020879305,2.3309372e-05,7.941173e-06,7.2229675e-05,1.336108e-05,8.860827e-06,0.0006629087,3.8272447e-05,0.0005322436,1.7002147e-05,7.575261e-06,0.00022665641,1.7556185e-05,1.2378577e-05,2.731047e-05,6.239483e-05,3.5659312e-05,3.7783893e-06,0.00025501446,5.30853e-05,5.6407475e-06,1.2170417e-05,7.3582005e-06,2.0952382e-05,2.6734151e-05,3.37746e-05,2.0581143e-05,1.2071114e-05,1.593516e-05,4.9351625e-06,7.399408e-06,7.4644145e-06,1.1287495e-05,0.00019605138,1.20824e-06,0.0002708585,5.395415e-05,3.585621e-06,1.4064698e-06,0.0009916476,4.800301e-07,0.00010258226,6.048535e-05,0.00011149775,1.1257933e-05,0.0001638936,1.1396755e-06,0.00018655775,1.2935197e-05,2.0434027e-06,1.0809383e-07,1.5203998e-05,0.0028407436,0.0014277296,0.00059216877,0.00015657752,0.004903953,0.000109179615,0.029457372,0.00093711953,2.1518063e-05,0.005429718,0.0020049987,0.0006561955,4.4230088e-05,0.0004137645,0.00016593258,0.00026387407,4.514462e-05,8.844171e-05,3.294511e-05,0.0016548856,0.03771004,3.667383e-05,0.00020056442,7.3054725e-06,0.038048275,0.0003028622,0.00087995245,2.4122477e-05,2.6569252e-05,0.00082058203,0.0059522144,0.00024071334,0.00010602318,6.39341e-05,4.0587674e-06,5.385319e-05,8.032311e-05,0.00040201246,0.0003207224,5.9976173e-06,2.6783608e-05,0.000117023075,0.0006165522,2.8003464e-05,0.0155563075,7.738203e-05,0.0018198825,0.0024689904,0.0012194037,4.350077e-05,0.0031984202,0.00011259577,9.251734e-05,3.784675e-05,0.00022451695,2.1596965e-05,0.00046751671,0.00049164525,0.00011353105,0.35569686,0.0001858637,3.375148e-05,1.1686889e-06,0.005187953,0.00073328457,6.6047985e-05,0.00035147314,0.00012017097,0.0018794056,0.00022790614,0.000106994325,2.6118982e-05,4.5601246e-07,0.0009997955,0.00019337297,0.012301318,2.9400595e-05,0.00013588581,0.00023746949,0.00078173477,3.8339113e-05,0.0004214698,7.3092604e-05,0.00019458591,2.3363185e-05,0.0001915761,0.0013654304,0.00025148178,0.00012132083,0.014198672,0.00058741897,5.969611e-05,0.0054935114,7.473126e-05,0.000118904245,7.817393e-05,0.0004999206,8.505904e-05,0.00058809767,1.2614367e-05,3.9883694e-06,0.0043705725,0.0005132398,3.3989567e-05,0.00020791125,0.0005046726,0.00033188428,0.00023380367,9.706949e-06,4.3224416e-05,0.00016270661,0.0017104553,0.0012445304,3.1649079e-06,0.000337013,7.4959817e-06,0.0003194444,0.0010898572,0.00025757088,3.0355077e-05,0.0005958192,0.001222525,0.00024747816,5.4551758e-05,1.6827837e-05,0.00040895512,0.0012608579,6.249063e-05,5.1272896e-06,6.9952677e-07,0.0004647204,0.00037074107,0.00038145133,0.00043184904,0.0004390851,0.00013830946,6.280446e-05,0.00014236518,0.010081203,0.00046357207,0.0003029064,0.0002486811,0.0046441467,0.00015650199,0.00014031638,4.1500443e-06,0.0028695099,9.918224e-06,8.445762e-05,8.4015024e-05,9.325845e-05,6.5601835e-06,0.0159322,7.878136e-05,0.00085546565,0.00070334144,0.00037782534,0.0011401149,0.0018021762,6.990662e-05,0.0002896139
BC2026_Train_0048_S22_20220131_180000_045,7.266163e-08,1.6725266e-05,3.944912e-08,4.905581e-06,5.2102496e-07,7.8850434e-08,8.4705476e-07,7.63369e-07,7.340758e-07,3.1720328e-06,3.464674e-05,3.3583538e-06,1.2453874e-06,7.570963e-08,3.828612e-06,7.960272e-06,4.8985277e-07,4.3114273e-08,1.0030342e-06,1.8026429e-05,1.2561287e-06,0.0012622018,1.4683004e-05,5.8103694e-07,1.258254e-05,1.853882e-05,2.9384987e-06,4.715813e-06,2.4732197e-05,4.2266314e-05,9.879669e-07,1.190778e-06,0.00017408143,1.0635017e-06,1.2245604e-06,2.3519503e-06,2.164094e-05,1.6085478e-05,2.2263161e-07,7.231431e-05,7.329443e-06,3.0138003e-07,9.3535255e-07,1.2190374e-06,4.171941e-06,6.937945e-06,1.1531027e-05,8.461444e-06,4.1766543e-06,6.624289e-06,5.023208e-07,5.613592e-07,7.481758e-07,5.006498e-07,4.7646237e-05,9.852167e-07,2.9331866e-05,4.4996677e-06,1.9417846e-06,2.2178178e-08,8.199834e-05,1.0952207e-07,8.378636e-05,4.3301443e-05,8.044783e-05,5.1735387e-06,8.8321e-06,1.2866615e-06,7.0857925e-05,5.4757356e-07,5.591248e-07,1.8852342e-08,3.1001324e-05,0.0012902534,1.9712683e-05,7.475044e-05,6.983746e-05,0.0075971065,0.00011602031,0.013009312,0.00010167461,1.4735824e-06,0.0009791674,0.00087319413,0.0010310542,1.6420776e-05,3.731922e-05,5.9119287e-05,0.00010018994,3.2335192e-05,1.1228511e-05,4.0257387e-06,3.5452173e-05,0.0017164389,0.00065039675,3.2535256e-05,2.4305282e-06,0.07521613,0.00015386066,0.0112842955,3.562199e-05,1.4882243e-05,0.0003942032,0.00017747097,1.2203424e-05,0.00016094909,6.768153e-06,1.7983097e-06,3.3472326e-05,3.717669e-06,0.00074329507,0.00027281343,7.288891e-07,6.412736e-05,9.307448e-06,0.00018878593,5.59504e-05,0.020942686,2.932907e-05,0.0133963395,0.0089848,0.0012068949,1.8400746e-05,0.016997384,4.0387285e-06,0.00029938764,6.5359045e-06,0.00011793629,2.0349066e-06,0.00019912122,0.00036721776,0.00018287209,0.7015206,8.050961e-05,3.8845114e-06,2.9687989e-08,0.0013760155,0.00039499375,1.0365952e-05,2.416512e-05,3.5004105e-06,0.039068516,1.2163977e-05,0.00023756528,8.6081496e-07,9.366918e-08,8.2288e-05,0.0002752463,0.0005479977,6.409734e-06,3.794396e-05,0.00015466349,0.00020749694,1.4208726e-05,0.00030522054,2.7892751e-05,7.628449e-05,8.1013667e-07,7.197528e-05,0.0014478134,0.00057815015,0.00011324453,0.00023414542,0.0002792514,8.882537e-06,0.0008320374,1.2526985e-05,1.7078948e-05,6.9237003e-06,0.00037331984,0.00013462243,0.0008536722,6.0101165e-06,1.4225251e-06,0.06804009,0.00013165425,7.159331e-06,0.00012159474,0.00044783103,0.0004849052,0.000662323,4.4457274e-06,9.4611365e-05,4.8889713e-05,0.0014481981,1.9547777e-05,1.7024888e-06,0.00015023211,4.7517206e-06,1.48336985e-05,0.003193591,0.0004082756,0.00019556914,0.0015475973,0.00031203876,0.00028436608,7.234439e-05,1.4843448e-05,0.00039184248,6.811072e-05,1.3555792e-05,1.015241e-06,2.9133133e-07,8.918071e-05,0.0002294905,0.00067830126,0.00020748664,4.0089385e-06,1.5558771e-05,0.00014021032,6.550223e-05,0.070746325,0.0017190367,0.0002115349,1.1770155e-05,0.007385672,2.8661405e-05,2.1733744e-05,7.80502e-07,9.539335e-05,6.372749e-06,3.4185847e-05,1.8829194e-05,0.00039378216,5.4730804e-06,0.19649257,0.00024390584,0.00054987555,0.001983051,0.0006021254,8.502028e-05,0.0021344523,5.8686765e-06,0.0009005827
BC2026_Train_0048_S22_20220131_180000_050,5.1156474e-07,2.8589418e-05,1.8384497e-08,2.4804902e-05,3.0028687e-06,4.3447872e-07,2.3812932e-05,3.0348108e-06,9.634607e-06,4.5521985e-05,0.00029797948,3.328332e-05,8.601815e-07,1.173446e-07,6.854611e-06,6.6710985e-05,5.949253e-07,8.731544e-08,3.5217443e-05,8.221131e-05,8.489128e-06,0.009413851,4.1732626e-05,1.6015748e-06,0.00021216048,0.0001266323,3.6879187e-06,1.2048617e-05,6.232019e-05,0.00017725956,4.164178e-06,5.098852e-06,0.000270209,6.56464e-06,2.890225e-06,1.6920607e-05,2.1352158e-05,3.2343887e-05,9.3459374e-07,0.000248925,1.3186204e-05,1.2886976e-06,2.2791735e-06,5.773076e-06,6.6278976e-06,8.423427e-06,1.2774224e-05,9.027632e-06,5.499481e-06,1.2756062e-05,2.1868093e-06,2.6687376e-06,2.8394393e-06,1.4350171e-06,0.00014673054,6.20111e-06,5.828643e-05,0.00016672589,1.5256065e-06,1.4356839e-06,0.0104994895,5.13637e-07,0.00036812277,0.002145099,0.002564652,7.4671916e-06,1.0171568e-05,7.908132e-06,7.714751e-05,1.818878e-06,5.0580974e-07,1.13093435e-07,8.6470616e-05,0.0031643424,4.9705384e-05,0.0002894102,0.00014878853,0.003041462,0.00014733394,0.0028316732,0.00028617636,4.5508723e-06,0.0005098947,0.0008628527,0.00031165167,1.078214e-05,0.00010087856,6.805592e-05,0.00043901225,0.00017199594,1.5535732e-05,1.2412856e-05,5.9256577e-06,0.008127753,0.002554623,1.2174898e-05,7.998489e-07,0.08805547,4.2137814e-05,0.008321978,0.00012374217,1.724839e-05,0.0016457065,0.0013549518,7.127104e-05,2.9555093e-05,5.8020255e-06,1.2373358e-05,1.7947008e-05,1.4590488e-05,0.0011491051,9.256613e-05,2.673195e-06,0.00018332514,9.074268e-06,0.000114290204,7.254099e-05,0.0033273422,0.00016934193,0.0026331525,0.0011941254,0.0033911495,2.4094361e-05,0.00992125,5.187187e-05,0.00026502856,1.2819403e-05,5.1439663e-05,1.0437424e-05,0.0011509346,0.00025947223,0.00036294712,0.8650384,0.0001516265,6.7962183e-06,1.9188643e-07,0.0007425301,0.00027391955,1.8659913e-06,0.000108608816,2.6287255e-05,0.038187504,7.2921216e-06,0.00010908462,8.349872e-07,5.0774344e-07,0.0003449801,2.3923669e-05,0.00021383473,4.577511e-06,0.00020037634,0.000106132225,0.00028865074,1.2289522e-05,0.00027125518,4.0653773e-05,0.0004804852,2.4154895e-06,4.5884648e-05,0.00086322037,0.0013654024,4.5344736e-05,0.00046697355,0.00032271483,2.3060435e-05,0.0014336536,8.0651924e-05,6.081832e-05,2.4807267e-05,0.00011774067,6.6426284e-05,0.00013637713,3.312925e-06,3.1814548e-06,0.017563105,0.0013418844,1.2855102e-05,6.7835754e-05,0.0006640567,0.0012137769,0.00033312247,3.1110662e-06,0.00044917304,4.2561373e-05,0.0016428485,1.7732427e-05,2.896751e-06,5.4004646e-05,4.1049707e-06,2.0114936e-05,0.004329403,6.393398e-05,0.00050437154,4.1836145e-05,0.0008328533,0.00012536978,0.00011134942,2.5598447e-05,0.0002347877,6.5286964e-05,3.0040637e-05,1.946624e-05,8.510347e-08,4.298137e-05,8.5907865e-05,0.00039563855,0.00011450346,8.126003e-06,9.473395e-06,0.00030580777,0.00012234072,0.015711095,0.0018618354,0.00075947953,3.78422e-05,0.012408027,0.0001409359,1.4242478e-05,3.5419018e-06,0.00016608422,2.3419912e-05,0.000105830055,9.677752e-05,0.00012993476,4.2696697e-06,0.016758636,0.000129981,0.00019960766,0.00054003374,0.00089219335,5.0653263e-05,0.0036672594,3.928693e-06,0.000986698
BC2026_Train_0048_S22_20220131_180000_055,2.4062147e-06,0.0003526653,5.039316e-07,0.0001119817,5.0043673e-06,1.6531803e-06,2.5616277e-05,1.02447375e-05,3.3735294e-05,8.205215e-05,0.0008978102,9.359244e-05,8.733235e-06,7.257187e-07,1.2158817e-05,0.00019595811,8.760086e-06,5.7503325e-07,2.8871844e-05,0.0001305143,5.392853e-05,0.013028808,0.00035556502,1.6761225e-05,0.0004807812,0.00010360682,3.410564e-05,2.637152e-05,0.0005048747,6.982614e-05,3.0317755e-05,2.7906293e-05,0.0036022235,2.7823358e-05,2.678749e-05,5.8124686e-05,0.0002785239,0.0002771222,1.0348332e-05,0.0015837349,0.00018140943,1.27625835e-05,2.4696656e-05,4.164941e-05,9.3186085e-05,0.00012412056,0.0002441513,0.000148316,8.848254e-05,0.00013242643,1.8772538e-05,2.047576e-05,2.2047821e-05,1.695579e-05,0.0015079187,1.3472846e-05,0.0002062997,0.0003614944,1.6709386e-05,1.4328004e-06,0.0014703611,9.116111e-07,0.0007688565,0.0021444447,0.0013991046,0.000116855466,9.67862e-05,1.33348185e-05,0.000118217664,2.1177423e-06,4.265909e-06,6.7167053e-07,0.00019418373,0.0019019517,6.0238865e-05,0.00016111032,0.00014531409,0.00676493,0.00036414978,0.013842269,0.00053428987,1.5981715e-05,0.003757725,0.0017504917,0.0005739735,4.445637e-05,0.00028873276,0.00020793166,0.00081027235,0.00028507918,4.072381e-05,8.745703e-05,6.94722e-05,0.013358685,0.0023664187,2.9784163e-05,3.7262696e-06,0.35357708,0.00012629344,0.0045755664,0.00013711162,0.00013505096,0.0014883159,0.0010467202,8.428529e-05,0.00018359697,5.8235037e-05,7.663869e-06,3.0750427e-05,1.9407813e-05,0.0032224539,0.001108539,1.9387314e-06,0.0001329036,2.15234e-05,0.0002650991,0.00014740843,0.0037404792,0.0003375397,0.0078036366,0.0068728365,0.003068394,3.2483884e-05,0.0122026075,5.728764e-05,0.00034164303,1.840271e-05,0.0017749048,3.8748138e-05,0.0008907206,0.0018592336,0.00041328694,0.5594826,5.511891e-05,5.0843096e-06,2.8626295e-07,0.0032376614,0.001322397,2.7128455e-05,0.00012566865,1.7057835e-05,0.17885737,3.58744e-05,0.00030059082,9.212537e-07,7.9363804e-07,0.00061752164,0.00024386423,0.00061963784,1.4559493e-05,0.00015908595,0.00037722255,0.0006165178,0.000121190074,0.0011247703,0.00024738873,0.00026713163,1.5493712e-05,0.000120722034,0.0036516604,0.0047750548,9.510044e-05,0.0008025373,0.0012757295,6.124336e-05,0.0036112044,0.00022436758,8.461514e-05,3.4275778e-05,0.0005439788,0.00020930773,0.0015773725,1.690967e-05,7.32655e-06,0.04827283,0.00069143676,3.42229e-05,0.0004418323,0.0020023603,0.0015730695,0.0020680842,2.5603134e-05,0.00023288683,0.0002730661,0.00087500614,0.00010074561,2.4953115e-05,0.00022085576,9.52267e-06,5.2363055e-05,0.039504018,0.00064900785,0.00055837,0.00059112493,0.0007710816,0.000368797,8.558995e-05,5.4686505e-05,0.0006448249,0.00056088984,4.353115e-05,2.0466523e-05,7.724601e-07,0.000113489165,0.0007497554,0.0015241317,0.00010479231,2.3644618e-05,4.1102263e-05,0.00026771447,0.00031374683,0.06635992,0.0056359703,0.002146469,0.00012992362,0.13676015,0.00018091558,6.9441405e-05,2.3037799e-06,0.00012910274,5.7260604e-05,0.000341455,0.00010695975,0.00054768444,3.8944004e-06,0.31957513,0.00076213776,0.00019664897,0.0008338832,0.00094475946,0.00013056335,0.0031013298,2.1772536e-05,0.0038319482
BC2026_Train_0058_S15_20250617_060100_000,1.4349514e-06,4.8271566e-05,2.7853133e-08,4.1905305e-06,4.8450374e-07,4.981216e-09,1.0493128e-08,1.5500953e-07,2.4788535e-06,8.576387e-09,6.5055053e-07,2.8913554e-08,2.1279287e-09,7.813508e-09,2.3409399e-07,6.7970475e-08,7.623585e-10,4.1862918e-09,1.8969611e-07,1.9622926e-09,6.170183e-07,3.488639e-07,1.1006823e-07,1.5360242e-06,1.3587676e-06,1.809563e-09,6.874749e-06,2.2659409e-10,2.4786377e-07,1.2214966e-08,7.312299e-07,3.6458885e-06,0.00016607394,3.8480648e-05,1.3938421e-06,3.102105e-05,0.83615273,2.713218e-05,2.3442064e-07,0.00024854223,1.4309066e-05,5.0492395e-07,1.769871e-06,7.3682345e-06,3.1035106e-05,2.104464e-05,0.00015236682,0.00015645562,5.6509507e-06,1.030044e-05,2.0906202e-06,1.302115e-06,1.5510018e-06,6.301697e-07,0.00016410297,1.8151086e-08,7.2255854e-05,2.6657056e-06,3.0930944e-10,1.448291e-07,2.2262844e-07,1.2070349e-09,1.5291403e-07,4.607626e-06,1.674413e-08,8.6775024e-08,1.1515833e-08,1.2421435e-08,1.925807e-09,1.425511e-07,1.8126444e-09,7.926187e-10,0.0036384095,7.014201e-05,3.8199537e-06,6.7837723e-06,6.14227e-06,0.00020975506,9.887352e-06,1.2128683e-05,7.047637e-06,5.7025744e-07,1.9651643e-05,2.3480843e-06,2.157864e-06,5.02302e-06,3.2502483e-06,0.0062939003,0.00010963386,5.881788e-05,8.874881e-07,2.254551e-05,2.770328e-07,0.0008202349,0.00046156975,1.8369498e-06,8.2014136e-05,0.012622061,2.3870728e-06,0.0001406297,0.99965215,7.0726705e-06,0.00012710155,0.0001315299,3.0982468e-05,5.2278036e-05,5.1111514e-05,1.4915051e-05,1.4018689e-05,0.000116495554,2.4727564e-07,2.1614025e-05,1.2054156e-05,0.0001101657,1.3699856e-05,0.0025639287,9.213506e-05,4.5833527e-05,1.6334265e-06,3.9184856e-06,2.0638788e-06,0.00037924087,0.00019084173,0.0014238938,4.2355765e-07,5.5417154e-06,0.00028451197,2.181847e-05,1.058263e-06,2.6222255e-05,4.4980416e-06,4.491989e-06,1.5934911e-06,4.3215638e-05,1.2897393e-05,0.00015250752,0.0024421632,0.00021083097,4.4762677e-07,4.3017168e-05,2.5259246e-07,0.0020508969,8.448757e-07,0.0031278639,4.9514174e-06,9.9187375e-08,2.7808205e-06,2.8141845e-05,0.0034318194,5.638321e-07,2.565379e-07,1.9337092e-05,6.3306315e-06,1.7192557e-05,0.0011899191,3.3094082e-05,0.000106611194,5.713146e-07,5.0545805e-05,3.857187e-06,0.012603563,0.0002826141,3.8533085e-07,2.27328e-06,2.6280537e-05,1.8076415e-07,0.00030151475,3.9838113e-05,3.8830862e-07,6.733369e-05,1.4105185e-05,4.654486e-09,0.005618611,3.4520262e-06,0.0001735519,0.000695515,2.3028376e-06,0.0023215495,0.000104083934,6.4267747e-06,0.0031694013,1.4741208e-06,7.950551e-05,2.1715841e-05,0.0012719787,6.78915e-06,8.273158e-06,0.000796336,1.9023355e-06,0.00015913238,1.9248411e-05,0.00026613308,0.0006832578,6.6049716e-07,2.6349599e-05,1.7386521e-06,3.499389e-06,0.00019663773,0.00012707284,8.702405e-07,1.7621318e-05,0.00016821301,4.884546e-08,1.5044708e-05,8.480708e-05,0.0004168625,1.071505e-05,3.3799184e-05,3.4181044e-06,3.7343354e-05,0.00039113505,4.8714628e-05,8.545392e-06,6.862786e-05,9.568208e-07,0.31815466,8.340739e-05,4.145896e-05,1.7586115e-05,4.6727864e-06,1.2603472e-07,1.0860423e-06,1.8309756e-05,5.47141e-06,0.00044398216,0.99066496,0.0012263119,3.7237403e-06,7.545388e-08,8.6370484e-05,3.7991213e-05,0.00025974697,1.772954e-07,1.180945e-05
BC2026_Train_0058_S15_20250617_060100_005,9.2144603e-07,2.923212e-05,9.1028134e-08,1.8552757e-06,6.868851e-07,1.0139666e-08,3.149883e-08,3.5695547e-07,1.1020819e-06,5.9385825e-09,3.6133054e-07,1.0369578e-07,2.466925e-09,2.4063812e-08,1.2644891e-06,2.5922768e-07,7.640155e-09,1.2898745e-08,2.8813776e-07,4.1745785e-09,1.0249312e-06,6.2636684e-07,2.7628218e-07,1.1694715e-06,8.282988e-07,8.6841345e-10,2.9629323e-06,2.7164956e-10,4.8104744e-07,2.4135197e-08,3.2919735e-07,1.8261134e-06,0.00010496042,1.2971057e-05,8.987523e-07,8.762709e-06,0.65528375,2.6954209e-05,1.4521983e-07,0.00013042771,8.695703e-06,2.5265217e-07,1.1099177e-06,2.9755531e-06,2.0568134e-05,1.2972393e-05,8.998232e-05,9.2078764e-05,5.4460575e-06,9.657697e-06,1.2660349e-06,7.68441e-07,1.0610097e-06,2.4247694e-07,6.592182e-05,4.4507484e-08,3.557243e-05,1.5632933e-06,2.2453073e-10,1.05562656e-07,1.5243049e-07,2.6118117e-09,3.3411274e-07,8.0589e-06,8.166466e-08,2.5611868e-07,1.3974321e-08,3.7511956e-08,7.667893e-09,1.1219996e-07,1.922824e-08,2.4027658e-09,0.0010041973,0.00012247448,3.4184404e-06,7.85413e-06,1.5826903e-05,0.0001316304,9.410533e-05,5.049565e-05,7.749165e-06,2.7813908e-06,3.9198963e-05,4.897275e-06,2.1821759e-06,2.5997315e-06,7.654205e-06,0.0061669317,0.00029076345,0.0001377627,2.389731e-06,5.0193386e-05,4.8834056e-07,0.002081224,0.0008734592,6.3544935e-06,0.000102731254,0.017939376,3.1823183e-05,0.00022649462,0.9986444,2.8117163e-05,0.00041683234,0.00043088803,2.5931697e-05,0.000105341234,5.4789332e-05,3.4247354e-05,3.322481e-05,8.112546e-05,1.3326378e-06,4.306749e-05,3.3216722e-06,0.00064593944,8.264787e-05,0.0027417762,6.695138e-05,0.00019046216,2.1303904e-06,3.6304427e-05,2.0517114e-06,0.0004557799,0.00015940057,0.007599857,4.047027e-07,5.176528e-05,0.00048323514,2.8975612e-05,3.5274707e-06,3.8911217e-05,5.4705024e-06,5.1180818e-05,2.9664525e-06,0.00017065735,1.8468147e-05,0.00012520528,0.0055406243,0.00020512305,4.375299e-07,5.3043303e-05,6.2109126e-07,0.0019041852,1.3985169e-06,0.00799613,3.6258052e-06,4.7529304e-07,9.149581e-06,4.0838848e-05,0.0015004927,1.0252656e-06,4.6118723e-07,0.00011600538,8.129987e-06,6.299339e-06,0.004339509,4.7630885e-05,0.0005724852,1.6615177e-06,0.0001346716,1.3343876e-05,0.04601904,0.00054619054,4.0292196e-07,4.9979003e-06,4.0483625e-05,5.258662e-07,0.0010665135,5.5859186e-05,1.4657924e-06,0.00015658469,7.625808e-05,5.363274e-08,0.0022182716,9.7930215e-06,0.0011014029,0.0014129039,1.7709465e-06,0.0024421285,0.00020388661,4.595527e-06,0.005615966,4.8553384e-06,0.00015550817,0.0001349566,0.0038960804,2.0402313e-05,1.428831e-05,0.0013360173,5.1627107e-06,0.0001641557,5.689375e-05,0.0002061247,0.00062490226,1.6735992e-06,7.5624725e-05,7.999038e-06,2.0195339e-05,0.00046039867,0.0009922236,1.4974482e-05,4.9584334e-05,0.0009193386,1.3322524e-07,4.1679334e-05,0.00015315265,0.0009513453,7.0363144e-06,2.3265535e-05,4.2676215e-06,0.00012618414,0.0013915813,9.937896e-05,4.4238397e-05,0.00045035055,1.784671e-06,0.16256219,0.00054986274,6.502637e-05,7.622816e-06,8.862171e-06,8.152839e-07,1.0613906e-05,2.3572347e-05,8.021367e-06,0.0014918396,0.9965604,0.0009232572,1.6277381e-05,2.2891318e-07,0.0003794202,0.00022486423,0.0017751069,1.343045e-06,2.6646136e-05
BC2026_Train_0058_S15_20250617_060100_010,1.1656145e-06,4.655597e-05,1.2170825e-08,4.567024e-06,1.282228e-07,7.303104e-09,2.6419398e-08,2.1927224e-07,6.863167e-07,1.4544167e-08,6.877457e-07,6.189644e-08,1.0346296e-09,1.5511329e-08,2.980979e-07,1.246265e-07,1.1191666e-09,7.879839e-09,2.243925e-07,2.667962e-09,2.6408927e-07,4.891992e-07,2.258451e-07,1.949059e-06,8.2031113e-07,1.5110934e-09,3.962309e-06,1.8678124e-10,8.3124655e-07,1.4546746e-08,6.6802926e-07,4.3349223e-06,0.00016230388,3.9143495e-05,1.2166136e-06,2.8013908e-05,0.8591866,3.254438e-05,2.6469138e-07,0.00024291234,1.7506565e-05,4.5292572e-07,1.6414341e-06,7.1509994e-06,3.13677e-05,2.5184148e-05,0.00011615503,0.00013205834,6.7864444e-06,1.2374587e-05,1.490391e-06,1.0093174e-06,1.2920212e-06,7.002263e-07,0.00014022931,1.8139284e-08,0.000111336165,1.9095207e-06,4.1126869e-10,1.0378364e-07,1.0244939e-07,1.1462227e-09,9.22629e-08,4.0662026e-06,1.4767569e-08,1.5277044e-07,6.0385363e-09,7.923832e-09,2.8395433e-09,1.2355738e-07,6.7061685e-09,2.2193105e-09,0.0018398348,1.0812712e-05,5.675194e-06,6.6134953e-06,8.161232e-06,0.00032517966,0.00011587757,1.3027004e-05,7.1699897e-06,1.988718e-06,1.770159e-05,1.5017064e-06,1.620925e-06,2.079104e-06,5.058709e-06,0.002846237,0.00017994648,9.927725e-06,3.9672504e-06,2.5778236e-05,1.1189131e-06,0.000791144,0.00017028952,3.0137219e-06,5.4305885e-05,0.017251594,4.5337442e-06,4.5309334e-05,0.9984542,1.2648144e-05,0.00014744358,0.00018847227,5.28339e-05,0.00010634376,9.5010706e-05,1.0888926e-05,1.6982103e-05,0.00017181793,1.2731749e-06,2.5803962e-05,7.4869363e-06,0.00064282544,1.2729266e-05,0.009634522,8.072702e-05,2.5141746e-05,1.21977e-06,1.42215495e-05,2.8128916e-06,0.00038288897,0.0003565431,0.0021188275,3.2033157e-07,7.498262e-06,0.00024461406,8.806226e-05,1.8547396e-06,3.565353e-05,4.7544177e-06,9.305194e-06,7.4427276e-06,9.7608216e-05,6.902307e-06,8.9807705e-05,0.003503174,0.0003663497,4.038059e-07,6.829197e-05,6.5336525e-07,0.0033384124,1.1205962e-06,0.0047784094,5.916776e-07,1.9308311e-07,1.3457269e-05,3.393849e-05,0.002661509,8.253561e-07,3.2799088e-07,4.7075948e-05,4.753547e-06,4.226172e-05,0.0051098466,5.3923442e-05,0.00020771091,8.845451e-07,0.00016971698,1.4785193e-06,0.088561974,0.00047064046,9.840626e-07,4.9209316e-06,2.7844486e-05,7.27977e-07,0.00039245948,6.869929e-05,2.1260591e-06,5.656969e-05,7.13538e-05,2.3226313e-08,0.0025520544,3.9760456e-05,0.0004914867,0.00056348543,5.965178e-07,0.0013466317,0.00013907519,4.853047e-06,0.007176416,5.4731745e-06,3.7261645e-05,8.422527e-05,0.0010156938,3.1297037e-05,2.6327243e-05,0.0008809235,8.373935e-06,0.00015035363,1.9306983e-05,0.00013198092,0.00022090165,7.344616e-07,4.8782644e-05,2.7218953e-06,1.1243802e-05,0.0013314424,0.00024797983,1.7547165e-06,9.331672e-05,0.00044336932,2.390558e-07,3.8993086e-05,7.6937096e-05,0.0005489839,1.1966525e-05,3.393923e-05,3.423484e-06,0.00031939536,0.0013946514,5.918032e-05,1.5407146e-05,0.000104257364,2.516082e-06,0.6980954,0.00038648947,1.7834267e-05,1.3552755e-05,2.3466607e-06,4.546104e-07,1.4570299e-05,1.0076247e-05,1.162192e-05,0.00089964824,0.9931681,0.00046305734,1.596327e-05,7.612216e-08,0.000121278965,9.40003e-05,0.00065751985,4.194987e-07,3.8902275e-05
BC2026_Train_0058_S15_20250617_060100_015,4.621465e-08,4.67059e-06,3.0853182e-09,4.4535253e-07,3.047526e-08,2.2438601e-10,5.183971e-10,7.892519e-09,9.197615e-08,1.8094631e-09,1.00360765e-07,3.3320564e-09,7.344921e-11,5.1166127e-10,5.2172854e-08,6.266271e-09,6.0596674e-11,2.6300268e-10,2.1946738e-08,6.4448495e-11,4.464649e-08,2.7953885e-08,6.6802146e-09,1.08012834e-07,1.3454611e-07,2.9086528e-11,7.2044475e-07,5.9640457e-12,4.0672735e-08,6.2395406e-10,5.637487e-08,2.2916635e-07,2.2252038e-05,4.705184e-06,7.400012e-08,2.3828036e-06,0.61872375,2.3455332e-06,1.7482787e-08,2.4684483e-05,1.4430233e-06,3.5108798e-08,1.07864615e-07,4.11665e-07,3.0269603e-06,2.0138748e-06,1.2037052e-05,1.7791272e-05,4.185452e-07,7.276071e-07,1.0231484e-07,6.3148065e-08,9.0223146e-08,4.718093e-08,1.2932311e-05,1.3504955e-09,9.498987e-06,1.7971324e-07,9.812534e-12,4.9400763e-09,5.465945e-09,3.8514653e-11,1.23242305e-08,4.5744943e-07,8.0093604e-10,1.1319664e-08,4.940865e-10,6.3495237e-10,3.5384667e-10,1.3551252e-08,2.7851407e-10,6.52856e-11,0.00070674025,8.126948e-06,4.4108515e-07,1.006431e-06,1.1540966e-06,8.8874665e-05,1.2051858e-05,1.7439196e-06,2.3261928e-06,7.555326e-08,3.0654433e-06,1.476017e-07,3.739477e-07,2.2980367e-07,5.2265983e-07,0.0020657934,2.7746752e-05,5.8672217e-06,1.2017523e-07,1.1405223e-05,4.6949857e-08,0.00034804855,5.810878e-05,2.9795888e-07,9.697076e-06,0.00477731,7.0113236e-07,3.00884e-05,0.99956125,8.112763e-07,5.264148e-05,8.15782e-05,9.402148e-06,2.547493e-05,4.856816e-06,1.9684073e-06,2.7832084e-06,1.6541973e-05,1.3529188e-07,8.386915e-06,1.2397516e-06,0.00012125017,1.423004e-06,0.0014493198,1.0790184e-05,5.7031148e-06,1.588846e-07,1.9850702e-06,2.2285614e-07,0.0001021174,9.424397e-05,0.001024633,4.657712e-08,6.8706913e-07,0.00010394001,8.100068e-06,2.2265033e-07,4.973698e-06,1.9335262e-06,8.60343e-07,4.6016973e-07,1.4619027e-05,2.2824145e-06,2.019763e-05,0.0014128865,3.5795732e-05,4.844473e-08,1.1265847e-05,4.6462038e-08,0.00028737172,1.5235797e-07,0.0013177295,2.7438765e-07,5.5493214e-09,9.057383e-07,8.7557755e-06,0.00045028832,1.0339875e-07,2.709032e-08,1.1608981e-05,1.0290418e-06,1.616638e-06,0.0006820695,1.3991604e-05,3.0280453e-05,5.3768357e-08,1.5876292e-05,3.1231514e-07,0.008162623,5.0515355e-05,7.375649e-08,1.4338471e-07,4.1792e-06,3.848416e-08,0.00036185433,6.1479723e-06,1.0410839e-07,2.7735907e-05,3.3530637e-06,1.9395274e-09,0.0007097292,7.888359e-07,5.2450563e-05,9.5011426e-05,2.098017e-07,0.00044181183,2.818525e-05,6.826735e-07,0.0025848523,1.18279495e-07,1.4970927e-05,5.19146e-06,0.0006217424,1.6928152e-06,1.8940448e-06,0.0002812658,3.4725764e-07,2.7734082e-05,2.144893e-06,4.959143e-05,0.0001835471,4.6968395e-08,6.1580063e-06,3.9341077e-07,1.2548188e-06,6.5629094e-05,0.00014789544,6.042226e-07,1.2469155e-05,3.7570462e-05,8.186222e-09,4.4644644e-06,2.8322096e-05,7.632123e-05,2.4756757e-06,2.8797178e-06,1.9973268e-07,4.6483932e-05,9.440057e-05,8.022958e-06,1.9716485e-06,3.6402467e-05,1.7556708e-07,0.67063826,4.8435908e-05,1.2180344e-05,1.8642571e-06,5.807827e-07,8.478944e-09,3.5408573e-07,2.0837767e-06,1.7576793e-06,0.0003586747,0.9932695,0.00014372288,9.21113e-07,4.8865756e-09,3.3148095e-05,1.075588e-05,0.0002907213,4.1382403e-08,3.460263e-06
BC2026_Train_0058_S15_20250617_060100_020,5.2602818e-08,6.415072e-06,8.531695e-10,5.831136e-07,6.4534666e-09,3.0963349e-10,1.8893144e-10,1.521854e-08,8.646839e-08,6.1915424e-09,3.7133667e-08,8.253114e-10,3.0842502e-11,4.955664e-10,1.1046489e-07,8.707492e-09,8.611194e-11,2.2008419e-10,2.1530953e-08,2.5236615e-11,2.9083855e-08,1.2176536e-08,1.9052896e-08,3.779189e-08,5.5028845e-08,3.7461347e-11,5.7629048e-08,1.4906176e-12,2.9199168e-07,2.3448148e-09,3.8027974e-08,6.282981e-07,4.558528e-05,4.7575018e-06,4.26694e-08,6.3812504e-06,0.51478827,5.6151885e-06,1.6297893e-08,3.148101e-05,1.9657025e-06,3.648663e-08,2.8738112e-08,1.489635e-06,3.017112e-06,2.1155279e-06,2.5546113e-05,3.0033676e-05,9.807544e-07,2.096924e-06,5.0364466e-08,2.789338e-08,3.9774907e-08,3.2009087e-08,3.6818525e-05,1.1957927e-09,9.843838e-06,1.5714336e-07,7.171572e-12,1.8548799e-09,2.5978641e-10,5.4460114e-11,3.4192368e-08,8.0817665e-07,8.985864e-10,1.2621371e-09,7.261612e-10,1.7486078e-09,3.4288802e-10,8.032468e-08,8.817756e-11,2.665402e-10,0.0004072052,1.4262811e-06,6.882673e-07,2.5764342e-07,1.9236643e-06,1.6791333e-05,1.3968507e-06,1.2535593e-06,1.8979284e-06,3.817128e-08,2.2992738e-06,6.757544e-08,4.7744646e-07,6.2645405e-08,5.6256184e-08,0.0013707972,6.737679e-05,3.960518e-06,5.269631e-08,3.1261836e-06,7.102078e-09,0.0002870475,0.00030021707,1.2831956e-07,4.4077874e-06,0.013815437,2.38689e-07,6.8646136e-06,0.99988127,7.277397e-07,3.5292447e-05,6.110195e-05,1.5869397e-06,1.2561702e-05,7.8232557e-07,5.551531e-07,1.831087e-06,3.6871236e-06,4.4927287e-08,4.1628996e-06,8.869316e-08,9.6594325e-05,1.2048592e-06,0.00055612385,1.9299468e-06,1.4003173e-06,4.2958482e-07,5.2405517e-06,2.3017229e-08,3.310251e-05,1.3907436e-05,0.0029732806,1.2530946e-08,8.6360325e-07,3.2930784e-05,3.58014e-07,1.3965456e-07,8.0520085e-06,2.917297e-06,1.8847596e-06,1.0682493e-07,1.8662011e-05,1.0148711e-06,2.9212142e-06,0.0007123862,1.700526e-05,3.2377073e-08,6.484213e-06,5.514474e-08,0.00012970885,1.6557127e-07,0.0012731447,3.9274415e-08,2.758123e-09,5.3293326e-07,1.8835505e-06,0.0001617636,4.329194e-08,4.271834e-08,1.4532595e-05,1.0372155e-06,3.5131885e-07,0.00083621737,8.563748e-06,4.095093e-05,1.8660623e-08,5.4006264e-06,6.2809795e-07,0.009839217,0.00010873836,9.02562e-08,1.0761657e-07,3.599452e-07,4.5535234e-08,0.00015920703,1.428316e-06,1.576678e-08,2.4373256e-05,1.8966294e-06,3.937091e-10,0.00013853029,2.9022405e-07,0.00010514243,7.4869364e-05,7.397232e-08,8.588763e-05,2.204328e-05,2.9984215e-06,0.0019414547,1.1647951e-07,1.1275156e-05,3.5366497e-06,0.0014453854,8.9966136e-07,1.3101763e-07,0.00038765406,1.7066569e-07,2.6836098e-05,1.3567449e-06,4.035631e-05,0.00013418899,1.8401934e-08,1.2634376e-05,3.0304935e-07,1.5132593e-06,1.35002665e-05,6.68189e-05,2.2175139e-07,1.0632046e-06,6.3549516e-05,6.587067e-09,2.471029e-06,2.7378115e-05,0.00017140034,1.947762e-06,9.933145e-08,1.1875499e-07,1.9612422e-05,1.5349306e-05,7.5568046e-06,9.922093e-07,2.5355997e-05,1.2882522e-07,0.68404853,1.4095988e-05,8.414707e-06,8.560847e-07,3.3083643e-07,1.3913438e-09,1.2634798e-07,1.8807879e-06,8.752921e-06,0.0003337732,0.9314742,8.540504e-06,2.970881e-07,8.146611e-09,9.433876e-05,8.978785e-06,0.00026254053,8.6729e-09,1.5216252e-06
BC2026_Train_0058_S15_20250617_060100_025,2.4028387e-07,2.4169844e-05,1.7749727e-09,8.186394e-07,6.852278e-08,1.72116e-09,2.6482097e-09,1.03602474e-07,1.2957561e-07,8.560318e-10,9.8651924e-08,8.783522e-09,6.306901e-11,3.4611178e-09,1.3968133e-07,3.1413688e-08,3.0846398e-10,1.3117643e-09,4.300423e-07,4.851774e-10,7.189637e-08,2.451902e-07,2.7809552e-08,4.6724202e-07,7.3709096e-08,1.0669669e-10,2.4900535e-06,1.3571692e-11,1.7499234e-08,5.6307257e-09,1.0524161e-07,1.1180683e-06,0.00016723268,9.829232e-06,3.2385697e-07,7.4936584e-06,0.82155555,3.758806e-05,4.2531756e-08,0.0003124317,8.011275e-06,8.312095e-08,3.31457e-07,1.8648279e-06,7.982144e-06,5.4029447e-06,8.645017e-05,7.5917356e-05,4.637002e-06,1.330762e-05,3.925795e-07,2.60907e-07,2.842859e-07,8.026787e-08,0.0001186183,4.3647606e-09,2.7726099e-05,6.0929614e-07,2.5123702e-11,8.732074e-09,2.6033032e-08,3.6964387e-10,1.11672826e-07,1.8871193e-06,6.011233e-09,2.5293035e-08,2.1788733e-09,6.8933845e-09,2.5503117e-09,1.7096771e-07,1.5482621e-09,1.6321208e-10,0.00078522175,2.921749e-06,1.5536726e-06,5.147128e-07,2.6946059e-06,2.961126e-05,4.3918094e-06,3.400161e-06,1.089876e-06,5.618332e-07,4.66069e-06,8.3344133e-07,5.5640874e-07,9.440137e-07,9.002956e-07,0.0036775197,5.1289044e-05,8.172901e-05,1.2451838e-07,1.8974129e-06,1.383545e-07,0.0005846931,0.00018958378,2.1586832e-06,7.2633748e-06,0.1596933,2.4069698e-06,2.64609e-05,0.99987125,2.588838e-06,0.00021297646,5.1416908e-05,5.581229e-06,2.1873055e-05,2.0555306e-06,6.689277e-06,4.446461e-06,1.9888881e-05,3.160834e-07,6.3368225e-06,1.161706e-06,0.0003933725,1.7039604e-06,0.001157531,1.6846849e-05,1.1746876e-05,4.8413244e-07,8.284993e-06,6.5178756e-07,0.00020278404,6.158808e-05,0.0038075333,4.639429e-08,9.8340415e-06,0.00013737664,8.072446e-06,4.090614e-07,1.3071241e-06,2.9882713e-07,1.298944e-05,3.935057e-07,0.00010597113,1.8304952e-06,2.5010293e-05,0.0021793614,3.7156293e-05,5.2893576e-08,2.1191727e-06,2.605112e-07,0.001904973,1.2063109e-07,0.0026384047,8.221056e-08,7.8453496e-08,1.3845787e-06,8.2712095e-06,0.00081773725,4.9616796e-07,6.215755e-08,0.0001359173,8.1447797e-07,3.4922843e-06,0.001062525,4.1958856e-06,0.00019643233,2.0915584e-07,1.3781087e-05,1.1461249e-06,0.13372509,0.00019932486,2.843266e-07,1.9680622e-06,7.778916e-06,1.2543661e-07,3.6103385e-05,5.6454724e-06,6.02104e-07,7.888045e-05,2.4009427e-05,1.41845335e-08,0.00015022409,2.5946983e-06,0.00026073252,0.00014752879,6.2472395e-08,0.00043211377,1.5913474e-05,9.961592e-06,0.004633695,6.695071e-07,2.1590562e-05,1.642563e-05,0.0008633285,5.5935966e-06,9.4691165e-07,0.00046174182,3.115799e-06,2.3827924e-05,1.0411238e-05,3.7651775e-05,0.00016998987,3.2205088e-07,3.38618e-05,1.0732197e-06,4.8012394e-06,5.777763e-05,6.815899e-05,4.434141e-07,1.5649039e-05,4.6929334e-05,8.9649825e-09,1.5221174e-05,4.6815218e-05,0.000105674655,5.879308e-07,2.027031e-06,3.9829268e-07,2.2661048e-05,0.0002625493,4.8509355e-05,1.6561738e-06,2.3768462e-05,2.2397006e-07,0.04448173,0.00035332388,1.7035401e-05,3.0346425e-06,8.9865375e-07,2.0519079e-07,2.2184583e-06,6.5155664e-06,6.4693213e-06,0.00019871553,0.99269134,0.00020028693,3.6109602e-06,1.4133815e-08,5.4932945e-05,1.999769e-05,0.00027348453,7.948236e-08,4.2554543e-06
BC2026_Train_0058_S15_20250617_060100_030,3.1703216e-08,1.9125031e-05,2.1696093e-12,5.8829606e-08,3.883452e-10,1.669096e-10,1.6332542e-10,7.0940125e-08,2.7858873e-08,2.0124193e-10,1.3848157e-08,2.1291376e-10,1.6124799e-12,5.5243823e-11,5.9014447e-09,1.9967377e-08,8.535935e-12,2.0839488e-11,8.5434743e-07,2.2539564e-11,2.0339763e-09,1.1098991e-07,2.6841522e-09,1.4181362e-07,1.4622626e-09,5.026578e-13,5.45903e-07,6.332373e-14,1.9761521e-09,5.508027e-09,6.8019728e-09,2.4928613e-07,0.00071540836,2.3324772e-06,3.5618854e-08,1.8972969e-06,0.9133609,0.00011024988,3.2436582e-09,0.00075108657,1.574932e-05,6.088045e-09,3.3469625e-08,5.24743e-07,7.8908727e-07,3.7805054e-07,0.00010470001,6.1370454e-05,8.674566e-06,5.0053095e-05,2.0725397e-08,1.8301545e-08,1.4892622e-08,1.36638665e-08,0.00031088365,7.054737e-11,5.76721e-06,8.152118e-08,3.8071423e-13,5.4868643e-10,1.6247223e-10,2.0255226e-11,4.340066e-08,2.9700482e-07,8.677032e-10,1.1371161e-09,5.9415706e-10,9.599855e-10,3.367007e-10,1.4530524e-08,1.774568e-11,3.96594e-11,0.00018129687,2.7837148e-08,7.4361327e-07,6.907006e-09,6.7133506e-08,1.9487287e-07,4.4267463e-08,9.354114e-07,6.704074e-08,1.1922724e-08,3.0227778e-07,2.6405948e-08,1.8531763e-08,1.2161688e-07,5.046108e-09,0.0048202155,1.035299e-05,4.1256204e-05,1.5993572e-09,1.9683661e-08,6.381613e-10,0.00032732828,3.7651418e-05,3.038755e-08,2.388714e-07,0.99232966,6.777603e-08,7.0032104e-07,0.9999782,2.1851322e-07,2.4484007e-05,1.2200597e-05,5.281262e-08,1.2005065e-06,4.7630557e-09,2.1465863e-07,1.7478024e-07,5.369088e-07,8.300241e-09,2.0776935e-07,5.8911316e-09,0.00010514153,8.964611e-08,1.6913864e-05,1.2340159e-07,1.1613653e-07,2.5460263e-08,5.020525e-06,8.259906e-09,4.797212e-06,1.3589425e-06,0.0005766769,7.522993e-10,4.4377327e-07,4.4104577e-06,7.0559715e-08,1.331716e-08,1.3878458e-08,1.941675e-08,2.5607108e-06,6.3375327e-10,2.9030296e-05,1.8208093e-08,5.612446e-08,0.00071108434,4.0514945e-07,3.2524286e-10,6.9029124e-07,1.5646082e-08,0.0001941765,6.2235697e-09,0.0001385324,1.6423048e-09,4.7647917e-09,4.0715577e-08,1.5658534e-07,0.00051781436,3.777517e-08,3.1760399e-09,3.385974e-05,1.4836485e-08,5.3116608e-08,0.0003106801,1.4270005e-07,2.1847934e-05,9.373451e-10,5.640235e-07,1.2826307e-06,0.016451085,1.9389203e-05,8.3317255e-09,1.3153925e-06,9.569098e-08,9.595081e-09,1.342639e-06,1.5093187e-07,2.2395854e-09,5.7244633e-06,1.5913649e-06,1.1624003e-09,1.5254248e-06,8.4362945e-08,0.00017826755,5.364801e-06,3.4408414e-11,1.2646708e-05,5.0736685e-07,1.0310152e-06,0.001474027,3.655124e-07,9.816033e-06,7.030755e-07,0.00010462467,6.9115225e-07,2.4290784e-08,4.8801485e-05,7.997049e-08,7.2631275e-07,3.2966243e-06,3.5002536e-06,5.226287e-06,8.154354e-09,2.2761672e-06,2.9286477e-08,2.3572514e-07,1.3961103e-06,1.7205854e-06,1.6663588e-08,7.6293225e-07,2.9681248e-06,1.3724213e-10,1.7666432e-06,6.1031838e-06,4.9066484e-06,7.827604e-09,1.1483174e-08,9.4627515e-09,1.4943263e-06,8.338538e-06,4.8722504e-06,4.997019e-07,5.5376086e-07,3.887723e-09,0.0010855958,6.56084e-06,1.6640771e-06,1.0418149e-07,5.2459235e-08,8.978638e-09,1.8393237e-07,6.4060697e-07,2.4814149e-06,7.275583e-06,0.9984143,2.7750134e-06,4.6747374e-08,4.7560994e-10,8.151322e-06,8.069114e-07,2.98546e-05,2.62703e-09,1.5241261e-07
BC2026_Train_0058_S15_20250617_060100_035,2.1193669e-08,3.292997e-05,1.3812365e-11,1.7997374e-07,2.9162273e-09,4.0514897e-10,5.072304e-10,1.6861868e-07,1.9280047e-07,4.929431e-09,2.9659745e-08,7.576474e-10,1.3612315e-11,1.329542e-10,1.4538897e-08,9.883215e-08,4.209756e-11,7.020681e-11,1.9173199e-06,5.2712817e-11,1.0264298e-08,2.760504e-07,6.7866166e-09,2.434455e-07,4.755984e-09,3.015832e-12,2.1567757e-06,2.1260501e-13,5.0526863e-09,1.5036477e-08,2.5307415e-08,6.2119966e-07,0.0015171979,6.2873837e-06,8.002313e-08,3.4340685e-06,0.7738283,0.00019546734,1.716869e-08,0.0012458741,3.7846567e-05,2.9360308e-08,8.222546e-08,1.2384752e-06,2.1564117e-06,9.918875e-07,0.00019772084,7.410203e-05,2.0611213e-05,0.00010394913,6.38252e-08,4.8981583e-08,4.5148138e-08,4.7735075e-08,0.0008366844,3.891096e-10,7.735262e-06,2.7458293e-07,4.8640462e-12,1.7717221e-09,2.083764e-09,1.1431742e-10,2.1461871e-07,7.389165e-07,2.693522e-09,5.9957745e-09,2.3119604e-09,1.0601054e-08,1.3659666e-09,4.2994383e-08,5.582534e-11,1.8265957e-10,0.0004177098,1.3310154e-07,1.2621855e-06,1.2888662e-08,1.962178e-07,9.047463e-07,6.586291e-08,6.9163747e-07,2.3110984e-07,1.2190549e-08,1.8530228e-06,5.61808e-08,3.069858e-08,1.3527679e-07,5.859184e-09,0.0072784824,2.5959707e-05,0.0001797143,1.9366884e-09,8.5819224e-08,6.500854e-10,8.3512525e-05,4.6884918e-05,8.172543e-08,1.5508436e-06,0.9976603,1.2534669e-07,2.881561e-06,0.999972,6.5156445e-07,2.9420395e-05,9.899485e-06,1.3082024e-07,1.253508e-06,9.591953e-09,1.7627055e-07,6.583226e-07,5.6096366e-07,1.3945424e-07,1.7165895e-06,4.1578754e-09,0.00011453283,9.223281e-08,1.2994792e-05,6.090928e-07,1.6294776e-07,7.1640116e-08,5.108338e-06,5.601346e-08,1.4258732e-05,2.3950356e-06,0.0011916789,2.9324025e-09,7.9049425e-07,1.5020881e-05,5.1986507e-07,4.1116785e-08,3.466246e-08,1.2047128e-07,1.5886128e-06,1.6577477e-09,3.3409917e-05,5.0198555e-08,1.8780999e-07,0.0004983468,7.030889e-07,1.8612272e-09,1.1724129e-06,1.5780229e-08,0.00045253948,1.0440045e-08,0.00017411233,6.578466e-09,9.048299e-09,4.9298656e-08,2.8599717e-07,8.750233e-05,6.363241e-08,1.8340401e-08,0.00014104908,5.0409344e-08,1.160763e-07,0.00048445497,2.8131734e-07,1.9782421e-05,6.7557884e-09,3.2624047e-07,4.5614483e-06,0.015856156,2.219958e-05,8.5807885e-09,1.3618863e-06,6.281435e-08,1.0642323e-08,2.1312133e-06,2.4377212e-07,5.1648863e-09,3.161504e-05,1.6553354e-06,6.5700405e-09,3.4306347e-06,5.0462834e-08,0.00040251133,3.7174245e-06,2.892119e-10,2.2002701e-05,2.044348e-06,3.2979706e-06,0.002210427,2.552131e-07,1.47461515e-05,2.0188743e-06,0.00013392553,1.978562e-07,3.5956877e-08,0.00019665383,9.732886e-08,1.2585544e-06,2.9104388e-06,1.2119468e-05,3.9765993e-05,1.3759166e-08,2.7507226e-06,1.4205428e-07,3.6916552e-07,1.4635115e-06,5.2584237e-06,3.9031416e-08,6.31739e-07,1.9048791e-06,3.6278897e-10,9.92602e-07,1.8759561e-05,7.4787517e-06,3.894649e-08,1.7747332e-08,1.0405196e-08,1.7653852e-06,3.0418576e-06,1.8576373e-05,4.217342e-07,1.4591758e-06,7.052537e-09,0.007023395,4.970711e-06,9.049327e-06,1.8310821e-07,1.5227036e-07,9.84117e-09,1.7604088e-07,1.4318047e-06,1.2243279e-05,8.656972e-06,0.9903867,6.433482e-06,3.540401e-08,4.262218e-10,2.994773e-05,4.1879554e-07,6.186061e-05,3.5306953e-09,3.8249266e-07
BC2026_Train_0058_S15_20250617_060100_040,6.839639e-08,0.000103596845,1.6036015e-11,4.4374997e-07,1.120795e-08,1.2743722e-09,3.1253629e-09,6.876703e-07,2.7774942e-07,1.1023374e-08,1.3589758e-07,9.605281e-09,2.2989905e-11,7.088974e-10,3.9975312e-08,9.965481e-08,5.962505e-10,4.134307e-10,2.5079607e-06,4.1471412e-10,1.0626644e-08,4.7152324e-07,1.2440998e-08,6.6816693e-07,1.0267783e-08,1.019807e-11,1.7056335e-06,6.47228e-12,1.66214e-08,8.642667e-08,9.4646516e-08,2.109148e-06,0.0035099818,1.2854636e-05,2.744133e-07,1.0123655e-05,0.7770012,0.0005893773,5.4048645e-08,0.0041996585,0.000107782624,8.086255e-08,2.8608773e-07,3.5249586e-06,4.474468e-06,2.3733894e-06,0.00040650583,0.00012162143,6.9285634e-05,0.0003062063,2.179941e-07,1.7786155e-07,1.2637257e-07,1.6064806e-07,0.0025780874,9.78884e-10,4.123693e-05,5.36487e-07,4.0787568e-11,7.88307e-09,1.8503886e-09,1.7754062e-09,2.4331365e-07,1.0188724e-06,4.9239715e-09,3.7224206e-09,5.862247e-09,5.8188157e-08,2.3365434e-08,2.0772697e-07,4.528168e-10,4.9523574e-10,0.0018540262,1.3323464e-07,2.5610903e-05,1.9267934e-07,8.6669473e-07,1.4098043e-06,4.931169e-07,1.799423e-06,3.3198373e-07,9.610984e-08,3.3386568e-06,4.0340217e-07,4.404974e-08,5.9149363e-07,6.862428e-08,0.0027982765,5.39595e-05,0.0005070966,5.175803e-09,5.9692974e-07,2.8347216e-09,0.001591964,3.8006317e-05,4.2500662e-07,1.2121812e-06,0.99992955,5.3402204e-07,5.536243e-06,0.99953413,3.688348e-06,0.00014330987,1.4788372e-05,5.061022e-07,2.6173318e-06,6.7766464e-08,7.716354e-07,1.3374556e-06,2.3972066e-06,3.5892063e-07,1.4100515e-06,2.13059e-08,0.00026346304,6.1145926e-07,7.283607e-05,1.8332869e-06,5.1474274e-07,3.4555464e-07,3.4116085e-05,1.4261094e-07,1.7346656e-05,1.3329211e-05,0.0013119932,1.4001856e-08,7.2766234e-06,1.1564626e-05,2.4597905e-06,2.4014116e-07,1.73697e-07,5.918401e-07,1.8179761e-06,2.6799638e-08,0.00015463297,2.1963764e-07,2.7656344e-07,0.0005103993,5.125158e-06,4.187865e-09,6.889897e-06,2.535003e-07,0.0007321443,8.287763e-08,0.00021624407,2.7585084e-08,2.7767415e-08,5.056656e-07,3.5704875e-07,0.001044085,2.2657706e-07,1.7793077e-07,0.00041134033,1.4657823e-07,1.5765929e-06,0.0013518957,1.5777722e-06,9.8041986e-05,5.5838733e-08,2.7134693e-06,3.050837e-05,0.034977708,6.442095e-05,3.3205717e-07,5.8460108e-05,5.089385e-07,1.0292709e-07,7.946938e-06,9.573074e-07,7.0900896e-08,5.6035948e-05,1.8084816e-05,6.782336e-08,5.1337383e-06,7.078981e-07,0.0008262721,1.0712087e-05,8.870831e-10,4.1702988e-05,2.388102e-06,4.4589497e-06,0.005978125,1.1420093e-06,0.00010293061,6.74858e-06,0.00013402863,5.663775e-06,4.3284638e-07,0.00022137164,2.9489087e-07,3.9383635e-06,7.810181e-06,1.0828697e-05,1.6970072e-05,9.996759e-08,8.475675e-06,7.154029e-07,1.942116e-06,5.259828e-06,1.0785163e-05,1.6259057e-07,4.116339e-06,3.6208849e-06,1.2873349e-09,3.961247e-06,3.3197633e-05,1.526825e-05,2.163831e-07,3.0168277e-08,5.6939502e-08,6.3509674e-06,3.4840836e-05,5.443026e-05,1.6675403e-06,1.0417446e-05,2.45105e-08,0.004984319,4.8506816e-05,1.3614963e-05,3.0713627e-06,3.4301956e-07,2.168543e-07,1.9379866e-06,6.4570495e-06,2.5293954e-05,4.3532245e-06,0.9840493,2.1908523e-05,1.0554857e-07,7.601345e-09,5.8815076e-05,2.2160793e-06,2.635709e-05,1.7164794e-08,2.3750288e-06
BC2026_Train_0058_S15_20250617_060100_045,3.5061152e-08,4.4299355e-05,6.280039e-10,2.7611043e-07,8.465547e-09,8.735634e-10,2.3649052e-09,2.781534e-07,8.386352e-08,3.9262918e-10,5.1493572e-08,1.3539652e-08,1.6651774e-11,2.1583448e-09,1.1471193e-07,7.4235366e-08,5.2964594e-10,8.6065666e-10,2.0659492e-07,4.663761e-10,2.3773389e-08,7.905417e-07,1.2817837e-08,4.2064283e-07,2.1695975e-08,2.5798448e-11,7.413008e-07,5.475474e-12,3.1027053e-08,3.1664222e-09,5.4968623e-08,9.0920435e-07,0.0006371596,4.719606e-06,1.8517072e-07,5.049609e-06,0.88622546,0.00010555018,2.5970145e-08,0.0005595386,1.48045165e-05,3.6483637e-08,1.540384e-07,1.9562676e-06,5.68911e-06,3.136953e-06,0.00019783946,0.00014658552,1.1978536e-05,4.0793973e-05,1.7993257e-07,1.1654972e-07,1.0555601e-07,4.8184866e-08,0.00019541386,2.1189415e-09,2.0024501e-05,4.533051e-07,8.516452e-12,3.733805e-09,3.4680567e-09,1.4186495e-10,1.9085364e-07,3.0355488e-06,1.3068502e-08,7.450584e-09,3.7981422e-09,1.2637494e-08,5.1326454e-09,3.1581546e-08,2.1881312e-09,1.0089574e-10,0.0013825551,3.0820695e-06,1.0359967e-06,3.665261e-07,9.3089955e-07,6.575786e-06,1.663301e-05,9.503699e-06,4.2950987e-07,1.5117733e-07,2.9415294e-06,5.7756415e-07,4.6450126e-07,2.622864e-07,2.0776203e-07,0.00473425,4.16296e-05,0.00018397727,1.8278556e-08,5.303212e-07,2.5295494e-08,0.004161489,0.00020383354,3.3802246e-07,1.2313984e-06,0.95297444,2.2837035e-06,7.604751e-06,0.9999794,4.3445366e-06,5.195727e-05,2.8582577e-05,6.8182965e-07,5.8998544e-06,1.8918068e-07,2.8067525e-06,1.1908688e-06,7.219605e-06,3.0275095e-07,1.4701995e-06,6.274299e-08,0.0003280584,9.980096e-07,0.00019315866,3.5232079e-06,3.014627e-06,5.7285865e-07,3.970188e-05,1.9355303e-07,6.849141e-05,2.19411e-05,0.0064758016,5.894245e-09,3.0821695e-06,3.2326894e-05,1.5868111e-06,3.1014605e-07,1.2183203e-06,2.5950843e-07,7.2721696e-06,1.8030083e-07,0.00012544621,5.591819e-07,1.0261117e-06,0.0021593496,7.894629e-06,1.3479407e-08,1.6599071e-06,1.2952063e-07,0.0034458977,5.0140184e-08,0.005483795,9.174623e-09,3.838695e-08,5.5831384e-07,3.7433017e-06,0.00048514517,2.813101e-07,2.6563557e-08,0.00025303353,1.7830263e-07,7.511686e-07,0.0017868622,3.6517483e-06,0.00019618435,3.0325637e-07,6.5734416e-06,1.1386824e-05,0.085879825,0.00011452804,1.8505648e-07,4.341376e-06,8.6071805e-07,4.1524803e-08,6.305386e-06,1.7468474e-06,7.30898e-07,1.70228e-05,9.275107e-06,3.266918e-08,2.0680853e-05,2.0559266e-06,0.00046119333,2.1202168e-05,3.0951912e-09,0.00012286424,1.5489102e-05,1.8634466e-06,0.0063716895,1.5317252e-06,4.9400594e-05,2.7903872e-05,0.00038169615,5.6746694e-06,9.016678e-07,0.00032513624,6.5863594e-07,6.175968e-06,2.9699864e-05,2.5575124e-05,0.00011558512,9.393918e-08,1.7060016e-05,5.5278684e-07,1.5204749e-06,2.849334e-05,2.577396e-05,5.480819e-07,1.4383889e-05,2.7020997e-05,4.5930264e-09,6.9914454e-06,3.300668e-05,6.397259e-05,2.2282514e-07,1.07725825e-07,3.1131032e-07,2.7035196e-05,0.00019413244,9.436385e-05,9.649751e-06,1.4888603e-05,4.7584905e-08,0.018762536,0.00035605178,1.1360727e-05,9.936892e-07,3.4800885e-07,2.3975488e-07,3.8347735e-06,8.27708e-06,6.8411196e-06,0.00010640726,0.9965773,8.6775166e-05,1.2901768e-06,1.7771313e-08,4.7375706e-05,3.2388736e-05,0.00044868301,8.199523e-08,4.0451964e-06
BC2026_Train_0058_S15_20250617_060100_050,3.5971178e-05,0.0005646739,2.414255e-09,7.890828e-06,3.367557e-07,6.3842734e-08,6.345498e-08,3.4583363e-06,1.3218158e-06,4.725974e-08,6.167847e-07,2.2311495e-07,7.759656e-09,7.556392e-08,6.6826317e-07,1.2434609e-07,4.3109325e-09,4.5784567e-08,1.7741784e-06,8.589992e-09,3.165253e-07,4.7365097e-07,4.1536885e-07,4.638523e-06,6.6772355e-07,1.3366733e-08,5.8196865e-06,1.3024425e-09,1.978542e-05,1.2812443e-06,1.3103254e-06,6.5517415e-05,0.003076832,0.00011392906,4.3578852e-06,0.00032834127,0.96862453,0.00096688594,1.0878263e-06,0.001979195,0.0001533049,1.492341e-06,1.5409938e-06,0.0001587105,9.808743e-05,7.374955e-05,0.0013205757,0.0020235598,0.00023877108,0.00040010977,1.6796097e-06,1.3466695e-06,1.2490962e-06,2.1790233e-06,0.001557135,1.5233617e-07,0.0012266132,2.2403508e-06,1.2894514e-08,2.7436255e-07,4.9309666e-08,5.153078e-09,6.852689e-07,9.2267715e-07,2.5068166e-08,1.0214832e-07,6.9851886e-08,2.5211642e-07,1.9707147e-07,4.137845e-06,8.350961e-09,1.4271293e-08,0.0057431,1.577767e-05,4.7634017e-05,1.7071978e-05,1.6906219e-05,0.0005576674,9.155394e-06,0.00013069238,7.026377e-06,1.2719966e-06,2.6666245e-05,9.919094e-06,7.0862416e-06,5.6195763e-06,1.358657e-05,0.002597038,0.00019845556,3.89664e-05,3.955479e-06,3.8641607e-05,1.6208973e-06,0.037263688,0.00055829156,1.1908021e-05,1.1295497e-05,0.9150127,3.3764884e-06,0.00014033217,0.9978605,1.83831e-05,0.0003096044,0.0004429329,0.00010135179,5.9891237e-05,0.00022726927,9.1070815e-06,4.7424208e-05,8.81524e-05,1.057229e-06,5.6635326e-05,1.6976548e-05,0.0031980067,7.998679e-06,0.009440194,0.00014657028,0.000114176495,3.2103155e-05,8.9315516e-05,2.5032126e-05,0.0003919282,0.0004934371,0.0019924538,8.001571e-07,2.0717884e-05,0.00037337875,3.6064022e-05,9.073826e-06,0.00034205627,3.2971006e-05,1.8472147e-05,7.277131e-06,0.0005758116,4.8322554e-06,2.2489435e-06,0.004913538,0.00035398992,1.0689785e-06,0.0005005057,9.657546e-07,0.010860428,1.5418773e-06,0.0023500759,6.21251e-06,1.5135984e-07,6.2509616e-06,4.9062564e-05,0.60170275,3.3378071e-06,6.1614446e-07,0.00015826711,1.8691704e-05,0.00011023506,0.0053834366,0.00036966483,0.0023445853,2.808528e-07,0.00020991711,1.1092077e-05,0.058233548,0.0010242088,1.7006607e-05,2.8131435e-05,9.246624e-06,1.1379365e-05,0.0006997302,4.8779573e-05,3.3317133e-06,0.00016447078,0.00016367681,1.732723e-07,0.0022737894,7.8401026e-05,0.00037033117,0.00037330046,1.365487e-07,0.0015328382,7.625292e-05,9.808986e-05,0.012433683,3.2452735e-05,0.0001304741,0.00014491142,0.002264391,9.937167e-05,1.8503846e-05,0.0008991422,3.5965288e-06,0.0002546709,3.5790476e-05,0.00015106527,0.00044695716,1.3485224e-05,0.00029030116,1.1815849e-05,7.198255e-05,0.0017041252,0.0005139124,1.6001413e-06,2.8635914e-05,4.5442266e-05,1.4841162e-06,2.643583e-05,0.0002479077,0.00028648757,3.2486394e-05,1.0804528e-05,2.7209715e-06,9.800525e-05,0.00056330475,0.00064629567,1.4070429e-05,0.00016889382,2.7286999e-06,0.07956074,0.0005102198,5.074126e-05,1.2669209e-05,5.884677e-06,1.7246135e-06,4.176655e-05,4.4032335e-05,4.9755185e-05,0.00017426696,0.9906849,0.00059876294,1.2574767e-05,2.631972e-07,0.00043354178,2.2402917e-05,0.00052976474,7.365786e-07,6.126059e-05
BC2026_Train_0058_S15_20250617_060100_055,1.8132125e-08,6.41796e-06,1.6319371e-10,1.5095188e-07,4.3610995e-09,4.0976686e-10,2.0307965e-10,4.089685e-08,3.0243633e-08,5.4328375e-10,2.0161789e-08,1.072689e-09,4.6117966e-12,3.1142336e-10,1.588335e-08,2.8181729e-08,1.05005405e-11,1.4132319e-10,4.4621807e-08,4.6395904e-11,9.116814e-09,3.589664e-08,3.2824254e-09,4.624137e-08,1.5649423e-08,6.3293966e-12,1.5834412e-07,1.0999703e-12,4.187947e-08,1.442559e-08,5.43166e-09,3.0129868e-07,5.7527315e-05,1.1694771e-06,2.5604459e-08,1.9915362e-06,0.74033344,1.8931287e-05,3.1426381e-09,4.3462915e-05,1.9471734e-06,3.805502e-09,1.24162955e-08,6.5153586e-07,1.4979476e-06,7.04544e-07,2.5253605e-05,3.0050867e-05,2.1271017e-06,6.047004e-06,1.3583029e-08,9.243671e-09,8.939473e-09,6.1189303e-09,2.4850195e-05,6.0044686e-10,2.9598368e-06,7.9379944e-08,1.999367e-12,2.3752937e-09,4.656555e-09,2.4354584e-11,2.6267207e-08,2.1613498e-07,3.3487044e-09,8.598577e-10,5.2355026e-10,8.989451e-09,1.8640328e-10,3.172862e-08,6.403813e-11,2.2317925e-11,0.00061736745,1.8567076e-06,3.5882994e-07,5.4392096e-08,6.01276e-07,6.5985396e-06,9.155661e-08,7.259379e-06,3.2691725e-07,5.901212e-08,2.7495084e-06,9.635451e-08,3.2843064e-07,8.079688e-08,9.183276e-08,0.0017117879,2.0286912e-05,4.0564006e-05,2.2972756e-08,3.2074394e-07,9.434223e-09,0.0039348933,0.0002330403,3.7190838e-07,1.3647361e-06,0.6805686,7.9538074e-07,1.3109143e-05,0.999954,1.1011132e-06,0.00010102238,4.0185794e-05,1.2896147e-06,3.0036304e-06,2.0132954e-07,1.0227928e-06,1.2506648e-06,1.005509e-06,5.100881e-08,1.2121525e-06,3.0912926e-08,0.00015391334,7.650758e-07,0.00024469593,3.84969e-06,1.971261e-06,1.5615215e-07,4.9672753e-06,2.1674678e-07,3.4085388e-05,5.17711e-05,0.002479342,9.580032e-09,1.2642927e-06,4.134699e-05,3.8098764e-07,5.0933373e-08,2.0090483e-06,4.9328526e-07,1.4103879e-06,6.367467e-08,4.3008597e-05,3.1517646e-07,9.592136e-07,0.0007076895,6.05763e-06,8.58326e-09,5.2815526e-06,4.1846413e-08,0.00013396576,9.240798e-09,0.0016940322,1.1653662e-07,5.3597846e-09,6.7954524e-08,1.9038365e-06,0.004105971,3.417953e-08,1.1009862e-08,1.098041e-05,2.9303723e-07,3.3356608e-07,0.0012757671,3.6133613e-06,7.667876e-05,2.2684167e-08,2.5350735e-06,8.8848157e-07,0.044938263,6.369865e-05,1.7502927e-07,9.609231e-07,4.594015e-07,4.36617e-08,3.2671044e-06,2.2579995e-06,4.7800224e-08,7.954141e-06,5.1112816e-06,1.0903196e-09,3.1323223e-05,8.2566174e-08,0.00016525426,1.5319632e-05,1.5719898e-09,0.00017017523,9.250691e-06,1.8424922e-06,0.0008279857,1.7762356e-07,4.9080394e-05,5.5534074e-06,0.0014773828,1.9553127e-06,5.547567e-08,0.0001876707,5.9072914e-08,3.8752464e-06,1.6050183e-06,2.9746294e-05,4.4097673e-05,9.548277e-08,5.5079895e-06,1.8064627e-07,1.0782877e-06,1.2828416e-05,4.216233e-05,4.2304812e-08,1.4187505e-06,1.3761793e-05,2.9430152e-09,2.2243244e-06,4.173573e-05,5.362913e-05,4.3547638e-07,2.1027563e-07,3.0617297e-08,7.720441e-06,3.7770096e-05,8.237902e-06,8.6268705e-07,1.1303816e-05,6.116086e-08,0.010895861,3.3936223e-05,3.4968566e-06,3.6774733e-07,6.481341e-07,5.8065175e-09,2.795357e-07,4.1487465e-06,5.5647723e-07,0.0001797851,0.9933507,4.695642e-05,1.2718946e-06,3.5065215e-09,3.195931e-05,3.1564367e-05,0.0009541319,2.5402977e-08,1.5902772e-06
BC2026_Train_0061_S19_20250418_210000_000,0.00018283652,0.00022381291,0.0006221783,0.010447965,7.622246e-05,4.2667634e-06,7.905742e-06,4.3363594e-05,0.00024643156,0.011148981,0.007378168,7.8868565e-05,1.2510609e-06,3.496099e-07,0.00012942715,0.0007871287,1.22182255e-05,2.5788677e-07,0.042142328,7.033357e-05,0.00026354266,0.001544327,2.6250253e-05,9.71758e-05,0.001048685,4.7091207e-06,0.0011731387,0.0001317762,0.00014132036,0.00022573271,0.00077987125,0.00023634708,0.00050209765,0.00093196845,0.00013110392,0.0009818658,0.00039489023,9.258635e-05,0.00019087977,0.0016129084,0.0004649553,0.0003408455,0.00024432503,0.00038194587,7.130598e-05,6.56981e-05,0.00014320701,2.6332795e-05,4.2716827e-05,4.2260068e-05,0.00022586167,0.0002632491,0.00023145085,0.0003672577,0.0012371795,3.05837e-05,0.000807184,0.42681104,1.9742578e-05,4.766042e-05,0.063971415,1.8859771e-06,0.0023117827,0.14433031,0.00959665,2.24014e-05,0.00043678883,4.804629e-06,3.719119e-07,0.00033901416,1.450431e-06,2.8221399e-05,1.9053741e-05,0.00041979394,0.00015174293,0.0002267779,0.00029591477,0.00061410374,0.0009838331,1.3283846e-05,2.620973e-05,0.00010484657,0.00011659591,4.190962e-06,3.7105303e-05,0.00019965105,0.00038107624,0.00022648403,0.0005782959,0.00022925629,0.00023526655,0.00022000328,3.3453307e-05,9.464465e-05,8.772808e-05,4.964968e-05,1.923307e-05,0.00031049945,0.00017269123,0.00016826387,0.0016748687,2.6931675e-05,0.0028515374,0.0015636858,0.0014988825,0.00015318888,0.00030417595,9.3827104e-05,5.2058942e-05,0.00052720547,1.6170008e-05,0.0010692884,0.00015618507,0.0002956297,0.0001608802,0.0004548036,6.63202e-05,5.2165342e-05,8.868426e-05,9.617347e-05,2.701674e-06,0.00044548823,0.0023049628,0.00015385215,0.00046870593,0.000116862946,0.00011084209,0.00026819657,7.6524775e-05,0.00017152182,6.050496e-05,8.948483e-05,0.00017551749,0.00013726679,0.00012215083,0.00040985554,7.59921e-05,0.00021428661,0.0001032753,0.0009176793,0.0002017461,0.00033502385,0.00015367474,0.00016823964,0.00019944482,1.0452137e-05,0.00017572311,3.0859137e-06,7.7041346e-05,3.0435573e-05,7.637169e-05,1.6548428e-06,0.00041150406,8.344717e-05,0.00012677848,0.00045476676,0.00018113064,8.418712e-05,0.00036901486,5.8752743e-05,0.00033575704,0.00026583587,7.049109e-05,5.817315e-05,0.0013766198,0.00586575,0.00017316297,0.00040083015,3.775828e-05,0.0007022879,0.00044194728,6.653191e-06,0.00013573535,0.00050685764,5.7309007e-05,1.730875e-05,0.00043088372,0.00012751941,3.35353e-05,0.00020284437,0.0003978475,3.7593476e-05,0.0007059523,0.00026408397,0.00011729141,0.00014432563,0.00017002001,0.00012560863,5.1189705e-05,9.7957134e-05,0.00027580373,0.00016005104,0.00011126388,0.0002784283,0.0009875228,0.00013430214,0.00023484703,0.00029054563,0.00015133806,4.423447e-05,0.0005587733,0.00086098065,5.352868e-06,0.00014587175,0.00017750497,0.0021848006,0.00025293563,0.00030272914,0.00013459586,0.0016734009,0.0007097279,9.585933e-05,5.199008e-05,0.0005845683,0.0013992611,0.014570262,0.0013062062,1.8300103e-05,7.911382e-05,7.873224e-05,2.5220224e-05,0.0004309174,0.000105097526,3.3284834e-06,4.8819504e-05,0.0062893988,0.00013118907,0.00013125276,8.1806047e-07,0.00033252785,9.09302e-05,1.6522312e-05,6.3859625e-06,0.0009248044
BC2026_Train_0061_S19_20250418_210000_005,0.0009245604,0.0005240479,6.539993e-05,0.028302932,0.006296707,9.067572e-06,4.2839412e-05,4.497811e-05,0.000968058,0.022793181,0.0051497854,7.5527576e-05,3.9067463e-06,7.139702e-07,0.00017059619,0.00013690848,3.363369e-05,4.714585e-07,0.0049841967,5.8377096e-05,0.0001105982,0.0020468633,4.7896752e-05,0.00025455412,0.0009946726,3.11133e-06,0.00048656558,6.73827e-05,8.967053e-05,0.00034216294,0.002386217,0.00051861035,0.0015275875,0.0037317537,0.00028755917,0.0023645025,0.0022581427,0.00017033676,0.00067106384,0.005716668,0.0011972443,0.0013150371,0.0010292007,0.00092832244,0.00014254884,0.00013648954,0.0003971978,6.9452e-05,0.00010109418,0.00011056751,0.0008096108,0.0008826838,0.0008743156,0.001229595,0.004203313,4.5691388e-05,0.0063308296,0.20303978,2.8225057e-05,0.00017921036,0.010920762,3.1204887e-05,0.009154797,0.027087994,0.0012957316,2.2318049e-05,0.00045495082,1.3203418e-06,4.606119e-06,2.6634272e-05,5.801644e-06,1.5672831e-05,4.9783994e-05,0.001577788,0.003734134,0.00014324675,0.000103802435,0.0011033961,0.0005614303,4.5780624e-05,1.6853886e-05,2.3429833e-05,5.2821455e-05,1.3791998e-05,1.947597e-05,0.0007580066,0.00016181296,0.0005087902,0.00022105464,0.00011175267,0.0005926312,0.000110669826,1.2585011e-05,0.0001274522,0.00013281302,0.00039516023,3.7856564e-05,7.990592e-05,7.142433e-05,0.00017894058,0.0011050381,3.7218637e-05,0.003675017,0.01868216,0.018554538,4.088066e-05,0.00031645925,0.0025943727,0.00015082562,0.0030916077,2.7259577e-05,0.0015309695,0.00024346233,0.0015496839,0.00021207493,0.002423255,7.445882e-05,0.00026655334,4.2837863e-05,2.626713e-05,3.6657996e-06,0.0005598003,0.006604365,0.00012801844,0.0013074434,6.511237e-05,4.3434575e-05,0.000118978875,8.607261e-05,0.000323221,8.0529426e-05,0.00023953928,0.00012436142,0.00014358673,0.0021352528,0.0010917338,0.0007440456,0.00035613173,0.0005623075,0.0027964527,0.00025607308,0.00012163162,0.00047863732,0.0001393893,0.0007062891,1.009352e-05,0.0017640431,2.3226916e-05,6.765744e-05,5.4469157e-05,6.3522006e-05,1.0210784e-05,0.00014572703,0.00028711127,0.00011877223,0.00029211745,0.0003732832,0.0010175025,0.00063123147,0.0002789858,0.0005741223,0.0004078203,3.82406e-05,3.317491e-05,0.0011242367,0.002369502,0.00038716375,0.0009335129,3.697094e-05,0.002442535,0.00012348732,7.3873725e-06,0.0040389616,0.0030678296,0.0001846861,6.3226966e-05,0.00051355886,0.00024699655,7.58803e-05,5.2007337e-05,0.0017644605,3.0283572e-05,0.00025399966,0.00010951538,0.00020295156,0.0003067144,7.462387e-05,0.00060523173,0.00075640186,0.0016868679,0.00027093134,0.00013797883,0.0012565402,0.00022004337,0.0004523542,0.0005191002,0.0006009435,0.0014800197,0.00031819334,0.0001456691,0.0005970511,0.00013858234,1.4566561e-05,0.0005052716,0.000280851,0.0007419915,0.00019236465,0.0004181861,6.6330125e-05,0.00061410456,0.0002446628,6.369519e-05,0.00017533048,0.0027229683,0.0061246185,0.014087079,0.0018449113,5.5411405e-05,0.00017548335,8.474677e-05,0.00016675737,0.0005167747,0.00018519466,1.6516484e-05,0.0008031165,0.005263563,0.0005586367,7.47121e-05,8.257794e-06,0.0008661836,1.5777023e-05,6.97399e-05,2.0439686e-05,0.008776424
BC2026_Train_0061_S19_20250418_210000_010,0.0004382189,9.214832e-05,0.00032690883,0.009251416,0.0035121657,2.1637597e-05,6.868949e-06,0.00025979156,0.001968094,0.009473946,0.0042922613,3.0298364e-05,3.6623328e-06,7.986293e-07,0.0006603292,0.0021022703,8.682161e-05,5.975871e-07,0.003990777,5.5673165e-05,0.0030821299,0.0031786782,0.00012608671,3.443573e-05,0.0044467705,2.1888161e-05,0.000727034,0.00071336114,4.572408e-05,0.0015197254,0.00024195148,9.191821e-05,0.00011762386,0.00036933215,6.370758e-05,0.00033104845,0.00021770378,4.4256372e-05,6.8038404e-05,0.0007080457,0.0001189707,0.00012328237,0.00013133351,0.000117976335,4.2942447e-05,4.0552015e-05,5.5857116e-05,1.2052042e-05,1.9081455e-05,2.1060581e-05,0.00013630667,0.00017520483,0.0001668162,0.00010205568,0.00044524812,5.1081788e-05,0.00029634224,0.05250126,5.336716e-05,0.0009607332,0.008064245,8.463806e-05,0.017890917,0.1577177,0.00989428,1.7454437e-05,0.0022392035,3.9699495e-05,9.1584513e-07,0.00039812183,1.4294579e-06,2.365558e-05,5.604706e-05,0.0016503572,0.00033055965,7.653624e-05,0.00023253736,0.0009103462,0.0014182364,0.00022025936,0.00010226981,4.0076302e-05,0.00018361343,7.677951e-06,0.00021672997,0.0017554989,5.049074e-05,0.00022401297,0.000429479,0.0003258183,0.0017040604,0.00027540277,1.1981952e-05,8.811626e-05,0.0002511214,0.0018651515,8.158115e-05,8.770851e-05,0.00044296606,0.0001962182,0.00028586359,0.00012704448,0.004195621,0.053032216,0.022397969,3.0372566e-05,0.0001537819,0.007125149,0.000119246804,0.00037439744,1.21369785e-05,0.0045400863,0.00043521338,0.0009239656,0.0010502953,0.0018982062,0.00013212612,0.0003751663,2.147493e-05,0.00020096412,1.4760941e-05,0.0012967268,0.0072608665,0.0003860636,0.010165813,0.0003063812,0.0004719595,0.00019321225,7.554558e-05,3.5991732e-05,4.9245846e-05,0.00025159353,0.0004646781,0.00014797613,0.0060096653,0.0032695325,0.001204252,0.0007350476,0.00041055278,0.0025082713,0.00010498545,9.8980236e-05,0.00014332298,0.00062648905,0.00408074,0.0008225866,0.00046733473,6.320509e-06,2.9808001e-05,0.00016638618,0.00036131282,1.380063e-05,0.0001790203,0.000477172,0.000108148,0.00068587204,0.00014817774,0.0010758317,0.0012421736,0.0007595982,9.348228e-05,0.00077663927,0.00010902981,0.00010823394,0.0009713771,0.0026615064,0.00029476933,0.0018520595,9.133264e-05,0.0033104555,0.000101551086,1.29597565e-05,0.0017075349,0.002341404,0.00018548519,7.811833e-05,0.00052898715,0.00019287082,0.00033509254,0.00019679697,0.0013748419,4.61299e-05,0.00052952266,6.3903746e-05,0.00018997447,0.00011979021,8.869653e-05,0.0013568786,0.00049843016,0.0014747285,0.00016865565,0.00065701775,0.00091621507,0.00046893716,0.0011506649,0.0008894111,0.0005662841,0.00045139904,0.0017698826,0.0003304553,0.0015270748,0.0011067652,6.118202e-06,0.00049583195,0.00090067496,0.0052622673,0.00042878275,0.0023031826,7.780497e-05,0.0015583164,0.00024362393,2.845592e-05,0.0003101669,0.00618406,0.009761916,0.01629942,0.002524699,9.7937525e-05,0.00027207832,0.0007311535,8.6650885e-05,0.00026751548,0.00053010794,6.3462267e-06,0.0002437996,0.0059660943,0.0005022501,0.0009446857,4.381919e-06,0.0034532507,0.00012603443,7.282259e-05,7.862924e-05,0.0020634523
BC2026_Train_0061_S19_20250418_210000_015,0.00013649084,0.00089411886,0.00032787456,0.10013216,0.00074478943,8.401196e-06,4.668615e-05,6.798852e-05,0.0003249776,0.5232601,0.25264966,0.00050831615,3.4903354e-05,1.9545669e-06,0.00017186199,0.00062220264,0.0002215414,1.6028263e-06,0.0013795478,0.00021369224,0.0003996765,0.0018020037,7.303659e-05,0.0011520952,0.0016869586,1.0073797e-05,0.0020517383,0.0022044007,0.0002399512,0.0021090314,0.006179666,0.0006938494,0.0024634767,0.007174137,0.000903356,0.002385956,0.00075319596,0.00023281865,0.002315698,0.0069504404,0.00535469,0.0020330322,0.0036197056,0.00081305625,0.0003320267,0.00029169384,0.00052590156,8.6646265e-05,0.00017714466,0.00018342148,0.0010158268,0.001291356,0.0011185346,0.005929017,0.005605447,0.00013508122,0.0037482628,0.12226072,0.00035534747,9.728967e-05,0.018512368,0.000117688134,0.002679033,0.018309655,0.0014696731,0.0003621962,0.00899662,1.1738118e-05,1.1931314e-05,0.00020711625,1.1370285e-05,4.9335063e-06,7.82853e-05,0.0005407512,0.009686336,0.0010904123,0.0003148252,0.0014296358,0.00054468366,0.00020865377,1.9568219e-05,8.2228944e-05,0.0013798164,1.29028795e-05,0.0006370033,0.0010370954,0.000382575,0.00024067202,0.00043478113,8.6845124e-05,0.0016669204,0.0011534353,7.0206646e-05,9.103354e-05,8.6910404e-05,0.00075635966,7.940671e-05,0.0007513844,0.00019578182,0.00033682334,0.00028913992,9.965672e-05,0.01071762,0.21483257,0.016397763,0.000116963725,6.00685e-05,0.0006872762,0.00035342528,0.00049372215,0.0001271709,0.00523027,0.00047495047,0.00067469734,0.00021701425,0.006213332,0.00014424158,0.00041332576,0.000119190314,0.00031954978,5.601169e-05,0.002389042,0.0034285872,0.0003652561,0.029646363,0.00018620942,7.8102246e-05,0.00050014374,0.00011056805,0.00011968061,0.00091430306,8.088237e-05,0.00060243456,0.00021064229,0.00054990675,0.0002835766,0.0007927623,0.0022693856,0.00076879945,0.005107968,0.00018364162,0.00018832622,0.0009739019,0.00031594283,0.0039613163,1.5367601e-05,0.0018153759,0.00020643939,0.00012246409,0.00010071237,0.00034083478,3.1387422e-05,0.00043672993,0.000532908,0.00025045787,0.0003507058,0.00032782764,0.00066521554,0.0014251629,0.00029321236,0.0006881095,0.00045537684,0.00044461852,0.0009558289,0.0008239696,0.0023272254,0.00016476415,0.0007821606,0.0002839865,0.0095558055,0.0003708666,7.043633e-05,0.0010203312,0.0024378651,0.0005614001,0.00015338972,0.0005018792,0.00026632726,0.0004068034,0.0013234118,0.0011123965,7.823157e-05,0.0008370453,0.0001793425,0.00076613075,0.000113087095,0.00015422728,0.00061498955,0.00019183164,0.0073490124,0.0002111301,0.0017998334,0.00017405953,0.004414929,0.0011364195,0.0022520015,0.00040529534,0.0002974022,0.00014727243,0.00018347676,0.0007514105,8.063954e-05,4.0945855e-05,0.0012997506,0.0010597985,0.0052856766,0.0012082073,0.0060012145,0.00014526754,0.0009198823,0.00043338517,0.00027216342,0.00037862957,0.0015351169,0.02826465,0.030997507,0.001904341,0.00023366683,0.00076479977,0.00016470793,0.00011956312,0.00025601764,7.6592456e-05,4.5287736e-05,0.00010533089,0.0057947226,0.0003498693,0.00021366475,6.5896056e-05,0.00035815328,5.279144e-05,6.256768e-05,7.023136e-05,0.002513012
BC2026_Train_0061_S19_20250418_210000_020,1.758967e-05,2.59095e-05,1.0088882e-05,0.003041744,0.000114379276,6.0336974e-06,0.00010138244,9.999285e-05,0.0001728609,0.13902442,0.11160321,6.686761e-05,1.3222648e-05,1.2667934e-06,0.00035144595,6.0693637e-05,0.00061445934,1.100856e-06,0.00049116724,0.0001296772,0.00027683435,0.0007071242,3.004058e-05,8.415928e-05,0.00011087211,4.7359727e-06,0.00063726655,0.0003865803,8.801905e-06,0.025954628,6.7295885e-05,1.2774846e-05,8.869094e-05,0.00016594602,4.8482627e-05,3.96688e-05,3.7124664e-05,2.1886743e-05,5.4357643e-05,0.00016437499,0.0002594062,4.456728e-05,5.6525954e-05,8.955867e-06,1.7060212e-05,1.4638293e-05,1.5966558e-05,6.256418e-06,1.0437692e-05,1.067796e-05,1.0719211e-05,1.0190191e-05,9.13502e-06,0.00017483167,4.8727128e-05,7.948072e-05,0.00011638297,0.0037948703,9.131775e-05,6.174327e-05,0.0015666629,4.2147054e-05,0.00015063734,0.0048130085,0.0005119463,0.00028466337,0.001307282,0.00011986117,2.0450547e-05,0.00032419374,1.7388942e-05,9.3196275e-07,4.1791925e-05,0.024227435,0.003761586,0.0004303072,0.004020064,0.0017792899,0.0005956049,0.0067508984,0.0001608696,0.00013058278,0.01461238,2.8834946e-05,0.00026303434,0.00013421943,7.22097e-05,0.0015008864,0.0010549803,0.00014317849,0.00067372003,0.00019855757,0.00045198484,0.00047516805,0.0003097854,0.004169003,0.00026139859,0.0014839111,0.0014693276,0.0012208313,0.00017122016,2.6427964e-05,0.0073339,0.85591185,0.002112951,0.0010518607,2.1077398e-05,0.00090895937,0.00030597256,0.000123931,4.575775e-05,0.006477176,0.0001948724,0.0015998351,0.0011152007,0.0014561296,0.00022459317,0.0004781172,0.0009556295,0.0010383887,0.0016696824,0.006063169,0.0012811493,0.0025460783,0.015412797,0.0006331019,0.00046679823,0.00013556525,7.751814e-05,0.0002228955,0.00012882482,0.002034536,0.00072402833,0.00028850904,0.0009943089,0.00030903495,0.00072878547,0.0014707954,0.00018321087,0.0014118683,2.245935e-05,3.6005014e-05,3.9111255e-05,0.0033661325,0.0020710228,3.625174e-05,0.0005109751,0.000108844164,0.00019998182,0.00094831677,0.00456844,0.00011871357,0.0012566701,8.926034e-05,0.0003378934,0.00033939705,0.0006520287,0.00017780428,0.0003120542,0.00021319387,3.829512e-05,0.0007587984,0.0002295682,0.00015888554,0.0011522428,0.008249995,0.0011981456,0.0026989756,0.0001308011,0.0031966027,0.00013464605,8.323076e-05,0.0011616561,0.00016089737,0.0016488675,0.0010468095,0.0026838188,0.00010963282,0.00048120556,0.00029817925,0.0023634848,2.9860095e-05,0.0032073064,0.00040178583,0.01375595,7.83074e-05,0.00012816391,0.00042337974,9.3664676e-05,0.00091291807,0.000842204,0.0022030985,7.427117e-05,0.0071944585,0.0073950225,0.005060207,0.0017660988,4.6325058e-05,0.0010615462,0.00022156273,0.00047188211,8.19023e-05,5.3624635e-06,0.0033860384,0.0007906597,0.004970377,0.0009870722,0.0006768578,0.00020897115,0.00018412748,0.00033118323,0.000106047955,0.0002305553,0.019548902,0.009138689,0.010527551,0.0011441715,0.0005041216,7.9250945e-05,0.00030262698,0.00012055902,0.0006107093,0.00036467542,1.14940385e-05,0.00020075709,0.0047490816,0.0030699098,0.0005827339,0.000101665115,0.0042179567,5.5538265e-05,0.0008651591,0.00011990266,0.001281073
BC2026_Train_0061_S19_20250418_210000_025,7.346499e-05,2.9788482e-05,2.0291229e-05,0.0030193813,0.0027563365,3.0246083e-06,1.9742072e-06,8.331796e-06,0.008306539,0.001286276,0.00067831395,1.7388147e-05,1.9407719e-06,1.5654983e-07,1.3233255e-05,0.0003771089,1.982134e-05,1.048633e-07,0.0010381433,2.4561336e-06,0.0005766711,0.0012123008,3.2750828e-05,8.031525e-06,0.0017990343,2.1462845e-06,9.8368555e-06,6.982383e-06,5.149248e-06,9.366797e-05,9.986602e-05,2.0756152e-05,5.8391855e-05,8.171538e-05,2.0455167e-05,7.922593e-05,4.211836e-05,7.735085e-06,2.2001002e-05,0.00017370206,2.8867438e-05,5.7344158e-05,3.7300786e-05,2.5957826e-05,1.9916917e-05,1.8653827e-05,1.9907951e-05,3.872273e-06,3.7191373e-06,3.6958402e-06,4.7209873e-05,5.409521e-05,6.864213e-05,2.8529803e-05,0.00013718237,1.8370409e-06,0.00011503029,0.08056786,1.6883485e-05,8.013445e-05,0.01242767,1.874817e-05,0.01913019,0.56150424,0.0009367263,1.8865886e-06,6.361409e-05,6.9281987e-07,6.807361e-07,1.0338855e-06,2.0909767e-06,6.9157354e-06,4.500458e-05,0.00050197414,1.3944516e-05,6.896987e-05,0.00012987903,0.0008300403,0.00048724873,2.3424827e-05,8.172824e-05,0.00012153737,0.0001944025,1.3995754e-05,7.955006e-06,0.00034516695,8.6551954e-05,0.00045140696,9.2605245e-05,8.344947e-05,0.0014973603,0.00010287771,3.88649e-06,1.33014655e-05,6.772813e-05,0.00023525736,7.4141008e-06,5.482739e-06,0.00020660521,0.00012400617,0.0003208065,0.0002218589,0.0014461447,0.009096161,0.0071309665,1.6826489e-05,0.00031690273,0.0019529113,3.2696218e-05,0.0003305275,4.818602e-05,0.0030773135,7.355037e-05,0.00029192033,0.0005389472,0.00093030947,0.00017146458,4.9951574e-05,4.5520595e-05,3.222606e-05,1.9261388e-06,0.00063495216,0.0036920551,0.00011924921,0.00059905864,0.00025273504,2.4637233e-05,0.00015995707,5.3729516e-05,2.8860777e-05,3.2837146e-05,0.00018705578,7.179465e-05,2.4010087e-05,0.0013279717,0.0005965346,6.513466e-05,0.00014039762,0.00030116568,0.00027249605,0.00017295142,1.8730301e-05,0.00063609483,9.669071e-05,4.1532523e-05,2.6742007e-05,0.0010103346,1.1127846e-06,8.437327e-06,2.3435417e-05,0.00028682317,3.0923127e-06,0.00025856984,0.00027378794,8.228306e-05,0.00017553824,3.10049e-05,0.0031498952,1.91144e-05,0.00021632611,9.7976656e-05,0.00022139336,2.2969525e-05,4.3139837e-05,0.0009133253,0.0010216648,6.135021e-05,0.0022463952,3.1787178e-05,0.00089699874,3.251562e-05,1.4669084e-06,0.0008179371,0.00058563874,8.629664e-05,1.0612045e-05,0.0011414385,0.0010562661,0.00031475857,3.290156e-05,0.00088086136,1.5919668e-05,0.00030786864,7.264344e-05,6.322238e-05,0.00017339594,4.5095225e-05,0.00022471204,6.845549e-05,0.00019356649,0.00076972006,0.00011368727,0.0008279248,4.0910534e-05,0.0006552663,0.0007724189,0.00021304938,0.00017862384,0.00026196818,6.679839e-05,0.00012301182,0.0003540858,2.0718835e-06,6.845067e-05,9.864366e-05,0.0015174762,4.6872665e-05,0.00012726831,4.9841754e-05,0.0001679995,9.847637e-05,3.744688e-05,4.5032015e-05,0.024959596,0.0009465177,0.013324684,0.0005308507,7.606156e-05,0.000102510094,0.000100484445,0.00013831856,0.0004963538,0.00021421572,1.0473412e-06,3.513596e-05,0.0025076654,0.0008870651,0.00020872682,1.724694e-06,0.0013950407,9.490114e-06,5.3006537e-05,4.8230154e-06,0.01500731
BC2026_Train_0061_S19_20250418_210000_030,0.00012726831,7.724225e-05,7.378585e-05,0.035921335,0.0021624062,3.344634e-07,5.9148965e-07,7.674452e-06,0.0786193,0.0026019635,0.0094033955,7.240807e-06,1.1288014e-06,3.3200486e-08,1.0450122e-05,0.0018915578,1.8146477e-05,2.4898386e-08,0.004768117,6.680382e-07,0.0008008639,0.0063752467,2.740434e-05,3.71179e-05,0.0019272565,3.8344112e-07,0.00015541479,1.2796539e-05,4.3084333e-06,0.00016902544,0.00067456486,5.70635e-05,0.00016857493,0.0004021316,5.569308e-05,0.00023422447,4.92465e-05,1.6820133e-05,9.689968e-05,0.00061487535,0.00017024096,0.00027291488,0.00033317678,6.60667e-05,3.1680927e-05,3.254208e-05,8.864021e-05,6.204026e-06,7.961009e-06,9.219548e-06,0.00025408468,0.00030194223,0.00032745066,0.00018919012,0.0006427241,6.34018e-07,0.00017795541,0.64573133,1.1779497e-05,0.0001124044,0.020544512,6.0060256e-06,0.004594969,0.6799727,0.0017773041,9.402802e-06,0.0005043131,2.5990593e-07,2.2116491e-07,6.41736e-06,7.6252496e-07,1.3536793e-06,5.217707e-06,0.00019977178,2.2597405e-05,3.94386e-05,7.0797745e-05,0.00013103905,0.00012940816,2.4154084e-05,1.3945778e-05,1.8138517e-05,1.2462283e-05,4.389728e-06,1.3186971e-06,0.000106823776,3.4406937e-06,7.648334e-05,3.3436245e-05,3.0275953e-06,0.00064254034,5.747873e-05,4.0039336e-06,5.582543e-06,2.0819172e-05,0.00014214245,2.4858464e-06,8.877829e-06,4.4357064e-05,9.260445e-05,5.362407e-05,4.5667734e-05,0.0025206653,0.012206896,0.0030560277,3.940182e-06,7.393173e-06,0.000297913,4.860648e-06,3.9093316e-05,2.737118e-06,0.0013742023,1.2859627e-05,2.5990077e-05,0.00017453985,6.665179e-05,3.126971e-05,4.597548e-06,3.4533696e-06,5.105956e-06,6.0235504e-07,3.7279166e-05,0.00026755832,4.3854776e-05,0.00022021402,1.2694087e-05,2.0465744e-05,0.0001002016,1.3253339e-05,2.6554876e-06,1.0008518e-05,1.620865e-05,2.1190079e-05,2.2788997e-06,0.00011783479,0.0006378207,0.00011688846,3.2106153e-05,0.00010346357,0.00018143989,2.5429614e-05,1.4953869e-06,2.8933779e-05,4.7557452e-05,9.776789e-05,3.3161057e-05,6.1367944e-05,5.890494e-07,4.140675e-06,6.0145485e-06,3.800755e-05,3.9679665e-07,6.327075e-05,8.177946e-05,1.22517595e-05,2.7902994e-05,1.6835702e-05,4.848175e-05,1.1501802e-05,4.175707e-05,1.1675074e-05,6.6221924e-05,8.09847e-06,5.3782383e-06,2.2760412e-05,0.0025848313,4.5538178e-05,0.00032058332,2.095183e-06,0.00040562346,1.4627589e-05,4.8043677e-07,0.00015245301,4.687977e-05,1.2089986e-05,3.4889522e-06,0.00024891834,4.013597e-05,1.453028e-05,5.9851272e-06,0.00028118055,9.463358e-07,6.137789e-05,3.6117057e-05,4.754058e-05,0.00013218711,4.209998e-06,1.5721407e-05,2.8204528e-05,0.00010504182,1.0628189e-05,4.9283615e-05,2.8773524e-05,6.7057176e-06,3.2593143e-05,6.8630216e-05,1.3455627e-05,1.8878065e-05,5.4873835e-05,3.4954082e-05,2.2596048e-05,0.0002194318,1.3059822e-07,2.694732e-05,2.5339656e-05,0.00032971392,5.215997e-05,0.00023610363,2.5728968e-05,4.5883728e-05,1.1379972e-05,8.157916e-06,4.168183e-06,0.0021892032,0.0015259796,0.008304363,7.67364e-05,2.8527733e-05,1.5454207e-05,2.1167034e-05,1.1087234e-05,3.7513466e-05,3.3786906e-05,1.1611617e-07,6.2682675e-06,0.0008756316,8.8007524e-05,6.777865e-05,3.9029032e-08,0.00018997825,5.2114906e-06,1.0890068e-05,1.3791005e-06,0.00012069534
BC2026_Train_0061_S19_20250418_210000_035,0.00020734839,2.8602373e-05,8.206733e-05,0.008826142,0.0046362863,1.0816906e-06,5.933926e-07,5.0977433e-06,0.057253364,0.0027382632,0.0010389433,5.5758605e-06,7.285528e-07,5.702461e-08,1.6145383e-05,0.0016803377,4.3164033e-05,3.901028e-08,0.0027627896,6.672347e-07,0.00063994544,0.0044154613,5.9321064e-05,7.307981e-06,0.0016350027,1.3996697e-06,2.8292918e-05,3.5701334e-05,8.008083e-06,0.00030424702,0.00011906659,2.3710212e-05,5.0539882e-05,0.0001260247,1.4810658e-05,9.819581e-05,3.7134967e-05,1.0355114e-05,2.5248573e-05,0.00019711284,3.79936e-05,6.289394e-05,4.2351527e-05,3.197684e-05,2.0452942e-05,1.9366065e-05,2.824226e-05,3.4539428e-06,3.7938614e-06,4.839782e-06,4.6702495e-05,5.3693304e-05,5.6357916e-05,3.1966927e-05,0.00021053026,1.178727e-06,6.1190054e-05,0.18708883,5.030273e-06,0.00017822676,0.012426376,4.3227146e-06,0.006623062,0.70226496,0.0019294223,1.8864051e-06,0.00017633826,9.66853e-07,1.7973944e-07,4.8952115e-06,3.9961637e-07,2.0926886e-06,4.6066066e-06,0.000656473,5.0022652e-05,1.6116725e-05,0.00010385184,0.00013029954,0.00016207207,3.1259304e-05,2.81173e-05,6.106269e-05,3.5860034e-05,5.963835e-06,3.8008543e-06,7.761564e-05,9.221622e-06,0.00010912757,5.5354787e-05,2.4838371e-05,0.00036015475,7.687688e-05,2.4257415e-06,1.8504059e-05,5.135183e-05,0.000362243,2.5172412e-06,8.134889e-06,7.175796e-05,6.0231574e-05,8.4554486e-05,0.0001059581,0.0020715147,0.020484429,0.0048989602,7.84692e-06,6.731957e-05,0.00025799437,9.8291e-06,3.9187747e-05,3.883582e-06,0.0015794182,8.714075e-06,3.5352914e-05,0.0017522157,0.00018502044,3.734325e-05,3.2900745e-05,1.3233445e-05,1.8064924e-05,1.7391761e-06,4.8911304e-05,0.00077910506,0.000114948285,0.0009506004,6.440799e-05,2.8616778e-05,0.00015268286,2.4177381e-05,1.6054368e-05,3.1052452e-05,8.0140024e-05,2.812234e-05,7.861894e-06,0.0008637428,0.0009863719,0.00026016732,4.417824e-05,0.00018372745,0.0002060858,2.1170508e-05,2.2274596e-06,8.416626e-05,4.358831e-05,0.0003130041,1.3098295e-05,0.000114746545,3.2747985e-07,4.7621998e-06,5.1383868e-06,0.00025987928,1.2733741e-06,0.00012506747,4.4294287e-05,3.5693167e-05,5.965082e-05,9.696032e-06,0.00018442565,1.6197942e-05,0.00012314197,1.199359e-05,5.4993165e-05,3.3366327e-05,6.238306e-06,6.1892475e-05,0.0013374361,0.00012600858,0.0018454171,2.0444184e-06,0.0007579676,1.7356553e-05,9.4235077e-07,0.00018860529,5.267412e-05,4.074879e-05,1.4813738e-05,0.0004666563,0.00016335702,7.018068e-05,2.381995e-05,0.00033534245,1.6019612e-06,0.00012551465,3.1263895e-05,9.3893694e-05,0.00012183337,7.847377e-06,9.339069e-05,2.707382e-05,0.00021698179,0.000102419224,0.00016828762,9.5862255e-05,1.0046263e-05,0.00012877777,0.0002966003,3.818765e-05,1.2799626e-05,0.00030826987,0.0001219425,3.2921052e-05,0.00031823278,5.50647e-07,3.6560592e-05,7.043525e-05,0.0014193422,5.6451023e-05,0.00031059628,3.7090656e-05,6.530434e-05,1.3693782e-05,4.7699955e-06,1.4727179e-05,0.028334128,0.0008002064,0.0093403775,9.15585e-05,4.762139e-05,2.0995969e-05,0.000106209074,6.642686e-06,2.7393915e-05,4.8645226e-05,1.5168715e-07,6.5553427e-06,0.0020080798,0.00020536256,0.00014406563,4.0248952e-07,0.0011235446,7.6101987e-06,1.9567042e-05,1.7275056e-06,0.0003082023
BC2026_Train_0061_S19_20250418_210000_040,0.00039840274,0.00072105683,7.013934e-05,0.02345611,0.004322083,6.2658232e-06,2.0436313e-05,7.411934e-05,0.0049603786,0.011838625,0.005770102,0.00011482372,1.674378e-05,1.1407814e-06,0.00012481514,0.00082299236,8.707167e-05,8.5030433e-07,0.0047070007,5.575759e-05,0.0014414967,0.0047345194,0.0001552751,0.00025239095,0.0032911708,1.5472211e-05,0.0010245114,0.0007258557,7.257711e-05,0.00023399925,0.0033519205,0.00043287608,0.0014162746,0.002923622,0.00033765606,0.0017413176,0.0010975166,0.00017562076,0.0006607131,0.0048967428,0.0013783402,0.0015394372,0.0014789052,0.00061127305,0.00028278958,0.00029289632,0.00054504565,8.0374535e-05,9.3545685e-05,0.00010812584,0.0011136417,0.001426044,0.0014088503,0.001336322,0.0044119856,1.8644721e-05,0.0039420146,0.2050799,0.00016872642,0.0009752519,0.014578434,4.8286158e-05,0.006417182,0.092038125,0.0010268218,9.154208e-05,0.0017041083,2.6041682e-06,5.5777114e-06,5.0993014e-05,1.7906474e-05,2.3002076e-05,0.00023017135,0.00052014185,0.0016261324,0.00059583626,0.00027452165,0.0014129377,0.0010277237,7.758115e-05,5.3788062e-05,3.07319e-05,0.00034655363,2.4741115e-05,0.00011154486,0.0012493975,0.00048219023,0.00055457186,0.00035098862,7.9357276e-05,0.0021224783,0.0008367331,1.9072793e-05,5.7656653e-05,0.00010958495,0.0006160497,4.1422052e-05,0.00027694626,8.3519284e-05,0.00011738752,0.0007825755,0.00025239,0.012806201,0.02807538,0.011847459,8.144147e-05,0.0002057018,0.0016319762,6.416082e-05,0.0012996157,0.00025761093,0.0038024543,0.0006072567,0.0005853617,0.00031843246,0.0021432033,0.00015933324,0.00016554035,6.7460365e-05,6.398027e-05,5.0297745e-05,0.000987069,0.0047805863,0.00021679237,0.0049697496,9.743767e-05,0.00017985007,0.0010045575,0.0002144945,0.00011352942,0.00016477138,0.00010443716,0.0005485906,4.49857e-05,0.00076615554,0.0020947023,0.0018925952,0.0016286946,0.0012166811,0.0007137987,0.00023450289,0.0005091934,0.00053859776,0.00024163356,0.00020415508,5.0135695e-05,0.0039478024,2.326407e-05,5.304244e-05,0.00013758049,0.00023309785,3.6789534e-05,0.00028723915,0.0022414248,0.000184799,0.0009877882,0.00023042543,0.0010693816,0.0006456326,0.00023334577,0.00034979294,0.0004867878,0.00019264805,0.00019440305,0.0002447363,0.004464159,0.00016590205,0.0024505903,0.00025043733,0.0047060577,0.00013119695,2.0715808e-05,0.0028976665,0.0027224554,0.000116831856,0.00010909023,0.0005553473,0.00065489666,0.0003119629,0.00024033172,0.0034230358,2.4841025e-05,0.000118079544,0.00014004784,0.00015099873,0.00027606022,6.94991e-05,0.00057929085,0.0005628824,0.0022482781,0.000509059,0.0002436704,0.00029339857,0.00029193115,0.00054535095,0.0005983522,0.00017263195,0.00097295595,0.00017699694,0.00025430231,0.001041378,0.00028451902,1.0393401e-05,0.00046586693,0.0006746613,0.0011743099,0.00024086991,0.0010342671,0.00011455151,0.0010343697,0.00035092924,0.00031060993,9.849421e-05,0.0065960116,0.003674277,0.04436213,0.0012605914,0.00021497873,0.00076871185,7.721676e-05,0.00024798952,0.00031798135,0.00021248905,3.9445673e-05,0.00012126497,0.0061126514,0.00056960055,0.00027932436,4.5381607e-06,0.0008567721,3.2192766e-05,4.3085605e-05,1.9534844e-05,0.006364089
BC2026_Train_0061_S19_20250418_210000_045,5.5307457e-05,0.0017880773,9.2887014e-05,0.009560487,0.00076229323,3.9157716e-05,0.000582421,4.7135873e-05,0.00015040468,0.09864149,0.0077267885,0.00017831584,8.1334685e-05,1.2882997e-05,0.0018250801,0.001012821,0.00024554945,1.0801653e-05,0.0061356844,0.003430652,0.0011158149,0.01839326,0.00017703002,0.0007516347,0.0014972477,0.00020862771,0.0015146896,0.0024062982,0.0003062025,0.003419235,0.0033410487,0.0011067431,0.007500089,0.0037370494,0.0007633021,0.0029973313,0.0012483294,0.0013720453,0.0016747835,0.009938544,0.004839878,0.0020123369,0.0010104096,0.0014445191,0.0007707499,0.00068507594,0.0012502214,0.00038071114,0.0009196421,0.0008966377,0.000496571,0.00056025,0.0005365955,0.0026665588,0.010119215,0.0003213495,0.008861734,0.028574618,0.00045871217,0.00032890172,0.0067644687,8.800912e-05,0.0016811753,0.0029934978,0.0014824133,0.0009427584,0.01839013,0.000119184406,0.0009663812,0.00050873787,7.394405e-05,1.1296531e-05,0.0002800307,0.005486927,0.040708583,0.0011115893,0.0025168327,0.011241857,0.0013342121,0.0034929747,0.00014523928,0.00017812042,0.008541511,7.0905924e-05,0.0035238573,0.0011654084,0.0019257503,0.00086919765,0.0040960647,0.0008221892,0.000707673,0.00060186634,0.00031669738,0.0007998503,0.00097578083,0.0020718016,0.0002779716,0.020406026,0.0008381107,0.00068008585,0.0006384879,0.00013751478,0.025025884,0.061019376,0.009881223,0.0002747822,0.00026525962,0.00078549155,0.001234297,0.0005755131,0.0036147318,0.0031017973,0.00032251858,0.0054583736,0.00042862006,0.00598853,0.00043946362,0.007905903,0.0011983486,0.0015259868,0.016707163,0.041739058,0.0072005033,0.002840741,0.013061346,0.0032228965,0.00021615379,0.0014736918,0.0017412456,0.0015131639,0.0014089255,0.0005784376,0.010517994,0.002542888,0.0017457372,0.000253821,0.010382836,0.0059281574,0.001821406,0.002819033,0.00013390357,0.017125346,0.0005802637,0.000823963,0.0010731514,1.2305283e-05,0.0024033322,0.00030510916,0.00056634785,0.0002803772,0.00045239192,0.0006791451,0.00090661016,0.00090389885,0.000883627,0.0017573871,0.003837366,0.0018394776,0.003823988,0.0017925568,0.0024498282,0.000636274,0.004912883,0.00056445977,0.0028355941,0.016380198,0.0013552249,0.0035616423,0.0008065939,0.025020223,0.0007909747,0.0008288985,0.0018704892,0.0015301767,0.0094609065,0.0013568216,0.0018291057,0.0007416189,0.0011487254,0.0024120673,0.00832042,0.0006202305,0.001097677,0.00051924796,0.002514546,0.000115328825,0.00013742158,0.001301264,0.0015110911,0.003247752,0.0012945654,0.003073211,0.0013955049,0.02161739,0.003349704,0.005323936,0.0051725795,0.0022366673,0.0010834911,0.0007507431,0.001454303,1.616418e-05,0.00013030788,0.007080658,0.0011106441,0.0031453422,0.0015425311,0.0017961345,0.00030648377,0.003736474,0.0013856104,0.0013985244,0.0026508637,0.0052050054,0.012714589,0.058220636,0.006320708,0.0010744855,0.00036281638,0.00018630693,0.00024756993,0.0022996878,0.0009311626,0.00072545395,0.0008768694,0.009440708,0.0018525099,0.0005239834,0.0012888059,0.0065428684,0.00039789776,0.00025186833,0.00032587734,0.025640137
BC2026_Train_0061_S19_20250418_210000_050,3.7362795e-06,1.2899767e-05,1.6918704e-05,6.1688006e-05,1.5552693e-06,1.9544811e-06,8.357843e-06,2.6811022e-06,7.635844e-07,0.0007436671,0.00032720473,6.2710086e-07,3.4878776e-06,3.268318e-07,1.3848197e-05,2.8577071e-05,4.517446e-07,2.2138713e-07,0.0005018531,0.00016871258,2.1662043e-05,1.4181231e-05,9.423185e-05,6.024503e-06,2.9819432e-05,2.062897e-05,7.301987e-05,0.0005007698,5.303349e-05,0.00016899852,9.034384e-06,1.3167793e-05,2.15835e-05,3.1311636e-05,6.4848496e-06,5.938763e-05,9.758146e-06,7.4677755e-06,5.229902e-06,8.954295e-05,1.953926e-05,4.4865815e-06,3.7433376e-06,1.576394e-05,8.423113e-06,6.4190504e-06,3.969154e-06,1.3981422e-06,2.375969e-06,3.0770889e-06,1.84964e-06,1.9916674e-06,1.70378e-06,9.699121e-06,4.9570906e-05,8.779011e-06,5.3931417e-05,0.00025908585,1.3568963e-06,1.546873e-05,0.0015839573,2.5573766e-07,2.062114e-05,5.733071e-05,2.4538542e-05,1.9633062e-05,0.00042111537,6.719218e-06,2.2649745e-06,3.0658775e-05,1.1042175e-06,2.673218e-07,6.6305274e-06,0.00060223875,0.00027937494,4.502012e-05,0.0051254844,0.0022856817,0.0002323953,0.001169879,0.00020602233,1.90346e-05,0.004676619,6.9868797e-06,0.0008602988,0.00011866254,0.0034755706,8.1946986e-05,0.006093902,0.00034012276,0.00027738334,0.000158062,0.000199848,6.334803e-05,0.00040314728,0.00023883028,3.4512297e-05,0.0011756283,4.5656023e-05,3.9262115e-05,0.0016941895,2.2785867e-05,0.0026432716,0.015759202,0.0014755348,0.00030946571,0.00020937141,5.630896e-06,0.00033112327,0.00024515012,7.5798074e-05,0.0049156346,9.693222e-05,0.0007097157,0.0003629046,0.000661265,0.00054702704,0.00066471903,0.00267521,0.0004982105,0.0132269785,0.01797183,0.0022003676,0.0012029868,0.004218339,0.00015171617,0.00031731417,0.0031872492,0.00051212363,0.0045195157,0.00010773721,0.002075902,4.830007e-05,0.00033369494,0.00059055816,1.0028037e-05,0.001551005,0.0007227216,0.00083030376,2.6064688e-05,2.376325e-05,0.0016034457,0.00010863481,0.0002639916,6.130851e-05,5.6338973e-07,0.000192823,2.3394366e-06,0.00013790333,0.00015147189,0.00029475303,7.764063e-06,0.0030052902,4.9842612e-05,0.000118020675,0.004005544,0.00014945556,6.3978555e-06,0.00035977748,2.2269234e-05,1.7098e-05,6.4311695e-05,0.00026307523,1.814748e-05,0.0014624246,0.0021230783,0.00018163098,0.00091475056,9.223483e-05,0.007893269,0.001186948,6.859431e-06,4.6701512e-05,0.00031607147,0.00043965952,0.00010651984,0.00021558198,0.00016265776,0.00058740325,0.011012448,0.0015429086,0.00039912466,0.0023572966,0.0038912965,0.0007633905,2.3958486e-05,6.857435e-05,0.00023629254,3.706428e-05,0.00020773985,0.0019155162,0.011921844,3.0436559e-05,0.0011649616,0.0045929654,0.0012751409,0.0014801028,0.00014821689,0.000118481395,5.632106e-05,0.0006031274,5.4452954e-05,1.1856022e-05,0.0006131717,0.0017100126,0.009338246,0.00023148902,0.00068527646,6.786305e-05,0.00034302028,0.00026229932,0.00022413177,0.0002647364,0.0016121026,0.0037806646,0.0014763499,0.00043164424,7.285955e-05,3.379406e-05,0.00011094774,7.750961e-06,0.005626806,5.9532675e-05,1.4482649e-05,5.5076933e-05,0.0122662885,0.001259846,0.0003462904,1.6904365e-05,0.0042165867,7.206885e-06,0.00011108356,6.1491424e-05,0.0035870846
BC2026_Train_0061_S19_20250418_210000_055,3.0854033e-05,4.987523e-05,1.133107e-06,0.0014910174,3.8322483e-05,4.738548e-06,0.00010087153,1.0634556e-05,5.5817823e-06,0.06629657,0.0021820385,0.00018732314,7.4018712e-06,1.4167305e-06,0.00024561665,3.099686e-05,0.000102713326,1.2592268e-06,0.00012105032,0.004514181,3.0092076e-05,0.00072312023,1.935486e-05,3.337148e-05,3.0351663e-05,4.0836667e-06,3.8754937e-05,0.0008134503,6.911366e-05,0.002123054,7.705795e-05,4.9930288e-05,0.0001611899,0.0001235659,3.7268255e-05,0.00014767842,0.00014962282,2.5254809e-05,5.295773e-05,0.00024772083,0.00013299577,5.1165694e-05,3.577785e-05,5.3972366e-05,2.424205e-05,2.2200913e-05,2.421414e-05,1.3711463e-05,1.6886417e-05,1.3660887e-05,1.3104719e-05,1.4141323e-05,1.2018299e-05,9.523802e-05,0.00013301491,2.5903742e-05,0.0004039838,0.0029688962,2.8410665e-05,9.636432e-05,0.0010129068,1.3137353e-05,0.0002448969,0.0030389056,0.00021876728,1.9683192e-05,0.0006085803,5.2460124e-05,6.651058e-05,0.00011888406,5.04128e-06,3.3668923e-07,4.154124e-05,0.002711659,0.00093418563,0.00012652464,0.0015039587,0.000719278,0.04175886,0.00375212,0.00030110625,8.522449e-06,0.006675875,0.00017283537,0.0017719485,0.0007211919,0.00095659465,0.00083779613,0.003442518,0.00011261005,0.0006166386,0.00014550888,0.00019549232,0.00023673476,0.0007108021,0.007986382,0.0001407044,0.0030565206,0.0005076525,0.00031771712,0.0008390908,2.6521253e-05,0.0017215844,0.19512331,0.0044016005,0.0015807406,0.00018844442,0.0001664187,0.0006476732,0.000787878,7.773495e-06,0.0043764985,0.00162204,0.0022620868,0.0011029883,0.0021157367,0.001512548,0.003328883,0.0008964275,0.000354508,0.0012600524,0.0013216276,0.005093575,0.006786833,0.0053288937,0.00061072444,0.00013839957,0.00019435302,0.00062834757,0.006116398,4.651244e-05,0.00077069923,0.0013176047,0.0004984768,0.0056946157,0.00015999352,0.0019218132,0.002572107,0.00033227116,0.0009720997,0.00010076635,0.00016688398,0.00030671147,0.001442497,0.00026470813,5.4356762e-05,0.0009448324,4.4631164e-05,0.0010615546,0.00030533408,0.001156407,3.8593655e-05,0.001012587,0.00025099958,0.00018269519,0.0006748989,0.00067840057,0.000185793,0.0016195418,0.0005253179,0.00010593486,0.0005038156,0.0017597777,6.292952e-05,0.002990256,0.013717112,0.0009329008,0.0011731739,0.00041770143,0.006056747,0.00035974555,3.120334e-05,0.0005744811,0.0032875985,0.0020931242,0.00021836237,0.0003222693,0.000116643394,0.0005866281,0.0006301203,0.0036158105,0.00017513013,0.005996532,0.00092498906,0.008838014,0.000143989,0.0018221196,0.0012969831,0.0002690517,0.018600594,0.00059641124,0.0013276796,0.000860792,0.01238484,0.0027817688,0.004678688,0.00088092935,0.00025581123,0.0007466371,0.00039442745,0.0042472864,2.195322e-05,1.6760121e-05,0.0027778468,0.0005572227,0.004019973,0.0012096023,0.00037110018,0.0016904661,0.0017952798,0.0020454058,4.112073e-05,0.12471933,0.0033245587,0.027253209,0.010144226,0.00087279663,9.189219e-05,3.6819576e-05,0.00013609797,0.000106340696,0.0054727667,0.0009109696,0.00011499695,0.0008902611,0.0202079,0.0027269956,0.0016403439,0.00043304428,0.009561955,0.00010821247,0.00058946776,0.00038680996,0.0020833625
