row_id,1161364,116570,1176823,1491113,1595929,209233,22930,22956,22961,22967,22973,22983,22985,23150,23154,23158,23176,23724,24279,24285,24287,24321,244024,25073,25092,25214,326272,41970,43435,47144,47158son01,47158son02,47158son03,47158son04,47158son05,47158son06,47158son07,47158son08,47158son09,47158son10,47158son11,47158son12,47158son13,47158son14,47158son15,47158son16,47158son17,47158son18,47158son19,47158son20,47158son21,47158son22,47158son23,47158son24,47158son25,476521,516975,517063,555123,555145,555146,64898,65377,65380,66971,67107,67252,70711,738183,74113,74580,760266,ashgre1,astcra1,bafcur1,baffal1,banana,barant1,batbel1,baymac,bbwduc,bcwfin2,bkcdon,bkhpar,blchaw1,blheag1,blttit1,bncfly,bobfly1,brcmar1,brnowl,bucmot4,bucpar,bufpar,bunibi1,burowl,camfli1,chacha1,chbmoc1,chobla1,chvcon1,cibspi1,coffal1,compau,compot1,crbthr1,crebec1,dwatin1,epaori4,eulfly1,fabwre1,fepowl,ficman1,flawar1,fotfly,fusfly1,gilhum1,giwrai1,glteme1,grasal3,greani1,greant1,greela,grekis,grepot1,gretho2,greyel,grfdov1,grhtan1,gycwor1,horscr1,houspa,hyamac1,larela1,lesela1,lesgrf1,limpki,linwoo1,litcuc2,litnig1,mabpar,magant1,magtan2,masgna1,nacnig1,ocecra1,oliwoo1,orbtro3,orwpar,osprey,pabspi1,palhor3,paltan1,phecuc1,picpig2,pirfly1,plasla1,platyr1,plcjay1,pluibi1,purjay1,pvttyr1,ragmac1,rebscy1,recfin1,redjun,relser1,rinkin1,rivwar1,roahaw,rubthr1,rufcac2,rufcas2,rufgna3,rufhor2,rufnig1,ruftho1,ruftof1,rumfly1,ruther1,rutjac1,sabspa1,saffin,saytan1,scadov1,schpar1,scther1,shcfly1,shshaw,shtnig1,sibtan2,smbani,smbtin1,sobcac1,sobtyr1,socfly1,sofspi1,souant1,soulap1,souscr1,spbant3,spispi1,sptnig1,squcuc1,stbwoo2,strcuc1,strher2,strowl1,swthum1,swtman1,tattin1,thlwre1,toctou1,trokin,trsowl,undtin1,varant1,watjac1,wesfie1,wfwduc1,whbant2,whbwar2,whiwoo1,whlspi1,whnjay1,whtdov,whwpic1,y00678,yebcar,yebela1,yecmac,yecpar,yehcar1,yeofly1
BC2026_Train_0007_S09_20250829_000000_000,2.1365213e-05,1.8227873e-05,6.351374e-06,2.4258125e-05,1.7818056e-07,2.0386969e-07,1.1444995e-06,1.2819379e-05,2.680468e-06,2.3845381e-05,3.9704606e-05,5.7579782e-05,3.2614885e-06,5.857946e-07,2.317764e-05,4.74362e-06,2.9814763e-07,2.6499015e-07,2.0119158e-05,7.024601e-06,1.9199861e-07,3.8483763e-06,9.060821e-06,7.007259e-06,1.0282981e-05,3.0934524e-07,0.0011538271,1.1006839e-06,5.007872e-06,1.6856336e-06,0.00012750251,8.92479e-06,9.347195e-05,4.737327e-05,1.6641865e-05,4.46939e-05,0.024007881,0.0002974833,2.3749633e-05,0.00026237438,0.0002186309,2.3976634e-05,9.853864e-05,7.228974e-06,6.0036487e-05,5.1664723e-05,0.0002471101,7.640465e-06,2.7055548e-05,2.7456947e-05,5.0335846e-05,6.633158e-05,4.608861e-05,4.8892554e-05,0.0011888682,4.042956e-06,0.014721633,7.268474e-05,1.9475874e-06,7.1683576e-07,5.178009e-05,1.316247e-06,2.1233833e-05,2.5915506e-05,2.0458367e-05,2.8031036e-05,7.865028e-06,2.9046105e-06,1.0649886e-06,7.0519195e-06,9.506391e-06,2.7370552e-07,2.3368466e-05,5.591168e-05,0.00011172241,6.182511e-05,0.0041286848,0.0014714691,6.0864677e-05,0.00010197397,0.00017602649,5.455149e-06,0.00028596935,2.3186527e-05,8.3161185e-06,4.9578706e-05,1.3672135e-05,0.0007443839,7.309205e-05,1.7821398e-05,0.00014861286,0.001786283,0.0002403487,0.00080086506,0.0002133366,0.00019129446,0.00027384487,0.015187972,0.001331098,0.0014025398,0.0010531859,1.2731925e-05,0.00036809698,0.00014007468,0.0011623452,0.0020772011,0.00012661565,3.0728297e-05,0.00048997806,0.0050970605,1.6751412e-05,0.0004008275,0.00016355528,0.0022389756,3.311574e-05,0.013454084,0.0005429928,0.00031254342,8.1272425e-05,0.00052529183,2.216047e-05,0.0037817175,0.00086421403,0.32509524,1.8898102e-06,0.00029057416,8.387358e-05,0.0011310697,3.11405e-05,0.00055259874,0.00029759054,0.00049065205,1.8304117e-05,2.5684032e-05,0.00022434321,3.4520988e-06,0.0012714402,0.0009958864,4.087208e-05,4.7085196e-05,1.00818215e-05,0.00079230656,8.68231e-05,0.0031086432,2.8504164e-06,1.1978175e-07,0.00052962964,6.705476e-05,0.16892849,0.00041839282,4.028567e-05,5.5000615e-05,0.00023996651,8.7870416e-05,0.0032703609,0.0029847468,0.008149447,4.3178195e-05,0.000404489,3.803874e-05,0.007272472,0.0011440892,1.0241074e-05,7.169955e-05,0.0002382944,6.802484e-05,0.0009691719,0.0005592299,0.0003139976,0.0013183558,0.007118544,1.1368117e-05,0.0017762453,6.8564215e-05,0.0042164125,0.000106350846,0.00011589293,0.00011906524,7.6497345e-05,0.0001521978,0.0022728862,7.658953e-05,0.00070440397,0.0008742065,0.00016932242,0.0002288036,3.5123092e-05,0.0006713859,8.939672e-05,0.0001268404,5.7460533e-05,7.113843e-05,0.00014391253,0.0011224069,0.0031429988,0.00017193938,0.012084299,0.011615693,0.000619016,7.466858e-05,3.089071e-05,3.341938e-05,2.441128e-06,0.00040250536,0.0003278836,9.7769276e-05,0.0002378919,0.00030117028,0.00012665536,0.0019007662,0.0012937482,0.0024316993,0.0018772673,0.00046735295,0.00039071875,0.005184644,0.0012126784,1.4852965e-05,2.5008028e-05,8.821775e-05,8.6485794e-05,0.00061134965,7.485807e-05,6.684816e-05,0.0010069626,0.09848413,0.00041369704,0.0042203767,2.4718616e-05,0.00018144111,7.919225e-05,0.0023523318,5.9162827e-05,0.0015510789
BC2026_Train_0007_S09_20250829_000000_005,2.48342e-06,2.8068622e-05,3.4725972e-06,1.5752592e-05,3.430288e-09,4.9999704e-07,9.890589e-08,1.3489099e-06,7.2546136e-08,1.9518773e-05,0.0001435696,3.6973797e-05,4.9801247e-06,3.6045944e-07,5.1617753e-06,1.0315806e-05,1.5118296e-07,6.477444e-08,0.00011173564,7.4464842e-06,1.8782146e-07,9.2435475e-06,1.8631782e-06,1.7073884e-05,1.4361357e-06,1.9802016e-08,3.275011e-05,8.074609e-06,5.1118237e-05,4.6817345e-06,9.492558e-05,5.7968147e-05,0.00050652266,4.9511567e-05,9.996336e-06,0.00013267898,0.09852029,4.9284132e-05,1.2892793e-05,4.341308e-05,0.00012920742,9.282823e-06,2.2472334e-05,3.1099305e-05,5.7838333e-06,5.4437783e-06,1.2089259e-05,4.7483583e-05,1.3205395e-05,1.9034535e-06,9.185041e-06,6.1864553e-06,6.13579e-06,9.756382e-05,0.0001530833,5.2081064e-06,0.69920695,0.00029310305,4.7259828e-08,4.7272177e-08,2.0592883e-05,1.9269292e-07,2.674624e-05,6.871445e-06,1.8119526e-06,7.0770297e-06,3.0672475e-06,4.525073e-08,7.284445e-07,2.3219882e-06,1.4520116e-06,1.7046458e-08,0.00020440652,3.2025426e-07,5.5861423e-05,0.0004808387,0.00055852253,0.00064744486,5.9116523e-05,2.8363804e-05,0.00016931692,1.0332343e-07,1.4071665e-05,1.8141244e-06,0.00014138466,7.0101356e-05,0.00010583338,0.0010812588,0.0029453028,2.0414009e-05,9.5677766e-05,0.011980245,9.6866155e-05,0.00034944378,1.3252832e-05,2.8163138e-06,1.19593715e-05,0.067586474,0.00033155034,0.00049761625,0.00083492394,2.9450239e-06,0.00016347655,0.00010308964,0.0005688887,0.0011678321,1.0305746e-05,1.3157262e-06,0.0019863131,0.001954478,0.00016299405,0.00024010062,4.530545e-05,0.0016362307,4.2309075e-06,0.025289295,0.00010229947,5.7481675e-06,8.954227e-05,3.1110576e-05,2.2729655e-05,0.0011042493,0.0019715042,0.0011911682,1.3421242e-05,6.3408424e-06,0.00022420037,0.00081867905,6.2778095e-06,0.0010594134,0.00024159624,0.000373915,8.942997e-06,3.3280747e-05,2.960937e-05,2.7191038e-07,0.0001175448,0.0008090764,4.7727182e-05,6.194455e-05,1.5981655e-05,0.014264128,5.0710505e-06,0.0010638756,2.225987e-05,2.0018932e-08,0.0002907216,1.3568662e-05,0.009443753,0.0003461084,1.9987342e-06,5.737911e-05,6.0081155e-05,7.3904295e-05,0.0006386991,0.0005156917,0.00038662174,4.9172868e-05,0.0040275725,1.1645174e-05,0.005172813,0.00035090127,1.0597976e-05,0.0006822665,2.2232738e-05,7.138797e-05,1.2092649e-05,5.655906e-05,5.051675e-05,0.015671907,0.00021515878,4.558945e-05,0.00020461614,0.0003027254,0.0007020851,0.000190252,4.454644e-06,3.909544e-05,0.00022048542,0.00085234817,0.00058450864,5.1951793e-06,3.3036787e-05,0.00023489002,6.3408355e-05,9.320537e-05,9.94514e-07,0.0006214118,0.00025751343,0.00025009707,2.5063515e-05,2.3249853e-05,4.6512527e-05,0.000508871,0.00021689573,0.00012397296,9.6701595e-05,0.0010334728,0.000151961,1.3630565e-05,0.00018215927,1.2192431e-05,1.1431665e-06,0.00074768334,0.0001233453,0.00021461089,0.0004470903,0.0036275717,2.9775144e-06,0.0014634305,0.0010161293,0.037288994,4.165565e-05,0.0006967145,0.00040511225,0.0016098699,0.00041144624,6.564173e-05,0.00039724,0.00011754804,1.3366394e-05,0.00023326014,2.2137706e-06,0.000110302666,0.00026337738,0.3542817,0.0002061986,0.00036406005,1.1614152e-05,4.2027852e-05,9.150575e-06,0.00014120061,4.303846e-05,0.001130809
BC2026_Train_0007_S09_20250829_000000_010,8.3926307e-07,2.5624484e-05,2.6204634e-07,4.175958e-05,1.9785509e-09,2.349804e-07,1.2246295e-08,1.2964807e-06,1.0372664e-07,3.3663896e-06,3.1800762e-05,1.0807029e-06,2.5717507e-06,7.541432e-08,1.1859919e-06,2.4703839e-05,1.18553785e-07,7.9474445e-09,7.360214e-06,5.3870286e-07,2.131651e-08,6.4034834e-06,1.5747446e-06,2.0100658e-06,9.168816e-07,1.8264502e-09,1.2933391e-06,5.256889e-05,3.1034127e-05,1.9620838e-05,1.668563e-05,1.38775595e-05,0.00013027171,6.205186e-06,3.0516117e-06,1.8646233e-05,0.057781883,3.3023778e-05,2.6316307e-06,2.2555703e-05,1.7111537e-05,1.6499625e-06,9.063474e-06,6.549875e-06,8.1077593e-07,9.1985595e-07,1.9328705e-05,2.1409945e-05,7.08166e-06,2.121662e-06,6.247237e-06,4.718314e-06,4.902977e-06,7.908622e-06,7.297859e-05,1.4816017e-07,0.88857687,9.3859766e-05,2.1158167e-08,1.26926185e-08,5.5014743e-06,1.7102626e-07,7.897242e-06,1.2220148e-05,1.5993785e-06,3.0279737e-06,3.5027513e-06,2.9938287e-09,3.3885042e-06,4.5128698e-05,2.949221e-07,3.226075e-08,3.063034e-05,1.2353033e-06,0.00019830934,0.0011919048,2.6037262e-05,0.00016329007,8.4757994e-05,7.178342e-05,0.00022954456,2.7749255e-08,4.0625937e-06,2.1275744e-06,0.00012647577,7.621944e-06,8.051456e-06,0.00033234752,0.0027719792,1.6470902e-05,1.5994661e-05,0.0006042937,0.0002868166,0.0011076777,2.8803586e-05,4.905577e-06,5.8255337e-06,0.21843563,7.3473464e-05,0.0012150812,0.00089126686,1.0135045e-06,0.00011649456,4.4785378e-05,0.00010572696,7.857002e-05,3.4152501e-06,6.9545786e-07,0.000234176,0.0033368643,8.342051e-05,1.691543e-05,4.4127202e-05,0.00015924622,1.4126533e-06,0.004340834,1.2486468e-05,3.481318e-06,2.0991423e-05,2.2745073e-05,2.118911e-05,0.0001392797,6.962322e-05,0.0027845877,2.6727566e-06,9.108028e-06,5.3036572e-05,0.00027656287,1.6046968e-06,0.0012929708,8.3146595e-05,0.00021238717,0.00023653172,1.5531406e-05,3.186255e-06,7.681609e-09,0.0013273079,0.0030705757,7.694811e-06,1.2103621e-05,3.759455e-05,0.00748718,3.8171427e-07,0.00034325974,2.2306089e-05,1.5206178e-08,0.00032341396,1.8378751e-06,0.019517666,0.001496793,6.6214574e-07,8.501485e-05,1.9476323e-05,4.308458e-05,0.0016314518,0.0001005082,0.00010122401,8.015166e-06,0.013551048,3.0539686e-05,0.01631197,0.00036177278,1.34165975e-05,9.341527e-05,5.4681705e-06,0.00044108552,6.0555444e-06,8.724204e-05,2.8199873e-05,0.0024044663,0.00019935888,4.7149948e-05,8.732387e-05,0.0001320032,0.00062655535,2.3842016e-05,1.9376075e-06,3.743684e-06,6.3469815e-05,0.0007914712,0.0008969001,7.295471e-07,1.6363607e-05,2.4521722e-05,1.040173e-05,0.0002797929,1.5733801e-06,0.00020379934,0.0006706297,6.3059335e-05,1.4576179e-05,1.9063973e-05,7.411237e-06,0.00023289103,0.00018642226,0.00023967729,2.3216242e-05,0.00040473373,0.00066272554,1.1996083e-05,6.958498e-05,1.0289172e-06,7.074676e-08,0.0013083378,6.641544e-05,5.504548e-05,0.0043924865,7.102665e-05,1.2493901e-05,0.00044718344,2.1170084e-05,0.013285716,1.5219231e-05,0.00012006639,0.0001716974,0.013781145,0.0002986077,0.000118012904,9.921279e-05,2.6510836e-05,3.673369e-06,8.3941755e-05,9.601412e-06,0.0002666507,0.00011084463,0.24869336,3.4622364e-05,0.0006996595,0.00017141605,2.0576234e-05,1.3812743e-05,0.00021428007,0.00040340138,0.00065932516
BC2026_Train_0007_S09_20250829_000000_015,1.7447694e-06,1.9359013e-05,5.239334e-08,1.153752e-06,4.360107e-10,6.1201675e-09,2.6189673e-06,3.6227215e-07,1.4411536e-08,1.1548282e-05,7.418383e-05,9.759893e-07,1.7280522e-08,3.3758314e-09,4.840419e-07,2.3536916e-06,5.3776972e-08,4.5692072e-09,2.9272767e-06,1.1399354e-08,6.576723e-09,4.0012574e-06,3.0935073e-06,2.2684808e-06,1.3964136e-07,2.1413318e-09,1.6227365e-05,3.8497308e-07,1.2389178e-07,2.3677762e-06,5.7809106e-05,2.9523275e-07,8.7745655e-05,5.7685196e-05,2.1474289e-06,2.7200554e-06,0.0006779859,6.185405e-06,6.5162935e-06,7.923515e-05,7.794823e-05,4.633691e-06,6.2916e-06,1.5077218e-07,1.1181541e-07,1.3935387e-07,2.6715004e-06,3.6151325e-06,1.2127421e-06,5.950087e-07,1.7916882e-06,1.7117327e-06,1.7953623e-06,7.3370196e-05,2.8176408e-05,2.4942782e-08,0.96618426,1.8950846e-05,1.9747276e-07,1.3397865e-09,3.6852704e-08,1.3094095e-07,5.4986035e-08,1.2540396e-07,5.326663e-09,4.4549924e-06,1.2672739e-07,5.596044e-10,2.3893208e-06,5.9540434e-07,2.5971865e-06,8.265516e-09,2.8022381e-05,8.739606e-07,0.0009735717,1.439447e-05,0.00036283833,4.549369e-05,0.00010902482,7.2394556e-05,2.1228692e-05,9.118905e-08,1.5762422e-05,1.609976e-06,3.6060112e-07,6.060786e-05,5.801113e-06,0.00024123052,4.8452865e-05,3.3704114e-06,7.282933e-05,0.00022028203,9.604618e-06,0.0004352107,0.00011020174,1.027113e-05,3.640069e-06,0.015734097,1.3724925e-05,0.00033622453,0.00027072968,8.305106e-08,3.0768966e-05,4.826715e-05,1.2873811e-05,2.3562052e-05,6.8796353e-06,2.8643524e-06,0.000101461934,0.0010438662,3.6172634e-07,0.0012317689,1.8990775e-05,0.00017915569,7.683532e-06,9.0055975e-05,0.000117267264,0.0014264835,2.9950557e-05,1.403952e-05,9.54845e-06,8.421451e-05,4.5101075e-05,0.00059333286,7.1816466e-08,4.050606e-05,3.3175893e-05,5.1216753e-05,6.2335193e-06,0.03691207,2.623729e-05,0.00026338067,3.2076764e-06,1.6818922e-06,1.2296252e-06,1.1191501e-08,0.023218345,0.0015153555,9.995298e-06,5.24716e-07,5.166099e-06,3.1525564e-05,2.9921546e-06,0.00071150996,5.411314e-06,3.7557615e-09,0.0017198077,8.7095117e-07,0.0020733636,0.00046563408,8.924652e-07,1.1916663e-06,1.0909235e-05,4.24021e-06,0.001597171,6.156383e-05,7.006178e-05,6.2969576e-07,0.0008070544,2.317705e-06,0.0006278262,1.5854654e-05,4.5124907e-06,3.8931303e-06,5.775592e-07,0.00016494855,0.0004959267,7.395956e-05,2.0474741e-05,0.00063848577,0.00040828146,1.8373019e-06,0.00017469819,0.0002341394,0.0031596557,3.698473e-05,1.7538883e-05,1.4055164e-06,2.3984801e-05,4.4523997e-05,6.6629356e-05,2.1670007e-07,5.559873e-05,0.0001000081,2.2606437e-05,8.330907e-06,7.187057e-06,6.5086795e-05,7.776966e-05,0.00042102527,4.3295804e-06,0.00018622862,3.780992e-07,7.876379e-05,0.00027752726,0.0009577003,1.05237805e-05,0.000115432245,0.0022037956,4.567867e-05,1.1923282e-05,5.4520734e-07,6.195538e-08,0.0015547185,1.4297334e-05,1.3707096e-05,0.0006539941,2.6431844e-05,0.00042823254,7.1834846e-05,7.892483e-06,1.0290847e-05,7.412231e-05,0.00029789144,4.2007738e-05,5.763489e-05,0.00058655685,4.4531807e-05,7.4521483e-07,1.656867e-05,2.6144375e-05,0.000719023,1.5281693e-06,2.2419047e-06,0.0005301423,0.014867176,6.285245e-05,0.0007244031,3.6564707e-05,2.7700855e-05,2.5288455e-07,3.951457e-05,0.00020502352,0.00029140172
BC2026_Train_0007_S09_20250829_000000_035,3.8813678e-07,6.2713545e-05,1.329909e-07,1.4611305e-05,9.516717e-11,1.1221746e-08,2.2397192e-08,1.3298596e-07,3.2569325e-08,2.6268459e-05,0.00024281022,2.5435615e-06,2.388409e-07,1.1920155e-08,5.0229346e-07,1.6732004e-06,1.7477085e-08,7.8371903e-10,7.6194874e-06,5.682587e-06,6.555257e-09,4.627142e-06,9.60162e-07,2.830023e-05,1.0766645e-07,2.6656781e-09,0.00019374632,5.419663e-07,3.2868195e-07,7.6306907e-07,0.00084235566,8.84111e-06,0.00084629754,0.0003341228,1.8578607e-05,8.2730425e-05,0.11469178,9.874427e-05,3.4760986e-05,0.00044797407,0.0002867346,2.8231652e-05,0.00019693568,4.0510604e-06,2.4270025e-06,2.3158645e-06,4.4390785e-05,3.0613344e-05,1.14088125e-05,2.7737883e-06,5.5953922e-05,4.4399214e-05,4.7887115e-05,0.0003192806,0.000984838,1.5868078e-07,0.91694427,0.00018362657,2.913588e-08,7.374351e-09,5.6123195e-06,2.9868428e-08,6.5322064e-07,5.430823e-07,3.044851e-07,4.6914836e-05,2.0714435e-07,1.1685746e-07,5.454034e-08,7.911647e-07,9.216965e-07,8.6400054e-10,8.874966e-07,2.7058954e-07,0.00037978333,1.7412605e-05,0.00016133398,4.6402434e-05,2.6581161e-05,1.6927419e-05,1.3123754e-05,2.7119476e-08,3.6862766e-06,1.2887008e-07,4.2205065e-06,7.448806e-06,8.371272e-07,4.673145e-05,5.180533e-05,3.0936556e-07,6.027811e-05,0.00016952532,1.933665e-05,0.00012524839,2.499611e-06,5.8937025e-07,3.1931606e-06,0.06302624,1.9136964e-05,0.00013800751,0.0009449116,2.1435014e-07,1.2015078e-05,5.495301e-05,0.00010255302,0.00012003468,1.2138356e-06,3.815203e-07,6.5142434e-05,0.0013446874,7.435364e-06,9.806059e-05,7.737351e-06,0.00024920542,8.9759205e-08,0.007924472,5.0607832e-05,7.975158e-06,3.8296857e-06,4.5809347e-06,5.907512e-06,0.00029305025,5.1302497e-05,0.00024507276,1.5456905e-06,4.3426334e-07,5.6726676e-06,0.00010770721,6.511491e-06,2.8725817e-05,7.6119744e-07,7.449673e-06,4.313141e-06,2.495759e-06,5.539581e-06,1.0277345e-08,5.244911e-05,0.00033441372,3.2754463e-06,4.831458e-05,6.9950676e-07,0.00035563146,7.694047e-08,0.00013934026,3.4633433e-06,3.081043e-09,8.24205e-05,2.738674e-06,0.0027909875,0.00024615938,2.8754783e-07,5.6535964e-07,5.6478525e-06,7.282997e-06,0.00016267682,3.8924947e-05,7.107625e-05,3.5175874e-06,0.00013061863,1.3543818e-06,0.0043248935,3.3106644e-05,7.0400465e-06,6.097349e-06,7.387781e-06,5.4021407e-06,1.8892532e-06,5.583113e-06,2.13338e-05,0.0024823605,0.00013505624,4.4158514e-07,3.1890017e-05,6.8916816e-05,0.00023734094,2.0044909e-05,1.0778847e-06,1.0133411e-06,1.7954402e-05,5.0895607e-05,0.0002566335,1.2314722e-05,9.8020755e-06,0.00011720913,7.675835e-06,3.6934232e-06,4.1382355e-06,4.9166167e-05,1.0449365e-05,3.3372216e-05,1.3533992e-06,2.3454234e-06,2.9377616e-06,0.000153786,0.0001779673,1.6081383e-05,2.449288e-05,0.0024086472,1.2896446e-05,2.4364854e-06,3.333665e-05,3.8938325e-07,2.7235693e-08,6.085876e-05,1.0518794e-05,9.949781e-06,1.5833411e-05,4.4029646e-05,1.0307093e-05,0.00041698688,4.726938e-05,8.115571e-05,7.713096e-05,2.3069277e-05,0.00047265142,0.0010013126,0.00073118415,5.9934956e-07,2.1405588e-06,1.921602e-05,2.1794035e-06,0.00012589018,2.3386024e-06,4.033363e-06,1.24598355e-05,0.2554895,5.693098e-05,3.481194e-05,6.7669657e-06,4.5363954e-06,1.934849e-06,5.4410593e-05,3.0567833e-05,0.00037505795
BC2026_Train_0007_S09_20250829_000000_040,2.6883351e-06,6.938057e-05,2.60213e-06,0.0003099934,4.857807e-08,1.2205177e-07,4.5559213e-07,2.4607803e-06,2.9444932e-06,7.06681e-05,0.00018963387,7.052236e-06,5.8411155e-07,3.1662645e-07,1.9690704e-06,4.4370613e-06,2.3514407e-07,3.3231254e-07,9.458807e-06,2.8239354e-05,1.747769e-07,1.6737567e-05,4.862665e-06,1.5255458e-05,1.5967388e-06,1.8480375e-07,1.1750381e-05,8.489601e-07,2.290137e-05,1.1840383e-05,0.00032901653,0.00018847549,0.00072636013,0.00016424402,2.7202675e-05,0.00036712957,0.4970862,0.0069665434,6.716439e-05,0.00080605445,0.0019961921,4.8454574e-05,4.6316443e-05,0.00010019712,3.482721e-05,3.3390803e-05,0.0003008856,6.500263e-05,0.0003029659,0.00032329033,4.197726e-05,2.492524e-05,3.597183e-05,0.0001320722,0.003808045,4.3518534e-07,0.19823448,0.002016742,3.560572e-07,1.4273969e-06,1.5839361e-05,1.3025928e-07,7.081645e-05,3.6418613e-05,7.6220167e-06,5.5226537e-06,2.3680836e-05,5.021857e-07,3.357305e-07,4.33236e-06,3.8359253e-06,3.327815e-08,5.294082e-05,1.4322034e-06,0.00044673186,9.082725e-05,0.00014195405,0.00046223638,3.8515896e-05,0.00013155473,1.0187869e-05,1.0073413e-06,2.5203848e-05,8.907323e-07,8.1859274e-05,1.8958728e-05,0.00010053706,0.0007601616,0.00023788077,2.0633712e-05,0.00023958202,0.0003431313,0.00015723403,0.0016487576,7.3973395e-05,1.6952765e-05,3.3815046e-05,0.60659945,0.00019630072,0.00013279289,0.008789741,3.2568194e-05,0.00016962895,0.00032761614,0.000109599365,0.0004598055,6.9576025e-05,2.9865412e-06,0.004104244,0.0010595098,0.00078782206,0.00029701993,0.00010699259,0.0031937778,7.496596e-06,0.011069889,0.00028943282,5.7103143e-06,2.9727096e-05,0.00022154351,0.00010176677,0.0006169157,0.00030034364,0.0015204556,5.1870106e-06,2.4451316e-05,2.547323e-05,0.0004476113,3.0432411e-05,0.0001348618,7.870566e-06,0.0001022237,0.00022104135,5.9152506e-05,5.1349627e-05,3.0794473e-07,0.0014811285,0.0012305634,3.4652592e-05,9.5512136e-05,1.1289907e-05,0.11600638,3.767969e-06,0.0018616413,8.192142e-06,3.8952066e-08,0.0008075675,3.2502483e-06,0.012930548,7.0500035e-05,5.0258136e-06,6.387938e-05,9.878926e-06,5.043694e-05,0.0014155115,8.376136e-05,0.00046892845,0.00017041231,0.0058763837,1.8542498e-05,0.06444575,0.002547481,3.053442e-05,0.00010761255,2.4939674e-05,4.769224e-05,8.0079146e-05,0.00055662554,8.400987e-06,0.00025025522,0.00066045695,2.8539545e-05,0.0005427253,0.00050552405,0.0009252676,0.00012155742,4.0900354e-06,0.00028598707,5.2762094e-05,0.0002816842,0.002907993,9.7058844e-05,6.0555005e-05,0.00014829125,5.7157824e-05,0.0006910431,7.4797786e-06,0.00030560666,4.432577e-05,0.0004748409,0.00012601665,6.294446e-05,2.526418e-05,0.0003746054,0.00043835116,0.00020375795,0.0023253276,0.00048257504,5.1395335e-05,1.729095e-05,8.5852094e-05,9.711023e-06,9.130283e-07,0.0014149783,6.982055e-05,3.8246908e-05,0.0003067603,5.1287676e-05,1.1840892e-05,0.00067772844,0.0005216365,0.0009370834,0.00017512415,0.00023253646,0.00049615983,0.26675552,0.0012045634,6.8588224e-06,0.00047964707,3.1134762e-06,4.2242536e-05,0.00015768656,1.582111e-05,0.001217543,0.00013918159,0.3845912,0.0012686912,0.0010615572,0.00012674996,5.069439e-05,4.2721636e-05,0.00037862183,8.257392e-06,0.0004488972
BC2026_Train_0007_S09_20250829_000000_050,6.265369e-06,0.000119938806,1.186347e-06,1.3736009e-06,1.0171098e-09,2.0528827e-07,7.0924564e-08,4.8286715e-06,1.7053506e-07,3.7757528e-07,7.228997e-05,4.9624978e-06,2.3481223e-06,1.0691258e-07,2.253805e-05,2.9688254e-05,2.30744e-07,8.491227e-09,3.7021568e-05,2.0906118e-05,4.2883e-08,8.128531e-06,7.4502714e-05,1.1929207e-05,1.1076653e-06,1.9709434e-08,0.00022068419,8.210279e-05,0.00012442477,3.9567585e-05,1.6031816e-05,3.3812015e-05,3.7776757e-05,0.0001536154,1.5612355e-05,0.0003894479,0.0012489068,8.078991e-06,2.4363299e-06,0.00016775381,4.9388914e-06,1.8991907e-06,5.2758223e-05,2.996816e-05,7.1965917e-07,9.810013e-07,7.409591e-06,9.083731e-06,1.6665244e-06,3.913336e-07,1.4210309e-05,2.0252097e-05,1.7682509e-05,1.4685806e-05,0.00043022106,1.1892496e-05,0.6257193,5.1443043e-05,2.0864773e-06,3.4481257e-08,1.8504712e-05,3.318377e-08,1.1706872e-05,8.304262e-06,4.854843e-08,5.8311394e-05,5.531504e-06,1.2922402e-07,4.625284e-05,7.4406233e-07,1.480911e-06,2.5040833e-08,7.6057663e-06,5.491827e-07,0.019453002,1.8793675e-05,0.00024544576,0.00012971986,0.00018306644,6.133781e-05,0.00012458551,5.7110704e-08,3.1096133e-05,6.231712e-06,7.917194e-06,1.344997e-05,8.800941e-06,8.351086e-05,0.00053307717,7.048277e-07,5.634287e-05,0.00135337,1.7607443e-05,0.0005264889,0.0001087284,4.960732e-05,7.655767e-06,0.0015039416,2.4445417e-05,0.00033686834,0.00014329565,3.9066728e-07,0.00048115506,4.217552e-05,0.0004494791,2.7108206e-05,5.2536965e-05,2.4154758e-06,0.00010362589,0.0019230045,3.6678416e-06,0.0012235589,0.00014969302,0.000540984,1.1650321e-06,0.000612557,1.6042583e-05,0.00012183162,0.0004811092,9.974977e-06,4.0570467e-05,0.000422855,0.00033062205,0.0016677465,1.7840799e-05,5.016089e-06,3.3507742e-05,0.00030283336,1.8522525e-05,0.00059112353,0.00065972214,3.585696e-05,3.561853e-06,1.6277613e-06,1.917296e-06,6.4979105e-08,0.00084470346,0.0012909129,3.2871954e-05,3.0906056e-06,1.0744367e-05,1.5626192e-05,1.0255608e-05,1.7924876e-05,1.48930485e-05,1.3723134e-07,0.00014860719,1.6586964e-06,0.0009582621,4.8568378e-05,3.0706162e-06,7.938969e-06,6.751333e-05,0.00018482527,0.0006973642,6.8076886e-05,3.2714648e-05,9.0675036e-07,0.03421506,1.5893409e-05,0.02662158,8.619358e-06,1.9458761e-05,4.714131e-06,2.1074244e-05,0.00051651004,3.165939e-05,4.817669e-05,9.030464e-06,0.0046124896,0.00085321226,4.7591398e-06,4.4939778e-05,0.0020808002,0.0019365102,1.0304302e-05,1.3078821e-06,6.517975e-07,1.7351158e-05,0.0005594112,0.00014722918,2.800226e-06,1.42459685e-05,4.013696e-05,3.9346676e-05,0.0001278779,1.8805262e-06,5.741316e-05,0.001227522,0.000103940205,1.0229761e-05,1.6202948e-05,3.910853e-05,0.002659731,0.00026318763,0.011312484,5.0649065e-05,0.00022001441,0.00015738524,3.3498287e-05,0.00043406282,1.2730062e-06,1.224637e-07,0.00047806,0.000114111615,5.125174e-05,6.167012e-05,0.0094044665,1.1069896e-05,0.00019293446,1.8106977e-05,0.00036307503,0.0002464273,0.001141533,0.02449571,0.0014889855,9.107139e-05,1.2622261e-05,8.091028e-06,0.00015081196,7.352e-05,0.00025244482,8.717535e-05,3.1022962e-06,0.002565667,0.061059315,1.7277647e-05,0.00037690764,8.805992e-07,6.64278e-06,1.7366832e-06,6.4508364e-05,0.00863714,0.00010192877
BC2026_Train_0007_S09_20250829_000000_055,3.924078e-05,0.00031024174,1.270289e-05,6.159654e-05,3.5064537e-07,3.7679401e-06,7.440666e-07,8.3064886e-05,2.890347e-05,3.0838968e-05,7.898447e-05,4.5238485e-05,3.9274997e-05,2.3960797e-06,9.4639065e-05,3.530406e-05,9.205124e-07,2.5881764e-06,2.1714994e-05,0.00010479351,2.8474196e-06,2.600225e-05,5.3931155e-05,4.446497e-05,5.350158e-05,2.3843404e-06,0.0031404153,2.577396e-05,0.00017216166,5.7301336e-06,0.00048913626,0.00014577538,0.00048915914,0.00022615,7.821187e-05,0.0006168134,0.06718127,0.0010881568,6.6033375e-05,0.00055796804,0.0006888447,0.00010079404,0.00028321968,0.00014385903,0.00034108866,0.00030103477,0.00052763935,8.496055e-05,0.00014321425,0.00011989683,0.00018304113,0.00016572939,0.00015005788,0.0001860827,0.0052690757,1.2461997e-05,0.061269112,0.00014473384,2.2346778e-05,1.9099296e-05,0.00012236218,1.051951e-06,0.00018064943,3.4691046e-05,2.1060621e-05,0.00010158314,2.7178174e-05,1.6166323e-05,2.7914537e-06,1.067792e-05,5.9871934e-05,3.5546827e-06,0.00021678058,9.578184e-05,0.00021367983,6.7418114e-05,0.00844197,0.0014221051,0.0004903542,0.00027089907,0.00065404206,2.1293736e-05,0.00032172934,9.119384e-05,7.380928e-05,0.00016480045,6.912078e-05,0.0022448292,0.0008979094,3.1442094e-05,0.0012149636,0.0027022387,0.00025644788,0.0013058927,0.00064164505,0.0005946012,0.0014890126,0.04415409,0.0010735107,0.00076438044,0.0034650532,9.985002e-05,0.0007444098,0.00021707533,0.0022638256,0.001524189,0.00080386875,4.1090432e-05,0.0013276574,0.004268536,9.4430725e-05,0.0013918993,0.0010719141,0.0018616397,5.6558412e-05,0.021409204,0.003551036,0.0006411863,0.00029756923,0.001357409,0.00029765948,0.023627691,0.0015418916,0.15365943,2.2178609e-05,0.00045717516,0.00038275123,0.0021390975,0.000119746925,0.00078800455,0.0003959855,0.00068985345,5.4450094e-05,0.000108280496,0.00025285556,4.907617e-06,0.0112700155,0.0059271934,0.00035856944,6.6888395e-05,4.9284605e-05,0.001646313,4.466561e-05,0.004012484,3.626806e-05,8.040698e-06,0.0006267202,4.478418e-05,0.14097533,0.0014164067,9.9617304e-05,6.4664186e-05,0.00049478124,0.0007919277,0.0049459226,0.0049286946,0.0007504534,0.00028018613,0.006433968,0.00016641062,0.0076276865,0.0030148418,7.161734e-05,0.0007121235,0.00031008618,0.00033122022,0.001002553,0.000642281,0.00047148982,0.002235831,0.004090373,4.567113e-05,0.0058250716,0.0005583219,0.0035307787,0.0002196809,0.00010830755,0.00049230084,0.00055616256,0.00045711154,0.0030099328,0.00020146064,0.00075480837,0.0015957436,0.00027034793,0.0008295971,5.9815957e-05,0.0035016744,0.0006526377,0.00049230433,7.8305384e-05,0.0004115698,0.00044656242,0.0018943417,0.0063911784,0.0006356624,0.011547423,0.00223608,0.0010121597,0.00044713297,0.00013683709,0.00019596935,1.081329e-05,0.0003816081,0.0009110469,0.0007581536,0.0014776706,0.0021291613,0.00019386866,0.0025393928,0.002192827,0.003985657,0.0026501126,0.00062052876,0.0015098038,0.008320007,0.0019504349,3.7550693e-05,0.0002360154,0.00032825864,0.00018999293,0.00077261624,0.00057665294,0.0004227973,0.000860189,0.18720883,0.0009940602,0.00517088,0.0001350614,0.0007864985,0.00032251675,0.006911044,0.00033973338,0.0014489553
BC2026_Train_0025_S22_20211127_024500_000,2.601886e-10,1.0057117e-07,1.8575456e-07,0.0021633285,8.222726e-10,3.4281478e-10,7.660891e-09,2.9758778e-05,0.0013363671,0.98020315,0.91092944,2.3842784e-07,9.233912e-08,2.7383026e-10,1.4316706e-07,0.016855886,1.8838041e-07,6.1162603e-12,0.01298312,1.7322604e-07,9.2383257e-10,0.0007393946,4.465553e-07,1.5682627e-06,1.3457835e-05,2.478266e-10,8.472317e-05,1.7668803e-08,8.9600974e-08,0.00017063474,7.668862e-06,6.1157714e-08,1.1844426e-05,1.2281333e-06,1.4906837e-07,4.812452e-08,6.539937e-08,5.8281348e-08,2.109816e-06,7.47641e-08,2.5596422e-05,1.1312424e-06,1.0687909e-06,1.4196579e-08,3.988923e-09,3.134431e-09,5.5353283e-08,1.3502495e-07,2.5072756e-08,1.6356939e-08,5.1970535e-08,4.859966e-08,4.1334754e-08,2.4804829e-05,2.3434464e-07,3.3460932e-09,9.0787177e-07,0.9146865,3.1989007e-08,1.7947698e-08,0.00038559941,6.4241217e-11,0.003451645,0.004080077,4.832536e-05,5.293082e-07,2.0732552e-08,1.972945e-11,4.5668223e-08,3.290159e-05,1.945202e-10,2.8283932e-08,2.2300343e-08,3.1180345e-08,2.471424e-08,9.9023104e-08,4.667473e-06,3.991943e-07,1.23630725e-05,4.66842e-08,1.0528578e-05,1.6148584e-09,3.174573e-07,2.7581667e-08,4.9777327e-08,6.0040616e-06,9.2446804e-08,1.2278252e-06,1.5817563e-05,8.956099e-08,4.023336e-06,9.55464e-07,7.0113634e-07,1.2571774e-06,3.4529678e-06,1.6792254e-07,2.1720957e-06,3.9387505e-06,4.7363963e-07,4.162778e-07,1.4730877e-07,4.126872e-09,6.703578e-05,0.00010434976,0.0018381648,7.7475164e-07,6.63263e-09,9.8632776e-11,1.9903004e-08,6.8990294e-06,4.8234707e-08,1.800679e-05,3.6311247e-09,4.09593e-08,8.474258e-08,7.3274265e-07,6.23593e-08,6.358564e-07,6.3023286e-08,2.6003513e-06,9.362757e-08,2.8528893e-07,5.1035574e-08,5.5288197e-06,1.4545915e-08,4.6150794e-07,1.3518899e-06,4.531357e-07,1.031569e-06,4.6670928e-05,1.198558e-07,1.4585247e-06,7.01116e-09,7.6992436e-08,2.3915604e-08,1.8511274e-08,6.6690027e-06,1.6758863e-06,3.944559e-07,6.2871914e-06,1.9675985e-05,3.3088892e-09,1.1664453e-08,4.0635635e-07,4.356793e-06,5.152447e-10,1.1596709e-07,7.196446e-06,4.4858338e-05,3.0822105e-06,3.1651963e-09,5.968723e-07,6.256767e-07,2.7743943e-07,4.4400568e-07,4.941874e-07,1.7274228e-08,3.898103e-09,7.392376e-06,4.3779195e-08,1.2241552e-06,5.6324944e-07,2.1871524e-07,1.2787042e-06,9.302693e-09,0.00906802,8.091376e-07,2.8766737e-08,4.3708238e-07,1.6751066e-07,5.9055005e-06,2.5056917e-07,6.5328365e-10,5.935573e-07,3.011875e-07,6.014206e-08,3.2864865e-08,5.358008e-08,1.8822668e-07,1.6016314e-06,1.4533845e-06,1.0167166e-08,9.5038854e-07,1.9663736e-08,9.1242606e-07,3.3421675e-05,3.6457067e-08,6.1317604e-07,1.5439373e-07,3.7867944e-06,1.7133661e-07,1.549247e-07,1.3272711e-07,6.7297987e-07,1.3432486e-06,6.550368e-06,1.1693416e-07,6.4194154e-08,4.9486885e-06,1.0597359e-07,9.471459e-08,3.8178776e-08,4.5218565e-11,3.2486646e-06,4.2021222e-07,4.996194e-06,9.2254425e-07,1.4932591e-06,1.4762866e-08,2.6765113e-07,3.4638468e-08,1.3384648e-05,6.487802e-09,1.158808e-06,0.00018317052,0.001094288,6.78779e-07,5.1198096e-08,5.9523526e-08,3.763169e-09,8.351276e-10,3.1626732e-07,3.56627e-08,1.4729481e-08,3.977184e-07,1.0066604e-05,6.190406e-10,2.2506418e-07,9.2367884e-11,7.580137e-07,4.0323673e-08,1.9662275e-06,4.5635875e-07,4.3953648e-07
BC2026_Train_0025_S22_20211127_024500_005,3.798055e-09,2.7322278e-07,1.4730795e-06,0.0015990181,1.2793113e-09,1.6305504e-09,2.6230158e-08,3.5372133e-05,0.0047202194,0.98521334,0.8370885,1.2918473e-07,1.4560507e-07,8.1657736e-10,1.7516338e-07,0.008649046,1.16652465e-07,2.6297846e-11,0.008735105,3.48421e-07,6.537137e-10,0.0029688412,8.176664e-06,2.1452306e-06,6.852957e-05,6.2972644e-10,1.2318516e-05,1.423101e-08,1.4286294e-06,0.00032231415,2.5440142e-05,7.4288465e-07,5.7479057e-05,3.971494e-06,4.5508276e-07,5.0382437e-07,3.8869504e-07,1.308501e-06,6.664304e-06,4.6665517e-07,0.00012979112,6.8320574e-06,1.7533564e-06,2.3762246e-07,2.6822498e-08,1.6396358e-08,7.702305e-07,8.6475626e-07,2.943865e-07,2.981613e-07,2.4249476e-07,1.4824144e-07,1.766812e-07,5.2307412e-05,2.2961206e-06,6.2448655e-09,1.0906487e-06,0.9679841,1.277491e-07,1.2289302e-08,0.00019844646,2.1052837e-10,0.003980345,0.0040504965,5.2757428e-06,2.4227447e-07,1.9924167e-07,2.5137314e-11,2.0103766e-08,4.2892352e-05,7.5876383e-10,1.1267347e-07,2.1787937e-07,1.6463818e-07,2.328116e-07,1.3161373e-07,8.565267e-06,1.1003365e-06,1.2062563e-05,4.35557e-07,3.342183e-05,2.7126343e-09,1.3315835e-06,9.2250055e-08,2.2837971e-06,4.9372998e-06,7.0574785e-08,1.0154752e-05,5.1758812e-05,2.0399591e-07,9.640241e-06,9.698942e-07,2.2802105e-06,2.3528096e-06,0.00017802924,1.3775504e-07,9.2285685e-05,2.3792865e-05,1.4828458e-06,1.3010003e-06,9.84362e-07,2.2550003e-08,2.0461684e-05,7.72614e-05,0.0009110204,9.3135145e-07,1.6574484e-08,5.534739e-11,3.9361638e-08,1.1245807e-05,1.3577375e-07,9.864309e-05,2.8015466e-09,2.1357313e-07,2.0308282e-07,4.3590494e-06,1.5968561e-07,9.4565377e-07,2.595312e-07,4.154907e-06,3.214047e-07,1.875737e-07,1.2686343e-07,4.8437847e-05,1.3416621e-07,1.9633887e-06,1.966057e-06,9.609515e-07,1.0997869e-05,3.2946176e-05,1.1794162e-06,4.751362e-06,1.7605897e-08,1.3725503e-07,4.9409838e-08,6.300201e-08,2.8046014e-05,4.896505e-06,1.1400277e-06,1.0497878e-05,6.314111e-06,6.432664e-08,2.6557124e-08,1.7854285e-06,7.804015e-07,9.014996e-10,4.984412e-07,1.979448e-05,5.5097895e-05,5.65645e-06,1.2830899e-08,2.686403e-05,5.3309113e-06,1.7053487e-06,5.727762e-07,2.1904944e-07,2.2777822e-07,2.4182338e-08,9.831772e-06,5.762113e-07,3.8115443e-06,2.2764254e-06,4.154164e-07,3.7238183e-06,1.9541698e-08,0.014935955,2.337258e-06,1.368565e-07,1.1389259e-06,1.7378761e-06,3.6730958e-06,1.2285902e-06,1.8630029e-09,3.279277e-07,3.3213967e-06,5.1315817e-07,3.86819e-08,1.5871241e-07,4.7668482e-07,1.1847521e-05,7.4839595e-06,2.9933616e-08,1.284315e-06,3.550504e-08,8.231156e-06,4.1390616e-05,2.332874e-08,1.3274145e-06,6.885811e-07,7.663019e-07,9.702179e-07,1.3481356e-06,6.694822e-07,1.1478005e-06,3.045518e-06,3.8182493e-06,2.2126383e-07,7.2019205e-08,1.4556771e-05,2.643609e-07,1.7987904e-07,6.768185e-08,4.718932e-11,1.7513377e-05,1.4715463e-06,1.5604524e-05,2.0764944e-06,1.2224158e-06,1.2155473e-07,3.830822e-07,8.9942056e-08,2.0782316e-05,1.606283e-07,3.3328351e-06,0.00021705918,0.0045343833,6.498678e-07,4.139322e-07,6.34752e-08,1.2884607e-08,3.3332004e-09,2.7478384e-07,6.512316e-08,3.255622e-08,1.407346e-06,2.3862101e-05,1.0738872e-08,1.3772723e-06,1.1567384e-09,8.1402374e-07,8.2577515e-08,8.591423e-06,5.9504623e-07,6.045765e-07
BC2026_Train_0025_S22_20211127_024500_010,1.5754559e-10,1.3716762e-07,2.3788864e-07,0.0012654804,3.6358075e-10,2.8077651e-11,3.3332462e-08,8.001334e-06,0.00026559088,0.99761754,0.970786,1.9512747e-07,8.285483e-09,1.12719965e-10,4.5822045e-08,0.00027598077,3.1747813e-08,3.641439e-12,0.00048615993,1.3311514e-07,3.3729252e-11,0.00158808,4.991709e-07,9.079436e-07,5.135521e-06,5.2942043e-11,1.7436867e-05,1.434229e-09,3.6427732e-08,2.9682595e-05,1.9834768e-05,3.9416477e-08,2.3663475e-05,1.9980805e-06,1.2534251e-07,3.253046e-08,1.4031549e-07,1.9218126e-07,5.759526e-06,1.1568024e-07,0.00010023992,3.1667946e-06,5.915337e-07,7.1831088e-09,3.8148698e-09,2.3284408e-09,5.910065e-08,6.3514314e-08,3.9353754e-08,3.437842e-08,3.75754e-08,2.7478222e-08,2.8127703e-08,6.1632905e-05,2.5304428e-07,2.1410829e-09,1.3476574e-06,0.96529514,2.3604409e-08,1.974306e-09,2.7311984e-05,1.8182419e-11,0.00062240823,0.00062438555,3.382509e-06,1.5848357e-07,4.3532065e-08,4.7578365e-12,5.7860423e-09,7.790037e-06,4.2118628e-10,1.273406e-08,8.110487e-09,1.0548255e-07,1.9964776e-07,4.4993143e-08,2.8069799e-06,3.87286e-07,3.3485958e-05,1.231311e-07,4.313573e-06,5.205769e-10,1.195443e-06,2.565896e-09,1.0628796e-07,5.202001e-06,9.277854e-08,2.5178633e-06,1.1969264e-05,5.5832558e-08,2.9208686e-06,1.8207665e-07,5.619152e-07,6.383548e-07,1.0390557e-05,1.6284966e-08,7.835367e-06,8.850363e-06,1.6292987e-07,1.9317298e-07,4.2580987e-07,2.4218556e-09,2.2166661e-05,4.1322353e-05,9.513772e-05,4.5028864e-07,6.1063155e-09,2.8378024e-11,6.990637e-09,6.4104124e-06,3.1079765e-08,2.5269434e-05,5.189115e-10,2.3213077e-07,3.6185153e-08,5.49233e-07,4.290722e-08,4.1821923e-07,5.351615e-08,2.4627197e-06,3.0438085e-07,1.0031771e-07,8.660852e-08,6.122603e-06,1.5157271e-08,4.903122e-07,5.7439144e-07,1.5174257e-06,6.2337567e-06,1.1009906e-05,3.2818517e-07,1.5605524e-06,8.634409e-09,3.7306172e-08,1.4538121e-08,3.1388776e-08,5.478762e-06,2.1790108e-06,2.4491465e-07,1.8310277e-06,3.9122497e-06,5.5060028e-08,2.5192842e-08,1.9693789e-07,8.176629e-08,3.9350693e-11,2.5427804e-07,2.5521438e-06,1.2860215e-05,7.904422e-07,2.2331532e-09,1.3828803e-06,1.1825247e-06,1.13126546e-07,2.4974966e-07,4.855287e-08,1.854618e-07,1.6976212e-08,1.6176082e-06,5.3921994e-08,1.5294772e-06,4.9990456e-07,5.5612816e-07,2.78836e-07,4.5859183e-09,0.0016165585,1.1445918e-07,3.1700313e-08,2.1132423e-07,9.7249064e-08,1.3506657e-06,5.193963e-07,6.5566164e-10,9.4156286e-07,6.68784e-07,4.2756895e-08,4.5283276e-08,9.021232e-08,9.9876694e-08,5.5197137e-07,2.2512975e-06,4.876689e-08,6.135387e-07,1.1144616e-08,3.948383e-07,9.193945e-06,4.5578243e-08,2.5171713e-07,1.02318936e-07,2.1745673e-07,6.1105817e-07,5.567437e-07,4.9108994e-08,3.4726096e-07,6.991673e-07,8.0587233e-07,1.0496515e-07,2.888456e-08,8.243484e-07,8.2091475e-08,1.901723e-07,2.1297652e-08,5.0767515e-12,8.316166e-06,1.3485224e-07,3.846718e-06,1.1142001e-06,1.7252486e-07,5.5643955e-08,1.7975109e-06,1.5712681e-08,6.9362177e-06,7.79718e-08,4.034749e-07,6.831523e-05,0.004137747,6.210889e-07,1.130881e-08,3.825909e-09,1.1407092e-09,7.327155e-10,8.0912065e-07,9.254961e-09,1.019334e-08,1.2829182e-06,1.5664911e-05,1.511543e-09,1.2992393e-07,6.0954866e-11,2.583503e-07,1.2288365e-08,2.9830398e-06,9.337521e-08,8.02084e-07
BC2026_Train_0025_S22_20211127_024500_015,1.7901662e-10,9.719877e-09,3.7374477e-08,0.0003795126,1.0913322e-10,9.803166e-11,3.594596e-09,1.938493e-06,0.0004067245,0.9610412,0.96806026,8.845766e-08,5.8287448e-08,7.321745e-11,1.3995554e-08,0.003582545,6.908957e-09,1.1717142e-12,0.010140688,4.2217155e-07,2.1685566e-10,0.0016021943,9.631005e-08,5.721008e-07,1.2173343e-05,1.4466409e-10,2.9550592e-06,3.6612427e-10,4.359089e-08,3.435625e-05,1.8700247e-06,4.5191474e-08,6.7078795e-06,4.3648257e-07,5.0893362e-08,3.742998e-08,3.1617468e-08,6.18372e-08,8.564692e-07,2.7718574e-08,2.7351132e-05,5.3028026e-07,2.6891198e-07,1.4269796e-08,3.1635066e-09,1.8774213e-09,6.367188e-08,5.961249e-08,1.6847313e-08,1.5659875e-08,1.4040822e-08,1.06924976e-08,1.1123253e-08,1.0451279e-05,1.9203304e-07,3.7779624e-09,2.1583178e-07,0.956014,4.5413606e-09,8.9763225e-10,0.0010215669,1.4482636e-11,0.005170507,0.009762271,5.291903e-06,8.754975e-08,7.3511806e-09,7.943856e-12,2.6784857e-09,2.243496e-06,6.326552e-11,9.635705e-09,1.3526434e-08,7.698007e-09,7.309738e-09,1.0593272e-08,3.0845072e-06,2.0964849e-07,6.1389856e-06,1.3385509e-08,6.749384e-06,3.680069e-10,3.8879773e-07,2.4858038e-09,5.0689334e-08,2.2798106e-06,4.6659636e-08,5.2402665e-06,1.0782521e-05,2.1217412e-08,2.0498284e-05,8.027782e-08,6.923391e-08,3.3000268e-07,4.3730356e-06,1.7852987e-08,8.8714967e-07,2.365472e-06,1.0631184e-06,2.1993299e-07,1.6251988e-07,2.917661e-10,2.534909e-06,5.647967e-05,0.00020605396,1.7810497e-07,1.1229004e-08,1.0838947e-11,1.0083697e-08,1.4956493e-06,1.0622428e-08,9.569171e-06,5.5321453e-10,2.8757686e-08,3.70663e-08,4.2694643e-07,1.2691868e-08,7.324479e-08,2.2449628e-08,6.696175e-07,1.9655037e-08,1.2196672e-07,5.011637e-08,3.4263321e-06,6.0163825e-09,3.468952e-07,7.3592344e-07,1.4795881e-07,2.4633234e-06,4.251045e-06,2.2599565e-08,7.771596e-07,6.253683e-10,8.400885e-09,7.677244e-09,7.7205335e-09,2.2343809e-06,5.811189e-07,9.232575e-08,1.2478877e-06,2.297334e-06,8.0055e-09,1.0397856e-08,6.504805e-08,3.3316073e-07,9.356353e-11,6.9220974e-08,6.7097267e-07,7.087883e-06,3.4619555e-07,4.0296105e-10,6.8326494e-07,1.1724329e-06,1.4432929e-07,5.5709275e-08,3.393431e-08,1.0326487e-08,2.1797544e-09,9.3323456e-07,1.1763879e-08,3.8128934e-07,3.4245997e-07,2.7292899e-08,3.261493e-07,1.5165448e-09,0.0031475753,1.4437376e-07,1.295044e-08,9.196159e-08,8.469766e-08,9.0020376e-07,1.5363582e-07,1.5454966e-10,3.171042e-07,1.3269232e-07,5.0752416e-08,5.806916e-09,3.453457e-08,5.9429585e-08,5.324319e-07,5.063672e-07,2.0813171e-09,1.6902344e-07,7.540911e-09,9.1089146e-07,2.6291523e-06,2.1764237e-08,2.8982078e-07,5.403215e-08,3.404495e-07,7.65238e-08,5.1644058e-08,9.831493e-08,1.5894916e-07,3.993021e-07,2.9057571e-06,3.1334643e-08,1.0792631e-08,1.0274601e-06,6.131852e-09,4.8143065e-08,2.3579916e-09,5.44631e-12,1.0233742e-05,1.8226218e-07,2.235892e-06,8.145099e-07,5.079638e-07,9.983912e-09,2.1535456e-07,6.543567e-08,3.5233693e-06,4.984228e-09,5.1937e-07,9.636744e-05,0.00013403015,5.8645867e-08,5.739406e-09,4.8478084e-09,1.2563751e-09,4.5914655e-10,1.0605286e-07,3.7608436e-09,9.1680247e-10,5.197907e-07,6.0003526e-06,6.6958505e-10,6.432529e-08,1.41788595e-11,2.7883812e-07,3.1048346e-09,5.8521783e-07,1.8483426e-07,4.5729112e-07
BC2026_Train_0025_S22_20211127_024500_020,6.3446565e-10,2.5756744e-08,1.7073107e-08,0.0017668742,3.130325e-10,8.3394125e-11,7.759034e-09,5.79366e-06,0.0018043374,0.9820908,0.97483927,1.9082426e-08,6.65373e-08,6.09308e-11,2.554914e-08,0.0014778227,6.135435e-08,6.4343574e-12,0.008951299,2.5595727e-07,4.2845918e-10,0.00046577773,4.7873993e-07,1.2846249e-06,5.1697853e-06,1.5584385e-10,1.3240135e-06,6.5152284e-10,2.6062095e-08,1.2897984e-05,1.43459565e-05,1.1341097e-07,2.424219e-05,2.5461634e-06,1.4421221e-07,1.2252224e-07,9.885176e-08,2.0271887e-07,4.261152e-06,1.8399956e-07,9.727222e-05,3.106859e-06,7.4777563e-07,2.3885837e-08,8.138939e-09,4.319665e-09,1.398022e-07,1.172854e-07,7.153457e-08,6.587309e-08,5.3113155e-08,3.745019e-08,4.028431e-08,4.0237715e-05,6.4547066e-07,1.8251197e-09,5.3741394e-07,0.98819923,1.1569596e-08,5.6943934e-09,0.00019426113,8.320569e-11,0.004162766,0.004448166,5.3015965e-06,1.0375413e-07,3.908237e-08,3.828378e-12,4.472054e-09,2.2782715e-06,2.7784605e-10,1.9103695e-08,2.0665476e-08,1.0681678e-07,7.770293e-08,2.7034778e-08,7.1015097e-06,7.2615205e-07,1.1710278e-05,5.368831e-08,8.664818e-06,9.941873e-10,1.4149724e-06,5.906535e-09,2.630617e-07,2.2219351e-06,1.964395e-07,5.487861e-06,3.2130964e-05,3.3222594e-08,1.4696594e-05,2.0458097e-07,3.9031607e-07,1.1518677e-06,2.8296641e-05,3.0755956e-08,8.485768e-06,1.48867e-05,1.1721345e-06,1.8364072e-07,2.369273e-07,3.093627e-09,4.0465625e-06,6.104127e-05,6.0443654e-05,6.435112e-07,1.7899733e-08,1.3551205e-11,8.929882e-08,2.009949e-06,5.8158417e-08,2.0792051e-05,1.0317998e-09,1.3347297e-07,8.652712e-08,1.4741701e-06,4.140451e-08,3.2165954e-07,7.027148e-08,3.4433265e-06,3.803846e-07,5.5683454e-08,3.3839235e-08,5.9323247e-06,1.1085468e-08,1.0194382e-06,1.0829174e-07,7.9626034e-07,4.318467e-06,1.7402414e-05,3.8197204e-08,2.9945525e-06,3.0458505e-09,2.1821432e-08,1.753438e-08,1.998014e-08,1.6418144e-06,2.2135068e-06,5.029694e-07,7.4606787e-06,8.876838e-06,6.9817126e-08,8.187377e-09,2.9350792e-07,2.5917208e-07,6.457191e-11,5.324172e-07,3.6628185e-07,2.7417149e-05,4.961656e-07,3.8604346e-09,8.675706e-07,1.1806632e-06,1.3873634e-07,9.296719e-08,1.4661948e-07,8.1974285e-08,2.5344708e-08,8.773904e-07,5.7842907e-08,1.3100342e-06,8.835098e-07,9.493036e-08,2.4195214e-07,1.2343827e-08,0.009829763,3.0999166e-07,4.1229796e-08,1.10154964e-07,1.6338485e-07,1.2818922e-06,1.533988e-07,6.503818e-10,6.56204e-07,2.874113e-07,3.0371305e-07,2.1629203e-08,9.4502205e-08,1.217032e-07,2.68567e-07,1.5397745e-06,2.5811824e-08,1.1871642e-06,6.256732e-08,3.1037206e-07,2.0145826e-05,6.629749e-08,8.3857265e-07,1.5014557e-07,1.6271218e-07,8.3420474e-07,3.046021e-07,2.5255318e-07,6.349232e-07,7.6925267e-07,1.4063143e-06,1.6941024e-07,2.9276093e-08,1.1176013e-06,2.9621583e-08,1.1500638e-07,2.3369447e-08,4.5534882e-12,6.489193e-06,4.136757e-07,2.3415057e-06,4.526559e-06,2.6504603e-07,1.7251937e-08,8.177406e-07,4.7088687e-08,1.8690705e-05,2.4232246e-08,1.0235306e-06,0.00031526914,0.0027461145,3.0942547e-07,2.5796322e-08,9.308426e-09,4.648941e-09,1.3197095e-09,1.5778504e-07,3.4477836e-08,2.9143102e-08,3.7336433e-06,1.1470572e-05,6.9915034e-09,1.424788e-07,4.3309653e-10,1.8157533e-07,3.1288938e-09,3.2457258e-06,1.2456078e-07,1.2288656e-06
BC2026_Train_0025_S22_20211127_024500_025,5.612977e-10,5.5961877e-08,1.5905091e-07,0.0007515613,2.530739e-10,1.284673e-10,1.2199994e-08,6.8249456e-06,0.000780337,0.99631494,0.977401,1.2032902e-07,5.979788e-08,2.0894025e-10,8.3267565e-08,0.0014597644,6.681441e-08,3.9891072e-12,0.008473196,3.8672613e-07,1.08853815e-10,0.00060468895,3.648222e-07,1.6225011e-06,7.194826e-06,1.226096e-10,2.334873e-05,2.4668638e-09,1.1321742e-07,1.8350258e-05,2.1754728e-05,7.935512e-08,4.716281e-05,2.1032788e-06,1.8580488e-07,7.063633e-08,1.02686684e-07,1.7309623e-07,7.2146004e-06,1.2828468e-07,0.00011588496,3.8651738e-06,1.0197842e-06,1.7551512e-08,5.7744107e-09,3.6659054e-09,1.3545545e-07,2.0613025e-07,6.280369e-08,4.7507186e-08,6.0975545e-08,5.005113e-08,4.9234764e-08,6.468867e-05,4.1689995e-07,7.0274946e-09,2.1787325e-06,0.96958894,1.9617959e-08,7.798678e-09,0.00021173933,4.3040016e-11,0.0022344836,0.0017753365,3.6185754e-06,4.202659e-07,4.9081276e-08,7.633778e-12,2.2594953e-08,2.6249729e-05,1.07691e-09,3.401966e-08,2.9253151e-08,4.065304e-08,9.72487e-08,5.040272e-08,1.32572295e-05,3.914766e-07,7.651748e-05,8.274211e-08,1.25290035e-05,1.555253e-09,3.317753e-06,1.1483919e-08,3.0425085e-07,7.875949e-06,1.03401504e-07,3.0893384e-06,2.766337e-05,3.7783963e-08,6.0747825e-06,2.5441557e-07,9.2647645e-07,5.517793e-07,6.78103e-06,5.7644556e-08,4.0555838e-06,1.39381455e-05,4.006944e-07,4.1621863e-07,2.4746814e-07,2.0684354e-09,1.3804367e-05,5.4831256e-05,0.00022924076,6.3823e-07,1.5356898e-08,1.1499135e-11,1.5797303e-08,8.031892e-06,2.5893284e-08,2.1664895e-05,1.0374871e-09,1.0633461e-07,9.6530556e-08,8.262995e-07,6.22679e-08,5.777217e-07,7.121927e-08,9.995601e-07,1.6774679e-07,1.15840976e-07,8.283575e-08,6.0957964e-06,1.1055695e-08,7.025801e-07,1.337504e-06,1.0051447e-06,1.0160526e-05,3.4114262e-05,7.2704886e-08,1.7820859e-06,2.1102942e-09,4.956321e-08,2.9334839e-08,5.2979505e-08,4.8916463e-06,2.703107e-06,6.9677293e-07,3.960114e-06,2.2558736e-05,1.3433029e-08,2.4232477e-08,3.0308982e-07,8.132145e-07,1.2054974e-10,2.3212569e-07,3.932179e-06,4.32593e-05,1.1162114e-06,3.3867111e-09,1.4918472e-06,3.0278263e-06,3.640346e-07,1.04527416e-07,1.8340899e-07,5.7908036e-08,1.3216096e-08,6.2685485e-06,9.3599e-08,2.7929077e-06,9.0061326e-07,2.5688067e-07,5.563642e-07,6.4301715e-09,0.016128717,4.725789e-07,4.458182e-08,7.181248e-07,1.2004122e-07,2.7988672e-06,4.623392e-07,4.5586632e-10,9.4563205e-07,2.3476898e-07,1.1680142e-07,2.8527959e-08,4.7038238e-08,7.968561e-08,9.209444e-07,1.9231359e-06,3.2871444e-08,8.3226666e-07,1.2613604e-08,9.178405e-07,2.073779e-05,8.603588e-08,3.9047504e-07,2.0119576e-07,6.131784e-07,5.077575e-07,1.5757406e-07,1.3569193e-07,8.2002725e-07,1.0372571e-06,3.620864e-06,8.6669495e-08,5.1662095e-08,3.3878516e-06,7.543245e-08,2.5158081e-07,1.1520029e-08,9.951559e-12,9.174203e-06,6.470219e-07,3.5344513e-06,1.9940164e-06,3.1985658e-07,2.9419448e-08,1.0384141e-06,4.5095984e-08,1.8107441e-05,1.4603848e-08,8.105834e-07,8.2249884e-05,0.00094600924,2.923673e-07,2.5222986e-08,1.9443176e-08,2.001881e-09,2.0423812e-09,6.673747e-07,2.0155905e-08,6.0797603e-09,4.4262542e-06,1.2940095e-05,1.9669353e-09,1.2185673e-07,6.267926e-11,5.4557455e-07,3.571355e-08,2.079009e-06,4.3094755e-07,7.6690213e-07
BC2026_Train_0025_S22_20211127_024500_030,1.2463121e-10,9.6431926e-08,3.082259e-07,0.0007457827,4.319292e-10,5.6976035e-11,3.259454e-09,8.237014e-06,0.0004996272,0.99241745,0.9550649,3.51971e-08,4.2883403e-08,9.828497e-11,5.472499e-08,0.0010416459,4.9875757e-09,6.0933914e-12,0.0014173033,1.7263415e-07,9.3839644e-11,0.0007216756,5.431357e-07,1.0036744e-06,2.1669832e-06,5.9995314e-11,1.037894e-05,6.983983e-10,1.09960155e-07,1.4114296e-05,1.9555197e-05,6.613974e-08,2.9031842e-05,1.4051667e-06,1.5089545e-07,6.444638e-08,1.0523537e-07,1.1343141e-07,5.9462805e-06,7.624247e-08,8.05948e-05,2.9049563e-06,6.399341e-07,1.7278973e-08,5.3722506e-09,3.2828888e-09,6.305659e-08,1.1225025e-07,2.872085e-08,2.0314493e-08,3.7497145e-08,2.9329467e-08,2.856128e-08,6.4002605e-05,3.1780843e-07,4.1052277e-09,1.1280556e-06,0.956574,3.3185735e-08,9.507166e-09,0.00017038404,1.2996495e-11,0.0020043538,0.0006020172,5.179907e-06,2.261725e-07,9.042437e-08,3.706001e-12,2.5587896e-09,6.568497e-06,4.3345105e-10,4.500962e-08,1.0528332e-08,2.6571666e-08,3.941392e-08,4.5821785e-08,3.2071564e-06,3.7769593e-07,1.2786998e-05,5.282059e-08,5.92845e-06,3.723235e-10,1.4250819e-06,2.4344762e-09,9.094189e-08,3.3511135e-06,6.261829e-08,1.4066884e-06,2.0906036e-05,2.6141853e-08,3.673744e-06,3.03469e-07,4.01361e-07,3.682706e-07,5.305314e-06,3.1439406e-08,5.095498e-06,4.195669e-06,2.2222943e-07,3.9149933e-07,1.7726717e-07,1.2990387e-09,2.2705131e-05,4.275138e-05,0.00017928779,5.9157037e-07,7.121706e-09,1.6958742e-11,1.1141535e-08,3.8604107e-06,3.2587284e-08,2.781917e-05,1.17122e-09,9.049546e-08,5.991924e-08,3.3668954e-07,1.3915091e-08,9.0855195e-08,4.547439e-08,1.4284876e-06,1.5314578e-07,3.128559e-07,3.646882e-08,5.0679228e-06,5.4167515e-09,2.6479918e-07,4.4311102e-07,6.244958e-07,5.0126405e-06,1.2716818e-05,2.0386425e-07,1.0266325e-06,1.1080283e-09,1.9067365e-08,7.995124e-09,5.5798783e-09,6.3813904e-06,1.8026041e-06,5.190932e-07,1.8362423e-06,3.0878894e-06,1.5163227e-08,6.7800308e-09,1.1559388e-07,2.2193716e-07,3.4834333e-11,1.1192487e-07,9.009742e-06,2.7739055e-05,1.7233262e-06,1.3541194e-09,2.3406371e-06,9.160138e-07,2.3823736e-07,8.244454e-08,1.1473195e-07,5.535402e-08,1.04331574e-08,7.0524584e-06,6.3762904e-08,1.5718548e-06,6.187094e-07,9.475615e-08,4.230159e-07,1.6279617e-09,0.0065619145,2.2823461e-07,2.7762173e-08,1.07367875e-07,8.613128e-08,2.8088036e-06,6.7205434e-07,4.4439916e-10,2.0023943e-07,3.2860984e-07,3.3508268e-08,1.06850155e-08,7.809325e-08,5.504994e-08,6.430051e-07,1.1842999e-06,5.614478e-09,2.1813013e-07,6.4747105e-09,8.316502e-07,1.3276157e-05,2.2662585e-08,4.2815458e-07,1.7624399e-07,4.165804e-07,2.2769478e-07,6.6005384e-07,1.237888e-07,4.8798904e-07,6.70211e-07,2.1679837e-06,9.633651e-08,2.99032e-08,1.6474326e-06,5.6512246e-08,5.493174e-08,1.7303082e-08,1.1975125e-11,5.4869133e-06,4.0044762e-07,4.5632537e-06,1.3350127e-06,1.7095027e-07,1.5468608e-08,2.9268728e-07,1.06500595e-08,1.0772079e-05,2.5758502e-09,7.523393e-07,8.934601e-05,0.002250001,2.0648875e-07,2.2617115e-08,2.4769925e-08,1.2379329e-09,3.171099e-10,1.7294872e-07,7.836807e-09,6.8017654e-09,2.6022417e-06,1.5715112e-05,1.247861e-09,1.5781663e-07,2.4972968e-11,4.732775e-07,1.25714275e-08,7.9578143e-07,1.3292055e-07,3.369208e-07
BC2026_Train_0025_S22_20211127_024500_035,6.881164e-10,9.565576e-08,3.9456797e-08,0.003395555,8.210001e-10,6.072162e-11,2.4223189e-08,7.424784e-06,0.0007498991,0.9982774,0.97579557,1.05844514e-07,3.0823853e-07,3.1385453e-10,7.604061e-08,0.00096741586,2.851164e-08,1.4970834e-11,0.0045684795,1.007569e-06,7.200911e-10,0.000539512,2.1858263e-07,2.3042523e-06,4.9959176e-06,2.8927588e-10,2.7222944e-05,1.3855467e-09,4.4785345e-08,1.3207045e-05,7.856252e-05,1.06196985e-07,7.1200666e-05,4.516452e-06,3.444337e-07,1.3931108e-07,2.872965e-07,3.2068522e-07,1.8693987e-05,2.6917266e-07,0.0002952703,9.651297e-06,1.8567483e-06,2.7095744e-08,1.8896836e-08,1.3010826e-08,2.5403733e-07,2.3755356e-07,1.10874815e-07,8.3345746e-08,1.5993403e-07,1.2756965e-07,1.1701203e-07,0.00017908857,9.577896e-07,6.278701e-09,1.9306628e-06,0.9799533,1.4502062e-08,7.560238e-09,0.0002151838,4.4669855e-11,0.0018272314,0.0013632216,2.425198e-06,6.641702e-07,4.1854076e-08,8.604753e-12,1.2539984e-08,9.701563e-06,3.4228098e-10,4.1097344e-08,6.436223e-08,5.5508806e-08,1.368103e-07,5.4586334e-08,4.691147e-06,8.0733236e-07,1.7149456e-05,3.473506e-08,1.082308e-05,7.2008427e-10,1.361329e-06,1.4435195e-08,5.781963e-08,8.141052e-06,8.869723e-08,2.6230014e-06,2.0718575e-05,4.4582336e-08,1.1593359e-05,1.8695437e-07,4.0575034e-07,3.802515e-07,1.7588144e-06,1.1280713e-07,2.5899046e-06,1.4085763e-05,4.033402e-07,1.4802175e-07,5.5860517e-07,4.429557e-09,9.691502e-06,0.0003120087,0.00053511735,6.780033e-07,1.8235617e-08,7.9492406e-11,1.6900193e-08,5.539433e-06,5.6870256e-08,3.4610184e-05,3.4860292e-09,1.7758309e-07,5.2854045e-08,9.1095404e-07,1.4734792e-08,5.7889923e-07,6.949216e-08,1.355846e-06,1.6714331e-07,6.14209e-07,9.60763e-08,4.6297423e-06,1.4700517e-08,4.0116586e-07,1.4299925e-06,3.3825884e-07,6.133426e-06,2.7155349e-05,4.6520118e-08,1.0705292e-06,1.3663025e-09,7.953407e-08,6.020208e-08,3.2660086e-08,1.7849035e-05,6.350216e-06,1.0538347e-06,2.0315934e-05,5.006435e-06,4.823241e-08,1.6057923e-08,2.798091e-07,2.1605285e-06,3.110897e-10,1.9260547e-07,2.267127e-06,1.5202157e-05,1.3093273e-06,2.6685982e-09,1.1524259e-06,1.0714974e-06,2.7777537e-07,6.217687e-08,2.8400083e-07,7.3735386e-08,6.3432446e-09,2.289279e-06,5.6903577e-08,9.263564e-07,1.6423502e-06,8.104691e-08,1.4747382e-06,4.406022e-09,0.0036888323,3.2303922e-07,5.2399237e-08,3.788384e-07,2.7653786e-07,1.3933557e-06,2.0212696e-07,1.8154299e-09,4.6915312e-07,1.0280623e-07,2.758496e-07,3.2802365e-08,9.4294066e-08,1.1999258e-07,1.3206502e-06,1.7111925e-06,1.0029223e-08,1.4082386e-07,8.949522e-09,1.1308992e-06,4.0456284e-06,6.024493e-08,4.59013e-07,1.3450263e-07,3.5552625e-06,5.6056473e-07,2.190108e-07,1.0311297e-07,6.8624206e-07,7.818288e-07,4.690659e-06,1.4258389e-07,5.513884e-08,1.5134152e-06,2.9262916e-08,1.0632061e-07,1.97765e-08,5.0279163e-11,7.4152604e-06,1.2110338e-06,5.683763e-06,2.787796e-06,7.9180245e-07,2.8164692e-08,6.244284e-07,8.612947e-08,1.5169151e-05,7.2886874e-09,6.895464e-07,0.0002952317,0.0011573745,4.4691146e-07,3.7410707e-08,4.9754064e-08,2.879653e-09,1.8997692e-09,6.153717e-07,1.7471919e-08,1.853643e-08,5.465353e-07,9.575388e-06,1.8153294e-09,9.061792e-08,6.708476e-11,5.578886e-07,1.9429717e-08,9.421683e-07,1.5803698e-07,1.098245e-06
BC2026_Train_0025_S22_20211127_024500_040,1.5392453e-10,2.1374198e-08,4.3744566e-07,0.00029059884,3.645237e-10,1.6164568e-10,5.041798e-09,0.00014448012,0.0020447,0.9966558,0.9706213,2.26692e-08,7.706487e-08,1.3094738e-10,4.6153783e-08,0.007267359,3.4575827e-08,1.0179336e-11,0.0067200535,2.2117882e-07,1.7877776e-10,0.0021190455,1.1606229e-06,1.5040397e-06,1.0506001e-05,1.1971683e-10,2.6344273e-05,9.474631e-10,7.761213e-08,3.2908058e-05,1.3714197e-05,1.0312497e-07,3.9769027e-05,1.3777596e-06,1.3555652e-07,7.778731e-08,2.032132e-07,1.4826279e-07,5.567725e-06,6.561377e-08,0.00011664095,2.4878884e-06,6.949984e-07,3.0431345e-08,4.085068e-09,2.34528e-09,1.3313874e-07,2.027933e-07,5.6155407e-08,3.5735084e-08,3.198968e-08,2.1352726e-08,2.2142718e-08,7.704943e-05,1.9132125e-07,3.7154833e-09,9.765387e-07,0.96873313,7.4039765e-09,2.2916904e-09,9.032999e-05,1.0330949e-10,0.0004816768,0.0020931938,3.0200717e-06,1.9216239e-07,4.896e-08,1.3768615e-12,4.064635e-09,4.2027852e-05,1.6085894e-10,3.6130807e-08,5.778777e-08,4.132277e-08,5.7685575e-08,2.77126e-08,5.7276147e-06,1.1778684e-06,4.9606906e-06,3.939731e-08,3.883833e-05,9.100061e-10,6.4488796e-07,7.1483526e-09,2.7842464e-07,5.837969e-06,4.299028e-08,4.2010583e-06,3.634388e-05,9.822871e-08,3.5794408e-06,3.103401e-07,4.5437807e-07,7.5711785e-07,1.1039955e-05,1.8423778e-08,4.7233832e-05,5.2048174e-05,6.6111096e-07,4.646337e-07,6.567192e-07,4.9323843e-09,5.6059644e-06,4.0245774e-05,0.00022780533,8.057694e-07,4.518473e-09,1.8599833e-11,1.3692485e-08,3.7826221e-06,2.2686763e-08,3.0241408e-05,4.371707e-10,9.6581395e-08,6.7061585e-08,3.7084763e-07,1.31142475e-08,5.224216e-07,1.0057117e-07,1.1701889e-06,1.1617298e-07,1.5621666e-07,7.6890295e-08,6.0660464e-06,1.1484094e-08,9.3636555e-07,3.4936866e-06,4.4741805e-07,1.5622201e-06,1.7016455e-05,1.7262228e-07,1.6570885e-06,9.97479e-10,8.162106e-08,3.654883e-08,2.497315e-08,7.683877e-06,4.933224e-06,3.1415885e-07,3.6962836e-05,5.0457834e-07,7.1359864e-08,4.0842028e-09,3.8885037e-07,9.799775e-07,4.787059e-11,2.2488781e-07,3.976986e-06,2.2895518e-05,2.2103468e-06,3.1366256e-09,6.0465827e-06,2.404703e-06,2.69522e-07,8.209836e-08,4.0381786e-07,1.3077022e-07,1.10877085e-08,8.7054764e-07,5.5893924e-08,1.4802389e-07,9.4477116e-07,1.2314754e-07,2.2225433e-06,4.5730437e-09,0.005727365,2.9999697e-07,2.7933417e-08,4.9334267e-07,7.7960925e-07,2.012813e-06,8.591208e-08,7.2570566e-10,1.08874325e-07,8.6678574e-07,3.2558182e-07,2.9366358e-08,9.977006e-08,1.16961374e-07,7.064791e-07,2.6130722e-06,4.559222e-09,4.6899876e-07,2.1765443e-08,8.7203904e-07,4.1969615e-06,9.733271e-09,5.0062204e-07,2.0945343e-07,4.998206e-07,1.071614e-06,8.190737e-07,2.5983678e-07,6.071656e-07,5.9272116e-07,1.6186018e-06,3.9886128e-08,2.4279943e-08,1.4659029e-06,2.8832709e-08,4.986637e-08,3.1279406e-08,1.4229576e-11,1.2815798e-05,9.802148e-07,8.008129e-06,1.379457e-06,1.8072672e-06,5.3918914e-08,5.8594543e-07,5.241423e-08,3.0827548e-06,2.1144368e-08,8.128934e-07,0.00019962307,0.00039630648,3.213848e-07,1.08912545e-07,4.146172e-08,5.690398e-09,2.1966606e-10,1.8247039e-07,1.2383184e-08,1.0147347e-08,4.2539222e-07,1.2372144e-05,1.1744458e-09,2.3181684e-07,5.109998e-11,3.900887e-07,1.6671661e-08,9.500813e-07,5.2143406e-08,6.006026e-07
BC2026_Train_0025_S22_20211127_024500_045,2.2606222e-10,1.1249032e-07,4.5936466e-07,0.0006591239,2.0486781e-09,9.1264774e-11,3.161427e-08,4.9948427e-05,0.000402886,0.9977915,0.9829419,1.5011078e-07,1.7926835e-07,2.4504962e-10,2.1944336e-07,0.00066927203,2.9881534e-08,6.755136e-11,0.0010301612,1.5865687e-06,5.995153e-10,0.0031189837,2.1732552e-07,4.7813814e-06,1.2626575e-06,1.2587299e-10,7.370645e-05,1.4495778e-09,6.0018756e-08,1.755016e-05,0.00018423091,2.2609358e-07,8.107434e-05,6.820631e-06,3.740101e-07,3.7561287e-07,3.5824183e-07,2.4139874e-07,4.1331932e-05,3.0014152e-07,0.00081052835,1.6324719e-05,2.7634355e-06,7.648236e-08,1.0150347e-08,6.0468004e-09,1.3036143e-07,1.1478712e-07,8.41977e-08,6.727823e-08,1.1832383e-07,7.364277e-08,8.614147e-08,0.00069912226,1.0630272e-06,7.0451556e-09,5.17883e-06,0.99015945,1.4867052e-08,7.800881e-09,7.884419e-05,5.1166984e-11,0.0011432618,0.002113157,1.5169267e-05,2.6529636e-07,5.6845973e-08,1.654723e-11,5.7332024e-09,1.0622494e-05,4.318271e-10,1.6229251e-07,5.5200505e-08,3.355323e-08,1.02729786e-07,3.2829217e-08,5.1228812e-06,8.727354e-07,1.5205942e-05,2.3692408e-08,8.81343e-06,1.6769881e-09,2.5982317e-06,3.6111225e-09,3.578303e-08,1.2821359e-05,9.477026e-08,2.3573646e-06,2.7288448e-05,1.1838251e-07,6.990159e-06,2.112295e-07,1.335396e-06,1.154114e-06,1.536842e-06,3.7363215e-08,1.187999e-06,3.6545738e-05,4.3725166e-07,1.419886e-07,1.0246479e-06,3.252964e-09,8.183654e-06,4.1659463e-05,6.22075e-05,1.1343536e-06,5.1807607e-09,1.0373658e-10,2.5058798e-08,6.1918386e-06,4.43766e-08,7.045594e-05,1.2046497e-09,3.3229193e-07,8.78103e-08,3.2316953e-07,8.953773e-09,1.595693e-07,5.987503e-08,7.6972896e-07,8.840318e-08,2.3598672e-07,3.2457953e-07,5.0021636e-06,4.5431885e-09,4.358154e-07,4.1769927e-06,4.4916064e-07,3.620146e-06,1.064252e-05,1.368385e-07,1.2698512e-06,1.0417106e-09,1.556949e-07,9.251843e-08,6.5732266e-08,8.565104e-06,3.915609e-06,5.3189393e-07,2.0454661e-05,1.6707415e-06,8.2239104e-08,1.3366374e-08,5.5827815e-07,2.5272645e-06,1.3885673e-10,4.6730665e-07,3.909203e-06,9.770578e-06,8.47445e-07,3.0172518e-09,5.813845e-07,7.799937e-07,1.01656e-07,6.7321096e-08,4.2061555e-07,3.5794673e-07,1.8598866e-08,2.1928427e-06,4.2631736e-08,1.4474917e-07,4.750819e-06,4.4152873e-07,5.289257e-07,3.4183554e-09,0.002019823,4.7626042e-08,4.0825306e-08,2.980015e-07,1.7425714e-07,3.4107652e-06,1.2365028e-07,1.1649149e-09,2.4576255e-07,1.2212641e-07,8.769097e-08,1.5499618e-08,1.18068286e-07,2.0054655e-07,1.4997342e-07,4.1623634e-06,1.0101812e-08,1.9153191e-07,3.3509487e-08,8.26458e-07,4.8291363e-06,2.0810958e-08,3.3472762e-07,4.945585e-07,1.2102823e-06,7.139838e-07,4.0339793e-07,3.3315303e-08,1.9798132e-07,4.464633e-07,2.8238871e-06,1.8957547e-07,3.7163424e-08,5.395564e-07,6.530177e-08,1.5019899e-07,6.338083e-08,8.7608094e-11,1.2204378e-05,3.933571e-07,5.4120983e-06,1.0150454e-06,1.0377628e-06,2.7118906e-08,1.2472e-06,6.174033e-08,2.6412026e-06,1.389541e-08,9.242579e-07,0.00014209232,0.00027263453,1.3139355e-06,5.1844804e-08,6.451008e-08,6.588952e-09,4.259739e-10,5.298885e-07,7.995017e-09,2.5125225e-08,8.188464e-07,1.3864238e-05,1.8284334e-09,1.5651295e-07,4.2616955e-11,2.6545356e-07,2.003513e-08,7.3145446e-07,3.998294e-08,2.05656e-06
BC2026_Train_0025_S22_20211127_024500_050,2.247128e-10,5.2348685e-08,1.6017368e-07,0.001764826,2.8435904e-10,2.0830318e-10,2.620289e-09,0.00012174976,0.016326798,0.99810994,0.98159075,9.658397e-08,1.2027905e-06,7.6900636e-10,1.05202474e-07,0.025940828,2.7420822e-07,1.311918e-11,0.067251824,6.5368645e-06,5.5036137e-10,0.0006468827,5.340735e-07,1.0482736e-06,1.1907306e-05,1.7515243e-10,7.5379608e-06,1.7391251e-09,8.305929e-08,9.768168e-05,7.690321e-06,1.6947746e-07,5.588391e-05,1.3878745e-06,1.9110041e-07,1.2941197e-07,1.908034e-07,2.9390623e-07,6.1317764e-06,1.4931209e-07,8.4978616e-05,2.8761747e-06,5.3411014e-07,4.5199318e-08,1.5840177e-08,9.3604315e-09,3.142002e-07,5.277507e-07,1.9115036e-07,1.2954447e-07,4.219836e-08,2.7810984e-08,3.1000017e-08,3.027445e-05,4.8130215e-07,1.8734053e-08,5.9858525e-07,0.98644084,8.6068335e-09,1.9794767e-08,0.00036127755,2.0539473e-10,0.0013682473,0.028235886,1.2946551e-05,5.678577e-07,1.03699534e-07,5.5997216e-12,1.0575205e-08,9.078508e-05,5.1633764e-10,4.716464e-08,8.7334264e-08,3.6851013e-08,5.322593e-08,6.403017e-08,1.0285913e-05,1.0708661e-06,2.1033526e-05,2.4112603e-08,2.9790948e-05,1.4414003e-09,1.099901e-06,8.096006e-09,2.1263097e-07,5.3633994e-06,3.492733e-08,7.1501054e-06,1.5656427e-05,4.3456986e-08,6.1718943e-06,7.708521e-07,4.6300593e-07,8.979898e-07,7.769374e-06,4.7284168e-08,1.3616884e-05,0.00030369262,1.7306321e-06,6.336396e-07,5.059738e-07,1.6997692e-08,7.320265e-06,0.00021947552,0.00060182624,2.2883974e-06,4.050055e-09,4.5241602e-11,7.469041e-08,1.8545167e-06,3.8813898e-08,1.0933242e-05,1.0232626e-09,9.023296e-08,8.905763e-08,1.1876444e-06,5.5235265e-08,3.143276e-07,8.3558554e-08,4.9331156e-06,1.915946e-07,2.5508876e-07,3.112764e-08,7.6110778e-06,1.9885283e-08,1.7888798e-06,1.0221532e-06,5.956906e-07,1.0685799e-06,4.0380404e-05,4.3668283e-08,2.3332536e-06,4.102105e-09,2.1599712e-07,7.442704e-08,1.2387838e-08,4.658388e-06,5.4753564e-06,2.1496163e-07,9.8994205e-05,1.391827e-06,5.491592e-08,3.3111873e-09,3.0814272e-07,4.649268e-06,3.485369e-10,1.8652818e-07,9.4461177e-07,1.325067e-05,2.4808114e-06,7.2450277e-09,5.6447566e-06,1.069781e-06,1.9182806e-07,1.3951811e-07,2.9448952e-07,3.2222438e-08,1.698042e-08,1.4773154e-06,1.8551876e-07,6.47832e-07,4.5816674e-07,1.05318115e-07,5.044267e-06,9.826052e-09,0.008634094,3.477007e-07,5.2245547e-08,1.6034912e-06,5.9935695e-07,2.666552e-06,2.6250234e-07,6.1926253e-10,6.9361914e-07,4.6767764e-07,5.5850984e-07,2.0473236e-08,4.888069e-08,7.509653e-08,1.0037969e-06,2.3272046e-06,3.8074496e-08,1.0324076e-06,2.816915e-08,4.4087489e-07,4.8125626e-06,2.740824e-08,9.731453e-07,8.157841e-08,1.6160969e-06,9.775264e-07,6.0685767e-07,7.06498e-07,1.8698518e-06,9.938059e-07,4.898494e-06,1.0526167e-07,3.0560592e-08,1.9686104e-06,2.3599274e-08,1.09137325e-07,4.9573902e-08,2.9658227e-11,1.7196339e-06,2.8322454e-06,5.3040794e-06,6.332431e-06,2.341537e-06,1.8742593e-08,8.0826686e-07,7.8414146e-08,2.7877406e-05,1.0319596e-08,1.2367509e-06,0.0005543642,0.0018284537,4.3498787e-07,3.915557e-08,2.1386255e-07,8.433942e-09,8.679763e-10,2.2808013e-07,3.5493933e-08,5.902336e-08,2.9640663e-07,1.4704683e-05,1.8624735e-09,5.864877e-08,2.968643e-10,4.245541e-07,1.0958199e-08,1.0336873e-06,7.7723236e-08,4.7772517e-07
BC2026_Train_0025_S22_20211127_024500_055,6.8716116e-11,2.0247494e-08,7.2210775e-09,0.0010607096,2.6770733e-11,6.0545466e-12,1.6969187e-08,3.0417437e-05,0.00017217365,0.99931765,0.9949929,8.740372e-09,9.006909e-08,2.810905e-11,5.145008e-08,0.0001208259,3.2758972e-08,5.0489305e-12,0.012354403,2.3769452e-07,6.1251476e-11,9.011319e-05,3.7984766e-08,2.4248093e-06,3.2075274e-08,3.3945007e-11,6.4543224e-06,1.3054444e-09,1.2375228e-08,1.3284936e-06,0.00017088419,4.2352443e-08,0.000148418,4.265136e-06,1.7966215e-07,7.419445e-08,1.0072264e-07,4.643821e-08,2.3770868e-05,1.11638116e-07,0.00033628097,1.3263174e-05,1.1703919e-06,7.4058124e-09,2.2527424e-09,1.1062482e-09,2.4640014e-08,1.1109836e-07,2.7644235e-08,1.2066648e-08,3.5173212e-08,3.2321722e-08,3.4812068e-08,0.0004730866,2.612105e-07,2.5499955e-09,1.1081324e-05,0.9947567,1.0477288e-08,2.4409264e-08,2.9718423e-05,5.704236e-11,0.00021794096,0.00021062765,3.388374e-07,1.5026592e-06,2.4256614e-08,1.3155682e-12,2.5303493e-09,2.1819596e-06,3.582137e-10,4.6351905e-09,1.4609031e-08,5.4588294e-09,6.74764e-08,2.6116489e-08,1.9399913e-05,2.8142574e-07,1.5518539e-05,1.9730685e-08,1.1546977e-06,2.332013e-10,9.926739e-07,6.635068e-10,1.25964625e-08,3.5278238e-06,5.560905e-08,6.359856e-07,2.3601431e-05,3.7615198e-08,8.65162e-07,3.3121623e-07,9.975313e-08,1.4482718e-07,1.097016e-06,7.393167e-09,1.4120001e-06,2.2015989e-05,1.1448363e-07,9.001431e-08,1.1729896e-07,1.2291359e-09,1.2342131e-06,2.4624645e-05,1.717756e-05,3.7009795e-07,8.62149e-09,8.723387e-12,2.9801736e-08,5.6427434e-06,4.649916e-09,3.1219977e-05,1.1815074e-09,1.9786657e-07,5.8723547e-08,3.1422985e-07,1.151959e-08,4.4873588e-08,4.5535142e-08,2.8319e-07,1.2228877e-07,1.03424775e-07,1.8388494e-08,7.6616016e-07,2.8933345e-09,9.531645e-08,1.1549801e-07,3.7679365e-07,2.1692929e-06,2.9642313e-05,3.5489247e-09,1.3065321e-06,6.1954963e-10,1.6100492e-08,1.157092e-08,2.6601263e-09,1.34618e-07,4.230746e-06,3.4858482e-07,2.8263357e-05,7.3424562e-06,4.9542304e-09,3.1814964e-09,1.6743384e-07,2.38442e-06,8.7999425e-12,6.5958574e-07,1.5189546e-06,1.5984795e-05,7.468356e-07,2.8015623e-09,1.5566341e-07,8.0478026e-07,6.8393e-08,2.877667e-08,4.730826e-07,2.4628596e-08,4.2746766e-09,4.570553e-06,7.405572e-09,5.0918806e-07,3.2431313e-07,2.3651456e-08,1.00357134e-07,2.6087696e-09,0.028756844,4.3209735e-07,2.804483e-08,2.7572727e-07,3.2640468e-08,1.8328324e-06,5.753822e-08,6.885405e-10,4.79739e-07,4.76843e-08,2.2075062e-07,8.483537e-09,2.573175e-08,9.112263e-08,3.2829718e-08,1.4835758e-06,2.988262e-08,6.783144e-07,1.2808134e-08,3.3499586e-07,8.770894e-06,3.9919005e-08,5.143325e-07,7.964611e-08,3.8087865e-07,1.5097088e-07,1.4391462e-07,1.9618375e-07,4.836584e-07,1.2295643e-06,5.2814466e-06,1.1825388e-07,4.0001094e-08,4.6349766e-07,3.6465184e-09,8.9512326e-08,7.427371e-09,1.177632e-11,5.2241894e-06,2.7847562e-07,1.1351642e-06,4.997276e-06,5.7103517e-08,7.251111e-09,7.027792e-07,2.0799291e-08,1.2992611e-05,1.0970741e-09,1.3199867e-06,0.00028792568,0.0014959788,2.0176181e-07,4.2045767e-09,1.9543338e-08,8.557151e-10,8.761632e-10,9.833443e-08,2.1712285e-08,3.828473e-08,6.0666134e-06,8.959446e-06,1.6739842e-09,2.3186034e-08,3.735461e-11,1.8738419e-07,1.6050934e-09,9.94314e-07,1.663599e-08,4.2608124e-07
BC2026_Train_0026_S22_20211128_004500_015,2.5685667e-06,8.563715e-06,1.144635e-08,0.03892075,1.1665197e-06,5.3525547e-08,1.4891008e-07,2.3996015e-06,5.762762e-06,0.50869715,0.0023981938,3.566884e-06,8.741209e-08,3.4078564e-08,2.7136242e-08,2.092834e-05,2.459056e-06,1.9146218e-09,0.0047619725,1.839634e-05,4.5077554e-06,3.6941092e-05,3.530019e-05,3.4236275e-06,7.8672805e-05,6.991507e-08,0.0002025172,1.4470638e-06,4.7959103e-09,0.0066048317,0.00012061628,7.51894e-08,0.00022614741,1.408043e-05,2.0498105e-06,3.041554e-07,4.1540434e-06,4.094617e-06,7.5451894e-06,4.121913e-06,2.886711e-05,2.8868513e-05,2.7006541e-05,1.4456521e-08,1.5425936e-06,1.2845294e-06,1.2468929e-05,2.9337127e-05,2.545493e-06,1.1734486e-06,6.8515587e-06,9.246889e-06,8.266106e-06,3.2999505e-05,2.3748547e-05,6.9531666e-08,3.4945665e-06,0.014480908,2.6022765e-06,1.3381306e-06,0.0011768176,1.4860976e-07,4.08915e-05,0.00032209425,2.9691566e-05,4.277797e-05,5.4482218e-08,1.0329442e-08,7.889648e-08,0.0009320941,8.334475e-09,1.6092049e-08,2.5206904e-05,1.6630444e-06,2.708118e-06,1.0431782e-05,9.56335e-06,3.5016375e-05,5.4966704e-06,5.8082245e-05,9.092118e-05,1.3831162e-07,6.463154e-06,1.7592673e-05,1.597502e-06,2.1085278e-05,6.605918e-08,5.600049e-06,3.505152e-05,4.9008727e-06,0.00015935102,2.9620325e-05,2.4435292e-06,1.0947964e-05,1.3690884e-05,0.00045836356,2.8683269e-06,0.00012044664,1.1358851e-05,2.2593006e-06,2.182561e-05,1.0320423e-06,0.00010756659,0.40359056,0.3700552,8.555528e-06,5.798197e-07,1.52119455e-05,1.6851963e-06,1.7982129e-05,3.7224872e-06,0.0002765497,1.2444721e-06,2.2719449e-05,4.436084e-06,4.656443e-06,1.041684e-05,3.3211654e-06,2.6194043e-06,2.184606e-05,1.2122924e-05,0.00028574697,4.1738354e-06,0.000108047294,7.207638e-05,1.6872483e-06,0.00012546475,1.0869875e-05,6.238665e-07,0.00021355032,1.2070491e-06,3.994867e-05,1.0795361e-05,3.789728e-06,3.5639932e-05,7.161222e-06,0.00014257508,1.6515822e-05,2.6277477e-05,0.008175625,2.7745582e-06,4.7908065e-07,9.515883e-07,4.164902e-05,0.000116993164,4.284239e-06,4.7757762e-06,4.3418813e-06,9.459194e-06,0.00034852867,2.1146325e-06,1.18571215e-07,2.2049821e-06,3.591582e-05,4.4667908e-05,2.4652112e-05,1.7589738e-06,1.2478837e-07,8.498657e-07,6.0477532e-06,1.9928473e-06,3.3861397e-06,9.825389e-06,2.4998348e-05,1.8651392e-05,0.00072861504,0.00022649764,7.1867e-06,2.4662882e-05,9.33732e-06,5.5804514e-05,9.191281e-07,7.982974e-06,9.35189e-06,5.8847445e-06,7.256644e-05,2.9589369e-06,4.296711e-06,9.587971e-05,0.00010431076,2.5193636e-05,5.11817e-07,1.17405925e-05,4.6737708e-07,1.2655926e-05,1.053713e-06,1.6930235e-06,6.051215e-06,1.6481854e-06,0.00096315274,6.175002e-06,8.189855e-05,2.5533316e-06,7.246638e-06,3.139889e-05,2.7268416e-05,2.2181684e-06,3.7600214e-05,0.00019896428,9.510108e-05,2.589001e-06,8.841597e-07,2.093595e-06,8.252315e-06,2.47535e-06,8.745261e-05,5.5564014e-05,8.210483e-05,4.6142613e-06,7.5699386e-06,3.7233355e-07,2.366675e-05,6.936562e-07,3.0287008e-05,0.0028705539,0.13251638,6.0439193e-06,3.4069366e-05,9.884267e-07,0.00015582821,8.344833e-07,1.3832239e-05,3.8757194e-06,8.0974974e-07,1.6759472e-07,2.9038185e-05,1.1230203e-06,9.303534e-06,1.8736918e-07,0.00016317925,7.0238656e-07,3.639025e-05,3.2888338e-06,2.5113304e-05
BC2026_Train_0026_S22_20211128_004500_020,1.4549249e-07,7.691517e-06,3.735545e-08,0.048260346,4.142795e-09,2.4163937e-08,4.664858e-09,7.023142e-07,1.61821e-05,0.24720855,0.0025776373,6.870279e-06,3.275354e-08,1.2633733e-08,1.4285427e-08,0.0001462998,5.430678e-07,2.9992223e-10,0.04474909,1.266242e-05,6.3328386e-08,0.0001041018,3.356522e-06,1.591755e-06,5.9846938e-05,7.697317e-09,2.182842e-05,2.4402704e-07,3.5269814e-08,0.03739164,6.159131e-05,4.1363742e-07,0.00026833516,2.3243988e-06,5.2842e-07,3.539581e-07,3.5965152e-06,2.4837445e-06,1.4236011e-06,8.3356855e-07,1.4320368e-05,1.5596104e-05,5.8889327e-06,8.0168725e-08,4.500632e-07,3.2080206e-07,3.7088196e-06,4.5534274e-05,1.1317193e-06,5.3681765e-07,1.4474573e-06,1.799308e-06,1.878275e-06,1.1326411e-05,1.09132e-05,2.7860732e-08,3.0830251e-06,0.28570235,9.955469e-08,7.7366036e-07,0.004942694,1.5271926e-08,0.0005746495,0.0020452237,0.00011965847,4.093087e-06,2.8444067e-08,2.8323328e-09,2.5874822e-08,0.00033757818,5.9836497e-10,1.0872859e-08,1.6623482e-06,2.434194e-08,1.3971477e-07,8.7058515e-06,2.0836991e-05,2.8547963e-06,3.3282709e-06,6.444333e-06,5.088396e-05,2.936333e-08,1.38172e-07,2.5700612e-07,6.8700956e-07,1.9495596e-07,4.4266365e-08,1.7103245e-06,8.860793e-06,4.8180135e-07,4.2702486e-05,9.629232e-06,8.4945333e-07,4.0862146e-06,4.829717e-06,1.3296026e-05,7.4468317e-06,1.8821063e-05,2.8369896e-06,8.3107375e-07,5.88635e-06,1.5411143e-07,3.9972488e-06,0.0074458565,0.86278355,9.0472995e-06,3.1792112e-08,4.2423193e-07,7.13338e-07,6.0359707e-06,4.5423425e-07,1.3217225e-05,3.4608857e-07,7.1559857e-06,1.4434845e-06,2.9114688e-06,2.63203e-06,1.07367875e-07,4.8510344e-07,5.2763976e-06,2.5534044e-07,8.43657e-05,1.5923304e-07,9.0044505e-06,2.362111e-05,6.8485474e-07,3.0834028e-05,6.7933263e-07,8.123588e-08,0.00016058088,1.3798895e-07,0.0004019908,1.7310266e-06,6.730055e-07,3.445695e-06,5.524996e-07,1.14016775e-05,1.8831175e-06,9.4652614e-07,0.0011845203,1.6709482e-05,5.926037e-08,1.6061054e-07,2.8326178e-06,2.1029493e-05,1.9085654e-07,1.7129034e-06,5.975825e-07,1.027027e-05,0.00014089263,1.5225221e-07,2.006003e-07,2.6052041e-06,2.213416e-06,3.9697377e-05,1.9529086e-06,6.0234356e-08,4.8752735e-09,1.4039357e-06,3.34591e-07,1.0885809e-05,1.330134e-06,3.2591268e-07,1.1857658e-06,3.5291162e-06,0.00019413892,0.0001926014,4.662521e-07,4.802888e-06,4.389343e-06,7.1384484e-06,2.1867459e-07,7.231583e-07,3.8568337e-06,1.7518423e-06,9.456859e-06,8.232611e-07,3.9855223e-07,2.0763733e-05,7.236508e-05,2.858645e-05,3.300716e-07,1.2440232e-05,6.250463e-07,1.2442522e-05,1.649868e-05,3.8517103e-07,4.2977845e-06,2.2488725e-06,8.2457445e-05,1.884695e-06,6.655442e-07,8.9182276e-07,1.9595857e-06,3.6166824e-05,4.537935e-06,6.1877654e-06,1.3425326e-05,1.8625582e-05,1.9294927e-07,9.603671e-07,2.2929555e-07,4.1545395e-08,9.751e-07,4.537688e-07,1.1605107e-05,8.44425e-06,4.3653604e-06,1.3931177e-06,4.118098e-06,2.2164647e-08,1.3497654e-05,7.7067347e-07,9.196189e-06,0.0024494124,0.09466068,7.412301e-07,4.9260456e-07,1.4482362e-06,9.103783e-07,1.6897067e-08,2.0327094e-05,3.2594053e-06,2.261781e-07,2.2116226e-06,1.8088975e-05,4.312892e-07,3.3954432e-06,8.572287e-08,5.903074e-06,2.2822567e-07,9.441362e-05,5.146426e-07,3.1672269e-06
BC2026_Train_0026_S22_20211128_004500_025,1.3431689e-07,4.5905863e-06,5.137119e-10,0.20266277,1.4461293e-08,1.862964e-09,2.6884357e-09,1.4462154e-07,4.100272e-06,0.4197306,0.055323143,1.2612935e-07,2.4566852e-08,6.657049e-10,6.500746e-09,1.8075954e-05,1.5743483e-07,3.3288004e-11,0.004157341,1.7694726e-06,1.2711254e-07,5.401131e-06,2.6926125e-06,1.6536077e-06,6.5748773e-06,1.4209582e-08,1.1109418e-05,1.4167018e-07,3.2171636e-09,0.0016395468,0.00012198753,8.910062e-08,4.7892005e-05,2.8621923e-06,1.0885153e-06,1.1803474e-07,1.7380056e-06,1.2852449e-06,1.3971719e-06,1.5799328e-06,1.017674e-05,1.068668e-05,3.071549e-05,1.719412e-08,5.9553724e-07,4.4243163e-07,3.119221e-06,3.3534154e-06,5.3760766e-07,2.4751793e-07,6.5801587e-06,9.308176e-06,8.341257e-06,1.12956795e-05,2.324081e-05,6.5091834e-09,2.0836912e-06,0.59824014,4.0014672e-08,1.8980305e-07,0.003020928,9.518888e-09,0.00015888584,0.0006310708,4.1876983e-06,2.542715e-06,3.977102e-09,1.1360106e-09,7.379163e-09,3.1028623e-05,3.9893014e-10,2.3978808e-09,3.768716e-07,1.5837253e-06,2.4199068e-07,4.105342e-06,7.4732043e-06,7.290224e-06,5.302828e-07,2.5912786e-06,5.1776005e-06,4.165146e-09,2.981883e-07,2.4214256e-07,1.8117092e-07,1.9820519e-07,1.46218255e-08,2.5442578e-06,8.888232e-06,5.081683e-07,6.096564e-05,1.0551692e-06,2.9504446e-07,5.62327e-06,1.4496219e-05,1.3271044e-05,7.400646e-07,2.0335376e-05,5.2110397e-07,3.0907185e-07,5.0776125e-06,5.0899477e-08,6.018651e-06,0.0320769,0.016669448,2.739766e-07,3.1873956e-08,7.1005644e-08,1.6571374e-07,5.3170347e-06,1.8138945e-07,1.4583965e-05,9.6883234e-08,9.0556205e-06,2.9073877e-07,2.6566147e-06,4.2400342e-07,8.494778e-08,1.0789141e-06,5.2454666e-06,6.791701e-07,1.9122004e-05,7.777648e-08,9.390417e-06,1.0683093e-05,9.3285855e-08,4.0711884e-06,4.050973e-07,2.6306822e-07,1.3554474e-05,8.173385e-08,5.3836675e-06,8.405836e-06,2.6029863e-07,3.556239e-06,1.9451154e-07,3.6969755e-06,3.3249241e-06,2.6168052e-06,0.011939782,9.666788e-07,7.066908e-08,2.7536302e-08,3.4768154e-06,5.689201e-05,2.2004286e-08,4.5149346e-07,3.2627594e-07,8.236512e-06,5.48652e-05,1.5948183e-07,2.40274e-07,2.0798796e-06,1.0691905e-06,3.9893357e-06,1.1360717e-06,1.1316826e-06,1.4745805e-09,4.9441934e-07,9.0523054e-07,1.5128885e-06,1.8381521e-06,8.791705e-08,5.6440933e-07,2.851235e-06,0.0007800761,1.3036163e-05,3.0786308e-07,6.5974297e-07,6.637727e-06,4.276914e-07,1.0769337e-07,1.4941722e-07,6.8097114e-07,6.625968e-07,4.563019e-06,2.776673e-07,3.3576862e-07,8.444499e-06,5.2388727e-06,4.9285163e-06,1.1962352e-07,3.1036693e-06,1.09811346e-07,5.268071e-06,7.864067e-07,5.530073e-07,2.0326352e-06,8.4088066e-07,1.5712474e-05,7.7582e-07,1.1782762e-06,2.3355199e-06,1.5310518e-06,2.022805e-05,1.8654291e-06,1.6152247e-06,5.382584e-06,4.8318405e-05,9.9907176e-08,3.413891e-07,2.7567886e-08,1.500416e-08,1.0867241e-06,7.843179e-07,2.7891042e-06,2.372229e-05,1.8942345e-06,6.622544e-07,1.3948048e-06,1.7225764e-08,1.0910432e-05,4.953685e-08,3.0530846e-06,0.015182901,0.06874978,2.6479236e-07,4.900392e-07,7.32828e-08,2.0141366e-07,3.050026e-08,6.823617e-07,1.3546453e-06,7.402482e-07,2.8493733e-07,1.5056923e-05,2.2043486e-07,1.6603963e-06,2.590593e-08,1.890239e-06,2.9815382e-08,1.0028381e-05,1.6783352e-07,1.4469755e-06
BC2026_Train_0026_S22_20211128_004500_030,4.2815458e-07,2.3044392e-06,1.6354184e-09,0.19725876,2.5591797e-07,5.352072e-09,1.07311166e-07,3.5565097e-07,5.1398124e-06,0.3488324,0.026231028,1.5528357e-06,1.8371423e-08,7.664106e-09,3.675252e-09,3.9159062e-05,4.1974317e-07,3.4113515e-10,0.012964723,1.2609567e-05,3.4818393e-06,0.00016763037,3.7128789e-06,6.2219256e-06,4.8094065e-05,1.7453466e-08,0.00028771302,2.433403e-07,2.2189424e-09,0.0023707738,0.00029605022,3.8705736e-08,4.614596e-05,6.099018e-06,1.8928782e-06,1.3560849e-07,1.1555095e-06,1.8945126e-06,4.599697e-06,1.5674898e-06,6.2872714e-05,3.0169425e-05,7.827112e-05,6.960887e-09,2.36715e-07,2.182483e-07,2.1140738e-06,2.173905e-06,6.1457763e-07,6.797539e-07,1.1394287e-05,1.3082105e-05,1.37647985e-05,6.112725e-05,1.2228146e-05,1.6968086e-08,6.9242884e-07,0.32405674,3.9260935e-06,1.0613177e-07,0.011169917,2.4930747e-08,4.8667636e-05,0.002609167,0.00012355836,6.7233275e-05,1.129592e-08,1.1596682e-08,3.7739794e-09,6.399974e-05,4.138102e-10,1.038529e-08,1.6392769e-06,9.834283e-07,3.2880294e-07,6.4845285e-06,4.5376055e-07,1.3977547e-05,1.2950386e-06,2.7474664e-06,7.5630405e-06,1.9593127e-08,1.0015086e-06,1.6285439e-06,1.5193687e-07,2.0326042e-06,7.008677e-08,3.345854e-06,8.785544e-06,2.8794323e-06,0.0002936507,1.944379e-06,1.0805143e-06,3.3149063e-06,1.0188247e-05,3.271003e-05,5.115359e-07,7.804307e-06,1.8821175e-06,1.2351314e-06,7.276804e-06,2.483171e-07,1.710139e-05,0.35633907,0.019087693,1.3980515e-06,7.360162e-08,4.060781e-06,2.6529437e-07,7.5409594e-06,1.6328937e-06,9.1443406e-05,4.197552e-07,2.9819657e-05,2.694331e-07,2.2545482e-06,1.042371e-06,8.23097e-07,4.6854504e-07,5.986309e-06,8.566081e-07,4.7732326e-05,2.7936455e-06,6.803295e-05,9.612259e-06,3.5399964e-07,5.919857e-06,6.5907267e-07,1.1368202e-07,1.7949525e-05,8.987449e-08,2.3029625e-05,4.3348396e-06,1.2253408e-06,1.3588397e-05,4.462458e-07,2.0703545e-05,1.0541056e-05,2.604459e-06,0.0026825771,3.4355682e-07,7.4799317e-07,2.3678791e-07,4.994065e-06,1.835614e-05,4.2971675e-07,2.5251013e-06,8.1011893e-07,1.7165304e-06,6.386939e-05,6.006244e-07,3.1377223e-08,1.1234733e-06,3.8038534e-06,5.2131004e-06,1.2919572e-06,1.0724799e-06,1.3869302e-08,2.6425982e-07,7.863633e-07,6.088616e-07,2.0652787e-06,1.09024e-06,5.8698574e-06,4.413668e-06,0.000227421,6.841354e-06,1.0951283e-06,2.7729156e-06,7.757255e-06,7.821839e-06,2.958283e-07,3.548152e-07,3.814759e-06,8.576814e-07,3.2547862e-06,1.3467334e-07,2.0869388e-06,2.0499985e-05,6.1947853e-06,9.385887e-06,1.2719123e-07,7.766878e-06,2.614667e-07,8.398913e-06,1.7747405e-07,1.9230058e-06,1.1905349e-06,2.4799596e-07,5.8395864e-05,9.231243e-07,2.4530177e-06,8.43047e-07,5.9139944e-07,4.9183373e-06,3.3358654e-06,5.8241562e-06,3.0271303e-05,2.519854e-05,8.5604137e-07,2.645521e-06,7.7897916e-08,9.9723266e-08,3.0724116e-06,2.866484e-07,5.3345182e-05,1.9213932e-05,3.5344376e-06,2.7926894e-06,6.8921054e-06,1.4244077e-07,5.7830994e-06,1.2181519e-06,5.314292e-06,0.0031082751,0.06385882,1.2420745e-06,3.3371563e-07,2.731587e-07,3.1950947e-06,8.518304e-08,4.075065e-06,9.4895205e-07,2.526045e-07,2.512973e-08,1.079461e-05,8.2641617e-07,3.4480845e-06,1.294015e-07,1.6280113e-05,1.0598168e-07,1.4910642e-05,2.6747148e-07,3.7768365e-05
BC2026_Train_0026_S22_20211128_004500_035,1.5958954e-06,1.8701209e-06,3.936034e-09,0.08120316,2.4841568e-06,8.19846e-08,1.3613927e-06,5.6608417e-07,4.114365e-06,0.0149369715,0.0062088375,1.4732157e-06,1.13364685e-07,3.5424065e-08,7.861014e-09,1.300099e-05,2.3735359e-07,6.097927e-08,0.00086297485,9.242472e-06,7.465689e-06,9.3667164e-05,1.3010454e-05,1.7657976e-06,9.527456e-06,2.289501e-07,9.969765e-06,9.768991e-07,4.7494595e-08,0.0019533269,6.373055e-05,2.9150004e-07,1.4091942e-05,2.8842774e-06,1.0293853e-06,6.4028694e-07,3.0286178e-06,2.1137412e-06,2.0813577e-06,1.7746016e-06,9.241494e-06,8.952793e-06,2.0723179e-05,1.1164365e-07,1.5276929e-06,1.1518863e-06,2.74118e-06,1.9851782e-06,7.934427e-07,8.9605817e-07,7.633306e-06,7.950614e-06,7.869342e-06,9.220285e-06,2.9494695e-05,4.6133717e-08,9.567004e-07,0.07862115,3.3615033e-06,1.8368518e-06,0.035557337,3.32148e-08,0.00020138381,0.002447877,0.0009276978,4.3457544e-06,1.259687e-08,3.8075513e-08,6.1993175e-09,4.1603285e-05,4.005696e-09,5.7330897e-07,7.640767e-05,8.103058e-06,7.2694263e-07,0.00016119206,4.675274e-06,5.297496e-05,1.1967709e-06,1.5045211e-05,3.4508776e-05,1.851497e-07,5.7999837e-06,3.0061838e-06,5.244803e-07,5.670855e-06,1.7101124e-06,1.1771524e-05,0.00023978973,5.760494e-05,0.00072247547,2.7348942e-05,1.0903681e-05,6.829217e-05,2.1000935e-05,0.00012890431,1.2589002e-06,1.7604169e-05,1.1458851e-05,1.0827849e-05,1.8065064e-05,1.2096245e-06,9.01983e-05,0.111007445,0.008214019,9.925709e-06,3.35417e-06,1.5231599e-06,2.3420619e-06,2.7944721e-05,3.61862e-06,0.0009829622,1.5199892e-06,0.00017241728,8.713577e-06,9.734871e-06,5.7962898e-06,6.7863726e-07,7.90725e-06,2.2281833e-05,3.3538631e-06,0.0005327536,1.1601854e-05,0.00039022465,2.7103863e-05,8.008052e-07,1.6687794e-05,5.4150983e-06,1.2160069e-06,9.5608266e-05,1.2204298e-06,5.697416e-05,1.8888833e-05,5.2376486e-06,1.1759104e-05,1.3202699e-06,8.409125e-05,4.8595062e-05,2.7899776e-05,0.0073468075,6.4009128e-06,3.179829e-06,2.4071167e-06,2.0422422e-05,8.6662214e-05,6.692204e-07,1.1060758e-05,4.3784935e-06,9.063275e-05,0.00010675565,3.4109341e-06,1.845382e-07,5.5318837e-06,1.0571378e-05,5.4798948e-05,2.657082e-05,0.000113210306,1.03890784e-07,6.788567e-07,2.6096252e-06,1.0989753e-06,8.095056e-06,3.0425858e-06,3.5352812e-05,1.2095775e-05,0.00052539224,9.942639e-06,3.9931115e-06,1.7276506e-06,4.3667485e-05,4.0368664e-05,7.841294e-07,1.0619652e-06,4.2765773e-06,7.406334e-06,2.232799e-05,8.7665774e-07,4.4063123e-05,0.00033570296,2.5056703e-05,4.4104698e-05,4.359875e-07,3.9883536e-05,8.793398e-06,0.000149043,3.1318207e-06,5.2188857e-06,1.23855425e-05,2.0888763e-06,0.00017977858,1.51119875e-05,5.271985e-05,4.388539e-06,1.9974882e-06,1.7819222e-05,2.6110218e-05,3.377843e-05,0.000116327945,0.00017635105,1.3447253e-06,1.427736e-05,1.0758881e-06,7.342774e-07,5.5933277e-05,2.046701e-06,7.79483e-05,6.544928e-05,2.2201993e-05,1.6900836e-05,7.530474e-06,1.2571785e-06,3.922585e-05,1.4780695e-06,3.998766e-05,0.0041096914,0.015341042,2.1885742e-06,5.9657123e-06,1.0809018e-06,1.7019409e-05,8.8424827e-07,8.202664e-06,3.5488092e-06,2.0313762e-07,8.3946236e-07,0.00013694829,1.3075919e-05,7.140683e-05,6.4168745e-07,0.00015443523,8.0206024e-07,0.00011555613,1.769871e-06,7.425008e-05
BC2026_Train_0026_S22_20211128_004500_040,1.5269093e-06,1.5150932e-06,2.3172063e-08,0.057768326,3.2350795e-06,9.269682e-08,2.1877647e-06,1.1495332e-05,3.8044287e-05,0.6315052,0.017091244,6.5378304e-06,1.6340215e-06,4.1915026e-08,2.6283695e-08,0.0002128922,5.5886853e-06,3.2428613e-08,0.004673089,3.1840882e-05,2.563655e-06,0.000106786705,4.5745972e-05,1.8540658e-06,1.4947786e-05,5.9948164e-08,7.9963764e-05,1.2791005e-06,4.109547e-08,0.006331357,4.4125693e-05,2.3095494e-07,2.7804366e-05,2.17473e-06,1.6249694e-06,1.9279238e-07,1.5331925e-05,3.1392692e-06,7.837901e-06,1.6904631e-06,1.17222e-05,1.25168945e-05,1.3929576e-05,6.544304e-08,5.333467e-07,4.0983022e-07,2.4686572e-06,2.793177e-06,1.1184042e-06,7.4839994e-07,5.316548e-06,6.0725183e-06,5.592033e-06,1.2005491e-05,4.5170377e-06,1.7220711e-07,1.1942831e-06,0.086196646,6.196098e-07,6.182764e-05,0.05586478,5.4758083e-08,0.0003092053,0.003489468,0.0011701204,1.1791512e-05,8.211731e-08,5.175845e-08,3.8893566e-07,0.0004057706,3.939295e-08,4.5622343e-07,3.8539547e-06,9.207879e-06,1.1377501e-06,0.00015335182,4.7798832e-05,4.4959364e-05,6.058161e-06,5.3358614e-05,0.00024895323,3.786632e-07,1.5185334e-05,3.0920737e-06,3.504565e-07,1.0474108e-05,9.873696e-07,1.270151e-05,4.089867e-05,1.1580618e-05,0.00012410744,1.490322e-05,2.8633922e-05,0.00040506877,1.5410305e-05,0.00011019187,5.160263e-05,9.471869e-05,2.6889025e-05,3.730182e-05,6.606046e-05,3.9113283e-06,0.00020480804,0.12277579,0.17254625,7.725808e-05,7.2864384e-07,1.2667844e-05,1.9749002e-06,5.015348e-05,4.9671758e-06,0.0002620164,7.877992e-07,3.925152e-05,5.065568e-05,1.8892742e-05,2.8029275e-05,3.8056928e-06,1.9191499e-05,7.406607e-05,1.2766345e-05,0.000419076,7.2654116e-06,0.00013346798,0.000109644,1.5921239e-06,0.00017058579,9.19284e-06,2.1233177e-06,0.0015667174,3.3736624e-06,0.0004501424,1.3640943e-05,1.1620667e-05,3.397605e-05,2.0931795e-06,0.00034143904,4.6920875e-05,2.5620917e-05,0.017593047,0.00017607636,6.1790024e-06,1.440804e-06,4.4346485e-05,0.0011919008,1.8617362e-07,5.416441e-06,1.5504367e-05,0.001751978,0.0006054588,5.417732e-06,1.096492e-06,1.16078845e-05,1.4269478e-05,3.788311e-05,2.1758608e-05,8.648736e-06,4.0635675e-07,5.6061353e-06,1.7915767e-05,5.2587197e-06,6.40845e-06,2.1226658e-06,0.00010639528,1.2366835e-05,0.00133255,4.0226325e-05,2.7246891e-05,1.16724805e-05,1.9440806e-05,0.00021167596,1.0110949e-06,1.4392824e-06,3.0037168e-05,1.5384858e-05,0.00020318814,6.031373e-06,8.509407e-06,1.2782999e-05,0.00015322365,7.0585804e-05,1.4735671e-06,3.9188613e-05,1.3670023e-05,7.473247e-05,9.404578e-06,4.535301e-06,6.43714e-06,2.2138152e-06,0.00055383553,3.8353082e-05,8.385151e-05,8.54461e-06,1.24776825e-05,5.2242354e-05,2.124836e-05,2.9642848e-05,3.3056578e-05,0.00022374783,6.657469e-06,2.2886134e-06,6.4725546e-06,4.0334868e-07,7.5871912e-06,3.496742e-05,0.0003755231,0.0002101949,4.6255e-05,8.929992e-06,1.4727784e-05,1.070321e-06,5.4966327e-05,1.6675086e-06,1.6961416e-05,0.033476807,0.018114425,9.101047e-06,2.2037098e-05,1.1417988e-05,2.2098213e-05,1.3001048e-06,0.00013882278,1.4282698e-05,9.559192e-08,1.0416366e-06,0.00015776552,1.2433958e-05,1.4471425e-05,2.1889763e-07,8.32495e-05,1.1584754e-06,0.0006416836,4.223369e-06,5.554065e-05
BC2026_Train_0026_S22_20211128_004500_045,1.0540503e-05,2.3089024e-06,7.181931e-09,0.31519338,6.382096e-06,1.0084182e-07,2.8537025e-07,8.220231e-07,8.359594e-05,0.04380877,0.036592893,1.4532889e-06,3.5754962e-07,3.2158216e-08,5.5050158e-08,0.00017414767,8.731817e-07,7.2830076e-08,0.0070129707,5.7931116e-05,0.000111310364,0.0007434995,9.249246e-05,2.4414827e-05,5.2465624e-05,2.290923e-07,4.3329244e-05,1.4757579e-07,1.0396091e-08,0.0013479572,6.826658e-05,9.90754e-07,1.1786508e-05,2.0060244e-05,9.038778e-06,1.083296e-06,1.0970351e-05,2.1294712e-05,6.1800984e-06,6.1941473e-06,7.5510645e-05,1.17739155e-05,0.00011618604,2.193603e-07,4.997128e-06,3.9981524e-06,1.1192802e-05,1.3545497e-06,3.0702001e-06,7.715834e-06,1.7037351e-05,1.7428605e-05,1.9506288e-05,2.5845658e-05,8.234665e-05,8.403982e-08,2.9679754e-07,0.5313105,1.1945747e-06,3.5444227e-05,0.24255474,5.799954e-09,0.0015612987,0.051489912,0.0008764313,2.3266823e-05,8.828607e-08,2.9783786e-07,2.2812117e-08,5.930757e-06,5.3066653e-09,5.7086146e-07,5.9967365e-06,1.5824736e-06,2.1997997e-07,7.0797696e-06,6.483248e-06,0.000116568015,9.4034067e-07,2.0308707e-05,6.937462e-05,8.9371974e-07,5.7855596e-06,4.0900936e-06,3.1661077e-07,1.3830953e-06,2.3933134e-07,9.121014e-06,7.021335e-05,3.940582e-05,0.0005118308,8.015609e-06,6.996408e-06,9.05994e-05,0.00011071702,5.1664276e-05,4.3566097e-06,3.2684744e-05,3.137629e-05,2.4089402e-06,4.8236867e-05,1.3383985e-06,3.7529535e-05,0.37360698,0.004545441,6.118692e-06,2.9426574e-06,3.6743013e-06,5.780315e-06,9.771706e-06,6.3460275e-06,0.00028991778,2.5416213e-07,7.0904905e-05,8.082082e-06,2.35603e-05,6.0640623e-06,1.8968102e-06,1.0476785e-05,1.1722479e-05,6.457788e-06,0.000940709,1.1350395e-05,0.00018077092,0.00015649454,6.521594e-07,3.2415403e-05,6.9720306e-07,2.7068554e-06,5.2352466e-06,7.968628e-07,0.00014737877,4.098516e-06,9.360314e-06,7.833036e-06,6.4704415e-07,0.0001314914,1.2277199e-05,2.5817255e-05,0.019391552,1.7464276e-06,2.774416e-05,2.441023e-06,3.6295565e-05,6.0478247e-05,1.3512593e-07,3.0725375e-06,1.4715364e-06,7.3115894e-05,2.5405712e-05,9.425885e-06,4.0848522e-07,4.4903786e-06,5.9733065e-06,1.717479e-05,5.4804555e-06,8.708006e-05,2.3417685e-07,5.776044e-06,4.011937e-06,1.313234e-06,7.923713e-06,7.7904735e-07,4.910736e-05,1.4857597e-05,7.335025e-05,2.9861424e-06,1.8945879e-05,1.2827934e-06,2.533243e-05,2.4120754e-05,2.981376e-06,4.782439e-07,1.5165319e-05,9.447024e-06,3.753222e-05,1.4887644e-06,3.1949163e-05,4.032761e-05,1.3634804e-05,1.9675066e-05,2.8420024e-07,3.0224253e-05,4.6850437e-06,9.398946e-05,3.5177789e-06,2.9462542e-06,8.964293e-06,2.1337842e-06,0.00020042736,9.792695e-06,3.4613517e-05,5.0726853e-06,2.5348794e-05,1.2211819e-05,9.955805e-05,5.9712173e-05,9.261971e-06,0.00011254834,8.2707135e-07,1.1455321e-05,9.3638965e-07,6.3913757e-07,1.7134105e-05,4.6061896e-06,0.00021451598,7.7624885e-05,5.3263237e-05,1.4875928e-05,1.6182394e-05,1.4946326e-06,6.1602564e-06,8.498402e-06,5.2177875e-05,0.05329584,0.020838547,3.95792e-06,8.932682e-06,1.0067574e-06,1.5129941e-05,7.799276e-07,1.0058811e-05,2.910583e-06,2.5809888e-07,3.8229572e-07,0.00012463007,2.547935e-05,1.5546684e-05,8.7576365e-07,1.3788934e-05,1.0139222e-06,0.00026618358,2.2906177e-06,8.754198e-05
BC2026_Train_0026_S22_20211128_004500_050,9.285384e-07,1.1962314e-05,6.7069226e-09,0.12707786,1.4204333e-06,3.3509867e-08,8.581856e-08,3.2609412e-06,5.2278483e-05,0.627011,0.14229302,4.9031214e-06,2.5225233e-06,6.5409345e-08,1.2381902e-07,0.00012454062,2.572018e-06,8.625981e-09,0.033749845,0.0006320767,2.3899815e-05,0.00018891577,2.519253e-05,2.0314288e-05,0.000103922466,2.3167519e-07,0.0002317969,2.0816258e-06,8.7402885e-09,0.0025339855,0.0001343284,2.8116875e-07,6.73118e-05,1.2395067e-05,8.953714e-06,3.2161995e-07,1.8989454e-05,1.0236876e-05,1.3589433e-05,5.193104e-06,8.715881e-05,1.9050125e-05,0.00012760321,5.1252037e-08,1.3230151e-06,1.2286393e-06,1.3465678e-05,6.4509677e-06,5.058145e-06,4.4022127e-06,1.749263e-05,2.4208368e-05,2.3332637e-05,4.8309925e-05,2.6004605e-05,8.497183e-07,4.3570462e-06,0.16288196,1.1465314e-06,1.4194612e-05,0.07258079,5.5552754e-08,0.00024855952,0.0041685496,0.00014683495,0.0004719309,5.227949e-07,7.797343e-08,3.4521142e-07,0.00014881321,8.175455e-09,6.22197e-08,2.7275782e-06,1.2736559e-06,1.8611537e-06,9.503835e-06,6.3259668e-06,0.00011316659,5.0265994e-06,3.276545e-05,0.00013566806,5.7891906e-08,4.0520008e-05,1.2412315e-06,1.819093e-06,5.78466e-06,2.7419748e-07,1.1695434e-05,3.608442e-05,1.4538306e-05,0.00039378653,1.2512598e-05,5.3390213e-06,4.7236717e-05,3.2136417e-05,0.00010598891,5.381619e-06,0.0011609537,8.6664795e-06,4.029964e-06,7.1970055e-05,1.0339052e-06,9.283512e-05,0.5046866,0.018997483,3.8801686e-06,1.8590096e-07,7.4912505e-06,2.855047e-06,1.4765123e-05,4.550534e-06,9.184514e-05,8.5398005e-07,2.3388955e-05,1.1910221e-06,2.753283e-05,5.759938e-06,2.8702834e-06,4.2067236e-06,1.5463125e-05,4.6173165e-05,0.0011275616,2.9542562e-06,7.883127e-05,0.00025647305,7.9386217e-07,6.471743e-05,5.3247627e-06,3.6104018e-07,7.411404e-05,2.0523064e-06,2.6780313e-05,2.9271983e-05,4.1146195e-06,3.57829e-05,8.876524e-07,4.5884517e-05,1.7934022e-05,2.9244025e-05,0.031477254,1.5574124e-06,2.0708167e-05,1.8611789e-07,3.398613e-05,0.00083996763,3.436299e-07,1.975358e-06,3.394669e-06,5.212064e-05,0.00022475577,2.3970008e-06,1.162913e-06,5.009209e-06,1.3582296e-05,2.7814922e-05,1.585015e-05,4.130531e-06,1.2854493e-07,5.8732676e-06,1.25953975e-05,8.248893e-06,6.237551e-06,3.1890672e-06,2.6898433e-05,2.8699083e-06,0.00051027373,4.8819434e-06,3.204843e-05,1.5648873e-05,2.8876195e-05,2.854251e-05,3.906739e-06,8.5459914e-07,6.9788395e-05,6.451546e-06,7.062862e-05,5.942664e-07,2.068255e-06,7.5313365e-06,3.7716174e-05,2.6480011e-05,5.4213376e-07,1.2394026e-05,9.943434e-07,1.2058365e-05,3.848233e-07,1.9179051e-06,9.347977e-06,1.7507799e-06,0.0009468551,3.589121e-06,5.7240733e-05,9.623358e-06,3.0863772e-05,1.1971113e-05,2.475216e-05,1.2558407e-05,1.4987341e-05,6.679259e-05,8.058093e-06,4.4689796e-06,9.242359e-07,1.6367305e-06,7.2129637e-06,1.4740992e-05,0.00014008564,0.00031277235,0.00014306208,1.7372863e-06,1.7259152e-05,7.4029333e-07,7.169558e-05,1.3817756e-06,1.7468172e-05,0.13846204,0.06118824,5.899365e-06,2.912663e-05,2.9580367e-06,2.7772221e-05,2.4441462e-07,7.2075927e-06,3.3492158e-06,3.7390744e-06,2.0086371e-07,0.00012746215,3.01951e-06,2.6491514e-06,2.1194e-07,1.3794498e-05,7.764936e-07,6.0939365e-05,2.142493e-06,2.5790137e-05
BC2026_Train_0026_S22_20211128_004500_055,7.634913e-07,4.6746363e-06,1.220839e-07,0.010886342,1.6656204e-06,1.3369331e-08,3.4551377e-07,1.24249145e-05,9.05626e-05,0.0011774225,0.0025344903,4.7786006e-07,8.994305e-07,9.629826e-09,8.4357794e-08,3.2471682e-05,3.050986e-08,7.14948e-07,0.00201141,2.4405515e-05,8.4594656e-05,0.0005703168,9.6375246e-05,1.1298156e-05,7.716009e-05,5.584406e-08,6.10794e-05,4.878243e-08,9.8945465e-09,0.00015572377,4.655513e-05,7.512803e-07,6.3242956e-06,8.111369e-06,3.1465047e-06,1.145716e-06,3.4263483e-06,1.028146e-05,1.1349174e-06,3.1815034e-06,5.532197e-05,9.289606e-06,5.177392e-05,3.5025437e-07,1.4718465e-06,8.68376e-07,2.1755184e-06,4.8059724e-07,8.9881996e-07,2.418062e-06,4.7192634e-06,4.4117405e-06,5.5830283e-06,1.7349885e-05,4.429513e-05,3.628966e-08,1.4958374e-07,0.75078785,2.8953286e-06,0.007450495,0.07880793,9.760893e-10,0.00088424986,0.019880813,0.0009469778,1.0268486e-05,8.985941e-08,4.4702137e-08,9.344724e-11,3.6558283e-06,4.6978057e-09,1.1612816e-06,6.2689073e-06,1.6387405e-06,2.2934125e-07,1.5340627e-05,6.5631243e-06,2.1949261e-05,2.2958511e-06,4.170636e-06,4.2393996e-05,1.8038031e-07,8.207242e-06,6.424075e-07,3.1182407e-07,1.0840215e-06,3.372768e-06,6.8800546e-06,3.793032e-05,2.5561347e-05,0.00015629828,0.00015091713,1.1430325e-06,1.6392174e-05,4.3720862e-05,1.7626934e-06,1.6547231e-06,1.9583209e-05,1.0168009e-05,1.7279586e-06,4.881487e-06,9.4946995e-07,8.764606e-06,0.07147749,0.009007275,3.11459e-05,3.0579101e-06,4.2326167e-07,1.8079255e-06,4.6207397e-06,1.1668491e-06,0.00014981555,2.5309907e-07,0.00029600452,9.737332e-06,9.475762e-06,2.4072936e-06,5.7235513e-07,5.2185032e-06,1.20938475e-05,1.5542357e-06,0.0007561334,1.0650693e-05,0.00010893929,0.00011523735,7.016414e-07,1.6978767e-05,5.1725815e-06,1.1492419e-06,5.153394e-06,5.085135e-07,4.1634878e-05,1.4160444e-06,2.3124518e-05,1.9291463e-06,5.7754596e-07,3.971415e-05,4.282454e-06,3.0835647e-05,0.29354078,9.34125e-07,6.7509545e-06,4.7537011e-07,6.173148e-06,0.000104145285,1.7134143e-08,6.751721e-06,1.5013715e-06,6.1091064e-06,1.7935186e-05,1.0906729e-05,6.166136e-07,1.8345304e-06,8.670009e-06,4.4159453e-05,5.8310247e-06,0.001031392,3.0972004e-08,4.7418962e-05,1.1246686e-06,1.7470192e-07,5.9866393e-06,4.9865037e-08,5.2790247e-06,1.0304371e-05,4.7967143e-05,2.3379423e-06,1.8188872e-05,5.2235185e-07,2.0945072e-05,9.1467125e-05,1.2998779e-06,1.977234e-07,6.5330128e-06,9.805619e-06,0.00013521101,2.041006e-07,0.0011895156,9.257459e-06,3.3325907e-06,2.976917e-05,3.1353898e-07,6.99437e-05,2.10944e-06,4.6413998e-06,1.6602584e-05,5.686696e-07,8.6803175e-06,4.8956974e-07,9.012668e-05,2.4306485e-06,2.3366705e-05,0.00012606062,3.0333289e-05,2.1590351e-06,8.32908e-06,0.0002646246,4.8667844e-06,6.0367798e-05,4.228856e-07,6.143768e-05,3.100637e-06,3.563524e-07,3.799726e-05,1.0409997e-05,8.139753e-05,8.48015e-05,1.1084252e-05,2.439087e-06,5.060847e-06,1.6564092e-06,3.9567363e-05,2.6844077e-06,1.2361647e-05,0.029423883,0.12352823,4.3412433e-06,3.1358493e-06,1.2634249e-06,1.6198234e-06,4.1811955e-07,6.804578e-06,8.514923e-07,2.8074325e-07,9.743278e-06,0.00020884206,3.5565747e-05,1.4711499e-05,1.9669821e-07,3.8682715e-06,1.8998938e-07,0.00011511589,1.4543492e-07,7.905213e-06
BC2026_Train_0027_S22_20211129_014500_000,2.376327e-09,8.0207474e-07,1.5930824e-09,0.31849816,7.4253276e-10,1.3828709e-11,3.91183e-09,1.8287796e-08,0.00013176352,0.9996855,0.9985176,1.2560184e-06,4.072496e-09,1.9619435e-10,1.0775147e-08,2.0441694e-05,4.3414484e-08,1.3842352e-11,0.0032338232,8.6279647e-07,7.125086e-10,0.00017944977,3.9670958e-08,1.038215e-06,5.540318e-07,1.3037573e-09,1.0415089e-07,5.1149764e-09,2.4783535e-08,1.5692032e-05,0.0001870909,9.035162e-08,6.917934e-05,2.4172548e-06,7.0704664e-07,1.848644e-07,3.7285199e-07,7.776429e-07,3.8233524e-05,7.096853e-07,0.00028633876,2.27055e-05,1.877933e-06,2.370267e-08,1.2842264e-07,9.6455466e-08,4.5284585e-07,2.1623454e-07,2.7743334e-07,3.6395517e-07,3.0184685e-07,2.977873e-07,2.609227e-07,0.00017063408,5.479975e-06,3.8533723e-09,9.0928005e-08,0.971659,2.0054007e-09,5.6229554e-09,0.001653332,9.394298e-11,0.00023970332,0.01006843,1.7551532e-06,4.7103427e-07,1.234853e-07,2.0860763e-11,4.4849416e-10,1.5757541e-06,3.339338e-11,2.7326313e-10,4.667085e-08,1.7372582e-07,3.7802483e-08,9.6455835e-08,6.9107055e-06,2.2443155e-06,1.18286025e-07,2.7483784e-07,9.1783085e-07,2.2887624e-10,3.7279049e-06,4.2754e-10,4.9806857e-08,1.5685049e-07,1.2106231e-08,2.5751547e-06,4.2280158e-06,1.7178162e-07,6.8284285e-06,3.50239e-07,2.7324757e-07,3.6012136e-07,3.0593674e-05,1.0248199e-06,5.095494e-07,0.00013248378,3.4487574e-08,1.6465248e-07,4.792863e-07,8.605554e-09,1.03691e-06,0.0012692593,3.7488397e-05,8.8472675e-08,3.346149e-10,1.7389161e-09,6.0875425e-07,4.000022e-07,2.1711207e-08,1.3464317e-05,1.21933175e-08,1.1050581e-06,2.3219411e-07,2.9551436e-06,3.0389387e-07,3.8089166e-08,1.9167791e-07,4.075831e-06,3.649551e-07,8.9373424e-07,3.286944e-08,5.379197e-06,1.02778746e-08,5.007701e-08,8.8373e-08,4.771255e-07,1.8974603e-07,1.831587e-05,2.6164554e-07,5.77649e-06,1.4577695e-07,4.8388497e-08,9.377662e-08,2.7649824e-08,4.0187774e-07,2.4969684e-06,1.4110753e-06,0.0001758693,1.023246e-07,6.6986665e-08,6.491047e-08,7.631484e-07,3.3303797e-05,7.869301e-11,1.1217621e-07,1.2506803e-06,3.321432e-05,2.7783526e-06,3.150826e-08,5.332393e-07,9.322294e-07,1.0491467e-08,1.5289214e-07,1.2159079e-07,9.506807e-08,4.962373e-09,2.5130936e-07,2.0655072e-08,1.7910356e-06,6.2744834e-07,2.2464533e-08,2.1057156e-08,2.5534233e-08,0.00044946576,3.82069e-07,2.9681763e-07,1.5045254e-08,5.451439e-07,1.2127926e-07,6.318004e-07,2.702493e-08,1.5941355e-07,4.7142387e-07,5.668821e-08,3.950492e-08,1.2663182e-07,2.626378e-07,2.0027649e-07,1.2826124e-06,2.6859357e-08,1.1251515e-06,1.0552335e-08,1.7343793e-06,9.846465e-07,2.6439965e-08,3.5720889e-06,4.4730456e-08,4.81175e-06,9.907899e-07,3.17438e-05,2.50638e-07,3.9453454e-07,2.5383347e-06,4.6751397e-06,1.1571085e-06,2.5503471e-08,1.9580148e-06,4.3324633e-09,8.4173095e-09,1.7033262e-08,2.6825708e-09,3.053467e-07,5.6912153e-08,5.835297e-06,1.0982818e-05,6.810933e-08,1.497696e-07,2.6134703e-07,4.936959e-09,2.0820664e-06,5.426327e-09,1.4445668e-06,0.0066931862,0.012505706,2.2088848e-08,4.314093e-08,5.3172022e-09,9.103174e-09,4.5476947e-10,8.8809294e-08,4.2524288e-08,2.0429818e-06,1.0416658e-07,8.296743e-06,1.2198621e-08,4.4937917e-07,3.997728e-09,4.0129711e-07,4.9331463e-09,3.288172e-06,1.5684057e-08,1.2817377e-07
BC2026_Train_0027_S22_20211129_014500_005,1.0788817e-09,2.8604327e-07,7.6974743e-10,0.21183114,3.0470054e-10,1.931238e-11,2.3352325e-09,8.334082e-08,2.489842e-05,0.99935097,0.99552107,8.507951e-07,1.8453777e-08,1.5655648e-10,8.90778e-09,1.0496017e-05,2.3372607e-08,1.4694242e-11,0.00062343676,2.991484e-06,6.610802e-10,1.2305154e-05,5.2898926e-08,1.8986981e-06,1.474098e-07,3.2584394e-10,1.526078e-06,3.2734286e-09,2.3243375e-08,4.9437356e-05,7.6119526e-05,1.4506963e-07,2.7510127e-05,4.774487e-06,1.002795e-06,3.9037934e-07,1.7896715e-06,1.1038363e-06,1.7758657e-05,1.1843847e-06,0.00014109012,9.038158e-06,4.589571e-06,4.220938e-08,1.2989531e-07,8.883386e-08,4.5924594e-07,1.09936465e-07,2.8796853e-07,3.4533326e-07,4.0443066e-07,4.5371598e-07,3.6667433e-07,7.71567e-05,7.851045e-06,6.7055157e-09,1.5744007e-07,0.92554116,6.429506e-10,4.2290997e-09,0.0015361974,2.9387e-10,0.00014297206,0.0031595794,3.473379e-06,2.37141e-06,1.17902275e-08,7.3428486e-11,7.105855e-10,6.729959e-07,3.948753e-11,3.6601466e-10,3.6238408e-08,9.075492e-08,5.1342536e-08,9.5521564e-08,4.7257445e-06,8.415798e-06,1.18024154e-07,1.9852699e-07,4.4133185e-06,7.14535e-10,2.6294358e-06,1.6542859e-09,5.5079012e-09,3.402621e-08,1.0868064e-09,4.261249e-06,4.5580823e-06,6.450197e-08,4.969995e-06,2.3509139e-07,2.3421927e-07,6.529317e-07,2.7834285e-06,6.97642e-07,1.1976364e-06,0.00012724829,2.4325726e-07,3.825036e-07,1.1290124e-06,4.60291e-09,5.6097605e-07,0.0045436886,7.801992e-05,9.5364976e-07,3.2583086e-10,2.4752203e-09,3.2986011e-07,3.6525108e-07,1.2275621e-08,5.4624898e-06,6.6178827e-09,1.1647667e-06,7.8780985e-08,2.9907943e-07,7.029065e-08,9.6957365e-08,1.2806136e-07,8.747613e-06,4.834984e-07,2.0198063e-06,7.5714105e-08,1.4589083e-05,5.8253672e-08,3.904787e-08,3.8205118e-07,2.5140216e-07,8.2255255e-08,2.9447176e-06,9.5051575e-08,8.989384e-06,1.652543e-08,8.635252e-08,4.089214e-07,7.816892e-09,2.5631854e-07,6.666139e-07,8.77788e-07,0.0029637741,4.792072e-08,1.1463648e-07,9.892358e-09,9.191071e-07,0.00019569484,7.7907465e-11,6.721025e-08,3.2364977e-07,2.5964684e-05,5.0750464e-06,3.189506e-08,2.876603e-07,2.8834497e-06,2.6580079e-08,1.4057119e-07,4.2034367e-07,2.268707e-07,1.2978028e-09,1.1778792e-07,1.288119e-08,2.3746976e-07,1.1071447e-06,4.6304187e-09,5.343649e-08,1.479503e-08,3.6172274e-05,3.2697398e-07,2.0958211e-07,5.104541e-08,6.9911056e-07,6.613916e-07,1.9226779e-07,1.8670558e-08,5.299122e-07,7.361733e-07,3.5905109e-07,2.1686375e-08,4.8194146e-08,2.2948893e-07,1.2423608e-07,6.880107e-07,1.5901113e-08,1.018991e-06,3.7383245e-08,2.71682e-06,9.741206e-08,5.7810783e-09,1.5084828e-06,3.7870326e-08,1.4461463e-05,1.0549418e-06,3.665457e-05,2.6498967e-07,7.9073095e-07,1.0102784e-06,5.9628055e-06,1.907435e-06,3.7983824e-08,1.6291948e-06,4.2117363e-09,2.584758e-09,3.0171382e-08,1.5395699e-08,1.8125681e-07,4.812021e-07,1.08118675e-05,1.059252e-05,4.1490566e-07,3.0864857e-07,1.9417719e-07,3.5792982e-09,4.4104308e-07,1.04123625e-08,1.0887406e-06,0.042703576,0.0032011394,6.969353e-08,3.5880557e-08,9.514277e-09,1.2638341e-07,5.236522e-10,9.2656514e-08,7.57339e-08,3.9673762e-07,2.2529754e-08,2.6698764e-05,1.1475686e-08,3.2299917e-07,5.533067e-09,1.6591189e-07,3.0215481e-09,1.4578554e-05,9.1550625e-09,1.658214e-07
BC2026_Train_0027_S22_20211129_014500_010,8.3671875e-10,8.345517e-07,1.5551789e-09,0.09720489,5.1309296e-10,2.0579224e-11,3.5759273e-09,1.242416e-08,8.321545e-05,0.9985355,0.97477347,1.8796654e-06,7.806819e-09,3.3888936e-10,6.048265e-09,1.9521714e-05,2.0181988e-08,7.265886e-12,0.0006750958,6.4744285e-07,4.9841975e-10,0.00016122602,2.4044997e-08,2.3875845e-07,2.6019387e-07,2.2761114e-10,4.8446543e-07,1.20779085e-08,8.6962096e-08,6.569816e-05,2.173594e-05,3.639863e-08,4.997076e-06,1.6772167e-06,2.1475405e-07,1.2985407e-07,8.010789e-08,1.0554232e-07,5.2947253e-06,5.16e-07,1.704673e-05,2.6301755e-06,5.193987e-07,1.2920168e-08,2.5480958e-08,2.1745025e-08,4.270139e-08,2.5660146e-08,3.5967506e-08,4.4407678e-08,1.06724315e-07,9.920951e-08,7.739541e-08,1.5262238e-05,2.650746e-06,3.1435794e-09,1.044887e-08,0.7564106,7.813821e-09,2.9071636e-09,0.002653433,6.425947e-11,9.736901e-05,0.008742119,5.369787e-06,3.9981194e-07,2.7857968e-08,9.616857e-11,1.6714222e-09,8.337864e-07,1.0922022e-11,1.8703758e-10,5.8450196e-09,3.7714307e-07,4.67653e-08,1.0854527e-07,2.424872e-06,1.4846938e-06,5.6446417e-08,1.3885878e-07,2.2975487e-06,4.413826e-10,3.7180877e-07,1.0585329e-09,4.3012264e-08,6.970203e-08,2.1806361e-09,2.3252658e-06,2.608334e-06,2.0743192e-08,1.97679e-05,1.0806395e-07,7.694104e-07,1.6988008e-07,9.999284e-06,2.4187214e-06,3.8010685e-07,5.6164263e-06,4.171906e-08,1.8203515e-07,3.2217255e-07,9.876648e-10,4.4063963e-06,0.0039090393,5.8779133e-05,1.7105367e-07,1.8937663e-10,2.649655e-09,1.2911624e-07,1.7922765e-07,7.544119e-09,1.0468525e-05,4.4168096e-09,5.0068746e-07,1.6169633e-07,2.3483638e-07,1.6816612e-07,6.043609e-08,8.573889e-08,8.615461e-06,4.4009556e-07,4.941285e-07,1.9218268e-08,1.4612224e-05,1.4354146e-08,2.1008935e-08,1.6448956e-07,1.5080886e-07,6.671177e-08,1.6100978e-05,4.1338706e-07,6.881314e-06,3.966316e-08,2.1100053e-08,5.8564385e-08,8.7293595e-09,1.736213e-06,5.3652434e-07,4.3990008e-07,0.0002587627,3.3636276e-08,1.9530074e-08,2.5203992e-08,3.161295e-07,2.7055108e-05,8.909963e-11,1.9359101e-08,3.0454868e-07,1.484308e-05,6.3467596e-06,4.6000157e-08,9.5723465e-08,3.1303662e-06,1.2109925e-08,4.1375618e-08,6.2585094e-08,2.1126551e-08,4.141671e-10,1.1382977e-07,8.249436e-09,2.5923657e-07,3.24761e-07,9.299589e-09,1.2741906e-08,1.0014962e-08,0.00013805056,3.177578e-07,1.340915e-07,2.5566382e-09,2.752003e-07,2.4425663e-07,1.1958349e-07,3.927995e-09,5.741095e-08,4.3065955e-07,7.706502e-08,2.6230609e-08,4.578649e-08,1.8897781e-07,1.2783562e-07,2.3306552e-07,6.0224674e-09,1.0871428e-06,2.4407168e-08,1.5474059e-06,1.4279998e-07,8.963581e-09,6.202158e-07,1.3096375e-08,7.0429417e-07,4.1376728e-07,2.8172539e-05,7.529158e-08,5.0424256e-07,1.683216e-06,2.889051e-06,2.8451402e-07,1.1138922e-08,1.7238981e-06,5.1827573e-09,1.2809056e-09,2.894462e-08,1.4602225e-09,1.4607475e-07,2.572444e-08,6.4040632e-06,2.3089306e-05,1.2195858e-07,1.0474895e-07,2.07525e-07,2.149352e-09,3.1124767e-07,9.116101e-09,1.109287e-06,0.0043522473,0.0075294073,1.3542131e-08,1.7687922e-08,2.004158e-09,1.2217202e-08,2.4340568e-10,3.0504797e-08,2.3958478e-08,2.2148151e-07,3.766251e-08,3.8169937e-06,3.8274637e-09,1.0486465e-06,2.6981548e-09,2.065372e-07,1.4161008e-09,4.9202417e-06,2.2659647e-08,1.0352188e-07
BC2026_Train_0027_S22_20211129_014500_015,1.2951001e-07,1.1299732e-06,4.685707e-09,0.027486123,5.503042e-08,8.011942e-10,4.1149093e-09,2.0048587e-08,1.9933961e-05,0.04554178,0.85224295,1.0125616e-06,4.269846e-08,6.336594e-09,7.2974378e-09,4.962984e-05,3.403121e-08,5.239816e-11,6.731174e-05,2.1236174e-06,4.8078374e-07,0.000161416,8.332284e-07,1.9244992e-06,3.961285e-06,5.1034874e-09,2.0742837e-06,3.7670273e-07,9.418891e-08,0.000193092,8.331327e-06,2.3800528e-07,1.4487526e-06,2.5324275e-06,1.0970977e-06,5.934237e-07,2.3286357e-07,4.6811624e-07,1.2175863e-06,1.6897313e-06,8.360012e-06,1.4007313e-06,1.5142933e-05,6.6282446e-08,2.4050672e-07,2.3119867e-07,5.072314e-07,6.123685e-08,6.579461e-08,7.87179e-08,2.1119015e-06,1.8469589e-06,1.8007021e-06,6.5573186e-06,1.7203298e-05,4.9493947e-09,2.5689967e-08,0.42558408,3.5097816e-08,2.5287392e-08,0.020203618,4.8190973e-10,0.0005608372,0.0159932,2.2228794e-05,8.1735857e-07,3.8353699e-07,5.654834e-09,2.8611262e-09,4.2485444e-06,1.4741805e-10,4.4591753e-09,4.1642826e-07,1.2928791e-06,2.8294355e-07,5.4154543e-06,5.8470955e-06,8.334188e-06,4.8888245e-07,1.2010997e-06,2.6367949e-05,1.1172582e-08,5.0715244e-06,1.1357127e-07,1.0510926e-06,8.6433573e-07,8.649477e-08,1.2088002e-05,5.40751e-05,4.8112594e-07,0.0002725797,9.785635e-07,2.6395585e-06,1.7427341e-06,9.477887e-05,5.3068475e-06,2.8952024e-07,2.4100982e-06,1.047508e-06,7.7555296e-07,5.2210016e-06,5.237843e-09,1.0729989e-05,0.022786122,8.2886465e-05,1.0258084e-06,5.942132e-08,5.6819523e-08,1.3591965e-06,5.307045e-06,3.168222e-07,1.1142299e-05,3.67928e-07,2.0778018e-06,1.268602e-06,1.210212e-06,9.806628e-07,1.403333e-07,1.0468609e-06,1.5668378e-05,7.0409874e-07,5.533498e-06,1.1082581e-06,0.00013330708,1.8698927e-06,8.560832e-08,2.3372468e-06,1.2992087e-06,8.840357e-07,2.1561073e-06,9.867597e-07,5.857371e-06,7.620351e-08,1.484654e-07,5.5632125e-07,4.28409e-08,5.948175e-06,7.0639076e-06,1.3277045e-06,0.0023936853,6.0654116e-07,1.1343477e-07,6.4570463e-07,1.2336317e-06,9.347721e-05,1.4108014e-08,2.9152145e-07,8.267412e-08,1.1038796e-05,8.707978e-06,7.291714e-07,1.1775782e-07,1.855311e-05,2.0178177e-06,4.196191e-07,9.695557e-07,1.1620246e-07,3.4281115e-08,2.6634183e-07,2.0596264e-07,1.2208659e-07,1.6838727e-06,2.2413627e-07,1.11764884e-07,1.5958605e-07,8.0900725e-05,2.1207666e-07,7.936229e-07,8.955296e-08,6.735926e-06,7.016889e-07,2.3286378e-07,4.1447883e-08,4.1940868e-07,2.2470773e-07,5.4532956e-07,6.207887e-08,6.066968e-07,1.2179799e-05,1.0966437e-06,5.084251e-06,2.8850478e-08,4.0585314e-06,6.9941206e-07,7.857314e-06,2.4261067e-07,5.0064165e-07,2.6252412e-06,5.357661e-07,9.575402e-07,4.233329e-06,1.619172e-05,1.0233592e-07,3.2920394e-07,3.0536405e-06,8.136596e-06,2.5824886e-06,2.0993639e-07,7.886321e-06,1.6987547e-08,2.8459243e-07,1.7248144e-07,2.6105631e-08,3.2538612e-06,3.3190773e-07,2.9995663e-05,3.3390264e-05,9.553958e-07,4.9295795e-07,2.1527069e-06,5.45186e-08,5.4131135e-07,2.4708447e-07,2.5988216e-05,0.0010162876,0.0016085361,6.8281814e-08,6.249104e-07,6.745838e-08,7.951199e-07,1.4820958e-08,1.4076185e-06,1.4085367e-07,2.9747673e-08,1.0943333e-07,9.742255e-06,2.165024e-07,1.6396707e-06,8.672833e-09,2.1741246e-06,3.8769944e-08,6.5157337e-06,4.4317568e-07,1.288817e-05
BC2026_Train_0027_S22_20211129_014500_020,5.8571423e-08,3.556554e-07,2.575598e-10,0.1587956,2.4510125e-08,4.469979e-10,1.34450255e-08,5.8630764e-08,4.512581e-05,0.7658365,0.99069655,7.3494226e-07,2.3105713e-07,2.097137e-09,4.2892876e-09,7.4777316e-05,6.2817946e-08,4.8143177e-11,0.0002665086,1.0062246e-05,9.0288194e-07,3.0925406e-05,3.994567e-07,6.880042e-06,2.5366528e-06,5.9952483e-09,4.2290603e-06,1.4083441e-08,2.0334758e-09,8.586913e-05,2.8040746e-05,9.1601315e-08,5.767122e-06,1.4459684e-05,3.3270871e-06,5.76197e-07,2.2320604e-07,6.363666e-07,8.587498e-06,4.323127e-06,6.197852e-05,4.696402e-06,5.705686e-05,1.35688145e-08,2.666201e-07,2.533995e-07,9.2509913e-07,8.134768e-08,1.9328964e-07,2.5182734e-07,4.5300662e-06,4.959068e-06,4.16734e-06,3.8741193e-05,2.2883796e-05,1.4021284e-08,1.13187305e-07,0.73855954,1.06154605e-08,3.2027085e-09,0.03420652,2.1955684e-09,0.00019749379,0.010548906,1.8517421e-05,2.1388312e-05,2.3700272e-08,5.0416924e-09,1.02991065e-08,4.3480554e-06,5.273132e-11,2.4171394e-09,1.3466409e-07,5.3855445e-07,1.6441115e-07,3.91676e-07,1.6306793e-06,2.2276541e-05,3.9606925e-07,9.0239155e-08,3.3591794e-05,6.542816e-09,1.0633825e-05,3.3005588e-07,3.3902158e-08,2.6334507e-07,9.849113e-09,2.3093953e-05,1.4340294e-05,2.6847584e-07,0.0010368357,3.0688432e-07,8.061991e-07,1.7065511e-06,8.729071e-06,3.8612466e-06,2.2354307e-07,4.3062773e-06,6.4313967e-06,3.8042015e-07,1.2262419e-06,5.248794e-09,2.7086553e-06,0.22340573,4.3537337e-05,1.5963338e-06,2.1434948e-08,7.476867e-08,1.1544345e-06,1.4440476e-06,7.865771e-08,1.6963602e-05,1.02844474e-07,1.4272513e-06,3.7664165e-07,3.9623285e-07,4.1866895e-07,1.3515122e-06,1.9049068e-07,1.4216327e-05,1.034946e-06,1.1955596e-05,2.6828286e-07,9.3395494e-05,3.4785424e-07,1.01395734e-07,3.0382828e-06,4.6470464e-07,1.4113039e-07,2.28515e-06,5.687569e-08,4.6207347e-06,4.833878e-08,1.6715575e-07,8.7309e-07,3.8240795e-08,1.8375981e-06,9.085507e-06,6.113939e-07,0.032339722,2.1493581e-07,4.526023e-07,3.4359864e-08,1.6944902e-06,0.0007906356,3.0094597e-08,2.8539284e-07,1.15955325e-08,5.0767408e-06,6.90855e-06,3.5066176e-07,9.860658e-08,6.902235e-06,4.9814366e-07,1.3239412e-07,5.643872e-07,8.759552e-08,4.931999e-09,4.0166153e-08,6.757248e-08,6.8838226e-08,1.0588849e-06,1.1566243e-08,1.0292709e-07,7.73038e-08,3.2125386e-05,3.8415266e-07,6.287236e-07,5.5192608e-08,2.4241574e-06,4.2661512e-07,8.8847244e-08,2.4785189e-08,2.928327e-07,2.2066389e-07,1.3259557e-06,1.4421628e-08,1.5738858e-07,1.2698548e-06,1.1849196e-07,5.884093e-07,6.4482255e-09,1.7528349e-06,2.1184482e-07,2.838838e-06,2.7732959e-08,1.6658461e-07,1.8223296e-06,5.8735317e-08,3.3752037e-06,9.46231e-07,1.1326509e-05,1.122205e-07,2.8674984e-07,4.769163e-07,1.2134908e-05,3.1499544e-06,1.1998755e-07,1.0142934e-05,1.8095088e-08,8.2588066e-08,5.0114362e-08,5.5064017e-08,1.9193419e-07,2.9693285e-07,2.107987e-05,7.964513e-05,1.1277307e-06,6.0302693e-07,1.4673715e-06,1.0971797e-07,1.2880876e-07,1.4500698e-07,5.942069e-06,0.017383287,0.0015956791,5.665838e-08,2.2983457e-07,2.7859032e-08,2.609655e-06,9.745699e-09,3.01669e-07,5.552336e-07,7.8759804e-08,4.268853e-08,3.955479e-06,4.1314024e-08,5.0805784e-07,2.2297197e-08,6.778766e-07,5.4363447e-09,3.829492e-06,4.0034072e-07,5.2015744e-06
BC2026_Train_0027_S22_20211129_014500_025,6.471649e-09,4.941521e-08,2.0378273e-10,0.051275272,5.7104583e-09,2.6306273e-11,1.1914193e-09,4.7478746e-08,3.549053e-05,0.87102693,0.993792,2.2983392e-07,2.4285411e-08,1.11748305e-10,3.7638345e-10,6.1769475e-05,1.5055331e-08,2.5125126e-12,0.00016025842,8.663246e-07,1.2339543e-08,7.932764e-06,1.8664902e-07,1.6583122e-07,7.4967926e-07,2.6492641e-10,1.8741332e-07,3.092801e-09,3.1615222e-09,5.191849e-05,2.2728268e-06,1.46150505e-08,6.869938e-07,4.089233e-07,9.878598e-08,6.734268e-08,2.5225537e-08,4.633089e-08,5.244683e-07,1.497069e-07,1.913172e-06,3.3349832e-07,9.565681e-07,3.5650034e-09,1.42438e-08,1.0924663e-08,2.2635112e-08,8.52329e-09,1.0271838e-08,9.833233e-09,1.3681161e-07,1.2671035e-07,1.0650552e-07,1.7194435e-06,9.761914e-07,1.4303251e-09,1.4995082e-09,0.78162056,8.6055496e-10,1.6218158e-09,0.03811577,1.0008058e-10,0.00027547314,0.088581935,8.474939e-06,3.258608e-07,1.2329021e-09,3.2785383e-10,1.7169131e-10,1.5406456e-06,7.675373e-12,9.048553e-10,1.130922e-08,5.2011796e-08,6.141567e-09,4.3434656e-07,1.3254853e-06,2.1029841e-06,6.840226e-08,1.0865957e-08,1.0032227e-05,1.4478673e-09,3.718935e-07,1.4546719e-08,2.267053e-09,4.3790223e-08,4.797921e-10,1.8996291e-06,1.4178835e-06,2.8891117e-08,0.00010170923,4.8062965e-08,1.1735724e-07,1.8116714e-07,4.0050368e-06,1.4616604e-06,4.8244825e-08,1.4747155e-06,3.8061648e-07,8.571796e-08,2.2906453e-07,8.5500057e-10,1.1578148e-06,0.10088528,0.0001653452,2.4247396e-07,1.0842494e-09,4.175598e-09,2.2719765e-07,1.6982662e-07,3.4701078e-09,3.0605531e-06,4.344296e-09,3.2198116e-07,2.8448525e-07,7.0440706e-08,8.1327045e-08,5.7899307e-08,3.796499e-08,4.3406762e-06,4.3562544e-08,1.1459653e-06,4.5289323e-08,1.3697204e-05,3.2188776e-08,1.712836e-08,2.1319119e-07,2.7883592e-08,2.3171799e-08,2.1516807e-06,1.6044513e-08,2.1180856e-06,1.6313901e-09,6.851703e-08,4.0033765e-07,9.387017e-09,8.191463e-07,2.6269467e-07,7.818536e-08,0.015466342,5.3551585e-08,1.3764494e-08,7.043907e-09,1.4920988e-07,0.0008299312,5.609127e-09,3.5610228e-08,1.1457905e-08,3.7048499e-06,4.072831e-06,1.4906837e-07,1.5314454e-08,1.2683843e-06,7.117582e-08,1.6626315e-08,8.457142e-08,6.9695223e-09,8.9255653e-10,1.279573e-08,8.230278e-09,9.2841335e-09,1.6591774e-07,6.325819e-10,2.7330612e-08,3.7534498e-08,1.0398825e-05,1.7904537e-07,1.17242365e-07,3.8253765e-09,2.2308708e-07,2.0393193e-07,1.3881397e-08,2.2710345e-09,7.2155046e-08,7.97516e-08,2.458118e-07,1.965979e-09,4.3684445e-08,1.6803851e-07,4.347315e-08,2.3110431e-07,1.243786e-09,4.3055977e-07,4.652784e-08,4.0929123e-07,1.4723865e-08,9.351152e-09,1.8505808e-07,1.2807793e-08,8.2030965e-07,2.1676065e-07,6.8024688e-06,4.9167852e-08,2.3200853e-08,1.9542115e-07,3.5958462e-06,1.1774113e-06,8.2170395e-09,3.9001466e-06,1.0366781e-09,7.4179556e-09,1.3410602e-08,1.0847175e-08,2.7364363e-08,1.1334621e-07,1.5492973e-05,2.0021103e-05,4.787477e-07,9.4048346e-08,7.4331e-08,4.847401e-09,1.744315e-08,4.761775e-09,3.252763e-06,0.0226636,0.0018925122,4.6497832e-09,2.3224231e-08,1.2732481e-08,1.4035098e-07,3.0442868e-10,5.239774e-08,8.985666e-08,4.1250465e-09,3.36319e-09,7.9420136e-07,5.286904e-09,2.21155e-07,2.2832216e-09,1.6795697e-07,6.431039e-10,6.7668424e-07,4.8341725e-08,1.4766182e-07
BC2026_Train_0027_S22_20211129_014500_030,3.214569e-09,5.0902827e-07,8.5628654e-10,0.10404951,4.7724136e-09,1.3595923e-10,9.649443e-09,6.960279e-08,0.00014659851,0.99505687,0.99253017,2.0069342e-06,5.078253e-07,3.607534e-10,5.904981e-09,0.0005643301,5.6526478e-08,1.9717864e-11,0.0071889223,9.295083e-06,8.5998275e-09,0.000115313196,1.5109461e-07,7.00988e-07,5.586069e-06,1.411697e-09,8.864164e-07,6.3664922e-09,3.301628e-08,0.00014145329,1.0226075e-05,5.7962627e-08,3.731597e-06,8.6944993e-07,3.6820987e-07,1.0291491e-07,8.647663e-08,1.3831992e-07,2.633255e-06,2.722282e-07,6.3220286e-06,1.7624245e-06,1.990029e-06,1.631254e-08,3.2952677e-08,2.259103e-08,9.0311126e-08,5.9356186e-08,6.2774234e-08,8.195443e-08,3.962083e-07,4.5898062e-07,3.514874e-07,5.535989e-06,1.8375858e-06,2.1002323e-08,3.4255756e-08,0.9605573,9.119736e-09,2.2347137e-08,0.10725642,3.601223e-10,0.00046872132,0.066735305,4.921495e-05,2.3948323e-06,7.772572e-09,5.068755e-10,7.743023e-09,8.721865e-06,6.05716e-11,3.7595815e-09,1.0946877e-08,4.834989e-07,4.716471e-09,6.0462315e-07,2.4161163e-06,2.837282e-06,4.2126547e-07,3.1684657e-08,3.6963855e-05,1.7141488e-09,2.1193433e-07,4.730879e-08,6.0863963e-09,7.416077e-08,3.2650358e-09,6.5973877e-06,5.3983817e-06,1.660201e-08,0.00018951618,7.338057e-08,2.7845252e-07,5.777173e-07,3.940592e-06,6.4742776e-06,9.4082867e-07,3.073581e-06,2.2055765e-07,2.4054663e-07,4.678284e-07,3.9800616e-09,3.5289984e-06,0.021252077,0.00051344093,5.952738e-07,1.2535338e-09,6.4235883e-09,1.3553415e-07,2.6790804e-07,1.0507147e-08,5.953771e-06,7.322911e-09,5.9216075e-07,3.2356644e-07,3.114282e-07,5.4535553e-07,2.5488401e-07,5.962238e-08,4.351585e-06,7.847638e-07,1.1837117e-06,3.8906023e-08,9.233564e-06,4.331333e-08,1.9421343e-08,8.834686e-07,3.847066e-08,4.210871e-08,3.8521994e-05,7.954105e-08,2.0007246e-05,3.260432e-08,5.3205426e-08,3.66452e-07,4.7918157e-08,2.4541293e-06,3.062183e-07,5.9005185e-07,0.007467907,5.44116e-07,3.6781497e-08,2.5130882e-08,3.0711735e-07,0.0005393398,3.9294257e-09,3.533513e-08,8.4072845e-08,8.673838e-06,2.7053533e-05,5.042714e-08,1.4397996e-07,2.4959397e-06,5.0550312e-08,3.091381e-08,8.256743e-08,3.2460548e-08,1.064918e-09,9.6410766e-08,2.3371985e-08,1.5476078e-07,2.934108e-07,9.410084e-10,4.4491777e-08,5.360686e-08,0.0008345354,3.4658237e-07,1.6076638e-07,4.413064e-08,4.243351e-07,2.0247637e-07,1.788672e-07,5.2628786e-09,5.995988e-07,1.6999027e-07,1.1564531e-06,3.142358e-08,5.478692e-08,2.0077368e-07,2.6937425e-07,3.2150834e-07,4.6614512e-09,7.584729e-07,5.7800115e-08,1.3443265e-06,2.408997e-07,6.546789e-08,7.2981146e-07,7.65381e-08,4.7701046e-06,5.313677e-07,4.2801144e-06,3.507708e-07,2.0464164e-07,6.6704e-07,4.4388726e-06,8.455551e-07,3.660632e-08,2.186213e-06,3.6937906e-09,1.551565e-08,8.190896e-08,4.0227395e-09,5.27806e-08,1.17763314e-07,1.17125555e-05,6.382226e-05,5.1619094e-07,2.1903543e-07,3.525062e-07,7.0959443e-09,2.3521494e-07,1.3381169e-08,1.363153e-06,0.07900608,0.0034830272,3.0182896e-08,3.4142456e-08,4.0839637e-08,2.6060555e-08,1.5983326e-09,2.8184985e-07,1.804818e-07,7.1220626e-08,7.232287e-08,2.5723148e-06,7.9390965e-09,3.3358106e-07,4.2751576e-09,1.3422277e-07,2.457523e-09,4.0814907e-06,2.1628379e-08,1.8732756e-07
BC2026_Train_0027_S22_20211129_014500_035,8.2988594e-10,3.4216814e-07,1.8562035e-09,0.10029751,4.869038e-09,5.0746723e-11,9.9693365e-09,2.7869186e-08,7.893982e-05,0.99208975,0.98015195,3.1356517e-06,3.0616015e-08,3.5114858e-10,1.3366935e-08,0.00023559632,3.3294466e-08,8.93576e-12,0.009022219,1.5186852e-06,1.0140343e-08,0.00015382619,2.7770168e-08,4.2635318e-07,2.7324234e-06,7.822406e-10,7.11395e-07,1.7464279e-09,5.017575e-09,1.3136425e-05,1.3274385e-05,3.17063e-08,5.538725e-06,1.064484e-06,1.921622e-07,1.0442679e-07,3.9874493e-08,6.12511e-08,4.208132e-06,2.5726112e-07,9.355112e-06,2.690356e-06,7.785549e-07,7.3275643e-09,7.010442e-08,4.7514707e-08,8.366254e-08,5.891405e-08,3.9162884e-08,3.322551e-08,1.693773e-07,1.856747e-07,1.5800518e-07,1.1501418e-05,1.8408044e-06,7.1639947e-09,2.602494e-08,0.9652675,2.4135691e-09,7.179507e-09,0.008265388,1.6263903e-10,0.0007462775,0.032480396,6.0820756e-05,1.8702676e-07,1.1185718e-08,2.0367043e-10,1.2197592e-09,3.0279745e-07,5.804219e-11,2.9058334e-09,3.741149e-08,2.2520746e-06,3.740641e-09,6.138126e-07,2.46881e-06,2.1650187e-06,1.0267607e-06,3.245609e-08,7.4079517e-06,1.7444073e-09,1.6014283e-06,8.857867e-09,8.855317e-09,1.0412169e-07,4.253547e-09,1.4532403e-06,2.6643227e-06,6.073017e-08,5.293809e-05,2.4313223e-07,1.9330659e-07,2.7889502e-07,2.9874013e-06,5.7105653e-06,4.8513904e-08,8.394768e-07,9.970558e-08,2.1680611e-07,1.18254455e-07,2.1089261e-09,1.3517739e-06,0.008909715,0.000121049976,2.4442977e-07,6.6987754e-10,3.529719e-09,3.7338393e-07,7.073609e-07,2.2711005e-08,7.449694e-06,5.9964838e-09,3.2668817e-07,2.0834497e-07,5.002178e-07,1.8895655e-07,8.737958e-08,1.0953795e-07,1.8476901e-06,1.7771997e-07,5.601116e-07,1.2091397e-07,1.627392e-05,2.2919055e-08,1.7110336e-08,2.7060452e-07,9.559684e-08,6.5370934e-08,2.05876e-05,7.4525346e-08,2.6684552e-06,2.577365e-08,4.9994842e-08,2.3173866e-06,2.9013523e-07,4.803616e-07,2.4135616e-07,4.8238894e-07,0.00020453832,6.490564e-07,1.0206686e-08,3.8557857e-08,2.8631837e-07,3.0024166e-05,2.0824567e-09,4.9706543e-08,2.4106058e-07,1.7601317e-06,4.3410037e-06,1.765112e-08,8.958611e-08,1.4088836e-06,2.1212273e-08,3.4005e-08,1.0918043e-07,1.3384284e-08,3.7346455e-09,9.379844e-08,2.3648658e-08,7.4546804e-08,7.147182e-07,5.235166e-09,1.4332369e-08,2.3683643e-08,0.00015255653,9.310508e-08,1.4263557e-07,1.351976e-07,2.4072955e-07,1.3220726e-07,3.4038848e-07,5.8417537e-09,9.0153485e-08,1.1371128e-07,7.9348766e-08,6.528209e-08,1.4290951e-07,6.691432e-07,8.412851e-08,4.5644364e-07,6.190621e-09,5.041027e-07,2.9769637e-08,1.10779e-06,1.1676544e-07,4.1726224e-08,1.9807815e-06,6.916132e-08,9.508123e-06,5.079677e-07,1.0642982e-06,3.2844065e-07,7.8070165e-08,1.1245454e-06,6.5758745e-06,5.403535e-07,3.1970036e-08,1.8672661e-06,2.544889e-09,1.7122252e-08,2.3318552e-08,6.0086873e-09,2.1135645e-07,1.1770831e-07,1.2118554e-05,5.4178095e-06,1.9007892e-07,8.392545e-08,3.616777e-07,1.06322595e-08,3.5189767e-06,1.6212931e-09,4.259685e-06,0.004957581,0.0015856231,3.936914e-08,1.8261305e-08,3.0104356e-08,9.747112e-09,3.791387e-10,2.101826e-07,4.5484274e-08,1.4589335e-07,7.122891e-08,1.5249941e-06,6.125119e-09,1.9137947e-07,1.679171e-09,4.197064e-07,3.8584176e-09,6.311549e-07,1.44482515e-08,5.633016e-07
BC2026_Train_0027_S22_20211129_014500_040,2.768279e-09,2.1506047e-07,3.2219534e-09,0.0242607,1.709542e-09,8.752491e-11,1.15303616e-08,2.6417837e-08,2.2090711e-05,0.9740873,0.9779848,1.2252099e-05,1.07194765e-07,5.132183e-10,4.1470245e-09,6.458297e-05,4.2854786e-08,1.4398106e-11,0.002125228,1.3705828e-05,6.2307195e-09,4.7888898e-05,2.78303e-08,1.07938696e-07,1.6203655e-06,2.9045127e-10,8.299189e-07,1.2556062e-09,1.634861e-08,8.403642e-05,3.6639158e-06,4.702361e-08,9.913939e-07,1.7439562e-07,6.397621e-08,8.691285e-08,1.3664719e-07,8.228648e-08,7.415836e-07,1.1752715e-07,1.9877868e-06,4.2560444e-07,3.7538442e-07,1.3814494e-08,7.220899e-09,4.6310458e-09,2.2804809e-08,1.2448521e-08,2.1417824e-08,3.2415937e-08,1.2073478e-07,1.12525925e-07,1.15358006e-07,1.1217433e-06,9.255678e-07,4.392205e-08,1.9339947e-08,0.9717386,2.5588531e-09,1.520609e-08,0.39867383,5.498942e-11,0.0012543484,0.056860324,0.00018157625,9.7610325e-08,4.089761e-09,1.566871e-09,2.008057e-09,2.221579e-06,4.0151008e-11,3.0031049e-09,5.019997e-09,3.7754648e-07,3.99994e-09,3.8211314e-07,2.1907356e-06,6.9305713e-07,2.7284574e-07,5.8355836e-09,5.455737e-06,7.5918366e-10,3.760595e-07,5.7544773e-09,4.9713162e-09,4.6256712e-08,8.734656e-09,6.836463e-06,1.2570322e-06,4.7164196e-08,0.0003704325,5.711419e-08,1.074876e-06,1.7269966e-06,2.0495545e-06,3.7473205e-06,7.59816e-08,2.0546056e-06,8.038245e-07,3.077903e-07,5.3269446e-07,8.3631185e-10,3.7778814e-06,0.013635521,0.00031990276,1.2052385e-06,1.4984477e-09,9.221976e-09,3.829701e-07,2.0708552e-07,7.615669e-09,3.894148e-06,2.8046314e-09,7.3136937e-07,4.4953472e-07,1.14116716e-07,2.7722862e-07,1.0970793e-07,5.0600754e-08,3.9624747e-06,5.735425e-08,5.07227e-07,7.32965e-08,1.0119293e-05,2.8327989e-08,2.0172598e-08,6.7689723e-07,2.53134e-08,1.9802393e-08,1.0547522e-05,3.6921584e-08,3.087492e-06,1.6085327e-08,3.617032e-08,4.412644e-07,3.9120703e-08,1.5949262e-06,2.4352465e-07,1.7573711e-07,0.0022890945,3.269378e-07,4.451648e-08,8.275675e-09,1.1564934e-07,0.00036033607,1.6090713e-10,1.6801298e-08,2.0752214e-08,7.437449e-06,3.511809e-06,2.2872154e-08,2.5853902e-08,8.503092e-07,1.0672693e-08,2.9252593e-08,1.4626317e-08,2.7345893e-08,1.0054959e-09,1.2400042e-07,5.295808e-08,1.8161967e-07,5.2631515e-07,1.2745498e-09,9.900021e-09,2.3690825e-08,6.0535658e-05,7.2673544e-08,1.3830449e-07,7.854405e-09,1.574264e-07,4.2174864e-07,8.591929e-08,5.185425e-10,1.9077575e-07,1.2395513e-07,7.453387e-08,6.2551657e-09,5.553454e-08,7.473574e-08,8.454481e-08,4.1790187e-07,6.733558e-09,5.857242e-07,8.660258e-08,5.077342e-07,7.092172e-08,2.7168662e-08,5.5600617e-07,4.6968495e-08,1.3510212e-06,2.1528228e-07,1.8853475e-06,7.3982484e-08,7.4459834e-08,2.2386732e-07,1.1766277e-06,1.8667691e-06,1.7804359e-08,1.814659e-06,6.063185e-10,1.762814e-08,2.8920063e-08,7.929622e-09,7.8739674e-08,5.3099683e-08,1.6595523e-05,6.500913e-05,1.9719362e-06,7.6234336e-08,3.889772e-07,1.1989748e-08,4.4728026e-07,6.447254e-09,1.5228417e-06,0.014143129,0.001959469,1.9457977e-08,7.681595e-09,3.8850118e-08,9.583906e-09,4.8468995e-10,6.2735387e-07,4.1727574e-08,2.43503e-08,3.189829e-07,3.3706042e-06,2.2147743e-08,1.7992794e-07,1.4304015e-09,4.7740635e-08,1.2274e-09,1.9510471e-06,1.0769559e-08,4.5358055e-07
BC2026_Train_0027_S22_20211129_014500_045,1.8080383e-09,7.2761264e-07,5.6457942e-08,0.009133316,3.6829217e-09,1.5944739e-10,1.130005e-07,9.1699445e-07,0.00031165377,0.999158,0.9832001,4.7229782e-06,5.185035e-07,7.3135414e-10,6.881801e-08,0.00036795836,3.1600533e-07,6.815576e-11,0.07043678,1.5826558e-05,1.0919579e-08,4.6922352e-05,2.3331772e-07,1.1957077e-06,8.268837e-07,5.8105576e-10,2.9802645e-06,1.1736873e-08,3.0346257e-08,7.1310125e-05,9.493689e-05,3.6966298e-07,3.1439067e-05,2.644729e-06,7.805645e-07,6.3607234e-07,2.3704392e-07,3.678038e-07,2.3262206e-05,2.346654e-06,4.2792213e-05,1.9903131e-05,3.8873354e-06,1.2331971e-07,6.2710924e-08,4.0908162e-08,3.468373e-07,2.1845382e-07,2.838381e-07,2.394544e-07,1.2390022e-06,1.1647888e-06,1.3134769e-06,5.0202285e-05,7.884178e-06,1.416206e-07,8.755799e-07,0.9950529,5.086849e-09,2.3625132e-07,0.020063832,1.9830693e-09,0.00016067093,0.039931115,2.5741509e-05,1.3638905e-06,3.3559438e-08,3.7261907e-10,1.605859e-09,1.2811935e-05,5.573472e-10,4.568902e-09,7.1923665e-08,1.2173307e-06,4.276579e-08,3.96421e-06,7.695567e-06,2.1005926e-06,5.5986284e-06,5.5895e-08,1.0458886e-05,7.921218e-09,1.3948247e-06,6.797874e-09,1.7795058e-08,3.060011e-07,2.1648768e-08,5.228565e-06,7.5662074e-06,1.9557068e-07,7.950714e-06,1.6087189e-06,7.517892e-07,5.236806e-07,2.7580513e-06,1.9344984e-06,1.0596021e-06,8.601385e-05,7.161197e-07,4.1480857e-06,3.8859827e-07,2.7729783e-08,4.467748e-06,0.004084369,0.000370713,6.6356765e-06,4.2757425e-10,6.2570265e-09,4.7193403e-06,2.068109e-06,1.1396924e-07,1.02398535e-05,2.551734e-08,1.2206137e-06,2.7018675e-07,3.5877247e-06,1.1108527e-06,2.50775e-07,1.8541635e-07,2.0128973e-06,3.4676452e-07,5.296763e-07,2.2713438e-07,1.4283148e-05,1.8368381e-07,1.10463404e-07,6.0210346e-07,7.2152557e-07,1.4727406e-07,9.188807e-05,4.5189147e-08,4.9683463e-06,5.468002e-08,3.4934297e-07,6.5486443e-06,3.1915027e-07,4.3520612e-07,8.61458e-07,1.8650627e-06,0.005462672,9.949533e-07,5.092249e-08,2.3793804e-08,1.0217215e-06,0.000958431,9.059485e-10,5.073441e-07,2.3610319e-06,1.9850988e-06,1.0891418e-05,6.673939e-08,5.216221e-07,1.2474973e-06,2.6568218e-08,1.17211044e-07,1.7883154e-07,2.4119396e-07,9.188616e-09,7.16671e-07,6.163244e-08,3.028246e-07,9.753714e-07,6.705835e-09,2.123061e-08,2.458732e-07,0.00043947366,9.823564e-08,1.0709141e-06,1.3382555e-06,1.4399922e-06,2.7132596e-06,2.5067243e-07,4.0019312e-09,2.2592876e-06,8.1776244e-07,1.4194123e-06,1.0534141e-07,9.8141435e-08,1.8607103e-07,2.7375668e-07,2.0042546e-06,2.0986013e-07,7.755465e-06,1.4522702e-07,7.854841e-07,6.543823e-07,1.6500616e-07,4.733489e-06,1.512832e-07,0.00025535992,1.2220288e-06,3.171691e-06,2.8421864e-06,4.223363e-07,1.6820173e-06,1.392599e-05,2.0514026e-06,2.1525825e-07,3.1517393e-06,7.933526e-09,1.6113586e-07,1.9131687e-07,1.4423637e-08,9.319396e-07,3.8570366e-07,2.6821179e-05,1.1233395e-05,9.831771e-07,3.7269413e-07,3.2783937e-06,4.2338474e-08,8.420616e-06,1.1197629e-08,4.8435913e-06,0.06037078,0.002727158,4.974804e-07,2.0672954e-07,6.785719e-07,3.273967e-08,3.6680035e-09,8.1057647e-07,3.3941242e-07,3.048819e-06,5.453472e-07,6.9701355e-06,3.5168917e-08,2.2066327e-07,3.3282593e-08,3.0763357e-07,1.5144007e-08,3.851828e-06,8.016655e-09,4.270307e-07
BC2026_Train_0027_S22_20211129_014500_050,1.6126384e-10,1.5805048e-08,5.138334e-10,0.037809696,8.1014384e-10,1.4354391e-12,4.501924e-08,1.185836e-08,1.5977814e-05,0.9947464,0.9932969,5.222039e-07,9.642416e-09,3.5147742e-11,3.90151e-09,7.657792e-05,1.02546505e-08,2.061009e-12,0.013230613,5.1624016e-07,2.0101032e-09,3.898543e-05,3.913643e-09,2.915965e-07,6.198044e-08,4.9961302e-11,2.4028455e-07,5.204754e-11,7.5951534e-10,5.2397087e-07,7.417948e-06,1.2607183e-08,9.710076e-07,2.7824785e-07,1.2757488e-07,2.6001123e-08,1.5578484e-08,4.4454875e-08,8.8084704e-07,8.8137e-08,9.633339e-06,1.1293408e-06,6.8868417e-07,2.8626876e-09,3.4414025e-09,2.1434323e-09,1.45109995e-08,2.2324846e-09,7.0808284e-09,1.434019e-08,8.293124e-08,9.929356e-08,9.3283354e-08,6.337989e-06,6.118687e-07,2.0294424e-09,1.3733157e-08,0.9988807,4.5071089e-10,3.5767385e-09,0.0070936373,1.4634944e-11,0.00035177363,0.015572993,0.00017303125,1.2952273e-07,1.477951e-09,2.7428684e-12,4.06668e-10,8.505397e-08,2.5652817e-11,2.9366773e-10,7.859275e-09,6.1234516e-08,5.007629e-10,5.5320663e-07,2.0288046e-06,2.3458679e-07,3.4996984e-07,6.118615e-09,2.3065667e-07,1.9053747e-10,2.0318976e-07,1.8394312e-09,3.4187253e-10,4.485417e-08,6.5909505e-09,1.283218e-06,3.3173449e-06,4.972454e-09,5.630079e-06,3.364879e-08,2.1278852e-08,6.561114e-08,4.04229e-07,5.1109705e-08,1.4125318e-07,8.4885265e-08,5.1921404e-08,2.0907127e-07,5.9249288e-08,7.413652e-10,5.927981e-07,0.0005719011,1.3271663e-05,3.361691e-07,2.5408523e-10,1.2231087e-10,4.9498688e-08,6.389347e-07,1.2791509e-08,5.251733e-06,8.3159246e-10,7.429024e-07,1.7588443e-08,7.315209e-08,2.5130547e-08,8.227123e-09,1.1644402e-08,8.079578e-07,3.0331265e-08,1.2126515e-07,6.3356055e-08,3.0132733e-06,3.6082033e-09,5.587461e-09,1.884206e-08,1.1706556e-08,1.1901428e-07,9.0108153e-07,2.8517608e-09,1.3293704e-06,7.054834e-10,8.0410345e-09,3.767932e-08,3.6337934e-08,1.2801985e-07,5.1408385e-08,2.629245e-07,0.00027774269,1.3130636e-06,3.2763645e-09,1.673672e-08,6.242225e-08,4.5052325e-06,3.270236e-11,8.383186e-08,3.4472484e-07,3.265782e-07,3.137633e-07,4.6487636e-09,3.5470652e-08,2.7256124e-07,1.2217941e-09,9.544704e-09,1.8654111e-08,1.4651731e-07,2.0531297e-09,3.1055766e-08,4.54117e-09,4.7291742e-08,3.4695938e-07,2.0472356e-10,3.8079273e-09,3.1196037e-09,7.316576e-05,1.0962862e-08,1.96846e-08,9.848381e-09,7.993893e-08,1.4738296e-07,1.3686068e-07,3.06893e-10,1.1852169e-07,1.0076702e-07,4.5606416e-08,3.546145e-08,6.3572124e-08,3.1642685e-08,2.1712907e-08,6.767642e-07,4.3065107e-09,3.1202248e-07,1.2903716e-08,7.347699e-07,2.5929643e-07,2.2856979e-08,3.7293162e-07,2.9585221e-08,8.0418573e-07,1.08509866e-07,2.6823733e-07,1.16748524e-07,4.7682207e-08,6.339232e-08,1.0974555e-06,4.412513e-07,1.9551056e-08,1.9275966e-07,4.958643e-10,1.3372673e-08,5.7734746e-09,7.595729e-11,2.6254037e-07,1.3905671e-08,1.7222039e-06,4.0002132e-07,9.4937755e-09,2.5151262e-08,1.9817665e-07,9.727166e-09,1.8750928e-06,6.2988853e-10,2.2867778e-07,0.0022364045,0.002921988,1.9696017e-08,4.98285e-09,1.0556564e-08,2.0089255e-10,3.9534123e-10,7.817805e-08,1.086117e-08,1.06215365e-08,1.9568934e-07,1.8104846e-06,2.1489504e-09,1.5886197e-08,7.715006e-11,2.5688939e-08,1.1492788e-09,2.0528958e-06,3.915299e-10,2.047709e-07
BC2026_Train_0027_S22_20211129_014500_055,6.692246e-11,7.3748474e-08,5.2805627e-10,0.04658051,2.2589197e-10,2.7843942e-12,1.1103216e-09,4.2783874e-09,8.7191394e-05,0.9798377,0.97926015,4.6806e-07,8.1427745e-09,1.2833407e-10,4.2688426e-09,0.00029469345,2.6653628e-09,2.6291612e-12,0.008432384,1.144922e-06,4.658234e-09,0.00022168487,6.1641816e-09,1.3327049e-07,4.5437676e-07,4.5116158e-10,3.9207954e-08,5.9712194e-11,2.768073e-09,5.814721e-07,2.852652e-06,1.1802288e-08,9.3398336e-07,1.3838498e-07,6.7933534e-08,3.1935173e-08,1.3495999e-08,5.3573547e-08,4.7186782e-07,7.332012e-08,6.9411676e-06,6.55706e-07,3.2383227e-07,3.6394103e-09,1.4630865e-08,9.085481e-09,4.737489e-08,6.6562778e-09,1.2657491e-08,2.3280377e-08,5.1721937e-08,5.5813814e-08,5.000619e-08,2.7187018e-06,1.2645326e-06,3.1147227e-09,1.5136029e-09,0.98799175,7.364958e-10,2.8147062e-09,0.025805196,8.213752e-12,0.0012496428,0.032308854,3.273459e-05,4.828478e-08,1.5050622e-08,3.2631894e-11,1.3009299e-10,5.3579164e-08,6.4851193e-12,3.5888667e-10,5.4486247e-09,1.4225682e-07,3.9309975e-10,1.04034946e-07,2.075364e-06,2.1312144e-07,1.5241828e-07,8.794536e-09,5.667389e-07,1.3468522e-10,3.8642494e-07,2.5788524e-10,5.3260023e-09,1.8103407e-08,1.1826422e-08,4.211237e-07,2.717201e-06,1.8187613e-08,5.2203013e-05,3.5752333e-08,1.7454665e-08,2.1185633e-07,2.4807619e-06,6.9550765e-08,6.73721e-08,2.0719986e-07,1.3690244e-07,1.0883736e-07,7.349459e-08,2.7791652e-10,4.4167192e-07,0.00085048785,6.013177e-05,1.983822e-07,4.737033e-10,3.7520434e-10,1.3610303e-07,2.8522226e-07,6.4000223e-09,2.222236e-06,1.8884614e-09,7.4866705e-08,4.9139352e-08,2.0638363e-07,6.367029e-08,7.2842123e-09,2.2315874e-08,6.025537e-06,5.685519e-08,2.468501e-07,1.6702662e-08,6.9700222e-06,1.220839e-09,1.48723265e-08,3.007738e-08,2.8199365e-08,6.9203416e-08,9.889735e-07,5.4019043e-09,8.5240885e-07,2.7469198e-09,6.082242e-09,2.6370014e-08,2.1274266e-08,2.3900336e-07,1.3534311e-07,1.2360005e-07,5.301913e-05,1.7035022e-07,2.5595426e-08,1.3520993e-08,5.3556896e-08,1.8314746e-06,1.6280322e-10,1.0699312e-08,9.486086e-08,1.7666247e-06,5.6838974e-07,1.6937587e-09,4.3941498e-08,1.806921e-07,2.1340052e-09,1.894834e-08,1.41501895e-08,5.4013687e-09,1.0026788e-09,2.3379208e-08,2.7434324e-09,1.1557912e-07,1.2879968e-07,6.153207e-10,4.3899e-09,3.300487e-09,8.673191e-05,2.1437401e-08,2.3403702e-08,4.37978e-09,5.455417e-08,1.0602332e-07,1.1473273e-07,6.753762e-10,2.7136656e-08,6.252174e-08,3.515101e-08,2.0548974e-08,8.359091e-08,8.753522e-08,3.871061e-08,2.6681036e-07,4.472284e-09,2.7329003e-07,1.6954596e-08,2.9284865e-07,9.6388156e-08,2.398106e-08,5.951948e-07,1.3151269e-08,4.7039052e-07,1.9825964e-07,9.396423e-07,8.016826e-08,7.7294956e-08,3.058771e-07,3.4787516e-07,3.487744e-07,1.3372442e-08,2.5466244e-07,2.804769e-10,3.4239802e-09,3.5945822e-09,1.2536838e-10,8.7167514e-08,5.4343023e-09,2.4018382e-06,1.7020179e-06,2.112486e-08,1.6167515e-08,1.0772357e-07,8.8752365e-09,3.6843328e-06,9.751737e-10,1.9200814e-07,0.0007757768,0.0022646755,1.8772282e-09,2.8237723e-09,3.704317e-09,6.914727e-10,1.3446395e-10,6.045962e-08,5.9077627e-09,2.3013587e-08,4.581951e-08,2.0873965e-06,3.893474e-09,2.1354396e-08,2.137483e-10,6.877588e-08,1.9133906e-10,6.097728e-07,4.769174e-09,1.8226167e-07
BC2026_Train_0028_S22_20211129_190000_000,4.319858e-11,6.734512e-08,1.603919e-08,0.0003353712,4.24935e-11,1.8962133e-10,1.44580925e-08,1.402747e-07,0.00020162456,0.5993253,0.49778777,5.3465724e-06,3.5889847e-09,5.0091864e-10,9.831361e-08,0.0138303805,5.291022e-08,6.4364326e-12,0.0010992954,2.0656492e-08,2.745458e-09,0.0044223885,3.520637e-08,8.187189e-06,4.0462805e-06,2.5044737e-09,0.0026289043,4.099674e-08,2.2836845e-08,5.6987745e-05,1.6879966e-06,2.2381602e-08,6.5150545e-07,1.1801003e-06,3.2394712e-07,2.85936e-08,1.1181562e-07,3.4053937e-08,1.1426542e-06,4.566352e-08,5.3726184e-05,2.2308411e-07,4.121241e-06,6.9204047e-09,1.3841626e-09,1.3460029e-09,1.03417435e-08,6.3526158e-09,5.8383227e-09,5.7769114e-09,2.2744516e-08,1.54961e-08,1.11747145e-08,4.348406e-05,1.2372895e-07,6.1385885e-10,1.350261e-07,0.11954857,1.073858e-09,1.1863761e-09,0.00012199088,3.3977588e-11,0.00015326953,0.014867014,2.6363684e-06,8.742176e-06,3.605178e-08,1.16232655e-10,2.7081055e-09,8.5193903e-07,3.0618248e-11,1.1245841e-10,2.6115142e-08,3.50845e-08,4.8930295e-09,2.6173916e-07,3.978192e-06,1.5975157e-06,2.0844225e-05,9.823507e-08,1.12915e-05,1.8898991e-09,1.7458265e-06,4.0534247e-09,2.2577375e-08,2.0134547e-07,5.034447e-09,1.0390421e-06,7.868254e-06,1.14821056e-07,2.3962054e-06,3.6813998e-07,1.2236424e-07,9.563428e-07,7.9589145e-06,9.755076e-08,1.8012548e-08,1.0349677e-06,1.3904243e-07,2.708064e-07,4.333362e-07,1.1808107e-10,2.0926156e-07,0.00064269715,2.8266111e-05,2.4719523e-07,3.384385e-10,3.1579708e-10,1.9841828e-08,2.8573488e-06,4.3965365e-09,5.417451e-07,4.035312e-09,7.69397e-09,4.192039e-07,9.1477847e-07,2.2989134e-07,6.5857125e-07,1.2386214e-07,1.9857033e-07,1.3283424e-07,3.1053492e-07,9.483062e-07,1.4779336e-05,5.711213e-08,5.6065943e-08,9.92566e-06,8.018598e-07,7.350566e-08,4.8106904e-06,1.11934476e-07,2.6496024e-05,1.6398508e-09,4.7443613e-08,2.619469e-07,1.7823039e-09,5.8226174e-06,2.3354457e-07,4.4886686e-08,8.980344e-06,4.7848747e-08,8.703374e-09,3.6463604e-08,9.784991e-07,2.013648e-06,1.3620769e-09,1.3352582e-07,5.006235e-07,5.277303e-06,1.682558e-07,4.405823e-08,1.8985059e-08,7.4575377e-07,1.13827376e-07,1.7474472e-06,2.036442e-06,5.0678195e-09,7.9094686e-10,2.1721373e-06,1.8055157e-09,1.0655099e-08,9.562854e-07,6.342292e-08,5.2168826e-07,1.8755888e-09,1.7268092e-05,2.4787836e-08,2.1269804e-08,1.6507809e-07,4.917221e-07,2.8897794e-05,5.5625076e-08,2.2436601e-09,2.0756418e-07,6.7940977e-07,4.3889223e-08,9.064831e-09,5.509427e-08,1.3235502e-06,2.1000848e-07,3.4256615e-07,2.47196e-09,2.495909e-05,4.3693774e-08,1.2702291e-06,2.646212e-07,4.6025438e-08,9.581184e-07,8.7343594e-08,3.950455e-05,7.5288426e-08,6.030091e-07,3.1784836e-08,1.3260944e-07,1.192972e-05,9.236832e-06,7.8194745e-08,3.6071455e-08,9.73684e-06,7.0487314e-09,1.5236692e-08,1.4048268e-08,4.2676845e-10,9.61453e-07,8.9290474e-08,9.1818965e-06,4.1452677e-07,1.9324779e-07,6.69836e-08,1.8280758e-05,5.602104e-08,1.2639522e-07,9.889067e-07,6.2356835e-06,7.4275216e-05,1.3536932e-05,1.303831e-06,4.719029e-08,7.091304e-09,7.5297045e-08,1.8153838e-10,6.599834e-07,1.1805822e-08,4.5391197e-08,1.7253311e-09,4.1347444e-06,1.8655881e-09,2.971377e-07,3.7163317e-10,1.5144042e-06,5.6449627e-09,2.7871233e-06,1.4212948e-07,2.2513552e-06
BC2026_Train_0028_S22_20211129_190000_005,3.0973982e-10,7.554058e-08,4.4811323e-08,0.00048091708,4.879988e-10,2.6618574e-09,4.8997166e-09,2.6277685e-06,0.00031973474,0.30254838,0.83169866,1.2202029e-06,2.3480384e-08,5.7934935e-10,1.1165664e-07,0.02687263,6.329433e-08,2.93709e-11,0.0011783802,5.8560694e-08,9.852683e-09,0.0010281305,1.244188e-07,2.0394882e-05,1.4469217e-05,4.2658392e-09,0.0011763704,8.62059e-08,1.2879488e-07,0.00056909473,1.9116399e-06,1.0522474e-07,1.4557829e-06,3.2082728e-06,6.3118074e-07,9.77055e-08,2.148858e-07,5.8427254e-08,1.0662915e-06,9.354242e-08,6.120978e-05,3.024684e-07,7.0255123e-06,2.6961091e-08,7.604289e-09,6.062379e-09,1.7335257e-08,3.1494025e-08,1.0064866e-08,1.21542625e-08,3.0311835e-08,1.953365e-08,1.7500167e-08,6.5880406e-05,2.3243757e-07,3.4633567e-09,5.172944e-07,0.13020864,4.3014947e-09,9.529078e-09,9.490665e-05,3.2393221e-10,0.0004712267,0.006521903,2.7937228e-06,1.16185165e-05,3.373059e-08,5.8259164e-10,4.67577e-09,7.630148e-06,1.2619031e-10,1.8943236e-09,9.344166e-08,1.0298738e-07,6.498601e-09,5.414482e-07,1.0442541e-05,9.606485e-06,1.3824432e-05,2.7846048e-07,5.279411e-05,7.166209e-09,1.8444527e-05,1.9961131e-08,1.1470668e-07,7.5996513e-07,1.5343927e-08,1.0908091e-05,5.337688e-05,2.1748411e-07,1.4022314e-05,1.7580917e-06,1.164323e-07,5.67894e-07,3.8302533e-05,9.1754475e-07,4.3499492e-07,2.0991588e-06,1.6657633e-06,8.6938445e-07,2.5471272e-07,8.3326124e-10,9.429539e-07,0.00044606847,5.0706087e-05,3.9800298e-07,2.4143656e-09,8.7645236e-10,1.5860876e-07,2.8900045e-06,1.7339291e-08,7.2857056e-06,1.0764752e-08,3.9109516e-08,2.182226e-06,1.9522495e-06,7.996361e-07,5.632028e-07,2.407573e-07,7.732016e-07,2.0615288e-07,1.2190491e-06,1.2411925e-06,2.6750373e-05,1.8387853e-07,2.0642318e-07,1.7574595e-05,3.7411783e-06,1.388748e-07,5.3220015e-06,2.9373473e-07,5.216962e-05,2.4858133e-09,1.997403e-07,6.8468626e-07,4.5097686e-09,2.9874127e-06,1.7974713e-06,3.4494417e-07,4.3387543e-05,2.1542789e-07,8.844142e-09,3.2137244e-08,1.7499137e-06,1.43502375e-05,2.7326546e-08,5.3427414e-07,1.050829e-06,2.222413e-05,2.0115963e-06,7.3976985e-08,2.536558e-07,3.3515996e-06,1.0292714e-06,4.368567e-06,8.044257e-06,1.1248255e-08,6.691436e-09,1.5670677e-05,9.864209e-09,3.924918e-08,5.0650187e-06,1.386858e-07,2.9475416e-06,5.0113385e-09,0.00014592071,2.2437946e-07,1.3493135e-07,1.3676934e-07,1.7024935e-06,1.8528428e-05,2.228672e-07,8.738988e-09,3.8844863e-07,4.9426512e-06,1.3808308e-07,1.1821551e-08,1.7703083e-07,2.0096788e-06,4.728052e-07,1.4733057e-06,5.9392167e-09,0.00010011879,9.587512e-08,9.809566e-06,1.0018306e-06,3.216349e-08,6.0182037e-06,1.0217692e-06,3.3671207e-05,1.09027276e-07,3.832207e-06,1.8873736e-07,1.1337751e-06,2.1148393e-05,4.723113e-05,8.8509614e-07,8.025975e-08,4.7021393e-05,1.6676815e-08,9.286015e-08,1.2128538e-07,1.4020743e-09,2.2648253e-06,1.1013033e-06,1.25598335e-05,1.7919053e-06,9.996565e-07,1.3564018e-07,5.6664007e-06,4.7606505e-08,4.4625514e-07,1.3472781e-07,3.0852087e-05,0.0007093063,5.0656647e-05,1.6201137e-06,2.266899e-07,1.4936678e-07,2.0574944e-07,7.6008483e-10,3.608846e-07,2.457218e-07,6.220973e-08,1.6461065e-08,2.3266e-05,6.510201e-09,1.8677842e-06,5.133632e-10,5.9646536e-06,3.2208856e-08,5.795765e-06,4.3559228e-07,9.795252e-07
BC2026_Train_0028_S22_20211129_190000_010,1.0585285e-10,5.4562184e-07,1.468424e-07,0.0017680225,5.3988014e-10,2.4674837e-10,2.3119298e-09,2.7433452e-07,0.0006657867,0.34232646,0.6835283,9.78488e-07,1.272502e-09,2.096524e-10,3.377479e-07,0.20208631,6.9256764e-08,4.3708028e-12,0.0024170487,6.2727876e-09,3.153658e-08,0.0055485456,5.4652695e-08,5.134463e-06,2.4720408e-05,1.0695694e-09,0.00092712295,4.6563443e-08,3.589322e-08,5.9466172e-05,1.3713823e-06,5.972948e-08,8.739648e-07,8.7868153e-07,3.3283808e-07,5.3291043e-08,5.081121e-08,2.8757848e-08,7.507504e-07,7.127811e-08,2.0066196e-05,2.2490327e-07,2.314595e-06,1.810669e-08,3.4145629e-09,3.226123e-09,1.7539366e-08,1.1698119e-08,4.0962798e-09,6.0083893e-09,2.4194607e-08,1.6041117e-08,1.6230668e-08,1.598946e-05,2.3276235e-07,5.0819493e-10,5.094416e-08,0.37987068,2.0710291e-09,1.4198772e-08,0.00023061685,2.2372864e-11,0.0013336837,0.038425703,3.6575828e-05,1.9342972e-06,3.878444e-08,4.1097856e-10,4.4753046e-09,2.0351838e-06,1.18379135e-11,5.1557003e-10,2.8931813e-08,8.351066e-07,3.3416094e-09,4.2827418e-07,5.2864507e-06,1.3689139e-06,4.702919e-06,2.5706126e-07,1.5758498e-05,2.5251903e-09,1.1369461e-05,5.0813314e-09,2.5078162e-08,1.527314e-07,8.901819e-09,6.4504053e-07,1.1070423e-05,1.4593316e-07,1.9770202e-06,1.42139e-06,5.3484413e-08,9.009371e-07,1.8410434e-05,6.393247e-07,7.4465525e-08,3.4554606e-07,3.0619265e-07,5.2270815e-07,8.8526185e-08,9.599269e-10,2.0597533e-06,0.00016587546,9.694653e-06,1.4023483e-07,7.668869e-10,8.278986e-10,3.245609e-08,1.4101229e-06,6.359332e-09,9.701394e-07,5.8274536e-09,8.303883e-09,1.883951e-06,7.467886e-07,2.0944525e-07,1.5313847e-07,1.2401792e-07,1.0441918e-06,6.480236e-08,2.3624591e-07,7.4734504e-07,1.2223201e-05,2.9355602e-08,3.6649354e-08,5.011603e-06,7.9333006e-07,3.2094245e-08,1.5881902e-06,1.8030083e-07,2.4178535e-05,3.038412e-09,4.472115e-08,1.7983717e-07,3.5783354e-09,4.2492493e-06,6.230781e-07,1.4632545e-07,3.5810244e-05,2.866722e-07,1.4757201e-09,2.5709822e-08,5.6427643e-07,1.25288725e-05,2.9632472e-09,1.2324918e-07,2.125964e-06,4.9144596e-06,3.0551186e-07,5.8410766e-08,5.554842e-08,4.7528806e-07,1.12763246e-07,1.0844029e-06,2.3309783e-06,2.9776097e-09,2.470499e-09,4.745566e-06,1.3093778e-08,2.9277933e-08,1.7664628e-06,3.018773e-08,1.7913061e-07,2.3077795e-09,0.00019740494,3.878925e-08,5.9526815e-08,5.547525e-08,1.0265376e-06,1.9130002e-06,8.7304784e-08,3.1719294e-09,7.141896e-08,1.2337964e-06,5.6275926e-08,1.755975e-08,4.448211e-08,3.4749485e-07,1.6730152e-07,3.7314328e-07,1.423301e-09,2.1229218e-05,1.1091941e-08,3.6820325e-06,3.8943378e-07,2.1913943e-08,7.3471565e-06,4.3645093e-07,2.6460244e-05,7.5549075e-08,1.895492e-06,1.6018085e-07,1.2065162e-06,1.1425189e-05,9.028191e-06,1.7497254e-07,1.6251951e-08,1.4421855e-05,1.16445795e-08,2.4558512e-08,3.811366e-08,3.4450393e-10,5.4555426e-07,3.062992e-07,6.6185935e-06,9.723568e-07,7.555974e-08,4.3837353e-08,1.0491747e-06,3.0910037e-08,1.2118097e-07,6.745002e-08,2.196507e-05,6.2355924e-05,2.5980711e-05,4.2356572e-07,1.9520527e-07,2.207112e-08,2.2815643e-08,1.483101e-10,2.0358624e-07,5.0213014e-08,1.9053948e-08,1.2296078e-08,6.76907e-06,1.8013571e-09,4.1885747e-07,6.260772e-10,1.8512601e-06,1.4981653e-08,1.5001019e-06,1.5900542e-07,7.4989595e-07
BC2026_Train_0028_S22_20211129_190000_015,2.2246356e-11,3.901861e-08,4.4764768e-08,0.00041537854,4.225233e-11,4.599614e-11,2.2389148e-09,2.912386e-07,0.00013884317,0.45131245,0.5912347,4.9815554e-07,7.2854456e-10,3.6886685e-11,1.3116966e-07,0.04193208,1.9808438e-08,2.6643778e-12,0.0023429238,2.9339522e-09,3.6577266e-09,0.0009400993,1.6769633e-08,5.8521055e-06,4.629248e-06,2.4431737e-10,0.003121378,3.8053276e-09,3.403269e-09,1.4600106e-05,1.3695211e-06,9.8534345e-09,8.2585217e-07,5.6693506e-07,2.076321e-07,1.2212777e-08,3.4932327e-08,1.7224647e-08,6.5771195e-07,2.353082e-08,4.6741345e-05,1.8323033e-07,3.2169864e-06,2.865255e-09,1.8907824e-09,1.5805434e-09,1.0074565e-08,7.0816384e-09,3.1891698e-09,3.0331428e-09,1.1222304e-08,8.826331e-09,7.841187e-09,3.8769835e-05,8.103239e-08,3.185077e-10,6.117031e-08,0.26921082,2.1399345e-10,2.374089e-09,7.9297286e-05,1.3803516e-11,0.0001599043,0.0023570443,8.092138e-06,1.6321418e-06,5.5569798e-09,2.3042408e-11,6.1267047e-10,3.1388066e-07,3.9469386e-11,1.4786383e-10,1.396702e-08,1.13211804e-07,4.1290746e-10,3.6764312e-08,6.889904e-06,1.4573026e-06,8.640525e-06,9.624596e-08,1.4755113e-05,1.4333019e-09,5.215488e-06,1.7818074e-09,3.5077992e-09,6.002917e-08,1.6771097e-09,6.0763426e-07,3.3696433e-06,2.4347374e-08,2.8192056e-07,2.8130822e-07,1.1647423e-08,2.5577498e-07,5.943253e-06,3.739822e-08,9.47361e-08,7.506273e-07,1.08347315e-07,4.0438786e-07,5.409031e-08,1.5280477e-10,2.2407197e-07,6.4038446e-05,8.543241e-06,2.0883155e-07,1.2069536e-10,1.1366537e-10,6.1699716e-08,1.6365353e-06,2.854226e-09,8.3252144e-07,5.575683e-10,4.4138617e-09,2.1964793e-07,7.8198013e-07,4.1686772e-07,2.2083465e-07,5.507694e-08,1.4693512e-07,7.13924e-08,2.6569163e-07,5.082638e-07,5.9774547e-06,8.260094e-09,3.3261397e-08,2.7660772e-06,7.5339545e-07,1.7197628e-08,2.2881745e-06,5.6490254e-08,1.0618351e-05,8.365623e-10,3.953039e-08,1.0300054e-07,2.6406588e-09,6.521152e-07,9.305696e-08,5.3982504e-08,1.1926136e-05,1.05522396e-07,1.2542871e-09,9.948784e-09,9.591387e-07,1.9769166e-06,3.1754083e-10,8.543966e-08,3.9289256e-07,8.18452e-06,1.5738948e-07,5.821099e-09,4.7308255e-08,3.908338e-07,3.2534558e-08,1.6462577e-06,1.1483173e-06,4.1996078e-09,1.7690714e-09,2.0934772e-06,1.4720655e-09,8.847128e-09,1.4883443e-06,7.964486e-09,2.8111887e-07,9.418469e-10,2.7428056e-05,1.3092303e-08,9.803195e-09,7.727314e-08,4.793873e-07,6.0636235e-06,4.1722483e-08,2.7552889e-09,3.6296097e-08,1.6445128e-06,3.6144666e-08,7.026248e-09,4.7929127e-08,1.59825e-07,4.616241e-08,2.1016015e-07,6.9371053e-10,2.0192623e-05,1.847237e-08,2.7780186e-06,1.06461854e-07,9.600244e-09,1.1092679e-06,4.5907427e-08,3.969775e-06,6.694478e-08,3.4487414e-07,5.75098e-08,1.57403e-07,6.901978e-06,3.6003864e-06,2.4125399e-07,1.5432535e-08,7.288785e-06,8.843704e-09,7.638013e-09,4.447175e-08,9.7260616e-11,2.7574754e-07,2.1253689e-07,4.595304e-06,9.39994e-08,6.753421e-08,4.9952515e-08,1.575326e-06,1.57422e-08,1.2799116e-07,7.063701e-08,2.3760438e-06,4.7085512e-05,1.0256819e-05,1.4538878e-06,6.78319e-08,4.353138e-09,5.5338713e-08,3.5109214e-11,4.231224e-07,1.372792e-08,1.2999713e-08,3.761231e-09,5.945073e-06,1.7388463e-09,1.2322873e-07,3.624955e-11,5.6255806e-07,6.2748944e-09,2.3620746e-06,1.9315356e-08,3.2036027e-07
BC2026_Train_0028_S22_20211129_190000_020,7.88809e-10,6.1768933e-06,2.181739e-06,0.0018572721,8.306461e-10,6.304474e-10,2.2281762e-08,2.44996e-06,0.00012254913,0.8530397,0.92615336,4.4787466e-05,3.939925e-09,4.5799395e-09,9.812326e-07,0.008073084,7.111325e-07,3.4827426e-11,0.0019960667,3.3266286e-08,3.0067515e-08,0.0030902429,7.1273625e-08,4.5215536e-05,1.8303019e-05,3.166658e-09,0.04985745,4.846951e-07,2.1687954e-07,0.0009606558,1.359646e-05,1.03090755e-07,9.001076e-06,9.594986e-06,2.549723e-06,1.9462529e-07,4.583057e-07,1.82595e-07,9.893115e-06,4.9422135e-07,0.00024151379,2.6892737e-06,2.466535e-05,4.346569e-08,8.166308e-09,8.002279e-09,7.230315e-08,1.1446606e-07,3.732383e-08,3.7959563e-08,2.001142e-07,1.3445465e-07,1.0213488e-07,0.0002973934,6.3270613e-07,9.770062e-09,9.325522e-07,0.1402288,2.0875998e-08,5.726689e-09,0.0001392595,3.5393305e-10,0.00020953197,0.0047553196,2.182511e-05,1.3274942e-05,5.19318e-08,1.3222972e-09,8.208208e-08,4.9354396e-05,2.9947236e-10,9.678894e-10,1.4306798e-07,1.9048846e-06,1.9447371e-07,1.3564926e-06,1.9992009e-05,5.5786422e-06,4.5366574e-05,7.8501455e-07,3.847298e-05,1.3586035e-08,6.839228e-05,3.322266e-08,2.1066343e-07,1.7495149e-06,4.565995e-08,2.6536118e-06,1.3309371e-05,5.7042337e-07,1.9175045e-06,4.9802343e-06,6.4852367e-07,3.9788983e-06,4.613149e-05,9.1392224e-07,3.4739116e-07,8.555316e-06,8.880596e-07,3.096509e-06,9.226384e-07,2.8154044e-09,3.065724e-06,0.0013221028,4.4238015e-05,9.698294e-07,8.6666446e-10,7.223364e-09,9.9055036e-08,8.222401e-06,4.1796397e-08,3.500407e-06,1.3274554e-08,7.214019e-08,2.1078872e-06,3.5442026e-06,2.2833156e-06,4.1385706e-06,4.7186148e-07,4.082012e-06,5.223429e-07,8.1474906e-07,4.2186757e-06,3.7751226e-05,2.2407174e-07,6.373675e-07,3.3262153e-05,6.245962e-06,9.833781e-08,1.5960848e-05,5.1662173e-06,2.4898705e-05,2.3147944e-08,2.6899048e-07,1.2442406e-06,6.094601e-08,6.792835e-06,1.1264581e-06,2.5242218e-07,0.00014567062,7.639021e-07,1.4312345e-08,1.2678444e-07,3.3329466e-06,0.00016205554,4.5246744e-09,4.6681936e-07,4.4976987e-06,2.459561e-05,1.990143e-06,3.9501006e-07,2.7561344e-07,8.194446e-06,3.0342994e-07,7.843891e-06,1.2075465e-05,1.9883348e-08,5.0874314e-09,5.396611e-06,6.622937e-08,5.7857246e-08,5.6181784e-06,5.000948e-07,5.213605e-07,1.4614938e-08,0.00015061062,2.515952e-07,1.08372525e-07,9.766513e-07,5.353981e-06,3.0093624e-05,2.9922236e-07,2.123547e-08,2.589396e-07,3.5241553e-06,2.2491677e-07,8.928792e-08,1.2839655e-07,7.1914263e-07,1.4588975e-06,2.779198e-06,5.344727e-09,7.541709e-05,1.443958e-07,1.2481265e-05,5.386849e-07,5.0245774e-08,4.8238985e-06,3.2842064e-07,4.1586495e-06,4.8890115e-07,4.363978e-06,1.3033196e-07,5.1457147e-07,3.3169217e-05,1.2975623e-05,5.936518e-07,6.71686e-08,7.213028e-05,2.2228053e-07,3.0035075e-08,2.6978122e-07,7.294849e-09,1.0614015e-06,6.864064e-07,4.638704e-05,4.529392e-06,4.869603e-07,2.9584353e-07,1.0833323e-05,8.1232166e-08,5.2376953e-07,5.993484e-07,1.33667e-05,0.0001034612,6.6161585e-05,6.478254e-06,9.999235e-07,3.4412928e-08,5.5295874e-07,8.25672e-10,1.8903851e-06,1.4093563e-07,1.5090495e-07,1.6970578e-08,2.1871387e-05,5.35295e-09,1.0717652e-06,2.9028475e-09,2.5685006e-06,5.090637e-08,1.0011478e-05,2.2380415e-07,2.6142857e-06
BC2026_Train_0028_S22_20211129_190000_025,5.750558e-10,1.445632e-07,1.0977135e-07,0.0005007464,2.3285027e-09,3.0811078e-09,3.4763563e-08,1.9235198e-07,0.00011447005,0.81347764,0.74091154,9.5251135e-06,1.0698479e-07,2.1259083e-09,1.1756627e-07,0.0005831159,4.6974673e-08,5.4462403e-11,0.0003361508,3.9253047e-07,2.0127477e-08,0.0022471864,4.0777218e-07,4.964415e-06,1.3519364e-06,5.1579754e-09,4.6005003e-05,6.816054e-08,3.0704675e-07,0.00034654798,4.454385e-06,2.0632065e-07,1.6290114e-06,1.8453534e-06,4.008909e-07,2.5200274e-07,1.1793464e-06,3.113979e-07,2.8915483e-06,1.7815236e-07,6.010253e-05,4.900532e-07,3.0463311e-06,7.9845364e-08,7.08553e-09,5.6604885e-09,3.9090946e-08,2.067407e-08,4.7555684e-08,5.7767046e-08,6.815702e-08,5.491382e-08,4.1227988e-08,3.169782e-05,6.777376e-07,6.687073e-09,8.430984e-07,0.052948218,6.1687686e-09,9.697433e-09,0.00028090697,6.997153e-11,0.00024129353,0.0042986716,3.8352155e-06,3.550407e-06,3.773064e-07,5.859684e-10,1.173365e-08,2.477081e-06,3.963371e-10,2.077375e-09,2.623877e-07,4.671048e-08,5.5920804e-08,4.9907186e-07,5.845819e-06,2.0270048e-05,1.02443755e-05,8.217244e-07,0.00012403904,6.505522e-09,5.6244095e-05,2.0667683e-08,4.1877155e-07,7.040672e-07,2.6320015e-08,9.009234e-06,7.8767545e-05,1.4027753e-06,1.9614965e-05,1.158207e-06,5.4303796e-06,1.0132029e-05,1.6913235e-05,4.8788996e-07,2.6515625e-07,2.2365008e-05,2.135828e-06,3.5193423e-06,1.9684487e-06,2.7953975e-09,9.446568e-07,0.0021691436,8.659778e-05,2.3494351e-06,4.0537107e-09,8.3392576e-10,5.8210134e-07,5.856768e-06,6.055736e-08,4.054644e-06,1.7293976e-08,7.184003e-08,4.4192473e-07,1.7996084e-06,1.4245709e-06,1.981885e-06,4.264768e-07,2.1802475e-06,1.034133e-06,2.3617592e-06,1.3741223e-06,0.00014755552,4.26028e-07,4.309488e-07,6.5715167e-06,3.965881e-06,9.618299e-07,4.0203786e-06,1.5546493e-06,3.1550855e-05,6.7651755e-09,1.2506942e-07,1.9759364e-06,6.974242e-09,3.8392896e-05,1.5716001e-06,5.703951e-07,9.637553e-05,7.262976e-08,4.365929e-07,1.0458365e-07,4.253405e-06,6.3681496e-06,4.432228e-09,8.813479e-07,7.430622e-06,3.8584014e-05,1.8351358e-06,1.537739e-07,2.8048208e-07,4.0035593e-06,4.7480106e-07,3.3374026e-06,4.9059604e-06,1.845607e-07,1.0687176e-08,6.0311827e-06,3.7735774e-08,7.93795e-08,8.420784e-06,6.70429e-07,2.170961e-06,7.3549953e-09,4.8761525e-05,7.127145e-08,3.8589718e-07,4.9006957e-07,2.659796e-06,0.00028431756,8.158991e-07,8.485156e-09,2.4951642e-06,3.7441234e-06,3.673155e-07,3.8153157e-08,4.6743907e-07,1.2734359e-06,4.0243335e-06,5.9979952e-06,1.1880524e-08,2.1044742e-05,3.108063e-07,3.4848424e-06,2.4990125e-06,5.3780557e-08,8.777505e-06,7.931024e-07,0.0001623285,1.0616478e-07,4.0258863e-05,8.7891905e-08,9.584629e-07,1.639008e-05,6.431562e-05,2.8146763e-07,1.13801015e-07,3.446658e-05,6.025792e-08,7.3599516e-08,9.5794334e-08,6.602992e-09,4.120827e-05,5.772673e-07,8.778658e-05,1.3254172e-05,3.835604e-06,3.7132043e-07,2.2006587e-05,2.724726e-07,1.8484621e-06,8.3262785e-07,2.6565625e-05,0.001333262,6.6326844e-05,1.4275439e-06,5.869342e-07,3.4221078e-08,8.0160066e-07,1.5013197e-09,1.6268377e-06,3.8214257e-08,3.0554068e-07,1.7482552e-08,0.00012175638,8.498615e-09,3.5107876e-06,2.660483e-08,6.270324e-06,8.494454e-08,9.24412e-06,1.2514952e-06,5.409745e-06
BC2026_Train_0028_S22_20211129_190000_030,1.6800833e-10,5.001983e-08,8.102265e-08,7.6323995e-05,4.434041e-11,4.066946e-09,2.4736628e-09,5.3718486e-07,0.00041307544,0.016615305,0.08969432,2.0761962e-07,4.0541206e-09,4.8192356e-10,8.9930396e-08,0.14125767,5.928318e-09,3.1981695e-11,0.002805918,1.3710362e-08,1.1401964e-08,0.0016080866,2.3592865e-07,3.998576e-06,6.626078e-05,9.983036e-09,0.000881224,3.6711544e-08,2.138693e-07,0.00016177933,2.4972968e-07,9.997903e-08,3.301966e-07,7.6721375e-07,1.3435391e-07,6.667971e-08,1.0122164e-07,8.162121e-08,8.444054e-08,3.912302e-08,1.3475172e-05,5.8808073e-08,1.6475473e-06,3.931166e-08,4.5679176e-09,3.8719823e-09,1.5381374e-08,1.44391885e-08,7.899566e-09,1.6718598e-08,8.949214e-09,4.0548085e-09,3.758047e-09,6.4586197e-06,2.673032e-07,1.521084e-09,4.435173e-08,0.041256648,2.1386912e-09,2.4550973e-08,6.556422e-05,1.495203e-11,0.00019641792,0.012925705,1.4826054e-06,7.3126803e-06,2.7560525e-08,7.734443e-10,1.0947282e-10,4.3495315e-06,4.743893e-11,1.1773525e-09,5.865627e-08,5.5263715e-08,1.9099096e-09,5.5436374e-07,6.388235e-06,4.0792374e-06,9.385609e-06,1.9476956e-07,4.0832423e-05,1.0762884e-08,8.759375e-06,5.9248024e-09,6.788134e-08,7.84746e-08,1.3120995e-09,1.7355871e-06,2.1827462e-05,2.2851272e-07,4.024871e-06,1.4128998e-06,4.3886796e-08,3.1989072e-07,1.4609715e-05,2.3916957e-07,1.17920536e-07,2.5806594e-06,4.300792e-07,4.5461343e-07,2.0655946e-07,5.1162813e-10,1.4542647e-07,0.0001518063,6.104808e-05,6.6209776e-07,1.8824233e-09,1.2052673e-10,1.873706e-07,3.3580109e-06,5.555591e-09,1.6251337e-06,2.6486895e-09,1.8463178e-08,1.1187146e-06,2.799609e-06,8.1673437e-07,1.3838523e-07,1.11810714e-07,4.4187118e-07,4.353306e-08,1.2326356e-06,1.0233929e-06,2.70025e-05,1.7200375e-07,1.4386782e-07,1.4094523e-05,3.22295e-06,1.1531379e-07,1.91501e-06,3.692721e-08,8.480991e-05,5.1248006e-09,2.0817475e-07,2.6729833e-07,8.433681e-10,5.3520926e-06,5.9877306e-07,5.8594775e-08,2.8164235e-05,5.000275e-08,7.0369373e-09,2.1173145e-08,1.572939e-06,1.6925262e-06,4.022864e-08,2.8623484e-07,1.9573095e-07,9.165965e-06,5.995885e-07,1.4375507e-07,8.857786e-08,9.1915007e-07,9.561195e-07,2.6285476e-05,2.4105486e-06,1.8566789e-08,2.3893434e-09,1.9838606e-05,5.534523e-09,7.2859216e-09,3.8923845e-06,3.0346428e-08,9.303969e-06,1.7609928e-08,5.7461468e-05,1.5544758e-07,6.583215e-08,9.793313e-08,7.2110123e-07,3.6382236e-05,8.4563034e-08,8.895691e-09,1.9998828e-07,3.7916225e-06,1.8709562e-07,5.1278604e-09,2.098079e-07,2.0138727e-06,1.1729384e-06,3.950564e-07,5.574432e-09,0.00015147752,9.1384926e-08,2.8193206e-06,1.5835956e-06,1.7319987e-08,4.751539e-06,1.7065788e-07,2.558034e-05,2.155351e-08,1.2132175e-06,6.712019e-08,7.588542e-07,2.8852384e-05,4.6158417e-05,1.4899035e-06,5.989525e-08,3.858784e-05,6.8096186e-09,1.653163e-07,8.2748265e-08,5.494614e-10,1.2487221e-06,1.7447247e-06,6.6363414e-06,6.152261e-07,5.5418724e-07,8.846525e-08,1.13017995e-05,1.7467926e-07,1.3931482e-07,4.8784386e-07,1.3149975e-05,0.000103175196,1.1410042e-05,4.003662e-06,9.93902e-08,4.7247564e-08,1.1362468e-07,9.576154e-10,4.5755763e-07,6.390791e-08,2.274651e-08,2.609093e-09,1.8051629e-05,5.2955325e-09,1.1407118e-06,3.7142486e-10,8.703295e-06,2.7954199e-08,2.0243322e-06,1.1723911e-07,6.973965e-07
BC2026_Train_0028_S22_20211129_190000_035,1.3138262e-11,1.318407e-08,7.009436e-09,5.1664327e-05,2.4240715e-11,2.834374e-10,5.7909997e-09,2.2377426e-07,0.0001840292,0.17077495,0.104305305,5.166347e-07,2.038147e-09,4.8630284e-11,1.7375179e-08,0.033236366,1.06405365e-08,5.8566164e-12,0.0025935734,1.6313662e-08,3.5595473e-09,0.00402492,3.9315342e-08,4.0560126e-06,5.4117527e-06,1.8604214e-09,0.0018980437,5.2173523e-09,1.22038335e-08,2.7001366e-05,3.96474e-07,1.0551551e-08,2.5165278e-07,5.9853613e-07,9.954102e-08,1.3277796e-08,1.6495449e-08,1.3022545e-08,1.7851632e-07,1.4569989e-08,2.9303657e-05,4.8569824e-08,1.9094314e-06,4.5076787e-09,5.774893e-10,5.054717e-10,5.401513e-09,3.5684458e-09,2.2526394e-09,3.134718e-09,5.1691043e-09,3.315567e-09,2.6088294e-09,1.631513e-05,7.68749e-08,3.189801e-10,4.0906293e-08,0.054412194,9.924916e-10,2.1483193e-09,4.4408316e-05,8.977426e-12,0.0001224537,0.028059626,2.2232173e-06,7.1977984e-06,4.795636e-09,1.323538e-10,1.3297424e-10,4.8174667e-07,7.808446e-12,3.6367902e-11,5.705026e-09,1.210316e-08,4.6651666e-10,8.949747e-08,1.0159054e-06,7.8200924e-07,2.2374054e-05,4.5804658e-08,1.5624477e-05,1.1948442e-09,5.5382213e-07,1.6207367e-09,6.599303e-09,6.949243e-08,5.6735106e-10,2.937342e-07,3.1174366e-06,7.632498e-08,1.6280578e-06,1.1800064e-07,1.7265235e-08,2.0550961e-07,4.2821603e-06,9.217196e-08,4.9555915e-09,4.835639e-07,6.660777e-08,6.591871e-08,2.3541908e-08,4.817129e-11,9.559046e-08,0.00015069135,3.7244128e-05,2.4185385e-07,1.5404525e-10,5.876986e-11,1.9408457e-08,1.6368367e-06,1.482211e-09,6.387275e-07,4.7638804e-10,2.213713e-09,1.49057e-07,8.212935e-07,1.5181608e-07,1.3950267e-07,3.061765e-08,3.6225e-08,3.7919982e-08,1.6895896e-07,2.0896323e-07,5.554218e-06,1.6120465e-08,2.397402e-08,6.766972e-06,4.1129854e-07,1.1991325e-08,1.2420758e-06,6.221196e-09,2.675624e-05,4.151985e-10,2.0416966e-08,2.6069435e-07,5.720714e-10,5.592225e-06,4.416685e-08,1.5910821e-08,4.1582766e-06,1.1692519e-08,2.5881866e-09,8.742373e-09,6.189443e-07,4.1234634e-07,5.7911427e-09,4.4249816e-08,1.3242519e-07,1.9639579e-06,2.2078198e-07,3.2803932e-08,3.8443355e-09,7.6785064e-08,6.145882e-08,1.2822528e-06,7.4860975e-07,3.1919325e-09,2.4908856e-10,7.7925546e-07,7.385595e-10,1.7068247e-09,6.0191866e-07,1.3606184e-08,7.6829735e-07,1.8564726e-09,2.028432e-05,9.393519e-09,7.699373e-09,5.5927735e-08,9.562802e-08,3.302019e-05,1.4170661e-08,7.901251e-10,8.540136e-08,4.60676e-07,4.5750784e-08,1.5276025e-09,2.9210552e-08,3.1069902e-07,9.918076e-08,7.4410146e-08,5.5692534e-10,1.4043792e-05,1.570654e-08,2.9459036e-07,2.9489675e-07,6.3309757e-09,5.348079e-07,4.341274e-08,8.6223095e-05,1.0511097e-08,7.775363e-08,3.5467473e-08,6.45251e-08,6.3553725e-06,1.2578244e-05,8.11012e-08,1.5590523e-08,5.2842533e-06,5.693438e-09,1.2033115e-08,1.31232545e-08,7.566116e-11,4.1499032e-07,3.3177827e-08,2.4503781e-06,5.693364e-08,1.5436619e-07,1.2868446e-08,6.1807586e-06,4.7851398e-08,4.0697568e-08,2.6571797e-07,2.5854824e-06,8.6155465e-05,3.993138e-06,6.326138e-07,1.4230521e-08,3.924422e-09,4.2159662e-08,6.0528756e-11,2.260069e-07,6.9506845e-09,9.8154125e-09,3.9731274e-10,2.9130936e-06,4.1996212e-10,2.1612529e-07,1.0802257e-10,9.681171e-07,2.0389128e-09,7.6457985e-07,3.5317882e-08,4.967129e-07
BC2026_Train_0028_S22_20211129_190000_040,1.03599164e-10,3.4067912e-07,1.01663744e-07,0.0009570938,4.8449928e-11,2.3862577e-11,2.0205666e-09,2.7285876e-07,7.807203e-06,0.7507081,0.90114236,4.1789967e-06,1.386577e-10,1.8929357e-10,1.11899894e-07,0.0018695935,3.7710592e-08,1.4690761e-12,0.0004953541,1.1127709e-08,1.7248342e-09,0.0017212082,1.1637985e-08,1.9469711e-05,6.4354645e-06,8.6078156e-10,0.0037891187,1.2142097e-08,8.133073e-09,3.219473e-05,7.0370725e-06,1.36400935e-08,2.9850946e-06,2.2573665e-06,5.284427e-07,2.3109301e-08,5.454284e-08,3.002259e-08,3.057904e-06,4.3506333e-08,0.00015484795,6.5554224e-07,8.6152895e-06,4.5945687e-09,2.986215e-09,2.9523648e-09,1.2273468e-08,1.824616e-08,4.746007e-09,4.3385575e-09,3.104049e-08,2.2047766e-08,1.701787e-08,0.00022572174,1.5297762e-07,9.910105e-10,1.6428967e-07,0.15589765,6.255556e-10,2.484499e-10,4.5279354e-05,2.8354272e-11,5.4185042e-05,0.0057383426,2.5755548e-06,6.20053e-06,1.6178806e-08,9.158896e-11,8.227088e-10,1.860964e-06,2.5913206e-11,7.104889e-11,1.4970228e-08,5.604317e-08,7.555927e-09,1.0283172e-07,3.7935934e-06,1.3412939e-06,4.7537283e-06,1.8322787e-07,4.212709e-06,1.2625584e-09,6.86777e-06,1.3790871e-09,1.23673e-08,1.4262835e-07,3.5488368e-09,8.1028276e-07,4.89891e-06,8.406242e-08,4.5983586e-07,4.2060952e-07,3.617163e-08,3.1436716e-07,1.5078735e-05,6.4166976e-08,4.0940947e-08,9.5245184e-07,1.0559186e-07,2.443988e-07,1.7039801e-07,8.523412e-11,3.2135597e-07,0.00018483443,1.2371873e-05,9.27789e-08,1.5968113e-10,7.957892e-10,1.7053937e-08,1.5287859e-06,3.8127674e-09,7.581236e-07,3.1436513e-09,1.7682323e-08,3.8329085e-07,8.5424386e-07,2.3586838e-07,2.174107e-07,7.464726e-08,4.3361774e-07,5.0066497e-08,3.027729e-07,5.469906e-07,5.4263937e-06,9.82772e-09,4.3965468e-08,3.4587024e-06,1.0080419e-06,1.8437488e-08,2.0482082e-06,3.3778946e-07,1.5500244e-05,1.2907869e-09,1.6128277e-08,1.13578956e-07,4.9381077e-09,5.903367e-07,1.3435186e-07,3.9090718e-08,1.31988345e-05,6.098287e-08,2.2188151e-09,3.479852e-08,1.2977549e-06,2.5955003e-06,2.2971815e-10,1.7927003e-07,9.4372206e-07,2.8646173e-06,3.6246502e-07,1.3804037e-08,2.9444989e-08,1.0430253e-06,5.320563e-08,1.693135e-06,1.937504e-06,5.3645715e-09,4.9956944e-10,6.233497e-07,1.2606309e-09,1.1419702e-08,8.814075e-07,1.6980389e-08,7.5250526e-08,2.1035107e-09,1.7270677e-05,3.8134964e-08,1.9980027e-08,1.4262521e-07,1.9483294e-07,2.1649341e-06,1.1139606e-07,5.8255307e-09,1.2318725e-07,3.879059e-07,1.8340472e-08,1.3084115e-08,5.6436516e-08,5.8870853e-07,6.868779e-08,3.6081917e-07,8.986464e-10,1.5465013e-05,1.4149919e-08,1.8431339e-06,1.0723178e-07,1.3168789e-08,1.5393694e-06,1.3472024e-07,1.3529591e-06,9.892797e-08,1.3697314e-06,2.2916652e-08,6.660853e-08,9.43468e-06,4.8840016e-06,1.7716494e-07,1.8680959e-08,1.3150701e-05,1.205002e-08,6.3529915e-09,2.2711438e-08,5.742666e-10,2.283794e-07,9.1365756e-08,5.1607217e-06,4.5485672e-07,4.322643e-08,7.255333e-08,3.048377e-06,1.2960991e-08,1.02378664e-07,5.630202e-08,2.371937e-06,8.982937e-05,4.181401e-05,6.63353e-07,2.4641986e-08,3.5190102e-09,4.203953e-08,8.251064e-11,2.3487578e-07,3.5561412e-09,3.965068e-08,4.2067665e-09,5.3948716e-06,1.4151397e-09,2.65086e-07,3.726077e-10,3.7673794e-07,2.3425082e-09,2.0637488e-06,3.4028808e-08,1.961762e-06
BC2026_Train_0028_S22_20211129_190000_045,4.525146e-10,1.1883815e-07,4.4416065e-08,0.002592303,1.1954204e-10,7.5261647e-10,7.3596645e-10,2.8641833e-07,0.00055723224,0.2271293,0.7338348,2.7047034e-07,7.876232e-09,2.4624672e-10,2.6424543e-08,0.36587176,3.3556816e-08,1.0189301e-11,0.0021752487,3.8151043e-08,3.2127254e-08,0.016351359,1.2603749e-07,1.7410579e-06,0.0001358195,1.96113e-08,2.0949386e-05,2.0965149e-07,2.7723763e-07,0.00014248809,1.7010186e-07,7.482688e-08,1.7543252e-07,1.0936802e-07,9.817813e-08,2.2829834e-08,7.5509895e-08,1.5520829e-08,7.012769e-08,5.9527587e-09,2.0699144e-06,2.699464e-08,5.4054163e-07,3.0212906e-08,3.40766e-09,2.2642308e-09,5.4053984e-09,1.2390982e-08,2.4197688e-09,3.8730015e-09,4.6469193e-09,2.5608307e-09,2.4467188e-09,2.0520208e-06,6.225614e-08,1.26278e-09,2.1475164e-09,0.15093651,3.255981e-09,5.045927e-08,0.002761697,7.913218e-12,0.0003148681,0.06746203,9.680565e-06,1.4437268e-06,8.873209e-08,3.1141625e-10,3.0297875e-10,6.6007296e-06,9.9552215e-12,3.6160072e-10,2.2001517e-08,1.52157e-07,4.3180073e-10,7.4025314e-07,1.2286206e-05,2.821739e-06,3.19421e-07,1.717577e-07,2.9487948e-05,3.5760837e-09,1.2267192e-06,3.808879e-09,4.0932676e-07,7.402102e-08,3.3921097e-09,2.289873e-06,1.9658994e-05,4.9531078e-08,4.913068e-06,1.472453e-06,3.0563445e-08,3.5710327e-06,4.742226e-05,3.7811074e-07,5.435351e-07,1.2004573e-06,1.3931839e-07,5.434859e-07,1.2853599e-07,1.4350691e-09,3.4685453e-07,0.00027181982,0.00010689195,6.875923e-08,3.1151487e-10,2.0894184e-10,3.2340782e-08,4.950964e-07,1.0982555e-08,1.0267411e-06,4.4751087e-09,1.419076e-08,1.7722372e-06,1.373699e-06,1.8598747e-07,1.7899016e-08,1.4734053e-07,1.2565216e-06,1.3272269e-07,4.1537757e-07,1.9910188e-07,9.848645e-06,1.3280295e-07,1.3724123e-08,4.129239e-06,9.0651866e-07,7.2777304e-08,3.3410174e-06,8.886298e-07,1.9295278e-05,7.001539e-09,2.4986063e-08,6.984403e-08,4.38302e-10,2.7309488e-06,7.576292e-07,1.4025062e-07,8.2179555e-05,1.4537012e-08,5.7096416e-09,1.4343582e-08,1.5314154e-07,4.658841e-06,5.0987774e-09,4.123908e-08,2.5932957e-06,3.543757e-05,7.997268e-07,3.8566313e-08,3.5153568e-07,9.0892433e-07,3.0388605e-07,5.977866e-07,1.1428123e-06,2.1620243e-09,1.1716892e-09,2.0806235e-06,4.37221e-09,3.719186e-08,1.6891191e-06,4.5932563e-08,2.0006528e-06,8.963667e-09,0.00015209218,7.183756e-08,4.4544684e-08,1.0702496e-08,3.7021934e-07,5.7407163e-07,5.468618e-08,2.4664168e-09,6.0531725e-08,5.01301e-07,7.487413e-08,8.932707e-09,5.204961e-07,7.1561374e-07,7.167127e-07,4.4647692e-07,7.947804e-10,2.3354409e-05,1.0557168e-08,3.2004832e-06,4.836428e-07,7.7566815e-09,5.6968306e-06,1.3431895e-07,1.0654377e-06,7.1357825e-08,8.093303e-06,1.7377371e-07,5.290952e-07,1.9921912e-05,7.3430865e-06,9.402396e-08,7.1236355e-09,9.45189e-06,2.1744724e-09,1.033498e-08,8.8367436e-08,2.3942828e-10,6.056805e-07,7.0960544e-07,7.645283e-06,4.9764644e-06,5.465447e-07,4.469225e-08,7.4240876e-07,1.5612573e-08,3.3276604e-07,2.2120512e-08,1.0771872e-05,0.0005052436,7.644236e-05,1.2136847e-07,8.3526366e-08,2.3429607e-08,2.4930033e-08,1.2618236e-10,7.456459e-08,6.968924e-09,8.493884e-09,1.9786903e-09,1.0228747e-05,1.8439483e-09,1.512913e-06,1.5355359e-10,2.1282056e-06,9.424907e-09,1.4319904e-06,7.518395e-08,8.4784915e-07
BC2026_Train_0028_S22_20211129_190000_050,3.8261897e-11,1.288041e-07,7.053859e-08,6.4885884e-05,3.4884266e-11,8.7012245e-11,2.851717e-09,4.7664483e-07,7.657734e-05,0.29444045,0.38644406,1.4516032e-06,1.1897655e-10,1.2201472e-10,6.3702004e-08,0.012253349,3.0755665e-08,1.4911807e-12,0.0019509612,6.44258e-10,1.0360455e-09,0.001471654,3.0956766e-08,4.079735e-06,1.0256292e-05,9.2947783e-10,0.0068189087,1.3741227e-08,8.068319e-09,3.848285e-05,6.4951956e-07,1.2908713e-08,6.082517e-07,3.8155596e-07,1.2754033e-07,1.20611725e-08,2.9093952e-08,2.0624052e-08,3.198096e-07,7.887747e-09,4.541181e-05,8.993245e-08,1.3170305e-06,4.7784705e-09,3.9380899e-10,3.9846704e-10,4.3342894e-09,6.5761334e-09,2.8043907e-09,4.6452264e-09,3.8816617e-09,2.3555642e-09,1.8263316e-09,2.3753077e-05,3.830416e-08,1.6856008e-10,6.967265e-08,0.05060416,6.0323635e-10,8.0636997e-10,2.635558e-05,5.776804e-12,3.804538e-05,0.0065083285,2.7267356e-06,2.790477e-06,5.6667755e-09,1.9352167e-11,6.217812e-10,1.7496617e-06,3.7065095e-12,3.6840492e-11,3.511342e-08,3.4062253e-08,7.9769635e-10,1.3732652e-07,2.1175908e-06,1.0125403e-06,1.3536002e-05,8.708061e-08,1.5234566e-05,1.9748032e-09,1.1699254e-06,2.2065214e-09,1.8864824e-08,6.7974106e-08,9.338136e-10,2.837967e-07,6.022102e-06,9.881745e-08,1.7662038e-07,5.8854795e-07,3.3324962e-08,3.211121e-07,1.8582858e-05,2.5529848e-08,2.6908998e-08,2.7348715e-06,4.624807e-08,1.5911829e-07,3.340827e-08,8.3738405e-11,6.778521e-08,0.0003191476,8.492132e-06,8.9268504e-08,8.081125e-11,7.1723676e-11,1.3188748e-08,1.2350808e-06,2.3225768e-09,2.042486e-07,2.5337238e-10,7.212337e-09,3.0321905e-07,1.5440066e-06,2.3249699e-07,3.630798e-07,6.597078e-08,2.1323734e-07,9.312852e-08,7.5411016e-08,5.4469905e-07,8.733926e-06,2.4119826e-08,4.123459e-08,1.19043425e-05,2.9746545e-07,5.2268447e-09,2.1488672e-06,1.2671904e-07,1.7842245e-05,2.5495095e-09,5.8675624e-08,4.5626433e-07,1.1955921e-09,1.3121374e-06,2.7943807e-08,1.3564361e-08,1.9100862e-05,2.3607289e-08,1.5007415e-09,6.0868492e-09,7.419451e-07,2.7749895e-06,2.2473168e-10,4.5260574e-08,9.787334e-07,3.0063932e-06,1.5957006e-07,8.896985e-08,9.879291e-09,3.6692268e-07,5.0093153e-08,1.9312595e-06,2.2226704e-06,3.6255328e-09,4.5212212e-10,2.8034272e-06,2.1330733e-09,2.3052278e-09,5.8753346e-07,1.7670962e-08,1.3252588e-07,3.4926175e-09,2.0780672e-05,2.0796874e-08,1.0527649e-08,1.1598977e-07,3.6190232e-07,9.465954e-06,3.2312542e-08,1.1127979e-09,4.7483994e-08,9.303005e-07,2.0829662e-08,8.397729e-09,2.2915122e-08,5.5024225e-07,1.0429919e-07,1.3416673e-07,9.669686e-10,6.542208e-05,6.7449477e-09,4.4421958e-07,3.0302652e-07,8.454994e-09,2.4108133e-06,1.5758301e-08,9.713042e-06,1.8030939e-08,2.3469578e-07,1.3015908e-07,9.498759e-08,1.1884458e-05,2.6512362e-06,1.0103723e-07,3.190808e-08,1.636133e-05,8.822072e-09,1.0026277e-08,7.4241138e-09,3.557462e-10,3.4491296e-07,9.352102e-08,5.4142874e-06,4.904375e-07,4.8438274e-08,2.0167365e-08,1.2723549e-05,3.8195527e-08,1.01723494e-07,1.9951128e-07,4.6443924e-06,4.1322943e-05,5.5345745e-06,4.1190185e-07,5.5030842e-08,2.9059273e-09,5.5445735e-08,2.7485415e-11,2.7612992e-07,4.8188795e-09,5.737361e-08,2.1320767e-09,2.887751e-06,3.829711e-10,4.291201e-07,8.3929697e-10,1.2942683e-06,2.0248758e-09,1.3248472e-06,3.673277e-08,6.42334e-07
BC2026_Train_0028_S22_20211129_190000_055,6.552978e-10,3.2884716e-07,5.241843e-08,0.0008625162,3.2903597e-10,1.985215e-09,5.6713095e-08,6.761256e-07,0.00021914682,0.6715176,0.5633175,6.0331904e-06,2.726328e-09,1.0101017e-09,3.6320554e-07,0.058780037,1.5378932e-07,2.4165144e-11,0.014052583,4.5584677e-08,3.4550315e-08,0.03761781,8.515088e-08,5.9529728e-05,9.063379e-05,2.0834989e-08,0.0087346425,6.591041e-08,4.077114e-08,0.00012554947,5.688719e-06,6.591783e-08,3.5036333e-06,4.5219945e-06,1.3536095e-06,7.6319004e-08,9.909037e-08,1.01800744e-07,2.6625016e-06,1.1355178e-07,0.00022183497,9.1883453e-07,2.816233e-05,2.5041405e-08,6.634009e-09,6.1341208e-09,5.834473e-08,5.4958353e-08,2.837585e-08,3.405582e-08,1.0283781e-07,7.1590264e-08,5.981054e-08,0.00018524552,4.568164e-07,2.8123988e-09,4.814826e-07,0.17537092,1.9524373e-08,2.7455e-09,0.00026142225,2.3046946e-10,0.00015226776,0.036542308,2.5390551e-05,4.0677933e-05,3.7818783e-08,9.2529623e-10,9.929617e-09,1.6871463e-05,6.0368835e-11,2.2548345e-10,7.244008e-08,9.7825975e-08,6.9408013e-09,2.8327779e-07,4.141165e-06,3.1558961e-06,1.43974485e-05,6.2276087e-07,3.3671462e-05,1.041139e-08,4.4462486e-06,1.3009888e-07,9.641243e-08,3.1228834e-07,3.810673e-09,2.9060564e-06,1.924898e-05,3.4327547e-07,4.693317e-06,7.0339604e-07,1.3743382e-07,1.3696608e-06,6.124026e-05,7.5002544e-07,1.5605866e-07,2.3136217e-06,2.7796062e-07,5.0626824e-07,2.0431405e-07,7.0689904e-10,4.7598525e-07,0.0007697308,4.036208e-05,3.655058e-07,1.3342374e-09,2.4415676e-09,6.499076e-08,2.910511e-06,1.2473858e-08,1.8426732e-06,7.575929e-09,1.7307835e-08,9.231506e-07,2.2452423e-06,1.6088478e-06,2.1452224e-06,1.5327318e-07,7.2155933e-07,2.4673244e-07,7.5203303e-07,1.0682121e-06,2.747861e-05,1.14733815e-07,2.9514072e-07,2.4357942e-05,7.420824e-07,4.6615508e-08,4.813701e-06,2.7261635e-07,6.598302e-05,1.9451447e-08,1.0017508e-07,3.4914711e-07,1.377416e-08,7.5504436e-06,2.7515412e-07,8.678248e-08,3.3990993e-05,1.7581775e-07,7.565489e-09,8.581398e-08,3.8147227e-06,4.650443e-06,1.4420143e-08,2.6720815e-07,6.798876e-06,5.716079e-06,9.35854e-07,1.4944429e-07,4.9953943e-08,1.1785145e-06,2.4239256e-07,6.5518116e-06,2.1086694e-06,1.0681878e-08,2.3270776e-09,4.2874644e-06,6.005766e-09,4.570221e-08,1.7995451e-06,1.268679e-07,8.482794e-07,1.3714232e-08,0.00011614993,2.0314714e-07,6.3752445e-08,3.1999355e-07,8.5069286e-07,1.689294e-05,3.0514437e-07,1.3139509e-08,2.5817172e-07,2.4748708e-06,2.1286125e-07,4.3517698e-08,1.1098398e-07,1.5810948e-06,5.9701233e-07,3.3277206e-07,2.721086e-09,6.0781218e-05,2.4593156e-08,4.384155e-06,8.1399736e-07,6.582423e-08,3.387257e-06,2.1267802e-07,3.279962e-05,5.5480434e-08,9.1032274e-07,2.1662342e-07,2.024555e-07,2.5158224e-05,1.8727247e-05,1.6849056e-07,1.06784796e-07,5.1805528e-05,6.681173e-08,3.1438027e-08,6.048637e-08,7.8627793e-10,1.1511484e-06,8.553667e-08,7.779191e-06,9.174108e-07,1.6825852e-07,1.3874507e-07,1.9370038e-05,1.285171e-07,4.0155473e-07,1.2934365e-06,1.004426e-05,0.000119763026,3.2414413e-05,2.2559957e-06,1.4504985e-07,1.3244862e-08,2.3783964e-07,4.3763956e-10,7.2304306e-07,8.558383e-08,1.1467956e-07,3.913121e-09,8.9476625e-06,2.4032976e-09,1.6946631e-06,5.150209e-09,2.3222162e-06,2.3937602e-08,9.56118e-06,2.1095653e-07,1.4783783e-06
BC2026_Train_0036_S22_20211224_234500_000,5.2185114e-11,6.880986e-07,2.433749e-07,1.962533e-05,2.0254762e-07,5.4875922e-08,1.8252218e-08,5.9382455e-07,0.0020387734,5.669152e-05,5.2309253e-05,7.6721597e-07,5.8642486e-09,2.360963e-08,1.5153041e-07,0.9995035,3.384795e-08,7.436794e-10,0.9999442,1.6608492e-06,5.401265e-06,0.9996687,4.864993e-06,3.2123586e-07,0.0060465136,2.9146552e-08,3.41558e-05,1.2041887e-08,2.0463233e-09,1.3916745e-06,2.2400268e-08,5.35714e-08,2.968454e-07,7.787029e-08,3.2782975e-08,5.0678228e-08,4.124834e-09,6.1070516e-08,2.6917773e-08,3.5089585e-08,1.3790059e-06,2.4744189e-08,2.1715894e-07,1.9976634e-08,2.7990907e-08,2.2660986e-08,5.1163596e-07,7.971176e-08,3.6638866e-08,1.0800624e-07,1.165549e-08,8.3546725e-09,1.5905936e-08,1.8420077e-07,9.361245e-07,1.4783555e-07,8.26997e-11,0.39631796,1.1483979e-07,4.704524e-08,0.5689863,3.0859717e-09,1.5267813e-05,0.99978167,0.9836294,7.2161492e-06,1.3840015e-07,2.3668107e-08,3.2789696e-10,1.9187632e-06,1.735892e-11,1.0605808e-08,2.2078325e-07,9.691067e-06,8.374436e-10,2.8763176e-07,9.125029e-08,9.043676e-06,2.6372862e-07,1.245425e-07,4.2999614e-05,3.988123e-07,4.3294213e-07,2.5723563e-07,2.6886275e-07,9.409317e-09,2.981888e-10,3.4841202e-07,4.649817e-07,1.527802e-07,1.0097988e-05,6.444786e-07,3.8859895e-08,6.660777e-06,9.549789e-06,6.5921466e-07,3.8286704e-08,1.0816545e-06,4.48793e-06,1.9589597e-05,4.085623e-08,1.4233508e-08,5.096752e-06,0.00010088068,1.5497835e-05,1.8160024e-06,1.8620261e-09,1.1823583e-07,3.0102984e-07,4.3635143e-08,1.809316e-06,1.0700998e-05,2.3382496e-09,3.5016512e-08,8.4091266e-07,2.5377676e-07,2.6372635e-07,4.1879235e-07,4.752892e-09,1.1148293e-05,1.1140364e-06,5.332864e-06,2.2144562e-07,6.7614616e-05,8.410267e-08,2.0589443e-06,1.270395e-06,3.824638e-06,3.4307118e-10,6.840102e-06,1.1062091e-07,4.721829e-06,4.7584498e-07,5.6442116e-07,9.395405e-08,1.1572084e-07,4.0889354e-06,1.363562e-08,1.09668346e-08,8.275446e-06,4.662439e-09,3.498067e-07,5.143163e-08,8.8482784e-07,9.916303e-07,3.7545668e-08,9.431329e-07,1.5638986e-07,3.0580982e-09,3.360151e-06,2.7582277e-07,2.0514207e-07,5.297252e-08,7.076994e-09,9.974405e-07,1.0624621e-07,3.3693344e-09,7.84734e-08,2.8661912e-08,6.20717e-07,1.9510972e-08,9.4081696e-07,3.5745427e-09,8.682569e-08,5.418076e-08,5.4808e-06,1.3154435e-07,4.2802841e-07,5.58366e-08,1.2939288e-06,2.705516e-06,1.0273213e-07,2.713835e-09,4.5203867e-09,2.6652744e-05,1.5396159e-06,2.61672e-07,2.228366e-07,7.978514e-07,3.1145096e-06,3.2698054e-07,3.7839962e-10,4.895071e-06,3.8814497e-07,6.352346e-07,6.595314e-09,6.2016827e-09,7.612955e-07,6.570027e-09,1.9147613e-08,2.5748153e-07,3.483625e-07,6.7484766e-06,4.495605e-07,6.2612673e-07,3.6347928e-06,2.440289e-07,3.4314613e-08,1.2727567e-05,1.2356876e-06,1.7917672e-07,1.5318813e-07,6.33353e-11,6.7855055e-08,7.8053847e-07,6.3847388e-06,4.1305796e-07,1.1332626e-06,1.267288e-08,3.3608144e-06,1.5995539e-06,7.288604e-06,1.024875e-07,3.1378624e-06,1.5527557e-06,0.00011608384,2.2582937e-07,5.0712595e-07,3.502132e-08,5.9196536e-06,1.8848835e-10,2.9362607e-07,1.3071312e-07,1.2721381e-09,2.229004e-09,0.0001427771,1.4695252e-07,2.5794486e-06,1.6712988e-08,7.7457213e-07,2.0068893e-09,8.528133e-06,2.015083e-08,6.162385e-07
BC2026_Train_0036_S22_20211224_234500_005,2.0767192e-11,1.713925e-07,1.7458167e-07,6.990892e-06,3.1727362e-07,6.9720244e-08,2.4938023e-08,6.619368e-07,0.0019736746,8.657665e-06,7.699743e-05,3.9491212e-07,4.103208e-09,6.8422845e-09,1.80884e-07,0.99968183,1.2978994e-07,4.0248097e-10,0.99983263,1.2081381e-07,1.5985024e-05,0.99953103,4.391139e-06,2.013186e-07,0.0006170374,7.900939e-09,3.2339972e-06,1.0586386e-08,4.2339804e-10,3.5541232e-06,5.768797e-09,1.23500925e-08,9.026739e-08,5.3968918e-08,1.0378379e-08,1.44955905e-08,4.588716e-10,6.631263e-09,1.1376895e-08,7.912776e-09,4.3936046e-07,8.20135e-09,5.9145307e-08,3.4389416e-09,3.5008012e-09,2.7317624e-09,4.9930797e-08,1.4233154e-08,4.8162696e-09,1.3969419e-08,2.5185476e-09,1.5669637e-09,3.5978678e-09,1.1659041e-07,1.2172397e-07,6.9645814e-08,1.12438246e-10,0.271856,1.1424413e-07,2.6929487e-07,0.09202418,1.5362427e-09,4.9163402e-05,0.99851435,0.92264813,7.394621e-07,4.8107545e-08,5.0680105e-10,2.6316287e-09,5.1978475e-07,2.2705383e-11,5.966968e-09,1.3470419e-06,6.1209853e-06,3.8501746e-10,3.109774e-07,4.198072e-07,2.212517e-06,6.813902e-07,6.5132775e-07,5.9446385e-05,6.913441e-08,1.3162194e-06,7.860388e-08,1.5600465e-07,4.988853e-08,5.326399e-09,3.96305e-07,2.22957e-06,5.148154e-07,4.3340747e-06,2.702406e-06,1.0837662e-08,8.143885e-06,2.8148046e-05,4.4111667e-07,1.933187e-08,2.7753123e-07,3.534266e-06,6.6996136e-06,1.3357583e-08,9.5352055e-09,3.443087e-05,3.5138604e-05,1.0444006e-05,6.7428147e-07,1.5282496e-09,2.5988877e-08,7.824971e-07,1.6961653e-07,2.998253e-06,2.8369699e-05,1.2048267e-09,1.2216316e-08,1.2665505e-06,3.554926e-07,8.297617e-08,1.7707676e-07,1.7836989e-08,4.041803e-06,3.557948e-07,5.3868307e-06,1.7565317e-07,2.8840914e-05,3.2360898e-08,1.257916e-06,1.0720995e-06,1.5707759e-06,8.4037655e-10,2.3656368e-05,2.2428148e-07,7.182726e-06,6.127026e-08,6.326047e-07,5.359552e-08,1.2997982e-07,2.4548924e-06,4.5355456e-08,1.1398397e-08,8.092788e-07,8.9870376e-08,3.668117e-08,9.185238e-08,1.2222526e-06,9.019029e-08,3.4481978e-08,1.6600367e-06,1.5047497e-07,5.539973e-09,1.5036311e-06,1.2720724e-07,2.8584884e-07,1.14522614e-07,5.1771556e-09,1.4112651e-06,2.449366e-07,1.0009266e-09,2.4789378e-07,1.2248111e-07,5.4054834e-07,6.7197923e-09,6.246923e-07,8.9009404e-08,1.06995195e-07,3.1663028e-08,0.000103722086,9.265139e-08,9.712172e-08,6.483599e-08,2.008056e-06,1.4449857e-06,4.9435947e-08,2.0650848e-09,5.5182583e-09,1.7399061e-05,1.3642417e-06,2.3066944e-07,2.3086419e-07,4.360288e-06,4.9467405e-07,1.1567929e-06,4.2396128e-10,8.845681e-06,3.759408e-07,1.1207575e-06,2.4299542e-08,4.080777e-09,1.1140036e-06,1.9035859e-08,4.6400224e-08,7.5516436e-07,2.7950824e-07,8.512049e-07,2.43734e-07,6.0150427e-07,1.3361946e-05,6.823625e-08,7.275992e-09,8.845715e-06,3.9235224e-06,2.963139e-07,3.4256413e-08,6.489924e-11,5.909202e-07,3.9514416e-07,2.2189895e-06,6.912479e-08,8.2495865e-07,4.7418265e-09,1.8547379e-06,8.975728e-07,4.218285e-06,1.0768495e-07,1.1414787e-05,1.0675222e-07,5.3013868e-05,2.5996766e-07,1.3240993e-06,1.0453001e-07,3.412906e-06,1.14053676e-10,3.8089428e-07,5.2376752e-08,7.629768e-10,1.1035807e-08,3.6186146e-05,2.7246971e-08,1.203588e-06,5.2837286e-09,5.385978e-06,1.2394025e-09,8.484975e-06,1.11662555e-08,7.315347e-07
BC2026_Train_0036_S22_20211224_234500_010,2.1059185e-10,1.824281e-07,1.7797558e-07,6.3199673e-06,4.0733028e-07,4.8967246e-07,1.6238354e-07,3.1798334e-07,0.0005218981,9.953634e-06,2.7406431e-05,4.336223e-07,3.148572e-09,2.3270566e-08,6.5307427e-07,0.99953365,1.8849651e-07,3.1746652e-09,0.9998727,2.5998304e-07,2.4847706e-05,0.9999155,2.904832e-06,3.257216e-07,0.0076167826,7.879601e-08,2.1949116e-05,4.4489827e-08,6.372309e-10,2.7170427e-06,6.26987e-09,9.587362e-09,6.0559444e-08,5.1711677e-08,1.0823883e-08,1.1023816e-08,8.510826e-10,6.871239e-09,9.495929e-09,5.491306e-09,5.307442e-07,8.383758e-09,6.627233e-08,2.6354061e-09,4.2021955e-09,3.243392e-09,3.9169905e-08,1.2823975e-08,3.956779e-09,1.4682863e-08,2.3109685e-09,1.4603229e-09,3.3141188e-09,1.3457628e-07,6.869041e-08,1.2141003e-07,1.3692551e-10,0.03744508,1.3939827e-07,4.6490808e-07,0.04747074,7.9057925e-09,3.9793194e-05,0.99746346,0.86992407,2.927757e-06,7.820325e-08,1.307314e-08,2.947865e-08,1.1885678e-06,7.681484e-11,7.810603e-09,1.7822032e-06,3.118213e-05,8.7986424e-10,7.3869387e-07,6.1738143e-07,7.6044234e-06,8.2760397e-07,1.8640598e-06,0.00021052385,4.3760127e-07,3.868253e-06,7.629366e-07,3.0632845e-07,1.1217983e-07,5.6163847e-09,3.4116974e-07,1.9634542e-06,1.3948168e-06,1.371392e-05,5.686414e-06,1.9785178e-08,2.7189244e-05,8.7542976e-05,8.719102e-07,5.7872366e-08,4.2426873e-07,1.2015617e-05,2.8803723e-05,3.5881992e-08,1.2147703e-08,3.5079476e-05,6.0708455e-05,2.225153e-05,6.9508985e-07,9.9253565e-09,1.09070534e-07,4.9883727e-07,2.8499113e-07,1.6339841e-06,3.8171114e-05,3.526536e-09,2.0142416e-08,5.999705e-06,6.751115e-07,3.7902345e-07,1.1867737e-06,2.8784244e-08,7.626968e-06,1.2594633e-06,1.2149162e-05,4.0944312e-07,6.554797e-05,2.2841577e-07,3.3392014e-06,5.2452415e-06,2.603386e-06,1.8853734e-09,3.155444e-05,3.3822883e-07,6.946756e-05,4.6005428e-07,1.0794699e-06,1.9581348e-07,2.3928754e-07,1.0996737e-05,1.1430068e-07,1.7546391e-08,1.7789039e-06,1.508129e-07,2.0681965e-07,3.3642863e-07,3.601808e-06,5.1823747e-07,1.1531223e-07,7.951283e-06,5.8787316e-07,1.3762079e-08,4.0472805e-06,3.7153933e-07,2.762766e-07,2.6045083e-07,2.215087e-08,1.7455634e-06,7.514832e-07,2.0992703e-09,1.5024025e-07,5.1619094e-07,7.573597e-07,9.555778e-09,1.0687818e-06,2.203926e-07,4.1871965e-07,1.6139484e-07,0.00019321998,8.3610587e-07,3.1844218e-07,2.3423759e-07,1.9339948e-06,1.978178e-06,1.2759604e-07,1.01673985e-08,8.4016225e-09,1.6318447e-05,7.968757e-06,2.2654951e-06,1.0676e-06,7.496725e-06,1.8533674e-06,9.632554e-07,2.7450378e-10,2.7990996e-05,9.0112366e-07,6.6699563e-06,4.8029975e-08,7.1426145e-09,2.7717415e-06,3.8116788e-08,7.534589e-08,1.0909482e-06,4.0818108e-07,5.1155484e-06,7.731271e-07,5.3188655e-06,2.1095397e-05,1.3972235e-07,1.8575609e-08,5.012771e-05,7.591287e-06,8.338651e-07,8.237898e-08,7.9541845e-11,1.9413271e-06,1.0206687e-06,3.6975043e-06,5.624009e-07,1.7275023e-06,1.02635545e-08,3.6795964e-06,5.42952e-06,1.0162445e-05,5.964268e-07,2.0129924e-05,2.6112383e-07,4.532416e-05,5.034488e-07,3.6721783e-06,5.4384724e-08,3.670648e-05,2.2528615e-10,4.4524003e-07,1.5037112e-07,7.4492157e-10,1.2180881e-08,4.0954328e-05,1.05948736e-07,3.918687e-06,2.5931639e-08,1.5103042e-05,1.962885e-08,3.2134365e-05,7.519586e-08,1.9024063e-06
BC2026_Train_0036_S22_20211224_234500_015,4.802993e-10,4.8414813e-07,2.4593066e-07,2.9924206e-05,6.921713e-06,3.0341403e-07,3.8820932e-08,4.5214156e-07,0.0033834227,1.4271397e-05,4.3736458e-05,6.0033005e-07,4.5283604e-09,2.4979393e-08,9.663483e-08,0.9991818,2.5107028e-07,2.73584e-09,0.99990416,3.2207976e-07,3.2376072e-05,0.9998709,2.2007487e-05,7.0635514e-07,0.015546793,6.336923e-08,4.818391e-05,1.1088047e-08,2.5677305e-10,1.3183488e-05,9.620737e-09,1.945204e-08,1.5388379e-07,1.13075636e-07,6.1388874e-08,1.2722309e-08,3.552643e-09,8.5796636e-08,2.3759428e-08,1.894675e-08,2.6413006e-06,1.8810102e-08,2.3607586e-07,4.5103614e-09,2.3150372e-08,2.1670415e-08,5.201398e-07,4.6362974e-08,3.036067e-08,1.7788818e-07,1.1110149e-08,7.0611645e-09,1.533091e-08,2.2221819e-07,3.1206056e-07,7.540238e-08,7.609258e-11,0.14976272,2.936101e-07,6.22191e-07,0.28183374,7.8467375e-09,9.485536e-05,0.99939835,0.92081714,6.717053e-06,1.057041e-07,5.3134106e-09,1.8485235e-08,3.2404184e-06,1.03433706e-10,2.1290301e-08,1.462302e-06,8.30606e-06,1.3708916e-09,3.4912384e-07,2.864451e-07,1.4778349e-05,1.5297603e-06,2.2582149e-06,0.00019691465,1.0930946e-06,2.4602502e-06,1.9424735e-06,1.1821976e-06,9.17083e-08,3.2653844e-09,1.0077006e-06,1.0224866e-06,1.6644643e-06,1.4092669e-05,2.3017815e-06,6.112646e-08,2.8357692e-05,6.4967666e-05,3.6832264e-06,1.6232826e-07,1.4858427e-06,1.42853e-05,4.364854e-05,1.9184617e-07,2.5147424e-08,5.0790783e-05,0.00021430438,6.9358284e-05,1.3798042e-06,2.2392108e-08,8.5295693e-07,4.018735e-07,2.4636964e-07,1.2215999e-05,2.0052592e-05,5.0403464e-09,5.1045795e-08,7.0106207e-06,8.1662074e-07,8.1001537e-07,1.5746124e-06,5.284245e-08,3.9646264e-05,1.2398011e-05,5.888848e-05,7.576993e-07,0.000118787175,2.5020643e-07,1.2110479e-05,9.94262e-06,3.08033e-06,4.937985e-09,1.8050408e-05,7.568002e-07,2.7223674e-05,8.189761e-07,6.3762745e-06,5.2736925e-07,2.5783886e-06,2.0609483e-05,1.5226864e-07,3.343147e-08,4.9630517e-06,1.5112992e-07,1.5398068e-06,1.7368258e-06,2.9406037e-06,6.5614825e-07,7.555988e-08,1.8763717e-06,8.437702e-07,2.1356147e-08,7.2558837e-06,1.2663658e-06,7.8363007e-07,2.2248179e-07,4.807342e-08,1.8950998e-06,8.118468e-07,8.405742e-09,6.941856e-07,9.5545445e-08,7.888007e-06,2.8245227e-08,2.1111302e-06,1.1128881e-07,1.1900877e-06,2.443722e-07,0.00013570959,5.9478464e-07,9.917125e-07,2.2172433e-07,1.4910165e-06,5.085012e-06,7.790526e-07,2.6925168e-08,2.2356772e-08,2.8470738e-05,8.317577e-06,3.8034686e-06,1.3931192e-06,6.3074003e-06,8.2728975e-06,1.6493567e-06,5.7945104e-10,1.3472397e-05,1.0134939e-06,2.6893479e-06,7.094797e-08,1.7088908e-08,7.1829334e-07,4.9100944e-08,1.3173567e-07,2.4855476e-06,2.9537696e-07,5.206036e-06,2.0471027e-06,2.1348646e-06,2.5512807e-05,4.3072484e-07,3.428831e-08,2.8045291e-05,1.2315344e-05,1.0815194e-06,9.848422e-08,3.2096786e-10,8.285145e-07,1.6883928e-06,1.345623e-05,1.3018542e-06,3.6155911e-06,2.6191012e-08,5.80719e-06,3.7336472e-06,1.0081899e-05,6.186445e-07,3.78478e-06,5.5746204e-07,0.00018247568,8.412255e-07,2.1664253e-05,4.0423085e-08,4.490876e-05,7.4134404e-10,1.6840075e-06,3.6704134e-07,1.3545016e-09,3.024812e-09,8.1554936e-05,4.4855923e-07,7.643825e-06,9.761922e-09,7.951661e-06,3.2303607e-08,4.9075014e-05,7.523674e-08,1.7161279e-06
BC2026_Train_0036_S22_20211224_234500_020,2.0593648e-10,1.5131855e-07,5.4927334e-08,1.3831816e-05,4.009857e-07,1.7106917e-07,2.8472138e-07,2.9915532e-07,0.0023294408,2.9108996e-05,0.00010269521,1.0539372e-06,1.6324368e-08,4.3415312e-08,2.921917e-07,0.99901223,1.1163551e-06,4.726891e-09,0.99989295,1.7691605e-07,2.1355316e-05,0.9996935,4.2903107e-06,3.2885376e-07,0.0012457714,1.417767e-07,8.408882e-06,1.17143e-07,1.1250094e-09,3.9266106e-06,1.3526849e-08,1.7627436e-08,1.0274782e-07,9.1998785e-08,2.4027074e-08,2.6218752e-08,1.3007346e-09,8.788231e-09,2.3807512e-08,1.4616639e-08,5.6650543e-07,1.7703313e-08,1.017858e-07,5.7869136e-09,9.369381e-09,6.7625177e-09,6.0984384e-08,1.8298124e-08,5.4472635e-09,1.6273106e-08,4.9248077e-09,3.4811785e-09,6.7062578e-09,1.9890297e-07,1.3986154e-07,2.312346e-07,1.6686375e-10,0.073918045,1.7192454e-07,5.7910796e-07,0.09146126,1.6072141e-08,3.7330185e-05,0.99722856,0.48925993,8.0781365e-06,9.9285984e-08,5.516438e-09,4.6755847e-08,3.2326693e-07,9.571146e-11,7.801446e-09,5.9614235e-06,1.5387574e-05,7.2279505e-10,1.9492802e-06,1.0901058e-06,6.327469e-06,1.2808094e-06,1.7844192e-06,0.00026119503,1.505334e-07,1.8874092e-06,3.7262373e-07,3.6591243e-07,5.342304e-08,9.4273345e-09,9.714031e-07,5.192138e-06,9.65726e-07,6.7044966e-06,1.0108412e-05,3.143407e-08,1.7638147e-05,0.00014947994,1.1365984e-06,4.141628e-08,3.239839e-07,2.0258078e-06,1.6188058e-05,5.4614773e-08,1.5662353e-08,0.000108805674,0.00014619775,2.532939e-05,4.3827282e-07,8.617364e-09,1.3121783e-07,5.177553e-07,3.0886e-07,5.9205513e-06,7.3127325e-05,8.423091e-09,3.0046134e-08,1.2200969e-05,9.132696e-07,5.4277734e-07,5.531133e-07,7.65184e-08,6.3755692e-06,3.8179032e-06,2.3429317e-05,5.8110345e-07,6.9735375e-05,2.3420698e-07,3.010315e-06,3.4408938e-06,5.3639365e-06,4.5445496e-09,0.00028941847,4.533652e-07,3.833239e-05,1.536625e-07,7.1155375e-07,1.5250218e-07,2.1736926e-07,1.3965701e-05,3.071578e-07,4.2671765e-08,1.4910507e-06,2.3198072e-07,1.6781526e-07,7.8408226e-07,3.8392554e-06,4.312452e-07,8.851437e-08,8.038076e-06,1.0809173e-06,7.554948e-09,4.7524863e-06,4.3158465e-07,3.4014022e-07,5.3499974e-07,2.0125748e-08,2.5522993e-06,9.614373e-07,1.5596018e-09,2.0238139e-07,1.1049144e-07,2.156529e-06,7.678094e-09,7.2568895e-07,1.3467307e-07,3.3879476e-07,1.6807843e-07,0.00019049885,5.644492e-07,4.5004904e-07,4.7304695e-07,6.333554e-06,3.1843324e-06,1.6008327e-07,1.1757418e-08,8.565157e-09,1.6368556e-05,8.461275e-06,3.5166918e-06,1.4006417e-06,2.3463394e-05,6.018089e-06,1.3538136e-06,9.611654e-10,2.717509e-05,1.3974557e-06,6.5642635e-06,1.9397282e-08,1.7160277e-08,2.5371053e-06,3.1966866e-08,2.0739421e-07,6.3422335e-06,4.5198937e-07,2.538204e-06,6.424032e-07,4.2483985e-06,3.3908465e-05,1.5106161e-07,2.3450218e-08,7.1448914e-05,5.0090375e-06,4.2626618e-07,8.791337e-08,3.1326844e-10,1.4544078e-06,1.8533409e-06,5.931368e-06,4.446006e-07,1.4373345e-06,1.6748599e-08,2.773865e-06,2.1117082e-06,1.1577426e-05,4.6443787e-07,6.330376e-05,6.942154e-07,8.083047e-05,3.4727452e-07,7.2484213e-06,8.278631e-08,3.2831165e-05,3.0996675e-10,5.746638e-07,1.6246486e-07,2.1208377e-09,4.986491e-09,4.1346397e-05,4.046714e-07,4.8148027e-06,3.035633e-08,1.5771579e-05,4.5000417e-09,2.820606e-05,3.70458e-08,4.9157534e-06
BC2026_Train_0036_S22_20211224_234500_025,1.14916854e-10,6.764895e-08,1.8620507e-07,1.5598021e-05,1.0223721e-07,4.1497728e-07,4.4338105e-08,7.851248e-08,0.00015793921,2.2968365e-05,1.7254133e-05,4.38204e-06,7.984255e-10,3.465195e-08,1.1108601e-06,0.998936,2.776721e-07,1.1499344e-09,0.99986553,4.7428784e-07,5.4030165e-06,0.9996995,1.1344943e-06,3.0588734e-07,0.0034283951,1.4186325e-07,3.4570006e-05,3.1100402e-08,1.52386e-09,4.3643428e-07,1.4081533e-08,1.9494568e-08,9.438026e-08,4.8308543e-08,1.4098518e-08,3.067002e-08,2.0927458e-09,1.0526525e-08,1.6824997e-08,6.325327e-09,6.5659145e-07,1.2043173e-08,9.03244e-08,6.9764243e-09,8.58074e-09,6.0148113e-09,5.0681216e-08,1.5944755e-08,6.2943615e-09,1.7172455e-08,2.8924512e-09,2.5920102e-09,4.585848e-09,1.9606836e-07,1.8469981e-07,1.4508169e-07,9.19876e-11,0.04659457,2.2923821e-08,7.16706e-08,0.039043665,6.346355e-09,3.739774e-05,0.9975545,0.9839886,1.8414506e-06,1.0798462e-07,6.5088606e-09,1.6337326e-08,9.656515e-07,3.680748e-11,3.6186794e-09,7.331404e-07,4.558969e-06,1.3183202e-10,3.492024e-07,1.4953982e-06,4.353798e-06,7.44484e-07,3.3801255e-06,7.258071e-05,8.1776403e-07,1.4552804e-06,3.4935e-07,2.1159283e-07,3.2731364e-08,3.506722e-09,3.5185766e-07,1.346134e-06,3.6213814e-07,4.771956e-06,4.024848e-06,3.7658555e-08,2.3226119e-05,1.7594048e-05,2.6323937e-07,2.4403304e-08,5.569195e-07,1.8220289e-06,1.9893472e-05,5.4854574e-08,6.772858e-09,2.8776953e-05,2.3758515e-05,1.5438136e-05,1.0994218e-06,3.8388035e-09,2.590944e-08,6.4168256e-07,3.0043734e-07,4.0503965e-06,1.4208968e-05,3.3041716e-09,1.3959591e-08,1.7324948e-06,4.3067107e-07,3.4739477e-07,1.3060345e-07,3.2215866e-08,7.049553e-06,3.2617825e-07,9.0387875e-06,4.2332263e-07,4.9413407e-05,1.2939321e-07,1.5743992e-06,1.9697313e-06,5.619994e-06,2.3141002e-09,3.6642374e-05,2.2698322e-07,5.7519195e-05,5.035808e-07,3.2992304e-07,5.9826746e-08,2.965469e-07,1.7156141e-06,4.318588e-08,3.761841e-09,5.963375e-07,5.629536e-07,1.4410895e-07,9.654055e-07,3.1474833e-06,7.723011e-08,7.074956e-09,4.3205555e-06,4.5125245e-07,3.60236e-08,1.2455275e-06,5.4410258e-08,3.165039e-07,2.2710083e-07,6.743339e-09,1.99177e-06,3.7682057e-07,2.1762316e-09,1.1673193e-07,9.7417264e-08,2.7921493e-07,3.2108264e-08,9.3118985e-07,1.437311e-07,1.617213e-07,1.713492e-07,2.6572672e-05,5.786282e-07,2.5821606e-07,3.0967786e-07,1.1289671e-06,5.337326e-06,2.6115993e-07,7.171473e-09,9.144418e-09,9.597035e-06,2.2434554e-06,5.1443635e-06,5.934339e-07,1.6858708e-05,3.3747435e-06,3.8142426e-07,4.487808e-10,2.4472147e-05,7.0831277e-07,7.137005e-06,5.7635425e-08,2.0426235e-08,2.7927426e-06,2.144194e-08,6.538714e-08,1.7253784e-06,1.8450193e-07,5.461099e-06,3.0029037e-07,3.9519005e-06,1.0634464e-05,1.9117023e-07,3.6191576e-08,2.7312504e-05,6.052214e-06,1.7637765e-07,1.4886253e-07,5.2112807e-11,4.969394e-07,9.241433e-07,1.9260542e-06,9.509546e-08,1.4407462e-06,1.2901354e-08,7.704702e-06,1.0492963e-05,2.8998586e-05,8.3531296e-07,8.548017e-06,2.4668327e-07,6.5065135e-05,6.413791e-07,1.5929835e-06,7.032821e-08,2.2231847e-05,1.2500521e-10,6.260855e-07,6.0573775e-08,5.1028903e-10,1.0373055e-08,7.5484226e-05,7.74731e-08,6.361776e-06,1.0410318e-08,4.7186245e-06,3.0309984e-08,6.17911e-05,2.7428632e-08,1.9333659e-06
BC2026_Train_0036_S22_20211224_234500_030,1.1615504e-11,4.174302e-08,5.497712e-08,6.4620203e-06,4.4453184e-08,2.514637e-08,1.0451542e-08,1.2259703e-07,0.0027735916,2.1118865e-05,4.6729176e-05,2.0424685e-07,1.557414e-09,4.1221675e-09,6.9034e-08,0.99953747,2.3453707e-08,2.2782917e-10,0.99987984,1.7530574e-07,3.042809e-06,0.9996208,5.4991017e-07,4.9258055e-08,0.0016143129,1.4441254e-08,6.020517e-06,1.2808134e-08,7.691262e-11,1.1552572e-06,1.4023899e-09,2.365185e-09,1.5163053e-08,8.3908445e-09,2.6001803e-09,2.287546e-09,1.8494668e-10,1.3397609e-09,2.0796425e-09,1.0985273e-09,1.23531e-07,1.6211632e-09,1.3220658e-08,5.629294e-10,1.784627e-09,1.3511343e-09,9.970515e-09,2.3717082e-09,1.0552875e-09,3.020148e-09,3.4551467e-10,2.6283067e-10,5.890118e-10,2.7500242e-08,2.4112373e-08,1.7535752e-08,1.344403e-11,0.0630686,2.2004455e-08,1.00657346e-07,0.0817851,4.769899e-10,1.8568953e-05,0.99876344,0.9276699,1.328401e-06,3.498714e-08,1.048774e-09,3.674801e-10,2.476405e-07,4.656504e-12,1.0374415e-09,1.4368874e-07,2.4313765e-06,1.1212813e-10,4.122115e-08,1.3079404e-07,2.2464203e-06,6.805284e-08,1.6685696e-07,9.266946e-05,4.048172e-08,2.2628858e-07,2.065819e-07,5.416733e-08,9.635173e-09,7.275392e-10,2.2418352e-07,4.0597638e-07,8.012607e-08,3.835461e-06,5.2920876e-07,2.9670761e-09,2.6521038e-06,7.57745e-06,3.8896795e-07,1.3509366e-08,2.0133336e-07,9.828565e-07,6.122673e-06,6.917686e-09,2.8973934e-09,5.743888e-06,2.5810312e-05,8.4526455e-06,1.6644661e-07,5.9547767e-10,1.0034445e-08,1.2451162e-07,3.5125275e-08,9.891047e-07,5.296533e-06,5.739074e-10,2.8216727e-09,4.218589e-07,9.2735554e-08,1.3704144e-07,9.179721e-08,4.6627586e-09,2.6719972e-06,5.1724504e-07,3.4746745e-06,6.0844606e-08,1.8602239e-05,4.284474e-08,4.4976198e-07,8.4764224e-07,7.089757e-07,1.9506043e-10,3.6023027e-06,9.142851e-08,8.399554e-06,1.0357935e-07,1.5114173e-07,1.6296214e-08,3.0558724e-08,1.5105026e-06,1.1504505e-08,3.2442025e-09,5.236132e-07,1.6883149e-08,5.248155e-08,2.2919231e-08,4.24308e-07,2.2571871e-07,4.539672e-09,4.1331566e-07,7.8915285e-08,2.3040014e-09,6.181438e-07,7.2488454e-08,7.7649894e-08,3.151794e-08,1.938122e-09,3.3249765e-07,4.797056e-08,2.4462465e-10,9.272932e-09,9.143357e-08,1.5235636e-07,1.934403e-09,2.963538e-07,7.3238473e-09,3.7204988e-08,1.4089136e-08,1.04205465e-05,6.3434285e-08,1.240146e-07,1.763268e-08,4.6840606e-07,4.0281012e-07,3.520751e-08,1.1573409e-09,1.2141952e-09,4.153446e-06,8.6496976e-07,3.9639954e-07,2.3722575e-07,1.2258387e-06,8.224222e-07,1.3239008e-07,4.2218257e-11,5.095663e-06,7.145275e-08,8.93154e-07,9.142953e-09,9.502031e-10,4.5344132e-07,2.2355653e-09,1.1861664e-08,1.4782496e-07,1.3434803e-07,1.2124078e-06,1.6729066e-07,6.4986347e-07,6.77235e-06,4.7308344e-08,3.0569784e-09,7.1789113e-06,8.051034e-07,3.3164664e-08,4.1685418e-08,9.959647e-12,1.6444345e-07,1.8963605e-07,1.955835e-06,1.6478725e-07,4.5503415e-07,1.350807e-09,6.535403e-07,1.1955673e-06,6.0437806e-06,8.331681e-08,2.6082046e-06,2.3303997e-07,2.9707457e-05,4.906864e-08,2.6871535e-07,1.4177151e-08,1.3004484e-06,2.1028627e-11,5.027435e-08,2.7970788e-08,2.664487e-10,1.3690783e-09,2.3962988e-05,2.0549995e-08,1.3701742e-06,2.6335116e-09,9.3818545e-07,1.1598976e-09,7.987901e-06,4.3900843e-09,2.139358e-07
BC2026_Train_0036_S22_20211224_234500_035,1.5965311e-10,5.005318e-07,7.9518964e-07,7.2938396e-06,6.4044275e-07,1.5434088e-07,2.3524224e-08,1.2836158e-06,0.0062580123,2.0845318e-05,2.3805802e-05,2.9494205e-07,1.04410605e-08,1.2401266e-08,1.8116316e-07,0.99971825,6.712685e-08,9.932567e-10,0.9996947,4.055573e-07,1.0234123e-05,0.99972147,3.6554386e-05,2.8613877e-07,0.06484503,1.3619456e-07,2.8186054e-05,1.992112e-08,1.5093506e-09,3.4116529e-06,1.16122205e-08,3.734576e-08,2.1852593e-07,5.925822e-08,2.0716426e-08,2.2780464e-08,2.7098523e-09,1.6446535e-08,2.7824674e-08,1.4163231e-08,5.1650517e-07,1.8162966e-08,7.5163875e-08,1.1090057e-08,1.5918257e-08,1.23213635e-08,1.1912522e-07,5.103295e-08,8.231298e-09,2.1522085e-08,5.0541797e-09,3.0189444e-09,6.8971193e-09,1.3753792e-07,1.6602078e-07,1.03290134e-07,1.1344121e-10,0.13975388,1.3868501e-07,5.278911e-07,0.30483282,2.3132176e-09,3.0067378e-05,0.99960023,0.8452535,5.3710464e-06,5.6772507e-08,1.1519986e-08,1.3735246e-09,1.5912406e-06,6.544294e-11,5.359429e-08,3.0416177e-07,6.568632e-05,9.103221e-10,3.7886588e-07,2.7048893e-07,4.5866127e-06,8.2067504e-07,1.2746871e-07,0.00039651262,4.3821223e-07,1.7523903e-06,3.492487e-07,3.708526e-07,4.545748e-08,1.3339294e-09,6.011648e-07,6.537366e-07,2.0954175e-07,2.1391454e-05,4.2589254e-06,2.7901732e-08,1.302919e-05,3.2162632e-05,1.3022205e-06,1.2678892e-07,2.5667202e-07,1.1164018e-05,7.320474e-06,9.473429e-08,9.255456e-09,3.3878146e-05,0.000103960825,8.165337e-05,1.0595728e-06,1.21397115e-08,1.7618146e-07,9.5535775e-08,1.07444706e-07,1.225141e-06,1.4872907e-05,4.6123314e-09,4.088429e-08,1.3454357e-05,6.877785e-07,2.147772e-07,1.2057558e-06,3.1790837e-08,1.1160548e-05,2.763085e-06,8.697329e-06,5.0105723e-07,2.9985165e-05,1.531582e-07,1.6308207e-06,1.0240302e-05,4.817554e-06,1.0608412e-09,2.1275733e-05,6.009372e-07,1.1173711e-05,2.2597632e-07,1.2186898e-06,2.556294e-07,3.8447885e-07,1.9579587e-05,4.1828535e-08,2.730779e-08,8.821099e-06,1.0121194e-08,2.1340597e-07,1.1275679e-07,1.0045515e-06,1.4621944e-06,5.5744344e-08,1.6050275e-06,3.4445438e-07,7.052443e-09,6.1397054e-06,2.7688807e-07,3.0996478e-07,1.7953113e-07,2.096494e-08,1.0605453e-06,3.7082006e-07,3.6940582e-09,1.754091e-07,8.205782e-08,1.0337089e-06,5.4415525e-09,9.919169e-07,9.699431e-09,3.7480245e-07,7.0884134e-08,6.2863415e-05,1.9303891e-07,6.639637e-07,6.9489644e-08,1.2044503e-06,1.2691344e-06,1.3545804e-07,1.0130503e-08,1.4991517e-08,1.4447954e-05,6.0678403e-06,9.619298e-07,2.9142362e-07,1.5070106e-06,2.5933427e-06,6.903591e-07,4.4683424e-10,7.047966e-06,6.9590305e-07,5.034478e-07,9.279584e-09,2.3514533e-08,1.4172426e-06,2.5580054e-08,1.9196257e-07,1.8803772e-06,2.1724841e-07,1.223196e-05,8.857607e-07,7.036214e-07,7.752263e-06,2.0978949e-07,3.2389178e-08,3.2476266e-05,2.831014e-06,5.451538e-07,1.0268257e-07,1.9605294e-10,1.8308168e-07,2.6026735e-06,5.8734972e-06,1.9199658e-06,5.856002e-06,4.4159265e-08,4.6466744e-06,1.2883277e-06,5.5158953e-06,5.992176e-08,5.5160685e-06,2.6207986e-06,5.9385366e-05,3.0838788e-07,1.2917516e-06,2.6850396e-08,1.6348415e-05,4.5085446e-10,5.963056e-07,5.258837e-08,1.2073849e-09,6.999443e-09,4.7992722e-05,3.6752505e-07,1.4018245e-06,9.2766115e-09,1.5567441e-06,2.802658e-09,6.750022e-06,6.860033e-08,1.8695271e-06
BC2026_Train_0036_S22_20211224_234500_040,4.2744117e-11,1.5440551e-07,1.2683427e-07,1.17336185e-05,5.2378354e-08,2.4095916e-08,7.843955e-09,2.0193258e-07,0.001072266,3.576151e-05,5.7111898e-05,3.9512346e-07,2.2386972e-09,1.1570016e-08,2.3550629e-07,0.9999232,1.781612e-07,1.2015375e-10,0.9999759,1.07089726e-07,7.4681316e-06,0.99936754,2.2747329e-06,2.8206094e-07,0.0033381125,5.3367204e-09,3.2494947e-05,7.423802e-09,2.109291e-10,9.124425e-07,6.8748442e-09,7.12566e-09,6.6770326e-08,3.9332363e-08,1.4940904e-08,9.388951e-09,3.7275982e-10,7.994468e-09,8.321007e-09,7.59006e-09,5.2886116e-07,7.7374285e-09,1.1445613e-07,2.867934e-09,2.3006992e-09,2.0167086e-09,8.2441076e-08,1.7278941e-08,3.691797e-09,1.5256525e-08,3.3916694e-09,2.070551e-09,4.7434545e-09,1.0616134e-07,1.2744744e-07,2.8182262e-08,2.2640258e-11,0.37418398,2.9424047e-08,6.126629e-08,0.16532749,1.8250884e-09,2.7327796e-05,0.99939835,0.87994885,1.9758234e-06,3.2433316e-08,6.6666045e-10,4.841451e-09,1.6089292e-06,6.4380654e-12,5.423189e-10,2.460876e-07,3.9961933e-06,1.6164262e-10,4.4024378e-07,1.5544445e-07,1.2642734e-06,2.1349636e-07,2.9837832e-07,4.864453e-05,8.239658e-08,4.5148485e-07,1.76342e-07,2.3188032e-07,1.6650084e-08,4.143212e-10,8.878558e-08,6.344057e-07,1.0186698e-07,1.3516565e-06,9.056882e-07,7.534183e-09,1.7931156e-06,8.874679e-06,7.854137e-07,1.0682265e-08,1.2433648e-07,2.0791497e-06,8.296964e-06,9.567815e-09,4.4023265e-09,3.06038e-05,4.5913883e-05,3.5040124e-05,5.9414685e-07,2.6608254e-10,3.2158276e-08,1.7238473e-07,8.166419e-08,1.6140546e-06,1.5833652e-05,6.3142824e-10,7.685859e-09,2.569738e-06,1.7893885e-07,4.888312e-08,7.351407e-08,8.391981e-09,8.363281e-06,1.2899956e-07,2.7579224e-06,7.474072e-08,2.5907599e-05,4.0350294e-08,6.2311966e-07,1.6355993e-06,7.601935e-07,4.142556e-10,2.5333133e-05,7.163657e-08,6.086258e-06,1.4944352e-08,3.5759393e-07,3.0605623e-08,2.153106e-07,3.3875447e-06,4.914179e-08,4.734985e-09,3.3096724e-06,1.9554262e-08,1.4810134e-08,9.591134e-08,7.142297e-07,4.8540653e-07,3.1534835e-08,5.2519056e-07,2.8115076e-07,2.7229758e-09,2.2044526e-06,6.5577986e-08,2.1616732e-07,3.6576655e-08,3.258037e-09,6.189077e-07,1.1951646e-07,4.462542e-10,3.119748e-08,4.1710386e-08,2.0810072e-07,5.9095657e-09,3.1014307e-07,6.5424164e-09,1.15553206e-07,3.1096903e-08,2.2796865e-05,1.1076045e-07,9.927141e-08,1.4108733e-07,1.1526677e-06,1.1524808e-06,3.2863923e-08,8.1394946e-10,1.3714225e-09,1.4631356e-05,1.9438633e-06,4.5260188e-07,9.237964e-08,1.0064463e-06,1.5243455e-06,1.7300893e-07,1.1123878e-10,3.3605897e-06,6.618555e-08,1.6663148e-06,2.9672291e-09,1.9549855e-09,3.0215676e-07,1.01236655e-08,2.225369e-08,9.169062e-07,1.1914637e-07,1.6319067e-06,3.0483665e-07,6.0083806e-07,6.2478443e-06,2.373026e-08,1.1366679e-08,1.2312926e-05,1.3934592e-06,8.3689834e-08,4.7612048e-08,2.4222551e-11,9.7690226e-08,6.7488486e-07,1.755165e-06,9.5230504e-08,6.391992e-07,4.5652087e-09,7.069145e-07,5.240933e-07,3.1951924e-06,3.8906098e-08,1.7702489e-06,2.0341447e-07,0.00012730472,1.1558451e-07,1.8550845e-06,3.2551874e-08,5.972788e-06,4.5554362e-11,2.5010053e-07,3.635319e-08,1.7616357e-10,6.3850947e-10,1.13385695e-05,3.4141085e-08,9.4657304e-07,1.4940156e-09,1.5301937e-06,1.8097117e-09,4.32568e-06,8.650464e-09,3.4558957e-07
BC2026_Train_0036_S22_20211224_234500_045,5.3867327e-11,1.7389873e-07,1.69831e-07,1.7437715e-05,4.3985727e-07,2.6583626e-08,1.6984858e-08,1.9008618e-07,0.005124811,2.5829813e-05,8.492329e-05,9.0264695e-07,4.5509254e-09,1.5755415e-08,7.349024e-08,0.99973506,2.0719948e-07,4.1037068e-10,0.99978715,1.5349626e-07,5.407223e-06,0.9992982,3.1102386e-06,2.707186e-07,0.0038113082,1.5000326e-08,1.4218674e-05,3.554717e-09,3.5655662e-10,1.9971662e-06,8.866742e-09,1.7021668e-08,1.06228995e-07,5.9184682e-08,1.8023167e-08,1.2405288e-08,2.469651e-09,2.986706e-08,1.7863377e-08,1.0437617e-08,1.0617972e-06,1.1672976e-08,7.143353e-08,3.4000311e-09,9.63769e-09,7.3499606e-09,1.3469466e-07,1.8711841e-08,1.0497593e-08,5.3392576e-08,4.2389843e-09,2.4911533e-09,5.8468705e-09,1.3030761e-07,2.0330336e-07,4.4700176e-08,8.793689e-11,0.5622318,2.5238723e-08,4.4374314e-08,0.26589134,2.3123046e-09,7.058486e-05,0.9997254,0.93518305,1.9099507e-06,5.6209952e-08,1.2273461e-09,2.3818085e-09,6.560525e-07,2.0978311e-11,6.8857107e-09,2.6943977e-07,7.549789e-06,5.433999e-10,5.538316e-07,2.8618214e-07,1.5028512e-06,3.213241e-07,2.0942088e-07,7.3298026e-05,1.9999514e-07,4.5005675e-07,6.0609715e-08,1.7937865e-07,1.39910705e-08,6.645669e-10,6.530114e-07,5.0282017e-07,1.8740134e-07,6.2487143e-06,9.487611e-07,1.790185e-08,4.679346e-06,9.735309e-06,4.5155937e-07,5.0550597e-08,4.0721258e-07,5.12081e-06,1.4632333e-05,6.966521e-08,6.171028e-09,1.7600474e-05,5.7868172e-05,1.1851205e-05,9.4055315e-07,2.4397055e-09,6.6343404e-08,2.419923e-07,1.6068071e-07,2.7426495e-06,7.3870206e-06,1.1539134e-09,1.7481351e-08,4.437387e-06,2.6772415e-07,1.6240676e-07,1.2774775e-07,8.435728e-09,2.4053013e-05,7.576241e-07,7.2959833e-06,4.3679904e-07,4.216559e-05,5.4881152e-08,1.3639283e-06,2.2239235e-06,2.4984001e-06,6.216922e-10,1.3639303e-05,2.144845e-07,9.836528e-06,4.9728353e-08,8.6860285e-07,6.5796364e-08,1.8403871e-07,2.6574432e-06,4.4022944e-08,6.9195862e-09,2.0869568e-06,2.6110362e-08,2.0288577e-07,1.9065278e-07,8.2929233e-07,4.5027576e-07,1.504491e-08,1.0330733e-06,9.034542e-08,2.8338998e-09,3.7967388e-06,1.5584122e-07,4.0897947e-07,7.5898896e-08,3.1972642e-09,1.2951917e-06,6.745182e-08,1.7627929e-09,3.0503702e-07,2.786929e-08,4.7361704e-07,6.9459394e-09,8.3007177e-07,4.870831e-09,1.9573879e-07,2.387495e-08,2.0046036e-05,8.272838e-08,1.2533319e-07,7.8353146e-08,1.0050306e-06,1.4239203e-06,1.730081e-07,3.4553134e-09,7.1671518e-09,2.9105358e-05,1.4370303e-06,1.0523132e-06,1.9358498e-07,1.4675213e-06,1.7210482e-06,6.872428e-07,4.819199e-10,4.30145e-06,6.854369e-07,1.6129543e-06,7.902717e-09,7.265869e-09,4.5354292e-07,1.047603e-08,2.6292268e-08,1.2952696e-06,2.1220049e-07,9.198551e-07,4.2106907e-07,3.9292217e-07,1.0196674e-05,2.3160624e-07,1.8493946e-08,1.2890974e-05,8.3091203e-07,1.5774893e-07,8.1509356e-08,9.426031e-11,1.7041506e-07,3.1824365e-07,3.170799e-06,4.5237013e-07,5.4992114e-07,1.0510375e-08,4.1536196e-06,1.3308089e-06,5.05316e-06,5.5548938e-08,3.4875616e-06,2.6205112e-07,8.0116646e-05,2.6834425e-07,7.3986774e-07,4.924255e-08,2.86148e-06,1.4392101e-10,5.9927237e-07,4.362041e-08,7.379723e-10,3.5918475e-09,8.0917234e-05,1.7341314e-07,6.611923e-07,5.926656e-09,1.4937676e-06,2.2433178e-09,7.277637e-06,9.846108e-09,1.1938686e-06
BC2026_Train_0036_S22_20211224_234500_050,6.952324e-10,5.831014e-07,2.4351212e-07,5.878076e-05,3.6078895e-06,3.020395e-07,4.9199745e-08,1.256883e-07,0.0082307905,1.3997797e-05,2.6862292e-05,9.292621e-07,1.6844327e-08,3.8006142e-08,4.7319676e-07,0.9984125,8.270045e-08,3.5576404e-09,0.99867094,8.242831e-07,1.8154542e-05,0.9998777,4.933327e-06,5.49518e-07,0.027554838,1.4953768e-07,1.068932e-05,1.5047464e-08,1.7420199e-09,6.8625586e-06,1.4334448e-08,1.0202253e-07,2.3892997e-07,1.1909638e-07,5.2295896e-08,5.086881e-08,1.4782534e-08,7.7106634e-08,4.07909e-08,3.1754897e-08,1.4953156e-06,3.4770196e-08,1.5525941e-07,2.1895978e-08,7.320695e-08,6.2656284e-08,3.555699e-07,7.6976285e-08,2.4125438e-08,7.966996e-08,9.120362e-09,5.631338e-09,1.2522177e-08,2.440869e-07,5.1718433e-07,1.2169566e-07,1.3601785e-10,0.1361168,2.7578722e-08,1.3706448e-06,0.15797147,9.320951e-09,0.00029653215,0.9989273,0.9031593,1.2495047e-06,1.00476065e-07,9.3196405e-08,1.4889384e-08,3.998226e-07,1.6951086e-10,8.682139e-08,9.967911e-07,0.00024793184,5.4074684e-10,6.3476944e-07,2.7938114e-07,1.3735674e-05,1.0899395e-06,2.2143959e-06,0.0006461454,2.3312441e-07,9.002115e-06,8.608141e-07,8.6119434e-07,3.6069114e-08,2.2202304e-08,1.2979368e-06,9.707261e-07,7.7426785e-07,2.9977535e-05,9.990265e-06,5.7565327e-08,5.6150522e-05,8.8864996e-05,3.861578e-06,2.4486022e-07,7.5126167e-07,1.4351758e-05,3.657921e-05,3.6518804e-07,3.0455038e-08,3.15136e-05,0.00027455832,8.903039e-05,3.7564263e-07,2.087126e-08,4.1463943e-07,1.497189e-07,7.6674574e-08,5.4379257e-06,1.5132798e-05,1.3156789e-08,4.0732594e-08,7.2600155e-06,1.4306635e-06,9.608132e-07,1.131934e-06,1.682428e-07,2.1818201e-05,9.876081e-06,1.0067929e-05,1.4448025e-06,0.00014143481,1.5374811e-06,5.222979e-06,5.4941033e-06,1.0731688e-05,2.0323592e-09,1.4033498e-05,4.457236e-06,2.7038444e-05,3.646483e-06,2.2028405e-06,7.5367143e-07,4.1385286e-07,4.4423905e-05,4.6461768e-08,8.616381e-08,3.3755612e-06,3.4855255e-08,3.261224e-06,2.7139765e-07,1.4470473e-06,9.962038e-07,8.524579e-08,2.6228715e-06,2.3305041e-07,3.4668478e-08,8.926185e-06,4.313246e-07,1.477796e-06,4.0866644e-07,6.080354e-08,1.134372e-06,6.587189e-07,1.198554e-08,4.0929828e-07,2.8107786e-07,6.4317524e-06,1.7233388e-08,2.3258888e-06,1.9046342e-07,3.6973563e-07,1.4232019e-07,8.696594e-05,2.973988e-07,2.0032817e-06,1.0070516e-07,2.9837397e-06,8.8615786e-07,1.1277974e-06,2.8900484e-08,3.3924213e-08,3.081016e-05,4.7890026e-06,3.0274625e-06,1.4816839e-06,4.0353366e-06,1.37636835e-05,3.1089573e-06,8.4217533e-10,2.480935e-05,1.1177837e-06,2.7101437e-06,3.6344172e-08,2.8777988e-08,3.418949e-06,5.2601912e-08,4.547288e-07,5.0564568e-06,5.594699e-07,7.562458e-05,2.0110724e-06,1.7435336e-06,4.2535717e-06,4.5852173e-07,5.2584053e-08,6.587244e-05,6.559182e-06,9.4829886e-07,6.515658e-08,3.5594847e-10,1.0841527e-06,2.9820442e-06,1.0180389e-05,3.5282815e-06,2.088948e-06,2.118106e-08,8.347926e-06,2.06482e-06,5.5219767e-05,4.3319284e-07,2.001904e-05,7.3914816e-06,0.00016305638,1.8610778e-07,1.4008788e-05,7.1543305e-08,1.4587164e-05,7.715908e-10,3.7624676e-07,8.842831e-08,5.208096e-09,1.9749473e-08,0.00012934893,1.8728606e-06,2.7198478e-06,3.031224e-08,4.974533e-06,4.2333145e-08,1.6343396e-05,1.9032089e-07,2.0624109e-06
BC2026_Train_0036_S22_20211224_234500_055,4.1073034e-09,8.822965e-07,2.2780437e-06,4.0111336e-06,3.7355633e-06,9.0236205e-07,2.940854e-07,7.831736e-06,0.004761982,2.6211905e-05,7.525309e-05,3.7348792e-07,1.0864277e-06,1.9658341e-07,2.4758174e-06,0.9995266,2.11082e-06,1.4293549e-08,0.99805033,1.5897708e-06,0.0002793531,0.9879005,0.00037176837,3.8993994e-07,0.0014560804,8.9597734e-08,5.7208323e-05,9.365755e-07,2.0136154e-08,2.2076623e-05,2.9415911e-08,8.426051e-08,1.274974e-07,1.2516774e-07,5.5057505e-08,7.535206e-08,5.4072133e-09,2.8479299e-08,3.6720373e-08,3.2350343e-08,5.557056e-07,2.690489e-08,1.9891264e-07,3.4205225e-08,2.049965e-08,2.0177753e-08,1.12346434e-07,4.3112138e-08,2.0698335e-08,4.5456957e-08,1.6870853e-08,1.14583205e-08,2.0686455e-08,2.2131914e-07,2.5035106e-07,3.935338e-07,1.1457527e-09,0.04411189,2.0220016e-06,3.7383368e-05,0.11877394,1.4255405e-08,0.0002450889,0.9703371,0.19656697,1.18569715e-05,2.038844e-06,1.38420555e-08,7.716135e-08,5.390557e-06,2.9374516e-09,2.3068219e-07,2.7530336e-05,3.497262e-05,1.8485729e-08,5.0163944e-06,6.603494e-06,3.921463e-05,7.725288e-06,5.6385798e-06,0.0012233597,1.6285036e-06,9.094428e-06,3.6636957e-06,6.443203e-06,5.601971e-07,5.6971448e-08,5.8515143e-06,4.867339e-05,2.9094979e-06,2.5013609e-05,2.417955e-05,4.010817e-07,1.4698192e-05,9.969418e-05,5.061537e-06,1.659149e-06,1.5263648e-06,2.9547678e-05,7.52721e-05,3.024762e-07,6.9614066e-07,0.0012313748,0.0002693656,0.00038196513,1.4727151e-05,4.4852534e-08,3.5330686e-07,1.1562652e-05,4.0202563e-06,0.00015030446,0.000126928,4.8048573e-08,1.7255893e-07,1.5659578e-05,6.8188106e-06,2.1383614e-06,2.464597e-06,2.7151182e-07,4.4655048e-05,1.567582e-05,0.00011844108,2.4927594e-06,0.00026509986,2.5118695e-06,1.5847036e-05,2.2499738e-05,1.3909187e-05,6.938064e-08,0.00025636354,2.9988992e-06,0.00018299995,9.0731895e-08,2.4000541e-05,1.2162249e-06,5.039844e-07,0.00027392321,3.2069454e-06,9.870683e-07,6.8830673e-06,1.4639804e-06,1.3449278e-06,1.5015992e-06,2.2078033e-05,1.5562796e-06,2.1435476e-06,3.2623553e-05,7.3955275e-06,1.2634064e-07,3.5131136e-05,8.450751e-06,1.0357336e-05,2.5452164e-06,2.0460614e-07,5.060393e-06,5.5011024e-06,2.6075323e-08,2.1785643e-06,6.817881e-06,4.749831e-06,1.3917231e-07,7.603112e-06,5.9132896e-07,1.6043807e-05,9.1503586e-07,0.0003146494,1.3511088e-06,3.400972e-06,7.5383637e-06,5.0877745e-05,1.6853146e-05,3.7852027e-07,3.792982e-08,1.3799448e-07,8.154164e-05,7.274014e-05,7.0050937e-06,5.7960915e-06,4.113999e-05,2.7152682e-05,5.7901634e-06,1.0854688e-08,6.5845736e-05,8.7293465e-06,9.638209e-06,6.128685e-07,1.07088496e-07,8.260228e-06,4.8922016e-07,1.3440662e-06,2.4283238e-05,4.6746586e-06,3.1544246e-06,1.3490614e-05,1.4943411e-05,0.0001127048,1.7523936e-06,1.6314787e-07,7.847178e-05,1.7733206e-05,7.773836e-06,4.0263567e-06,2.0250381e-09,1.5994217e-05,1.7969822e-05,7.0548995e-05,2.950379e-06,1.0792603e-05,2.0677095e-07,1.6823953e-05,8.413519e-06,3.2470132e-05,1.8243675e-06,7.039054e-05,5.0902718e-06,0.00020120897,2.1619508e-06,8.733727e-05,3.9771758e-06,4.9120008e-05,4.840426e-09,1.02422655e-05,1.1239578e-06,1.5268808e-08,9.4784895e-08,0.00010603015,5.8845984e-07,1.6625938e-05,4.7580554e-07,0.00013217362,1.1211225e-07,4.2848973e-05,7.9255796e-07,1.2949847e-05
BC2026_Train_0044_S22_20220124_023000_000,7.0495654e-09,1.114528e-07,1.5333854e-09,0.02981343,4.211835e-08,1.0424734e-10,5.4159482e-08,1.1275264e-06,0.0044748266,0.6009443,0.8640266,2.8693887e-07,6.5022746e-08,3.4856348e-10,1.8680174e-08,0.0013356253,4.5800553e-07,8.01787e-11,0.07504936,4.1991532e-07,1.0977888e-07,0.00010802669,7.778256e-08,3.8492536e-07,2.3860555e-06,1.944628e-09,8.5944265e-07,5.519819e-08,2.0431954e-09,8.612144e-06,6.238913e-06,7.126901e-08,1.8010129e-06,6.5326117e-07,1.6740846e-07,1.1337172e-07,4.3707608e-08,8.162666e-08,5.991444e-07,2.0798208e-07,6.8179193e-06,1.4236977e-06,7.233065e-07,1.7717028e-08,6.556022e-08,3.5186297e-08,9.46689e-08,2.4524622e-08,2.895765e-08,3.0954165e-08,1.4077416e-07,1.8511703e-07,2.0076068e-07,4.7454623e-06,1.6945096e-06,8.318801e-09,2.7211966e-08,0.9886125,1.1597147e-08,8.129446e-07,0.0075662592,9.386655e-10,0.01028199,0.1873829,3.2779793e-05,4.319091e-07,5.854639e-08,2.5106216e-11,1.30694e-08,1.2135597e-07,1.3463571e-09,3.440354e-08,1.229694e-07,3.158353e-08,1.2084453e-08,1.0259992e-06,5.346517e-05,6.924017e-07,4.205183e-06,2.2096525e-07,1.6881786e-06,1.7335611e-09,1.6287814e-06,1.373879e-08,1.7295593e-08,3.7532898e-06,3.1371064e-07,6.2683773e-07,1.5353316e-05,6.506095e-08,3.825822e-05,1.8065107e-06,2.3506686e-08,5.203407e-07,1.3053069e-05,6.925411e-07,1.9659656e-07,1.0459329e-06,1.1016127e-07,2.1183169e-07,3.81616e-07,1.4245022e-08,3.6775193e-06,0.0011624647,0.00079217146,1.9722434e-07,1.6715028e-08,3.3825347e-09,4.0473932e-07,1.2348332e-05,2.6331012e-08,1.1961846e-05,1.3984001e-08,3.5661895e-07,8.9718253e-07,3.304275e-07,8.639222e-08,3.1503216e-08,4.2090568e-07,2.6686535e-06,1.5819998e-07,3.9160573e-06,1.1632097e-07,3.2114442e-06,2.5570134e-07,2.0360935e-07,1.19064005e-07,2.8058372e-07,4.2342376e-06,1.7599703e-05,2.1872852e-08,1.6423156e-06,4.891203e-08,5.950695e-08,1.0241364e-07,7.274011e-07,2.4765707e-06,4.928517e-07,2.9261603e-06,8.348698e-06,9.6471056e-05,1.12586855e-08,9.737673e-07,3.5196138e-07,2.14714e-06,2.8300864e-09,3.374528e-06,7.716082e-07,3.2548699e-06,2.67149e-07,8.144611e-08,1.4685921e-07,7.32195e-07,8.75885e-08,1.744081e-07,1.9583422e-07,3.0504623e-08,7.655588e-09,2.2501126e-06,9.238264e-08,5.6183956e-07,6.4603535e-07,1.9806361e-08,1.6638836e-07,1.7386515e-08,0.0009860811,9.0415034e-07,2.7646928e-07,1.5162206e-07,5.651936e-07,1.5496919e-06,1.3160407e-07,5.488898e-09,1.9334636e-06,2.568226e-07,1.347849e-06,2.6493508e-06,8.7452844e-07,7.3490446e-07,1.8953263e-07,4.522348e-06,7.53581e-08,2.9979096e-06,1.1726372e-07,8.644189e-07,2.4243252e-05,1.8289911e-07,5.310293e-07,1.6076316e-07,2.060017e-05,1.4977289e-06,2.1019542e-07,1.831386e-07,1.748586e-07,3.7056943e-06,1.6179016e-05,1.8218551e-06,1.5594738e-07,8.788919e-07,1.7805174e-08,1.7429286e-07,7.1735556e-08,1.912421e-09,1.1459748e-05,2.5682357e-07,2.6143132e-06,7.524225e-07,1.4016065e-06,4.8516124e-08,2.3994266e-07,2.2384984e-07,2.396356e-05,3.3778216e-09,5.9886897e-06,0.0008234739,0.0018646342,4.7569024e-08,1.417994e-07,8.319264e-08,1.5536171e-08,8.313519e-09,3.778667e-07,1.636231e-07,8.703992e-08,1.743976e-06,4.8922852e-06,4.2151942e-08,2.5479287e-07,1.0861703e-09,1.911186e-06,4.127998e-09,1.5218603e-06,1.8223317e-07,1.5177122e-06
BC2026_Train_0044_S22_20220124_023000_005,1.0023867e-08,2.4616291e-08,3.9731893e-09,0.0123308785,1.283242e-07,4.0850868e-11,4.0342517e-08,2.83241e-06,0.009116199,0.5568858,0.6868869,7.390083e-08,2.192034e-08,6.273033e-11,1.5130371e-09,0.0013458624,1.04785734e-07,6.258715e-11,0.038492657,7.048418e-07,1.2695812e-06,5.3407173e-05,1.9819706e-07,2.9214598e-07,1.1118342e-06,8.621272e-10,1.1721893e-06,3.8880636e-09,3.2210118e-10,8.1480044e-07,7.124717e-06,6.6354794e-08,1.4533332e-06,4.0246223e-07,1.8300958e-07,1.2020618e-07,2.2876605e-08,1.728798e-07,7.1561857e-07,2.6994982e-07,1.2150042e-05,1.8576499e-06,1.0827331e-06,1.997248e-08,6.680791e-08,3.54553e-08,1.9272842e-07,1.1240426e-08,3.2011958e-08,7.27748e-08,2.2033942e-07,2.561607e-07,2.338111e-07,5.37141e-06,3.182884e-06,1.8551098e-09,1.094781e-09,0.9931249,2.787535e-08,1.6586222e-07,0.035428625,3.8247616e-10,0.00020721045,0.84977955,0.00039936192,5.413619e-07,1.3234155e-08,2.8387768e-11,1.1768872e-10,1.8421764e-07,2.0821937e-10,2.1484832e-09,1.8502307e-08,5.692756e-08,1.1243573e-09,1.1108734e-07,6.2933764e-06,2.3079538e-06,2.4870815e-07,2.241621e-08,3.1985596e-07,4.0435792e-09,6.056129e-08,1.2819157e-08,2.769832e-09,1.0329483e-06,6.8886394e-09,1.9155325e-06,1.5031062e-06,1.7955127e-08,2.038899e-05,2.3777727e-07,2.3049651e-08,2.7610938e-07,4.1821145e-06,3.2423583e-07,2.1029688e-07,7.5746306e-07,3.108001e-07,2.3885298e-07,3.2677073e-07,2.6052753e-08,9.768031e-07,0.0031222815,0.0002499307,5.852055e-07,2.8234761e-09,7.559546e-09,6.09506e-07,1.521515e-06,2.9317219e-08,1.0061009e-05,8.412093e-09,1.8702872e-07,2.8598762e-07,7.90474e-08,6.685137e-08,1.797939e-08,6.5856504e-08,2.6868665e-06,5.3877894e-08,1.7454452e-06,4.412988e-08,4.3265836e-06,4.283444e-08,1.19141355e-07,7.9932065e-08,5.5930826e-08,3.3379519e-07,9.995783e-07,4.0779367e-09,9.555077e-07,5.3804445e-09,1.5902832e-07,2.1632695e-07,2.1010864e-07,1.0726764e-06,1.5703431e-07,2.901554e-07,0.00095393555,1.9753945e-07,5.7566865e-08,1.500144e-08,4.4533297e-07,5.081042e-06,8.2429674e-10,4.04389e-07,4.3292766e-07,1.852009e-07,9.4380795e-08,4.744756e-07,3.0077786e-08,5.7198683e-08,3.4764955e-08,1.6914125e-08,4.0712788e-08,5.7525376e-08,1.0321722e-08,1.4122337e-08,6.410361e-08,9.00323e-09,6.495821e-07,3.6543285e-10,3.712984e-08,3.3882248e-08,6.21938e-05,7.882819e-08,1.6635917e-07,2.6299691e-08,4.2339929e-07,1.8714536e-06,4.6669935e-09,3.6351364e-09,2.4370007e-07,2.4471643e-07,2.5047148e-06,4.5781252e-07,5.9811276e-07,9.835468e-08,3.635159e-08,7.362555e-07,2.4420439e-08,6.4762503e-07,4.7175803e-08,3.7327996e-07,4.08905e-07,3.0956176e-08,1.1604675e-07,7.903319e-09,2.076237e-06,8.682145e-07,3.087457e-07,1.1448892e-06,1.1606191e-07,5.294445e-07,2.2779002e-06,8.506474e-07,2.5610028e-08,3.870741e-07,5.935072e-09,1.6101874e-08,1.9679464e-07,1.0894755e-09,7.941718e-07,1.0494974e-07,5.1780007e-06,6.111392e-07,1.1308357e-06,4.4918455e-08,1.2539367e-07,1.095546e-06,5.898302e-07,1.3921267e-09,1.2856717e-06,0.0018889974,0.0009810224,2.2794763e-08,7.715621e-08,2.5846063e-08,3.4976996e-08,4.0928905e-09,6.572913e-08,6.106516e-08,1.911977e-08,4.1476277e-08,2.4029882e-06,5.8892134e-08,5.001949e-07,2.6124791e-09,3.3477485e-07,5.396145e-10,5.5766355e-07,9.391011e-09,9.369766e-07
BC2026_Train_0044_S22_20220124_023000_010,1.5100856e-08,2.0950539e-07,9.802765e-09,0.016108021,2.8265387e-07,8.840967e-10,3.4043868e-08,7.621956e-07,0.019161403,0.2919121,0.61702293,8.303061e-07,9.770159e-08,4.4070223e-09,5.397128e-08,0.013377276,9.340618e-07,4.2867906e-10,0.13875695,4.9578943e-05,5.166414e-06,0.0059424015,1.9415832e-07,8.9208055e-07,3.8879025e-06,2.6167182e-09,2.330616e-06,1.7978978e-08,4.93452e-09,3.652278e-05,4.6736736e-06,2.0352662e-07,1.5730906e-06,1.9834015e-06,3.2388257e-07,4.0669795e-07,5.6537907e-08,4.590892e-07,9.773772e-07,1.2564174e-06,1.6845626e-05,2.3650025e-06,1.9297167e-06,5.4726247e-08,1.1599187e-07,6.533191e-08,5.386186e-07,3.00337e-08,1.6105213e-07,3.933001e-07,5.239624e-07,4.567533e-07,5.83729e-07,4.4531107e-06,1.0420695e-05,2.9836826e-08,6.630037e-09,0.995602,1.273064e-07,3.9350834e-07,0.1871791,1.7862073e-09,0.014727943,0.87153995,0.002602798,1.3562064e-07,1.6744997e-07,2.7678093e-09,1.1622657e-08,1.0368249e-06,2.0032016e-10,6.845368e-08,4.198657e-07,2.3408977e-07,1.7079003e-08,9.798214e-07,1.0711893e-05,1.1844932e-06,2.2128652e-06,1.6700326e-07,2.1362132e-06,6.7719275e-09,2.2676263e-06,2.8898336e-08,8.272159e-08,4.6678247e-06,8.610073e-08,1.7539821e-06,5.199675e-06,6.9888927e-07,0.00044111325,2.3977913e-07,1.9289666e-07,1.4478799e-06,1.810822e-05,6.048705e-06,1.2601117e-07,1.6452642e-06,3.4547897e-06,5.8957824e-07,9.874421e-07,2.0375378e-08,8.619028e-06,0.0023957754,0.00023114718,9.687977e-07,1.4350149e-08,2.2040073e-08,3.8727194e-06,6.860091e-06,2.4930841e-08,2.355401e-05,1.541662e-08,3.280259e-07,2.7442745e-06,5.944098e-07,1.9576979e-07,2.7567202e-08,4.043863e-07,4.4462276e-06,1.0161626e-07,2.7656922e-06,2.465391e-07,2.0280218e-05,3.374327e-07,3.358016e-07,3.757308e-07,3.608026e-08,5.600267e-07,2.1684425e-06,2.2694811e-08,3.119239e-06,2.82951e-08,2.540497e-07,6.281339e-07,1.3104179e-06,4.654294e-06,3.9090912e-07,4.933605e-07,9.341705e-05,1.6470194e-06,1.5431954e-07,2.47756e-07,1.8164824e-06,8.8805206e-07,1.3776734e-08,1.2450419e-06,5.36309e-08,1.0659082e-06,1.9062605e-07,4.7113397e-07,1.085254e-07,6.966686e-07,3.9104147e-08,7.699949e-08,1.5103959e-07,5.5569608e-08,4.7364598e-08,3.1007414e-07,1.3109413e-07,1.7764069e-07,2.4469268e-06,5.362251e-08,8.214426e-08,3.2433626e-08,0.00024124248,8.3933124e-08,3.4545906e-07,4.4061088e-07,1.7100325e-06,2.7263509e-06,5.976778e-08,1.4335015e-09,6.010215e-07,4.5163517e-07,1.6115858e-06,3.4211922e-07,4.1885625e-07,4.7562585e-07,1.8455718e-07,1.943997e-06,5.1428785e-08,4.357308e-06,4.179039e-07,1.7970308e-06,1.2323841e-06,1.1861849e-07,4.8506087e-07,1.2549022e-07,3.0313397e-06,1.037351e-06,7.3653644e-07,1.9243878e-07,2.2668686e-07,9.2146183e-07,9.05968e-06,1.350394e-06,5.4612684e-08,1.4473827e-06,2.3533063e-08,1.827063e-07,1.1916091e-07,3.888457e-09,3.2014848e-06,6.841543e-08,6.868582e-06,6.248198e-07,2.850906e-06,5.3862372e-08,1.5787475e-06,2.3215624e-07,2.8745596e-06,7.9016196e-08,6.206281e-06,0.00040951069,0.00053197594,1.8857939e-07,1.9523318e-07,1.3546567e-07,8.4382904e-08,3.3077219e-09,3.4173343e-07,3.739527e-07,1.0206536e-07,4.1518072e-07,3.5204434e-06,6.0398065e-08,5.0595355e-07,1.0347505e-08,8.4846795e-07,7.36544e-09,1.6003397e-06,5.500292e-08,3.283431e-06
BC2026_Train_0044_S22_20220124_023000_015,6.5542696e-09,1.2189084e-06,5.162998e-07,0.001132061,6.0221254e-07,2.9056557e-09,1.587763e-07,4.472083e-06,0.010758695,0.008074027,0.021918805,1.8309158e-06,4.439787e-06,5.5621086e-07,8.41722e-06,0.029615471,3.4842753e-08,1.4587583e-07,0.33316132,6.8973626e-05,0.00026494975,0.23172139,1.1651683e-07,4.6408154e-06,2.2783544e-05,1.6524513e-08,6.396599e-05,1.4313001e-08,7.014114e-10,2.596832e-07,6.982397e-06,7.948712e-07,2.4466492e-06,7.2509306e-06,1.7368753e-06,2.246564e-06,4.760161e-07,1.4220801e-06,4.3131863e-06,6.4902197e-06,0.00010380293,5.4252914e-06,1.0631088e-05,1.4598618e-07,1.8479438e-06,9.3200543e-07,3.9992965e-06,4.6711456e-08,3.803516e-07,6.727694e-07,1.3408335e-06,1.3313065e-06,1.6178487e-06,2.4462654e-05,6.5516906e-05,2.4234842e-07,2.7465227e-08,0.9208609,2.8081823e-07,6.318599e-06,0.20074177,6.3553793e-09,0.0077406787,0.3077226,0.0126358075,1.151637e-06,1.8938506e-05,5.3646044e-08,1.048179e-07,9.113149e-08,9.138559e-09,2.3185511e-07,3.0608655e-06,1.2432372e-06,3.2195715e-08,8.3176296e-08,9.252666e-06,6.096477e-06,8.836994e-07,8.1743497e-07,1.5012817e-05,7.271293e-08,1.0688984e-05,1.762732e-06,7.545044e-08,4.7443627e-06,5.247285e-07,6.9547445e-06,2.5478745e-05,1.4229905e-06,0.00062482664,1.1468912e-06,3.928581e-07,2.104561e-06,1.2518148e-05,3.227973e-06,8.0392647e-07,9.20192e-07,6.1223735e-05,1.2172007e-05,1.30767285e-05,4.4616613e-08,6.1196138e-06,0.00027948682,0.00016973978,2.938126e-06,3.3719982e-07,5.7928587e-06,0.00022571786,1.2951761e-05,1.011937e-06,0.00012183546,3.0616022e-07,2.7334318e-07,1.4477292e-06,1.0946072e-06,1.3210672e-06,6.897122e-07,3.3175428e-07,2.8716753e-05,1.6649598e-06,0.0011345457,2.162229e-06,0.00010923888,9.3510994e-07,5.739606e-06,1.9482877e-06,2.2708892e-07,1.3241915e-06,1.3004719e-06,3.9645772e-07,6.6488465e-06,3.1933528e-08,8.4234057e-07,1.6226464e-07,1.7167811e-06,7.890099e-05,3.869722e-07,1.3501364e-06,1.550765e-05,7.38322e-07,1.0503205e-05,9.31449e-06,1.6984222e-05,1.4576237e-06,1.2447731e-07,6.2223235e-06,7.4886984e-08,5.699693e-07,8.790613e-07,7.0974147e-07,2.3173374e-07,1.0454153e-06,2.1982143e-07,4.323072e-07,2.1069457e-07,6.73739e-08,8.3658296e-07,8.166767e-06,4.5595945e-07,5.106878e-07,2.270708e-06,1.6312593e-07,3.569776e-07,7.984399e-08,8.363695e-06,1.6028048e-07,4.0737286e-06,1.2970963e-07,5.118027e-06,3.1196494e-06,2.6127876e-07,7.867632e-08,2.6333075e-07,1.2638461e-05,3.789554e-05,2.4878814e-06,2.9889781e-05,7.3255787e-06,9.0201183e-07,8.518744e-06,3.9153697e-08,6.794825e-06,3.3762856e-06,3.1168865e-06,2.366187e-06,6.55626e-08,7.5534007e-07,9.769335e-07,7.675328e-07,2.1555275e-06,7.784333e-06,4.4144662e-07,3.469439e-06,4.6797304e-06,1.0104538e-05,2.2394097e-05,1.9452659e-07,1.4388829e-06,1.8579746e-07,2.44705e-07,1.2952721e-06,1.3383415e-08,1.05944e-05,1.07762e-07,2.3698256e-05,1.5279361e-06,3.0270205e-05,7.990508e-08,5.5842793e-06,9.868077e-07,1.3345761e-05,1.957031e-06,9.655422e-06,1.861173e-05,0.00033672192,2.2516402e-07,1.0149389e-06,1.0652446e-06,2.7304723e-06,6.9742554e-09,1.8611165e-06,1.6489604e-06,1.2968528e-07,4.8673787e-06,3.94418e-05,5.2517985e-06,2.215587e-06,1.6035793e-08,4.2853753e-06,1.8739794e-07,6.0220485e-05,1.0448064e-06,9.982848e-06
BC2026_Train_0044_S22_20220124_023000_020,6.133533e-10,2.4133615e-07,2.236832e-09,0.011932791,6.54207e-08,9.421933e-11,3.243483e-10,1.6868864e-07,0.19199277,0.03323219,0.061805453,1.1031728e-07,4.237952e-08,1.2129482e-08,1.5587759e-08,0.027111167,5.9562333e-09,4.3471782e-10,0.12826033,3.7324082e-06,6.7068177e-06,0.032302957,9.41494e-08,3.0185666e-07,4.0649353e-05,6.036127e-10,9.608653e-07,2.8661349e-09,7.992447e-11,2.3702657e-06,5.9482323e-07,5.132766e-08,3.4633328e-07,8.523414e-07,1.1095351e-07,1.17980946e-07,3.762969e-08,2.949148e-07,2.0647063e-07,3.4644557e-07,1.2557821e-05,3.2282207e-07,3.991928e-07,8.289388e-09,3.9177237e-07,2.6918215e-07,4.868516e-07,1.4554739e-08,7.7074134e-08,1.6442776e-07,5.267059e-08,4.4312493e-08,5.6041987e-08,1.5658551e-06,8.566313e-06,1.3613342e-09,1.3232579e-10,0.88521117,1.1430815e-08,7.1662106e-07,0.03535295,3.9385235e-11,0.001727896,0.6796883,0.00020837504,1.1435923e-07,1.5433867e-06,1.594912e-10,3.4865594e-10,9.801999e-09,2.3099569e-11,9.91478e-09,3.5711096e-08,1.3704086e-08,3.7107668e-09,1.0254317e-08,7.0686326e-07,5.172362e-07,1.0389197e-07,5.6360574e-07,1.8077654e-06,1.4718211e-09,1.9272913e-07,4.142242e-09,1.3270857e-08,1.8061182e-07,3.8825134e-09,1.1548106e-07,8.593434e-07,3.116857e-08,9.350654e-05,2.8196627e-07,2.961949e-08,2.2405399e-07,4.677812e-06,1.9222563e-07,2.6471504e-08,3.8006042e-06,2.0831934e-07,1.4337624e-07,8.451545e-07,7.6224556e-09,8.605958e-07,0.0049995696,0.0012370746,8.457465e-08,9.515378e-10,2.2629585e-08,2.3178752e-06,1.137415e-06,2.7450406e-08,1.6592912e-05,8.09196e-09,2.4567415e-08,6.039426e-08,2.1022569e-07,3.114481e-07,1.2200088e-08,8.906018e-08,8.457765e-06,2.4014437e-07,9.247826e-05,2.155055e-08,9.307803e-06,5.374108e-07,3.718804e-07,3.5919655e-08,7.024201e-08,1.2101987e-07,5.7637897e-07,2.6061699e-08,2.336546e-07,2.6798515e-08,1.2331078e-07,4.9924207e-09,5.069727e-08,4.490738e-06,6.184522e-08,5.3687607e-08,5.3993754e-06,1.6293633e-08,1.8277323e-07,5.6481742e-08,3.9691625e-07,1.1655307e-07,7.0368564e-09,2.6892275e-07,3.036031e-09,1.7998732e-07,3.1769257e-08,4.008526e-08,3.4098328e-08,2.5300222e-08,1.2513487e-08,1.208441e-07,1.258299e-08,1.858765e-09,4.5712474e-09,2.2924003e-07,5.1298002e-08,2.440754e-08,7.3354116e-08,2.7336611e-08,8.915331e-08,5.811858e-09,1.6274322e-06,1.1212569e-08,5.4912874e-07,8.734972e-09,2.542322e-07,2.5719393e-07,2.893005e-08,4.9400204e-09,3.1533936e-08,8.727804e-07,5.341051e-07,8.6748884e-08,2.4206252e-06,3.989485e-07,1.6635519e-07,5.76413e-07,1.02346025e-08,6.3875797e-07,9.6128176e-08,1.8358435e-07,8.905616e-07,1.9933235e-09,4.4109346e-08,5.288669e-09,3.0965188e-07,1.2548028e-07,1.7669413e-06,2.3642933e-08,3.1040847e-07,5.8472796e-07,9.159666e-07,5.572425e-07,1.7486322e-08,2.437275e-07,1.32660745e-08,2.6642054e-08,4.621906e-08,4.6210108e-10,1.5129577e-07,2.858368e-08,4.343028e-06,6.203981e-08,6.620626e-06,2.5518154e-09,1.0393735e-07,2.4385809e-08,6.3441576e-06,1.2025659e-08,3.723843e-07,7.5279066e-05,0.00089114497,1.8502898e-09,9.8981374e-08,1.7407421e-08,1.118056e-07,7.30169e-11,1.1238329e-07,3.3175926e-08,1.03571e-08,9.81633e-09,6.4521305e-06,8.296335e-08,2.7126544e-07,1.5722289e-10,5.2461536e-07,3.7089907e-09,2.127552e-06,3.7521193e-07,1.9622136e-07
BC2026_Train_0044_S22_20220124_023000_025,9.916779e-10,4.569846e-08,1.830255e-09,0.01347214,2.2519014e-08,6.7732764e-11,9.262569e-10,5.977136e-07,0.18072388,0.6801837,0.8018737,1.1210626e-07,7.7485225e-08,1.7761063e-10,1.9176551e-09,0.031459842,1.16489716e-07,5.2536335e-12,0.09335128,7.490825e-07,2.7566045e-08,0.0014376473,1.8053898e-07,6.241427e-08,3.8265658e-05,3.7206654e-10,4.763154e-07,2.945278e-09,4.265164e-09,6.1964165e-05,3.2596802e-07,2.964679e-08,3.5307042e-07,1.4128014e-07,2.0824181e-08,2.6439311e-08,3.1328188e-08,6.730749e-08,9.869558e-08,4.2010036e-08,1.2840947e-06,1.4924177e-07,5.1640612e-08,6.043249e-09,1.0127489e-08,6.1831513e-09,2.6916542e-08,9.160075e-09,1.8312054e-08,2.7703615e-08,1.4655945e-08,9.785075e-09,1.3710229e-08,3.443391e-07,3.338159e-07,1.3411465e-09,1.2996583e-09,0.9884135,2.4955677e-08,1.2966684e-07,0.10225183,6.237598e-11,0.022378339,0.7864844,3.229174e-05,3.600437e-08,6.074825e-08,1.682298e-11,2.1526794e-09,2.381206e-07,2.8253266e-11,2.5524201e-08,6.6550085e-09,1.9615227e-08,2.7247162e-09,2.4681546e-08,2.7533156e-06,1.7559839e-07,3.5495225e-07,2.697446e-08,1.8948541e-06,2.0323425e-10,2.1438183e-07,2.2070772e-09,2.3097005e-08,5.189195e-07,1.9017243e-08,6.575025e-07,1.2927878e-06,1.7651624e-08,0.00015727452,1.5889765e-07,2.8287548e-08,3.6962632e-07,1.6241951e-05,9.769541e-07,1.626281e-07,1.7697038e-06,1.8007813e-07,7.519328e-08,3.2068488e-07,3.0633114e-09,4.7207805e-06,0.0019635193,0.0012304907,4.5951666e-08,4.2239563e-09,8.0041834e-10,7.3714716e-08,1.1484334e-06,1.0358899e-08,5.469756e-06,9.174147e-10,1.1806243e-07,4.6102804e-07,2.5335143e-07,3.8934534e-08,1.0040687e-08,1.0261836e-07,2.1279395e-06,7.067379e-08,5.7109776e-07,1.1001613e-08,2.550718e-06,9.691095e-08,1.3580016e-07,3.339954e-08,5.100599e-08,3.6554727e-07,4.1499734e-06,6.048556e-08,5.013397e-07,4.6038167e-08,6.1882155e-08,2.5820443e-08,1.2558803e-07,5.9054555e-06,1.6504771e-07,1.1533677e-07,7.186508e-06,7.023637e-07,1.5615075e-08,1.89666e-08,6.367163e-08,8.2479824e-07,5.420976e-10,9.86444e-08,3.8875985e-08,3.288404e-06,1.1468514e-07,1.8598902e-08,2.0671612e-07,1.6435847e-07,6.154504e-08,3.2754162e-08,1.40935175e-08,3.4743064e-09,4.7457442e-09,5.128289e-07,6.893269e-08,6.122137e-07,2.4435496e-07,1.722941e-08,1.5351749e-07,3.6989656e-09,0.001395303,4.740726e-08,1.5018466e-07,1.2132629e-08,1.9636701e-07,3.2523675e-07,9.3942035e-08,3.4341882e-10,2.4475983e-07,3.4572605e-07,1.275013e-07,6.471022e-08,1.00608005e-07,1.3809876e-07,1.9344657e-07,6.5779915e-07,9.832727e-09,8.633603e-07,2.599076e-08,1.6107516e-07,5.0819335e-06,2.0835344e-08,4.956095e-08,1.7273075e-08,9.4056224e-07,6.3199394e-08,1.6311381e-07,8.072679e-08,9.543925e-08,6.469059e-07,3.0674667e-06,1.4575416e-07,1.5726625e-08,6.990226e-07,3.2600076e-09,1.7939962e-08,1.1500995e-08,2.2783395e-10,5.171148e-07,1.5114217e-07,1.2480198e-06,1.9977185e-06,3.2510698e-06,8.961375e-09,7.597102e-08,1.9812822e-08,7.660383e-06,1.2332242e-09,7.5949924e-07,0.0006324011,0.0021176413,6.6841532e-09,3.035743e-08,1.6149023e-08,4.9180775e-09,5.2707116e-10,5.3681763e-08,2.2903457e-08,1.2397104e-08,5.2600505e-08,2.7793224e-06,4.3929402e-09,1.5104779e-07,2.4793675e-10,2.5532046e-07,6.657849e-10,4.5670316e-07,1.05408745e-07,1.5827136e-07
BC2026_Train_0044_S22_20220124_023000_030,1.7210204e-11,3.4046142e-08,8.5505764e-10,0.0014734883,6.1730643e-09,7.2379026e-12,6.287698e-10,2.9477025e-07,0.08399984,0.7783811,0.7628661,3.2826772e-08,5.490762e-09,3.648226e-11,3.5212664e-09,0.13800198,9.981213e-08,1.2772076e-12,0.97287965,3.8412225e-08,5.3086695e-09,0.00055176165,2.238109e-08,5.1175647e-08,3.1614386e-06,1.6585178e-11,5.5409896e-07,3.2198383e-10,1.3333938e-11,2.2916645e-06,2.7464475e-07,2.9315246e-09,6.549535e-07,1.0349069e-07,1.8881309e-08,4.869168e-09,8.4841806e-10,7.92424e-09,1.523289e-07,4.530229e-08,1.2362485e-06,1.4473288e-07,5.466125e-08,3.7006853e-10,5.2184075e-09,2.76293e-09,3.8949903e-08,6.181406e-09,5.8954934e-09,5.878471e-09,1.2270236e-08,9.566447e-09,1.4178097e-08,5.735791e-07,1.9588333e-07,7.038437e-10,1.8086386e-09,0.9974214,4.3650026e-09,1.6279717e-08,0.05526825,1.1479375e-10,0.0006270661,0.45741215,8.657284e-05,4.6248864e-08,8.180852e-09,9.609183e-13,4.4015875e-09,2.1194604e-07,1.5089287e-11,2.0241153e-09,6.384197e-09,2.8705733e-08,1.5752495e-09,1.0530862e-08,6.4738388e-06,8.314077e-08,7.826404e-07,7.0087403e-09,1.1612728e-06,2.65725e-10,1.772873e-07,9.780889e-10,1.5629787e-09,1.4010999e-07,8.198347e-09,6.276022e-08,7.159489e-07,4.6527284e-09,3.852893e-06,4.769203e-08,2.9918819e-09,5.3883745e-08,3.1414256e-06,3.1375913e-07,3.0058054e-08,8.302206e-07,5.754524e-08,1.5631903e-07,2.5704232e-08,1.6679288e-09,5.2346496e-07,9.464493e-05,5.4996053e-05,2.0521753e-08,2.351303e-10,6.3951744e-10,4.795099e-07,2.1531926e-07,1.3667926e-09,6.5059116e-06,1.516784e-10,4.6101762e-09,1.5824813e-07,2.98555e-08,6.0203114e-08,6.1406325e-08,1.1668302e-08,8.420676e-07,3.820602e-08,2.3700956e-07,6.120646e-09,2.2008269e-06,3.1462066e-09,5.8329935e-08,2.8485928e-08,2.2899917e-08,1.5709267e-08,1.945989e-06,7.082017e-09,2.3611098e-07,2.1479178e-09,3.1613727e-08,8.891214e-09,2.7540116e-07,1.8694936e-07,2.2911713e-08,5.7447085e-08,2.3429463e-06,8.566955e-07,1.0765547e-09,4.487461e-08,2.9196187e-07,3.0692636e-06,1.7457776e-10,6.390974e-08,2.9594982e-08,1.5903514e-07,1.3214827e-07,1.301229e-08,1.5554763e-08,8.565748e-08,1.814059e-09,4.4864173e-08,1.683787e-08,3.8992684e-10,4.8009254e-09,8.043845e-08,3.5595964e-08,2.3247098e-08,1.41845335e-08,3.3071207e-10,3.5285814e-09,7.2489215e-10,0.0024959869,6.9315035e-08,5.610637e-08,1.3695986e-08,1.4117643e-07,2.4800778e-07,9.471058e-09,1.6862889e-10,3.6374065e-08,1.0774777e-06,2.7825476e-07,5.1525888e-08,7.7980244e-09,3.7977888e-08,2.7366603e-08,1.852638e-07,1.6964421e-09,1.2632838e-06,1.3451437e-08,1.1553393e-07,1.0468989e-06,9.912076e-09,6.168301e-08,2.1165594e-08,3.3159134e-07,2.9586912e-08,7.052406e-08,1.9034333e-08,8.350661e-08,2.4085926e-07,1.8242838e-06,6.999072e-08,6.6634804e-09,3.3352788e-07,3.0393104e-09,7.794277e-09,6.2979035e-09,2.8035107e-11,4.5532804e-08,1.3367165e-08,7.541819e-07,1.1724516e-07,2.81705e-07,2.732919e-09,4.8754156e-08,5.7145333e-09,1.4334756e-06,3.7102763e-10,3.3393403e-07,2.7295086e-05,4.950916e-05,5.247132e-09,5.780805e-08,3.543189e-09,8.734806e-09,1.7744944e-10,6.311808e-08,1.1231065e-07,5.4349347e-09,7.656059e-08,5.077105e-07,2.544889e-09,3.1933347e-08,7.3427785e-11,1.8258561e-07,6.7571594e-11,4.8743186e-07,2.3963185e-08,7.698143e-08
BC2026_Train_0044_S22_20220124_023000_035,7.0195066e-10,5.1452383e-07,3.273586e-08,0.002792934,2.9243724e-08,3.7199344e-10,3.509842e-08,5.7244296e-07,0.00652717,0.5686683,0.14030404,4.4553184e-07,2.136485e-07,1.4484536e-08,2.4449483e-07,0.0039488375,2.9885523e-08,2.3980168e-10,0.5932751,1.1480016e-05,2.1040722e-07,0.029002585,1.8832814e-07,3.827342e-07,1.4740627e-05,1.4814732e-09,1.4947515e-05,5.755718e-09,4.4369874e-10,4.8870716e-06,1.6661129e-06,5.056612e-08,1.7898832e-06,1.2429443e-06,1.6424049e-07,1.3847342e-07,2.1139087e-08,2.7569152e-07,8.762332e-07,6.738231e-07,1.9819621e-05,1.5783711e-06,4.7744686e-07,7.839872e-09,1.199101e-07,7.195577e-08,3.784477e-07,1.6611544e-08,6.814728e-08,1.6154851e-07,9.063832e-08,8.490826e-08,1.003246e-07,3.930185e-06,4.8433235e-06,4.9057874e-08,6.520752e-09,0.93013585,2.0489847e-07,2.0844833e-07,0.02797961,1.5301738e-10,0.0014024416,0.029611517,0.00028838502,3.76166e-07,3.7539303e-07,4.0022885e-10,1.05106594e-07,2.2766571e-07,9.1428604e-10,1.1282009e-08,3.9761602e-07,1.12118016e-07,3.780162e-08,3.2849822e-08,6.5392273e-06,6.7957956e-07,2.8742415e-06,2.5754957e-07,3.5279318e-06,1.9636441e-09,7.919128e-06,4.9619686e-08,1.7395205e-08,2.2655945e-06,2.3020435e-08,7.349458e-07,4.2500437e-06,5.861288e-08,6.4784115e-05,2.1599568e-07,1.4505663e-07,4.2577702e-07,4.068336e-06,1.1004603e-06,1.6865212e-07,2.374705e-06,7.902312e-07,7.032941e-07,3.7154996e-07,5.1974185e-09,1.4173943e-05,0.0005149694,0.0017453905,3.1895038e-07,1.5227394e-08,3.2047144e-08,1.515813e-06,2.1319167e-06,1.0102182e-07,0.00022009057,5.8264753e-09,9.001225e-08,7.5504275e-08,2.5902702e-07,4.8545377e-07,2.0515559e-07,4.762685e-08,8.51297e-06,6.1539987e-07,5.8887694e-05,6.6798485e-08,1.4021177e-05,3.3537722e-07,1.1561059e-06,3.196538e-07,9.1063214e-08,1.7698641e-06,3.2671978e-06,8.432981e-08,5.3861044e-07,1.3535958e-08,1.0104976e-07,2.8094512e-08,2.3780517e-07,1.6191116e-05,1.0994905e-07,6.1958445e-07,3.4086706e-06,2.4703552e-06,9.031595e-08,2.9945016e-07,1.1931048e-06,2.9849016e-07,5.117328e-09,5.203889e-07,2.8926e-07,5.566073e-07,1.9368505e-07,6.114009e-08,4.989757e-08,5.062967e-07,8.835901e-08,1.09665045e-07,7.602886e-08,3.8478785e-09,3.5137273e-08,1.2925511e-06,8.0561654e-07,7.115965e-07,2.0741084e-07,2.539402e-07,1.198591e-07,5.07221e-09,0.0001754616,4.6728348e-07,6.2879496e-07,3.3506993e-08,6.428788e-07,1.5518763e-06,3.0659177e-07,4.3547903e-09,1.369385e-07,1.555112e-06,1.7627692e-06,2.8461116e-07,3.61765e-07,4.1278582e-07,2.2537183e-06,2.370727e-06,2.435332e-08,6.4277333e-07,6.255455e-08,4.8161803e-07,2.6523946e-06,1.44800065e-08,1.4343901e-07,3.9572484e-08,8.4213974e-07,1.4845081e-07,4.898831e-07,6.887198e-08,1.003526e-06,7.886381e-07,4.2971e-06,1.0072433e-06,3.386629e-08,9.787259e-07,1.2041937e-07,7.440547e-08,1.7009173e-08,5.2863874e-10,8.58165e-07,1.14880535e-07,8.895024e-06,5.204941e-07,4.00167e-06,6.0818124e-09,2.0964708e-07,7.103327e-08,3.7995374e-05,4.987588e-08,9.851085e-07,1.9430889e-05,0.00061897555,5.766885e-08,6.658058e-08,1.4673904e-08,9.2190774e-08,1.6762207e-09,3.8648759e-07,5.250058e-07,1.8347714e-08,9.724068e-07,6.4097217e-06,3.8842703e-08,3.1384204e-07,3.5704253e-10,9.597965e-07,1.9836568e-08,9.362474e-06,3.8127334e-07,7.663977e-07
BC2026_Train_0044_S22_20220124_023000_040,1.9844506e-09,1.5126692e-06,3.104155e-08,0.0044796937,1.9576885e-07,1.3297405e-09,2.8849217e-07,5.870507e-07,0.009393921,0.20459074,0.17755438,5.782139e-07,1.556563e-06,7.1648316e-08,8.290883e-07,0.019380981,6.2126844e-08,4.79549e-09,0.15741235,1.9804676e-05,5.732577e-06,0.3623842,4.1344694e-07,1.8556915e-06,1.4927472e-05,1.6820472e-08,4.50687e-06,3.1721786e-08,2.7312036e-10,3.3373387e-06,3.3679275e-06,5.994564e-08,1.5174822e-06,3.2288199e-06,7.9129984e-07,1.66264e-07,6.035062e-08,3.9525762e-07,2.5807456e-06,1.621095e-06,4.683245e-05,1.7993065e-06,2.6549355e-06,7.467713e-09,4.3163854e-07,2.9044168e-07,1.2308934e-06,3.0599438e-08,1.4338377e-07,3.036792e-07,3.3045333e-07,3.5379713e-07,4.771587e-07,1.1842755e-05,9.246509e-06,6.479346e-08,1.6983531e-08,0.7389203,6.2313813e-07,1.4657533e-06,0.047371056,6.0380273e-10,0.0018123732,0.03285625,0.00052243745,9.351688e-07,4.4976987e-06,2.281933e-09,5.8128467e-07,7.073017e-08,3.957428e-09,9.32517e-08,1.4827723e-06,1.0403053e-06,1.211447e-07,1.6868285e-07,1.4087185e-05,1.5697127e-06,2.2904453e-06,2.8090367e-06,7.696682e-06,1.773894e-08,5.6514044e-05,1.95244e-07,5.8788768e-08,7.349686e-06,1.032122e-06,2.4530693e-06,1.2753496e-05,3.269478e-07,0.00037723331,1.421554e-06,3.9947687e-07,3.171927e-06,3.7837372e-06,7.246813e-07,1.7019045e-07,3.856948e-06,2.0805678e-06,2.463575e-06,1.1828698e-06,2.7328946e-08,2.5325717e-05,0.0015111092,0.00046209918,4.294394e-07,9.401535e-08,1.0374801e-07,3.1610227e-06,1.6047035e-05,1.311857e-06,0.000218027,5.046813e-08,1.315958e-07,2.0731788e-07,7.779464e-07,6.539381e-07,5.648794e-07,3.3842406e-07,2.3682347e-05,7.5776097e-06,0.000657607,4.25922e-07,2.278363e-05,5.871128e-07,4.0808636e-06,1.28138e-06,5.2117804e-07,6.649607e-06,9.112685e-06,3.253438e-07,1.7716288e-06,1.657569e-07,1.5681131e-07,3.666781e-08,3.458632e-07,3.9887607e-05,7.078178e-07,2.3072935e-06,2.7763792e-06,5.2138867e-06,1.4439939e-06,6.1703927e-06,2.6931182e-06,2.882224e-07,1.0312989e-07,4.2690795e-06,2.574106e-07,1.0471296e-06,5.3074876e-07,1.9000788e-07,3.184379e-07,1.4914417e-06,3.340847e-07,3.446966e-07,2.3731808e-07,1.5030828e-08,2.6557382e-07,5.703147e-06,4.8392883e-07,1.7060954e-06,2.9462015e-07,2.4465066e-06,5.7323354e-07,1.6617058e-08,0.00037021853,1.0939195e-06,1.9225106e-06,1.10936796e-07,1.1386641e-06,2.3306607e-06,1.354675e-06,2.9750002e-08,5.657431e-07,3.5224148e-06,1.833658e-05,1.6082727e-06,6.0408706e-06,4.8219804e-06,8.5014864e-07,9.3472e-06,2.6527204e-08,2.9122796e-06,3.2441704e-07,1.1340064e-06,9.561408e-06,2.0338034e-07,1.1116666e-06,9.180106e-08,1.5524461e-06,8.513145e-07,3.2721466e-06,5.3034093e-08,5.3215394e-06,6.6738e-06,1.7200444e-05,3.7662908e-06,5.6748473e-08,2.1902467e-06,6.4023016e-07,7.739969e-07,3.4427437e-08,1.9746036e-09,1.3829997e-05,1.3516846e-07,1.4443492e-05,8.9664206e-07,5.257977e-06,1.9828624e-08,1.3274664e-06,4.2243417e-07,0.000119610326,4.8415177e-07,5.2214245e-06,1.4391244e-05,0.00044184324,1.8489754e-07,4.6972255e-07,9.295904e-08,1.6954051e-07,9.164479e-09,1.1893401e-06,5.802904e-07,4.5337032e-08,1.798996e-06,2.186044e-05,2.6175312e-07,1.0208371e-06,1.3986928e-09,6.33283e-06,2.4863772e-07,2.7305263e-05,4.8712095e-06,3.4399195e-06
BC2026_Train_0044_S22_20220124_023000_045,2.2475641e-11,8.9112e-08,9.6072e-10,0.012804038,2.8993725e-09,1.0457468e-11,5.84561e-09,1.3637535e-07,0.029032646,0.9270576,0.8211163,5.136566e-08,1.5463009e-07,2.7320474e-10,1.469477e-08,0.0030494973,7.3950703e-09,1.3765524e-11,0.16198917,4.3439962e-07,1.87653e-09,0.0011668152,7.6337784e-08,7.3749035e-08,1.8502575e-06,8.7097586e-11,1.2011932e-07,1.0035148e-09,1.3744629e-09,4.8080715e-06,7.9483937e-07,3.9557843e-08,1.6459045e-06,2.8947386e-07,5.8073613e-08,9.382959e-08,5.7162777e-09,7.7533564e-08,5.69621e-07,1.5932996e-07,1.3846731e-05,5.0232944e-07,9.0647816e-08,9.94002e-09,3.1503813e-08,1.8998824e-08,1.9146051e-07,1.160456e-08,5.230398e-08,7.834344e-08,2.0932417e-08,2.161914e-08,2.3412676e-08,1.531138e-06,2.5830057e-06,3.2546212e-09,5.1326556e-09,0.99220145,6.1697567e-09,5.7785456e-08,0.0045489566,2.0843624e-11,0.00659211,0.030213013,1.1981918e-05,4.521682e-08,1.3999752e-07,4.1850082e-12,9.985665e-09,1.9341865e-08,4.9438512e-11,1.7447775e-08,5.4082573e-08,7.6378095e-09,1.275224e-08,2.7442395e-08,5.6699955e-06,1.1273754e-07,2.0194327e-06,2.9463417e-08,1.746326e-06,8.1209116e-11,1.4009985e-06,1.6485062e-09,3.5317123e-09,3.0350836e-07,4.6754245e-08,2.6639924e-07,2.860615e-06,1.1620684e-08,6.2532213e-06,1.453796e-07,2.9716425e-08,9.057193e-07,1.7069204e-06,6.950939e-08,4.649413e-08,1.0568184e-05,5.766071e-08,1.3578526e-07,1.5483455e-08,5.223636e-09,2.5434524e-06,0.0003491321,0.00018096181,8.042188e-08,2.2695492e-09,1.185134e-10,2.1341575e-07,7.68079e-07,1.3606392e-08,2.054743e-05,7.497309e-10,1.6901193e-08,2.510865e-08,6.570143e-08,2.7086342e-08,2.6155169e-08,2.2632177e-08,3.3654874e-06,1.7729018e-07,8.0313873e-07,6.571619e-09,4.162836e-06,8.161122e-09,1.5185098e-07,2.9714386e-08,5.9494685e-08,9.0812364e-07,4.044595e-06,1.475932e-08,8.730245e-08,1.1818326e-08,1.496138e-08,2.2618658e-09,5.2565787e-09,2.7533285e-06,5.146872e-08,1.5549575e-07,8.043452e-07,3.0657968e-06,2.5614328e-08,2.1348816e-08,7.6379294e-08,1.465507e-07,3.0657998e-10,2.0230034e-07,1.08456284e-07,3.0598032e-06,4.1839147e-08,2.7409428e-09,2.6102222e-07,1.1187321e-07,2.2975254e-08,2.618357e-08,2.1948539e-08,3.1973313e-09,4.110846e-09,9.849723e-07,9.824856e-08,5.029914e-07,4.257209e-08,1.3120301e-08,8.373533e-08,4.5986254e-10,0.0012390662,1.4838288e-07,6.929178e-08,1.6889752e-08,1.6086238e-07,7.0946743e-07,1.1187194e-07,4.950572e-10,1.04786125e-07,2.773762e-07,3.2476035e-07,1.3433362e-08,9.286475e-08,4.6647266e-08,1.5348806e-07,6.608431e-07,4.7912287e-09,2.1556887e-07,5.2004627e-09,1.8129987e-07,1.1179989e-05,4.012142e-09,9.318235e-08,8.031546e-09,1.0221736e-06,6.9837775e-08,1.6837346e-07,2.0659643e-08,1.7296603e-07,7.460127e-07,1.8887021e-06,2.220199e-07,8.439606e-09,9.027703e-08,7.3960726e-09,2.5153467e-08,5.9991603e-09,4.328857e-11,7.5342996e-07,7.4223756e-08,1.906482e-06,1.371646e-07,3.5032986e-07,1.2024047e-09,2.9869e-08,7.1909776e-09,5.132696e-05,2.2021531e-09,4.023521e-07,5.1766958e-05,0.00031157205,5.2468216e-09,7.812077e-09,3.899791e-09,2.2977433e-09,5.5369276e-10,7.709972e-08,2.9832844e-08,7.790996e-08,3.1264858e-07,2.644532e-06,1.451232e-09,3.5018243e-08,7.4855885e-11,2.0432358e-07,3.0907768e-10,9.747299e-07,7.2601644e-08,1.0689627e-07
BC2026_Train_0044_S22_20220124_023000_050,3.3229707e-11,1.6876067e-08,9.143053e-10,0.007208631,7.2086794e-09,9.694368e-12,9.274112e-10,5.4985613e-08,0.13836302,0.37043145,0.57840556,3.6263366e-08,3.5058527e-09,7.466737e-11,2.3212263e-09,0.014521897,1.6594853e-08,8.000131e-12,0.024120292,5.2417226e-07,6.3932024e-09,0.022758953,2.9092622e-08,2.409495e-08,1.7635122e-06,4.6980336e-11,2.4742492e-08,9.503227e-10,4.3790507e-10,1.2188409e-05,1.4808091e-07,9.570425e-09,1.4526151e-07,8.047344e-08,8.787343e-09,1.605777e-08,3.3865173e-09,2.1438384e-08,7.630911e-08,3.048491e-08,1.400101e-06,6.241249e-08,2.1637415e-08,1.8480537e-09,4.838709e-09,2.5330098e-09,1.5452123e-08,1.4355864e-09,6.134647e-09,1.1684873e-08,4.3594692e-09,3.0363263e-09,4.5346438e-09,2.397446e-07,2.8160025e-07,2.8441924e-10,2.1001902e-10,0.99377054,2.6448679e-09,4.2853973e-08,0.033118784,9.58424e-12,0.0115167815,0.7566454,6.0240305e-05,3.8029695e-09,7.307497e-08,8.623139e-12,2.9707217e-10,1.4394558e-08,3.4404654e-12,1.2498698e-08,5.0931406e-09,1.600942e-08,1.3530015e-09,7.787827e-09,1.1155197e-06,7.24944e-08,1.418266e-07,2.6608792e-08,8.486234e-07,4.8320823e-11,4.3650672e-07,2.14997e-10,7.3738873e-09,1.5043896e-07,2.652599e-08,1.1074272e-07,4.381934e-07,1.1419964e-08,1.6209842e-05,3.8083787e-08,1.4695583e-08,3.903786e-07,4.700484e-06,8.211151e-08,1.3392582e-08,6.831789e-07,5.3984767e-08,5.7270185e-08,3.04945e-08,1.2095237e-09,7.960478e-07,0.00029294606,0.000113082446,2.4405912e-08,7.4140766e-10,1.093176e-10,7.284286e-08,5.750245e-07,8.973276e-10,3.8521175e-06,2.4141755e-10,1.4335459e-08,9.795405e-08,5.2528723e-08,8.534531e-09,4.9645603e-09,2.792862e-08,6.70236e-07,1.6388604e-08,1.2156214e-07,4.0071026e-09,1.958082e-06,7.4068858e-09,7.308626e-08,9.035709e-09,2.073453e-08,7.486913e-08,6.822381e-07,1.8363469e-08,9.539156e-08,1.4056522e-08,9.944212e-09,2.0232662e-09,9.17632e-09,2.0098512e-06,1.6452244e-08,4.458761e-08,2.3551101e-07,1.5487299e-07,1.1167747e-08,3.4518173e-08,9.607264e-08,4.5692527e-08,1.3894283e-10,1.7494334e-07,2.807575e-09,9.469713e-07,1.02854445e-08,4.434223e-09,4.4493984e-08,2.6204605e-08,3.302622e-09,2.228223e-08,6.9244575e-09,2.2191413e-09,1.3315553e-09,2.2716927e-07,6.5292145e-09,6.4951095e-08,3.6114137e-08,1.2820159e-08,1.6789862e-08,4.219662e-10,0.00013845197,1.2138901e-08,4.5181043e-08,4.519042e-09,7.007073e-08,2.398022e-07,1.5695669e-08,7.375624e-11,1.1912773e-07,3.456107e-07,3.729735e-08,2.7834268e-09,7.4224175e-08,4.2936033e-08,3.3146073e-08,4.2833793e-07,1.6989548e-09,2.9388409e-07,7.710747e-09,1.4655964e-07,2.0625032e-06,1.2541843e-09,3.115538e-08,4.6864486e-09,2.731311e-07,5.1506237e-08,1.3932357e-07,3.9086006e-09,3.2454604e-08,1.8518837e-07,5.630846e-07,8.775255e-08,2.9694316e-09,1.4341617e-07,4.6541575e-09,7.4706765e-09,2.5579552e-09,1.9955353e-11,4.5677635e-07,1.40023895e-08,6.865877e-07,3.516811e-08,3.458906e-07,9.589588e-10,4.2439698e-08,3.4018737e-09,1.0271897e-06,1.6826185e-08,5.91144e-07,3.3487268e-05,0.00018631367,2.2090145e-09,5.4056253e-09,2.8548575e-09,2.8884324e-09,1.396842e-10,2.701076e-08,5.3346345e-09,4.3915493e-09,5.3131497e-08,1.3443047e-06,2.0089803e-09,6.6737094e-08,1.7815484e-10,9.029563e-08,1.3925777e-10,2.934097e-07,4.328401e-08,6.140597e-08
BC2026_Train_0044_S22_20220124_023000_055,1.8482468e-10,2.9347768e-07,1.0551793e-08,0.0031000213,5.237276e-08,1.5290914e-10,1.7780799e-09,7.22808e-07,0.032120768,0.2245461,0.13945419,1.4698965e-07,1.04736166e-07,1.0693028e-08,1.7703184e-07,0.021700758,3.9863004e-08,1.87751e-10,0.42337242,5.2197474e-06,6.6068935e-07,0.125323,8.653158e-08,4.3294582e-07,3.0150244e-05,1.0463425e-09,1.0014676e-05,6.1688983e-09,2.7993483e-11,3.406318e-06,7.5763137e-07,1.2970141e-08,6.2948436e-07,6.587886e-07,1.21789e-07,2.7769904e-08,1.3747413e-08,1.12607616e-07,4.7280972e-07,2.593966e-07,1.5439404e-05,6.335654e-07,4.807966e-07,1.3253271e-09,5.629837e-08,3.1521367e-08,2.458847e-07,8.93799e-09,3.511851e-08,7.00006e-08,5.2509183e-08,4.6167166e-08,6.750098e-08,2.9263863e-06,1.6811048e-06,6.18051e-09,1.5166084e-09,0.9040181,5.205814e-08,1.3972728e-07,0.0061064265,2.3880392e-10,0.0027138817,0.11285282,0.00029482497,1.1406983e-07,8.0079303e-07,1.8301421e-10,2.9576642e-08,9.822458e-08,9.412125e-11,2.5311904e-08,1.7371937e-07,7.384292e-08,1.0029491e-08,2.0071312e-08,2.2883646e-06,3.1290125e-07,1.1975335e-06,2.5175555e-07,6.7955825e-06,1.4918827e-09,3.039636e-06,8.7296954e-08,2.4983011e-08,2.0427267e-06,1.5823085e-08,4.792429e-07,2.430236e-06,3.4055365e-08,5.8228376e-05,3.6109526e-07,8.248086e-08,4.1627973e-07,4.5700303e-06,2.802358e-07,1.3243591e-07,2.0928783e-06,5.6778083e-07,3.2182646e-07,6.578437e-07,3.4547996e-09,3.3590231e-06,0.00097564043,0.00053193595,1.0995765e-07,5.524166e-09,5.0248268e-08,7.491883e-07,1.5416877e-06,9.652945e-08,2.5043493e-05,7.622034e-09,2.0129589e-08,5.931374e-08,1.2884341e-07,1.3616248e-07,1.1671256e-07,6.354327e-08,1.585027e-05,8.637128e-07,2.0111274e-05,5.133989e-08,1.1400253e-05,1.2195358e-07,1.3804479e-06,4.7499987e-07,3.8643478e-08,5.3987134e-07,1.1391518e-06,6.4276975e-08,4.2141417e-07,1.2106299e-08,1.2598882e-07,1.7633386e-08,4.3401948e-07,8.83928e-06,4.892052e-08,1.070007e-07,3.1632603e-06,7.09862e-07,1.9706282e-07,2.8161423e-07,1.2682427e-06,1.0246698e-07,5.2924634e-09,4.0715778e-07,4.4400643e-08,1.8410276e-07,1.5529407e-07,3.5722746e-08,8.338327e-08,2.1514047e-07,4.6556426e-08,5.1528744e-08,7.9728785e-08,1.4378938e-09,2.2171877e-08,5.2198084e-07,2.8942497e-07,6.6489214e-08,1.7092712e-07,1.848212e-07,6.918929e-08,6.0268692e-09,0.00010780822,9.0902695e-08,2.6989343e-07,5.746397e-08,3.0615118e-07,4.6420718e-07,1.3983659e-07,3.736099e-09,4.3677108e-08,4.4475365e-07,2.3605928e-06,1.9412444e-07,5.5566056e-07,7.245631e-07,2.3283738e-07,1.9766017e-06,7.496856e-09,6.5108185e-07,3.417066e-08,1.5460236e-07,2.363377e-06,6.97129e-09,8.010574e-08,6.23819e-08,3.096486e-07,2.2671499e-07,4.3167847e-07,3.9183284e-08,2.9648862e-07,1.0837889e-06,2.4633632e-06,6.5509965e-07,1.9843494e-08,4.7493776e-07,6.213893e-08,3.040338e-08,2.2983494e-08,3.2593406e-10,4.1191794e-07,3.365694e-08,3.6181711e-06,1.5536918e-07,2.6794023e-06,2.0995785e-09,1.9949776e-07,1.9139984e-08,1.5782953e-05,2.3679307e-08,9.486136e-07,8.494448e-06,0.00051398954,2.406661e-08,9.509038e-08,1.8623252e-08,9.2290875e-08,3.0231317e-10,1.687601e-07,2.0779333e-07,1.5884257e-08,1.8207075e-07,3.2848654e-06,3.993706e-08,2.165319e-07,2.1092145e-10,3.9633375e-07,5.9789524e-09,5.779306e-06,5.19991e-07,7.3661784e-07
BC2026_Train_0045_S22_20220125_211500_000,8.7143803e-07,6.654618e-06,7.038731e-07,3.7706322e-05,8.037049e-07,7.175949e-07,1.0556685e-06,2.1537828e-06,1.3558275e-05,0.00014058236,0.003771767,3.9425442e-05,2.7893272e-08,2.5676798e-07,2.39412e-06,0.4337474,2.2043914e-06,2.7100965e-08,0.99851817,6.059272e-05,4.389477e-06,0.9868701,2.7780407e-05,2.9700193e-06,0.0016948339,7.348656e-06,0.00024621008,1.5073933e-05,2.4042076e-06,6.0600178e-05,2.5367638e-06,1.2103192e-06,3.2444168e-06,5.334209e-07,5.0362837e-07,1.1959197e-06,6.893683e-07,1.6562637e-06,4.300513e-07,5.0716756e-07,9.022829e-06,9.672847e-07,2.9404775e-06,1.2321336e-06,1.7577736e-07,1.9260806e-07,1.9479646e-06,1.1062666e-06,4.0798068e-07,1.52835e-06,6.000942e-07,5.0916907e-07,7.9229574e-07,2.360199e-06,4.4836515e-06,6.6543653e-06,2.328935e-08,0.10526971,6.102672e-06,2.1892297e-06,0.97838414,5.2661846e-08,7.595472e-05,0.9962321,0.008737236,3.8235383e-05,2.8562672e-06,3.0518534e-06,5.2685763e-08,3.1337622e-05,1.4492107e-08,2.4351814e-07,2.5140667e-05,8.698748e-06,1.4051034e-07,2.523892e-05,8.107047e-05,5.069405e-05,1.1323702e-06,3.026256e-06,4.4859367e-05,1.421172e-05,3.911413e-05,1.9012765e-06,3.4063192e-05,2.0673795e-05,3.8392488e-07,1.15504745e-05,3.014004e-05,0.000115162,0.00014542899,5.1633897e-06,3.317753e-06,0.00020671831,0.0015134816,0.00025774972,5.649803e-06,1.1034208e-05,7.088086e-06,7.7966815e-06,3.9228617e-05,1.6276432e-07,7.057355e-05,0.001545325,0.0006702592,1.4756661e-05,2.8473224e-07,1.8271521e-05,1.4855686e-05,6.343728e-06,8.193009e-06,4.2114993e-05,3.0243948e-06,5.4374545e-05,9.444406e-05,4.5052242e-05,5.778061e-05,2.1094329e-05,6.801055e-06,8.992616e-06,3.9215543e-06,3.141617e-05,6.789963e-05,0.00021786803,6.1422297e-06,3.414603e-05,8.271678e-05,7.411174e-06,3.8114212e-07,0.00030576432,5.938579e-06,0.00023605794,1.8223504e-06,2.2644974e-05,1.1680542e-05,5.3855656e-05,0.0003044263,4.811649e-06,1.52247e-06,1.9706351e-05,8.4081165e-07,1.1764515e-06,2.9980421e-05,9.16545e-05,1.1196806e-05,1.3339844e-06,9.3313065e-05,2.211084e-05,1.7858099e-06,3.108584e-05,2.9773482e-05,1.7337857e-06,3.9734645e-05,4.1202707e-06,1.2317752e-05,1.02873555e-05,3.426426e-07,9.0598184e-07,1.2870485e-05,5.639548e-06,1.4549555e-05,6.6619505e-05,2.6239723e-06,4.1572694e-06,3.7976395e-05,0.00055404694,4.662815e-06,1.5729565e-05,3.7596914e-05,5.968575e-05,6.141513e-05,4.5496168e-07,2.9598576e-07,1.2532219e-05,3.1587228e-05,1.246378e-05,3.8139185e-06,4.9811747e-06,0.00057488645,0.00020782325,1.9094998e-05,6.1521206e-07,0.00031443857,2.5707384e-05,3.923861e-05,1.3010574e-06,5.2158607e-06,8.4567655e-06,7.267483e-06,4.429709e-06,2.5597643e-05,7.004226e-06,4.3957352e-06,7.1007375e-06,4.3457774e-05,8.0443846e-05,6.3835774e-05,5.120483e-06,0.001289962,1.8321055e-06,9.131223e-06,3.420794e-07,2.74473e-07,0.0001293192,5.011407e-06,0.000101951606,1.9226673e-05,0.00014348584,1.5702291e-06,4.2707336e-05,2.1610625e-05,1.1182346e-05,4.5113804e-05,0.00043383447,0.000110307505,6.462363e-05,1.8520193e-05,8.1357095e-05,8.658868e-07,5.272402e-05,9.399775e-07,4.822767e-05,4.0319896e-06,9.081482e-08,3.7692445e-07,0.00012242941,7.056649e-06,0.0007810184,1.0950001e-05,6.168889e-05,4.0945596e-07,8.989665e-05,1.2726389e-05,8.297883e-05
BC2026_Train_0045_S22_20220125_211500_005,1.3045325e-06,1.0869441e-05,2.2764928e-06,5.7107376e-05,2.8373224e-06,2.441356e-06,6.037991e-06,3.6094864e-06,3.281736e-05,0.00012529305,0.008897428,0.00014470969,3.522666e-07,9.166622e-07,9.966751e-06,0.61992186,8.861283e-06,1.3388883e-07,0.9964876,0.0004575791,1.7112288e-05,0.9961842,3.5988985e-05,2.14485e-06,0.0015268298,1.6136117e-05,9.3979776e-05,2.2359141e-05,1.3703658e-05,0.00014122498,1.136178e-06,2.501695e-06,1.9532513e-06,5.2975304e-07,5.8025006e-07,2.6953717e-06,8.428251e-07,1.4103139e-06,5.2058147e-07,7.102554e-07,4.176487e-06,5.6418975e-07,1.6368288e-06,2.8364539e-06,2.5271845e-07,3.004886e-07,1.3940003e-06,8.843984e-07,4.516683e-07,1.397813e-06,5.219764e-07,4.743955e-07,7.040343e-07,1.2431968e-06,4.511682e-06,6.349566e-05,2.4259114e-08,0.1204203,9.612149e-06,5.5566975e-06,0.9986576,1.4820596e-07,0.00042152425,0.99813217,0.11797147,3.5635785e-05,4.7558688e-06,1.9439081e-05,8.320024e-07,3.6339618e-05,4.5745118e-08,1.4299433e-06,5.0684383e-05,2.1489292e-05,1.431448e-07,4.144426e-05,0.0002891005,8.9511625e-05,1.8054945e-06,3.5159978e-06,0.00013443515,2.688551e-05,5.2341544e-05,5.223965e-06,5.9179416e-05,3.8676186e-05,2.5830575e-06,9.233656e-05,5.0172614e-05,0.00033607762,0.0007762689,1.1677401e-05,9.115319e-06,0.00063661666,0.0016844597,0.0002278879,1.1522419e-05,1.6228403e-05,5.7251436e-05,2.8285845e-05,7.825843e-05,2.2639391e-07,0.0003584182,0.0018687476,0.0006114245,3.208219e-05,1.6152418e-06,2.5823214e-05,1.9109317e-05,6.8795625e-06,1.8374372e-05,7.750964e-05,2.2658062e-06,0.00010256269,0.00026627013,2.5112033e-05,3.6434732e-05,2.1499847e-05,2.6311856e-05,1.9269239e-05,4.758704e-06,9.920872e-05,8.749365e-05,0.00042013184,8.796879e-06,6.37905e-05,9.540064e-05,7.1180957e-06,8.510174e-07,0.00048311538,3.566169e-05,0.000315888,5.952204e-06,3.2953718e-05,7.1433788e-06,4.0788796e-05,0.0005527897,4.2144407e-06,4.3895857e-06,3.3270117e-05,3.2895111e-06,8.299346e-06,0.00014388605,6.434917e-05,7.4465897e-06,9.570098e-07,9.424298e-05,1.973249e-05,6.924176e-06,3.901347e-05,9.94954e-05,8.58686e-06,0.00025478867,4.1990356e-06,9.029569e-06,1.1626343e-05,7.933119e-07,4.525131e-06,2.4178213e-05,7.084322e-06,0.00012221897,8.753563e-05,1.0070974e-05,1.7885108e-05,4.9262704e-05,0.00083176116,7.4843806e-06,2.9069797e-05,2.148919e-05,0.00020013537,4.672432e-05,3.4992756e-06,1.9287036e-07,2.6305712e-05,0.0001061047,1.21502035e-05,7.786286e-06,1.2795244e-05,0.0006757826,0.00022671565,2.272996e-05,7.5755474e-07,0.0006798879,9.7598815e-05,7.752857e-05,1.9669308e-06,3.231161e-05,1.960122e-05,1.1626321e-05,6.1163405e-06,7.168745e-05,1.9637726e-05,1.56222e-05,2.0845457e-05,3.0553907e-05,0.0003303829,0.0001420449,4.7601206e-06,0.0016188327,3.5286987e-06,2.8132292e-05,8.1850516e-07,7.7268555e-07,0.0003732216,1.3338863e-05,0.00019823712,8.019446e-05,0.00044883834,5.5231226e-06,0.00015551322,5.71943e-05,2.582937e-05,0.00024747316,0.0013239256,0.00017169067,9.050312e-05,3.0519746e-05,9.9225275e-05,3.5197252e-06,0.00010111857,2.1133078e-06,7.517663e-05,4.5150264e-06,1.5410761e-07,3.5717685e-06,0.00025007204,1.1167394e-05,0.00068974297,2.3216993e-05,8.252478e-05,2.4332553e-06,0.00017690328,1.8540906e-05,0.00019593663
BC2026_Train_0045_S22_20220125_211500_010,4.3337752e-07,1.4896556e-05,3.739948e-06,3.1176543e-05,3.0120984e-06,1.0278835e-06,5.3202352e-06,6.407435e-06,9.821463e-06,4.6567744e-05,0.0015656421,4.683616e-05,1.0642952e-08,1.9978012e-07,2.694056e-06,0.57381076,1.5599692e-06,3.89719e-08,0.99855894,3.498163e-05,4.775589e-06,0.9933066,6.722994e-05,1.1370407e-06,0.002547228,3.6728543e-06,0.0001427013,2.5897862e-06,1.4659253e-06,4.312326e-05,1.0927538e-06,9.053134e-07,1.7282257e-06,3.022187e-07,2.877791e-07,1.1271577e-06,1.776993e-07,7.5985497e-07,2.527539e-07,3.7561938e-07,2.9499515e-06,5.4011446e-07,1.4005911e-06,1.0005826e-06,1.8760484e-07,1.9819252e-07,1.298031e-06,5.5549793e-07,2.431144e-07,8.647273e-07,4.232564e-07,3.7461518e-07,6.020294e-07,7.5555766e-07,4.0115624e-06,3.6915102e-05,1.1705685e-08,0.24341917,1.8166942e-05,2.0000862e-06,0.9974989,3.637774e-08,6.896033e-05,0.9986015,0.2243729,2.4785155e-05,1.034648e-06,1.7449377e-06,6.615097e-08,1.6858417e-05,2.2946306e-08,1.1416499e-06,1.1133536e-05,2.9924007e-05,6.001761e-08,1.4692361e-05,8.0106634e-05,6.72393e-05,1.2942238e-06,7.432695e-07,2.078866e-05,1.1229346e-05,2.9178422e-05,1.3960596e-06,9.676946e-06,1.2888159e-05,9.81605e-07,2.1826942e-05,1.990687e-05,0.00011563584,0.00028091608,4.762286e-06,1.3080344e-06,0.00025477385,0.0008043135,0.00013326107,4.309017e-06,2.4891558e-06,2.559535e-05,1.6240449e-05,1.7361122e-05,9.616999e-08,0.00020894723,0.0005413727,0.0003561134,2.3758696e-05,4.6661242e-07,1.8567835e-05,1.5334674e-05,4.560426e-06,6.596117e-06,8.7651904e-05,4.6445163e-07,5.6993886e-05,9.395084e-05,9.136423e-06,1.40963375e-05,2.2519058e-05,5.3875915e-06,1.3014661e-05,1.1278663e-06,7.747794e-05,6.5184315e-05,0.00019155073,1.1202039e-06,2.2113707e-05,2.8464632e-05,3.7522018e-06,1.2697829e-07,0.00025177182,1.5881258e-05,0.00017063277,2.1155643e-06,1.983036e-05,5.4873167e-06,5.5804187e-05,0.00017661709,1.1421411e-06,2.0322786e-06,1.0929865e-05,9.69515e-07,1.6794078e-06,6.7585344e-05,5.3954718e-05,1.072972e-06,3.5735363e-07,0.00013325612,6.282715e-06,8.9480454e-07,1.9280249e-05,3.746117e-05,7.306165e-07,3.245899e-05,1.4663013e-06,1.337398e-05,5.8330716e-06,8.013958e-07,3.0201204e-06,3.707918e-06,8.328588e-06,2.434301e-05,5.118345e-05,1.2044147e-06,7.790008e-06,2.0387744e-05,0.0004990011,8.188963e-06,9.150201e-06,2.9125406e-06,5.1644874e-05,5.4048593e-05,4.488643e-07,1.8280375e-07,1.3557151e-05,0.00010196785,7.324029e-06,2.5350687e-06,5.352858e-06,0.00024847966,4.767233e-05,9.351828e-06,3.4174843e-07,0.00038727137,6.110935e-05,3.6720518e-05,8.672802e-07,7.838087e-06,9.799075e-06,4.8341726e-06,1.5202212e-06,2.608744e-05,3.555476e-06,6.894551e-06,1.7300466e-05,1.1862423e-05,8.237987e-05,0.00012191448,3.0469528e-06,0.00040868705,2.941967e-06,2.0856354e-05,8.345175e-07,2.1702891e-07,7.825074e-05,6.669982e-06,6.19842e-05,1.6970915e-05,0.00026019363,2.278567e-06,6.6656365e-05,2.0842952e-05,1.116486e-05,6.8133515e-05,0.0002478966,4.2708558e-05,7.425028e-05,1.9189834e-05,1.9239988e-05,1.2055409e-06,3.533023e-05,1.1212321e-06,5.6064167e-05,2.531988e-06,5.227326e-08,4.7694907e-06,0.000121442834,5.6313684e-06,0.0006390562,6.923985e-06,3.229904e-05,2.658599e-07,7.876815e-05,2.8528643e-06,8.614766e-05
BC2026_Train_0045_S22_20220125_211500_015,8.21651e-08,1.3224488e-05,1.3777532e-06,5.1642113e-05,5.3854006e-07,5.786486e-07,1.571047e-06,2.539877e-06,1.7808605e-05,6.018455e-05,0.0022903373,3.4255423e-05,1.6532523e-08,4.247007e-07,2.6388661e-06,0.7356959,5.81038e-07,2.661884e-08,0.998738,0.00020014663,1.0961639e-05,0.99604636,1.2791327e-05,6.930756e-07,0.00089078385,4.1831677e-06,4.987095e-05,1.9950037e-06,1.1374735e-06,6.0898412e-05,6.718416e-07,8.903008e-07,8.1447797e-07,1.4665122e-07,2.440508e-07,8.1978567e-07,9.986755e-08,4.45945e-07,1.1555851e-07,2.4027128e-07,1.3739676e-06,2.4062325e-07,1.2362909e-06,8.7703404e-07,1.12872016e-07,1.1424466e-07,8.34574e-07,2.8157635e-07,1.3682269e-07,5.6356487e-07,3.4167965e-07,3.017815e-07,5.242843e-07,3.8833488e-07,3.7073733e-06,2.8983657e-05,6.719266e-09,0.2841262,1.3694749e-05,1.9847334e-06,0.9989097,2.749437e-08,0.00012431518,0.9986891,0.5069141,3.87894e-05,1.1872831e-06,3.60333e-06,1.06355905e-07,2.2212878e-05,5.1385722e-09,7.517548e-07,1.2745264e-05,1.1394841e-05,2.3526693e-08,1.2166809e-05,2.3688131e-05,9.133064e-05,4.897243e-07,9.58006e-07,2.063869e-05,2.0580765e-06,1.5427422e-05,8.870236e-07,7.885773e-06,2.0640814e-06,3.1086412e-07,6.7159385e-06,1.6226639e-05,3.2413238e-05,0.0005538168,2.9550563e-06,1.9585787e-06,0.00011615137,0.00035965673,6.6901914e-05,3.8701164e-06,1.056712e-06,1.944403e-05,2.1664275e-05,6.1835945e-06,3.4494477e-08,6.765422e-05,0.0006869291,0.00040418992,6.562793e-06,1.3656171e-07,1.1453105e-05,6.7886e-06,2.6498915e-06,3.8347694e-06,3.3718796e-05,3.066327e-07,3.046688e-05,2.7793656e-05,2.4087494e-06,5.515374e-06,5.9518516e-06,1.2931492e-06,7.556876e-06,1.0949539e-06,6.4989115e-05,1.0653812e-05,0.00013416032,1.7095516e-06,1.7670507e-05,9.882459e-06,1.4773914e-06,5.725719e-08,0.00010872539,5.8875344e-06,6.122794e-05,3.4475781e-06,3.981202e-06,2.3722084e-06,4.6222203e-06,8.925856e-05,1.5135322e-06,1.3078871e-06,8.333855e-06,5.897559e-07,1.0946417e-06,1.7042697e-05,1.6471984e-05,2.8298962e-06,5.0228056e-07,3.0980667e-05,2.1319654e-06,3.8250982e-07,2.1081458e-05,1.2665307e-05,1.4815921e-06,2.0696321e-05,1.0899229e-06,8.48733e-06,1.6157086e-06,3.237646e-07,3.215313e-07,4.4240514e-06,3.146907e-06,3.863766e-05,3.0802992e-05,6.786722e-07,2.2211088e-06,6.2725253e-06,0.00012401883,2.3369146e-06,4.4394783e-06,1.4172791e-06,3.584831e-05,1.3146326e-05,3.342587e-07,4.508842e-08,5.0834024e-06,5.648818e-05,2.2777351e-06,9.824985e-07,3.704182e-06,0.00013007944,4.704077e-05,3.9211172e-06,1.2323132e-07,0.000293958,1.6111777e-05,2.698793e-05,2.4359503e-07,4.7234694e-06,5.702946e-06,2.3782202e-06,7.0464483e-07,7.13444e-06,2.5138827e-06,4.8942497e-06,6.198455e-06,7.468395e-06,4.452026e-05,0.00010727528,1.9105316e-06,0.000266358,6.0000895e-07,1.1106928e-05,1.9507034e-07,5.5419935e-08,5.8653426e-05,3.852136e-06,2.6625232e-05,1.4433178e-05,4.1247942e-05,9.974473e-07,2.416641e-05,5.06457e-06,6.3000307e-06,3.612846e-05,9.328495e-05,5.648091e-05,0.00010173048,4.126389e-06,1.3856956e-05,9.807497e-07,1.3064266e-05,3.0034965e-07,2.7428081e-05,1.9527708e-06,2.6750255e-08,1.3233747e-06,8.2122766e-05,4.706445e-06,0.00025399047,5.3367967e-06,1.6279135e-05,2.3589313e-07,8.374978e-05,2.0863974e-06,4.0150553e-05
BC2026_Train_0045_S22_20220125_211500_020,2.6277786e-07,3.269678e-05,2.4998658e-06,5.9825936e-05,1.0892059e-06,1.1158462e-06,5.1428137e-06,2.4413746e-06,7.5943867e-06,0.000111780384,0.003457893,0.00018686555,1.0111377e-07,1.5563583e-06,1.4231223e-05,0.508353,1.6374096e-06,9.389225e-08,0.9964682,0.0006874796,1.0733849e-05,0.9901578,3.5113815e-05,2.9709058e-06,0.0010226746,1.0760906e-05,0.00025563274,1.8493437e-06,3.131704e-06,2.4391531e-05,2.5558093e-06,1.9635197e-06,4.6166565e-06,8.0358075e-07,9.640154e-07,2.8857962e-06,2.7814227e-07,1.3334909e-06,7.8210167e-07,9.938958e-07,6.5256527e-06,1.1980487e-06,3.9631327e-06,2.420376e-06,6.170548e-07,6.726821e-07,3.3497843e-06,1.3878149e-06,5.0881033e-07,1.466486e-06,1.2383855e-06,1.2298574e-06,1.8378155e-06,2.1447356e-06,1.2356167e-05,0.0001077142,3.9858982e-08,0.15126286,1.5229567e-05,1.5786752e-06,0.9955348,8.629967e-08,0.00021814222,0.99196905,0.26664713,0.000105337116,3.4662646e-06,7.1173276e-06,6.3479854e-07,5.3259424e-05,4.0966803e-08,1.1585108e-06,4.3978405e-05,1.915723e-05,1.3690206e-07,3.7352085e-05,0.00014548475,9.5436844e-05,4.6964333e-06,1.8373319e-06,9.828143e-05,2.0563994e-05,6.861811e-05,5.2845853e-06,2.3855186e-05,7.524078e-06,1.2256376e-06,4.3831405e-05,3.2965127e-05,7.0465554e-05,0.0009779806,9.34786e-06,7.5480607e-06,0.00010680981,0.0006059839,0.00015777876,6.421977e-06,2.3106647e-06,5.771964e-05,5.173794e-05,3.4017776e-05,7.6733535e-08,0.00045966703,0.00068738457,0.0004712512,6.340599e-05,8.0321763e-07,3.7719878e-05,2.6664591e-05,5.6039335e-06,1.5028259e-05,0.000110284265,2.1752423e-06,7.425128e-05,0.00015681285,7.657907e-06,3.2309545e-05,2.7083839e-05,7.2840044e-06,3.158153e-05,4.8950246e-06,0.00023648886,6.094524e-05,0.00044795507,1.7447595e-06,4.5424804e-05,4.7269023e-05,7.702373e-06,3.1375018e-07,0.0004620833,1.5030898e-05,0.00033109833,1.7076891e-06,1.1619581e-05,5.6615772e-06,3.053998e-05,0.00022530845,4.297317e-06,5.0166627e-06,1.4995718e-05,4.601584e-06,1.9308727e-06,0.00012380096,3.9747527e-05,3.4640107e-06,1.1620517e-06,7.2181276e-05,7.703379e-06,1.8035515e-06,8.714111e-05,3.0925643e-05,2.2025044e-06,8.8341156e-05,3.2298515e-06,2.0341407e-05,7.4775526e-06,5.7358676e-07,2.3217115e-06,6.042012e-06,8.436555e-06,9.435413e-05,3.8424034e-05,1.8060595e-06,5.187748e-06,2.930824e-05,0.000418734,1.0018469e-05,1.1603491e-05,1.1015534e-05,8.803127e-05,5.588263e-05,2.2879674e-06,2.9030184e-07,1.2389878e-05,8.176012e-05,8.069221e-06,8.293103e-06,6.5551367e-06,0.00054954307,0.000107506086,8.790447e-06,4.7027797e-07,0.00073790905,7.483331e-05,7.7380624e-05,5.653332e-07,3.12464e-05,1.5322876e-05,1.2067338e-05,3.630743e-06,4.629737e-05,9.863544e-06,1.7752121e-05,2.093343e-05,9.513266e-06,0.00014920012,0.00019512768,4.97183e-06,0.00060814834,2.2743207e-06,1.8557694e-05,8.148758e-07,2.4254402e-07,6.0105973e-05,6.172265e-06,8.7737615e-05,2.6507298e-05,7.345525e-05,2.5207535e-06,7.142269e-05,2.477906e-05,1.754944e-05,0.00012498735,0.00028223472,6.827042e-05,0.00018145997,1.4040271e-05,2.7567721e-05,2.621051e-06,5.675021e-05,1.376054e-06,0.00016018753,7.4230225e-06,1.07367875e-07,8.13731e-06,0.00016389765,1.2493377e-05,0.0003228413,1.0165362e-05,4.5083445e-05,7.2347285e-07,0.0001729727,8.850651e-06,0.00016854826
BC2026_Train_0045_S22_20220125_211500_025,4.6947537e-07,1.1779217e-05,2.7914618e-06,5.338014e-05,3.652664e-06,1.2850808e-06,2.6942023e-06,4.0951677e-06,3.2339507e-05,6.3045794e-05,0.0023683333,2.7591812e-05,1.7054555e-08,3.0726912e-07,1.6560143e-06,0.73498785,4.72327e-07,3.773563e-08,0.99562716,5.6249835e-05,1.0949552e-05,0.9943539,5.2478135e-05,1.2114798e-06,0.0028655832,3.6206602e-06,2.9389352e-05,4.411139e-06,4.3533996e-06,7.0514696e-05,1.4889605e-06,1.6400884e-06,1.7398131e-06,4.248972e-07,3.698425e-07,1.7446266e-06,1.6927977e-07,1.5260329e-06,2.445109e-07,7.4346866e-07,4.276573e-06,5.6100384e-07,2.332159e-06,1.5009848e-06,2.670527e-07,2.975165e-07,2.4045814e-06,6.700973e-07,3.7699888e-07,1.7653043e-06,8.5738947e-07,7.983385e-07,1.1826567e-06,7.904279e-07,1.0141667e-05,8.254976e-06,7.2079502e-09,0.20695391,3.7523736e-05,3.4504994e-06,0.99101806,2.2748507e-08,0.00010432916,0.9972535,0.27124426,1.3924012e-05,2.826646e-06,2.8857658e-06,2.34721e-08,1.7174627e-05,2.2011045e-08,4.377112e-06,1.8662136e-05,2.6443142e-05,7.1198485e-08,1.7815702e-05,3.221091e-05,4.638469e-05,9.3900263e-07,1.6608856e-06,3.4673416e-05,1.2510462e-05,1.9998663e-05,1.6427479e-06,1.4347392e-05,7.8961875e-06,3.8880214e-07,5.9671856e-06,1.4037218e-05,6.689796e-05,0.00066517276,4.5980873e-06,5.652217e-06,0.00016205646,0.00047944323,0.00010120461,6.0714233e-06,3.400839e-06,1.1378281e-05,1.6001022e-05,1.31451225e-05,2.7443554e-07,0.00011665942,0.0015385881,0.0003948413,1.6684991e-05,5.055802e-07,8.791914e-06,1.3148193e-05,5.064072e-06,8.003051e-06,7.6552664e-05,7.4531727e-07,3.3156342e-05,2.4392042e-05,9.401466e-06,1.9983316e-05,1.2648313e-05,2.6282723e-06,1.3861846e-05,2.2672716e-06,4.7590704e-05,2.6145623e-05,0.00024744179,1.9719437e-06,2.5331681e-05,1.633766e-05,2.1764336e-06,3.115506e-07,0.00015181268,4.396247e-06,7.049438e-05,3.125948e-06,9.74653e-06,5.079594e-06,1.1192503e-05,0.00017980704,1.9679983e-06,1.4322308e-06,1.167944e-05,1.3072698e-06,1.1973315e-06,1.5517504e-05,3.591034e-05,1.7468756e-06,1.3418005e-06,0.000103769475,7.0088695e-06,1.1647688e-06,1.9318753e-05,3.163802e-05,1.5322643e-06,3.4985198e-05,1.9239983e-06,1.0174945e-05,3.0933122e-06,5.847575e-07,1.7310332e-06,6.4128585e-06,6.307058e-06,1.408313e-05,4.7470494e-05,2.2960965e-06,6.7095752e-06,1.1849929e-05,0.00024881298,3.6259505e-06,1.1228308e-05,5.4070993e-06,6.5165485e-05,5.5407814e-05,5.6301315e-07,1.4881894e-07,1.2226385e-05,7.708566e-05,5.678291e-06,1.3161504e-06,7.970331e-06,0.00023530493,6.365493e-05,9.283673e-06,1.8128951e-07,0.00025754658,4.4992696e-05,1.5486812e-05,1.0094233e-06,8.336303e-06,1.0028142e-05,2.960153e-06,1.7865358e-06,8.029327e-06,5.818188e-06,3.7295013e-06,7.2008593e-06,1.8243818e-05,4.7969705e-05,9.1507696e-05,4.232227e-06,0.000509389,2.0729963e-06,2.3177108e-05,6.0239864e-07,1.3699987e-07,0.00014170088,5.871481e-06,0.00012366773,1.6984905e-05,9.567084e-05,2.5649122e-06,3.0272342e-05,8.937002e-06,1.0110996e-05,4.9341175e-05,0.00017537229,5.262868e-05,9.968924e-05,9.256126e-06,2.0085705e-05,1.1118861e-06,1.6957698e-05,3.4438378e-07,3.2100274e-05,3.0228666e-06,3.4854256e-08,1.7123156e-06,0.0001269573,3.465035e-06,0.0005438088,7.808319e-06,4.2902866e-05,5.917944e-07,8.404291e-05,5.58682e-06,3.8390957e-05
BC2026_Train_0045_S22_20220125_211500_030,4.9550505e-07,1.4985211e-05,2.5022412e-06,5.5198812e-05,2.871688e-06,2.4609142e-06,5.494019e-06,4.338305e-06,2.897329e-05,0.0003946849,0.008389437,7.661766e-05,7.920073e-08,6.459319e-07,3.6767688e-06,0.73109555,3.1444108e-06,6.760084e-08,0.9980026,0.00023959728,8.310291e-06,0.9955865,4.315226e-05,1.7035541e-06,0.0027104404,8.302157e-06,7.373014e-05,1.2360799e-05,5.901205e-06,0.000117226904,1.5079478e-06,1.4599929e-06,2.5338627e-06,5.3171846e-07,3.9942546e-07,1.4390682e-06,2.9137274e-07,1.1033438e-06,4.471958e-07,6.074019e-07,3.864706e-06,7.051692e-07,1.6787194e-06,1.2727221e-06,1.9913547e-07,2.17419e-07,1.3095909e-06,9.1076816e-07,4.0083012e-07,1.4216042e-06,6.1634256e-07,5.25161e-07,8.104303e-07,1.2326403e-06,4.3539308e-06,4.2015385e-05,2.4969674e-08,0.16705257,2.8906725e-05,3.8818193e-06,0.9963527,6.503341e-08,0.00018990274,0.9981336,0.14485122,3.819289e-05,2.4282692e-06,8.069012e-06,2.31269e-07,5.5932e-05,4.0421543e-08,1.3793873e-06,2.177214e-05,2.8846498e-05,2.0645507e-07,3.9420738e-05,8.15824e-05,6.660433e-05,3.1060117e-06,2.8024035e-06,7.4148185e-05,1.7019116e-05,4.6440244e-05,2.6681269e-06,4.1005405e-05,2.0382962e-05,9.703439e-07,1.8900528e-05,2.9517576e-05,0.00018426147,0.0010030284,6.694076e-06,8.415285e-06,0.00027516918,0.0007462238,0.00023588828,8.042892e-06,6.744224e-06,2.144231e-05,2.8926965e-05,1.7798213e-05,1.7145625e-07,0.00030507392,0.0024637943,0.0005787947,2.8514489e-05,5.230612e-07,2.1852644e-05,1.7158125e-05,5.331323e-06,1.45381955e-05,0.00013612186,1.1292611e-06,7.138654e-05,9.293584e-05,1.9850455e-05,2.6382084e-05,2.8030745e-05,6.0921e-06,1.6700704e-05,5.8736264e-06,6.855264e-05,4.5996057e-05,0.00027124875,4.7443036e-06,3.469002e-05,5.4842807e-05,4.2728225e-06,4.0461234e-07,0.0005280139,1.44408195e-05,0.00012116095,4.726632e-06,1.4250902e-05,1.0647676e-05,4.1534506e-05,0.0003069256,4.9893665e-06,4.0282616e-06,2.4058929e-05,2.572293e-06,2.02307e-06,4.936829e-05,4.2050342e-05,1.5702497e-05,1.4014195e-06,0.000112707174,1.7497401e-05,1.8576197e-06,4.818694e-05,4.459092e-05,2.2955164e-06,8.172403e-05,3.0881836e-06,1.2370139e-05,5.029822e-06,5.530869e-07,2.9124878e-06,1.019788e-05,1.0471971e-05,3.66263e-05,7.06355e-05,9.06165e-06,1.029609e-05,2.4988574e-05,0.00060992024,5.931385e-06,1.860639e-05,1.5877229e-05,0.00010744665,3.8004728e-05,1.298707e-06,1.8786767e-07,1.8760278e-05,6.8908135e-05,9.8986175e-06,6.2187814e-06,6.385134e-06,0.00031195814,0.00017316444,1.28433385e-05,4.0836838e-07,0.00032946098,6.115103e-05,3.947431e-05,1.1518688e-06,1.4770909e-05,1.2704768e-05,8.449381e-06,5.3954636e-06,1.6873908e-05,9.382835e-06,8.147809e-06,1.1887008e-05,1.7029783e-05,0.00018394725,9.420508e-05,4.0020054e-06,0.0014355143,3.3029214e-06,2.573876e-05,5.472149e-07,3.2270387e-07,0.00014125058,8.08714e-06,0.00013913076,5.6418037e-05,0.00029602766,3.22362e-06,6.539089e-05,1.726974e-05,2.3442728e-05,6.625522e-05,0.00032036455,0.00012716254,0.00017988919,1.8318402e-05,5.468056e-05,2.1777478e-06,3.5141522e-05,6.8194345e-07,6.049025e-05,4.850012e-06,6.883652e-08,2.5077456e-06,0.00015196491,6.4936376e-06,0.00043477138,8.708425e-06,4.876808e-05,1.417905e-06,0.00014885436,8.340318e-06,7.266991e-05
BC2026_Train_0045_S22_20220125_211500_035,5.787855e-07,8.457652e-06,8.427255e-07,5.222487e-05,2.2794529e-07,1.2441042e-06,1.2321901e-06,9.924903e-07,6.626431e-06,0.000107838445,0.008772336,4.6178844e-05,2.1743823e-08,7.5083983e-07,6.7122187e-06,0.4028919,7.029749e-07,2.5402493e-08,0.991217,0.0013140748,6.655672e-06,0.9934942,9.397226e-06,1.2866601e-06,0.0017078349,7.227185e-05,2.5896012e-05,0.00011155092,1.8576337e-05,5.2946016e-05,8.489519e-07,1.6385592e-06,1.1924064e-06,2.6729833e-07,2.753749e-07,1.6479024e-06,2.820453e-07,6.313752e-07,1.6487938e-07,3.3035596e-07,2.8204558e-06,2.9853263e-07,1.389575e-06,1.8469589e-06,2.0735268e-07,2.2510453e-07,1.1697805e-06,5.714078e-07,2.5394965e-07,8.727446e-07,2.87294e-07,2.754584e-07,4.4159526e-07,7.6737405e-07,4.9945265e-06,2.8423101e-05,8.342013e-09,0.03958589,8.569671e-06,2.7085466e-06,0.9911379,7.920557e-08,6.571871e-05,0.99257654,0.024896227,5.2370448e-05,1.1279704e-05,1.5575266e-05,1.1881956e-07,2.4017303e-05,1.6862714e-08,3.3318517e-07,2.7338823e-05,1.13628175e-05,2.0577417e-07,2.3638913e-05,0.00011171335,0.00013022129,5.137462e-07,4.366176e-06,4.3353506e-05,1.167562e-05,0.00012078778,1.8123052e-06,0.000141355,2.7889611e-05,1.1854096e-06,9.6606345e-06,3.9668652e-05,9.591309e-05,0.00068924495,1.0665706e-05,3.3887113e-06,0.00026507585,0.0013138301,0.00026786202,4.173883e-06,1.6174155e-05,1.135518e-05,1.8047189e-05,2.8545368e-05,1.1582164e-07,6.624012e-05,0.00089725305,0.00034815073,1.0368306e-05,4.7200552e-07,6.5956583e-06,1.317552e-05,5.914287e-06,1.0888686e-05,3.511656e-05,4.9611963e-06,7.5467746e-05,5.9282844e-05,3.2612108e-05,2.850856e-05,6.3460757e-06,1.4187224e-05,9.334239e-06,1.0515613e-05,4.9952196e-05,4.665241e-05,0.0002409581,1.5116428e-05,3.6207377e-05,2.5940974e-05,1.2629606e-05,5.808901e-07,0.00020751533,1.7616412e-05,0.00013552698,1.9404482e-05,8.155318e-06,5.6885783e-06,1.0011048e-05,5.9237853e-05,4.916452e-06,3.4009133e-06,1.3128723e-05,8.182976e-07,3.3535243e-06,4.9077073e-05,3.658703e-05,3.879236e-06,7.5105976e-07,0.000104233404,1.31024935e-05,2.6824296e-06,1.7069373e-05,3.6337162e-05,4.1465946e-06,0.0001495227,6.5122117e-06,7.753416e-06,9.982524e-06,3.9029075e-07,6.372295e-07,1.9564635e-05,3.1398802e-06,7.633099e-05,0.00010997625,1.4839981e-05,4.155268e-06,1.6971417e-05,0.00038956618,2.1041697e-06,1.5267275e-05,1.8912988e-05,6.0473e-05,2.7211318e-05,9.2360494e-07,2.9970417e-07,1.9531994e-05,2.2155102e-05,7.2452285e-06,3.1649047e-06,1.2316507e-05,0.0005345568,0.00013870449,1.385689e-05,9.717829e-07,0.0007141528,2.3780096e-05,7.384335e-05,1.0057363e-06,8.429686e-06,1.5130821e-05,6.52197e-06,3.9292477e-06,3.1573734e-05,1.8140472e-05,1.5484746e-05,2.1366845e-05,3.4107496e-05,9.2729046e-05,6.938957e-05,3.8125474e-06,0.00042397043,1.0452248e-06,1.5707694e-05,3.2841152e-07,1.9017867e-07,0.0002823432,5.557906e-06,7.464458e-05,4.515836e-05,0.0001720481,1.2972154e-06,5.5151453e-05,1.7649236e-05,3.5175384e-05,8.734336e-05,0.00033761986,0.0001840055,9.723411e-05,1.2070377e-05,2.4441035e-05,9.182021e-07,3.457848e-05,1.2249844e-06,2.005026e-05,2.8663553e-06,3.365239e-07,1.5191155e-06,0.00020544443,7.985342e-06,0.0003934679,8.703734e-06,4.9021597e-05,1.2007024e-06,7.4525946e-05,8.251631e-06,0.0001110739
BC2026_Train_0045_S22_20220125_211500_040,4.83103e-07,4.7808435e-06,7.919302e-07,3.511328e-05,1.7174099e-06,9.420613e-07,2.1175726e-06,1.6780086e-06,3.979084e-05,0.00015278757,0.006281789,3.0173944e-05,3.6822907e-08,4.4252653e-07,1.7598127e-06,0.6736872,2.0611112e-06,4.237281e-08,0.9966029,0.00013799897,1.2394239e-05,0.997537,4.575243e-05,7.1291765e-07,0.002422673,2.1295158e-05,2.1535596e-05,7.5709577e-06,1.3525463e-06,5.1885723e-05,4.777051e-07,4.3696988e-07,6.6196264e-07,2.2564768e-07,1.3697141e-07,4.0514558e-07,1.6687892e-07,6.21707e-07,1.6206299e-07,2.0942588e-07,1.9634242e-06,2.1361369e-07,6.3807545e-07,3.2141054e-07,9.906032e-08,1.02599174e-07,5.5982275e-07,2.9697168e-07,1.3398527e-07,6.6586733e-07,1.9557888e-07,1.6164653e-07,2.669002e-07,4.496179e-07,1.5121557e-06,7.730366e-06,2.1206032e-09,0.06021642,6.4343485e-06,4.950954e-06,0.9906624,3.9466126e-08,9.497302e-05,0.99743575,0.011677678,1.172664e-05,1.7395874e-06,3.8372173e-06,9.088032e-08,1.0200089e-05,1.4709575e-08,3.6714147e-07,1.7079225e-05,2.4719062e-05,9.907487e-08,2.3813998e-05,9.760394e-05,4.5562898e-05,5.3632846e-07,2.6034852e-06,4.8354173e-05,1.8528039e-05,5.0268736e-05,2.1188916e-06,3.6201953e-05,1.4862416e-05,8.158042e-07,1.3001709e-05,2.050466e-05,0.00016120145,0.00073851016,5.379977e-06,3.1565432e-06,0.000174732,0.0010764155,0.00014029913,5.0418093e-06,5.0534727e-06,2.3182303e-05,8.254181e-06,3.618656e-05,1.6295628e-07,0.0001321614,0.0047409683,0.00093079626,1.2084199e-05,5.3286266e-07,1.6988874e-05,1.1501867e-05,4.5683178e-06,9.614707e-06,7.399124e-05,1.6052248e-06,3.627726e-05,0.00016742239,3.453047e-05,3.254258e-05,1.7639291e-05,7.099824e-06,1.8485274e-05,6.2493878e-06,7.467427e-05,3.4529614e-05,0.00025727024,5.1926972e-06,5.3204803e-05,2.7053999e-05,3.863659e-06,8.1513537e-07,0.00040176205,7.3552187e-06,8.958788e-05,4.1023604e-06,2.6856167e-05,9.941045e-06,6.640031e-05,0.00023320521,3.9308666e-06,1.6532763e-06,2.1342814e-05,9.58218e-07,1.8574832e-06,4.555117e-05,6.018237e-05,7.182918e-06,1.1304539e-06,5.654828e-05,1.3347911e-05,1.6409176e-06,2.0414594e-05,3.811877e-05,3.4943932e-06,7.885284e-05,2.4780852e-06,8.292605e-06,6.671636e-06,1.7913624e-07,1.3093548e-06,6.1851983e-06,3.753361e-06,1.07140995e-05,4.1321055e-05,7.906677e-06,9.329327e-06,2.9044635e-05,0.00046261965,5.1974243e-06,2.8117274e-05,1.0275824e-05,4.064838e-05,2.907895e-05,8.9198875e-07,2.2301158e-07,1.4215285e-05,6.0126727e-05,1.5081021e-05,3.5770688e-06,9.945825e-06,0.00027360453,0.00014330824,1.5351414e-05,4.3107823e-07,0.0002408892,3.7424248e-05,4.4311233e-05,7.438523e-07,7.253324e-06,1.4294826e-05,1.8877604e-06,3.0247268e-06,2.468314e-05,8.286668e-06,4.0387054e-06,8.185995e-06,2.2091954e-05,0.00019234174,6.80591e-05,1.528977e-06,0.0014818734,2.054719e-06,8.8803345e-06,2.7495213e-07,3.9365545e-07,0.00010739861,9.231487e-06,8.015271e-05,3.460395e-05,0.00023399232,2.7415956e-06,3.895354e-05,1.2523593e-05,1.6747515e-05,4.002543e-05,0.00057844754,5.0646406e-05,0.00012410105,1.1137518e-05,4.5958175e-05,1.0731347e-06,4.8591257e-05,8.47066e-07,3.052027e-05,2.6983475e-06,6.4565484e-08,2.6574259e-07,8.051061e-05,5.5679325e-06,0.00033005013,8.384675e-06,9.108754e-05,1.1244317e-06,8.262439e-05,8.223961e-06,6.038282e-05
BC2026_Train_0045_S22_20220125_211500_045,1.3813578e-06,1.0131904e-05,1.933386e-06,5.664975e-05,1.721915e-06,2.1515493e-06,3.040265e-06,3.46763e-06,3.3662152e-05,0.00011029037,0.00911511,5.3852273e-05,8.094063e-08,9.043745e-07,9.956842e-06,0.5516871,1.6088434e-06,3.896841e-08,0.98184687,0.0003783478,1.4093542e-05,0.9826758,4.9170525e-05,1.4296992e-06,0.0036895126,4.1482534e-05,8.2410355e-05,5.0859704e-05,1.2625463e-05,5.150362e-05,2.049404e-06,1.3885814e-06,1.8756526e-06,3.5601204e-07,3.5096954e-07,1.2722392e-06,3.3683054e-07,1.1176706e-06,3.9134406e-07,4.1134368e-07,4.3386362e-06,6.246828e-07,1.6811352e-06,1.3178673e-06,3.4506166e-07,3.7442265e-07,1.3019212e-06,7.293982e-07,3.77875e-07,1.2733741e-06,5.7951513e-07,5.31395e-07,8.0726386e-07,1.1876025e-06,4.289513e-06,1.8667086e-05,1.0089796e-08,0.057594966,1.5793177e-05,4.579563e-06,0.9804817,9.4461654e-08,0.0002647831,0.99539304,0.024280978,3.7118432e-05,1.3707802e-05,1.4829682e-05,1.3532325e-07,1.430043e-05,6.468863e-08,1.7609375e-06,3.5340003e-05,2.581898e-05,2.920638e-07,4.485697e-05,0.00022474313,0.00020544209,1.1472654e-06,4.4900316e-06,9.759295e-05,5.8053058e-05,7.739583e-05,1.0707236e-05,7.561203e-05,2.9874964e-05,9.612063e-07,1.4804644e-05,3.8632577e-05,0.00011507407,0.0010174443,8.4847e-06,1.3300958e-05,0.00028569656,0.0013806367,0.00043186717,8.7473545e-06,8.486836e-06,1.1814317e-05,1.7098797e-05,6.874543e-05,5.517603e-07,0.0001551684,0.001460162,0.0008176095,1.836719e-05,6.7813585e-07,4.0234685e-05,3.6075406e-05,2.0056325e-05,1.8135524e-05,7.770458e-05,7.578701e-06,0.000124388,0.0001354173,3.875113e-05,4.8578197e-05,3.0504265e-05,1.0690523e-05,3.6955076e-05,9.999627e-06,7.238116e-05,0.00010696872,0.000491322,1.0903183e-05,9.280282e-05,3.5381174e-05,7.4390096e-06,2.2288898e-06,0.00035262023,2.7316384e-05,0.00027761192,1.2150633e-05,3.512028e-05,1.5308635e-05,4.434547e-05,0.0002447853,5.546315e-06,8.191056e-06,9.603508e-06,1.820365e-06,2.1912622e-06,0.000108085835,0.0001455376,3.886127e-06,3.995835e-06,0.00025534458,3.2131727e-05,6.080307e-06,5.5917815e-05,0.00012682879,5.8568235e-06,0.0001415827,9.257521e-06,1.1093739e-05,8.464398e-06,6.126734e-07,4.2586285e-06,2.4798659e-05,9.9118415e-06,4.749522e-05,0.00017188315,1.8947469e-05,1.7636397e-05,4.66837e-05,0.0005369715,6.2183367e-06,3.5106183e-05,3.132612e-05,9.904e-05,5.6679146e-05,1.1757585e-06,5.5648843e-07,4.727511e-05,7.51006e-05,1.1795426e-05,5.1031375e-06,1.7160874e-05,0.0007409182,0.00010911281,2.5907326e-05,2.5267727e-06,0.00060954655,6.789341e-05,0.00010814677,3.5776084e-06,1.4114349e-05,1.6087057e-05,1.602538e-05,5.9704644e-06,5.4082004e-05,2.5433737e-05,7.3475067e-06,1.7890943e-05,6.7018e-05,0.00014745285,0.0002977341,1.3114421e-05,0.0008305894,3.0987128e-06,2.480658e-05,1.5070377e-06,5.918553e-07,0.00020900721,8.45529e-06,0.00016429837,3.5214216e-05,0.00016241444,4.1479593e-06,8.228284e-05,2.2779326e-05,3.508657e-05,0.00016638571,0.0006787003,0.00014168303,0.00011883646,3.0168103e-05,2.8609547e-05,3.1541056e-06,4.9534046e-05,1.569885e-06,0.00014031705,9.3485205e-06,4.6761247e-07,1.9011859e-06,0.00022754875,1.5272166e-05,0.00063584145,3.263118e-05,7.917126e-05,4.8320385e-06,0.00013589086,2.758063e-05,0.00016856594
BC2026_Train_0045_S22_20220125_211500_050,1.4329194e-06,1.1249915e-05,4.0605833e-06,2.8457629e-05,5.430871e-06,9.649567e-06,4.4595276e-06,6.164576e-06,2.4605793e-05,5.9503276e-05,0.0028424205,8.141344e-05,5.6716118e-08,1.6463379e-06,6.3517914e-06,0.722638,1.7279967e-06,1.9225331e-07,0.9976169,9.230434e-05,2.4063107e-05,0.9972873,0.00010744716,1.9339743e-06,0.005170612,3.425934e-05,0.0001570057,1.7478955e-05,1.110696e-05,8.7445194e-05,8.8412855e-07,1.3491274e-06,1.4298628e-06,4.6921312e-07,3.8316733e-07,1.4206311e-06,3.0800288e-07,1.1273382e-06,3.02965e-07,4.147161e-07,3.158877e-06,4.6886552e-07,1.3869112e-06,1.451646e-06,2.6523063e-07,2.9794953e-07,9.709205e-07,8.4030825e-07,2.8395127e-07,9.721232e-07,3.7759474e-07,3.3221303e-07,4.7246218e-07,9.4871854e-07,2.547295e-06,3.178742e-05,6.2467005e-09,0.017993236,5.4763164e-05,1.2326096e-05,0.9874565,1.01325554e-07,0.00029211465,0.99819297,0.044173807,4.290573e-05,3.7329032e-06,1.733925e-05,2.3659584e-07,3.4254506e-05,5.4242594e-08,1.3760028e-06,5.0324034e-05,4.819608e-05,2.3870356e-07,6.662605e-05,0.00011535719,0.00015337128,3.569916e-06,1.0106813e-05,9.733894e-05,7.421977e-05,0.0001325764,8.3121295e-06,0.00013740074,3.5900954e-05,1.6681385e-06,1.6954997e-05,7.269708e-05,0.0004743849,0.001088118,1.7092098e-05,9.798954e-06,0.00035634893,0.003643128,0.0008206809,1.4555384e-05,3.5536118e-06,3.393276e-05,3.4361034e-05,5.206083e-05,3.6772033e-07,0.00047088298,0.004313328,0.001172784,6.422718e-05,2.804874e-06,9.80002e-05,3.3408418e-05,8.920594e-06,2.7337988e-05,0.00015176811,5.774667e-06,0.0001001568,0.0005156354,5.5017765e-05,9.543539e-05,6.540642e-05,1.51475115e-05,6.355321e-05,1.5739633e-05,0.00029965435,0.00010921971,0.0006555767,8.555627e-06,0.00014401137,9.7007396e-05,1.15375615e-05,1.4343481e-06,0.0008109339,2.5296004e-05,0.0003670146,5.463459e-06,5.0939692e-05,2.9674413e-05,0.00018178188,0.0009225229,1.4098931e-05,4.6745026e-06,2.0491327e-05,3.7415996e-06,2.0266775e-06,0.00020797193,0.000110556335,1.4452667e-05,9.6574295e-06,0.00013171414,0.000110412526,5.0890826e-06,8.965018e-05,0.00012630572,3.9015863e-06,0.00018420018,1.2838661e-05,2.6010655e-05,3.9112187e-05,5.7394845e-07,3.1395807e-06,1.5744603e-05,1.9891195e-05,2.742871e-05,0.00015367972,2.8504428e-05,3.8547714e-05,0.000102736834,0.0007796357,3.130808e-05,5.100488e-05,1.3413233e-05,8.95316e-05,0.00015064841,2.2933216e-06,8.996853e-07,2.3511306e-05,0.0001479771,1.819878e-05,1.0874386e-05,1.9503592e-05,0.0016189859,0.0005268937,3.1522497e-05,1.0191387e-06,0.00085674436,0.00010779896,6.8848305e-05,3.4158788e-06,2.6194462e-05,5.7301793e-05,1.0192397e-05,1.0751438e-05,2.9176528e-05,1.7219729e-05,1.6901238e-05,3.0057257e-05,0.00014058973,0.00041431177,0.00020625937,5.995879e-06,0.0040454348,9.137434e-06,2.5986732e-05,7.147769e-07,1.1893762e-06,0.00032437893,2.113027e-05,0.00032772048,0.00010771512,0.00043185827,5.3196977e-06,9.921109e-05,3.9930805e-05,3.569548e-05,0.00016192347,0.0009739803,8.9216686e-05,0.00015819153,2.843183e-05,0.00024811344,2.3912676e-06,0.000106356325,1.2518437e-06,7.106642e-05,1.0400629e-05,8.6179426e-08,1.1308778e-06,0.00017641883,1.02856475e-05,0.001537633,2.5229918e-05,0.00047510242,3.7979014e-06,0.00040402717,5.4223237e-05,0.0001196637
BC2026_Train_0045_S22_20220125_211500_055,7.4491857e-07,2.5940926e-05,3.4658906e-06,1.9955436e-05,2.077457e-06,3.0341857e-06,2.5143597e-06,5.6890503e-06,5.516916e-06,3.1860378e-05,0.0027582136,7.99505e-05,4.6885155e-08,6.071256e-07,8.532656e-06,0.6170903,2.4075437e-06,5.3517272e-08,0.99795145,5.7996178e-05,1.0107863e-05,0.99295807,4.9683116e-05,2.0396296e-06,0.0035670246,9.448213e-06,0.00040653648,1.2727919e-05,4.717225e-06,4.135456e-05,8.302443e-07,1.0109782e-06,1.8571751e-06,2.7256982e-07,5.0365765e-07,1.3972931e-06,2.7296133e-07,5.2458785e-07,2.7956608e-07,3.0479362e-07,1.9643962e-06,4.0665802e-07,1.7074367e-06,1.5190125e-06,2.2866838e-07,2.559131e-07,9.827946e-07,1.1918937e-06,2.2547408e-07,5.0633724e-07,4.3437393e-07,3.952395e-07,5.309143e-07,9.0543256e-07,1.9815598e-06,6.9549424e-05,1.9734488e-08,0.02942905,1.30161e-05,3.0029346e-06,0.99714977,1.2975009e-07,0.00012297499,0.99731714,0.082819454,8.310894e-05,1.9620504e-06,4.52136e-06,4.988796e-07,4.6831738e-05,4.3906052e-08,5.857499e-07,3.600196e-05,4.731656e-05,8.565667e-08,4.386682e-05,9.154767e-05,0.00013959745,3.4649092e-06,3.324274e-06,6.9570386e-05,3.1085576e-05,9.680512e-05,6.5992253e-06,7.926228e-05,3.3938715e-05,2.2981865e-06,3.213593e-05,6.677553e-05,0.00023952284,0.00038719218,1.47877245e-05,4.2369115e-06,0.00020208012,0.0017827657,0.0004694457,8.520889e-06,1.8405148e-06,2.6891024e-05,3.1818174e-05,3.3654353e-05,1.4013938e-07,0.00036554225,0.0009188548,0.00074071094,4.0140254e-05,5.8251e-07,8.997117e-05,2.0532974e-05,5.9102445e-06,1.307163e-05,7.2405666e-05,3.021273e-06,8.921091e-05,0.00038183865,2.7935183e-05,3.1195486e-05,6.705067e-05,2.1815455e-05,2.0695097e-05,9.395281e-06,0.00023139389,7.3988136e-05,0.00045692286,5.179517e-06,7.19302e-05,0.000101439975,1.2741302e-05,2.4429974e-07,0.0011932021,8.154187e-05,0.00030647556,3.5724736e-06,3.2349686e-05,1.8129542e-05,0.00013581975,0.0003235074,5.7956327e-06,6.791741e-06,1.4127237e-05,3.8513463e-06,1.471615e-06,0.0003051871,8.564464e-05,1.4037592e-05,1.7648025e-06,0.0001236885,4.4103857e-05,3.339335e-06,7.272446e-05,8.389334e-05,2.571991e-06,0.00013399987,1.0378268e-05,2.2217097e-05,3.0834177e-05,4.6161844e-07,2.238666e-06,1.1783801e-05,1.121371e-05,9.930157e-05,8.6390755e-05,4.8222378e-06,1.1316412e-05,6.345129e-05,0.00073241367,1.3550146e-05,2.7728951e-05,1.2674454e-05,0.00011197519,5.3412117e-05,1.5697336e-06,4.5290025e-07,2.2085553e-05,0.00011641671,1.0292251e-05,8.890325e-06,9.722384e-06,0.0012892344,0.0002396142,1.575052e-05,4.5812172e-07,0.00073252607,6.877501e-05,7.1091294e-05,1.2668405e-06,2.0385685e-05,2.6310654e-05,1.6097862e-05,5.1237753e-06,3.6036345e-05,1.0957187e-05,3.5502788e-05,2.5192843e-05,3.790837e-05,0.00015734592,8.423643e-05,4.33694e-06,0.002405235,7.750821e-06,2.5386145e-05,8.6493435e-07,3.0327746e-07,0.00017676636,3.2063377e-05,0.00022223934,0.0001072179,0.00043140174,2.5617633e-06,9.73757e-05,4.0610877e-05,2.6364854e-05,0.00013938012,0.00038630312,0.00014735952,6.815158e-05,1.7248836e-05,0.00026382474,1.7980474e-06,0.00017481783,1.3589541e-06,0.00013690417,7.2784424e-06,6.2534745e-08,3.413811e-06,0.00012560768,9.793675e-06,0.0016829481,1.0679518e-05,0.00014422946,1.4783908e-06,0.00020120015,3.2984906e-05,0.00011141209
BC2026_Train_0046_S22_20220127_230000_000,1.4621066e-06,6.982803e-06,1.0230846e-06,0.00011544468,2.2412548e-06,2.030809e-07,1.4295862e-06,8.825382e-06,2.3387705e-05,0.0001382823,0.018398616,0.000109778215,1.4566548e-07,1.2423668e-07,5.550093e-06,0.05167677,4.2606574e-05,4.878067e-08,0.9274917,0.0002530584,3.4433957e-05,0.3776075,1.0338901e-05,2.9923685e-06,7.19678e-05,5.6328275e-07,0.00034197015,2.3537013e-05,8.4888643e-07,4.1672058e-05,7.833126e-06,8.72976e-07,5.4763905e-06,1.0981486e-06,1.3921442e-06,1.712606e-06,2.478461e-06,1.2448554e-06,1.7894872e-06,2.1075998e-06,6.7733513e-06,2.771974e-06,9.898994e-06,8.142062e-07,3.4229117e-07,5.1168035e-07,2.9169491e-06,1.015423e-06,5.2024245e-07,7.993479e-07,2.8363079e-06,2.8483894e-06,3.8272506e-06,4.766485e-06,4.8602305e-06,6.560734e-06,1.3655247e-07,0.16689862,4.6307578e-06,3.9543097e-06,0.97816193,1.1009316e-06,0.00046966993,0.9963277,0.011657961,7.053702e-05,2.147124e-06,7.3569518e-06,7.5013565e-07,4.049359e-05,1.336383e-07,3.6581164e-07,2.9171106e-05,3.5241019e-06,2.6058723e-07,6.205411e-05,0.000493228,0.00013502933,3.0123856e-06,2.7775632e-06,2.7997297e-05,2.05627e-05,7.231307e-05,3.0371268e-06,1.1736663e-05,7.72225e-05,5.602975e-07,2.7328579e-05,3.9318653e-05,5.32182e-05,0.00024427706,1.3742173e-05,2.7189922e-06,9.6017684e-05,0.00035638644,0.00030648115,1.38961e-05,5.9733634e-06,2.804069e-05,2.4089923e-05,0.00011060242,9.195752e-07,0.00018196815,0.0015270065,0.0005367599,1.4146368e-05,4.5117883e-07,0.00014973413,2.3815475e-05,3.4204335e-05,4.2214724e-06,8.112638e-05,1.266579e-05,0.00037724193,0.00071501906,3.7890768e-05,4.8930895e-05,1.8634732e-05,0.000100934085,2.2800888e-05,1.8727392e-06,0.00011150168,0.00026043685,0.00040251767,1.2327977e-05,0.00015262405,6.666329e-05,1.2357155e-05,1.461266e-06,0.0005292141,1.8649824e-05,0.0002965559,1.97455e-06,3.6703434e-05,1.1263945e-05,0.00010923597,0.00015489859,1.9275561e-05,8.8369625e-06,8.568941e-05,5.8978576e-06,2.4229323e-06,0.00039827972,9.513346e-05,1.805366e-05,5.6982594e-06,0.00031392009,8.043122e-06,1.4233163e-05,6.4317705e-05,0.0007618552,5.6580634e-06,8.9464265e-05,1.7179935e-05,1.573225e-05,3.6355632e-05,1.7643516e-06,6.3905804e-06,1.4396461e-05,4.986541e-06,0.00042089826,0.00010830135,5.2692267e-06,1.2100759e-05,8.124189e-05,0.00052499183,4.5639194e-06,3.4036955e-05,0.00018224458,0.0003133818,0.00018193171,9.410673e-07,4.4871496e-07,0.00012912464,0.00011637698,1.8028319e-05,1.2834462e-05,8.467232e-06,0.00120149,2.9396584e-05,3.340415e-05,8.008908e-06,0.00062313885,9.330889e-05,5.5745044e-05,1.2347581e-06,3.0281437e-05,8.744635e-06,2.0295174e-05,8.808237e-06,0.00020807028,9.911709e-06,1.4585008e-05,2.814268e-05,8.328984e-05,0.00023351917,0.00033352448,2.6141735e-05,0.00040982623,2.8894397e-06,3.4642115e-05,4.2055276e-06,5.2163006e-07,7.322955e-05,7.769316e-06,0.00020443284,4.4379103e-05,0.00015567701,7.3149677e-06,0.00012621362,6.951979e-05,7.301342e-06,0.00036915758,0.001999952,0.00036587662,0.00025267314,5.715477e-05,0.00011238361,8.069282e-06,0.0002674953,7.827629e-06,0.0006048624,2.7303908e-05,1.5978783e-07,2.7520791e-06,0.00026726484,1.432896e-05,0.0002471775,1.3583745e-05,0.00014255005,7.5162643e-07,0.000109227636,4.025833e-05,0.0002149285
BC2026_Train_0046_S22_20220127_230000_005,4.0022537e-06,1.9017325e-05,2.5923214e-06,0.00012937965,2.3255552e-05,7.209651e-07,4.342618e-06,2.7835355e-05,2.3412296e-05,0.00018123153,0.0073055713,8.503909e-05,1.5513272e-07,2.1415603e-07,7.3884994e-06,0.12623242,1.8849658e-05,7.462662e-08,0.9755989,0.00012860032,9.6665455e-05,0.5830742,4.40851e-05,4.5613306e-06,0.0007859377,1.5226892e-06,0.00049167074,1.271666e-05,1.2386927e-06,8.7110864e-05,1.9982761e-05,1.4501447e-06,8.501102e-06,1.112409e-06,1.7312346e-06,2.3501882e-06,1.2218377e-06,1.9269712e-06,2.3476657e-06,2.1268359e-06,1.0437781e-05,5.391405e-06,1.448153e-05,1.1423296e-06,5.7236605e-07,6.8339136e-07,3.8266703e-06,1.7014468e-06,6.544528e-07,1.6015886e-06,6.0850166e-06,5.9589174e-06,8.845368e-06,5.4503703e-06,9.354843e-06,2.6134629e-05,1.7145675e-07,0.33511072,2.370275e-05,1.01573005e-05,0.98448414,3.675801e-07,0.00025929615,0.98539287,0.037928756,7.0860835e-05,2.2405432e-06,6.7012365e-06,3.149418e-07,6.447768e-05,2.0495241e-07,3.4848788e-06,3.425395e-05,3.8771388e-05,2.116885e-07,6.503822e-05,0.00039392168,0.00019268389,3.85704e-06,2.7793276e-06,4.4665652e-05,3.1569336e-05,7.5256816e-05,5.5481987e-06,9.9258605e-06,2.2551056e-05,7.3469204e-07,1.9413812e-05,4.389143e-05,9.679311e-05,0.0005720137,1.3513651e-05,4.9605155e-06,0.00016908429,0.0004019611,0.00029395518,2.8437771e-05,2.7249212e-06,3.0341129e-05,2.2742817e-05,9.78284e-05,1.3847081e-06,0.00023868207,0.002736895,0.0017126584,2.138921e-05,6.297095e-07,0.00035136525,6.214554e-05,3.4526187e-05,1.37083e-05,0.00024232754,1.0289503e-05,0.00024484974,0.00033974636,2.8910583e-05,4.377948e-05,2.7360418e-05,3.6493984e-05,4.0026152e-05,2.5181178e-06,0.00015812049,0.00027909648,0.00044721435,2.0899957e-05,0.00010146928,7.865623e-05,8.225459e-06,8.5359e-07,0.0004792705,2.5671567e-05,0.0003817369,3.826714e-06,3.182248e-05,2.7022026e-05,0.00015475377,0.0002159976,8.689296e-06,1.9478162e-05,4.446116e-05,7.226321e-06,1.6825917e-06,0.00013476089,0.00022549804,1.9866475e-05,7.5614466e-06,0.0003601817,1.1277479e-05,8.011635e-06,0.00014377729,0.00021910106,2.334086e-06,5.786746e-05,7.4253794e-06,3.4272805e-05,1.2952911e-05,1.6933724e-06,1.48275885e-05,1.0746569e-05,1.2022002e-05,6.266621e-05,0.00014953068,3.298612e-06,1.1048085e-05,5.5135155e-05,0.0013655176,1.4394194e-05,5.420391e-05,7.66999e-05,0.00015402712,0.00017823203,9.539299e-07,8.2986594e-07,0.00011085954,0.00013007621,2.5293662e-05,1.1960935e-05,1.2882248e-05,0.0005962393,2.3278695e-05,3.7571754e-05,4.299785e-06,0.00063334574,0.00018473329,0.000115685456,1.4665433e-06,2.6251679e-05,1.5839994e-05,2.0215648e-05,6.1752207e-06,8.930905e-05,8.562091e-06,8.466327e-06,2.0886886e-05,6.727496e-05,0.00014977856,0.0007510469,2.5453974e-05,0.00044850007,6.8171526e-06,7.348068e-05,8.776886e-06,9.3413837e-07,7.116421e-05,1.0912659e-05,0.00026560228,8.915129e-05,0.00012992004,1.292649e-05,9.692306e-05,3.446477e-05,2.1030777e-05,8.012727e-05,0.0010051323,0.00035428468,0.0002805208,6.90871e-05,9.599186e-05,1.0334131e-05,0.00016190727,7.5346916e-06,0.00057498727,2.9115243e-05,2.91897e-07,1.1691274e-05,0.00023576035,2.9770872e-05,0.00040827424,2.8349687e-05,7.775668e-05,9.793487e-07,0.0002198542,2.1496753e-05,0.00029894922
BC2026_Train_0046_S22_20220127_230000_010,1.8331732e-06,1.001481e-05,3.6466633e-07,0.00013879406,1.6700418e-05,4.9674185e-07,1.4493636e-06,9.079012e-06,5.3757958e-05,0.00017479832,0.0059091724,3.735643e-05,4.6509474e-08,1.0306854e-07,5.8565274e-07,0.18755476,8.643665e-06,9.1035076e-08,0.99615955,7.7335404e-05,2.9521827e-05,0.86044896,2.3663522e-05,3.5637288e-06,0.0004770174,1.1823263e-06,0.00011752227,7.1764816e-06,4.129158e-07,0.00021973642,8.819737e-06,1.6748126e-06,6.231213e-06,1.5224177e-06,1.3615914e-06,2.572688e-06,9.323379e-07,2.7551307e-06,1.1968975e-06,2.4344927e-06,1.1574722e-05,3.215462e-06,1.1560911e-05,1.1831339e-06,5.7836894e-07,7.3325367e-07,6.2290865e-06,1.8293189e-06,8.8492646e-07,2.6215785e-06,4.3036252e-06,3.779164e-06,5.3293656e-06,3.4163218e-06,1.651817e-05,5.8662085e-06,4.759698e-08,0.48513874,1.053593e-05,3.4227169e-06,0.9937709,3.0391413e-07,0.00014161145,0.99864775,0.037639238,3.5611734e-05,5.93216e-07,3.2055816e-06,6.4778014e-08,3.55765e-05,1.8798767e-08,2.1057897e-06,2.4895668e-05,1.2887532e-05,1.6238182e-07,3.899115e-05,0.00012434565,0.00011154327,1.4878759e-06,1.2442133e-06,2.5409687e-05,4.570736e-06,2.0113172e-05,1.3715667e-06,6.9097755e-06,9.302612e-06,2.4235e-07,9.513847e-06,2.9129324e-05,7.214824e-05,0.0005401781,4.587383e-06,1.5121514e-06,7.849274e-05,0.00044828717,0.00041577252,1.1700108e-05,3.8107155e-06,1.028551e-05,6.327976e-06,3.848131e-05,4.4019257e-07,9.6217576e-05,0.00541609,0.0008916028,1.1260069e-05,3.709665e-07,0.00011641295,1.6112068e-05,1.1589855e-05,6.292134e-06,0.00010488008,3.7617863e-06,0.00011989695,0.00017703287,1.5352614e-05,3.6133697e-05,1.1808201e-05,2.41695e-05,8.068274e-06,2.2053252e-06,6.060099e-05,9.430817e-05,0.00023707155,1.0725938e-05,3.051477e-05,6.658883e-05,4.5382776e-06,2.290759e-07,0.00021757554,3.7502305e-06,0.00013353494,2.8753739e-06,1.5481171e-05,1.213875e-05,0.000103970844,0.00017305501,3.2022572e-06,2.828488e-06,8.283716e-05,1.274685e-06,1.5267257e-06,3.686613e-05,9.328691e-05,2.8505e-05,4.5878423e-06,0.0001451039,1.8908214e-06,2.8385348e-06,3.829136e-05,7.365038e-05,2.0120663e-06,1.9818242e-05,2.8549025e-06,1.8723638e-05,9.046376e-06,9.406563e-07,2.3424216e-06,1.8922085e-06,5.150063e-06,1.0091884e-05,7.94251e-05,9.559507e-07,2.5673348e-06,2.1274514e-05,0.00042326452,7.1990135e-06,3.052673e-05,2.8481629e-05,0.00010498965,3.0795443e-05,1.9791695e-07,3.8174744e-07,1.908029e-05,6.1684535e-05,1.5391535e-05,3.4298466e-06,5.276211e-06,0.00043612043,2.7710183e-05,1.9527208e-05,6.3222114e-07,0.00022824101,7.085184e-05,3.4584646e-05,5.1436785e-07,9.877249e-06,4.9308533e-06,5.0056087e-06,4.4377175e-06,3.52659e-05,2.6602124e-06,3.4207198e-06,4.7089907e-06,2.6737185e-05,0.00011633237,0.00021382821,8.614049e-06,0.00058771076,1.6883171e-06,2.0343019e-05,1.3181979e-06,8.07183e-07,3.2576987e-05,6.7109377e-06,9.379625e-05,2.9469138e-05,0.0001664487,7.966964e-06,2.8218543e-05,1.138956e-05,3.5319208e-06,5.2584583e-05,0.00040537337,0.00029108793,0.00020947444,1.2769365e-05,0.00014879889,2.3285875e-06,9.371819e-05,2.1079215e-06,8.098161e-05,1.2958446e-05,8.847335e-08,1.5426657e-06,8.112476e-05,2.2462733e-05,0.00040308558,1.0813227e-05,3.7258123e-05,1.1727948e-07,0.00013319527,6.876887e-06,0.00011149158
BC2026_Train_0046_S22_20220127_230000_015,7.445759e-06,1.1488142e-05,5.656438e-07,0.00013630342,2.2901044e-05,7.2123464e-07,1.9753015e-06,1.2138529e-05,1.558693e-05,0.0003534612,0.015210933,5.9622722e-05,2.5163498e-08,4.570029e-08,2.4306945e-07,0.04877994,3.4057703e-05,1.29181466e-08,0.9974718,2.4955878e-06,1.6893986e-05,0.4063248,6.357915e-05,3.340144e-06,0.0009395714,8.874636e-07,0.00020279545,9.562293e-06,8.189005e-08,0.00031915214,8.54747e-06,4.833389e-07,6.2011927e-06,8.4561646e-07,1.0914478e-06,5.896463e-07,6.210664e-07,1.72986e-06,8.17375e-07,1.1938981e-06,5.1786083e-06,2.7517276e-06,1.2135555e-05,2.2097367e-07,3.1492408e-07,3.3010087e-07,4.1044423e-06,2.5138684e-06,4.622854e-07,1.3971197e-06,4.1489757e-06,3.3565318e-06,4.9442638e-06,3.0161227e-06,5.1808706e-06,5.0845856e-06,1.0303925e-07,0.45298156,1.099096e-05,1.9993977e-06,0.9681162,5.750464e-07,5.1565887e-05,0.9983865,0.010442972,4.3410473e-05,2.072455e-07,3.4441234e-07,5.7926044e-08,8.6989254e-05,4.6905555e-08,3.0216484e-07,5.6782856e-06,1.3211631e-05,8.1807784e-08,0.00013844788,0.00010345795,8.726285e-05,8.4516415e-07,2.1409712e-06,1.0198376e-05,6.1472865e-06,1.551672e-05,1.8640884e-06,4.5849947e-06,1.5725245e-05,2.588697e-07,1.3689122e-05,2.5467545e-05,6.0543633e-05,0.00024215526,8.548498e-06,1.3508279e-06,4.8685095e-05,0.0011677776,0.00049217534,4.1706203e-06,3.1664747e-06,7.98963e-06,4.363837e-06,2.292897e-05,2.6659393e-07,0.00020269706,0.008437297,0.0017094632,1.1951003e-05,1.0847407e-07,0.00024047912,2.2779654e-05,1.2449169e-05,1.3425595e-05,0.000112977796,2.9807195e-06,0.00013646872,0.00019776626,2.652831e-05,1.7266184e-05,1.1804968e-05,1.2280384e-05,1.15838875e-05,1.9928664e-06,9.310046e-05,4.4511427e-05,9.078378e-05,1.9644973e-05,2.1536664e-05,2.7390912e-05,6.49383e-06,3.476241e-07,0.00036171175,7.922217e-06,6.2437386e-05,3.0170977e-06,1.6168156e-05,2.2028022e-05,0.00032184066,5.7292284e-05,6.3226257e-06,3.3391348e-06,0.00012870265,2.99399e-06,3.6175223e-07,6.576987e-05,6.406123e-05,0.0001360811,8.742298e-07,0.00022668777,2.0377502e-05,1.217865e-06,8.299268e-05,3.3979682e-05,1.2446477e-06,9.063068e-06,5.945515e-06,2.4673702e-05,4.7893586e-06,1.3584681e-06,3.1702032e-06,1.9063076e-06,2.191149e-05,5.0883787e-06,4.9105718e-05,4.171286e-07,3.761951e-06,3.479621e-05,0.0010896594,1.4099201e-05,6.6731285e-05,4.4565582e-05,8.987033e-05,7.67891e-05,4.2136796e-07,3.7377688e-07,2.809374e-05,5.2122177e-05,1.7760978e-05,1.3642139e-05,4.9051414e-06,0.00022250078,3.5064928e-05,2.5601183e-05,8.9907115e-07,0.000100338715,2.0185018e-05,4.9694438e-05,6.9829565e-07,9.634873e-06,4.291514e-06,8.364733e-06,7.734296e-06,1.856619e-05,2.1792125e-06,2.7578646e-06,6.006736e-06,4.2602143e-05,0.00015583415,0.00012774517,1.1831918e-05,0.0018626092,4.076974e-06,1.8867482e-05,1.5645893e-06,8.2032057e-07,2.6973365e-05,1.07091555e-05,4.9126193e-05,6.31914e-05,0.0002920857,9.220594e-06,4.24323e-05,1.7915989e-05,6.421793e-06,4.827447e-06,0.00027363843,0.00037740436,0.00025074603,3.9993072e-05,0.00024405913,3.9276665e-06,9.053298e-05,2.0865607e-06,9.197372e-05,8.938614e-06,4.5734907e-08,5.675524e-07,5.7241446e-05,2.4185592e-05,0.0006770245,4.5485162e-06,4.188533e-05,2.9986597e-07,6.6230896e-05,3.6232302e-06,9.747213e-05
BC2026_Train_0046_S22_20220127_230000_020,1.90349e-06,3.857456e-06,2.8301397e-07,5.661848e-05,9.770951e-06,1.266596e-07,9.642122e-07,1.2174411e-05,4.03443e-05,0.000106991276,0.01635726,2.9382794e-05,4.7795115e-08,2.2879965e-08,4.0659165e-07,0.013871055,5.849812e-06,1.9483009e-08,0.9575147,2.8665914e-05,1.589047e-05,0.06348504,1.3632711e-05,2.8632871e-06,8.449565e-05,1.3450814e-07,0.00025980693,1.2290542e-06,9.849549e-08,6.1708306e-05,1.25653805e-05,6.455587e-07,5.0699527e-06,1.4169196e-06,1.3862501e-06,1.5251803e-06,6.010857e-07,1.8948415e-06,1.5207925e-06,2.7129029e-06,1.38285195e-05,4.265746e-06,1.6070513e-05,3.87755e-07,3.5695578e-07,4.2545307e-07,4.422031e-06,7.404007e-07,7.1985755e-07,1.8061247e-06,5.106911e-06,5.291136e-06,7.1414306e-06,4.584409e-06,1.4894483e-05,3.2087412e-06,1.2886356e-07,0.6270128,6.1085298e-06,1.5445132e-06,0.97159684,1.899345e-07,7.827731e-05,0.99271625,0.009851782,3.0371726e-05,3.9891916e-07,1.0809554e-06,4.53436e-08,1.6280921e-05,4.6885607e-08,2.2115719e-06,9.143449e-06,3.0115095e-06,7.858484e-08,2.3641098e-05,0.00022992503,7.021321e-05,2.4504575e-06,3.854617e-07,1.2869466e-05,8.19791e-06,2.0044774e-05,1.9442416e-06,7.0382015e-07,1.0489562e-05,1.0735661e-07,2.1249878e-05,1.7505528e-05,2.0785072e-05,0.00047340462,2.4607828e-06,1.3741262e-06,3.5512065e-05,0.00014415248,0.00019466087,8.15091e-06,3.515049e-06,1.2301998e-05,7.5785492e-06,3.9996125e-05,5.113813e-07,6.106258e-05,0.0015139788,0.00020639629,8.480784e-06,1.982844e-07,0.000108603956,4.1237243e-05,1.8916342e-05,3.7730172e-06,0.00014915345,3.1116003e-06,0.00019978533,0.00015960589,1.4345463e-05,2.0337005e-05,7.3828014e-06,1.5662567e-05,9.077652e-06,8.5998784e-07,2.995333e-05,9.2342896e-05,0.00022736982,5.699727e-06,2.529581e-05,2.2971562e-05,1.6063765e-06,3.2586485e-07,6.9407775e-05,3.033711e-06,9.6841584e-05,7.456158e-07,1.5840555e-05,1.6350472e-05,8.534243e-05,4.0367893e-05,2.3168432e-06,2.7450203e-06,5.353465e-05,2.4046135e-06,8.237425e-07,3.0374682e-05,0.00013652403,1.5491332e-05,1.2792641e-06,0.00016521031,1.7210267e-06,2.278187e-06,3.789861e-05,9.4842515e-05,5.5206823e-07,1.2341682e-05,3.1804236e-06,1.2313171e-05,5.7619986e-06,1.4578989e-06,7.0335236e-06,2.3357984e-06,6.645784e-06,1.4728051e-05,4.9560836e-05,1.8185088e-07,1.4874573e-06,1.3955051e-05,0.00033109455,3.6181991e-06,3.3270528e-05,3.359221e-05,7.527591e-05,7.7389624e-05,1.7994046e-07,2.7574833e-07,4.3585896e-05,5.2140174e-05,1.0356031e-05,1.9737988e-06,3.905275e-06,0.00023778419,3.2061625e-06,1.1289692e-05,1.4670455e-06,0.00025069108,9.457167e-05,3.9996277e-05,7.189451e-07,1.3868947e-05,1.8431899e-06,8.854535e-06,2.347321e-06,2.0779442e-05,1.6855838e-06,1.9772351e-06,3.4760562e-06,1.6406719e-05,7.415512e-05,0.00071770174,2.5097646e-05,0.00016912071,5.8775146e-07,2.3011227e-05,6.4505316e-06,5.182662e-07,8.684665e-06,2.2289153e-06,8.5787775e-05,1.9891726e-05,4.7059526e-05,9.1070815e-06,5.3818585e-05,1.7575014e-05,2.856545e-06,2.6277829e-05,0.00048694023,0.00095108297,0.00011160561,2.044181e-05,6.444559e-05,4.798516e-06,5.2558167e-05,2.096542e-06,0.00022261472,2.3065495e-05,1.1177979e-07,3.3816993e-06,6.59229e-05,1.5479221e-05,0.00020619368,6.168587e-06,1.7263777e-05,1.040141e-07,6.764119e-05,2.9521466e-06,8.16125e-05
BC2026_Train_0046_S22_20220127_230000_025,5.0516616e-07,5.322692e-06,5.411183e-07,0.00013370275,4.66483e-06,1.9541663e-08,3.633271e-07,1.8250275e-05,5.817842e-05,0.00011709005,0.02464477,6.127052e-05,4.9973103e-08,1.46611745e-08,6.133298e-07,0.035786513,5.2048374e-05,8.793462e-09,0.91692966,3.6659498e-05,3.3889133e-05,0.04813995,3.6564595e-06,1.9865515e-06,5.2819134e-05,2.9876063e-08,0.00011503414,2.062061e-06,1.0644662e-07,9.175682e-05,1.0748497e-05,6.981206e-07,4.0366526e-06,1.0691161e-06,1.394314e-06,1.587657e-06,1.5113354e-06,1.7963094e-06,1.4222876e-06,3.0707038e-06,8.726808e-06,2.970682e-06,1.595359e-05,4.5321954e-07,1.5593726e-07,1.8979038e-07,3.8078892e-06,5.709317e-07,5.9007607e-07,1.2627467e-06,5.733976e-06,5.809533e-06,8.018996e-06,3.678617e-06,1.3418273e-05,1.7118191e-06,6.339002e-08,0.8206817,1.23408e-06,1.5802975e-06,0.9750312,4.941172e-07,0.00025986365,0.9985328,0.029690003,1.2503998e-05,2.9455612e-07,7.1809126e-07,5.809267e-08,1.69259e-05,3.1358738e-08,4.4074366e-07,4.8840716e-06,2.6601058e-06,6.412648e-08,1.1982147e-05,0.00017893188,2.9129516e-05,1.5112373e-06,4.1808283e-07,4.807402e-06,4.311623e-06,7.305925e-06,3.0789596e-07,4.477779e-07,4.448102e-06,8.6897096e-08,1.2912678e-05,1.0669409e-05,7.3114597e-06,8.946537e-05,2.9720875e-06,7.3248765e-07,4.0629395e-05,8.073133e-05,3.778872e-05,4.8877528e-06,3.2911175e-06,1.1331608e-05,5.633441e-06,5.259531e-05,7.239297e-07,3.3751672e-05,0.0009766862,0.00021001301,5.0139024e-06,4.0646448e-08,0.00010903708,3.6776975e-05,2.3893092e-05,1.8365838e-06,4.4452638e-05,1.539898e-06,0.00015400039,0.00010470141,1.2370893e-05,7.003824e-06,2.6669793e-06,1.8221685e-05,1.14780905e-05,3.497183e-07,1.732933e-05,4.842233e-05,0.00019785135,5.1449915e-06,2.3668012e-05,8.080309e-06,1.7680388e-06,1.676676e-07,7.0643175e-05,3.2072758e-06,6.0548366e-05,7.0259557e-07,8.192853e-06,7.0755855e-06,4.486116e-05,3.1445095e-05,1.9397467e-06,1.6883381e-06,9.291873e-05,1.8047112e-06,4.0544475e-07,5.9164242e-05,0.00014502506,3.7495945e-05,8.365502e-07,0.00012523717,4.603501e-07,3.4004142e-06,2.170723e-05,0.00018381226,2.247869e-06,8.052262e-06,9.693902e-07,1.8290228e-05,4.9630326e-06,1.0966301e-06,5.8082924e-06,1.0409802e-06,2.3851453e-06,2.0024501e-05,5.1761133e-05,1.419366e-07,8.836472e-07,9.804254e-06,0.00027152273,1.5745463e-06,9.345544e-06,3.3767385e-05,8.4527965e-05,5.2721207e-05,7.0197004e-08,1.3865882e-07,5.334284e-05,0.000104534905,5.108294e-06,1.7406828e-06,3.067824e-06,5.8164165e-05,2.0933473e-06,2.0275655e-05,1.1877169e-06,0.0001321129,8.676533e-05,3.4768247e-05,3.0900466e-07,4.2996785e-06,2.0782277e-06,1.4130646e-05,9.830045e-07,5.6492918e-05,9.290246e-07,1.4731918e-06,2.2385761e-06,3.520935e-05,5.6402972e-05,0.00051760656,9.886023e-06,9.678915e-05,4.899813e-07,9.20909e-06,6.731867e-06,2.7534261e-07,3.85811e-06,3.6178644e-06,4.800586e-05,4.6811942e-06,5.67072e-05,5.3191907e-06,3.0634696e-05,6.978456e-06,1.2223703e-06,1.6364887e-05,0.0002486534,0.0003453217,0.0003047655,1.5688742e-05,3.3240212e-05,5.856566e-06,5.1757972e-05,1.2793347e-06,0.0002863778,1.8038467e-05,6.567812e-08,9.040865e-07,0.00011153741,1.530379e-05,6.843298e-05,3.2620298e-06,7.683716e-06,4.7556952e-08,6.8175694e-05,1.3544372e-06,4.8910555e-05
BC2026_Train_0046_S22_20220127_230000_030,2.511515e-06,5.7632838e-06,1.0698045e-06,0.0001075786,3.002935e-05,8.71562e-08,1.128923e-06,4.337279e-06,4.7588434e-05,0.00018691456,0.013374803,3.6995916e-05,6.149458e-08,3.7095724e-08,2.7024706e-07,0.048542667,1.2609951e-05,1.049609e-08,0.98724115,5.4339334e-06,3.3880893e-05,0.24619363,2.3934761e-05,2.152159e-06,0.00019900886,2.5236272e-07,8.122152e-05,1.0571716e-06,5.539997e-08,3.826942e-05,6.649677e-06,4.0156203e-07,3.0877977e-06,8.013584e-07,1.2649331e-06,6.466111e-07,3.3206194e-07,1.2790299e-06,9.448532e-07,2.102958e-06,5.347118e-06,2.5589654e-06,1.16792835e-05,1.9727794e-07,2.903575e-07,3.1061222e-07,4.268786e-06,6.9783295e-07,3.0332288e-07,1.0924037e-06,4.3797427e-06,4.153956e-06,5.5791693e-06,2.7835772e-06,7.656695e-06,2.374748e-06,5.99301e-08,0.66652495,2.6598902e-06,6.732437e-07,0.982406,3.9639647e-07,0.00010675666,0.9976585,0.016232032,2.3776443e-05,3.2689135e-07,4.4360402e-07,4.3359456e-08,2.5268977e-05,4.244585e-08,5.7665386e-07,4.819167e-06,6.114061e-06,6.313626e-08,6.330714e-05,5.6405122e-05,7.721006e-05,1.1570345e-06,6.3829697e-07,2.4274277e-05,6.347462e-06,8.36474e-06,1.0387856e-06,1.8415612e-06,4.710172e-06,1.1453801e-07,1.8765091e-05,9.82078e-06,3.061574e-05,0.0002484908,2.3876512e-06,1.2356192e-06,2.2379856e-05,0.00011082846,0.000100311445,4.9104774e-06,1.5027682e-06,1.5914628e-05,1.4414635e-05,1.3393905e-05,3.24726e-07,0.00015138972,0.0037555299,0.00039828295,9.9476365e-06,8.3377074e-08,0.00016260146,1.6035165e-05,1.1927161e-05,1.1181919e-05,8.383632e-05,1.9516556e-06,8.0010446e-05,0.00016307658,1.0821037e-05,1.1724514e-05,4.909208e-06,4.42886e-06,1.482086e-05,6.8268724e-07,5.2936077e-05,5.733798e-05,0.00015076839,5.688692e-06,2.4451665e-05,1.5645219e-05,2.5012657e-06,2.7164575e-07,0.00010468384,2.925622e-06,7.651026e-05,6.1159216e-07,6.821152e-06,8.440667e-06,9.362708e-05,6.722828e-05,3.6656775e-06,2.5758154e-06,7.0731214e-05,2.1619073e-06,9.796626e-07,8.273532e-05,3.9275747e-05,2.2848077e-05,4.897411e-07,0.00018782822,3.9595816e-06,6.4972835e-07,0.00011689326,6.376356e-05,2.5137101e-06,1.1427531e-05,1.890879e-06,8.366209e-06,2.0283867e-06,1.1442693e-06,2.9338503e-06,6.609036e-07,6.2051267e-06,7.344074e-06,4.0638657e-05,8.559102e-08,1.2697942e-06,1.5621916e-05,0.00025761116,2.7285148e-06,7.877243e-05,3.1419255e-05,9.675371e-05,3.951472e-05,5.102881e-07,1.321722e-07,3.434246e-05,6.867611e-05,1.4813342e-05,1.3143418e-05,5.0221674e-06,7.933208e-05,2.0050587e-05,1.0808485e-05,5.4743725e-07,6.196771e-05,1.8969888e-05,2.6413223e-05,2.020208e-07,1.001716e-05,2.9066468e-06,4.5136658e-06,3.4075201e-06,4.810379e-05,2.1877206e-06,2.10803e-06,4.8705037e-06,1.5060312e-05,0.00012539083,0.0002427806,8.624086e-06,0.00037973086,1.0517043e-06,1.1592585e-05,1.6976621e-06,2.766455e-07,3.0917032e-05,5.9487706e-06,0.00010188533,5.537744e-05,2.3690956e-05,8.229681e-06,4.0548497e-05,2.3573224e-05,2.764872e-06,5.1381226e-06,0.0002582941,0.00026057643,0.00020689695,1.5558608e-05,8.872131e-05,3.225745e-06,5.7491452e-05,1.0893087e-06,0.00016108235,3.352894e-06,3.10041e-08,6.885338e-07,5.8985883e-05,1.1968533e-05,0.00030013465,7.5486655e-06,2.1461357e-05,1.3178807e-07,2.2943472e-05,2.2163838e-06,0.00014451995
BC2026_Train_0046_S22_20220127_230000_035,3.3897447e-07,3.338539e-06,7.3089666e-07,0.00012220838,2.3818247e-05,1.252959e-07,1.2968752e-06,6.326129e-06,8.1034996e-05,0.0002812114,0.007496625,1.46446455e-05,3.054241e-08,3.729522e-08,3.3103714e-07,0.08143311,1.997858e-06,1.7240357e-08,0.9699083,2.4951545e-05,5.599044e-05,0.8149157,2.591543e-05,1.1669615e-06,8.071147e-05,1.6843883e-07,1.1262185e-05,1.782251e-07,3.854719e-08,2.7392634e-05,5.629403e-06,6.793411e-07,3.0622232e-06,8.669601e-07,6.652415e-07,1.1792981e-06,2.052184e-07,2.540037e-06,9.0072757e-07,2.478038e-06,7.699449e-06,1.8701086e-06,6.998016e-06,3.0414031e-07,2.1770845e-07,2.3282294e-07,4.789628e-06,4.9472686e-07,5.236292e-07,2.783423e-06,4.035556e-06,3.4905863e-06,5.3060076e-06,1.5210826e-06,2.0470428e-05,8.6347063e-07,2.101671e-08,0.85905915,6.508772e-06,1.8260038e-06,0.99341846,2.8351987e-08,0.0001159838,0.9964959,0.42833883,2.157335e-06,4.8847426e-07,2.642626e-07,3.213639e-08,2.8048658e-05,1.1939838e-08,2.4484227e-06,1.7718718e-05,7.1323243e-06,3.822876e-08,2.012004e-05,4.3096123e-05,4.063722e-05,8.2767264e-07,6.621318e-07,6.5366025e-06,2.1583105e-06,1.3634349e-05,1.147109e-06,1.2213146e-06,2.5846641e-06,1.3069828e-07,1.2112466e-05,6.2789527e-06,2.2768141e-05,0.0010221987,1.1919948e-06,8.167888e-06,7.6822944e-05,6.742666e-05,5.2488394e-05,3.875849e-06,2.8637708e-06,4.5642006e-05,7.4940012e-06,7.83521e-06,3.0546698e-07,0.00011061645,0.0029777393,0.00011005724,1.3736486e-05,1.0119924e-07,1.8661389e-05,3.2307387e-05,5.5146274e-06,7.6162623e-06,0.00019316822,6.9071007e-07,3.0406069e-05,5.9649738e-05,3.324788e-06,5.861394e-06,1.7735983e-06,2.778488e-06,1.223406e-05,6.451968e-07,4.5138553e-05,9.673311e-06,0.00022268904,1.0727653e-06,1.1660832e-05,5.2015303e-06,7.9267664e-07,1.900249e-07,2.8384884e-05,6.889535e-07,1.7187489e-05,1.2816049e-06,5.732631e-06,3.601475e-06,1.9300705e-05,4.2995922e-05,1.295098e-06,1.1427719e-06,8.706386e-05,2.0748653e-06,7.7656097e-07,4.1602007e-06,5.0884497e-05,6.4547276e-06,2.2781558e-07,0.0001328362,7.587369e-07,6.2969275e-07,1.885883e-05,1.5084503e-05,8.48523e-07,3.9331353e-06,4.518631e-07,5.680078e-06,7.637614e-07,1.206179e-06,7.951578e-06,7.2225953e-07,4.8946417e-06,3.7770778e-06,4.1496776e-05,1.7005983e-07,1.015057e-06,3.236379e-06,0.00014479527,2.2038996e-06,2.0157413e-05,6.3149305e-06,5.176572e-05,3.628757e-05,1.8350819e-07,4.727993e-08,7.6147944e-06,6.99527e-05,4.752718e-06,4.942152e-07,4.3116274e-06,4.3511187e-05,3.6324332e-06,9.931086e-06,1.3120945e-07,3.8474485e-05,2.6448335e-05,2.307975e-05,2.4527228e-07,4.697549e-06,1.8711021e-06,2.5526183e-06,8.675995e-07,6.2832783e-06,2.2239235e-06,8.387998e-07,1.8606356e-06,2.5786271e-06,4.2012623e-05,8.399084e-05,2.371799e-06,0.00023037488,5.0367254e-07,1.34232905e-05,9.2789566e-07,8.687075e-08,2.3050321e-05,3.927876e-06,3.176433e-05,1.4726056e-05,1.7605344e-05,4.0161744e-06,1.6446602e-05,6.8300305e-06,2.6090927e-06,1.1556215e-05,0.00012753205,3.756817e-05,0.0003219079,8.0701675e-06,1.7244396e-05,4.0524906e-06,9.208862e-06,7.291471e-07,4.9905488e-05,6.8676322e-06,3.6305305e-08,3.1724683e-06,5.2853244e-05,9.676079e-06,0.00041362946,8.363967e-06,6.798687e-06,1.1215802e-07,6.907083e-05,5.648169e-07,3.7716716e-05
BC2026_Train_0046_S22_20220127_230000_040,4.6541386e-06,1.5610449e-05,4.4353014e-06,2.082362e-05,9.890672e-06,5.836683e-07,9.06913e-07,9.030421e-06,5.2322575e-05,6.512746e-05,0.0028870238,5.3720596e-05,1.2530629e-07,1.4400482e-07,2.7637884e-06,0.19645624,7.3167676e-06,2.3112607e-08,0.99323046,1.22252995e-05,3.164611e-05,0.8620812,5.873162e-05,5.3301587e-06,0.001642603,1.5500259e-06,0.00031530941,6.7819346e-06,7.531218e-07,3.2724514e-05,4.891604e-06,1.2275466e-06,7.337283e-06,1.2111067e-06,1.2663852e-06,1.5507105e-06,1.0689264e-06,2.7151907e-06,1.124109e-06,1.5451437e-06,1.2346931e-05,2.5667398e-06,9.407223e-06,1.1485353e-06,3.85775e-07,4.4798674e-07,5.8040946e-06,2.3758896e-06,6.48149e-07,2.0474386e-06,2.5063396e-06,2.0017217e-06,2.73184e-06,4.671557e-06,8.260677e-06,4.6117366e-06,1.0523719e-07,0.18697505,3.5240105e-06,2.7858187e-06,0.9733151,2.3625401e-07,5.4216725e-05,0.99701333,0.009304741,3.212824e-05,2.881322e-06,8.9589236e-07,1.1089532e-07,4.2243628e-05,5.057818e-08,4.4892596e-07,1.3984947e-05,1.5724107e-05,1.1212357e-07,6.491596e-05,0.00011647469,0.00010818688,2.0615496e-06,2.5886281e-06,5.0354618e-05,2.9735065e-05,3.1363696e-05,8.351175e-06,2.1569653e-05,1.845665e-05,4.9197683e-07,4.5758974e-05,2.22236e-05,0.00018565611,0.00032333197,1.647731e-05,3.873639e-06,7.683518e-05,0.0006331312,0.00013482862,6.350162e-06,1.1409313e-05,3.7837108e-05,1.9979638e-05,5.6808203e-05,4.1450815e-07,0.00010737352,0.0017304559,0.00047167274,1.8140887e-05,5.492639e-07,8.842974e-05,2.4031004e-05,1.449138e-05,1.8029385e-05,5.1514475e-05,5.064072e-06,7.035598e-05,0.00023694117,5.7604666e-05,4.0955343e-05,2.6583366e-05,1.2329352e-05,2.0327367e-05,2.3384127e-06,9.009359e-05,0.00017330519,0.00047950586,7.902183e-06,7.2914736e-05,9.34641e-05,9.080093e-06,8.451561e-07,0.00021952261,1.863363e-05,0.00017219399,1.9709678e-06,3.2834043e-05,1.5512916e-05,0.00026025862,0.00021821752,5.2196574e-06,3.2087014e-06,5.669417e-05,1.6170466e-06,2.2659704e-06,0.00011267182,0.00013100669,2.1282814e-05,1.0816484e-06,0.00021842796,2.0777361e-05,2.4376452e-06,0.00012464658,0.00013312772,4.094703e-06,4.619774e-05,7.725892e-06,2.5499867e-05,1.4796527e-05,9.825687e-07,7.950122e-06,8.292843e-06,1.4106438e-05,2.0600699e-05,6.915302e-05,8.17881e-07,6.017773e-06,5.5809774e-05,0.0006166415,1.1108433e-05,0.00010583288,0.00010194685,0.000154819,9.8060314e-05,1.563381e-06,3.8596232e-07,2.6013508e-05,0.00013879167,4.641992e-05,1.7120174e-05,1.1890421e-05,0.00022577147,5.256518e-05,2.600805e-05,7.752734e-07,0.00022158788,4.324388e-05,3.8637296e-05,1.2780556e-06,1.1689914e-05,1.1121747e-05,1.1557858e-05,6.6836083e-06,3.187068e-05,7.0804317e-06,5.8697065e-06,1.5016411e-05,6.0035454e-05,0.00019058242,9.3871044e-05,1.29827395e-05,0.0022870884,7.002249e-06,1.7772873e-05,1.7746896e-06,8.0249634e-07,8.8476634e-05,1.366202e-05,0.00016041499,8.8988214e-05,0.00015618,9.474e-06,0.00013752907,6.01183e-05,1.5291549e-05,2.6525579e-05,0.0005241303,0.00014369245,0.00013273972,5.1355946e-05,0.0003969468,4.172283e-06,0.0001857813,3.584681e-06,0.00013360065,4.753783e-06,1.5103785e-07,6.6608396e-07,0.00021596691,1.919452e-05,0.00077536074,1.7405235e-05,5.426933e-05,1.0304637e-06,6.885894e-05,1.8381015e-05,0.00018164587
BC2026_Train_0046_S22_20220127_230000_045,3.3963522e-07,4.0786226e-06,2.3782647e-07,8.678063e-05,2.5272886e-06,4.6281247e-08,5.0342146e-07,2.1611818e-06,7.439246e-05,6.6846434e-05,0.005127549,2.0039708e-05,1.7705969e-07,4.147754e-08,2.2723607e-06,0.023629691,2.342875e-06,1.40852405e-08,0.97802097,0.00014387233,4.2531225e-05,0.5247864,1.2538928e-06,3.5813905e-06,7.301326e-05,1.536074e-07,0.00023818061,2.8098377e-06,4.7767326e-08,3.7979337e-06,8.939816e-06,3.97148e-07,4.629389e-06,9.286597e-07,1.5484613e-06,1.0661064e-06,3.7689642e-07,1.0898107e-06,1.0646169e-06,3.0461918e-06,1.3779023e-05,2.9802277e-06,2.4996036e-05,2.5021288e-07,5.6399125e-07,7.4008517e-07,6.3969524e-06,6.047379e-07,4.3271677e-07,8.5646263e-07,4.0206087e-06,5.2963564e-06,6.6763782e-06,5.944319e-06,1.5502994e-05,8.515597e-07,4.1238604e-08,0.3086714,1.3792295e-06,5.097375e-07,0.9797076,2.396717e-07,6.182522e-05,0.99532664,0.15205158,9.381556e-05,5.9619465e-06,8.5295204e-07,1.5357342e-07,1.4139501e-05,1.747205e-08,1.0868385e-07,9.503283e-06,1.7480489e-06,5.214768e-08,1.2633882e-05,7.054469e-05,0.00015157461,6.2050924e-07,8.947465e-07,1.5570884e-05,8.790875e-06,1.640492e-05,1.3105143e-05,3.6341273e-06,8.642981e-06,1.0458446e-07,1.8856257e-05,1.4883904e-05,1.3843086e-05,0.00025162185,2.2313848e-06,2.5218403e-06,2.3130364e-05,5.8867146e-05,9.969047e-05,2.5581626e-06,2.5362126e-06,1.0586834e-05,9.222309e-06,2.6296584e-05,1.0246034e-07,3.4274275e-05,0.00043061413,0.00012314093,1.0372152e-05,1.1152043e-07,9.022014e-05,5.4328e-05,9.531483e-06,2.1507574e-06,2.4834584e-05,7.1356035e-06,4.3309206e-05,2.571126e-05,4.0200794e-06,1.1731785e-05,7.482682e-06,6.514796e-06,4.9510963e-06,1.1167075e-06,0.00010540363,3.6610763e-05,0.00026698137,4.2491074e-06,1.8918507e-05,5.334527e-06,2.245067e-06,2.1637833e-07,3.600364e-05,1.7701074e-06,5.5272714e-05,2.6023088e-06,4.7391122e-06,4.5625266e-06,3.9192462e-05,3.2133783e-05,1.1218964e-06,4.105738e-06,3.926586e-05,1.4832942e-06,1.2469062e-06,0.000100474375,0.000111136425,5.2159453e-06,5.846549e-07,0.0001387852,3.2856362e-06,1.0491817e-06,3.119974e-05,0.00011197209,8.0407295e-07,2.0350277e-05,4.002822e-06,3.0406218e-06,5.504513e-06,3.5762636e-07,6.4780074e-06,2.096934e-06,2.5258357e-06,4.1685373e-05,2.1862774e-05,4.544015e-07,8.863539e-07,1.6337599e-05,0.000113417,3.2103205e-06,3.5945253e-05,3.0240255e-05,0.00011194936,2.2965822e-05,1.4416106e-07,1.4277288e-07,1.9611318e-05,2.7239488e-05,1.2053927e-05,2.1382064e-06,6.135713e-06,0.00018978743,4.6633045e-06,6.8367945e-06,3.7020948e-07,9.163055e-05,2.536647e-05,1.4839967e-05,3.3447458e-07,6.0521847e-06,1.5924808e-06,6.402928e-06,4.6830028e-06,3.3628945e-05,1.720577e-06,5.7246984e-06,1.0192903e-05,2.5337287e-05,7.997033e-05,0.00015204042,1.699401e-05,3.716253e-05,1.2139641e-06,4.171897e-06,2.041603e-06,1.0386661e-07,4.302287e-05,1.0634104e-06,2.6535623e-05,1.3891317e-05,2.0318006e-05,1.0382913e-06,3.354557e-05,3.472828e-05,3.912343e-06,0.000110554654,0.00021705794,9.099977e-05,0.00011700466,2.4610626e-05,3.1211137e-05,3.454974e-06,7.750572e-05,1.969489e-06,6.6199005e-05,1.581687e-05,1.6727313e-07,5.504989e-07,9.8780525e-05,9.320612e-06,9.22365e-05,5.6993413e-06,1.6059881e-05,1.3826825e-06,5.5617817e-05,2.666636e-06,5.7460642e-05
BC2026_Train_0046_S22_20220127_230000_050,7.727695e-07,1.0095725e-05,9.710243e-07,5.3652915e-05,5.6299236e-06,1.5251642e-07,1.5135249e-06,5.690575e-06,1.6015327e-05,4.6748875e-05,0.0066375053,8.650756e-05,2.0810324e-08,2.920264e-08,8.443013e-07,0.04067734,1.8508947e-06,1.933117e-08,0.9933695,1.7559469e-05,1.33587355e-05,0.48683697,5.635833e-06,1.5511705e-06,0.0002277821,1.9241307e-07,0.0001239525,7.1526034e-07,1.5102763e-07,1.5999512e-05,5.63262e-06,6.032081e-07,3.5084145e-06,5.242858e-07,8.3683665e-07,1.4591341e-06,2.7466152e-07,1.064949e-06,7.782647e-07,1.9166196e-06,6.464566e-06,2.0902532e-06,8.022377e-06,5.764768e-07,3.1135247e-07,3.555343e-07,3.804463e-06,7.381945e-07,3.7790204e-07,1.1290663e-06,2.880899e-06,2.8478923e-06,4.2848887e-06,1.956779e-06,1.17038035e-05,1.1275241e-05,4.6994117e-08,0.6461561,6.1794326e-06,4.1713298e-07,0.9950028,9.142851e-08,5.373541e-05,0.9976052,0.13211636,2.0448537e-05,4.9608616e-07,6.211932e-07,5.1791435e-08,3.5089746e-05,1.9363826e-08,1.5155368e-06,7.5355397e-06,5.972976e-06,2.8510062e-08,2.5264493e-05,5.9203125e-05,6.692374e-05,6.689843e-07,2.0283217e-07,1.0490302e-05,3.1810546e-06,2.0873365e-05,1.5855101e-06,1.1505228e-06,4.069209e-06,1.7100017e-07,1.4598671e-05,9.767774e-06,1.9766901e-05,0.00047757747,2.90071e-06,1.3372592e-06,5.9897233e-05,0.00014548753,0.00014225893,3.1249642e-06,1.2057168e-06,1.2790693e-05,1.1353317e-05,8.65414e-06,1.3908276e-07,7.3171825e-05,0.0006496264,0.00014399819,1.1119488e-05,1.240902e-07,8.89162e-05,1.77965e-05,6.68299e-06,3.0658205e-06,6.1135e-05,1.1465621e-06,0.00010302379,9.799581e-05,4.5398315e-06,7.860806e-06,6.044236e-06,5.448619e-06,8.740275e-06,3.6111143e-07,3.41879e-05,4.2155534e-05,0.00013618144,1.2333422e-06,1.9524005e-05,1.4537959e-05,1.4935455e-06,5.9016507e-08,0.00013822073,4.5856946e-06,8.893978e-05,9.911168e-07,4.84379e-06,5.175325e-06,5.1995732e-05,4.4442382e-05,9.945596e-07,1.8703635e-06,2.4494351e-05,2.8584116e-06,7.227956e-07,2.3807936e-05,4.811223e-05,5.6035487e-06,2.6166674e-07,0.00014865112,1.8226998e-06,8.277532e-07,2.133256e-05,3.7780468e-05,7.443697e-07,5.029026e-06,1.0094435e-06,8.078445e-06,1.3159859e-06,7.613165e-07,2.5419658e-06,1.9384559e-06,6.5279746e-06,2.4408146e-05,3.200591e-05,6.118466e-08,6.1155254e-07,9.06185e-06,0.00020850541,4.2084926e-06,3.072856e-05,1.1296574e-05,6.885743e-05,4.3241856e-05,1.5113295e-07,9.623513e-08,1.6030224e-05,5.341828e-05,6.2845306e-06,2.2845265e-06,2.3083212e-06,0.00011427941,6.0749508e-06,7.047657e-06,2.6524756e-07,0.00011578423,2.0701966e-05,2.0337528e-05,2.9883452e-07,5.665001e-06,3.955837e-06,4.7581957e-06,1.1989001e-06,1.5770029e-05,1.4071272e-06,3.3404756e-06,4.868344e-06,6.862735e-06,4.671184e-05,0.0003665071,6.306107e-06,0.00022199072,5.384661e-07,1.2681866e-05,1.8946645e-06,1.67549e-07,1.1697675e-05,2.9006876e-06,3.330005e-05,2.6696242e-05,3.0368077e-05,2.8217364e-06,2.3063447e-05,2.0792248e-05,5.9200997e-06,1.1030463e-05,0.0002198542,0.00017351865,0.00012640319,1.2002663e-05,3.711914e-05,3.5822445e-06,3.439077e-05,9.861266e-07,8.513118e-05,8.571625e-06,7.084587e-08,5.660843e-06,5.0256753e-05,6.9017146e-06,0.0003090108,1.2002711e-05,8.708069e-06,7.692506e-08,4.2429627e-05,1.5418141e-06,5.492802e-05
BC2026_Train_0046_S22_20220127_230000_055,1.0693979e-05,5.90835e-05,1.7679765e-06,0.00022716483,2.4281338e-05,1.2089142e-06,6.958679e-06,2.1310192e-05,4.2097727e-05,0.00041583236,0.020302719,0.00013488109,4.5500377e-07,3.901378e-07,5.6909766e-06,0.11251011,2.2335806e-05,1.2620805e-07,0.992061,4.8762133e-05,9.704172e-05,0.7067151,8.6906504e-05,3.619743e-05,0.0013288257,5.3545427e-06,0.0020790168,1.04916735e-05,1.1520028e-06,4.649634e-05,7.113463e-05,2.7120336e-06,3.2507127e-05,6.030832e-06,1.05088175e-05,5.7493953e-06,3.7763289e-06,1.0496116e-05,7.873606e-06,1.07224205e-05,6.9966845e-05,1.9849545e-05,0.00012727475,2.3074365e-06,1.5730005e-06,1.9021053e-06,2.290679e-05,8.923716e-06,3.121158e-06,1.0999789e-05,3.2521606e-05,3.2668853e-05,3.913364e-05,3.5389377e-05,3.1798187e-05,1.5999101e-05,6.317462e-07,0.40895158,5.591531e-05,5.4779102e-06,0.9709892,1.3914845e-06,0.00013588155,0.9928571,0.022439122,0.00041766796,5.765857e-06,4.410714e-06,6.434609e-07,0.00023079106,3.1653437e-07,2.2335137e-06,5.4331944e-05,1.9454994e-05,4.93537e-07,0.00010716955,0.0002645194,0.00021106389,3.7713048e-06,3.6634613e-06,4.3557684e-05,5.08469e-05,0.00010102392,1.9306799e-05,3.0442947e-05,3.263709e-05,1.1424211e-06,4.6159694e-05,7.840252e-05,0.000121850106,0.0009994098,8.188744e-06,1.0770733e-05,0.000111806294,0.00061528804,0.00078115094,2.7438362e-05,4.7973035e-06,3.1710788e-05,2.488387e-05,0.00015639311,1.8200283e-06,0.0005068272,0.0058742757,0.00080822606,6.4763786e-05,1.3006071e-06,0.00083592825,8.764338e-05,6.154827e-05,2.8067554e-05,0.0002911876,3.4201497e-05,0.0005041637,0.0005247949,6.5918866e-05,5.952416e-05,7.99675e-05,3.0026145e-05,4.1505995e-05,6.6154007e-06,0.00035350985,0.00020993194,0.00046389364,2.2705588e-05,0.00014691014,7.6478165e-05,9.937642e-06,2.1460614e-06,0.00075600506,2.0913576e-05,0.00035578138,4.395551e-06,4.9732647e-05,3.2816482e-05,0.00042923956,0.0003241375,2.543211e-05,2.2728811e-05,9.028487e-05,1.0808187e-05,3.3836543e-06,0.00026482373,0.00031347593,4.5166194e-05,1.0335214e-05,0.0007789948,8.711161e-05,9.319234e-06,0.00038091044,0.00019922605,7.280157e-06,6.565338e-05,2.2015423e-05,2.6973752e-05,2.0758387e-05,3.0818433e-06,1.4865193e-05,1.8934283e-05,2.4026329e-05,0.00014605185,0.00016302949,1.6206407e-06,1.9598268e-05,0.0001508124,0.0011692991,4.0945386e-05,0.00022551909,0.00031669583,0.00028522382,0.00026152423,1.6832465e-06,1.698067e-06,0.00017285712,0.00020672934,6.153102e-05,2.3261007e-05,2.2401466e-05,0.0011912612,6.269161e-05,3.3051976e-05,5.069692e-06,0.00034077544,8.4082276e-05,0.00013036703,1.680587e-06,9.3526156e-05,1.7456401e-05,2.6399852e-05,1.8417353e-05,7.4005e-05,1.550215e-05,1.0263268e-05,2.4425122e-05,9.09983e-05,0.00030373604,0.0005465473,8.467988e-05,0.0020570525,9.2859755e-06,8.6242675e-05,7.695574e-06,1.0469587e-06,9.580148e-05,2.0253412e-05,0.0003057565,0.00014052862,0.00010928034,2.834128e-05,0.00014443384,0.00022575918,1.4629472e-05,0.00012179771,0.0007857491,0.00039683617,0.0004723713,9.1527414e-05,0.0003122164,1.6416627e-05,0.00024145163,8.841371e-06,0.0005811288,6.525876e-05,6.0892205e-07,3.4113796e-06,0.0001801659,2.8087232e-05,0.0022263222,5.2554202e-05,0.00014401165,1.7592606e-06,0.00024609556,3.7837002e-05,0.00026875097
BC2026_Train_0049_S22_20220203_221500_000,5.6169437e-08,4.8567044e-06,3.4217703e-06,9.51438e-05,4.0041442e-07,1.26739e-07,4.3056838e-07,8.253244e-06,9.11319e-07,3.238821e-05,0.00039695666,0.0004064332,2.8845346e-09,2.6241248e-06,1.939033e-05,0.003739335,7.768587e-07,2.7847696e-07,0.8876104,0.0012179177,0.000101450605,0.9552477,2.0175702e-07,4.160944e-07,2.3325672e-05,8.77418e-07,2.2235154e-05,1.9607878e-06,1.047086e-07,5.7810043e-06,6.57003e-07,8.207627e-07,6.1361885e-07,1.5220851e-07,3.2391006e-07,1.0157436e-06,3.0753387e-07,5.2530925e-07,1.1848191e-07,4.821052e-07,1.365443e-06,2.5137433e-07,1.9600454e-06,6.007602e-07,1.6522394e-07,1.6891948e-07,1.7827012e-06,1.6023372e-07,1.2821363e-07,4.0685737e-07,3.7289036e-07,5.5214986e-07,7.0022355e-07,3.6818037e-07,9.4839625e-06,6.4394617e-06,2.3847006e-08,0.023332486,6.622096e-07,7.480538e-07,0.96380746,1.8102912e-07,3.9898296e-05,0.97378665,0.98997504,4.4144845e-06,4.7666163e-06,6.0649245e-06,7.503545e-07,0.00011335041,7.852817e-09,2.3441773e-07,9.053307e-05,2.5094919e-06,7.294849e-09,1.54355e-05,7.50301e-05,0.000109102504,2.3506558e-07,5.7274233e-06,7.422959e-06,1.9052951e-06,2.868339e-05,3.3239094e-06,1.1344205e-05,1.0655051e-05,1.1202712e-06,1.0884201e-05,1.3445172e-05,3.8583905e-05,0.0005143726,4.090663e-05,3.651487e-06,6.143902e-05,0.00043680822,1.2888983e-05,8.6096225e-06,3.0500955e-06,0.0013931512,0.0002492268,6.7038585e-05,1.6180596e-08,2.1683021e-05,0.00021538476,3.909593e-05,1.9145287e-05,3.438767e-07,6.820001e-05,0.00010476802,9.3590725e-06,1.7041506e-06,5.9762762e-05,9.187636e-07,4.1219904e-05,7.5385964e-05,7.174902e-07,8.185074e-06,8.7243336e-07,1.9083147e-05,2.5872367e-05,3.750581e-07,0.00042054933,1.52264165e-05,0.00026845263,4.9185014e-06,1.1729893e-05,6.7050523e-06,2.3861533e-06,1.8929521e-08,2.390686e-05,1.0346269e-05,2.1609532e-05,3.936266e-05,8.2367336e-07,7.5212193e-07,2.0712039e-06,1.0858686e-05,9.551343e-07,2.6851322e-07,3.3889133e-05,3.159814e-06,2.31243e-05,9.09616e-05,4.0353843e-05,4.0711925e-06,4.1130125e-08,1.4063132e-05,3.165253e-07,1.3078173e-06,1.3468324e-05,6.8897857e-06,1.2229265e-06,3.610855e-05,8.6223713e-07,2.377175e-05,4.811071e-06,1.0719513e-06,1.3638802e-06,4.4568196e-06,3.027673e-06,5.4481574e-05,1.8557073e-05,1.1144648e-06,1.1116634e-06,8.8956415e-07,5.4478032e-06,3.5927408e-06,3.7166872e-06,4.167209e-06,5.5724635e-05,1.6563916e-05,4.3628077e-07,1.3218848e-07,1.3137563e-06,0.0001057429,7.00088e-06,2.7041772e-06,2.189188e-05,0.00011988026,9.846129e-06,4.47123e-06,1.4763464e-07,0.00042611867,4.1139087e-05,0.0002555153,7.737122e-08,2.9382938e-06,6.893164e-06,2.0386146e-06,1.3957771e-07,1.0014495e-05,5.638467e-06,0.000116184936,5.7453944e-06,1.0378179e-05,3.4939487e-05,0.00011328277,2.1609096e-06,0.00013159978,4.5085235e-07,4.394306e-06,2.3770704e-06,5.654438e-08,0.00010094072,3.0117767e-06,1.898786e-05,1.6551867e-05,7.720881e-05,3.6607406e-07,0.00017310683,2.9120049e-05,4.533825e-05,5.2227257e-05,0.00020912004,1.0300028e-05,0.00014805105,3.9900165e-06,1.1855015e-05,2.7061042e-05,2.7954584e-05,5.4522343e-07,8.4930625e-06,2.0089735e-06,1.3116866e-07,6.2023046e-06,0.00016016861,4.1329724e-05,0.00029756385,1.0898491e-06,1.79409e-05,1.4509471e-06,0.0006167973,1.4323509e-06,0.00011060464
BC2026_Train_0049_S22_20220203_221500_005,1.4164857e-07,3.138539e-06,2.552022e-06,0.00012688541,7.89523e-07,3.9644405e-08,5.392791e-07,1.6269869e-06,2.9751984e-06,0.00022436354,0.004574057,0.0003647936,2.9158214e-09,1.706771e-07,2.0209297e-06,0.0010957781,7.0197336e-07,2.8607458e-08,0.85608584,0.00043227326,8.0857435e-06,0.90133864,1.6722097e-07,2.396662e-07,4.2751995e-05,2.0958952e-07,5.9292474e-06,7.1664754e-06,7.1174455e-08,9.15474e-06,1.8481359e-06,2.7779868e-07,1.3474017e-06,1.0470341e-07,2.0511703e-07,4.2246236e-07,3.2438953e-07,5.457166e-07,2.7073537e-07,4.1492308e-07,2.28339e-06,5.424249e-07,1.6637297e-06,1.9237123e-07,2.0616959e-07,2.1952374e-07,1.6198418e-06,2.2420683e-07,1.4852262e-07,3.6225663e-07,5.410956e-07,8.0495374e-07,9.878161e-07,6.3957174e-07,4.540927e-06,2.2898776e-06,9.934921e-09,0.05789356,6.0451305e-07,1.3593142e-07,0.9723436,6.194569e-08,3.6064055e-05,0.9803709,0.8587334,2.8253146e-06,2.180125e-06,6.2178935e-07,7.66971e-08,4.9034923e-05,8.335317e-09,2.9497832e-07,3.1188643e-05,1.3899872e-06,1.6519063e-08,4.6601876e-06,4.3674896e-05,6.219795e-05,1.8785458e-07,1.346482e-06,1.0206666e-05,2.1908986e-06,3.682983e-05,1.0959798e-06,1.3994727e-05,3.261889e-05,1.4331175e-06,1.22992415e-05,5.608504e-06,4.042244e-05,0.00026138662,7.0839574e-06,6.694019e-06,2.2458536e-05,9.5280535e-05,1.9354213e-05,5.593447e-06,3.0710087e-06,5.1857474e-05,4.987523e-05,4.4548713e-05,3.3885932e-08,1.7058845e-05,0.0002807557,0.00012961934,1.0706275e-05,9.1987204e-08,1.9030806e-05,3.5548484e-05,8.797215e-06,1.0211983e-06,3.2670036e-05,1.1335253e-06,3.7750287e-05,1.0947891e-05,1.86123e-06,5.4671646e-06,2.8047857e-06,8.945087e-06,1.4065894e-05,4.3344326e-07,0.00011938391,1.7010727e-05,0.00014144735,4.311175e-06,9.072961e-06,4.2206434e-06,2.3545786e-06,4.3980734e-08,4.478017e-05,7.682441e-06,1.0547421e-05,8.0836235e-06,7.8298314e-07,2.043703e-06,1.1122287e-05,9.613322e-06,3.7252994e-07,1.0272856e-06,1.0458039e-05,4.1829285e-06,4.6190385e-06,0.000147374,4.7377376e-05,6.326455e-06,2.3834867e-08,3.5919726e-05,1.0658554e-06,1.8186906e-06,7.984138e-06,1.3301314e-05,8.137885e-07,2.6837632e-05,7.275481e-07,6.743227e-06,2.5022007e-06,3.059448e-07,1.0320797e-06,9.4720076e-07,2.0651685e-06,4.575819e-05,2.2814003e-05,1.7107322e-06,8.711647e-07,1.3824939e-06,7.477503e-06,2.1101962e-06,6.655806e-06,1.2933938e-05,3.8440157e-05,1.1647139e-05,4.0958017e-07,1.1206457e-07,9.65046e-06,3.0310963e-05,1.7712504e-06,2.0467241e-06,1.6005892e-05,0.00011384164,1.3313192e-05,1.2199119e-05,1.2967314e-07,0.00010848574,1.4226541e-05,3.5674482e-05,1.357604e-07,2.883659e-06,7.127625e-06,1.9277302e-06,6.718429e-07,1.21017965e-05,4.3140294e-06,2.009569e-05,2.5967677e-06,7.438903e-06,3.8752314e-05,0.00013035224,2.1034775e-06,7.630413e-05,5.3177575e-07,2.6977405e-06,7.319074e-07,6.946685e-08,0.00023158702,1.5763194e-06,6.553128e-05,1.3769658e-05,0.0001041003,4.1694167e-07,3.6782974e-05,2.1150952e-05,2.3330122e-05,4.359966e-05,6.1555555e-05,2.428467e-05,0.00016738757,2.5704414e-06,6.7438314e-06,2.7845729e-06,1.4965915e-05,3.5205636e-07,8.075456e-06,1.8326156e-06,9.573168e-08,2.6321954e-06,0.00014563506,6.914377e-06,0.0001827236,1.2305003e-06,1.9970874e-05,1.8123103e-06,0.00013633384,1.5110314e-06,3.6196703e-05
BC2026_Train_0049_S22_20220203_221500_010,9.10099e-08,3.0072647e-06,4.492169e-06,0.000109976456,6.102982e-07,1.977926e-07,2.8452591e-06,3.5445812e-06,1.3126881e-06,9.361565e-05,0.0011796667,0.00031229353,7.4656334e-09,7.465294e-07,2.5798623e-05,0.0035679059,2.0632872e-07,1.6099867e-07,0.72421557,0.0006041019,1.6297e-05,0.9598538,1.862667e-07,2.8536618e-07,2.8367049e-05,4.1849728e-07,8.136837e-06,3.152052e-06,7.030936e-07,4.016225e-06,1.5033615e-06,9.006211e-07,1.0896828e-06,1.08547546e-07,2.1505534e-07,1.0173335e-06,3.9343442e-07,3.4376393e-07,2.8656777e-07,4.4004736e-07,1.3995616e-06,5.162899e-07,1.4767731e-06,9.306714e-07,3.1074643e-07,3.5426947e-07,1.3354444e-06,2.3197806e-07,1.224338e-07,3.305302e-07,5.0606354e-07,7.2925417e-07,9.0296635e-07,5.999094e-07,6.9874795e-06,9.05455e-06,2.6025337e-08,0.016775561,8.14694e-07,8.674755e-07,0.9770536,1.623233e-07,3.4468154e-05,0.95171916,0.9818854,2.7314775e-06,6.709946e-06,4.387104e-06,3.7299105e-07,7.529091e-05,3.9075065e-08,1.0228075e-06,9.826559e-05,1.226352e-05,1.1932803e-08,3.56153e-05,0.00015028498,0.00015142407,3.3724677e-07,6.038463e-06,1.9497027e-05,9.161901e-06,6.461254e-05,4.0711266e-06,1.7279872e-05,3.6819332e-05,4.466108e-06,2.2957e-05,2.5495103e-05,6.479888e-05,0.00051851175,3.495665e-05,1.2414857e-05,0.00011956882,0.00012358758,2.5720381e-05,1.5841611e-05,1.405861e-06,0.00019951252,0.00046261263,7.181457e-05,3.5207176e-08,5.152715e-05,0.00011472063,5.3603617e-05,4.914053e-05,4.3672824e-07,2.9848024e-05,5.9114605e-05,2.2221458e-05,1.6956977e-06,6.714934e-05,1.7005691e-06,4.3655367e-05,4.944353e-05,2.1955714e-06,1.3762423e-05,2.8635386e-06,2.6978667e-05,2.3551876e-05,1.050891e-06,0.00018219228,2.8407332e-05,0.0003283187,5.207108e-06,2.041e-05,9.785479e-06,5.7895886e-06,1.110096e-07,0.000120957666,2.5552985e-05,5.4279684e-05,2.6319336e-05,1.498735e-06,2.8022348e-06,4.5685224e-06,2.1575042e-05,1.3848046e-06,1.9915306e-06,1.1578277e-05,2.2871056e-05,9.961022e-06,0.00013098333,6.6901914e-05,4.2083802e-06,5.4694315e-08,5.284896e-05,2.8840107e-06,5.2764526e-06,2.7018572e-05,1.2860215e-05,3.2837252e-06,7.0143076e-05,1.6467508e-06,5.0603925e-05,9.676014e-06,1.8203338e-06,1.8450368e-06,6.4144233e-06,2.7936667e-06,0.00027728552,6.662643e-05,4.077499e-06,2.394933e-06,3.4436025e-06,1.1733418e-05,9.4833385e-06,1.6141827e-05,9.670932e-06,6.4512795e-05,2.1124042e-05,1.2461298e-06,2.7614993e-07,7.066987e-06,0.000112130234,5.8967044e-06,6.5435e-06,3.223479e-05,0.00024711245,2.5546113e-05,1.5317632e-05,1.9964719e-07,0.00030703007,4.0350416e-05,0.0002583621,3.8738722e-07,1.4805362e-05,3.317747e-05,7.5333114e-06,8.901659e-07,2.4451152e-05,1.9854751e-05,0.00016734179,8.172906e-06,1.3678146e-05,5.0922208e-05,0.00017900509,4.5528996e-06,0.0001959983,6.9479233e-07,6.350834e-06,3.0333583e-06,4.6647266e-08,0.0009423956,8.534617e-06,5.130768e-05,3.644557e-05,5.392869e-05,9.3272394e-07,0.00015449134,8.315555e-05,0.00012426588,0.00010727251,0.0001847627,2.1539374e-05,0.00014081741,1.0810835e-05,2.450239e-05,1.4051335e-05,1.6716782e-05,9.871286e-07,1.999441e-05,5.5007763e-06,2.0174566e-07,1.9780082e-05,0.0004721966,2.5638368e-05,0.00021764671,1.756734e-06,4.0455416e-05,2.534797e-05,0.00084710796,3.5636501e-06,7.67484e-05
BC2026_Train_0049_S22_20220203_221500_015,1.7896696e-08,1.8971921e-06,1.9809534e-06,3.2366414e-05,1.7577482e-07,1.817305e-08,2.6433443e-07,1.2168654e-06,7.0536555e-07,1.3648347e-05,0.00039893747,6.941955e-05,1.8106439e-09,1.929802e-07,5.433923e-06,0.0055235676,7.3345305e-08,2.5604997e-08,0.8936321,0.0008253763,2.5893569e-05,0.97899115,6.380402e-08,9.7016745e-08,1.3939475e-05,1.13532174e-07,3.6065928e-06,1.2973688e-06,4.6603336e-08,1.0257037e-06,4.1077564e-07,2.389058e-07,3.249754e-07,2.8026488e-08,7.9368284e-08,2.9059186e-07,6.123813e-08,1.4741137e-07,4.4512404e-08,1.4308243e-07,4.545389e-07,1.1415907e-07,7.0765714e-07,2.130042e-07,7.2538526e-08,8.6241585e-08,6.6310946e-07,6.9756695e-08,4.1489017e-08,1.2341019e-07,1.7504631e-07,2.6748117e-07,3.416575e-07,1.5092812e-07,3.5571175e-06,2.5794068e-06,2.7859335e-09,0.035887033,4.6690664e-07,2.2413157e-07,0.9929778,1.3594252e-08,1.1786486e-05,0.9766311,0.98771274,1.6776565e-06,4.3618106e-06,4.1295084e-07,4.118547e-08,2.9040952e-05,4.4853286e-09,8.2674276e-08,3.1468644e-05,1.4690434e-06,2.5571554e-09,5.5991895e-06,2.5647147e-05,3.7916037e-05,9.3978414e-08,6.2251866e-07,3.5022338e-06,1.3753194e-06,9.076042e-06,8.8441953e-07,7.132317e-06,6.4924116e-06,4.7193353e-07,5.4306543e-06,4.674886e-06,9.532983e-06,0.00016722438,7.332554e-06,1.2268539e-06,1.6310916e-05,3.4356544e-05,4.2807433e-06,3.4432446e-06,5.167988e-07,7.565638e-05,6.176995e-05,1.059836e-05,1.0347071e-08,1.3819529e-05,7.7849574e-05,3.5353823e-05,1.9242098e-05,6.708602e-08,8.205762e-06,3.0079449e-05,5.7975394e-06,6.2645523e-07,1.2377525e-05,3.1875788e-07,1.0627782e-05,3.731024e-06,4.4139568e-07,2.8727372e-06,6.0517925e-07,2.9119603e-06,7.2119315e-06,2.5897145e-07,0.00018705506,9.251996e-06,0.000117659845,1.2640238e-06,3.4115421e-06,1.175476e-06,1.0656063e-06,1.21237695e-08,1.6929953e-05,2.381688e-06,9.777382e-06,2.924679e-06,2.6030358e-07,4.9024953e-07,8.6784615e-07,5.5294468e-06,1.7298633e-07,3.915886e-07,8.346819e-06,1.682643e-06,3.4015231e-06,2.8421258e-05,2.1695227e-05,6.6029e-07,1.398192e-08,1.7914554e-05,3.850469e-07,1.8108474e-07,2.3725975e-06,4.7952726e-06,3.4224678e-07,1.1349139e-05,2.8632138e-07,5.9604404e-06,1.482983e-06,2.8589602e-07,6.287356e-07,1.0161264e-06,4.748296e-07,2.886766e-05,1.2105814e-05,4.668679e-07,3.892771e-07,6.8350477e-07,4.931239e-06,1.324496e-06,1.8016931e-06,1.7329724e-06,2.0333728e-05,5.553005e-06,1.01867755e-07,5.3977352e-08,1.3859711e-06,2.7458284e-05,1.3353031e-06,5.7226833e-07,1.1123062e-05,4.3799144e-05,6.0081225e-06,2.994521e-06,2.4389482e-08,6.342274e-05,1.034106e-05,4.474879e-05,5.786453e-08,1.9000998e-06,5.360751e-06,9.1374e-07,9.518546e-08,3.6588735e-06,2.505979e-06,2.9459698e-05,3.048444e-06,3.19022e-06,2.0288693e-05,6.7895744e-05,8.2168214e-07,1.6974394e-05,1.7368558e-07,2.065714e-06,6.2049327e-07,1.0424127e-08,0.0001537237,7.500147e-07,2.3150711e-05,5.7775483e-06,2.9051507e-05,1.3780222e-07,5.5551613e-05,2.1600694e-05,1.7739396e-05,3.385751e-05,3.2359712e-05,5.926947e-06,8.943288e-05,2.4342303e-06,2.2937656e-06,3.9667516e-06,3.856823e-06,1.5789175e-07,5.5249347e-06,9.5144594e-07,4.1040632e-08,5.3211693e-06,0.00014438151,5.1291827e-06,6.301316e-05,5.0800355e-07,8.026088e-06,1.9679044e-06,0.00013040756,3.0719733e-07,3.3441313e-05
BC2026_Train_0049_S22_20220203_221500_020,3.7077967e-08,4.4648045e-06,7.96416e-06,0.00011011109,3.993276e-07,4.7784727e-08,7.0377644e-07,1.4755879e-06,3.0458402e-06,5.5988996e-05,0.0003274029,0.00022038141,6.277456e-09,5.946757e-07,1.9556039e-05,0.022509422,1.843062e-07,5.398817e-08,0.82314837,0.000666292,2.5737656e-05,0.96303356,1.4277302e-07,3.4381245e-07,4.1726697e-05,1.8880631e-07,1.20265195e-05,2.122779e-06,2.5724762e-07,1.8390411e-06,1.1533923e-06,7.36318e-07,8.545455e-07,1.0293259e-07,2.5862272e-07,9.577457e-07,2.1007179e-07,2.7222222e-07,1.6960941e-07,4.9904236e-07,1.3029746e-06,3.4592492e-07,1.9700788e-06,6.195561e-07,2.491775e-07,2.7573333e-07,1.7220445e-06,1.6026122e-07,9.928428e-08,2.2455114e-07,4.7644986e-07,7.6059297e-07,8.730442e-07,5.777983e-07,1.0481473e-05,4.194481e-06,2.006029e-08,0.0645931,5.381088e-07,3.448682e-07,0.97697645,5.1951904e-08,3.6141726e-05,0.946852,0.99649954,3.2919654e-06,9.032867e-06,8.0542446e-07,7.85288e-08,8.2146566e-05,8.540621e-09,2.3815946e-07,2.5766587e-05,4.0874033e-06,6.631618e-09,7.129699e-06,3.882226e-05,4.109368e-05,2.3404979e-07,1.3312151e-06,1.4574677e-05,2.6682947e-06,1.2305119e-05,2.4972924e-06,5.9051176e-06,8.009649e-06,1.4917206e-06,1.0393709e-05,9.32464e-06,1.1692378e-05,0.00010404254,1.3020632e-05,1.8651784e-06,3.2009546e-05,2.6113803e-05,5.55148e-06,4.729076e-06,1.3659836e-06,0.00013576252,0.00023086436,1.3457127e-05,6.420003e-08,3.3158845e-05,5.9145117e-05,4.0200972e-05,3.1385116e-05,1.6800102e-07,4.1618273e-06,2.5951265e-05,1.169607e-05,1.8130314e-06,1.643964e-05,3.5523436e-07,8.605977e-06,6.577078e-06,9.838261e-07,4.2217143e-06,6.4602494e-07,3.6450574e-06,1.7121934e-05,2.8973486e-07,0.00014158216,1.3088207e-05,0.00014503929,2.0549523e-06,4.307768e-06,3.707147e-06,3.713318e-06,1.7110466e-08,2.8416707e-05,7.685768e-06,2.8678027e-05,8.948918e-06,2.936045e-07,4.6309074e-07,1.2964709e-06,7.421528e-06,3.6379447e-07,7.408251e-07,1.20084915e-05,7.288076e-06,7.5164753e-06,4.7634472e-05,2.5357956e-05,1.1432439e-06,1.5681065e-08,2.509415e-05,4.0624943e-07,5.0478576e-07,3.960839e-06,7.3180445e-06,1.0875037e-06,1.8623326e-05,3.361922e-07,1.9670619e-05,1.7755582e-06,8.8204325e-07,7.7538067e-07,2.5003187e-06,7.446628e-07,7.113402e-05,1.9493827e-05,4.568539e-07,7.0107217e-07,1.1880329e-06,5.1253587e-06,1.3917446e-06,3.5441822e-06,2.1688336e-06,3.4069853e-05,1.4545268e-05,6.943836e-07,5.5249277e-08,2.586691e-06,6.116608e-05,2.6894634e-06,2.2713446e-06,1.3133983e-05,5.0018738e-05,1.49564285e-05,3.6381675e-06,4.1195364e-08,8.655319e-05,1.8196175e-05,8.669014e-05,1.7716576e-07,2.0217913e-06,1.8539933e-05,1.2484412e-06,1.7734378e-07,1.0397734e-05,6.083688e-06,6.352147e-05,5.5451146e-06,4.6415457e-06,2.9477687e-05,6.7880654e-05,1.3100743e-06,3.4472134e-05,6.6848116e-07,4.177164e-06,3.7829939e-06,9.678438e-09,0.00012046548,1.4954111e-06,4.164008e-05,9.486359e-06,2.0679157e-05,3.1447541e-07,0.00015286465,4.8529484e-05,6.868751e-05,6.52169e-05,6.289694e-05,1.0116494e-05,0.00018160725,8.140694e-06,4.0013874e-06,1.2507873e-05,5.670536e-06,1.9528868e-07,7.928256e-06,1.3903491e-06,8.8525674e-08,1.3107155e-05,0.0003572018,7.719279e-06,8.941905e-05,9.293472e-07,8.697388e-06,2.9490457e-06,0.00018663034,4.2541132e-07,3.9578157e-05
BC2026_Train_0049_S22_20220203_221500_025,5.9088467e-08,3.011765e-06,3.2738258e-06,0.00015133098,3.300058e-07,1.04036095e-08,4.838093e-07,6.22331e-07,2.1902677e-06,8.4044994e-05,0.003677691,0.00027775066,1.4207435e-09,1.2814591e-07,4.5577563e-06,0.005149519,9.864891e-08,1.942001e-08,0.72642666,0.00045977812,7.627557e-06,0.9165553,6.782323e-08,2.633659e-07,3.1090913e-05,1.01484154e-07,5.8004707e-06,7.673689e-07,8.1677896e-08,1.6223587e-06,1.6328033e-06,4.3470794e-07,8.287871e-07,1.2143504e-07,2.0206453e-07,7.4632584e-07,1.2324611e-07,2.2010462e-07,1.9876342e-07,4.343975e-07,1.387787e-06,4.255083e-07,1.6595081e-06,3.7150994e-07,1.8294517e-07,1.9258968e-07,9.0916274e-07,9.88825e-08,5.2407728e-08,1.2421465e-07,4.612642e-07,7.263758e-07,8.3739303e-07,6.351582e-07,7.3960427e-06,2.0661869e-06,7.671565e-09,0.21737961,3.0991512e-07,9.371744e-08,0.9895125,1.4386626e-08,5.8069618e-05,0.9863494,0.95802796,1.7523133e-06,1.3924404e-06,7.756269e-07,1.9045011e-08,6.8035715e-06,5.437267e-09,2.5803047e-07,6.7315655e-06,1.6437257e-06,4.5329056e-09,2.771932e-06,3.5664547e-05,1.923575e-05,9.372388e-08,3.3586534e-07,4.0039145e-06,1.1508114e-06,8.9428595e-06,5.8249503e-07,1.2277656e-06,8.275801e-06,6.837877e-07,9.8126075e-06,2.837823e-06,4.759326e-06,0.00014855151,4.105272e-06,9.081021e-07,1.3739749e-05,2.9001822e-05,3.970017e-06,1.9220706e-06,2.4806573e-07,3.581318e-05,3.4110748e-05,1.6549817e-05,7.627546e-09,1.5405823e-05,0.000101474994,3.853665e-05,1.2980845e-05,8.702863e-08,5.7141497e-06,1.7966924e-05,5.782647e-06,4.1470744e-07,1.4885068e-05,3.109525e-07,1.0285599e-05,7.372262e-06,4.713407e-07,1.7015554e-06,4.151629e-07,3.5897613e-06,5.749012e-06,7.605396e-08,5.565002e-05,1.360083e-05,6.603118e-05,7.0155903e-07,2.0066032e-06,1.6761534e-06,6.564988e-07,1.8461945e-08,7.4014197e-06,1.7361882e-06,1.2969015e-05,1.3012994e-06,1.8004397e-07,4.2655122e-07,1.5571347e-06,4.9285354e-06,1.1051652e-07,3.781706e-07,6.6281887e-06,3.3743606e-06,1.3855905e-06,5.4939756e-05,2.0297459e-05,1.1401831e-06,6.438173e-09,2.700188e-05,1.7067562e-07,3.6047558e-07,2.0840987e-06,2.8020665e-06,2.9572476e-07,1.0216376e-05,2.0170296e-07,5.162745e-06,6.571571e-07,3.0159939e-07,6.6421643e-07,1.0485146e-06,2.0484138e-07,2.5050036e-05,7.774778e-06,1.2007075e-07,2.9999185e-07,6.157785e-07,2.6740595e-06,8.6581247e-07,1.8073584e-06,2.9074758e-06,1.8461702e-05,4.689447e-06,3.045638e-07,4.1766434e-08,3.6496488e-06,2.1052309e-05,7.3252886e-07,8.7621896e-07,8.476015e-06,5.3303174e-05,4.2748075e-06,2.786573e-06,3.3405975e-08,4.990273e-05,9.642208e-06,3.508968e-05,8.07328e-08,3.5351557e-06,6.008523e-06,1.9175613e-06,2.469549e-07,6.2119293e-06,1.824023e-06,9.623889e-06,1.736069e-06,2.2612685e-06,2.8074377e-05,7.833302e-05,7.500769e-07,2.088127e-05,1.08957835e-07,1.8371426e-06,7.524398e-07,1.37906415e-08,7.3950185e-05,8.2201444e-07,2.4799934e-05,3.2615287e-06,2.2638776e-05,3.394338e-07,3.398208e-05,8.580237e-06,8.845715e-06,3.5218247e-05,3.693299e-05,1.2668472e-05,9.9241646e-05,3.471981e-06,4.773754e-07,3.0594792e-06,2.731824e-06,2.050699e-07,6.066539e-06,5.973848e-07,2.3531404e-08,5.1850666e-06,8.615086e-05,7.4699624e-06,4.3815984e-05,6.058006e-07,3.159344e-06,6.5358205e-07,9.294638e-05,5.5400386e-07,4.4191172e-05
BC2026_Train_0049_S22_20220203_221500_030,3.314993e-08,1.6498616e-06,1.0265081e-06,0.00011952241,6.842026e-08,1.0467043e-08,1.8917743e-07,6.2539567e-07,8.7498233e-07,0.00012974671,0.0023651235,0.00039179315,1.4115246e-09,4.466537e-07,4.6223963e-06,0.0028082218,1.0582206e-06,9.9731965e-09,0.828487,0.0017322559,1.2726026e-05,0.9222917,3.9863462e-08,1.6425756e-07,2.6948193e-05,8.201307e-08,1.02565655e-05,1.2994254e-06,3.7146204e-08,4.061335e-06,5.59496e-07,2.160241e-07,5.5098945e-07,5.4478065e-08,1.1836694e-07,2.7297327e-07,1.6177592e-07,1.8813355e-07,9.28143e-08,1.2928702e-07,8.3126554e-07,1.4716301e-07,8.054367e-07,1.4750545e-07,6.430162e-08,7.2849666e-08,5.435745e-07,1.0446344e-07,5.1271975e-08,1.0218087e-07,1.5815638e-07,2.3459373e-07,3.0015008e-07,2.7227466e-07,2.1403423e-06,3.303189e-06,5.1577986e-09,0.040949065,8.654412e-08,5.4648943e-08,0.99258655,1.9435758e-08,5.552031e-05,0.9782324,0.9446068,2.8523827e-06,2.2227298e-06,9.122711e-07,2.5249466e-07,2.7410246e-05,1.7077951e-09,1.7155237e-08,1.570729e-05,4.1226696e-07,3.4931642e-09,3.2538242e-06,2.3382085e-05,3.5057037e-05,1.2300997e-07,4.8827025e-07,4.684061e-06,3.7225544e-07,1.0704622e-05,6.464483e-07,5.1363145e-06,3.6831493e-06,3.5431273e-07,6.946141e-06,4.787153e-06,1.720699e-05,0.00014213935,4.970872e-06,1.3796451e-06,1.7114966e-05,0.00011349988,4.446864e-06,1.7687538e-06,9.4472796e-07,0.00012790435,5.0082363e-05,2.526153e-05,2.7623293e-09,9.4856805e-06,0.00020619684,7.1048664e-05,5.6400318e-06,3.530165e-08,1.6082808e-05,3.2671316e-05,4.890643e-06,3.8630148e-07,1.1904876e-05,1.7444634e-07,1.5356802e-05,8.820771e-06,3.02744e-07,2.4360254e-06,7.39252e-07,7.291051e-06,6.884314e-06,1.8667535e-07,8.288116e-05,1.0158501e-05,7.542904e-05,1.9272816e-06,1.927254e-06,2.8069558e-06,8.432706e-07,5.9702803e-09,2.8943934e-05,6.254975e-06,1.784747e-05,2.501323e-06,2.3832281e-07,5.172909e-07,1.1236052e-06,7.3709834e-06,2.0462994e-07,2.8607437e-07,9.346149e-06,1.0201373e-06,4.6854775e-06,6.346467e-05,1.6598926e-05,3.858379e-06,9.321111e-09,4.3351497e-06,1.0179065e-07,5.374241e-07,2.5151153e-06,3.8770168e-06,2.515892e-07,1.6291358e-05,3.4071812e-07,5.4659554e-06,1.0653564e-06,1.0640216e-07,3.4299865e-07,7.4818587e-07,5.332683e-07,3.8106016e-05,4.935751e-06,5.487707e-07,2.1820625e-07,3.6552566e-07,2.136323e-06,1.8019321e-06,1.3746833e-06,1.5050052e-06,1.5139079e-05,2.2926458e-06,1.035047e-07,2.3508974e-08,1.2365647e-06,2.264642e-05,5.340281e-07,4.912286e-07,3.0570525e-06,2.3970964e-05,8.429453e-06,2.8396125e-06,2.2563214e-08,6.152826e-05,1.11535255e-05,4.853351e-05,2.4713438e-08,8.794839e-07,2.869758e-06,7.6046535e-07,8.1873495e-08,7.1984023e-06,2.3581333e-06,2.0696774e-05,2.2395304e-06,2.2669128e-06,1.7821703e-05,4.4770986e-05,4.0775234e-07,4.4998233e-05,1.1756515e-07,1.0701658e-06,3.0883615e-07,3.6930174e-08,4.0576466e-05,5.826083e-07,2.969304e-05,8.851419e-06,5.6542347e-05,9.220906e-08,5.4573662e-05,5.2121068e-06,1.2031979e-05,3.523249e-05,5.182875e-05,1.645633e-05,0.00010082441,9.769019e-07,2.5233558e-06,1.5087605e-06,6.4425453e-06,9.5037976e-08,9.522533e-06,5.408196e-07,2.3243684e-08,1.7973153e-06,8.0812286e-05,5.217453e-06,1.7505028e-05,2.0648619e-07,6.4849364e-06,9.576123e-07,0.00013847771,1.0343292e-06,5.3850574e-05
BC2026_Train_0049_S22_20220203_221500_035,2.3183912e-08,3.6051174e-06,2.8889933e-06,8.356885e-05,1.1472484e-07,2.1418112e-08,2.39108e-07,1.7657657e-06,1.7595912e-06,1.9366582e-05,0.00087532,0.0005076598,2.759033e-09,6.962111e-07,7.4430827e-06,0.006537957,1.9086875e-07,5.5796473e-08,0.8717906,0.001157122,3.898855e-05,0.9625637,1.0618746e-07,2.2332443e-07,2.455385e-05,3.5657234e-07,9.527612e-06,1.8757081e-06,1.00042556e-07,1.5254524e-06,7.7607825e-07,7.496779e-07,6.645922e-07,8.4852886e-08,2.1428822e-07,9.810079e-07,1.8041058e-07,4.7025867e-07,8.964183e-08,3.158767e-07,1.3177793e-06,2.0400448e-07,1.4165279e-06,6.5530844e-07,1.04016685e-07,1.139474e-07,1.1975518e-06,1.4025771e-07,8.804896e-08,3.309772e-07,3.1331749e-07,4.8789553e-07,5.388735e-07,3.560297e-07,8.761439e-06,3.6243116e-06,4.628176e-09,0.05766642,5.5099525e-07,2.7744392e-07,0.98675925,2.2352253e-08,5.0099658e-05,0.98403555,0.9949254,2.6916625e-06,6.498148e-06,1.5237032e-06,4.5166743e-08,3.106365e-05,3.078617e-09,9.201545e-08,2.8998335e-05,6.0002725e-07,3.0844003e-09,8.285712e-06,2.5786225e-05,3.431303e-05,1.4249144e-07,6.0373355e-07,4.656483e-06,8.1375293e-07,8.820258e-06,6.4740954e-07,5.285281e-06,3.976296e-06,6.136616e-07,7.778337e-06,2.903987e-06,4.982928e-06,0.0004491337,1.6427448e-05,1.357053e-06,2.4490102e-05,6.1062805e-05,2.917614e-06,1.1247374e-06,8.220756e-07,0.00011270857,5.5847737e-05,1.6417567e-05,7.852292e-09,1.0645656e-05,0.00017109873,3.1653326e-05,1.2708282e-05,1.0088126e-07,8.450848e-06,4.0148756e-05,6.2313316e-06,6.213928e-07,6.84796e-06,4.3677696e-07,9.157185e-06,5.578392e-06,6.562415e-07,2.5621518e-06,2.6955414e-07,4.2830584e-06,6.8863505e-06,2.0181879e-07,0.00013874339,8.265879e-06,8.867927e-05,1.5909309e-06,1.6693701e-06,2.0910188e-06,1.0224203e-06,1.1435832e-08,1.5541229e-05,2.9639666e-06,1.27683425e-05,5.562641e-06,1.8364965e-07,7.262151e-07,7.2451195e-07,5.3562994e-06,2.9851267e-07,1.5591466e-07,1.0096148e-05,2.1440403e-06,6.700808e-06,3.0390154e-05,1.6126503e-05,1.9219333e-06,2.9067385e-08,1.6259291e-05,1.7295349e-07,3.6193757e-07,2.880704e-06,5.4883894e-06,4.150105e-07,9.320354e-06,3.0672103e-07,6.9036964e-06,1.0184838e-06,3.1302866e-07,4.6336197e-07,1.1646023e-06,5.062687e-07,2.2827016e-05,1.3107643e-05,2.2056983e-07,3.1179252e-07,6.096054e-07,1.6880224e-06,1.2159246e-06,1.2953993e-06,2.898655e-06,2.1852393e-05,7.0908172e-06,8.187724e-08,3.531047e-08,1.6635074e-06,1.5542963e-05,1.2606495e-06,4.05743e-07,1.2487957e-05,3.7197275e-05,6.80158e-06,3.262381e-06,4.266265e-08,6.8500885e-05,1.1161613e-05,6.6340814e-05,4.7461448e-08,1.1102479e-06,6.472857e-06,1.0516641e-06,1.2626836e-07,4.2741754e-06,1.6339374e-06,2.9521123e-05,1.2698814e-06,3.2746657e-06,1.3264097e-05,0.00010252319,7.440474e-07,3.2348176e-05,7.0089044e-08,2.8449278e-06,6.48971e-07,1.95192e-08,5.769257e-05,8.667758e-07,2.2445518e-05,5.5424184e-06,1.9719322e-05,9.934812e-08,7.9003075e-05,3.0226824e-05,8.3165705e-06,5.5435823e-05,5.7462014e-05,1.0902194e-05,0.000120915116,2.133212e-06,2.2286242e-06,8.84957e-06,4.296149e-06,1.6646342e-07,8.999291e-06,7.2760366e-07,4.3166768e-08,4.148141e-06,0.000113620285,8.00454e-06,0.00012841262,7.223697e-07,3.323773e-06,5.617319e-07,0.00014218272,4.6889232e-07,3.3113654e-05
BC2026_Train_0049_S22_20220203_221500_040,1.6369203e-08,1.7082185e-06,1.9706936e-06,8.826924e-05,1.2014269e-07,1.15290195e-08,2.2867056e-07,2.107252e-06,1.3030068e-06,1.618474e-05,0.0017319609,0.00044061616,1.6771193e-09,2.703174e-07,6.9892926e-06,0.004269791,2.3236088e-07,1.152836e-08,0.70771974,0.00096470525,3.8103033e-05,0.8432344,2.8217173e-08,1.8110718e-07,1.7116712e-05,8.382929e-08,6.896873e-06,8.04211e-07,3.802594e-08,3.4439897e-06,5.552903e-07,3.5549292e-07,3.5820833e-07,7.461808e-08,9.6925184e-08,6.2692743e-07,1.4566187e-07,2.073853e-07,7.811128e-08,2.3325721e-07,1.0430093e-06,1.596381e-07,7.913971e-07,2.5763703e-07,4.3111402e-08,5.5417505e-08,3.78617e-07,4.6750408e-08,4.282284e-08,1.267599e-07,1.568894e-07,2.2314369e-07,3.0754995e-07,2.5699507e-07,3.6742624e-06,2.683663e-06,8.534026e-09,0.11522871,2.0881063e-07,4.834034e-08,0.9742114,3.9545025e-08,0.00013027793,0.9876143,0.98178756,1.3788257e-06,1.2004218e-06,3.5365658e-06,3.397336e-08,8.972049e-06,1.8807942e-09,1.4082156e-07,1.7567407e-05,5.125639e-07,2.369434e-09,3.028762e-06,1.471101e-05,2.6546684e-05,6.69638e-08,2.0380419e-07,4.3973832e-06,3.9682465e-07,1.0446485e-05,4.8129203e-07,8.4385624e-07,3.4400114e-06,1.721022e-07,3.569402e-06,2.6884072e-06,6.353609e-06,0.00039517475,4.586906e-06,7.6655334e-07,1.1076221e-05,4.6219287e-05,4.9643104e-06,8.7126267e-07,5.227715e-07,0.00013357046,4.210226e-05,1.6434875e-05,7.2533375e-09,4.637895e-06,0.00010545702,1.8642462e-05,2.9882533e-06,4.7754387e-08,1.7578403e-05,3.5701574e-05,4.8844017e-06,3.8787334e-07,8.653166e-06,2.7610093e-07,1.4902269e-05,5.1224656e-06,3.079459e-07,1.7464141e-06,2.5713038e-07,2.8069906e-06,5.3366493e-06,4.1418804e-08,4.6206864e-05,1.2658957e-05,9.1093534e-05,1.0520021e-06,5.3910553e-06,1.4460956e-06,3.9577816e-07,5.2446403e-09,4.7732487e-06,1.820912e-06,1.1152941e-05,2.1029962e-06,1.3972023e-07,4.3490115e-07,4.415401e-07,3.1762222e-06,1.4282082e-07,9.333764e-08,5.538181e-06,1.5201139e-06,3.821102e-06,1.4592422e-05,2.3674356e-05,1.349476e-06,2.8213568e-08,1.2547178e-05,4.3762334e-08,3.185251e-07,1.7625033e-06,4.155569e-06,1.9321922e-07,8.682975e-06,1.9748897e-07,5.790881e-06,9.179079e-07,2.2774043e-07,4.2626087e-07,1.4523148e-06,3.731547e-07,1.9386005e-05,1.3055895e-05,2.8529135e-07,1.6176327e-07,2.4618245e-07,1.0159703e-06,2.976712e-07,9.043702e-07,2.6981338e-06,2.2884517e-05,4.9300866e-06,6.426362e-08,3.1788108e-08,1.8546317e-06,1.8918616e-05,6.228191e-07,1.7464345e-07,4.440778e-06,4.200413e-05,1.6683406e-06,3.3733247e-06,3.23822e-08,0.000114354516,1.5032001e-05,3.594364e-05,3.0595466e-08,6.5452895e-07,3.0233682e-06,1.335238e-06,8.666933e-08,2.9608673e-06,6.672201e-07,8.778744e-06,6.053253e-07,2.0150983e-06,1.5307995e-05,0.000105161285,1.4569648e-06,2.756869e-05,4.6845834e-08,1.7551015e-06,7.24505e-07,2.181956e-08,3.7049896e-05,3.5851934e-07,2.3374929e-05,4.129846e-06,2.5415236e-05,7.07044e-08,3.9510727e-05,6.342881e-06,8.160756e-06,2.6543445e-05,0.00010747903,1.2764848e-05,8.635237e-05,1.5683316e-06,5.1640023e-07,8.617081e-06,3.7835096e-06,8.309781e-08,5.650256e-06,4.8663435e-07,2.3874904e-08,2.377549e-06,0.0001121268,4.6896394e-06,2.3982719e-05,8.34578e-07,3.4408447e-06,2.1474423e-07,0.00010572113,4.1683708e-07,4.871904e-05
BC2026_Train_0049_S22_20220203_221500_045,3.5388208e-08,8.053883e-06,1.8146504e-06,0.00038822446,4.492086e-07,4.8609117e-08,1.1848908e-06,1.2777656e-06,1.6027009e-06,0.00012436866,0.0017785125,0.0006708055,5.202963e-09,7.3426554e-07,6.192033e-06,0.004650616,3.5962304e-07,7.989289e-08,0.8539734,0.0013069249,1.182197e-05,0.95260733,9.626872e-08,4.0131587e-07,2.7591392e-05,5.091652e-07,5.821119e-06,4.5922457e-06,4.813132e-07,6.873569e-06,2.1456644e-06,1.6462907e-06,1.8526465e-06,2.6321476e-07,3.7258502e-07,2.9487449e-06,5.819481e-07,8.433824e-07,4.19756e-07,1.0169639e-06,3.2066487e-06,5.893815e-07,2.2210452e-06,1.2686626e-06,3.9566456e-07,4.7234954e-07,2.715473e-06,3.5063033e-07,2.4758737e-07,6.756667e-07,7.445507e-07,1.1017992e-06,1.2469716e-06,8.7830466e-07,2.2298498e-05,7.924946e-06,2.8202374e-08,0.1002802,9.192447e-07,2.2261102e-07,0.9866834,9.151139e-08,0.00011194359,0.96699333,0.97625333,3.4022987e-06,3.6621934e-06,3.5629573e-06,3.6884072e-07,1.6618138e-05,1.3636607e-08,6.1963704e-07,7.1774455e-05,2.394901e-06,1.5721854e-08,6.358816e-06,4.041357e-05,5.327487e-05,2.2831668e-07,8.720458e-07,7.514233e-06,4.1671115e-07,3.1825395e-05,8.568442e-07,5.4446455e-06,8.155699e-06,1.7931396e-06,7.173943e-06,6.200542e-06,8.065597e-06,0.00059239625,1.2695927e-05,2.9045991e-06,6.0213024e-05,6.8288915e-05,1.9655636e-05,2.8146571e-06,2.600448e-06,9.712068e-05,0.000105749554,2.0976355e-05,3.6183636e-08,2.2028464e-05,0.0001729089,5.6564568e-05,6.7346855e-06,2.9054365e-07,1.49305615e-05,2.3841154e-05,6.643877e-06,2.5107536e-06,5.2550997e-05,5.090103e-07,2.2169603e-05,7.770071e-06,9.579932e-07,4.154483e-06,7.8452956e-07,7.4363775e-06,9.800236e-06,5.873755e-07,9.487282e-05,1.3998878e-05,0.00013633526,1.6988687e-06,7.386161e-06,2.62426e-06,2.9600178e-06,4.2092488e-08,5.9829075e-05,1.26436935e-05,1.0640359e-05,2.991422e-05,2.5126573e-07,7.9216653e-07,7.829114e-07,1.4103073e-05,5.853132e-07,7.917632e-07,4.236128e-06,6.0664224e-06,1.317993e-05,4.1166437e-05,1.901408e-05,2.1594801e-06,4.2938083e-08,2.6487638e-05,2.4305157e-07,1.8716966e-06,5.073348e-06,3.4629204e-06,1.0548492e-06,2.4682033e-05,1.0043226e-06,1.168735e-05,2.122688e-06,4.779507e-07,1.4070373e-06,2.994815e-06,1.9460076e-06,0.0002372036,3.744338e-05,2.366442e-06,8.059216e-07,4.4809613e-07,6.868975e-06,1.3278831e-06,3.2763585e-06,2.6968528e-06,3.890372e-05,9.255332e-06,4.249661e-07,8.2848544e-08,3.546637e-06,4.7253026e-05,1.1189376e-06,9.257381e-07,9.753616e-06,7.068933e-05,1.9925124e-05,8.5321435e-06,8.339838e-08,8.108825e-05,1.9394402e-05,5.6099518e-05,1.1228067e-07,2.6441335e-06,6.901372e-06,1.8823904e-06,3.1248436e-07,1.7062815e-05,2.570375e-06,2.9282231e-05,2.4092021e-06,4.8477086e-06,3.4411503e-05,8.094872e-05,2.1722344e-06,4.5861198e-05,3.2404049e-07,4.787669e-06,6.263656e-07,5.141751e-08,0.0001114548,2.935328e-06,3.5215355e-05,1.2308769e-05,6.3525215e-05,2.2781445e-07,3.910223e-05,1.5747517e-05,4.7316968e-05,4.6919133e-05,9.395066e-05,2.847685e-05,0.00026444427,1.3660382e-06,4.142915e-06,6.815709e-06,1.0414724e-05,2.9308e-07,9.375662e-06,1.4046414e-06,1.0583886e-07,9.032057e-06,0.00021102183,1.1605129e-05,0.000121285324,9.581742e-07,1.0546224e-05,8.421872e-07,0.00016128276,1.0010866e-06,6.438202e-05
BC2026_Train_0049_S22_20220203_221500_050,2.8618372e-08,9.5594205e-06,5.512587e-06,0.000274029,8.64804e-07,4.490878e-08,4.880738e-06,6.5059667e-06,4.4996077e-06,0.00012932105,0.0020146624,0.00071725016,7.0887074e-09,8.691398e-07,1.6492197e-05,0.0032810548,7.148096e-07,3.052896e-07,0.9065264,0.0008030821,4.6798297e-05,0.931952,6.43107e-08,4.318391e-07,2.0553152e-05,4.912436e-07,1.0744725e-05,2.8282695e-06,3.1653857e-07,3.2790815e-06,2.2586285e-06,1.7402414e-06,1.915092e-06,2.617616e-07,4.5941377e-07,4.0547443e-06,4.1740356e-07,1.0288936e-06,3.3538265e-07,1.733273e-06,2.9842067e-06,9.180629e-07,3.2310281e-06,1.610876e-06,3.5742488e-07,4.433883e-07,3.5038609e-06,3.111711e-07,2.8437483e-07,8.0207167e-07,1.0586243e-06,1.6272398e-06,1.771786e-06,8.338206e-07,2.7031818e-05,1.0376882e-05,2.3771756e-08,0.20271535,2.2595484e-06,3.192072e-07,0.99167293,2.805567e-07,0.00017213162,0.9840163,0.9973839,4.3577315e-06,4.3892132e-06,4.4848875e-06,3.6624658e-07,3.4922963e-05,1.8390777e-08,7.8769096e-07,0.000103831335,3.189207e-06,1.1492398e-08,1.1283094e-05,5.6873785e-05,6.52039e-05,3.3999623e-07,6.713426e-07,4.6405808e-06,1.0537854e-06,2.972347e-05,1.8760659e-06,4.3241334e-06,1.3411365e-05,1.3266805e-06,1.1408606e-05,1.0175886e-05,1.8803552e-05,0.00036929644,1.4689126e-05,1.9592906e-06,2.6887998e-05,7.078965e-05,1.8775974e-05,5.69273e-06,1.3844995e-06,0.00019213276,0.00017917602,3.402855e-05,2.6932975e-08,3.6590132e-05,0.00011524867,3.217671e-05,2.4154728e-05,3.891371e-07,3.7335736e-05,9.35704e-05,1.3903749e-05,1.530881e-06,7.296252e-05,1.119134e-06,3.0549447e-05,1.2578533e-05,8.501518e-07,4.324488e-06,8.5243727e-07,1.0130512e-05,1.921263e-05,3.1949804e-07,0.00022639918,3.0429363e-05,0.0002574263,1.465471e-06,1.036701e-05,2.0140074e-06,1.6986144e-06,4.8463964e-08,3.9714036e-05,5.157327e-06,7.4520813e-06,1.0510841e-05,4.3522851e-07,9.872972e-07,2.2506813e-06,1.0497708e-05,3.9976578e-07,7.594681e-07,1.6231514e-05,1.9103485e-05,7.849398e-06,0.00011890855,3.2183616e-05,4.565678e-06,7.421653e-08,4.619109e-05,5.7056485e-07,1.1058256e-06,5.8063265e-06,1.14860395e-05,9.4922717e-07,2.620383e-05,1.0098537e-06,1.30957105e-05,4.471674e-06,6.98768e-07,3.5678297e-06,1.8362246e-06,2.1400385e-06,0.00012063791,3.7848804e-05,1.1651799e-06,9.002381e-07,9.56113e-07,8.126987e-06,2.7931903e-06,3.5084984e-06,4.5939364e-06,6.408664e-05,2.079213e-05,3.0471892e-07,1.6082188e-07,3.5383364e-06,7.981186e-05,2.8349718e-06,1.7058724e-06,2.0012743e-05,0.00020310024,1.1904921e-05,6.3607445e-06,1.7413421e-07,0.00015905136,4.609279e-05,0.00015815819,1.7497688e-07,3.4946233e-06,1.0788322e-05,2.9600742e-06,3.5581823e-07,1.4084379e-05,2.1339813e-06,6.572874e-05,3.26142e-06,9.369951e-06,6.2397856e-05,0.00026621151,3.983173e-06,3.285704e-05,2.436343e-07,3.7077905e-06,2.9103387e-06,1.0910008e-07,0.0002229563,2.9413022e-06,4.003799e-05,1.0650002e-05,6.719052e-05,2.395053e-07,6.345486e-05,3.893007e-05,2.669721e-05,0.000120697056,0.00013413244,1.2901527e-05,0.00028404067,4.7348253e-06,3.2733542e-06,1.6538455e-05,1.2438085e-05,6.244011e-07,9.464816e-06,2.86157e-06,1.8663157e-07,1.2774383e-05,0.00018668,1.43099105e-05,0.00010413744,1.6364933e-06,2.587925e-05,1.1529854e-06,0.00035256782,7.280923e-07,5.5187127e-05
BC2026_Train_0049_S22_20220203_221500_055,6.24813e-09,7.1285166e-07,9.1051203e-07,5.3812742e-05,2.39961e-07,6.9073884e-09,9.155957e-08,8.967831e-07,1.9612983e-06,1.0106177e-05,0.0012809895,4.4078464e-05,1.350315e-09,6.555835e-08,1.4291008e-06,0.008051481,1.6095998e-07,1.8732266e-08,0.7707849,0.00032087133,6.4546766e-05,0.9234606,5.5304096e-08,7.958157e-08,3.3612696e-06,6.903361e-08,1.1036448e-06,3.8367708e-07,1.34913165e-08,8.489738e-07,2.0561586e-07,1.0176211e-07,1.620282e-07,2.5444923e-08,5.9472566e-08,1.5334935e-07,2.4777863e-08,5.856684e-08,2.9054469e-08,9.5272284e-08,2.9614696e-07,5.725588e-08,4.854811e-07,8.105171e-08,3.2463273e-08,3.9398067e-08,3.0235594e-07,2.8228422e-08,1.5338719e-08,4.689822e-08,1.076176e-07,1.577876e-07,1.9053482e-07,1.07408226e-07,1.8063814e-06,5.8179387e-07,1.0298237e-09,0.05433597,1.4842689e-07,2.5532438e-07,0.982712,7.0731883e-09,3.9549934e-05,0.9929397,0.98142767,7.4259214e-07,7.148716e-07,2.1104286e-07,1.8051379e-08,1.2447958e-05,2.1422144e-09,7.992307e-08,1.5537908e-05,7.216165e-07,1.5510789e-09,7.454918e-06,2.727492e-05,2.2815766e-05,1.06327505e-07,5.320801e-07,1.9952415e-06,8.817825e-07,1.0395176e-05,1.8107316e-07,2.3759803e-06,6.5902195e-06,6.608368e-07,2.6629818e-06,3.67401e-06,1.3096285e-05,0.00018431192,5.611581e-06,5.1184287e-07,1.7864688e-05,2.4327208e-05,3.9996853e-06,1.3678205e-06,2.083559e-07,4.8006226e-05,4.0421666e-05,5.404161e-06,8.400293e-09,7.3286533e-06,0.00013600962,2.020237e-05,6.935695e-06,5.150988e-08,3.1886996e-06,1.9198913e-05,3.2115852e-06,2.9033643e-07,1.36138715e-05,2.539637e-07,6.451202e-06,1.12364805e-05,5.200659e-07,2.125068e-06,2.0450977e-07,4.308126e-06,8.576686e-06,1.059833e-07,0.00010297595,5.6593312e-06,7.975495e-05,4.78036e-07,3.5802361e-06,8.6902304e-07,9.11498e-07,9.804878e-09,1.3002589e-05,9.621813e-07,4.5652387e-06,1.8377472e-06,3.1341133e-07,3.0928945e-07,8.2490914e-07,4.549453e-06,3.2323305e-07,2.2894113e-07,7.286429e-06,2.116753e-06,1.1922587e-06,1.6736834e-05,1.2120612e-05,1.1499446e-06,2.5056696e-08,1.0799902e-05,1.5711773e-07,2.7325564e-07,2.4292697e-06,6.3502107e-06,2.0184957e-07,7.051463e-06,1.5650458e-07,5.929615e-06,1.8110352e-06,1.8578592e-07,6.0701973e-07,3.630483e-07,3.5145823e-07,8.203563e-06,7.808944e-06,2.239062e-07,4.5338166e-07,3.567897e-07,3.389516e-06,4.8303156e-07,7.674582e-07,1.5503526e-06,2.1504544e-05,8.278224e-06,5.494421e-08,2.0729232e-08,1.1520226e-06,1.6793609e-05,5.918632e-07,3.4812405e-07,6.98576e-06,3.634548e-05,2.6101504e-06,2.380176e-06,3.2446682e-08,6.394849e-05,1.0010437e-05,2.6880483e-05,4.1369777e-08,1.3654378e-06,3.3891897e-06,7.540698e-07,7.3739045e-08,3.779024e-06,3.3125173e-06,8.261529e-06,1.1998816e-06,2.0317107e-06,1.2608679e-05,5.9500326e-05,4.25054e-07,3.0212728e-05,1.0421588e-07,1.7708518e-06,5.1672885e-07,5.8639356e-09,4.6760113e-05,6.224539e-07,2.5766363e-05,2.0550228e-06,1.2206217e-05,6.304024e-08,2.4499936e-05,1.0558279e-05,7.813422e-06,9.56939e-06,3.9933697e-05,5.775097e-06,8.58837e-05,1.4293189e-06,3.0983226e-06,4.5263696e-06,2.6607986e-06,1.5617985e-07,6.5299664e-06,5.630288e-07,1.5930437e-08,9.541036e-07,7.297615e-05,3.4374925e-06,2.7603603e-05,2.6064265e-07,8.025637e-06,3.099742e-07,5.342628e-05,3.4450466e-07,1.959582e-05
BC2026_Train_0050_S22_20220205_214500_000,4.0882324e-09,1.6640535e-06,2.121049e-06,3.62023e-05,9.9488254e-08,1.15872645e-08,1.4968691e-07,4.8216356e-07,5.589846e-07,2.9358509e-05,6.8189416e-05,0.00029121898,6.145348e-10,7.8608075e-08,2.7948263e-06,0.034750864,3.5755136e-07,5.3643463e-09,0.9786164,8.525125e-05,1.5534722e-05,0.95694774,1.627742e-08,9.8677134e-08,4.116511e-05,1.6343746e-08,4.643577e-05,3.3227766e-07,1.1501259e-08,1.0095109e-06,2.2241579e-07,1.9620677e-07,2.2159624e-07,2.1602858e-08,7.995463e-08,3.1805706e-07,7.4084014e-08,9.209973e-08,2.5167097e-08,1.2459002e-07,1.9708519e-07,6.198327e-08,7.71361e-07,1.4930426e-07,3.5198845e-08,3.3642436e-08,4.867392e-07,4.400515e-08,2.0210338e-08,5.2154547e-08,1.6075856e-07,2.549978e-07,3.1337518e-07,8.5125706e-08,2.7177946e-06,4.0179334e-06,1.8499439e-09,0.15371081,9.4048886e-08,5.983907e-08,0.99778384,1.0421742e-08,7.6181145e-06,0.98925143,0.9994942,2.1384349e-06,4.2812883e-07,1.8491394e-07,1.7712772e-08,9.943281e-05,5.727067e-10,6.8116712e-09,4.555349e-06,6.448366e-06,2.613983e-10,1.6692812e-06,6.9040325e-06,1.7153103e-05,5.219346e-08,1.2483002e-07,1.7410729e-06,3.972067e-07,1.6410739e-06,4.0311104e-07,4.0844898e-07,2.7573887e-07,2.5529802e-08,5.9693084e-06,2.4492872e-06,1.244675e-06,5.520134e-05,2.479066e-06,2.4711227e-07,1.4395031e-05,1.2394901e-05,3.8422813e-06,1.1391594e-06,1.3281156e-07,5.3253076e-05,3.4362638e-05,5.8869505e-06,4.240885e-09,7.3678266e-06,4.6924946e-05,3.5048914e-05,1.33534495e-05,9.968557e-09,9.128803e-06,1.332371e-05,1.7294094e-06,2.5407223e-07,3.6496697e-06,2.7034831e-08,9.919585e-07,2.7482502e-06,1.1896764e-07,6.871524e-07,3.6118e-07,4.0266534e-07,3.2503194e-06,3.6214917e-08,5.224669e-05,3.8624767e-06,8.2291925e-05,3.4043455e-07,4.389161e-07,1.2920657e-06,6.6016344e-07,6.2643074e-10,1.2735313e-05,1.2992979e-06,1.124408e-05,1.6019811e-06,3.6965268e-08,2.7839943e-07,1.2258679e-06,3.3978854e-06,9.380364e-08,1.1135696e-07,2.7556682e-05,9.2176856e-07,3.0802107e-07,1.3009969e-05,1.4858575e-05,3.5492694e-06,1.5395455e-09,1.6129267e-06,3.0498747e-08,3.7063757e-08,7.4094174e-07,1.7598061e-06,4.7042725e-08,2.7208337e-06,2.3517181e-08,5.306098e-06,3.2712026e-07,5.957838e-08,1.8821143e-07,1.04948136e-07,5.887865e-07,2.3070074e-06,4.752577e-06,7.975141e-09,3.6928554e-08,3.2616174e-07,2.009234e-06,4.506215e-07,2.0262182e-07,1.5619848e-07,5.645607e-06,2.8776205e-06,1.731708e-08,1.0054025e-08,2.030435e-07,1.9441268e-05,3.3091723e-07,4.789486e-07,7.912636e-07,3.134713e-06,3.88649e-06,2.8749355e-07,1.7200639e-09,8.125314e-06,4.3838e-06,3.7800935e-05,8.816739e-09,1.780221e-07,3.160504e-06,3.682271e-07,2.9717107e-08,1.4246389e-06,4.3579257e-07,2.497185e-05,5.960134e-07,1.6002175e-06,7.4140507e-06,1.9140432e-05,2.0422736e-07,8.729079e-06,1.6233956e-07,2.8173966e-07,1.3355871e-06,8.227311e-09,2.9301789e-06,3.6891848e-07,1.0832911e-05,2.9724051e-06,2.4832947e-05,9.55509e-08,3.3209253e-05,1.4435407e-05,3.027728e-06,1.0976724e-05,1.2001142e-05,3.5336188e-06,6.0251965e-05,1.3775822e-06,1.754606e-06,1.4348939e-06,5.2815776e-06,2.6281487e-08,7.788069e-06,5.879987e-07,4.782929e-09,1.9635647e-06,8.388302e-05,3.883978e-06,4.9220675e-05,6.0313454e-08,9.508146e-07,1.8213274e-07,6.030807e-05,1.8282181e-08,1.0644348e-05
BC2026_Train_0050_S22_20220205_214500_005,2.4260547e-08,2.5243275e-05,5.5452842e-06,0.0003058273,4.920533e-07,1.462336e-08,9.533996e-07,8.154969e-06,2.1641497e-06,4.223114e-05,0.0007685398,0.00090599625,1.5979737e-08,6.396833e-07,1.400028e-05,0.017920299,4.5394722e-06,4.5152966e-08,0.9593012,0.00053149497,0.00015688912,0.5247105,7.353988e-08,1.9320387e-06,2.4249343e-06,1.6087077e-08,0.000112003065,3.5964464e-07,4.220093e-08,8.72486e-06,6.974497e-06,3.4698626e-06,2.3995485e-06,4.0329215e-07,4.2883676e-06,6.3435527e-06,1.2827874e-06,4.786203e-06,5.410393e-07,7.0357846e-06,1.0574988e-05,1.5591897e-06,3.659676e-05,2.8585016e-06,2.7759188e-07,2.372839e-07,2.3420851e-05,3.633167e-07,9.364932e-07,3.3623276e-06,8.364238e-06,1.21477715e-05,1.8828601e-05,2.0328193e-06,0.00014039106,1.040962e-05,7.684484e-08,0.9215976,1.6102601e-06,8.179013e-07,0.99837047,1.4805028e-07,4.3322092e-05,0.96437365,0.9978885,7.3015017e-06,7.950357e-06,1.0854076e-06,5.302691e-07,0.0002935306,1.27654305e-08,1.0813343e-07,1.0638694e-05,1.3745286e-06,1.4025531e-09,4.688258e-06,2.0214356e-05,2.3633098e-05,3.3509556e-07,2.3998845e-07,9.4236054e-07,3.934719e-07,2.4426881e-06,4.71374e-07,4.1683236e-07,4.9215754e-07,8.284728e-08,1.1304387e-05,6.389057e-06,2.5684271e-06,5.5644192e-05,2.7894473e-06,3.0852664e-06,3.453182e-05,2.8108749e-05,4.495726e-06,3.9365427e-06,2.0093855e-06,0.0005209749,0.0001413523,2.613261e-05,6.038482e-08,1.4477802e-05,9.244484e-05,4.8391677e-05,3.303852e-05,9.169794e-09,0.00017217478,0.000598993,1.5371557e-05,3.3525519e-06,2.5809082e-05,1.9334456e-07,5.787662e-06,3.8948087e-06,4.3536386e-07,2.739301e-06,3.2059225e-07,2.8739234e-06,9.793918e-06,1.2334547e-07,5.4178065e-05,4.2570978e-06,0.00013838994,9.382812e-07,1.3952823e-06,1.3874721e-06,2.4025385e-07,5.4502043e-09,8.594085e-06,1.0892619e-06,4.2487605e-05,1.1105318e-06,1.5616006e-07,5.5363046e-07,3.6649604e-07,9.461441e-06,1.0318681e-06,2.1363242e-07,3.4517365e-05,7.867534e-06,3.2161552e-06,1.926413e-05,0.00011845767,9.3505705e-06,6.0938192e-09,3.6634158e-06,3.2341397e-08,1.1587511e-07,2.9811772e-06,7.3729866e-06,2.3954897e-07,2.797965e-06,7.694531e-08,1.1906829e-05,5.197416e-07,4.8680704e-07,1.0635454e-06,1.324525e-06,2.5480022e-06,3.5760113e-05,1.6966951e-05,1.1992377e-08,1.0648682e-07,2.0854675e-07,3.610223e-06,7.408866e-07,6.2216134e-07,9.872454e-07,2.6153077e-05,4.4361797e-05,1.8305105e-08,1.6157404e-08,1.3999861e-06,7.542328e-05,1.7857129e-06,2.0266569e-07,2.4624942e-06,3.970699e-06,2.813825e-06,1.4574318e-06,3.0591444e-08,3.35274e-05,3.2516244e-05,0.00010244824,3.557866e-08,8.908775e-07,2.8335096e-06,3.3322822e-06,1.16142076e-07,6.4847513e-06,6.740146e-07,1.1119265e-05,3.6696263e-06,5.719585e-06,6.1321393e-06,0.00024505198,2.3366918e-06,5.9225445e-06,5.676936e-08,1.6071488e-06,8.751009e-06,2.9112105e-08,1.0261888e-05,4.3670076e-07,1.1159974e-05,2.747131e-06,1.4648081e-05,3.9600545e-07,9.91272e-05,1.2395445e-05,4.9513696e-06,1.653221e-05,2.2691236e-05,1.325421e-05,0.0003234414,1.972425e-06,9.663907e-06,2.6558686e-05,6.512504e-06,2.9599985e-07,5.5712204e-05,8.005769e-06,5.198105e-08,8.415477e-06,8.365552e-05,2.1431495e-05,0.00011996111,1.1573369e-06,6.633757e-07,6.5683636e-08,0.00011496351,5.1546635e-08,2.9210549e-05
BC2026_Train_0050_S22_20220205_214500_010,1.5301601e-09,1.4337654e-06,3.8605586e-07,3.5278383e-05,2.4817073e-08,4.323193e-09,8.960029e-08,4.453857e-07,6.333648e-08,9.428007e-06,0.000104777915,0.00016108036,2.0100188e-09,4.1024666e-08,1.49089e-06,0.005423411,8.004847e-08,4.0475916e-09,0.9718066,5.871174e-05,5.653867e-06,0.80669403,9.251061e-09,1.0750414e-07,2.2487975e-06,1.1475993e-08,9.200067e-06,1.07631145e-07,1.5764314e-08,3.8669884e-07,2.1779755e-07,1.9677026e-07,1.7047569e-07,1.5131013e-08,1.1127034e-07,3.3373854e-07,7.568668e-08,7.1030705e-08,2.1587988e-08,1.1895472e-07,2.7128328e-07,3.6441705e-08,9.810921e-07,1.6771095e-07,2.7174206e-08,2.6810888e-08,6.283304e-07,3.347716e-08,1.4521465e-08,4.8687244e-08,1.6358426e-07,2.7026638e-07,2.9724566e-07,9.216036e-08,4.3017826e-06,4.105319e-06,3.083177e-09,0.098998435,3.4830798e-08,3.5712393e-08,0.9984971,8.265911e-09,1.944618e-06,0.9610585,0.9973363,2.8322643e-06,2.6720406e-07,1.3606785e-07,6.793315e-08,4.7170903e-05,5.757955e-10,4.6756274e-09,2.7369692e-06,1.3504622e-06,8.329319e-11,1.4593666e-06,9.093127e-06,1.9669567e-05,1.4472191e-08,6.924936e-08,6.064874e-07,7.000768e-08,6.895385e-07,1.1224298e-07,3.1051448e-07,1.6155282e-07,4.4692584e-08,4.546703e-06,3.0244612e-06,9.4377253e-07,6.0706432e-05,4.1589387e-06,5.115418e-07,2.7581158e-05,4.142148e-06,8.9910037e-07,7.1051693e-07,1.3022836e-07,4.071251e-05,3.2860455e-05,4.394985e-06,8.9338764e-10,1.0655499e-05,5.839948e-05,1.7950142e-05,9.115284e-06,7.321668e-09,9.555611e-06,9.0738695e-06,7.5895474e-07,5.395785e-07,4.5746347e-06,3.715421e-08,1.109996e-06,9.23309e-07,9.249882e-08,4.7931695e-07,8.682702e-08,7.176908e-07,2.4377846e-06,4.135518e-08,5.3899334e-05,1.0680094e-06,4.190091e-05,2.969799e-07,4.1603369e-07,7.104377e-07,5.8095657e-07,7.2368894e-10,1.5530695e-05,1.3000056e-06,6.45466e-06,1.1104428e-06,1.6402863e-08,6.779516e-08,1.1050176e-07,1.6097611e-06,2.1547598e-07,5.657038e-08,5.2813966e-06,1.3609215e-06,8.826079e-07,3.9681245e-06,4.2918455e-06,2.8216475e-06,3.815275e-10,5.7373506e-07,2.10672e-08,4.9033368e-08,1.3034295e-06,8.089756e-07,4.980829e-08,1.3171875e-06,2.48246e-08,3.0093963e-06,3.5199997e-07,4.3592966e-08,5.6443945e-08,1.8239521e-07,4.953656e-07,1.8984945e-05,3.983393e-06,5.5664846e-09,5.6152732e-08,1.0117087e-07,1.5221871e-06,4.282121e-07,2.3003938e-07,6.558361e-08,8.230466e-06,4.198495e-06,1.1019254e-08,3.0174763e-09,1.6040832e-07,1.2934815e-05,2.8612868e-07,2.2346866e-07,9.389928e-07,5.254233e-06,2.7844694e-06,1.9670233e-07,1.9631086e-09,4.874542e-06,5.4812604e-06,3.9086644e-05,4.0372905e-09,2.992703e-07,2.1878877e-06,2.5979614e-07,3.686831e-08,1.8910971e-06,3.296403e-07,1.6599812e-05,1.4449541e-06,1.0358357e-06,3.2678086e-06,2.51921e-05,2.1333842e-07,8.791998e-06,4.3244075e-08,3.3567417e-07,3.9690528e-07,3.2600946e-09,5.3609087e-06,6.1609217e-07,5.3415674e-06,5.9872564e-06,1.6587754e-05,3.2992485e-08,1.0911441e-05,2.9786377e-05,7.5309044e-06,2.096834e-06,1.2445227e-05,5.090432e-06,3.8318936e-05,3.4407518e-07,6.219161e-06,2.1047415e-06,3.924357e-06,4.6053977e-08,3.1298887e-06,2.6479034e-07,2.6886715e-09,1.2538056e-06,9.0610636e-05,3.4123852e-06,3.1472606e-05,4.4858353e-08,4.771187e-07,6.739227e-08,3.4934856e-05,2.5318228e-08,9.3606795e-06
BC2026_Train_0050_S22_20220205_214500_015,2.3664015e-06,0.00041091687,5.839963e-06,0.0041343486,4.5751905e-05,2.2557933e-06,4.7404187e-06,2.4187508e-05,4.2900207e-05,0.00020410116,0.0003229992,0.0023738218,1.3743104e-05,2.119578e-05,0.0004094878,0.10537335,0.0001270285,6.969431e-06,0.984963,0.0021867112,0.018667925,0.23063682,7.434237e-06,0.00012575892,3.0002673e-05,4.1897334e-07,0.0021822448,7.5269704e-06,1.9667569e-07,0.00023054781,8.2873026e-05,5.2164996e-05,4.6986876e-05,5.3485157e-05,0.00022802221,0.00010033642,6.714614e-05,0.00010049374,2.7425205e-05,0.0002922319,0.0002654552,5.3808486e-05,0.0012950654,3.1401283e-05,1.17559875e-05,1.3203292e-05,0.0005017421,1.0532886e-05,2.8884539e-05,6.375407e-05,0.00026755244,0.0003070942,0.0004401195,8.327594e-05,0.0024396356,0.000107345775,2.6013682e-05,0.88949865,5.9347685e-06,0.0002981048,0.9736945,8.161456e-06,0.00059648795,0.6209505,0.9757053,0.00013983954,7.3129064e-05,8.610354e-06,0.00075429317,0.0020073939,1.3723604e-07,3.1810725e-06,0.0003401396,1.5711845e-05,7.529862e-08,7.0554575e-05,0.00018585662,0.00040065064,1.3137102e-05,0.00031073787,0.00019811922,4.7332404e-07,4.250621e-05,9.998551e-05,1.0022655e-05,2.2851411e-06,7.3563406e-06,0.00012151778,0.00034613378,4.6336994e-05,0.0016875224,0.00021419142,4.540423e-05,0.0011358788,0.00025600716,0.00018730528,4.677514e-05,6.685262e-05,0.00062472717,0.000794398,0.00021213235,4.2673655e-06,0.0006779733,0.0012501677,0.0010491522,2.8741137e-05,1.2818103e-06,0.0047478443,0.0010984741,0.00017937346,0.00017085845,0.0011491494,1.2252822e-05,4.7975882e-05,6.0282193e-05,1.6758459e-05,0.00015195331,3.6117626e-06,0.00011153795,7.437629e-05,2.4116844e-05,0.0008913522,3.750535e-05,0.00092163595,0.00037424502,1.2333857e-05,0.00032277172,1.1825758e-05,7.544063e-07,0.00036067996,0.0007679482,0.0011879655,8.687949e-05,3.4475293e-06,2.0337327e-06,2.6086098e-05,0.0002020098,4.9544677e-05,2.6090302e-05,0.00032809,0.0003669091,0.00013942679,0.000119297765,0.00080245896,0.00012708956,4.6526912e-07,3.239334e-05,5.9784816e-07,1.22619285e-05,8.627344e-05,3.3557662e-05,2.437314e-05,2.2668288e-05,3.2205778e-06,0.0003141488,1.6859769e-05,3.149224e-05,7.076287e-06,7.869532e-05,0.00039016973,0.000684744,0.00016921313,1.9822098e-06,1.9895735e-06,2.8569862e-06,0.00012392024,4.014781e-06,8.8850175e-05,1.7767668e-05,0.0014327534,0.0002252275,3.5997716e-06,6.6059926e-07,1.3670244e-05,0.0016179666,9.225356e-05,5.0488958e-05,2.029833e-05,0.00010067819,0.00010913798,4.004532e-05,8.8815796e-07,0.0010991592,0.000215152,0.00075811974,3.426427e-06,7.3874708e-06,1.0676453e-05,8.564554e-05,1.1172497e-05,0.00019871724,2.3559784e-05,4.6232737e-05,0.00024905294,3.5202665e-05,1.3858132e-05,0.00061430654,0.00010149948,0.00016597896,4.979985e-05,7.481212e-05,0.00019339453,1.9245304e-06,1.6098093e-05,7.985654e-06,8.318839e-05,3.5439192e-05,6.133658e-05,3.8918984e-06,0.0006990726,9.255113e-05,0.00028115776,0.0005059485,0.0002693515,0.0015538255,0.0043770093,1.3145236e-05,0.038943227,0.00019461632,0.00032910312,4.12312e-06,0.0019024072,0.00044815236,2.4810458e-06,0.00024824453,0.000875791,0.000707195,0.0004250367,1.2463853e-05,7.615492e-06,2.7019241e-06,0.001175793,2.9186965e-06,0.00024620257
BC2026_Train_0050_S22_20220205_214500_020,1.0513907e-07,2.4195673e-05,6.078648e-06,0.00025073646,5.7489068e-08,6.546239e-08,7.941241e-07,3.3757178e-07,9.1317634e-07,3.0697463e-06,1.3005591e-05,9.15323e-05,1.1060968e-08,1.4699667e-06,6.375377e-05,0.0045996783,4.5336864e-07,4.386316e-07,0.8411276,0.00035775013,0.00013409638,0.93794566,8.313696e-08,1.2474153e-06,1.8347564e-05,4.8565335e-07,0.00011046666,2.568111e-06,2.819361e-08,4.5636443e-07,3.7123302e-06,2.8969416e-06,1.1026938e-06,3.9060058e-07,2.4778867e-06,3.9725433e-06,1.6746802e-06,2.2925126e-06,1.3479232e-07,3.3844706e-06,2.0294026e-06,4.9241055e-07,2.9128323e-05,1.9625033e-06,7.1375916e-07,6.0834043e-07,7.0139176e-06,3.309892e-07,4.2403013e-07,6.2328076e-07,3.3651052e-06,6.0952793e-06,8.509545e-06,1.0038351e-06,0.00010511596,2.8706338e-06,7.523316e-08,0.07241893,2.6774407e-07,2.391076e-06,0.98580396,2.842319e-08,1.8781922e-05,0.7138879,0.99874276,1.32909545e-05,5.3523683e-05,1.4375896e-06,9.864671e-07,6.328482e-05,2.8846186e-08,3.2953178e-08,2.0654461e-05,2.5068584e-06,2.7844198e-09,3.3287406e-06,6.149418e-05,0.00017005147,1.6467337e-07,5.244716e-06,6.3476195e-06,4.0468904e-06,5.4294264e-06,2.272621e-05,2.2155526e-05,8.367273e-07,7.224276e-07,2.400576e-05,1.7270992e-05,4.1788535e-06,0.0003006966,2.2418735e-05,3.0461365e-06,0.000106893065,0.0001785268,4.714621e-06,4.2914485e-06,1.132866e-06,0.00012884718,0.00016169883,5.3000273e-05,1.9979376e-08,2.6101427e-05,2.3291243e-05,3.547703e-05,3.7123424e-05,5.916792e-07,2.5274687e-05,0.00022315599,2.3189401e-05,1.2205729e-06,1.0395998e-05,3.134556e-07,9.959141e-06,7.1575214e-06,1.7459615e-07,3.624654e-06,9.495034e-07,7.1579584e-06,1.1738644e-05,8.931941e-07,0.0016539099,7.220906e-06,0.00023258301,9.021133e-06,6.264762e-07,4.073243e-06,3.4821946e-06,3.103066e-08,4.0671533e-05,1.4931829e-05,2.0116568e-05,2.1539825e-05,1.0360484e-07,1.1753029e-07,4.905292e-07,2.080387e-05,6.308883e-07,4.7642575e-06,2.1930095e-05,4.114667e-06,9.151999e-06,0.00060825446,4.372841e-05,9.826756e-07,3.4661056e-09,1.2270632e-05,2.445865e-07,2.7842648e-07,2.824232e-06,2.3529376e-06,1.0098233e-07,2.6110516e-05,5.660907e-07,1.5073199e-05,1.3367057e-06,1.7616295e-06,3.4355287e-07,9.606056e-06,2.5180311e-06,6.748611e-05,1.2992091e-05,4.051483e-07,5.0997534e-07,2.4757492e-06,4.205648e-06,4.8678617e-06,3.7475456e-06,4.015383e-07,3.9305345e-05,9.03846e-06,9.9343566e-08,4.8391357e-08,6.046295e-07,0.000109184824,2.1404119e-06,4.394256e-06,5.9288945e-05,8.025558e-05,2.8484617e-05,2.628982e-06,1.7959854e-08,0.00015966267,4.5926234e-05,0.00031325218,1.09024775e-07,1.6592913e-06,4.939e-06,3.3526828e-06,2.3049813e-07,4.1964936e-06,1.8309715e-06,6.4217806e-05,1.7820514e-05,1.1273844e-05,1.6519982e-05,0.00022776343,2.23024e-06,2.176747e-05,9.631653e-07,2.134645e-06,7.4163772e-06,4.0052015e-08,7.218031e-05,5.5934186e-07,1.56627e-05,1.7985181e-05,5.4938966e-05,4.4680323e-07,0.00016202108,9.929815e-05,2.8458715e-05,0.0013299051,7.180423e-05,1.2992264e-05,0.00037431196,4.999912e-06,1.1740962e-05,6.8907575e-06,1.2983544e-05,7.0537915e-08,3.3086857e-05,1.3379532e-06,4.8092407e-08,5.2221632e-05,0.0003515301,0.00016255432,0.00067593146,9.567889e-07,3.1395446e-06,1.8079489e-05,0.00048421565,1.04079206e-07,6.265401e-05
BC2026_Train_0050_S22_20220205_214500_025,4.9054513e-08,5.048781e-06,2.0057414e-05,0.00014561007,3.5566654e-07,3.193865e-08,3.2731793e-06,3.2214934e-06,5.837758e-07,1.0841995e-05,8.853791e-05,0.00038958475,8.985422e-09,1.0359126e-06,2.403217e-05,0.0006754459,8.0039825e-07,4.1947388e-07,0.32194987,0.0004982131,9.365002e-05,0.63752764,7.87182e-08,4.3338292e-07,2.444593e-05,2.0697414e-07,0.00010711489,7.443824e-07,3.7483705e-08,5.340027e-07,1.9256943e-06,1.1272792e-06,1.0487976e-06,2.2096779e-07,6.1198426e-07,2.9590242e-06,1.992245e-06,1.2622746e-06,2.0100764e-07,2.0997336e-06,1.6597867e-06,4.534824e-07,5.7896773e-06,9.5309326e-07,4.529698e-07,5.2721344e-07,3.558339e-06,2.1726956e-07,1.9992325e-07,3.9262105e-07,1.1841136e-06,2.0711288e-06,2.645425e-06,6.5438473e-07,3.250483e-05,4.322579e-06,5.3914903e-08,0.024387933,2.6144255e-07,4.830449e-07,0.97523177,1.4501514e-07,3.8188085e-05,0.67721885,0.999331,6.5846343e-06,1.23181635e-05,3.88052e-06,5.862574e-07,0.00012023528,3.095499e-08,5.2824014e-08,7.2994466e-05,8.225334e-06,3.7533625e-09,6.7788706e-06,3.2554002e-05,8.9857815e-05,3.046739e-07,9.957554e-07,4.109275e-06,3.9125557e-06,2.056221e-05,1.1148017e-05,4.5235342e-06,3.1784678e-06,1.4501461e-06,0.00013863362,1.7605376e-05,1.2579491e-05,0.00042631206,1.850556e-05,6.2024524e-06,0.00012982318,0.0001433185,1.7211109e-05,7.1123477e-06,2.1675826e-06,0.0013350301,0.00031261108,0.00012875065,2.6712222e-08,6.842215e-05,6.382469e-05,1.2610481e-05,6.174727e-05,9.1545047e-07,8.7960114e-05,0.0002694753,1.47826895e-05,1.3188894e-06,3.8035036e-05,4.572606e-07,1.6154947e-05,1.51719005e-05,4.7069256e-07,4.3228965e-06,1.0073883e-06,1.3277222e-05,1.8997134e-05,2.616191e-07,0.0014142502,1.7942097e-05,0.00047325963,1.692426e-06,2.9120044e-06,5.4209722e-06,2.9963978e-06,1.518757e-08,1.6044127e-05,6.1309406e-06,1.5646412e-05,2.2340811e-05,1.9893464e-07,8.411774e-07,1.6529689e-06,1.8033872e-05,1.3377975e-06,6.537822e-07,4.7751495e-05,7.7390405e-06,1.9977848e-05,0.00017082569,0.00012661214,2.8145419e-06,9.496184e-09,2.1627675e-05,2.7985178e-07,7.4329637e-07,6.874985e-06,9.210126e-06,4.4272954e-07,3.0684925e-05,1.1003953e-06,2.0584459e-05,2.2879458e-06,3.4382563e-06,7.5060316e-06,2.0510738e-06,7.2719968e-06,8.472043e-05,2.1098856e-05,4.4685902e-07,1.4194867e-06,3.3801873e-06,1.6943027e-06,9.620816e-06,4.564424e-06,8.762314e-07,5.9546364e-05,1.3809885e-05,1.6701155e-07,1.04598826e-07,7.0268266e-07,0.00018644269,2.7301962e-06,2.473802e-06,3.9908115e-05,4.6966314e-05,4.61167e-06,4.6255805e-06,4.1964544e-08,7.691149e-05,8.968421e-05,0.0007414765,9.094275e-08,1.9459055e-06,1.9994144e-05,4.954096e-06,2.775045e-07,2.0758864e-05,6.6125367e-06,0.00024818582,5.7909915e-06,1.44570795e-05,2.8598473e-05,0.0003042969,2.2346962e-06,7.823321e-05,8.4467104e-07,2.2829956e-06,1.5033836e-05,9.0161734e-08,0.00019649437,1.7203032e-06,5.327609e-05,2.2896305e-05,7.7868586e-05,3.155759e-07,0.00020661407,0.00017089152,2.2643677e-05,0.00060374936,0.00019877561,6.7173414e-06,0.0002856173,1.4056669e-05,7.698414e-06,3.2917218e-05,2.1923133e-05,1.2901472e-06,1.9894062e-05,5.2320365e-06,1.8574359e-07,3.902828e-05,0.00023448165,9.585466e-05,0.00031816994,8.42094e-07,1.4201516e-05,9.992648e-06,0.00034595994,1.7478474e-07,0.00013079698
BC2026_Train_0050_S22_20220205_214500_030,4.7119664e-09,2.6817006e-07,8.1546506e-07,6.1880666e-05,1.4083871e-08,6.7140267e-09,4.0458797e-08,3.0511674e-07,2.0236168e-07,1.5925536e-06,2.2780154e-05,1.7672834e-05,5.131429e-10,4.728381e-08,9.756136e-06,0.0019187359,4.4832095e-08,7.587628e-09,0.63630956,0.00024936895,4.4279255e-05,0.7021713,3.8778363e-09,1.1551288e-07,5.1083134e-06,9.203191e-09,9.788316e-06,1.7170203e-07,4.797667e-09,8.042511e-08,1.7799647e-07,2.5413428e-07,1.3122033e-07,3.2793043e-08,1.000313e-07,4.828975e-07,1.3403691e-07,1.5016533e-07,1.1996129e-08,2.348599e-07,3.3194036e-07,4.417755e-08,1.1657758e-06,1.432833e-07,7.476253e-08,6.2532116e-08,5.5294555e-07,3.0580765e-08,2.521659e-08,6.527499e-08,9.584459e-08,1.7515902e-07,2.2934017e-07,1.1277497e-07,8.409573e-06,4.315249e-07,3.160479e-09,0.021015856,6.9817494e-09,5.668032e-08,0.9289932,7.430913e-09,3.625622e-06,0.75914997,0.9989236,9.0057466e-07,3.0294668e-06,2.6556017e-07,3.4595022e-08,2.5317242e-05,6.5473815e-10,1.8525004e-09,9.830937e-06,1.3007918e-06,1.07032806e-10,6.371013e-07,5.5031855e-06,3.2852553e-05,2.4713016e-08,5.877722e-07,1.3884265e-06,1.1645467e-06,1.4534885e-06,1.2062516e-06,4.5581387e-06,5.56396e-07,1.05833614e-07,6.7936708e-06,7.168588e-06,2.1618746e-06,9.688231e-05,7.714164e-06,4.4693232e-07,2.2695975e-05,3.425013e-05,1.1550798e-06,6.488305e-07,1.5389963e-07,0.00020391714,5.111307e-05,1.7170418e-05,2.3700892e-09,6.3379407e-06,1.636712e-05,5.0002886e-06,1.5767217e-05,3.6046348e-08,6.840167e-06,0.00015101227,1.952177e-06,5.4336002e-08,2.8370328e-06,5.0508195e-08,1.7734002e-06,1.4098473e-06,7.539894e-08,1.1948607e-06,6.92211e-08,1.0429974e-06,3.9291876e-06,4.185296e-08,0.00012319564,1.4898453e-06,0.00012718946,1.7241989e-06,3.0845732e-07,3.0808366e-07,3.5985838e-07,7.5693674e-10,2.5363504e-06,5.3186756e-07,5.8791015e-06,4.0633495e-06,2.9029819e-08,9.183223e-08,2.7190467e-07,1.509126e-06,1.1456468e-07,8.631481e-08,1.3999653e-05,7.937637e-07,1.462525e-06,1.594641e-05,5.9446957e-05,3.9058418e-07,1.0267915e-09,1.6651344e-06,3.327644e-08,4.5948603e-08,6.2360306e-07,1.1055989e-06,2.0187453e-08,5.3003682e-06,6.3313166e-08,3.4558673e-06,9.794113e-07,9.057506e-08,7.864707e-08,6.176854e-07,4.0060007e-07,3.900325e-06,4.1437997e-06,6.9377734e-08,1.0405757e-07,2.5023485e-07,6.8331445e-07,7.513005e-07,6.16205e-07,2.564831e-07,1.8362689e-05,9.862572e-07,1.12196075e-08,7.54658e-09,1.403016e-07,2.9086186e-05,4.087814e-07,5.641322e-07,8.120379e-06,1.2109601e-05,2.026055e-06,4.0900053e-07,2.8858993e-09,4.61365e-05,9.489833e-06,0.00023706455,1.4249668e-08,1.05766404e-07,7.144857e-06,4.2080052e-07,1.0334374e-07,8.606475e-07,6.584663e-07,0.00019034235,3.4074326e-06,3.5740106e-06,5.991169e-06,2.244295e-05,9.1140365e-08,6.7629276e-06,8.7630106e-08,1.531636e-07,2.3837244e-06,2.8727025e-09,2.645767e-05,1.9262917e-07,7.279393e-06,2.3581201e-06,1.6214202e-05,2.2020954e-08,1.8441395e-05,9.541637e-05,1.4267845e-05,2.1358352e-05,5.9967424e-05,4.067071e-06,3.221512e-05,9.240544e-07,1.4099293e-06,1.4748999e-06,1.0868218e-05,1.8347855e-08,8.621015e-07,5.7640807e-07,9.9359445e-09,4.1112703e-06,0.00022007378,3.5034395e-06,3.4806828e-05,8.229057e-08,2.779927e-06,3.6460692e-06,9.7552016e-05,2.5559864e-08,7.760059e-06
BC2026_Train_0050_S22_20220205_214500_035,2.0231512e-08,1.2676708e-06,2.9365094e-06,0.00010828525,1.0947006e-07,1.5520918e-08,1.11053645e-07,1.0401774e-06,4.4522304e-07,2.7024548e-06,2.894156e-05,3.682618e-05,4.3852553e-09,5.7935483e-07,2.5010031e-05,0.0012167338,1.527636e-07,6.433057e-08,0.29135588,0.0005211644,0.00010204906,0.7841641,2.1953143e-08,4.168558e-07,8.259331e-06,4.805792e-08,2.3817543e-05,1.9976031e-07,7.0231394e-09,4.5427754e-07,8.8240506e-07,7.363517e-07,3.6173083e-07,1.5044412e-07,3.483665e-07,1.2532629e-06,1.3179414e-06,9.488064e-07,7.3031224e-08,8.1309884e-07,1.3956696e-06,1.8239713e-07,3.7539198e-06,3.849492e-07,2.1435139e-07,2.0289175e-07,1.9580389e-06,7.836137e-08,1.2417853e-07,2.6639572e-07,4.4228605e-07,6.9355633e-07,1.0127663e-06,3.8356512e-07,2.3770957e-05,1.1761107e-06,2.3440201e-08,0.027879206,3.0748623e-08,4.3092865e-07,0.94601583,1.993925e-08,1.7582928e-05,0.6580461,0.99685353,2.103339e-06,1.6099857e-05,9.147636e-07,1.4879751e-07,3.2298332e-05,6.278737e-09,3.462572e-08,4.472626e-05,2.2318145e-06,5.506659e-10,1.4017777e-06,1.9231731e-05,6.705349e-05,1.000752e-07,1.706481e-06,2.165417e-06,1.9627428e-06,6.6830344e-06,5.9954727e-06,2.8695033e-06,5.496391e-07,1.3451623e-07,2.8717326e-05,1.7415912e-05,2.895152e-06,0.00020820225,7.1321615e-06,2.7104174e-06,2.8939601e-05,7.841889e-05,3.240075e-06,5.6048525e-06,1.3217502e-06,0.0006745269,9.761575e-05,0.0001121576,1.0928581e-08,6.312016e-06,3.800987e-05,1.4109557e-05,1.712424e-05,1.2306771e-07,5.9936207e-05,0.00030036052,8.469832e-06,9.623895e-07,1.5546462e-05,1.8866594e-07,7.14481e-06,3.683142e-06,2.6868435e-07,2.4912003e-06,3.347586e-07,3.230976e-06,1.1711886e-05,2.1585586e-07,0.0008331529,7.094274e-06,0.0004172945,2.6151763e-06,1.8336716e-06,9.861708e-07,9.306589e-07,7.459812e-09,5.466675e-06,2.4548924e-06,1.7820375e-05,4.925261e-06,9.0475616e-08,2.664015e-07,2.625654e-07,1.4707559e-05,7.076375e-07,2.7505783e-07,1.3176525e-05,1.7771098e-06,1.2740488e-05,4.1626383e-05,0.00020796178,7.2027507e-07,4.6535007e-09,5.4518255e-06,2.7920633e-08,1.9827817e-07,2.236615e-06,1.7892722e-06,1.6584704e-07,1.4609897e-05,3.476357e-07,1.3687124e-05,2.431926e-06,9.324135e-07,1.2941917e-06,3.395767e-06,2.2804693e-06,4.0507955e-05,1.8890853e-05,4.2460633e-07,5.849544e-07,5.760613e-07,6.361069e-07,2.0020918e-06,2.2386444e-06,3.5378193e-07,2.0038218e-05,3.8005535e-06,6.222361e-08,6.8805285e-08,2.92883e-07,9.563035e-05,1.0369199e-06,6.482108e-07,2.7376784e-05,2.6516322e-05,4.48665e-06,2.4465278e-06,1.0631205e-08,6.287853e-05,4.270082e-05,0.0002878826,8.235228e-08,4.932758e-07,6.4395226e-06,3.395877e-06,1.1549558e-07,4.6049863e-06,2.1929911e-06,5.3804735e-05,5.7654006e-06,8.165809e-06,1.23018335e-05,0.000122542,7.682248e-07,2.242949e-05,2.0525694e-07,6.957929e-07,3.4654083e-06,1.7846927e-08,9.333932e-05,1.2520586e-06,1.700719e-05,7.426165e-06,3.3815722e-05,9.3653284e-08,7.752154e-05,1.886518e-05,2.48397e-05,7.045178e-05,0.00010940745,4.834325e-06,0.00019434077,1.6265075e-06,4.480724e-06,1.7500888e-05,1.1569943e-05,1.1116258e-07,8.225625e-06,2.247987e-06,2.685649e-08,1.1221628e-05,0.00031638896,6.9771624e-05,0.00019379916,1.5598292e-07,5.8292353e-06,1.6797692e-05,0.00037892553,9.7415956e-08,3.7547507e-05
BC2026_Train_0050_S22_20220205_214500_040,8.501015e-09,1.5554559e-06,3.2453295e-06,3.8397546e-05,2.5100988e-08,7.560397e-09,1.2319559e-07,8.760192e-07,3.465331e-07,3.5339524e-06,2.423909e-05,4.9974497e-05,2.3075548e-09,2.5861112e-07,1.7387914e-05,0.0028922197,2.2759407e-07,1.7335058e-08,0.7150095,0.00015827043,8.2464365e-05,0.84017015,1.1686788e-08,1.653018e-07,1.3022196e-05,2.074889e-08,3.549009e-05,2.8998667e-07,3.138858e-09,8.9832675e-08,3.1022205e-07,2.0151376e-07,2.5923535e-07,4.8005433e-08,1.403353e-07,4.0633546e-07,3.421159e-07,2.8809407e-07,3.2214388e-08,3.3902938e-07,5.588854e-07,7.334657e-08,1.4618e-06,1.2551763e-07,6.2813875e-08,6.7037284e-08,1.0588011e-06,6.183673e-08,5.6532514e-08,1.15189806e-07,1.9013459e-07,3.3146236e-07,4.5741584e-07,1.6255196e-07,7.3421547e-06,8.5240146e-07,6.178471e-09,0.013086172,1.7327586e-08,1.0524983e-07,0.9800566,1.8310413e-08,6.361594e-06,0.7915036,0.9993475,2.875519e-06,5.1712154e-06,1.6237921e-07,3.3461524e-07,8.174796e-05,4.0792436e-09,3.2302727e-09,2.831375e-05,2.506617e-06,3.096577e-10,1.6758592e-06,8.824271e-06,4.090507e-05,6.0323806e-08,6.9749433e-07,2.3327818e-06,2.2257948e-06,8.203446e-06,7.897694e-06,3.5068992e-06,1.2244809e-06,1.6954262e-07,1.7203643e-05,3.870888e-06,2.8587767e-06,0.00023067625,1.1483027e-05,1.2439285e-06,2.5925416e-05,2.1227293e-05,2.491792e-06,1.2641311e-06,4.4779284e-07,0.0005012435,0.0001240076,3.569623e-05,4.3253046e-09,8.645315e-06,2.0013753e-05,8.0481395e-06,1.0251628e-05,8.055913e-08,1.7819493e-05,0.00010593536,2.9020905e-06,2.0773706e-07,3.5023204e-06,9.258903e-08,1.5400535e-06,2.1167348e-06,1.3878372e-07,1.276046e-06,8.8690683e-07,1.1587151e-06,7.5228013e-06,1.327128e-07,0.00042359048,2.9230005e-06,0.00018363849,9.789285e-07,1.0040754e-06,1.1916743e-06,6.4245097e-07,1.965529e-09,1.2982974e-05,2.4332714e-06,6.0442476e-06,2.8262582e-06,6.981739e-08,2.1352488e-07,6.725596e-07,5.641721e-06,4.091242e-07,3.3011284e-07,1.4855642e-05,2.4079457e-06,3.1221048e-06,4.2981777e-05,8.9689514e-05,2.330536e-06,4.4207287e-09,4.3085774e-06,8.297443e-08,1.2440277e-07,1.995761e-06,2.4623532e-06,5.3204303e-08,1.0669328e-05,1.2435665e-07,8.263774e-06,1.41212e-06,1.8718701e-07,4.983803e-07,1.0437716e-06,1.0890781e-06,3.6093643e-05,4.0183972e-06,1.3282968e-07,3.4852903e-07,3.6891458e-07,6.3520304e-07,2.4724977e-06,1.0514304e-06,3.3154365e-07,1.7855404e-05,2.8253633e-06,1.9759911e-08,1.45864485e-08,1.9393033e-07,7.30577e-05,1.3823252e-06,4.6634324e-07,6.6498033e-06,1.0473708e-05,2.425501e-06,9.719016e-07,1.9481736e-09,3.7188413e-05,1.5136696e-05,0.00010160464,1.2636263e-08,1.3950851e-07,4.9242976e-06,6.889299e-07,6.2295456e-08,1.8118853e-06,1.6693893e-06,9.837378e-05,3.604354e-06,3.0317938e-06,1.04708115e-05,4.769738e-05,2.548286e-07,3.3148128e-05,2.9998725e-07,3.4989614e-07,1.5459707e-06,1.1238625e-08,3.6816946e-05,6.774836e-07,1.0270112e-05,1.0474448e-05,5.105846e-05,4.7142336e-08,5.110264e-05,4.981543e-05,1.8636525e-05,3.9995935e-05,3.0410913e-05,2.962209e-06,9.2395574e-05,1.5552039e-06,1.1616335e-05,5.3588083e-06,1.6514578e-05,4.9526076e-08,5.933337e-06,1.6009228e-06,7.785184e-09,4.20402e-06,0.00015690111,1.0110736e-05,7.7141616e-05,8.365025e-08,2.475534e-06,1.4395896e-05,0.00022320259,1.01989656e-07,9.609033e-06
BC2026_Train_0050_S22_20220205_214500_045,5.244393e-08,1.2427512e-06,1.057649e-05,5.828243e-05,2.1577499e-07,3.6899966e-08,2.5319127e-07,5.1687352e-06,1.3993882e-06,3.7840075e-06,0.00016729983,6.508537e-05,1.143352e-08,3.372143e-07,4.2530985e-05,0.0020934597,3.6463712e-07,8.962251e-08,0.30455554,0.0010079535,0.00015790277,0.6243648,6.640633e-08,7.6114884e-07,1.9614012e-05,2.4324816e-08,6.667982e-05,5.071545e-07,9.539593e-08,1.8710682e-06,8.480465e-07,1.5008103e-06,9.313292e-07,2.2285893e-07,6.398584e-07,2.5281781e-06,2.5414715e-06,2.4049186e-06,1.350767e-07,1.5104492e-06,2.8453403e-06,3.0929124e-07,5.3179674e-06,1.118943e-06,3.7287117e-07,4.002976e-07,3.906944e-06,2.6250032e-07,3.9714268e-07,1.0795903e-06,6.784871e-07,1.0588768e-06,1.5181162e-06,6.030672e-07,2.5811742e-05,3.368085e-06,6.647362e-08,0.06370719,1.6697062e-07,6.421833e-07,0.9912348,5.8958786e-08,3.467011e-05,0.61797905,0.99576366,2.3283878e-06,4.4814125e-05,2.8729123e-06,1.5683673e-07,0.0001891903,9.8970006e-09,5.6693406e-08,0.00011168024,3.84433e-06,2.61092e-09,3.088749e-06,1.5835163e-05,9.5694646e-05,2.4852085e-07,1.6635726e-06,5.7791026e-06,1.0875485e-05,1.700411e-05,9.161386e-06,2.2314007e-05,2.8115558e-06,1.2758137e-06,0.00010837016,3.198056e-05,1.2392477e-05,0.0004014625,2.2240985e-05,1.25705465e-05,9.578084e-05,0.00012067048,8.81575e-06,8.614279e-06,2.0630562e-06,0.0029089178,0.00011820301,0.00014131954,5.0563223e-08,3.1822146e-05,8.244644e-05,2.1892129e-05,8.943483e-05,3.2846415e-07,3.9066672e-05,0.0017365747,1.414259e-05,6.579522e-07,2.740314e-05,5.075029e-07,1.698641e-05,5.2470023e-06,1.539723e-06,6.7362917e-06,1.1596348e-06,9.9007875e-06,1.8640243e-05,4.069796e-07,0.0003530047,9.4303805e-06,0.0007253696,5.103439e-06,3.6241909e-06,3.0037024e-06,1.6245511e-06,1.5940893e-08,6.552512e-06,5.6831773e-06,2.2220547e-05,3.7707941e-06,4.7083844e-07,1.2503141e-06,3.0813408e-06,1.12744665e-05,9.122537e-07,8.4757426e-07,7.0901995e-05,4.653823e-06,2.477497e-05,0.00012015561,0.0005588218,2.4813037e-06,1.7394475e-08,1.3004226e-05,1.4845138e-07,1.2259684e-06,3.6168396e-06,1.1699317e-05,5.7557367e-07,2.10998e-05,7.365118e-07,1.7605395e-05,4.345721e-06,1.619468e-06,3.6681045e-06,6.8779427e-06,2.1218743e-06,9.357004e-05,4.0102186e-05,6.1452135e-07,1.4743837e-06,1.5258058e-06,2.1404792e-06,3.090741e-06,6.8462427e-06,5.748957e-06,9.324458e-05,1.8572937e-05,9.6537555e-08,7.311805e-08,2.094168e-06,0.00017649388,2.946423e-06,3.2673177e-07,5.3698834e-05,3.7249494e-05,5.220728e-06,6.2520226e-06,3.0427106e-08,0.00012576912,0.000102015314,0.0012067213,1.9393273e-07,6.3370004e-07,2.6404563e-05,7.545959e-06,2.7074933e-07,6.5197437e-06,1.09021e-05,0.00016699127,2.5295836e-05,2.0758409e-05,2.0008982e-05,0.0002043311,1.9135805e-06,2.9514196e-05,3.2974657e-07,3.6361348e-06,1.2901417e-05,4.101223e-08,0.0001704583,2.6572102e-06,4.969117e-05,1.1070087e-05,8.5744665e-05,3.110287e-07,0.00016709912,0.00016954745,1.528235e-05,0.00040130294,0.00020431045,1.6009342e-05,0.000118627344,7.248359e-06,8.326554e-06,3.1207925e-05,2.9599656e-05,4.936749e-07,2.9899702e-05,7.721318e-06,1.04978575e-07,5.0303308e-05,0.0011201398,2.7365168e-05,0.00037673628,8.4785967e-07,9.925131e-06,2.643003e-05,0.0003088238,2.1374288e-07,3.7714843e-05
BC2026_Train_0050_S22_20220205_214500_050,2.9395503e-07,9.022347e-06,1.8749279e-05,0.00048250883,1.0077305e-06,1.2514793e-07,6.836332e-07,2.3983017e-05,1.0302799e-05,1.2845004e-05,0.0001122705,0.0003577097,5.8133236e-07,3.7894097e-06,0.00019458201,0.0032732484,7.935549e-06,7.4664547e-07,0.41646507,0.00063697505,0.0005774601,0.08212359,2.9442324e-07,7.5198104e-06,2.5992802e-06,3.83975e-08,0.00020114833,6.037416e-07,3.7749455e-08,8.7363915e-06,1.3873299e-05,1.0848377e-05,5.806963e-06,3.914317e-06,1.3207071e-05,1.1478934e-05,2.864452e-05,2.317143e-05,2.6257846e-06,2.0532601e-05,3.0292384e-05,3.3399592e-06,7.1079165e-05,3.4768686e-06,2.3930788e-06,1.8612906e-06,2.920175e-05,1.013928e-06,3.4919117e-06,5.965086e-06,9.97104e-06,1.2920267e-05,2.2058946e-05,9.704506e-06,0.00026687604,4.7574563e-06,1.0781533e-05,0.27404025,8.568036e-08,9.011048e-06,0.79190075,8.3171125e-07,0.00036875324,0.15878256,0.91674185,5.0157296e-06,0.00021766374,1.2865106e-06,3.5242e-05,0.000121738485,1.3919077e-07,4.374615e-07,8.6564e-05,2.87921e-06,6.465393e-09,5.63428e-06,0.00023845302,0.00021326401,1.288705e-06,2.3092784e-05,1.12907355e-05,2.1083476e-06,8.815952e-06,1.01046735e-05,2.4153163e-05,1.562168e-06,1.7440792e-05,0.00027319553,0.0003146998,2.2420509e-05,0.00083457836,7.190866e-05,6.415391e-05,6.033476e-05,0.00025156283,3.8496096e-06,2.9752766e-05,6.0041184e-06,0.006919512,0.0009367236,0.00044718172,1.0837067e-07,8.771971e-05,7.560396e-05,0.00030360432,9.4188195e-05,2.003557e-06,0.00054148695,0.012120102,0.00014117692,9.773066e-06,0.00022214,2.3234525e-06,2.2474755e-05,2.848682e-05,1.7775453e-06,2.951563e-05,1.0854584e-06,2.433744e-05,0.00012674331,1.8743598e-06,0.0021210932,2.9538296e-05,0.0007016641,3.2044856e-05,1.0930908e-05,2.2415143e-05,1.2916472e-05,3.7907913e-07,0.00015322438,5.6982804e-05,0.00035934127,5.6131166e-06,8.5053784e-07,2.888137e-07,2.4156761e-06,6.197037e-05,1.1879802e-05,5.938653e-06,1.1029032e-05,0.00013441168,0.00012409323,0.00055008446,0.0010833065,1.9198309e-05,2.815148e-08,8.456169e-06,8.226263e-08,4.2061815e-06,0.00011791931,6.284842e-06,1.5562439e-06,6.107387e-05,3.348168e-06,0.00019153519,2.4891771e-05,2.9019052e-06,6.1760443e-06,9.237787e-05,1.9940064e-05,0.0005733592,7.852994e-05,2.30075e-06,3.755653e-06,5.614796e-07,1.4557312e-05,1.3837344e-05,8.1899954e-05,2.0712769e-06,0.00013907,5.0905463e-05,9.828292e-07,2.2513458e-07,6.5784393e-06,0.0020466014,1.3281793e-05,5.100724e-06,0.00014305716,7.298534e-05,4.5532623e-05,3.256341e-05,2.59223e-07,0.0004667015,0.0005955523,0.0011132413,4.2443125e-06,1.4348954e-06,3.8348146e-05,3.287835e-05,2.0377925e-06,2.9338664e-05,9.709764e-06,5.105617e-05,0.00054781337,4.7505364e-05,3.642584e-05,0.00067122566,6.217679e-06,6.0893126e-05,1.2019581e-06,1.0686456e-05,2.025996e-05,2.1832867e-07,0.00013488017,6.1991054e-06,2.2087384e-05,4.6721692e-05,5.2940166e-05,1.1185269e-06,0.000347609,0.0001614237,0.00017559381,7.081598e-05,0.0005253111,3.058997e-05,0.0008177985,2.3887833e-06,0.00015724558,0.00057788927,4.8147846e-05,1.5224235e-06,0.00015927992,1.1537319e-05,3.5304686e-07,0.00080524187,0.0013284378,0.00047561078,0.000325745,1.504156e-06,1.3568378e-05,1.8197183e-05,0.001248399,2.6680632e-06,0.00014122136
BC2026_Train_0050_S22_20220205_214500_055,1.8025612e-06,0.0012624797,0.000113667214,0.0021450366,4.9841612e-05,8.8167076e-07,9.782419e-06,0.0011536963,0.00029906753,0.00014733731,0.00088502787,0.00071705907,5.506992e-06,2.4853181e-05,0.0023000478,0.029947653,0.00022374337,4.5557423e-05,0.79135036,0.0011543069,0.0069986866,0.10626958,7.732069e-06,0.0005764183,5.283215e-06,1.1638462e-06,0.00828347,1.3161115e-05,1.8992364e-07,0.00015563857,0.00039276524,0.00016605524,0.00020825904,0.0001975827,0.0013476735,0.00022380354,0.00022826236,0.0004887846,0.00013114116,0.0009762276,0.0015329651,0.00017997084,0.0071506146,6.1676e-05,2.5910042e-05,2.3986171e-05,0.0018150925,2.8017916e-05,0.000107045555,0.00016405087,0.0006843536,0.0008795924,0.0013813298,0.0006296899,0.006732252,0.0001969415,0.00053698046,0.8806872,1.635311e-05,0.00092829246,0.63436675,1.8974519e-05,0.0022476707,0.33936316,0.8923267,0.00021159463,0.0011574142,2.8889463e-06,0.00016110984,0.00061076606,8.100471e-07,1.868559e-05,0.00036235663,1.1275586e-05,2.2744088e-07,7.738321e-05,0.00036051235,0.0002449889,2.7645016e-05,0.000111022775,1.3660093e-05,1.1683925e-06,5.4104596e-05,1.1002904e-05,1.4821891e-05,1.3480325e-05,0.00018354623,0.00020666096,0.0011802427,5.6158176e-05,0.00036111672,0.0017147027,1.5723357e-05,0.00024626736,0.0011007672,1.6372816e-05,7.486693e-05,0.0002151967,0.0015958064,0.0008411049,0.00034782066,4.32391e-06,0.00072744046,0.00031523578,0.0011333013,0.00023848326,1.8252122e-05,0.00167211,0.0034716458,0.0010082244,0.00011059967,0.0034407403,1.3314029e-05,7.331362e-05,0.0001240995,1.2001645e-05,5.0578547e-05,4.1926974e-06,7.952044e-05,0.00030583228,1.661126e-05,0.005738778,0.00011701593,0.0005424538,6.6400506e-05,5.6176446e-05,0.0012318569,0.00014910895,5.4627812e-06,0.0009438944,0.00025812525,0.00035852668,4.2370066e-05,4.650527e-06,8.119629e-07,8.326046e-06,9.9619676e-05,0.00016895954,1.46868e-05,0.00010065313,0.00033887927,0.00040540757,0.00044238503,0.0009633987,0.00013850704,1.7812434e-07,5.7088317e-05,1.1876149e-06,1.2263718e-05,0.0001878798,2.0538868e-05,2.116213e-05,3.3161657e-05,1.8455543e-05,0.0010573157,0.00047187015,4.8187398e-05,3.1594784e-05,0.0021089732,0.00011486862,0.0010012415,9.083903e-05,3.652619e-06,1.14916165e-05,2.024485e-06,0.00021795197,0.000120684046,0.0003319561,6.868995e-06,0.00046871617,0.0011444995,7.518032e-06,4.335344e-06,9.043126e-05,0.0061284853,0.00021359693,8.170408e-05,0.0002493925,0.00010557756,0.00020207472,9.5541924e-05,2.5111437e-06,0.00066022,7.976644e-05,0.00064531615,3.9421866e-05,9.155648e-06,0.00011634669,0.00030478527,1.6998143e-05,0.0003114788,4.768729e-05,0.00025884612,0.0031057587,0.000110153,8.974333e-05,0.0034128712,5.224833e-05,0.00018034154,1.9118303e-05,7.276269e-05,0.00028302128,5.0266763e-06,0.00012047789,7.579973e-05,3.2771513e-05,4.046668e-05,4.795347e-05,3.1517095e-06,0.0028984558,0.00021592142,0.00056767074,0.00015802748,0.0009954112,0.00030957517,0.0066248407,1.1347386e-05,0.0013721066,0.0066261464,0.000102270395,5.17598e-05,0.0007371907,5.6283905e-05,9.44206e-06,0.008342435,0.001841608,0.0013183885,0.0008141347,4.807769e-06,1.3750812e-05,1.6935644e-06,0.0022540318,2.426475e-06,0.00041820682
BC2026_Train_0051_S22_20220208_231500_000,1.1318579e-09,1.4287027e-09,1.8404699e-09,7.391317e-05,1.8945666e-08,1.8643494e-10,1.4551289e-09,2.2419844e-08,0.0001888412,0.0004618838,0.79104125,1.6758624e-07,2.2188575e-09,5.4075067e-11,1.4136585e-09,0.016966945,2.9853396e-08,4.25221e-12,0.0033925164,1.1424079e-06,1.6539083e-08,0.0029458418,2.4303528e-08,1.6388165e-08,8.1590304e-07,3.958526e-11,3.1290085e-08,2.128643e-09,1.7028252e-09,2.0675745e-05,1.0996494e-08,9.92212e-09,7.786268e-09,6.4920354e-09,4.5573616e-09,5.2334586e-09,9.582827e-09,1.0667748e-08,3.7241816e-09,5.6241567e-09,1.5231002e-07,2.1853785e-09,2.7816501e-08,2.017482e-09,4.054907e-10,3.313675e-10,3.3445489e-09,4.753687e-10,9.832835e-10,4.3219397e-09,3.0138874e-09,1.8964965e-09,2.5909674e-09,2.5499288e-08,4.7833698e-08,1.4695799e-09,1.6691246e-10,0.9158751,2.2340253e-10,1.10519e-08,0.51866186,2.6988214e-11,0.00035459924,0.98418,0.0015655064,7.0295316e-09,1.4440675e-08,1.2272355e-10,3.4545457e-11,2.9522516e-07,3.2840064e-11,4.5444106e-09,1.35132066e-08,2.0489253e-08,2.356718e-10,9.674822e-07,1.8521324e-06,6.8808487e-07,5.16679e-08,3.991077e-09,6.034768e-07,8.233716e-09,2.513753e-07,6.601956e-10,1.2934691e-08,1.4371918e-07,4.3044084e-09,6.945909e-06,1.8844094e-06,7.3693776e-08,1.6423188e-05,1.6282918e-08,2.0240184e-07,1.7503911e-06,2.6707235e-06,2.354425e-07,7.7640706e-08,7.1855436e-07,3.2628714e-07,2.6096225e-07,4.7056326e-07,1.6302113e-09,2.1442243e-06,0.00046068075,8.160165e-06,2.4750992e-07,1.9180091e-10,8.63755e-10,9.727008e-07,3.156704e-07,1.6766467e-08,1.5394809e-06,9.66362e-10,8.0777156e-08,8.039794e-07,1.9468175e-07,7.030339e-08,8.122202e-10,8.881404e-08,7.7003506e-07,2.190524e-09,1.6368836e-07,1.6370583e-07,1.2070285e-05,2.8712963e-08,1.0062413e-07,3.6460055e-08,4.1058563e-08,1.2318332e-08,3.9258843e-08,3.5514847e-09,3.6701722e-06,7.4266486e-09,5.8545062e-08,6.2455356e-08,5.793386e-09,2.9358657e-07,9.4606804e-08,7.1912662e-09,3.8765734e-06,1.4719993e-07,1.2841965e-08,2.9051034e-08,3.815567e-07,3.3346592e-07,2.2338079e-10,5.7956595e-07,1.509601e-09,4.3265362e-07,5.8431052e-08,9.881557e-08,8.498814e-08,1.0561804e-07,2.0139717e-09,8.9050666e-08,3.9806385e-09,8.503317e-09,1.2017112e-07,1.3029396e-07,9.981342e-09,3.2505344e-08,1.1582622e-06,3.6563734e-09,8.480628e-08,7.7742035e-09,4.9026207e-06,2.5776785e-09,4.0797357e-08,2.4349093e-08,1.4171197e-06,3.2313812e-07,2.4452447e-09,1.1112172e-10,3.962272e-07,5.861718e-07,1.822112e-08,5.8638236e-09,8.996693e-08,4.4348047e-07,1.959253e-08,7.5662695e-07,1.789747e-09,2.677402e-06,3.7194636e-07,4.5958823e-06,1.9239602e-07,1.1582666e-08,2.4202575e-07,1.17257116e-07,6.921212e-08,2.7204058e-07,3.371204e-07,2.9100928e-09,2.6708502e-08,2.0169524e-07,1.3384292e-06,3.4080854e-06,7.1744015e-09,1.2889077e-06,2.398854e-10,8.047697e-08,5.3560463e-08,3.5875986e-11,1.8392022e-06,1.7036479e-08,6.261677e-06,2.5355615e-07,4.4259156e-07,1.0051207e-08,7.8270233e-07,1.3250931e-07,1.0451666e-07,6.403737e-08,4.2259353e-06,9.005924e-05,4.8775153e-05,2.2360915e-07,1.8460678e-08,4.233755e-07,4.8372417e-09,1.1661332e-09,2.7114493e-07,1.8517065e-08,6.592695e-10,1.7753528e-08,1.2430626e-05,6.068548e-08,3.790824e-07,6.281034e-10,1.1917442e-07,3.6795516e-09,6.0853023e-07,5.9826033e-09,3.7321377e-07
BC2026_Train_0051_S22_20220208_231500_005,1.2881952e-08,6.032058e-07,3.6027663e-07,0.0015321845,3.607552e-07,2.6436575e-09,1.8256105e-07,2.837244e-06,0.00036871913,0.00010309759,0.09174542,7.248808e-06,7.284727e-09,7.6575155e-09,8.575917e-08,0.040078957,6.6336247e-07,8.155816e-09,0.028479664,7.055781e-05,6.078735e-06,0.0096001495,1.7972404e-07,1.5064786e-07,1.1901369e-05,4.1910853e-09,1.2388592e-06,1.9921355e-07,1.2310221e-07,4.2978256e-05,2.0421274e-07,6.6604076e-07,2.8208677e-07,7.774948e-08,1.6140977e-07,8.6937195e-07,6.9441603e-07,5.0247024e-07,5.2270963e-08,5.6810796e-07,9.385524e-07,8.047973e-08,5.871016e-07,4.239638e-07,2.7620622e-08,2.6924603e-08,4.1036526e-07,4.006263e-08,1.06374365e-07,5.065744e-07,2.2362237e-07,1.6626369e-07,1.9419628e-07,1.3189029e-07,5.961668e-06,9.1741725e-08,3.1183423e-09,0.91108114,5.974612e-08,1.475077e-06,0.9908703,2.3288227e-09,0.00060466153,0.9820219,0.96729714,6.588941e-07,2.6351893e-07,1.4560355e-07,5.169644e-10,2.5485377e-05,4.356807e-10,1.3815922e-07,5.3369666e-07,1.3846804e-06,8.176438e-09,2.6082892e-06,7.43957e-06,6.3261655e-06,2.8239765e-07,4.8233236e-08,4.9632977e-06,2.2456678e-07,1.3660109e-06,2.7533307e-08,1.8113239e-07,5.3849845e-07,4.6279748e-08,1.3574837e-05,2.8860302e-06,1.7455052e-06,1.603654e-05,1.0909773e-06,4.873719e-07,0.00023934433,1.0865886e-05,1.8714252e-06,4.672448e-06,2.6578324e-05,1.5220145e-05,1.5251442e-05,7.4064124e-06,2.9190983e-07,7.226245e-06,0.00042340416,4.9089695e-06,1.39187005e-05,1.3809515e-08,7.818088e-08,1.1039418e-05,2.3088035e-06,1.5387366e-07,2.5346483e-06,2.5951083e-08,3.8176454e-06,6.6543016e-06,1.3499136e-06,1.4143303e-06,7.508192e-08,3.41981e-06,5.702679e-06,1.7274392e-08,2.458749e-06,1.2123628e-06,0.00013796226,2.0298658e-07,6.915781e-07,8.618532e-07,2.875163e-07,2.9250402e-09,4.9029865e-07,1.18722845e-07,7.197949e-06,5.5273904e-06,4.1002062e-07,1.627783e-07,3.0561054e-08,1.599319e-06,4.6671963e-07,1.2713461e-07,0.0003911304,3.0990978e-07,1.0481576e-06,4.1500655e-07,5.7862935e-06,7.337388e-06,3.8687933e-09,5.1900984e-06,4.3245207e-09,1.4643655e-05,3.506377e-07,2.8979342e-05,3.7337574e-07,7.603726e-07,1.9237925e-08,2.1610417e-06,1.6570995e-07,1.0038543e-06,4.1692815e-07,8.3884623e-07,2.0538012e-07,3.6515812e-06,1.14375725e-05,1.279656e-08,5.538354e-07,4.4047687e-07,3.3982094e-06,3.737476e-08,2.90858e-07,1.3048145e-07,2.2607255e-05,5.138813e-06,6.1985372e-09,5.022602e-09,1.462652e-06,1.8129229e-05,4.447969e-07,4.6826624e-08,1.1747408e-06,1.1597688e-06,1.3540742e-07,1.8244405e-06,3.933214e-08,6.4125525e-05,1.32536525e-05,3.627387e-05,3.777049e-07,1.281288e-07,2.1853207e-06,1.0924833e-07,1.3155174e-07,9.030938e-06,3.0237316e-06,1.4466941e-06,6.371263e-07,1.4761184e-06,2.8132804e-06,0.00016460932,1.7838562e-07,5.5270375e-06,1.848009e-08,1.2714083e-06,1.3555819e-05,3.2003271e-09,1.9892395e-06,2.8753823e-07,6.9776615e-05,3.0662443e-06,1.0107883e-05,1.7950065e-07,4.983422e-06,5.437179e-06,5.164076e-07,3.0475509e-05,1.5506777e-05,0.00022389446,0.00015090144,2.7593642e-06,1.6625702e-07,3.5140504e-06,3.7291278e-07,8.743944e-08,5.344074e-06,7.550599e-07,4.015252e-08,2.159441e-06,0.00027698508,1.5167354e-06,7.7173945e-06,3.0615263e-07,4.2187577e-07,1.4291068e-08,3.2813354e-05,1.7260627e-08,3.2958042e-06
BC2026_Train_0051_S22_20220208_231500_010,6.916762e-09,6.561952e-07,4.805202e-07,0.00048755793,1.3769768e-06,4.8220237e-09,1.3847148e-06,8.829109e-07,1.7765793e-06,1.5680365e-05,0.003765473,9.612204e-06,4.418975e-09,8.018077e-09,2.4311186e-07,0.0015742606,2.0938852e-07,3.086167e-08,0.23251626,7.9304016e-05,9.888335e-05,0.43407097,4.786491e-08,1.0944084e-07,3.5182352e-06,4.178572e-08,8.3558376e-07,4.8404746e-07,9.336342e-09,3.857754e-07,3.6055022e-07,1.4983817e-07,2.238355e-07,2.1421338e-08,1.4643629e-07,3.019122e-07,5.6504263e-08,1.0630378e-07,3.0518766e-08,3.501548e-07,3.6668203e-07,9.241841e-08,1.7345035e-06,7.8040976e-08,9.1164004e-08,8.8118675e-08,9.3567905e-07,3.5118042e-08,2.7514725e-08,9.800638e-08,3.9538543e-07,7.0043666e-07,6.2955456e-07,1.3399371e-07,6.129947e-06,2.7920186e-07,2.877188e-09,0.15608773,1.6872275e-07,3.001186e-07,0.9855576,2.126384e-08,5.3257143e-05,0.9482428,0.9985746,7.585712e-07,4.327287e-07,1.454703e-07,9.522883e-09,2.3966646e-05,3.891017e-09,4.024008e-08,7.7932245e-06,5.9054046e-06,2.5418132e-09,1.5935282e-05,1.5292484e-05,3.3496148e-05,1.4475137e-07,1.690368e-07,1.3284314e-06,4.0288043e-07,1.4350416e-05,1.9751268e-07,1.2718169e-06,1.3853059e-05,3.819171e-06,1.1175906e-05,1.2864509e-05,3.5578603e-05,0.0001262034,4.198319e-06,6.5296655e-07,0.00032125364,1.212896e-05,6.196387e-06,1.4783485e-06,8.6975837e-07,4.5421297e-05,6.406666e-05,2.0416926e-06,5.2360374e-08,4.5940036e-05,0.00012402261,3.879917e-06,3.7989474e-05,3.6631363e-07,1.3845563e-06,2.6803002e-05,3.6998924e-06,6.39773e-07,1.2279599e-05,2.2890731e-07,3.175768e-06,4.152507e-06,5.6840713e-07,1.6682753e-06,4.7054579e-07,2.890793e-06,6.3928055e-06,1.208826e-07,0.00013111654,4.358621e-06,0.000119696815,3.860393e-07,2.1483118e-06,8.4391087e-07,3.4548655e-06,6.6674852e-09,2.716359e-06,2.0638124e-07,8.019355e-07,3.812506e-05,2.2226885e-07,2.3071541e-07,4.6127386e-07,1.7354134e-06,7.2086056e-07,3.8524928e-07,5.4847882e-05,5.790262e-06,1.9236936e-06,5.297311e-06,6.9434777e-06,2.3240752e-06,9.388629e-09,1.5478588e-05,2.6774967e-07,9.352856e-07,1.5742896e-06,1.0039932e-05,1.3615106e-07,3.781028e-06,1.6293797e-07,3.19536e-06,1.0154569e-06,8.1175233e-07,5.382912e-06,1.6257785e-07,1.033291e-06,7.185802e-06,2.1366579e-05,1.8390571e-07,4.2399247e-07,3.308178e-07,7.340846e-06,2.278147e-07,7.3617264e-07,2.3630945e-07,2.3461513e-05,7.78135e-06,1.9371475e-08,3.5744357e-08,6.7283605e-07,1.2607957e-05,2.0495193e-06,5.244193e-07,1.0989869e-05,8.995738e-06,1.6031166e-06,4.131772e-06,2.9461843e-08,9.928227e-06,7.539601e-06,4.6955432e-05,3.8146677e-08,7.496529e-07,1.0695428e-05,7.2367436e-07,4.6123165e-07,1.1788431e-05,4.6377713e-06,1.968413e-05,9.402303e-07,2.1064225e-06,7.60227e-06,7.18567e-05,2.365922e-07,8.1283515e-06,2.2116637e-07,2.2544773e-06,4.097621e-06,4.467859e-09,0.00010974138,6.343737e-07,4.1241332e-05,7.1091063e-06,2.278626e-05,1.02740366e-07,1.22411675e-05,0.00021537447,7.815866e-06,1.385274e-05,1.5536856e-05,7.4013133e-06,4.629419e-05,8.536457e-06,1.5125842e-06,8.549867e-06,2.3821926e-06,5.7063073e-07,2.525371e-06,9.421135e-07,6.222634e-08,5.0965914e-06,0.0001598543,3.8499065e-06,9.497638e-06,2.2205465e-07,5.0142326e-06,6.292995e-07,2.4670102e-05,2.7731426e-08,4.2343854e-05
BC2026_Train_0051_S22_20220208_231500_015,2.4726248e-09,2.9253408e-07,8.293675e-07,5.877392e-05,2.8931487e-07,3.5481669e-09,4.282725e-08,4.6097395e-07,1.6170592e-05,1.1289294e-05,0.0014192016,1.3890534e-05,1.6348164e-09,5.2773657e-08,1.2185255e-07,0.0060424996,2.1687022e-07,6.554882e-09,0.73261535,8.658168e-05,5.3826236e-05,0.8148805,1.2367659e-07,3.825633e-08,5.019931e-06,4.5597805e-08,1.4657659e-06,3.1488923e-07,8.4946733e-10,4.1776917e-07,9.205074e-08,5.018467e-08,7.594813e-08,7.168601e-09,4.6658208e-08,5.221377e-08,1.5040435e-08,6.9831245e-08,8.691778e-09,4.3289788e-08,2.2789075e-07,1.9619941e-08,3.4163403e-07,2.8258484e-08,1.3867846e-08,1.2183368e-08,2.3290134e-07,1.2666378e-08,1.4048965e-08,4.6677172e-08,5.1633723e-08,8.1311846e-08,8.581742e-08,5.222473e-08,1.312861e-06,1.5307116e-07,1.8205573e-10,0.06702273,2.6953991e-08,2.2712311e-07,0.99205524,9.86142e-10,2.2439846e-05,0.9904107,0.9973807,9.4750067e-07,1.4948122e-06,7.2495614e-09,5.102757e-09,2.9508876e-05,5.446305e-10,6.3746826e-09,1.3019784e-06,4.817613e-08,2.0123234e-10,3.6642791e-06,1.0845481e-05,1.2438713e-05,8.0083595e-08,1.4461173e-07,1.636295e-06,1.7465659e-07,2.3474552e-06,1.2041293e-07,1.2527956e-06,1.6622848e-06,2.0480762e-07,4.5838497e-06,1.0873761e-06,3.123043e-06,9.873749e-05,1.3826998e-06,2.5554897e-07,1.5766887e-05,1.5106728e-05,5.400511e-07,6.8274124e-07,7.765773e-07,1.8529541e-05,2.805393e-05,2.38515e-06,2.3256534e-09,3.6513895e-06,0.00013604152,1.1421811e-05,5.0240355e-06,1.224013e-08,5.503572e-07,1.6313124e-05,1.3082091e-06,1.4608047e-07,1.1631604e-06,2.2499309e-08,3.3427784e-07,2.4086737e-06,5.5982163e-08,1.8490864e-06,8.5474866e-08,6.3390803e-07,5.3853723e-06,5.563833e-08,0.00012419102,7.615882e-07,2.9286753e-05,3.050149e-07,3.8830933e-07,4.4226243e-07,5.540097e-07,1.2565596e-09,3.7929499e-06,1.9649309e-07,1.0196189e-06,2.6485347e-06,8.5673165e-08,1.1111955e-07,2.3782736e-07,1.1928715e-06,1.0764018e-07,3.506824e-08,2.2476277e-05,8.74405e-07,1.1353678e-06,2.1183362e-06,4.5913353e-06,1.6216612e-06,1.0929472e-09,2.8201762e-06,3.3685968e-08,6.7917476e-08,4.171405e-07,3.711169e-06,2.8294725e-08,9.810631e-07,3.8267714e-08,1.581288e-06,1.4378759e-07,4.7537092e-08,2.58027e-07,1.7577013e-07,4.3876128e-07,7.242543e-07,1.4580739e-06,3.0622672e-08,1.7795453e-07,1.2889184e-07,9.333627e-07,3.4290477e-07,3.3046624e-07,5.1527078e-08,2.748208e-06,4.58835e-06,5.7640124e-09,3.5707133e-09,1.4380952e-07,7.0974343e-06,4.356255e-07,1.06826356e-07,1.8737127e-06,1.272682e-06,1.4186814e-06,8.402505e-07,3.3797485e-09,1.1779172e-05,3.21138e-06,9.944383e-06,2.1135339e-08,1.6606955e-07,8.1396473e-07,1.02235056e-07,8.334734e-08,8.4669534e-07,2.5759896e-06,4.010407e-06,4.0309644e-07,2.2422842e-07,4.6423206e-06,3.9435592e-05,5.0597475e-08,8.252299e-06,7.2275576e-08,1.5965256e-07,6.015479e-07,2.46999e-09,1.0125277e-05,1.2531919e-07,1.34703405e-05,3.3440804e-06,1.5186943e-05,2.0258117e-08,1.626759e-05,1.5459203e-05,2.6372911e-06,2.5548857e-06,3.5846297e-06,4.1009207e-06,5.3741867e-05,2.8320514e-07,1.42554e-06,1.412718e-06,1.1971898e-06,1.9124e-08,2.504581e-06,1.8214647e-07,3.4663172e-09,4.5218164e-07,1.8919915e-05,1.3705742e-06,1.2848042e-05,3.6503266e-08,1.2550211e-06,2.5715565e-07,1.2997271e-05,4.349388e-08,4.795698e-06
BC2026_Train_0051_S22_20220208_231500_020,5.1401012e-09,7.2927094e-07,6.0796526e-07,0.000103942984,1.6258018e-07,1.1488192e-08,7.9199374e-08,3.6258947e-07,5.8198702e-06,1.3911217e-05,0.0011126556,2.4231651e-05,1.9059248e-09,1.0206496e-07,9.38342e-07,0.015396047,1.6385921e-07,1.5268752e-08,0.73333097,0.00021214814,3.1431933e-05,0.8363257,5.835831e-08,5.3215572e-08,9.842326e-06,7.2861475e-08,1.2421184e-06,8.346345e-07,3.8370484e-08,2.400068e-06,1.1377387e-07,1.6512344e-07,9.453952e-08,1.08181455e-08,5.0809756e-08,1.9255516e-07,2.3947239e-08,7.417393e-08,9.509524e-09,7.100971e-08,1.6694881e-07,2.9303857e-08,4.593498e-07,1.2880534e-07,3.5818676e-08,3.3607545e-08,2.7036566e-07,2.0642194e-08,1.650404e-08,5.065957e-08,8.1904886e-08,1.1018859e-07,1.2302336e-07,4.7734527e-08,3.0234348e-06,8.90694e-07,3.9473244e-10,0.08827654,5.0855327e-08,6.326741e-07,0.9910005,3.0754943e-09,4.9138227e-05,0.9910885,0.99542564,8.3635075e-07,1.439771e-06,1.250284e-07,4.9586832e-09,2.5005213e-05,7.58107e-10,1.7976099e-08,5.290919e-06,1.1775584e-06,6.840297e-10,1.1570363e-05,3.3143035e-05,2.5708905e-05,1.07999654e-07,8.4025777e-07,2.7842993e-06,1.4436081e-07,7.666201e-06,5.898376e-08,1.5747477e-06,1.6889469e-06,1.1130452e-07,2.3056086e-06,5.593084e-06,6.6886582e-06,3.233371e-05,4.611094e-06,2.5702937e-07,6.688827e-05,4.6050613e-05,2.554581e-06,2.226005e-06,1.57541e-06,7.791545e-06,4.579918e-05,1.703156e-06,6.277971e-09,4.9427504e-06,0.00010315414,3.7149064e-05,1.0083669e-05,1.2982962e-08,3.4856555e-07,1.2815174e-05,3.9722104e-06,1.2965077e-07,5.122241e-06,3.2875647e-08,1.795758e-06,3.210284e-06,1.738629e-07,2.2751276e-06,1.1272948e-07,1.5527231e-06,3.238815e-06,5.6142344e-08,3.6526613e-05,1.3392718e-06,7.4119205e-05,1.108681e-06,5.7270245e-07,8.80575e-07,1.5173172e-06,2.8456644e-09,3.4616428e-06,5.1752136e-07,3.6163467e-06,7.675309e-06,1.529461e-07,1.0746662e-07,7.0871685e-08,1.8410853e-06,1.8090194e-07,1.0461518e-07,2.8805869e-05,2.5867968e-07,3.540658e-07,2.0610955e-06,5.9240247e-06,8.694317e-07,6.349018e-09,3.336327e-06,4.2451678e-08,2.3420054e-07,6.5169246e-07,3.855146e-06,2.4520116e-07,1.9957458e-06,8.436761e-08,6.0564516e-06,3.1654312e-07,2.771171e-07,1.7104927e-07,3.260476e-07,3.2587758e-07,1.8633381e-06,3.4790842e-06,9.2550366e-08,1.753096e-07,2.325278e-07,3.0724966e-06,2.3481532e-07,2.5808683e-07,1.6710379e-07,8.2300185e-06,4.35232e-06,1.4943954e-08,8.40228e-09,2.5030334e-07,1.2894134e-05,4.845786e-07,2.7573887e-07,2.4580668e-06,6.480374e-06,3.91216e-06,1.2361861e-06,8.3284055e-09,3.7190075e-05,4.7122253e-06,3.84921e-05,5.2188984e-08,2.0236747e-07,2.443317e-06,2.6767054e-07,9.570082e-08,2.51619e-06,6.1281817e-06,1.2178591e-05,7.137817e-07,1.1166309e-06,4.135667e-06,3.0357742e-05,1.5517548e-07,1.2746406e-05,1.0588934e-07,4.6105396e-07,1.1594137e-06,3.4985852e-09,2.0767673e-05,2.5174498e-07,1.54886e-05,1.3865092e-06,1.37708785e-05,2.5277458e-08,1.1960193e-05,5.47033e-06,4.9368196e-06,5.0096246e-06,1.023386e-05,1.8226847e-05,4.904142e-05,1.4042556e-06,2.792852e-06,2.0273656e-06,1.8793842e-06,6.167959e-08,2.8110733e-06,2.9519222e-07,1.8123137e-08,1.5718024e-06,8.381386e-05,1.935792e-06,8.394452e-06,7.170191e-08,1.8394725e-06,3.576492e-07,2.4377092e-05,4.1537394e-08,8.915372e-06
BC2026_Train_0051_S22_20220208_231500_025,2.4562778e-08,5.179203e-07,1.6637011e-07,0.00025509906,1.1412488e-07,1.9508581e-09,1.6949785e-07,1.2910655e-06,9.019465e-06,4.4572298e-05,0.09972619,1.5358559e-05,4.064637e-08,1.299463e-08,1.1413473e-06,0.003468115,3.170785e-07,6.691181e-09,0.5718691,0.0014590848,4.1909105e-05,0.16906111,2.8648737e-08,2.179415e-07,6.229385e-07,9.156232e-09,8.7873354e-07,9.5022024e-08,9.814252e-09,1.6139053e-06,3.9734576e-07,2.4813198e-07,2.690328e-07,5.4267122e-08,2.0002756e-07,3.946554e-07,1.2156296e-07,2.0765941e-07,9.709356e-08,3.9751254e-07,1.7902861e-06,1.6598264e-07,1.1881214e-06,1.15779564e-07,7.5821774e-08,6.861735e-08,7.4327295e-07,1.7882126e-08,5.91673e-08,2.843987e-07,2.2725116e-07,3.5356706e-07,4.1897133e-07,3.2702107e-07,5.9551903e-06,2.250209e-06,1.351233e-08,0.85706764,4.6641844e-08,8.8788175e-07,0.9991573,1.534703e-08,0.00015393169,0.99334043,0.82912374,8.978742e-07,1.0071386e-06,2.6139963e-07,1.1827753e-08,6.0639704e-06,9.742818e-09,1.3147387e-07,3.9447164e-06,4.403937e-07,1.9400008e-09,4.579624e-06,3.709614e-05,1.777299e-05,1.5515047e-07,5.585514e-08,2.0665454e-06,3.2282423e-07,2.0047508e-05,9.1486086e-08,2.9865362e-07,7.3784386e-06,3.4889413e-07,1.4675964e-05,7.2324906e-06,9.452954e-06,7.5157775e-05,2.552292e-06,3.7462803e-07,4.948041e-05,4.793572e-06,1.7469856e-06,1.1860949e-06,1.5361752e-06,8.004219e-05,2.8584049e-05,6.528653e-06,1.9845574e-08,9.353764e-06,0.00016169311,6.6565676e-06,9.158957e-06,3.014222e-08,1.3403528e-06,3.5302917e-05,3.8166077e-06,4.011181e-07,5.672343e-06,2.5696986e-07,1.187467e-05,6.258071e-06,1.5023111e-06,1.3742455e-06,5.3737498e-08,3.1225516e-06,1.7003794e-06,4.199025e-08,3.3336462e-05,4.914961e-06,8.989459e-05,6.256349e-07,8.426407e-06,4.625227e-07,4.0414727e-07,2.8771401e-08,1.1502716e-06,1.3112563e-07,7.2410626e-06,1.5927238e-06,4.1263237e-07,5.11982e-07,1.8468889e-07,8.191916e-07,5.2967783e-07,3.1880742e-07,2.1915524e-05,3.5318467e-06,2.481098e-06,4.1799576e-06,1.0493264e-05,1.389799e-06,3.6279053e-09,1.1184874e-05,3.8359207e-08,9.35168e-07,8.828461e-07,5.9867425e-06,4.443382e-07,3.8119367e-06,6.19854e-08,6.5052564e-07,5.393213e-07,5.006717e-07,1.0474101e-06,1.8500651e-06,1.4076718e-07,0.00010912986,1.0240938e-05,3.1875597e-08,2.5173492e-07,2.3109659e-07,1.862013e-05,5.062634e-08,1.9772408e-06,4.682654e-06,2.9654102e-05,1.072241e-05,2.407313e-08,5.0877036e-09,6.731141e-06,5.556093e-06,1.0945226e-06,1.4460926e-07,2.1824612e-06,8.342888e-06,4.6299093e-07,3.6153017e-06,5.3308224e-08,3.3768996e-05,9.415436e-06,2.018648e-05,5.415535e-08,4.2913155e-07,2.226298e-06,5.5456786e-07,3.9523727e-07,9.6160275e-06,1.2090755e-06,2.786722e-06,1.8786654e-06,9.853951e-07,2.0450721e-05,0.00015833367,6.0707646e-07,5.023475e-06,2.062488e-08,1.8522418e-06,5.334977e-07,6.9742696e-09,2.3296196e-05,6.017969e-07,1.4343712e-05,3.2951284e-06,1.0388179e-05,1.6023296e-07,7.88469e-06,3.0097184e-05,1.4939806e-05,4.61054e-06,2.7906586e-05,9.790166e-05,2.4277262e-05,7.42992e-06,7.8334983e-07,1.4254069e-05,1.3494991e-06,3.724809e-07,8.751961e-06,8.887163e-07,5.0741185e-08,3.7781263e-06,0.00012947469,2.2184838e-06,2.0218993e-06,8.035471e-07,9.135161e-07,3.7362045e-07,1.6641674e-05,5.5748593e-08,3.924879e-05
BC2026_Train_0051_S22_20220208_231500_030,1.7533345e-08,6.14239e-08,2.2261571e-07,0.00022542902,1.4378443e-07,1.6704916e-09,1.0980272e-08,2.4675856e-07,5.3622996e-05,9.507451e-05,0.7893117,2.820496e-06,2.0495818e-08,2.281389e-09,1.8272281e-08,0.00048620882,2.9802027e-07,2.0995375e-10,0.00069741666,0.00026920618,1.4897372e-06,0.002308209,8.746396e-08,7.9227476e-08,8.1892455e-07,3.7735312e-10,6.4176156e-08,1.7345383e-07,6.239225e-08,5.53063e-05,1.2332042e-07,2.4531906e-07,7.6383955e-08,2.2815426e-08,8.486778e-08,1.5141556e-07,1.4155391e-07,1.559001e-07,3.1713196e-08,2.0098518e-07,6.838471e-07,3.0114695e-08,6.1012014e-07,9.035989e-08,4.3211648e-09,3.47271e-09,1.0691319e-07,4.336572e-09,2.4653364e-08,1.149157e-07,1.4272074e-07,1.3912587e-07,1.6565276e-07,1.0459224e-07,2.0350753e-06,7.845125e-08,8.034733e-09,0.9016213,1.4239534e-08,3.1525164e-07,0.90847427,2.3910622e-09,0.0009756088,0.90515625,0.07309048,2.960328e-08,9.997987e-07,2.7891943e-08,9.87953e-10,2.197892e-05,1.0155649e-09,3.0546836e-08,1.8455192e-07,5.7538102e-08,4.490276e-09,1.1151611e-05,8.935563e-06,2.4641363e-06,1.0015173e-06,7.9465835e-08,1.4308082e-06,4.7485354e-08,2.564232e-06,3.6487396e-08,6.4352963e-07,2.6545306e-06,1.7766625e-07,0.00020866313,5.8481887e-06,7.956607e-07,9.42651e-05,1.3675148e-07,6.3473835e-06,2.7346541e-05,2.3769848e-05,2.6677858e-06,2.524499e-06,6.789914e-06,3.5319586e-05,1.9365512e-05,2.7659162e-06,3.89957e-08,2.334431e-06,0.00057112984,7.0239116e-06,4.936165e-06,2.4881377e-09,4.2772147e-08,8.715598e-05,3.2470168e-06,6.960956e-08,1.7459463e-06,4.3219828e-08,2.7486537e-06,4.054493e-06,1.6075459e-06,5.497429e-07,1.762478e-08,1.4026898e-06,1.9816393e-06,3.2692682e-08,6.5316897e-07,8.909149e-07,7.391895e-05,4.0370696e-07,8.642104e-07,5.1500103e-07,5.7849306e-08,3.686304e-08,1.2137889e-07,4.3557307e-08,1.1483575e-05,6.7030754e-07,2.5250935e-07,1.4686553e-06,3.342701e-08,5.42396e-07,9.2850826e-07,4.3078433e-08,0.00011049405,1.6784744e-06,8.678353e-07,3.1300183e-07,7.3127703e-06,3.5154246e-06,1.2051461e-09,2.205792e-06,9.225406e-09,5.6022022e-06,3.7030514e-07,1.5166202e-05,1.1913743e-06,2.3562227e-06,3.87355e-08,2.574425e-07,1.0733777e-07,3.176384e-07,9.997385e-07,2.1729702e-06,1.9566639e-07,2.7263168e-06,1.3810846e-05,6.6117536e-08,7.486556e-08,7.7577056e-08,8.256141e-06,2.920008e-08,3.738785e-07,6.4023686e-07,1.8924065e-05,3.5469586e-06,9.966009e-09,1.25021e-09,2.0976438e-06,3.588146e-06,3.547807e-07,4.55757e-09,3.8432196e-07,1.5658416e-07,8.3379135e-08,7.4286727e-06,3.040251e-08,1.072062e-05,3.1241689e-06,1.9311346e-05,8.428854e-07,2.4962134e-07,2.67918e-06,1.4061426e-06,1.9320761e-07,2.5367617e-06,7.803771e-06,1.75776e-07,1.5387792e-07,1.4881896e-06,3.1312472e-06,3.351078e-05,2.5560965e-07,1.8128721e-06,1.4989965e-09,1.3827391e-06,2.3442717e-06,1.7681943e-09,2.1518226e-05,5.182997e-08,3.845724e-05,1.7527881e-06,2.1794972e-06,1.4223538e-07,1.82085e-05,6.1220726e-07,1.5023696e-07,3.925813e-06,9.50884e-06,0.00019322347,8.754632e-05,6.9935066e-07,8.6324356e-08,4.8757365e-06,5.288984e-08,5.254716e-08,9.50273e-06,8.6145224e-07,5.5525746e-08,2.7765936e-06,2.8984512e-05,3.267489e-07,1.8654237e-06,4.4271264e-08,2.495442e-07,1.4931565e-07,4.9110395e-06,2.1243448e-08,4.001727e-06
BC2026_Train_0051_S22_20220208_231500_035,1.9133311e-07,1.1537774e-06,3.9040654e-07,0.00034882568,1.347903e-06,3.771238e-09,4.861904e-07,6.027998e-07,5.0990042e-05,0.00018056644,0.12276948,9.749551e-06,5.3626295e-08,3.6464347e-09,4.3037093e-07,0.023926308,2.3866178e-06,4.6701816e-09,0.08591006,0.00015552079,1.8653436e-05,0.058227763,7.434291e-08,2.5352037e-07,8.634314e-06,4.116817e-09,1.3732183e-06,3.2361828e-07,2.862132e-08,7.5919606e-06,8.676615e-07,1.905441e-07,6.192448e-07,1.9264957e-07,1.9465239e-07,3.1311527e-07,3.9000352e-07,2.1595613e-07,2.4642932e-07,1.2311941e-06,1.0028247e-06,4.180055e-07,1.5501088e-06,7.479477e-08,1.4102302e-07,1.6586506e-07,8.678544e-07,5.059641e-08,8.555233e-08,1.8869704e-07,8.093065e-07,7.767973e-07,9.798981e-07,4.158032e-07,5.0872677e-06,4.4062514e-07,1.941727e-08,0.94428664,5.4198335e-08,1.2619857e-06,0.99677867,2.0326313e-08,0.00050342415,0.99551266,0.50171906,2.7824333e-07,1.3415098e-07,5.8333666e-07,3.1318133e-09,8.625533e-06,1.21353825e-08,6.491239e-07,1.882114e-06,3.7260048e-05,2.9155556e-08,1.6179587e-05,7.938324e-05,1.04196315e-05,3.561907e-07,1.0752507e-07,8.259251e-06,1.5954707e-06,2.59764e-05,2.5251512e-07,1.2471423e-07,6.9796206e-06,3.801217e-07,3.840176e-05,8.143614e-06,9.4205825e-06,5.9135076e-05,8.576552e-07,1.3786627e-06,0.000109725785,5.122446e-06,3.2554777e-05,2.681115e-06,2.3650657e-06,1.35008595e-05,1.6140597e-05,1.3576131e-05,1.7804179e-07,2.0073774e-05,0.00025926475,2.2101733e-05,1.0125442e-05,3.7973976e-08,1.2006898e-06,1.519807e-05,9.17661e-06,2.6188346e-07,1.2019572e-05,2.6739116e-07,2.4853227e-05,8.722824e-05,4.1705403e-06,2.8397749e-06,3.330194e-07,6.3001444e-06,3.37181e-06,3.490089e-08,7.35552e-06,1.7687198e-05,0.00012501798,1.2821109e-06,7.492472e-06,3.479456e-06,1.0294256e-06,4.0739973e-08,1.753191e-06,4.0900133e-07,3.044135e-05,1.3897645e-06,2.6449432e-06,1.0798447e-06,3.3326191e-06,4.4781646e-06,6.7267445e-07,1.7877644e-06,0.00014657225,5.8940564e-06,4.6274724e-07,9.724925e-06,2.3673385e-05,1.9754842e-05,1.9434571e-08,2.9740935e-05,3.5279974e-08,4.441587e-06,3.0002095e-06,4.4071232e-05,8.5834665e-07,6.411262e-06,8.039014e-08,3.7702512e-06,6.1282293e-07,1.0036294e-06,3.3531273e-06,1.4227109e-06,2.1700016e-07,1.5358002e-05,1.909671e-05,5.6958196e-08,2.1271248e-07,8.4555353e-07,5.7582256e-05,6.536382e-08,3.1156148e-06,1.4745226e-05,6.996605e-05,5.414313e-06,5.787723e-08,9.7897415e-09,8.144864e-06,1.26684845e-05,3.3879166e-06,7.927742e-07,1.4955424e-06,9.558882e-06,2.9424416e-07,5.9724803e-06,1.5068004e-07,4.6095818e-05,2.1585454e-05,2.6914318e-05,2.921616e-07,1.170469e-06,2.709053e-06,2.2639053e-06,4.6706606e-07,4.292005e-05,4.3159635e-06,7.1860916e-07,1.0567945e-06,2.715921e-06,1.6174172e-05,0.00018971272,1.2589387e-06,2.8044595e-05,8.510249e-08,4.9694645e-06,5.667914e-06,2.787673e-08,1.4738701e-05,5.6025425e-07,4.737381e-05,3.3304361e-06,1.31740735e-05,6.041903e-07,9.586965e-06,4.2552915e-06,1.873434e-06,8.935171e-06,8.491365e-05,0.00012237606,3.6021946e-05,4.19103e-05,1.1546856e-06,1.2209559e-05,1.5972597e-06,5.0841214e-07,4.1965654e-05,2.6836756e-06,3.7453542e-08,7.2487455e-06,0.00023638316,7.33722e-06,2.3845905e-06,6.6022005e-07,2.7718474e-06,6.090714e-07,1.8978719e-05,1.12304e-07,4.053168e-05
BC2026_Train_0051_S22_20220208_231500_040,1.6898904e-08,8.7492154e-08,9.7074484e-08,9.082699e-05,3.4818316e-07,8.9786506e-10,5.865616e-08,1.777949e-07,4.9032424e-06,0.0001353733,0.6540665,3.6849021e-06,2.6043847e-09,4.7031556e-10,4.0583696e-08,0.00015010667,7.645027e-08,3.200313e-10,0.012727842,9.344759e-06,1.6929234e-06,0.007019838,1.4257824e-08,1.3545636e-07,7.449037e-07,6.492589e-10,3.1678502e-07,2.19704e-08,9.122515e-10,3.7673651e-06,4.988573e-07,5.511623e-08,2.3050275e-07,4.0680185e-08,8.378758e-08,5.9551343e-08,5.498446e-08,1.1948158e-07,7.8397704e-08,1.2367765e-07,1.6382389e-06,1.16217315e-07,7.0895277e-07,1.7340117e-08,1.9909079e-08,1.4491527e-08,1.5632232e-07,8.040023e-09,1.6963362e-08,8.5215056e-08,1.4927224e-07,1.583772e-07,1.866508e-07,4.5443878e-07,1.0576344e-06,3.01776e-08,6.6328827e-09,0.89894694,3.988497e-09,3.6173493e-08,0.9464783,7.518302e-10,0.00028370615,0.95413965,0.10858892,2.6705496e-08,9.574209e-08,1.7530893e-09,1.2583392e-09,1.3942581e-06,3.6274694e-09,6.3063204e-08,9.0661285e-07,2.97774e-07,1.8517937e-09,3.7415816e-06,2.495716e-05,6.699875e-06,2.774746e-07,1.9683212e-08,1.6668663e-06,2.6347345e-07,9.195179e-05,1.45541845e-08,1.3365435e-07,9.6092535e-06,6.5781927e-07,2.9313132e-05,6.1941532e-06,2.2475003e-06,8.1416234e-05,1.50072e-07,5.1180723e-07,7.0669466e-06,4.8097086e-06,3.6607514e-06,2.303468e-06,1.1792425e-07,1.45450595e-05,4.735557e-06,3.3870892e-06,8.6386915e-09,1.7697578e-06,8.381601e-05,3.0968542e-06,2.46018e-06,1.469138e-08,1.1776445e-07,1.9848863e-05,4.7508915e-06,4.617201e-08,7.717409e-06,4.304066e-08,7.5136386e-06,1.0971556e-05,5.671152e-07,4.188854e-07,7.780541e-08,1.7733731e-06,2.512586e-06,1.358619e-08,2.1140536e-06,4.432781e-06,5.40902e-05,1.1291702e-07,1.5256676e-06,4.997844e-07,2.819711e-07,5.4705264e-08,1.4152137e-07,1.3388461e-07,2.5183076e-06,4.7280196e-08,2.0052761e-07,8.1679286e-07,2.9722066e-06,4.880449e-07,1.8195375e-07,5.3508086e-07,8.615692e-06,1.0146718e-05,5.9110235e-08,3.1448187e-06,1.2267004e-05,3.839179e-06,1.568722e-09,1.5706122e-05,6.344082e-08,6.2344725e-07,7.4023905e-07,1.8258208e-06,1.2161445e-07,1.5102894e-06,2.5907264e-08,4.9048987e-07,1.7254806e-07,5.128651e-07,1.5662001e-06,4.9655523e-07,8.247803e-08,2.2000002e-06,2.1972004e-05,1.1468816e-08,6.976188e-08,3.984446e-08,1.09026105e-05,2.5294964e-08,7.0610594e-07,4.4706235e-07,3.453966e-06,2.6111838e-06,1.5675653e-08,3.8211763e-09,3.3762565e-06,2.8510392e-06,1.2708017e-07,1.05288386e-07,1.3066929e-06,3.3775286e-06,1.1303704e-07,1.576188e-05,1.8727729e-08,3.567105e-06,2.8171896e-06,4.169615e-05,2.2705773e-07,1.7834834e-07,1.7352098e-06,2.080917e-06,2.2367269e-07,1.6699468e-06,1.4872858e-06,1.761141e-07,2.149073e-07,4.7649164e-07,7.228119e-06,0.00010218763,1.5136618e-07,6.362298e-06,6.5079044e-09,5.688344e-07,5.955861e-07,3.3456016e-09,0.00010342283,1.5357607e-07,1.4643599e-05,1.9893496e-06,3.4647076e-06,1.4876743e-07,3.9273855e-06,5.252429e-06,4.7233465e-07,1.7581608e-07,9.36467e-06,3.2238724e-05,1.2284155e-05,1.2551492e-06,4.1783966e-07,1.4958918e-06,9.899365e-08,7.720479e-08,9.773532e-06,1.3908343e-07,5.584552e-09,6.102957e-06,2.1617778e-05,6.462708e-07,2.5427416e-06,2.886809e-08,9.438428e-07,9.489922e-08,4.8279257e-06,3.794762e-08,4.891935e-06
BC2026_Train_0051_S22_20220208_231500_045,2.9848768e-09,5.381411e-08,2.8204095e-08,0.00041714814,5.0146205e-08,2.4957603e-10,6.3342576e-10,6.450013e-08,0.002339184,0.0002028198,0.5284026,2.3773235e-07,1.3079998e-08,1.0094757e-09,9.6388115e-09,0.09148121,1.7640237e-07,1.458487e-11,0.002462528,3.015757e-06,8.049507e-07,0.0068584196,2.5481305e-07,8.0191356e-08,7.574856e-06,3.9090012e-10,1.2305621e-07,4.0375294e-09,8.4203716e-10,1.0381702e-05,1.5404392e-08,1.0045284e-08,2.4908122e-08,6.543542e-08,3.834283e-08,1.1165021e-08,1.8756255e-08,2.1188335e-08,1.8633699e-08,5.833395e-08,2.2639844e-07,9.737245e-09,8.845934e-08,1.7227234e-09,4.8065787e-09,4.3018478e-09,1.9993633e-08,1.3633245e-09,3.6948544e-09,9.666759e-09,1.3068951e-08,8.3301055e-09,1.1746054e-08,6.977839e-08,1.2873582e-07,6.6429737e-09,1.7090172e-09,0.94698167,7.237869e-10,1.3818737e-08,0.4667661,6.1661537e-10,0.0017355236,0.9585593,0.005152461,1.48234465e-08,1.0512344e-07,1.7910917e-10,1.1154053e-09,5.6324626e-07,1.7091792e-10,3.5772796e-08,5.8801668e-08,6.5179256e-07,6.866732e-09,5.8744777e-06,1.02498e-05,2.4654105e-06,9.150105e-07,4.8247497e-08,3.968371e-06,8.452349e-09,3.5562052e-06,1.2106831e-08,3.1278128e-07,4.7436384e-07,3.0470497e-07,0.00014334745,4.254399e-06,5.2500076e-07,5.204941e-05,1.05565285e-07,8.483412e-08,5.0994354e-06,4.7649983e-06,5.8778454e-07,6.3117113e-07,3.0418644e-07,1.45666445e-05,6.935874e-06,1.1688817e-06,6.3525065e-09,1.2051674e-05,0.00031928363,3.6810038e-06,7.3314385e-07,4.1029025e-09,2.0181514e-09,2.1044223e-06,2.9566772e-06,4.112652e-08,8.952783e-07,1.06958025e-08,1.4535186e-07,9.529901e-06,1.2007379e-06,1.6862286e-07,1.7727135e-08,6.487711e-07,5.4370284e-06,3.0973776e-08,9.77655e-07,8.370273e-07,7.061287e-05,1.5216048e-07,3.6966685e-07,2.2175543e-07,2.7227105e-07,4.629688e-08,7.7891535e-08,1.2111052e-07,6.540618e-06,1.0037628e-07,2.7234532e-07,1.2112633e-07,1.5132044e-07,4.726844e-07,5.2729536e-07,9.281058e-08,6.5489194e-06,1.0231909e-06,2.0406246e-07,9.625576e-07,1.8029377e-06,3.1056393e-07,6.0208916e-10,2.4975757e-06,5.178982e-09,7.381629e-07,4.926675e-07,9.893387e-07,3.4367258e-06,3.4921948e-06,5.2638724e-09,3.2347205e-07,1.206968e-07,6.404214e-08,2.3131487e-07,2.5457018e-07,3.5062552e-08,3.7625932e-07,1.6124176e-06,5.7166263e-09,3.7717652e-07,1.154777e-08,1.9941053e-05,1.498454e-08,4.2165658e-07,4.172834e-07,6.4905853e-06,4.6272743e-07,9.5821925e-08,3.1535527e-10,6.513234e-07,7.632803e-06,1.260358e-07,4.7859245e-08,5.059251e-07,2.9031597e-07,7.1071085e-08,3.379755e-06,4.774225e-09,8.508904e-06,9.557019e-07,4.0192513e-06,2.3885343e-07,8.060155e-08,3.6181198e-06,2.576294e-07,8.100658e-08,3.4752677e-06,2.5339664e-06,3.4273338e-08,1.9649138e-07,4.1040246e-07,7.1788572e-06,3.4985949e-06,8.198476e-08,4.7016406e-06,5.3033156e-09,8.6733814e-07,4.089802e-07,2.749429e-10,1.5268116e-06,2.2212984e-07,7.69832e-06,1.1247556e-06,7.3113716e-07,2.8822515e-07,1.0201508e-05,3.8213497e-07,1.0344269e-06,2.7308656e-07,1.1035249e-05,5.022671e-05,0.00010141656,8.775309e-07,1.02137996e-07,2.2523282e-06,1.739129e-08,5.7399863e-09,1.7231963e-06,4.9660205e-08,1.6078978e-08,2.551002e-07,1.3175205e-05,4.005912e-08,2.484033e-07,1.0810266e-08,4.85382e-07,1.0631591e-08,1.4796575e-06,3.2061514e-08,6.8104855e-06
BC2026_Train_0051_S22_20220208_231500_050,4.999548e-09,8.1552515e-10,7.527877e-09,3.3231147e-05,9.898416e-09,1.9932768e-10,4.2398962e-10,4.461347e-08,2.455516e-05,1.7692815e-05,0.8840673,6.27874e-08,8.845003e-09,2.9840144e-11,9.845619e-09,0.00012501929,2.683089e-08,8.335099e-12,5.632074e-05,1.2285632e-05,2.2634445e-07,9.62375e-05,7.030792e-09,1.664218e-08,1.4174871e-07,8.640083e-11,6.3463785e-09,2.0823466e-08,2.1936095e-09,3.8454814e-06,1.8728478e-08,1.6312105e-08,1.43491095e-08,6.5983463e-09,6.9949184e-09,1.505935e-08,2.348325e-08,1.0913e-08,5.9588467e-09,1.8696676e-08,1.9204917e-07,4.805965e-09,3.545956e-08,3.4229353e-09,7.997026e-10,7.4882195e-10,4.9641624e-09,4.1469436e-10,1.4476463e-09,7.2230613e-09,4.7361866e-09,4.2902615e-09,5.590947e-09,3.9222314e-08,9.118922e-08,2.742747e-09,4.221194e-09,0.6179773,1.8326957e-10,1.9237842e-09,0.16422468,1.998904e-10,0.00068463804,0.6912073,0.0015852911,4.452945e-09,1.2541915e-07,5.592757e-10,7.0934605e-11,2.6809028e-07,2.6307992e-10,1.54462e-08,3.3762524e-07,1.370095e-08,1.1682415e-09,5.8901793e-07,1.5760601e-05,4.899172e-06,1.5702307e-07,1.0542338e-08,1.047597e-06,2.642343e-08,8.275391e-06,5.3332094e-09,2.2097768e-07,2.0706586e-06,5.6265844e-08,0.000850263,5.0751e-06,1.0561065e-06,0.00010230415,1.1548304e-07,2.5115074e-07,6.4799783e-06,2.1278847e-06,2.1491654e-07,2.5726927e-06,1.3650784e-06,1.3340479e-05,1.3967162e-06,1.3805375e-06,1.2090469e-08,2.7527247e-07,6.3745014e-05,1.8448767e-07,7.960926e-07,6.6459265e-09,4.7222476e-10,4.4816725e-06,1.386775e-06,1.4146735e-08,1.630149e-06,1.659381e-08,2.5200684e-06,1.712714e-06,2.8634733e-07,3.4619646e-08,2.8257605e-09,1.2910914e-06,2.0549699e-06,3.940481e-09,2.2454e-07,1.9535178e-06,0.00014461133,2.5516997e-08,8.664749e-07,1.2998366e-07,7.9963016e-08,3.8691564e-08,7.125375e-09,1.4584697e-08,3.5239066e-06,3.5903625e-08,7.320136e-08,5.6970254e-08,2.57481e-08,1.141485e-07,9.322988e-07,5.787656e-08,5.6944946e-06,7.1284086e-07,1.0451306e-07,1.3904337e-07,4.705323e-06,1.2890965e-07,2.475436e-10,1.298908e-05,6.450686e-09,1.980959e-06,1.7569322e-07,1.1525699e-06,1.2957761e-06,3.0486271e-06,1.9190464e-08,6.3719376e-08,1.3409405e-07,1.9357908e-07,2.0727036e-06,7.8031144e-07,1.5716878e-08,1.026745e-06,3.4455275e-05,4.8565937e-08,1.9187983e-07,6.345931e-09,1.1550033e-05,2.899638e-09,1.4812598e-07,7.2645196e-07,7.5010016e-06,4.1172e-07,7.841337e-09,3.653409e-10,9.72519e-07,6.9462004e-07,2.0227885e-08,9.1917e-09,3.9053873e-07,5.889174e-07,6.8371184e-09,7.020556e-06,1.3723522e-08,1.9084193e-06,9.2659394e-07,2.2701797e-05,3.4369572e-07,5.6473883e-08,8.02566e-06,8.18339e-07,4.3284256e-08,1.1717947e-06,3.1912946e-06,6.247549e-08,1.6583928e-07,1.8545751e-06,1.743128e-05,5.173878e-05,7.082453e-08,1.917523e-06,6.1085254e-10,1.0000656e-06,4.3633193e-07,1.9963016e-10,9.548646e-05,5.9995635e-08,1.1108793e-05,7.9868414e-07,8.0076785e-07,4.9436895e-08,3.7911414e-06,3.5181881e-06,2.0386678e-07,1.639022e-07,4.8539852e-05,5.6041983e-05,1.1520146e-05,1.1438426e-06,3.0293684e-08,2.0982682e-06,1.6437722e-08,2.0036545e-08,6.7039133e-07,2.4592168e-08,1.4706379e-08,1.4794952e-06,3.3383672e-05,5.257483e-08,5.326731e-07,5.9576424e-09,3.227316e-07,8.1772676e-08,1.0893575e-06,1.9744688e-08,3.5466844e-06
BC2026_Train_0051_S22_20220208_231500_055,6.936272e-10,3.8813858e-10,2.792122e-08,4.0004594e-05,9.193086e-09,5.1828812e-11,5.6320865e-10,7.3862183e-09,6.7610745e-05,0.00021067122,0.5381877,9.844121e-08,2.037401e-09,2.2740532e-11,1.1553096e-09,0.0014898685,4.9560565e-08,5.337249e-13,0.00083923765,1.7389456e-07,5.3911506e-08,0.00011699529,7.708572e-09,4.7078963e-09,5.2221884e-07,4.7543623e-12,1.7591429e-08,2.1672004e-10,2.1604897e-10,1.8635408e-06,6.254665e-09,2.5365732e-09,6.7704162e-09,5.6681486e-09,2.5823779e-09,4.7522213e-09,3.0245983e-09,4.0922035e-09,3.5625158e-09,5.5829013e-09,5.4480665e-08,2.5936522e-09,6.758391e-09,5.660183e-10,1.836009e-10,1.4548812e-10,1.196532e-09,1.2844843e-10,3.3723802e-10,9.365677e-10,1.3803293e-09,1.0324848e-09,1.1096019e-09,1.9280389e-08,2.1290056e-08,1.0891763e-09,8.583583e-10,0.9606234,9.984473e-11,5.6692456e-11,0.18667594,5.0664518e-11,0.00032032392,0.8712097,0.0044486774,4.111283e-10,2.4089974e-09,8.318518e-12,4.2533393e-11,7.521508e-08,3.2420035e-11,1.0726747e-09,5.801604e-08,1.3609117e-08,2.3911703e-10,4.0919406e-07,1.5929911e-06,8.995807e-07,4.1245528e-07,2.2923459e-09,2.1305743e-07,1.8102293e-09,3.596285e-07,1.6492139e-09,1.4668419e-08,1.1773637e-07,2.983535e-08,0.0027230356,1.5071053e-06,2.5956558e-07,2.323168e-05,2.78987e-08,6.4708864e-08,9.5260174e-07,9.3887195e-07,3.8677914e-08,1.5067774e-07,9.5179644e-08,1.46003285e-05,2.7936455e-06,3.2773477e-07,9.322849e-10,6.688312e-07,5.3592834e-05,1.9986777e-07,3.163575e-07,4.2761586e-10,7.597105e-11,6.398456e-07,8.210555e-07,2.2306384e-08,1.2495871e-06,3.618809e-10,1.0514168e-07,2.3853542e-07,1.6860194e-07,7.518191e-09,1.1827995e-09,1.2965053e-07,7.001521e-07,3.1846034e-10,5.3772254e-08,4.063994e-07,2.0335821e-05,5.0030584e-09,1.1688889e-07,5.182968e-08,2.1986121e-08,7.4402733e-09,3.517286e-09,3.1602139e-09,1.4348104e-06,4.2036223e-09,3.4916336e-08,1.7089462e-08,1.7853907e-08,6.6897925e-08,9.017584e-08,4.4232755e-09,2.6240975e-06,1.7877989e-07,2.638259e-08,6.7141066e-08,7.9635004e-07,5.6328012e-08,1.2734745e-11,1.4673743e-06,2.2358553e-09,4.0748674e-08,4.3872234e-08,1.7478823e-07,4.608408e-07,4.4481988e-07,3.7473658e-10,4.6049674e-08,3.2999585e-09,9.278208e-08,3.844697e-07,2.5990811e-08,1.5630512e-08,3.9827288e-08,2.3577422e-06,1.3738757e-09,6.9931076e-08,1.9678061e-09,6.702093e-06,4.90835e-09,1.3123857e-08,2.6963608e-08,2.4703436e-06,9.871177e-08,2.0409372e-08,4.2961856e-11,6.5498234e-08,6.1215707e-07,1.0968697e-08,1.06949045e-08,8.840132e-08,5.1702607e-08,9.863268e-09,3.006588e-06,4.4524162e-10,2.8222965e-07,2.250423e-07,2.816542e-06,1.2597633e-07,1.7699193e-08,2.665642e-06,1.1990872e-07,1.8898676e-08,2.0397336e-07,3.4076555e-07,1.5502929e-08,3.323686e-08,1.8664457e-07,6.719359e-06,1.0647165e-06,9.464575e-09,8.652e-07,5.012397e-10,2.122946e-07,6.334312e-08,2.4281483e-11,9.304484e-06,1.3944502e-08,2.8664126e-06,1.7845265e-07,1.3588112e-07,3.1084447e-08,6.5786276e-06,5.556282e-07,7.474985e-08,1.8577628e-08,3.1155225e-06,8.191001e-06,3.2529733e-05,8.462691e-07,1.4654801e-08,2.2977979e-07,1.0740526e-09,9.953409e-10,2.7656898e-07,2.4314228e-09,8.910274e-10,1.8774605e-07,4.2636516e-06,6.103613e-09,6.4391585e-08,4.922532e-10,5.237176e-08,3.9689785e-09,1.6224051e-07,1.089592e-09,2.2756833e-06
BC2026_Train_0053_S22_20220211_204500_000,2.620289e-09,4.695604e-08,2.1543103e-09,5.5587283e-05,2.9846962e-08,1.1194008e-10,4.5266396e-10,3.6009317e-07,0.011341684,0.0002847467,0.9838352,3.785451e-08,1.568067e-06,9.405288e-11,8.073107e-09,0.003925927,1.126412e-08,2.3659089e-11,0.006119245,3.3543427e-05,1.8948238e-07,0.0014915939,2.1938995e-08,2.1416115e-07,5.266782e-07,3.6131462e-10,4.6121045e-08,1.3025153e-08,2.9903304e-09,3.9362214e-05,8.254712e-08,4.2354383e-08,2.4220932e-07,9.5293366e-08,1.0428308e-07,3.347071e-08,1.0311533e-07,1.995973e-07,8.422195e-08,1.685579e-07,2.692122e-06,7.245597e-08,3.678792e-07,7.875932e-09,7.073354e-08,7.69644e-08,5.8909376e-07,1.2154748e-08,4.631331e-08,1.3301145e-07,4.502362e-08,3.6964636e-08,5.371946e-08,4.875797e-07,1.4612648e-06,9.5530455e-09,5.7159286e-09,0.89994055,1.1178765e-08,6.0509684e-08,0.9451167,4.2753285e-09,0.0003200913,0.9220596,8.067435e-06,1.3489249e-07,6.949149e-07,1.450684e-09,3.2748113e-11,8.128982e-08,1.407562e-09,1.0356904e-08,4.0805375e-08,1.1491505e-07,6.071625e-09,3.0115106e-07,1.4388746e-05,1.9873075e-06,2.2871025e-07,1.1389509e-08,4.3777713e-06,2.2424505e-08,2.306352e-06,5.4242366e-09,1.3728396e-07,2.622401e-06,6.249098e-08,0.0002656347,8.2866865e-07,1.4346145e-07,0.00010782868,1.9113541e-07,1.1928912e-08,7.7802497e-07,2.619674e-06,1.0910284e-06,9.3624675e-07,4.398126e-06,9.160032e-06,2.0588803e-07,3.1823229e-06,1.5667972e-08,8.579505e-07,0.0010658498,5.2317873e-06,4.40358e-07,4.305386e-09,7.0697497e-09,2.6657308e-06,7.4962566e-07,1.0807236e-08,1.0683863e-06,2.177666e-07,5.6004217e-07,1.5411819e-06,4.529353e-06,1.1844039e-06,1.7375543e-08,1.4787025e-06,2.5249062e-06,1.9752845e-06,7.293307e-07,6.9934396e-07,0.0001739215,9.692315e-08,5.6557597e-06,1.5005052e-07,1.0978098e-07,2.1951557e-07,1.1634501e-08,3.9300044e-08,1.5648714e-06,1.6174054e-08,4.6965275e-07,8.907358e-07,9.7532535e-08,3.6825867e-07,2.9968302e-07,1.048375e-07,5.3499596e-05,1.3855849e-07,3.0979456e-07,1.811958e-07,2.6379225e-06,1.5522624e-05,1.8927967e-08,3.860904e-06,9.391961e-09,1.5014588e-06,3.449771e-07,8.570799e-06,2.2261645e-06,2.384652e-06,8.349085e-08,1.09701865e-07,3.6380246e-07,1.9699549e-08,3.051185e-07,8.738406e-07,1.8971404e-09,6.346925e-07,4.7551293e-06,6.3539485e-09,3.7541298e-08,7.1268156e-09,0.00023142634,1.2768255e-08,1.007592e-06,1.911175e-06,6.185346e-06,2.8590143e-06,6.5748814e-08,1.861607e-09,5.230396e-06,5.546176e-07,4.8100117e-07,1.8344986e-08,4.8228907e-07,2.8153902e-06,3.4735923e-08,4.9705736e-06,2.4747495e-08,3.790773e-06,9.131755e-07,1.3342898e-06,3.8788627e-07,1.1743002e-07,2.7202216e-06,1.8972106e-07,3.3022746e-07,2.3820759e-07,5.7820957e-06,9.378914e-08,1.3628828e-06,8.080787e-06,1.4608254e-05,7.88002e-06,4.9673e-08,8.835621e-07,1.0259145e-09,1.696759e-07,6.9419166e-08,3.5088232e-09,1.9683997e-05,9.274952e-08,6.873549e-06,6.044507e-06,1.743138e-06,1.6456158e-07,5.44625e-06,9.495957e-07,2.7410965e-07,6.8094785e-08,4.0674404e-05,0.00021943095,3.3216475e-05,4.1229802e-07,3.5320144e-07,3.4853565e-07,7.300546e-08,8.1105526e-08,2.4577523e-07,9.729248e-08,1.978695e-08,1.0554112e-07,3.6651632e-05,7.281827e-08,3.4223243e-07,4.407174e-09,1.6434137e-06,1.07520295e-08,1.1352346e-06,1.4338445e-07,7.372166e-07
BC2026_Train_0053_S22_20220211_204500_005,9.01761e-10,3.2963552e-08,6.7240835e-10,5.9241206e-06,3.76947e-08,5.531605e-11,5.8982463e-10,3.8482992e-07,0.05343903,3.7529535e-05,0.6728455,4.9827835e-09,1.9758459e-06,4.3382964e-11,5.7767133e-09,0.018480606,1.1498993e-09,2.9472532e-11,0.017763576,1.3840962e-05,5.444046e-08,0.00086559367,4.4121382e-08,2.9571286e-08,4.5972973e-07,2.4413616e-10,2.6148385e-08,1.0874954e-08,1.5939982e-08,5.48974e-06,3.4454235e-08,2.7982688e-08,7.989838e-08,2.8516752e-08,2.881039e-08,3.484322e-08,1.0098113e-08,4.571171e-08,2.5140421e-08,1.2561642e-07,5.100488e-07,3.2782285e-08,1.1713841e-07,9.334544e-09,1.087527e-07,1.320835e-07,4.775753e-07,5.6145426e-09,2.244179e-08,5.5491235e-08,2.7190488e-08,2.859262e-08,3.995778e-08,8.036009e-08,1.934659e-06,1.9024679e-08,1.10099e-09,0.79359853,2.3814234e-08,1.9065334e-07,0.97836626,1.0714929e-09,0.00039334228,0.96980584,2.425403e-05,2.561575e-07,5.31279e-07,3.998361e-09,2.119504e-12,2.2155094e-08,6.647533e-10,1.0376978e-07,3.599132e-08,3.2495245e-07,3.6507009e-09,3.0782698e-07,1.07822425e-05,2.389289e-06,1.9917098e-07,1.9381738e-09,7.751516e-06,1.1883848e-07,3.181432e-07,8.563866e-09,3.2828275e-08,4.7274835e-07,3.3381506e-09,5.6560784e-05,2.234108e-06,1.1122324e-07,5.8052454e-05,2.3069179e-08,6.980337e-09,4.2965533e-07,4.3941702e-07,3.4667175e-06,7.153715e-07,1.3741577e-06,7.0519405e-07,1.8831307e-07,7.390321e-07,4.172933e-08,1.0625104e-06,0.00017006931,4.989628e-06,6.011803e-07,2.4873075e-09,3.3032077e-09,4.2130105e-06,4.992875e-07,1.2203555e-08,1.432019e-06,6.3270434e-08,6.0688774e-07,6.759445e-07,2.4965782e-06,3.2012072e-06,3.5853123e-08,5.941621e-07,1.2601902e-06,5.564263e-07,7.416494e-07,9.693939e-07,0.0003681038,1.0348195e-08,3.3513181e-06,1.0854982e-07,3.893104e-08,1.10116936e-07,2.8667378e-08,1.03653415e-08,1.8676327e-06,5.7706346e-09,9.661138e-07,4.6732137e-07,8.611863e-08,1.0996032e-06,1.334404e-07,2.0437682e-07,1.83129e-05,4.6790912e-08,3.61639e-08,1.5158591e-07,3.2478872e-06,1.1108611e-06,1.3096204e-07,1.8150864e-06,1.3836144e-08,5.5685257e-07,5.9472563e-07,3.1475396e-05,2.059121e-06,1.4479986e-06,6.741812e-08,1.4409548e-07,5.7647406e-07,1.6562192e-08,3.0179504e-07,2.5171352e-07,2.8181388e-09,1.8968832e-07,3.8103049e-06,6.87104e-10,2.6365136e-08,1.2213964e-08,0.000112196765,4.2335224e-09,1.962945e-06,7.4324464e-07,1.0718699e-05,2.7137205e-06,1.0640719e-08,2.5548006e-09,1.9271145e-06,1.4417442e-06,2.2572989e-07,6.1509335e-09,2.4571452e-07,4.55936e-06,4.6730438e-08,2.0356422e-06,3.138321e-08,4.377951e-06,1.396077e-06,1.1764292e-06,6.8361817e-07,9.4548724e-08,2.4648318e-06,1.7176573e-07,3.1925285e-07,4.2094217e-07,3.8552416e-06,1.18335116e-07,8.6148265e-07,1.0856087e-05,2.834777e-05,2.6830543e-05,1.1556875e-07,1.0297103e-06,6.079038e-10,2.3766368e-07,1.8847152e-07,1.1660888e-09,5.4699494e-06,1.1039958e-07,1.4305818e-05,5.2066036e-07,5.986949e-07,1.4117414e-07,3.4044117e-06,6.149165e-07,2.0624647e-07,1.357314e-07,3.408724e-05,0.00016114104,7.0492774e-06,1.3595564e-07,1.4834043e-07,3.0841701e-07,7.7412835e-08,8.263833e-08,9.694004e-07,5.477506e-07,1.637726e-08,4.893265e-08,4.7997437e-05,4.649386e-08,3.5577173e-07,5.2465317e-09,1.7488625e-06,4.02525e-09,7.8840344e-07,7.0867905e-08,2.8154736e-07
BC2026_Train_0053_S22_20220211_204500_010,1.9952444e-09,2.2815598e-08,2.3380669e-09,2.7405447e-06,1.3560255e-07,1.8555124e-10,2.393534e-10,2.356213e-07,0.024204064,3.9346e-05,0.546341,1.855362e-08,3.664842e-07,7.0700654e-11,8.159082e-09,0.012361695,1.4290298e-09,3.25653e-11,0.0520987,1.888642e-05,4.6900863e-07,0.007933106,2.4426681e-08,3.7753995e-08,3.7976153e-07,2.0280673e-10,3.4397246e-08,3.2075196e-09,1.9272366e-09,8.46431e-06,2.636272e-08,1.4040499e-08,5.2569117e-08,4.615352e-08,2.5333007e-08,2.5443029e-08,3.246988e-09,2.8582804e-08,2.7503967e-08,1.545997e-07,5.277597e-07,3.5993036e-08,1.6771655e-07,4.075907e-09,9.684795e-08,1.1578022e-07,4.4407471e-07,3.1014786e-09,1.3423297e-08,4.0148535e-08,3.588617e-08,3.6707977e-08,5.4028657e-08,1.04163604e-07,1.9131135e-06,1.5688007e-08,3.5929487e-10,0.6853958,1.0021383e-08,7.869163e-08,0.97181296,9.5314e-10,0.00035472808,0.9867677,5.6997855e-05,2.2121398e-08,1.9409407e-07,2.0526834e-09,2.3248082e-11,4.752268e-08,3.6712983e-10,1.1373233e-07,8.605295e-08,9.906576e-07,2.5241793e-09,2.3028348e-07,1.11373165e-05,1.293317e-06,1.6386109e-07,1.0072625e-08,6.0976977e-06,2.086482e-07,3.624018e-06,2.3986278e-08,9.663593e-08,1.088911e-06,1.5698484e-08,5.1574538e-05,2.208101e-06,4.0350255e-07,0.00030336622,2.0400147e-08,1.31438975e-08,3.1347022e-07,4.5303196e-07,1.191519e-05,7.4894115e-07,9.8966275e-08,7.6264514e-06,9.3077966e-07,7.32188e-07,1.4840137e-08,1.8678021e-06,0.0002839394,5.396765e-06,9.592037e-07,2.8005527e-09,1.4707697e-08,6.0809034e-06,3.0457744e-07,1.5901174e-08,4.9465607e-06,8.637525e-08,4.2639059e-07,5.0140698e-06,2.4721369e-06,3.6138645e-06,1.8689619e-08,6.853212e-07,3.2339353e-06,3.0769695e-07,1.0072885e-06,7.907128e-07,0.00073348684,1.4978026e-08,1.3017962e-05,1.9676874e-07,3.2004813e-08,1.740419e-07,2.3634996e-08,2.7172495e-08,7.4437753e-07,3.519601e-09,7.9993663e-07,1.3186593e-06,5.6239032e-06,2.0313814e-06,6.476282e-08,2.0210094e-07,1.5372656e-05,2.4612237e-07,1.3309896e-08,4.3561099e-07,9.353416e-06,2.4633728e-06,2.5429694e-07,1.5486223e-06,1.739743e-08,3.3554358e-07,1.4004776e-06,5.91554e-06,1.6222784e-06,2.2779698e-06,2.4554769e-08,2.239267e-07,6.3313405e-07,4.582954e-09,3.1775386e-07,9.717935e-08,5.7817067e-09,7.484386e-08,3.9495044e-06,2.834505e-09,1.2303117e-08,2.1768512e-08,7.9204554e-05,1.09484635e-08,3.7703628e-06,1.7014614e-06,1.1983163e-05,3.2326188e-06,5.1374272e-08,2.640221e-09,7.6996236e-07,2.9201112e-06,2.914322e-07,1.7631772e-08,2.7756568e-07,5.1568695e-06,8.1926146e-08,2.1700687e-06,8.3256095e-09,3.746216e-06,1.0784573e-06,3.1954573e-06,3.473123e-07,1.3287757e-07,2.2757374e-06,2.9637246e-07,1.1981076e-07,1.7688284e-07,5.528529e-06,4.367869e-08,2.653571e-07,4.403443e-06,4.77714e-05,9.7488355e-06,2.4672037e-08,4.1391195e-06,4.1289665e-09,8.889827e-08,1.2081715e-07,2.884188e-09,4.587155e-06,1.0677624e-07,1.0677726e-05,2.9830946e-07,1.1085879e-06,1.7340686e-07,2.0293812e-06,5.5774757e-07,2.8203726e-07,7.630052e-08,3.633754e-05,1.818613e-05,6.8306367e-06,1.2542789e-07,1.6915839e-06,1.8536454e-07,1.6506833e-07,5.3749176e-08,4.2459217e-07,8.022461e-07,4.5429984e-09,5.044975e-08,1.5462316e-05,3.460684e-08,7.9610476e-07,8.482389e-09,3.0357312e-06,1.7974008e-08,1.9639488e-06,1.6373346e-07,2.607896e-07
BC2026_Train_0053_S22_20220211_204500_015,9.503313e-11,6.0569816e-09,7.996645e-10,1.6760703e-06,8.605357e-09,1.0935487e-11,2.8186361e-11,2.4797105e-08,0.008705864,2.3921319e-05,0.48771766,4.77909e-09,3.801477e-08,6.7249613e-12,1.161033e-09,0.0043637347,1.9482654e-10,1.4539062e-12,0.0038458547,3.86286e-06,2.5962173e-08,0.0029502285,2.4625342e-09,6.8723014e-09,1.4940483e-07,1.0114791e-11,1.1583242e-08,1.8895927e-09,3.5805253e-10,3.9049846e-06,7.422683e-09,3.1792704e-09,2.3951623e-08,7.904224e-09,4.812055e-09,5.504488e-09,2.0955297e-09,3.0354403e-09,7.469622e-09,2.502121e-08,9.308395e-08,6.559585e-09,2.699747e-08,8.324463e-10,1.1709034e-08,1.2716996e-08,5.1552142e-08,1.0158691e-09,1.5548556e-09,2.5246416e-09,4.5254676e-09,4.4241704e-09,7.691461e-09,3.2147486e-08,2.5469475e-07,6.083933e-10,1.4442782e-10,0.46688902,1.0936061e-09,2.95996e-09,0.9583537,6.550451e-11,0.00021463956,0.9630762,2.0072262e-05,4.194236e-09,7.419289e-08,4.1217726e-10,7.858678e-12,1.604629e-08,4.8249908e-11,4.614215e-09,7.454706e-09,1.88918e-07,8.456151e-10,3.606086e-08,1.5803759e-06,5.534056e-07,4.6697654e-08,1.1450908e-09,2.878617e-06,1.7793191e-08,7.045777e-07,3.2327876e-09,4.81472e-08,2.674182e-07,2.8211615e-09,1.153723e-05,3.23246e-07,1.8689333e-08,6.9964844e-05,3.5548662e-09,4.7832667e-09,1.7072219e-07,9.719325e-08,1.4430769e-06,1.8400974e-07,2.5990117e-08,1.3723111e-06,1.8306926e-07,2.5735537e-07,2.073436e-09,5.277149e-07,4.3001335e-05,1.5544033e-06,1.31066e-07,3.565614e-10,2.189367e-09,4.753062e-07,7.8445865e-08,2.936841e-09,9.958466e-07,9.7861195e-09,7.3742136e-08,1.5206373e-06,4.7348473e-07,3.2708905e-07,5.247512e-09,1.7334122e-07,7.1494526e-07,1.8299578e-07,1.1173419e-07,2.742396e-07,0.00022120496,2.597365e-09,4.6746845e-07,6.4215094e-08,2.0593236e-08,2.2096941e-08,5.2815423e-09,1.5950475e-08,8.823001e-08,7.6156936e-10,3.613536e-08,2.3152366e-07,2.8194046e-07,9.4114625e-07,2.8025205e-08,8.036698e-08,1.8342156e-06,2.5832264e-08,2.6905593e-09,8.827462e-08,1.2348052e-06,2.316229e-06,3.020841e-08,5.149937e-07,2.3885962e-09,1.1635438e-07,3.6540192e-07,1.047532e-06,1.1958794e-07,6.207626e-07,1.2403585e-08,4.533003e-08,1.4753161e-07,5.7162314e-10,1.16464165e-07,1.2998225e-08,1.5627075e-09,4.7000125e-08,1.4251729e-06,5.213719e-10,3.4178664e-09,1.4293814e-09,1.0604103e-05,1.1375175e-09,3.599991e-07,2.2154953e-07,3.2774615e-06,2.2229916e-07,3.710073e-09,3.1302055e-10,1.3613547e-07,3.947261e-07,1.2970413e-08,1.456037e-09,7.751405e-08,1.0239972e-06,4.9471975e-08,5.817267e-07,3.4677836e-10,2.7116923e-07,2.7759637e-07,8.5459595e-07,3.344321e-08,1.202816e-08,4.5970432e-07,1.7185553e-07,2.7428163e-08,4.8763827e-08,1.1606428e-06,8.832949e-09,7.370741e-08,2.2448419e-06,8.931899e-06,7.489719e-07,4.6496678e-09,6.424694e-07,5.2471094e-10,9.021468e-09,1.3823799e-08,1.0560964e-10,2.2952229e-06,3.5265245e-08,5.442652e-06,3.1709874e-07,4.5410863e-07,1.8192887e-08,5.1955925e-07,4.6550653e-08,6.548562e-08,2.2542393e-08,5.8476985e-06,7.3666683e-06,3.1532006e-06,1.5242302e-08,3.803806e-07,2.1368615e-08,4.30878e-08,3.6548533e-09,2.2478169e-07,8.36694e-08,2.446237e-10,5.863265e-09,7.798102e-06,1.8511487e-08,1.6495629e-07,2.9548028e-10,5.8947086e-07,1.9799211e-09,4.870601e-07,8.033863e-08,8.066323e-08
BC2026_Train_0053_S22_20220211_204500_020,1.6384595e-09,1.3311979e-08,5.2464313e-09,3.6365925e-06,1.9025593e-07,1.27944e-10,3.805812e-10,9.225164e-08,0.0041003847,0.00017035023,0.46949705,1.9881945e-08,1.8021277e-08,1.5598174e-11,1.0398863e-09,0.001648192,2.364283e-09,1.4150465e-11,0.014000269,1.7429851e-06,1.2663762e-07,0.011128392,1.6102089e-08,1.574265e-08,8.311238e-08,2.5213614e-11,5.695559e-08,7.19821e-09,4.8833865e-10,2.0158663e-05,3.557547e-08,6.4861934e-09,5.3605945e-08,1.7373853e-08,1.2704584e-08,8.200599e-09,1.0062218e-08,1.1119879e-08,2.1039652e-08,5.1818905e-08,1.5043925e-07,2.1745896e-08,8.5902904e-08,1.3447917e-09,8.656324e-09,8.6310985e-09,7.237338e-08,1.9135413e-09,3.6126935e-09,6.2311476e-09,2.5365358e-08,2.2361592e-08,3.310254e-08,7.4036976e-08,3.523822e-07,1.4596908e-09,6.282352e-10,0.47606716,1.155676e-08,9.843291e-09,0.9672089,1.2608035e-10,0.00012061192,0.9821791,8.972142e-05,3.283064e-09,4.3971763e-08,4.7158477e-10,2.1101923e-10,1.8367207e-07,1.5605205e-10,1.293775e-08,1.3345308e-08,3.356844e-07,2.7023526e-09,2.0430451e-07,3.633639e-06,1.0262517e-06,5.927664e-08,8.895641e-09,1.2925462e-06,7.332377e-08,1.6129576e-06,1.70805e-08,1.1387721e-07,1.3150125e-06,2.0698058e-08,1.9506844e-05,1.3696947e-06,1.3364429e-07,0.00031385393,7.1357515e-09,5.663343e-08,1.4868122e-06,3.619686e-07,8.307312e-06,4.694803e-07,3.075467e-08,3.1672237e-06,5.090458e-07,1.2302879e-06,3.140038e-09,3.837638e-06,0.00021593232,3.9937927e-06,4.6927752e-07,2.1186506e-09,1.2894933e-08,4.1952185e-07,3.6305e-07,1.0004538e-08,4.43104e-06,1.4844723e-08,1.9466353e-07,8.441086e-06,8.591296e-07,5.435222e-07,1.1810755e-08,4.6901e-07,8.288132e-07,2.9679248e-07,6.52188e-07,3.612124e-07,0.0001421598,1.2061425e-08,6.473509e-07,2.558594e-07,3.0987128e-08,1.6985027e-07,4.1552294e-08,6.3586796e-08,1.3155149e-07,3.9893036e-09,8.1425135e-08,1.1324015e-06,1.0088987e-05,4.6425507e-06,4.9757006e-08,1.8705691e-07,1.3325882e-05,6.085662e-07,4.027638e-09,2.2714802e-07,4.7382314e-06,1.921857e-05,1.1313989e-08,9.5113836e-07,4.4713815e-08,3.6691603e-07,1.0087804e-06,1.2761835e-06,1.6286229e-07,8.551177e-07,2.2103261e-08,1.5075737e-07,2.1284724e-07,3.7750953e-09,2.3893065e-07,3.3233242e-08,1.886108e-08,1.0731996e-07,3.6013373e-06,3.5454266e-09,7.215888e-09,1.123839e-08,4.166272e-05,2.4566244e-08,1.5553996e-06,2.3670034e-07,5.406764e-06,1.1086789e-06,1.1685273e-08,4.9728305e-10,2.1711939e-07,8.902397e-07,1.2395549e-07,3.4072713e-08,1.5036623e-07,1.2696416e-06,3.8844266e-07,1.6164823e-06,6.40135e-10,2.5468378e-07,5.145975e-07,7.1447685e-06,1.0502142e-07,5.855377e-08,3.521672e-07,6.365378e-07,9.745647e-08,6.4651005e-08,9.261938e-07,8.845374e-09,8.002267e-08,2.971838e-06,4.2452943e-05,1.2771577e-06,1.2156117e-08,1.8767547e-06,4.5957953e-09,1.514158e-08,5.6400687e-08,1.2898591e-09,8.230136e-06,7.270502e-08,5.3819426e-06,8.93753e-07,2.3328175e-06,1.2810986e-07,1.0690437e-06,1.4241265e-07,3.9946887e-08,6.5090994e-08,8.631169e-06,6.2340837e-06,8.448382e-06,8.0777e-08,1.17920745e-05,3.3703902e-08,6.9135076e-08,9.388664e-09,2.5344036e-07,4.0264152e-07,2.3921146e-10,1.2580015e-08,1.110014e-05,8.323899e-08,2.2550964e-06,7.7567963e-10,1.0003937e-06,2.5826846e-08,1.9255988e-06,7.6497386e-08,1.8417214e-07
BC2026_Train_0053_S22_20220211_204500_025,7.698193e-10,9.8809485e-09,2.6633453e-09,2.8724576e-06,3.2944325e-07,3.5291766e-11,1.5813384e-10,6.5509354e-08,0.07008273,0.0001319038,0.21673906,9.7048165e-09,4.8891884e-08,2.9533924e-11,1.5011996e-09,0.019316752,4.4404267e-09,1.1525529e-11,0.09805385,5.7577404e-07,3.8466115e-07,0.041852854,2.0311122e-08,4.226932e-08,2.828885e-07,9.004349e-12,8.798248e-08,5.079023e-10,4.9098618e-11,9.726481e-07,3.363884e-08,4.4305284e-09,7.669315e-08,4.5311097e-08,2.9289328e-08,1.1680572e-08,1.7379156e-08,4.7596245e-08,3.845261e-08,2.5619858e-07,8.768015e-07,4.1788983e-08,2.5881442e-07,7.443265e-10,2.1409656e-08,1.9661487e-08,5.8090734e-07,2.2412907e-09,1.3597934e-08,4.3081805e-08,6.9007015e-08,5.553919e-08,7.7188005e-08,1.238071e-07,1.3265122e-06,3.555271e-10,2.2958146e-10,0.8756808,1.2008828e-09,1.47156936e-08,0.9525647,4.350546e-10,2.7780035e-05,0.9886573,0.00016167092,2.879351e-09,1.460699e-07,7.933381e-11,5.3198237e-11,1.18897326e-07,7.686863e-11,4.684518e-09,1.6913255e-08,8.323301e-07,1.2403035e-09,1.1003485e-07,1.9564861e-06,5.2037694e-07,9.0118576e-08,6.5659185e-09,1.8740577e-06,6.022172e-08,1.5968986e-06,2.2239771e-08,1.12375574e-07,3.0283496e-07,2.7308507e-09,3.4431625e-05,6.3695796e-07,3.6807464e-08,4.6223653e-05,5.589998e-09,2.0358947e-08,4.6946863e-07,1.3224357e-07,1.7762505e-06,6.979115e-07,1.6579531e-07,7.92264e-06,1.3395427e-06,2.2062086e-06,2.7173428e-08,7.789664e-07,0.00024769767,2.1462702e-06,5.51582e-07,4.1928183e-10,1.6019316e-08,1.6357787e-06,3.211685e-07,1.4343226e-08,1.835675e-06,8.887331e-09,5.945022e-08,5.707369e-06,1.5540637e-06,2.569581e-07,1.7415623e-08,2.1417526e-07,1.6273437e-06,1.0433262e-07,4.964444e-07,3.432048e-07,0.0009790256,2.915015e-09,1.5890098e-06,5.672348e-08,1.76109e-08,5.280306e-08,3.570388e-08,1.8719943e-08,1.3154572e-07,1.533751e-09,3.088482e-07,7.0332567e-07,1.5335712e-05,3.0074395e-06,2.8374874e-08,6.552797e-08,2.213675e-05,9.873757e-08,1.389329e-08,2.6182727e-07,7.096872e-06,3.7316713e-06,1.8709093e-08,7.416119e-07,1.8045114e-08,2.4216843e-07,6.9702685e-07,1.8453377e-06,6.79824e-07,2.844771e-07,5.1274696e-09,1.17229504e-07,1.7126571e-07,2.2653888e-09,4.905788e-07,1.0407499e-08,2.0875522e-08,4.3774268e-08,1.1497879e-06,5.1806204e-10,6.238282e-09,6.614122e-09,2.8623766e-05,1.1916926e-08,2.0082362e-06,1.2567434e-06,7.4125164e-06,2.375296e-06,8.628613e-09,4.5365886e-10,1.4599384e-07,3.879055e-06,5.2021767e-07,4.029092e-08,1.0110432e-07,6.083236e-07,1.2906331e-07,1.0493948e-06,5.315222e-10,3.0200636e-07,3.3458176e-07,3.730266e-06,2.20843e-08,1.7867158e-08,2.6724072e-07,1.2011394e-07,2.6386818e-08,8.0737564e-08,8.9057176e-07,6.11452e-09,6.9306054e-08,3.993957e-06,1.5742591e-05,5.2725966e-07,6.8371833e-09,1.5722325e-06,1.1166809e-08,3.6399448e-09,1.9148206e-07,5.462451e-10,1.6422671e-06,1.0727943e-07,6.128918e-06,1.7633107e-07,5.1047454e-07,9.641813e-08,1.1041975e-06,2.720084e-07,5.6808357e-08,3.681954e-08,8.569589e-06,1.0416107e-06,8.770927e-06,1.2587725e-07,1.36708695e-05,6.9051914e-08,2.8712066e-07,8.2390725e-09,1.923342e-07,4.126906e-07,5.213371e-10,2.0334718e-09,1.5648457e-05,4.72445e-08,1.7199029e-06,1.2026478e-09,2.1618498e-06,1.236697e-08,8.514533e-07,4.0665594e-08,9.042506e-08
BC2026_Train_0053_S22_20220211_204500_030,8.182319e-09,4.3005535e-08,1.5107135e-08,2.940915e-06,5.4115696e-07,2.2270821e-10,3.6622503e-09,2.0970148e-07,0.0013995664,0.00020591509,0.4357343,8.5647194e-08,5.384615e-07,1.5762856e-10,3.7797438e-08,0.008165774,9.956623e-09,1.0561326e-10,0.13777898,4.950265e-06,8.677624e-07,0.038468257,2.5592254e-08,1.3940372e-07,2.2926254e-07,5.80732e-11,4.779161e-07,6.2429724e-09,8.859283e-10,1.5354474e-06,2.2523017e-07,1.7788066e-08,2.5299215e-07,9.068864e-08,9.878241e-08,4.612861e-08,4.3002505e-08,5.8664774e-08,2.0632577e-07,4.7238603e-07,1.6478584e-06,2.2520331e-07,7.9996175e-07,4.32377e-09,8.001016e-08,7.905238e-08,6.8424043e-07,6.603924e-09,2.1309638e-08,4.937903e-08,1.9194847e-07,2.059485e-07,2.6795863e-07,6.8821146e-07,2.154272e-06,2.9298212e-08,6.938471e-09,0.8408675,8.3125355e-09,8.362441e-08,0.96832037,2.2229496e-09,1.8238548e-05,0.93161005,0.00024951735,1.7554157e-08,5.3898555e-07,9.727829e-10,3.74141e-10,3.925413e-07,2.1773567e-09,3.678339e-08,1.9821519e-07,3.7490859e-06,4.0946393e-09,7.527024e-07,2.1172445e-05,2.6761898e-06,1.10167356e-07,1.1127879e-08,7.842618e-06,5.265627e-07,1.0542041e-05,7.8824876e-08,2.2063634e-07,2.2942077e-06,3.3530775e-08,0.00012336268,7.695096e-06,1.7873863e-07,6.954903e-05,4.8910632e-08,7.493113e-08,1.619689e-06,2.7657532e-07,3.131068e-06,2.5415466e-06,1.7586605e-07,1.1803404e-05,4.118848e-06,3.989267e-06,6.6687726e-08,9.653535e-06,0.00015617063,2.7806534e-06,2.779309e-06,3.8297423e-09,1.6056137e-07,4.8624e-06,1.0592292e-06,1.2265434e-07,1.0775192e-05,7.436432e-08,8.470233e-07,1.7556771e-05,2.8291379e-06,1.476652e-06,3.872457e-08,8.919683e-07,2.4485025e-06,2.4504502e-07,1.1910118e-06,3.874703e-06,0.0015146313,2.4639071e-08,3.2549074e-06,5.2083965e-07,1.470512e-07,2.4555618e-07,2.1740284e-07,2.4246884e-07,1.0046397e-06,2.6869134e-09,3.4569968e-07,2.0489604e-06,2.0387144e-05,4.9371065e-06,1.6446978e-07,7.6202696e-07,2.026777e-05,1.0122266e-06,1.9518751e-08,1.3235831e-06,2.548375e-05,1.4472598e-05,2.511114e-08,7.680236e-06,1.9395789e-07,2.3319114e-07,4.265917e-06,1.9651345e-06,1.3829648e-06,2.761665e-06,1.749583e-08,5.636621e-07,7.2112323e-07,1.6330565e-08,1.0659204e-06,1.2640005e-07,2.8849705e-08,2.949533e-07,8.618996e-06,5.216258e-09,1.3967447e-08,2.8118905e-08,0.00010934611,2.4378416e-08,1.3328996e-05,6.705002e-06,4.513386e-05,3.485231e-06,4.1099224e-08,3.1730365e-09,4.706661e-07,3.3585682e-06,1.2380514e-06,3.4181267e-07,4.546013e-07,3.4887328e-06,3.7253596e-07,4.1054636e-06,3.5007879e-09,1.0262752e-06,2.1935641e-06,3.1343334e-05,3.7239705e-08,1.3633401e-07,2.4966184e-06,1.0477348e-06,1.1871094e-07,8.0585704e-07,3.9740476e-06,3.3678578e-08,2.8523502e-07,8.787958e-06,5.9888265e-05,4.3206583e-06,5.8980486e-08,3.6782383e-06,3.2670865e-08,4.0211074e-08,9.227264e-07,4.3523407e-09,2.3978122e-05,4.2262434e-07,1.1742585e-05,8.8778785e-07,1.1991873e-06,6.965132e-07,3.6697975e-06,2.2512975e-06,6.931582e-07,7.180948e-08,5.719812e-05,6.1196606e-06,8.179706e-06,7.6390495e-07,1.2607079e-05,6.188056e-07,5.617207e-07,3.6360536e-08,9.712169e-07,1.0732001e-06,1.7083459e-09,1.0077087e-07,7.217432e-05,2.7029782e-07,2.0083223e-06,5.4801004e-09,4.700896e-06,1.07275554e-07,4.8717343e-06,6.8240276e-08,1.0805555e-06
BC2026_Train_0053_S22_20220211_204500_035,2.2262083e-09,4.7210613e-09,1.8655668e-09,8.89393e-06,1.324814e-07,4.1981776e-11,4.5292134e-10,9.325045e-08,0.0009398051,0.00015930802,0.7629368,2.5197645e-08,5.5980774e-08,2.1782975e-11,3.654707e-09,0.005472092,2.9565928e-08,7.631929e-12,0.008942619,5.8135843e-06,6.659887e-07,0.013117425,2.9337635e-08,6.979422e-08,8.0564504e-08,1.7142355e-11,1.0558864e-07,6.7821737e-10,5.6094636e-11,5.4848474e-06,7.269504e-08,2.5823925e-09,8.840723e-08,3.068945e-08,3.07233e-08,4.3130375e-09,1.4776163e-08,9.107777e-09,4.316817e-08,5.0198736e-08,2.6080676e-07,3.9840586e-08,3.2284424e-07,3.7274064e-10,8.989108e-09,9.378731e-09,6.198883e-08,2.4706546e-09,2.9687066e-09,3.6123764e-09,4.833647e-08,3.9319918e-08,5.7968045e-08,2.3107125e-07,1.3950267e-07,2.6729026e-09,2.3957003e-09,0.77766335,1.9801099e-09,1.34878695e-08,0.9503563,4.2056575e-10,5.4495344e-05,0.952402,9.303497e-05,8.830624e-09,3.4754414e-08,3.8468492e-10,3.7737904e-10,1.3147624e-07,1.4385952e-10,5.127254e-09,2.4679288e-08,4.5762707e-07,1.8229452e-09,8.345127e-07,7.622314e-06,1.474305e-06,9.6435606e-08,7.624637e-09,1.5156858e-06,1.288707e-07,4.571774e-06,2.6948697e-08,9.9082996e-08,8.1325635e-07,1.0235348e-07,0.00025364777,3.3184965e-06,1.0625046e-07,6.611888e-05,4.046289e-08,5.4943786e-08,1.9856802e-06,2.2251807e-07,2.3025318e-07,6.9098814e-07,2.2731374e-08,1.6582868e-05,8.995463e-07,2.6315454e-06,8.23436e-09,1.1840947e-05,0.0005258532,8.279346e-06,2.7945998e-06,1.318092e-09,3.687246e-08,5.8222565e-07,1.2878363e-06,2.0096136e-08,6.356451e-06,3.5751512e-08,3.371577e-07,2.3012039e-05,1.5515701e-06,1.686404e-07,1.2565074e-08,6.923694e-07,1.164348e-06,1.1835509e-07,1.078841e-06,1.1165754e-06,0.00018880035,2.4873467e-08,4.3939482e-07,1.828067e-07,1.0070727e-07,1.5900466e-07,6.184864e-08,3.500282e-08,4.440806e-07,1.2343585e-09,2.0818389e-07,8.1318035e-07,3.907261e-06,7.209004e-07,1.998857e-07,3.4558332e-07,3.0739608e-05,1.4808745e-06,8.1634255e-09,4.8507707e-07,6.8766367e-06,8.669637e-06,3.460042e-09,3.3618014e-06,3.7183202e-08,2.21711e-07,1.0985592e-06,5.6893697e-07,2.5443038e-07,1.7415146e-06,1.6040811e-08,1.5054158e-07,4.6074058e-07,4.454619e-09,4.1207235e-07,3.024271e-08,7.750057e-09,1.9805704e-07,1.0816298e-06,4.1791597e-09,1.7970578e-08,1.0149437e-08,0.00013312264,2.2849306e-08,1.2440341e-06,2.854116e-06,1.096143e-05,7.7500727e-07,1.342678e-08,3.2538558e-10,4.4526973e-07,4.7324951e-07,5.4618886e-07,5.996474e-08,3.9064489e-07,1.8904626e-06,9.89308e-08,2.1479307e-06,1.4054506e-09,8.5434414e-07,1.0566627e-06,2.4316816e-05,1.8556735e-08,1.063129e-07,9.650144e-07,3.5411983e-07,1.1910058e-07,4.6006704e-07,5.192041e-07,6.6798704e-09,1.9030003e-07,3.1888876e-06,2.1732996e-05,1.2476805e-06,1.568639e-08,8.014271e-07,4.410184e-09,4.828202e-08,8.801151e-08,6.338778e-10,5.8702217e-06,2.511086e-07,4.5627576e-06,5.2606975e-07,5.2139035e-07,1.6717298e-07,2.4325223e-06,5.965712e-07,1.6080901e-07,6.318252e-08,2.8776902e-05,1.1905909e-05,1.1140961e-05,3.1963032e-07,8.097798e-07,3.1035017e-07,8.143057e-08,2.5518604e-08,7.187059e-07,1.8935503e-07,1.6612256e-10,2.1215591e-08,3.981331e-05,1.210373e-07,3.0831615e-07,6.5367745e-10,1.2567709e-06,3.680929e-08,1.2406338e-06,5.2103935e-08,1.5568245e-06
BC2026_Train_0053_S22_20220211_204500_040,4.884404e-09,6.073747e-08,4.3245207e-09,6.1843915e-05,4.7866735e-07,1.4591305e-10,1.9951494e-09,2.3441721e-08,0.0017594887,0.00015331982,0.25028548,9.908224e-08,1.14934124e-07,3.2193104e-10,2.7658952e-08,0.009652833,1.0643013e-08,5.211589e-11,0.021662697,3.403045e-06,3.2240443e-06,0.27096993,3.1177194e-08,1.6557095e-07,2.7605643e-07,1.1638617e-10,1.326326e-07,2.4442328e-09,2.269929e-10,1.7892927e-06,1.4022882e-07,1.1195621e-08,1.4799946e-07,1.5105009e-07,1.2295017e-07,2.5710508e-08,6.2855456e-08,5.2654215e-08,1.4818377e-07,3.744348e-07,8.743591e-07,1.2154175e-07,7.7542575e-07,1.6455187e-09,1.2965991e-07,1.522319e-07,5.6946567e-07,5.9228475e-09,1.2113252e-08,2.988678e-08,1.5505803e-07,1.5409526e-07,1.9624588e-07,5.149514e-07,1.5076487e-06,6.559485e-09,2.388127e-09,0.7722244,2.3661957e-09,5.7054752e-08,0.97472376,1.3848809e-09,4.3116637e-05,0.9720239,0.00052184815,1.9582929e-08,4.6199236e-07,1.4517137e-09,1.0481781e-09,1.4151841e-07,9.138433e-10,1.8614127e-08,1.2797749e-07,1.0340952e-05,2.3913356e-09,1.1645056e-06,5.1689126e-06,6.32479e-06,9.214489e-08,7.992673e-08,5.5120195e-06,2.4839952e-07,8.446642e-06,1.0564646e-07,3.253028e-07,7.2252885e-07,7.3616924e-08,8.937098e-05,6.220615e-06,2.9935595e-07,8.514961e-05,7.5644245e-08,1.2791477e-07,5.180199e-06,3.5011942e-07,1.5757512e-06,1.1739993e-06,4.146987e-08,1.0644104e-05,3.3291278e-06,6.0553944e-06,3.912436e-08,1.673187e-05,0.0008680517,4.3845275e-06,2.0558186e-06,4.1830037e-09,1.7874852e-07,7.3179285e-07,1.9174204e-06,4.2700955e-07,8.4703815e-06,1.04178106e-07,8.034091e-07,5.028527e-05,4.3040804e-06,7.2624067e-07,3.0540953e-08,1.5825251e-06,3.2556866e-06,7.083816e-07,2.9347373e-06,1.6807586e-06,0.0010113771,8.022103e-08,1.5021362e-06,2.0301833e-07,4.6381115e-07,4.2178405e-07,2.719394e-07,3.1994685e-07,7.31179e-07,2.2660856e-08,3.6366822e-07,1.0121021e-06,3.7421491e-06,6.0816633e-06,5.080055e-07,1.112008e-06,1.5879623e-05,8.6418083e-07,5.769801e-08,2.2583226e-06,6.8578347e-06,2.2067452e-06,1.1966673e-08,3.2746218e-06,6.0267794e-08,2.0776281e-07,2.596228e-06,1.2398332e-06,2.3501254e-06,2.7951726e-06,1.998578e-08,3.3737254e-07,6.572179e-07,1.630607e-08,1.0032303e-06,7.845125e-08,4.6617647e-08,1.4788618e-06,5.430364e-06,2.0707102e-08,3.97104e-08,2.8154057e-08,4.5780318e-05,1.4400491e-08,8.945351e-06,1.8130122e-06,1.9205561e-05,7.2079797e-07,2.4301008e-07,2.8184506e-09,7.3224527e-07,2.6631542e-06,3.412127e-07,2.4678727e-07,3.2813339e-06,1.0784074e-05,7.196949e-07,3.5355572e-06,1.956388e-09,6.49706e-07,8.4433196e-07,1.8432798e-05,1.9949791e-08,2.3479136e-07,2.8770746e-06,4.025501e-07,1.9028768e-07,2.9967923e-06,2.4592603e-06,4.6965713e-08,4.6338627e-07,6.3249468e-06,2.3842085e-05,1.3882953e-06,6.295096e-08,3.1193458e-06,3.0857436e-08,7.181112e-08,8.3816666e-08,2.5192637e-09,2.4205689e-05,9.0809687e-07,8.453508e-06,2.333868e-06,4.924688e-07,5.563876e-07,6.669461e-06,1.4497106e-06,1.3516025e-06,2.0385512e-07,5.0100512e-05,8.426343e-06,6.3421656e-05,4.433046e-07,1.5075629e-05,4.745697e-07,6.0498655e-07,2.0995033e-08,2.5553002e-06,1.7220859e-07,1.4717706e-09,2.8964498e-08,8.301516e-05,6.719858e-07,1.3580071e-06,5.4827036e-09,7.3041624e-06,2.758609e-07,1.8379382e-06,1.7843956e-07,2.573895e-06
BC2026_Train_0053_S22_20220211_204500_045,1.0307911e-08,3.391108e-08,6.6804695e-09,2.8721846e-05,7.672796e-07,6.923935e-11,1.7043524e-09,1.09686596e-07,0.0011008495,6.390752e-05,0.69236815,6.873379e-08,7.49237e-08,6.22823e-11,7.3678423e-09,0.0017154466,5.0945612e-08,4.1962406e-11,0.0036789146,2.7710395e-05,2.1339285e-06,0.010824287,3.739929e-08,1.061255e-07,8.374093e-08,5.544756e-11,5.628946e-08,5.144201e-09,3.3092534e-10,1.9794745e-06,2.1114472e-07,1.0997459e-08,3.271939e-07,1.0241851e-07,1.0383749e-07,2.6505255e-08,1.2875152e-07,6.279627e-08,2.0037105e-07,3.1613314e-07,7.933497e-07,1.3805082e-07,6.723698e-07,2.21384e-09,5.162968e-08,7.560732e-08,3.3880215e-07,1.0936233e-08,2.0172712e-08,2.1812319e-08,1.5186633e-07,1.3258328e-07,2.0037984e-07,6.386355e-07,8.438176e-07,7.099491e-09,7.684818e-09,0.7224083,3.0676732e-09,1.914765e-08,0.9703546,1.1553074e-09,0.0001304766,0.98627985,0.0006319086,2.9392805e-08,2.202033e-07,5.652718e-10,6.5631606e-10,3.4332555e-07,1.4645515e-09,6.960717e-08,1.5996332e-07,3.880983e-07,1.13433964e-08,5.487361e-07,1.3076879e-05,4.9896994e-06,1.496521e-07,1.515276e-08,2.1926794e-06,8.5584384e-07,1.0776506e-05,5.297646e-08,3.5060157e-07,3.3934198e-06,1.08767026e-07,0.0003282439,2.7205845e-06,3.0291008e-07,0.00015199809,7.542655e-08,1.6087205e-07,4.94341e-06,2.9218444e-07,1.8248564e-06,1.9881072e-06,2.3233122e-07,8.3733685e-06,1.1557541e-06,1.4451055e-05,5.974008e-08,5.6909553e-06,0.0006256805,2.5162237e-06,1.4886182e-06,6.824454e-09,1.0482711e-07,3.05985e-06,1.2260094e-06,9.1630326e-08,6.248208e-06,1.2219246e-07,3.6734425e-06,4.470217e-05,1.3804677e-06,4.8911426e-07,2.427078e-08,8.472418e-06,2.007315e-06,1.9587624e-07,4.8740535e-06,2.8680067e-06,0.00053983787,2.1406718e-08,1.8920894e-06,3.7210953e-07,3.1704073e-07,2.9810727e-07,1.0672575e-07,3.1252128e-07,1.5595349e-06,9.6503445e-09,2.8012414e-07,7.2133093e-07,9.132991e-06,4.1677336e-06,5.1124135e-07,2.9899127e-06,2.1479067e-05,2.2310207e-06,5.4776788e-08,3.7105249e-06,2.2095453e-05,7.2687862e-06,1.1784675e-08,1.1890342e-05,4.2428447e-08,8.5907874e-07,2.3842128e-06,1.0256164e-05,7.8606627e-07,4.122597e-06,2.0804887e-08,3.3620694e-07,1.0349677e-06,4.2111925e-08,6.3539e-06,4.5137206e-08,2.2740654e-08,2.0990708e-06,1.0253621e-05,1.0999934e-08,5.4525568e-08,3.07301e-08,2.972055e-05,1.9102893e-08,4.708587e-06,3.7478528e-06,5.7453963e-05,1.232202e-06,1.6599571e-08,3.5710197e-09,2.5708507e-06,2.7670826e-06,2.990609e-07,1.17745685e-07,1.0653116e-06,4.5381476e-06,1.1519089e-07,1.1156451e-05,4.767937e-09,1.4723308e-06,3.3742995e-06,1.2433507e-05,2.4571682e-08,2.619389e-07,1.7179553e-06,1.111496e-06,2.0021423e-07,4.981816e-06,3.2289831e-06,3.4118365e-08,3.1553435e-07,2.2461397e-06,5.439757e-05,8.829482e-06,9.533791e-08,1.7824564e-06,1.15010605e-08,1.5545542e-07,5.240718e-07,3.5137924e-09,1.5757687e-05,4.6451808e-07,2.1720896e-05,1.0911501e-06,1.4951715e-06,4.3858807e-07,3.863932e-06,1.8716856e-06,1.4849655e-07,4.5665348e-07,4.992015e-05,1.9348585e-05,4.757323e-05,3.856893e-07,7.2120347e-06,1.1924325e-06,4.6877923e-07,7.7715086e-08,3.3894933e-06,3.0997273e-07,9.323916e-10,1.3476686e-07,8.37398e-05,7.9109446e-07,8.37366e-07,7.401322e-09,3.0273354e-06,8.64613e-08,2.3623697e-06,2.002784e-07,2.4191343e-06
BC2026_Train_0053_S22_20220211_204500_050,4.3682277e-08,4.7092374e-08,5.137112e-09,3.439375e-05,1.7762897e-06,3.3053363e-10,7.617103e-10,2.9197022e-07,0.00076674134,0.00011800919,0.8191719,3.558117e-08,2.3867576e-08,1.9164806e-10,5.1026987e-09,0.0007089538,4.2733983e-08,2.5568356e-11,0.0019415711,1.6443795e-06,1.5916457e-06,0.0063419766,2.98078e-07,7.2637994e-07,8.1102803e-07,2.4001584e-10,5.525998e-07,2.4063626e-08,2.1848937e-10,5.069832e-06,4.6431123e-07,1.1364209e-08,7.6656505e-07,2.6432235e-07,2.570485e-07,2.5831033e-08,2.9428543e-07,1.9891795e-07,3.7392454e-07,3.870748e-07,3.7550299e-06,3.1340593e-07,2.3403004e-06,1.7654984e-09,9.025947e-08,1.17382314e-07,7.705266e-07,3.0748915e-08,4.576344e-08,7.272749e-08,2.8279192e-07,2.2433002e-07,3.05794e-07,2.4020785e-06,9.0906127e-07,2.8089784e-09,1.2935035e-08,0.3782666,4.0601256e-09,2.0472259e-08,0.7422063,5.698305e-09,2.8514842e-05,0.87772816,4.1304702e-05,1.0720867e-07,1.1028441e-06,3.2894307e-10,6.832122e-10,5.7457333e-07,3.137996e-09,1.9486055e-08,4.5496085e-07,9.824366e-07,3.2077047e-08,1.8468199e-06,1.3638822e-05,8.901473e-06,1.7820537e-07,1.5480256e-07,2.5191555e-06,1.1294733e-06,0.000110659385,1.270357e-07,2.8592215e-06,4.5045194e-06,1.08602634e-07,0.00074661785,5.2729765e-06,3.2818642e-07,0.00014945898,1.5554158e-07,2.9847735e-07,3.318591e-06,1.8011075e-06,2.8025586e-06,5.7152015e-06,4.399529e-07,1.570413e-05,1.6984118e-06,4.9696573e-05,1.0503125e-07,8.1012195e-06,0.0020213,5.1583106e-06,1.0565225e-06,1.0196179e-08,3.4299995e-07,4.530684e-06,3.7401296e-06,1.3251476e-07,1.124022e-05,1.1543596e-06,3.0389724e-06,7.0909504e-05,6.030763e-06,1.7327526e-06,6.772964e-08,1.1474063e-05,1.0135953e-05,1.1464496e-06,1.1215476e-05,4.525912e-06,0.0013328755,1.6905793e-07,3.5227106e-06,4.896958e-07,9.012035e-07,9.594058e-07,1.0212688e-07,3.7592716e-07,1.7286542e-06,2.3075385e-08,7.580224e-07,9.056692e-06,3.2643442e-05,1.6333079e-06,1.1466988e-06,2.813962e-06,4.8189646e-05,2.8611335e-06,5.0829723e-08,3.6302474e-06,9.8192904e-05,1.5767006e-05,1.8706702e-08,0.00010305219,4.3552953e-07,2.1829878e-06,7.2502185e-06,1.1267674e-05,1.78135e-06,1.02918e-05,1.9835514e-07,1.0448183e-06,4.2281245e-06,5.4849124e-08,1.0192785e-05,1.1585876e-07,8.306262e-08,1.9357533e-06,1.13706865e-05,4.5825892e-08,1.9624159e-07,5.1951506e-08,5.09023e-05,8.7559435e-08,3.7028247e-05,2.753107e-05,7.647714e-05,6.1623246e-06,8.8681325e-08,1.8684627e-08,5.3916774e-06,4.4128597e-06,1.240706e-06,2.5931618e-07,2.5926083e-06,2.7372738e-05,1.8031236e-07,1.8825138e-05,1.24086e-08,2.732796e-06,4.5256834e-06,3.531935e-05,5.519156e-08,3.7600356e-07,7.2148764e-06,1.8426242e-06,4.7384927e-07,3.3661584e-06,1.7285985e-05,4.9296595e-08,9.678143e-07,1.6350721e-05,7.193911e-05,4.7810577e-06,5.5349216e-07,1.0317272e-05,3.5656445e-08,1.8368942e-07,7.358077e-07,1.2047124e-08,4.086495e-05,2.1619755e-06,2.742361e-05,3.884145e-06,1.6282767e-06,2.1565843e-06,9.599672e-06,2.2043894e-06,4.0938608e-07,3.4708944e-07,7.023457e-05,2.4403187e-05,8.123987e-05,8.43051e-07,1.891286e-05,9.93101e-07,2.1076762e-06,1.97151e-07,3.3078074e-06,1.0087131e-06,5.841865e-09,6.846647e-08,7.8858866e-05,1.8092813e-06,1.0073076e-05,1.2357208e-08,1.09621315e-05,2.3812288e-07,6.9367206e-06,1.1389128e-06,3.5027347e-06
BC2026_Train_0053_S22_20220211_204500_055,1.1897139e-07,1.16560834e-07,3.3270723e-08,0.00025706156,3.607569e-07,3.845971e-09,1.4601315e-08,9.888737e-07,0.004045969,0.000636698,0.69843745,3.1162904e-07,2.809784e-07,7.631849e-10,7.419884e-08,0.005209647,5.224729e-07,3.7636907e-10,0.0026120995,0.00010882299,1.2323288e-06,0.002952026,1.7077053e-06,2.9286178e-07,4.882074e-07,1.3450329e-09,2.954544e-07,7.335901e-08,1.0886331e-07,0.00035432112,3.4462857e-07,1.9678262e-07,1.2007505e-06,3.1744912e-07,3.2466437e-07,1.8664848e-07,4.5420956e-07,1.8169814e-07,3.8589607e-07,4.1384737e-07,9.3331295e-07,3.7922482e-07,7.9247025e-07,4.8056823e-08,2.4212318e-07,2.8563954e-07,5.9811396e-07,1.15268925e-07,1.2377144e-07,6.914536e-08,2.5434036e-07,1.7383604e-07,2.894664e-07,8.995755e-07,1.6274538e-06,1.02177346e-07,3.8943444e-08,0.6936119,9.9151436e-08,4.4294666e-07,0.9478095,1.115925e-08,0.0024057843,0.9302033,0.0001146174,5.1457047e-08,8.970286e-07,2.4499519e-08,1.3726716e-08,9.5101774e-07,5.572199e-09,5.5155045e-08,9.2971686e-07,4.4609915e-06,2.0212003e-07,4.22264e-06,0.00017050382,2.2295564e-05,1.6120163e-06,3.387227e-07,5.010031e-06,8.238941e-07,1.7275406e-05,2.5670064e-07,1.3347187e-05,8.9304e-06,3.3007427e-06,0.0031139308,5.2148327e-05,1.6354448e-06,0.00035462258,1.9137285e-06,1.3967442e-06,3.1787906e-05,3.3979228e-05,8.933747e-06,1.9418922e-05,1.0401754e-06,9.043341e-05,6.5773356e-06,1.9596193e-05,2.3711559e-07,0.00021613954,0.0024235651,6.9330905e-05,1.8020928e-05,9.515478e-08,2.0288499e-07,8.328213e-06,6.5998106e-06,3.8277875e-07,5.988159e-05,1.0405673e-06,1.38773485e-05,0.00022136487,2.3539753e-05,5.993815e-06,4.177448e-08,0.00013026265,1.6787906e-05,7.212984e-06,9.698953e-06,5.6906183e-06,0.0007288546,1.1463511e-06,3.8603957e-06,2.5812328e-06,1.6796017e-06,4.0765344e-06,7.6475783e-07,1.9326064e-06,2.5367775e-05,1.13985664e-07,2.7110743e-06,1.7584185e-06,4.9720097e-06,8.426182e-06,3.7868451e-06,1.374393e-05,0.00011632961,1.0615729e-05,3.3507382e-07,1.46588e-05,4.1544765e-05,1.883884e-05,1.4355488e-08,1.518939e-05,5.219679e-07,3.194057e-05,7.1048566e-06,2.406469e-05,2.2258298e-05,6.170801e-05,6.5537336e-07,2.7992942e-06,7.567622e-06,5.496464e-07,5.153541e-06,1.7162555e-06,2.3132723e-07,3.1548e-05,2.3163497e-05,1.588884e-07,8.33881e-07,1.7476091e-07,0.0012724948,7.293585e-07,7.571282e-06,4.789459e-06,0.00031612572,7.3582914e-06,8.933303e-07,1.0116119e-08,5.877767e-06,1.414448e-05,3.5972698e-06,4.148202e-07,4.405552e-06,1.5484715e-05,1.646052e-06,6.36967e-05,1.8663833e-07,2.0217114e-05,1.5082418e-05,0.00076105207,2.1080239e-06,1.0019836e-06,2.4105666e-05,1.12393855e-05,3.3146948e-06,2.0063593e-05,1.3573489e-05,2.6268267e-06,2.5900978e-05,9.1348666e-05,0.00020689538,1.250587e-05,2.1360634e-07,1.6458904e-05,2.6042768e-08,1.3242333e-06,1.5179698e-06,1.6048952e-08,3.1468615e-05,3.858607e-06,6.921114e-05,1.39263475e-05,6.7014607e-06,3.6192102e-06,1.8149402e-05,1.4488135e-06,3.5788466e-06,5.600284e-06,0.0004013992,0.00025135186,0.00040461187,2.9559608e-06,8.602778e-06,2.284357e-06,3.7473274e-07,8.319921e-07,3.7180482e-06,3.49584e-06,3.4487634e-08,4.2321344e-06,0.0002780299,8.396038e-06,6.1807878e-06,3.460664e-08,9.821427e-06,1.8249717e-07,5.8126738e-05,2.349332e-06,1.0803477e-05
BC2026_Train_0055_S22_20220219_200000_000,1.172025e-06,5.1140896e-06,8.758012e-07,0.000109154535,0.00015427847,1.3382011e-08,1.3042137e-07,4.6020004e-06,0.0052763857,4.050799e-05,0.028055023,4.476007e-07,1.7221515e-07,1.8951982e-09,3.390572e-07,0.039203726,9.2739765e-07,2.5776292e-09,0.19548091,1.2562389e-06,4.8250487e-05,0.028951773,1.7318971e-05,1.6938699e-06,0.00016568656,1.4677543e-08,1.230519e-05,4.7355698e-07,1.03638005e-08,2.7265612e-06,6.829282e-06,2.0605204e-07,1.4362999e-05,8.807555e-07,1.9468985e-06,5.9738255e-07,5.558895e-07,1.2352409e-06,2.5073605e-06,4.488221e-06,1.0640785e-05,4.7592307e-06,1.0701009e-05,9.34308e-08,2.651512e-06,4.390934e-06,2.775975e-05,2.194397e-06,9.3335484e-07,7.8973466e-07,4.2406873e-06,5.397784e-06,6.28045e-06,6.777131e-06,1.5005547e-05,5.113311e-08,1.4342835e-07,0.5441034,8.470297e-07,9.485811e-07,0.93244636,1.1397109e-07,0.0003760158,0.9801589,0.01860182,3.3619233e-06,8.0266545e-06,1.5557166e-08,1.7314957e-09,3.845126e-06,2.585336e-08,7.0050544e-07,3.393517e-06,2.3450284e-05,6.633214e-08,7.0533993e-06,3.5719928e-05,0.00013436298,2.2841543e-06,5.7522635e-07,3.4268032e-05,2.9743913e-05,1.7268092e-05,7.893853e-06,7.5415787e-06,3.6374222e-05,3.6590336e-07,0.00012672954,1.0830164e-05,1.1759025e-05,0.00011155975,1.5974364e-06,4.6454596e-07,1.4152818e-05,7.351186e-06,9.209721e-05,6.5554736e-06,3.0234808e-06,1.554228e-05,1.0515554e-05,1.7384466e-05,5.7207526e-06,4.3623986e-05,0.00044997208,4.123972e-05,4.8978122e-06,3.8576692e-07,1.4248836e-05,2.6349799e-05,3.5636946e-05,4.2134684e-06,3.1941243e-05,4.9260966e-06,1.4935005e-05,0.00010531221,1.2536546e-05,1.3323137e-05,7.497304e-06,1.6953009e-05,1.7937837e-05,1.4159685e-06,0.000108338325,0.00025894534,0.0011152135,3.458161e-07,2.903478e-05,1.0573617e-05,1.9799277e-06,5.7716494e-07,5.019721e-06,3.0636982e-06,2.3516148e-05,7.68449e-07,2.6387874e-05,6.164811e-06,0.000115625575,3.195504e-05,6.8820696e-06,1.6728376e-05,8.647755e-05,9.6550175e-06,7.373911e-07,0.00012132894,0.00019060278,3.2437856e-06,1.1035364e-06,0.00065853575,3.5201112e-06,3.2156338e-06,3.9989678e-05,0.0003219447,9.724425e-06,1.2563798e-05,3.9046718e-06,7.986697e-06,2.859332e-05,7.6051396e-07,0.0001317149,7.1313053e-07,1.2174213e-06,1.1650694e-05,2.5534058e-05,9.795705e-08,1.6515352e-06,4.0235163e-06,0.00023514929,9.98117e-07,0.00038215454,5.9551523e-05,0.00056197104,2.843316e-05,3.3686106e-07,3.8863016e-07,1.15232e-05,0.00012155776,1.1005738e-05,1.156413e-05,9.74878e-06,0.00038479705,1.4806413e-06,3.2670912e-05,4.139322e-07,1.459437e-05,7.3506535e-06,2.3864834e-05,8.9125837e-07,5.680479e-06,3.2652842e-05,7.3374863e-06,1.3488453e-05,8.338997e-05,1.8753053e-05,5.106258e-06,2.1579528e-05,9.347195e-05,0.0002526228,5.7974612e-05,1.0652837e-05,6.3224914e-05,2.035877e-06,8.596003e-06,1.8841572e-05,1.324133e-07,0.00021121748,9.012397e-06,0.000373524,7.5675425e-06,9.458824e-06,5.9703502e-06,4.4650067e-05,3.990058e-05,5.8971546e-06,5.8410988e-06,0.00037628814,3.483947e-05,0.0001223519,1.3494231e-05,4.707487e-05,7.99877e-06,4.8208036e-05,3.2231833e-06,0.00020016609,6.7589817e-06,4.7890655e-08,1.2887837e-06,0.00012543077,5.9717167e-06,0.00012840012,7.568139e-07,8.0045014e-05,7.0867213e-07,1.974672e-05,1.1274575e-05,8.058112e-05
BC2026_Train_0055_S22_20220219_200000_005,7.72732e-07,5.4355146e-06,5.391994e-07,9.3801245e-05,0.00020174301,5.598259e-08,2.438512e-07,2.4931946e-06,0.006040091,3.149215e-05,0.021892786,2.265156e-06,4.172754e-07,1.129579e-08,2.6726266e-07,0.084458694,1.0153252e-06,2.003769e-08,0.24839167,1.9428442e-05,9.957504e-05,0.3714338,1.34900865e-05,1.2422571e-06,0.00012429028,8.010514e-08,9.533428e-06,4.3928674e-07,2.7037562e-08,3.8053615e-05,1.7240774e-06,2.5013247e-07,2.3641546e-06,8.9415374e-07,8.130849e-07,3.6368522e-07,6.672519e-07,1.1353201e-06,1.3227792e-06,2.4474798e-06,3.9502693e-06,1.3313421e-06,4.9205705e-06,9.764682e-08,9.389848e-07,1.3591251e-06,6.128065e-06,5.4514027e-07,3.630867e-07,5.3227046e-07,2.2812198e-06,2.2443455e-06,3.0551291e-06,1.923301e-06,6.4218484e-06,1.2182326e-07,4.5982002e-08,0.2717022,1.3978049e-06,2.0478567e-06,0.9799942,6.399964e-08,0.0037472092,0.993584,0.015038503,1.3781906e-06,9.786924e-07,6.462961e-07,2.1543029e-08,9.732041e-06,1.4015109e-08,1.9552062e-06,4.894567e-06,8.777536e-05,1.2628847e-07,1.487725e-05,2.0506986e-05,9.087871e-05,2.68418e-06,1.370752e-06,0.000104653096,1.036527e-05,4.2163054e-05,1.3645093e-05,4.0353248e-06,1.727371e-05,1.0245197e-06,6.88002e-05,3.1313277e-05,0.00012597712,0.0021706624,1.1210407e-06,1.2146543e-06,6.612147e-05,5.3182786e-05,0.0005305338,4.779375e-06,1.1453817e-06,3.9966195e-05,1.8568191e-05,2.3498305e-05,1.186466e-06,9.2691655e-05,0.0028628362,0.00016020786,4.686836e-06,1.3100929e-06,7.2185816e-05,1.2731464e-05,1.6762087e-05,4.247949e-06,4.5013894e-05,4.6490995e-06,2.9501363e-05,0.00055708224,2.2819442e-05,1.993858e-05,1.0183293e-05,1.8398323e-05,2.4366353e-05,3.2395812e-06,0.00012892841,0.00016265016,0.0012023166,1.2173982e-06,7.52976e-05,5.0494884e-05,1.8470399e-06,9.1668755e-07,9.7888205e-06,8.456184e-06,3.1467112e-05,2.391247e-06,4.4880075e-05,1.5546135e-05,0.00037468434,0.00085002556,6.4387427e-06,8.834224e-06,7.230445e-05,8.10506e-06,1.849134e-06,0.00015765033,0.000104138235,2.2042039e-05,2.0638337e-05,5.597266e-05,1.7388129e-06,7.2649677e-06,7.855451e-05,0.0005384327,5.100301e-06,2.197584e-05,5.5827936e-06,1.4415254e-05,1.559142e-05,7.5481006e-07,3.886686e-05,1.7661832e-06,6.2351896e-06,1.3736395e-05,4.9051807e-05,9.605933e-07,2.2731258e-06,1.2675215e-05,0.0003742449,9.912058e-07,0.0001948018,7.466864e-06,0.00026134052,2.067746e-05,1.7763455e-06,1.902162e-07,1.16842075e-05,0.00017594897,7.3276965e-06,5.1558422e-06,9.472518e-06,0.0003746654,1.0542634e-05,3.1112922e-05,2.3520596e-07,3.389534e-05,1.596636e-05,3.9991894e-05,2.6829719e-06,6.514821e-06,1.479393e-05,1.0672004e-05,6.922136e-06,3.075242e-05,2.5753543e-05,1.9459667e-06,8.049706e-06,3.4895267e-05,0.00037645,0.00024763556,4.945853e-06,0.00057959574,4.0895948e-06,1.2149463e-05,2.4195335e-06,7.0223984e-07,4.304191e-05,2.0211435e-06,0.00054003217,4.4397984e-05,1.7458997e-05,5.4137863e-06,4.8651673e-05,1.4715893e-05,3.9717934e-06,3.2831478e-05,0.00071926526,7.1312854e-05,0.00025364102,9.849481e-06,0.00032156252,6.490412e-06,6.426651e-05,3.2079151e-06,0.000107147476,2.7694494e-05,5.8083813e-08,8.938885e-07,0.0001688484,5.894439e-06,0.00012815597,2.838064e-06,0.00013406543,1.9370552e-06,5.1748353e-05,3.796734e-05,4.5257944e-05
BC2026_Train_0055_S22_20220219_200000_010,1.3770446e-07,1.0234535e-06,2.5964954e-07,3.3874952e-05,0.00010657429,1.1705395e-08,2.2238373e-08,1.1860168e-06,0.036376346,1.8012372e-05,0.022007296,5.764526e-07,1.0067347e-07,4.3072172e-09,6.5908026e-08,0.06799517,9.648451e-07,5.0053015e-09,0.1610895,2.2140262e-06,8.3214254e-05,0.47247434,6.3570087e-06,4.2140653e-07,3.5990048e-05,8.255465e-09,1.6125251e-06,1.7671434e-08,2.1435427e-09,1.0797483e-05,4.1037507e-07,5.3993524e-08,9.846004e-07,4.5645365e-07,3.9362843e-07,1.2534525e-07,1.7404008e-07,4.603334e-07,4.8949926e-07,1.0466133e-06,1.7428554e-06,4.5005206e-07,1.4972348e-06,1.72325e-08,6.0970774e-07,8.9149205e-07,4.2686156e-06,1.678545e-07,1.7122422e-07,2.2144116e-07,6.5140415e-07,6.003346e-07,8.135635e-07,6.846732e-07,3.8074206e-06,1.5790947e-08,5.754719e-09,0.37257746,2.599399e-07,6.446906e-07,0.9623265,9.1780885e-09,0.0006733413,0.99061114,0.014474022,2.304333e-07,7.730946e-07,1.1095557e-08,8.17388e-09,2.2715374e-06,3.4901875e-09,1.1196828e-06,1.4974275e-06,1.4881037e-05,1.8936094e-08,4.566998e-06,2.5808096e-05,4.768315e-05,1.4246932e-06,9.506486e-07,5.096078e-05,1.41861e-05,2.879793e-05,9.285948e-06,3.3876447e-06,3.392514e-06,2.3595794e-07,0.00010658019,2.0144462e-05,1.2431315e-05,0.0007054213,4.0122325e-07,7.3447353e-07,2.5262038e-05,1.4112869e-05,8.895903e-05,5.5192418e-06,3.643879e-07,3.8962382e-05,9.362787e-06,1.4841156e-05,8.3171756e-07,3.6575027e-05,0.0014217902,2.936674e-05,6.056457e-06,2.2729972e-07,4.435475e-06,8.264971e-06,6.4372266e-06,2.7768822e-06,2.5941667e-05,5.494232e-07,2.4176584e-06,0.0014586013,4.154317e-06,5.5215264e-06,1.8827083e-06,1.3420718e-05,2.8372244e-05,2.230106e-06,6.39391e-05,2.3817678e-05,0.003157878,1.431911e-07,3.97611e-05,1.0442232e-05,1.1076316e-06,6.9519064e-07,4.9279524e-06,4.038994e-06,8.501199e-06,1.9802306e-07,1.8327837e-05,4.125433e-06,0.00028121888,0.0001166464,2.4483365e-06,3.4277537e-06,4.5208642e-05,5.6712397e-06,2.4288914e-07,5.261137e-05,5.6589866e-05,4.8307857e-06,1.0557761e-06,3.0831732e-05,8.3163746e-07,2.6083587e-06,3.417789e-05,8.019775e-05,9.710522e-06,1.0844612e-05,5.0340554e-07,8.074478e-06,6.1773935e-06,1.2471436e-07,3.8210706e-05,1.0348595e-07,1.994087e-06,1.0258358e-06,1.3073213e-05,1.2105461e-07,5.3434854e-07,1.8855688e-06,0.00011784187,1.0730497e-06,0.00016937942,5.0566446e-06,0.00014019734,1.2500242e-05,2.6211808e-07,4.6664887e-08,2.1408835e-06,8.394928e-05,3.4366205e-06,4.1929893e-06,7.0497144e-06,0.0001288914,2.518e-06,1.51942e-05,3.2266783e-08,1.2515857e-05,5.6073227e-06,4.1628846e-05,3.66474e-07,1.5901998e-06,5.6211093e-06,2.9181176e-06,7.4875976e-07,2.6553798e-05,1.4390914e-05,2.572376e-07,3.4825432e-06,3.248441e-05,0.00022023206,3.340673e-05,6.2306685e-07,0.00011351731,1.6869765e-06,9.1609235e-07,3.6422812e-06,8.6637264e-08,1.0671607e-05,3.0408567e-06,0.000113704074,6.4596666e-06,4.469316e-06,4.7099115e-06,2.3477807e-05,3.5596559e-06,1.5956077e-06,4.5129686e-06,0.00028693644,6.630015e-06,9.687437e-05,1.5615931e-06,0.00022572756,2.51613e-06,2.7111644e-05,4.985495e-07,9.470569e-05,1.0563085e-05,3.8361905e-09,1.8293262e-07,9.608501e-05,3.82057e-06,7.990622e-05,3.0632816e-07,5.7729885e-05,4.531093e-07,4.1640713e-05,7.3737806e-06,1.0416393e-05
BC2026_Train_0055_S22_20220219_200000_015,2.3776622e-06,9.635231e-06,4.9412706e-06,7.601762e-05,0.00039430358,2.3838547e-08,1.7371704e-07,7.5382777e-06,0.0048601194,7.721588e-05,0.02486126,2.4612452e-06,1.9352498e-07,9.237414e-09,3.140753e-07,0.01929467,6.6183034e-06,1.3930014e-08,0.23003674,3.009451e-06,4.4430388e-05,0.087157965,1.8611483e-05,3.0267984e-06,6.3999985e-05,1.7481153e-08,1.7641143e-05,1.194069e-06,7.336741e-08,9.773187e-06,1.9876956e-05,1.4200039e-06,1.8677592e-05,2.4897279e-06,4.2427546e-06,3.2694982e-06,3.6450886e-06,7.0293927e-06,5.824278e-06,1.36235085e-05,2.6094483e-05,9.137087e-06,2.7861459e-05,7.1609577e-07,2.676131e-06,3.965696e-06,5.1803898e-05,2.6431126e-06,2.33681e-06,2.6770117e-06,1.4620629e-05,1.529101e-05,1.787902e-05,1.2597416e-05,5.918923e-05,1.2053393e-07,1.4855506e-07,0.7574135,9.1618676e-07,1.4139027e-06,0.9709348,2.0444463e-07,0.00045241351,0.9964515,0.023296112,2.2335967e-06,1.1524518e-05,3.4003055e-08,9.858698e-09,1.3717492e-05,3.78278e-08,1.4736569e-06,3.9595966e-06,1.4959936e-05,1.2188312e-07,1.4393e-05,5.7881585e-05,0.000108622284,1.8674262e-06,9.1602345e-07,2.1774218e-05,2.8658973e-05,1.8567605e-05,4.2668607e-06,1.0405828e-05,2.1143209e-05,4.511259e-07,0.00013207774,2.7400734e-05,1.9430092e-05,0.00010890168,1.9163363e-06,2.8932643e-06,3.7164904e-05,3.3299257e-05,9.643731e-05,1.9925352e-05,1.6254176e-05,2.6750216e-05,2.0907872e-05,7.171992e-05,4.2203856e-06,6.873724e-05,0.00045175457,6.397569e-05,1.3344934e-05,2.372728e-07,4.457527e-05,8.605422e-05,3.3535427e-05,1.2423113e-05,4.64771e-05,2.9877347e-06,2.0616697e-05,0.0005377121,1.3071405e-05,6.9804664e-06,4.6132186e-06,2.667583e-05,2.643598e-05,9.73668e-07,7.329069e-05,0.00018978634,0.0012201053,8.2266695e-07,5.231335e-05,1.5285354e-05,4.0990008e-06,7.585655e-07,1.6514012e-05,1.1846212e-05,2.0674208e-05,7.9524807e-07,1.9017127e-05,1.1045778e-05,0.0002797929,0.00014588956,7.0820865e-06,1.4194801e-05,0.00017223785,4.4089647e-06,2.1522305e-06,0.00017599795,0.00035764457,1.6786194e-05,2.4421564e-07,0.00040167896,2.4463902e-06,4.8896404e-06,5.6712506e-05,0.00049788173,7.5665826e-06,1.5460988e-05,3.1043296e-06,1.4486296e-05,1.4755267e-05,1.5281183e-06,0.00016256455,6.7797225e-07,5.1082698e-06,1.151908e-05,6.5710505e-05,1.7086144e-07,1.3144344e-06,9.9397375e-06,0.0001418331,2.371204e-06,0.0004546753,3.1122534e-05,0.000388677,4.1862448e-05,3.0038373e-07,2.4549294e-07,1.29112495e-05,0.00018490283,2.500996e-05,1.5944417e-05,9.826055e-06,0.00011588873,8.041196e-06,4.2451156e-05,3.7834812e-07,9.702895e-06,3.7717327e-05,4.3602693e-05,8.58431e-07,2.1896703e-06,9.512377e-06,2.0196436e-05,7.4920363e-06,0.00022796245,2.068251e-05,2.2517054e-06,1.590381e-05,3.772549e-05,0.000222414,0.00020803796,9.043245e-06,8.5685075e-05,2.4398498e-06,2.0113143e-06,4.5032273e-05,5.809499e-07,9.082872e-05,1.0673093e-05,0.000261622,2.5120034e-05,3.3081174e-05,1.0538884e-05,4.2455045e-05,2.2794082e-05,2.969147e-06,6.4154215e-06,0.0002804852,6.659372e-05,0.0003226699,1.6335776e-05,0.0004350931,1.2970315e-05,7.1602524e-05,2.859712e-06,0.00016161158,7.4478116e-06,7.214088e-08,1.5424126e-06,0.00020089821,2.937506e-05,0.00051559636,1.3835307e-06,4.109047e-05,8.883189e-07,2.4844367e-05,4.2770953e-06,6.0845763e-05
BC2026_Train_0055_S22_20220219_200000_020,1.7220134e-06,1.3126758e-05,4.275144e-07,0.0001383096,0.00026164594,1.8440863e-08,1.0097e-07,1.3190178e-06,0.002849075,3.9564984e-05,0.03187686,1.8933349e-06,8.3190713e-07,1.4074364e-08,7.3635806e-07,0.01999567,2.9965295e-06,5.778311e-09,0.24101976,8.909448e-06,0.00018617783,0.14916955,1.1577593e-05,7.965764e-06,4.2153926e-05,1.5453331e-08,8.059261e-06,1.8057031e-07,1.983759e-08,4.501003e-06,1.563806e-05,6.563435e-07,2.9336818e-05,6.541092e-06,1.3360061e-05,2.2585918e-06,2.09752e-06,5.595618e-06,9.804609e-06,3.5616657e-05,4.485821e-05,1.3071193e-05,9.9033954e-05,3.139396e-07,5.6147446e-06,1.0705215e-05,0.00017951906,4.484866e-06,3.4651932e-06,3.7959965e-06,2.7778977e-05,3.809159e-05,4.4052995e-05,2.2417857e-05,0.00012209249,8.149366e-08,4.1445443e-07,0.7475748,2.6516537e-07,1.1915697e-06,0.9458249,2.6551686e-07,0.0003559135,0.9866268,0.0115309805,4.5607303e-06,7.993387e-06,2.2264302e-08,7.850963e-08,9.890973e-06,3.3079885e-08,2.041825e-06,3.7496834e-06,4.697526e-06,9.197458e-08,1.675726e-05,3.880586e-05,8.3098246e-05,4.3665677e-06,2.0991708e-06,0.00014456778,2.3723715e-05,2.7164311e-05,1.6710008e-05,3.601609e-06,1.5647844e-05,4.2156245e-07,8.992056e-05,2.5478283e-05,8.910841e-06,0.00023111214,1.4062914e-06,1.2296381e-06,4.062897e-05,9.658746e-06,6.23479e-05,7.827749e-06,3.862985e-06,1.1594011e-05,1.8640847e-05,5.423534e-05,2.4617452e-06,1.6629932e-05,0.0010498086,4.3219676e-05,5.9889694e-06,5.001091e-07,3.112194e-05,2.4303254e-05,4.9636754e-05,9.5610985e-06,2.9463014e-05,4.10245e-06,1.7751801e-05,0.00046385697,1.1355234e-05,1.9950889e-05,6.3648104e-06,4.7393372e-05,1.4848234e-05,1.2622157e-06,4.766396e-05,0.00012337869,0.0030151128,1.2611459e-06,6.3309984e-05,3.72952e-05,2.2164852e-06,1.312389e-06,7.673493e-06,7.5544845e-06,5.6210793e-05,1.1187744e-06,1.0944999e-05,2.9367138e-06,0.00011549776,0.0001200831,1.316861e-05,1.2350629e-05,0.00012901635,1.2900321e-05,8.850506e-07,0.00039786703,0.00025588027,3.831498e-06,1.5818883e-06,0.00076510746,1.329439e-06,4.125264e-06,9.4453426e-05,0.00019387864,1.5062667e-05,1.5425803e-05,4.7405138e-06,2.039424e-05,1.351579e-05,1.1009579e-06,7.90446e-05,6.7517516e-07,1.642646e-06,2.587619e-05,2.1520176e-05,1.4219307e-07,9.980876e-07,9.169698e-06,0.00016281339,8.148028e-07,0.00065894297,0.00011887874,0.0005504403,5.6475576e-05,1.222424e-06,1.5826667e-07,4.436362e-05,0.00024475076,1.6260283e-05,1.4040217e-05,5.9056133e-06,0.00024055043,4.3597224e-06,3.237975e-05,2.0890863e-07,2.4091625e-05,1.2038602e-05,1.7048145e-05,4.0076435e-07,9.581819e-06,1.038191e-05,2.8254923e-05,1.07648175e-05,0.0001333573,2.0631998e-05,1.9365953e-06,1.1473516e-05,1.7160235e-05,0.00028002108,7.4734475e-05,2.0187445e-05,0.00016769639,4.6393375e-06,9.993497e-06,9.341346e-06,1.9495391e-07,4.0843057e-05,4.4769263e-06,0.00014971572,1.7822264e-05,2.0562168e-06,1.4836529e-05,8.838952e-05,1.7873786e-05,3.6205809e-06,2.9291921e-05,0.00040491164,6.053116e-05,0.0002727591,1.1441009e-05,0.0008894984,5.3980934e-06,0.00024844415,4.135178e-06,0.00056518946,1.382811e-05,3.7090558e-08,8.7839334e-07,0.000106030966,9.841491e-06,6.1726605e-05,3.552026e-06,5.7443165e-05,1.466121e-06,2.563563e-05,1.3630252e-05,7.616949e-05
BC2026_Train_0055_S22_20220219_200000_025,1.7481642e-07,3.3227273e-06,2.9591266e-07,3.1968364e-05,2.6781563e-05,2.3913675e-09,9.423343e-09,2.1085145e-06,0.00750038,0.00011187678,0.07282957,5.2133066e-07,1.3637757e-07,1.2620528e-09,1.7236518e-07,0.07441632,1.1774765e-06,5.1644994e-10,0.2535516,9.5837095e-06,3.0353889e-05,0.014376213,2.2539655e-06,1.2052075e-06,3.7331534e-05,2.5512945e-09,1.5561323e-05,4.3211507e-08,6.046235e-09,1.4264254e-05,2.811706e-06,1.5433706e-07,3.8883773e-06,1.0293677e-06,1.1523489e-06,3.9904512e-07,2.5424796e-07,8.6297257e-07,1.0409633e-06,3.3221254e-06,7.4803925e-06,1.3803519e-06,1.0868818e-05,5.3978695e-08,3.8847972e-07,5.8457744e-07,1.1132316e-05,4.4201406e-07,3.596529e-07,4.6768923e-07,3.895589e-06,3.7000443e-06,5.2513224e-06,3.1433046e-06,1.561548e-05,4.2550013e-08,5.4063182e-08,0.909259,1.5198964e-07,1.251983e-07,0.98040664,4.010132e-08,0.00078206597,0.9952885,0.0055939313,8.788559e-07,1.0052923e-06,1.3342711e-08,1.589792e-09,2.7343185e-06,1.6395599e-09,2.2231994e-07,4.231712e-07,4.1262906e-06,3.093003e-08,2.402656e-06,9.211532e-06,1.7275093e-05,9.911225e-07,7.591815e-08,1.5444335e-05,1.645928e-06,2.9418688e-06,7.7394594e-07,5.212059e-07,1.6790442e-06,3.0957477e-08,5.3096996e-05,5.3410936e-06,3.1384193e-06,0.00014563896,2.484007e-07,1.4720457e-07,3.3390197e-06,2.164511e-06,2.65032e-05,1.3318614e-06,9.0554045e-07,1.6323083e-05,1.424738e-06,1.7732325e-05,2.1084814e-07,1.3050356e-05,0.0007183583,5.221681e-05,3.3819024e-06,1.8203266e-08,6.423643e-06,5.887759e-06,1.4427357e-05,5.763685e-07,1.11932395e-05,6.333931e-07,5.0891745e-06,3.2044336e-05,4.541369e-06,8.765031e-07,4.4215912e-07,3.577277e-06,4.279188e-06,1.6751561e-07,1.1628495e-05,3.985863e-05,0.0006250342,2.9499805e-07,6.102317e-06,6.3758666e-06,2.5655356e-07,1.6933869e-07,1.1210086e-06,5.604194e-07,6.4877454e-06,6.0598964e-08,5.090388e-06,4.3017862e-06,6.7997345e-05,1.9653311e-05,8.757344e-07,2.618113e-06,0.0002484164,4.863203e-07,2.3765914e-07,1.0183682e-05,9.826606e-05,9.890983e-06,1.8091711e-07,4.8338774e-05,9.58413e-08,5.1034607e-07,1.2694244e-05,4.655966e-05,2.7545395e-06,2.5397972e-06,2.9155814e-07,2.103736e-06,1.7762677e-06,2.3958734e-07,4.0624313e-06,2.1768312e-07,1.7961281e-07,5.9212067e-07,5.177803e-06,8.105941e-09,2.453249e-07,1.0982837e-06,0.0001310113,1.8452745e-07,1.9965486e-05,1.6724565e-05,0.00012934461,5.1209076e-06,4.6351307e-08,1.8530491e-08,3.6048702e-06,3.5415203e-05,3.5309745e-06,7.503595e-07,9.653623e-07,2.310986e-05,9.37943e-07,3.5411215e-06,3.2221703e-08,2.7334997e-06,4.9500813e-06,1.77022e-05,1.10923466e-07,7.050152e-07,2.3311384e-06,6.3978127e-06,1.195385e-06,7.893447e-06,2.331183e-06,1.3193596e-07,3.3798779e-06,6.333488e-06,0.00014083057,8.3463645e-05,1.5466698e-06,1.9812422e-05,1.5445337e-07,6.679586e-07,3.653793e-06,1.09185635e-07,2.986034e-06,1.1095145e-06,6.521174e-05,2.1057574e-06,4.1053227e-06,3.4613818e-06,1.91599e-05,1.4350226e-06,4.901364e-07,2.0439563e-06,6.1241895e-05,3.9201168e-05,6.4579945e-05,6.101072e-06,1.5145316e-05,2.899822e-06,9.411629e-06,5.04231e-07,4.7376383e-05,1.5493786e-06,1.2032542e-08,2.2868909e-07,4.4096665e-05,1.8984663e-06,1.4449608e-05,1.7123516e-07,3.846347e-06,4.629617e-08,5.257491e-06,1.0019529e-06,2.262371e-05
BC2026_Train_0055_S22_20220219_200000_030,4.851807e-06,0.00013010277,1.6215654e-05,0.00010345775,0.0007156753,1.8553149e-07,1.0870538e-06,2.0737494e-05,0.0017500852,7.500191e-05,0.024009166,1.00216985e-05,1.894838e-06,8.1757555e-08,6.3088323e-06,0.061273437,5.195194e-06,1.4201188e-07,0.38619393,6.909903e-05,0.00026299423,0.07667764,7.196093e-05,8.184778e-06,0.00053606404,3.6124786e-07,0.0001432984,9.137643e-06,1.3642886e-06,5.7733407e-05,3.154084e-05,3.3823185e-06,3.1294767e-05,5.292337e-06,9.546994e-06,6.0474076e-06,4.6587393e-06,1.3192707e-05,1.1083967e-05,2.4693783e-05,4.029847e-05,1.5386795e-05,6.202221e-05,2.1440055e-06,6.934432e-06,1.0212537e-05,8.3368504e-05,6.9908383e-06,5.1177244e-06,6.432826e-06,3.1339983e-05,3.7355323e-05,4.2511845e-05,2.034781e-05,8.798252e-05,3.2978664e-06,8.2328074e-07,0.41862863,1.2795818e-05,1.7547818e-05,0.94300747,1.1236052e-06,0.0022896447,0.9706609,0.008138789,4.335805e-05,2.9932657e-05,3.8392595e-06,4.1157907e-08,2.3669387e-05,2.6502985e-07,8.523636e-06,1.3827438e-05,0.00014328952,1.7604086e-06,5.2940766e-05,0.00010428739,0.00032373014,1.885399e-05,4.7144235e-06,0.00014798995,9.0753565e-05,7.476854e-05,1.164333e-05,1.4313895e-05,6.608415e-05,1.6938116e-06,0.00011224159,9.526028e-05,0.00024693017,0.00045930504,7.865944e-06,3.6705958e-06,7.416855e-05,0.00011893667,0.00044821046,3.356333e-05,4.6729667e-05,7.133631e-05,4.7949725e-05,9.2150876e-05,2.4793148e-05,0.00027087063,0.0018139638,0.00027768922,4.0805564e-05,2.9777702e-06,0.00031666146,0.00014648716,9.1859074e-05,2.7599179e-05,0.0001561002,3.4253266e-05,0.00013397138,0.00040154136,0.00012028584,6.0817914e-05,8.198254e-05,4.177081e-05,7.217191e-05,7.450554e-06,0.0003700908,0.00071180664,0.0015706926,9.160626e-06,0.00040303313,0.00011985054,1.753547e-05,2.7768747e-06,3.909425e-05,2.6206457e-05,0.00010260192,6.8056293e-06,0.00015948509,3.7106078e-05,0.00026652412,0.00060763274,2.5143905e-05,4.2897216e-05,0.00049616036,7.0531305e-06,1.3477678e-05,0.00044668902,0.0003842465,6.073828e-05,2.4617293e-05,0.00057707744,9.402917e-06,1.2116994e-05,0.00026761545,0.0051929853,3.100919e-05,5.867379e-05,2.2943188e-05,5.6279394e-05,6.650525e-05,8.794455e-06,0.0001070572,2.2969372e-05,1.2855665e-05,5.5390803e-05,0.000117699245,1.6585319e-06,9.659116e-06,6.114252e-05,0.00075244455,4.8480415e-06,0.0005283079,4.936085e-05,0.0009901932,0.00015781382,4.3571167e-06,1.7205934e-06,7.530779e-05,0.0007825793,7.533681e-05,2.029895e-05,3.651143e-05,0.0004666908,4.9335573e-05,0.00011754211,6.450845e-06,0.0001035292,0.000100072306,5.3750882e-05,7.475165e-06,2.4279625e-05,9.58841e-05,5.571427e-05,3.573216e-05,0.00034004237,0.00014137643,1.0631584e-05,0.0001353831,0.000181547,0.00045684993,0.0021203707,3.7473925e-05,0.00024240543,1.6636739e-05,7.539143e-05,8.5663516e-05,3.7407576e-06,0.00013212221,1.7779908e-05,0.0016904805,0.0001159482,9.80878e-05,2.714761e-05,0.00023918394,6.34095e-05,1.4264568e-05,7.9792684e-05,0.0011318933,0.00037022826,0.00058739964,0.00011038369,0.00027861207,5.0285613e-05,0.00029581832,1.8839632e-05,0.0011074361,5.5010318e-05,1.2661026e-06,9.632943e-06,0.00062787585,3.3652108e-05,0.00038487723,1.7349339e-05,0.00020396594,2.7800834e-06,6.4172076e-05,4.844085e-05,0.00032864942
BC2026_Train_0055_S22_20220219_200000_035,4.262326e-06,4.5473305e-05,3.0349613e-06,0.00010196132,0.00025576563,7.421384e-08,3.5985494e-07,9.259481e-06,0.0020076947,0.00010291499,0.061690755,1.3481418e-05,5.3068475e-06,4.3757908e-08,2.7478568e-06,0.0364849,1.0672879e-05,3.9607222e-08,0.50123477,4.7968475e-05,0.000296011,0.051603023,2.243424e-05,5.4508278e-06,0.00012959041,1.0230449e-07,5.135301e-05,6.4056826e-06,2.4013747e-07,3.265845e-05,1.6778753e-05,1.127991e-06,1.615703e-05,2.8617474e-06,6.4377787e-06,1.980963e-06,5.013908e-06,4.9848145e-06,6.302103e-06,1.4668129e-05,1.4037312e-05,9.505095e-06,4.4857097e-05,5.2629815e-07,3.5579421e-06,4.7087033e-06,3.4854293e-05,3.5018327e-06,1.8125403e-06,2.0112682e-06,2.3622013e-05,2.6520242e-05,3.0691335e-05,1.2609231e-05,2.7476644e-05,1.4154111e-06,4.905755e-07,0.4257745,2.3241992e-06,9.265444e-06,0.98039377,1.5929791e-06,0.0015700072,0.9828992,0.0044848765,1.5476138e-05,1.1343599e-05,7.215848e-07,1.572588e-07,3.8228347e-05,1.4373892e-07,7.633289e-07,1.2080512e-05,6.87676e-05,5.888186e-07,0.00014797358,0.00014222067,0.0002864425,8.236111e-06,4.786482e-06,9.294647e-05,1.0791964e-05,9.205128e-05,1.4726085e-05,1.7473221e-05,5.4889533e-05,3.181218e-06,0.00024590766,0.00014052607,0.00016762924,0.0006095541,8.502933e-06,2.524292e-06,3.7993348e-05,0.000111828456,0.00037210982,1.656371e-05,1.305256e-05,6.4984524e-05,4.3206448e-05,0.00013481743,3.2372095e-06,0.00025354212,0.0020444463,0.00046111876,2.506643e-05,8.236435e-07,0.00048492764,9.3935516e-05,0.000120114375,2.3635306e-05,6.713276e-05,5.4289158e-05,0.00010555923,0.00033864335,0.00015182441,5.2199728e-05,1.950891e-05,7.233631e-05,3.1891992e-05,7.647048e-06,0.00030904115,0.00072738744,0.0014899479,1.3187952e-05,0.00011705455,7.147195e-05,1.3955517e-05,6.356815e-06,4.7411184e-05,5.037709e-05,7.487971e-05,4.9017003e-06,7.950307e-05,3.692563e-05,0.0007759469,0.00044715044,2.5876807e-05,4.2723754e-05,0.00047476264,1.6991644e-05,1.0146079e-05,0.00059064117,0.0003093489,0.00017222586,9.757272e-06,0.00021257537,2.2925691e-05,2.8996206e-05,0.0003759174,0.0015163725,4.7774407e-05,9.4239214e-05,3.0297353e-05,2.4234794e-05,4.151617e-05,4.5980833e-06,0.0001337262,6.5405243e-06,1.1206067e-05,0.00010153801,8.437479e-05,8.1640815e-07,3.995934e-06,3.4491502e-05,0.00075952476,3.4593559e-06,0.00055069063,0.00011197797,0.001637751,7.359246e-05,4.185913e-06,7.145002e-07,4.066184e-05,0.00041503,6.482317e-05,2.8538645e-05,2.1650416e-05,0.0004630644,4.1625273e-05,0.00010166056,2.674608e-06,4.732861e-05,8.04019e-05,8.077577e-05,6.7948054e-06,2.3303395e-05,2.8604909e-05,4.561846e-05,2.697172e-05,0.00014806588,8.578098e-05,6.669581e-06,3.079838e-05,0.00013676338,0.0006488746,0.0004767621,2.7735327e-05,0.0005803646,1.1647251e-05,3.0335632e-05,2.6119158e-05,3.8139985e-06,6.9957176e-05,1.1741823e-05,0.0008806943,9.78942e-05,6.3452506e-05,2.2690285e-05,0.0001868946,4.0267354e-05,1.9026198e-05,3.4314762e-05,0.0006519066,0.00026919617,0.0004658037,0.00010717905,0.0023972483,4.38434e-05,0.00025027312,1.1501637e-05,0.0007004731,8.0330545e-05,7.4210504e-07,2.7776373e-06,0.0004244411,2.5954063e-05,0.00021046243,5.13748e-06,0.00016116117,4.624773e-06,8.301975e-05,7.992352e-05,0.00021882047
BC2026_Train_0055_S22_20220219_200000_040,3.1642137e-06,1.596365e-05,1.5960552e-07,0.00046593536,1.2393069e-05,2.491986e-08,3.440099e-07,3.0447711e-06,0.0011930583,0.00095964037,0.14017504,1.2871672e-06,3.3446224e-06,1.8623892e-08,1.7117051e-06,0.06735524,7.7360795e-07,1.1901753e-08,0.58314025,0.00045654827,0.00010746796,0.0045217685,1.3749279e-05,5.7271395e-06,6.276273e-05,4.9237293e-08,1.2950871e-05,3.7142208e-06,7.707117e-07,0.00012650847,3.631748e-05,3.1827356e-06,4.689301e-05,3.386763e-06,6.646881e-06,3.5643743e-06,2.5086258e-06,9.300359e-06,7.4560558e-06,1.3786687e-05,4.469727e-05,2.5670859e-05,6.418279e-05,1.4708979e-06,8.175252e-06,1.1576444e-05,0.00011926296,8.551661e-06,6.4727833e-06,6.5609343e-06,3.1307813e-05,3.480603e-05,4.2705014e-05,2.0001467e-05,0.0001211346,1.6879131e-06,9.975585e-07,0.8003141,1.252468e-05,1.24164435e-05,0.97539717,2.0171775e-07,0.0018420201,0.6058428,0.0004556261,1.4971869e-05,9.28965e-06,4.2179576e-07,8.269033e-09,8.082012e-06,2.6368957e-08,5.8391214e-07,3.508647e-05,1.5086688e-05,7.3538536e-07,2.7787508e-05,7.555473e-05,0.00011776256,9.142316e-06,1.5076286e-06,2.654557e-05,2.94703e-06,1.9200304e-05,2.7322724e-06,7.716039e-06,3.740994e-05,2.2796755e-06,7.557138e-05,0.0001703176,0.00010090722,0.00021193203,5.8556843e-06,5.457249e-07,1.1028337e-05,6.5772445e-05,0.00011680545,5.04053e-06,4.5253804e-05,2.9844012e-05,9.611875e-06,3.2601783e-05,9.093248e-06,0.00013487902,0.0031994206,0.00075018924,7.0710857e-06,2.3097806e-07,1.6793545e-05,0.00017391355,5.742958e-05,9.400354e-06,0.00013737952,4.8745947e-05,7.272391e-05,1.2285221e-05,0.00031127303,3.540342e-05,4.7531616e-06,6.178485e-05,7.422951e-06,8.542875e-06,8.519721e-05,0.00026220756,0.0006981169,1.5436619e-05,8.840747e-06,3.3168868e-05,3.0324209e-06,2.7475267e-06,1.515348e-05,2.1516273e-06,0.00012488238,9.76493e-07,4.520584e-05,1.8317249e-05,3.054819e-05,6.0265702e-05,1.2807185e-05,6.65357e-05,0.0006568613,4.0053083e-06,8.258117e-06,3.808774e-05,0.00015110159,4.6191264e-05,3.5510606e-05,0.00013046242,6.1248634e-06,2.3182482e-05,4.7794227e-05,0.00034371967,1.3882352e-05,3.3364642e-05,2.3169308e-05,9.076899e-06,3.192714e-05,2.3226637e-06,1.4978725e-05,8.804131e-06,7.2898644e-07,5.135467e-05,3.065781e-05,4.1506632e-07,2.8239976e-06,7.010266e-06,0.00153145,1.5261246e-06,8.447705e-05,9.872995e-05,0.0012932584,3.6516478e-05,1.3868173e-06,6.829633e-07,3.877368e-05,3.3150307e-05,6.248336e-05,2.1353596e-06,9.645114e-06,0.00035594945,1.1742261e-05,9.8563454e-05,4.391742e-06,0.00013006703,3.1933017e-05,7.49929e-05,8.4329995e-06,1.0985888e-05,6.94828e-05,1.0083187e-05,4.815005e-05,3.0314373e-05,5.586622e-05,1.0979446e-05,3.1083237e-05,6.6659355e-05,0.00017849803,0.00017019731,1.0888375e-05,3.7455593e-05,4.198168e-07,6.582967e-05,3.9674815e-06,4.7164238e-07,5.536841e-05,2.1299375e-06,0.0021395455,1.3891224e-05,1.3781152e-05,6.774398e-06,6.522784e-05,1.043835e-05,3.1658303e-05,3.1360018e-05,0.00025727882,0.0007371819,0.00044288437,2.2151553e-05,7.892491e-05,1.41756045e-05,1.5258585e-05,8.79505e-06,0.00010188242,4.8763155e-05,1.0720647e-06,5.854383e-06,0.0001887881,6.061808e-06,2.1762635e-05,1.4158633e-06,0.00026222432,9.78934e-07,4.8998834e-05,1.6847474e-05,8.5141735e-05
BC2026_Train_0055_S22_20220219_200000_045,2.5987547e-05,8.636893e-05,7.504333e-07,0.0012263394,4.476334e-05,2.0156719e-07,5.5921187e-06,1.2917161e-05,0.0008175148,0.001963965,0.14003031,6.7990895e-06,8.507476e-06,1.3824304e-07,3.1123866e-06,0.021402385,1.7100716e-06,7.8648114e-08,0.22546981,0.0005240793,0.00048369388,0.010445865,7.4760916e-05,9.1906395e-06,0.00015155597,6.6849515e-07,2.54373e-05,3.542787e-06,6.6809554e-07,0.00033564086,5.6285033e-05,3.7726325e-06,5.573048e-05,4.6055834e-06,1.0363758e-05,4.0683244e-06,9.601641e-06,2.1782402e-05,1.1623848e-05,1.872998e-05,7.2968294e-05,3.7371574e-05,0.00010214964,1.4819028e-06,9.394682e-06,1.1562597e-05,0.00010894271,1.2156717e-05,7.7708555e-06,1.2738411e-05,6.756949e-05,6.547875e-05,7.0166425e-05,3.0185369e-05,9.0220834e-05,3.988544e-06,4.291563e-06,0.5200692,7.941314e-05,3.5756668e-05,0.92803246,1.9491763e-06,0.0023249534,0.5969383,0.000377558,1.8407081e-05,5.551766e-06,5.8824553e-06,3.345367e-08,1.2962672e-05,2.3973132e-07,8.1171214e-07,6.998499e-05,9.475618e-05,1.1851338e-06,0.0001856039,6.174409e-05,0.0002284851,1.7084047e-05,1.047283e-05,2.2609089e-05,1.1011111e-06,2.9152388e-05,7.4310965e-06,5.3180693e-06,9.11635e-05,5.544665e-06,0.00027437435,0.00026038373,0.0005900602,0.0015938113,2.6248854e-05,1.0887769e-06,3.1555734e-05,0.00018683918,0.0002847388,1.3338545e-05,4.3876487e-05,0.00019681368,3.763928e-05,3.8773607e-05,2.5145799e-05,0.00092570233,0.021552915,0.007041045,2.6434216e-05,1.032061e-06,0.00010065783,9.325561e-05,0.0005062186,6.938831e-05,0.0011279759,0.00019520118,0.00027410503,2.4771145e-05,0.004293572,0.0001819749,1.0060645e-05,7.218602e-05,1.6654438e-05,1.6770482e-05,0.000705878,0.0008584387,0.0016741165,6.44663e-05,2.9807175e-05,0.00010183996,6.243889e-06,1.9514026e-05,2.0085456e-05,3.6747497e-06,0.0002862757,1.3077415e-05,5.510966e-05,0.00010468344,4.666229e-05,0.00033251202,5.8792753e-05,7.691288e-05,0.00051941455,7.549025e-06,8.868417e-05,3.159156e-05,0.00016507867,4.7078287e-05,0.00016422491,0.00034638616,3.0225496e-05,0.00014202147,0.00022345768,0.00032146566,0.00019226124,1.783845e-05,0.00014263218,2.0660116e-05,3.952143e-05,2.2120204e-05,7.121804e-05,2.329364e-05,4.085202e-06,0.0002643404,6.2954125e-05,1.7639614e-06,2.570883e-05,1.40168995e-05,0.0019052095,8.320545e-06,0.00015426626,0.00019906863,0.003330921,7.9211575e-05,9.754406e-06,6.7574924e-06,6.618676e-05,0.00015990842,0.00030114013,1.26448385e-05,8.6457665e-05,0.00057432754,7.583979e-05,9.274965e-05,9.432674e-06,0.00011136939,1.9452898e-05,0.00027490722,2.0390877e-05,2.881507e-05,0.00017076284,6.317641e-06,0.0002869539,4.122855e-05,0.00010915111,2.7081876e-05,3.7026868e-05,0.00025347347,0.00019059532,0.00029231998,6.918679e-05,0.00042564064,3.1577808e-06,0.00020321373,3.8619205e-06,2.0999557e-06,0.00029424258,4.209271e-06,0.003036309,4.835514e-05,3.14675e-05,5.51114e-05,0.00027578612,5.045532e-05,5.3114116e-05,0.00024841714,0.00023317897,0.0015700178,0.0013971706,7.6543096e-05,0.00014494405,9.5715004e-05,3.073562e-05,6.778738e-05,0.00011759761,6.357079e-05,3.9676406e-06,5.029275e-06,0.0003636795,5.6875688e-05,0.00011392493,6.3653747e-06,0.00083474896,3.8551348e-06,8.6973e-05,4.8711514e-05,0.00043452196
BC2026_Train_0055_S22_20220219_200000_050,5.611565e-06,2.8587812e-05,5.646936e-07,0.0007755462,3.3158656e-05,7.364305e-08,1.4198062e-06,1.0140256e-05,0.00088464346,0.0018136469,0.19784558,6.9081025e-06,3.903267e-05,1.2965991e-07,5.4349753e-06,0.019925226,2.250619e-06,7.632585e-08,0.16955692,0.0020577163,0.00011993103,0.013665207,4.1795352e-05,8.405868e-06,8.565919e-05,3.3429535e-07,3.6074474e-05,1.5801777e-05,2.3545133e-06,8.485294e-05,5.3905034e-05,4.3580226e-06,2.4609571e-05,5.0569874e-06,8.960591e-06,5.7313027e-06,6.006484e-06,8.7851e-06,1.1463016e-05,1.9686158e-05,4.100826e-05,2.0788184e-05,9.2113274e-05,2.3793386e-06,6.219304e-06,7.5937423e-06,4.2675863e-05,3.5828766e-06,3.5572634e-06,4.493887e-06,4.5403456e-05,5.4799835e-05,5.8554397e-05,2.3456056e-05,9.059655e-05,5.395741e-06,1.3137426e-06,0.49047583,1.6011372e-05,6.806734e-05,0.96826607,7.1013557e-07,0.0041592703,0.5274062,0.001291532,5.585094e-05,4.2625998e-05,5.6328186e-06,8.793483e-08,1.6888831e-05,1.4949305e-07,1.3250506e-06,2.7619191e-05,2.2121134e-05,1.180832e-06,0.00014020405,0.00013552855,0.00023230421,1.6684546e-05,5.3875965e-06,9.781265e-05,1.7829936e-06,2.155347e-05,9.431784e-06,6.510802e-06,6.771424e-05,4.9777323e-06,0.00024150849,0.00026052678,9.774905e-05,0.0012135324,1.4571383e-05,4.2118013e-06,4.0591207e-05,6.876806e-05,0.00018363919,1.20209925e-05,7.346674e-05,5.6561006e-05,2.8440481e-05,6.0815655e-05,1.1366123e-05,0.00047579332,0.008821229,0.0026919125,2.070637e-05,1.0444337e-06,6.949996e-05,7.627648e-05,0.00014933548,4.0141556e-05,0.00030732172,0.00012885824,0.00019968038,2.2716353e-05,0.00023666481,7.4162046e-05,7.6968145e-06,6.2879066e-05,2.0652848e-05,3.4269764e-05,0.00028976524,0.000453662,0.0010015959,4.4629844e-05,1.29717e-05,8.917313e-05,7.754585e-06,1.2121953e-05,3.300262e-05,1.1168406e-05,0.0001640504,5.8782102e-06,3.0013405e-05,3.0999814e-05,2.4568419e-05,0.00034479995,3.496005e-05,8.23706e-05,0.000663079,9.798029e-06,5.4350337e-05,6.0129136e-05,7.529924e-05,8.630553e-05,3.261422e-05,0.0001284213,9.7024695e-06,7.235267e-05,0.00020968325,0.0005993951,4.1836985e-05,8.030955e-05,6.8069225e-05,7.5114954e-06,3.7618433e-05,8.668025e-06,5.9921404e-05,2.9190947e-05,3.7829539e-06,0.00023884371,6.625648e-05,2.399624e-06,1.0622807e-05,1.29024e-05,0.0012552949,2.2059055e-06,0.00015681569,0.00012447104,0.0015284116,5.437377e-05,7.1860836e-06,1.3832351e-06,7.961772e-05,6.494878e-05,0.00011787098,5.832777e-06,4.98476e-05,0.0003011149,3.6216596e-05,8.244793e-05,5.6066383e-06,9.776676e-05,5.841714e-05,6.544286e-05,2.014183e-05,3.5050653e-05,6.0083454e-05,3.0612297e-05,0.00011893997,9.999362e-05,0.00017372842,2.9098752e-05,3.6794234e-05,7.821113e-05,0.00027350071,0.00034493228,2.880614e-05,9.1932074e-05,1.942657e-06,0.00014889128,9.811822e-06,2.0946732e-06,0.00016092161,5.639456e-06,0.0026527958,6.349402e-05,5.5488872e-05,1.7625956e-05,0.00020880722,2.9707626e-05,4.7362562e-05,0.00012039198,0.00047388233,0.0045928517,0.0011809332,3.9315844e-05,0.00011818193,7.265515e-05,6.951236e-05,1.8284734e-05,0.000257269,7.772007e-05,5.8566948e-06,1.0235342e-05,0.00034349118,2.3944096e-05,4.6089448e-05,2.419141e-06,9.4098505e-05,2.6525338e-06,6.681177e-05,3.8720103e-05,0.00031976344
BC2026_Train_0055_S22_20220219_200000_055,3.6695105e-06,5.2502914e-05,5.2789056e-07,0.0019549467,2.5095373e-05,7.8002735e-08,5.055367e-06,5.4850666e-06,0.0007329953,0.0010521992,0.180637,5.494365e-06,9.984142e-06,1.2269633e-07,5.6087615e-06,0.028384758,1.8288532e-06,1.4118976e-07,0.08377565,0.0016600095,0.0001888205,0.018652186,3.6184007e-05,6.2045883e-06,3.8554957e-05,5.3854467e-07,1.6090064e-05,1.1398948e-05,6.3459784e-06,0.00020994054,3.5305544e-05,5.993123e-06,1.9528286e-05,4.5947954e-06,7.3422602e-06,8.427476e-06,7.21893e-06,1.2162666e-05,7.691795e-06,2.4242538e-05,2.949481e-05,1.5899792e-05,6.998313e-05,3.5754285e-06,6.130157e-06,8.118094e-06,4.5816392e-05,3.6690592e-06,4.6730447e-06,6.952363e-06,4.7890906e-05,5.242626e-05,5.7254656e-05,1.2954628e-05,0.000111583795,6.636183e-06,1.637202e-06,0.5832903,4.883328e-05,9.745829e-05,0.9864529,3.348282e-07,0.014697265,0.48135543,0.005616677,3.255096e-05,1.3076068e-05,2.4677536e-05,9.0803745e-08,1.6568862e-05,1.1809115e-07,3.3095112e-06,8.275378e-05,9.5063086e-05,2.6150913e-06,0.00020703074,0.00011411673,0.00024832075,1.3841463e-05,3.905461e-06,4.4624994e-05,2.566363e-06,2.9821109e-05,1.2255428e-05,4.921049e-06,6.4250824e-05,1.2183156e-05,0.00014137049,0.00035022333,0.00045083117,0.0009025658,8.885291e-06,2.7279007e-06,0.0001535826,7.386836e-05,0.00042575426,1.0471302e-05,4.6106943e-05,6.907024e-05,3.7107107e-05,4.3208798e-05,2.9211917e-05,0.0011254064,0.009747494,0.0013885067,2.8948489e-05,2.0350617e-06,1.8755754e-05,6.369094e-05,0.0002359054,3.507513e-05,0.00048628807,8.841093e-05,0.00021281549,2.8268183e-05,0.00051334326,5.883886e-05,1.4330791e-05,6.847737e-05,2.3258925e-05,2.0639594e-05,0.00038316354,0.00048268752,0.0011357312,2.578876e-05,1.30407625e-05,8.879494e-05,3.0147391e-06,8.177545e-06,2.0657002e-05,4.7554518e-06,0.00017013549,5.782443e-06,6.044706e-05,4.493815e-05,1.7018938e-05,0.0004663332,3.240202e-05,0.00016733444,0.00054988026,1.5900383e-05,5.2139872e-05,6.1581624e-05,0.000101726604,3.1484495e-05,7.06194e-05,0.00014344523,8.9707655e-06,0.00015714903,5.6557445e-05,0.0011606861,3.114501e-05,6.9963775e-05,5.8684476e-05,1.2134629e-05,6.496941e-05,1.1816413e-05,3.886416e-05,4.2079744e-05,3.096199e-06,0.0005336837,9.979918e-05,3.9034876e-06,2.0559719e-05,1.7991255e-05,0.0013207461,3.971532e-06,0.00013278314,6.4426415e-05,0.0017360903,8.793495e-05,5.4093944e-06,9.13991e-07,8.5845546e-05,8.209653e-05,6.97516e-05,2.5768743e-06,4.908807e-05,0.0004155851,5.007272e-05,6.4190936e-05,8.570359e-06,0.00014469106,5.313083e-05,0.00016952143,2.9695844e-05,3.0921103e-05,0.00013409638,1.5844074e-05,0.00016372661,0.00012613012,0.00014629548,1.712628e-05,7.4683674e-05,0.0001095351,0.00024002121,0.0011713404,3.3170327e-05,0.0001295715,2.2423644e-06,0.0003712394,8.766638e-06,1.6071258e-06,0.00022261811,4.680431e-06,0.0036580332,5.150632e-05,2.7169855e-05,1.230493e-05,0.00020466668,3.06031e-05,2.4322613e-05,0.0010831605,0.00046056107,0.0027487027,0.0011294553,9.605029e-05,6.4474116e-05,7.0793634e-05,3.067059e-05,4.047305e-05,0.00020571475,0.00014278828,6.02606e-06,1.4454253e-05,0.0005595157,2.341558e-05,3.7690035e-05,6.7988303e-06,0.00021422634,7.9250285e-06,0.00012999587,2.1517282e-05,0.0003471586
BC2026_Train_0066_S23_20241124_044002_000,2.4252714e-07,2.5927566e-06,2.2364492e-08,0.0002145585,1.6950351e-07,1.1656046e-08,4.4957607e-09,5.602136e-07,1.8490951e-05,2.2571649e-05,0.00069391215,2.9002395e-06,1.1047521e-07,3.2677247e-06,7.260559e-07,0.0011957319,1.8681303e-07,5.374362e-09,0.00011852332,1.3575911e-05,9.9710896e-08,8.029838e-05,1.4937962e-06,6.807485e-06,3.53776e-05,2.5296846e-08,1.7241844e-06,3.2636173e-08,1.0229372e-05,3.134148e-06,1.2235412e-06,3.060768e-05,0.000113130656,1.7282046e-05,1.04478995e-05,7.498482e-05,0.0091597885,0.038505506,2.6588555e-06,0.0003864333,0.051594667,1.2472558e-06,1.31861025e-05,1.2698385e-05,8.801964e-06,1.2263308e-05,0.03226383,1.5289597e-05,0.0012521502,0.018817682,4.8475563e-06,2.6664402e-06,3.4362142e-06,5.1938814e-06,0.04731841,5.169057e-08,2.9528695e-05,0.0016494949,4.6408055e-10,1.9308285e-08,1.5570631e-05,1.1679741e-07,0.00015734532,0.0002711802,0.0006400336,2.0258078e-06,1.1394133e-05,2.5920247e-07,1.2509282e-05,1.305531e-05,8.3570756e-10,1.5186039e-07,0.00092062185,2.0457608e-07,0.00010821186,1.8437772e-06,6.327202e-05,0.00025426666,0.00011140954,1.6608094e-05,1.6087333e-05,1.1544741e-06,7.684104e-05,8.138343e-07,1.3161165e-05,3.9119286e-06,4.0894594e-07,0.000101526675,0.00035222815,0.0009297902,1.4600695e-06,2.1532962e-06,0.00038123576,0.006881567,8.161177e-06,3.4134268e-06,5.8241003e-06,0.99874985,0.00036586335,0.001256928,0.022703385,0.0002509747,8.029242e-06,3.968405e-05,9.350787e-07,1.991646e-05,3.0827883e-05,5.893427e-08,3.0054678e-05,6.464649e-05,6.152064e-05,3.0370281e-06,5.9381995e-07,1.5195459e-05,1.4324329e-06,0.00011145758,6.419429e-05,8.1059494e-07,1.5972065e-06,0.006803045,1.2639177e-06,2.7096241e-05,2.3193892e-05,0.023290992,1.06933186e-07,0.00010289145,4.926881e-05,1.8297435e-05,5.622845e-07,8.255426e-07,3.887309e-08,8.591085e-06,1.1401829e-05,0.00020110597,1.3796636e-06,7.1938615e-08,4.2711166e-05,7.166188e-05,1.6213157e-08,2.3295173e-05,2.8097627e-06,0.008948042,2.8761006e-06,0.0009624748,1.05030445e-07,2.4868015e-07,0.00057604566,2.2021254e-07,0.00020492308,5.7047296e-06,5.3304295e-05,0.00019760831,1.06073485e-05,1.7756663e-06,0.00095660234,0.00034948377,5.750516e-05,0.00049992825,3.2601884e-06,0.00023655224,0.0041337856,7.973458e-05,4.1087432e-07,0.0009652743,6.076654e-06,4.369013e-06,2.900118e-06,4.2126198e-05,6.108745e-06,8.350902e-05,0.0010096311,2.068762e-05,8.688191e-07,1.0544092e-05,0.0036830276,3.063098e-05,8.2951624e-07,6.202831e-06,4.05098e-06,4.873024e-05,0.00043777193,6.689647e-06,0.000403657,0.001102804,4.836681e-05,0.00024489945,1.1518688e-06,0.00045019563,6.102447e-07,2.5343459e-06,3.766682e-05,4.172805e-05,4.539342e-06,4.2355405e-05,4.689104e-05,0.0002943335,0.00014559897,1.2754943e-05,6.400206e-05,6.151716e-07,3.7010454e-05,4.8468905e-06,4.3938645e-08,6.182535e-05,9.280282e-05,0.0005335489,5.765341e-05,9.442118e-07,5.634327e-08,8.1123755e-05,0.00015859341,0.0025070868,9.624349e-06,0.0040934742,1.5128427e-05,0.0012688302,5.8187412e-05,1.7551498e-05,2.7648548e-05,6.366452e-05,3.4179516e-06,5.6345507e-05,5.3779808e-05,8.791324e-05,2.2740248e-07,0.109575585,4.9622945e-06,1.8127761e-05,5.930887e-06,0.00059094076,4.2409665e-06,4.9745882e-05,4.4662056e-06,0.00043015793
BC2026_Train_0066_S23_20241124_044002_005,2.2190265e-07,1.9839194e-05,1.5096566e-08,0.00010382174,1.7379884e-08,1.7770569e-08,3.0680714e-09,1.051046e-07,4.83409e-05,3.3729063e-06,0.00026380387,2.7360946e-07,1.272865e-07,7.7005495e-07,1.4324218e-07,0.0011759452,2.0328407e-08,2.3256401e-09,5.000457e-05,4.958241e-06,3.6229284e-08,0.00012084953,5.7504103e-06,2.025886e-05,3.657747e-05,1.4758072e-07,2.7973913e-06,6.475936e-08,2.525187e-05,6.0207816e-07,2.2624445e-06,0.00011787906,0.00014490934,0.00015810314,3.3097425e-05,0.0005403697,0.017017202,0.045524716,3.17578e-06,0.0016593887,0.04563254,1.3640336e-06,7.811155e-05,9.0959256e-05,5.0216226e-05,6.788616e-05,0.054656528,3.0398822e-05,0.0015192298,0.015697496,1.3976774e-05,7.129264e-06,9.123355e-06,1.2367778e-05,0.28868133,1.8453742e-08,3.556293e-05,0.00023360667,2.9137126e-10,2.3564235e-08,5.8180667e-06,1.8376328e-08,1.948706e-05,0.00017209518,5.9516497e-05,6.585256e-06,8.798809e-06,1.1413238e-07,9.567369e-07,5.439642e-06,2.707703e-09,4.3980563e-08,0.00019666302,2.1829674e-08,8.526328e-05,1.4792073e-06,4.8252878e-05,0.00013492237,9.2913506e-05,1.614637e-05,2.2279006e-05,1.3181526e-05,3.193518e-05,1.1582556e-06,7.2654315e-05,9.407218e-07,3.42624e-07,9.600963e-05,0.00041343647,6.116999e-05,1.9434335e-06,1.2595222e-06,5.6560522e-05,0.0030172276,2.6906875e-05,6.6340925e-07,9.965886e-07,0.9940579,3.4597808e-05,0.00014988398,0.08621466,1.3819674e-05,8.700523e-06,4.923049e-05,7.644946e-07,5.9172307e-05,1.5476493e-05,1.1495381e-08,3.148317e-05,3.197327e-05,0.00019217674,1.0407082e-06,9.837964e-08,1.8101106e-05,4.0417117e-07,0.00017765042,3.791448e-05,3.163714e-07,1.2861597e-06,0.0013795721,1.4384795e-05,5.2242056e-05,6.6808047e-06,0.0032499125,8.430922e-08,3.9856503e-05,2.0137451e-05,4.15229e-05,4.0918535e-06,2.3733262e-06,5.4543353e-08,4.390172e-06,5.5384294e-06,0.00046287966,8.318556e-07,2.944218e-08,8.579309e-05,1.5955127e-05,5.340511e-08,1.8985414e-05,5.1325014e-07,0.027281031,9.731407e-07,0.00047606483,1.0890148e-08,2.970116e-07,0.00012984671,1.2203292e-07,0.0002198127,7.431182e-06,4.4488595e-05,2.6151707e-05,2.8952769e-05,4.0238e-06,0.0001345684,0.00039053572,5.2910338e-05,0.00018332322,1.3561524e-06,0.00013180674,0.0027351063,5.4586984e-05,4.4826797e-07,0.0008735941,1.8708379e-05,1.3882108e-06,1.6714379e-06,0.000100241836,1.2188119e-06,0.00028313516,0.00047862678,2.8746554e-06,8.754029e-07,7.9222855e-06,0.00030767618,1.9582985e-05,1.410895e-06,6.2556305e-06,2.7595523e-05,4.768829e-05,0.0005631236,3.129471e-05,0.0014959282,0.00022161049,9.032841e-06,6.1733495e-05,3.6676984e-06,0.00010583126,1.8694367e-07,4.4298354e-06,4.5001103e-05,1.7372433e-05,3.502267e-06,4.1891963e-05,7.995484e-05,0.00019349488,0.00013979354,6.5024315e-06,1.8155026e-05,8.5335074e-07,1.8976763e-05,2.4997394e-06,1.3433029e-08,2.2318367e-05,4.2924432e-05,0.00018318203,1.495841e-05,1.9776996e-07,5.995983e-08,0.000133497,0.00023803394,0.00020968626,1.2263682e-05,0.00080325233,4.750547e-06,0.0009897933,4.2968626e-05,1.3397763e-05,6.1876767e-06,0.00014761547,9.383045e-07,5.6170717e-05,9.370763e-06,7.645527e-05,3.8549913e-08,0.1285348,5.3092263e-06,1.621847e-05,1.4399757e-06,0.00024547547,2.5435327e-06,2.7166592e-05,8.454015e-06,7.863208e-05
BC2026_Train_0066_S23_20241124_044002_010,7.497831e-08,1.112444e-06,8.809242e-09,0.0001626255,1.2048163e-07,5.0872666e-09,1.2035933e-09,2.2638522e-08,3.4707034e-06,1.7780743e-06,0.00012486857,2.9339458e-07,8.438963e-09,7.209884e-07,2.299387e-07,0.00036808994,3.86409e-08,2.2195095e-09,8.214571e-05,1.9044359e-06,5.999953e-08,1.860914e-05,5.505356e-07,1.4476395e-06,1.7983142e-05,1.947673e-08,3.5255027e-07,7.854149e-09,9.863758e-07,3.2287073e-07,3.2777263e-07,5.8856654e-06,9.584076e-06,1.7160705e-06,3.5486535e-06,1.2724581e-05,0.0030634853,0.027612116,3.3516557e-07,0.000100528334,0.023977006,1.8851647e-07,8.251717e-06,1.748614e-06,3.0373471e-06,2.895522e-06,0.013923208,1.3654159e-06,0.00037352863,0.013329198,2.508616e-06,1.6997178e-06,1.8222635e-06,6.7194793e-07,0.03044853,1.8162204e-08,1.1225319e-05,0.00057854265,1.1504713e-10,5.856871e-09,4.6695795e-06,1.994724e-08,1.8158247e-05,3.7551265e-05,0.0003947978,8.0813663e-07,3.919891e-06,2.7386552e-08,1.8047817e-06,2.3190116e-06,6.219116e-10,2.2819341e-08,0.00029979777,3.8275896e-08,9.552796e-06,5.8082253e-07,2.2819311e-05,0.00023664586,2.1753463e-05,5.0188546e-06,3.538252e-06,3.5477738e-06,3.750356e-05,6.5946307e-07,3.4081895e-06,5.107e-07,1.5889401e-07,0.000101124446,0.00024544692,0.0010063641,1.8906758e-07,6.030183e-07,8.430338e-05,0.013363463,1.7525072e-06,7.310521e-07,2.207044e-06,0.99922895,6.144278e-05,0.0013437746,0.012450668,0.00082670926,4.867346e-06,7.934065e-06,1.4834907e-07,2.2816677e-05,1.42878625e-05,1.8544103e-08,2.4241957e-05,3.145304e-05,0.00017528018,3.2537123e-06,1.1123215e-07,4.4536246e-06,2.9096066e-07,4.775405e-05,5.5588658e-05,5.709856e-07,2.171573e-07,0.0167685,3.8906032e-07,4.2651085e-05,1.0193535e-05,0.018085375,4.4089244e-08,0.00015592227,1.5767593e-05,1.4626139e-05,2.4511536e-07,1.6678332e-07,7.2366992e-09,3.0653205e-06,1.5974325e-05,0.00010007393,2.6236066e-07,1.5758753e-08,4.5152933e-06,7.206271e-05,1.1094077e-08,1.9995866e-06,1.1062834e-06,0.0054606884,2.7292876e-06,0.0010935434,1.8924863e-08,5.030341e-08,0.0002608521,6.2280726e-08,2.8739465e-05,9.58921e-07,1.8671592e-05,0.00012046054,5.3809263e-06,2.7933956e-07,0.00053152384,2.5723839e-05,3.8576916e-05,0.00052316947,4.4375947e-06,0.00027134625,0.0020366905,9.601814e-05,1.0522033e-07,0.0007622017,2.88202e-06,1.3299626e-06,1.7949617e-06,7.071556e-05,1.2584524e-06,5.8936013e-05,0.00089787936,1.6462389e-05,3.903846e-07,5.4039183e-06,0.004440668,3.9900275e-05,1.3559934e-06,6.053327e-06,9.697934e-07,2.0772348e-05,0.00025770403,2.1471524e-06,0.00024027513,0.00019984914,0.00012313799,0.0002088614,3.367409e-07,0.00026671984,9.385822e-08,8.419535e-07,1.68029e-05,4.0280105e-05,6.3324273e-07,3.451595e-05,7.323647e-05,6.522666e-05,0.0004704231,3.6851764e-06,2.4306752e-05,8.3086456e-07,2.2330354e-05,6.8728414e-06,5.9175065e-09,2.1312224e-05,1.8852392e-05,0.00042067762,1.6201002e-05,1.7862376e-07,1.8197678e-08,4.156177e-05,0.0005451249,0.0033828248,8.004609e-06,0.0007009903,2.6566174e-06,0.0011004017,6.561382e-05,3.4389748e-06,2.5446085e-05,3.495685e-05,2.7179162e-06,4.4746954e-05,6.3170555e-05,0.00010482698,1.1796238e-07,0.19894649,1.3963931e-05,1.487268e-05,4.217171e-06,8.441101e-05,7.4821896e-06,2.1314725e-05,3.248629e-07,0.0003156508
BC2026_Train_0066_S23_20241124_044002_015,9.737645e-07,7.7546756e-05,2.9515329e-08,0.00060408784,8.1202563e-07,3.8256772e-08,1.6784737e-08,3.0096842e-07,8.29892e-05,9.178604e-06,0.00023744434,4.0783326e-07,1.3770342e-07,1.6140037e-06,1.0759981e-06,0.0012241546,4.634733e-08,1.3391535e-08,8.580021e-05,6.928291e-06,1.560862e-07,0.00018817867,8.858352e-06,1.51919985e-05,0.00015430701,2.4718415e-07,2.4425876e-06,3.731927e-08,1.4481723e-05,7.383931e-07,3.1370726e-06,0.000114108465,0.00024369315,5.9939524e-05,4.938067e-05,0.0002250019,0.0425173,0.13106245,5.16306e-06,0.0021273214,0.032989204,4.3079817e-06,7.532704e-05,6.7312125e-05,0.0002053091,0.0002785263,0.120022185,6.2311585e-05,0.0035109678,0.043159295,3.047978e-05,2.059579e-05,2.2462327e-05,9.123946e-06,0.1908017,1.4401897e-07,4.480874e-05,0.0016242494,5.6657488e-09,3.088005e-07,1.9050272e-05,1.0840354e-07,7.7422475e-05,0.00026711074,0.00012539323,3.173301e-06,6.0058588e-05,5.070989e-07,1.5407675e-06,1.4679524e-06,2.082029e-08,9.311715e-08,0.00017679873,5.907033e-07,0.00026864876,9.46999e-06,5.4315515e-05,0.00037709848,3.2331583e-05,4.608905e-05,9.399233e-06,1.2120542e-05,0.00014854484,2.5072768e-06,2.6013038e-05,8.016183e-06,1.3946225e-06,4.978295e-05,0.00053674047,0.00037770273,1.3929398e-06,1.8126544e-06,2.5930463e-05,0.009464406,7.639798e-05,1.2087876e-05,7.722371e-06,0.99399877,5.4111206e-05,0.0017514467,0.042544972,0.0009824717,5.4854998e-05,3.6509962e-05,1.7845194e-06,3.0479318e-05,0.00016153301,2.214659e-07,9.47955e-05,5.3090975e-05,0.00020930174,1.0160409e-05,2.7956073e-06,9.538607e-05,2.022559e-06,0.0005178003,8.806671e-05,1.879669e-06,6.205322e-06,0.014162948,1.2448706e-05,0.00039049998,3.827796e-05,0.012359052,1.1351387e-07,0.00055536244,1.2390883e-05,9.180111e-05,1.0548116e-05,5.6125424e-07,4.7375892e-07,3.439424e-06,0.00016077775,0.00081762695,1.6772614e-06,3.3862904e-07,0.0001445176,0.000104448816,4.877016e-07,1.3632202e-05,1.2531314e-06,0.050599314,2.6747313e-05,0.00029428775,4.0078838e-08,5.1060067e-07,0.0006721408,1.562554e-06,0.0012280341,2.2110194e-06,5.6597048e-05,0.0005272469,4.7428235e-05,1.7300714e-05,0.0002631688,8.428513e-05,0.0005231677,0.0013008137,2.107987e-05,0.0016721068,0.008610568,0.00011558953,1.1256978e-06,0.0010330053,1.3266829e-05,7.689492e-06,2.1702448e-05,0.00033136766,3.85924e-06,0.00021449961,0.0013036174,0.00012062077,8.787648e-06,1.9769106e-05,0.0031299565,0.0001409492,1.7925337e-05,7.251243e-05,2.5002639e-05,0.00016871691,0.0017713482,0.000117361895,0.00031186358,0.00010517552,0.00016006768,0.0010390581,1.0207357e-05,0.00030737126,9.2887404e-07,6.680906e-06,4.59106e-05,0.00032790328,1.3038438e-05,0.00044720413,0.00028016744,7.924709e-05,0.000501751,4.1148152e-05,4.6721914e-05,7.126402e-06,0.00013374099,7.53388e-06,2.2218615e-08,7.845053e-05,5.047197e-05,0.00086600403,5.079548e-05,4.1534536e-06,1.5545335e-07,0.0003771587,0.00023823328,0.0013436127,4.1002433e-05,0.00070711516,1.7830185e-05,0.003755528,0.000312665,7.698987e-06,4.226353e-05,2.1676055e-05,2.0224537e-05,0.0002970508,3.2833574e-05,0.0005558949,8.245473e-07,0.35012317,4.329207e-05,3.255096e-05,3.940629e-06,0.00038510055,1.3255637e-05,0.00011442204,9.676698e-06,0.0005542757
BC2026_Train_0066_S23_20241124_044002_020,2.3153545e-06,0.00047194035,2.2644402e-07,0.00076065504,2.91713e-06,6.2529847e-07,3.3964096e-08,6.9713457e-07,0.0004935758,3.7988395e-06,0.00015499227,2.3680832e-06,8.7313833e-07,7.287881e-06,6.827073e-07,0.002814166,1.4215469e-07,1.1727524e-07,0.00035186252,2.3367129e-05,6.7640485e-07,0.0004161222,1.2399937e-05,2.3285045e-05,0.00042838664,5.779002e-07,3.7248947e-06,4.1338072e-07,3.610094e-05,1.411571e-05,8.617336e-06,0.00066367484,0.0008501804,0.00018032917,9.103457e-05,0.0024563675,0.08212741,0.36186984,1.0279313e-05,0.005231724,0.137838,9.2176315e-06,0.00010205345,0.00041648673,0.0003726162,0.00046822094,0.3047316,0.00024314798,0.013994354,0.16378646,5.8512753e-05,3.1153508e-05,3.92364e-05,1.9689538e-05,0.5696756,5.3944166e-07,7.474345e-05,0.0013360566,7.048342e-09,2.479328e-07,6.293065e-05,5.809422e-07,0.00016199482,0.00051503,0.0011926993,6.963292e-06,8.816569e-05,2.5002423e-06,1.1059017e-05,2.320566e-05,4.2390592e-08,1.3330293e-06,0.00035354524,1.398465e-06,0.00072482025,5.1852453e-06,6.747922e-05,0.00036856893,2.4208715e-05,0.00014380978,0.00031311723,4.0269308e-05,0.00022629905,6.59562e-06,7.858231e-05,5.8795613e-06,1.1777718e-06,0.0002838138,0.0003407339,0.00072851055,9.021891e-06,6.475802e-06,0.0003694702,0.030041298,8.9793924e-05,2.1121385e-05,1.6232907e-05,0.99915016,0.00017509909,0.0011947005,0.0755937,0.0004985378,1.8692774e-05,9.971775e-05,7.147467e-06,4.371857e-05,0.000109714914,2.5562454e-07,8.8913395e-05,3.0389487e-05,8.7930435e-05,7.780794e-06,8.420924e-07,1.4141323e-05,2.3950836e-06,9.480147e-05,0.00013973557,6.234993e-06,5.475466e-06,0.008841628,2.0151781e-05,0.0003200458,1.336308e-05,0.012156666,1.8957234e-06,0.0011756349,9.432877e-05,0.00015540353,4.8864104e-06,6.768365e-07,6.2033183e-07,1.2216862e-05,0.00028138142,0.0003544193,4.115448e-06,2.3652927e-07,0.00031044442,7.011901e-05,2.1119608e-07,5.2711654e-05,1.9755219e-06,0.06315161,8.920067e-06,0.00063145405,3.0657424e-07,1.8244355e-06,0.0009589115,3.0171446e-07,0.0007072931,8.710535e-06,0.00018567825,9.868289e-05,3.5890618e-05,1.25359475e-05,0.0009469908,8.0852595e-05,9.5248826e-05,0.00028110683,8.994761e-06,0.0032162212,0.0011076042,0.00023631737,2.271674e-06,0.0007097072,1.9692485e-05,1.1107363e-05,1.6429627e-05,0.00033122083,2.132834e-06,0.0003426764,0.0009467834,3.53517e-05,3.9811525e-06,2.3800125e-05,0.002422893,0.00029571625,1.33478225e-05,3.0564977e-05,1.2220755e-05,0.0018642375,0.0009362627,1.7527194e-05,0.0004545934,0.0007957409,5.125452e-05,0.00035736253,1.8762252e-06,0.00017904656,1.3354954e-06,1.11904965e-05,9.849852e-05,0.0001551246,5.892343e-06,0.00043927788,0.00013700721,8.577223e-05,0.0011071649,2.0913694e-05,4.8384158e-05,2.2666663e-05,5.0240935e-05,2.1063894e-05,1.3589512e-07,6.609127e-05,7.413942e-05,0.0010483579,0.00025220716,1.5808999e-05,1.6639359e-07,8.0409714e-05,0.0006942571,0.002078349,3.9614253e-05,0.0009772801,2.448361e-05,0.00061205914,0.0001224064,5.7638237e-05,1.0779261e-05,0.0022676664,9.614937e-06,0.00011748104,7.105388e-05,0.00014971044,8.509484e-07,0.40828925,0.00012037397,7.082118e-05,2.4645435e-05,0.0009952054,1.5840495e-05,5.459542e-05,2.0622656e-05,0.00023136103
BC2026_Train_0066_S23_20241124_044002_025,8.222639e-08,2.4600538e-05,1.7653175e-08,0.00027592314,3.158251e-08,8.7793515e-09,3.0303091e-09,6.630571e-08,5.0572817e-06,3.9608126e-06,0.00017817749,4.394233e-07,2.3292058e-08,2.8573163e-07,1.2587641e-07,0.00019428835,2.1728567e-08,3.5358847e-09,6.437495e-05,2.7936296e-06,1.4411866e-08,7.8785946e-05,9.183763e-07,8.304294e-06,9.742414e-06,2.4633481e-08,9.742298e-07,9.54185e-08,3.590857e-06,8.902762e-07,4.6764867e-06,4.8182617e-05,0.00020070715,2.6442685e-05,1.9211862e-05,0.00018432896,0.019736629,0.04438762,2.1838352e-06,0.0012151262,0.02880315,1.6802536e-06,6.349954e-05,3.0089635e-05,1.7711132e-05,1.9613693e-05,0.04603989,3.0217021e-05,0.0012189593,0.013952311,1.9814575e-05,1.4543771e-05,1.4903676e-05,7.1867476e-06,0.12828223,1.48782835e-08,0.00014102098,0.00079568784,4.7307214e-10,2.3359819e-08,5.8956475e-06,5.4230487e-08,1.5182655e-05,7.643668e-05,0.00012641176,1.6475881e-06,8.680558e-06,7.182509e-08,2.1732042e-06,1.0283891e-05,2.1254463e-09,1.524323e-08,5.416727e-05,6.7114556e-08,6.727509e-05,1.5721967e-06,7.733224e-05,6.9544185e-05,2.2661847e-05,1.330861e-05,8.576964e-06,1.7685547e-06,1.7291311e-05,3.876762e-07,8.377913e-06,2.771599e-06,7.366158e-07,3.940845e-05,0.00020616755,5.40571e-05,8.919666e-07,1.1932198e-06,0.00029642164,0.008563183,1.0944269e-05,2.044863e-06,4.379663e-06,0.9981273,2.5210125e-05,0.0006652514,0.022914456,6.388035e-05,3.5567546e-06,1.5801024e-05,6.5468373e-07,2.1518043e-05,4.0499108e-05,3.8712454e-08,1.5345748e-05,4.809737e-05,1.9302472e-05,2.731311e-06,4.2944023e-07,8.068905e-06,4.956823e-07,9.242369e-05,7.1528884e-05,5.776132e-06,6.4860404e-07,0.0012528832,3.909605e-06,5.2958898e-05,3.4436548e-06,0.0026175452,2.4055963e-08,8.3547246e-05,1.7719292e-05,1.5095281e-05,1.1432167e-06,6.290877e-07,2.4487605e-08,2.5591848e-06,6.129506e-05,2.4242421e-05,5.3846765e-07,3.8916788e-08,2.336472e-05,2.634417e-05,4.6135998e-08,3.5067555e-06,1.6539831e-06,0.0031327326,3.2177963e-06,0.0004980412,3.0652885e-08,7.505872e-08,0.00020981306,9.0583704e-08,0.00064249744,4.518563e-06,2.3127872e-05,1.48359195e-05,7.706656e-06,2.7700664e-06,0.00035405572,4.7229507e-05,4.209042e-05,4.3339453e-05,4.7901167e-06,0.00010584812,0.0060170814,6.283951e-05,1.9282915e-07,0.00026958733,8.3159675e-06,5.974258e-06,6.249287e-06,3.181499e-05,1.3077462e-06,6.732316e-05,0.0005367113,4.2772012e-06,4.355125e-07,2.023426e-05,0.0015494087,4.2745636e-05,1.2797435e-06,2.9166542e-06,2.6716991e-06,0.00019900201,0.00035045765,6.9297384e-06,0.000111067355,0.00023256573,1.17796435e-05,0.00027932352,1.0186402e-06,0.00027283633,6.5090734e-07,4.3626465e-06,2.4014807e-05,1.8056502e-05,1.030003e-06,8.326625e-05,5.23107e-05,5.932486e-05,0.000107218504,5.960099e-06,1.1536779e-05,1.4797322e-06,3.3482156e-05,3.7018583e-06,5.5485914e-09,1.9330344e-05,7.638979e-06,0.00024587134,3.5010366e-05,1.0625884e-06,1.12099414e-07,5.936323e-05,9.944362e-05,0.00025977052,1.5338506e-05,0.00036717753,7.6808365e-06,0.0005425122,9.068644e-05,4.7745552e-06,5.9734944e-06,4.5214503e-05,4.8548613e-06,5.9644284e-05,3.6007146e-05,6.395093e-05,3.5138183e-07,0.14311074,1.0780258e-05,5.3904474e-05,4.544076e-06,5.8898764e-05,1.6685348e-06,2.1379175e-05,4.670929e-06,9.158556e-05
BC2026_Train_0066_S23_20241124_044002_030,1.3020984e-07,0.0001200657,5.993133e-09,0.00016292956,1.5931646e-09,1.4428002e-09,2.2488398e-09,2.373628e-08,6.528759e-06,2.607655e-06,6.1245926e-05,1.8850064e-07,3.4460086e-08,2.046165e-07,8.778719e-08,0.0003249082,1.2048589e-09,3.3199696e-10,4.654696e-05,2.5372938e-06,3.867827e-09,4.0350307e-05,5.549308e-07,4.9550263e-06,6.7795295e-06,8.487956e-09,1.2473404e-06,1.6435058e-08,4.832168e-06,2.2681726e-07,5.012272e-06,5.2957883e-05,0.0003506939,3.3412623e-05,3.4266624e-05,0.00016606411,0.03809159,0.13630648,1.8234996e-06,0.0023369452,0.053334504,1.2003829e-06,0.00014067555,3.664719e-05,2.071095e-05,2.9657436e-05,0.21648434,6.21884e-05,0.0034166132,0.038351163,4.3590968e-05,3.9367842e-05,4.3426786e-05,5.655824e-06,0.4292044,6.773013e-09,8.8891786e-05,0.0005063615,8.320569e-11,1.2765958e-09,3.6870115e-06,5.2537117e-09,6.282319e-06,3.045192e-05,3.5746612e-05,1.919003e-06,1.1499981e-05,1.611487e-08,2.0523632e-06,2.5319591e-06,1.6370975e-09,9.310398e-09,1.7881697e-05,5.2651597e-08,0.00016967749,2.0147877e-07,3.6574606e-06,3.455567e-05,5.257516e-06,5.78737e-06,3.6773683e-06,4.2316722e-07,2.1567266e-05,9.729727e-07,1.6264812e-05,6.8748597e-07,1.637141e-07,1.7203445e-05,6.966326e-05,1.738997e-05,1.2351385e-06,7.44957e-07,0.00027663592,0.0040062387,1.0913398e-05,3.7077092e-07,1.0267382e-06,0.9947731,1.0596197e-05,0.0010787207,0.05116301,2.3737382e-06,1.3017487e-06,2.3157689e-05,6.266781e-07,8.995789e-06,2.2351926e-06,7.1091524e-09,6.4747896e-06,1.5193605e-05,6.448409e-06,4.2848748e-07,1.7032879e-07,3.667219e-06,3.456165e-08,5.9810365e-05,5.5668547e-06,2.9511475e-06,4.695488e-07,0.0014274115,3.9335328e-06,2.9289129e-05,5.9545545e-07,0.0015020795,3.3616455e-08,7.597319e-05,4.034332e-06,8.093582e-06,8.305366e-07,6.798836e-07,2.8925962e-08,8.2957706e-07,1.7328883e-05,6.35397e-05,1.7775913e-07,2.9075518e-09,7.334928e-05,3.912791e-06,1.5594985e-08,4.5634756e-06,1.7047424e-07,0.011013006,7.893251e-07,4.8887985e-05,1.3406153e-08,4.3440412e-08,3.1350537e-05,8.770334e-08,0.0004934396,2.0298341e-06,2.7831418e-06,2.1667496e-05,3.7942339e-06,1.7021608e-06,7.946571e-05,3.0834574e-06,1.7088463e-05,1.7820603e-06,2.2314805e-06,0.00016013683,0.0062280297,1.2848533e-05,1.238437e-07,9.339052e-05,2.1914502e-06,1.3566582e-06,1.9609915e-06,1.3209842e-05,5.821168e-07,0.00014650363,0.00016948281,2.370856e-06,9.803293e-08,4.1745757e-06,0.0008742065,1.1921815e-05,3.1438154e-07,5.4170533e-07,8.1848884e-07,0.00023286926,0.0002572727,3.7210887e-06,7.6653465e-05,3.0393083e-05,6.5589697e-06,1.8738769e-05,6.536488e-07,1.9685443e-05,1.5164736e-07,9.982504e-07,4.83067e-06,3.968772e-06,3.1867905e-06,0.00015387122,1.342279e-05,5.6516783e-06,7.2092604e-05,4.686045e-06,1.2690867e-05,1.3393395e-06,9.7315215e-06,2.2256306e-07,3.3266062e-10,4.642679e-06,9.790725e-06,6.8326175e-05,1.7158978e-05,5.3491e-07,3.348035e-08,1.8864263e-05,1.0516927e-05,0.00021077672,2.4254397e-05,1.2015262e-05,3.8089715e-06,0.0008679979,1.4951523e-05,2.1122137e-06,3.9789026e-07,1.6281327e-05,7.355937e-07,3.6391673e-05,8.09552e-06,3.1407064e-05,7.1825916e-08,0.3473227,8.115269e-06,4.2735114e-06,3.7288219e-06,1.0157697e-05,2.693488e-06,2.1553265e-05,2.5363734e-05,1.2578652e-05
BC2026_Train_0066_S23_20241124_044002_035,7.04139e-07,0.000116824056,6.4391434e-09,0.003041043,3.3734167e-07,4.9489437e-08,9.977083e-08,2.1131717e-07,1.02732265e-05,2.2989578e-05,0.00014083418,1.5898844e-06,1.4669427e-08,7.444137e-07,3.2592357e-07,0.00071911584,1.198885e-07,7.7427575e-09,0.00065453723,5.7991433e-06,2.4186423e-07,0.000289602,5.936099e-06,3.0095518e-05,3.2535565e-05,1.3386662e-07,1.7693005e-06,4.4635772e-08,7.818743e-07,9.973074e-06,1.2212507e-05,4.476134e-05,0.00047761478,0.000101406986,9.981327e-05,0.00011542662,0.005695933,0.15961112,4.377141e-06,0.0025274316,0.12452634,8.50681e-06,0.00039552504,1.4774164e-05,0.000116752446,0.00014985383,0.4033274,0.00011457829,0.006236556,0.09591867,0.00012805298,0.00011901235,0.00013086747,2.0601407e-05,0.31355822,4.9660393e-08,7.323214e-05,0.0019224591,1.8081245e-09,5.5343566e-08,9.45162e-06,6.4968066e-07,8.554973e-06,0.00026661332,0.00079919625,7.838895e-06,5.0135154e-06,2.6395256e-07,2.272311e-05,3.740497e-06,8.033078e-09,2.4073497e-08,6.3184714e-05,7.3282655e-07,0.00016457669,1.6681942e-06,5.671867e-05,0.00043340045,7.177644e-05,0.0014241238,1.0856367e-05,7.4424015e-06,3.7823007e-05,1.0498008e-05,1.1764061e-05,1.3984716e-06,4.0281398e-07,1.5858466e-05,0.00020993293,0.00035273324,3.832024e-06,2.0303512e-06,9.003897e-05,0.04929132,0.00015865148,4.256424e-06,3.3175913e-06,0.9933007,2.7711292e-05,0.0047488017,0.0066363267,0.00019954315,5.5471883e-06,0.00023376265,5.5561886e-06,0.000121421646,1.19829465e-05,5.90927e-07,8.654998e-06,6.647336e-05,8.0506084e-05,6.8245295e-06,1.8687161e-06,2.613129e-05,6.7428203e-07,0.00010656423,5.5977995e-05,6.72765e-05,2.3319767e-06,0.0029663537,1.5888545e-05,4.642187e-05,2.6423313e-06,0.006550032,1.6640549e-06,0.000985934,1.9433892e-05,1.7785369e-05,4.0496047e-06,1.9062002e-06,4.6813675e-08,7.5496655e-06,0.0030594454,7.168519e-05,4.3675377e-06,3.442774e-07,2.1935472e-05,5.249315e-05,3.1417827e-08,6.277021e-05,5.6525996e-06,0.0062310756,1.8775013e-06,0.0003163413,3.7333866e-08,2.064283e-07,0.0002442822,1.5754176e-06,0.00022127773,3.3426936e-06,4.832015e-05,5.369827e-05,1.2253104e-05,7.044136e-06,0.0006980883,6.02198e-05,0.00010063615,1.900353e-05,6.10298e-06,0.0014991694,0.002274536,4.4137683e-05,2.5935528e-06,0.00027051163,1.8115594e-05,5.4111024e-06,3.0261665e-05,7.708132e-05,6.6331904e-06,0.00027250304,0.0008324292,2.3673249e-05,2.6856112e-06,2.6084455e-05,0.011553689,0.00092754676,1.3939196e-05,8.525848e-06,7.883456e-06,0.00018878089,0.00017374365,1.9466632e-05,0.00030417915,9.513682e-05,0.00011844232,6.9201975e-05,6.750086e-06,0.000104398234,3.0521628e-07,4.0429648e-05,0.00010238066,1.7383603e-05,2.6718248e-05,0.00027887308,0.00011841002,2.164284e-05,6.292076e-05,4.9577193e-05,6.920448e-05,2.0183941e-05,6.205138e-05,1.674241e-06,9.919432e-09,2.671537e-05,5.216599e-05,0.0002960728,2.5737534e-05,1.3917712e-06,6.561326e-07,0.000112850634,0.00041757722,0.0011377475,0.00034536296,0.00017922626,2.6311933e-05,0.0018459607,5.614533e-05,2.8045934e-05,5.264289e-06,0.00015928585,1.1115268e-05,0.00026612775,5.0823874e-05,8.076252e-05,3.4014897e-07,0.17063622,6.0201717e-05,1.6377737e-05,2.3876373e-05,0.0001609959,2.1625612e-05,0.00016681525,1.1677826e-05,0.0001005619
BC2026_Train_0066_S23_20241124_044002_040,2.2337363e-07,5.3995947e-05,5.692363e-09,0.0005688944,1.138239e-07,7.60161e-08,1.2304666e-08,2.5482717e-07,5.7688332e-05,5.1138995e-06,0.0001756779,6.232279e-07,4.001315e-08,4.5098784e-07,2.875643e-07,0.0007002108,4.694377e-08,4.6067394e-09,0.002155694,2.6621665e-06,1.2057174e-07,0.00011062003,2.116878e-06,6.447757e-06,1.0993066e-05,1.291997e-08,5.883633e-07,6.996416e-08,5.859141e-07,1.8131615e-05,3.3171198e-06,3.115942e-05,0.0003026365,2.4422441e-05,3.5254103e-05,7.3683324e-05,0.003207163,0.044595487,1.7119204e-06,0.0010667325,0.0282238,3.2270002e-06,9.402773e-05,9.9850095e-06,2.4564342e-05,3.139844e-05,0.17056519,6.427797e-05,0.0024551828,0.027393982,3.4420296e-05,3.0201669e-05,3.5326793e-05,6.137481e-06,0.12867789,4.9914984e-08,0.00024165936,0.0021178094,1.7708673e-09,1.085711e-08,8.133493e-06,6.648261e-07,1.4505042e-05,0.00020252803,0.00042624402,2.0638295e-06,7.922398e-06,6.5842315e-08,6.138228e-05,2.0974456e-05,2.2488829e-09,1.4151188e-08,6.500492e-05,2.571542e-07,0.00018363375,1.622936e-06,2.6654803e-05,0.0002303984,3.327665e-05,0.00050381914,2.6460599e-05,5.782713e-07,5.770171e-05,6.5453787e-06,1.438577e-05,1.2174271e-06,2.769937e-07,2.0351168e-05,0.00031498342,0.000514138,1.8923872e-06,1.7182406e-06,0.00010120509,0.00998902,6.7787514e-05,7.703365e-06,4.807145e-06,0.9941778,7.3944124e-05,0.006610481,0.0029404783,7.523407e-05,3.968363e-06,5.9094935e-05,3.9702254e-06,4.630373e-05,6.4163696e-06,1.2847003e-07,4.232193e-05,0.00011465217,1.4606527e-05,2.4050905e-06,1.3357947e-06,2.5469246e-05,3.1883147e-07,6.944167e-05,4.505671e-05,1.2762743e-05,1.523914e-06,0.001196297,5.079991e-06,3.3526314e-05,3.9332817e-06,0.007961422,3.9900857e-07,0.00038597142,2.1509282e-05,8.693133e-06,1.2799682e-06,1.3097182e-06,3.8482394e-08,6.390611e-06,0.00046748444,8.573037e-05,2.7807118e-06,1.6525009e-07,1.8073215e-05,3.178442e-05,2.70172e-08,4.3591386e-05,5.6868375e-06,0.0038394404,1.7041781e-06,0.00017211668,1.0408019e-07,2.469071e-07,0.00015153358,1.2927546e-06,0.00016606094,4.5675774e-06,3.3723587e-05,0.00011556683,8.739933e-06,5.538186e-06,0.0005610682,4.357513e-05,7.376102e-05,2.2484937e-05,8.012453e-06,0.0013376882,0.0020606942,4.4128887e-05,5.7633713e-07,0.00017129186,5.7922502e-06,1.1011838e-05,2.6160635e-05,3.5610305e-05,6.027848e-06,0.0018295908,0.0011993765,5.450126e-06,7.6324744e-07,1.462706e-05,0.016227784,0.00051399646,4.879788e-06,2.2009697e-06,3.2488722e-06,0.0008714142,0.00014059241,7.680009e-06,0.0001663773,6.385781e-05,0.00015787191,0.00010005217,7.508986e-07,5.8952814e-05,6.2113867e-07,1.6878495e-05,4.7957437e-06,1.2326132e-05,6.7356177e-06,0.00038017097,0.00022730633,5.3573724e-05,0.00011985957,4.891545e-05,2.63994e-05,3.4877114e-06,3.4202832e-05,1.4204007e-06,7.51091e-09,4.125494e-05,2.4331126e-05,0.0001851032,5.1205618e-05,2.081451e-06,1.5157666e-07,6.4737054e-05,0.00013312759,0.0005228018,8.104234e-05,0.00028550244,1.5723115e-05,0.0002910813,5.764692e-05,0.000107985186,5.158203e-06,0.00035142287,2.7789115e-06,6.0179158e-05,6.416314e-05,6.250816e-05,2.81393e-07,0.12324626,5.8076557e-06,1.7410895e-05,6.248202e-06,0.00038327405,4.575132e-06,5.4463497e-05,1.1615459e-05,3.8284496e-05
BC2026_Train_0066_S23_20241124_044002_045,1.2480241e-07,2.1482549e-05,1.6938014e-08,0.0004491538,1.529461e-07,1.9031539e-08,1.2438618e-09,1.061498e-07,5.0177016e-05,2.9526252e-06,0.00020471391,2.3848537e-07,1.2606634e-07,1.1217529e-06,1.9835042e-07,0.0009831642,1.453449e-08,3.1724072e-09,2.7865472e-05,4.4459516e-06,1.9237399e-07,0.00012310312,1.7436084e-06,8.935426e-06,1.06968555e-05,1.4459532e-07,7.7273864e-07,7.847101e-08,1.00199595e-05,8.274848e-07,1.9905792e-06,0.00019712035,7.141561e-05,6.896244e-05,2.494855e-05,0.00040514313,0.010285335,0.068887904,2.060209e-06,0.0017316418,0.05287369,1.1067098e-06,6.9271424e-05,8.539225e-05,8.220221e-05,9.358512e-05,0.08553524,1.3301541e-05,0.0017682429,0.025176449,1.651157e-05,1.1276264e-05,1.136051e-05,5.5385453e-06,0.4542639,1.6669913e-08,1.3376941e-05,0.0008376648,4.8099236e-10,4.4497977e-08,7.90495e-06,3.3314095e-08,0.00013422444,0.00010418631,0.0003869496,6.891737e-07,1.15851135e-05,2.8335208e-07,8.23269e-07,1.629263e-06,2.3382898e-09,5.7953894e-08,0.00013096584,3.1630503e-07,8.169598e-05,1.3639776e-06,2.6144875e-05,0.00011784153,1.9845269e-05,2.9836412e-05,2.3443934e-05,8.5352406e-07,4.913668e-05,1.0617293e-06,1.5810521e-05,1.9791255e-06,3.6947193e-07,4.1568943e-05,0.0004980709,0.00013073925,2.2333368e-06,2.2985744e-06,0.00024112633,0.003601022,1.32612395e-05,3.1169905e-06,1.9882173e-06,0.98971796,6.820262e-05,0.00036961696,0.0042031235,0.00015760945,7.063126e-06,1.5928445e-05,5.214301e-07,1.3471254e-05,9.257284e-05,8.004248e-09,1.9012195e-05,2.0542178e-05,0.00014182768,2.7188262e-06,3.4804108e-07,5.739781e-06,2.4397818e-07,0.0001453806,5.6238467e-05,2.9625798e-07,1.2932269e-06,0.0029731719,7.0292112e-06,5.565045e-05,5.8579462e-06,0.011259691,1.250798e-07,7.7602606e-05,9.9558365e-06,8.971047e-05,4.833057e-06,4.0545328e-07,3.9565695e-08,1.3822672e-06,2.7216976e-05,3.5751214e-05,5.9885133e-07,2.5790763e-08,1.7266873e-05,3.5247715e-05,4.5962707e-08,7.167624e-06,1.3442547e-06,0.015665479,9.661829e-07,0.00016532502,2.5248593e-08,1.3674027e-07,0.00014799855,1.5698355e-07,0.00056133163,8.177149e-07,2.7478505e-05,6.4689724e-05,9.408928e-06,4.542547e-06,4.3913868e-05,0.00016260907,4.9897917e-05,0.00013243768,4.3940213e-06,0.00021175468,0.0017583225,0.0001848672,7.1209615e-07,0.00022648273,8.818256e-06,2.6169198e-06,1.0283501e-06,2.7357393e-05,6.5809974e-07,0.00013989782,0.00024571244,1.0971754e-05,4.822192e-07,2.2730976e-06,0.0005334068,2.7524111e-05,5.761223e-07,5.5613677e-06,7.435179e-06,7.7458666e-05,0.00046942444,5.4013476e-06,0.000111784124,0.0001368748,8.243427e-06,0.0002680976,5.600096e-07,0.0002909115,2.6194317e-07,1.3556404e-06,1.9659705e-05,4.56279e-05,1.5611821e-06,3.5996127e-05,3.7574762e-05,8.297408e-05,0.00018308128,1.2023652e-05,2.8245817e-05,1.8639051e-06,2.629094e-05,2.0888085e-06,1.0484525e-08,1.8664825e-05,5.8169047e-05,0.00020241663,2.7504328e-05,1.7287284e-06,2.2704898e-08,3.667027e-05,0.000101267455,0.0013934206,5.743954e-06,0.0008690829,5.738495e-06,0.0013599925,4.387201e-05,7.0826804e-06,9.009165e-06,4.8917183e-05,9.054092e-07,2.635083e-05,9.173109e-06,6.2270774e-05,2.1014854e-07,0.15725975,6.3061016e-06,9.712301e-06,1.6239036e-06,9.608098e-05,9.1648635e-06,1.5780259e-05,4.2923857e-06,9.895107e-05
BC2026_Train_0066_S23_20241124_044002_050,3.484303e-07,0.0005203134,3.7489993e-08,0.00025601007,1.2558348e-07,1.1194985e-07,5.9229497e-09,3.008215e-07,0.0001603841,1.0944538e-06,7.24353e-05,1.2121282e-06,1.5634379e-07,1.4703076e-06,5.781522e-07,0.0010589045,9.090702e-08,1.2584071e-08,0.0001604269,9.111208e-06,8.9563045e-08,0.00021440741,2.9913929e-06,1.2951082e-05,7.261615e-05,1.6109173e-07,1.8037323e-06,1.7021513e-07,1.6637388e-05,4.465124e-06,3.817496e-06,0.00029266687,0.0004449183,0.00026298547,4.828312e-05,0.0024233114,0.016713109,0.12608178,3.591888e-06,0.005582577,0.07113395,3.4543314e-06,6.627038e-05,0.0002486759,0.00022636983,0.0003344676,0.21169437,9.692418e-05,0.006334886,0.057026815,2.9566903e-05,1.6444706e-05,1.9496654e-05,1.11983545e-05,0.65601027,1.0092802e-07,2.1599357e-05,0.0007953247,4.927539e-10,2.991022e-08,1.888896e-05,7.0834517e-07,0.00013372174,0.000405344,0.00040267254,3.4307561e-06,3.0400417e-05,1.8094125e-06,6.613515e-06,9.498028e-06,5.50411e-09,4.3566036e-08,8.5233776e-05,2.3217106e-07,0.0004933477,8.3999424e-07,3.1235344e-05,9.413082e-05,2.370775e-05,0.00014618771,9.8917386e-05,3.5220887e-06,3.9724033e-05,1.5109074e-06,5.141352e-05,1.2097225e-06,2.7535626e-07,9.217882e-05,0.00016488235,0.0005321831,1.974983e-06,8.8336236e-07,8.391494e-05,0.0060664085,0.00013300388,5.6362255e-06,3.3340148e-06,0.99901545,0.000143936,0.0012806089,0.024762802,5.757402e-05,3.5967519e-06,2.1869719e-05,1.1463576e-06,2.9696635e-05,1.7813292e-05,8.8896066e-08,6.368061e-05,1.4706156e-05,1.1858114e-05,1.0277777e-06,5.266481e-07,7.750274e-06,1.8268554e-06,3.073571e-05,3.133879e-05,2.3395148e-06,5.375382e-06,0.0021085276,3.6097792e-06,9.1679496e-05,6.70231e-06,0.008474658,3.9552984e-07,0.0004960549,2.0831189e-05,3.2051088e-05,1.1230085e-06,4.803346e-07,1.0013018e-07,5.5385663e-06,0.00022877677,0.00012827409,1.2771844e-06,5.731521e-08,4.652619e-05,9.193139e-06,2.4463468e-08,1.0949593e-05,3.4748555e-07,0.026120666,6.626248e-06,0.0005550679,3.6064367e-08,2.1884584e-07,0.0002573733,9.324671e-08,0.0004695504,3.6332576e-06,0.0004153306,5.176232e-05,5.6431432e-05,7.177666e-06,0.00021491763,7.05459e-05,3.6367455e-05,8.27717e-05,3.404506e-06,0.0006334028,0.0011203666,8.450806e-05,1.0000159e-06,0.00024310278,1.1558022e-05,3.2682979e-06,1.0950867e-05,5.7595873e-05,1.3013826e-06,0.00044236224,0.0013055439,6.208364e-06,3.69822e-07,7.925588e-06,0.0021924295,5.8171652e-05,1.9588774e-06,1.3532814e-05,6.611194e-06,0.00019815926,0.00012504552,9.838516e-06,0.00041573626,0.0002781081,1.0310239e-05,0.000113869,1.1993233e-06,9.842248e-05,7.568017e-07,2.9330306e-06,3.562709e-05,5.2638523e-05,5.649571e-06,0.00025988746,0.0003047815,0.00013794437,0.00013024526,7.295023e-06,5.808313e-05,3.5112598e-06,1.5943613e-05,6.012547e-06,1.8216255e-08,3.767843e-05,3.0494726e-05,0.0007213122,7.1678835e-05,6.063132e-06,7.103883e-08,7.701556e-05,0.00013780736,0.00032022953,5.8847727e-05,0.001785343,5.7103307e-06,0.00022554489,4.108463e-05,1.9226836e-05,4.00913e-06,0.005288947,1.7376791e-06,3.6184145e-05,1.8552615e-05,0.00028797975,2.0783477e-07,0.090727285,8.2683855e-06,3.0923904e-05,1.3716132e-05,0.0010897705,2.323521e-06,2.8002185e-05,2.1108657e-05,0.00012393642
BC2026_Train_0066_S23_20241124_044002_055,1.7953075e-06,0.0011751569,4.5539316e-08,0.00057482754,6.328021e-08,8.784648e-08,1.7710325e-06,8.512621e-06,5.0506347e-05,1.3434778e-05,0.0010201276,7.446441e-06,5.6273316e-06,1.9817016e-06,2.42117e-06,0.00010855177,2.1849871e-06,4.4706488e-07,0.00011041906,3.4349598e-06,1.3226327e-07,0.0004860874,5.287116e-06,4.1502753e-05,5.969531e-06,1.55916e-07,5.1943895e-05,6.191437e-05,3.0129606e-05,0.00013218005,6.5243956e-05,0.00010767938,0.0011213671,0.0004083256,0.0001160939,0.00077035883,0.060585707,0.0016727614,3.8247676e-05,0.0029942847,0.0016760399,3.2562104e-05,0.00013606591,8.910836e-05,3.3220596e-05,3.4049324e-05,0.0043784315,0.00024172918,0.000495966,0.0004239233,7.734418e-05,5.4746662e-05,8.190854e-05,8.637395e-05,0.0152969705,3.7274353e-07,0.046904705,0.000682455,1.2627775e-07,6.962257e-07,4.789922e-05,3.2007712e-05,3.248847e-05,3.736352e-05,4.8757618e-05,4.6198096e-05,1.579887e-05,7.530496e-06,0.00018381752,0.00018555012,6.881183e-07,4.8527835e-07,0.00034779595,4.5008005e-06,0.0033691556,3.4508907e-05,0.0010810621,0.0002585918,6.6568005e-05,3.1002328e-05,0.00049049914,8.8986377e-07,1.8615388e-05,2.071269e-05,4.29185e-05,2.9860405e-05,1.4294921e-05,0.00043725834,0.0009274663,0.0002020882,1.6058639e-05,0.00020494143,6.0180417e-05,0.0155606065,0.0007711242,4.045869e-05,0.000112030415,0.90582657,0.00043060264,0.006210824,0.0663391,2.1009948e-05,9.236509e-05,0.00019029735,5.0066177e-05,0.0006582211,0.0001048043,1.252671e-05,0.0001413453,0.0011947517,5.891264e-06,4.7859452e-05,4.246942e-05,6.349833e-05,8.27223e-05,0.0003905091,0.00017679048,0.00018711945,0.00014844714,0.00046725076,0.00042562766,0.00016642998,3.6100013e-05,0.0036154774,3.9595475e-06,5.8239202e-05,8.989724e-05,9.993946e-05,5.827951e-06,0.0072723455,1.16252e-05,5.9647064e-05,0.0002098577,0.00016417073,2.708162e-05,1.011645e-07,0.0065890225,0.0012037056,3.285705e-06,0.00015456427,7.4235177e-06,0.0040472527,1.7309245e-05,0.0009108043,4.515353e-05,2.4875393e-07,0.00015175567,1.7134165e-06,0.014185738,0.00010787002,6.385178e-05,3.3750774e-05,0.00041233227,3.8697657e-05,0.0019890412,0.0062320977,0.000106757376,9.250796e-06,7.235349e-05,0.00024831435,0.0021843286,0.00052917097,1.3179918e-05,0.00030372362,3.0637704e-05,0.0005355584,0.00020331799,0.00025080293,1.1566623e-05,0.0031252808,0.00041939854,6.9510115e-06,2.7323942e-05,3.84226e-05,0.001352669,8.2444625e-05,6.141097e-05,3.060094e-05,4.0190087e-05,0.0012372019,0.00048822397,9.303526e-06,0.00071730756,0.0004189422,2.7267819e-05,6.184238e-05,4.2450025e-05,0.00031732296,2.5681507e-05,0.0001977757,0.000115131246,1.6480091e-05,0.00019293831,0.0004390106,0.0025833996,0.0007543453,0.0001558554,0.00069528015,0.00029922926,4.3093005e-06,6.2121486e-05,2.0827574e-05,6.903426e-07,0.00016981766,0.000109055596,0.0003651353,0.0008086941,6.9035996e-05,4.797561e-05,0.0009896551,0.00019822805,0.0004137872,0.0001555715,0.0033868975,0.00017878538,0.00090930547,0.00013289586,8.000434e-05,5.7315433e-06,0.0008560956,3.8739604e-06,0.0001932047,0.0008997622,0.0003741439,3.2821114e-05,0.05736207,0.0001297702,0.00022786659,3.550966e-05,0.00026995438,1.8789684e-06,0.00043716788,0.00021951341,0.0007800422
