row_id,1161364,116570,1176823,1491113,1595929,209233,22930,22956,22961,22967,22973,22983,22985,23150,23154,23158,23176,23724,24279,24285,24287,24321,244024,25073,25092,25214,326272,41970,43435,47144,47158son01,47158son02,47158son03,47158son04,47158son05,47158son06,47158son07,47158son08,47158son09,47158son10,47158son11,47158son12,47158son13,47158son14,47158son15,47158son16,47158son17,47158son18,47158son19,47158son20,47158son21,47158son22,47158son23,47158son24,47158son25,476521,516975,517063,555123,555145,555146,64898,65377,65380,66971,67107,67252,70711,738183,74113,74580,760266,ashgre1,astcra1,bafcur1,baffal1,banana,barant1,batbel1,baymac,bbwduc,bcwfin2,bkcdon,bkhpar,blchaw1,blheag1,blttit1,bncfly,bobfly1,brcmar1,brnowl,bucmot4,bucpar,bufpar,bunibi1,burowl,camfli1,chacha1,chbmoc1,chobla1,chvcon1,cibspi1,coffal1,compau,compot1,crbthr1,crebec1,dwatin1,epaori4,eulfly1,fabwre1,fepowl,ficman1,flawar1,fotfly,fusfly1,gilhum1,giwrai1,glteme1,grasal3,greani1,greant1,greela,grekis,grepot1,gretho2,greyel,grfdov1,grhtan1,gycwor1,horscr1,houspa,hyamac1,larela1,lesela1,lesgrf1,limpki,linwoo1,litcuc2,litnig1,mabpar,magant1,magtan2,masgna1,nacnig1,ocecra1,oliwoo1,orbtro3,orwpar,osprey,pabspi1,palhor3,paltan1,phecuc1,picpig2,pirfly1,plasla1,platyr1,plcjay1,pluibi1,purjay1,pvttyr1,ragmac1,rebscy1,recfin1,redjun,relser1,rinkin1,rivwar1,roahaw,rubthr1,rufcac2,rufcas2,rufgna3,rufhor2,rufnig1,ruftho1,ruftof1,rumfly1,ruther1,rutjac1,sabspa1,saffin,saytan1,scadov1,schpar1,scther1,shcfly1,shshaw,shtnig1,sibtan2,smbani,smbtin1,sobcac1,sobtyr1,socfly1,sofspi1,souant1,soulap1,souscr1,spbant3,spispi1,sptnig1,squcuc1,stbwoo2,strcuc1,strher2,strowl1,swthum1,swtman1,tattin1,thlwre1,toctou1,trokin,trsowl,undtin1,varant1,watjac1,wesfie1,wfwduc1,whbant2,whbwar2,whiwoo1,whlspi1,whnjay1,whtdov,whwpic1,y00678,yebcar,yebela1,yecmac,yecpar,yehcar1,yeofly1
BC2026_Train_0005_S08_20250607_070007_000,8.911589e-06,0.00033410176,6.327565e-06,0.00016788855,3.254561e-07,1.8836135e-07,3.113571e-06,1.3543482e-06,1.1665915e-05,0.000111804366,9.0849426e-05,8.243633e-07,0.00017102502,4.766371e-07,1.3199136e-06,0.00029792494,1.8646202e-07,4.0579393e-06,3.2195036e-05,6.4763604e-05,2.8216796e-06,7.778465e-05,1.3194833e-05,3.5401758e-06,9.841303e-06,8.495133e-07,6.5489194e-06,2.4770761e-06,0.00017321498,1.9691586e-06,4.9385755e-05,5.7693065e-05,0.024323845,8.1636565e-05,9.119413e-06,0.00022157478,4.6918285e-05,0.00016929756,0.00012013201,8.392742e-05,0.00022037889,1.3509411e-05,3.0064253e-05,0.0001309757,4.4907753e-07,3.3007285e-07,0.01824198,0.098360285,0.00094336254,0.00022110647,5.492383e-05,3.6984555e-05,1.6372958e-05,1.876205e-05,0.00016951367,9.541923e-08,0.00022694575,0.0005322603,1.5413082e-07,4.4114626e-05,4.6226738e-05,7.711619e-08,2.0311845e-05,8.7029584e-05,8.87308e-06,3.332597e-06,1.0373221e-05,1.2023119e-07,3.390305e-06,1.5069071e-06,4.9899895e-06,6.5466343e-06,0.0017600558,0.0016930244,0.0003831581,3.9247367e-05,0.006664826,0.028406166,0.000652824,0.00049905555,0.00030448003,0.00025227186,0.0062237545,0.00041267026,0.0011916999,0.00026335657,0.0004841833,0.001471008,0.009449474,0.0014651694,6.53995e-05,0.0016497807,0.00075814174,0.0010084772,0.0011971707,0.0012233031,0.0005368321,0.0067035235,0.0007714586,0.0007985477,0.00075911556,5.5126537e-05,0.0039978907,0.00024501997,0.00074086344,0.009544305,0.0008413101,1.7846625e-06,0.010408467,0.0007604213,0.0015105896,0.0016979777,0.0016189235,0.00081330346,0.00033675495,0.009095101,0.008008297,0.0007102502,0.006220355,0.013103321,0.0023032879,0.009246339,0.0002874953,0.8067284,8.563552e-06,0.005184334,9.7600205e-05,0.016150841,0.0007435215,0.0012469117,9.259526e-05,0.00043163786,4.252344e-05,0.0085115805,0.0003825063,1.3413424e-05,0.0014363711,0.0020938623,0.0014780499,0.00010386917,0.00011452924,0.00062961335,0.0004863771,0.004645886,1.2042219e-05,2.5774518e-06,0.0005274417,0.00087203475,0.0063454667,6.251764e-05,0.0014058782,0.0030609043,0.005138729,0.00020619547,0.03735063,0.0033291911,0.0044344724,0.00022300116,0.0005528669,7.121967e-05,0.0012506983,0.0033371719,0.00012887716,0.00086860475,0.00057893264,0.00014556787,0.0029667304,0.0010127969,0.00015234516,0.010794542,0.0043237517,0.00019562135,6.8954876e-05,4.476172e-05,0.009185879,0.00044774354,0.0022354918,0.0053700306,0.015230724,9.852371e-05,0.0027068818,0.008351239,0.0054323943,0.008086819,0.006652759,0.00066151837,5.5165847e-06,0.0093136635,6.709769e-05,0.00035866394,0.0020251328,0.008952724,0.0050536836,0.0068032453,0.018012337,0.001563357,0.015652845,4.75976e-05,0.004059517,0.00072834606,0.00011964079,9.4676885e-05,5.6336353e-06,0.0017441681,0.0016232042,0.0022250386,0.0017110622,0.0006877109,0.005411982,0.00029045506,0.0010550794,0.030894758,0.007682368,0.0037984666,0.00035017778,0.030403754,0.008095962,0.0008961701,6.668733e-05,0.00015051213,3.930025e-05,0.0002515561,0.000699036,0.020614052,0.00044144897,0.01791936,0.0009448923,0.00034846686,0.00030473326,0.017766004,0.00091465464,0.04024588,7.730842e-05,0.0001644896
BC2026_Train_0005_S08_20250607_070007_005,5.4514027e-07,0.044606607,2.1105608e-08,3.569034e-06,9.814196e-09,3.1055363e-11,3.4969055e-08,6.8988004e-10,4.6168836e-08,7.792526e-05,0.00014864927,1.552835e-08,2.261702e-06,1.4010378e-08,3.3041891e-10,6.15368e-06,5.7597642e-11,4.469745e-08,5.7525713e-06,1.2886689e-07,1.1385985e-09,2.1707085e-05,1.7437965e-07,1.2791054e-06,4.843984e-07,1.71466e-08,8.7465205e-06,1.3790714e-07,5.0033148e-05,2.5429786e-08,0.0006996488,6.7938267e-06,0.9972621,9.270765e-05,7.254396e-05,0.0003391,1.559001e-07,1.0871598e-05,4.2946664e-05,0.0030237741,0.00016997155,5.2604755e-06,0.00040534264,2.8528442e-05,1.9601144e-10,3.9687947e-10,0.9558162,0.9955747,0.00016508685,3.1539134e-06,0.0060902117,0.0003287428,0.00016159803,0.0002577625,0.0010575036,2.9896557e-10,0.0015207488,0.00014946597,2.9285373e-11,1.1617303e-06,1.3913565e-05,5.930147e-10,2.2083162e-08,4.346441e-05,2.2342786e-06,1.8823612e-05,2.0408088e-08,5.1758327e-09,5.579985e-09,1.7663166e-09,2.774289e-09,1.401684e-09,9.570065e-06,0.00032123097,4.626418e-05,6.225119e-06,0.00053450937,0.000269907,2.0109555e-06,9.799392e-07,1.0233822e-06,1.2852241e-06,0.00015991741,3.3832073e-08,1.4637277e-07,1.9209481e-05,3.4015848e-06,4.0922087e-06,6.560487e-05,1.9339523e-06,1.6728987e-06,5.8690242e-05,8.547223e-07,3.9912354e-07,3.1748596e-06,6.1985797e-06,2.5232952e-05,8.2625964e-05,2.910175e-06,1.741493e-05,5.2600985e-06,3.578385e-08,2.7236067e-06,1.5108026e-05,7.25895e-05,2.1599024e-05,2.1199103e-06,9.254715e-09,2.6628545e-06,2.9188332e-05,1.7999082e-05,1.8118619e-05,1.800972e-07,1.7034957e-06,1.7421175e-06,2.3632716e-05,1.1631521e-05,2.9231768e-07,2.851405e-05,1.8438337e-05,0.00012432964,0.00056043454,2.459541e-07,0.0007796929,2.0474747e-07,7.3414685e-06,2.281087e-06,0.0004918363,1.2386546e-05,2.7367023e-05,5.77692e-06,8.0198754e-07,7.395968e-07,1.3957017e-06,6.015662e-07,3.839748e-09,3.8396627e-07,3.8664093e-05,2.123664e-06,6.9007865e-07,7.796457e-07,2.455328e-06,1.4200052e-06,6.832018e-06,1.8463234e-06,3.3317687e-10,0.0001114969,1.2342431e-07,4.933774e-05,1.5199457e-07,0.00011808382,9.825155e-06,6.0068905e-06,5.8681003e-06,6.93153e-05,4.8148766e-05,0.00014369424,3.9066272e-08,3.6909972e-07,2.199795e-08,1.09138995e-07,5.2714636e-06,1.4179998e-06,1.0897066e-06,4.3787288e-05,7.8037095e-07,9.100437e-05,1.3224299e-06,1.9866808e-07,2.3266244e-05,0.00020215027,1.0709397e-06,7.0695506e-08,9.2787985e-07,0.00027713776,1.8634892e-05,0.0056548524,5.1786474e-06,8.0379665e-05,1.4358768e-06,1.9339302e-06,2.9880206e-07,2.1742968e-05,3.21853e-06,2.4429477e-05,1.6508375e-05,6.894452e-07,3.2327293e-06,8.206439e-08,3.586801e-06,3.1542553e-05,5.633669e-05,3.935613e-05,2.3922848e-05,0.00017742104,6.057774e-06,3.825205e-05,6.021862e-08,1.1363922e-05,1.5987135e-07,4.3987697e-07,2.414812e-07,4.3432166e-10,4.5706987e-05,6.900228e-06,7.0227734e-06,4.5778327e-07,5.9140393e-07,1.3865317e-06,3.4540943e-05,9.382191e-06,7.673384e-05,3.2814994e-06,1.7339114e-05,1.7331574e-06,3.0987542e-06,3.42697e-05,9.758525e-07,1.0897442e-08,5.983232e-06,7.226881e-07,1.3148257e-05,4.5716376e-07,3.1904272e-06,5.3771537e-08,0.000112187015,3.095995e-06,1.2349983e-06,9.787857e-07,0.00020216356,1.8938177e-07,1.0301796e-05,1.128901e-07,7.2694195e-07
BC2026_Train_0005_S08_20250607_070007_010,1.8725967e-07,0.000317868,2.9942527e-08,6.7235646e-06,8.75063e-09,6.016919e-10,2.3483071e-08,1.0089656e-09,8.745261e-08,1.3607529e-06,5.6980907e-06,5.1613533e-08,8.648741e-07,2.4102855e-08,7.140762e-09,3.1611635e-05,3.891326e-10,3.2440533e-07,6.384367e-06,2.2201896e-06,1.4119024e-08,1.3402684e-05,1.4823027e-07,2.2129255e-07,9.499536e-07,7.889463e-09,5.4627634e-07,4.8100752e-08,6.7012243e-06,1.1319972e-07,8.445297e-06,4.5021097e-06,0.674371,1.305709e-05,1.6354402e-06,6.031027e-06,2.7788305e-05,0.00039172688,1.0403755e-05,8.292077e-05,2.567059e-05,7.1329237e-07,1.3083877e-05,4.3667883e-06,5.0698112e-09,2.020632e-09,0.8150503,0.94390243,0.0001274263,4.159904e-05,4.5377004e-05,1.6626856e-05,7.6361675e-06,1.6900182e-06,5.7610927e-05,7.612935e-10,0.00015499967,2.9010866e-05,1.8288485e-09,2.10009e-06,4.962132e-05,4.2905451e-10,1.2101076e-07,9.856303e-06,8.3562765e-07,2.2949858e-07,6.068514e-08,8.038592e-10,2.9784918e-08,1.3625844e-08,1.3768674e-07,2.7437476e-08,0.0001640127,0.0001334228,0.00017668195,9.015965e-07,0.0017640188,0.0012015937,6.215503e-06,1.5273274e-05,1.5020593e-05,1.9303573e-06,0.00037337324,2.191515e-06,0.00013646846,3.3428435e-06,4.7101903e-06,2.4043451e-05,0.00018818479,9.6481825e-05,7.654685e-07,0.00016021686,4.8849168e-05,0.00010738376,3.197016e-05,9.263395e-05,3.9310144e-05,0.003775822,1.1849071e-05,8.536351e-05,0.00023037136,5.672158e-07,0.0002037018,3.8402162e-05,0.00019332318,0.0009255493,5.1066105e-05,9.514662e-08,0.00017340519,2.2217178e-05,0.00013201403,0.00012531123,3.8687103e-06,6.3388456e-05,2.778385e-05,0.0016690762,0.00040785142,3.1306976e-05,0.0003965049,0.00015880208,0.0002886213,0.0014088582,1.6322352e-05,0.025017722,5.6341065e-07,1.6435e-05,2.1037677e-05,0.06125625,8.14561e-06,0.00028775007,7.065113e-06,2.4318277e-05,1.0718562e-06,5.3830343e-05,1.814313e-06,8.643316e-07,0.00015107349,3.3230226e-05,2.6833412e-05,2.6683821e-05,1.0556039e-06,0.00017421329,9.360888e-07,0.0002907662,2.1326753e-06,5.0596466e-10,3.737749e-05,8.9866815e-05,0.0007077499,1.2026711e-06,1.6842576e-05,0.00010203019,5.5046945e-05,1.1872847e-05,0.017801397,5.7232053e-05,0.00022888891,4.752015e-06,7.87719e-05,2.1464114e-06,0.0002402142,5.2565832e-05,7.285166e-07,0.000118009986,0.00024007684,1.4835871e-06,0.0016016574,4.3647335e-05,1.8217999e-07,0.00023038675,0.00020175822,8.215496e-06,2.3593308e-05,2.0743923e-06,0.0023605353,2.7476148e-05,4.113312e-05,0.00054813694,0.00061301806,5.6763365e-05,0.00014097917,4.197938e-05,8.97666e-05,7.573312e-05,0.0039012139,0.000100084624,2.7988719e-08,6.576247e-05,9.916964e-07,6.7665014e-06,0.00030131044,0.0006087071,0.00050414633,0.00017532229,0.00059207197,1.8867646e-05,0.00028475595,1.0424426e-06,0.0017477059,7.2006133e-06,6.920816e-07,9.2572225e-07,8.695811e-08,0.00021706353,4.2690397e-05,0.00028509958,8.3658066e-05,2.6579464e-05,0.00017431198,3.101342e-05,7.3267205e-05,0.0034468116,0.00022986496,0.00013787558,4.363171e-06,0.15049471,0.00034498636,3.6257476e-05,1.5220577e-06,2.2759894e-05,1.0428208e-07,3.4390962e-06,3.2825358e-06,0.00018678648,1.4320914e-05,0.007539805,0.00011935522,4.59286e-05,1.0659666e-05,0.0004882458,5.5389096e-06,0.0056638303,4.417439e-07,8.360498e-06
BC2026_Train_0005_S08_20250607_070007_015,2.161751e-05,0.0051368666,1.8850059e-06,9.0544556e-05,9.1016325e-08,9.024363e-08,8.3552953e-07,1.2176298e-07,1.2309275e-06,3.2104377e-05,5.211502e-05,5.4737984e-07,0.00013977595,2.8860418e-07,1.9832544e-07,5.8435362e-05,2.9070598e-08,2.6911287e-06,6.6090947e-06,7.5832846e-05,5.4096085e-07,0.00025722708,1.06630005e-05,1.2331282e-06,1.7347105e-05,6.73446e-07,9.7279e-07,1.996892e-06,0.00019096023,2.35167e-06,3.2860047e-05,3.1617663e-05,0.1124063,1.5740488e-05,1.2319033e-05,0.00011580632,1.7195229e-05,7.9234174e-05,1.7508135e-05,0.00017940083,0.0002301119,2.1760268e-06,4.865358e-05,0.000100789715,5.573148e-08,5.8701044e-08,0.28471848,0.40830642,0.0019265267,0.00026502734,0.00011085435,0.00015662904,4.0378905e-05,8.28275e-06,0.00028099082,2.743481e-08,7.6918535e-05,0.00010658537,1.3958527e-08,1.6779937e-05,2.7225984e-05,8.264192e-09,2.2616914e-06,0.00022174258,1.1139878e-05,2.8209104e-06,4.5973507e-06,8.9584226e-08,2.1055587e-06,6.828252e-07,8.8560455e-06,1.4911744e-06,0.00035764748,0.00025728004,0.0031688772,1.8134037e-05,0.008448059,0.0027782063,0.000108157175,0.0003262973,3.6087004e-05,3.6026344e-05,0.0018279167,2.5206638e-05,0.00026919052,0.0001247266,3.081554e-05,5.2278036e-05,0.0018283259,0.00078411173,4.240176e-05,0.00075687596,0.00038461204,0.00037147469,0.00012894107,0.0016758713,0.0003383908,0.022366574,0.0004186306,0.00019160697,0.00023840256,4.0480445e-06,0.0012458207,0.00028443278,0.0014412571,0.0008846813,0.00023651097,1.9161543e-07,0.0013099512,0.00019038244,0.0009772023,0.00032957154,0.0001448291,0.00021508204,5.0335366e-05,0.0010316707,0.0033556754,7.81749e-05,0.0067550726,0.0006995878,0.0033065714,0.0025048794,0.00012159812,0.75880617,2.4249057e-05,0.0011933203,2.6454061e-05,0.011589957,0.00020564787,0.0006262933,0.000104516665,3.142192e-05,7.6874094e-05,0.00048910384,7.40667e-05,2.9856383e-06,0.0014931023,0.0002479172,0.00011490751,3.5817517e-05,1.4767134e-05,0.00020868581,3.697729e-05,0.0006689605,3.209837e-06,2.2765073e-07,0.0003056769,9.6619715e-06,0.0011443697,9.9558465e-06,0.0007045003,0.00113613,0.0009710671,2.9942505e-05,0.013875569,0.00039100382,0.0024061345,0.0001057916,0.00027904884,3.0378216e-05,0.00024325095,0.0006604736,5.106669e-05,0.00018457025,0.00014527349,5.0042596e-05,0.0005161257,0.00035691925,3.8478225e-05,0.004221954,0.0006540549,6.3133826e-05,3.055941e-05,3.0170088e-06,0.006429888,0.00029247304,0.0010388993,0.00038759637,0.003123711,4.5486966e-05,0.0001893565,0.0012153769,0.0006651388,0.00205429,0.0051019597,0.000166887,1.8606534e-06,0.00062943395,3.2299533e-05,4.3119515e-05,0.00038700175,0.0015772218,0.00086872524,0.00077768863,0.0022431817,0.00050889933,0.0016680364,1.7517235e-05,0.001021695,0.00017224048,1.9068484e-05,5.2638425e-06,1.0577817e-06,0.002465445,0.00033276668,0.00040992838,0.0003221965,0.001487142,0.0009970071,0.00016968962,0.00040911246,0.003876234,0.00213051,0.00076240394,0.00021035508,0.0009016159,0.0019945807,0.00011700712,1.2776248e-05,0.00010523472,5.013506e-06,0.00023395484,6.908006e-05,0.00080372667,3.5880388e-05,0.0020671978,0.00032989474,8.5823776e-05,3.287744e-05,0.0070484634,0.00017686415,0.004360951,3.4136036e-05,6.5107466e-05
BC2026_Train_0005_S08_20250607_070007_020,2.281357e-06,0.034723543,4.687766e-06,5.8385398e-05,8.750868e-08,1.0969827e-08,1.2601153e-07,1.1054182e-07,2.5368217e-07,5.7643783e-06,4.4043714e-05,6.8076537e-07,1.1108951e-06,1.2428788e-07,2.0347403e-07,3.6171245e-05,5.6578736e-10,3.680301e-07,3.4286142e-05,5.7627567e-06,2.497361e-07,1.3363284e-05,9.887482e-07,1.9217773e-06,1.7265093e-06,9.2577196e-08,3.1447074e-05,1.4914788e-06,2.6894948e-05,1.9377073e-06,5.0139563e-05,1.0677701e-06,0.3152062,2.8947301e-05,4.5406876e-05,7.948511e-05,7.820532e-05,0.00070891395,5.1332e-05,0.00010475713,0.00015169677,5.0413046e-06,4.0008523e-05,0.00010490698,2.0833516e-08,3.048857e-08,0.035406463,0.85114443,0.002621077,0.00030235705,0.00017965143,3.488412e-05,1.912474e-05,9.528057e-06,0.00028706144,1.2912875e-08,0.0002973934,0.00012039245,2.0547017e-08,1.7764894e-06,0.0001592573,2.7331224e-09,1.0082063e-06,4.9356753e-05,4.7641306e-06,1.3598339e-05,1.0803742e-06,3.5478774e-08,4.6546927e-07,1.2899488e-07,9.149286e-07,1.2611095e-07,0.00086622697,0.00066205417,0.00033314663,4.7698293e-05,0.0048088646,0.0055502746,3.0226563e-06,1.4757745e-05,8.047277e-05,0.00022630423,0.0019257722,8.910678e-07,4.0597868e-05,5.8660306e-05,8.518801e-06,0.0001236055,0.00024066283,0.00057710934,9.691326e-06,5.5955952e-05,6.939043e-05,0.00010955976,0.0001220748,0.003600654,0.00033243338,0.0021603617,0.00018449829,8.636497e-05,0.00027395063,6.204044e-06,0.0026195515,3.243739e-05,0.0011728884,0.0002827877,4.8512225e-05,3.3231424e-06,0.002364985,0.00017422276,4.905742e-05,0.00024797034,9.306631e-06,0.0001003256,0.0001988084,0.0003579625,0.004277325,0.00018356093,0.0017412225,0.0033188488,0.00019958256,0.010853193,2.6803948e-05,0.018974012,5.3665997e-07,0.00094573706,4.389486e-05,0.0017384348,1.05695535e-05,0.00049487274,0.00020397994,0.00049946265,3.2404896e-06,0.0004228826,6.825915e-06,1.155201e-06,0.00025805784,0.00025869906,9.413449e-05,2.0703013e-05,7.514871e-06,0.0001410199,3.8889848e-05,0.0042940327,3.7487505e-05,3.0520162e-08,0.00012024008,1.5943475e-05,0.00069562445,9.266274e-06,0.00020806037,2.7474653e-05,5.943873e-05,3.504684e-05,0.15261126,8.163119e-05,0.0004257013,1.7405999e-05,0.00044104687,1.356807e-06,0.0003058031,0.0014627414,7.5261446e-06,0.00029078312,0.0017188675,1.9919424e-05,0.0005901462,4.4324504e-05,2.6999844e-06,0.0018500772,0.0009136203,1.3780034e-05,0.00010661841,6.5051418e-06,0.0019350076,7.9536785e-06,0.003591861,6.902231e-05,0.0005197909,0.00016627088,0.0013803382,0.00011608991,0.004356053,0.00012384487,0.0010937513,9.252871e-05,1.12978405e-07,0.0002763747,2.3996126e-06,3.4762645e-05,0.0025412985,0.0011384815,0.0007171083,0.0028698973,0.0015745928,0.00016761247,0.003340007,3.8767953e-06,0.0012660832,6.527513e-05,3.0636427e-06,6.766184e-05,1.13148985e-07,0.00017266341,0.0001734801,0.0027538026,4.4395867e-05,8.781664e-05,5.229559e-05,5.899601e-05,0.00028868872,0.0007342677,0.00027662434,0.00036570572,6.8969675e-05,0.0006118311,0.0036658328,0.00030097595,1.8376646e-06,2.5315043e-05,1.7933167e-05,0.00019599288,4.0050476e-05,4.7997895e-05,3.2344782e-05,0.0034006243,0.00020938758,4.0656138e-05,0.0003993762,0.0020228175,3.9840315e-06,0.0014665275,2.051524e-05,2.0876252e-05
BC2026_Train_0005_S08_20250607_070007_025,2.7507293e-05,0.030452358,1.963898e-06,2.6800546e-05,1.3318713e-07,2.8746605e-08,2.2815627e-07,9.5614894e-08,1.4145514e-06,7.067916e-05,5.6624576e-05,6.1657363e-07,5.7637517e-06,1.6607208e-07,6.1153976e-08,3.264615e-05,2.8281546e-09,6.3186855e-07,1.212822e-05,3.6719994e-05,8.641165e-07,2.1788012e-05,4.189412e-06,1.389485e-06,4.703403e-06,5.666114e-07,1.1885613e-05,8.352667e-07,7.190283e-05,2.8954557e-06,0.00031807864,2.4520386e-05,0.8086304,1.4259413e-05,1.6735987e-05,7.2494244e-05,6.151882e-05,0.00033912715,5.5554952e-05,0.0005079296,0.00047713565,1.47198225e-05,6.6597146e-05,7.2137234e-05,6.942579e-08,6.98888e-08,0.659221,0.89161575,0.005239754,0.0009508953,0.0013056713,0.00037893423,0.00013407157,2.4086272e-05,0.0004389428,2.990018e-08,0.000636123,8.251824e-05,2.4696332e-08,5.4403217e-06,0.00015326077,2.0230509e-08,1.6596554e-06,0.00020900939,1.7206761e-05,3.3187557e-06,4.291905e-07,1.03999035e-07,1.1000008e-06,5.5196404e-07,3.2508713e-06,3.2000392e-07,0.00060108927,0.0004062132,6.605844e-05,1.8345378e-05,0.005329601,0.010179075,2.2097602e-05,5.7476755e-05,0.00038071984,6.886471e-05,0.002315332,3.4886327e-06,9.062126e-05,0.00015341942,2.2666558e-05,0.00050503353,0.00041103578,0.002686853,7.3111776e-05,0.00033190518,0.00047032585,0.00017718723,0.00028023313,0.0023869404,0.0005894259,0.021907246,0.0005039313,0.00014760817,0.0004889416,5.9894155e-06,0.00080313935,0.00012246374,0.002105042,0.00074162777,0.00015490466,4.1642093e-06,0.0006548267,9.845374e-05,0.00061548327,0.00032446274,7.147931e-06,0.000110564775,0.00045345645,0.0007256876,0.002791285,0.0001142145,0.0035130102,0.0015033195,0.002008234,0.008658192,0.00011117999,0.033771522,8.008441e-06,0.0009822957,0.00013653158,0.0087805195,7.939337e-05,0.0004378429,0.0001726392,0.0004238797,3.634818e-05,0.00091650354,6.2234803e-06,1.2448886e-06,4.5505363e-05,0.00026139684,4.068837e-05,0.00019349229,2.6109967e-05,0.0002462284,2.512444e-05,0.0038028392,1.8353654e-05,6.181951e-08,0.00018085606,8.590729e-05,0.0020013617,2.3503682e-05,0.00014964264,0.00011690831,0.00017191659,0.00010839165,0.1479612,0.00032283543,0.002058478,0.00010164514,6.452479e-05,2.180601e-06,0.00011630576,0.001358496,1.8237923e-05,0.0005494614,0.008328194,3.9401533e-05,0.0033144571,7.617908e-05,2.3873963e-06,0.0012959124,0.0010288317,2.3663837e-05,0.00029499366,4.4881435e-06,0.0026724047,5.6618694e-05,0.018688163,0.00044369273,0.0065618865,0.00022960869,0.00072034216,9.42998e-05,0.019789219,0.00012871111,0.0056236293,0.00012637535,1.6300914e-06,0.0006160846,5.6050503e-06,0.00019478676,0.0006190107,0.0040026116,0.002244718,0.0012199716,0.0033410692,0.0005822939,0.0029851827,4.786277e-06,0.0028708717,2.4275665e-05,9.759254e-06,1.1211551e-05,1.9650427e-06,0.001077881,0.000576242,0.0012991515,0.00022436737,0.00026057544,0.00032891773,0.00022057965,0.0006713185,0.0015870197,0.0006690552,0.0011657209,7.0823204e-05,0.00097411533,0.0012155082,0.00017492754,1.3267475e-06,5.6190005e-05,1.755195e-05,0.00031031363,3.9331633e-05,0.00015845691,6.025244e-06,0.0035279114,0.0011176867,9.636037e-05,0.0003095867,0.0039064614,1.7865641e-05,0.0076706023,8.496865e-05,0.00016718853
BC2026_Train_0005_S08_20250607_070007_030,3.887413e-06,0.033146042,3.8909848e-06,0.00013612899,3.5748513e-08,8.929197e-09,2.6351561e-08,3.8807084e-08,9.825959e-07,3.446099e-05,2.6344598e-05,3.5685267e-07,7.4733257e-06,5.3278036e-08,2.739047e-08,2.772869e-05,9.677491e-10,4.9058624e-08,1.0669328e-05,5.443996e-06,1.7574332e-07,6.553424e-06,1.818656e-06,2.9252766e-07,4.2415994e-07,6.0306206e-08,2.739432e-07,2.6808414e-07,6.213032e-06,6.7370803e-07,5.630157e-05,1.6329715e-06,0.5997181,1.3513779e-05,3.1683896e-06,2.565786e-05,3.1329257e-06,8.436908e-05,9.947168e-05,0.00051010423,0.00013109916,2.0990367e-06,6.875339e-06,2.8640121e-05,1.2491643e-08,8.268023e-09,0.28672493,0.83368397,0.0030540512,0.00032735048,0.00017649202,2.1264817e-05,4.431699e-06,1.219113e-05,0.00015530708,3.1172842e-09,0.0002500792,5.2958236e-05,5.424288e-09,1.6115307e-06,7.477888e-06,4.91323e-09,2.3323728e-06,2.461666e-05,1.380344e-06,3.8251054e-07,3.4523117e-07,7.067579e-09,4.4233036e-07,8.706167e-08,4.061673e-07,1.1963344e-07,0.0014802,0.00018945549,5.7018024e-05,1.4210811e-05,0.000787723,0.0148305,1.88399e-05,6.0113136e-05,0.002574916,0.000120298915,0.00048959756,5.6818712e-06,9.333283e-05,1.2708028e-05,5.539413e-05,0.00011977502,0.00026863648,0.0008363321,1.3519747e-05,0.0002409944,0.0003160784,0.0003705803,0.0002366955,5.6810477e-05,0.00080136326,0.014556337,0.00016844721,0.0017110124,4.5257944e-05,5.3194367e-07,7.803926e-05,5.1381514e-05,0.00029265933,0.0006558929,4.768051e-05,5.7119803e-07,0.0010567905,5.9249152e-05,0.0061841775,0.0005758173,1.1236062e-05,0.00051162596,4.069279e-05,0.00019274213,0.00012239533,0.00011742169,0.00014847404,0.023752958,0.0001433271,0.0008142246,1.0192669e-05,0.023666725,4.6349808e-07,0.0005915891,7.4803414e-05,0.0009514214,6.403453e-05,0.00013147724,0.00010922981,0.00071044074,1.5027831e-05,0.00020783592,2.8002745e-05,2.0585082e-06,6.031089e-05,0.000104531115,4.850182e-05,5.193339e-05,4.5285316e-05,0.0003651367,0.00042089788,0.0006511497,6.1812652e-06,8.287649e-09,0.00011837785,6.848841e-05,0.0013473192,1.8730318e-05,3.1322626e-05,0.00037171185,0.00022812183,0.0001982581,0.007067673,3.4718116e-05,0.0019484301,1.0632958e-06,9.872544e-05,2.6109622e-06,2.2247117e-05,0.0014779619,6.3555844e-06,0.0002702897,0.00038725085,2.9414867e-05,0.0019687272,6.80602e-05,6.7110786e-06,0.0006996098,0.0016671434,2.8127628e-05,1.9145007e-06,2.1298976e-05,0.0020414481,3.097579e-05,0.00092737266,0.0022694352,0.0064478,8.922018e-05,0.00022535573,4.0691593e-05,0.0044018053,0.00020992053,0.00075514504,0.0012987185,2.477768e-07,0.00016921267,1.8627021e-06,6.949427e-06,0.0021818182,0.0019237193,0.00064899214,0.0020738372,0.00018637357,6.100821e-05,0.031993587,7.0749716e-06,0.00090485235,9.039977e-06,4.554263e-06,8.634759e-06,1.847028e-07,0.00013682221,0.00013356819,0.0010092388,0.0003988751,1.9441695e-05,0.00040928018,0.00033854667,0.00015480086,0.0056403116,0.00041546408,0.0003824935,8.802041e-06,0.00096945174,0.0025147053,9.575754e-05,2.2195482e-06,3.7108486e-05,1.0603293e-05,8.6281005e-05,3.2463508e-05,0.00091972545,0.0001913678,0.0016860899,0.00011058174,0.00018015249,0.00095866586,0.00084676454,4.849363e-05,0.023637015,2.8977129e-06,2.1716527e-05
BC2026_Train_0005_S08_20250607_070007_035,9.769528e-05,0.00032354012,5.4540933e-06,6.2251424e-06,3.7200017e-08,7.4341344e-08,5.969907e-07,1.12886106e-07,1.7961929e-06,2.6453003e-05,2.6882637e-05,4.3430967e-07,5.07058e-05,1.7805317e-07,3.1977117e-07,0.00018618298,2.4032252e-08,3.8349052e-07,2.5141994e-06,6.869648e-05,2.8478923e-06,3.671842e-05,6.0339385e-06,1.2581332e-06,9.397047e-06,1.3551e-06,6.536503e-06,3.142705e-06,3.864341e-05,1.841874e-06,1.0545964e-05,5.772008e-06,0.0014558855,4.010197e-06,1.9700733e-06,1.7619637e-05,9.2854197e-07,2.8285362e-05,1.7058357e-05,5.0466438e-06,7.5753705e-05,2.3195537e-06,1.875611e-05,6.2345416e-06,7.87864e-08,2.2598572e-08,0.046085477,0.011030043,0.00022648618,0.0001290492,2.4767529e-05,4.484004e-05,1.7618713e-05,5.9074778e-06,3.9043578e-05,1.8619879e-08,2.3411227e-05,1.7940096e-05,1.166265e-08,1.5137981e-05,2.4412733e-05,5.777011e-09,2.7095623e-06,4.006851e-05,1.6956297e-06,1.2805152e-06,4.901027e-06,8.144316e-08,4.789619e-06,1.4137773e-06,2.2183272e-06,3.2860297e-07,0.0012537468,0.0006500627,0.00080803706,1.818516e-05,0.008330041,0.002618784,7.618998e-05,0.00022195854,0.0002148451,2.3354743e-05,0.044047315,6.941605e-05,0.0022719402,6.83866e-05,3.7932383e-05,0.000102655846,0.009342544,0.00032830462,4.4129603e-05,0.0003061009,0.00060375343,9.4019124e-05,0.00013814458,0.0018863337,0.00013541241,0.0016884748,0.0007747104,0.00018453664,2.769552e-05,1.4592464e-05,0.0041783853,0.0012050472,0.0018693979,0.0008198618,0.0001622202,2.1168367e-07,0.0030839986,0.00011359267,0.002092016,0.00067340356,0.00033575157,0.00012324864,6.061411e-05,0.0014982148,0.0023959717,0.00022769612,0.0047531016,0.003011404,0.005544214,0.0060949996,0.0002715683,0.8309637,9.077315e-06,0.0014798329,7.385695e-05,0.007885759,0.0005054585,0.0003636022,0.00016836353,5.288113e-05,7.633407e-06,0.0020244315,0.00021011554,1.4797915e-06,0.004622645,0.0011013498,0.000726929,1.3135123e-05,7.3567403e-06,0.00013548447,0.00017428723,0.0008622688,3.147183e-06,2.829751e-07,0.0007277112,5.469761e-05,0.0010619968,1.747649e-05,0.0010799766,0.0015465684,0.0020079662,6.902929e-05,0.0025880248,0.0015346089,0.0015659834,4.5047902e-05,0.00035127698,1.1995878e-05,5.2013882e-05,0.000120092605,4.7610723e-05,0.00022551414,0.00019325942,8.678071e-05,0.0004679106,0.00052974676,0.0001679156,0.069605395,0.001947175,0.00013084851,1.4026459e-05,1.83584e-05,0.0031730284,0.00029909718,0.0006891198,0.00030499016,0.022067225,6.017864e-05,0.0005825196,0.0009992816,0.00056345755,0.0020617945,0.0019089108,0.00010540644,1.6767322e-06,0.0017630474,4.8982765e-05,0.00029781985,0.00028966303,0.01459869,0.00041211356,0.023158083,0.0024865249,0.0012729088,0.0012539212,8.673416e-06,0.0011204969,0.00062784564,1.395951e-05,3.116839e-06,1.899927e-05,0.0016971348,0.00020754247,0.007781641,0.00073300157,0.0012252324,0.0001957598,0.00011483532,0.00012366538,0.004399668,0.0013123745,0.0021234753,0.00010953929,0.0014704276,0.004928877,0.00061207695,8.685593e-06,0.00012677716,5.73844e-06,0.0003558448,0.00018985476,0.0019283427,1.5331208e-05,0.0009982398,4.2914362e-05,3.7909238e-05,0.00015429597,0.008167632,0.00029488205,0.0019452317,0.00048065814,0.00013327658
BC2026_Train_0005_S08_20250607_070007_040,3.7626899e-06,0.7332853,3.437286e-06,1.7654083e-05,5.8366105e-08,6.4179426e-09,1.2280888e-06,1.6666606e-08,2.7091667e-07,0.00032744004,0.0011840019,1.8826597e-06,1.5916139e-06,2.1768707e-07,4.6371202e-08,3.952546e-05,1.8395258e-09,1.516267e-06,6.1776365e-05,1.909039e-05,1.01138646e-07,0.00012583881,6.555234e-07,4.7098933e-06,9.160801e-06,2.1676993e-07,2.3118917e-05,3.9212372e-07,5.192631e-05,1.1691922e-05,0.00057370006,2.282114e-06,0.6952844,9.513728e-06,0.000215641,5.8469028e-05,2.1988231e-05,0.00046648888,3.2234268e-05,9.5025745e-05,0.0007422224,5.0987837e-06,0.00029459933,8.099899e-05,8.924804e-09,9.104997e-09,0.87402785,0.8990177,0.028449843,0.0006886878,0.002494176,0.0006347665,0.00033243245,4.1074523e-05,0.00016164487,1.3368439e-08,0.00011348549,0.00013621247,1.12151985e-08,1.235327e-06,0.00030545492,3.9005053e-09,2.1450373e-07,0.00042593977,1.6319862e-05,1.887864e-05,2.0833556e-06,3.547972e-08,8.6385944e-07,2.679791e-07,1.9478834e-07,6.2040044e-08,4.898197e-05,0.00022563696,0.00021473493,6.185853e-06,0.001504824,0.0011541207,2.276063e-06,3.8784998e-05,2.3793344e-05,7.111737e-06,0.0014453144,3.7227707e-07,2.6754222e-05,1.0432488e-05,1.4791112e-07,0.00023165416,0.00011043411,8.107581e-05,1.3015878e-05,0.0001621152,3.9995783e-05,0.00020351913,4.8366208e-05,0.0003185117,0.00042475175,0.14757492,0.00049094064,0.0001074528,0.00016885163,6.468263e-07,0.0007596022,0.00031611457,0.0009622933,0.00015432408,8.789182e-06,3.517993e-07,0.0005288674,0.000109478206,0.0001284207,2.3906472e-05,1.1053891e-06,1.3001646e-05,2.4922698e-05,4.8409634e-05,0.0029775584,1.7823742e-05,0.00023563742,0.00016160311,0.00054332335,0.0043499568,8.500071e-06,0.012469315,1.7014239e-06,0.00014808268,3.119141e-05,0.002573098,2.8926875e-06,6.469293e-05,0.00037046266,4.6047757e-05,1.6349102e-05,3.1473384e-05,5.350069e-07,4.4252015e-08,4.874377e-05,0.0001673244,3.6838725e-07,2.7141836e-05,1.420115e-06,0.00011112126,4.552273e-07,0.0018696114,3.127794e-05,2.0547409e-08,5.0816216e-05,1.1756715e-05,0.00032976456,6.6889897e-06,2.4054549e-05,2.7466062e-05,9.94041e-06,6.339773e-06,0.3088475,3.540744e-05,0.0001728324,4.028694e-05,6.839331e-05,3.7758142e-07,0.0003455919,0.00079280726,1.0524634e-05,4.64499e-05,0.0006786065,6.292381e-06,8.6582666e-05,3.268113e-05,2.467729e-07,0.00019300566,8.781295e-05,6.4708147e-06,0.00014694,1.5443409e-07,0.00055974536,1.4089697e-05,0.0010724642,2.7278484e-05,0.00022058825,5.4695156e-05,6.405224e-05,2.2613356e-05,0.0019934694,7.026459e-05,0.00057909766,1.6198328e-05,1.1009742e-07,8.527198e-05,8.741999e-07,5.883499e-06,8.605513e-05,0.0018920683,0.00018423812,0.00025442647,0.0003527529,3.454796e-05,0.00013815195,1.4298643e-06,0.00024858274,9.353229e-06,1.3882849e-06,3.0783624e-06,4.7186916e-07,7.642822e-05,4.0517847e-05,7.7970384e-05,4.7107744e-05,0.00028629397,2.1176565e-05,0.00015664144,0.00010907919,0.0005352578,5.6264053e-05,9.052513e-05,4.314531e-06,0.00034264228,0.0001476,2.331544e-05,6.580872e-07,1.967593e-05,8.0159e-07,0.00010056506,1.6471278e-05,7.5636754e-06,1.2468837e-06,0.00021900164,9.612533e-05,3.575319e-05,0.00011137193,0.0034861895,2.3234368e-06,0.001497575,1.8776298e-05,1.3101894e-05
BC2026_Train_0005_S08_20250607_070007_045,1.6789562e-07,0.0019096488,1.4094431e-08,2.6786853e-05,1.5399214e-09,3.925296e-10,8.618465e-09,1.953666e-09,1.653647e-07,1.4564005e-05,1.9067793e-05,6.410175e-09,5.295354e-07,1.3936499e-08,1.6207521e-09,5.355411e-05,5.000153e-11,6.149259e-08,7.714922e-06,2.7850401e-06,8.140212e-09,9.403609e-06,1.0362065e-07,5.069949e-08,9.299114e-08,1.2176955e-08,2.1162613e-07,1.7835085e-08,3.4695286e-06,5.7665776e-08,2.350552e-05,3.1411469e-06,0.98571473,6.6586817e-06,1.0084804e-06,4.706333e-06,4.7361846e-06,9.493988e-05,5.0499024e-05,4.9664355e-05,2.4209752e-05,1.9874042e-06,1.5832059e-06,7.1782406e-06,1.8357542e-09,1.1466382e-09,0.8092797,0.99675155,0.009265124,0.00017611044,4.391889e-05,1.032553e-05,1.8899362e-06,1.0436422e-06,1.8999996e-05,1.13904754e-10,3.1288262e-05,0.0005021311,3.27417e-10,1.9138397e-06,9.410011e-05,1.5955265e-10,1.00828935e-07,2.8930166e-05,7.32371e-07,2.2941974e-08,2.1988553e-08,3.1522115e-10,1.6464368e-07,4.35161e-09,1.05380394e-07,6.12414e-08,8.853395e-05,5.442082e-05,4.2586384e-05,4.705202e-07,0.0005596237,0.00116166,9.933171e-06,1.1594896e-05,2.0942176e-05,4.5726506e-06,0.00022728789,4.9985925e-07,2.1596019e-05,1.3527124e-05,4.4753046e-06,8.589079e-06,0.000104875864,0.00033959755,7.926903e-07,3.9564642e-05,5.6085024e-05,0.0001933571,1.4340019e-05,0.00035376882,2.3099195e-05,0.008017423,8.675244e-06,3.1924552e-05,2.781585e-05,1.4699246e-07,0.00091444206,1.8793296e-05,0.0010563779,0.00033069676,1.8727533e-05,3.111767e-08,0.00011950294,1.6148217e-05,0.00010642632,7.766724e-05,1.77631e-06,2.5219022e-05,1.7961716e-05,8.410288e-05,0.0025473018,2.3724078e-05,0.0005569487,0.00035208213,0.0005351339,0.000238036,4.4589665e-06,0.01928567,2.3835712e-07,2.0023374e-05,6.425892e-06,0.0065233926,6.093768e-06,0.00024545417,1.4183622e-06,0.0002040955,1.858458e-06,0.0001903594,1.6037588e-06,2.4772522e-08,1.3532646e-05,2.3201525e-05,5.1945403e-06,0.000134006,4.350083e-06,5.116808e-05,7.971471e-07,3.7134185e-05,1.2834282e-07,6.034619e-10,1.40584525e-05,6.0294267e-05,0.0023978974,8.1883786e-07,6.1415913e-06,1.7979179e-05,2.6891765e-05,4.6843516e-06,0.0028186736,7.4504846e-05,0.00029797092,3.2294172e-06,2.09895e-05,2.5647992e-07,2.2815417e-05,5.5606208e-05,1.1365333e-06,6.9761176e-05,8.456368e-05,5.629344e-06,0.00046593626,7.665864e-06,9.193844e-08,0.00014101723,0.00018645567,2.011784e-06,1.9118477e-06,6.2578886e-07,0.0005548127,4.581709e-05,0.00010433823,0.00014870215,0.00033570727,7.0926844e-06,0.0001638514,3.000977e-05,0.0012968458,5.075408e-05,0.0007090336,5.7557547e-05,2.2735104e-08,2.565358e-05,2.747262e-07,2.6782944e-05,0.0014999234,0.00030736747,0.0005383519,0.00015393124,0.0007356706,1.4765599e-05,0.0002914084,4.7931604e-07,0.00029542597,2.1444268e-06,5.1902833e-07,3.3740378e-07,6.1025226e-08,0.00013102929,3.0555275e-05,0.0001950334,2.6245298e-05,8.9811665e-06,0.0002390305,2.0030826e-05,2.4935844e-05,0.0049108155,0.00025422595,0.00012668024,1.3610346e-06,0.0090981135,0.00015930514,1.0770702e-05,5.666453e-08,1.0104143e-05,3.1133703e-07,6.5064137e-06,2.1194514e-06,8.911712e-05,2.5910263e-06,0.0018519714,0.00015447853,7.2915445e-06,6.6739017e-06,0.0010807563,3.0268102e-06,0.009264926,1.4034738e-06,1.9533147e-06
BC2026_Train_0005_S08_20250607_070007_050,4.230802e-09,0.0016607707,2.4714604e-09,4.5031406e-06,1.2385039e-10,9.051893e-12,4.9230838e-11,1.1021723e-10,8.619303e-09,5.1477255e-06,1.6089129e-05,1.2453075e-09,3.8795003e-09,3.9107836e-10,9.146326e-11,9.67914e-07,6.9217364e-13,6.5217026e-11,3.2982593e-06,5.114315e-08,2.9735958e-10,2.647098e-07,2.4125566e-09,6.6387645e-10,3.1945029e-09,6.780101e-11,3.450573e-08,3.3474257e-10,5.75222e-08,1.7268224e-09,6.901675e-07,5.83719e-07,0.9572711,1.0052223e-06,9.627768e-09,3.6576419e-06,3.718279e-07,1.4830474e-05,7.652877e-06,4.951539e-05,2.8085999e-05,2.1008093e-08,4.227231e-08,1.4716051e-06,7.289511e-12,3.9606313e-12,0.6500892,0.9858484,0.00042219,3.746896e-05,6.232235e-06,4.0683096e-07,9.655763e-08,1.5488776e-07,9.406953e-05,2.640544e-12,3.298051e-07,2.7556654e-05,2.6044353e-12,1.1305963e-08,3.5224348e-06,4.976884e-13,9.102584e-09,6.413971e-06,2.8249481e-08,8.971205e-10,4.577204e-10,4.8175856e-12,7.630893e-09,8.0477465e-11,1.1702458e-10,1.0884925e-10,2.2047694e-05,2.1321779e-05,5.7961904e-07,1.9755677e-07,8.2111015e-05,0.0024488554,5.177963e-07,2.037424e-07,4.1331828e-06,1.3354863e-06,3.434344e-05,4.79196e-09,3.3730467e-07,6.3479916e-08,1.7320752e-06,7.692806e-07,1.3466824e-06,0.00018703437,6.1962474e-08,2.6649327e-06,8.6902155e-06,0.0002638607,5.4019397e-06,2.656103e-06,5.6330546e-06,0.0022903134,2.7642366e-06,0.00019826888,5.076504e-06,6.7741074e-10,3.461065e-06,4.171513e-07,1.3252769e-05,1.3905075e-05,1.5489043e-06,1.6556718e-09,1.495036e-06,2.1285982e-07,2.7321914e-06,1.4763221e-05,9.177424e-09,1.2421528e-06,5.284855e-07,3.7506595e-06,2.6590391e-05,1.919137e-05,5.8164296e-06,0.006936496,1.4329931e-06,4.2212134e-05,2.1327435e-07,0.0019712013,8.7621665e-10,2.7428457e-06,1.9013779e-06,5.578291e-05,2.2030068e-08,6.0273996e-06,1.2887614e-06,4.4496657e-05,1.7858373e-07,1.2005159e-05,1.1195248e-06,1.02947855e-08,3.7289462e-07,8.55896e-07,2.743445e-07,0.000108385044,2.9469126e-07,4.2854936e-06,2.146001e-07,3.3323618e-06,4.378346e-08,3.1472821e-12,1.672728e-07,1.241447e-06,0.0011823458,7.68469e-08,5.129859e-07,6.638099e-07,2.0002648e-05,1.3358202e-06,2.3100032e-05,1.1424755e-06,1.10202955e-05,1.0480367e-08,1.0233032e-06,1.7298099e-08,1.325311e-06,4.0529503e-06,2.1064828e-08,2.108253e-06,5.164124e-06,3.2992348e-06,7.819503e-05,2.2989484e-07,6.091715e-09,4.4365875e-06,2.228774e-05,1.2856233e-07,1.5775315e-09,1.5968621e-07,7.93902e-05,3.5947082e-06,1.5939902e-05,6.1489222e-06,7.770523e-06,6.1498275e-07,4.8407884e-07,1.6905953e-07,0.0005728073,1.3608134e-05,1.9732264e-05,1.2829738e-05,5.0271803e-10,7.4527674e-07,3.2891565e-09,3.120956e-08,0.00062395097,5.277679e-05,4.410807e-06,3.4951216e-05,5.2422806e-06,5.0026654e-07,0.00023291034,2.6815849e-08,7.306654e-05,2.622441e-07,1.1407946e-08,3.2296958e-07,3.5056308e-10,7.1531355e-07,1.02409e-06,8.4558356e-05,1.6478647e-05,9.008026e-08,1.531601e-05,1.217995e-06,1.8959345e-05,0.0010671436,8.6458635e-07,1.3380207e-05,3.7447126e-07,0.00010207983,4.329261e-05,1.4604691e-06,6.6945227e-10,4.656039e-06,1.19107915e-08,1.8005339e-07,1.609804e-07,1.7227296e-06,6.2918247e-07,0.0003283231,1.5117894e-06,3.010935e-06,1.9371499e-05,2.5824911e-05,3.305977e-07,0.00048230877,2.1224524e-09,3.9679662e-08
BC2026_Train_0005_S08_20250607_070007_055,5.4991695e-08,0.0007049801,6.8884724e-08,1.696069e-05,1.3291432e-07,4.788088e-12,4.2694532e-09,1.095205e-09,4.7555736e-07,5.045667e-06,1.1603363e-06,2.2693166e-08,1.1457488e-06,1.80154e-08,8.072872e-10,0.00046887994,4.8757987e-11,3.6356237e-08,1.2017679e-05,9.900087e-07,2.0573252e-08,2.0013562e-05,4.448915e-08,3.711462e-08,9.979687e-06,1.4567544e-08,1.0882288e-06,1.4000975e-08,1.6995057e-07,1.4128344e-08,1.0339148e-05,2.805537e-08,0.95329976,2.6063347e-07,1.2492233e-05,7.565709e-08,2.889104e-07,1.7948138e-05,3.931845e-06,2.9299883e-05,1.6778469e-06,5.0585886e-06,2.3532144e-05,1.3996696e-07,2.8676098e-10,7.840954e-11,0.79708266,0.9862816,2.5337384e-05,2.0837172e-06,8.078978e-05,1.1416846e-05,4.6470245e-06,2.4780095e-06,1.9589654e-06,6.775011e-10,6.248264e-08,0.00014219504,1.117336e-10,8.0265545e-06,8.159741e-05,2.284815e-10,2.0261556e-08,5.200208e-05,4.576635e-05,1.3021945e-06,1.640058e-08,6.284536e-09,1.4947994e-09,1.6298694e-09,2.6004237e-09,2.2687713e-08,1.4833812e-05,0.00059411995,9.908013e-07,3.5614482e-07,0.0043570087,0.00016191685,1.7997663e-06,9.346562e-07,1.866787e-06,5.784881e-06,0.0002668534,1.04466025e-07,7.587401e-06,1.1504229e-06,2.5855438e-06,2.0541765e-06,2.2893793e-05,1.0724435e-05,9.821387e-07,3.3668028e-05,1.8903112e-06,2.244446e-06,2.9647838e-06,2.5007505e-06,1.6352607e-05,1.521624e-05,1.4890471e-06,6.673313e-05,1.26168325e-05,3.3423575e-07,2.883139e-06,2.3119587e-06,0.001295224,1.7730094e-05,9.279824e-07,3.25095e-08,2.690587e-06,2.583937e-06,1.765481e-05,7.982646e-06,4.349388e-08,1.4371125e-06,1.9626472e-05,3.7203608e-06,6.0411847e-05,5.474148e-07,0.00018203461,4.661328e-05,0.00028302506,0.001002626,1.7033284e-07,0.0007888599,1.1767642e-07,5.1530697e-06,7.874206e-07,0.16079621,2.5808047e-06,8.551441e-06,4.4489334e-06,4.157349e-06,1.6587154e-07,1.7032748e-06,1.699739e-07,2.6349904e-08,5.2517254e-07,1.636058e-05,8.2698307e-07,8.912931e-07,2.732736e-07,8.191805e-06,5.372988e-06,3.801405e-06,1.9853733e-06,3.7149095e-09,3.2527438e-05,1.1411079e-06,1.2804985e-05,1.1307327e-07,5.3904518e-05,2.1395801e-05,6.576206e-06,3.3927013e-06,0.0020513956,0.0001360955,8.58948e-06,3.0515952e-07,1.3385781e-07,1.15744555e-07,1.1004451e-07,2.1995947e-05,1.8122674e-07,3.3736846e-06,2.972653e-05,5.8845878e-08,2.5008338e-05,2.6786743e-06,1.0800621e-08,3.1211553e-06,5.9395898e-05,1.6219983e-06,4.851025e-07,4.9216638e-08,0.00042860495,1.2297166e-06,0.0017723072,1.9581641e-05,3.5987512e-05,8.938316e-06,7.015974e-05,1.5733591e-06,5.1102594e-05,2.0246837e-06,2.6476702e-05,4.696223e-06,6.81578e-08,5.0137974e-06,2.062837e-09,4.8051834e-06,0.0019417531,0.00057807576,0.0004334637,1.2169652e-05,0.00015014532,1.3399834e-06,1.5019819e-05,1.0000818e-08,0.00010569128,9.320063e-07,1.4838783e-07,9.715958e-07,7.5950807e-10,2.5639001e-05,2.662754e-05,7.6385884e-05,3.2705022e-06,2.777473e-07,1.4981205e-06,3.2074542e-05,1.2032094e-05,5.2100564e-05,1.7721864e-06,3.6145517e-05,1.1698352e-06,0.00026970997,1.6686297e-05,9.129674e-06,3.4011858e-09,1.5300842e-06,1.5815392e-08,2.8266409e-06,4.869435e-07,1.2348794e-06,3.568536e-08,0.00065549894,2.2550412e-05,1.3153506e-07,5.309082e-07,0.0027776263,5.4515897e-07,0.00044865336,2.917025e-07,5.336285e-07
BC2026_Train_0006_S09_20250828_000000_005,2.4915653e-10,2.3765856e-06,4.6906223e-10,5.065686e-08,6.5957313e-12,2.8954608e-12,2.2980139e-10,9.170591e-11,3.8449088e-12,1.1503928e-09,1.8590983e-07,4.8367848e-11,2.2411207e-08,2.6583878e-12,5.6864593e-09,5.6187313e-09,5.039852e-14,4.0437115e-08,1.0250407e-08,1.7080241e-08,1.2682978e-13,7.1980406e-07,1.1635544e-08,1.4063838e-09,1.6350621e-10,7.463971e-12,1.6379157e-07,2.890032e-08,1.8099747e-08,4.2483896e-09,2.543663e-07,6.157445e-07,1.0238023e-07,6.379474e-06,6.258997e-09,6.368587e-06,2.9128628e-06,1.6730199e-07,5.1912563e-09,9.076449e-06,1.7506544e-08,3.420796e-08,1.4834186e-06,1.151787e-07,7.198154e-13,1.5988392e-12,3.7617788e-06,1.6726785e-06,1.4398952e-08,1.0798844e-09,3.2320363e-06,1.4228016e-07,1.916326e-07,3.944581e-08,7.342778e-06,1.2575198e-11,0.97003,1.8084454e-05,1.4959959e-11,2.938737e-06,4.1938426e-07,1.3170302e-11,2.6226404e-08,2.9039898e-08,4.8341403e-10,4.0109705e-07,4.894931e-10,4.6011034e-12,6.144009e-11,2.7974267e-11,6.355382e-08,7.5729195e-10,9.743432e-07,2.249779e-07,1.5546831e-05,1.3433164e-05,1.0605226e-05,7.211268e-05,3.8152504e-07,7.4226584e-08,1.5568376e-07,4.98912e-08,9.644056e-08,5.107986e-09,1.3326603e-07,1.595207e-05,3.8077207e-05,5.852961e-05,4.988764e-05,5.2726065e-08,2.267743e-06,1.0743034e-05,2.5078116e-08,5.679769e-07,6.0378824e-07,9.57222e-06,1.8213323e-06,1.1828236e-06,4.3321103e-07,1.365098e-06,4.209367e-05,1.9418462e-07,0.00010250824,4.967674e-07,5.5641212e-06,2.2536804e-05,1.593092e-05,2.8234706e-09,1.7842296e-05,2.7764754e-05,3.720244e-07,0.00044351473,1.32956075e-05,3.3002463e-05,7.629525e-09,5.9613572e-05,1.325919e-06,2.3205937e-06,2.5479535e-06,1.3736087e-06,1.3063354e-05,0.00026113182,4.184249e-06,0.0004920121,1.835139e-08,1.4888737e-07,1.0729924e-06,0.0006001696,5.734604e-07,0.00019732403,1.3376415e-07,8.646765e-06,1.923422e-08,6.2192406e-08,1.521216e-07,1.876437e-09,5.9999857e-06,0.00029179317,0.0007937337,3.9780605e-07,1.1042091e-06,1.9490763e-07,8.237851e-08,1.5948555e-05,4.316223e-06,4.2190844e-13,4.3767404e-06,2.7185976e-08,0.00016551746,1.7825276e-06,2.2700743e-08,5.44032e-08,1.6619806e-06,9.2545815e-06,1.8621035e-05,7.067965e-07,0.00038816602,1.6856459e-10,0.011791982,1.2687148e-08,9.803946e-05,1.3403887e-06,2.135517e-08,6.5150107e-07,4.4952355e-07,1.052265e-06,3.9438524e-05,1.1800587e-06,3.5013488e-09,0.00010022845,2.5612122e-05,1.5598934e-09,1.4767901e-06,2.8938082e-05,6.9716443e-06,5.934384e-07,1.440305e-07,7.7805125e-05,1.562506e-05,1.1741254e-05,4.612682e-05,5.492597e-08,1.6201064e-05,7.4275215e-07,3.8422455e-05,5.4320695e-05,3.088505e-08,1.0659194e-06,1.3896785e-06,9.796711e-06,1.1471546e-05,3.9656734e-06,3.5816095e-06,1.0097564e-05,0.00052432163,5.472634e-07,6.6278153e-06,1.769471e-07,1.4604631e-05,7.366409e-09,2.7614544e-06,6.609767e-07,6.452322e-13,0.00016180587,2.280837e-05,8.4621905e-07,0.00022732063,0.00027102153,1.7976026e-05,3.6717997e-06,3.2746657e-06,0.03102644,1.1857379e-05,1.7277762e-05,5.5415105e-05,0.00057035265,4.808059e-05,1.289862e-06,3.8324848e-07,1.2093939e-06,2.912052e-06,1.4245982e-06,1.5175582e-08,7.229893e-07,0.0066832844,0.0033405006,2.6878639e-05,0.0011150924,7.634794e-09,2.7940691e-06,7.0344948e-09,1.1669497e-05,2.1316794e-08,1.3860101e-05
BC2026_Train_0006_S09_20250828_000000_010,5.5497558e-09,3.7802963e-06,1.5609805e-08,3.8187707e-07,1.1770308e-10,1.4120734e-10,6.360954e-10,1.7517523e-09,1.04941986e-10,6.1498106e-08,8.674001e-07,2.516032e-09,1.3851688e-07,7.913836e-12,1.0902539e-07,5.070307e-08,3.0723648e-12,2.360765e-08,6.561095e-07,3.1102928e-07,6.2412246e-12,5.0209616e-07,1.9253716e-07,3.6276493e-09,5.0675877e-09,6.646756e-11,4.2070056e-07,1.1703607e-06,6.647018e-07,7.829323e-07,2.3720795e-06,3.0199335e-06,2.3161817e-07,2.5539464e-05,2.7148925e-08,1.07570495e-05,1.3133382e-05,5.6258654e-07,1.1939944e-07,7.2476134e-05,1.5193746e-07,1.3723775e-07,1.4453276e-06,6.4919567e-07,1.72306e-11,1.301875e-11,4.9368055e-06,1.3768429e-06,5.293627e-08,9.765107e-09,2.7158949e-05,2.04514e-06,2.6410867e-06,4.3788512e-07,2.6520167e-05,2.8554767e-10,0.8095975,2.7468654e-05,8.141077e-10,2.6095606e-06,1.3260543e-05,5.005566e-10,3.2261036e-07,4.606681e-07,5.00813e-08,1.6552359e-06,6.2712564e-09,3.7806633e-10,1.9695754e-08,2.0550896e-08,1.37508485e-08,6.621178e-09,2.824841e-07,9.916491e-07,9.823195e-05,0.00022863658,5.553233e-06,3.9580795e-05,7.6275132e-06,3.462283e-06,6.1844617e-06,6.84798e-08,1.285055e-06,8.7883855e-08,1.9505428e-06,0.00016726792,2.7221648e-05,2.0805359e-05,5.36609e-05,2.8974287e-07,6.2691824e-06,2.3488936e-05,5.253854e-07,1.5809872e-05,1.1183754e-05,7.261269e-05,1.2499002e-05,0.0003602794,1.0198464e-06,1.0846691e-05,4.46224e-05,4.473369e-08,0.00043610006,1.0682308e-05,3.9876686e-05,3.8857783e-05,3.7672287e-06,6.993094e-08,7.751457e-06,3.487464e-05,1.10928745e-07,0.0004956278,1.0743577e-05,1.7650751e-05,7.863221e-08,9.316361e-05,1.647079e-06,8.2818515e-05,6.1501436e-07,3.4074355e-06,9.1186615e-05,5.0794173e-05,3.6695633e-06,0.00037044132,3.8816233e-07,4.3608898e-07,4.5986188e-05,0.00017671767,7.672342e-07,0.00043910768,8.018973e-06,4.7838686e-05,8.0287526e-07,1.2215087e-07,6.818628e-07,2.9250359e-08,0.00056761695,0.00031739954,8.419901e-05,8.5085105e-07,1.5968186e-05,4.40576e-07,1.9990954e-07,1.0308312e-05,1.25098895e-05,2.117489e-11,5.1929405e-06,5.4391894e-08,0.0017086895,0.0001095747,3.5442594e-07,2.774301e-08,2.5494094e-06,6.935722e-05,4.2073007e-05,2.3924629e-06,5.798429e-05,1.4912115e-09,0.052444763,1.2948246e-07,0.0012461588,1.0625711e-06,3.0890007e-07,1.2181519e-06,2.9608702e-06,5.083347e-05,0.00011839805,2.435748e-05,1.2439625e-07,0.00025098328,0.00015392083,2.6550792e-08,7.8585873e-07,6.3665066e-05,5.690862e-05,7.1511904e-06,3.0329278e-07,3.455152e-06,6.3651805e-06,0.00042805396,7.9731735e-06,3.8347945e-08,1.2340034e-05,3.2283517e-06,1.2574011e-05,0.0007529316,6.3425574e-08,9.826973e-06,5.470403e-05,5.3245716e-05,1.0187324e-05,1.1008593e-05,8.230303e-07,8.045262e-06,0.001029962,1.4815948e-06,5.6576314e-06,1.430287e-06,0.00045990042,2.8460005e-07,2.013225e-05,2.3298383e-06,2.7783798e-11,0.00010269501,8.936167e-06,6.698527e-06,0.0069870153,0.00048198964,2.231972e-06,9.3063745e-06,4.656598e-06,0.0045309043,3.599976e-05,5.5490727e-05,0.00011711261,0.00016689306,0.00013141456,5.3697244e-05,5.1881653e-07,0.00011262401,2.109687e-06,1.208451e-05,1.5100761e-07,1.0686309e-06,0.0018137005,0.00040787124,4.197294e-06,0.0066376636,3.6395446e-07,2.3920088e-06,1.8643695e-07,2.018011e-05,4.2434849e-07,4.3848872e-06
BC2026_Train_0014_S13_20220228_214500_000,1.1767289e-08,2.3938384e-07,3.0094606e-07,0.0001858839,9.893059e-05,1.0821591e-08,6.316939e-08,3.0380768e-06,0.0037055255,0.0006716244,0.0018518497,2.0337328e-08,8.028875e-06,3.3995189e-09,2.471144e-07,0.23082459,2.9644839e-06,7.889553e-09,3.248503e-05,1.0999306e-05,1.6564769e-06,1.14626555e-05,3.9979773e-06,2.0595893e-07,1.7984788e-05,2.1001888e-07,2.0349053e-05,1.1208543e-09,2.6364813e-07,0.0001580525,9.174343e-06,4.7735404e-07,2.3813286e-07,1.5621472e-06,8.0525176e-08,6.8210346e-07,1.0538191e-09,3.0553828e-08,1.0289372e-07,6.773893e-07,2.8498323e-06,5.280014e-07,1.4732025e-05,1.1271464e-07,5.2161536e-11,3.952023e-11,1.4517346e-06,2.157597e-08,1.521999e-08,3.2135958e-08,2.7206547e-06,5.65198e-06,8.955986e-06,1.4083408e-06,1.8034852e-05,3.4611576e-09,4.246723e-08,0.9926692,1.7188382e-08,9.557515e-06,0.0014665402,8.1995076e-08,4.7595873e-05,0.9892209,0.0018533153,1.894247e-06,2.0695493e-08,5.9789267e-07,2.8605246e-10,9.498306e-08,1.1678572e-11,1.2505154e-05,1.0246307e-07,4.639501e-06,3.020541e-08,1.590309e-06,1.6386124e-06,6.565885e-06,3.3921192e-06,3.7127763e-06,8.212386e-05,1.0701295e-07,1.7006031e-06,3.1970153e-06,2.9757944e-08,5.6911927e-07,7.425334e-08,4.187275e-05,4.6842233e-05,1.1667312e-06,0.0005490141,2.0536809e-06,1.7322687e-07,1.5834897e-06,3.1907102e-06,0.0015492789,1.7270217e-05,3.666613e-08,5.7703634e-05,5.2020755e-06,2.5187512e-07,2.09663e-06,5.6994588e-05,0.00022650993,0.00027122442,1.5329731e-05,7.4059e-08,3.259499e-08,1.8262684e-06,5.3591607e-06,1.2752456e-06,1.1535239e-05,2.0806917e-07,2.206924e-06,0.00023173811,2.7346316e-06,4.735769e-06,3.386442e-07,5.0373023e-07,4.327458e-06,3.75446e-07,5.1506227e-06,5.2599e-07,0.00034817433,4.1583218e-07,0.0013558296,1.6853774e-05,6.4219984e-07,1.3071087e-07,3.477136e-05,1.6682446e-08,1.2361988e-05,3.668597e-07,6.054852e-07,2.620891e-06,9.269493e-07,4.2621854e-05,1.3283972e-06,1.1972338e-07,6.0970062e-05,2.3069633e-06,1.8321689e-09,3.924679e-07,3.0884191e-06,3.8244444e-08,3.7490147e-06,1.0339779e-05,3.4056665e-08,2.510162e-07,2.2148912e-05,3.6352096e-05,4.088231e-07,6.124029e-07,3.4353585e-07,5.5629384e-06,2.2773527e-06,6.0166894e-07,9.829025e-06,1.4380023e-05,4.7795256e-06,4.0641802e-07,0.0005955288,1.395953e-07,2.0746464e-07,4.586389e-07,0.0003374001,1.3056759e-07,0.00048068335,2.4571148e-07,0.00014329716,3.1692347e-05,1.3026586e-07,2.1936945e-08,1.3109766e-06,0.0016905064,1.0406516e-06,1.1042544e-05,1.0496161e-06,7.0932865e-06,4.4314524e-07,4.579292e-06,2.8008904e-08,6.87236e-05,5.728542e-07,6.4604737e-06,1.7143155e-06,5.8765345e-08,2.068768e-06,1.34483025e-05,6.1220845e-07,4.1264243e-06,7.632287e-06,3.929729e-05,4.6296714e-06,1.8434186e-05,1.72011e-05,1.2527714e-05,1.2412512e-07,5.9124533e-05,1.3792373e-06,6.2560484e-06,1.736233e-05,3.493229e-10,2.385125e-05,6.5782638e-06,5.1845527e-06,1.3172713e-07,7.802913e-07,9.261548e-06,2.5241543e-05,2.4931778e-05,3.1495833e-07,2.4825292e-07,0.00013212435,0.00022397796,0.00045157358,1.6799733e-06,1.1308249e-06,5.731696e-07,7.2308586e-07,3.895933e-09,6.6297307e-06,1.6206159e-06,2.64618e-09,6.336348e-07,3.2108634e-05,3.7892434e-08,3.6180747e-06,8.420665e-09,1.977582e-05,1.9393015e-07,1.5460355e-05,1.0637817e-06,3.3921644e-06
BC2026_Train_0014_S13_20220228_214500_005,1.1932556e-07,5.663396e-07,3.0252468e-07,3.0185254e-05,2.6032221e-06,3.8328057e-08,6.418632e-08,8.218787e-06,0.004900141,0.001531585,0.0039184024,9.908139e-10,2.0250225e-05,3.662074e-10,4.6463807e-08,0.029803323,4.7262624e-08,1.138264e-09,1.590315e-06,1.1727764e-06,2.2898389e-08,0.00027498533,4.15138e-05,2.8332317e-07,7.3566525e-07,4.194883e-07,1.93431e-06,1.9058383e-08,2.9555213e-06,3.832698e-05,4.526567e-05,5.3969336e-05,1.3916134e-06,2.2918544e-05,2.1266239e-07,3.8732545e-05,3.3608554e-09,9.391391e-08,7.825832e-08,5.5340206e-06,9.01666e-06,1.2779386e-06,6.1137575e-06,3.5073745e-06,3.0878407e-11,1.8694367e-11,3.0670428e-06,9.005223e-07,3.8647904e-08,3.3189473e-08,7.5483767e-06,6.6400003e-06,8.769196e-06,7.2761454e-06,5.2857682e-05,2.944312e-09,7.352613e-08,0.9956246,2.3515208e-08,2.3001094e-06,0.00040428588,2.071761e-08,3.1081925e-06,0.9473836,1.9482804e-06,6.3812655e-07,2.3660164e-08,4.785304e-07,9.140345e-11,2.0325306e-08,5.5812986e-11,4.958752e-07,4.5617384e-08,4.0154737e-06,3.8518903e-07,1.0473333e-06,9.4267966e-07,7.736561e-06,1.0066037e-06,2.1644696e-06,2.5742296e-05,2.1423546e-08,1.525605e-07,1.4385397e-07,7.7788634e-08,1.4982704e-06,6.9890636e-09,1.2851412e-05,5.7696748e-06,4.6571262e-07,0.00264569,7.0242476e-07,4.1025103e-07,7.222001e-06,8.377921e-06,0.00027430948,5.451467e-06,7.025701e-07,2.0215417e-05,9.413447e-07,8.793481e-07,9.9329746e-08,0.0001656801,0.00044935077,0.0003495282,1.4683131e-05,4.980192e-08,1.06500595e-08,2.4739452e-07,3.992894e-06,4.1013365e-07,2.2742102e-05,1.08878886e-07,1.9543284e-06,4.301729e-05,1.1873952e-06,3.333072e-07,6.8389866e-08,2.0768337e-07,4.4700354e-07,2.0160853e-07,5.980028e-08,8.0192734e-08,7.988016e-05,1.6178811e-06,2.9449195e-05,3.097198e-05,3.3291903e-07,1.1510887e-07,6.542638e-05,5.563438e-09,3.8808384e-06,1.5133473e-06,2.3007581e-07,6.034549e-07,1.7269522e-07,3.002984e-05,1.4170535e-06,1.08428765e-07,0.00034641506,1.2622236e-07,1.3394517e-09,1.4211833e-08,4.5484812e-06,7.291399e-09,1.6821017e-08,1.1873092e-06,1.8102268e-08,2.2126585e-06,7.4171985e-06,5.3379317e-06,7.3984944e-07,3.9058233e-07,3.0036773e-07,2.049926e-06,6.600287e-07,1.5013828e-06,3.4907322e-07,3.0210597e-06,1.2750567e-07,3.269998e-08,8.3943436e-05,7.592154e-07,8.557371e-08,4.1488384e-08,0.0010195494,5.8370176e-07,9.2835935e-06,7.441739e-08,5.0951647e-05,2.000839e-05,2.8421237e-08,1.0346759e-07,2.000382e-06,5.754992e-05,3.6831094e-05,3.581243e-07,2.852641e-06,7.79842e-07,1.1192749e-06,1.0081773e-05,6.300715e-09,1.044519e-05,9.598601e-08,1.2201691e-06,7.0622855e-07,2.629255e-07,3.11309e-06,1.1664958e-05,3.7709375e-05,1.3830505e-06,9.294276e-06,9.275982e-06,7.406719e-07,1.7041788e-05,7.882321e-07,1.558396e-06,8.791303e-08,2.658892e-05,3.7800397e-08,4.6920562e-05,1.4801641e-06,5.420324e-10,0.00022547437,7.4148074e-06,3.6627769e-06,3.5127496e-07,1.5061396e-06,7.357793e-05,0.00010787198,5.4932156e-07,1.324296e-07,2.5056653e-07,3.485951e-05,0.0010801449,0.00031863502,7.396615e-06,1.3461863e-07,1.074939e-07,9.724448e-07,2.2785362e-09,2.3929604e-06,3.2844497e-08,5.4674367e-09,3.9339687e-07,1.0981991e-05,2.0757243e-06,4.092287e-06,1.5933651e-09,3.071035e-06,6.2389276e-08,3.3272331e-06,1.3593802e-07,1.1712082e-06
BC2026_Train_0014_S13_20220228_214500_010,5.2997234e-10,7.726706e-09,7.3902445e-10,6.7019328e-06,3.9092365e-07,4.4121738e-11,1.2984267e-09,9.121336e-09,1.2540252e-05,0.0026548808,0.023950752,8.2998166e-12,7.51049e-07,3.2259948e-12,1.1138294e-10,7.426388e-05,3.4583332e-09,1.11657114e-10,7.757184e-09,2.278174e-06,4.389749e-09,1.581288e-06,2.2539346e-07,4.7053206e-09,3.1492087e-09,4.4400947e-10,4.64181e-08,1.5594627e-12,6.2449015e-09,5.5062224e-05,6.91201e-06,7.7118685e-08,1.7945513e-07,5.0666333e-08,2.4740308e-09,8.9045734e-08,1.6118072e-11,7.3094414e-10,2.1786903e-09,3.9099223e-08,1.0348817e-06,5.5606083e-08,2.2590248e-06,1.8051516e-08,2.4846222e-14,3.7569123e-14,4.4316934e-07,2.332002e-08,3.0352434e-09,2.0981892e-09,9.214732e-07,3.1404877e-06,5.105367e-06,4.0419505e-07,1.9438448e-06,5.3004766e-12,1.0787979e-08,0.9999113,3.7672008e-11,1.5472581e-07,8.045021e-05,1.1740136e-09,5.6970034e-08,0.99978846,0.00017006152,7.872087e-09,8.276472e-11,3.7859273e-08,3.4475138e-12,7.5144024e-10,6.5179092e-15,1.321448e-08,1.4451608e-09,2.0661089e-07,3.5070416e-10,2.6330257e-08,4.7514796e-08,2.1435893e-07,8.988478e-08,2.8713214e-07,7.596919e-07,8.354016e-10,1.0937813e-09,2.5326102e-08,9.473794e-11,3.6808796e-08,4.395685e-11,1.4648294e-06,1.6581699e-07,1.3362525e-08,2.4996843e-05,2.9646945e-09,2.8606204e-08,2.6183676e-07,3.643931e-07,1.3640994e-05,7.857238e-07,1.03714335e-08,6.126289e-07,5.7930905e-08,7.602303e-09,1.0711638e-09,1.9322672e-06,0.00028082877,5.249715e-05,4.9819545e-07,1.3809395e-10,1.3505796e-10,4.0873673e-09,3.257908e-08,3.534066e-08,4.4340902e-07,6.873657e-11,5.1178183e-08,3.883826e-06,3.4731473e-09,4.1786198e-08,1.1134078e-08,8.1295866e-08,2.5149198e-08,1.0429199e-08,6.263678e-09,9.768008e-10,3.3615124e-05,9.780821e-09,4.7271824e-06,1.8575844e-06,1.2560301e-09,6.587403e-10,1.0125335e-06,4.5603656e-11,7.5160136e-07,6.121653e-08,1.1034292e-08,1.4642561e-08,6.3102586e-11,2.1587716e-06,5.6736777e-08,9.619884e-11,7.8456585e-05,1.991906e-09,2.7639132e-11,2.6645583e-10,4.914596e-07,8.759233e-12,2.0746772e-10,5.3313613e-08,3.7021733e-11,3.1083438e-08,1.919578e-07,9.955418e-07,3.570291e-09,3.1611784e-09,7.031299e-10,5.4001863e-08,7.3354116e-08,1.11231095e-07,1.15758e-08,2.4936674e-07,1.2318661e-08,5.2434773e-10,4.304904e-07,5.3830718e-09,5.2682686e-10,4.797648e-09,0.0005693329,2.3479803e-08,1.3949551e-06,3.1247055e-10,3.1736306e-06,2.8422e-06,1.6317783e-10,1.5478507e-10,6.1894996e-09,6.607381e-06,1.5425832e-07,1.0612728e-08,5.3948717e-09,2.8095693e-08,3.8288e-09,4.04957e-08,7.5410476e-11,9.553479e-06,2.869871e-09,2.9810954e-07,2.591616e-08,5.7319743e-10,2.7121754e-08,7.8630835e-09,1.0086953e-07,3.601913e-08,2.4406663e-07,6.58543e-07,9.814476e-09,4.531145e-07,4.2440103e-08,1.657294e-07,3.4391698e-10,1.1033754e-06,8.003546e-09,9.68795e-09,6.6684387e-09,2.1812357e-12,1.1634332e-06,7.72186e-09,5.317768e-07,2.2179607e-09,2.8734095e-09,9.024914e-08,1.1281082e-06,3.8217465e-08,1.648151e-09,4.2426826e-08,2.1334563e-06,9.79961e-05,7.140845e-06,7.325331e-08,2.6019864e-09,1.1167117e-10,7.407946e-09,1.8135072e-11,5.0325485e-07,1.6888713e-09,5.313372e-12,4.065819e-10,2.0958612e-07,1.4006604e-09,2.5411989e-08,1.1383911e-11,1.2953797e-06,4.0688602e-10,2.0169027e-07,2.8258305e-09,4.1660755e-09
BC2026_Train_0014_S13_20220228_214500_015,1.2376004e-12,9.204381e-10,1.8868186e-10,4.3709893e-05,1.5337168e-08,1.389896e-12,8.30144e-10,7.471332e-09,5.585675e-06,0.00021491988,0.0036878844,1.5890369e-13,9.583289e-08,2.5394191e-13,3.0631608e-12,1.922373e-06,5.361745e-10,2.4049688e-11,9.22413e-11,2.0262569e-07,3.6065276e-11,6.1847445e-06,1.3625225e-07,1.8127404e-10,1.3608169e-10,4.6683424e-11,2.8176712e-09,1.1907519e-12,1.6303792e-09,1.9710656e-06,1.4270238e-07,6.4184846e-08,2.980543e-08,8.721458e-08,1.61226e-10,1.0771761e-07,3.734184e-12,1.9509977e-11,2.814909e-10,3.5893766e-08,2.0611703e-08,1.4863839e-09,3.282815e-08,8.590598e-09,9.793311e-16,1.6252854e-15,3.5374715e-08,4.5617017e-09,1.271565e-10,4.3062436e-11,2.5614328e-08,1.7696529e-08,3.8759815e-08,2.3824413e-08,3.3263848e-07,4.1014525e-14,1.1543288e-10,0.99999917,2.5512772e-11,3.7549222e-07,0.00012195925,6.5775434e-11,1.1114981e-08,0.99986136,7.3082076e-05,2.710409e-10,9.358512e-11,5.8489005e-09,2.0780354e-14,7.642884e-12,9.7263655e-17,1.6953325e-09,3.243735e-11,3.4588165e-08,9.091174e-11,5.624929e-09,1.0931833e-08,7.6712894e-08,1.6062824e-08,2.0180641e-08,1.679927e-07,1.4901302e-10,8.857149e-11,8.790826e-10,1.5395184e-10,5.784434e-08,7.289608e-12,1.2586564e-06,1.1728682e-08,1.0527985e-09,6.6703683e-07,2.0552132e-10,1.7649261e-09,9.466619e-08,7.740618e-07,1.8088608e-07,2.46247e-07,8.884009e-09,1.257419e-07,1.3332052e-08,2.5725785e-10,1.7156071e-10,1.7351572e-07,2.3769166e-05,1.1866225e-05,2.2095248e-06,1.5530075e-11,3.8394215e-11,8.409554e-10,4.302389e-09,5.6255938e-09,1.9511613e-07,2.8702351e-11,2.22708e-08,6.6557236e-06,8.6219787e-10,1.8628574e-09,2.2249604e-09,4.3373083e-09,4.564434e-09,1.2751949e-08,4.9889128e-11,1.1591495e-10,4.7400345e-06,1.233363e-09,3.0743735e-07,1.9633798e-07,3.3284528e-10,6.1811285e-11,3.2528047e-07,2.983347e-12,1.4115354e-07,4.0271175e-08,1.6556212e-09,2.8444527e-10,7.011418e-12,1.1064523e-06,6.011691e-09,2.3937291e-11,1.0232551e-05,4.9286764e-10,1.0526433e-10,5.100105e-11,1.8372754e-08,3.007782e-13,2.2191379e-12,4.9362145e-09,8.3235484e-12,2.2007844e-09,2.1666779e-08,7.61698e-08,5.477851e-10,5.3987603e-10,2.1679902e-10,3.3499326e-08,2.4519466e-09,6.292792e-08,2.129637e-10,1.8079328e-07,1.863227e-09,5.660507e-10,3.2371057e-07,4.089114e-09,7.609243e-11,5.1848315e-10,0.00035903032,9.868193e-10,8.9535854e-07,7.327735e-12,6.543199e-07,3.873961e-07,9.999701e-11,1.6051583e-12,8.92165e-10,4.007979e-06,4.6721087e-08,4.5013185e-10,3.585128e-08,2.7713376e-09,6.0603558e-09,2.408599e-08,1.5165806e-11,1.13355284e-07,2.341864e-10,9.9611634e-09,1.4397936e-08,6.493032e-11,5.189927e-10,4.6880397e-09,7.454169e-08,8.038228e-09,1.2262532e-07,5.595393e-07,3.2851e-09,5.9513308e-08,1.4290026e-09,2.3740028e-09,1.291535e-10,2.3803018e-08,1.874198e-09,1.3210197e-08,1.3626286e-08,1.4108966e-14,1.3116295e-06,7.2866864e-09,9.6257715e-08,2.434894e-09,3.2176162e-10,4.941933e-09,1.244751e-06,6.784429e-09,8.4683527e-10,1.3100321e-08,1.0263162e-06,8.856729e-05,2.7732865e-05,2.656648e-09,2.0979962e-10,5.457546e-10,7.389046e-10,8.8814324e-13,2.9341944e-08,1.35841486e-11,1.3086392e-11,4.9705243e-11,1.4808148e-07,2.493278e-09,1.6721533e-08,2.0088346e-13,2.8005058e-08,1.6541803e-11,4.311592e-08,6.155704e-11,2.5856045e-10
BC2026_Train_0014_S13_20220228_214500_020,3.915366e-10,4.310817e-09,2.892075e-10,8.52063e-05,1.7352778e-07,1.2168075e-10,2.53387e-09,1.06584366e-07,0.00049177837,5.6296467e-05,0.0024482522,6.470617e-11,1.0177002e-06,7.2074447e-12,1.3341204e-09,0.10302586,4.2493298e-09,8.242869e-11,8.8452913e-07,1.4068266e-06,4.0209907e-09,2.1564856e-06,2.2820458e-07,3.2294672e-08,5.8292574e-08,1.5118716e-09,5.569981e-07,7.366555e-11,3.9788947e-08,1.7207839e-06,5.177435e-07,2.7711496e-07,2.8468479e-09,5.431284e-07,3.9271106e-09,6.6323463e-07,1.3766549e-11,1.8615076e-09,1.0292837e-09,1.4293514e-07,2.7708722e-07,7.281407e-09,1.2324709e-05,3.9611077e-08,4.7960925e-13,4.6474482e-14,2.3850816e-06,6.7055894e-10,1.1110716e-09,1.320951e-09,9.674876e-07,3.3613785e-06,3.734523e-06,1.094851e-07,2.1435317e-05,3.9052803e-11,7.832693e-10,0.9998222,1.11153954e-10,2.4871697e-06,0.0007960374,6.365627e-10,2.4651376e-06,0.5374638,2.080673e-06,5.1108827e-08,2.5851128e-09,7.0430732e-09,6.1033015e-12,3.2230277e-10,2.8435277e-12,6.506791e-08,3.2597883e-10,2.9287651e-08,4.031858e-09,3.2579017e-08,2.622986e-07,2.2383422e-07,8.879795e-08,2.366148e-07,3.1926763e-06,1.0880116e-09,6.494626e-08,4.4956665e-09,1.6317449e-09,3.751718e-08,2.8271352e-09,1.4872192e-06,5.1986435e-06,6.201349e-10,0.00019478008,2.6212554e-08,3.158159e-09,9.358811e-08,6.430714e-08,0.00020747297,2.3327543e-07,8.806235e-09,2.1277265e-06,1.2135376e-07,8.997496e-09,2.0654127e-08,1.165823e-05,2.7338616e-05,6.2458726e-06,1.1128344e-06,1.9340092e-08,2.5441243e-11,3.3248014e-08,8.9392773e-07,4.7700674e-08,1.6029409e-06,2.2635187e-09,8.7524334e-09,7.148546e-07,5.144508e-07,1.6723818e-07,3.8405314e-09,4.0402348e-08,4.376993e-08,1.0810781e-08,2.8826937e-08,6.332631e-09,6.362859e-05,3.251599e-09,3.4537684e-06,1.6079e-07,3.0052323e-08,5.422354e-09,2.56805e-06,1.2079462e-10,7.086804e-08,5.8806355e-09,4.1985104e-09,2.6387873e-08,1.8901192e-09,6.6671754e-07,5.3369266e-08,4.96172e-09,1.4900286e-06,1.527513e-08,7.8484025e-12,1.45046615e-08,1.3663996e-08,3.6316058e-11,5.407247e-08,1.0782784e-06,1.3140174e-10,7.378843e-08,1.7167762e-06,4.7592576e-07,4.6714312e-08,3.8780374e-08,1.919105e-08,7.82301e-08,6.202306e-07,4.5752703e-08,4.1416678e-07,2.0743687e-06,1.1791239e-08,1.3146077e-08,3.9764935e-05,2.1465583e-09,1.769015e-08,5.8537553e-09,0.00016948441,9.707038e-09,0.00012846809,4.075791e-09,9.9009485e-06,4.086717e-06,3.326562e-10,1.4547176e-10,2.3988335e-08,3.7894788e-06,1.9422684e-07,8.711881e-08,1.135643e-08,3.192078e-07,5.0601123e-09,5.49166e-07,9.549906e-10,1.0021231e-06,2.4286338e-08,2.7134792e-08,1.11337e-07,2.6655764e-09,1.0552461e-07,9.3227305e-07,3.669111e-08,4.218142e-07,6.915815e-08,5.962879e-07,2.723614e-07,1.3293908e-06,1.5964114e-06,1.421373e-08,1.9486908e-08,2.7953408e-07,3.4263907e-09,1.7090919e-06,7.525353e-08,1.3445997e-12,2.6389744e-06,6.5784553e-07,1.7906108e-07,7.1221815e-09,2.2548845e-08,9.400735e-07,9.635412e-07,7.4472183e-07,1.9990354e-08,1.8362908e-08,6.3574034e-06,1.4086998e-05,8.643987e-05,2.6142882e-07,1.8101233e-08,1.0839296e-08,2.1372326e-08,3.5825728e-11,2.1671062e-07,8.94307e-09,2.3376407e-11,4.164878e-08,2.641996e-07,9.1631996e-10,3.584674e-07,5.01033e-11,1.2225091e-06,3.5099073e-09,6.5430186e-08,1.6003489e-07,4.4100354e-08
BC2026_Train_0014_S13_20220228_214500_025,1.7500718e-10,1.844184e-09,2.3064568e-11,1.1688721e-05,4.4427395e-09,5.7730036e-12,1.6624649e-10,5.4055014e-09,5.824195e-06,7.0410597e-06,0.0016951913,4.3555787e-13,6.886028e-07,1.3509923e-13,6.168535e-12,1.9011337e-07,3.3548145e-10,6.183979e-12,5.151238e-10,1.4618961e-06,3.3954736e-10,2.7071212e-06,3.3794092e-07,1.2944332e-09,1.7062868e-10,7.4397835e-11,1.3108996e-08,4.650404e-13,3.5632208e-10,2.9523148e-05,1.8737825e-06,2.3624269e-08,2.4938261e-08,1.371183e-07,4.859127e-10,1.8885487e-08,6.0631556e-12,1.2056606e-10,9.8257985e-11,8.3166775e-08,8.3925744e-07,2.2871618e-09,4.2395732e-07,8.499649e-10,3.5957574e-15,2.8136673e-15,3.567202e-08,8.039711e-10,9.894334e-10,1.6253732e-10,1.05147905e-07,3.6324744e-07,5.4402364e-07,1.7115468e-07,2.654938e-06,1.0716445e-12,9.2837926e-10,0.99982786,1.0526488e-11,3.728469e-08,0.00029881872,2.131665e-10,8.324693e-08,0.9994247,2.3721512e-07,2.396171e-09,5.349507e-10,8.2451885e-09,1.9440791e-13,4.4703692e-11,8.12164e-15,1.6065482e-09,1.7675021e-10,4.6282467e-09,6.8367106e-10,1.06074e-09,2.7938691e-08,1.6876733e-07,5.7901604e-09,2.7669086e-07,1.4567118e-07,1.7142267e-10,9.707162e-10,1.5238515e-09,4.7342963e-10,1.3355663e-07,1.2139909e-10,7.5731646e-07,1.1623588e-08,1.0211217e-09,3.8271533e-05,2.303665e-11,1.9098593e-08,1.3487173e-08,4.5074358e-07,2.4467704e-06,2.4991385e-07,1.6229338e-08,2.094822e-07,4.4636685e-09,1.1032876e-09,2.9207403e-10,1.0689112e-06,3.753326e-05,1.0262612e-05,6.5726375e-08,8.8224116e-12,5.9777866e-10,3.815881e-09,4.0644196e-08,1.9827903e-08,7.763079e-08,1.1204432e-10,9.792529e-08,6.60886e-07,1.6617248e-08,2.1461855e-09,4.4194803e-09,1.0827166e-08,5.7501985e-09,8.571138e-09,7.2188977e-10,5.82495e-10,6.1601095e-06,8.254028e-10,1.4721161e-06,3.6006162e-07,1.7821669e-10,4.3887255e-10,5.4047615e-07,1.7226888e-11,2.8745598e-07,2.396259e-08,3.5209713e-09,1.8042556e-09,2.0648473e-10,7.871654e-06,5.2961995e-09,3.3109013e-10,6.52857e-08,1.7971976e-09,4.640715e-11,4.7441495e-10,7.6908336e-08,1.1491799e-13,1.2701946e-11,5.501129e-09,2.8523763e-12,9.359736e-09,1.0237619e-06,1.4081864e-06,2.0477953e-09,1.0689861e-09,1.37879e-09,1.1005176e-09,4.045517e-08,3.1312833e-08,7.020805e-10,1.8740986e-08,1.2184342e-08,1.1676601e-09,8.5277554e-07,9.931317e-10,1.1668715e-10,1.0480442e-09,0.00035982736,4.0694834e-09,1.6479245e-06,7.369521e-11,5.278818e-06,5.939956e-07,3.3455152e-11,5.3924695e-11,4.028898e-09,1.1374583e-06,3.155445e-08,2.3945261e-09,3.6288186e-09,1.1537159e-08,1.1959501e-09,3.4492084e-07,6.537495e-11,4.4379527e-07,1.226099e-09,8.370563e-08,1.1698029e-08,7.842873e-10,3.3312113e-09,1.0490487e-08,2.7858503e-08,3.6484472e-08,4.0505817e-08,7.912267e-08,8.12932e-09,2.3493673e-07,9.003337e-08,2.0059717e-08,4.30702e-09,4.0175273e-08,6.060734e-10,1.8230645e-08,6.167341e-10,1.4926168e-13,4.760098e-06,9.353739e-09,8.80503e-08,2.2917033e-09,5.301361e-10,2.8903577e-07,5.891719e-07,1.0580632e-08,1.4447968e-09,1.5330032e-08,3.2713928e-07,0.00018632611,4.6662312e-06,1.632658e-08,1.6456222e-09,3.1841782e-10,2.2656135e-09,7.2065093e-12,7.559174e-08,4.495019e-11,9.0567285e-12,4.45037e-10,2.5289083e-07,3.6284228e-10,6.9935744e-08,1.3792744e-12,1.2550733e-07,2.4198445e-11,6.1901396e-08,6.1045535e-10,5.743994e-09
BC2026_Train_0014_S13_20220228_214500_030,7.853457e-10,1.8718913e-07,8.459357e-11,0.025883779,6.871239e-09,3.0055545e-11,4.2255843e-09,5.3284534e-08,8.1187613e-07,3.775025e-05,0.15154724,1.1979877e-11,4.0961677e-06,1.0461457e-11,2.3986835e-11,6.651356e-07,8.462072e-10,4.0197617e-10,5.0474288e-08,7.3423894e-07,1.0705287e-09,2.9252823e-07,5.371531e-07,2.7167735e-07,3.919356e-10,3.2386366e-10,5.5054038e-08,2.8128802e-10,1.9473347e-08,3.169906e-05,2.031359e-05,2.8487345e-06,5.065972e-07,8.690663e-06,4.5862706e-08,6.6633193e-06,3.2029714e-09,7.536339e-09,1.6486453e-08,6.389234e-06,9.403125e-06,5.4400193e-08,8.698876e-05,3.5484734e-07,1.4800277e-12,8.6196805e-13,8.27828e-06,5.9378937e-08,1.8300416e-07,3.655866e-08,7.741447e-06,8.257345e-06,1.8458815e-05,7.781447e-06,0.00030610472,1.915122e-13,1.09217495e-07,0.999982,4.047201e-11,4.1298986e-07,0.000427068,3.35832e-08,5.379626e-07,0.9924616,1.0364222e-05,8.583886e-08,2.7513254e-08,3.1347852e-08,1.1826764e-11,2.6561591e-11,3.4598436e-13,2.589253e-09,1.7246994e-09,4.058896e-08,2.6350806e-08,1.1261551e-06,1.1054198e-06,1.7697038e-06,1.3580896e-07,1.371837e-07,1.0485632e-05,1.0831249e-09,1.9413704e-09,3.0699034e-09,1.6197662e-09,5.96338e-06,9.229102e-09,1.1695423e-05,3.3940498e-07,7.573863e-09,6.936066e-06,1.0471469e-09,1.8819323e-08,3.4375114e-07,1.2328636e-06,4.32469e-06,6.387668e-06,1.6884782e-06,1.1062982e-06,1.2762611e-07,3.9400618e-08,1.4855486e-08,1.615117e-06,0.00023175115,1.454578e-05,5.907517e-06,2.4121425e-09,2.084579e-09,2.974351e-07,1.1835672e-06,4.5498297e-07,2.809058e-07,1.1550083e-08,1.8633207e-07,5.492786e-07,1.4643198e-06,4.059686e-08,4.3322412e-08,5.772684e-08,4.0801334e-07,2.4682376e-07,1.3013035e-08,2.809911e-09,1.1798925e-05,5.6606395e-09,2.1933276e-06,1.4017429e-06,3.742834e-08,8.498927e-08,3.3721635e-06,1.5909743e-10,1.810821e-06,2.098111e-07,1.7568182e-07,1.5323659e-08,3.3620656e-10,3.666317e-06,3.925477e-07,3.8947306e-08,1.2266759e-06,1.0115718e-07,9.381092e-09,8.239403e-09,3.0931366e-07,2.3929303e-11,3.8431362e-11,1.587683e-06,4.1054843e-10,2.5186216e-07,2.8433683e-06,1.3152945e-06,4.9953183e-08,1.3540709e-08,9.0901295e-08,4.11857e-08,2.0556585e-07,1.3085759e-06,2.7137934e-09,6.8607524e-06,4.444452e-09,8.437985e-08,6.675659e-06,2.4852408e-08,3.6062577e-08,6.7413744e-08,7.698597e-05,9.4736464e-08,3.1639684e-05,8.822202e-10,6.358643e-05,4.4694016e-06,2.7151173e-10,3.4965822e-10,1.3771773e-07,1.2882539e-06,2.5541252e-07,2.1280718e-08,4.2011322e-07,2.3726444e-07,3.459872e-08,2.5398238e-06,7.7003826e-10,1.5242847e-06,1.8831632e-09,1.3926977e-07,4.2791984e-07,2.2788926e-09,1.2447019e-07,2.5879984e-07,5.0739106e-07,1.843466e-06,1.17328035e-07,3.4929835e-07,1.2469035e-07,5.337815e-06,1.3533821e-07,5.846527e-07,1.4309745e-07,4.5911893e-08,1.3030091e-09,9.638903e-07,2.6290846e-07,6.642618e-13,1.5497671e-05,2.6127154e-07,1.0835315e-06,2.2848129e-08,2.0541326e-09,3.1435928e-08,5.7769423e-05,4.1635042e-07,1.4403422e-07,3.2199745e-07,4.5329352e-06,0.0031042295,3.348468e-05,1.0020049e-07,6.7996377e-09,7.828772e-08,4.586603e-08,7.0172573e-10,6.3694824e-07,4.8673454e-10,2.0129616e-09,4.270292e-09,1.7370113e-06,9.90788e-09,1.3105524e-07,1.2342896e-10,1.828773e-06,3.920612e-10,1.7375665e-07,2.7920406e-09,1.4406196e-07
BC2026_Train_0014_S13_20220228_214500_035,1.8383163e-08,1.5264273e-07,5.1148885e-09,0.00013533288,5.989433e-08,1.6635697e-09,1.8193687e-08,1.0233978e-06,0.00040110978,0.00014389127,0.068395704,2.91916e-09,2.6252412e-06,6.56193e-11,1.493492e-08,0.0074012554,2.0369907e-07,3.3937705e-10,1.8870307e-05,1.7766873e-05,4.6429083e-08,4.159054e-06,1.479443e-06,7.2042764e-07,2.7270938e-08,3.7364998e-08,2.4021977e-06,3.7538204e-09,1.9608164e-07,0.00012871835,1.904713e-05,9.373984e-07,1.5690011e-08,5.432058e-06,7.222844e-08,1.1230813e-06,1.1654656e-10,1.4997065e-08,2.1849285e-09,3.7266747e-07,4.8326514e-05,3.1879427e-08,6.400444e-05,1.3297658e-07,2.3718221e-12,7.7120553e-13,1.4816125e-05,3.006968e-09,1.0077487e-08,6.295204e-08,6.3528755e-06,7.0517044e-06,7.868772e-06,1.17821255e-05,0.00010217058,9.636949e-10,4.1661075e-09,0.998589,3.852696e-09,2.5212198e-06,0.00027651514,2.8757247e-08,1.591305e-05,0.92704237,4.0955506e-06,7.442774e-07,1.5004294e-07,8.880861e-08,1.1008655e-10,5.3279634e-09,9.850507e-12,9.506644e-08,8.52062e-10,6.969907e-09,1.1882972e-08,1.8270684e-07,5.892764e-06,1.6032604e-07,7.7781203e-07,1.2002879e-06,3.6474844e-06,3.0323213e-09,9.183836e-08,2.9540168e-08,7.032147e-09,8.778926e-07,1.24589015e-08,3.7702152e-06,1.4049416e-06,2.7066547e-09,0.005427811,9.565903e-08,1.6976697e-08,1.327509e-07,1.0989116e-05,0.0010318918,5.637456e-06,1.8027005e-07,4.467292e-06,1.3550947e-07,4.5348447e-08,2.4975437e-08,8.798843e-06,8.034074e-05,1.16220735e-05,3.283453e-06,6.396581e-09,1.293794e-09,4.0087404e-08,9.848475e-07,3.235022e-08,6.436972e-07,1.8008702e-08,9.380703e-08,1.4050514e-06,1.4024115e-06,1.467041e-07,3.0820438e-08,3.066558e-07,8.229826e-08,7.1220626e-08,4.1262997e-08,3.186672e-08,9.458635e-06,7.81946e-08,3.818071e-06,3.4270894e-07,5.834985e-08,3.973813e-08,3.225158e-05,1.2977013e-09,5.160128e-07,3.5854015e-08,7.659372e-09,2.8561878e-08,3.6971052e-08,6.366318e-07,1.167439e-06,1.9292859e-08,1.0401507e-06,1.5611313e-07,6.8400466e-11,3.0570092e-08,1.0018941e-07,8.086984e-11,6.7150636e-09,8.785861e-07,8.9804675e-10,1.07542085e-07,1.2227224e-05,1.4105588e-06,5.3522474e-08,3.072181e-07,4.674689e-07,8.786878e-08,1.595512e-06,8.8567226e-08,1.1352297e-07,5.3233157e-06,8.899769e-08,5.8097434e-08,8.356129e-06,2.7626578e-08,5.688621e-08,6.220783e-08,0.00011871391,4.398803e-08,8.361423e-06,1.4737003e-07,6.2435356e-05,5.892882e-06,5.5783006e-10,1.7650842e-09,3.2380134e-07,3.7541167e-06,4.451886e-07,4.7706635e-07,2.4469209e-08,5.909326e-07,3.3037193e-08,4.7631625e-07,1.4928855e-08,4.048133e-06,2.7646658e-08,1.1790615e-07,1.07079714e-07,2.3818414e-08,2.73997e-07,6.0700168e-06,4.3843295e-07,1.940557e-06,6.639251e-07,2.960792e-07,4.235104e-07,2.8202567e-06,1.505271e-06,3.8623217e-08,4.1788712e-07,3.9633565e-07,1.7353674e-09,5.723509e-06,8.115272e-08,1.4782878e-11,1.4361272e-05,5.040531e-07,4.3869937e-07,5.2881144e-09,8.1895045e-08,8.207242e-06,9.4441675e-06,1.4230378e-06,1.9913902e-08,6.1569224e-08,6.8918953e-06,0.00022804133,2.5458681e-05,3.552181e-07,5.7271933e-08,6.199983e-08,7.817342e-08,6.6029254e-10,1.4115733e-06,5.1044213e-09,3.0644262e-10,6.222516e-08,3.3956948e-07,7.798693e-09,4.4241386e-07,5.902125e-11,3.6173535e-06,5.7840452e-09,2.4482824e-07,2.7133555e-07,2.1606666e-06
BC2026_Train_0014_S13_20220228_214500_040,3.9567843e-10,5.2137143e-08,5.7680016e-10,0.0011190312,3.6338602e-07,7.086834e-11,2.276729e-09,3.119498e-08,0.000119375036,4.76055e-05,0.012158236,1.3230887e-10,3.9291697e-07,2.8586633e-11,2.6397173e-09,0.21111791,1.5729743e-08,2.7863625e-10,3.100141e-05,2.9003363e-06,4.638834e-09,8.6338e-07,1.5145702e-07,7.5321175e-08,9.348089e-08,2.2987516e-09,1.418346e-06,1.5964914e-10,2.6117732e-08,7.0079204e-06,5.6327754e-06,3.2724728e-07,2.7881661e-09,6.205075e-07,3.4062836e-08,3.986146e-07,1.0861318e-11,1.1031992e-09,1.4739197e-09,8.85304e-08,1.0262761e-06,9.758794e-09,0.00012445965,5.0269737e-08,1.9480951e-13,2.2560828e-13,1.711434e-06,6.104588e-10,8.135396e-10,4.3392854e-09,4.889608e-06,9.2165055e-06,1.4926034e-05,3.1741646e-07,3.764262e-05,1.7050986e-11,6.889359e-10,0.9998853,4.893146e-11,2.215249e-06,0.00070081366,8.466576e-10,4.840382e-06,0.96814775,0.00010773844,5.865465e-07,2.3950513e-09,1.4932159e-08,3.6033422e-12,2.5898692e-10,1.7261866e-13,4.683583e-08,1.7011526e-10,4.436272e-08,1.5134153e-09,4.6698272e-08,1.6910018e-07,6.278729e-08,1.1033159e-07,5.0775164e-08,3.1458326e-06,1.260878e-10,1.1391921e-08,4.4473687e-09,3.2355002e-10,4.5104396e-09,4.8457166e-10,4.943486e-07,1.2456192e-06,3.7104906e-09,5.4528402e-05,2.7621464e-08,4.7291066e-10,6.43572e-08,1.5491052e-07,0.00019649885,1.566076e-07,1.133866e-08,3.940227e-06,8.120553e-08,2.2453812e-09,6.9594135e-09,3.189259e-06,4.422757e-06,1.3300236e-06,5.622014e-07,9.37447e-10,5.0195702e-11,5.981487e-08,4.4396796e-07,2.816077e-08,2.2792116e-07,1.2930268e-09,7.528351e-09,1.7503496e-07,3.2158715e-07,4.03787e-08,7.010211e-09,9.321662e-09,2.2547294e-08,5.211942e-09,8.585524e-08,3.2771832e-09,7.5662147e-06,9.918274e-10,1.4195152e-06,1.17189714e-07,9.711204e-09,9.924651e-10,5.3837034e-06,1.1121099e-10,8.612493e-07,1.815029e-08,3.196057e-09,9.4175405e-09,7.464421e-10,7.917881e-07,1.1698826e-07,3.2713128e-09,3.1091765e-06,3.0073824e-08,7.9070014e-12,7.800073e-10,1.6245659e-08,6.93775e-11,2.6204756e-08,1.7417307e-07,1.654481e-10,1.7688293e-08,6.344753e-07,1.231305e-07,2.2022961e-09,1.2428308e-08,9.07857e-09,3.425471e-08,6.8593266e-08,3.0980452e-08,2.2000384e-08,1.3240856e-05,2.5854005e-08,1.4082501e-08,5.7643174e-06,2.2791666e-09,3.6098209e-09,5.2953006e-09,8.743144e-06,3.7886636e-09,9.957849e-06,1.1733643e-09,6.360684e-06,1.4250628e-06,1.0973854e-10,3.2481326e-10,1.520183e-08,4.007849e-06,7.029736e-08,5.4295796e-08,6.161442e-09,5.660113e-08,1.8824315e-08,9.727411e-08,2.229428e-10,2.8377826e-06,5.526506e-09,2.1801005e-08,2.2105203e-08,3.2859881e-10,4.4124075e-08,1.4291088e-07,1.7851761e-08,3.0384663e-07,2.0321004e-08,1.5245462e-07,1.0318242e-07,1.0326389e-06,1.5703834e-07,3.974783e-08,3.6579775e-09,7.116915e-07,4.339418e-09,4.9685934e-07,1.1267305e-07,3.169165e-13,4.2900922e-07,1.8230861e-07,3.339349e-08,3.7029326e-09,1.88458e-08,1.7686679e-07,2.4867568e-06,3.4089234e-07,1.1085299e-08,4.1578674e-09,3.26621e-06,0.000117767275,3.126157e-05,1.1187663e-07,7.029639e-09,7.238342e-09,1.9348912e-08,1.0406353e-11,1.2940778e-07,2.8508633e-09,7.0786844e-12,2.0558737e-08,8.85821e-08,3.0235356e-10,1.9429909e-07,9.616669e-12,5.0796916e-07,1.1813092e-09,3.555316e-07,2.2604993e-08,1.631065e-07
BC2026_Train_0014_S13_20220228_214500_045,1.8262124e-10,2.7390195e-09,2.5033633e-11,9.87712e-05,1.9241952e-09,1.42362806e-11,1.2201767e-11,9.3531895e-08,5.231365e-07,5.757917e-06,0.00013586042,4.633228e-13,9.4369454e-08,6.0637395e-14,1.3864177e-11,5.5749655e-07,3.003019e-09,1.6043289e-12,6.858254e-08,2.8312732e-06,1.1691773e-10,4.0289613e-08,3.0955002e-07,7.183174e-10,5.624132e-10,3.0331918e-11,8.869821e-09,7.0815203e-12,5.6435173e-10,9.440949e-05,2.5698505e-06,5.5529345e-08,8.357223e-09,2.1748163e-07,5.87645e-10,2.1527717e-07,2.9928723e-11,2.4082245e-10,2.3701232e-11,5.341662e-07,3.8657345e-07,1.8410393e-08,2.4721794e-06,5.229278e-09,1.0336979e-14,7.275582e-15,4.730419e-08,3.5130652e-11,2.066321e-10,1.0722938e-10,2.4033315e-07,5.2612977e-06,4.5255883e-06,1.6479324e-07,0.00010590911,1.497891e-12,2.2323143e-09,0.9990853,1.722104e-11,2.8565582e-08,4.87013e-05,3.966797e-10,9.026756e-08,0.90687734,1.4988576e-07,2.727472e-09,3.130474e-10,2.4680968e-09,2.459871e-14,1.8523723e-10,4.5147313e-14,2.44725e-10,7.775308e-11,5.2934275e-11,4.1451248e-10,6.6049948e-09,5.6969487e-08,2.5794696e-08,2.8489895e-08,8.775137e-08,9.791898e-07,3.5386352e-10,9.259879e-11,5.256816e-10,2.2985794e-10,2.5616532e-07,1.0149542e-10,5.2412034e-08,3.1823415e-08,1.704553e-10,0.006870718,1.4441129e-10,4.586752e-08,4.735563e-09,7.0649406e-08,1.7452572e-05,8.9974276e-07,2.3991355e-08,1.2557862e-06,6.1551115e-09,1.7764291e-09,4.033188e-09,1.0009778e-06,5.893489e-06,8.076991e-05,1.0216761e-07,3.2311875e-11,3.565845e-10,5.830355e-09,7.891408e-08,4.5723025e-09,5.261872e-07,1.2266481e-10,3.132807e-08,1.5844535e-07,6.239427e-08,4.337788e-09,5.5781946e-10,1.8307577e-09,8.270531e-09,1.964236e-09,2.1242466e-09,7.971153e-10,2.9834125e-06,2.3858824e-09,2.7098798e-07,6.2646654e-07,8.841439e-10,2.5541758e-10,4.6206193e-08,9.699597e-13,2.2612417e-07,4.123481e-09,4.1987405e-10,2.3894529e-09,2.9177183e-09,4.313221e-07,2.1669877e-08,3.2727773e-10,1.428534e-05,1.22720865e-08,6.745091e-12,1.8695091e-10,6.1260096e-08,5.1873165e-13,7.315798e-11,2.8709731e-08,4.1611137e-12,6.6517094e-09,3.4267339e-06,2.119014e-07,1.969601e-09,1.6629161e-09,5.886156e-09,4.305205e-09,1.1723136e-08,1.7536319e-08,8.705611e-10,1.8711097e-07,3.915129e-09,6.4904375e-09,2.9332152e-06,6.3764904e-10,2.0824875e-10,1.2555796e-09,0.00013930691,1.1697645e-09,1.4868859e-06,2.1464669e-10,7.89444e-06,4.0837617e-07,8.7331765e-12,7.210995e-11,6.61521e-08,7.268047e-07,4.955811e-08,1.8114592e-09,7.5892587e-10,4.941255e-09,2.7236083e-10,3.8830404e-08,7.733525e-11,2.0808365e-07,7.777092e-10,3.1292593e-08,8.885178e-09,2.0329824e-10,6.6373125e-09,1.8866538e-07,2.9815553e-08,8.4563325e-09,2.2214504e-08,8.203838e-09,4.8414694e-09,4.0162715e-07,2.7040452e-08,2.3053476e-08,3.115746e-08,6.228964e-08,1.298295e-10,5.874484e-08,1.1825023e-08,1.9034604e-14,3.0131755e-06,2.4170748e-09,3.0170522e-08,1.9032946e-09,6.125411e-09,2.3895458e-07,2.3098166e-06,1.1390736e-06,2.5495808e-10,9.967531e-09,2.5551583e-07,0.0028800208,2.1164391e-05,3.721656e-08,1.6481007e-09,6.0412786e-09,1.3380607e-08,1.9409908e-11,6.716502e-08,4.822378e-11,9.035144e-12,5.2716165e-10,2.2946969e-07,1.4058735e-10,1.7289595e-07,9.382809e-13,2.3198997e-08,1.384228e-10,2.958635e-08,1.8185513e-10,3.7010846e-08
BC2026_Train_0014_S13_20220228_214500_050,1.009248e-10,1.0052453e-08,1.05706575e-10,0.017759133,3.359287e-08,6.7168337e-12,9.1234537e-10,1.7001485e-08,7.9341935e-06,0.00031710282,0.00020967907,7.561366e-12,9.823339e-08,1.0532594e-11,1.1716395e-10,0.092244886,1.0499595e-08,2.9196916e-11,2.5363252e-05,3.7419244e-07,8.5277413e-10,3.866498e-07,3.0298955e-07,7.5761175e-09,5.4802887e-09,4.625138e-10,3.18801e-08,1.33541225e-11,1.0681287e-08,9.297142e-07,1.4440254e-05,2.847667e-07,3.9487724e-09,1.1695674e-06,2.1341162e-08,1.1927699e-07,9.799927e-12,7.3993983e-10,1.2302054e-09,2.5279462e-07,2.7023495e-07,8.3486045e-09,0.00041962072,3.336357e-08,1.828345e-14,1.408243e-14,2.8946579e-06,6.2143024e-10,8.4214e-10,4.8399706e-10,3.4778855e-05,0.00018614018,0.00025896236,2.9988541e-07,0.00060938334,1.0591939e-12,6.915874e-10,0.9999893,1.3555289e-11,3.527036e-07,0.0002522146,4.2400475e-11,1.728178e-07,0.89471096,2.1022375e-05,5.7450702e-08,6.102633e-10,3.5338146e-09,5.3263774e-13,1.7724775e-11,2.5541655e-14,3.835393e-09,2.0276641e-11,1.0932953e-09,2.3550342e-09,1.5621183e-08,8.144564e-08,5.648057e-08,4.955934e-08,1.6793289e-08,2.6447742e-07,3.2011845e-11,1.5249855e-09,2.6397524e-09,3.8291172e-11,1.1256855e-09,4.5547673e-11,4.059415e-08,2.7181053e-07,2.7548408e-10,4.457332e-05,1.39350895e-08,3.7979803e-10,7.3960438e-09,1.1741104e-08,8.86671e-06,4.9251856e-08,1.4990165e-09,8.092124e-07,1.2881069e-08,1.5182233e-09,4.1858506e-10,6.3877866e-07,3.5312605e-06,2.496928e-06,1.3705895e-07,6.7287495e-11,1.47529e-12,4.686949e-09,1.3957332e-07,8.176828e-09,1.7260847e-07,1.1415466e-10,3.2598892e-09,1.2799686e-08,2.2957082e-07,1.3749144e-08,1.3531435e-09,1.4977897e-10,2.9598468e-09,4.720762e-10,2.6666203e-08,3.7693662e-10,1.7558798e-06,4.2024179e-10,5.0996658e-08,3.2737987e-08,3.4270315e-09,4.751946e-10,9.010601e-07,8.391628e-13,8.671514e-08,1.4713356e-09,2.5433736e-10,8.690017e-10,4.532255e-10,2.7601405e-07,3.6539564e-08,4.7097354e-10,2.80569e-05,5.284182e-09,5.228908e-13,4.717458e-10,2.5932814e-09,1.4280658e-12,6.6706873e-10,1.5676818e-08,2.0319035e-11,1.9860522e-09,1.4489584e-07,6.331048e-09,9.619558e-10,2.898029e-09,2.68511e-09,4.6539266e-09,8.459704e-09,3.5139617e-08,4.3644252e-10,1.6305999e-06,2.040691e-09,1.38268295e-08,4.6700504e-07,2.487961e-10,1.1825648e-09,7.4149253e-10,7.6048964e-06,6.076476e-10,1.6062875e-06,2.2086931e-10,1.9910806e-06,2.6187521e-07,4.4897835e-11,2.282884e-11,5.473269e-09,7.3463815e-07,2.6185876e-07,4.8747157e-09,3.839292e-10,2.961643e-09,1.3267765e-09,4.0082107e-09,1.0338302e-10,6.7343893e-07,9.910388e-10,4.284055e-09,3.2112843e-09,2.1908602e-11,3.8613917e-09,2.6482919e-08,7.229567e-09,1.03896525e-07,6.6415287e-09,1.0920642e-08,2.1503702e-08,4.5196565e-08,3.0388874e-09,4.2960098e-09,1.3314028e-09,2.6147495e-07,5.7523786e-10,6.141546e-08,4.3294475e-09,4.6983762e-14,1.1876122e-07,9.134446e-09,2.9261171e-09,4.740929e-10,2.8320193e-09,9.523504e-08,4.878732e-07,2.3247807e-08,4.042538e-09,5.452229e-10,6.644738e-08,0.00014495055,5.8077312e-05,2.7723544e-08,1.6828776e-09,1.2277465e-09,3.0929013e-09,1.4517391e-12,3.894389e-08,2.0740956e-10,6.036935e-13,1.6006756e-09,2.0380199e-08,4.66747e-11,1.0893867e-08,3.0784639e-13,5.0319528e-08,2.8944271e-09,3.060545e-08,3.3036236e-09,1.1964687e-08
BC2026_Train_0014_S13_20220228_214500_055,1.9303321e-11,2.6055174e-09,2.4376204e-10,0.0004226658,1.4181776e-08,6.9441406e-12,4.274723e-10,3.2437583e-08,4.774346e-06,1.6638295e-06,0.00033744448,1.4288422e-12,1.3261767e-07,8.773274e-13,8.112332e-12,3.8881362e-06,3.3806897e-09,1.1866284e-11,4.6309045e-09,8.8757525e-07,6.99222e-10,3.138674e-08,4.0957786e-07,1.1791526e-09,3.4470765e-10,1.9606677e-10,3.488239e-08,3.7859993e-12,5.1964344e-10,7.8982586e-05,1.0295399e-07,4.553427e-08,4.3180524e-08,2.5166793e-07,1.9077166e-10,8.587734e-08,1.9422462e-11,8.989408e-11,3.6485412e-10,5.892281e-07,1.468522e-07,2.8907636e-09,2.7025195e-07,3.0249099e-09,2.1166862e-14,1.9376292e-14,7.282688e-08,6.829256e-10,7.7976636e-10,3.4616573e-10,2.659857e-07,1.2559713e-07,1.5681714e-07,9.8280424e-08,9.675587e-07,3.3442487e-13,3.9387354e-10,0.9997087,1.1465539e-11,1.8029459e-08,5.575238e-05,1.5948215e-09,3.7432127e-07,0.99169135,5.27624e-05,4.516024e-10,5.4401483e-10,1.1844384e-09,6.921011e-13,3.682054e-11,7.4655544e-15,1.2792869e-09,1.1473491e-09,1.0204934e-08,1.5366735e-09,2.0111933e-08,5.2513496e-07,1.3615677e-07,1.011838e-07,3.098052e-07,4.321874e-06,8.0135165e-10,1.2936878e-09,2.6970437e-09,4.415038e-10,1.5353814e-07,5.8396676e-10,5.7340094e-06,1.6505874e-07,2.7190488e-08,7.2977437e-06,4.6050594e-10,2.8354638e-08,2.4823635e-07,3.1796562e-06,1.4451788e-06,3.0515969e-06,1.0782533e-07,1.7553759e-05,1.13276066e-07,1.9939015e-09,8.653352e-09,1.09142746e-07,1.7558412e-05,5.096494e-06,6.793898e-06,9.1501653e-11,2.3639584e-09,2.7216483e-08,1.4076839e-07,9.385893e-08,8.378276e-07,1.5291059e-10,3.5925822e-08,3.7993927e-05,1.8886892e-08,1.2355015e-08,1.1144553e-08,9.721286e-09,1.9584466e-07,1.2262305e-08,2.407229e-09,1.2507229e-09,7.848099e-05,1.5111163e-09,1.01618825e-05,9.929968e-07,7.7519e-10,9.072645e-10,1.7132254e-06,3.659705e-11,1.3221916e-05,2.4334776e-07,1.2145995e-07,9.782835e-09,3.4539083e-10,2.9363805e-06,1.7885434e-08,5.41272e-10,1.8329458e-06,1.4409971e-08,1.3261844e-09,7.8299145e-10,2.4996294e-07,3.9680945e-12,6.6208934e-11,5.0268493e-08,2.3027292e-11,1.4902488e-07,4.6151763e-07,5.13923e-06,4.0019925e-09,1.016639e-08,4.691233e-09,5.238615e-08,5.963898e-08,6.142085e-08,3.1788339e-09,4.0973563e-07,1.8931074e-08,1.5261901e-09,1.591119e-06,1.2835819e-08,3.7003982e-09,1.8042291e-08,0.00012164265,6.9380775e-08,7.1657987e-06,6.50171e-10,3.7457805e-06,4.4889566e-06,3.7192321e-10,2.479527e-11,9.022897e-09,2.3137402e-05,2.014246e-07,4.226819e-08,7.798623e-08,8.630692e-08,1.24149935e-08,8.955024e-08,5.801142e-11,4.8283993e-05,1.5033257e-09,7.558122e-08,6.7997576e-08,4.866882e-10,1.7145553e-08,5.457573e-08,1.5335793e-08,7.884713e-08,1.6022837e-07,3.9136896e-08,1.911729e-08,6.6320954e-06,8.287889e-08,3.0321732e-07,1.1648307e-09,2.732142e-07,6.829268e-10,7.901318e-08,1.5557987e-07,1.0336965e-13,4.9294945e-06,9.4500585e-08,3.169618e-07,4.8275917e-09,6.5011513e-10,2.781717e-07,2.6617704e-06,2.5593653e-07,5.0612217e-09,1.1703266e-07,1.6753505e-05,9.621458e-06,8.129428e-06,1.2914377e-08,1.5795797e-08,4.9202353e-09,4.3995394e-09,1.4304874e-11,1.2906847e-07,7.847048e-10,4.023971e-11,3.3837266e-10,1.3113918e-06,1.11043015e-08,1.1629891e-07,4.2807428e-11,7.97773e-07,6.0846866e-10,1.2396533e-06,2.398355e-10,2.6150378e-08
BC2026_Train_0016_S18_20220204_221500_000,2.638142e-09,3.6006977e-08,4.414857e-12,0.007698426,1.9681288e-09,7.0555305e-11,5.110088e-10,2.1853795e-08,1.8760895e-07,0.14418867,0.0021514457,4.829813e-12,2.3293931e-07,5.1421528e-12,2.6706371e-11,3.0600572e-06,3.9713368e-11,1.3430178e-09,6.3209427e-06,1.0292172e-05,3.3660824e-10,7.570608e-07,5.8935505e-08,2.3079286e-07,1.5669905e-09,7.759496e-12,2.3556693e-07,6.663674e-08,4.5648605e-09,2.8543527e-06,0.000112366244,2.486619e-07,7.03706e-05,8.536131e-06,1.8861405e-08,1.0214906e-06,2.2990552e-08,2.1685285e-07,1.8661727e-06,1.9807718e-05,5.0540795e-05,2.1539765e-05,1.7094309e-06,3.8355996e-08,5.320732e-13,1.6468435e-13,9.958922e-07,3.6254764e-07,1.785984e-07,1.4055397e-08,5.1683414e-06,2.1951525e-06,7.397866e-07,4.0421208e-05,1.0358313e-05,2.5338358e-13,2.0747881e-10,0.99900645,6.212664e-11,2.951668e-06,9.307091e-05,7.273068e-12,7.7278415e-09,1.537619e-05,3.326358e-05,7.889899e-09,5.853752e-10,3.5717942e-10,1.6359067e-11,1.9397844e-11,2.3217086e-13,2.547301e-10,4.929027e-09,1.22505e-08,1.3239185e-07,6.233266e-08,4.7769055e-07,1.9090237e-06,2.752307e-08,3.2402005e-07,7.4066617e-07,9.596121e-10,5.473522e-08,5.6024085e-10,4.9078444e-09,9.824838e-08,6.52919e-09,7.9483704e-07,3.1881004e-06,6.407079e-10,6.2764925e-06,1.5726674e-07,4.4575665e-07,3.1764874e-05,1.4532193e-07,5.8065757e-06,6.576907e-07,0.00020988789,2.0588627e-07,2.4967434e-08,4.8174755e-08,1.1896397e-08,9.2498785e-06,0.00057904434,0.0005751342,2.1791627e-06,1.4663272e-08,6.475022e-12,1.1984208e-07,7.8974914e-08,2.3196105e-09,8.376292e-06,6.08346e-09,8.713074e-09,3.184898e-08,1.8398711e-07,8.331974e-07,3.326153e-07,8.767186e-09,6.2742026e-07,1.3172588e-07,9.1399886e-07,2.3693616e-09,1.3469133e-05,2.7827365e-09,5.7289846e-08,2.1504712e-07,2.2029215e-07,1.8580137e-09,4.3187575e-07,3.8107642e-11,4.4292383e-07,4.240673e-07,7.491167e-09,2.7767571e-08,3.3818344e-11,3.5408716e-06,5.084703e-07,2.8383967e-08,0.2967419,6.917171e-09,3.2979212e-08,2.6662358e-10,6.105502e-07,6.6286607e-12,3.9484065e-11,1.7185043e-07,1.2044566e-09,2.9773964e-05,7.4349856e-08,3.7212793e-08,6.5759664e-10,7.612358e-09,1.4606849e-07,1.1539996e-06,1.9213728e-07,5.295747e-07,2.7237018e-10,1.4312858e-06,1.6178705e-09,5.9408176e-08,1.2158836e-07,7.667346e-07,2.4287223e-07,2.2583691e-07,9.953251e-05,2.5878356e-07,1.5048963e-07,1.6283211e-10,2.0015085e-07,2.8543394e-07,1.2167053e-10,4.3453213e-10,7.910453e-09,9.8988544e-08,6.663387e-05,9.68412e-10,1.0072086e-08,8.7012204e-08,4.3047056e-08,1.7085249e-07,4.615781e-09,2.3642261e-07,2.2335845e-08,5.967721e-08,5.196227e-07,1.0319462e-11,6.9050465e-08,3.2669045e-09,7.789115e-06,2.7414062e-05,9.71821e-07,1.702826e-08,3.3102477e-08,1.1792474e-06,3.3656091e-09,9.040713e-08,1.447857e-08,1.8808994e-06,4.923561e-07,7.914709e-09,1.6112386e-07,3.0099072e-12,4.4757595e-08,2.4509612e-08,1.2857647e-06,4.99184e-09,2.4697829e-06,1.0149054e-07,1.3679922e-07,4.3663994e-07,1.2050232e-07,1.689762e-06,7.596557e-07,0.0010460125,0.00687323,3.459203e-07,1.2374402e-08,4.4052553e-10,1.4668312e-07,2.3409826e-11,3.976124e-09,2.725817e-10,4.4651136e-10,6.0892416e-09,3.4889476e-05,3.7038173e-08,8.217511e-07,1.9836348e-11,9.4189875e-07,8.546035e-08,6.4704504e-06,2.2291667e-08,7.259887e-08
BC2026_Train_0016_S18_20220204_221500_005,1.0449055e-11,6.9851596e-09,8.856055e-14,0.006594015,4.9775448e-11,3.6894882e-13,1.2247543e-10,2.2525233e-09,3.075336e-09,0.01706891,0.01913783,2.962518e-13,6.0734897e-09,6.184047e-13,3.350576e-13,3.0346436e-07,3.1459618e-12,4.6541264e-11,7.9402504e-08,6.269286e-08,5.656875e-12,1.7060289e-07,1.7341796e-09,1.7499799e-08,6.801369e-11,3.3664236e-13,4.8140496e-08,4.9314153e-09,2.022146e-10,1.2870366e-07,7.802147e-07,1.8978904e-08,5.36704e-07,7.1787974e-07,2.2445503e-09,1.9526614e-07,1.3454973e-09,6.2732783e-09,5.974327e-08,2.9428397e-06,9.74138e-07,3.4844626e-07,4.127763e-08,1.6885041e-09,5.1541243e-15,3.622315e-15,4.433007e-08,8.349463e-09,1.571675e-09,5.3799387e-10,2.4731267e-07,1.6745412e-07,2.0813022e-08,1.1930991e-06,8.3824324e-07,2.6821465e-16,3.4217178e-11,0.9999763,7.292859e-13,1.1062281e-07,6.5890024e-05,4.2127323e-13,3.990323e-09,1.374511e-05,2.41483e-07,2.828304e-10,8.012993e-11,1.1556588e-11,8.241079e-14,1.5849618e-14,1.2055731e-14,3.2737107e-12,1.6997027e-10,9.804741e-10,1.670815e-07,1.5993084e-09,1.8479089e-07,2.1957985e-07,9.627892e-10,2.4803633e-08,2.6383999e-08,2.1984284e-11,3.4821348e-09,2.5931883e-12,1.3869182e-10,3.0202127e-08,5.902767e-11,1.6498564e-08,3.1682248e-07,1.2618669e-10,1.1220081e-07,1.0864651e-08,1.5420376e-09,1.1110996e-06,1.4133654e-08,1.10787724e-07,2.8547879e-08,1.3084676e-05,8.352267e-09,7.0809776e-09,1.3092852e-08,1.6019767e-09,2.6120404e-06,9.1026144e-05,4.4479435e-05,4.620232e-07,8.7471214e-10,1.981156e-13,1.118064e-08,1.18841506e-08,3.0037678e-10,8.2451265e-07,2.747411e-10,2.4329534e-09,4.947469e-09,4.545844e-08,3.185457e-08,1.2191852e-08,4.8022974e-10,3.7916216e-08,6.906558e-09,2.274968e-08,2.3086322e-10,1.4738819e-06,7.994327e-10,2.0683844e-09,5.528056e-09,3.4259546e-08,9.846642e-11,5.6547933e-08,4.1437687e-12,5.8442307e-08,1.5538541e-08,4.4222107e-10,1.6553939e-09,1.9800151e-13,1.13441054e-07,2.5561423e-08,3.0003224e-09,0.1879858,3.5025896e-10,1.139348e-09,1.5940443e-11,8.299117e-09,3.4105528e-13,1.583029e-13,4.3232028e-08,9.260903e-11,1.6087788e-06,2.7580125e-09,5.1361493e-10,3.166413e-11,4.0508663e-09,1.7372459e-08,9.649926e-08,2.6888317e-08,1.8981336e-07,1.6532301e-12,6.738546e-07,1.00597265e-11,2.093609e-08,6.0387926e-08,1.9932864e-08,1.3150886e-07,5.82452e-09,9.660752e-07,2.165586e-09,1.2483331e-08,4.409244e-12,7.262921e-08,4.8787274e-07,3.8785177e-12,5.7575424e-12,1.7210451e-09,2.220006e-08,1.2863539e-05,1.8533928e-11,5.3867075e-09,2.1947741e-08,9.932231e-09,1.3063486e-07,3.130283e-10,1.4336571e-07,2.6903078e-09,1.3797318e-09,4.572313e-08,7.2201956e-13,1.4137401e-08,3.4465836e-10,1.1246547e-05,1.1389267e-05,1.2149829e-07,4.8065147e-09,6.7233175e-09,4.25052e-07,1.1053117e-09,5.7135438e-08,9.723345e-09,1.5598198e-08,6.4944594e-10,1.7440314e-09,2.2559984e-08,4.4823235e-14,1.0145973e-08,8.674488e-09,3.522726e-08,8.0769474e-11,4.752023e-08,6.3901786e-09,3.249288e-08,1.22396875e-08,1.2508194e-07,2.2060878e-07,1.9192504e-07,0.0008424275,0.04868134,6.4742407e-09,1.7177058e-10,1.5098682e-10,4.919606e-09,5.0268465e-13,4.742231e-10,1.5906996e-12,1.2633376e-11,4.476711e-10,1.3404307e-05,9.424008e-09,1.00230455e-08,2.3631555e-13,1.6473665e-07,3.2352657e-10,6.7840045e-07,5.979679e-10,9.229666e-09
BC2026_Train_0016_S18_20220204_221500_010,1.2456988e-10,6.7770344e-08,8.986248e-12,0.019030236,1.2444759e-10,7.531173e-11,4.459794e-10,1.6208324e-07,1.020583e-08,0.012119845,0.0016916565,3.520462e-12,2.397887e-07,2.372881e-12,5.2569715e-12,2.548823e-07,5.326322e-11,2.0597418e-10,4.158337e-08,2.7124963e-07,1.0657989e-11,2.3504633e-07,6.2939925e-08,5.4547913e-09,1.721241e-10,1.9638772e-12,2.286304e-08,3.8790415e-09,1.2759167e-09,1.2161832e-05,2.4322137e-06,2.094081e-07,1.3817111e-06,2.2095473e-05,2.6555034e-09,3.993039e-06,1.5839511e-08,2.6752348e-08,2.89896e-07,2.168232e-05,1.113327e-06,4.7259962e-07,2.0531665e-07,1.0678964e-08,5.493304e-14,1.3901207e-13,7.6612145e-07,8.711483e-08,1.2221723e-08,3.2895267e-09,2.0343194e-07,3.3011693e-07,1.5721216e-07,1.0895997e-06,3.8458013e-05,1.02775935e-13,5.791342e-09,0.99723756,2.4437596e-11,1.1246221e-07,1.3865732e-05,2.0354343e-10,3.5080066e-09,7.630937e-05,2.4269303e-07,1.9882391e-09,2.1515002e-10,2.685942e-11,1.9158976e-12,1.6363216e-11,4.4258572e-13,1.923034e-11,4.6417523e-10,1.6812615e-08,3.3146598e-06,4.7521958e-08,3.0788834e-07,3.4831876e-06,2.1107098e-08,1.5962135e-07,3.1107172e-07,2.5628719e-10,3.6334316e-09,2.5424762e-10,1.3105063e-09,9.317904e-07,1.2733276e-09,2.0780283e-07,8.0154183e-07,9.741735e-10,5.464267e-06,2.4571772e-08,9.1649554e-08,2.0681484e-06,9.5036677e-07,1.5505892e-06,9.660736e-06,7.183758e-05,5.7244524e-08,4.2929237e-08,8.568068e-08,2.1101945e-08,3.5303515e-06,2.3590135e-05,0.00016744522,3.4812217e-06,5.1916125e-09,6.562894e-11,3.1713014e-08,4.2591913e-07,8.1743284e-10,0.00010011317,1.1883577e-09,6.079195e-08,5.7707588e-08,3.5934738e-07,1.2943185e-07,6.216193e-08,1.2061632e-08,7.725339e-08,4.6614623e-08,8.3819224e-08,5.6848224e-09,1.4029254e-05,1.2212404e-08,5.1298876e-08,1.2942864e-07,5.2259e-08,1.1084004e-09,3.5309668e-07,1.7619474e-11,1.1368218e-06,1.4939799e-07,8.11494e-10,8.1210405e-10,4.094276e-11,1.177472e-06,5.35086e-07,6.759217e-09,0.0078099268,1.409808e-09,2.2802404e-09,3.1305264e-11,1.789764e-07,3.024953e-11,2.980037e-12,2.0089493e-07,1.4363608e-10,1.3889754e-05,5.296545e-08,3.821841e-08,9.586205e-10,1.10188125e-08,2.1910043e-07,1.4802686e-06,1.0338785e-08,2.3185774e-05,1.1402931e-10,3.6641987e-07,3.4891734e-10,4.9765266e-08,3.5136173e-07,1.16025625e-07,7.153852e-08,9.673663e-08,4.9984915e-06,2.452454e-06,1.5265874e-07,3.079694e-11,2.36287e-06,4.0631804e-07,5.583684e-11,7.878482e-10,1.7597225e-09,2.7600827e-06,2.950635e-06,6.6934276e-09,4.1138126e-08,6.5725246e-08,1.132446e-08,2.422678e-07,2.968371e-10,1.7744052e-06,1.0271896e-08,3.989747e-08,5.3362237e-07,1.4680096e-11,3.0226214e-08,1.2141496e-08,3.3976978e-06,3.9976007e-07,7.877256e-07,1.37256935e-08,1.3337214e-08,3.2520402e-06,1.5702227e-08,5.47702e-08,3.53387e-08,3.4328473e-06,7.6217e-09,1.3217909e-08,1.7201818e-07,2.988129e-13,9.193335e-08,3.2028442e-08,2.762761e-07,8.502957e-10,2.3200107e-07,2.538826e-06,1.8694456e-07,2.1057062e-07,1.3814414e-08,5.163145e-07,1.6235274e-06,0.09767502,0.0094334325,5.596508e-08,1.7395296e-09,5.092574e-10,9.4344035e-09,1.8590327e-11,1.3456263e-08,6.988084e-11,7.6265233e-10,3.684441e-08,1.6732669e-05,9.3916235e-08,1.3565985e-07,7.723998e-12,1.1338079e-07,1.7876148e-09,2.9954872e-05,2.8379565e-09,9.3868245e-08
BC2026_Train_0016_S18_20220204_221500_015,2.228207e-11,1.7489046e-09,2.0521075e-13,0.005824298,2.2838858e-11,3.0018806e-12,5.241188e-10,4.9738387e-09,4.8591295e-09,0.06510818,0.0019852463,2.505448e-13,1.1958976e-07,2.5115627e-13,1.5422227e-13,1.861814e-08,1.6622072e-11,6.22842e-11,2.397457e-08,6.3244855e-08,3.5385644e-12,3.3453095e-08,2.9981717e-09,1.6943951e-09,1.7363557e-11,1.1647505e-13,3.236588e-09,8.7295543e-10,5.064696e-10,4.3515065e-06,6.455267e-07,2.8331986e-08,2.728528e-07,1.099727e-06,5.685155e-10,5.400938e-07,5.452679e-09,6.4372028e-09,1.9373235e-07,3.4982481e-06,6.711846e-07,1.1506573e-07,8.841124e-09,3.0567513e-09,9.429356e-15,1.9986329e-14,4.8917446e-08,9.770565e-09,7.731379e-09,9.632797e-10,1.0317078e-08,5.9319174e-08,5.682654e-09,1.4099185e-06,1.4893639e-06,2.8287015e-15,1.4375777e-10,0.9999511,1.9562318e-12,5.2272362e-08,2.0978596e-05,5.8285785e-12,1.9170043e-09,0.00013608954,9.41934e-08,2.940825e-10,5.799264e-10,1.8720522e-11,7.471303e-13,5.1254644e-13,2.0859368e-15,2.6552564e-12,2.8872577e-10,1.2852054e-09,3.887929e-07,1.7359136e-09,4.933506e-08,5.959543e-07,2.5179807e-09,3.4805627e-08,2.438533e-07,5.6419217e-11,2.6661662e-09,9.806564e-12,6.2823635e-10,1.3815026e-07,3.4643127e-10,4.1702595e-08,7.0778134e-07,2.9472097e-10,5.813878e-07,9.203068e-09,8.077974e-09,1.2026287e-06,3.6516635e-08,8.642281e-06,3.7724703e-07,0.00053304265,7.857147e-09,1.3456672e-08,3.4500793e-08,2.7073104e-09,4.759898e-06,0.00039176887,0.00040506787,5.6274225e-06,1.3387136e-09,2.7953757e-13,2.459109e-08,3.883152e-08,2.0634261e-10,1.1842236e-05,8.4670126e-10,1.2074546e-08,2.201331e-08,8.2997225e-08,2.8361939e-08,4.4967152e-08,1.092916e-09,5.3083685e-08,6.694108e-08,4.657621e-09,8.63335e-10,9.28655e-06,3.0654392e-09,1.5907089e-08,1.3300556e-08,1.93816e-08,3.7332124e-10,3.8883073e-07,4.626686e-12,8.482699e-08,9.56061e-09,1.3522766e-09,6.5821654e-10,1.6694762e-12,3.2863744e-07,1.6532638e-07,3.8518877e-09,0.07770313,7.9042656e-10,2.143927e-09,1.3204132e-11,3.5630134e-08,3.8702619e-13,2.8794878e-13,3.6188606e-08,8.313272e-11,3.6583433e-06,4.6772333e-09,4.587388e-09,2.0021357e-10,2.755247e-09,2.0582435e-08,3.959975e-07,1.0973719e-08,1.0805885e-06,1.1091331e-11,3.569078e-07,9.264732e-12,9.135809e-08,5.2562196e-08,1.0048412e-07,4.2712962e-08,1.0431426e-08,6.7287415e-06,7.4011e-08,4.890653e-08,8.318518e-12,1.8403712e-07,1.1411721e-06,9.80737e-12,1.5669861e-11,7.543741e-10,5.7182916e-07,1.973381e-06,1.03576044e-10,5.7910987e-09,1.7113894e-08,5.2890123e-09,2.4971015e-07,1.12398583e-10,1.49218e-07,3.4073024e-09,5.9932015e-09,3.2042902e-07,6.500014e-13,3.2738296e-08,1.8336337e-09,0.00021004766,6.8126286e-07,4.3323004e-07,1.4697656e-08,8.6116785e-09,3.5149546e-07,8.84583e-09,4.7786727e-08,1.2131195e-08,9.909471e-08,2.3436342e-09,2.5820035e-09,1.9248827e-08,7.337685e-14,8.731444e-08,2.912714e-09,6.0274694e-08,1.4734888e-10,5.8546846e-08,5.268384e-08,5.217086e-08,1.335393e-07,1.1221895e-08,6.1315967e-07,6.9920594e-07,0.021842362,0.027270447,8.653451e-09,1.00592e-09,3.9256758e-11,3.0026983e-09,1.43383e-12,1.0897727e-09,1.1736094e-11,2.0076577e-10,1.6125469e-09,1.9051797e-05,1.5641216e-08,1.3644958e-08,7.6550767e-13,4.8897294e-07,5.862121e-10,1.8342156e-06,5.6257093e-10,5.91657e-09
BC2026_Train_0016_S18_20220204_221500_020,4.0555337e-10,3.6301788e-06,1.70558e-11,0.9216996,2.971468e-11,2.5868762e-11,8.021193e-10,1.5786225e-07,4.3869555e-08,0.8766275,0.7471155,1.786379e-11,1.3128579e-07,1.0850132e-12,1.8665462e-12,6.072635e-08,7.797867e-11,6.120219e-11,2.2526438e-06,2.272063e-07,2.4666684e-11,4.1074856e-07,1.0363326e-08,1.9225533e-07,2.1381556e-10,1.1931345e-12,1.2749274e-08,2.4195392e-08,2.3211653e-08,1.2442143e-05,1.3430665e-05,3.1893112e-08,2.4257244e-05,8.403962e-05,1.5769568e-07,2.731667e-05,1.7451601e-08,2.3055483e-07,1.1342906e-05,0.00011279587,2.8099957e-05,3.3961805e-07,7.2141347e-07,1.1665513e-07,3.4611504e-13,2.9424816e-13,5.8136516e-06,3.7873685e-06,9.801364e-07,1.7633309e-07,5.813524e-06,7.386713e-07,2.5607227e-07,3.6054837e-05,5.440177e-05,2.0658636e-14,1.1934026e-09,0.99974567,6.453211e-12,5.7887938e-08,2.3049183e-06,3.9882667e-10,1.0355832e-09,0.00017613427,3.5677033e-07,1.8483816e-09,3.3021003e-08,1.2169908e-10,4.091791e-12,8.152988e-12,3.1240632e-13,1.5015522e-12,1.211759e-09,8.378227e-09,3.164262e-06,8.536488e-08,3.2735445e-06,3.873469e-06,3.7037875e-09,1.3307363e-07,4.152425e-07,2.9231925e-10,3.6656484e-08,3.14753e-11,9.91304e-09,8.1150065e-06,1.247804e-09,7.957882e-07,7.3514764e-07,2.1327874e-10,9.7278566e-08,1.2151642e-08,2.7272447e-08,2.0345444e-05,7.5403744e-07,3.64277e-07,9.250708e-06,0.0012798869,4.1731475e-08,4.2087997e-08,2.1304423e-07,3.4072762e-09,1.0158656e-06,7.451273e-05,0.0002101903,1.3592237e-06,8.616011e-10,1.0848379e-11,6.074291e-08,4.2775173e-07,9.401007e-10,6.544846e-07,2.0985977e-09,2.7354082e-08,2.9654144e-08,1.9697903e-07,2.0526458e-07,8.357227e-08,1.4279053e-08,4.5602204e-07,3.192184e-08,5.2155645e-08,1.932843e-09,1.9152681e-05,3.7949484e-09,2.292374e-07,1.2330959e-07,6.0064224e-08,4.851462e-09,1.0629912e-07,3.052169e-11,3.6881502e-07,3.5182512e-07,2.0905435e-09,2.237122e-09,2.8324865e-11,4.2547828e-07,1.0655484e-06,1.0374064e-08,0.00021540035,3.6400333e-10,5.5822124e-08,6.635068e-10,3.5833853e-07,1.042866e-12,6.070709e-13,4.872715e-07,5.576907e-10,2.2217497e-05,2.4851131e-08,2.548261e-08,6.8245937e-10,1.6210837e-08,1.4007765e-07,1.6279583e-06,4.712561e-08,1.9227252e-06,5.3066298e-11,3.116127e-07,1.3979187e-10,3.0612394e-08,4.3547266e-07,3.031887e-07,5.153469e-07,1.2598437e-07,4.6831547e-06,3.25929e-06,6.072184e-08,3.0769895e-10,7.032297e-07,8.9356723e-07,2.1903672e-11,8.911459e-11,1.3066999e-09,1.8054293e-07,1.1094731e-06,4.056487e-09,1.7552885e-08,5.99069e-08,1.7120783e-08,2.7471938e-06,6.2896416e-10,7.219338e-07,7.49667e-09,2.0332674e-08,4.2747524e-07,5.0385893e-12,4.2857e-08,3.8849652e-09,4.4091576e-06,1.7329792e-05,1.8258992e-06,2.8477674e-08,8.4948555e-09,1.4550765e-06,6.8384715e-10,1.9790198e-08,1.5006455e-07,2.0204392e-07,4.1025526e-08,2.1879904e-08,6.855285e-08,3.0352142e-13,4.9433403e-08,1.7900792e-08,7.2688934e-08,4.6108073e-10,1.297462e-08,3.413275e-08,1.3880478e-06,1.07208876e-07,2.5259384e-08,6.4439433e-07,7.7314405e-07,0.0004518532,0.00016210004,5.9520904e-08,1.2670793e-09,2.1323604e-10,4.0828887e-08,6.77546e-11,1.41311745e-08,2.8887599e-11,5.478676e-10,3.6228092e-09,8.943235e-06,6.0374916e-08,5.2352085e-08,2.1890597e-11,5.778088e-06,3.3312748e-09,1.8151765e-06,1.8833535e-09,5.9264202e-08
BC2026_Train_0016_S18_20220204_221500_025,7.94497e-10,2.9406968e-07,2.5421793e-11,0.033482578,2.8942104e-10,4.5229348e-11,4.551793e-09,2.718764e-07,2.3891033e-08,0.76878476,0.8845752,2.9755004e-11,3.821448e-07,7.353651e-12,3.524925e-11,3.54597e-07,3.156465e-10,4.0257006e-10,2.01293e-06,6.655074e-07,1.512993e-10,7.828607e-07,2.4705049e-08,2.2132865e-07,4.474423e-10,3.1855662e-12,4.698085e-08,9.794135e-08,2.4305418e-09,1.4936993e-06,7.914785e-05,1.586319e-07,8.21899e-06,8.096262e-05,6.4174074e-08,2.0209143e-06,9.088878e-09,9.820885e-08,8.6376585e-06,6.099477e-05,5.5447723e-05,2.0278433e-06,2.0146622e-06,1.0764568e-08,7.4459086e-13,8.7373197e-13,1.0097814e-06,2.1775996e-07,5.678886e-08,9.290515e-08,2.0304963e-06,1.4936238e-06,6.35743e-07,0.00013617922,2.1166692e-05,3.2429956e-13,3.2616245e-09,0.9997745,9.4327574e-11,1.9128932e-07,2.1666072e-05,7.908412e-10,4.736107e-08,0.00031118674,6.910382e-07,3.799613e-09,4.9127728e-08,3.998351e-10,4.7798602e-11,5.70022e-12,9.706019e-13,2.383892e-11,1.155477e-09,1.272641e-08,3.589185e-05,7.452818e-08,1.0149031e-06,8.813731e-07,3.2487552e-08,2.2195789e-07,3.403787e-07,1.2631865e-10,4.408773e-08,1.2340826e-10,6.5103256e-09,2.8052618e-06,4.0032444e-09,7.748419e-08,9.293614e-07,1.3381674e-09,1.959171e-06,3.364051e-08,1.47942965e-08,2.7601009e-06,4.894194e-07,1.4344589e-06,2.6929101e-06,0.0007721606,2.5641555e-08,9.888006e-08,1.2314507e-07,4.3613824e-09,2.1151498e-05,0.0013484842,9.702571e-05,6.854304e-07,5.1111924e-09,2.378637e-11,1.0810476e-07,3.4336287e-07,9.367178e-10,7.858265e-06,5.9018728e-09,4.9598107e-08,9.296892e-09,5.2047176e-07,7.4527755e-08,9.035627e-08,2.4936215e-08,1.7106754e-07,5.3272032e-08,8.4136374e-08,2.9533955e-09,7.9095125e-06,1.0189122e-08,1.1105509e-08,9.291774e-08,4.9095696e-08,7.3098363e-09,1.1795602e-06,7.928616e-11,1.6307601e-07,2.3262388e-07,2.297121e-09,6.0479652e-09,2.7408405e-11,3.4856932e-06,8.3103646e-07,5.5510395e-08,0.021228865,2.2931768e-09,1.3839997e-08,4.4096773e-10,7.836242e-08,7.643452e-12,1.0282265e-12,2.39893e-07,7.457807e-09,5.004202e-05,7.693078e-08,1.27866056e-08,1.2590786e-09,3.049142e-08,3.929263e-07,1.2109572e-07,1.4422844e-07,3.2439993e-06,2.0018674e-11,1.1862159e-06,2.719497e-10,1.2559222e-07,3.5852167e-08,2.4247208e-07,3.6616586e-07,5.8191475e-08,7.861128e-06,7.05416e-07,8.171063e-08,3.12109e-10,9.195787e-07,1.1392507e-06,7.824327e-11,2.068553e-10,9.0623065e-09,2.2443744e-07,1.08321665e-05,1.7059426e-09,3.1013144e-08,1.8996711e-07,3.8814935e-08,3.5695066e-07,1.4195787e-09,2.9824602e-07,1.1537732e-08,2.4774982e-08,6.085418e-07,2.5806864e-11,6.881053e-08,6.687203e-08,7.725344e-05,1.9509953e-05,1.8582576e-06,9.54891e-09,4.0405045e-08,1.3782037e-06,1.1176419e-08,3.2421255e-08,1.6260746e-07,1.3431227e-07,1.2373812e-08,6.008851e-08,6.762044e-08,2.2116289e-12,1.2664849e-07,2.9700672e-08,3.668674e-07,1.2621154e-09,2.996313e-07,1.3507619e-07,5.690319e-07,1.2757763e-08,2.6170545e-07,2.6429336e-06,4.0852143e-07,0.0819046,0.012400311,1.06481544e-07,2.0957456e-09,6.120678e-10,5.9157372e-08,2.8292523e-11,1.5407183e-08,4.5034802e-11,1.4127582e-09,1.5694381e-08,4.7053186e-06,6.333104e-08,6.131246e-08,9.338341e-12,8.266866e-07,2.586267e-09,1.4769914e-06,1.2570372e-08,7.4815745e-08
BC2026_Train_0016_S18_20220204_221500_030,8.8973495e-10,1.3526363e-07,1.3247723e-11,0.23772608,5.870401e-10,1.2095641e-11,8.8055085e-10,2.6189096e-07,2.3031019e-08,0.28661183,0.033450298,1.138504e-11,1.9967497e-07,3.2199152e-12,5.2532427e-12,9.218216e-08,2.3778535e-10,3.6812622e-10,1.974676e-06,1.4600275e-07,2.5179506e-10,4.5736437e-07,9.0680645e-09,1.0617875e-07,3.3143574e-10,4.773517e-12,2.5106687e-08,1.4863223e-08,3.3709202e-10,1.8845938e-05,9.31409e-06,2.7047932e-08,1.0650597e-06,0.000107824875,1.6373356e-08,1.820582e-06,5.485413e-09,3.380382e-08,2.847784e-07,0.00010798838,7.0722663e-06,9.746396e-07,1.6781318e-06,1.8693105e-09,2.6395406e-13,1.811476e-13,2.2403991e-07,2.7376627e-08,1.1681195e-08,1.169823e-08,8.823647e-07,2.5013728e-06,1.7988727e-07,5.500861e-06,5.1716925e-05,6.00606e-14,2.9163147e-10,0.99781185,1.3803094e-11,4.222911e-08,7.617518e-06,5.963449e-10,1.83341e-09,0.00014450906,1.6602538e-06,4.0571915e-09,6.8680026e-09,1.1153324e-10,5.1484234e-12,5.7045818e-12,1.6493825e-14,1.6371044e-12,7.2793893e-10,2.16853e-08,4.902018e-06,4.812819e-08,1.6821569e-07,6.0753855e-06,8.367846e-09,2.02201e-07,5.1061085e-07,5.3977486e-11,5.5140312e-08,2.721469e-10,1.2412761e-09,3.8858977e-07,6.411993e-10,1.6985578e-07,8.228129e-07,3.0940386e-10,1.8519012e-06,5.074922e-08,2.7765614e-08,4.827286e-06,1.1012429e-07,8.434531e-07,4.914216e-06,0.00015337464,4.322527e-08,3.6290075e-08,6.082013e-08,2.3493195e-08,5.7181396e-06,0.011404971,0.00013683982,1.0385618e-06,1.1155584e-09,1.8087675e-11,3.8242327e-08,3.8825598e-07,3.3661867e-09,8.901413e-06,3.5433447e-09,3.4653407e-08,3.415724e-08,1.2118472e-06,2.2109425e-07,6.0013605e-08,7.051148e-10,1.6496415e-07,2.7034881e-08,1.0247167e-07,1.9026194e-09,1.04006895e-05,1.3540166e-08,2.4503162e-08,8.933238e-08,9.038902e-08,8.55219e-10,1.0575915e-07,9.2448604e-11,3.0995855e-07,5.908869e-08,2.901331e-09,1.148381e-08,8.940913e-11,2.157218e-06,7.292236e-07,1.0178148e-08,0.12790498,1.3338557e-09,3.9699717e-08,8.001416e-11,2.1077214e-07,2.8592686e-11,1.6256972e-12,7.176463e-07,4.0259077e-10,1.6047816e-05,5.7064323e-08,9.6429346e-08,1.8000657e-09,1.5946732e-08,1.6642693e-07,2.1342389e-07,1.9614747e-07,4.6977502e-06,2.135033e-11,3.4612063e-07,3.3019149e-10,9.280915e-08,2.3068573e-07,4.3892072e-07,8.477799e-08,2.0071568e-07,1.7574781e-06,1.0981853e-06,1.0196204e-07,3.0489178e-10,2.9855934e-07,7.5426465e-07,7.572627e-11,4.3605733e-10,6.0541944e-10,2.2915432e-07,3.13312e-05,9.929555e-10,2.9222642e-08,5.3287078e-08,9.587124e-09,1.8152392e-07,3.8291045e-10,1.5727514e-07,1.0231811e-08,2.1744528e-08,9.079159e-07,5.886821e-12,8.0882145e-08,1.793749e-09,1.0993884e-05,7.1620075e-06,1.7424316e-06,7.802741e-09,1.6850626e-08,8.8737727e-07,5.682318e-09,4.8112952e-08,5.6115475e-08,3.767739e-07,2.4943114e-08,1.8132885e-08,2.305544e-07,1.8967538e-12,4.4257675e-08,4.2856896e-09,1.8095854e-07,5.3261007e-10,7.886683e-08,3.971373e-08,2.3347218e-07,9.823564e-08,1.9094843e-08,4.0104308e-07,1.003795e-06,0.017192494,0.020271674,8.74336e-08,8.583097e-09,2.1774138e-10,1.03347084e-07,7.619755e-12,7.940701e-09,2.7246514e-11,7.193526e-10,3.1179916e-09,7.685687e-06,7.807668e-09,5.1426138e-08,1.6470337e-11,4.180673e-07,1.1728637e-08,2.0749048e-06,2.9125087e-09,2.5448367e-08
BC2026_Train_0016_S18_20220204_221500_035,6.3326155e-10,7.275354e-09,1.3214512e-11,0.023728937,7.1282125e-10,9.600779e-12,2.7886488e-10,1.5498086e-06,7.1052075e-09,0.25877592,0.11480797,2.6047979e-12,1.5330183e-07,1.5093857e-12,1.1356737e-11,2.3829033e-07,3.0952427e-10,5.267533e-11,6.853219e-07,1.862333e-07,6.117255e-11,8.3437996e-08,1.3209265e-08,9.151065e-09,4.0973014e-10,4.6272864e-12,1.1114918e-08,3.229258e-08,1.0393945e-09,2.3252455e-06,9.339603e-07,1.6598185e-07,6.101137e-08,1.3942189e-05,2.796096e-09,1.6505542e-06,4.4633706e-09,7.478119e-09,1.10465514e-07,4.098446e-06,2.7262703e-07,1.5823981e-07,2.3391145e-07,5.8804894e-09,3.0726313e-14,3.4846444e-14,4.3214225e-08,4.111912e-09,4.5724308e-10,1.5884888e-09,7.568047e-08,5.006192e-07,6.099601e-08,8.619593e-07,8.590742e-06,8.010231e-14,2.6741198e-10,0.9861514,2.0358411e-11,1.17978246e-07,7.002135e-06,1.3911335e-10,3.6209025e-09,0.0006602709,2.268984e-07,7.5595136e-10,2.0191102e-09,1.6078135e-10,1.1376807e-12,2.7874122e-12,3.6942675e-14,1.4344026e-11,1.2411146e-10,4.74799e-09,3.0824208e-07,1.761295e-08,8.248999e-08,1.2619305e-06,1.10288e-08,1.3359052e-07,2.3029355e-07,6.337336e-11,1.6634681e-09,4.5805554e-11,3.0495637e-10,2.949536e-07,9.181446e-10,2.8194254e-08,1.1294571e-06,3.8007414e-10,3.947976e-06,1.7391457e-08,1.9158756e-08,2.6240423e-06,4.9397255e-07,6.0569664e-07,1.0259297e-06,1.0552492e-05,3.62183e-08,4.7799492e-08,9.9780145e-08,4.775382e-09,2.9873072e-06,0.00089505,0.0003025563,4.049374e-07,1.4072666e-09,6.5730884e-12,1.1801027e-08,5.7892134e-08,5.669811e-10,2.6178055e-05,2.5709024e-09,2.363937e-08,1.25974e-08,3.0518282e-07,3.731237e-08,1.1384015e-08,7.6388396e-10,1.722127e-07,1.3213601e-08,2.4760384e-08,2.939649e-09,8.419941e-06,6.8191457e-09,1.1336281e-08,3.1666293e-08,1.05577325e-08,1.6368946e-09,2.358443e-07,1.7788177e-11,8.54773e-08,6.493908e-08,1.4152449e-09,2.974953e-09,2.8483006e-11,4.3389693e-07,5.0120343e-07,1.5149496e-08,0.36467892,2.87895e-09,7.7357715e-10,7.403743e-11,3.406888e-08,4.4217082e-12,1.2376382e-12,7.675285e-08,3.1820532e-10,2.0636878e-06,1.8818104e-08,8.516497e-09,9.382055e-10,1.1428504e-08,7.572103e-08,4.476553e-08,2.8340041e-08,2.6700764e-06,2.2939838e-11,5.182236e-07,1.9077238e-10,2.7417231e-08,5.677186e-08,5.269118e-08,6.241094e-08,4.2076753e-08,4.9565483e-06,1.800256e-07,5.1233172e-08,6.666524e-11,4.3981703e-07,4.5645453e-07,2.0151146e-11,1.1719657e-10,9.665211e-09,1.5627283e-07,4.5090023e-06,4.820973e-10,4.831626e-09,3.7918245e-08,1.3876552e-08,2.722188e-08,3.4278927e-10,3.376423e-07,3.6712302e-09,7.6577935e-09,3.946132e-07,8.948824e-12,1.2710744e-07,8.098986e-09,1.6214804e-05,1.3682247e-06,1.9149194e-07,7.353718e-09,6.1817865e-08,8.235335e-07,3.961597e-09,7.281299e-08,9.5836725e-08,1.9404577e-07,4.3303645e-09,9.926587e-09,2.0578614e-07,3.7754405e-13,6.055459e-08,2.019015e-08,2.7287618e-07,4.4398402e-10,2.6476283e-07,1.1776725e-07,6.975376e-07,1.0247538e-07,1.8745384e-08,4.7169866e-07,2.0960091e-07,0.5588322,0.02018296,7.4246124e-08,2.9379657e-10,2.109818e-10,1.3819316e-08,1.3247193e-11,4.3519424e-09,1.5776172e-11,9.502932e-11,2.2412394e-09,3.087515e-06,1.1109428e-08,4.9908138e-08,2.0746395e-12,5.5362253e-08,3.1370866e-09,6.9602584e-07,2.814411e-09,1.4072834e-08
BC2026_Train_0016_S18_20220204_221500_040,3.960894e-09,5.5370174e-07,5.263425e-11,0.82587516,4.34518e-10,2.4372998e-10,1.5178324e-09,1.5349467e-06,4.7980077e-08,0.14705181,0.29242414,3.6892756e-10,6.1887994e-07,6.870472e-11,1.4301635e-10,1.6606117e-06,2.7751728e-09,4.1606654e-10,9.306107e-06,7.098937e-06,9.968133e-10,7.2178716e-07,2.7957189e-08,2.7489e-07,1.0178847e-08,7.489587e-11,1.2174e-07,1.6775605e-06,3.085337e-08,0.00019611981,2.6575929e-06,1.9651876e-07,3.483426e-07,0.0003029956,4.113048e-07,1.2188734e-05,6.3407434e-08,6.055471e-08,2.7408194e-06,0.00044397495,1.5724096e-06,1.3289848e-07,7.5468015e-06,3.520355e-08,1.6881282e-12,1.2950216e-12,8.1524195e-07,2.8933853e-08,3.1432453e-08,3.1390453e-08,2.553137e-06,4.344665e-06,9.535078e-07,2.0985262e-06,0.00018973497,2.9453523e-12,1.9907285e-09,0.9567158,1.2392293e-10,1.85466e-06,0.00017549757,1.32412e-08,1.15418956e-07,0.00041935354,6.220029e-07,1.0789239e-07,8.9565407e-07,1.0927892e-08,6.87367e-11,1.01660506e-10,2.387695e-12,5.701528e-11,3.5605796e-09,3.8638394e-08,2.7865553e-05,6.3653054e-08,1.7724146e-06,5.535509e-06,1.852042e-08,1.9412273e-06,2.3996104e-06,1.8587429e-10,2.3428407e-07,1.0239707e-10,2.6225853e-08,2.7898252e-06,2.9438194e-08,1.2236436e-07,1.5084714e-06,2.5447384e-09,2.799967e-06,4.564941e-08,5.1235713e-08,5.277318e-06,7.4456636e-07,6.05718e-07,1.878635e-06,0.00027276063,9.043024e-08,7.105833e-07,2.507334e-07,6.067298e-08,1.1968203e-05,0.005139609,0.0008777308,9.486769e-07,2.4530085e-09,2.2571195e-10,1.5882415e-07,9.700839e-07,3.9631916e-09,3.7531827e-05,7.188567e-08,7.9238504e-08,8.396804e-08,1.0758368e-06,1.389804e-07,2.3425548e-07,2.0953587e-08,1.3139456e-06,5.5153144e-08,2.8339696e-07,9.210496e-09,3.0094945e-05,2.026918e-07,4.9304674e-08,3.911921e-08,1.6046923e-07,6.31024e-09,8.4495304e-07,1.3684046e-09,7.6556927e-07,5.3918444e-07,2.4011806e-09,9.717115e-09,5.205194e-10,4.1640983e-06,5.4329934e-07,1.4514659e-07,0.001524472,2.0766262e-09,6.757312e-08,8.041797e-10,9.884668e-08,6.95784e-11,1.8055758e-11,1.0387816e-06,4.538278e-09,9.184401e-06,3.336819e-07,8.397813e-08,5.562929e-09,4.146885e-07,1.5277134e-06,8.940517e-08,4.112283e-07,2.0209393e-06,2.374435e-11,2.4986193e-06,3.5928138e-09,2.6427168e-07,6.2155465e-07,9.521222e-07,3.377772e-07,1.9068553e-07,1.4533138e-06,9.0614606e-07,1.6333765e-07,4.490437e-10,2.2435088e-06,3.342209e-06,1.2270301e-09,2.5869478e-09,2.199581e-08,6.5462007e-07,9.762425e-07,2.5208786e-09,9.891984e-08,2.5883935e-07,4.7072353e-07,1.613753e-06,1.9275637e-09,1.9322488e-06,4.9825104e-08,7.246648e-08,1.1177484e-06,6.450729e-11,3.938492e-07,9.012941e-08,8.578199e-06,3.2365795e-05,1.972807e-06,2.481428e-08,1.8598838e-07,9.19284e-06,2.0949352e-08,1.1175677e-07,6.1774244e-07,3.0338248e-07,2.7097812e-08,6.8018196e-08,3.4241913e-07,6.532468e-12,4.4822096e-07,2.9204097e-07,1.3368065e-06,7.745431e-09,8.883536e-07,1.618875e-07,6.4752066e-07,3.828882e-08,1.9597975e-07,2.3665345e-06,1.5348251e-06,0.72222555,0.015145979,9.937749e-08,4.9020157e-09,9.364248e-10,3.1392767e-07,6.426192e-11,1.2059908e-08,1.0227606e-10,1.9827062e-09,1.1555461e-08,2.1583357e-05,9.414833e-08,3.2368774e-07,4.7099664e-11,1.2219415e-06,7.435422e-09,4.2670076e-06,1.9961018e-08,1.0335753e-07
BC2026_Train_0016_S18_20220204_221500_045,1.8076226e-11,7.2600535e-08,2.3586356e-12,0.9857022,5.1850633e-12,3.0964914e-12,1.1107955e-10,2.1819835e-07,3.505846e-09,0.75043756,0.44661957,3.724794e-12,2.3861476e-08,2.5332716e-12,1.0402641e-11,9.8994775e-08,5.017914e-11,1.6732036e-11,1.7462346e-05,8.768208e-07,6.174527e-12,1.04402694e-07,1.4461706e-08,1.46714685e-08,2.2754168e-10,2.1077404e-12,3.4675869e-09,1.3939716e-08,2.3729434e-09,3.480945e-05,5.6310787e-06,3.3623767e-08,6.1595534e-07,8.6257234e-05,1.289361e-07,9.930556e-06,1.057643e-09,5.0035833e-09,4.992037e-07,8.215472e-05,1.7714784e-06,1.4282887e-07,7.572803e-07,8.7016145e-09,6.2153916e-14,1.0114948e-14,1.5574717e-07,6.5102754e-09,1.4549938e-08,3.5537067e-09,2.097758e-06,7.7537624e-07,3.2902378e-07,4.209135e-06,0.00014086266,4.9973995e-14,1.05290436e-10,0.99988794,3.3580632e-12,1.2958958e-07,2.2518236e-06,2.742259e-10,5.526261e-10,0.00079724257,4.0919173e-07,5.835161e-09,1.4450434e-07,3.1974454e-10,2.1610139e-13,4.8192674e-12,3.9975113e-14,1.9362559e-13,2.9198644e-11,3.3290708e-09,2.7519033e-07,3.4434326e-08,6.425791e-07,1.0092231e-06,5.5376486e-09,1.7099733e-08,2.5687328e-07,7.8717605e-12,2.0664401e-09,1.2830905e-11,8.305368e-10,1.5253288e-06,6.638562e-10,1.4990714e-08,2.2405337e-07,4.100254e-11,5.784903e-07,2.8652114e-09,4.500119e-09,7.005181e-07,7.6595336e-07,2.2507406e-07,5.972275e-06,3.2842752e-05,3.5971062e-09,1.6637355e-08,2.1482098e-08,1.594052e-09,7.596115e-07,1.587976e-05,0.00011207464,1.7729576e-07,6.315243e-11,4.007509e-12,6.6857977e-09,4.865875e-08,1.5079916e-10,2.5826414e-06,4.3508863e-10,9.321182e-09,1.9083908e-09,1.8028486e-07,3.240976e-08,2.9494887e-09,1.5557928e-09,1.0547692e-07,5.321118e-09,1.9431162e-08,5.8723604e-10,2.3376344e-06,4.2049377e-09,3.970629e-09,9.235442e-09,2.2546434e-08,4.533172e-10,2.4973817e-08,9.311378e-12,2.715007e-07,9.4546564e-08,9.261928e-11,1.3049732e-10,7.301255e-12,3.9476265e-07,5.841372e-07,5.839403e-09,0.00014708914,1.6365316e-10,5.5860223e-09,6.700114e-11,1.3705289e-08,3.3724583e-13,3.0578998e-13,1.4792214e-07,5.200894e-11,1.9388442e-06,3.9955722e-08,1.8068361e-08,2.6290134e-10,1.7364576e-08,8.038983e-08,1.717239e-08,3.187365e-08,1.0461273e-06,1.7931e-12,5.6145825e-07,4.5179596e-11,2.6622647e-08,1.4702988e-07,3.1428854e-08,8.2572626e-08,1.7404533e-08,5.380541e-06,1.9592441e-07,1.4250593e-08,2.9417774e-11,1.356125e-07,5.1857467e-07,5.607802e-12,3.2697747e-11,1.2776312e-09,4.3047226e-08,1.436796e-06,7.171538e-10,1.0255564e-09,1.1008855e-08,7.188112e-09,1.4237666e-07,4.715479e-10,9.035369e-08,2.429031e-09,4.260635e-09,1.2236436e-07,1.4767822e-12,4.6649204e-09,3.5821595e-09,5.376333e-07,1.821374e-06,4.6899117e-07,6.2274044e-09,3.772425e-09,1.1974228e-06,7.434936e-10,4.5836184e-09,9.1173746e-08,3.9121897e-08,4.4750488e-09,3.5768362e-08,2.4078684e-08,1.2413961e-14,2.2709132e-09,2.6307254e-09,2.0244288e-08,1.9980119e-10,1.0173218e-08,1.00865245e-08,9.940912e-07,1.366637e-08,1.60791e-08,5.577545e-07,1.1688934e-07,0.05554763,0.009445199,4.459381e-08,1.6260245e-10,3.557257e-11,8.221617e-09,2.4800934e-12,5.7995106e-09,7.485924e-13,6.319918e-11,2.2134259e-09,8.869348e-07,9.874846e-09,1.4100724e-08,3.2632607e-13,2.0559058e-07,2.1197773e-10,2.9361206e-07,5.668643e-10,2.3879961e-08
BC2026_Train_0016_S18_20220204_221500_050,8.124731e-09,8.1583073e-07,6.426119e-11,0.49138302,4.7643167e-10,4.994189e-10,1.03541575e-08,7.8713083e-07,4.0882185e-08,0.29640776,0.045103595,2.8756614e-10,8.6394346e-07,3.9511713e-11,2.8041858e-10,4.2816475e-07,3.3602594e-09,7.1159995e-10,7.5083594e-06,3.456282e-05,5.504307e-10,4.935982e-07,4.8126807e-08,2.6561938e-08,1.1350988e-09,4.5954754e-11,1.5740099e-08,2.6006737e-06,1.7309915e-08,1.9839797e-05,3.176e-05,1.339983e-07,3.0179121e-06,2.4162584e-05,1.4543909e-07,1.3387686e-05,4.3360448e-08,5.898803e-08,2.257472e-06,6.4481676e-05,2.7151725e-06,1.3066268e-06,2.8855075e-06,3.165005e-08,2.5132461e-12,7.7658295e-13,8.169752e-07,2.3716173e-07,1.14817446e-07,1.2952762e-08,3.4619497e-06,4.0459217e-06,2.464054e-06,7.667977e-06,4.5156547e-05,1.4715812e-11,3.5180439e-09,0.9887815,1.4719301e-10,5.873895e-06,7.746479e-05,1.7681335e-09,1.1773508e-08,0.00018913348,3.1365863e-07,2.1424976e-08,3.1156426e-07,3.3831218e-09,1.12357845e-10,2.8302793e-10,4.267477e-12,3.767718e-11,2.9784901e-09,2.8977041e-08,1.8012097e-05,3.702028e-07,2.5534387e-06,2.0721165e-05,1.3112013e-07,4.9635014e-06,1.0492947e-06,6.4055883e-10,3.4747927e-07,8.755434e-10,1.5659069e-08,5.257546e-06,4.2330882e-08,1.3886937e-07,1.8186942e-06,2.733649e-09,1.9454103e-05,5.901199e-08,2.1937787e-07,5.9810814e-06,2.4931137e-06,4.2879465e-06,3.4609627e-06,0.000489462,4.7245138e-08,6.520941e-08,2.3124097e-07,5.4301907e-08,6.527165e-05,0.0010218619,0.0009330088,4.091718e-07,1.4130196e-09,9.306411e-11,9.71332e-08,1.1781369e-06,1.5368697e-09,4.2835614e-05,3.2460918e-08,1.7347335e-07,1.821966e-08,2.1952426e-06,2.505305e-06,1.5624929e-07,4.32383e-08,1.4532235e-07,1.0765271e-07,8.381945e-07,1.8459339e-08,2.5536201e-05,1.8461932e-07,9.2859096e-08,4.83944e-08,7.260842e-07,5.869508e-09,4.6624677e-07,2.7856345e-10,1.2381163e-06,5.14258e-07,1.7664886e-09,1.29550335e-08,4.7270055e-10,3.4569944e-06,2.1694377e-06,6.236382e-08,0.0009966086,1.017025e-08,5.648542e-08,1.8321096e-09,4.3095824e-07,1.0359837e-10,1.9333759e-11,9.481104e-06,3.378253e-09,4.326603e-05,1.9098873e-07,3.0502363e-07,2.7553102e-09,1.7541244e-07,7.806367e-07,1.4027549e-07,2.2509509e-07,1.1179541e-05,1.6791062e-10,1.7805484e-06,1.4269925e-09,2.2534498e-06,3.445175e-07,1.6749436e-06,4.355046e-07,1.8219076e-07,2.2201675e-05,1.964269e-06,1.0774247e-07,9.483002e-10,3.9208817e-06,8.7431323e-07,3.9521986e-10,2.899992e-09,5.2635535e-08,7.396349e-07,1.3038761e-05,1.0136109e-08,5.5654894e-08,1.1025859e-07,9.121009e-08,2.309962e-06,1.0659185e-08,9.925745e-07,6.082245e-08,1.2238618e-07,2.5766014e-06,6.617787e-11,1.832483e-07,4.3923308e-08,1.6750359e-05,9.144775e-06,1.8814286e-06,2.3031195e-08,6.638872e-08,1.2534501e-05,3.5227057e-08,1.0973325e-07,3.365072e-07,7.938432e-07,6.100486e-08,4.1245653e-07,2.10661e-07,8.42197e-12,4.7874863e-07,1.2327833e-07,8.4755897e-07,4.2242547e-09,2.6111413e-06,3.771632e-07,1.1344489e-06,3.3384552e-07,2.1073797e-07,1.1689133e-05,1.5506779e-06,0.39893094,0.0051570586,9.0104896e-07,9.064329e-09,8.3903445e-10,3.273646e-07,1.08578244e-10,8.669579e-08,1.2294073e-10,3.5129146e-09,8.210682e-08,6.2132153e-06,7.7421696e-08,8.758505e-07,3.672137e-11,7.913435e-07,1.9043668e-08,2.0289922e-06,5.87249e-08,4.0236247e-07
BC2026_Train_0016_S18_20220204_221500_055,1.478393e-10,4.7288137e-07,6.3773843e-12,0.82985634,5.2295522e-11,1.0040275e-10,1.3690025e-09,5.7437674e-08,1.1591884e-08,0.05919579,0.0058613727,6.1830714e-12,5.5282374e-07,1.07743085e-11,1.0378957e-11,2.0423806e-07,2.6712552e-10,1.0932537e-09,3.397272e-07,3.74587e-06,4.9375566e-11,1.3623354e-07,2.3715739e-08,3.794422e-08,4.8541343e-10,2.5597228e-12,1.0359907e-08,3.339126e-08,2.4328061e-08,0.00016576938,2.3964385e-06,4.3015095e-07,5.1939924e-07,0.00027684015,2.3043937e-08,5.711402e-05,1.1547555e-07,3.9442124e-08,7.4494847e-07,0.00024463178,8.166986e-07,1.8008087e-07,6.3078903e-07,1.4440253e-07,2.5505593e-13,5.043288e-13,6.777531e-07,1.0796506e-07,4.7357453e-08,3.053261e-09,1.9585655e-06,1.8290102e-06,8.7910485e-07,4.2334423e-06,0.00047434832,1.231116e-13,1.62727e-08,0.99379337,3.1098457e-11,1.4835332e-06,0.0008095777,5.842765e-10,2.1224293e-08,0.00016710612,4.512706e-06,8.988611e-09,1.4176204e-08,4.4798715e-10,1.4964667e-11,2.7421477e-11,1.9497679e-13,7.419105e-12,1.7147604e-09,2.9759122e-09,2.9145245e-05,4.9470753e-08,2.3244024e-07,1.8955157e-06,2.8988872e-08,5.5337233e-07,3.3907335e-07,6.773677e-11,1.5495154e-08,1.7785912e-10,2.655716e-09,2.248759e-06,1.3822559e-08,5.072918e-08,1.6832129e-06,6.0686806e-10,6.7855517e-06,1.2491404e-08,1.6763371e-07,2.5255106e-06,2.932676e-07,4.7534472e-06,3.0625913e-06,0.000265638,3.606877e-08,3.9876166e-08,1.5221708e-07,1.1482364e-08,1.4292604e-05,0.0001657027,0.0005688854,1.729261e-06,2.1520021e-09,2.8892779e-11,7.829877e-08,3.5870264e-07,1.1371964e-09,0.00011516924,8.948651e-09,2.7489701e-08,9.673898e-09,5.313879e-07,5.214241e-07,1.787785e-07,5.511548e-09,1.0297206e-07,3.5758717e-07,1.3366851e-07,4.101917e-09,1.4903733e-05,4.5997357e-08,2.166591e-08,6.300153e-08,6.329723e-08,1.7388928e-09,3.588659e-07,4.0475873e-11,1.4687714e-06,6.6762806e-07,4.50919e-10,2.2350495e-09,3.059402e-11,4.9692935e-06,7.7880367e-07,1.8131018e-08,0.0023645612,5.5384515e-09,3.5355487e-08,1.10159014e-10,1.6966845e-07,8.119592e-12,6.401453e-12,4.3919874e-07,2.750651e-10,3.033239e-05,1.8816525e-08,9.163294e-08,4.028627e-10,4.293137e-08,2.4525076e-07,2.0679994e-07,2.1007692e-08,8.138288e-06,1.9616732e-11,2.1731482e-06,3.239829e-10,6.9409623e-07,1.7971958e-07,8.5036925e-07,1.0362164e-07,3.4089485e-08,2.762948e-06,1.6843225e-06,3.410009e-07,1.3850256e-10,2.8331692e-06,1.1084051e-06,4.4484503e-11,2.9427005e-09,2.0558217e-09,5.6507776e-07,1.962913e-06,1.2442604e-09,1.7385918e-08,6.48303e-08,8.709405e-08,5.711942e-07,4.431169e-10,1.7896019e-07,9.596436e-09,4.656841e-08,2.2131164e-06,1.36225215e-11,8.073988e-08,2.5825761e-08,1.1268136e-05,4.108892e-07,1.5848464e-07,1.1866981e-08,3.4372977e-08,1.9595109e-06,1.1822136e-08,6.002814e-08,8.001428e-08,2.3373171e-07,7.28224e-09,2.5630113e-08,1.1215823e-07,1.0794477e-13,2.0704324e-07,1.6796747e-08,6.242022e-07,1.6419666e-09,7.6792014e-07,1.0004428e-07,4.4051214e-07,2.0679579e-07,1.7843456e-08,1.4411516e-05,4.143125e-07,0.122417055,0.00054886675,4.485904e-08,7.8435614e-10,1.7288318e-10,4.1929024e-08,6.280312e-11,2.8693034e-08,7.053499e-11,7.3927964e-10,2.6487111e-08,1.869955e-05,4.885115e-08,2.2401233e-07,6.455489e-12,3.611421e-07,4.0179624e-09,3.8143403e-06,1.2375582e-08,2.980651e-08
BC2026_Train_0017_S22_20211026_233000_000,3.679073e-07,1.0319892e-06,5.502034e-07,1.4227014e-06,2.0647233e-06,1.571995e-10,9.2304407e-07,3.3235836e-05,5.7570714e-06,0.0058686007,0.9999925,3.5641324e-07,6.7500728e-06,1.3087552e-09,4.0395182e-08,6.1827643e-07,2.483915e-06,8.678918e-10,3.0009052e-05,2.081322e-06,6.782827e-07,1.0377931e-05,2.855268e-07,3.2246348e-06,1.4357578e-06,1.5170661e-08,7.700934e-06,6.5319674e-09,6.476489e-09,0.0028372987,1.8209971e-06,1.8966426e-07,3.386284e-07,6.591447e-05,9.342332e-08,1.1542924e-06,4.893431e-09,1.0900669e-07,1.1124043e-07,2.486498e-07,8.1047896e-05,1.6251485e-08,1.3859104e-06,9.720766e-09,5.545483e-12,3.2609915e-12,1.109049e-06,4.982406e-08,3.5526988e-08,5.1559954e-07,2.3681753e-07,3.042728e-08,2.8357615e-08,9.345757e-06,1.1160633e-06,1.0532479e-10,4.36571e-09,0.57336944,9.184883e-09,1.2849291e-08,8.836753e-05,9.707648e-09,9.128211e-06,0.96774197,3.013486e-06,3.5080222e-07,1.3818356e-05,2.642185e-07,1.5729864e-08,1.20227e-08,3.014282e-14,5.9758826e-10,3.4297387e-09,3.7520692e-07,1.7202639e-07,2.5085873e-07,8.8997575e-07,3.661799e-06,2.3814689e-08,1.7394632e-07,9.951499e-06,4.063767e-09,1.5557928e-06,3.3616312e-09,2.6977247e-07,8.8699153e-07,5.488197e-09,3.796846e-05,3.045182e-07,9.082955e-08,5.0893736e-06,5.432263e-07,9.6952695e-09,9.2883596e-07,0.0018471446,2.4778421e-05,0.00015969174,0.00030339282,2.435397e-05,5.2038026e-06,2.9760847e-07,2.3177721e-08,1.4799363e-05,0.092345394,0.0004029874,2.3532045e-06,3.1644964e-09,5.0182372e-08,5.353345e-07,8.51858e-08,6.238333e-08,8.33963e-07,4.173434e-08,1.7349916e-07,3.828594e-06,4.446864e-06,4.8349193e-08,2.309266e-06,1.1355042e-08,2.3977549e-05,2.9492543e-07,9.993576e-08,3.621906e-08,3.1030962e-05,1.3826588e-06,5.461091e-07,1.4461438e-06,7.4223045e-08,7.515855e-09,5.702509e-05,1.0705766e-07,8.15319e-08,2.7271332e-07,1.3019287e-06,2.3751059e-06,2.2820778e-08,3.1208185e-06,3.3446482e-05,4.6120167e-08,0.44962487,6.8134898e-09,6.562365e-08,9.551551e-09,2.3994594e-06,1.9404725e-07,1.4140408e-10,1.5558135e-07,1.5448076e-07,1.1871336e-06,6.0994324e-07,4.2088595e-07,7.198136e-07,1.30188e-07,5.338428e-07,3.450403e-07,1.0215981e-07,4.394325e-07,3.783278e-08,1.1132367e-06,2.3695803e-07,1.8828486e-07,7.158194e-08,3.5560475e-08,5.806846e-07,4.660765e-07,0.0021987893,6.600528e-06,2.469685e-08,3.9732672e-08,1.1494082e-05,7.0656733e-07,1.922229e-09,2.94164e-09,6.892822e-08,2.6124242e-06,1.7816434e-05,3.911197e-08,1.1589744e-07,3.1170512e-07,4.736586e-07,5.300861e-07,5.5444547e-09,5.7623884e-06,3.4401884e-09,1.8120581e-06,6.721602e-08,9.007274e-11,9.1840434e-07,3.971106e-09,4.570224e-05,1.7979858e-06,4.339004e-06,2.499405e-07,5.655507e-05,9.301405e-06,1.7798727e-06,8.944915e-07,8.239591e-09,2.069202e-06,6.46985e-08,2.6530849e-08,2.9427952e-07,1.0335625e-09,2.9877611e-07,2.3027447e-07,3.1817099e-06,1.478708e-07,3.7921216e-06,2.1355869e-07,4.859832e-07,7.8923017e-07,3.0167823e-07,4.1100634e-08,6.9762937e-06,0.0002597752,0.01767358,7.9252864e-08,3.6970707e-07,3.266294e-09,5.079322e-06,8.0262436e-10,3.7663844e-07,4.758189e-09,8.175326e-10,6.997574e-09,1.465805e-06,8.4879915e-08,9.764551e-08,2.3523974e-10,1.6076137e-05,4.3590287e-09,4.467619e-07,4.9195243e-08,4.5841762e-07
BC2026_Train_0017_S22_20211026_233000_005,0.00015188321,2.844067e-05,4.519239e-05,0.00015448737,0.00012274538,2.2002067e-07,4.456966e-05,0.00017121805,0.0011556251,0.27489132,0.8784864,8.671553e-07,0.00047482192,2.7939177e-07,3.957305e-06,0.0002604165,3.5872629e-06,9.186943e-07,4.1719533e-05,0.00014506032,1.0231078e-05,0.0002323102,0.00010306073,3.5010497e-05,2.8181215e-05,3.671219e-06,0.000109333916,7.194044e-06,1.8802208e-05,0.00053276226,9.6864955e-05,9.662914e-05,4.822624e-05,1.2403237e-05,4.9116247e-06,9.3391754e-05,1.3425802e-06,4.641664e-05,4.371206e-05,9.467551e-06,0.00045221322,6.0867817e-05,1.47555775e-05,2.3992372e-05,1.5262987e-08,5.9025506e-08,0.00013087908,1.9713043e-05,8.277229e-06,4.8149046e-05,7.645628e-05,3.405881e-05,6.4251867e-06,9.7340984e-05,3.0274534e-05,2.8408229e-08,1.7534184e-06,0.7416944,2.094861e-06,0.00011518484,0.015806526,1.4194879e-07,4.2352578e-05,0.39734253,0.00025651854,7.236044e-06,4.9414734e-06,2.7321179e-05,4.921369e-07,7.186825e-07,2.095098e-09,2.2210452e-06,6.421793e-06,0.0006301278,8.507874e-06,2.095748e-05,6.70453e-05,0.000508361,1.5059679e-05,8.3562234e-05,0.0010108035,1.9116962e-06,0.00019304872,2.0872594e-06,5.3820386e-05,8.7026514e-05,2.7367525e-06,0.00030993842,0.00011529715,2.8553235e-05,0.0002373819,0.00015026148,1.24451335e-05,8.468368e-05,0.00068056537,0.00065325777,0.0003167789,0.0015887755,0.00020989409,0.00010853066,1.14012755e-05,1.8682436e-05,0.0012606046,0.13619801,0.06575795,0.00037053102,7.6688775e-06,4.4315075e-07,6.192471e-05,1.2284249e-05,0.00011822284,0.00020935344,2.5015208e-06,5.2838583e-05,5.529813e-05,4.510383e-05,0.00013579644,5.7370304e-05,3.929716e-06,0.001267539,0.00015675141,2.2069657e-05,2.0580906e-05,0.004173529,0.0001277888,0.0001921619,9.1385526e-05,6.6998386e-05,5.439974e-06,0.00046984546,9.290501e-06,9.191639e-06,2.8309192e-05,0.00042416586,3.4387554e-05,2.4171365e-07,0.0005232732,0.001043981,5.9513713e-05,0.74239546,5.863295e-06,1.6308442e-05,1.8360653e-06,0.00019818099,4.1471485e-06,1.2370127e-06,2.233815e-05,5.4023317e-06,5.8036232e-05,1.5119238e-05,2.7999835e-05,6.437035e-05,1.6904332e-05,1.8536502e-05,0.00017444816,4.324239e-05,8.556024e-05,7.920374e-06,0.00024360165,2.8569998e-06,1.17167565e-05,2.6441176e-05,2.0686732e-05,8.303772e-05,3.3941174e-05,0.013567733,2.5409636e-05,1.6066697e-05,1.7729197e-05,0.0016584686,0.0004808298,2.0246855e-06,1.0896588e-06,3.0903826e-05,0.0006932238,0.00024411129,1.1718886e-06,2.4692816e-05,4.843655e-05,0.00019227792,0.00023747832,1.39944195e-05,0.00026992863,8.810581e-06,1.8922154e-05,2.1857582e-05,5.428234e-07,0.0004610566,1.0386024e-06,0.011063236,8.848212e-05,0.00041042417,0.00010078135,0.0047041737,0.00021553575,2.8363398e-05,0.00019487481,8.80424e-06,0.00017720884,3.862267e-05,7.6073455e-05,2.6286503e-05,6.472906e-06,7.2647876e-05,0.00017658122,0.00052599807,2.781431e-05,0.00021992423,2.8932043e-05,0.0002584407,4.4209173e-05,0.00011932291,2.01205e-05,0.0005624691,0.008008076,0.014509551,3.6742727e-05,2.5372785e-05,6.264174e-06,1.5871856e-05,9.548711e-07,3.9230305e-05,4.981939e-06,2.540582e-06,2.2725146e-06,0.00014525591,1.6963471e-05,1.6673475e-05,3.3280899e-06,0.00043835986,4.441786e-06,0.00019597456,1.9754125e-05,2.9146026e-05
BC2026_Train_0017_S22_20211026_233000_010,3.9169916e-07,8.074717e-06,2.0605617e-07,0.00015847232,7.216055e-08,2.806155e-10,7.494827e-07,1.2078413e-05,1.2319136e-07,0.7606406,0.999689,1.7616887e-07,8.794656e-06,2.2833262e-09,4.0759716e-08,1.2710635e-07,5.1747694e-08,7.851349e-09,8.625541e-06,2.0073756e-05,1.7827434e-08,2.794626e-06,7.9094065e-07,3.0595473e-07,6.826722e-07,9.839011e-09,1.1130701e-06,4.2535572e-07,5.3686882e-08,0.0001628047,2.4646422e-05,1.2842538e-06,1.1630317e-06,4.6857413e-06,8.525348e-07,3.0116387e-06,1.5513302e-07,3.677761e-07,1.0058206e-06,8.5656967e-07,0.00011997277,1.5187821e-07,2.1428934e-06,1.2904951e-07,5.3023775e-12,7.164599e-12,1.0267852e-06,4.8677407e-08,4.0384787e-08,1.5461992e-06,2.7990248e-07,2.1380343e-07,3.2866782e-07,2.9738412e-05,7.2745424e-06,4.4463996e-10,4.3537707e-08,0.6318094,6.593755e-09,4.93739e-07,8.442229e-06,1.8038781e-08,1.4685488e-06,0.087760605,5.66399e-07,1.0316882e-06,0.00033374998,9.18911e-08,9.839912e-09,3.097265e-08,7.064478e-13,5.929253e-10,3.0286393e-09,6.7118964e-07,3.1826156e-07,6.5065103e-07,4.5300823e-07,6.333699e-06,1.8607027e-08,1.3704723e-06,5.002693e-06,2.0375135e-09,2.8047538e-07,2.052186e-09,2.7349938e-07,5.296442e-06,2.5157547e-08,1.821018e-06,9.23266e-07,5.8850034e-08,6.0731895e-06,1.5064916e-06,2.3242887e-08,3.7346979e-06,0.000568593,7.930517e-06,2.396651e-05,0.0029841738,5.815342e-07,3.9331503e-06,3.823292e-06,1.8481604e-08,3.6727488e-05,0.00055297546,0.000560869,2.0309056e-07,1.4905808e-08,5.48579e-09,3.114296e-08,4.5369994e-08,1.4790317e-08,1.4323878e-06,4.3878934e-08,1.0859657e-06,4.4953302e-07,3.3049978e-06,2.2836888e-08,1.0986566e-06,9.040436e-08,3.0126125e-06,3.0675557e-07,3.4106793e-07,3.2567833e-08,1.9208197e-05,3.8200124e-06,3.343253e-07,2.6572735e-07,2.5556457e-07,4.1373564e-08,5.1347324e-05,3.088382e-07,8.773178e-08,4.884975e-07,1.352481e-08,6.69579e-09,2.0290785e-09,2.6264158e-06,3.662812e-05,5.2484456e-08,0.050568834,1.8986038e-08,1.0189166e-07,1.3180826e-08,1.0155508e-06,6.386673e-08,2.96713e-11,4.6619698e-07,1.2997772e-07,8.555618e-06,9.857608e-07,8.07117e-08,5.13613e-07,4.3374263e-07,2.570157e-06,1.6714075e-07,1.3327964e-07,8.368755e-06,1.8208198e-08,1.7609663e-06,1.16049506e-07,1.4183581e-06,1.334213e-07,5.9135374e-08,5.7351787e-07,2.3474212e-07,9.6315074e-05,5.72898e-06,3.7371553e-08,7.972374e-09,1.4869363e-05,2.9426496e-07,4.2451984e-09,1.5985895e-08,6.71376e-08,1.9375263e-06,7.215048e-06,9.947743e-08,1.280544e-07,1.820612e-07,2.1678038e-06,3.7553235e-07,1.053703e-08,3.76886e-06,4.7061835e-08,9.0047934e-07,1.3667207e-07,7.4236844e-10,5.4853314e-07,2.7772924e-08,0.00010912321,2.430755e-06,3.2241794e-06,1.7715985e-06,7.009358e-06,6.3020248e-06,1.8873286e-07,3.231008e-07,8.936458e-08,8.816556e-07,7.0081555e-08,2.3013587e-08,1.7278188e-07,3.605608e-10,7.5390864e-07,2.2052693e-07,2.0697487e-06,1.4789082e-07,9.101646e-06,9.622191e-08,3.8683343e-06,1.2745683e-06,1.6131636e-06,6.0960247e-07,7.030527e-07,0.42406085,0.0122294435,2.3575008e-07,2.3908063e-07,3.0750196e-09,1.0494068e-06,4.695823e-10,3.0248225e-07,5.349201e-10,1.6468186e-09,2.312213e-08,3.583771e-05,1.1258196e-07,1.214648e-07,1.1214311e-10,1.6445239e-06,1.8281973e-08,7.8399927e-07,2.6435881e-08,2.1260207e-06
BC2026_Train_0017_S22_20211026_233000_015,1.9518475e-06,3.2494605e-05,8.3139724e-07,3.2975535e-05,5.7573453e-07,2.008306e-09,6.616736e-07,4.557487e-06,9.1975323e-07,0.98801696,0.99980193,7.019071e-07,1.9394454e-05,7.6814475e-09,1.1723677e-07,6.7842757e-07,2.2557354e-06,2.3109916e-08,8.533804e-05,1.0407883e-05,9.593202e-08,5.6396552e-06,7.600195e-07,5.5125173e-07,2.1626147e-06,2.6004646e-08,5.1228824e-07,1.6722191e-06,4.5644533e-08,9.8559794e-05,6.667899e-05,4.869482e-07,1.8514296e-05,2.9253759e-05,4.664781e-06,1.5500453e-06,4.7084205e-07,1.3261404e-06,1.4419723e-05,6.4226506e-06,0.00013553913,3.425681e-07,1.1253361e-06,5.3927135e-08,8.448391e-11,9.118196e-11,3.212397e-06,5.995811e-07,3.9216525e-07,6.678592e-07,4.8057564e-07,7.330306e-07,4.8968553e-07,0.000104892075,4.091725e-06,7.22551e-10,7.886488e-08,0.20298769,9.723567e-09,2.3398151e-07,2.2746399e-05,4.326476e-09,4.4744536e-07,0.0011840645,2.5191e-06,3.8229787e-06,0.00040498076,1.3017632e-07,1.2813437e-08,2.4942003e-07,1.4969406e-11,1.3511886e-09,3.8143185e-08,2.840076e-07,2.3568002e-06,5.9436616e-07,6.381427e-06,5.014018e-05,1.5365224e-07,7.740849e-06,3.9279003e-05,2.8098105e-08,1.1231531e-06,4.0701975e-09,1.3117545e-06,1.8204553e-06,4.8559908e-08,3.1061625e-06,2.0928403e-06,1.2883031e-06,1.6408674e-05,6.990465e-06,2.6465403e-07,3.4739212e-05,0.00012597592,1.6795979e-05,6.271466e-06,0.09270111,6.9178986e-06,9.89907e-06,3.0417235e-05,8.6487315e-09,1.572358e-05,0.0011544137,0.0004147318,6.360329e-07,3.532172e-08,1.1034418e-08,8.681592e-08,1.2817206e-07,3.6794336e-08,1.445992e-06,8.1252004e-08,2.2346728e-06,1.8797838e-06,2.216407e-06,1.4582338e-07,2.5784748e-06,3.9982407e-08,6.0238076e-06,2.044348e-06,1.6325636e-06,2.495892e-07,8.239762e-05,1.6191841e-05,9.282905e-07,3.7434413e-06,1.7380999e-06,2.6424086e-08,1.9283265e-05,1.614809e-06,4.3147438e-07,2.0124673e-06,3.7731606e-08,1.5617286e-07,2.9399144e-08,6.600818e-06,9.9909346e-05,8.565814e-08,0.8141292,4.6669513e-08,6.3303384e-07,1.998906e-08,2.8989709e-05,1.1028336e-06,4.0305406e-10,4.6175055e-07,1.4232154e-07,4.4017006e-06,5.161539e-06,6.599054e-08,8.059185e-07,1.7171019e-06,7.321685e-07,4.6516928e-07,1.9609716e-07,1.1751581e-05,6.4049805e-09,1.9806982e-06,1.1271098e-07,9.4785133e-07,4.9116113e-07,3.8087722e-07,9.60574e-07,9.1682307e-07,1.48643e-05,6.650241e-06,4.3514298e-08,1.17613475e-07,1.6422295e-05,8.5590426e-07,2.4772994e-08,2.4890408e-08,3.0489565e-07,3.0298597e-06,4.0591283e-05,4.852672e-07,3.445188e-07,2.1173858e-07,3.019012e-06,7.8694165e-07,1.2830728e-08,3.4729404e-05,1.877702e-06,6.050863e-06,3.1184308e-07,1.2625632e-09,1.0623442e-06,4.3300524e-08,1.4324438e-05,2.8261584e-06,1.15451985e-05,1.8419355e-07,3.925124e-06,2.0698215e-05,3.8696925e-07,4.6066243e-06,8.795311e-08,6.7515853e-06,7.234894e-07,1.375321e-08,5.4570046e-07,1.0027865e-08,2.2841607e-06,1.1929201e-07,2.0321681e-06,1.4806935e-06,9.634097e-05,8.6660464e-07,7.697123e-06,4.42325e-06,6.479855e-06,1.9510992e-06,1.3734607e-06,0.6374008,0.00035556807,4.5721135e-06,3.391375e-06,2.632231e-09,5.6123008e-05,1.7274416e-09,6.08662e-07,2.0751494e-09,1.2213171e-08,2.2090113e-08,0.00022912168,1.390272e-07,1.6599497e-06,1.3793028e-09,2.0843074e-06,2.8864986e-07,3.7791426e-06,1.6420618e-07,1.111849e-06
BC2026_Train_0017_S22_20211026_233000_020,3.869803e-06,2.501986e-06,6.174274e-07,4.955598e-06,4.6712275e-06,2.4018632e-09,2.0863818e-06,5.457809e-05,7.0684428e-06,0.18939695,0.99771523,3.6002587e-07,5.6222993e-06,4.762402e-09,2.4238193e-07,5.6874824e-06,6.2353934e-07,7.3429263e-09,4.6493285e-05,1.0447136e-06,4.3008907e-07,7.5544267e-06,1.0394137e-06,4.3936147e-06,3.924825e-06,2.8017775e-08,1.600902e-05,1.6809462e-07,8.145123e-08,0.00036028406,9.098532e-07,5.655899e-07,1.1571724e-06,1.5133362e-05,2.3419382e-07,6.9856344e-07,5.3783685e-07,1.8431936e-06,7.1658013e-07,8.669527e-07,2.7864728e-05,3.9493247e-07,8.8267944e-07,6.268713e-08,9.1990575e-11,1.07779514e-10,5.098915e-06,3.6124854e-07,1.0181376e-07,2.0424422e-06,3.016132e-07,3.787221e-07,9.849211e-08,4.66001e-06,2.1332407e-06,6.029959e-10,1.7787286e-08,0.07440981,3.7300126e-08,1.2750007e-07,0.00016956088,3.909719e-09,2.321904e-06,0.20333439,6.6500957e-06,2.6940072e-07,6.8907843e-06,1.8844817e-07,2.2162405e-08,4.6640235e-08,7.946276e-13,8.641081e-09,1.0354241e-07,8.466304e-06,1.7845978e-06,7.277508e-07,4.159169e-06,0.00010142255,1.0388503e-07,1.0497101e-06,4.6320773e-05,8.0280884e-08,1.4076372e-06,2.4041423e-08,1.0356904e-06,1.6919848e-05,5.166504e-08,4.43563e-05,8.802233e-06,1.3570516e-06,1.482814e-05,1.8730212e-05,1.2116503e-07,5.71211e-05,0.00030039457,0.00019705533,4.9004302e-05,0.0035175653,6.9716775e-06,1.0361001e-05,2.9483785e-05,5.349212e-07,0.00042238281,0.35183886,0.007378736,1.2152104e-05,2.751977e-07,7.307651e-08,1.2752699e-06,4.597973e-07,2.2863217e-07,6.3886246e-06,1.0831342e-07,8.7607856e-07,5.136045e-06,2.0173338e-05,5.820441e-07,5.892916e-06,3.527634e-08,3.227607e-05,1.8802464e-06,1.3113918e-06,1.1597134e-06,0.00012555103,1.558846e-05,5.246772e-06,1.3000829e-05,2.2722265e-06,9.4542415e-08,5.8738788e-05,1.056467e-06,2.1829929e-07,2.6485222e-06,1.1525563e-05,3.5699702e-06,9.112297e-08,7.5109438e-06,0.0001962298,7.480788e-07,0.98117274,9.232063e-08,6.9566346e-07,1.0119499e-07,1.5091841e-05,1.788247e-06,2.2931375e-09,4.748957e-07,5.571518e-06,8.156982e-06,7.8895255e-07,7.6117715e-07,1.9953252e-06,5.4092476e-07,1.7641481e-06,2.6645932e-05,1.6612388e-06,2.119779e-06,8.474289e-07,1.006359e-05,3.0640615e-07,3.9424262e-06,5.31283e-07,5.581797e-07,2.1238471e-05,2.1213766e-06,0.0010491902,7.245249e-06,3.6090316e-07,1.981383e-07,7.361317e-05,6.7450724e-06,7.1587664e-08,5.2996977e-08,3.3028508e-07,1.5680022e-05,4.115235e-05,3.1251474e-07,8.576143e-07,3.224186e-06,2.3182967e-05,1.7426759e-06,7.229515e-08,1.7669025e-05,1.8433309e-07,4.4745702e-06,1.6375673e-06,2.45423e-09,1.2179707e-05,1.8459446e-08,0.0012149273,1.133338e-05,6.0142265e-05,4.1671456e-06,0.0002182868,5.261919e-05,3.7804691e-06,7.562334e-06,2.0719948e-07,8.397664e-06,1.3928242e-06,2.703133e-07,2.9677767e-06,6.3597476e-08,3.0115152e-06,2.5019385e-06,5.030969e-05,6.384267e-07,7.542371e-05,6.9138497e-07,1.32523255e-05,4.8342554e-05,6.2374197e-06,1.0087256e-06,3.406816e-05,0.009610863,0.020601194,2.5839076e-06,9.952142e-07,2.0979708e-07,1.5563757e-05,1.0574095e-08,1.2196724e-06,6.09531e-08,1.9009047e-08,3.2045556e-08,0.00015550952,7.550981e-07,6.2354417e-07,2.8886968e-09,5.0423856e-05,3.9160057e-07,4.7661165e-06,1.4108315e-07,1.0630577e-06
BC2026_Train_0017_S22_20211026_233000_025,3.8017353e-07,2.4419072e-07,1.12128244e-08,1.750376e-05,1.5772305e-07,5.182493e-12,1.0238258e-07,1.7222698e-06,1.7455154e-07,0.7326363,0.9999881,1.2779657e-08,2.1449032e-06,2.8467378e-10,2.0039783e-09,1.7230057e-07,2.8931261e-08,2.653807e-09,2.6520001e-06,1.4075595e-06,7.01309e-08,6.3192315e-06,3.2245072e-07,2.0165409e-07,1.4213532e-07,3.0254292e-09,1.0876603e-06,5.387499e-09,3.926249e-09,2.2095796e-06,7.0220094e-06,2.690682e-07,9.48629e-07,1.88706e-06,4.1179657e-08,3.2133727e-07,1.5147993e-08,9.995444e-08,1.5341138e-07,4.1699818e-07,3.161468e-05,4.371987e-08,2.2652176e-07,3.173613e-08,1.2887014e-12,3.80141e-13,1.3628515e-06,7.099874e-08,8.024748e-09,1.9734644e-07,3.6978426e-07,2.7351112e-07,1.827281e-07,9.945474e-06,6.179452e-07,1.901793e-12,1.3514592e-09,0.9883654,3.3943665e-10,5.8086904e-08,6.8379624e-05,9.521511e-11,9.403615e-08,0.03282995,9.43786e-07,5.5587943e-08,2.906955e-07,2.7885985e-08,9.661957e-11,2.723411e-10,2.2669704e-13,2.1916721e-10,1.7247684e-09,3.1578594e-08,1.0452165e-07,6.193671e-08,2.531739e-07,7.7439034e-07,1.1719737e-08,4.3659618e-08,9.681697e-07,1.2046636e-09,2.228325e-08,2.7623123e-10,2.7159386e-08,1.7606406e-07,8.967715e-10,2.7594197e-07,5.1629872e-08,1.6918028e-08,1.1727707e-06,5.715719e-07,4.432667e-09,7.107453e-07,5.0829804e-06,1.3161667e-06,4.598477e-07,0.0006151693,7.992953e-07,3.8665533e-07,1.0339003e-06,1.1829213e-09,3.7889292e-06,0.0039335797,0.00062468345,7.6476726e-07,9.104285e-09,3.185715e-10,5.5899876e-09,1.234915e-08,1.0004157e-08,1.5232702e-07,2.6095706e-09,1.3790221e-08,7.325387e-08,5.276143e-07,3.6407865e-08,1.07320986e-07,3.8718864e-09,4.015356e-07,1.7996553e-07,8.1159065e-08,8.017526e-09,3.8603594e-06,2.7507278e-07,5.224834e-08,3.8313266e-07,1.0810599e-07,8.861328e-10,1.9097831e-06,3.2738032e-09,1.8157252e-08,6.564281e-08,1.2133462e-08,2.1951008e-08,5.691502e-10,6.153517e-07,9.591327e-06,3.0275187e-09,0.9388395,2.0614288e-09,2.6324784e-08,8.0979007e-10,8.049852e-07,4.2767723e-09,2.3996903e-11,1.4190597e-08,1.3463143e-08,5.842313e-07,4.9432174e-08,1.2105422e-08,4.2144784e-08,7.1631106e-08,9.416323e-08,9.063503e-08,3.311429e-08,2.373552e-07,2.3874074e-09,5.3736676e-07,1.0323056e-09,1.240133e-07,5.9648175e-09,4.1705595e-09,2.0400545e-07,2.0205249e-08,9.734748e-05,1.5363567e-07,1.1852119e-08,1.5861755e-09,1.0014734e-06,3.8220898e-07,1.3269554e-10,1.6420158e-10,1.7901543e-08,8.593207e-08,5.354701e-05,1.1978564e-09,2.9234908e-08,2.2871284e-08,1.294558e-07,7.89171e-08,5.419735e-10,1.6867979e-06,9.261319e-09,4.0149537e-08,2.983148e-08,2.0982122e-10,1.2739567e-07,4.703281e-10,1.9881732e-05,6.3031035e-07,7.568047e-08,5.969008e-08,5.169319e-07,1.4233635e-06,3.1083857e-08,1.6718477e-07,1.1405183e-08,2.1880724e-07,1.6095733e-08,6.0091e-09,4.4831236e-08,4.742258e-10,1.4732072e-07,1.4068405e-08,6.3167454e-07,1.9699813e-08,2.1173141e-06,2.600048e-08,6.8823124e-07,3.2951053e-07,4.4784198e-07,3.4135617e-08,4.6349192e-07,0.00024713576,0.00018655632,7.430166e-08,3.8118163e-08,3.5029102e-10,2.4228814e-06,3.130658e-11,1.13410216e-07,2.5899335e-10,5.6326208e-11,4.7526355e-10,1.807243e-06,1.5117944e-08,2.9282512e-08,4.4653135e-12,4.153402e-06,4.886175e-09,8.354756e-08,5.95143e-09,1.3624887e-07
BC2026_Train_0017_S22_20211026_233000_030,8.600114e-05,3.5077958e-06,1.9707147e-07,2.051653e-05,4.3033972e-07,6.1799614e-11,2.8716629e-08,2.2625482e-05,3.2662712e-07,0.25786495,0.99953747,9.416988e-08,5.9945983e-06,4.6222892e-10,8.314105e-09,2.1807688e-07,1.7665052e-07,2.877616e-09,8.724444e-06,2.0040138e-06,2.3618531e-07,6.1936043e-06,4.2098554e-07,2.1407152e-07,4.512224e-06,4.1543892e-08,1.6541138e-06,5.923353e-07,3.0128078e-08,2.1175718e-05,7.411327e-05,4.611648e-07,3.1710015e-06,7.6228234e-06,2.3535833e-07,4.6437863e-06,2.5100846e-08,2.754873e-07,1.1385913e-06,2.7244248e-06,3.216134e-05,5.0469475e-07,1.6330509e-06,8.8343334e-08,1.2800666e-11,8.9834555e-12,1.513095e-06,2.342336e-07,3.853646e-08,4.799111e-07,2.5575257e-06,2.3428818e-06,1.0643276e-06,3.348299e-05,5.3435188e-06,4.0327686e-11,1.7187521e-09,0.3731631,8.620631e-10,6.90086e-08,4.5297802e-05,8.064253e-10,7.362521e-08,0.020759802,5.111039e-07,3.0953584e-07,1.7158317e-06,2.9788814e-07,4.815432e-10,5.8642153e-09,1.412026e-12,4.5072213e-10,7.227168e-09,6.357407e-08,2.252787e-07,5.1027207e-08,1.3987943e-06,6.2941926e-06,1.4952649e-08,3.006821e-07,5.084346e-05,5.487234e-09,2.2502684e-07,1.9210342e-09,4.3875752e-07,1.2508756e-05,7.417857e-09,1.76755e-06,2.461733e-07,5.3976223e-08,2.5931547e-05,6.0729013e-07,7.1954396e-08,7.515878e-07,6.1211845e-06,1.0927374e-05,1.9474076e-06,0.00037053594,2.6326297e-06,5.8286065e-07,1.5156569e-06,1.2507736e-08,7.3158117e-06,0.03559117,0.008926414,6.7626684e-07,9.392783e-09,4.2746113e-09,9.133857e-08,1.2308261e-07,1.3020632e-08,7.1910625e-07,8.569474e-08,1.337283e-07,6.1186523e-07,3.998938e-06,2.5499148e-07,1.8229869e-07,9.158433e-09,3.173225e-06,6.6120305e-07,2.9299278e-07,8.229575e-08,3.1370153e-05,8.979393e-06,2.8480775e-07,1.7919958e-06,9.732261e-07,8.848884e-09,2.469738e-06,5.2897402e-08,2.6871948e-07,5.975934e-08,1.0046419e-07,7.9399086e-07,2.8543036e-08,3.505953e-06,1.6737711e-05,7.7011386e-08,0.68228877,8.122531e-09,7.580731e-08,1.8658417e-08,3.410778e-06,1.7680355e-07,4.2324141e-10,3.5581178e-07,2.4341618e-08,4.06449e-07,4.7677486e-07,2.1708274e-07,2.0855947e-07,1.4190794e-06,7.23626e-07,2.1141774e-07,1.2179969e-07,2.4164635e-07,3.2983034e-09,8.694416e-07,3.815008e-09,1.2786013e-07,9.311271e-08,2.2523095e-08,4.7382125e-07,1.4255559e-07,1.3673307e-05,1.4437335e-07,3.065651e-08,6.801301e-08,9.6605245e-06,2.1906833e-06,2.3666966e-09,3.0506473e-09,2.0233237e-07,4.456865e-07,2.086825e-05,5.9661023e-09,1.7276639e-07,1.1925685e-07,2.9506323e-06,4.2969054e-07,6.0796093e-09,1.4038567e-06,1.2430743e-07,1.7940927e-07,6.228524e-08,6.807862e-10,9.006906e-07,6.3949344e-09,3.622689e-05,1.1593606e-06,1.1877645e-06,3.7979117e-08,1.524299e-06,1.4698906e-05,5.1612307e-07,1.9734337e-06,6.962563e-08,8.3618323e-07,1.3899697e-07,2.8632952e-08,1.2019304e-06,4.7319966e-09,1.8462036e-06,1.3085368e-07,3.993035e-06,2.7989822e-07,7.800548e-05,3.186484e-08,5.6853514e-06,7.8187054e-07,1.3893406e-06,1.077844e-07,4.3771615e-06,0.0043969494,7.641095e-05,2.248525e-06,1.9215287e-07,1.4186151e-09,0.00012315712,2.8634942e-10,2.2718898e-07,1.4223649e-09,6.9479367e-10,1.0469812e-09,6.5093745e-06,3.548615e-08,4.424856e-07,1.6273803e-10,1.5614885e-05,9.142917e-09,8.987809e-08,6.05792e-08,2.1601505e-07
BC2026_Train_0017_S22_20211026_233000_035,6.443245e-06,1.1848428e-07,2.264684e-07,4.359193e-07,1.1457332e-05,2.7721334e-11,4.5435552e-08,5.3399588e-05,2.376216e-06,0.12135368,0.9997824,2.8749875e-07,2.018651e-06,4.2697446e-10,2.0063238e-08,2.6489417e-06,4.2211119e-07,4.9713894e-10,1.4417454e-05,1.093119e-07,1.3588491e-06,3.3542472e-06,1.1306788e-07,4.1056333e-07,0.00010285897,1.5969682e-08,4.0328973e-06,9.113059e-09,1.3250997e-09,6.2949193e-06,8.9254524e-07,1.6376074e-08,7.4246753e-07,7.2599605e-06,1.16067955e-08,4.2478003e-08,1.1438798e-08,1.3273431e-07,1.9057319e-07,3.3975638e-07,3.2732075e-06,9.620723e-08,2.3511292e-07,2.0997468e-09,3.3762771e-12,2.4436742e-12,2.3624388e-07,7.7549245e-08,2.7739717e-09,3.7132178e-08,5.3683298e-08,5.3978287e-08,2.0703823e-08,2.6569114e-06,9.525012e-08,5.356386e-11,2.3497834e-10,0.010840821,1.518704e-09,7.952099e-09,5.4184216e-05,5.9057204e-10,1.4564729e-07,0.038611125,4.782202e-07,6.659862e-08,3.7494857e-08,3.0817436e-08,1.4310639e-10,2.4811286e-09,1.497082e-13,1.8687007e-09,1.01307e-07,3.524232e-07,2.6263152e-07,2.2671325e-07,1.966563e-06,7.375068e-06,3.0436393e-08,1.0122164e-07,0.00015522048,2.0961384e-08,8.2449935e-07,3.2901164e-09,1.7630938e-07,3.3475073e-06,2.9472955e-09,3.497564e-06,6.996435e-07,1.3491861e-07,9.915746e-06,7.692125e-06,1.3133371e-08,3.982156e-07,1.4846874e-05,7.164255e-06,1.6669824e-06,2.267687e-05,2.2394088e-06,3.665852e-06,7.952867e-06,1.9258447e-08,4.0522482e-05,0.3460026,0.009105781,9.4592065e-07,5.983359e-08,2.1792234e-08,2.5610768e-07,1.1866318e-07,1.810966e-08,7.8792766e-07,2.5741322e-08,1.8918247e-07,2.0026323e-06,2.0824239e-06,4.0136754e-07,3.218504e-07,3.3282643e-09,9.93445e-06,2.7985337e-07,4.154802e-07,3.7539436e-08,4.408157e-05,3.9228903e-06,2.059878e-07,5.5423443e-06,2.6867795e-07,5.5877916e-09,3.923002e-06,8.202151e-08,1.2549536e-07,1.4920799e-08,3.7346976e-07,2.5342856e-06,2.7829748e-07,1.1193495e-05,6.022774e-06,2.5182416e-08,0.9830495,1.490703e-08,2.1856964e-08,2.5579077e-08,1.05807985e-05,7.320142e-07,2.4978901e-09,4.5162656e-07,4.0973725e-07,1.7289315e-07,5.952011e-07,1.3061393e-07,8.240916e-08,2.2241856e-07,9.051376e-08,1.3912857e-06,1.5239982e-07,5.7241678e-08,4.1003933e-08,3.9014563e-07,7.770557e-09,6.571159e-08,5.1225843e-08,5.8848655e-09,3.309745e-06,1.7685531e-07,5.077327e-06,3.6235718e-07,4.0780012e-08,2.246171e-07,4.179196e-06,1.2628165e-06,2.847972e-09,3.024812e-09,7.898305e-08,1.5243442e-06,1.6273083e-05,6.872576e-09,9.2085304e-07,6.920908e-07,1.5760637e-06,1.8249979e-07,3.1014553e-09,8.020518e-06,1.2477575e-07,2.848102e-07,2.7455851e-08,3.7172887e-10,1.7669634e-06,2.7565557e-09,4.4957695e-05,1.0951136e-06,5.520432e-06,1.0568193e-07,3.345988e-06,8.761012e-06,2.1923763e-06,5.391564e-06,1.6725776e-08,2.804066e-06,3.1900572e-07,1.9690159e-08,2.3853365e-06,1.3020334e-08,3.775915e-07,1.8866953e-07,1.016509e-05,2.5153713e-07,2.9974815e-05,1.9826719e-07,1.3648325e-06,8.2816223e-07,4.6378813e-07,2.2581768e-08,2.1694357e-05,0.000502324,0.0010624501,6.785952e-07,2.0396264e-07,3.875625e-09,0.0003361891,1.8046817e-10,5.3710746e-08,1.1915835e-08,3.7324718e-10,3.2836653e-09,6.799271e-06,3.4263206e-08,4.4772878e-07,1.8358759e-10,1.1369202e-05,2.6694178e-09,5.5655363e-07,1.09681146e-07,4.1725033e-07
BC2026_Train_0017_S22_20211026_233000_040,6.8326494e-06,1.6151371e-06,2.803585e-07,6.899083e-06,1.3857543e-06,1.0492622e-09,2.995673e-07,1.890857e-05,7.964959e-06,0.3830785,0.9996165,1.0786317e-07,1.7023734e-06,3.063142e-09,7.3478326e-08,6.389553e-07,6.79231e-07,6.797667e-09,7.933407e-06,4.735159e-06,8.4968417e-07,5.3806376e-05,3.8382967e-07,5.6370422e-06,5.9156815e-07,5.1414073e-08,5.4019297e-06,3.9529831e-07,4.8553686e-09,5.5973846e-06,6.793204e-06,4.182144e-07,4.151901e-06,1.0716746e-05,1.3922025e-07,4.1089157e-07,1.3530685e-07,3.3576075e-06,4.296846e-06,1.1163338e-06,0.00029912542,2.9847394e-07,9.364861e-07,1.6157898e-08,6.7992806e-11,2.6946702e-11,3.7681268e-06,5.175455e-07,2.330588e-08,1.2960792e-05,1.462596e-07,2.0298387e-07,4.3613507e-08,2.8628487e-05,1.9029636e-06,3.5476844e-10,2.9695786e-09,0.26737696,7.253503e-09,3.043646e-07,3.3590928e-05,1.0784311e-09,4.7531572e-07,0.08995721,8.311092e-06,1.1739094e-07,1.9192169e-06,2.3577729e-07,3.822862e-08,8.543505e-09,4.7029264e-12,2.6738967e-09,1.5320185e-07,2.705614e-06,1.8613969e-06,1.8322556e-06,7.1323307e-06,9.946296e-05,1.1240408e-07,5.1652223e-06,1.958319e-05,4.283179e-07,6.266385e-06,6.6084223e-09,6.8252444e-07,7.1844524e-06,1.2686729e-07,2.768186e-06,1.1604625e-06,3.2503258e-06,8.516543e-06,4.380344e-06,7.1144177e-07,6.665185e-05,5.647563e-05,1.7521863e-05,2.0004385e-05,0.004881066,2.1275014e-06,6.0032603e-06,8.690629e-06,1.06590875e-07,2.2294924e-05,0.05383735,0.0008697966,4.7939557e-06,9.359114e-08,2.2296259e-08,2.03811e-07,1.6530808e-07,3.6403327e-07,3.1277043e-06,2.8558174e-08,1.1429485e-06,3.3081799e-06,1.7362113e-06,3.949528e-07,1.0255753e-05,1.5355438e-07,8.1996775e-05,2.4455082e-06,1.5557201e-06,4.4648036e-07,5.299749e-05,7.2252524e-06,3.9655033e-06,3.2078997e-06,1.1398863e-06,1.2025366e-07,1.6896065e-05,3.156087e-07,4.7664983e-07,6.9372563e-06,3.833058e-06,6.5283793e-06,1.6825372e-07,8.859957e-06,7.067168e-05,1.3346703e-06,0.9759236,5.6205554e-08,2.474682e-06,5.9320186e-08,9.059698e-06,1.1151617e-07,2.007225e-10,7.3656514e-07,1.6321962e-06,9.260992e-06,5.327173e-07,9.910866e-07,1.0312798e-06,1.0640273e-06,3.0435085e-06,6.378339e-07,1.7572905e-06,3.4483212e-06,4.103437e-08,1.8699069e-06,1.3441134e-07,2.6796144e-07,1.296829e-07,3.1197993e-07,7.887051e-06,1.6615749e-06,0.00012631717,8.249782e-06,7.009934e-08,3.7712365e-07,6.7162973e-06,2.47379e-06,2.7785376e-08,1.5181921e-08,2.0560226e-06,9.417493e-06,0.00014053343,6.296766e-08,1.1860892e-06,6.2067267e-07,1.7782828e-06,2.9099144e-06,1.0405836e-07,1.21056755e-05,1.8709919e-07,2.1481662e-06,8.129779e-07,2.584127e-09,2.8350046e-06,2.138631e-08,0.0004503879,0.00012465373,2.7020455e-05,1.3653298e-06,3.61848e-05,6.323886e-06,8.946169e-07,3.320909e-06,5.8339285e-08,1.2703508e-05,1.4432297e-06,2.4002026e-07,6.2662616e-07,3.2668122e-08,1.5993662e-06,2.6608593e-06,4.5258897e-05,1.7403443e-07,1.3161731e-05,3.2727985e-06,2.8355666e-06,5.461297e-06,3.0595727e-06,1.2680988e-06,5.4105144e-06,0.012604127,0.0009089984,6.1982837e-06,1.4875013e-06,1.9577364e-08,6.561097e-06,1.3104996e-08,2.2210093e-06,2.4041455e-09,2.650131e-08,2.14527e-08,3.2103522e-05,2.0509064e-07,3.7186302e-07,8.830979e-09,9.601357e-06,1.2011704e-07,2.0600796e-06,7.26274e-08,8.9681737e-07
BC2026_Train_0017_S22_20211026_233000_045,2.5770651e-08,1.6116581e-07,7.729049e-09,2.338126e-05,6.4738095e-09,4.6936426e-12,1.6956536e-08,6.700666e-07,1.568933e-07,0.9988248,0.99999785,1.3099739e-09,1.2709925e-06,3.459445e-11,8.396091e-10,6.238035e-08,5.6764385e-08,5.937753e-10,4.2545576e-06,5.2622784e-07,2.256505e-09,8.3909424e-07,7.982115e-08,2.0648336e-08,1.8245256e-08,2.6648786e-10,1.905275e-08,2.0739394e-08,8.589872e-10,8.9125746e-07,7.59611e-06,1.9931446e-07,1.1045335e-06,5.1161203e-07,4.997834e-08,6.234443e-08,1.0244875e-08,2.2057947e-08,2.8265092e-07,5.8227013e-08,3.4492656e-05,2.229843e-08,2.520452e-08,4.1266044e-09,3.376758e-13,9.406189e-14,1.1016021e-07,1.7125485e-08,4.7226734e-09,4.5871104e-08,4.327295e-08,1.5166872e-08,2.8402491e-08,1.4031008e-05,8.3741405e-08,2.0917876e-13,7.056247e-10,0.99468946,1.0924818e-10,1.239656e-08,1.404628e-06,1.0384978e-11,5.676623e-08,0.008719673,2.1685968e-07,1.2280656e-08,7.967245e-06,1.3647086e-09,1.9779602e-11,2.0165959e-10,4.7392916e-14,2.6288667e-11,3.406657e-10,9.566483e-09,2.4752923e-08,4.7014467e-08,2.0964029e-07,1.412163e-06,8.135555e-09,7.4005065e-08,6.8075497e-07,2.620258e-10,2.4074598e-08,2.4994031e-11,2.0767736e-08,2.7670664e-08,6.3022987e-10,4.1503977e-08,2.9005907e-08,1.7346006e-08,7.3084016e-07,2.895517e-07,2.82548e-09,8.318556e-07,5.634001e-06,3.8412517e-07,2.6289592e-06,0.0101357205,1.7256468e-07,1.9685321e-07,5.8911905e-07,3.5425723e-10,4.1459631e-07,5.7002744e-05,4.0747393e-05,7.248929e-08,1.3864244e-09,5.980312e-12,1.3475338e-09,3.0543152e-09,1.0066646e-09,3.930387e-08,7.301165e-10,2.9024779e-08,2.8397341e-08,7.978644e-08,2.5057494e-09,2.417173e-08,7.381792e-10,3.494706e-07,5.9168656e-08,4.315714e-08,1.7771102e-09,3.0816404e-06,1.5235186e-07,4.7395684e-08,9.7669734e-08,2.3057304e-08,4.4684278e-10,4.385711e-06,1.8096289e-09,8.97494e-09,1.2957437e-07,2.9726488e-10,1.8517621e-09,1.10720176e-10,2.0129038e-07,5.2866053e-05,3.665353e-09,0.9613153,8.7926866e-10,1.925606e-08,4.0575374e-10,3.2431652e-07,1.6570105e-10,7.2940276e-13,2.3534354e-09,6.5536945e-09,8.018996e-07,8.083878e-09,8.3329776e-10,4.8160146e-08,7.1514656e-08,2.7699336e-08,1.5828972e-08,6.7332753e-09,1.1484673e-06,1.4508715e-10,2.041516e-07,5.711588e-10,6.1382785e-08,1.0899437e-08,7.2619066e-09,4.211735e-07,8.768273e-09,3.283555e-05,1.910013e-07,1.8161849e-09,2.6332e-09,7.6357213e-07,6.2270985e-08,7.699482e-11,8.309035e-12,1.4231932e-08,6.5210166e-08,1.2226688e-05,1.5486903e-09,1.7123167e-08,7.448154e-09,3.2396528e-08,3.150027e-08,1.6336561e-10,7.7520986e-07,5.7411795e-09,4.8191758e-08,3.234991e-08,3.9403866e-11,1.959664e-08,3.3139846e-10,2.2202055e-05,3.8992246e-07,2.7958475e-07,5.5311884e-09,8.4926555e-08,4.502315e-07,5.6582756e-09,2.0918695e-07,1.3159267e-09,1.0813714e-07,4.6612914e-09,1.3485468e-09,1.5951965e-08,3.6569484e-11,3.0983642e-08,8.62687e-09,3.7948556e-08,8.668914e-09,2.9367453e-07,7.632861e-08,7.658226e-07,1.15477306e-07,4.236142e-07,3.0367218e-08,6.0189336e-08,0.008942382,0.0002183126,3.813598e-08,7.3189184e-09,1.2988646e-10,1.2799384e-07,1.1188624e-11,1.7805208e-08,4.249583e-12,7.141573e-11,4.1616655e-10,2.4293577e-06,5.669338e-09,9.77916e-09,1.409115e-12,2.1893602e-07,9.3028705e-09,1.5125508e-07,3.29223e-10,1.07834566e-07
BC2026_Train_0017_S22_20211026_233000_050,3.4071854e-06,3.2809548e-06,2.8384162e-07,6.36083e-06,1.5160095e-06,8.845707e-10,6.3726907e-07,4.802453e-06,8.245935e-06,0.092676945,0.98362684,1.048443e-07,1.0063417e-05,1.0882445e-08,8.0965954e-08,4.40714e-06,2.4655628e-07,1.6340007e-08,1.1103719e-05,9.106091e-06,1.1633413e-06,3.509209e-05,4.1919175e-06,1.7969999e-06,1.3961453e-05,2.3883268e-07,1.604344e-05,5.0957175e-07,5.2724364e-08,2.5666159e-05,3.92405e-06,1.5011194e-06,6.826013e-06,3.8537787e-06,3.3543864e-07,5.200158e-07,5.086716e-07,1.4698954e-06,1.1218203e-06,2.144981e-06,6.7397414e-05,7.810232e-07,9.978068e-07,5.9085885e-08,3.7330465e-11,9.511745e-11,2.2170498e-06,4.14925e-07,4.7539093e-08,8.943541e-07,4.1732795e-07,4.9952945e-07,2.6306773e-07,1.6797645e-05,7.2802146e-07,2.0143741e-10,2.48166e-08,0.051396,2.572449e-08,4.802146e-07,0.00043910058,6.1262606e-10,5.1783713e-06,0.020293912,8.796695e-06,2.5548243e-07,2.2027186e-06,2.6402557e-07,6.319033e-09,9.696897e-09,8.1908674e-11,2.0660076e-08,2.251842e-07,9.0167555e-07,6.3999237e-06,1.6077129e-06,4.658948e-06,1.828524e-05,1.0994024e-07,6.376134e-06,8.8840345e-05,1.2617977e-07,2.7103788e-06,8.886958e-09,1.70715e-06,3.5235134e-06,5.7742813e-08,5.2397713e-06,1.5416318e-06,9.20844e-06,3.2016444e-05,1.2726862e-05,1.3040085e-07,3.4167104e-05,6.001759e-05,2.393273e-05,9.869406e-06,0.003918109,1.0655122e-05,1.4763727e-05,5.836071e-06,1.9349342e-07,6.800441e-05,0.10953362,0.0062716794,5.4058205e-06,7.821204e-07,1.3355697e-08,3.8931756e-07,3.376529e-07,1.1532758e-06,1.3594204e-05,1.0764798e-07,6.2434074e-06,7.749313e-06,3.2373978e-06,4.9311495e-07,2.3912173e-06,1.0812023e-07,5.9834438e-05,1.2595145e-05,1.8490105e-06,7.785134e-07,7.1541435e-05,7.605431e-05,7.68153e-07,7.784533e-06,2.1042076e-06,2.8185328e-08,2.426673e-05,1.3347772e-06,6.867187e-07,3.983044e-06,3.1417642e-06,1.2664636e-06,1.169934e-07,1.4130928e-05,1.6871012e-05,5.190729e-07,0.99293315,1.0956636e-07,5.8759456e-06,7.3444e-08,3.163547e-06,3.5945055e-07,2.427285e-09,4.310528e-07,3.2590942e-06,5.786867e-06,7.3570243e-07,1.7061721e-07,1.7073227e-06,1.734338e-06,2.0091882e-06,4.098583e-06,2.0662054e-07,6.3808493e-06,1.3704157e-07,8.304967e-06,2.8427883e-07,4.6247064e-07,2.7998152e-07,5.9662585e-07,5.8058995e-06,3.491711e-07,3.0679017e-05,4.6243194e-06,5.031344e-07,3.9716733e-07,6.654433e-05,1.8578236e-06,1.2970159e-07,2.4164585e-08,9.831864e-07,7.96132e-06,0.00020186829,3.7382673e-08,5.622353e-06,3.1043e-06,1.73752e-05,1.4335194e-06,3.60643e-08,4.3247674e-05,1.8611931e-07,1.0013931e-06,8.1697743e-07,1.3871207e-08,6.1691344e-06,3.023908e-08,0.00090026774,1.2318845e-05,5.597252e-06,1.0390015e-06,7.028804e-05,3.092396e-05,1.2832229e-06,1.4820535e-05,8.787681e-08,3.6785364e-06,8.764328e-07,1.3796225e-07,9.5016185e-07,9.5758715e-08,2.6476105e-06,2.9665118e-06,2.3575383e-05,1.6510044e-06,4.5605022e-05,2.360829e-06,7.94215e-06,3.8194985e-06,7.5310927e-06,1.4241933e-06,1.8598106e-05,0.0035109061,0.0038314518,1.3738431e-06,1.4419284e-06,1.0845711e-07,2.2632279e-05,2.2990496e-09,6.895175e-07,9.743376e-09,2.8956105e-08,3.3798532e-08,0.00012847422,2.6556747e-06,2.9810749e-06,2.0299222e-09,2.2175669e-05,1.7036355e-07,8.977098e-06,8.0484334e-08,4.7779217e-06
BC2026_Train_0017_S22_20211026_233000_055,5.066237e-08,7.7899534e-07,3.6096782e-08,0.00013587778,3.7345015e-07,1.6706588e-11,8.378748e-07,3.6305457e-06,2.7306805e-06,0.53795236,0.9996138,6.4802452e-09,1.5230308e-05,8.8336016e-10,4.446495e-09,2.732475e-05,6.147556e-09,4.4975387e-08,1.4181149e-05,3.469958e-07,7.883341e-09,1.5385092e-06,2.2114684e-06,1.7850508e-07,4.83097e-07,6.5909505e-09,9.500631e-07,5.9586107e-08,1.9096479e-08,1.047693e-06,1.4759974e-06,1.5262046e-06,9.215023e-07,9.0569597e-07,2.3078334e-08,7.6838376e-07,1.5944359e-08,1.2872465e-07,1.9233767e-07,3.3452721e-07,7.44725e-06,5.5957077e-08,2.611288e-07,2.8821827e-07,1.14647085e-11,4.647294e-12,4.2891043e-06,6.7880944e-07,2.3651545e-08,2.4483572e-07,2.9695525e-07,3.495586e-07,4.6415494e-07,3.0651597e-06,6.1979483e-07,1.0966546e-11,6.116234e-09,0.99957997,3.2253538e-09,6.8085237e-06,0.00018713606,6.91631e-10,4.1777471e-07,0.00074121903,4.4280782e-06,1.08829894e-07,8.521812e-07,2.0903808e-08,6.402983e-11,8.48915e-10,6.577274e-13,6.2449135e-09,1.8472114e-09,6.1004434e-06,6.208443e-08,3.3900417e-07,2.422495e-07,3.5129312e-06,1.968119e-07,1.462423e-07,9.515716e-06,3.45017e-09,7.1401665e-08,1.7503029e-09,4.2139166e-07,1.5591319e-06,4.542617e-09,3.4934437e-06,1.988991e-06,3.974207e-08,9.03192e-07,7.5391335e-06,1.8822053e-08,9.797961e-07,1.2578256e-05,8.8702545e-06,1.9489125e-05,0.00042136156,2.2804388e-06,4.3047044e-06,5.775311e-07,4.625187e-08,6.169412e-05,0.0006598268,0.001427279,1.7291823e-05,2.814933e-08,4.675099e-10,4.1215486e-08,1.6930284e-07,7.325652e-08,1.0270458e-06,1.9077367e-08,8.0551146e-08,2.4174594e-07,2.5925142e-06,3.6053027e-07,4.6144416e-07,2.0041695e-09,5.7702964e-06,1.256578e-06,1.3125413e-07,3.469064e-08,5.221899e-05,1.4972261e-07,3.9214245e-07,1.0347949e-06,1.8419142e-06,7.227775e-09,8.971339e-06,1.3084714e-08,1.0445787e-07,5.402752e-07,2.7389405e-07,1.5477667e-08,6.6557027e-10,2.3152816e-06,0.00020442756,3.0064307e-08,0.7238736,5.399764e-08,9.4382415e-08,2.027736e-09,9.903931e-07,4.729481e-08,3.5479347e-10,6.730582e-08,1.9318402e-07,6.137077e-06,7.6533134e-08,2.0231704e-08,8.9005155e-08,1.653562e-07,5.560136e-07,4.8776806e-06,3.6136294e-07,6.713958e-07,1.197391e-08,6.719129e-06,7.632115e-09,9.234059e-07,1.2276972e-07,1.7489256e-08,3.4633035e-06,4.2845635e-08,4.4959066e-05,1.7936307e-07,6.541146e-07,4.333645e-09,1.8008439e-05,7.1659787e-07,2.1435957e-09,2.640567e-10,1.0529176e-08,1.2332141e-06,2.5697529e-05,5.1633595e-09,4.2349745e-07,7.143353e-07,1.8267997e-06,1.6257506e-07,3.9309396e-09,8.782453e-06,3.4042703e-08,4.7901437e-08,3.7499623e-07,7.6135304e-10,8.307655e-07,3.0545946e-09,0.00022614094,4.5336435e-07,4.5352044e-07,2.5911818e-06,6.221166e-06,1.7771363e-05,1.1244632e-07,6.547e-07,8.492559e-08,3.3239821e-06,6.238547e-08,1.3164876e-07,2.6004705e-06,2.2124669e-10,7.24065e-07,6.5980714e-07,2.0577545e-06,2.493955e-07,2.402207e-06,1.5245446e-07,8.658672e-06,2.7543529e-06,5.368686e-06,3.334251e-08,2.2916995e-06,0.00018984682,0.001632019,4.2627187e-07,6.7607026e-08,4.7087337e-08,3.4250872e-06,1.6056652e-10,8.265315e-08,8.6152765e-09,1.5101483e-09,1.3185704e-08,9.79788e-06,1.2322097e-07,1.6875556e-07,1.3167244e-10,2.0750096e-05,3.5748585e-08,5.362474e-06,1.30009274e-08,5.453514e-07
BC2026_Train_0021_S22_20211106_023000_000,3.6080056e-08,0.00010701238,1.5698499e-05,0.0007635422,3.8876583e-06,3.6161887e-09,8.510594e-05,2.7461174e-06,1.2904673e-06,0.86238164,0.9986492,6.2708623e-06,7.115848e-06,4.5015636e-08,1.0348108e-06,3.314275e-05,6.869041e-08,2.2143568e-07,0.000109392524,6.9989916e-08,2.0084295e-08,0.013591078,2.0613907e-05,0.0004994929,3.1824684e-06,4.104878e-07,8.158286e-05,2.8926268e-06,2.264238e-06,8.28147e-06,0.00024263641,1.1270973e-05,4.3902346e-06,0.0035208543,9.638766e-05,7.6348384e-05,7.976932e-06,2.0604117e-05,9.128475e-05,9.3300946e-07,0.0008822376,9.5203586e-07,0.0007479189,3.1388051e-06,3.8268873e-09,6.3675576e-10,1.1861597e-05,2.3364778e-06,2.8984704e-07,1.7365244e-06,1.9357332e-05,5.350398e-06,7.2554553e-06,0.0016382476,1.1402646e-05,6.784778e-09,5.38266e-05,0.60779595,8.094758e-08,6.619936e-07,3.678199e-05,2.385333e-08,4.414552e-06,1.9610718e-05,6.2544973e-06,0.0003758056,3.2437452e-05,1.2812118e-08,2.1444885e-08,1.14011854e-07,1.4423058e-08,2.038351e-07,2.3679206e-06,2.3485054e-06,0.000141893,7.828672e-05,0.00021709436,0.00016431764,8.531558e-06,2.110319e-06,1.5744063e-05,6.0936345e-06,1.4608823e-05,2.0887475e-07,1.3020268e-06,3.2536776e-05,7.945181e-07,0.0001061469,0.00019570361,4.6765751e-07,0.0001151944,0.00025620862,2.82566e-06,0.0002577254,9.623164e-06,2.240608e-05,0.0006328494,0.00017100137,9.476088e-05,0.00019560511,0.00046921035,2.8006504e-08,7.8041645e-05,0.0022182,1.7931869e-05,0.00032985825,1.3939975e-06,4.028846e-08,1.8201185e-06,4.8812748e-05,5.3444714e-06,1.4229933e-05,5.6541626e-07,6.039495e-07,2.3203692e-07,1.5252169e-05,2.2594862e-05,1.802875e-05,7.0911227e-07,0.000113380025,9.470749e-05,8.442148e-06,1.0854752e-05,0.000336694,1.5482279e-07,5.8337e-07,0.00073972973,1.8236062e-05,3.626888e-06,2.9067414e-05,1.3812572e-05,7.1910467e-06,1.4564227e-05,8.432851e-07,1.2522446e-05,5.8444083e-08,5.826837e-05,0.004254316,1.3838057e-05,0.00058690965,2.6259574e-06,2.455684e-06,1.7612217e-07,3.0394098e-05,1.2207719e-05,3.952366e-09,1.6041819e-05,1.975497e-05,0.00011713907,0.00017549373,5.3764666e-08,1.342237e-06,7.07132e-05,6.367551e-07,5.8975425e-06,5.3072345e-05,9.136824e-06,3.565107e-08,3.136486e-05,2.3723743e-08,3.993134e-06,3.795134e-05,3.5241112e-07,1.7015084e-06,1.090993e-06,3.1689266e-05,9.84379e-06,6.511485e-06,4.2696433e-07,0.00016314736,0.00033461658,9.55963e-08,5.4021336e-07,1.15163775e-05,2.3784853e-06,3.186354e-05,4.0407056e-07,2.8180198e-06,3.7019217e-06,6.1386703e-07,3.09283e-05,4.216006e-08,0.000104890685,6.909679e-05,4.3212435e-06,3.9023157e-06,3.2075553e-07,8.729995e-06,1.1300636e-05,0.0002652796,8.297202e-06,0.00017630095,2.9945838e-06,0.00020465418,3.1176154e-05,4.2285155e-06,1.6774295e-07,4.5191146e-06,0.000113263646,9.275908e-08,6.102596e-06,1.9546304e-05,1.2052571e-08,0.00018302072,1.6875622e-06,2.3202274e-05,0.00018751953,9.707921e-06,6.309651e-05,0.0011605596,6.203855e-06,0.0004140279,9.151328e-07,5.35197e-06,0.00035543067,0.0003211238,1.7489578e-05,3.9762353e-06,1.2580672e-06,1.0951944e-05,3.1530936e-07,7.91625e-06,2.2324524e-07,7.5528185e-08,2.2453482e-05,0.0009842536,1.9855304e-06,1.9372088e-05,6.1390216e-07,2.0039193e-05,7.366629e-07,3.8805236e-05,5.9131767e-06,1.18800735e-05
BC2026_Train_0021_S22_20211106_023000_005,1.3659611e-09,2.7333712e-05,3.6049312e-07,0.00023864975,4.66293e-08,8.718983e-11,8.873487e-06,9.353886e-08,2.6034972e-08,0.98149395,0.9997726,8.0620616e-08,7.9899127e-07,2.890123e-10,1.4269033e-08,5.9164026e-06,1.1052695e-09,3.545212e-08,4.7357785e-06,6.489411e-09,2.1437246e-11,0.01093855,1.0473523e-06,5.8685488e-05,1.908847e-08,1.0256406e-09,4.7003905e-05,5.2894784e-08,4.6294323e-07,3.109276e-07,0.00020095588,2.7715696e-06,3.3189352e-07,0.0003474349,2.7697079e-05,2.5219622e-05,4.899008e-06,1.3318208e-06,8.522093e-06,4.7795115e-08,0.00017001499,4.638527e-07,0.0003644151,7.7477307e-07,2.3092873e-11,3.566508e-12,2.795831e-06,2.8122906e-07,3.550707e-08,2.1913803e-07,9.298159e-06,2.9334053e-06,4.655337e-06,0.00042983145,7.337591e-06,4.628463e-11,1.2118554e-05,0.995576,2.0126623e-09,1.4197654e-07,6.177407e-05,1.2708497e-10,5.684955e-08,7.3085384e-06,6.8944195e-07,0.00013538517,1.8717338e-06,2.5767724e-10,3.8149237e-11,1.3539515e-09,4.571114e-10,8.918576e-09,8.589483e-09,5.964194e-08,2.1908543e-05,1.1701487e-06,1.2668399e-05,6.754168e-06,4.0724206e-07,4.4840476e-08,2.3925764e-07,7.5053e-08,7.712913e-08,8.740417e-10,7.288785e-09,4.7933017e-06,6.278749e-09,5.4685725e-06,2.169547e-06,7.9430045e-09,9.319021e-06,1.0473419e-05,6.674384e-08,2.260092e-05,1.4393082e-07,3.3677475e-06,3.467011e-05,2.6400634e-05,3.5170171e-06,1.7637695e-06,9.2152106e-05,7.7085527e-10,9.300225e-06,0.00014085071,3.6556823e-06,1.5494998e-05,1.02754676e-07,3.766592e-10,1.0224929e-07,2.9444004e-06,4.067716e-08,9.620088e-07,1.18369385e-08,9.767863e-09,1.3971038e-09,6.945975e-07,3.1730979e-06,4.8027505e-07,2.2069308e-08,4.0200268e-07,6.5368556e-07,1.176657e-06,2.8175418e-07,7.0080478e-06,3.072229e-09,1.4895094e-08,4.4069508e-05,1.2041436e-06,2.3982892e-08,2.2592144e-06,4.6408193e-08,2.224684e-07,2.632178e-07,1.5781604e-09,3.0136416e-08,1.1602932e-10,3.6863187e-06,0.0006039226,1.4690121e-07,4.0214432e-05,3.1347195e-08,2.0735559e-08,2.5246942e-09,1.0820137e-06,9.275129e-08,1.21536635e-11,3.6416412e-07,4.7511715e-08,1.6044735e-06,5.846666e-06,5.15513e-10,4.2186524e-08,2.031455e-06,1.538475e-08,4.7862716e-07,3.2597518e-07,4.913359e-07,6.283646e-10,1.04298415e-05,1.864296e-10,1.4545575e-06,2.271076e-06,8.691562e-09,9.568878e-08,8.767621e-09,5.85927e-06,7.777084e-08,3.1265722e-07,1.2799751e-09,1.9747966e-05,3.5270983e-05,2.4693764e-10,6.9546493e-09,9.2181693e-07,8.164644e-08,5.058498e-07,1.7372626e-08,9.3123546e-08,4.212855e-08,2.6443749e-08,1.1638183e-06,1.3470302e-09,3.4872257e-06,3.4253683e-06,1.2174975e-07,4.955107e-07,1.7231448e-08,1.3698133e-07,5.4133244e-07,5.671515e-05,8.286087e-08,3.3450183e-06,4.8640743e-08,9.741531e-06,2.4826645e-06,9.6204666e-08,5.120491e-09,4.7066646e-07,1.2154221e-07,9.468633e-10,5.364763e-07,6.176306e-07,1.0775547e-10,2.305452e-05,1.0157207e-07,1.4280556e-07,4.6050736e-06,4.810204e-06,3.0543831e-06,0.00014254503,2.0970229e-07,0.00024137406,2.2502098e-08,5.860193e-08,0.00026362712,9.468438e-05,1.3044331e-06,1.0331236e-08,3.66411e-08,1.4922426e-07,8.397233e-09,1.1287228e-06,9.686226e-10,2.4914226e-10,8.09993e-07,5.4167736e-05,5.274779e-08,5.442452e-07,1.4740295e-09,1.0872185e-06,2.0275734e-09,5.412127e-07,2.9865873e-07,5.547932e-07
BC2026_Train_0021_S22_20211106_023000_010,2.1543734e-07,3.5948594e-06,6.6629314e-06,0.00025085075,9.347738e-07,2.8474087e-08,2.4054641e-05,8.78976e-06,3.8872354e-06,0.7248413,0.87884426,2.677803e-07,0.00017692115,1.9210527e-09,5.370163e-07,1.1028623e-05,1.6283694e-08,4.7130885e-07,6.6238285e-06,4.0618127e-07,9.554079e-10,0.04620373,7.645935e-05,1.5945026e-05,1.1618611e-06,1.9870048e-07,1.9934976e-06,4.8557968e-06,6.2495665e-06,3.0767364e-06,0.00082127313,8.144932e-05,1.0032647e-06,0.00010991659,3.3928976e-05,0.00016850696,3.0306517e-06,3.4081993e-06,1.4334346e-05,1.2697095e-06,7.391564e-05,5.3138565e-06,0.0005942587,1.5537169e-05,1.967592e-09,5.0888266e-10,3.2779305e-06,1.5419141e-06,1.8115384e-07,1.6840075e-06,3.368855e-05,4.6842546e-05,4.5531448e-05,0.00019534605,9.780761e-05,1.931683e-08,0.00019099575,0.98255885,1.425666e-07,1.5489366e-05,1.4226378e-05,4.358482e-08,1.6767767e-06,9.319089e-05,1.851606e-06,4.36851e-05,2.6004855e-06,1.5613784e-07,3.9420445e-09,4.683185e-07,1.10684226e-07,1.3946518e-06,4.286493e-07,9.336966e-07,2.4679677e-05,0.00010259957,5.494688e-05,0.00018124588,4.5060882e-05,8.593098e-07,2.0456473e-05,2.5122217e-06,5.048845e-07,8.8963293e-07,2.5947552e-06,0.00012966123,4.232243e-06,3.86321e-05,0.0001982409,3.043701e-07,0.00081406295,0.0001617349,1.1018803e-05,0.00018544699,3.3166014e-06,0.00023569654,0.00040699114,1.4020135e-05,1.1641698e-05,2.531309e-05,8.8977096e-05,1.32742e-08,0.00023781139,0.0008601271,0.000106000945,0.00025466067,3.885319e-06,6.4635714e-08,1.6182267e-06,2.9676594e-05,1.8499753e-06,7.628455e-05,3.9301394e-06,7.994729e-07,1.1688411e-07,1.4057714e-05,6.606481e-05,3.6365447e-05,1.7442587e-06,1.9265326e-05,2.9940848e-05,1.692771e-05,4.668597e-05,0.0002534474,2.4770853e-07,4.7927534e-07,0.01065532,4.0216004e-05,5.9044755e-06,8.864224e-05,7.5505056e-07,8.026249e-06,2.4940505e-06,2.433508e-07,1.7716321e-06,1.7841776e-07,0.00015362771,0.024407428,3.4464705e-05,0.00015400187,6.298673e-06,9.115844e-08,3.6734912e-07,9.3510724e-05,2.337251e-06,3.1491185e-09,4.673308e-06,9.091601e-07,1.0940857e-05,0.0013207997,9.3206715e-08,3.9060983e-06,7.896685e-05,4.338324e-07,6.611679e-06,3.6401703e-05,1.0628522e-05,5.5251917e-08,6.818486e-05,2.1867972e-08,8.171356e-06,6.198408e-05,3.579297e-07,8.846058e-07,3.0239198e-07,0.0002016761,3.8717003e-06,1.5887605e-05,2.1059091e-07,0.00031115676,0.00021261895,9.6940305e-09,1.445988e-06,3.2251395e-05,2.2921365e-06,1.9446034e-05,1.2827111e-07,8.0331796e-07,2.9998632e-06,7.6310033e-07,2.8520608e-05,9.093512e-08,9.560916e-06,5.1252176e-05,1.579121e-06,4.388242e-06,7.174964e-07,1.3457988e-05,0.00042520263,0.002602928,4.144199e-06,0.000101158395,7.062331e-06,0.00012419444,4.4841276e-05,5.569452e-06,2.3159565e-07,1.8175744e-05,5.2902717e-05,1.06463474e-07,2.3782271e-05,2.3459075e-05,1.7930317e-08,0.000214772,7.176769e-06,1.005767e-05,0.0005219335,0.00022876785,0.00012645974,0.0014945477,6.3969037e-06,0.0012559545,7.3159123e-07,3.617823e-06,0.011702325,0.00025813977,0.000117419986,6.627592e-07,3.251498e-06,3.3104016e-06,1.5348821e-06,4.009381e-05,1.3231536e-07,8.144362e-08,8.4587715e-05,9.893663e-05,1.9039292e-06,8.421169e-05,1.0736623e-07,4.1520516e-06,3.6063207e-07,9.574602e-06,2.1249778e-05,4.036341e-06
BC2026_Train_0021_S22_20211106_023000_015,7.4172024e-10,1.8868836e-06,1.336207e-07,9.0307854e-05,2.5682033e-08,7.569565e-11,1.3451164e-06,8.457336e-08,1.5557333e-07,0.9972664,0.99999666,1.2710376e-08,1.8115016e-06,2.3154366e-10,3.1267102e-09,3.590285e-07,1.7071241e-09,8.582066e-09,4.9192196e-05,1.64551e-08,1.873849e-11,0.28135228,1.5876071e-06,7.189262e-05,1.2788679e-08,5.5463345e-10,1.3949649e-05,1.7166235e-08,1.1221726e-08,9.2783665e-08,0.0014421516,1.6526412e-06,2.5583772e-06,0.00069406,0.000109288056,3.3737685e-06,1.7112595e-07,7.444989e-07,8.7230066e-05,4.4416996e-08,0.006283757,1.6268487e-07,0.00037504008,1.0404109e-07,2.2674486e-11,1.4114014e-12,1.3445623e-06,1.844182e-07,6.9662555e-08,3.5881728e-06,2.4801561e-06,1.320445e-06,7.371801e-07,0.007729308,4.406543e-06,5.4557112e-11,4.148356e-07,0.9996525,2.6107494e-10,1.2338901e-07,2.3507507e-06,2.0079171e-11,4.311937e-08,0.00047167906,6.6412707e-07,6.7764304e-05,8.453733e-06,4.8434895e-10,1.4974469e-10,6.576744e-10,1.6538372e-10,3.6546302e-09,3.069681e-09,7.524504e-09,6.7617466e-06,1.5953552e-07,1.0692276e-05,9.554754e-06,1.1480791e-07,3.712538e-08,5.116974e-07,6.233563e-08,8.379749e-08,9.448733e-10,1.0560833e-08,1.0846471e-06,3.9512207e-09,2.06107e-06,3.5409687e-07,2.9681744e-09,7.010895e-06,2.4976302e-07,7.645946e-08,1.4424055e-05,3.435686e-07,9.432413e-06,7.079106e-05,0.00012314257,7.3828676e-07,6.430382e-07,8.366831e-06,8.0918286e-11,1.8828141e-06,0.00011372468,1.8266169e-06,1.3880307e-06,3.1901188e-09,6.39766e-11,1.360768e-07,6.0200813e-07,3.527493e-08,4.5307215e-07,2.8411902e-09,5.963953e-09,1.7924835e-09,1.1973263e-07,2.1704693e-07,8.639385e-07,4.0666375e-08,1.285022e-06,1.4737637e-06,4.77497e-07,2.7296126e-08,1.7991633e-05,2.1294635e-09,1.3557266e-07,2.58549e-05,8.0166274e-08,3.937808e-08,1.2544323e-06,7.781413e-09,1.5932342e-07,2.8150143e-07,3.0346647e-09,4.3002505e-08,2.6286776e-10,5.457085e-06,0.0003046656,8.633151e-07,2.1494068e-05,2.8023055e-09,7.536744e-08,3.0819127e-09,7.2838264e-07,2.500598e-09,1.3498417e-12,4.4882828e-08,7.2066855e-09,1.0679574e-06,1.5291956e-06,1.4936082e-09,2.0454937e-07,1.5474872e-06,3.2674903e-09,3.329269e-08,3.640093e-07,7.404677e-07,2.2504093e-10,1.9254023e-06,2.8179387e-10,1.8833299e-07,3.7361795e-06,2.6067801e-09,1.06617705e-07,1.6952648e-09,5.9756594e-06,8.012073e-08,2.3093882e-07,1.0975052e-09,6.2019676e-06,2.344816e-05,4.3277285e-10,1.4713749e-09,2.0278034e-07,7.745627e-08,1.3164893e-06,5.176405e-09,2.7909984e-08,2.6901553e-08,1.1300918e-08,5.533371e-06,9.375418e-10,5.095465e-07,1.4335153e-06,6.438532e-08,2.4918606e-07,2.0026218e-09,3.639377e-08,2.3338603e-07,2.6628075e-05,3.6150735e-07,1.1375026e-05,8.408356e-09,6.138564e-06,1.356076e-06,4.9081738e-08,1.0124515e-08,1.8167754e-07,1.1130346e-07,5.7210847e-10,8.110212e-08,1.28529e-07,8.032702e-11,5.084707e-06,9.639973e-08,9.9635045e-08,1.4631054e-06,1.1327147e-06,3.4684101e-06,7.531188e-05,9.6803205e-09,0.00024551363,7.3514603e-09,6.6220274e-08,0.00072001584,1.9486524e-05,2.6439648e-06,5.9591314e-09,1.1818687e-08,1.9138913e-07,2.353368e-09,3.67659e-07,1.2341908e-10,4.906054e-10,1.3635585e-07,3.041695e-06,4.4065203e-08,3.2160276e-07,1.0501733e-09,5.3426044e-07,1.647494e-09,1.9033051e-07,9.2001585e-08,1.546124e-07
BC2026_Train_0021_S22_20211106_023000_020,7.136228e-09,1.9561633e-06,8.881469e-07,0.00015282823,1.0143984e-07,1.6450158e-10,1.2545783e-06,2.599077e-07,1.3232078e-07,0.99256426,0.9995034,3.83331e-08,3.5414319e-06,3.8311793e-10,7.06428e-08,1.9208508e-05,8.403462e-10,1.18946035e-08,4.9128334e-06,1.723592e-08,1.9259153e-11,0.06550354,1.6165366e-05,1.994908e-05,3.695181e-07,5.7876317e-09,3.6230966e-05,9.505846e-08,3.37537e-07,3.362137e-07,0.00085959036,2.233816e-06,3.5683462e-07,0.0001141004,1.1755291e-05,2.0107533e-05,5.2525597e-06,4.034902e-06,5.3528524e-06,4.3318945e-08,0.00024052615,1.1338366e-06,0.00021808149,5.639687e-07,2.3935052e-11,3.4071997e-12,9.031222e-07,2.0287413e-07,4.6366697e-08,2.944252e-07,3.1714856e-06,3.7984846e-06,2.5432485e-06,0.00050295505,3.286222e-06,2.883906e-10,1.232585e-05,0.9972395,5.961723e-09,1.8337872e-07,2.7058823e-05,1.587879e-10,3.1770348e-08,9.006718e-06,3.030606e-07,0.00042957827,8.841885e-08,1.793595e-09,2.232316e-11,1.0612161e-08,8.312721e-10,4.51664e-08,1.5724135e-08,8.992285e-08,7.6018646e-06,4.1151233e-07,4.3714263e-06,2.64753e-06,7.5843815e-07,1.7165348e-08,2.253667e-06,1.345678e-07,8.510813e-09,2.332815e-09,1.5408183e-08,3.184861e-06,1.1516025e-09,3.6964395e-06,1.0894835e-05,4.609667e-09,1.4651114e-05,8.87617e-06,2.726832e-07,2.5194286e-05,5.15111e-07,1.0393828e-05,6.764953e-06,5.683145e-06,4.3920207e-07,5.617319e-07,0.000110404435,5.562597e-10,4.36562e-05,6.516517e-05,1.5909802e-05,7.76245e-06,6.2681266e-08,7.076761e-10,7.1669774e-08,2.2971128e-06,3.9934775e-08,1.6473398e-06,1.1743948e-08,4.0588883e-08,3.2806418e-09,3.111782e-07,1.4092907e-06,1.4098324e-06,6.932374e-09,4.779279e-07,4.495849e-07,1.8288251e-06,2.1928646e-07,2.0722588e-05,3.948802e-09,9.6349005e-08,0.00013677694,2.3117516e-06,2.5043079e-08,3.5899975e-06,2.811306e-08,1.2066486e-06,6.122354e-08,2.1559214e-09,2.8751215e-08,5.127965e-10,2.157385e-05,0.000561974,1.7276572e-07,3.764822e-05,3.605694e-08,5.52009e-09,7.4314523e-09,3.3265383e-06,3.0876627e-08,2.6764353e-11,3.785134e-07,2.2946875e-08,3.330537e-07,1.8250747e-05,8.73172e-10,1.1819164e-07,9.4278664e-07,8.292076e-09,2.1724604e-06,2.1870085e-07,5.5778696e-07,5.1579724e-10,2.2912777e-06,4.1315326e-10,3.9737077e-07,1.5556816e-06,5.764727e-09,5.758795e-08,3.538124e-09,1.0517158e-05,6.187189e-08,7.892784e-07,1.1355297e-09,1.8181501e-05,5.9451264e-05,4.1819564e-10,1.0736149e-08,9.696139e-07,1.2587773e-07,6.426814e-07,1.567966e-08,7.4468794e-08,1.0886726e-07,6.023838e-08,3.1539942e-06,8.697412e-10,5.1441575e-06,5.2119576e-06,1.8057646e-08,3.2051645e-07,3.9122718e-08,1.4064065e-07,1.9735332e-06,5.7014866e-05,1.1692067e-07,1.6189847e-06,2.1463546e-08,6.2192803e-06,4.3035184e-06,1.7320802e-07,1.7721185e-08,6.499639e-07,5.3275033e-07,2.3107085e-09,2.4658166e-07,1.7948951e-06,1.03608455e-10,5.3222348e-06,8.765919e-08,2.8141554e-07,2.1451917e-06,1.1519596e-05,1.9543397e-05,0.00018091712,1.2937447e-07,0.0002970944,7.373536e-09,1.3724312e-07,0.00020943969,0.00027078207,8.4731455e-06,4.6607225e-09,6.8591305e-08,2.433805e-07,7.851724e-09,2.9869113e-06,3.8581156e-09,4.5853915e-10,2.3382427e-07,0.00021081408,4.4100517e-08,2.0400012e-06,7.471856e-10,3.714157e-07,2.6858065e-09,5.752258e-07,3.1962514e-07,5.4083864e-07
BC2026_Train_0021_S22_20211106_023000_025,7.5488793e-10,6.4607605e-07,7.0938626e-07,0.000100453115,2.926649e-08,2.4668437e-10,9.1698837e-07,1.4733307e-07,1.3325065e-07,0.9975447,0.99899286,8.483165e-09,3.133849e-06,1.412887e-10,8.778699e-09,2.3569328e-06,6.7149575e-10,2.2075625e-08,2.2380937e-06,1.9480145e-08,7.962195e-12,0.10201596,5.39321e-06,1.4496453e-05,1.6995845e-08,1.5110039e-09,1.597639e-06,3.603934e-08,2.076089e-07,3.9117654e-07,0.00029515065,2.0593823e-06,3.856853e-07,2.7669807e-05,1.4471769e-05,1.639602e-05,3.4380007e-06,1.8712769e-06,6.177529e-06,2.8440706e-08,0.00012277698,2.6115322e-07,0.00011135834,8.686742e-07,4.521943e-11,3.4738176e-12,9.838045e-07,2.883464e-07,7.950647e-08,1.4482279e-06,4.043966e-06,2.5553877e-06,2.4695378e-06,0.00013924795,4.5923816e-06,3.694759e-11,2.6495747e-05,0.9991423,1.0370775e-09,2.9819967e-07,7.887336e-06,5.7490637e-11,1.8499273e-08,1.8797762e-05,9.818942e-07,3.9216087e-05,3.7058604e-07,6.579442e-10,9.169698e-11,1.3005416e-08,3.4623113e-10,2.3932856e-08,3.5189178e-08,4.7878697e-08,1.4987133e-06,4.321081e-07,1.619663e-05,5.9297677e-06,5.3657914e-07,3.8049087e-08,2.777701e-06,1.4291265e-07,7.632003e-08,2.0681672e-09,2.8157174e-08,2.1023563e-06,8.174504e-09,2.4890824e-06,6.6370944e-06,8.879554e-09,1.0057085e-05,4.7338635e-06,8.6833296e-07,4.757736e-05,1.689103e-07,1.2494509e-05,6.805722e-05,2.6824531e-05,2.482719e-06,1.2713259e-06,0.00020162648,2.7726582e-10,1.1175491e-05,3.9828043e-05,1.0173955e-05,1.8738625e-05,4.8149584e-08,1.0740254e-10,1.475955e-07,2.2685415e-06,1.1133679e-07,5.06273e-07,1.5749286e-08,4.1712536e-08,1.1637845e-09,3.3323192e-07,9.597714e-06,1.4173277e-06,8.5904546e-08,1.429927e-06,1.4539418e-06,6.8441267e-07,4.8933964e-07,9.9092904e-05,1.4105747e-09,1.0885543e-07,0.00045748008,6.015318e-07,2.0646257e-07,2.066252e-06,1.769646e-08,3.243125e-07,1.6063227e-07,6.621721e-09,5.1944976e-08,2.8448163e-10,7.2110793e-06,0.0032829095,8.344554e-07,1.3142114e-05,3.051277e-08,1.7547832e-08,5.0614632e-09,6.2903046e-06,1.2648754e-08,2.1505638e-11,2.596379e-07,1.0621294e-08,1.9349725e-06,1.1347883e-05,4.9953325e-10,1.6407782e-07,2.3995212e-06,5.0291873e-09,1.0074845e-06,1.4626813e-06,1.2924785e-06,6.902564e-10,3.8175867e-06,3.0618322e-10,2.587759e-07,1.3483836e-05,1.1869335e-08,1.1469968e-07,5.45165e-09,8.426664e-05,6.322459e-08,3.7306395e-07,2.4158353e-09,3.6219117e-05,0.00023752543,3.6130565e-10,7.812257e-09,8.5674543e-07,2.0442417e-07,3.3856864e-07,5.7025233e-09,3.8521026e-08,8.324708e-08,4.502568e-08,3.63391e-05,4.359403e-09,4.7781177e-06,1.5045037e-05,2.5637524e-07,4.6661862e-07,1.1345343e-08,3.7148055e-07,1.6885152e-06,7.387921e-05,1.6095262e-07,8.0075415e-06,5.8736653e-08,6.22068e-06,1.7920917e-06,4.6843233e-08,2.4697087e-08,5.4215445e-07,1.4393346e-06,2.5243092e-09,3.1483427e-07,2.0427976e-07,1.378755e-10,8.5378815e-06,3.810076e-07,2.5034655e-07,1.6885523e-06,2.5380853e-06,6.2232493e-06,0.00030231985,1.8005993e-07,0.00015364881,1.8709413e-08,1.8065265e-07,0.00028217767,3.2778044e-05,8.108601e-06,1.7208983e-08,4.7053945e-08,1.256254e-07,1.5430123e-08,2.0974298e-06,2.4613838e-09,6.7290484e-10,7.414917e-07,5.3385433e-05,4.8328175e-08,1.7107601e-06,2.0300384e-09,1.3377171e-06,9.170616e-09,1.1438568e-06,5.003338e-07,5.9838203e-07
BC2026_Train_0021_S22_20211106_023000_030,1.3108813e-09,3.4294542e-06,2.3434438e-07,0.0013943638,6.40008e-07,4.9094423e-10,2.6910235e-05,4.11367e-06,4.705444e-06,0.9905776,0.99995375,1.4193877e-07,9.359314e-06,5.5140054e-10,4.2921872e-08,3.4698135e-06,3.4076937e-08,1.6591121e-08,0.00013976582,4.084182e-08,5.3489463e-10,0.001464421,2.6657692e-06,1.4943667e-05,3.0451443e-07,1.4645264e-09,1.6935452e-06,8.2424094e-08,1.713104e-08,1.3865621e-06,3.5377532e-05,2.1801563e-06,6.23383e-07,0.00015779275,2.84079e-05,1.2290728e-05,3.4825857e-07,2.9278553e-07,1.1459081e-05,1.4559104e-07,0.00018033809,2.1420445e-07,2.1042511e-05,8.815718e-08,2.3486899e-10,2.251473e-11,1.5673222e-06,2.3868466e-07,4.1202668e-08,1.5724785e-07,1.9665862e-07,1.8437916e-07,1.613296e-07,0.0001597912,1.2477473e-06,6.398176e-10,8.267443e-08,0.9981482,2.52841e-09,8.606696e-07,1.3710604e-06,8.943584e-09,2.5421232e-07,5.0342995e-05,2.3773923e-06,2.0794945e-05,6.142546e-06,1.6263083e-08,2.517701e-10,4.570698e-09,1.3786051e-10,8.379777e-09,1.5904115e-08,2.0039715e-06,7.765552e-06,4.0600346e-05,1.0889923e-05,0.00015378204,2.3980822e-06,7.067933e-08,8.296386e-06,6.998244e-07,3.0227378e-07,4.9557234e-09,1.536452e-07,1.6417456e-05,1.0192723e-07,1.15745115e-05,3.2784778e-06,3.5355225e-08,5.31089e-05,1.2632244e-05,2.465311e-07,5.8384838e-05,1.0613458e-06,2.4589724e-05,0.00010969524,0.00013320212,2.449766e-06,6.0078637e-05,9.601714e-06,1.22895365e-08,7.752307e-06,0.0026094797,1.25682445e-05,1.6408534e-05,4.968645e-08,7.4251334e-09,3.4326698e-07,2.9859514e-06,1.2639462e-07,3.1342856e-06,3.8065274e-08,1.4570879e-08,2.800864e-08,5.542882e-07,2.1409712e-06,5.1213083e-06,1.9116342e-08,8.089623e-06,2.1554063e-06,1.0102534e-06,6.7863533e-07,5.1659652e-05,1.8369425e-08,2.2463854e-07,0.00013487067,5.966122e-07,2.663304e-07,8.223059e-06,3.9738055e-08,5.689326e-07,1.2928471e-06,1.4124606e-07,5.213177e-07,1.3778363e-08,1.9412757e-05,0.0050382856,5.712868e-07,0.0035043475,3.2553924e-08,9.31525e-08,3.208439e-08,8.425001e-06,1.0042588e-07,1.8178101e-09,1.0115742e-06,4.7975186e-07,2.0437067e-06,2.8282286e-05,5.7295637e-08,1.1680577e-07,7.924733e-06,3.8867235e-08,4.8400267e-07,2.9503879e-06,6.1162314e-07,1.2684511e-08,1.7133012e-05,1.570782e-09,7.2709656e-07,5.7383215e-05,2.5297375e-08,1.4889448e-06,3.327542e-08,2.664372e-05,3.288434e-07,1.6687495e-06,9.233909e-09,1.4224791e-05,5.7149377e-05,8.750993e-10,2.459095e-08,2.315107e-06,2.8429213e-07,4.0729556e-06,6.580352e-08,5.319827e-07,2.0077562e-07,6.538153e-08,4.4334915e-06,5.65509e-10,1.7375398e-06,2.9413163e-06,1.09633255e-07,7.2282245e-07,3.37221e-08,1.0490297e-06,1.807974e-06,0.00022999958,8.295534e-07,2.0839652e-05,3.2608492e-07,1.1357347e-05,1.6132071e-05,1.1862985e-06,1.7039572e-07,2.4764693e-06,1.3284377e-06,3.834919e-08,8.8222583e-07,2.0077412e-05,4.1248474e-10,1.3813784e-05,3.6491858e-07,2.9289358e-06,1.5337233e-05,3.313165e-06,4.1089847e-06,9.2750895e-05,2.6194966e-06,0.00016579736,2.7504388e-08,1.1166416e-06,0.008710717,7.606308e-05,7.3441574e-06,1.3298217e-07,2.6316508e-07,4.7311332e-06,1.199883e-08,2.662875e-06,6.510015e-09,8.616657e-09,9.795915e-07,1.3975735e-05,3.1730175e-07,1.3147716e-06,3.3451932e-09,5.0782082e-06,1.1374313e-08,9.828958e-07,2.2316902e-07,3.4004552e-07
BC2026_Train_0021_S22_20211106_023000_035,1.2460155e-09,9.790143e-07,8.918866e-07,3.588809e-05,2.6028744e-07,1.5459035e-10,2.4933462e-07,3.629524e-07,1.8394219e-07,0.93864393,0.99911267,9.555232e-09,9.131111e-07,1.0877827e-10,2.737715e-08,6.259709e-07,8.462604e-10,3.6464278e-09,3.7662119e-06,3.4119847e-09,2.0172681e-11,0.021081334,1.6207737e-06,7.661523e-06,8.5881936e-08,1.379658e-09,1.1394645e-05,1.7083043e-08,4.1677065e-08,7.249481e-07,0.00012971406,1.6779686e-06,6.097705e-07,5.3396994e-05,3.9241772e-06,4.0780587e-06,4.0960776e-06,3.987502e-06,2.9952494e-06,1.5782184e-08,0.00037013917,4.2420646e-07,2.0041141e-05,1.4889602e-07,1.7666452e-11,4.0161407e-12,8.791996e-07,2.393439e-07,5.6043483e-08,1.2032023e-06,1.3212613e-06,5.2129633e-07,7.383769e-07,0.00016624884,2.7135445e-06,1.3200915e-10,8.262545e-06,0.9951852,2.9603324e-09,6.366471e-08,1.1156856e-06,1.12250965e-10,1.11654295e-07,8.7101485e-05,5.015132e-07,8.822622e-06,3.2047365e-07,5.0559323e-10,1.8708207e-11,1.7316124e-08,1.6536134e-10,1.4569099e-08,1.8985023e-08,4.1697746e-08,6.6080713e-07,5.609573e-07,8.979e-06,3.216291e-05,4.3721744e-07,3.1957295e-08,4.2938022e-06,4.2255908e-07,4.376776e-08,3.5762473e-09,2.3466146e-08,4.762881e-06,2.3334524e-08,9.656324e-06,6.1608375e-06,6.8513213e-09,1.12456355e-05,1.2019581e-06,5.486085e-07,3.8070888e-05,6.0467045e-07,6.09618e-05,0.00021342083,3.6401914e-05,2.0218647e-06,3.3469937e-06,5.003744e-05,1.8545792e-09,7.3880556e-06,2.2790779e-05,1.6099459e-05,1.92145e-05,9.8810666e-08,5.472254e-10,5.9562416e-07,1.985044e-06,1.271186e-07,3.7189562e-07,6.9388424e-09,4.669552e-08,3.759015e-09,6.242486e-07,2.5306867e-06,1.7161802e-06,2.6990262e-08,3.2996188e-06,9.64823e-07,8.835621e-07,7.6652555e-07,3.0598196e-05,2.5658566e-09,2.1889095e-07,0.00035385837,3.0633282e-07,6.570131e-08,2.1454414e-06,4.8491327e-08,5.115686e-07,1.9090714e-07,1.9191965e-08,1.2600637e-07,3.3701635e-09,2.8728932e-06,0.002289345,3.5283892e-06,5.380037e-05,6.095333e-08,2.3749323e-08,8.671774e-09,1.0904315e-05,3.391794e-08,2.9220203e-11,5.832493e-07,4.795684e-08,2.334587e-06,2.0590624e-05,3.2243326e-09,1.9747503e-07,1.1345494e-06,4.7718034e-09,7.6847175e-07,8.6348956e-07,2.7583592e-06,3.5140069e-09,1.1888312e-05,1.1165376e-09,2.7064837e-07,3.2485776e-05,6.89683e-09,2.2125646e-07,2.5990365e-08,6.312973e-05,8.4448594e-08,2.4412296e-07,6.489683e-09,1.42519075e-05,9.210089e-05,4.2108267e-10,7.999288e-09,2.261866e-06,1.7969249e-07,4.0256398e-07,5.1813267e-08,9.112368e-08,4.0701604e-08,3.1037466e-08,6.7850206e-06,2.0199113e-09,1.2070145e-06,4.6567625e-06,1.512949e-07,1.318995e-06,8.170856e-09,1.8695988e-07,1.6546062e-06,3.488512e-05,3.2283378e-07,1.863811e-05,5.242663e-08,1.1141789e-05,1.8396514e-06,1.2393657e-07,6.5686145e-08,6.263889e-07,1.442451e-06,6.7031247e-09,3.9606815e-07,3.8788958e-06,1.4435567e-10,6.774657e-06,3.030248e-07,4.1216043e-07,3.8430217e-06,1.0470976e-06,3.0639844e-06,0.0003779183,6.7278927e-07,7.412408e-05,1.4274696e-08,3.1523177e-07,0.00023255909,2.4787638e-05,1.2680051e-05,2.753604e-08,1.9697245e-07,1.6341227e-07,1.4336717e-08,2.858635e-06,1.5735558e-09,1.0405032e-09,5.029722e-07,9.600972e-05,1.18130465e-07,2.0148966e-06,1.0296809e-08,9.380576e-07,1.011332e-08,6.406913e-07,2.507334e-07,8.711206e-07
BC2026_Train_0021_S22_20211106_023000_040,1.800657e-08,2.1016502e-05,5.5016635e-06,0.00012371928,4.4776953e-06,2.9831524e-09,5.2565436e-05,1.0409362e-05,5.0698222e-06,0.9785292,0.9999795,5.2852206e-06,6.0702478e-06,6.837314e-09,1.02909e-06,4.077798e-06,3.688798e-07,1.1121916e-08,0.00049082487,4.9221242e-08,9.262078e-09,0.022581011,8.107773e-06,0.0002210856,2.8616928e-06,6.251065e-08,7.46317e-05,4.1016924e-07,6.888971e-08,8.130383e-06,8.612128e-05,1.6322568e-06,2.124529e-06,0.0019908748,0.0001012465,4.5792312e-06,1.149504e-06,7.023248e-06,6.7472916e-05,1.4052857e-07,0.0018045513,3.7475272e-07,8.601164e-05,1.2943642e-07,1.1143718e-09,6.084974e-11,1.8113376e-06,1.8705352e-07,1.08370884e-07,1.1974798e-06,3.9322396e-07,3.4111574e-07,2.445207e-07,0.00088346994,8.7705246e-07,1.0401604e-08,3.7422882e-07,0.8391256,1.8972244e-08,6.835426e-08,5.119682e-06,5.8063288e-09,2.0115751e-06,0.00040436874,1.6698383e-06,0.00039934102,9.289659e-05,1.9190612e-08,8.342635e-09,2.983712e-07,3.9430126e-10,3.8182197e-08,7.567844e-08,3.28919e-07,7.017231e-05,3.300014e-05,2.5797835e-05,0.00011699228,1.5310665e-06,1.5726556e-07,7.9258825e-06,1.529909e-06,2.374859e-06,2.9087849e-08,3.6968413e-07,1.7957607e-05,5.194814e-08,7.967551e-05,1.1935057e-05,1.363864e-07,0.00012640959,3.9926766e-05,5.5556416e-07,5.136437e-05,2.141499e-05,5.9565726e-05,0.00010331224,0.0004071617,1.4128247e-05,1.2692477e-05,0.00015815184,4.3173176e-09,3.3652173e-05,0.0077795386,1.1637923e-05,8.1855815e-06,9.968123e-08,1.4888221e-08,1.4281104e-06,1.156241e-05,4.6574146e-07,3.5325204e-06,1.3116629e-07,1.3590977e-07,5.504543e-08,1.6988216e-06,3.3095398e-06,1.7070626e-05,4.550858e-08,3.4355693e-05,4.7435933e-06,5.1800753e-06,1.988314e-06,6.1968065e-05,3.8534043e-07,8.12196e-07,0.0005672941,1.4856968e-06,3.3087903e-07,9.660653e-06,2.26389e-06,8.377661e-07,1.7124853e-06,2.148735e-07,4.26595e-06,3.5607442e-08,6.883471e-05,0.004009299,1.5114738e-06,0.0012099757,4.0584627e-08,7.1890327e-07,1.6283683e-07,2.6775817e-05,6.969145e-07,1.7386939e-09,3.4156965e-06,6.9067056e-07,3.5779087e-06,8.318443e-05,1.7087986e-07,1.3356342e-06,1.3225345e-05,6.3325004e-08,8.1563e-07,6.1813303e-06,4.8381577e-07,3.0550158e-08,1.1619414e-05,1.0282129e-08,1.1125279e-06,3.718646e-05,3.3428094e-08,1.3682626e-06,1.02549485e-07,3.9970233e-05,7.291026e-07,1.0402725e-06,1.0977325e-07,1.40334705e-05,0.00021035089,1.519638e-08,1.0388424e-07,4.1837343e-06,3.5217255e-07,1.2426123e-05,5.0292186e-07,2.84701e-07,1.8881603e-07,1.9178361e-07,9.468075e-06,3.6453573e-09,1.6651627e-05,1.7450458e-05,3.6032435e-07,3.2806875e-07,6.540847e-08,7.541215e-07,2.275414e-06,0.00010519648,2.6288415e-06,0.0001376948,3.2230898e-07,0.00011118052,8.296837e-06,2.0506689e-06,3.569262e-07,1.4232171e-06,4.550026e-06,5.924703e-08,1.6897361e-06,1.0596379e-05,1.4401974e-08,3.4938486e-05,3.663793e-07,3.78176e-06,1.5962889e-05,9.448042e-06,4.7162043e-06,0.00025329663,1.8780313e-06,0.00014058544,2.2408729e-08,1.997067e-06,0.0016009712,0.00014331588,1.6351238e-05,2.9781089e-07,1.703668e-07,8.4454905e-06,5.6800985e-08,8.725243e-06,4.1452473e-08,1.5846311e-08,9.218468e-07,0.00013610601,1.11968e-07,1.7361633e-06,6.032519e-08,7.4524514e-06,5.9327323e-08,9.811221e-07,2.5730044e-06,1.5347797e-06
BC2026_Train_0021_S22_20211106_023000_045,6.819789e-11,1.2171927e-06,8.358916e-08,0.0004986098,9.064039e-08,1.7486193e-11,1.9677486e-06,4.4040082e-08,1.2789477e-07,0.99814,0.9999958,1.0531646e-08,4.908549e-07,7.5513956e-11,4.414931e-09,7.198905e-07,2.2312402e-10,3.2469634e-09,2.081848e-05,2.5617977e-09,5.6165076e-11,0.0060088104,9.072982e-08,0.0001131121,2.0731603e-08,8.360882e-11,1.751742e-05,6.481552e-10,1.20435635e-08,6.180825e-07,0.00013359824,1.111717e-07,2.6838393e-07,0.00025718316,3.457314e-06,6.0305038e-06,3.024444e-08,3.7448768e-07,0.00018800113,2.282178e-08,0.00066636055,5.337527e-08,0.00010232874,6.9582875e-08,4.6088333e-12,5.884101e-13,5.1613284e-07,4.7359357e-08,1.28475754e-08,1.09148154e-07,1.2448259e-06,1.7703269e-07,1.3259289e-07,0.0014100261,4.494979e-07,5.4340035e-12,6.1250866e-08,0.99916744,4.4387394e-10,1.6368706e-08,0.00013944221,1.3754797e-10,1.6500012e-08,0.00039134765,1.1195139e-05,2.14615e-05,1.4100839e-06,3.5270253e-10,2.1669566e-10,1.8867117e-09,1.6091961e-11,2.6030735e-09,1.0076366e-09,4.074409e-08,1.9166655e-06,1.0304003e-07,2.6376813e-06,4.7961416e-06,1.0323754e-07,2.046531e-08,2.6944233e-06,4.5792603e-08,3.8323498e-07,4.4465437e-10,6.0907395e-09,5.125829e-07,6.3207173e-10,1.6965048e-06,3.1768084e-07,1.696426e-09,2.6843643e-06,1.333839e-07,1.2942704e-07,1.403707e-05,1.975839e-07,7.340915e-06,1.8531218e-05,1.48645995e-05,4.685084e-06,1.2818042e-06,3.6423714e-06,7.947209e-11,3.6343945e-06,0.0015378885,5.46514e-07,6.979328e-06,6.0430383e-10,4.812181e-10,4.8465168e-08,1.4249525e-07,3.053332e-08,3.244638e-07,5.086352e-10,9.589534e-10,1.7777848e-09,1.1970736e-08,7.648271e-07,6.0967386e-06,4.8892703e-09,8.9344456e-07,2.802778e-07,5.8432608e-08,2.4658819e-08,3.9544313e-05,9.390219e-10,2.9987735e-08,7.6495235e-05,4.9175263e-08,1.4190967e-09,2.9975018e-07,3.1454925e-09,7.0300234e-07,1.5715446e-07,2.7420212e-08,2.1599445e-07,3.5405172e-11,8.17912e-06,0.00015729282,1.9451706e-08,0.00013159036,1.3407049e-08,1.8133578e-08,3.2260167e-10,8.6151056e-07,3.4066785e-09,6.7520546e-12,1.6826858e-08,2.5220666e-09,1.111691e-06,2.1903595e-06,3.4648433e-09,1.2199057e-09,1.3010819e-07,8.597937e-10,2.8466593e-08,1.6168275e-07,2.691762e-08,5.7674376e-11,4.4388628e-07,8.515757e-11,3.5988506e-08,1.6771593e-06,1.8776791e-09,2.424222e-09,9.294689e-10,1.0861501e-06,5.052813e-08,5.0300716e-08,3.4608455e-10,5.012148e-06,4.4608314e-05,3.155597e-11,1.7924896e-10,1.9425789e-08,4.466583e-08,2.4129125e-07,1.1410334e-09,5.321159e-09,7.501289e-09,6.386109e-09,8.002418e-07,8.716872e-11,2.7911929e-06,9.5282604e-07,2.7801702e-08,1.6568984e-08,3.9260675e-10,7.021214e-08,3.734384e-08,2.6610064e-06,1.0047186e-07,2.7020815e-05,6.365946e-09,2.247136e-06,2.1319522e-07,1.623844e-08,3.236125e-09,2.060954e-08,1.3902297e-06,2.3239506e-09,1.4174418e-08,1.391994e-07,1.3973075e-11,1.0099172e-06,1.6413724e-08,2.602388e-07,2.5757859e-06,2.4547842e-07,8.6341385e-07,2.174668e-05,2.6872888e-08,3.0773995e-06,4.1211536e-09,1.3373149e-07,0.0003828457,4.181903e-06,3.902096e-07,1.5774932e-08,9.704015e-10,2.9499944e-07,1.1498045e-10,1.7125983e-07,1.0679386e-09,3.2077795e-11,1.5960828e-07,4.749537e-06,5.7540164e-09,1.0347292e-07,2.2821334e-09,1.450222e-06,8.2867746e-10,3.1558187e-07,5.533565e-08,2.2018982e-08
BC2026_Train_0021_S22_20211106_023000_050,4.597481e-08,4.277279e-05,5.0326867e-06,0.00045570714,2.5816344e-05,1.4666461e-08,1.4449388e-05,2.8815064e-06,9.653783e-06,0.9820864,0.99898547,1.0837393e-06,5.5375065e-05,6.953482e-09,7.0474033e-07,0.00017701734,6.231578e-08,1.03996655e-07,0.0002137114,7.394792e-08,4.9227227e-09,0.04241382,1.6109074e-05,5.9876045e-05,1.0647676e-05,1.104217e-07,2.7802536e-05,9.878811e-07,6.2778537e-07,2.1125802e-06,0.000639565,4.5091485e-05,1.2810189e-05,0.0005752394,5.525522e-05,4.6125242e-05,3.737812e-06,2.1265974e-05,0.00018792317,1.2204123e-06,0.00023500784,4.5928373e-06,0.00033257762,5.167429e-06,6.1593517e-09,4.823475e-10,2.427768e-05,5.3082085e-06,9.954288e-07,7.2428857e-06,2.9140216e-05,1.6516926e-05,1.5152642e-05,0.0006193069,2.546757e-05,8.836016e-09,1.213963e-05,0.99433243,3.0151593e-08,4.8204533e-06,1.7646391e-05,2.9796736e-08,2.946243e-06,0.0005782637,6.0436364e-06,5.362146e-05,5.5907853e-06,7.284133e-08,5.8386904e-09,2.730855e-07,1.4013665e-08,6.9035315e-07,1.475274e-06,4.7068806e-06,2.5658645e-05,6.802893e-05,2.8426652e-05,0.00023365144,7.878195e-06,5.444908e-07,7.3329276e-05,7.728619e-06,3.6780873e-06,2.2220017e-07,1.215855e-06,1.890417e-05,6.458629e-07,3.7160295e-05,0.00018868425,2.0983352e-07,4.070929e-05,0.00017278595,3.9257457e-06,0.00035889464,1.3094262e-05,0.0001665249,0.00029774036,9.0615824e-05,1.027455e-05,8.5063904e-05,0.00021233938,2.581035e-08,0.00017229485,0.0014637238,3.7267684e-05,4.0344956e-05,1.7261405e-06,2.2917918e-08,2.2553697e-06,1.4538959e-05,4.5942784e-06,1.0320707e-05,3.9306758e-07,5.6825695e-07,2.5195513e-07,5.812049e-06,2.7809854e-05,2.8846527e-05,6.2847425e-07,2.4225088e-05,1.1370578e-05,1.57276e-05,1.874363e-05,0.0002970862,1.3345591e-07,1.4119651e-06,0.0053492934,1.1394591e-05,2.2917955e-06,1.7224047e-05,2.4637204e-06,3.045143e-06,3.3431716e-06,3.0657918e-07,1.1549119e-05,3.0466285e-07,0.000103400744,0.0065916823,1.1329911e-05,0.0021831018,9.478657e-07,2.4696362e-07,7.864037e-07,0.0001255915,3.4093537e-06,9.170441e-09,7.928589e-06,1.4180079e-06,4.0859966e-05,0.000112280984,3.1168878e-07,2.9443188e-06,2.4553663e-05,1.577077e-07,2.5150312e-06,3.9229628e-05,3.1164793e-06,1.9512058e-07,6.121451e-05,4.5495128e-08,2.6142309e-06,0.00013292678,1.4679424e-07,5.600984e-06,4.901182e-07,0.0004372012,3.0835047e-06,6.266809e-06,1.9523283e-07,2.7972073e-05,0.0002691374,4.7223512e-08,8.612288e-07,1.5776905e-05,1.3157726e-06,1.2726511e-05,3.535607e-07,3.1723443e-06,2.0869768e-06,6.5359455e-07,2.0052576e-05,1.6682284e-08,3.2343054e-05,3.411914e-05,1.7121065e-06,3.1841503e-06,7.803666e-08,3.2416363e-06,2.6788945e-05,0.00039266495,1.1958276e-05,0.00013982887,3.206407e-06,7.095719e-05,1.3594411e-05,1.6582172e-06,4.254251e-07,6.020477e-06,2.8384397e-05,2.9865163e-07,9.6749445e-06,1.999134e-05,5.6403692e-08,7.113598e-05,6.858738e-06,8.333251e-06,0.00013881644,2.1065502e-05,5.26198e-05,0.0002057173,3.2266466e-06,0.0012593078,1.9258067e-07,4.9093865e-06,0.0006515743,0.00058297307,5.9528757e-05,1.9544104e-06,7.1423995e-07,1.7901524e-05,2.6288038e-07,1.8210707e-05,2.3246285e-07,4.383802e-08,5.0781696e-06,0.00020062945,4.514441e-06,1.2113424e-05,1.938375e-07,1.713368e-05,7.616339e-07,1.2576422e-05,6.297579e-06,5.638354e-06
BC2026_Train_0021_S22_20211106_023000_055,8.2658515e-12,6.876814e-07,2.7753595e-08,0.00034936928,7.3425646e-08,3.8539342e-11,8.581603e-06,1.6678013e-07,2.903528e-07,0.99817145,0.99994576,8.47217e-09,5.9369313e-06,7.176829e-11,4.520516e-09,3.697131e-06,5.226363e-10,7.0837873e-09,8.7224165e-05,8.99096e-09,1.5410628e-11,0.001593979,5.2739097e-07,5.620625e-07,5.7714846e-08,8.304967e-11,7.3635806e-07,3.5766774e-09,6.518936e-09,2.1653275e-07,2.4417668e-05,3.8205226e-07,7.0158194e-08,5.9244976e-05,5.9219856e-06,2.530629e-06,1.3587148e-08,2.3150195e-08,6.627232e-07,1.18235384e-07,1.7631859e-05,3.0896715e-08,1.479625e-06,3.5014708e-08,1.2058555e-11,5.7074956e-13,1.5565972e-07,4.113499e-08,1.1731076e-08,3.836082e-08,1.13537e-08,2.8179091e-08,1.7076722e-08,1.614483e-05,4.952197e-07,4.6851124e-11,3.4262158e-08,0.99997985,2.5229457e-10,4.5116937e-07,4.390046e-06,1.9927457e-09,5.9076978e-08,0.00011721428,3.0130118e-06,1.0293391e-05,3.0723263e-06,1.0837986e-09,3.0871927e-11,9.26939e-10,5.4999876e-12,1.205951e-09,1.592563e-09,9.634548e-07,4.2322395e-06,2.4805322e-06,6.9616124e-07,9.018167e-06,2.6662087e-07,8.19461e-09,9.458683e-07,9.8386925e-09,2.0490972e-08,9.722672e-10,3.424772e-08,1.2341718e-06,4.953626e-09,2.3506946e-06,6.477955e-07,3.2350882e-09,3.4906961e-06,4.9435002e-06,2.8509737e-08,6.9805787e-06,3.677179e-07,2.2106056e-05,1.3368625e-05,3.2219363e-05,1.9996864e-07,3.2693017e-06,7.199887e-07,1.0454527e-09,1.5787906e-05,0.00020076608,1.9716163e-06,7.857749e-06,5.7824785e-09,2.052741e-10,4.9725415e-08,1.4910817e-07,2.4290367e-08,6.8526634e-07,5.8619114e-09,2.625397e-09,1.2154581e-09,9.0728264e-08,2.973585e-07,3.0397114e-06,2.0922706e-09,6.2836335e-07,1.0678455e-06,4.2436625e-07,3.3716436e-08,1.7941584e-05,3.1842347e-09,7.7581056e-08,6.345401e-05,9.523237e-07,3.377282e-08,1.8230963e-06,4.417593e-09,2.1912967e-07,1.350677e-07,3.818218e-09,1.3207276e-08,2.6601202e-10,1.4521484e-05,0.0006734658,5.861321e-08,0.00013361633,4.077548e-09,1.1709905e-08,1.810195e-09,1.0009605e-06,2.4879016e-08,1.8042848e-11,2.7436744e-08,1.3047083e-08,2.2445244e-07,6.771943e-06,3.975502e-09,1.96378e-08,4.2275173e-07,4.5610835e-09,2.1532273e-07,1.9714386e-07,1.2564134e-07,3.8123435e-10,2.636096e-05,4.5993012e-10,4.1998507e-07,4.873789e-06,3.1557628e-09,3.337674e-08,3.7837222e-10,1.2858733e-05,4.3023668e-08,1.950629e-07,8.8154865e-11,7.0768538e-06,6.2644904e-06,4.7478306e-11,3.4896082e-09,2.9472575e-08,7.120595e-08,8.4969963e-07,3.2667795e-09,1.2901987e-07,2.221764e-08,3.0602823e-08,5.555371e-07,3.5351392e-11,2.6539558e-07,2.3550652e-07,2.9646566e-08,4.8075165e-08,3.0892575e-09,7.2214256e-08,5.330044e-07,0.00011139425,5.253263e-08,2.365995e-06,1.6313543e-07,5.659612e-06,1.6887631e-06,5.8508217e-08,9.578461e-09,2.081031e-07,3.7291986e-07,2.259521e-08,9.947535e-08,1.1933313e-06,2.5205636e-11,2.5890035e-06,4.3195268e-08,1.3056486e-07,5.2833157e-06,1.2283863e-06,2.7954957e-07,8.353819e-06,6.5541094e-08,0.00016020327,2.1585302e-09,9.383083e-08,0.0035341626,8.0977676e-05,3.0337236e-07,5.4371974e-08,6.6137056e-09,7.2460665e-07,4.7611914e-10,2.839009e-07,4.983361e-10,4.554422e-10,2.0544202e-07,5.857337e-06,2.8373737e-08,1.6995689e-07,6.8527e-11,3.3752585e-06,5.66419e-10,1.5235433e-07,2.6916542e-08,6.194581e-08
BC2026_Train_0023_S22_20211121_230000_000,5.672569e-07,7.5846134e-07,4.3803777e-11,0.00020932988,3.8455475e-08,1.7935052e-10,7.170379e-09,1.7756193e-07,1.8089952e-07,0.0012049599,0.00010431533,1.5868451e-08,4.566134e-08,3.6983727e-09,4.649506e-10,2.5121995e-05,4.6346957e-09,1.7563225e-09,0.0003935041,9.372116e-07,3.7848054e-07,1.730449e-07,1.1674484e-07,2.9784582e-07,2.2741037e-06,2.1753686e-09,6.749891e-07,4.8413977e-08,6.904625e-08,2.6097121e-05,9.333803e-06,8.304256e-07,6.0399893e-06,0.0010042604,1.9871888e-07,3.1204943e-06,2.0411649e-06,0.00011655123,7.156745e-07,0.0008527279,1.1669587e-05,7.1523764e-06,9.1144324e-07,8.324391e-08,5.1168254e-11,6.0393704e-11,1.8088242e-06,3.636252e-07,6.209876e-08,5.3222834e-07,1.2684436e-06,2.4587443e-06,9.807825e-07,1.2096903e-06,0.0003860437,2.2576188e-10,1.7697236e-08,0.010881907,6.102237e-10,3.6953503e-07,7.276941e-05,4.9558277e-09,5.9941414e-08,2.2482507e-06,9.690467e-08,3.120079e-07,5.1343612e-08,1.04028555e-08,2.7827578e-09,2.4232544e-10,3.600759e-12,1.8140583e-10,3.222391e-05,6.800692e-06,0.00027301742,1.0817258e-06,1.7155585e-06,0.0026611784,4.89516e-07,1.2579252e-05,4.819071e-05,3.6215382e-09,1.3643024e-05,2.062834e-08,6.6283587e-06,9.692044e-07,1.8468607e-07,6.275403e-06,0.00021064651,2.477289e-06,3.6787542e-06,0.00036345975,1.9355408e-08,2.63397e-05,4.2524966e-06,5.732458e-05,2.081989e-06,0.00091449515,1.3873042e-06,1.9930636e-05,0.0001236267,1.6977981e-06,0.0008803709,0.85440236,0.0046991836,1.9689049e-05,9.2358476e-07,7.653325e-09,2.3005434e-05,4.738601e-05,8.319838e-06,0.0002863677,1.0346979e-05,1.8064839e-05,3.0198528e-06,0.0060385084,1.1768887e-05,6.711583e-07,2.6890577e-08,4.5769448e-05,1.7842914e-06,5.140156e-05,1.8864699e-06,0.0029698987,6.5160325e-06,3.773514e-07,5.590609e-07,5.6962857e-05,7.454729e-07,4.416868e-06,3.2693063e-07,2.4386026e-07,3.881838e-07,3.0473743e-06,8.411818e-06,5.9161493e-07,7.281142e-05,2.9532579e-05,1.0703529e-05,0.9255143,3.1341454e-08,7.675162e-06,1.5957127e-07,9.666321e-06,2.6270018e-07,1.2178019e-09,0.00017248782,1.9031695e-05,0.00028113846,1.8168755e-06,5.421834e-07,3.7050193e-06,2.719516e-06,2.0871657e-06,0.00049040566,0.0001568492,7.097895e-06,2.1469303e-07,1.4530531e-05,1.0018271e-07,3.2420565e-05,6.6528024e-05,4.3054188e-06,0.00026133578,1.8435838e-06,2.44693e-05,5.973034e-05,8.873808e-06,5.235168e-08,2.9196015e-06,1.4156258e-06,1.1396744e-06,8.140125e-05,1.3324468e-07,2.334274e-05,0.00020877479,7.125963e-08,7.2458715e-05,0.00010665146,8.9954465e-06,2.8571869e-05,3.2916063e-07,2.8203667e-05,1.0806122e-06,8.0830556e-05,2.1434412e-06,1.4761676e-09,0.00021492955,4.0196657e-08,0.001698719,0.00032383882,0.00011898966,2.4091532e-05,1.5281184e-05,0.00020980206,5.201932e-06,7.2399025e-06,2.7442636e-06,5.1009887e-05,2.521643e-06,1.6390189e-06,7.332158e-07,2.5373147e-08,2.7754318e-06,2.6064092e-05,0.00043311447,7.8280317e-07,6.752545e-06,3.570042e-06,1.0945748e-06,7.153393e-06,9.041884e-05,1.5926653e-05,3.8350045e-05,0.00044316732,0.99995816,6.1545365e-06,8.837156e-06,1.1627162e-07,2.8706294e-05,1.0085173e-09,3.737918e-08,5.5904373e-08,7.524717e-06,4.7506012e-07,0.0009093657,3.8066548e-06,1.1277824e-06,6.1028915e-09,6.366859e-05,7.4209095e-07,6.513808e-05,8.932829e-08,4.879542e-06
BC2026_Train_0023_S22_20211121_230000_005,1.8976053e-07,3.369607e-05,2.8487381e-09,0.0061647804,1.4128715e-07,9.88323e-09,7.3755615e-09,2.343482e-07,5.299716e-06,0.11116553,0.004347351,2.1981382e-08,5.1342346e-07,5.405416e-10,1.1081663e-08,4.015608e-06,3.335732e-09,3.9962966e-08,0.000101800935,4.907436e-05,4.627653e-07,1.1184479e-06,1.05991994e-07,2.2444152e-07,3.279493e-07,1.7601354e-09,5.914541e-06,7.226902e-07,8.104636e-07,0.008608899,4.583628e-05,6.1310055e-07,1.1034008e-05,3.6352823e-05,4.2628e-07,2.1710128e-05,3.116671e-07,1.0256401e-06,1.4327935e-05,0.00020537569,2.7600613e-06,1.611022e-06,4.647716e-06,1.0911771e-06,4.2252576e-11,4.5374166e-11,9.38075e-06,2.9733803e-06,3.079224e-07,1.1309267e-07,3.194523e-05,1.937475e-05,8.361949e-06,3.2183764e-06,6.4639346e-05,7.773276e-11,1.869212e-07,0.749278,1.6726732e-08,3.9564682e-05,0.25733462,3.5347585e-09,4.0330906e-07,0.00015376488,3.3160424e-05,2.4003148e-07,3.713286e-07,2.1930467e-07,2.1388473e-08,1.4415495e-08,6.4311555e-12,5.3977023e-09,3.3083296e-07,6.8407408e-06,5.623447e-06,1.145349e-06,1.5174185e-06,0.00028219275,1.6101127e-07,2.6598558e-05,4.667057e-05,3.4667866e-09,2.1362892e-05,3.2655915e-08,2.7684578e-06,6.950388e-06,7.493584e-07,1.3311542e-06,2.2613336e-05,8.036758e-07,1.3412797e-05,3.7351786e-06,1.9673023e-06,8.340882e-05,5.262615e-07,5.9261693e-05,1.5700401e-05,3.5652003e-05,7.4471723e-06,3.984761e-06,5.5145433e-06,1.1230653e-06,0.0007287369,0.24100769,0.011972475,8.449655e-06,6.760483e-08,3.476449e-08,3.2539404e-07,3.1250954e-06,2.0280491e-07,2.4153624e-05,5.5331107e-08,1.8290453e-07,6.3229953e-07,2.3845452e-05,1.7760589e-05,3.3639246e-06,6.411828e-08,1.0866881e-05,0.00012396692,3.7607779e-06,3.0013837e-07,0.0003070169,1.0974317e-05,3.473541e-06,1.0350582e-05,3.9856008e-05,2.6224754e-08,4.1258972e-06,7.2679217e-07,6.5080585e-06,5.1137827e-06,3.8497382e-07,2.9601483e-07,3.027711e-08,3.495002e-05,2.401737e-05,1.9377535e-06,0.07313538,1.1566858e-06,1.71675e-06,9.433307e-09,1.7306982e-06,7.1481895e-06,2.56639e-09,4.5163015e-06,1.4183715e-07,0.0016856517,7.3334986e-06,1.8178217e-06,5.314376e-08,5.940188e-07,5.711736e-06,1.5601994e-05,1.7470838e-06,4.468748e-07,2.830849e-08,1.6362765e-05,1.132778e-07,2.4225526e-05,3.421715e-06,9.514682e-06,1.5498633e-06,1.5749669e-06,0.0022387134,2.7356512e-06,4.55511e-06,2.0503432e-09,1.2673982e-05,4.194037e-06,1.0063431e-07,4.6961773e-07,1.11065305e-07,2.833212e-05,2.6861779e-05,1.4444717e-07,1.3045824e-06,1.582368e-06,8.317348e-06,3.6022755e-06,2.316751e-08,2.3493641e-05,7.2715966e-07,4.1814572e-05,6.5621857e-06,3.350102e-10,2.496104e-05,1.7558712e-08,0.00010492919,3.1208547e-05,2.9267238e-05,1.9193633e-06,9.802384e-06,0.0001709285,8.510945e-07,6.5024034e-07,1.6004755e-06,8.3651044e-05,2.056048e-06,1.564482e-07,1.304749e-06,7.340826e-09,2.9597354e-06,7.452547e-07,6.378265e-05,3.1431606e-05,5.996787e-05,3.270669e-07,2.3688715e-06,1.2568353e-05,2.9067192e-05,7.0006326e-06,1.5331954e-05,0.027453141,0.032643683,4.0435663e-07,3.2161835e-05,9.837059e-09,6.65272e-05,2.7709361e-09,3.9028853e-07,1.1375186e-07,1.6825863e-08,4.885427e-07,0.00014303248,8.2058426e-07,2.3237795e-05,2.076061e-08,3.4811175e-05,5.429425e-07,0.00016217612,3.1531465e-06,1.3694545e-06
BC2026_Train_0023_S22_20211121_230000_010,1.12738565e-08,3.1095917e-06,1.483014e-09,0.010014535,5.101913e-08,1.0248778e-09,2.0119715e-09,7.226481e-07,3.8192657e-06,0.79407334,0.4100101,4.424355e-09,3.430176e-07,4.9006765e-10,9.192311e-10,6.182138e-06,5.4488144e-08,1.2090325e-09,0.00037774883,4.1358285e-06,1.8149466e-07,3.4717186e-07,3.9430435e-07,4.2187096e-07,4.5851948e-08,4.6277318e-10,3.2723617e-06,3.94955e-08,9.994529e-08,0.003852912,0.00013059558,1.3001542e-07,4.5040175e-05,5.626856e-05,4.7474714e-07,8.701585e-06,1.9417833e-07,4.3453053e-07,5.0439732e-05,7.834445e-05,5.710187e-05,1.618945e-05,1.1735661e-06,9.394275e-08,1.5208416e-11,9.860657e-12,5.134792e-07,1.8610726e-07,8.853716e-08,3.7321332e-08,1.7820145e-06,1.2596267e-06,2.5947455e-07,3.4436387e-05,1.8104853e-05,4.0361544e-11,3.670551e-09,0.9600192,1.46363e-09,2.0339313e-07,0.00021210668,1.2672952e-08,3.6021397e-08,0.0011875101,3.5511148e-05,1.7919228e-07,2.3012211e-07,8.548656e-09,2.152741e-09,1.9753692e-08,4.6973027e-13,1.6979011e-10,5.84505e-07,1.8196378e-06,4.999574e-06,4.7823346e-07,6.720481e-06,0.00033637686,5.5022436e-08,1.409072e-05,2.327814e-05,5.776647e-09,5.4447232e-06,7.719444e-09,3.109821e-07,7.078812e-07,3.3279864e-08,7.118774e-06,2.8525446e-05,1.4642066e-07,5.727811e-06,2.1821907e-06,7.6824676e-07,4.799606e-05,4.7662074e-06,6.819136e-06,4.745443e-05,0.0010083945,2.3198854e-06,1.8266761e-06,2.3909347e-06,7.3887634e-07,0.00011124033,0.057583444,0.0008419609,1.6232456e-06,5.954235e-09,2.193961e-09,6.40893e-08,7.835627e-07,2.822864e-07,2.165653e-05,2.603775e-08,3.0803812e-07,3.9588076e-06,8.287759e-06,3.92298e-06,2.775929e-07,1.7857175e-08,1.385833e-05,2.6369116e-06,9.39913e-07,3.9001428e-08,0.00034744598,2.6298017e-07,5.0356725e-06,7.4241193e-06,3.4962666e-06,2.369015e-08,2.008738e-06,9.930663e-08,2.3908663e-06,5.4093066e-06,1.553148e-07,5.733336e-07,7.084612e-09,1.1017069e-05,2.2278284e-05,9.969644e-08,0.2587296,4.0638078e-08,5.7421175e-07,1.892323e-09,3.7047225e-06,3.2564046e-08,3.047412e-10,1.1604768e-06,6.550035e-08,0.0003102657,2.35154e-06,2.080076e-06,9.872006e-08,2.8994214e-07,9.1556313e-07,1.2820614e-05,1.2677693e-05,5.6635474e-07,8.280018e-09,2.176989e-07,1.09555714e-07,3.5802566e-06,4.266983e-06,2.9542277e-06,1.1725011e-06,4.1541523e-07,0.00045336722,1.6890428e-05,1.2120958e-06,2.270818e-09,6.4734436e-06,5.0674305e-07,1.4793032e-07,4.8322736e-08,3.1335e-08,2.9900607e-06,6.175516e-05,1.4831822e-07,8.0143013e-07,1.8077014e-06,7.5905535e-07,2.1034855e-06,3.1709069e-09,1.4243973e-05,8.653388e-08,2.6251762e-06,6.517888e-07,5.3552014e-11,1.752315e-06,7.6768485e-09,2.0713913e-05,3.52074e-05,0.00014547934,1.1796014e-07,2.9637357e-07,0.00011429402,8.5814446e-07,3.1310933e-07,2.3237996e-07,3.9256276e-05,5.988125e-07,2.619516e-08,1.0276248e-06,4.633774e-10,6.9906724e-07,3.1361733e-07,2.065373e-06,9.1772574e-07,3.5174358e-07,4.087758e-06,3.759634e-07,1.980838e-06,7.0675123e-06,3.8850231e-07,3.7135993e-05,0.0014807901,0.65160793,1.873488e-07,4.509054e-06,3.115287e-09,2.0304527e-05,1.2127087e-10,8.7750024e-08,1.1976559e-08,3.4905618e-08,7.1447808e-09,0.00015139276,2.7477833e-07,1.4256283e-06,2.1763935e-09,2.6338468e-05,1.8190448e-07,1.7739445e-05,1.8065224e-08,9.062031e-07
BC2026_Train_0023_S22_20211121_230000_015,1.946967e-08,2.9604982e-07,2.9469566e-10,0.10078956,1.0771776e-08,1.2800215e-09,6.351704e-10,3.2671747e-07,3.5184767e-06,0.9103871,0.092919864,2.4016156e-09,1.6218605e-07,1.8968283e-10,1.6404139e-09,5.2231435e-06,2.3888752e-08,6.2538225e-11,0.004827513,9.966125e-06,4.850257e-07,2.9421358e-07,5.221088e-08,1.4666074e-07,1.566847e-07,2.753659e-10,1.7583399e-06,1.7702341e-07,1.0113556e-07,0.013020674,2.3584262e-05,1.0585582e-07,5.6763743e-06,2.1864944e-05,2.0850618e-07,1.949271e-06,9.7293364e-09,1.6411335e-07,1.8610293e-05,1.0810072e-05,1.742141e-05,3.32306e-06,9.286632e-07,8.3094e-08,6.270828e-12,2.8037767e-12,7.7645655e-07,7.209397e-08,1.1365378e-08,1.6502497e-08,3.0249314e-06,1.0006161e-06,2.7439447e-07,2.3475412e-05,2.4472347e-06,1.5841876e-11,1.8882479e-10,0.68045044,5.457286e-10,1.100389e-06,0.00023920013,1.0020269e-09,2.5330286e-07,0.000387271,5.009062e-07,6.571447e-08,1.7947033e-06,9.03914e-09,1.092695e-09,3.2096066e-09,1.8248029e-13,8.5148964e-11,7.1572566e-07,3.594067e-07,4.6226346e-06,4.4976926e-07,7.699281e-06,0.0002080927,6.059319e-08,1.6877562e-05,3.477597e-05,6.3035244e-10,6.2045583e-06,9.209021e-09,7.941295e-07,6.2654306e-07,7.732858e-08,3.487754e-07,2.340136e-05,6.896991e-08,3.290981e-05,1.0201373e-06,1.0200911e-07,1.4278886e-05,1.4115112e-07,1.8414244e-06,3.583594e-06,1.8514367e-05,2.6152333e-07,6.2141e-07,5.1423297e-07,3.4116805e-08,9.746061e-05,0.40245065,0.014198064,4.385032e-07,4.864608e-10,1.0951731e-10,5.075464e-08,6.9458434e-07,6.152027e-08,1.649967e-05,3.0703323e-08,1.2600263e-07,2.3811992e-07,4.6054647e-06,1.4863485e-06,2.2694811e-08,5.4020384e-09,1.7632983e-05,7.889834e-07,2.7286086e-07,5.6272254e-09,0.00021114541,1.3461495e-06,6.3162094e-07,1.1318876e-06,2.5014444e-06,2.3500816e-08,3.6307875e-07,8.604901e-08,4.5979024e-07,4.3283273e-07,3.0373126e-08,8.760554e-08,1.5332685e-09,2.8740194e-06,2.862277e-06,5.480919e-08,0.020597693,2.6957338e-08,1.940206e-07,6.3875105e-09,2.731022e-07,1.2835224e-09,2.2442936e-09,4.662037e-06,5.6262728e-08,0.00043285365,8.5210974e-07,8.521479e-07,4.5232436e-08,3.6783365e-07,1.4260606e-06,1.8713233e-06,9.931531e-06,1.0670072e-07,5.9910077e-09,2.9569347e-07,1.7083238e-08,1.5741034e-07,3.0185367e-06,2.2516795e-06,1.1657768e-06,3.7865558e-08,0.0013551462,3.6027734e-06,2.742932e-07,2.5594975e-09,3.7106417e-06,6.368134e-07,2.2240153e-08,1.6822494e-08,3.6839476e-09,2.4365985e-07,1.0825713e-05,1.9494939e-08,1.2641897e-07,2.6398404e-06,3.0934993e-07,5.009357e-06,2.3182174e-09,1.0715407e-05,5.1807245e-08,3.541614e-07,5.902629e-07,5.7314802e-11,2.3376213e-06,7.36624e-09,1.1256215e-05,1.8744668e-05,1.895862e-05,1.5224961e-07,1.4295343e-06,3.6986e-05,5.0260684e-07,8.857534e-08,1.389438e-07,5.6163567e-06,1.0144216e-07,2.9205983e-08,8.128269e-08,2.3778035e-10,1.2153344e-06,8.921422e-08,1.8646732e-06,3.069841e-07,4.2458447e-07,4.7840587e-07,1.2817711e-06,2.0379564e-07,7.2792263e-06,6.5568037e-07,7.4286304e-06,0.00047836747,0.3020275,6.462228e-08,5.0557975e-07,5.970425e-10,3.8264225e-06,1.1044261e-10,2.7767571e-08,8.7658485e-09,1.5758092e-08,1.5890258e-08,2.8113493e-05,6.939401e-08,6.8819054e-07,9.386404e-10,1.5392476e-05,1.9831826e-07,7.5940534e-06,1.4205386e-07,5.5488215e-07
BC2026_Train_0023_S22_20211121_230000_020,1.3126277e-09,3.2455074e-07,9.813405e-10,4.371346e-06,6.0955364e-07,3.365909e-10,1.5184318e-09,5.858103e-08,2.6606016e-05,0.12364619,0.5774376,8.034698e-10,1.9429017e-05,1.14242435e-10,1.2585505e-09,2.1052128e-05,1.9965338e-10,1.7670185e-08,5.205294e-05,2.7692975e-06,1.5811953e-08,6.207216e-06,5.8302906e-08,3.5408533e-08,1.0830661e-07,4.3952158e-11,1.8181322e-06,3.1278495e-09,5.722564e-08,0.00035685528,2.1939635e-05,1.6267431e-07,3.2949933e-06,2.1857063e-06,2.0586127e-08,5.6088936e-07,4.363271e-09,6.55571e-08,2.5571942e-06,3.702335e-06,3.511916e-06,2.0306288e-07,5.241533e-08,6.663877e-08,1.2209351e-12,8.5819004e-13,6.411516e-07,5.995525e-07,5.3731963e-08,1.0336281e-08,5.769828e-07,1.4435228e-07,1.3918665e-07,2.725324e-06,1.2489353e-06,7.565752e-12,1.28466935e-08,0.9954092,1.8577372e-09,4.6274286e-05,0.2916092,3.425435e-10,1.6638201e-07,0.0036630852,5.0879376e-06,3.54386e-08,8.7241034e-08,3.4143692e-08,5.580131e-10,3.8832315e-09,1.203813e-14,5.4786997e-09,4.996109e-08,6.419454e-06,4.454566e-07,9.27946e-09,4.2078526e-08,7.742089e-06,3.8190486e-09,1.2634332e-06,1.8717355e-05,1.5458416e-10,2.3678958e-06,3.4059118e-09,2.9418834e-07,2.361008e-08,5.077498e-08,6.589847e-07,3.90354e-06,2.2931562e-08,6.977452e-07,2.8743182e-06,2.0447478e-08,1.067548e-06,1.3404073e-07,1.5586304e-05,2.8076088e-06,9.5582654e-05,1.5505582e-06,3.3244705e-06,5.0847277e-08,5.8060223e-08,0.00052525534,0.013759088,0.012176661,9.626135e-07,3.2991088e-09,4.0894937e-10,5.5495782e-08,1.1958942e-07,3.6598223e-07,3.1984982e-05,4.793907e-09,1.9632033e-08,2.9378097e-07,1.5112806e-06,1.1790154e-07,2.4873736e-06,3.113101e-09,2.2793213e-06,8.708758e-06,1.7801513e-07,5.2092886e-09,0.00012196972,2.3500576e-07,5.229555e-07,7.722892e-07,5.614739e-06,1.1688543e-09,4.6946016e-06,8.555883e-09,5.7549414e-08,1.3750291e-07,1.3834084e-08,2.305141e-08,4.6801574e-10,1.2750699e-05,2.56963e-06,3.6673825e-08,0.053313717,1.3927279e-08,3.1712652e-08,1.1761489e-10,2.421135e-07,8.286536e-07,5.834087e-11,2.288612e-08,4.53105e-08,0.000152527,9.58431e-07,3.62698e-08,5.0082637e-08,9.721583e-09,9.919854e-08,7.9973215e-06,6.2660934e-07,6.8167815e-08,2.4276137e-09,3.6451306e-06,6.933064e-08,9.090838e-07,2.7914035e-07,7.037008e-08,1.6657984e-07,1.5350865e-08,0.004905871,1.3443854e-06,2.0592017e-06,8.128257e-11,3.4042266e-06,8.917117e-08,1.20079875e-08,8.382047e-09,1.7990016e-09,3.0856725e-06,7.061086e-06,2.0788018e-09,1.7498052e-06,2.679916e-07,1.1277684e-06,6.893768e-07,1.9264416e-10,5.536627e-07,2.0066222e-08,1.261857e-06,8.660834e-07,1.3149588e-12,1.6150477e-06,1.0302048e-09,8.0741964e-05,1.6774791e-06,7.667655e-06,1.6652282e-06,5.4181764e-06,6.7932697e-06,4.8095153e-08,1.3667716e-07,7.78122e-09,8.9711075e-06,1.5953279e-07,4.431771e-09,1.2654539e-07,6.208813e-11,1.6925668e-07,1.1423666e-06,9.443262e-07,2.0938426e-06,6.2799586e-06,1.8583661e-07,8.8300546e-08,1.3723697e-07,1.8235662e-05,2.7793273e-08,1.3284492e-06,0.001283734,0.509838,2.562581e-08,1.6490876e-05,1.6386469e-09,1.285674e-06,1.0395818e-11,1.9563842e-09,5.296553e-09,7.2966405e-10,7.065102e-08,9.21256e-06,1.1037432e-07,8.854315e-06,4.5591936e-10,8.9964334e-07,7.475142e-08,5.2938794e-05,4.3959343e-08,3.9386343e-08
BC2026_Train_0023_S22_20211121_230000_025,1.3769956e-08,3.044999e-07,4.725446e-10,5.9970225e-05,3.3020583e-06,4.976711e-10,1.31029205e-08,1.3074217e-07,0.00018000843,0.0071119065,0.055048596,1.2721988e-09,2.3014278e-05,1.1785792e-09,5.216146e-10,6.859613e-05,3.6333554e-09,6.4850916e-09,0.0007633021,1.5042706e-06,1.8598462e-06,1.1095664e-06,1.9552585e-08,3.0181403e-07,7.465109e-07,1.3457179e-09,1.8377891e-06,8.787746e-09,2.851278e-08,0.00015576981,9.4758917e-07,1.5534768e-07,6.5287503e-07,6.0990883e-06,2.8193876e-08,1.4616143e-07,1.4497492e-09,1.8185209e-07,6.558742e-07,4.1720405e-06,1.5216935e-06,1.3220625e-07,2.2839879e-07,1.5978639e-08,4.611515e-12,6.285006e-12,1.6658491e-06,3.8693975e-07,2.1707232e-08,1.6058964e-08,5.0786645e-07,8.869982e-07,2.094782e-07,5.209485e-07,8.9535513e-07,1.04031575e-11,2.2504264e-10,0.6762708,1.4848992e-09,8.808027e-06,0.03896123,1.2598185e-09,1.8518622e-06,0.0018309079,1.13314245e-05,6.902413e-08,5.19589e-07,2.9678623e-07,2.841526e-09,1.4565925e-09,2.1683164e-14,4.6208726e-09,7.474612e-07,1.2761112e-05,2.6665905e-06,7.616515e-08,1.4904079e-07,2.670462e-05,1.4299249e-08,4.313153e-06,1.5624433e-05,7.8560336e-10,0.0001368333,1.6233859e-08,2.031114e-06,2.70804e-08,9.030748e-07,1.4504379e-06,6.7188016e-06,1.4560048e-07,3.0769595e-06,3.022864e-06,7.263111e-09,5.791864e-06,1.9518827e-08,1.4293122e-05,2.1321932e-06,5.2131327e-05,8.489079e-06,1.883178e-05,1.509077e-07,5.6078505e-07,0.00028877656,0.986699,0.0077669974,1.71107e-06,9.858153e-09,2.5790603e-09,2.8703275e-07,2.5573675e-06,4.101906e-06,2.0735872e-05,1.3815935e-07,1.2937035e-08,2.0584555e-06,1.6097492e-05,3.8857976e-07,1.5100575e-06,3.4738294e-09,4.8534344e-05,3.2450076e-05,7.466063e-07,3.462671e-08,0.00060622214,6.7028536e-06,1.0549649e-06,7.744015e-07,1.9802032e-05,9.928405e-09,5.0095437e-06,5.6189485e-08,4.284237e-08,1.6807874e-07,4.494397e-06,3.3742833e-06,3.561159e-08,3.5270106e-05,1.9476654e-06,3.0677398e-07,0.40874892,7.0486106e-09,6.5253823e-07,1.2737453e-09,2.0826313e-07,1.6806047e-06,3.1905818e-09,2.4097207e-07,6.6488127e-07,0.00012347497,6.1934577e-07,1.0523091e-06,3.1994628e-07,5.6325856e-08,2.2634835e-07,3.866188e-06,2.5470158e-06,1.2475596e-08,2.7753595e-08,2.3158912e-06,5.9863436e-07,1.0382022e-06,7.0870246e-06,6.6555054e-07,8.217425e-07,6.166477e-08,0.00055992464,1.8145744e-06,3.6493736e-06,6.3438943e-10,5.2218033e-06,4.5335096e-07,2.4010384e-07,1.0901002e-07,1.6093236e-09,2.3437766e-05,3.7363872e-05,9.713521e-09,4.7219287e-06,1.6707145e-06,1.4853354e-06,7.3679953e-06,1.5494851e-09,4.417378e-06,2.4646923e-08,5.9618787e-06,9.995288e-07,1.546702e-11,6.8208465e-05,7.863079e-10,0.00022887628,1.0666539e-05,3.406732e-05,9.209336e-06,7.446074e-05,6.590473e-05,1.8437916e-07,1.4886521e-07,2.2717678e-08,4.0369337e-06,4.4758875e-07,3.6261845e-08,4.818257e-07,2.1804072e-09,1.8237621e-06,3.7902157e-06,8.026379e-06,1.7429519e-06,2.1998318e-05,1.102022e-06,5.7216145e-08,8.750031e-07,4.1204967e-05,2.0538108e-07,6.4298088e-06,0.0016118851,0.3018971,2.0355762e-08,0.000106242594,1.06519495e-08,4.0801983e-06,2.0248324e-10,5.419118e-09,1.1687942e-07,1.7057614e-08,3.615108e-08,9.15943e-05,1.1686393e-07,1.5390199e-06,1.0696021e-09,2.4386623e-05,3.1104616e-07,1.6014486e-05,4.8141043e-08,3.5161e-08
BC2026_Train_0023_S22_20211121_230000_030,1.3388452e-06,6.215029e-06,2.2228836e-07,0.0037187024,4.2727165e-06,4.3203674e-08,2.620626e-07,1.44585665e-05,0.00020696284,0.27614072,0.9797697,5.513369e-07,4.3544434e-05,1.4942444e-08,1.0433381e-07,4.717792e-05,1.0536824e-05,3.4902006e-09,0.0046236217,8.1515434e-05,3.912058e-05,3.1366599e-06,7.725117e-07,1.5358617e-06,1.6482967e-05,1.5504783e-07,6.5130316e-06,3.0853842e-06,3.7099937e-07,0.037563745,3.0670708e-05,2.1907722e-07,4.060623e-05,3.7813814e-05,1.0016444e-06,3.8928333e-06,5.6003408e-08,7.053925e-07,2.9714256e-05,3.0766856e-05,6.1496765e-05,7.5962316e-07,1.2203285e-06,2.2415958e-07,2.8449793e-10,1.1411395e-10,3.516967e-06,4.7923737e-07,4.816295e-07,1.8763185e-07,2.2357472e-06,1.747537e-06,6.5791465e-07,1.6688778e-05,6.6107277e-06,5.308579e-09,2.1674538e-09,0.41423637,1.5403453e-08,1.9498436e-06,0.00012313975,2.902905e-07,1.5628964e-05,0.932423,1.1382143e-05,5.9516026e-07,0.0003400085,7.639001e-06,2.5890452e-07,9.6337985e-08,1.2997926e-12,8.024502e-09,2.175896e-06,1.11551e-05,2.2080567e-06,1.8848982e-06,8.303225e-06,0.0001330828,1.6693942e-07,7.0233975e-05,0.00020500553,9.44159e-08,0.00010087846,1.2074678e-07,1.8375616e-05,2.4651072e-06,4.4475112e-07,1.0866342e-05,1.9812971e-05,2.964385e-06,1.9464569e-05,5.5598994e-06,1.531747e-07,3.0413203e-05,0.00032737793,1.1228735e-05,3.243878e-05,0.0046243533,4.884966e-06,2.7835436e-05,2.9404578e-06,1.7482226e-07,6.180364e-05,0.6326535,0.004425564,1.3833288e-06,2.6900875e-09,6.6873696e-08,1.9065061e-07,1.1967662e-06,3.6516678e-07,1.3052173e-05,2.1521055e-06,2.8884092e-06,0.00023505064,1.7950431e-05,4.1961474e-07,1.3461122e-05,1.815258e-07,0.0003111348,9.733275e-06,2.3260043e-06,1.3104388e-07,0.0005635472,6.1274026e-05,4.355291e-05,2.0753323e-06,2.8670222e-06,9.643486e-08,3.1312353e-05,5.706041e-06,1.4494451e-06,7.890692e-06,2.7337737e-06,3.04704e-06,3.2896668e-07,4.6493107e-05,1.1118152e-05,5.517787e-07,0.12733781,2.512034e-08,1.2979864e-06,1.2560277e-07,2.8234779e-06,6.852226e-07,8.915786e-09,1.9220633e-06,6.544765e-07,3.4706994e-05,6.93676e-06,2.6077143e-05,1.0232895e-06,9.764454e-07,9.091844e-06,4.432113e-06,1.086316e-05,2.9977247e-07,2.1300096e-07,2.4801302e-06,3.4493507e-06,2.9173193e-06,1.9214007e-05,1.4703911e-05,6.013281e-06,2.555741e-06,0.0043672,9.1353286e-05,6.4138766e-07,1.2795405e-07,3.6999863e-05,2.8070576e-06,9.898238e-07,8.2482906e-08,5.0746028e-08,3.622509e-05,0.00013111766,9.928889e-07,2.4145752e-06,1.0816446e-05,1.0799841e-05,6.6805237e-06,5.5669332e-08,0.00011359689,1.0349641e-07,3.5809328e-06,8.744942e-07,6.108747e-10,2.9003588e-05,5.2182404e-08,4.0985193e-05,9.5564064e-05,0.0006559019,1.0697866e-05,2.9910942e-05,0.00024831816,4.0383625e-06,2.6852808e-06,2.1073757e-07,4.6087425e-05,7.517014e-06,1.2885766e-07,8.491904e-06,2.0046407e-08,4.0182285e-06,1.1242483e-06,2.1187592e-05,2.680527e-06,6.2353683e-06,2.1651963e-06,2.494084e-06,4.761151e-06,7.208067e-06,3.5226265e-06,5.3263288e-05,0.0076493234,0.10607225,8.9906007e-07,9.25641e-05,5.737895e-09,2.6381102e-05,1.6542608e-09,5.389254e-07,2.4039528e-07,7.5112e-08,4.6218794e-08,0.00012840123,6.0763773e-07,1.2191445e-06,7.6808035e-09,8.072664e-05,4.3345938e-07,6.428429e-06,1.2495806e-07,9.556736e-07
BC2026_Train_0023_S22_20211121_230000_035,2.9676887e-08,3.9238253e-06,2.0441532e-10,0.0047219824,3.751861e-08,4.174513e-10,3.2780147e-09,9.6879354e-08,2.7756698e-06,0.5202297,0.875965,1.481041e-09,1.8991943e-06,9.419291e-11,9.694617e-10,2.9631274e-06,3.7951235e-08,3.1219474e-10,0.00039255808,6.911206e-07,7.0809406e-08,8.0097344e-08,9.7478745e-09,4.6591428e-08,1.8314674e-08,3.0673733e-10,9.0146436e-08,5.011179e-08,1.3752449e-08,4.9950002e-05,3.198953e-05,6.83643e-08,8.6348e-06,1.1999334e-05,7.389031e-07,5.2923093e-07,1.0951514e-08,3.6066844e-08,8.864944e-06,7.0848066e-05,3.0699706e-05,3.2838773e-07,1.0728513e-06,1.1025603e-08,5.6480233e-12,1.2592953e-12,1.5252065e-06,2.4198604e-07,6.835752e-08,2.5561617e-08,1.4607923e-06,2.7622418e-06,1.4095393e-06,8.592822e-06,1.6720018e-05,3.4923327e-12,7.3287904e-10,0.96399695,2.6870537e-11,1.0911506e-07,1.849709e-05,2.8311287e-09,2.3187495e-08,0.06302811,1.1481081e-06,1.3505765e-07,1.0524673e-05,4.0761584e-08,4.399445e-10,2.2067572e-09,2.4623446e-14,4.9997718e-11,7.486224e-09,2.9138693e-07,2.5529832e-07,8.426083e-08,2.494721e-07,0.0010915019,8.674818e-09,6.233377e-06,7.689815e-06,9.427097e-10,1.7778523e-06,1.600242e-09,1.4204466e-07,1.1234214e-07,1.8899108e-08,7.06265e-08,2.9428031e-06,1.8205904e-08,1.6166133e-06,3.5098162e-07,1.6887562e-08,1.0644743e-05,2.1047658e-06,3.7347047e-06,4.406955e-06,0.017264817,9.3731614e-07,2.916393e-06,2.0533467e-07,5.7295964e-08,8.538215e-06,0.011142957,7.025836e-05,9.767457e-08,1.3399595e-10,3.3084774e-10,8.7740615e-09,1.8094336e-07,8.190098e-08,3.1007977e-07,2.728389e-08,2.9690252e-08,2.4195006e-07,2.7002213e-06,3.065447e-07,3.0137025e-07,2.9961993e-09,2.4783405e-06,1.2886496e-06,1.5014658e-06,1.6491107e-08,0.00022426022,6.7045784e-07,6.91904e-06,7.859158e-08,9.018673e-07,1.3751552e-09,3.787835e-07,2.6918338e-08,2.1680363e-07,1.1301823e-06,1.2299151e-08,2.2235282e-07,5.3230367e-09,1.8349222e-06,9.611461e-06,1.9620903e-07,0.101510644,3.2858396e-09,1.959334e-07,1.1674618e-09,6.393753e-07,3.666424e-08,2.0814699e-11,1.3952462e-07,5.0481197e-09,1.3136375e-05,2.1779503e-07,1.9766928e-07,7.338616e-08,1.6663084e-07,1.3972728e-07,3.6550927e-07,1.2731518e-06,8.943379e-07,2.007785e-09,8.666898e-07,1.4038839e-08,1.2838558e-06,8.811655e-07,4.7979717e-07,1.02302344e-07,7.0538725e-08,4.082378e-05,7.9703153e-07,3.9662332e-08,1.8760575e-09,5.6957388e-06,1.6524599e-07,9.657785e-09,2.4009253e-08,2.0042087e-08,4.9004148e-06,3.191268e-05,1.3317748e-07,1.9826663e-07,1.5382481e-07,1.3007195e-07,1.2823405e-07,7.457049e-10,8.21429e-07,1.409685e-08,3.7228205e-07,1.8700287e-07,4.6780826e-12,6.502838e-07,6.5212336e-10,8.553219e-06,1.6274758e-05,8.165162e-06,3.2791792e-08,5.2777483e-07,8.5874206e-05,8.738642e-08,1.5555895e-07,6.7252444e-08,7.1965896e-06,2.2736442e-06,5.4582254e-09,3.077037e-07,1.5441942e-10,5.053421e-07,3.5478298e-08,4.985519e-07,1.964161e-07,1.911514e-06,6.0056884e-08,4.0311028e-07,1.9592326e-06,2.3900182e-06,4.9173576e-07,1.6529958e-06,0.05770585,0.00548521,1.8691568e-07,3.9869235e-05,3.1555625e-10,3.1697607e-05,2.4989549e-11,1.0148145e-07,3.4522288e-10,6.7934804e-09,5.497339e-10,4.6153396e-05,2.9561475e-08,4.158583e-08,2.967669e-10,7.740568e-06,1.8945167e-07,8.3982997e-07,3.193254e-09,5.2126303e-08
BC2026_Train_0023_S22_20211121_230000_040,6.5926e-08,7.9827394e-08,3.917762e-11,2.4247793e-06,1.4199834e-07,2.6673015e-12,2.5389595e-09,2.8686583e-07,1.9643012e-07,0.0023305027,0.7446263,4.8934243e-08,5.4983775e-07,1.9754551e-09,2.8715452e-10,1.8111597e-06,2.5457252e-08,1.3699969e-10,0.00012329989,3.49617e-06,4.442273e-06,3.9020068e-07,3.0507636e-09,4.5395146e-07,6.1016783e-07,1.2442106e-09,3.9551972e-07,1.3386829e-09,3.414452e-09,2.4712368e-05,4.371837e-07,2.7591769e-08,1.2698257e-06,5.0065886e-05,5.0066497e-08,1.1156766e-07,2.2493757e-07,3.9915353e-06,3.929518e-07,6.707738e-06,4.9903847e-06,9.295513e-08,1.7425995e-07,2.451002e-09,2.772407e-12,1.1589141e-12,1.0720688e-06,5.093764e-08,4.9128452e-09,3.8720284e-08,4.8845088e-08,1.01777836e-07,6.144311e-08,3.1068896e-07,4.8823204e-06,2.8705363e-11,2.3836705e-10,0.0061544124,2.847167e-10,4.0543306e-08,0.00027878667,6.167886e-09,6.2518694e-07,0.23437409,1.1299302e-06,1.9979365e-07,1.991898e-07,8.737408e-08,1.61917e-09,3.2983376e-11,9.899878e-15,3.4803935e-10,4.498667e-07,1.1083998e-06,5.826839e-06,1.6817077e-07,3.7112147e-07,4.2193784e-05,7.798131e-08,1.6142869e-06,1.9782367e-06,4.6730486e-10,2.4145447e-05,3.828435e-09,7.294357e-07,1.01246535e-07,2.2922992e-08,2.0344446e-06,8.125717e-06,3.0037768e-06,1.5982106e-07,1.4880987e-06,4.955022e-10,7.514086e-07,2.0836776e-06,2.5968666e-07,2.6004156e-07,0.0006482132,2.789384e-07,6.724302e-06,3.727092e-05,5.184082e-09,0.00011072885,0.9886029,0.0017697671,8.2223556e-07,6.8509163e-09,1.2058543e-07,4.1836563e-07,1.853854e-07,3.1816037e-06,3.8758376e-06,5.6845045e-07,3.1265802e-06,3.9177307e-06,3.7965496e-05,1.0354854e-07,7.7970816e-07,1.2834522e-08,2.7272683e-05,3.7837117e-07,4.141354e-06,4.5918378e-07,0.00032332086,2.380269e-06,1.2876737e-07,1.337593e-07,9.599412e-07,2.2998885e-08,5.117871e-06,2.7986647e-07,9.681982e-09,8.5567514e-08,8.0881655e-06,1.3881763e-06,1.2445792e-08,3.2195345e-05,1.6433103e-06,4.83044e-08,0.6833798,2.92787e-09,3.284662e-06,9.811763e-09,6.296819e-07,6.681415e-08,1.1382499e-11,2.1296744e-07,5.7785064e-06,3.2616192e-06,6.3046485e-07,6.034031e-07,4.1959632e-07,6.6642464e-08,1.1468605e-06,6.345355e-06,4.455776e-05,9.848478e-08,1.4713312e-07,4.3276216e-07,1.1258159e-06,3.0080171e-05,4.929702e-07,8.02469e-08,1.2801244e-06,6.142477e-07,2.3703498e-05,6.2792046e-06,8.89176e-08,1.4937961e-09,1.7442621e-06,1.8068194e-07,1.8322594e-07,1.7502875e-06,1.3693531e-08,5.53297e-06,1.25255865e-05,6.0591536e-09,2.131626e-06,1.062453e-05,2.1158587e-06,3.0812819e-06,3.069864e-08,1.5964988e-05,3.5500637e-08,6.8938534e-06,2.2176876e-07,6.288451e-11,6.7238984e-06,1.5809595e-09,0.00017336055,6.206932e-05,2.5254112e-05,3.8729147e-05,1.8219165e-05,1.4488132e-05,1.228241e-06,6.60438e-07,3.0321704e-07,8.9481995e-07,1.2704758e-07,1.0426215e-08,7.608645e-08,4.254991e-09,2.250103e-07,2.1246717e-07,3.8001825e-05,1.4470872e-07,1.1672197e-06,1.5343947e-07,5.8233667e-07,2.9189562e-07,5.743433e-06,1.188951e-06,5.3420104e-06,0.0021584774,0.9997764,9.148678e-08,1.0148615e-06,1.0938278e-08,4.0831997e-06,7.543406e-11,1.9715298e-08,3.8253036e-09,1.628685e-07,9.835516e-10,6.9571906e-05,1.3617951e-07,1.8632242e-08,6.6906e-11,9.576118e-06,4.2416617e-09,1.4309733e-06,8.341919e-09,3.0773978e-07
BC2026_Train_0023_S22_20211121_230000_045,4.658136e-09,4.508859e-08,9.031195e-09,9.507979e-06,2.3295695e-06,1.39712625e-11,9.813966e-10,1.4363476e-07,3.9687793e-06,0.0033564873,0.9933507,4.6624134e-08,4.2485829e-07,9.103668e-11,9.364467e-09,1.4659826e-06,1.0887769e-06,1.0172097e-11,3.4741002e-05,4.971577e-05,4.5352605e-05,2.454312e-06,1.5314805e-08,2.7557896e-08,3.9467145e-06,2.1420796e-09,1.1102935e-06,1.8354697e-10,2.7480829e-09,0.011043256,2.7462431e-06,3.6820227e-09,3.1004635e-07,4.459664e-06,8.70447e-09,1.5408212e-08,7.307309e-10,5.0604694e-09,2.7509163e-08,4.8661303e-07,3.7721504e-06,4.837537e-09,7.695177e-08,5.219141e-10,1.7092484e-13,4.343771e-14,8.835577e-09,9.539184e-10,1.4413067e-09,1.1004945e-09,3.0822026e-08,8.924429e-09,2.335033e-08,3.0755407e-07,5.727947e-07,2.5816083e-10,4.273759e-11,0.31041038,7.429942e-11,7.441664e-09,3.964641e-06,8.5121485e-08,1.0149147e-06,0.9999523,0.00024406615,1.4890128e-07,1.475786e-07,4.728755e-07,2.274358e-10,7.167261e-09,2.145872e-15,5.589665e-10,9.06694e-09,1.5495573e-07,3.161228e-08,2.7219441e-08,1.3512408e-08,3.2511363e-07,1.8236697e-08,5.03736e-07,3.1214945e-06,5.357329e-10,8.4407276e-07,6.1218484e-09,2.1149857e-08,1.4521686e-08,2.1358691e-10,2.3327944e-07,1.629288e-07,2.4590932e-07,1.2949123e-07,8.8544084e-08,1.9906334e-09,6.4937595e-08,0.0005170036,1.2901892e-06,2.7550257e-07,2.9084164e-05,1.9187215e-07,3.3128035e-07,3.183332e-07,2.2005242e-09,1.2123721e-06,0.068060376,0.00015518274,4.403989e-09,3.4329336e-12,1.5100572e-07,8.818859e-09,5.4499654e-09,3.251086e-08,1.9268663e-08,1.0114902e-08,1.158292e-06,0.0005934649,5.9742014e-08,5.759298e-09,4.8404604e-07,9.069016e-09,3.3336383e-07,3.8267867e-08,1.3638913e-07,2.5587945e-09,3.921912e-05,3.712532e-07,4.774924e-06,2.598011e-07,2.7927182e-08,1.5510575e-10,1.6044748e-06,1.961963e-07,1.8271346e-07,9.142154e-08,5.372138e-09,2.2116532e-07,1.1827994e-07,7.168758e-06,1.62007e-08,5.490445e-10,0.0005352632,2.4603639e-10,8.058953e-09,1.9968024e-08,9.887624e-07,1.9936971e-08,1.150677e-11,2.5983475e-08,2.5377345e-09,1.4150574e-07,6.3455946e-07,1.7116706e-06,6.7333015e-09,6.98452e-09,4.8986163e-08,6.901518e-08,4.39177e-07,1.04713145e-08,2.0681485e-08,1.9574227e-08,8.960813e-06,3.8083645e-08,7.95271e-08,5.6311784e-08,2.7699534e-09,6.070226e-08,8.965959e-05,2.1730448e-06,2.4162281e-08,2.8570855e-09,6.1254946e-07,4.5418567e-08,1.3920446e-09,1.8215632e-08,7.978987e-10,1.582667e-06,1.4290367e-06,2.579431e-07,9.941863e-08,3.4463147e-07,6.121454e-08,3.933072e-08,9.401019e-11,8.086492e-06,9.087798e-10,1.0011478e-06,5.798305e-09,9.9642265e-12,4.2872447e-08,7.5727036e-10,3.893557e-08,1.353385e-06,5.431224e-06,2.6100358e-07,2.9112325e-08,4.388443e-06,2.4034087e-08,1.0905489e-08,1.3358187e-09,1.709708e-06,2.1519136e-07,2.7138194e-09,5.0033183e-08,3.7947656e-10,2.7101896e-08,5.4869616e-09,4.5291839e-07,1.9919561e-08,1.45498005e-08,9.496278e-08,1.5599602e-07,4.305938e-08,3.4426302e-09,7.2991114e-08,1.3082131e-05,0.0002723293,0.031833366,1.933858e-08,1.9869133e-06,7.460526e-12,1.350148e-06,8.4125415e-13,7.41168e-08,2.6196484e-10,4.1267104e-11,1.1752699e-10,6.0922744e-06,1.3595263e-08,9.90588e-08,6.903084e-12,3.1934653e-06,6.609969e-10,1.1959398e-07,3.2703565e-10,9.7032476e-08
BC2026_Train_0023_S22_20211121_230000_050,1.5838154e-08,2.4397067e-08,1.0222794e-09,2.9755133e-06,8.977646e-07,1.331973e-11,2.8171017e-09,7.816269e-08,2.1778371e-06,0.046528485,0.9956357,8.88542e-08,1.1429202e-06,1.5790629e-10,5.4785434e-09,1.2645097e-06,8.1562683e-07,6.3825924e-12,1.7611592e-05,2.035109e-05,3.215429e-05,3.0907657e-07,8.208815e-09,4.1396532e-08,1.2565192e-06,9.393658e-10,6.3767516e-07,1.9794068e-10,4.7022874e-09,0.085421585,9.776522e-07,4.1485912e-09,7.692315e-08,2.2014272e-06,9.187424e-09,2.6621636e-08,2.9163535e-10,3.4911458e-09,3.315113e-08,2.451385e-07,8.8664393e-07,4.2457735e-09,2.6831353e-08,6.818271e-10,2.5014512e-13,5.6033808e-14,1.2332721e-08,5.3111887e-10,1.3521217e-09,8.47944e-10,1.5605726e-08,7.3342483e-09,6.4813084e-09,3.4539914e-07,3.7335653e-07,2.7388912e-11,1.3713583e-11,0.061891817,1.5994572e-10,9.073029e-09,1.5583555e-05,1.3618257e-08,1.2284285e-05,0.99989307,6.387742e-05,2.9410021e-08,3.2676542e-07,6.1585365e-07,3.02622e-09,2.5502338e-09,9.251589e-17,2.433992e-10,1.3851589e-08,5.1723714e-07,2.3420268e-08,9.853777e-08,6.373725e-08,1.555499e-06,2.0476712e-08,6.9691055e-07,3.1009474e-06,1.7052619e-10,4.9973996e-06,1.4692024e-08,6.52379e-08,1.6163169e-08,3.8470255e-10,1.2556544e-06,1.6210565e-06,1.285869e-06,1.7569472e-07,2.3373663e-07,1.3346116e-09,1.09295016e-07,0.00015321415,1.6077896e-06,4.3351932e-07,5.4253655e-05,1.8853785e-07,2.2386293e-06,1.4648741e-07,4.954162e-10,1.6065456e-05,0.8189628,0.001291184,4.855157e-08,1.1091331e-11,1.6184732e-08,4.5760736e-08,1.3465428e-08,1.6810787e-08,3.6626926e-07,7.772053e-09,5.5857583e-07,0.00016822907,7.4707366e-08,3.305407e-09,1.1281265e-06,2.257225e-08,2.8050931e-06,1.9804382e-07,3.365521e-08,1.3001994e-08,0.00011645535,5.0677536e-06,1.0093356e-06,1.8675388e-07,6.98471e-08,2.9170602e-10,1.097528e-05,2.8106658e-07,6.8824576e-08,3.1986016e-08,9.078019e-08,2.0144074e-07,1.736851e-09,1.1914632e-05,2.2883026e-07,1.9661064e-09,0.012209283,5.08067e-10,2.055803e-08,3.7242527e-09,2.889465e-07,8.906881e-09,6.904563e-11,1.017312e-08,1.41648515e-08,6.013001e-07,2.82224e-07,7.316935e-06,2.5333541e-08,1.498757e-08,8.879304e-08,6.027182e-08,1.1259028e-06,1.1534848e-08,1.9790914e-08,3.771376e-08,3.3060664e-06,5.8416564e-08,1.7748269e-07,6.107133e-08,8.462157e-09,6.653869e-08,0.00093251735,1.373018e-06,1.2632166e-08,7.2570977e-10,2.2405816e-06,1.1467355e-07,7.2172908e-09,6.60133e-09,1.1881266e-09,7.275319e-06,2.4145522e-06,3.135754e-08,3.210459e-08,4.859934e-07,5.0745545e-08,1.4827636e-07,7.424319e-11,9.501326e-06,1.6804494e-09,1.9271843e-06,8.234579e-09,6.6614756e-12,8.733993e-08,1.3793187e-09,1.2338446e-06,3.3443705e-06,4.2897012e-05,1.2256972e-06,1.8526324e-06,4.383315e-06,1.0863666e-06,8.115331e-09,1.1171384e-09,1.6925633e-06,1.8542272e-07,1.5087059e-09,2.5240842e-08,3.0964295e-10,4.768167e-08,4.613616e-09,7.3710316e-06,8.869029e-08,5.112696e-08,1.3564026e-08,1.6752425e-07,5.2192163e-08,1.9386812e-08,7.8302804e-08,0.00010730321,0.0026964417,0.43684095,3.3134364e-09,1.5396525e-06,1.8512516e-11,7.1125726e-07,4.1751615e-12,6.708615e-08,9.283474e-10,3.0757688e-10,1.0325374e-10,5.95523e-06,4.331777e-09,4.954552e-09,9.9342245e-12,6.33004e-06,4.5748122e-10,1.409355e-07,2.7590437e-09,8.5923226e-08
BC2026_Train_0023_S22_20211121_230000_055,4.5668114e-09,7.697438e-08,6.283802e-10,2.426505e-06,1.6388782e-07,2.6775112e-12,1.0583655e-09,3.2123577e-08,1.4525573e-06,0.00028787984,0.9954074,3.2533375e-08,2.7636702e-07,1.951073e-10,1.1600282e-09,1.0494415e-05,1.9990534e-07,2.2361971e-12,9.216031e-06,9.539012e-06,1.8283201e-05,1.7580279e-06,2.7079765e-09,4.4491863e-08,1.2058351e-06,4.0184682e-09,3.4601368e-07,1.1130117e-10,9.238031e-09,0.0067755887,5.0227766e-07,3.2029483e-08,1.68311e-07,6.304971e-06,6.944112e-09,6.2408915e-08,1.7991379e-10,1.2581935e-08,5.7869136e-09,7.418008e-07,3.3694909e-07,2.5246512e-09,1.5597445e-07,6.511244e-09,2.282664e-13,7.6032835e-14,5.2173952e-08,2.3826356e-09,2.6823919e-09,2.912864e-09,1.4074959e-07,6.985549e-08,9.582174e-08,5.531856e-08,1.4347147e-06,5.982619e-11,2.1310906e-11,0.109312944,6.985405e-11,4.2958046e-09,3.380347e-05,6.33569e-08,7.782404e-06,0.99995613,9.532438e-06,1.895011e-08,2.978151e-08,2.1230535e-07,9.803508e-10,1.303697e-10,4.8848924e-15,4.0413486e-10,3.956328e-08,9.2826303e-07,1.5250014e-07,2.5614113e-07,1.2296717e-07,1.0299549e-06,4.398627e-08,2.1963432e-07,2.3470075e-06,3.1011638e-10,3.0474528e-06,4.1680464e-09,7.437993e-08,2.6720324e-08,6.9897266e-10,1.0581762e-06,4.3897658e-06,7.1950683e-07,8.435925e-08,3.716712e-07,2.096776e-10,8.114963e-08,6.487097e-05,5.9165103e-07,7.598102e-08,1.648388e-06,1.8775232e-07,4.9333416e-06,1.59266e-07,4.76418e-10,2.774186e-05,0.66054595,0.0002205931,8.4717044e-08,2.5881543e-11,2.090637e-07,1.2752535e-07,2.7687344e-08,4.982701e-07,2.1921954e-07,1.7635976e-08,3.864382e-07,0.00043050945,8.638199e-07,8.029096e-09,1.0971819e-07,9.620173e-08,5.1903553e-06,6.9038485e-08,1.2535541e-07,2.2447999e-08,0.000110295834,1.6429782e-06,1.9394859e-06,7.129388e-08,4.8165937e-08,2.8778793e-09,1.07146825e-05,3.7127194e-07,3.5241506e-08,1.4149352e-08,3.3199765e-07,2.936765e-07,4.6528794e-09,4.1010576e-06,5.038282e-08,2.9169895e-09,0.0002920481,4.445704e-10,2.4574115e-08,4.0285997e-08,1.7497185e-07,4.2580677e-09,4.8449838e-11,4.6181878e-08,3.2802863e-08,4.6478618e-07,4.7707505e-07,4.2501774e-06,2.5407578e-08,2.6020523e-08,4.511396e-08,1.6269868e-07,3.6167019e-06,1.2223565e-08,1.4640696e-07,3.258306e-08,6.1756225e-07,1.14055794e-07,3.714582e-07,2.7854197e-08,4.9876157e-08,7.721361e-07,0.0009419651,2.8943184e-06,1.4210504e-08,4.2685495e-09,8.2818667e-07,1.4071712e-07,4.0433092e-09,6.351008e-08,8.625039e-10,1.3266185e-06,3.6795786e-06,1.7020506e-07,1.6227023e-07,9.070781e-06,5.8555894e-08,2.5849204e-07,1.8515704e-10,3.628331e-05,9.345726e-10,3.1739849e-06,7.44547e-09,4.181149e-11,1.1867823e-07,2.0335496e-09,1.2623361e-06,2.2832155e-05,1.2409815e-05,1.0845005e-05,1.1828765e-06,4.485341e-06,1.7027598e-06,2.3618457e-08,7.153549e-09,1.5423964e-07,1.1944439e-08,9.965781e-09,2.0169981e-08,6.4700406e-10,6.800107e-08,2.0494255e-08,1.672669e-06,1.1917068e-07,8.947217e-09,1.0500179e-07,1.3250946e-07,2.8228477e-08,9.788401e-08,6.329095e-08,4.190914e-05,3.9665512e-05,0.75663865,3.1671776e-09,3.0252235e-07,7.915667e-11,2.268337e-07,1.6463459e-11,8.19835e-08,1.1949856e-09,3.3999842e-10,2.0473451e-10,5.0386416e-06,5.5834693e-08,5.6114913e-09,1.1763278e-11,4.4361543e-05,5.4469675e-11,8.3132676e-08,1.2794332e-09,5.5038186e-07
BC2026_Train_0034_S22_20211222_013000_000,2.9804168e-09,1.5293735e-07,3.693494e-06,1.2953191e-06,2.1236041e-05,8.8589613e-10,1.811777e-09,2.3561663e-06,0.058805905,3.466214e-07,4.304856e-05,2.9300615e-08,1.8493019e-07,2.1011578e-08,2.3204032e-06,0.9999597,3.3314836e-07,1.8494598e-10,0.9871907,2.353155e-06,1.4621652e-06,0.0013272094,3.9586612e-05,3.3600438e-07,0.00012011185,1.1277306e-05,0.0009544584,3.5058727e-09,3.0441385e-08,6.1971923e-07,6.944194e-08,1.4213437e-07,9.0254304e-08,9.885624e-07,1.1346647e-07,3.5228872e-08,2.721247e-09,3.0369742e-07,5.849748e-09,9.279553e-08,1.3123827e-06,1.5850937e-08,4.91625e-06,2.4159608e-08,5.882702e-12,1.3111119e-12,5.9982813e-06,3.739223e-08,1.4648756e-09,1.0728207e-08,1.731616e-06,2.4072062e-06,6.492242e-07,2.3027359e-07,1.3267564e-06,9.6420514e-08,7.5391676e-10,0.9976628,4.1228834e-09,5.850839e-07,0.0072663515,2.3474447e-10,7.807292e-06,0.97948724,0.00033675096,6.3827665e-06,2.2871122e-06,2.2780978e-06,5.3515047e-11,1.4472826e-08,4.752742e-11,4.3232443e-08,2.736106e-09,2.7961885e-06,4.3433452e-08,6.285735e-09,6.396894e-07,9.1813814e-07,1.0551188e-06,2.508446e-07,7.5327803e-06,1.4308087e-08,5.096778e-05,8.406178e-08,1.2160649e-06,4.1165498e-09,6.2897615e-10,5.47561e-07,3.88566e-06,9.7290624e-08,4.9267687e-06,5.5778696e-07,1.9645967e-08,1.0154288e-06,4.624574e-05,1.9393972e-06,8.2075e-06,1.1897018e-06,0.00013587416,3.3242804e-06,1.9537437e-07,7.5261e-08,1.6506407e-06,3.722496e-05,1.9801184e-06,2.1238077e-06,1.17923635e-08,1.776717e-09,5.258055e-07,7.1594595e-06,4.8842907e-07,3.2402017e-06,4.9779674e-09,2.3941666e-08,8.379152e-06,3.4554616e-06,2.0783494e-07,5.323029e-08,1.613883e-08,1.0265667e-05,4.2954548e-07,8.115083e-06,5.2852737e-08,0.00040428605,1.3240367e-08,4.5666777e-05,2.9612525e-07,1.7384963e-06,7.4737083e-10,1.6840824e-05,1.1330034e-08,1.8622815e-07,1.3443405e-06,2.5342917e-08,2.3091968e-07,2.3141756e-06,2.683105e-07,3.344395e-07,6.606132e-08,3.4702898e-06,2.4386078e-09,3.658206e-10,9.89174e-08,3.34034e-07,2.4212156e-07,6.5956314e-08,2.1334819e-07,6.021793e-08,5.6112906e-08,7.7187394e-07,7.2573255e-07,1.9772972e-06,2.0172122e-07,9.5407586e-08,1.6165566e-05,1.8128479e-06,9.196927e-09,3.3766904e-07,1.388951e-06,1.1535376e-06,9.516349e-08,3.5501191e-06,2.6007372e-08,6.4635834e-08,7.587791e-08,1.3932818e-05,2.110964e-07,8.149041e-05,2.3163851e-07,1.0420666e-05,1.0907152e-06,4.3534146e-07,2.826797e-08,3.0726056e-08,3.62739e-05,8.2570955e-07,1.30550725e-05,3.3785515e-08,1.2216769e-06,3.8277944e-06,3.4143568e-07,7.266548e-09,1.7791186e-05,1.9681154e-07,1.0649049e-07,6.636151e-08,2.6606456e-08,9.158766e-07,1.2174394e-07,3.063862e-08,9.2032366e-07,2.1447784e-06,2.0051155e-07,1.4113839e-05,3.243844e-05,5.870596e-07,2.5507904e-07,1.9156271e-08,6.376311e-06,2.738358e-07,1.2785372e-06,8.3331656e-07,1.02781963e-10,8.0491e-07,8.337663e-06,6.873018e-07,1.7629846e-07,4.1792933e-07,6.0967617e-05,8.584878e-06,5.282345e-07,8.109748e-08,1.5107972e-08,2.0360692e-06,1.5854844e-06,0.0013692726,7.8757535e-07,1.4858356e-06,4.2010438e-08,6.926046e-08,8.48613e-12,2.0321284e-07,2.712827e-08,4.007024e-10,1.3745499e-08,8.710644e-06,2.9836148e-08,6.339147e-07,2.1279327e-09,3.4856664e-06,2.1139861e-07,5.673034e-07,2.9740526e-08,1.9955866e-07
BC2026_Train_0034_S22_20211222_013000_005,1.5638554e-09,5.443223e-09,2.2852914e-06,1.0886005e-06,0.00021718525,1.7882391e-09,1.4786954e-09,2.5816115e-07,0.5097753,1.9784422e-06,6.7588575e-05,1.099832e-08,8.5199434e-07,2.1973072e-09,4.1137582e-07,0.9999888,9.027048e-08,8.8931716e-11,0.35802907,2.8199153e-07,3.5677846e-07,0.020518912,5.329469e-05,5.4450123e-08,0.00029498356,9.095963e-06,1.2361212e-05,5.714378e-10,7.177155e-08,1.453674e-07,3.9418478e-07,8.4388695e-08,3.7765847e-07,2.8140266e-07,2.1455726e-08,5.713727e-09,1.6398029e-10,8.111573e-08,5.9586425e-09,1.0963845e-08,1.4483425e-06,3.82278e-09,2.9826936e-07,1.5042529e-08,2.357381e-12,3.0154796e-13,1.6152804e-06,1.7575957e-07,4.6152154e-10,5.7214917e-09,4.5401035e-07,1.4893565e-07,6.107005e-08,1.4298068e-07,9.8893246e-08,3.7217905e-08,6.740092e-11,0.9968784,2.175613e-09,3.1846253e-07,0.0012374765,2.1905143e-10,1.1928287e-05,0.9975311,4.1334686e-05,2.3150963e-06,3.0357782e-07,3.904653e-06,9.9981134e-12,1.1729308e-08,2.089537e-11,2.3295085e-07,3.2118481e-09,1.815786e-06,2.6172922e-09,1.2536063e-08,4.621624e-07,1.0037796e-06,1.4489212e-06,5.8770553e-07,3.7242175e-05,1.3022172e-08,1.1168672e-05,7.73836e-07,3.0109302e-07,6.4383415e-10,4.998694e-11,3.4596584e-07,2.7695748e-06,7.607209e-08,4.115801e-06,2.8201653e-06,1.027909e-08,1.7308895e-06,3.2144355e-05,2.4416107e-05,2.0792647e-06,2.3492821e-07,3.5301167e-05,2.6361797e-06,5.371536e-08,1.818099e-08,5.645725e-07,3.445304e-06,1.7671401e-06,2.9692856e-06,7.4241138e-09,2.0414452e-10,1.4984417e-07,1.4679986e-06,7.425518e-08,1.27774e-06,2.5888036e-09,1.5637667e-08,7.857307e-06,3.6116313e-07,3.421925e-08,7.4494075e-08,5.3012656e-08,2.8497777e-06,9.576821e-08,5.8606446e-07,4.6401616e-09,0.0013156151,3.932702e-09,9.2878516e-05,3.8738057e-07,5.9667764e-07,9.0866026e-10,1.0128551e-05,1.876956e-09,2.7927777e-07,1.8438337e-07,8.712044e-09,8.724669e-08,1.5861089e-06,5.938653e-07,3.91222e-08,4.6159236e-08,9.757595e-07,1.0078986e-08,7.994776e-12,2.833377e-08,4.417456e-07,7.6094e-08,5.2876605e-09,1.7508053e-07,1.5233901e-08,1.4973047e-07,1.1957007e-06,1.8597348e-07,5.200567e-06,7.521752e-08,1.2248048e-08,1.064859e-05,5.148537e-07,2.6289813e-08,7.9023735e-08,1.5606908e-07,1.4219133e-06,3.3057113e-08,3.898644e-06,1.1741194e-08,5.272969e-08,1.4762359e-08,1.664915e-05,7.425709e-07,1.5475061e-05,1.178867e-07,1.6263136e-06,6.7866637e-07,3.3727346e-07,2.3186832e-08,1.0629096e-08,5.8068894e-05,1.7110603e-06,1.81024e-05,5.8964073e-08,7.2884046e-07,5.655462e-07,8.162961e-07,5.581227e-10,9.812879e-06,2.1761606e-07,1.2716528e-07,4.208743e-08,5.1232756e-09,3.273768e-07,5.1032606e-07,4.7092463e-08,1.2236555e-06,9.529661e-07,1.1643962e-07,1.2756786e-06,1.2090122e-05,3.349157e-07,2.2933426e-07,3.9188874e-09,8.6423875e-05,2.6024426e-07,1.5349391e-07,8.1450827e-07,2.0989639e-11,9.709298e-07,1.1781913e-05,1.1206222e-07,1.6139236e-07,1.1459931e-07,0.00011501044,2.5484735e-06,1.3901561e-08,1.053798e-07,3.7589003e-09,1.3154012e-06,6.5989843e-07,0.0008763106,2.3747978e-06,1.8236334e-06,1.5161058e-08,1.03780266e-07,2.7061292e-12,1.6981335e-07,2.6109765e-08,2.285068e-10,7.238677e-08,3.4406412e-06,1.04337595e-07,7.8301144e-07,1.3649429e-09,5.473741e-07,3.9387552e-07,4.3444243e-06,4.410001e-08,1.3598782e-07
BC2026_Train_0034_S22_20211222_013000_010,2.3272671e-10,7.898151e-09,1.268042e-06,2.943963e-07,0.00012134272,2.730509e-11,1.5174234e-10,9.150213e-08,0.010082293,2.9740136e-07,9.308566e-06,3.0872491e-09,1.4702451e-08,1.3097666e-09,5.74877e-07,0.99999964,1.3056449e-07,7.1311425e-12,0.67322683,9.6682754e-08,1.1761981e-06,0.006262385,1.710853e-06,6.454181e-09,0.00075877743,5.0622616e-06,1.6979835e-05,5.702325e-10,9.35261e-10,1.1275942e-08,1.6456012e-08,1.9094506e-09,4.875125e-09,8.206189e-08,4.7867164e-09,6.293253e-10,4.4936905e-11,1.4256329e-08,3.4100378e-10,1.3538249e-09,7.626691e-08,1.4960108e-10,4.1164583e-07,5.0955473e-10,1.231581e-13,1.433629e-14,2.7426364e-07,4.327384e-09,1.531665e-11,4.084536e-10,2.3628016e-07,1.2503448e-07,5.1676082e-08,3.8851873e-09,2.2997835e-08,1.0362338e-08,2.0175595e-12,0.99695337,5.026327e-10,6.866133e-08,0.0025729316,5.7365432e-11,6.239391e-07,0.99683255,0.0033406022,9.906406e-07,3.7746286e-08,2.2063821e-07,3.2338848e-13,1.1932819e-09,1.9089888e-12,2.3524672e-08,1.2798279e-10,2.7778546e-07,4.022262e-10,9.2802527e-10,6.388269e-08,6.503341e-08,2.6402807e-07,4.2409923e-08,2.2481522e-06,3.4624914e-09,2.8037693e-06,1.8352615e-08,1.3007054e-08,6.876148e-11,1.3064788e-12,1.4303339e-08,1.1503648e-06,1.772105e-08,7.773694e-07,4.95087e-07,8.017614e-10,5.1145403e-08,1.8281905e-06,5.675031e-07,6.612082e-08,4.0157175e-09,1.7033885e-06,2.1057544e-07,4.7655483e-08,2.8444e-09,1.6749087e-07,2.4236094e-06,2.4197638e-07,2.5067553e-07,1.170981e-09,7.5710674e-11,3.693729e-08,4.4332023e-07,2.943077e-09,8.2888846e-08,3.844231e-10,1.4114816e-09,8.829827e-06,1.0676668e-07,3.5923353e-08,2.291262e-09,1.0727689e-09,2.0622228e-07,3.0490244e-09,2.9687425e-07,6.4357386e-10,7.483581e-05,3.1131886e-10,5.794256e-06,7.119642e-09,1.6596475e-07,1.955375e-11,9.1105653e-07,4.3198606e-10,2.6071245e-08,2.5783876e-08,2.6150704e-10,1.5434715e-08,1.1019084e-06,7.142469e-08,2.9560498e-09,3.5066872e-10,7.237551e-07,3.9503292e-10,7.9908535e-13,2.8984562e-08,4.552386e-08,5.5195426e-09,1.7595724e-08,9.0118235e-08,4.455596e-09,3.992645e-09,8.6961926e-08,1.0580212e-07,1.9628889e-08,1.1551934e-08,8.495455e-09,3.4341374e-06,1.0002863e-07,3.2020964e-10,3.26804e-08,8.041482e-08,1.8564347e-08,1.904413e-09,6.136657e-07,1.7366257e-09,5.5010454e-09,2.9416682e-09,1.8074122e-07,1.3485604e-08,4.0502573e-06,4.981047e-08,4.408786e-07,1.4311082e-07,5.468638e-08,4.491696e-10,8.656996e-10,3.6403503e-06,1.5126922e-07,8.371213e-06,1.494925e-09,2.4163438e-07,2.4611813e-07,1.3229007e-08,6.236123e-11,2.4184121e-06,3.2841555e-08,1.9392878e-08,7.841622e-09,1.360135e-09,2.7249623e-08,3.4021085e-08,1.8184829e-09,9.715414e-08,2.4796827e-07,1.4529055e-08,8.728147e-08,1.084454e-05,8.4617405e-08,4.3315726e-08,4.1901405e-10,2.2526613e-06,3.2023255e-08,3.7540367e-08,5.0511176e-07,6.2027146e-12,1.3683066e-07,1.0527433e-07,5.3660365e-08,5.2887192e-09,1.7031898e-08,1.1788983e-05,1.4392315e-06,2.5923676e-08,3.791548e-09,7.070326e-10,3.2520137e-07,2.6815593e-08,0.00015411718,2.458725e-07,3.3468986e-08,4.4448822e-10,1.2705238e-08,3.929326e-14,1.3070725e-07,2.880153e-09,2.0111356e-12,8.293733e-10,1.156151e-06,2.476259e-09,1.1162725e-07,2.1426496e-11,4.4029966e-07,2.36072e-08,1.477483e-07,2.1267855e-08,1.1830009e-08
BC2026_Train_0034_S22_20211222_013000_015,3.4941688e-10,9.2787e-09,1.1092299e-06,8.8390425e-07,8.289324e-06,1.1784686e-10,4.448851e-10,4.67926e-08,0.32889497,5.760219e-05,8.898389e-05,1.5658342e-09,4.517493e-08,1.8587615e-09,1.0834602e-06,1.0,1.0638126e-07,2.646798e-11,0.29600772,1.0306932e-07,2.9078285e-07,0.4795512,4.9529285e-06,7.604771e-08,0.00012484999,3.393679e-06,4.7883173e-06,5.135495e-09,5.4560396e-09,6.4064494e-08,1.2103252e-08,4.5968647e-09,1.6154068e-09,1.4981903e-07,7.569487e-09,2.77193e-09,2.9370584e-10,8.5144706e-08,4.621481e-09,7.722577e-10,7.1016885e-08,2.9651398e-10,1.5852727e-07,2.1331017e-09,1.8953461e-13,2.4735761e-14,1.9799681e-07,1.0646059e-08,8.92597e-11,6.266208e-10,1.5304227e-07,3.033196e-08,3.825473e-08,1.1502179e-08,5.5943175e-09,1.1811739e-09,7.432585e-13,0.9698052,7.484722e-10,1.8552649e-06,0.39810738,2.460976e-12,3.2469532e-07,0.99379057,0.0025139337,1.1469011e-06,1.2056083e-07,1.1158638e-07,4.146686e-12,4.980931e-09,2.2283672e-12,1.312838e-07,1.4545261e-10,6.8376295e-08,1.6714637e-09,1.0349177e-09,2.6083535e-07,2.483635e-07,2.2009813e-07,3.796348e-07,5.999134e-07,1.6471453e-09,6.0865495e-05,1.0642202e-08,8.4728036e-08,7.3274865e-11,3.1487714e-12,2.7457318e-08,2.4623769e-06,2.7096505e-09,3.5637252e-06,3.8464756e-07,7.707131e-09,4.6645843e-07,7.406909e-07,8.690354e-07,1.2340254e-07,1.7126139e-08,8.6869153e-07,1.1279013e-07,2.0272688e-08,4.7922986e-09,1.104069e-06,1.1401831e-06,3.429248e-06,3.4115317e-07,3.713188e-09,6.5562976e-12,7.623124e-09,5.683458e-07,3.8260186e-09,2.2928549e-07,4.9290527e-10,5.269897e-10,7.603553e-08,8.111311e-08,1.9375065e-07,4.498197e-09,5.217094e-09,2.4191453e-07,1.3872746e-07,5.374252e-07,8.328941e-10,2.806996e-05,2.9106482e-09,1.8750964e-06,1.29718725e-08,1.4390148e-06,5.263636e-11,1.8747871e-06,1.0882932e-10,2.0929942e-08,9.064143e-08,1.7482936e-10,5.2591256e-09,1.7384062e-08,1.7359615e-07,1.9491785e-07,8.709652e-09,1.1538364e-07,1.3742767e-09,2.1832419e-12,1.4595577e-08,2.7238917e-08,4.0882555e-09,1.9258913e-07,4.9764605e-08,8.353159e-09,1.5270993e-08,7.784757e-08,3.037249e-08,3.3783874e-07,2.1378195e-08,5.362515e-09,2.3061186e-06,3.6739647e-07,3.0024505e-10,6.021506e-08,3.6615535e-08,3.4177962e-08,2.1419785e-08,6.393052e-07,6.8864985e-09,2.9840532e-08,1.3704596e-10,5.7789754e-07,1.4198496e-09,4.8846e-05,1.5490431e-07,2.188213e-06,5.003114e-07,8.856029e-08,1.9972689e-10,6.689178e-09,1.5823666e-06,7.293517e-08,4.1052263e-07,1.441568e-09,1.9738087e-07,5.350972e-07,3.6055332e-07,3.8947717e-10,6.2264627e-07,9.566068e-08,2.414947e-08,1.5100769e-08,2.5623745e-09,6.3757426e-08,1.5201973e-08,1.2159062e-08,1.5637436e-07,1.1028994e-07,5.6137717e-09,2.2179695e-06,4.352299e-06,1.3700381e-07,5.618154e-08,5.3672805e-10,1.1577255e-06,4.634837e-09,3.1841577e-07,1.5200762e-07,1.0692236e-11,6.299011e-08,2.1676321e-06,7.4695116e-08,1.221979e-08,1.3487501e-07,5.8137566e-06,8.360498e-06,9.906519e-09,5.973392e-08,7.2760303e-10,6.712768e-07,2.4782636e-08,0.00012543902,1.05373765e-07,5.7053953e-09,4.2550967e-09,4.5278337e-09,5.360203e-13,1.3387505e-07,7.4350814e-09,5.3161494e-12,2.1785282e-09,2.5047389e-06,6.8511874e-10,8.790934e-08,8.154123e-12,8.017107e-07,1.6065265e-07,4.355063e-07,7.200011e-08,4.041368e-08
BC2026_Train_0034_S22_20211222_013000_020,5.909236e-10,8.0265385e-09,6.1425703e-07,5.355669e-08,4.0915955e-05,1.3334046e-10,1.4966245e-10,4.245184e-08,0.35206354,1.1762221e-05,1.2764874e-05,1.8217229e-08,1.4309634e-07,2.1622717e-09,3.588727e-07,0.99999976,1.2971087e-07,1.3487668e-11,0.98394394,2.3658431e-07,3.7042915e-07,0.33883378,3.719199e-05,2.8506365e-08,0.0017509017,1.385866e-05,1.2320937e-05,1.2769489e-09,1.44180525e-08,2.212092e-07,2.1406144e-08,1.0872113e-08,1.633178e-08,1.09324425e-07,1.4013452e-08,4.317309e-09,9.475276e-11,2.5536082e-08,4.62928e-09,1.61383e-09,2.3285025e-07,6.911364e-10,9.208181e-08,2.9183804e-09,3.559581e-13,6.4715086e-14,3.00607e-07,4.4450537e-09,8.5717995e-11,5.295197e-10,2.5260087e-07,8.067584e-08,8.848567e-08,8.822527e-09,2.3714652e-08,4.456023e-08,2.3522785e-12,0.98809487,6.6102596e-10,1.8400202e-07,0.19526213,1.8657926e-11,1.0623178e-06,0.9991505,1.6277738e-05,3.4425548e-06,1.669012e-07,3.7096547e-06,4.551899e-12,7.407733e-09,5.634227e-13,5.098469e-08,2.700661e-10,3.6840478e-07,1.8968727e-09,2.1632494e-09,7.1283004e-08,3.5388487e-07,5.5302834e-08,5.874169e-08,3.91241e-06,1.3108388e-09,1.5551428e-05,4.117981e-08,3.4677086e-07,2.9516074e-11,8.746012e-12,1.3514551e-07,2.1218502e-06,1.6813384e-08,9.840588e-07,4.866116e-07,1.7097997e-09,1.1895778e-07,3.5089465e-06,9.815863e-07,6.432959e-08,8.252193e-08,2.101769e-06,7.898499e-07,1.6039097e-08,7.012628e-10,9.207108e-07,1.1226026e-05,4.3612945e-06,2.2314966e-07,6.6334993e-10,3.2965013e-11,2.348352e-08,4.0045913e-07,1.0373589e-08,1.3090689e-06,4.821111e-10,9.0930347e-10,7.963766e-07,8.9282636e-08,3.6008277e-08,7.365397e-09,1.6858333e-09,8.918875e-07,3.0131395e-07,1.9730165e-07,1.4509967e-09,3.6134974e-05,4.4647326e-09,6.7107394e-06,8.8698236e-08,4.3319983e-07,1.6880965e-11,3.808238e-06,1.0894236e-09,4.2681773e-08,4.9896713e-08,7.508414e-10,2.6736585e-08,1.0193812e-07,3.962521e-07,4.468475e-08,1.6642552e-09,7.1124913e-07,5.237081e-10,3.820245e-12,7.908401e-09,7.4862704e-08,7.517893e-08,2.2940267e-08,3.9387242e-08,4.7860502e-09,9.7480415e-09,1.2226579e-07,6.445266e-08,9.2961403e-07,3.7564362e-08,5.3911275e-09,7.0828503e-07,9.603727e-08,3.0286146e-10,1.8777051e-08,9.747893e-09,1.06497396e-07,1.2883084e-08,6.4434516e-07,1.2904275e-09,4.766955e-09,9.323808e-10,2.25682e-06,2.2914161e-08,8.140989e-06,2.3669461e-08,7.692094e-07,7.713752e-08,2.904907e-07,6.51175e-10,1.4247569e-09,2.8933912e-06,5.374467e-07,6.035286e-07,3.410046e-09,3.2634097e-07,2.724939e-07,1.1675186e-07,5.4791536e-11,1.1923336e-06,5.7262866e-08,9.158573e-09,2.4949762e-09,1.304827e-09,1.4981045e-07,1.2349196e-08,1.020548e-08,3.550884e-07,4.0240855e-07,8.5438305e-09,4.4839535e-07,3.059386e-06,3.5581076e-07,9.499575e-08,4.346142e-10,5.003284e-06,9.969393e-09,1.7757118e-08,4.176508e-08,3.9138706e-11,7.77265e-08,3.7878783e-07,1.3161801e-07,1.1940686e-07,2.261259e-07,9.512096e-06,5.404849e-07,6.275373e-09,7.608166e-08,3.8688283e-10,1.9086309e-07,8.0851294e-08,0.00032941104,1.0420594e-07,1.4278173e-07,5.280683e-10,4.9083244e-08,2.8319166e-13,2.2803286e-08,2.0527e-08,1.6005305e-11,1.1549174e-09,1.100027e-06,9.371663e-10,1.804906e-07,9.7266355e-11,2.2802836e-07,1.9874403e-08,2.5547658e-07,2.2049575e-08,1.6208828e-08
BC2026_Train_0034_S22_20211222_013000_025,9.897514e-08,8.8447507e-07,7.2943454e-05,2.158649e-07,0.00019536243,5.298079e-09,1.6909213e-09,4.29179e-07,0.01924093,6.096762e-06,1.2256024e-06,2.804326e-07,9.193315e-07,1.5096137e-07,4.3177133e-06,0.999637,9.62766e-07,6.4999983e-10,0.8192853,6.023079e-07,4.1125563e-06,0.17028423,0.0020795767,1.539347e-07,0.00028426063,7.656895e-05,4.040529e-05,1.04264135e-08,1.9298369e-07,3.966631e-07,1.3978993e-07,9.9775775e-08,1.0019647e-07,6.297119e-07,1.0889571e-07,3.2657965e-08,2.4462118e-08,1.0251815e-06,9.895471e-09,7.580066e-08,6.9998123e-07,8.88645e-09,3.5463083e-07,3.801202e-08,2.5745213e-11,1.0842753e-11,1.0752143e-06,2.9596338e-08,5.217472e-09,1.4931874e-08,1.3042489e-06,6.112709e-07,4.0045452e-07,1.389213e-07,4.2007514e-07,3.8171137e-07,4.4735274e-10,0.029178264,1.3673227e-08,1.5783695e-07,0.013066634,6.607382e-11,1.3492366e-06,0.9779823,2.483032e-05,3.366536e-05,4.5855404e-07,5.4722086e-06,6.8532263e-10,7.796302e-08,7.037722e-11,1.5513821e-06,5.81226e-08,9.801421e-06,2.766813e-08,1.9489327e-08,1.4070856e-06,1.3489791e-05,2.483818e-06,2.715688e-06,1.5789623e-05,2.4071807e-07,8.379092e-05,4.3933537e-07,5.6163403e-06,3.6767878e-09,1.8310466e-10,1.7194927e-06,2.6190815e-05,4.0364334e-06,2.927838e-06,1.3529007e-05,1.0110452e-07,6.0047028e-06,9.7505785e-05,1.3585524e-06,1.944733e-06,3.0731528e-06,5.3101452e-05,5.4180373e-06,3.9072233e-06,2.323008e-08,1.6944054e-05,0.00020430986,3.981999e-05,1.7973923e-06,5.6478083e-08,1.0028476e-08,2.1436179e-07,1.1013947e-06,4.2345786e-07,8.5480415e-06,1.810372e-08,1.0368668e-07,2.3712746e-05,1.5653268e-06,3.779554e-07,1.5271526e-06,1.6220693e-07,8.2061e-05,7.906812e-06,2.1731877e-05,6.905784e-08,0.0013249429,4.6532275e-08,0.002749176,2.3752734e-06,1.3843681e-05,5.7181095e-09,1.0476886e-05,1.8876761e-07,8.5786553e-07,4.776878e-07,2.8050934e-07,2.734433e-07,1.0885883e-05,3.746599e-05,6.5344375e-07,6.658833e-08,3.1162417e-06,2.3258042e-09,1.6909891e-09,5.843322e-07,1.0115675e-05,4.185259e-06,1.6086607e-07,3.6570734e-07,7.083952e-08,1.2449667e-07,8.3716543e-07,2.6179484e-06,8.781136e-05,7.7346783e-07,3.3247886e-08,3.0263334e-05,2.2823012e-06,3.6718127e-08,2.2322246e-07,1.3342397e-07,6.0539514e-06,1.1111102e-06,1.9864014e-05,9.57357e-08,3.1948858e-07,1.5720872e-07,1.5253548e-06,8.3817764e-07,3.7260437e-05,9.4232365e-07,1.5337146e-05,4.081389e-06,2.9561856e-05,4.2650115e-08,2.706236e-07,9.8420125e-05,3.2127246e-06,1.5569294e-05,1.03273386e-07,2.1704e-06,2.2473298e-05,3.1902384e-06,3.1955828e-08,2.163178e-05,6.624839e-06,2.00435e-06,1.4257803e-07,9.2673304e-08,1.7517253e-06,4.2166175e-08,8.2431946e-08,4.349154e-06,1.0084813e-05,7.9276737e-07,1.417612e-05,4.2572534e-05,2.5498907e-06,1.2591266e-05,3.7802995e-08,0.00010940307,5.017142e-07,7.024662e-07,1.2768933e-06,8.669178e-09,4.858924e-07,5.659752e-06,4.542976e-06,1.344838e-06,6.5572126e-06,0.00020656719,2.069048e-05,3.5390175e-07,1.069833e-06,2.5222603e-08,4.6317473e-06,1.8705152e-06,0.0001338871,1.1657807e-05,2.6814728e-06,4.6960253e-08,3.3750644e-07,7.936848e-11,4.5601346e-06,4.1655974e-07,7.192583e-09,1.7323952e-08,7.928178e-05,8.3341135e-08,1.3578245e-06,2.6118117e-09,2.4162614e-06,2.0158372e-07,6.782776e-06,3.4036404e-08,8.221908e-07
BC2026_Train_0034_S22_20211222_013000_030,6.344496e-11,2.052061e-09,2.4009664e-08,2.2418652e-07,9.070444e-07,2.485038e-11,3.3658944e-11,3.9203973e-09,0.025907911,1.1780604e-06,5.3205144e-06,1.4354277e-09,1.4524623e-08,1.1488558e-09,1.0818439e-07,0.9999999,1.1649333e-08,7.0411285e-12,0.9955448,1.18709934e-07,5.534093e-08,0.007841564,3.3901808e-05,1.2189271e-08,0.00017034943,1.3473169e-06,4.6622235e-06,1.9438864e-09,2.3757979e-08,3.300432e-08,4.8003854e-09,8.950306e-09,6.7315806e-09,8.5453834e-08,1.070102e-09,1.9674193e-09,5.2629134e-11,1.4067548e-08,1.6673277e-09,3.026751e-09,3.5722884e-08,2.1847436e-10,5.824656e-08,2.3051003e-09,6.8983786e-14,9.148279e-15,8.7782674e-08,1.3833973e-09,6.078479e-11,1.180304e-10,4.2158778e-08,2.1809239e-08,3.2775223e-08,6.628924e-09,2.767969e-08,8.580097e-10,1.2842209e-12,0.9936214,3.403486e-11,1.334647e-07,0.014613617,2.498973e-12,3.086356e-07,0.81117916,7.597906e-05,1.0123945e-06,1.0661668e-07,2.1134922e-07,5.9842685e-13,8.445222e-10,3.7300607e-13,4.5735935e-09,2.2987813e-10,4.7028912e-08,2.9070528e-09,7.2044143e-10,2.0188995e-08,2.178044e-07,1.7013164e-08,1.3939096e-07,1.5253447e-06,2.6251254e-10,4.953575e-05,2.7609087e-08,6.500649e-07,5.6758426e-12,9.15704e-12,5.0014766e-08,1.1382505e-06,4.283842e-09,1.4738029e-07,5.987445e-07,6.096083e-10,2.1853782e-07,1.1624318e-06,5.509564e-08,1.6671597e-08,3.5680944e-07,3.7079567e-06,1.8817408e-06,9.976431e-09,9.132907e-10,1.4356768e-07,1.1959164e-06,1.346266e-07,6.422146e-08,3.2183098e-10,1.723664e-12,8.299165e-09,9.951084e-08,1.93799e-08,8.124393e-07,5.7791133e-10,2.373929e-10,1.424293e-08,3.0634186e-07,2.4069918e-08,3.2127792e-09,1.8271286e-10,6.7168145e-07,1.3965229e-07,8.4856765e-08,6.602976e-10,5.6974433e-05,4.135238e-10,7.484692e-07,1.8258103e-08,1.8261917e-06,2.2559132e-11,5.756917e-07,4.55822e-10,1.2325359e-08,1.1953435e-07,8.436331e-11,5.2383027e-09,2.2532934e-08,5.407153e-08,1.0611275e-07,5.709336e-09,1.8701856e-07,1.4935447e-10,5.655796e-12,6.232392e-10,1.31398865e-08,1.4465071e-08,3.8700847e-09,1.510388e-08,6.954371e-09,3.9733643e-09,7.200945e-08,2.015132e-09,1.1963995e-07,2.3743528e-08,4.0934913e-09,1.4650881e-06,1.0750435e-07,1.15553594e-10,1.1036811e-09,3.0355576e-08,7.191502e-08,1.5574048e-07,2.6766722e-07,2.3861189e-09,6.624753e-09,1.3889274e-10,2.484206e-07,2.5394e-09,1.710762e-05,4.172907e-09,2.08091e-07,3.080245e-08,5.474273e-07,1.4323145e-10,2.3520264e-09,1.7144414e-06,1.589134e-07,5.8389496e-08,3.1250647e-09,5.2782514e-08,8.9550457e-07,2.3409907e-08,3.6830934e-11,6.451587e-07,4.1873797e-08,3.1803742e-09,1.4815948e-09,1.6869195e-10,7.5947845e-08,2.4478626e-09,5.167478e-09,9.4097516e-08,4.6129486e-08,1.8309986e-09,4.1607575e-07,2.4716962e-06,5.3443927e-08,2.1477796e-08,2.7142685e-10,8.69825e-06,8.97643e-09,7.159992e-09,6.7202532e-09,1.5798115e-12,1.1362214e-08,6.063422e-07,1.2259383e-08,8.482085e-08,3.2635302e-08,3.0175754e-06,7.5571114e-07,1.258575e-08,2.2039954e-07,5.159606e-10,1.0361334e-07,1.168928e-07,0.0003768855,1.6660344e-08,6.1688894e-08,2.3647428e-09,2.4272305e-08,4.892485e-14,2.0739979e-09,2.273544e-09,7.028945e-12,3.6868203e-10,2.4610388e-06,3.4829833e-10,3.4688924e-07,2.8608125e-11,4.1201808e-08,1.884091e-08,2.9444263e-07,1.4271558e-09,9.952388e-09
BC2026_Train_0034_S22_20211222_013000_035,7.00398e-10,9.619714e-08,1.8036119e-06,1.4098097e-06,2.319028e-08,1.5412246e-11,3.065274e-10,1.9452893e-08,2.4949237e-05,2.8518826e-07,3.1876505e-06,9.40998e-09,9.81041e-10,1.6946771e-08,1.095257e-05,0.99999785,5.641489e-08,3.5483866e-11,0.69762045,7.82037e-08,5.819292e-07,0.00367062,3.4081582e-05,7.4564014e-08,0.00042694388,2.44869e-05,0.00042740707,8.169457e-08,2.0895838e-08,2.0555902e-07,3.0982032e-09,1.0513878e-09,2.0218234e-09,9.490466e-08,1.451387e-09,3.0566054e-09,3.0336025e-11,1.8715944e-08,3.3302502e-10,2.2421458e-09,2.2445215e-08,1.2603658e-10,1.025688e-06,8.419798e-09,3.213398e-13,6.653482e-14,1.4771139e-07,8.009146e-10,7.898066e-11,5.306956e-10,3.6738303e-08,3.6615187e-08,1.8411237e-08,1.5004732e-08,1.7685561e-08,4.1196446e-09,7.128395e-12,0.025109507,1.1604907e-09,2.3437322e-07,0.00054380856,1.2827105e-12,1.7896051e-06,0.006718304,0.00061050564,1.6471293e-05,1.449871e-06,1.8584682e-08,1.0053474e-11,1.7400616e-08,2.745306e-13,2.189246e-09,2.4381006e-09,2.3045214e-08,1.6954498e-08,6.946682e-09,3.563619e-07,2.2326651e-07,1.8328451e-07,2.0581832e-07,4.836704e-07,2.537536e-09,0.0034566002,1.1738041e-07,6.3893012e-06,5.1623034e-10,1.6565735e-11,9.507441e-08,4.7193944e-06,1.2410874e-08,1.7310019e-06,2.6071102e-06,7.826801e-08,1.4550443e-07,9.0556034e-07,7.5991005e-07,4.047524e-08,5.5303886e-08,3.6913425e-06,1.2904513e-06,3.977633e-09,6.8470363e-09,3.0679496e-06,6.266758e-07,2.4203453e-07,3.440814e-07,2.158979e-09,2.157429e-11,3.9825316e-08,1.5619371e-06,5.366987e-09,1.2107266e-06,9.248097e-09,5.089547e-09,9.286543e-09,6.186581e-07,1.8940669e-07,7.195053e-09,2.6770046e-09,6.6326775e-06,1.8540607e-06,7.266832e-06,4.731572e-09,3.4634224e-05,3.5116616e-09,8.33167e-06,6.9844663e-09,1.3400919e-05,7.18576e-11,6.5029246e-07,6.2702283e-09,4.514767e-07,1.3131998e-07,1.2222039e-10,2.0186328e-09,1.0598508e-08,1.4054478e-07,1.2709597e-06,3.406706e-08,1.1868271e-08,2.2288e-09,2.9971737e-11,2.4072211e-08,4.645486e-08,5.4558313e-09,3.1717468e-07,4.4199545e-08,5.6467634e-08,4.9943822e-09,1.1542902e-06,4.341904e-08,1.8147786e-07,4.1708924e-07,2.780378e-07,4.827525e-06,2.6889043e-07,5.7875293e-10,3.6774679e-09,6.612814e-06,1.09416e-07,6.3878105e-07,3.867833e-07,3.205423e-08,7.281994e-08,2.501107e-10,1.753786e-08,7.5355877e-10,3.3515927e-05,5.255368e-07,3.791607e-05,3.6691185e-07,1.4225644e-05,5.330092e-11,6.8921886e-09,3.4903135e-06,6.500068e-08,4.5853528e-07,2.9812466e-09,9.1094826e-08,2.6996215e-06,4.118397e-08,3.7437173e-09,2.7445806e-06,1.8897349e-07,4.17415e-08,1.2599586e-08,1.7668055e-09,9.148782e-08,4.7926022e-08,4.7902238e-09,1.8860386e-07,4.105778e-07,3.266532e-08,6.797891e-06,2.9588718e-06,5.528707e-07,4.7014342e-07,2.3329974e-09,3.3573897e-06,1.5776616e-08,5.2563898e-08,5.059048e-07,3.4321352e-12,1.4300004e-07,1.6276805e-07,1.53849e-07,1.0106899e-08,9.9349265e-08,2.4043402e-07,5.8416786e-06,2.3542164e-07,6.5913736e-07,8.198238e-09,1.1717063e-06,2.8309948e-08,2.1009808e-05,5.178324e-08,4.1308905e-08,1.0361033e-08,6.4313124e-09,2.7395222e-12,2.9725895e-08,7.296981e-08,1.03743514e-10,1.7196086e-08,1.186118e-05,5.963264e-11,1.2834223e-06,3.6875802e-10,6.0842694e-07,6.8957473e-07,5.583218e-07,3.3213283e-08,1.0040461e-07
BC2026_Train_0034_S22_20211222_013000_040,1.476324e-11,3.4682365e-08,2.2529926e-08,4.76949e-07,6.8135813e-09,5.495591e-13,3.12328e-11,1.8187708e-09,2.188735e-06,2.2472031e-08,2.7527985e-06,2.3466982e-09,2.8072042e-10,1.0727218e-09,1.6736792e-07,0.9999993,6.4007426e-09,9.824945e-13,0.9998293,1.4653142e-07,3.3027934e-08,0.0008090494,6.7443835e-07,2.1383334e-08,8.6409374e-05,6.3078e-07,4.351235e-05,1.7618317e-09,4.9046606e-10,1.7557005e-08,1.4934429e-09,2.2345281e-10,3.9828185e-09,4.405436e-08,1.1757614e-09,4.6165977e-10,4.7013685e-11,1.815756e-08,2.0743122e-11,3.6119974e-09,2.52852e-07,1.4219186e-11,1.8328252e-06,2.9085764e-10,1.734526e-14,1.6761164e-15,1.5854675e-07,9.9788004e-11,1.2171527e-11,3.1346803e-10,1.196058e-08,1.9762969e-07,3.195065e-08,1.9495051e-08,6.2581876e-08,2.2911701e-09,2.6935322e-13,0.9973456,4.2574874e-11,1.5289793e-08,7.98749e-05,2.1154522e-13,2.5145343e-07,0.100648426,2.3970098e-05,5.7335556e-06,1.2534708e-06,8.077681e-09,2.8470214e-13,1.6911204e-10,5.6647293e-14,3.442955e-11,1.6848743e-10,6.348013e-09,1.9572801e-09,1.5226778e-09,8.9929195e-08,3.3200426e-08,4.619112e-08,4.909164e-09,6.0704004e-08,7.3317125e-10,5.274224e-06,2.863441e-09,1.5794713e-08,2.3360675e-11,9.782685e-13,1.13215e-08,1.14442365e-07,1.4671546e-09,3.9864606e-08,1.4077403e-07,3.919453e-10,3.4962053e-08,2.8281542e-07,3.5249705e-08,4.2786814e-09,1.0041553e-07,5.030725e-07,4.2925106e-07,3.191021e-08,4.507528e-11,2.7623685e-07,6.802935e-07,5.911031e-09,7.159312e-08,1.4841989e-10,3.3303484e-12,6.698999e-08,1.0259766e-06,2.05951e-10,3.3234676e-07,1.3299358e-09,1.6522354e-10,1.415758e-09,1.2712368e-07,1.0497412e-08,9.914888e-10,7.78381e-11,8.0843415e-07,5.1804645e-09,3.4844302e-06,2.756481e-10,2.454649e-06,3.6421983e-11,4.149961e-06,4.0873493e-10,2.3629052e-07,4.6693105e-12,2.2699557e-07,1.7366115e-10,3.5977596e-08,8.755238e-09,1.2204793e-11,5.4887905e-10,3.6020356e-09,4.5427124e-09,2.969246e-08,9.3061314e-10,6.1826797e-09,1.9648448e-11,2.0149676e-12,1.8131355e-09,4.1424157e-09,4.517738e-10,2.5037812e-09,6.372688e-09,7.9786067e-10,2.5256516e-10,9.734556e-08,5.723413e-09,1.881361e-09,2.619511e-08,1.2192945e-08,1.7146573e-06,2.6365925e-09,2.0765646e-11,2.871753e-10,7.054302e-07,3.1659695e-09,1.6748957e-07,2.241211e-07,5.1227944e-10,6.1869145e-09,3.6944493e-11,2.9672755e-08,3.2905603e-10,5.1648345e-07,4.039409e-09,1.561118e-07,1.4234666e-07,9.341637e-08,1.5465662e-11,2.930897e-10,1.9179569e-07,1.4372803e-08,6.451808e-08,3.8851852e-10,4.1125006e-09,6.7278353e-07,2.9626768e-09,7.1476366e-11,5.488911e-07,5.0633577e-08,1.477968e-09,3.004129e-10,4.3170273e-10,1.5945911e-08,1.1724807e-09,7.509302e-10,3.765353e-08,1.855808e-08,3.3326601e-09,8.053993e-08,2.2649485e-06,2.1867015e-08,7.921373e-08,2.693305e-10,2.2975262e-07,1.0633125e-09,3.5395078e-09,4.9550074e-08,7.3809035e-14,8.012481e-09,1.25956205e-08,4.2669464e-09,4.67674e-10,2.4762827e-09,1.4918186e-07,1.8311711e-07,8.221934e-08,8.588226e-08,1.6094732e-10,2.1142354e-08,3.1355851e-09,1.0649576e-05,5.801161e-08,2.7209668e-09,7.340388e-10,9.650966e-10,7.729811e-14,1.9226947e-09,4.1768167e-09,1.7232826e-12,7.5991957e-10,1.5542298e-06,2.2896475e-11,9.58466e-08,4.7814534e-12,3.1963154e-07,7.8869355e-09,8.681108e-09,2.3280752e-10,8.950614e-09
BC2026_Train_0034_S22_20211222_013000_045,2.3855354e-10,9.1833115e-08,1.0778425e-06,8.284132e-06,3.175344e-06,2.6022481e-10,1.2508469e-09,2.683949e-08,0.24990946,8.5926143e-07,3.441846e-05,6.13933e-09,6.760173e-08,6.670475e-09,4.1945987e-07,0.99999976,1.3516635e-08,5.5629234e-11,0.9781516,3.465956e-07,2.1596992e-07,0.009628426,4.634292e-06,1.08674946e-07,0.0008223385,2.1630089e-05,6.451261e-05,4.0835175e-09,2.1748889e-07,1.5176514e-07,3.8611727e-08,1.0316785e-07,4.9413412e-08,8.5539774e-08,4.221357e-08,3.8966252e-08,2.5519635e-11,3.247646e-08,9.422368e-10,4.790254e-08,2.9833592e-07,1.7993208e-09,1.0643399e-06,7.839067e-08,1.6340877e-12,1.2952507e-13,1.790428e-06,2.896378e-08,1.8612094e-09,1.2782898e-08,5.986184e-07,1.2875662e-06,3.665425e-07,1.2711544e-07,7.4911185e-07,2.6676734e-08,4.5729583e-12,0.99890816,8.539363e-10,2.7509037e-07,0.06915937,2.756222e-11,6.8248605e-06,0.97084874,2.7774604e-05,8.330088e-06,2.2240697e-06,2.5465179e-06,6.2915307e-12,4.370009e-09,2.001813e-12,5.8281535e-09,5.060196e-10,7.5420744e-06,6.816948e-09,5.999e-09,2.3160538e-07,1.5206605e-07,2.0981872e-07,1.2782318e-07,1.3809569e-05,3.6547558e-09,2.3309196e-05,7.51841e-08,1.3186631e-06,2.5983202e-10,3.2592223e-10,4.4160453e-07,2.9433588e-06,9.622022e-09,5.0297984e-07,7.568962e-07,4.6196478e-09,7.081803e-07,6.547826e-06,2.33197e-06,1.640082e-07,6.638948e-08,8.7813305e-06,7.039557e-07,6.751473e-09,1.1003545e-08,1.7328186e-06,3.413088e-06,1.5701318e-07,8.330814e-07,1.6073697e-09,4.3309793e-11,1.02548896e-07,2.2458808e-06,2.6879706e-08,6.7127417e-07,1.7793793e-09,1.9595325e-09,3.5801335e-07,8.635695e-07,1.0975335e-07,1.2625759e-08,7.768245e-09,3.0271738e-06,2.2508176e-07,9.1009616e-07,4.0434327e-09,0.00019436562,2.3052456e-09,3.6975984e-05,4.3789388e-08,4.148612e-06,6.275187e-11,9.73758e-07,3.843873e-09,1.03011544e-07,7.064172e-08,3.2547887e-09,2.7375169e-08,5.8967327e-08,6.897688e-08,1.1169584e-07,2.0872614e-08,6.922203e-08,3.0105246e-10,6.9014777e-12,4.1796557e-08,5.7826252e-08,2.8093925e-08,1.430587e-07,4.3967393e-08,8.2516385e-09,1.9133195e-08,6.5698924e-07,3.7247239e-07,2.0858333e-07,1.6438057e-07,2.3682421e-08,3.37597e-06,3.4408833e-07,5.3336646e-10,2.1852962e-08,4.84228e-07,1.534904e-07,3.8845076e-08,1.0524985e-05,1.179952e-08,1.6127476e-08,2.6901181e-09,6.7645137e-06,2.5649381e-08,7.2094626e-06,2.8594203e-08,3.4549907e-06,5.7157456e-07,2.4793752e-07,3.4214848e-10,1.0232469e-09,4.203226e-06,2.6533536e-07,2.515684e-06,1.1499306e-08,3.734053e-07,1.6023814e-06,1.17957995e-07,1.4123919e-09,2.3249663e-06,9.471333e-08,2.0237687e-08,3.4490846e-09,3.5878491e-09,4.803099e-07,7.94511e-09,4.2495083e-09,5.522157e-07,5.376251e-07,1.1204e-07,2.882111e-06,1.5639893e-05,1.1456095e-07,6.1844986e-08,1.6709537e-09,7.293349e-07,5.5657754e-08,6.923959e-08,4.8007405e-07,5.8425135e-12,8.527392e-08,4.7673166e-06,1.6216966e-07,2.6668848e-08,9.518325e-09,3.5361575e-06,1.4988807e-06,1.3624835e-07,2.0300244e-07,1.3327952e-09,4.157263e-07,6.669523e-08,4.1911222e-05,2.9456285e-07,8.430248e-08,3.4012573e-09,2.9465214e-08,8.573737e-13,2.0453252e-08,2.4327369e-08,6.990096e-11,1.8207293e-08,4.7769286e-06,8.0791096e-10,7.412146e-07,6.203963e-10,2.5678319e-06,9.004728e-08,2.9051344e-07,1.1877533e-08,5.4708078e-08
BC2026_Train_0034_S22_20211222_013000_050,5.861399e-12,9.595874e-08,3.672107e-08,7.250995e-07,1.00485465e-07,3.1916904e-12,3.002525e-10,5.877145e-10,0.0007016403,1.0261695e-06,4.8942406e-06,9.2064006e-10,1.5533823e-09,1.5508688e-09,3.279549e-07,1.0,6.831161e-09,9.0414586e-11,0.99223584,1.398464e-08,1.8645824e-08,0.06928687,1.043089e-06,3.507152e-08,9.0281595e-05,1.9213564e-07,1.4139906e-05,1.3293144e-09,1.5163401e-08,1.0086217e-08,3.9053516e-09,2.396011e-09,2.2489184e-08,6.980927e-08,1.1812483e-09,3.879967e-09,5.91151e-11,3.9206455e-08,1.0961664e-09,1.2133201e-09,7.6823014e-08,1.6650893e-10,3.1913748e-07,4.9323465e-09,7.579884e-14,9.420979e-15,7.576227e-07,2.8622901e-08,4.880453e-10,2.0530708e-09,3.8619977e-08,2.4981155e-08,2.020552e-08,1.9824162e-08,1.5383282e-08,7.140183e-11,1.5665458e-12,0.96171314,3.0761015e-11,1.0455254e-07,0.023647638,1.6858008e-13,7.766263e-08,0.5738172,0.03841436,4.689129e-07,4.08666e-07,3.699438e-09,2.538999e-12,6.203774e-10,9.598773e-14,1.6388159e-09,1.313689e-10,8.3427494e-08,5.440452e-09,9.897128e-10,1.4736366e-08,9.823114e-08,1.1583618e-08,7.830699e-08,1.5546372e-07,1.4399247e-09,0.0010324061,2.2121146e-08,3.1703195e-07,1.0898881e-11,5.482779e-12,1.5773697e-08,9.556545e-07,1.6954523e-09,4.362299e-08,6.385326e-07,9.228381e-09,8.913229e-07,8.381746e-08,4.243395e-08,3.3575574e-08,9.231753e-07,3.3501356e-06,9.55957e-07,9.159971e-09,4.216149e-09,3.423522e-07,3.3584197e-07,2.6843429e-08,1.9175471e-07,4.4429832e-10,8.302599e-13,2.5793798e-09,1.0350036e-07,5.1907714e-09,2.3489685e-07,1.8000956e-10,5.0856118e-11,4.5010635e-09,7.597769e-08,6.92083e-08,3.1534644e-09,3.309582e-10,1.7081124e-06,1.9046652e-07,9.362459e-07,6.441827e-11,2.6544405e-05,4.5557315e-11,1.5428099e-06,3.6042482e-09,6.276942e-06,5.8651005e-12,2.5914835e-07,5.040026e-10,3.612378e-08,5.752598e-07,7.695753e-11,1.581677e-09,1.9648432e-09,2.6425447e-08,3.8754422e-08,4.3591704e-09,6.398427e-08,1.2669772e-10,2.2161484e-11,8.495191e-10,5.8240532e-09,4.0444585e-09,1.7105313e-08,3.286855e-09,1.8213651e-08,4.1974615e-09,1.7384293e-08,3.311105e-09,2.4733103e-08,4.249113e-08,9.0482475e-09,3.1439822e-06,1.645347e-08,2.9640925e-11,1.0950317e-09,1.5008014e-07,5.853211e-08,1.9099637e-07,7.411977e-08,8.8211465e-09,1.1204744e-08,1.5917413e-11,2.6074826e-08,6.0732314e-10,1.7024213e-05,2.7803277e-09,1.0069733e-06,1.3995427e-07,3.5008345e-06,4.883242e-12,6.6253686e-10,2.20102e-06,1.6249222e-08,1.2030459e-07,1.8434279e-09,1.6304204e-08,5.232728e-07,2.7912153e-09,1.0479016e-10,3.5831425e-07,7.0737315e-08,1.3544998e-08,2.4746443e-09,1.2707284e-10,3.7034287e-08,6.2665906e-10,8.093994e-10,4.9802207e-08,1.2163811e-07,4.203783e-09,2.57919e-06,6.6581015e-07,3.941776e-08,2.1896394e-08,3.4926607e-11,1.5879175e-06,2.5025601e-08,8.6471774e-10,5.2436825e-08,3.5753608e-13,7.64482e-09,7.3836155e-08,9.5501305e-09,3.5187234e-08,7.1387745e-09,3.7356452e-07,6.8334316e-07,5.1459494e-08,3.194313e-07,5.860533e-10,8.3572424e-08,7.573325e-10,1.3764719e-05,7.531122e-09,1.4141501e-08,5.511734e-10,8.7017975e-09,3.5797804e-14,4.6843307e-09,1.0271035e-08,7.305991e-12,2.0753632e-09,1.1987152e-05,4.415297e-11,8.408311e-08,1.8551055e-10,1.7782288e-07,1.5335608e-07,7.050011e-07,1.9567052e-09,2.5590776e-09
BC2026_Train_0034_S22_20211222_013000_055,4.4972057e-11,2.0745052e-08,3.008708e-08,2.9711382e-06,1.8021447e-08,1.7527667e-11,8.08666e-11,7.310083e-10,4.996501e-05,1.259986e-06,1.5829612e-06,2.428628e-09,1.5120101e-09,7.058741e-09,1.4902743e-07,1.0,2.7064447e-08,3.123286e-11,0.99842024,3.2328052e-07,2.6200606e-08,0.039286666,2.1628396e-06,3.222914e-08,3.1843218e-05,5.795958e-07,3.2710261e-06,1.0851396e-08,2.9658506e-07,8.943809e-08,9.1453245e-09,1.66041e-08,5.0518114e-08,6.8352044e-08,2.409866e-09,2.2619616e-08,9.5948895e-11,4.6778865e-08,8.804569e-10,2.207895e-08,7.10883e-08,1.5287299e-10,1.0828085e-06,5.3597876e-08,2.7095885e-13,1.841494e-14,1.8950153e-07,8.170139e-09,2.8985747e-10,8.608948e-10,8.776794e-08,1.0312241e-07,1.7587209e-07,1.4419621e-08,1.6742314e-07,9.898354e-10,1.6514337e-12,0.97307354,5.477942e-11,7.575439e-07,0.003110169,2.5095145e-12,6.1889943e-07,0.8427356,0.0005839454,2.1380963e-06,5.641806e-07,4.1533593e-08,4.752794e-12,4.5641968e-10,2.601073e-13,1.611892e-09,1.4976189e-09,3.912242e-08,6.745166e-09,7.2622113e-09,1.8561504e-07,1.2054622e-07,8.4681666e-08,1.8058873e-07,1.4926482e-07,8.873776e-10,0.00013365889,1.609557e-07,5.6490313e-07,1.8859145e-11,1.14129565e-11,2.2437897e-08,1.9020526e-06,2.9820498e-08,1.0479052e-07,4.5919302e-07,3.4371126e-09,8.732549e-07,7.807871e-07,7.1107564e-08,1.4172528e-08,8.2969814e-07,3.8628964e-06,1.5981404e-06,5.9725494e-08,2.7362557e-10,2.353974e-07,2.2970396e-07,1.15585834e-07,9.737658e-08,2.7873143e-10,7.267105e-12,2.7430517e-08,2.1356581e-07,1.3565986e-09,7.0672235e-07,1.7673581e-09,5.1602755e-10,8.988525e-09,3.0174843e-07,8.99388e-08,3.9811554e-09,1.596538e-09,1.1463817e-06,1.3578538e-07,7.8750395e-07,1.8597215e-10,3.4092962e-05,1.6552194e-10,9.873377e-07,9.5664285e-09,1.2098322e-06,2.9683186e-11,4.6690485e-07,3.2105293e-10,2.9021712e-07,1.821152e-07,1.8233721e-10,2.0608313e-09,2.2012712e-09,7.8934406e-08,5.5992846e-08,5.890312e-09,2.2666086e-08,2.686845e-10,1.497726e-11,2.1024668e-10,2.0533305e-08,1.5388352e-09,2.602185e-09,4.3410737e-09,1.2330979e-08,9.510812e-09,2.0638853e-07,7.224784e-09,1.8149391e-08,9.1725106e-08,1.8238923e-08,3.4150419e-06,2.5898222e-08,2.488369e-10,3.6339634e-10,8.507245e-07,1.413711e-07,3.706988e-06,1.7809545e-07,7.0849357e-09,1.5048956e-08,1.7551897e-10,2.5000608e-07,2.5390996e-09,1.9831516e-06,1.7564801e-09,5.8131906e-07,1.16755416e-07,1.0047595e-06,5.224258e-11,1.0628686e-09,1.8309526e-06,4.3748482e-08,5.3975093e-08,5.0765336e-10,1.3849212e-08,1.1178529e-06,1.0808781e-08,3.2983394e-10,2.2911859e-06,3.5073668e-07,8.19572e-09,3.2608407e-09,2.7798122e-10,9.6476626e-08,2.237963e-09,1.6356119e-09,1.0587581e-07,1.8754206e-07,1.7914012e-08,7.118701e-07,3.16952e-06,3.1950712e-08,4.7320533e-08,1.59739e-10,9.723839e-06,1.127648e-08,3.412746e-09,3.2963865e-08,1.0768674e-12,1.17099725e-08,5.6649945e-08,1.5874507e-08,2.7190744e-08,1.835076e-08,1.3510739e-06,3.422295e-07,3.6670887e-08,3.2078918e-07,2.0685262e-09,2.2007902e-07,8.8985095e-09,5.082741e-05,2.1438955e-08,2.6718844e-08,7.761414e-10,2.7223125e-08,1.0101111e-13,1.4784614e-09,1.7173013e-08,1.3963776e-11,4.5113944e-09,3.3089525e-06,1.891622e-10,3.9280346e-07,1.4248731e-10,1.1948762e-07,7.4561314e-08,1.406266e-06,1.5956795e-09,8.541208e-09
BC2026_Train_0043_S22_20220112_040000_000,3.8157575e-09,3.1262942e-08,3.676755e-06,9.91408e-07,0.00022903738,1.0445099e-09,6.9997254e-06,4.9521026e-07,0.0011229852,0.00039118167,0.36184803,2.186597e-08,0.003705925,9.458399e-10,1.4479508e-08,3.3586795e-05,2.8129794e-08,2.1999047e-07,3.8768394e-06,5.2681537e-07,1.0712461e-06,0.00038196295,5.91927e-06,1.836733e-07,4.457491e-06,1.3034067e-07,2.1998721e-06,8.5711944e-11,3.9369745e-08,2.466408e-05,9.646384e-06,5.042892e-07,6.470318e-07,3.248536e-07,2.6255336e-08,1.229164e-07,3.796872e-10,1.18801545e-07,1.8805873e-07,7.860238e-08,4.12406e-06,8.665082e-08,2.0104366e-07,4.1558394e-08,3.4399292e-11,4.894051e-11,4.8963835e-07,1.0385216e-07,9.575707e-08,1.1361926e-07,1.8380155e-07,9.123689e-08,1.0752998e-07,3.4416819e-06,2.1372495e-07,5.296055e-10,1.1824776e-08,0.99834824,1.9253855e-08,2.0198517e-05,0.008834632,5.5376933e-08,0.00051659794,0.7690607,0.0005796797,3.704991e-07,2.9939793e-07,5.748156e-07,4.169239e-09,2.3701537e-08,5.2779265e-13,8.1099615e-06,8.509097e-08,0.00017178204,1.4161643e-07,9.393076e-08,1.0499359e-07,1.714084e-05,3.623309e-07,1.2484924e-06,0.00010589971,7.1578348e-09,5.0394196e-05,3.305206e-06,1.9124229e-05,1.6194943e-07,3.6979029e-07,0.00026415574,4.230718e-06,1.0464776e-06,6.508679e-06,1.7794601e-06,2.016864e-07,9.741992e-07,2.8030427e-05,0.0018151911,5.738349e-05,1.5082576e-05,0.00024802808,0.00015332858,4.421437e-09,1.7586737e-07,6.56715e-06,0.005921434,0.00016314548,0.00027553644,5.4878098e-09,1.19756e-08,0.0001117449,6.8439965e-07,2.913738e-05,4.4294713e-05,2.034109e-08,5.0474193e-07,5.0956936e-07,2.070027e-06,6.9494284e-08,2.4149154e-05,5.484395e-07,3.232058e-05,4.860544e-05,2.4534714e-07,1.18920234e-07,0.0005977127,1.6764284e-07,0.000102615624,3.084776e-05,1.8733571e-06,2.6567307e-08,2.5000374e-05,8.422533e-08,2.87536e-06,3.5043107e-07,2.347462e-06,3.9710135e-06,1.050046e-07,0.00305197,5.0318227e-05,1.7989396e-07,0.00012249842,4.9920995e-08,2.2662321e-05,2.1114467e-08,3.9475167e-06,1.2412598e-06,6.184756e-09,1.3762636e-07,1.17485015e-07,9.009785e-06,6.1094324e-06,1.0299978e-05,0.00010876356,2.1916038e-07,1.0181706e-07,2.5731981e-06,9.482899e-07,4.1473552e-07,1.9632917e-07,1.3667193e-05,4.5611305e-06,1.010532e-06,1.4849254e-05,2.531524e-07,4.2212812e-07,5.268384e-08,0.00041341796,1.3206285e-07,0.00028999217,3.122415e-08,2.6265554e-05,6.98566e-06,5.137482e-07,5.2673874e-09,2.6510865e-08,0.00012299634,5.8617125e-06,3.8022026e-08,0.00022283367,5.5632568e-06,2.367643e-06,1.01712285e-05,6.0506538e-09,2.6018818e-06,6.440374e-07,6.6437756e-06,1.0370096e-05,2.2576117e-09,5.421629e-06,5.615701e-08,4.7525573e-05,2.6278465e-06,6.0828646e-05,2.6158266e-05,0.00011478113,2.4248577e-06,2.1218907e-06,1.4689691e-06,9.0101736e-08,7.3466936e-06,2.2131564e-06,1.9446866e-06,6.233441e-06,7.7762613e-10,5.3870608e-05,3.1568434e-05,6.8554154e-06,0.0002842338,3.0101858e-06,1.0991277e-07,6.2044282e-06,2.7284082e-07,0.00049755984,3.0163097e-08,2.2445434e-05,0.00016676214,0.002433503,1.2409777e-07,3.7512895e-05,2.0722766e-06,2.3915138e-06,4.2676622e-09,3.1153513e-07,1.4669249e-07,2.7634957e-08,5.1976226e-06,1.8483424e-05,2.721903e-07,3.7117638e-06,6.661361e-08,5.8859572e-05,7.6499134e-08,3.6492453e-05,2.2496289e-07,2.8790922e-07
BC2026_Train_0043_S22_20220112_040000_005,1.5231728e-07,0.0007102976,7.503048e-06,8.19447e-06,5.698134e-06,2.7395748e-08,2.4125745e-07,1.226035e-06,0.0011245915,3.9079452e-05,0.044753153,1.2284777e-06,5.0802213e-05,4.7962874e-07,5.528037e-07,0.0018642305,2.546571e-07,1.8510835e-06,0.9109461,3.8749247e-05,5.444555e-07,0.004149523,8.608221e-05,6.8596332e-06,2.1040465e-05,1.2903394e-06,0.0014275576,7.596464e-08,8.692487e-06,0.00017134185,0.00014885963,1.3340697e-06,0.00023903143,0.00033454224,3.34904e-05,0.00017822014,1.380581e-06,3.3185956e-05,7.772161e-06,0.00030123434,0.00025939185,6.9541943e-07,0.00013303685,1.20828845e-05,3.795441e-09,2.0429032e-09,0.0002531911,2.7940727e-05,1.7515147e-05,5.5962532e-06,0.0001382724,5.302605e-05,4.7390484e-05,9.5121126e-05,0.00023539872,8.3471167e-07,0.0001255878,0.40787745,1.0714325e-07,1.7318225e-06,0.66681194,2.8483464e-07,3.5252342e-06,0.11430425,6.179145e-05,0.0012847914,5.4059783e-05,1.9215556e-06,1.4154542e-06,4.5222136e-05,1.7190144e-09,3.4272955e-07,4.247977e-06,2.5807705e-05,2.3235556e-05,4.4614748e-07,9.785899e-06,3.480311e-05,2.35313e-07,7.4656323e-06,0.00020240022,6.231816e-08,0.000856116,1.5984086e-06,6.393008e-05,3.1605855e-06,1.5348821e-06,0.000153645,2.8182103e-05,3.9142765e-06,1.6035485e-05,6.021832e-06,4.4543385e-06,1.7829912e-05,0.0023858969,0.00043256467,0.00032710153,0.0010857462,0.00021617766,8.8103334e-05,2.8395954e-05,2.186874e-06,0.000120084595,0.0002447069,3.1016287e-05,1.3996581e-05,9.323708e-07,1.0387251e-06,6.354497e-05,8.869079e-06,1.0316652e-05,8.5885666e-05,3.371278e-07,9.1547145e-07,4.96549e-06,3.607568e-05,0.00016085182,0.0012423109,4.165473e-06,0.00026410713,0.0008471992,0.00045204948,4.5347947e-06,0.0013631535,2.1365136e-07,0.0037190362,0.00044487455,0.00012657024,7.764323e-08,0.00046065552,0.00014197205,3.5254438e-05,1.3649622e-05,9.754376e-07,2.676787e-06,8.52989e-06,0.0016926473,4.6799905e-05,2.1373319e-06,1.9882077e-06,1.7241614e-07,3.2289397e-06,2.1828015e-07,0.00019290613,0.0005374462,3.391108e-08,2.7109138e-06,7.19688e-07,0.000107101914,0.0001178739,1.8370709e-05,3.5963287e-05,1.5896001e-05,1.7298614e-06,6.4562155e-05,2.703311e-05,5.586462e-07,1.0135537e-06,2.858119e-05,8.291704e-06,0.00037376085,2.6587246e-05,5.311275e-07,2.2007733e-07,2.3951452e-06,0.00020985729,5.9626702e-05,0.0002856824,1.2243322e-07,0.0010537293,1.3702849e-05,3.8658445e-06,4.7045605e-06,4.7008646e-07,0.00037787305,1.1468812e-05,3.6549222e-06,9.267927e-06,0.00027595102,9.804882e-05,3.485233e-05,1.4050859e-07,8.280817e-05,2.648107e-05,1.811112e-05,8.5825695e-06,1.1304308e-07,4.2829855e-05,2.989573e-06,4.85251e-06,5.0587482e-06,0.0004770624,2.4727028e-06,0.000117955635,0.00031588983,8.831545e-06,4.842228e-05,1.2164963e-06,0.00022123617,9.23648e-06,1.1624724e-05,2.1073445e-06,9.433562e-08,2.37635e-05,4.3617315e-06,9.27385e-06,0.00077918783,0.00026536663,3.945376e-05,3.071738e-06,1.11401205e-05,0.00017786432,1.2275361e-06,6.535567e-05,2.7530557e-06,0.00010981497,5.5609016e-06,0.003169775,1.0907927e-07,0.00020118633,1.4700068e-08,4.7788835e-06,7.1848353e-06,2.1150197e-06,4.120695e-06,0.00024492957,2.3461862e-06,0.005664123,1.0124852e-05,0.00017413274,5.5079033e-07,1.5212294e-05,4.499831e-06,2.2647607e-06
BC2026_Train_0043_S22_20220112_040000_010,2.243931e-08,0.00031939324,4.4979556e-06,2.8316324e-06,9.422236e-06,1.7100517e-08,2.732134e-07,6.6028434e-07,0.0020633375,4.9552757e-05,0.012792645,1.2648077e-06,6.130939e-05,2.7730928e-07,5.590353e-07,0.006898175,1.6427448e-07,8.963454e-07,0.9203799,2.1878042e-05,1.7095044e-07,0.0007124966,2.7938777e-05,3.3681715e-06,6.552118e-06,2.9459207e-07,0.0004506123,3.7661487e-09,3.3324732e-06,5.3210333e-05,5.218425e-05,7.371478e-07,2.7417202e-05,0.00011149541,1.786794e-05,9.996491e-05,7.1876684e-07,3.407037e-05,1.6794143e-06,0.00010379343,0.00013180674,4.0923345e-07,7.2398216e-05,3.0652034e-06,1.57699e-09,1.0602282e-09,0.00033107214,4.103612e-06,3.734662e-06,7.2098624e-06,6.683414e-05,8.1433005e-05,6.577827e-05,3.746742e-05,0.000256692,6.547112e-07,0.0003320666,0.85085696,7.597378e-08,1.2001677e-06,0.7388848,2.1294265e-07,1.1522199e-05,0.032923408,3.6544625e-05,0.00038303665,3.1962466e-06,1.0338657e-06,5.092374e-06,2.309545e-05,1.8001298e-10,1.6696998e-07,1.4305243e-06,2.7246891e-05,2.4203357e-05,6.432228e-07,6.170829e-06,1.894971e-05,9.108055e-07,2.4816654e-06,8.614988e-05,2.7498356e-08,0.0003608533,6.735905e-07,6.9760936e-06,2.838714e-07,4.258718e-06,9.058359e-05,1.3065348e-05,2.6536268e-06,5.323358e-05,6.4723445e-06,2.2102604e-06,6.8994245e-06,9.236536e-05,0.0015338245,0.00035457828,0.00023990523,0.00045712592,4.673595e-05,7.5718594e-06,6.7425634e-07,0.0004959565,0.00022688777,1.29217215e-05,2.4416573e-05,1.3588012e-06,1.0781397e-06,0.00012901574,8.857964e-06,8.3648365e-06,9.6245574e-05,2.4626323e-07,4.2106987e-07,1.4466361e-06,0.00015878693,5.8699985e-05,0.000520395,5.114901e-07,0.00012602974,0.00011534059,0.0005814526,5.456601e-06,0.00091021473,7.468315e-08,0.006962632,0.0015206821,8.117119e-05,9.463875e-08,0.00058348844,6.356921e-05,9.700268e-06,1.2040965e-06,5.371874e-07,1.0524985e-05,1.0501753e-05,0.0010107076,4.08158e-05,9.1331486e-07,8.668876e-06,1.3302325e-07,7.2139557e-07,7.945462e-08,5.9398393e-05,0.00027865326,7.3982484e-08,1.5932875e-06,3.8968193e-07,5.9613114e-05,3.8701164e-05,5.9219005e-06,1.7261687e-05,1.684251e-05,5.36768e-07,2.2787628e-05,2.3225677e-05,1.7995795e-07,9.823578e-07,4.3352182e-05,5.04305e-06,0.00034063513,1.6990882e-05,2.3073301e-07,1.6347728e-07,1.2221652e-06,0.00089974125,8.337192e-05,0.00013128493,1.1721061e-07,0.0007785447,1.8302826e-05,1.5549638e-06,7.6139663e-06,5.2056606e-07,0.0002073658,4.7749922e-06,9.959367e-07,9.2685383e-07,3.7727616e-05,1.7815635e-05,1.9281591e-05,1.4527551e-07,2.3489341e-05,6.194862e-06,3.221657e-05,1.3907834e-05,5.6148874e-08,3.453798e-05,5.5050464e-07,1.621816e-05,2.4519466e-06,0.00018836932,5.2464266e-06,0.00019628968,8.99764e-05,6.41815e-06,1.5438505e-05,2.320578e-06,0.00011048952,2.193884e-05,1.748734e-05,5.255348e-07,5.5629418e-08,2.1262305e-05,1.0045583e-06,4.7388367e-06,0.00020560199,4.8488266e-05,6.458188e-06,4.036029e-06,2.201517e-05,0.00021084242,7.036255e-07,1.811599e-05,8.0692125e-06,0.0001284796,6.1333676e-06,0.0034677743,1.8517865e-07,4.376437e-05,6.4458185e-08,8.465634e-06,1.0907217e-05,9.4791545e-07,1.12659545e-05,6.126369e-05,2.3511292e-07,0.00016777907,2.9430812e-06,0.00020557494,2.8304933e-07,1.176128e-05,1.5701484e-06,1.1047125e-06
BC2026_Train_0043_S22_20220112_040000_015,1.42813406e-08,6.704957e-06,5.5782795e-07,0.00012155418,5.445489e-07,6.949558e-09,2.959039e-07,5.960122e-08,0.0015952163,0.11329244,0.74036074,2.8186864e-07,4.589073e-05,2.7701292e-08,3.2919004e-08,0.0010324366,3.15174e-08,1.00479525e-07,0.00683376,4.5262565e-05,5.3256844e-07,0.0034420255,3.5438243e-06,4.079447e-06,3.652845e-06,2.9314205e-07,9.435607e-06,1.0104336e-08,1.0789433e-05,0.0002452303,0.00036494317,8.203931e-06,2.908921e-05,5.058415e-06,1.4252613e-05,1.3717793e-05,2.5009522e-08,3.4667035e-05,3.648375e-06,4.938246e-06,0.002097591,4.0967936e-07,2.5626072e-05,4.2705533e-06,6.518125e-10,7.1443007e-10,0.00019879267,3.021685e-06,3.5947756e-05,0.00013961038,0.00011122145,6.237388e-05,6.556504e-05,0.00012186649,0.0005628497,1.0231279e-09,3.140297e-08,0.99997973,2.0346214e-08,2.4769959e-06,0.40016446,1.6172635e-08,0.000138094,0.97308946,0.0005464936,6.4754784e-07,0.00026626352,4.1643607e-06,4.778427e-07,1.0567627e-07,6.0649714e-12,2.6996645e-08,1.6310587e-07,4.54162e-06,2.0597679e-07,3.4334914e-07,1.6921034e-06,2.1609596e-05,1.9048287e-07,1.1499257e-05,0.00012011587,1.6830807e-08,0.0011639756,9.403272e-07,0.00017084638,5.371946e-08,3.121411e-06,0.00010487187,6.3212988e-06,9.645277e-07,1.8571698e-05,3.9299707e-06,3.3701465e-07,7.883283e-06,9.342504e-06,2.2007047e-05,5.696873e-05,0.00060681987,0.00038150005,0.00027556036,6.1565466e-08,1.9814296e-08,0.0002971321,0.00097427866,0.00010265516,1.6552183e-05,1.8274616e-08,9.895905e-09,1.4690527e-05,1.179828e-06,2.1332477e-05,3.966718e-05,4.2022133e-08,3.6277555e-07,3.3777562e-07,1.0059876e-05,7.540941e-07,1.0969023e-05,8.158283e-07,0.000472835,0.0001023874,1.3140647e-06,5.801067e-07,0.00049313944,4.1743783e-07,0.00020628533,2.047607e-05,3.8088845e-06,1.6066981e-07,8.006708e-06,1.7594922e-06,2.6528678e-06,1.4815448e-05,4.9961277e-06,1.8358062e-06,9.416282e-09,0.0006322996,1.9386522e-05,5.895012e-07,2.866876e-05,2.424237e-08,0.0009038614,6.130942e-08,5.906481e-07,1.1130346e-07,1.8216117e-08,1.4664325e-07,1.9388688e-07,3.2138683e-05,3.6785048e-06,2.079203e-06,2.3228487e-05,1.5500807e-06,9.4192023e-07,6.6889647e-06,2.4709466e-06,1.4780439e-07,6.814403e-08,1.5719488e-05,9.1103317e-07,6.7681125e-05,1.1232805e-05,1.326196e-06,6.850376e-07,1.07971026e-07,0.044721726,1.6546171e-06,1.6635486e-05,3.2328014e-08,2.052614e-05,2.9212333e-05,6.303729e-07,1.6401488e-08,3.2016597e-08,1.8208882e-05,2.1263075e-05,8.178703e-08,7.904596e-06,2.504949e-06,1.8699762e-05,7.0140445e-06,1.19083204e-07,1.4337107e-06,5.407278e-07,1.8776029e-05,2.878905e-06,4.6206696e-09,5.379633e-06,7.3669035e-08,2.8279428e-05,7.5237767e-06,0.0002479796,1.1227526e-05,0.00036727238,5.2200257e-06,3.97886e-06,1.4769436e-06,2.3558694e-07,7.0575647e-06,3.1207412e-06,1.8054205e-06,1.1922921e-07,1.99598e-08,5.563904e-06,2.363039e-06,6.562949e-06,0.0002702518,2.8824736e-06,1.6762701e-07,1.6331353e-05,3.7179602e-06,0.00028892525,2.3273702e-07,7.678559e-06,7.112045e-05,0.0069025108,1.9268998e-07,1.7147837e-05,5.7581808e-08,2.1094156e-06,7.805018e-09,3.962483e-07,1.24468125e-08,1.1374882e-07,7.7650327e-07,5.9815724e-05,8.445343e-08,3.9488114e-06,1.8143149e-07,0.00045043856,1.6484542e-07,4.0820746e-06,5.1619196e-07,5.9091235e-07
BC2026_Train_0043_S22_20220112_040000_020,3.576851e-11,2.5597428e-08,4.8790714e-08,8.616615e-05,1.7818464e-07,7.588821e-11,2.070152e-07,1.46126515e-08,2.6510786e-05,0.028291265,0.9935307,4.1803533e-10,0.000114929644,2.6466164e-11,7.6939184e-11,8.016358e-06,1.4138744e-09,4.8105044e-09,2.1315842e-05,7.64074e-07,3.2303529e-09,1.0077439e-05,3.47412e-07,3.6029096e-08,1.7848528e-08,7.4404116e-10,7.2101365e-09,4.0287731e-10,1.0265394e-08,4.4658054e-06,9.243575e-07,8.1163094e-08,3.2445698e-07,1.0894911e-07,2.121454e-08,9.3046665e-08,3.5610892e-09,7.0864395e-08,3.8975546e-08,4.5878362e-08,3.0057365e-06,1.957601e-09,2.6192712e-08,2.0498712e-08,8.3117573e-13,1.0185157e-12,4.6843422e-07,4.8013028e-08,2.1668974e-07,3.319907e-07,9.7692464e-08,2.8114131e-08,5.9195866e-08,1.1758269e-06,1.553794e-07,2.5074333e-12,9.955176e-10,0.9999988,4.8833493e-10,2.3742584e-07,0.039433233,1.2138379e-10,1.43871675e-05,0.57977235,6.103009e-06,7.6839095e-09,6.6493456e-05,6.8638384e-09,2.2504694e-10,1.2336683e-10,4.619592e-14,1.7079197e-08,3.2796905e-09,3.3768117e-08,4.3681275e-08,9.498792e-09,1.4750135e-07,9.972628e-06,2.6993506e-08,2.4083218e-07,3.460999e-06,4.7239684e-10,1.9992242e-06,3.2893008e-09,8.147552e-06,1.1145489e-08,6.345358e-07,3.062868e-05,6.462758e-08,1.13012675e-07,2.8177133e-06,4.424763e-07,1.0888342e-08,1.9979186e-06,1.1857443e-06,7.4356267e-06,6.827374e-06,0.00058643275,0.00075493316,2.3074734e-05,2.9654823e-08,5.846391e-09,5.567099e-06,1.8588158e-05,6.3915068e-06,1.585062e-05,2.2098656e-09,2.5563773e-11,2.185602e-05,9.5630035e-08,2.315125e-06,2.3319387e-06,8.399924e-09,4.3743224e-08,2.5600553e-08,2.204669e-06,1.6755983e-08,4.0149882e-07,2.7761164e-08,1.18894795e-05,3.38562e-06,8.745475e-09,4.199089e-08,0.00013520803,6.047135e-09,9.9895515e-06,8.8069334e-07,7.459302e-07,2.377102e-09,9.2755334e-07,7.555221e-09,6.897583e-08,8.5443867e-07,8.496155e-08,7.3341525e-08,1.1643707e-09,2.0994453e-06,6.4555898e-06,4.651009e-08,6.534695e-06,1.567093e-08,2.5400166e-05,1.8012127e-09,2.7011126e-07,7.419372e-09,5.7345746e-11,1.3385844e-07,2.0399956e-08,3.90271e-06,1.0602332e-07,5.3758895e-09,6.0198104e-06,1.5977175e-08,7.579441e-09,6.81209e-06,1.8231052e-07,5.5715113e-08,1.8988526e-09,9.620715e-06,1.539431e-09,2.2807458e-06,3.1149582e-06,5.076268e-08,3.2470092e-07,1.4800413e-09,0.0013838644,5.769383e-08,2.0437385e-05,1.6332552e-09,1.7972742e-06,1.15028e-05,1.1750087e-08,3.2207353e-10,1.4265332e-08,2.2728118e-06,4.5476995e-08,2.5751967e-09,1.7679762e-05,2.1862849e-07,8.0336474e-07,6.2934246e-06,2.2178455e-10,3.1672946e-07,6.775871e-08,2.674687e-06,7.451069e-07,5.710964e-11,1.438894e-06,3.3597916e-09,9.6892845e-06,6.917147e-07,6.831008e-06,4.656016e-07,4.0558203e-05,1.2994652e-06,9.415388e-08,1.4685502e-07,2.7961985e-08,6.916705e-07,1.7952935e-08,3.7621876e-07,4.8026497e-08,2.1460184e-12,4.097136e-05,6.3956286e-06,7.410592e-08,3.3328288e-06,4.0932713e-07,9.6844616e-08,4.4179502e-05,1.6993079e-07,4.4710952e-05,1.1419205e-07,7.969699e-07,0.0006286582,0.0005204186,1.2668336e-08,6.086805e-07,3.8733035e-07,1.0644211e-08,1.4799417e-10,2.9279946e-08,1.8076789e-10,6.0427072e-09,1.8752631e-07,1.0807723e-05,3.578658e-08,3.5793523e-06,1.0284674e-09,9.872898e-06,7.326767e-09,8.366896e-06,9.180046e-10,4.752495e-08
BC2026_Train_0043_S22_20220112_040000_025,6.962105e-10,7.005248e-07,4.3057537e-07,4.7187236e-06,4.3401243e-07,6.865301e-10,1.5695659e-07,3.3695526e-09,3.994924e-05,7.71208e-05,0.4839038,6.492394e-09,5.3027168e-05,5.748178e-10,9.865596e-10,0.0005547778,8.4922597e-10,2.9253798e-07,4.8418874e-06,7.2678504e-06,1.3922763e-08,0.00032014714,1.2205835e-06,1.1575549e-07,1.1799794e-07,3.5390626e-09,5.560539e-07,1.6275946e-10,4.31618e-07,9.410785e-06,1.5176083e-05,4.2286584e-07,1.1843387e-05,2.2263947e-07,8.114653e-08,1.5217588e-06,2.8027182e-08,9.4580514e-07,3.6587164e-07,8.523211e-07,1.680548e-05,1.5935148e-08,1.3677108e-06,1.2215208e-06,1.78687e-11,2.7926128e-11,1.2735532e-05,4.68148e-06,9.3820745e-06,1.6595745e-06,4.3561236e-06,7.7787666e-07,1.7303481e-06,4.9387836e-06,5.690711e-06,2.2566577e-11,3.681477e-07,0.99998784,4.9265925e-09,2.4262436e-06,0.80530363,1.3306666e-09,0.000104844876,0.6111355,0.00029758373,2.7918082e-07,2.1824487e-06,7.357521e-09,1.6896584e-08,5.3107865e-09,3.6170195e-11,1.2792493e-06,2.1728276e-08,8.832529e-07,6.368401e-07,3.7213002e-08,4.902617e-07,2.1874954e-05,1.37318e-07,3.1562973e-07,2.9425024e-05,8.094832e-09,2.7428654e-05,4.413292e-07,4.9670463e-05,7.817119e-08,1.5098645e-06,9.757955e-05,6.0923804e-07,8.109484e-07,1.0057919e-05,1.9010248e-07,4.656886e-07,1.4342893e-06,1.8724569e-06,8.480481e-05,1.0811289e-05,0.00025769888,0.002105016,0.00017918936,3.947509e-08,1.5117283e-08,2.6811027e-05,5.2908586e-06,2.1237398e-05,0.0006330766,6.9286057e-09,2.4200885e-08,0.00027636255,3.6412007e-07,2.3211947e-05,7.171043e-06,2.5479405e-08,6.713203e-07,2.1040401e-07,1.827338e-06,4.0614134e-07,2.9203506e-05,7.9113073e-07,1.7192997e-05,2.1475811e-05,1.9846489e-07,1.0758127e-07,0.00027173382,3.594006e-09,2.4276174e-05,2.1847974e-05,5.0714666e-06,1.4810276e-08,1.1956224e-05,1.801252e-07,3.922856e-06,8.538702e-07,3.0066196e-06,1.753099e-06,3.5481886e-08,0.00025701427,3.59855e-06,1.3647826e-07,2.570993e-06,1.4712386e-07,0.0002350132,2.4088607e-08,2.9481794e-06,6.464792e-08,1.6770929e-10,8.354613e-08,9.1582976e-08,1.0868073e-05,2.5367374e-06,3.060297e-07,5.0784793e-06,3.028679e-07,1.332917e-07,8.648331e-05,1.4566356e-06,2.4447777e-07,7.9108e-09,1.4544643e-05,3.6355956e-08,8.927865e-05,4.824552e-06,8.816507e-08,1.4065782e-07,2.3175865e-08,0.00031384046,2.3922752e-07,0.00040154517,2.687149e-09,6.87493e-05,2.2587494e-05,7.775482e-08,6.0511156e-09,1.1572614e-07,5.4759406e-05,5.9786586e-08,1.4573157e-08,1.584078e-05,2.2838842e-06,6.9979965e-06,2.9576098e-05,2.0665988e-08,4.497913e-06,1.0817556e-06,1.17058225e-05,2.1422272e-06,7.94194e-10,2.3091118e-06,1.77906e-07,8.528971e-06,7.523232e-06,2.2337254e-05,1.5027108e-06,0.00010066167,3.884167e-06,2.4306137e-06,2.5350519e-06,6.636391e-08,3.7862926e-06,1.0554616e-07,1.5327071e-06,6.213727e-08,2.6873065e-10,6.342095e-06,1.7183309e-05,1.9588476e-06,0.00020434495,2.8043817e-06,1.6244737e-06,4.9353744e-06,7.59508e-07,0.00092395145,1.981449e-07,5.595277e-06,3.455228e-05,0.003297816,1.5013642e-07,5.8291457e-06,2.2718473e-06,1.0983466e-06,1.4129119e-09,1.585498e-07,6.685938e-09,2.147686e-07,2.7210465e-06,5.389394e-05,2.447421e-07,2.7001186e-05,1.1309311e-07,5.0675488e-05,7.259857e-09,5.8155343e-05,1.07338806e-07,2.9974504e-07
BC2026_Train_0043_S22_20220112_040000_030,1.8947058e-10,1.2101855e-05,3.668411e-08,1.3008275e-07,4.657472e-08,1.5122371e-10,2.217192e-08,7.564248e-09,0.0004107373,0.0027996728,0.78847045,1.8275035e-08,1.8915602e-05,2.5533622e-10,2.8900966e-09,3.5546214e-05,1.675118e-09,1.2883992e-08,0.1758482,9.4347644e-07,4.974083e-10,0.0012496486,1.0796583e-06,3.1203646e-07,1.3656623e-08,1.383677e-09,1.8582417e-06,3.817435e-11,1.0141388e-06,0.0001340717,0.00014806108,3.887217e-07,4.1958674e-07,1.2723199e-05,4.662575e-06,5.359181e-06,7.687398e-09,1.2339359e-07,2.893789e-07,4.3360837e-06,6.525521e-05,4.014546e-09,1.7678649e-05,4.6736102e-07,7.632206e-12,2.171493e-12,4.2894108e-06,6.7629855e-08,1.2552015e-07,1.3671118e-07,7.220527e-06,1.344838e-06,1.9483082e-06,2.4630115e-05,2.19941e-05,2.1709499e-09,7.2699236e-06,0.9952317,2.674324e-10,4.573421e-07,0.9671108,5.0283435e-09,5.2087097e-07,0.7157012,4.2704514e-06,2.0210426e-05,2.0636858e-06,1.5332843e-07,1.2174185e-07,1.13717036e-07,2.4275994e-13,2.6832923e-09,6.404883e-09,7.19839e-07,1.3329886e-06,1.4783183e-08,2.1689111e-07,1.0840746e-07,4.1294155e-09,1.4646647e-06,3.5576807e-06,1.0953633e-10,1.9882169e-05,8.88096e-09,6.7680236e-07,2.5911168e-08,1.5894107e-08,3.9285355e-06,2.9245595e-07,8.509191e-09,7.758904e-06,1.181753e-07,3.822876e-08,2.15177e-07,3.455643e-05,4.9142214e-05,3.7374422e-05,1.6131009e-05,2.3037755e-06,1.4983261e-06,8.992404e-08,8.0338247e-10,4.505181e-05,0.00047771286,2.819931e-06,3.2085623e-07,2.2792826e-10,1.4237599e-09,1.190119e-07,1.3101825e-07,1.3061131e-07,1.4972077e-06,4.0687592e-10,1.6027355e-08,1.6408592e-08,4.0714266e-07,2.8037672e-07,8.0103055e-05,1.7490958e-08,3.2734945e-06,4.566843e-05,8.6445795e-08,1.2678174e-08,5.4170934e-05,7.504051e-09,1.0312599e-05,1.5940419e-05,8.362255e-07,1.3614276e-09,0.00016595695,1.0876903e-06,1.9287238e-07,1.1961691e-07,1.070805e-08,1.3092778e-08,3.1033427e-09,0.00046884353,3.3740646e-06,7.867103e-09,3.80607e-08,1.27605855e-08,1.1892494e-08,1.251899e-10,8.17977e-07,2.9529576e-06,9.808267e-12,6.4911805e-09,6.2616684e-10,4.386356e-05,5.938392e-06,1.695926e-07,2.0325547e-07,9.0516515e-08,2.9792247e-08,4.5829303e-08,3.3523366e-07,3.5243506e-09,5.0563953e-10,2.8764632e-07,2.0854574e-07,4.9985865e-06,4.6358384e-08,1.696608e-08,8.1056273e-10,5.1426996e-09,0.00057086797,3.4180362e-06,1.8959765e-06,4.749545e-10,4.1557447e-05,5.241953e-07,1.6874802e-09,1.0025454e-08,1.0093068e-08,6.8913237e-06,2.6316482e-07,9.752071e-10,1.6610402e-08,1.7879198e-07,6.672354e-07,2.7869e-07,9.627874e-10,6.0523183e-07,6.08047e-08,7.387079e-07,8.024797e-08,1.8286139e-10,8.2621847e-07,2.2459978e-09,3.0781923e-06,3.178447e-08,8.152939e-06,7.452463e-08,1.4015063e-06,7.9977565e-07,2.7365883e-07,1.6187787e-08,1.4144846e-08,2.8512568e-06,7.6176185e-08,5.6273784e-08,1.5225179e-09,3.0892916e-10,7.48764e-07,1.5950382e-08,5.5070217e-08,5.4378746e-05,1.7376293e-06,1.1577526e-07,6.91033e-08,6.710624e-08,1.5831993e-05,1.7488523e-08,2.035606e-07,3.032724e-05,3.478148e-05,2.3943402e-08,0.0001672483,2.8191696e-10,3.6071258e-06,4.391428e-11,2.4292413e-07,9.989589e-09,2.282499e-09,3.9128957e-07,3.9976922e-07,8.206013e-09,1.5285485e-05,1.9667487e-08,7.4944232e-06,2.0918588e-10,4.258233e-07,4.06211e-08,8.107425e-09
BC2026_Train_0043_S22_20220112_040000_035,1.6551295e-08,3.090698e-07,1.5377759e-06,5.34514e-05,4.9396494e-05,4.2875637e-08,4.7634444e-06,3.0925069e-06,0.0021928854,0.002004083,0.12377609,1.2289331e-07,0.00090282975,3.6192866e-09,4.190852e-07,0.0021131176,1.4796221e-07,4.7315206e-07,1.9282548e-05,4.9063724e-06,2.1327728e-06,7.582612e-05,0.00012481168,1.1034059e-06,1.2637812e-05,1.7860484e-06,2.212093e-06,2.9849918e-08,1.2507412e-06,8.195222e-05,1.2221267e-05,2.1627013e-06,1.0045401e-06,2.9313221e-06,5.2066684e-07,4.6982655e-06,5.1706053e-08,3.6520615e-07,3.1215898e-06,6.704418e-07,4.6302766e-06,4.7329695e-07,2.495621e-06,2.6573978e-06,1.4231843e-09,9.427977e-10,4.3620394e-06,2.6118832e-07,5.055677e-07,7.9059225e-07,5.2143287e-06,1.2830798e-06,1.3745351e-06,8.630519e-06,4.994794e-06,5.0732156e-09,9.405388e-09,0.98799384,1.4619043e-07,0.00066576357,0.018234992,7.4764955e-08,0.0072334926,0.0559283,0.00046209036,1.6953145e-06,1.2143324e-05,2.0345028e-06,1.9043014e-08,2.357519e-07,6.7001266e-11,2.3751356e-05,2.7879133e-07,5.927628e-05,3.5743986e-07,5.1191696e-06,9.23338e-06,0.00018220616,0.00010996126,8.777663e-06,0.00028725967,3.960103e-08,0.00018741211,3.6188685e-06,0.0004392193,3.2144715e-06,8.444524e-06,0.0004789104,2.5797835e-05,2.161992e-06,0.00013297332,8.821587e-06,4.7212125e-06,1.1542248e-05,0.00034503243,0.0034440018,0.00051567866,0.00040888478,0.0014438026,0.0005412904,3.133211e-07,1.4746397e-06,0.00018617426,0.00014130634,0.00029789,0.00028903325,5.284371e-07,5.7717045e-08,0.00011021582,6.4471674e-06,4.244695e-05,5.392648e-05,4.2567873e-07,1.41342e-06,6.41759e-07,3.1174906e-05,2.774132e-06,0.00035441155,8.8593555e-07,0.00010930003,0.0005623914,1.661394e-06,3.5140738e-06,0.0025350437,1.0427459e-06,0.00020363947,0.00013573145,1.931389e-05,6.4894937e-07,2.345552e-05,6.578914e-07,2.5493839e-05,1.1147773e-05,1.02864815e-05,8.907621e-06,2.0536915e-07,0.0007086911,0.005021843,1.1498742e-05,0.00021028752,4.5288434e-06,4.6214394e-05,3.9872137e-07,1.380321e-05,1.6745365e-06,1.6160261e-06,4.166319e-06,1.1636641e-06,0.00015879482,1.4981968e-05,1.4040939e-05,0.00011850535,5.2595724e-06,2.9759076e-06,3.3356653e-05,0.00010387284,5.433781e-07,3.1431935e-06,0.0013271101,4.595681e-06,0.00014360329,0.00012412353,5.379613e-06,5.022867e-05,6.2069455e-07,0.00061042653,3.1153098e-07,0.002787676,4.229562e-07,0.00026818708,0.00020736916,2.266141e-06,1.8418648e-08,2.213741e-06,0.00018335957,4.6449995e-06,1.849533e-07,4.7521087e-05,2.3240522e-05,8.806566e-06,3.6948244e-05,2.9248832e-07,2.4759502e-05,1.5607218e-05,3.632166e-06,5.281173e-05,7.292543e-08,3.928811e-05,1.1546568e-06,0.00013520493,1.2891257e-05,0.00042234175,2.245498e-05,0.00026236736,6.279056e-05,2.6153977e-05,3.8673234e-06,5.4944016e-06,7.251637e-05,1.656796e-05,5.543027e-05,0.00021870346,2.6820695e-09,0.00018212627,0.00020187175,7.890602e-05,0.004123181,2.2155906e-05,1.2833804e-07,0.00034969623,3.1509513e-05,0.0014146166,1.049527e-06,0.00019679492,0.003838033,0.0030125652,8.148206e-07,1.33088e-05,5.033527e-05,3.102099e-05,7.107014e-08,3.003722e-06,2.3512978e-06,3.248973e-07,3.172047e-05,0.00012957114,8.7602416e-07,8.508871e-06,1.085421e-06,0.0011592236,2.171319e-06,5.8191235e-05,9.783212e-06,1.3119112e-05
BC2026_Train_0043_S22_20220112_040000_040,1.1894286e-08,8.738884e-05,0.00010378729,5.4078623e-06,2.0289408e-05,5.8739566e-08,3.4870793e-06,8.03882e-07,0.01040199,0.00024241721,0.124270916,4.3498676e-06,0.00016044971,8.387478e-07,8.173352e-07,0.03140771,1.776925e-06,1.9980691e-06,0.9031043,2.2844157e-05,6.219323e-07,0.00044398932,8.538493e-05,2.054147e-06,5.3148113e-05,2.3083742e-06,7.1015544e-05,3.750221e-09,4.129487e-06,0.0018662171,4.1326646e-05,9.1435624e-07,2.0066826e-05,3.205769e-05,9.9645185e-06,3.2572916e-05,8.7080764e-08,1.8192663e-06,7.429364e-07,4.5765824e-05,5.072239e-05,1.1342957e-07,5.9277377e-06,2.9800485e-06,1.1200741e-09,1.5544879e-09,2.1505612e-05,4.507631e-06,5.6518124e-06,1.3389244e-06,4.999731e-06,3.028473e-06,2.4394824e-06,2.5537756e-05,2.9916873e-05,6.289611e-07,1.7435985e-05,0.89778906,9.2244946e-08,1.3516102e-06,0.6765755,1.2357452e-06,7.943511e-05,0.5690119,7.48992e-05,0.00024326394,3.9640327e-05,6.426505e-06,5.739015e-06,3.6751557e-05,6.480721e-11,1.6905035e-07,9.1149974e-07,7.0096336e-05,9.3725685e-06,7.263314e-07,3.8362728e-06,3.458277e-05,7.400392e-07,4.822459e-06,0.0011126874,5.3367433e-08,0.0011551402,2.7909932e-06,7.454571e-05,1.5718443e-07,1.4717173e-06,0.00016472158,8.48254e-06,5.9862114e-06,1.1866032e-05,4.421356e-06,1.329188e-06,9.484451e-06,0.0007338158,0.00019585987,0.00043760255,0.001787306,0.008527535,0.0012070518,5.973119e-07,6.933189e-07,7.891084e-05,0.00012335986,1.684704e-05,2.7971035e-05,7.593162e-08,5.3052815e-07,0.00012705757,8.061928e-06,7.0512535e-05,0.00015310681,9.583015e-08,6.275088e-07,2.6754215e-06,8.494278e-06,9.084797e-06,0.0011610864,3.1617355e-07,0.0009720076,0.0006395464,0.00011548652,7.815053e-06,0.0036503233,1.11501926e-07,0.011178721,0.002411216,0.00010839847,3.0212096e-08,0.0005748881,4.499368e-05,2.0914691e-05,1.4161202e-05,2.3412e-06,1.1944178e-05,1.5085072e-06,0.0031432768,8.9356574e-05,5.5155516e-07,6.027802e-06,9.896911e-08,8.128684e-06,3.667641e-08,0.00030187948,0.00044663876,8.196959e-08,7.3313055e-07,2.5843335e-07,8.80912e-06,0.00016138937,2.7645133e-06,3.5082856e-05,6.114358e-06,1.3850473e-07,5.8207388e-05,9.232199e-06,2.3660756e-07,5.431051e-07,7.565134e-05,1.6946673e-05,0.00011341106,4.087364e-05,3.4042873e-07,8.2315054e-08,3.0998072e-07,0.003410984,5.699932e-05,0.0001082869,9.0552085e-08,0.00014535719,3.0407256e-05,7.234878e-06,7.944612e-07,3.6921378e-07,0.00039584696,1.0780967e-05,5.2488764e-07,6.7663204e-06,8.385123e-06,4.2166714e-05,5.6806634e-06,2.050669e-08,3.1993157e-05,1.2907951e-05,2.8667198e-05,2.3677333e-06,2.7457004e-08,2.272142e-05,5.4251547e-07,4.856047e-06,3.1280267e-06,0.00019839634,6.5996473e-06,0.0011164427,6.196021e-05,7.658469e-06,4.5468016e-05,4.4320018e-07,0.0003852909,1.8144798e-05,1.7203654e-06,1.6419067e-06,8.580645e-08,3.627601e-05,4.188389e-06,2.9263194e-06,0.003020461,3.6426085e-05,4.426212e-06,1.5290718e-05,8.759393e-06,0.00024956968,3.5478305e-07,6.3193576e-05,1.0003051e-05,0.00013288789,1.060149e-06,0.0016802929,3.2587258e-07,0.0001262223,5.9031113e-09,2.2290576e-06,7.6213114e-06,7.590539e-07,9.52504e-06,4.828105e-05,2.6940532e-07,0.000857483,5.4569496e-06,0.00018299176,2.8973594e-07,2.456884e-05,6.250612e-07,9.939405e-07
BC2026_Train_0043_S22_20220112_040000_045,1.5892653e-08,7.391728e-06,1.3105231e-05,8.937131e-06,0.00011110654,4.9730065e-08,1.5317194e-06,7.3820274e-06,0.08316935,0.0004127796,0.0014562905,3.3463614e-06,0.00039002585,1.5100372e-07,4.9937075e-06,0.13999511,8.88896e-07,1.3061978e-07,0.96757275,1.615834e-05,3.2648713e-06,7.621076e-05,0.00029133534,5.9905983e-07,0.00017412694,9.891453e-07,0.0007395701,4.823799e-09,4.9039536e-06,0.0005038737,8.842796e-06,5.1987047e-07,1.8008274e-06,1.28430565e-05,5.2408535e-07,4.7306958e-06,2.0815047e-08,8.791619e-07,4.6426032e-07,1.7262096e-06,5.4327106e-06,4.714774e-07,1.051625e-06,6.1657477e-07,5.3105204e-10,7.435319e-10,4.4617573e-06,3.632301e-07,6.459874e-08,2.1800803e-07,1.1860519e-06,6.0694447e-07,1.2404837e-06,3.78334e-06,4.886746e-06,7.5824964e-06,1.0599194e-06,0.767306,2.4683789e-07,5.04648e-06,0.11743082,1.0831648e-06,0.00035693013,0.004346635,9.5057825e-05,9.063249e-05,1.3312201e-05,4.6719133e-06,3.7964599e-06,7.80162e-05,3.0693264e-11,5.1175454e-07,5.6604e-06,0.00012411737,7.084849e-06,8.402738e-07,3.6514557e-06,3.3749002e-05,1.4685586e-06,7.2481093e-06,0.0006031423,1.0580774e-08,0.0011489426,1.0001782e-05,0.0002479141,1.01118594e-07,1.8449189e-06,0.00020369346,7.5680626e-05,1.8750945e-06,4.5151464e-05,0.000101106125,1.157912e-06,9.127819e-06,0.00034812867,0.009484732,0.00026330582,8.7498076e-05,0.0014473895,0.00070102105,4.301908e-07,5.8746457e-07,0.00090333656,0.0006571346,0.00015110287,1.0581636e-05,2.8309387e-07,5.1358603e-07,5.5797696e-05,5.3395606e-06,1.1790478e-05,0.00031022725,9.679786e-07,4.598902e-07,2.0782795e-06,2.7186054e-05,1.9617717e-06,0.0004087525,2.3430417e-07,0.000377832,0.0001506382,0.0003397525,4.324851e-06,0.005264474,3.3916166e-07,0.0055400226,0.0027378662,0.00016868797,1.1113714e-07,0.00071564084,1.4657906e-05,8.134641e-06,2.09768e-06,1.2151421e-06,1.5036575e-05,2.1684427e-05,0.0006142354,2.948404e-05,7.832781e-07,0.00011906354,1.5180639e-07,6.106935e-07,1.441392e-07,3.7449237e-05,0.0007621359,7.495764e-07,6.471225e-07,6.1685337e-06,8.707624e-05,0.00036095083,5.770808e-06,7.533171e-05,1.3700091e-05,1.8538342e-06,3.6914575e-05,3.9023515e-05,1.3072945e-07,3.2307294e-06,2.5696258e-05,0.00058033864,2.3744155e-05,4.093145e-05,3.8034506e-07,7.051443e-07,7.2175413e-07,0.0045793103,3.7167843e-05,0.00020307428,3.7492433e-07,0.00023596185,4.863671e-06,8.509732e-06,1.846207e-06,1.8350347e-07,5.8005087e-05,5.6721266e-05,1.140763e-06,6.5640884e-06,3.7514295e-05,1.6620817e-05,7.1043487e-06,2.261582e-08,2.3908844e-05,8.002761e-06,9.8639575e-06,3.4788386e-06,2.8266838e-08,4.8636597e-05,1.0967628e-06,2.2298349e-05,1.5234274e-05,0.000115780815,2.2291077e-05,0.00068854407,4.3413827e-05,1.3562246e-05,4.5957813e-06,7.883418e-07,0.00077949977,0.0004203766,6.8866657e-06,2.2670795e-06,3.0189113e-08,1.0484221e-05,7.2809903e-06,3.0757537e-06,0.0013019281,0.00011659914,4.2520833e-06,4.8798347e-06,1.1208632e-05,0.00025804676,5.86528e-07,4.8488917e-05,2.2536437e-05,0.00049103756,5.9325785e-06,0.012913239,6.7146436e-07,0.00015871292,1.8502945e-08,2.127067e-06,3.9785566e-05,5.798894e-07,2.5614954e-05,5.0211005e-05,1.8068556e-07,0.00014152359,3.080255e-07,0.000118496544,3.334409e-06,5.9743437e-05,1.9563367e-06,1.349256e-06
BC2026_Train_0043_S22_20220112_040000_050,1.4634087e-10,5.778424e-07,1.2491629e-06,8.7602275e-05,2.4829487e-06,8.428309e-10,7.2309736e-06,3.4109328e-07,0.00019499469,0.009465279,0.7086438,1.0553705e-08,0.00017289305,8.898827e-10,3.4322778e-09,0.00039353748,2.8165337e-08,3.49744e-07,0.00010733871,1.3953861e-06,2.4656938e-08,1.5211772e-05,2.2147167e-06,6.3653296e-08,1.7162082e-06,7.933647e-09,3.2683647e-07,1.5226079e-09,2.3072312e-07,1.6368851e-05,2.2104819e-06,3.1454377e-07,2.203679e-06,9.4498654e-07,3.685699e-08,1.4623674e-06,5.736429e-09,6.409603e-08,3.5001923e-07,4.7552564e-07,2.8806939e-05,2.3195588e-08,5.683784e-08,3.7992385e-07,1.7151546e-11,1.754235e-11,4.9738974e-06,3.6023263e-07,5.2841244e-07,3.1103016e-07,4.3276998e-08,1.7201272e-08,4.3255042e-08,4.717792e-06,8.213209e-07,1.9416398e-10,2.4427333e-08,0.9999856,4.8532294e-09,3.558454e-05,0.004144901,3.0654054e-08,4.9388866e-05,0.078752324,0.00038347475,1.1196838e-06,9.026771e-06,2.1859596e-07,3.2798282e-09,9.043814e-09,9.8840715e-14,1.0902208e-07,1.8485023e-08,5.8172092e-05,1.3429498e-07,3.553865e-07,7.6096524e-07,2.8530817e-06,1.0729351e-06,1.4664412e-06,3.0158264e-05,1.1336901e-09,6.695487e-06,3.5406276e-07,8.941768e-06,5.498624e-08,4.5423164e-08,6.189613e-05,5.5011367e-07,1.2241342e-06,4.3449532e-07,3.840567e-06,1.0885273e-07,4.3961295e-06,0.00013966576,8.835851e-05,4.543434e-05,0.000490079,0.00060623407,0.00010625576,7.709545e-08,8.215052e-08,6.6781804e-06,1.1237734e-05,1.2502207e-05,3.1162035e-05,2.7069695e-09,2.7474436e-09,6.346185e-06,3.526851e-07,2.3410457e-06,4.886503e-06,6.5982235e-08,6.510762e-07,4.523865e-07,1.17792084e-07,1.7011531e-07,6.6067514e-05,5.6111293e-08,2.452046e-05,2.98677e-05,4.4830304e-07,6.317239e-08,0.0020432537,2.918315e-08,0.00015368691,4.5868583e-06,1.881303e-06,4.220687e-09,9.3601175e-06,5.91073e-08,1.7780898e-06,1.3075842e-06,1.2565572e-07,1.1073532e-07,1.1299942e-09,0.00017863509,4.300851e-05,1.14593306e-07,1.4882726e-05,5.2618674e-08,6.3280418e-06,4.9464033e-09,6.5896224e-06,4.04737e-07,1.4731046e-09,4.0578945e-07,4.8651412e-08,1.4456225e-06,1.3352087e-06,7.9705224e-08,3.0465026e-06,2.4737778e-07,8.878439e-08,6.007096e-05,6.423904e-07,1.92815e-07,3.29359e-08,0.00025010185,1.8559999e-07,2.1632295e-05,5.4943753e-06,6.7097267e-07,2.4692028e-07,2.2063123e-08,0.00017332619,2.5826853e-07,6.890518e-05,8.732457e-09,2.1983595e-05,6.8990234e-06,2.316776e-07,5.2449804e-09,6.4544885e-09,6.678132e-05,4.7830093e-07,2.1168985e-08,3.9488503e-05,4.923547e-07,1.3696839e-05,3.497931e-06,2.6005476e-09,1.0625026e-05,1.6525308e-06,2.3232662e-06,2.426947e-06,1.4050914e-09,2.6837474e-06,8.0515505e-08,1.6388874e-05,6.3214156e-07,1.563439e-05,4.4151497e-05,1.373219e-05,1.9562434e-05,3.5374686e-07,3.3025924e-07,8.548839e-08,3.0498448e-05,2.0453758e-06,4.2135872e-07,1.3250165e-06,2.0172065e-11,8.687635e-05,1.0865823e-05,4.900668e-07,3.8606322e-05,3.1142343e-07,5.5904273e-08,5.185695e-06,1.970677e-07,0.000172054,9.070923e-08,3.1258827e-05,0.00035252512,0.00090197765,3.658056e-08,9.94425e-06,2.9324855e-07,2.1543437e-06,2.1362766e-10,4.3067806e-07,5.7069546e-08,3.726997e-08,1.2224158e-06,1.1360964e-05,3.965394e-07,6.9425378e-06,1.386039e-08,0.00018845142,5.0807916e-08,4.011182e-05,3.252171e-08,1.9835116e-07
BC2026_Train_0043_S22_20220112_040000_055,1.0405111e-09,2.7583734e-05,1.6195872e-05,1.2111843e-05,1.704065e-05,1.7749895e-09,1.1953013e-07,1.6254437e-06,0.0016579814,3.6246205e-05,0.53207195,1.7585027e-07,2.9614312e-05,1.3912143e-08,5.3432927e-08,0.006998461,4.144441e-08,4.7654845e-07,0.85213196,2.8426716e-06,3.9330834e-07,0.00013061053,8.794732e-06,1.6683707e-06,2.2316068e-05,6.249134e-08,0.00048153542,9.915702e-10,1.9477794e-07,1.9816729e-05,4.544306e-06,7.871205e-08,5.426809e-05,1.4920841e-05,2.0643886e-06,2.4052186e-05,6.965976e-08,8.5985334e-07,5.720965e-07,4.10746e-05,3.9767663e-05,7.236524e-08,3.1455597e-06,8.2683243e-07,1.1477186e-10,6.15284e-11,4.5688275e-06,2.5599832e-06,1.3905413e-06,2.7112294e-06,5.435496e-07,3.1982668e-07,4.4550163e-07,3.1725518e-05,3.2599855e-05,1.6912768e-08,1.2373498e-07,0.9992975,5.5135374e-08,1.5547707e-06,0.4731557,7.876627e-08,1.1483531e-05,0.2943364,0.0050410475,4.542827e-05,2.6518674e-05,5.146794e-07,1.38294425e-08,5.996377e-07,1.01361315e-11,6.8160666e-08,2.4210195e-07,4.6164273e-06,2.7236867e-06,3.3543184e-08,4.1968715e-07,2.135385e-05,1.556998e-07,5.974327e-07,8.106946e-05,2.3555113e-08,5.6452205e-05,4.516046e-07,3.843404e-05,9.71006e-08,5.698166e-07,3.8684524e-05,1.0029338e-06,3.9324345e-07,2.8083641e-06,4.061385e-06,1.9822372e-07,3.8098146e-06,0.00045835375,1.1861212e-05,7.504362e-05,0.0013548395,0.00068402797,0.00034207373,1.3021237e-06,6.8215616e-07,1.1769268e-05,2.5935284e-05,2.031047e-05,5.8692316e-05,4.2860762e-08,5.9962167e-07,2.5279676e-05,1.348524e-06,2.8766337e-05,1.8901972e-05,1.1925135e-08,1.5446457e-07,1.1328001e-06,6.6138364e-06,1.3641531e-06,0.00027168044,1.6719012e-08,0.0002996326,3.7545928e-05,9.50409e-06,2.638408e-07,0.00042064558,6.0676077e-09,0.00010065716,0.00012356519,7.918403e-06,2.9456657e-09,1.5470649e-05,2.0957802e-06,1.6732753e-06,2.0385101e-05,6.920789e-07,4.428053e-06,3.623607e-06,0.00014063183,8.5717475e-06,1.2933647e-07,9.1595175e-05,1.9826354e-08,3.4226003e-05,4.844157e-09,3.1313935e-05,0.00013267074,3.0389624e-09,3.304486e-07,1.5104464e-06,6.442637e-06,1.5388674e-05,2.3172777e-07,3.1540546e-06,6.2394446e-07,3.829193e-07,0.00035358756,2.9652956e-06,7.896753e-08,1.08305166e-07,6.127876e-05,3.3054391e-06,5.2947078e-05,4.4208123e-06,5.2642363e-08,1.2778614e-07,8.738742e-08,0.00010546295,3.6540894e-06,0.00061920274,6.5193344e-09,4.6239216e-05,4.451684e-06,1.0262811e-06,7.07616e-08,4.1731077e-08,9.736029e-05,8.150157e-07,3.2218875e-08,3.1238233e-05,8.977279e-06,3.2824308e-05,1.0319812e-06,1.279648e-09,1.4060732e-05,8.861047e-06,9.6791055e-06,1.4202856e-06,8.6732593e-10,7.924484e-06,9.209956e-08,6.5275385e-06,6.4129466e-07,5.3044714e-05,1.972203e-06,6.09321e-05,7.2970935e-05,3.3797087e-07,1.2920538e-05,4.7388727e-07,0.00013623988,3.4524512e-06,4.0815814e-07,1.4832063e-06,1.1575307e-09,1.909155e-06,6.959461e-06,1.3565458e-06,0.00020549694,4.25502e-06,1.1788619e-06,1.9810573e-06,1.3280983e-05,0.00022518798,3.6373784e-08,3.498106e-05,1.803071e-05,0.0008315964,1.5951453e-07,9.843223e-05,7.934572e-07,6.536826e-05,2.8705485e-10,8.8831484e-08,1.4360573e-07,4.5506322e-08,5.4855093e-07,9.6465534e-05,4.98348e-07,0.0063854917,8.52956e-07,4.1560183e-05,1.67639e-07,4.6453704e-05,5.0203624e-08,1.4314931e-07
BC2026_Train_0047_S22_20220131_003000_000,7.7400135e-12,9.4265533e-07,6.6191885e-11,1.2898528e-07,1.0698203e-09,3.458707e-14,5.2951914e-12,1.1193411e-10,4.187807e-10,1.4458266e-06,0.00065351714,3.9743703e-10,6.918949e-10,4.8852797e-09,7.83146e-12,3.0024796e-05,9.893188e-09,1.3443813e-09,0.99960035,1.4384755e-06,9.295559e-10,0.66072446,7.6818026e-08,2.7726635e-10,8.92809e-09,1.3198556e-09,9.8275365e-08,1.3913177e-12,3.6530537e-10,1.23432e-06,4.2034962e-08,6.029304e-10,3.410503e-08,1.144333e-07,2.836919e-08,5.2527916e-08,4.905596e-07,1.7757971e-07,1.7205715e-10,2.4645078e-06,4.095108e-09,7.954727e-12,2.530228e-07,3.2188023e-09,2.290001e-15,3.43285e-15,6.6076815e-08,1.3552821e-09,9.0471165e-11,5.639512e-11,4.2643555e-06,6.686456e-07,9.1834573e-07,5.356593e-10,3.775663e-06,7.8338544e-11,4.5182578e-09,0.0032851512,9.729958e-11,2.9048316e-08,0.99999905,2.8978144e-12,2.887445e-10,0.99671644,0.0010993253,2.3196191e-05,1.08322716e-07,7.435975e-09,2.7602057e-10,6.175499e-10,3.741491e-16,9.9610396e-11,4.7470367e-10,1.2938083e-10,3.508261e-09,4.623859e-10,8.86815e-08,1.1239036e-07,9.313198e-10,1.3108081e-10,3.6290893e-09,7.1402476e-12,1.2030155e-08,1.3199196e-11,2.9646366e-10,2.8525482e-10,1.7796667e-10,4.48866e-08,6.501899e-09,1.8633278e-07,3.3210972e-07,1.1114711e-07,8.599823e-10,5.9388744e-10,2.9163566e-08,4.0607993e-09,2.225911e-09,8.192618e-06,1.1903494e-07,2.1237156e-07,7.4902573e-06,6.315131e-12,8.2612155e-07,6.3840444e-06,1.6219211e-06,2.4355964e-08,2.0511677e-10,1.3171018e-09,2.7030018e-09,2.7892154e-08,4.1397755e-10,5.2131276e-07,3.2374985e-11,1.5787445e-09,1.0386988e-09,5.0025363e-08,6.5173474e-08,1.7427187e-08,8.761765e-10,5.037542e-08,7.146235e-07,1.5336603e-07,1.0844062e-10,1.9641208e-08,2.00594e-09,1.5404657e-08,1.05836435e-07,4.938214e-08,2.43211e-12,2.0945883e-07,1.8371614e-10,1.7282557e-07,3.9670334e-09,8.5012976e-11,3.8373575e-11,1.1859349e-09,3.3149918e-06,2.9811915e-08,3.5588498e-12,4.0193513e-08,1.6866212e-09,8.8340975e-08,5.1052313e-12,3.4338573e-08,1.450186e-07,9.0089794e-14,2.8488103e-08,2.9868958e-11,5.2463114e-09,3.2523452e-08,4.2527923e-09,9.813816e-10,1.3389255e-09,1.4512707e-09,9.153478e-08,2.2068678e-08,4.4925157e-11,3.6739214e-12,3.6973624e-10,4.3177192e-10,5.52215e-05,1.8045472e-10,5.127445e-11,2.2556561e-10,1.3067841e-10,2.6229156e-08,1.2657291e-09,1.6294752e-08,6.369935e-11,1.0266788e-07,6.359517e-08,1.3389153e-09,8.946986e-11,6.332301e-10,1.3231969e-06,1.8486546e-07,7.490137e-09,4.7571974e-10,5.3020717e-09,2.27248e-06,8.855266e-09,4.3367224e-12,1.4332609e-06,2.4935026e-08,6.340187e-08,2.840659e-09,2.0258085e-11,3.110709e-09,1.1727887e-10,4.3996586e-08,6.5999034e-10,2.780595e-07,5.150975e-09,1.5339099e-08,1.1620157e-07,1.319617e-08,3.6621262e-08,1.7506059e-10,1.8256489e-07,3.33653e-11,5.229405e-10,3.4399505e-10,1.6270295e-14,1.0811317e-08,1.40689e-10,7.627036e-09,1.0399071e-07,8.953578e-06,1.140011e-09,2.8037608e-08,1.294276e-08,2.545153e-07,1.9536173e-09,2.1235671e-08,6.2723993e-06,1.4343426e-06,6.785056e-11,2.3645981e-07,2.433776e-12,1.0700965e-08,4.3949198e-12,1.0622165e-08,3.1994206e-11,4.116204e-13,4.116799e-10,7.1410423e-06,1.1776663e-10,1.0674911e-06,3.5469075e-13,5.9340785e-08,1.1689858e-13,6.1186385e-09,1.052555e-10,1.3042124e-09
BC2026_Train_0047_S22_20220131_003000_005,1.3815462e-09,1.0288189e-05,2.5414803e-08,1.6794282e-05,9.743418e-08,9.132224e-11,1.0100598e-08,1.2444917e-07,1.8417018e-06,9.728882e-05,0.008242585,4.505171e-08,1.2922455e-06,1.5979955e-07,5.684518e-09,6.552273e-05,1.6484965e-07,1.2339623e-06,0.9203625,0.00015376766,2.8211096e-07,0.22909987,1.8620557e-06,1.05622675e-07,9.9540266e-08,5.438992e-08,3.419226e-06,1.9033926e-09,4.4108926e-08,3.0645504e-05,2.4975068e-06,5.3962324e-08,2.7027386e-06,1.8347367e-06,8.046153e-07,1.9129293e-06,2.067125e-06,2.5029456e-06,4.2736318e-07,3.9064785e-06,6.3046247e-07,1.7647686e-08,1.5819426e-06,4.4690975e-07,9.849247e-12,1.2128052e-11,5.203179e-07,2.0569492e-07,4.6988294e-08,1.3490904e-08,6.775742e-06,3.0246601e-06,2.5543327e-06,7.557645e-07,2.8252718e-06,1.4197987e-08,1.3127529e-07,0.9160341,3.431579e-08,1.518574e-05,0.99999416,8.8994717e-10,2.847268e-07,0.3817456,0.005880271,3.3168995e-05,3.037115e-05,3.8151083e-07,2.2888918e-07,1.0559548e-07,6.7170002e-12,5.009984e-08,2.4143628e-07,2.929894e-08,1.3921867e-06,1.0245799e-07,1.2075994e-06,1.786973e-05,6.889207e-08,5.4315166e-08,7.5315336e-07,7.338586e-09,2.5250692e-05,1.3076058e-08,1.0391551e-06,1.986211e-07,1.4741067e-06,1.993161e-06,6.4160486e-07,8.5911515e-06,5.3985597e-05,1.2141064e-06,1.2669674e-06,5.645784e-07,2.4771728e-07,1.123633e-05,3.578089e-07,0.00010394388,1.664637e-05,6.2745235e-06,1.300192e-05,3.510371e-08,0.00019195882,0.0006696306,8.109459e-05,2.7821095e-06,6.476258e-08,4.0481954e-08,1.7238867e-06,1.9397448e-06,4.1456707e-07,5.9668055e-05,6.563968e-08,6.628295e-08,7.064563e-08,2.3254674e-06,5.3667452e-05,3.5298297e-06,1.7371903e-07,3.116848e-06,0.00011988299,1.6280006e-05,2.991495e-08,5.423067e-06,3.079174e-07,1.4449637e-06,1.597163e-05,1.0665777e-05,2.7386957e-09,5.3639105e-06,2.6462217e-08,1.6562162e-05,1.643204e-06,7.219952e-08,1.072954e-07,5.0630103e-08,0.00010397302,2.1037963e-06,1.3589014e-08,8.4322355e-06,4.1923713e-07,2.4585457e-05,8.045299e-09,3.6343488e-07,1.7944311e-06,7.7154366e-10,7.505206e-07,1.4858772e-08,1.3947941e-06,2.9444034e-06,1.1095959e-06,2.5315748e-07,3.0493405e-07,1.9296768e-07,1.8394111e-06,7.263603e-06,5.1040416e-09,1.9555932e-09,5.4486375e-08,1.4968515e-08,0.0017510409,1.3600233e-07,7.252677e-08,3.831329e-08,9.242683e-09,1.2772411e-05,4.396119e-08,1.645644e-05,8.695691e-09,1.3737508e-05,4.574382e-06,8.221229e-08,9.083436e-09,2.158612e-07,5.9508075e-06,2.8984673e-06,8.5431175e-08,8.0477326e-07,1.8647497e-06,1.4375085e-05,6.576156e-06,2.9319718e-09,1.5350492e-05,2.2701429e-06,6.1091705e-06,2.9234806e-07,6.1731353e-09,1.3587209e-06,6.75033e-08,1.2686473e-05,1.6380797e-06,1.5037995e-05,3.485064e-07,8.539111e-06,8.129049e-06,2.1924036e-06,1.3018865e-06,1.11499155e-07,4.0720274e-06,2.7281551e-08,6.115421e-07,1.0038144e-07,1.4246775e-10,8.311401e-06,2.9833166e-07,6.970202e-07,6.421346e-06,0.00025371645,6.627238e-07,9.288298e-07,1.5935198e-06,3.241664e-05,4.3438175e-07,3.1810907e-06,0.00016942578,5.4396536e-05,3.2067504e-08,4.3871216e-05,6.0087793e-09,9.755493e-07,4.0735912e-09,3.984234e-07,3.4660214e-08,2.1003035e-09,2.4379074e-07,6.591661e-05,1.586591e-08,5.4205615e-05,1.2858993e-09,6.307292e-06,8.882683e-10,1.4928136e-06,1.771347e-07,1.0137775e-07
BC2026_Train_0047_S22_20220131_003000_010,3.9195652e-10,2.7256904e-06,5.04504e-09,6.425362e-07,7.195726e-09,7.2954045e-13,1.5875883e-10,2.6382172e-09,5.4159557e-09,1.6549958e-06,0.00064927636,1.6415532e-09,9.129569e-09,1.7717062e-08,3.296786e-10,0.000104216124,9.470028e-09,1.30815945e-08,0.9847109,9.849877e-06,6.4950942e-09,0.63779366,9.859498e-07,2.5858231e-09,1.7569322e-07,3.8610402e-08,3.0096633e-06,1.4896527e-10,1.8538717e-09,5.699249e-06,2.1228266e-07,3.6520866e-09,9.8388846e-08,5.3579777e-07,5.558021e-08,2.945106e-07,1.2019086e-06,9.901901e-07,3.1424765e-09,1.6509289e-06,3.1444863e-08,2.513982e-10,7.696504e-07,2.2455023e-08,5.3357807e-14,4.58289e-14,3.4186414e-07,5.2492368e-08,1.7250611e-09,7.2642437e-10,7.218847e-06,2.4712601e-06,2.3903124e-06,4.2754427e-09,1.4886339e-06,9.894995e-10,3.4394418e-08,0.011336498,4.0525587e-09,2.664244e-07,0.9999989,6.0653765e-12,2.9972738e-09,0.9935033,0.002323187,9.923512e-06,5.0835973e-07,5.9941534e-08,5.5966953e-10,5.5611045e-09,6.1989354e-14,3.9446246e-09,1.2951594e-09,1.2821645e-09,1.6179794e-08,1.512261e-09,1.6392862e-07,3.506173e-07,2.4701172e-09,7.584166e-10,2.1087219e-08,1.6237496e-10,1.5120979e-07,2.128833e-10,1.7660145e-08,7.0127517e-09,2.4286142e-09,8.047282e-08,2.8395771e-08,7.4907325e-07,2.4424226e-06,7.70784e-08,1.1080099e-08,8.068811e-09,6.8803175e-08,6.085076e-08,1.17183285e-08,1.592685e-05,1.7042968e-06,1.9647716e-07,4.460268e-06,6.6887246e-11,5.481417e-06,5.6325942e-05,3.9762996e-05,1.683765e-07,2.1789648e-09,9.317574e-09,1.38240095e-08,7.369939e-08,1.5504578e-09,3.072224e-06,3.4704037e-10,1.3249006e-08,1.3315483e-08,2.0712064e-07,8.6322444e-07,1.5785531e-07,4.8953352e-09,3.6229568e-07,3.2743253e-06,6.766184e-07,8.7850754e-10,1.631765e-07,3.9301842e-08,4.108065e-08,4.1370367e-07,3.6066507e-07,1.5218892e-11,4.814284e-07,7.999498e-10,6.661811e-07,8.216385e-08,5.9611743e-10,5.3245064e-10,1.0050747e-08,1.48850395e-05,5.4640818e-08,6.3058066e-11,3.3109242e-07,4.949253e-09,5.9191177e-07,7.95939e-11,1.01783655e-07,3.3188243e-07,1.877637e-12,7.947115e-08,1.7370257e-10,2.0701691e-08,1.4582965e-07,2.2519014e-08,3.7025725e-09,1.028719e-08,1.3220331e-08,4.745611e-07,3.4003442e-08,3.8375642e-10,2.520126e-11,2.536157e-09,1.8277186e-09,7.0638926e-05,3.553822e-09,4.1365866e-10,8.06373e-10,5.468372e-10,1.4527481e-07,6.277743e-09,1.1512566e-07,2.459116e-10,1.0994952e-06,3.127133e-07,4.9036055e-09,2.1845648e-10,4.425343e-09,1.6243947e-06,6.7592697e-07,4.7522484e-09,5.3130353e-09,2.8865944e-08,5.886086e-06,6.8439704e-08,1.2999278e-10,3.1123984e-06,7.212203e-08,9.408513e-08,2.3810692e-08,3.6002545e-10,1.1597434e-08,1.0441554e-09,2.5933227e-07,2.0646556e-09,7.197271e-07,3.5881307e-08,4.5384107e-07,3.8956264e-07,3.6269245e-08,4.055465e-07,1.0165784e-09,4.6468244e-07,1.843585e-10,8.118179e-09,2.3159548e-09,1.1827006e-12,6.627954e-08,1.2678238e-09,3.637677e-08,2.2988543e-07,0.00012618896,2.2729942e-08,6.052416e-07,1.12980565e-07,6.0066736e-07,1.4777403e-08,3.4735923e-08,1.0854938e-05,4.2873044e-06,9.641583e-10,2.3833462e-07,2.5576942e-11,8.516095e-08,2.5025993e-11,4.3301267e-08,3.7206224e-10,5.639724e-12,4.2103627e-09,1.084182e-05,1.1008262e-09,1.4357999e-05,5.400464e-12,2.594805e-07,6.9095125e-12,3.6978737e-08,3.935764e-09,5.274918e-09
BC2026_Train_0047_S22_20220131_003000_015,3.5399939e-09,7.3776637e-06,3.203777e-07,1.6399055e-06,9.2804004e-07,1.326171e-10,7.4047705e-08,8.394674e-08,3.7708733e-06,0.00040544083,0.007911078,8.3710745e-08,2.8358154e-06,3.2042536e-07,5.3844403e-08,0.0012465721,1.12522706e-07,7.221886e-07,0.49074647,0.00023114451,2.198139e-07,0.0900578,2.6022417e-05,4.6749697e-08,5.400647e-06,2.928615e-07,4.3438176e-05,5.8424e-09,2.8831616e-07,0.00031742643,1.321449e-06,1.9103572e-07,1.6142855e-07,6.585298e-07,3.2856502e-07,3.8556645e-06,2.7870783e-07,8.46445e-07,1.233162e-07,1.4431981e-06,1.3537048e-07,1.2846179e-08,1.1561311e-06,8.5997556e-07,1.5983028e-12,7.332894e-12,9.707798e-07,1.0012406e-07,1.5812134e-08,2.4597693e-09,9.902441e-06,4.1672365e-06,6.1143874e-06,4.1277087e-08,2.4150265e-06,2.8324694e-08,9.070439e-08,0.83882135,1.224387e-07,2.9806835e-05,0.9999937,1.332574e-09,1.3823792e-06,0.97950727,0.009089121,6.536415e-05,2.679924e-06,2.0191515e-06,3.0502417e-08,1.5365252e-07,2.8906768e-12,3.9580044e-07,1.7856461e-08,9.35765e-08,3.596282e-07,4.524339e-08,4.65515e-07,1.4283869e-06,1.3130871e-07,3.3491528e-08,2.2533552e-06,1.1462751e-09,4.5272977e-06,5.645609e-09,8.127353e-07,5.5267197e-08,1.2160585e-07,1.3163713e-06,1.014399e-06,1.1128441e-06,2.9441162e-05,1.9648216e-06,9.226219e-08,5.0040533e-08,5.759652e-07,4.723712e-06,1.1464883e-07,7.8217645e-06,1.3178421e-05,6.650768e-06,9.558687e-07,3.1601113e-09,0.00018229151,0.00070284994,0.0005490661,6.3529424e-06,2.3799162e-08,9.0110845e-08,4.323851e-07,1.0110737e-06,2.3622563e-07,8.884712e-05,1.4922847e-08,1.13207165e-07,1.2037206e-07,1.1077415e-06,3.2401713e-06,1.1144382e-06,6.599344e-08,3.5399667e-06,1.3910939e-05,2.2150737e-06,3.3240468e-08,2.889233e-06,1.2481471e-06,6.128095e-07,3.292606e-06,2.537214e-06,1.3349729e-09,2.2852697e-05,2.6703256e-08,6.213032e-06,3.0939066e-07,2.7749467e-08,2.9554482e-08,2.0673477e-08,0.00015091912,5.3127593e-07,2.2569484e-09,7.2552125e-06,7.0242685e-08,3.220142e-06,2.2144733e-09,1.1962513e-07,2.7502767e-06,1.5414378e-09,1.8652676e-07,3.1003196e-09,3.499168e-07,2.8070176e-06,5.122829e-07,1.17812064e-07,8.7694644e-08,1.3077009e-07,2.0858565e-06,3.7344947e-07,3.717929e-09,1.2775458e-09,1.381874e-07,4.2942503e-08,1.6887947e-05,1.0872366e-07,3.6294715e-08,1.597291e-08,1.3082269e-08,7.958637e-05,5.811772e-08,2.1784604e-06,3.2494045e-09,7.4451987e-06,7.398449e-06,4.0282927e-08,9.509343e-09,9.712691e-08,8.461162e-06,3.328166e-06,1.7271494e-08,1.0523377e-07,5.931374e-07,2.9388595e-05,1.868363e-06,2.4921605e-09,1.285975e-05,3.7862853e-07,1.083699e-06,8.9973796e-08,1.46617625e-08,2.0487462e-07,3.6570167e-08,2.7570861e-06,8.4499995e-08,4.4060935e-06,4.1283884e-06,4.7196327e-06,4.9082437e-06,1.090188e-06,1.444487e-06,1.8367919e-08,1.9665085e-06,1.248795e-08,3.4775243e-07,8.043553e-08,1.5172584e-10,2.0237069e-06,8.678182e-08,1.2857475e-06,4.279507e-06,0.0008837314,1.09342984e-07,4.145539e-06,1.3683932e-06,4.254111e-06,1.13059365e-07,1.0405425e-06,0.00015198707,0.0002774582,1.2477665e-08,2.4577948e-06,2.4653632e-09,4.5408868e-07,7.883262e-10,4.7417657e-07,1.0476129e-08,1.8348362e-10,1.4411019e-07,1.4869617e-05,1.6860753e-08,3.161528e-05,3.0174693e-10,1.5529305e-06,3.1671515e-10,7.524971e-07,1.0191945e-07,8.0105444e-08
BC2026_Train_0047_S22_20220131_003000_020,4.9157904e-08,1.05875915e-05,3.0271794e-06,6.6515227e-06,2.1436157e-05,1.0518456e-08,2.8523389e-06,7.421939e-06,2.4656672e-05,0.0002256133,0.0014091972,4.7958533e-06,5.79661e-05,1.2861256e-05,1.0111681e-06,0.015786065,5.0249226e-05,1.69016e-06,0.9734432,0.00020678532,4.0055096e-05,0.0070998827,0.00027745872,2.6826214e-07,5.794433e-06,4.8222564e-06,2.1249858e-05,1.9401018e-08,1.1806902e-06,0.0005382464,2.93691e-06,4.5492527e-07,1.4758918e-06,7.1176537e-06,3.9344152e-07,3.2154283e-06,6.4464143e-07,4.6411783e-06,1.2034405e-07,6.405346e-06,2.3455689e-06,4.102216e-08,2.3752123e-06,9.061382e-07,5.18866e-10,5.5652605e-10,2.9848982e-06,4.5826906e-07,8.015114e-08,6.474158e-08,6.3850066e-06,2.3030639e-06,4.9369846e-06,1.3946292e-06,3.3422791e-06,2.3715388e-06,2.680491e-06,0.43345273,3.0016745e-06,2.4465568e-05,0.9961725,2.5824806e-07,0.00021853087,0.4293024,0.0031407273,0.00022006496,0.000513333,2.650075e-05,9.622283e-06,3.0393173e-06,9.9466296e-11,2.869599e-06,9.512567e-06,5.813357e-07,1.26156065e-05,1.1659469e-06,1.3443046e-05,6.228443e-05,4.1668713e-06,3.9236984e-06,8.569181e-06,9.969702e-08,0.0003576783,1.3088429e-06,2.085369e-05,7.8362854e-07,1.0640359e-05,0.00017701076,1.8897681e-05,6.574805e-05,0.00020156073,0.00017758031,2.1448686e-06,1.3556365e-06,1.8265093e-05,8.956276e-05,2.270758e-05,0.00017070064,0.0062764455,0.0007534505,7.809197e-06,3.0422416e-07,0.0011436675,0.002702596,0.00036862408,4.5844543e-05,7.5850977e-07,3.5515652e-06,8.797186e-05,4.2866795e-05,9.983694e-06,0.001704991,1.0781338e-05,2.5118864e-06,3.1044153e-06,0.00042852244,1.45602435e-05,5.3929667e-05,1.7902332e-06,6.848077e-05,0.00013543191,9.4434065e-05,1.4091281e-06,0.00014774658,2.1088242e-06,0.00012512054,0.000113400354,5.123649e-05,1.09868125e-07,0.00030368275,5.053059e-07,6.231652e-05,7.603612e-06,5.54988e-07,2.3166554e-06,4.834786e-06,0.00042924774,2.2001172e-05,2.1471392e-07,2.6561598e-05,1.0101571e-06,2.6026313e-05,4.238526e-07,1.0956936e-05,8.559893e-05,4.834851e-07,3.920579e-06,8.5298706e-07,1.2121259e-05,0.00010585034,9.420807e-06,2.762504e-05,3.4851912e-06,2.4379544e-06,7.3838215e-05,5.3394448e-05,1.0770754e-07,1.5091244e-07,7.4527925e-06,6.405432e-06,0.0038266117,2.8584088e-06,1.1388704e-06,3.353409e-06,2.773685e-07,0.00019361872,1.677799e-06,0.00017134135,1.3655538e-06,0.0001455057,2.0961317e-05,6.701066e-05,8.063405e-07,1.9421807e-06,0.0010189939,3.9701124e-05,4.324892e-06,3.32618e-06,1.9949535e-05,0.00020368143,4.5717625e-05,5.158696e-08,0.00010366266,2.0774885e-05,0.00010658691,1.7181651e-06,1.5356785e-07,2.4571722e-05,1.9247248e-06,0.00034220028,6.0324137e-06,4.3508284e-05,0.00014306235,0.00044978465,2.8250992e-05,8.454336e-05,9.1957245e-06,9.840101e-07,0.00013375183,1.393656e-06,6.539377e-06,6.29539e-07,3.1616005e-09,0.00014789459,1.0088314e-05,8.425499e-06,4.272611e-05,0.000941613,9.07393e-06,1.7931492e-05,8.769154e-06,0.00010588032,2.1428934e-06,5.1743322e-05,0.0006506999,0.00060867984,1.4759355e-06,0.0003509652,2.3553735e-06,5.4678894e-06,7.423918e-08,4.2758224e-06,6.059698e-06,1.01550185e-07,3.879998e-05,0.00016927366,3.5612817e-07,0.00044034634,1.5033006e-08,3.6306436e-05,4.8905132e-08,2.5342508e-05,1.1521753e-06,1.5428703e-06
BC2026_Train_0047_S22_20220131_003000_025,3.384716e-09,4.3598434e-06,4.0747517e-07,7.760723e-07,4.346372e-06,1.8032675e-10,4.3661288e-07,2.8428317e-07,2.1812023e-06,3.099961e-05,0.00088958786,2.3006989e-07,1.0848501e-05,6.281339e-07,3.81122e-08,0.001158233,1.1305887e-06,3.4574617e-07,0.9560493,0.00019088305,2.0857053e-06,0.01034652,4.238215e-05,9.690647e-09,1.053482e-06,5.528306e-07,5.0000317e-06,4.5422593e-10,9.58011e-08,0.00010196231,2.0555589e-07,1.444181e-07,8.230564e-08,1.8956458e-06,5.348176e-08,1.3014012e-06,8.042296e-08,2.0496803e-07,3.432528e-08,3.171449e-06,1.19194766e-07,1.9790416e-09,3.4550192e-07,4.861e-07,9.62926e-12,6.9075097e-12,5.820363e-07,5.4009796e-08,2.3434334e-09,2.1452442e-09,4.8492298e-06,4.4191037e-07,1.9074441e-06,3.7684927e-08,7.873636e-07,1.6262653e-07,4.974809e-07,0.52313954,5.3474315e-07,1.824401e-05,0.99994195,1.0744568e-08,2.5070518e-05,0.91888916,0.018087585,3.5756057e-05,6.0486245e-06,5.110882e-06,1.9941237e-07,4.435697e-08,4.296454e-12,1.28506e-06,2.007373e-07,7.2963836e-08,4.747055e-07,1.5159242e-07,4.5896883e-07,1.8366818e-06,5.052881e-07,5.5967853e-08,1.2614023e-06,1.777751e-09,3.1976645e-06,6.1374124e-08,7.694119e-07,6.771026e-08,3.4259358e-07,9.8413875e-06,9.931636e-07,1.0969933e-05,2.9768771e-05,7.3292967e-06,6.131597e-08,4.811112e-08,2.067121e-06,3.4917218e-06,4.144204e-07,9.691326e-06,0.00042025058,9.899005e-05,7.011063e-07,4.0350887e-09,0.00011858087,0.0015408312,0.00017041426,2.5011128e-05,4.6475684e-08,1.993699e-06,3.6064102e-06,2.2416568e-06,8.596295e-07,0.00018399095,2.4128826e-07,3.2162976e-07,7.2270666e-07,2.308248e-05,9.3831426e-07,1.0550329e-05,1.1638223e-07,2.9938585e-06,2.0383528e-05,4.0773352e-06,6.336101e-08,9.869104e-06,4.017528e-07,2.4845192e-06,2.5937534e-05,1.9754164e-06,2.284385e-09,6.277476e-05,1.8072186e-08,1.2348546e-05,6.679032e-07,4.966191e-08,1.9409593e-07,3.6463018e-07,0.00037228726,1.6555957e-06,2.2497666e-09,9.647717e-06,1.00133235e-07,4.3788236e-06,9.67615e-09,1.066502e-06,1.25799115e-05,6.535046e-09,1.2310714e-07,5.5882494e-09,9.4019094e-07,7.4989343e-06,5.351191e-07,2.0432944e-07,1.6296842e-07,2.7307144e-07,6.326425e-06,3.6422011e-06,1.026606e-08,4.2141712e-09,3.1039183e-06,1.7212601e-07,0.00017955553,2.1745697e-07,2.293458e-08,7.357832e-08,2.4027488e-08,0.00010144955,2.4135318e-07,8.742334e-06,2.4079881e-08,1.2830644e-05,7.3484803e-06,4.392067e-07,4.3062503e-08,2.6909618e-07,4.806376e-05,1.06276e-05,2.0965981e-08,2.878793e-07,8.7374724e-07,3.5642686e-05,1.2795862e-06,1.034975e-09,2.1231222e-05,2.2588742e-06,5.3659783e-06,1.7152168e-07,6.2187993e-09,1.5496742e-06,6.5605256e-08,4.7276913e-05,1.9636381e-07,5.3462e-06,5.8400095e-05,1.8570085e-05,2.4600201e-06,4.942444e-06,1.8701228e-06,8.062047e-08,6.880914e-06,2.5480182e-08,5.2071005e-07,8.3449294e-08,1.3346821e-10,6.8618647e-06,2.3321961e-07,1.3878415e-06,3.2810287e-05,0.0005244289,2.6409555e-07,4.5665274e-06,3.2495043e-06,1.1779205e-05,1.5511246e-07,1.1506124e-05,6.547619e-05,6.6386005e-05,5.315896e-08,1.6249758e-05,2.7574405e-08,2.1483834e-06,2.8133054e-09,8.317707e-07,7.349809e-08,7.9603507e-10,5.8315645e-06,7.6191095e-06,3.2025515e-08,0.00018536548,2.387315e-10,8.4314715e-06,4.968384e-10,1.7421725e-06,5.2460138e-08,1.06807605e-07
BC2026_Train_0047_S22_20220131_003000_030,1.691542e-11,4.8140686e-07,1.8350742e-10,1.7074483e-07,2.1537472e-09,2.2206145e-13,3.9172093e-11,4.5384402e-10,2.2321153e-08,2.5514933e-07,7.887435e-05,2.653492e-10,2.3963047e-08,5.249845e-09,1.6632833e-10,0.00038160008,2.6717e-09,7.1897714e-09,0.99797946,7.4595187e-06,5.711308e-09,0.55229264,1.9008691e-07,4.779461e-10,8.753268e-09,2.238531e-09,6.8493773e-07,1.3438159e-11,8.397837e-10,1.1477775e-06,1.3546005e-08,1.7018673e-09,1.18787336e-08,2.1384993e-07,3.0605214e-08,7.75488e-08,4.12874e-08,5.641241e-08,2.462763e-10,1.5695615e-06,1.7199292e-09,9.426746e-12,2.2094272e-07,3.413039e-09,8.487218e-15,6.559915e-15,7.290123e-08,2.844579e-09,1.7815925e-10,2.0567414e-11,2.69503e-06,8.637704e-07,5.682597e-07,4.9898286e-10,5.5893236e-07,1.9911489e-10,2.2778888e-09,0.12292846,4.4608062e-10,5.0113846e-07,0.9999999,3.102409e-12,1.0978862e-09,0.9953329,0.00064014306,1.105484e-06,8.177034e-08,6.1038726e-08,2.9556538e-10,7.402688e-10,8.772512e-15,1.1603446e-09,2.5232055e-10,9.726511e-10,1.574328e-08,2.1096491e-10,2.6084077e-08,7.309686e-08,7.179517e-10,5.2320487e-10,1.1755243e-08,1.2773861e-11,1.8349454e-07,1.1657413e-10,9.515293e-09,5.4453075e-10,4.525684e-09,7.495857e-08,1.7161257e-08,1.9373918e-07,1.3659015e-06,4.473574e-08,6.2455774e-10,2.0145863e-09,2.8479084e-08,2.1642286e-08,2.3937636e-09,1.3405075e-06,1.0602329e-06,1.510851e-07,2.6548926e-07,1.1118973e-11,3.8515856e-05,0.00012804249,8.1348735e-06,9.3539924e-08,7.1561657e-10,2.256191e-09,9.041468e-09,3.9283783e-08,1.4594234e-09,3.0457968e-06,6.9668035e-11,9.2294666e-10,1.4775084e-09,3.8453422e-07,3.3999362e-07,1.18744005e-07,1.3844821e-09,1.1478515e-07,4.537412e-06,1.9157085e-07,4.6193988e-10,1.8768519e-07,1.6996038e-08,9.430662e-09,2.1805545e-07,3.2776825e-07,4.6729547e-12,8.800603e-07,1.840595e-10,5.2993755e-08,1.7260462e-08,2.7462738e-10,6.368918e-10,2.793095e-09,1.4566715e-05,8.938382e-09,4.0054553e-11,5.2372354e-07,1.1648483e-09,1.2627896e-07,2.69701e-11,1.0455789e-08,5.2203166e-07,2.1053257e-12,5.283033e-09,4.4133183e-11,1.7027286e-08,2.5631236e-08,9.061062e-09,2.2572069e-09,6.2192735e-09,1.1589955e-09,9.2660045e-08,1.1503358e-07,1.08958516e-10,9.535064e-12,3.087779e-09,2.1255637e-09,2.0875019e-05,7.3728e-10,2.9865382e-10,1.65899e-10,2.4039565e-10,1.3641506e-06,1.4731244e-09,1.0318675e-07,6.1814234e-11,8.859964e-07,2.0926795e-07,1.28612e-09,3.8542086e-10,1.4397434e-09,9.61619e-07,6.5461387e-07,7.122694e-10,1.1891151e-09,2.2899348e-08,9.36245e-07,1.959369e-08,1.6413449e-11,4.2257076e-07,5.079745e-08,4.6610086e-08,3.1827592e-09,4.5037467e-11,1.1439453e-08,2.116089e-10,3.8583389e-07,2.1702915e-09,2.3683805e-07,3.3617933e-08,1.7798544e-07,9.9782824e-08,6.569504e-08,3.064172e-08,8.287992e-10,2.5028973e-07,3.132445e-10,5.9186354e-09,1.8838411e-10,4.3204638e-13,1.6898067e-08,7.189438e-10,1.7278643e-08,4.077006e-07,0.00016303944,1.5127378e-08,8.498684e-08,2.2965091e-08,1.1995127e-07,3.0167917e-09,2.0644164e-08,8.383045e-06,9.2819555e-06,3.7210843e-10,1.0731521e-06,1.00638525e-11,4.8051973e-08,3.0220568e-12,8.2475164e-09,1.3588923e-10,1.4367264e-12,1.6694087e-09,3.6610654e-06,3.3019715e-10,8.952869e-06,4.7759366e-13,1.7313734e-07,1.3629117e-12,1.375906e-08,1.7937045e-09,5.559065e-10
BC2026_Train_0047_S22_20220131_003000_035,2.1491153e-12,2.098177e-07,7.8484365e-11,8.9545074e-07,2.721173e-10,9.090537e-14,5.654979e-11,3.2695147e-10,2.9001095e-08,2.9344826e-06,0.0015641758,2.4874913e-10,8.917981e-09,5.4054805e-09,7.506148e-11,0.00020519366,2.5835947e-09,1.963457e-09,0.97642535,1.6963553e-05,3.239942e-09,0.03796755,3.0050316e-08,4.661778e-10,2.1580937e-09,3.440961e-10,1.7683053e-07,4.340703e-12,9.256471e-11,4.6791947e-06,2.300177e-09,3.8155226e-10,2.1245679e-08,3.29662e-07,2.6976624e-08,5.2267477e-08,1.9227873e-08,3.496872e-08,5.927772e-10,4.34148e-06,3.467124e-09,1.0061338e-11,5.9333548e-08,2.0866833e-09,4.0880406e-15,2.6598647e-15,7.1065124e-08,9.313856e-10,2.4696825e-10,5.2171482e-11,1.5101308e-07,1.0701765e-07,1.1043876e-07,1.4040172e-09,6.345824e-07,2.165461e-10,1.8658612e-10,0.7626067,8.092878e-11,1.6082097e-07,0.9999931,6.320795e-12,3.956462e-09,0.9610113,5.038786e-05,3.7230373e-06,5.1481294e-07,1.30889575e-08,1.2214354e-09,2.3980992e-10,8.984895e-16,7.283816e-11,1.8990727e-10,9.168864e-10,3.5552475e-08,8.503541e-10,3.304337e-08,7.0370874e-08,9.0181607e-10,1.1780259e-10,1.872005e-08,4.8065076e-12,3.8828009e-07,3.5506747e-11,1.717239e-08,3.9075923e-10,3.1712697e-09,3.538895e-08,9.708556e-09,3.2724913e-07,4.3512725e-07,3.399987e-08,9.313377e-10,7.411861e-09,3.5347195e-08,1.2161149e-08,2.1148514e-09,6.4237465e-06,6.218647e-07,9.588094e-07,7.168241e-07,1.2834821e-11,1.1689234e-05,5.927724e-05,4.193717e-06,1.0954964e-07,2.2090724e-10,9.0939883e-10,1.5505826e-08,1.5995044e-08,1.0896272e-09,1.1083924e-06,3.8660844e-10,5.1112387e-10,1.2323401e-09,9.651232e-08,6.4075984e-08,1.739737e-07,9.667732e-10,2.3787776e-07,4.6665602e-07,3.889635e-07,4.523015e-10,7.4161267e-07,1.2274515e-09,2.1372731e-08,1.0138916e-07,8.168757e-08,1.4499966e-11,8.749847e-07,1.8368251e-10,4.6849852e-08,1.7134766e-08,3.94935e-10,2.9245645e-10,3.775302e-10,2.7138085e-06,1.1877396e-08,2.2824225e-11,3.1461246e-07,1.2887248e-10,4.4246363e-08,8.471284e-12,7.267366e-09,9.449175e-08,1.6561716e-12,2.7820042e-09,9.6411185e-11,1.8011141e-08,6.6296096e-08,1.6956212e-08,2.2625042e-09,4.364453e-09,2.8592045e-10,8.710785e-08,1.7236599e-07,1.6769416e-11,1.2735279e-11,6.05883e-09,3.525532e-10,3.25841e-05,2.6096554e-09,2.533637e-10,1.64164e-10,7.133499e-11,2.0775005e-06,2.132577e-09,1.570009e-07,1.3102951e-11,2.5808163e-07,6.900636e-08,9.1410296e-10,7.751102e-10,1.4554753e-10,6.3854236e-07,4.7062564e-08,5.712133e-10,9.257905e-10,7.627604e-09,1.2251572e-06,3.4300868e-08,1.7606609e-11,5.8011183e-06,6.2328496e-08,2.6638017e-07,2.7246944e-10,1.0379354e-11,3.086273e-08,2.3619784e-10,1.3535615e-07,3.0502807e-09,4.736668e-07,4.1242618e-08,1.1485785e-07,2.3839348e-07,3.5560475e-08,3.3392475e-08,2.0897611e-10,9.472778e-08,1.081638e-10,6.3536665e-10,1.8695445e-10,1.4191067e-14,4.5635918e-08,1.1730039e-09,1.371227e-08,2.610775e-07,9.632282e-06,1.3451899e-08,1.7263291e-08,1.759267e-08,4.3966814e-08,1.8390451e-09,4.1691376e-08,0.0001649495,6.216617e-05,3.5502434e-10,4.6302358e-07,9.9979035e-12,8.175923e-09,5.7749503e-13,1.8182402e-09,1.018008e-10,2.434932e-12,2.024486e-09,4.6260657e-06,7.905452e-11,2.2152046e-06,5.191978e-13,1.5400036e-07,1.8424338e-12,1.5822573e-08,2.7110966e-10,9.076245e-10
BC2026_Train_0047_S22_20220131_003000_040,2.3960796e-09,1.9517434e-05,2.2909205e-07,1.1412795e-05,2.9695724e-07,4.4885252e-11,1.5919994e-07,1.3926314e-07,5.0500234e-06,0.00030746975,0.67128533,3.279767e-08,9.364162e-06,5.942132e-08,1.2467603e-08,0.00014064631,7.447845e-08,6.763326e-07,0.15178493,1.8828818e-05,4.712229e-08,0.143506,9.299578e-06,4.5072265e-06,5.9552253e-08,7.185675e-08,6.0436392e-05,1.0306982e-09,1.8661768e-07,9.742766e-06,4.4265034e-06,3.8616665e-07,1.099493e-06,7.4629625e-06,3.833614e-06,1.4004379e-05,1.9056682e-07,3.989054e-06,1.1856278e-06,3.4768686e-06,1.7711336e-05,1.3035864e-08,2.1012494e-05,1.3941664e-06,1.4644551e-11,1.6930754e-11,1.5530086e-05,4.1370924e-07,1.287513e-07,7.472447e-08,1.6882599e-05,1.4737718e-05,4.922617e-06,4.9121404e-06,3.2927912e-06,2.5641393e-09,1.0796156e-07,0.9987154,2.2169846e-08,1.29606815e-05,0.9999844,1.7102073e-09,1.0065754e-07,0.9660104,4.154457e-05,0.00049757713,1.6162468e-05,2.1881087e-06,5.2767618e-08,9.8789705e-09,3.1918487e-12,6.3124695e-08,8.2406135e-09,4.950596e-08,6.3690203e-07,1.3293405e-08,8.900394e-07,2.603555e-06,5.0115325e-08,2.3964738e-08,3.3151895e-07,1.1667946e-08,1.4748037e-05,8.3010926e-10,7.1141876e-08,8.731428e-08,4.1081588e-08,4.699108e-07,2.6075625e-07,1.7389773e-07,1.7485823e-05,3.409258e-07,6.656078e-08,2.2068033e-07,6.986527e-07,4.132986e-06,1.9859988e-07,6.9977585e-05,2.470318e-05,1.254132e-06,2.390107e-06,2.1766717e-09,7.892198e-05,0.00070230325,6.161728e-05,2.9507564e-06,1.41540495e-08,5.399919e-08,2.6575245e-07,6.740126e-07,2.9458812e-07,7.6049396e-06,1.1867655e-09,9.68758e-09,1.0313835e-07,8.290954e-07,2.5606552e-05,5.70671e-07,1.07768784e-07,2.9128018e-06,1.8215587e-05,4.770896e-06,2.014353e-08,4.6980635e-06,4.1592813e-08,1.5113815e-06,1.4221995e-06,1.5083447e-06,2.9449805e-09,2.050411e-05,1.6367363e-08,4.0398263e-06,3.1632857e-07,5.403751e-08,9.774054e-08,2.1566906e-09,1.9071904e-05,3.675051e-07,4.7007633e-09,1.0768278e-05,1.1284162e-08,5.417658e-07,9.757691e-10,5.075687e-07,2.009507e-07,1.1138676e-10,1.5495262e-07,2.3816722e-09,5.45107e-07,1.8655857e-06,1.0741954e-06,6.536083e-08,1.0554596e-07,1.1019569e-08,1.7063218e-07,1.5404208e-06,1.2296688e-08,4.9321464e-10,5.337975e-08,8.91611e-09,2.315021e-06,6.417174e-08,3.844557e-08,4.246438e-09,1.06324425e-08,5.9172307e-05,1.1285791e-07,5.171817e-06,1.9319069e-09,6.497813e-06,1.562406e-05,1.5909638e-08,5.980207e-09,6.741387e-08,3.966354e-06,2.1357487e-06,3.9128242e-08,1.5150507e-08,1.455312e-07,1.3258457e-06,4.310665e-06,1.6096676e-09,2.9038323e-05,5.681491e-07,2.0486132e-07,1.0862578e-08,7.0290893e-09,3.6181882e-07,6.5004357e-09,2.4569372e-06,1.6216008e-07,1.9750792e-06,5.212625e-07,2.821992e-06,4.2778497e-06,4.1260483e-07,1.5719763e-07,1.2428379e-08,2.4228168e-06,7.2197697e-09,2.8421812e-07,2.1353866e-08,5.2972453e-11,1.3459553e-05,6.093566e-08,2.6209611e-06,1.9647959e-07,2.3482733e-05,3.2672617e-07,1.5137067e-06,5.582313e-07,8.579563e-07,2.3026933e-08,3.4271352e-07,0.00068719796,1.2848545e-05,5.246244e-08,5.1224997e-06,3.8453823e-10,8.502948e-08,2.4044116e-09,5.4206293e-07,3.6073295e-09,1.3438499e-10,2.0741806e-08,3.3690228e-06,1.5305549e-08,2.2157224e-06,2.8166556e-09,1.2325957e-06,3.2455066e-10,2.641928e-07,8.71888e-08,1.5467043e-08
BC2026_Train_0047_S22_20220131_003000_045,9.909462e-10,9.734045e-06,4.4982895e-07,9.80055e-07,1.0472304e-06,1.850115e-11,1.3936657e-08,7.358618e-08,1.0820972e-06,0.00040866382,0.036448196,7.168372e-08,3.5322637e-07,5.1011632e-08,3.0789533e-08,0.0033376887,5.253363e-07,4.5460514e-08,0.99591905,6.6060566e-06,7.395272e-08,0.19464509,3.759917e-06,5.521304e-08,2.8606726e-07,9.7059875e-08,9.194611e-06,4.913902e-10,7.743322e-08,1.6121998e-05,1.2101311e-06,1.466143e-07,1.0490692e-07,6.1232336e-06,7.377772e-07,2.3883617e-06,1.1476971e-07,6.179393e-07,2.8223361e-08,2.5301224e-06,1.8525337e-07,2.2313138e-09,6.21529e-06,3.456756e-07,1.3871762e-12,1.7565711e-12,7.4906404e-07,1.9287487e-08,2.802006e-09,2.6507618e-09,2.8024571e-05,4.6601167e-06,6.1193573e-06,1.01938305e-07,5.231583e-06,2.6028712e-08,2.7619126e-07,0.9247967,7.1851236e-09,1.3024342e-06,0.9998815,5.7181206e-09,2.750518e-07,0.99790937,0.00021994246,9.4411014e-05,2.2937395e-06,1.680031e-06,5.4537503e-09,2.0383307e-08,5.4306126e-13,4.53687e-08,5.6714358e-09,2.8920446e-08,2.6985046e-07,1.0771551e-08,7.152474e-07,5.1462695e-07,2.7936027e-08,1.30504185e-08,1.8593906e-07,5.417885e-10,8.891893e-07,1.4898723e-09,1.8872955e-08,1.7464888e-08,5.1286824e-09,9.171571e-07,1.8061837e-07,2.1558984e-07,1.5521011e-05,1.8567288e-06,1.5598852e-08,1.7840563e-08,2.6358757e-06,6.0291075e-07,1.645735e-07,1.2205438e-06,3.560668e-06,7.3579577e-07,7.5683442e-06,1.0966286e-09,1.6350972e-05,8.675722e-05,4.303235e-05,1.4196181e-06,8.040083e-09,7.321462e-08,1.6970615e-07,1.2853418e-06,4.084618e-08,7.779073e-06,1.1619864e-08,6.894216e-08,6.511695e-08,1.6739982e-06,1.889037e-06,1.7917638e-07,6.312181e-08,1.5321926e-06,2.1565165e-06,5.0654546e-07,1.3728443e-08,1.3326861e-06,5.965548e-08,4.0010679e-07,3.9984234e-06,7.0280333e-07,9.984593e-10,2.1513139e-05,6.669507e-09,6.783196e-06,2.3537329e-08,3.4313876e-09,1.2241928e-08,4.5947022e-08,5.292494e-06,1.9613381e-07,1.520382e-09,1.7622228e-06,1.8295124e-08,2.1396511e-08,8.99322e-10,1.0346381e-06,5.5555583e-06,2.1091182e-10,3.351969e-07,8.799347e-10,2.9289725e-07,1.0060356e-06,1.2682435e-07,4.6773604e-08,6.051384e-08,1.2717917e-08,3.9610552e-07,7.479169e-07,4.0561545e-09,1.5708778e-09,3.9351427e-08,1.2209679e-08,2.1244448e-05,3.840028e-08,3.0487275e-09,3.045345e-09,7.406589e-09,1.4656536e-05,1.6688395e-08,1.0398194e-06,7.031208e-09,2.1272435e-06,1.8720641e-06,1.8990201e-08,1.3832001e-08,1.8958035e-07,6.328139e-06,1.828323e-06,2.484677e-08,1.1737723e-08,1.1575859e-07,3.4371094e-06,5.2663853e-07,1.9276445e-09,1.3797236e-05,5.026744e-07,2.6030258e-07,2.3022364e-08,5.4476583e-09,1.827558e-07,5.959211e-09,5.1662283e-07,2.4447235e-08,2.0479074e-06,3.4903658e-07,6.692357e-07,2.2448505e-06,7.53458e-07,1.4996526e-07,1.3044122e-08,2.9573118e-06,4.3754054e-09,1.5737493e-07,3.1467245e-08,4.6540466e-11,1.1934405e-06,7.089559e-09,1.6396068e-07,1.7874081e-06,9.217337e-05,2.2543946e-07,1.108811e-06,4.5412072e-08,1.7430449e-06,1.248195e-08,3.837195e-07,0.00033334165,0.000114685296,1.2029788e-08,2.0335756e-06,6.572493e-10,1.6558296e-07,2.3441965e-10,3.6082196e-07,4.0501864e-09,4.4020194e-11,8.956783e-08,2.0567757e-06,1.3724383e-08,4.5489587e-06,1.1523533e-10,5.4838097e-07,2.6487423e-11,2.037729e-07,1.2650805e-08,2.303137e-08
BC2026_Train_0047_S22_20220131_003000_050,6.903539e-10,1.9556708e-05,2.576486e-07,1.3832853e-06,5.708674e-07,8.562453e-11,1.5823453e-07,5.3901534e-08,6.970143e-07,0.0038200843,0.49337345,3.3013826e-08,3.080098e-06,2.2398302e-08,2.15501e-08,0.00017238819,3.949287e-07,2.3453401e-07,0.0021643518,2.3303062e-05,2.9343513e-08,0.004766535,2.7809716e-07,1.262974e-07,4.3055433e-08,9.2578745e-09,4.1970734e-06,1.3616976e-09,3.2183138e-07,0.0006706614,5.332541e-07,4.085082e-07,6.977745e-08,1.1839826e-06,2.8683326e-07,1.388896e-05,2.8086004e-07,4.5959123e-07,7.2565236e-08,1.5366645e-06,4.074953e-08,2.5136e-09,2.2047573e-06,1.2782457e-06,1.4197959e-12,3.0496126e-12,1.0167186e-06,1.1243433e-07,1.602555e-08,3.1435015e-09,1.2102627e-05,2.0452646e-06,1.9498045e-06,1.4778164e-08,5.185596e-06,1.1564252e-09,4.8571767e-08,0.96525216,6.754516e-08,1.1165328e-05,0.99999845,3.0350755e-09,4.6305894e-07,0.9998908,0.017044941,2.6783164e-06,3.4853832e-07,5.2374907e-07,1.2433857e-08,2.484473e-08,6.75066e-13,1.8086986e-07,4.380758e-09,1.1712457e-07,2.6993152e-07,5.2263292e-08,2.2128186e-06,3.9837704e-07,1.7275946e-07,2.7842808e-07,7.921174e-07,1.1473208e-09,1.4209115e-06,2.2724385e-09,6.003258e-09,7.1271856e-08,1.26040085e-08,2.2842262e-06,1.7764979e-06,4.5972715e-07,1.2063404e-05,1.1094563e-06,8.2223885e-08,1.108919e-08,1.5132189e-06,2.364732e-06,1.9940514e-07,1.949284e-06,9.807422e-07,5.3895724e-07,6.512476e-07,3.390421e-09,0.000100775476,0.0005374344,0.00016384436,2.1202975e-05,3.8953843e-08,5.452692e-08,7.7145906e-08,3.8906512e-07,1.7583854e-07,5.015721e-05,2.9723044e-09,2.3160956e-07,5.4792196e-07,2.3907378e-07,9.651453e-06,1.7453571e-07,1.2590539e-06,2.6682821e-06,2.3837833e-06,2.3943613e-07,6.7332664e-08,3.0755398e-06,9.4869597e-07,2.2777039e-07,2.3735247e-07,5.340317e-07,4.251389e-09,5.6825535e-05,1.9481671e-08,1.0140507e-05,2.1119527e-07,4.0068365e-08,2.9390266e-09,4.2732967e-10,1.0652695e-05,1.1613082e-06,1.1931363e-09,2.104559e-06,2.9944732e-07,9.825662e-08,4.156789e-09,1.7622432e-07,4.7622228e-07,1.1131306e-10,2.7380028e-07,1.8032262e-10,8.8295053e-07,5.214669e-07,9.615097e-07,2.056764e-08,1.9024643e-08,2.1257394e-08,2.2815527e-06,3.951668e-07,1.8871733e-08,2.5186773e-09,1.3943855e-07,6.9243256e-09,1.6515729e-05,1.754174e-08,3.2252075e-08,7.551879e-09,4.642448e-08,0.00016787733,3.5631224e-08,1.8005836e-06,2.375348e-09,1.17296595e-05,1.2159908e-05,2.149833e-08,4.4374975e-09,2.1199897e-08,2.9804989e-05,5.857382e-07,1.6085687e-07,7.78296e-08,3.0617073e-07,6.5213853e-06,9.4990736e-07,5.1987574e-09,0.00011487793,3.296378e-07,3.3982321e-06,3.317818e-07,8.2181355e-09,2.3628806e-07,1.0978743e-08,1.9599072e-06,9.945064e-09,4.6410855e-06,1.665433e-06,1.799411e-06,1.8909242e-06,7.694495e-06,8.7481953e-07,1.3337495e-08,3.828441e-07,1.0249288e-09,1.2581124e-07,1.6155498e-07,5.9242763e-11,1.6470194e-06,7.844257e-08,1.4427811e-06,5.1599363e-07,2.966123e-05,2.1286874e-07,5.714335e-06,3.6249372e-07,9.20911e-07,1.4596116e-06,2.5273464e-06,0.008013737,0.0013209468,1.5470436e-08,1.8049732e-07,3.2175118e-10,2.331197e-08,1.986234e-09,4.6296186e-06,2.576936e-09,1.184438e-10,1.894281e-08,5.1918014e-06,3.3026044e-08,9.617171e-07,1.0393722e-10,3.7569066e-07,3.7404944e-11,2.723552e-06,3.735844e-08,3.6843215e-08
BC2026_Train_0047_S22_20220131_003000_055,3.4112005e-11,6.445704e-06,4.55691e-09,1.9208305e-07,2.8389325e-08,7.315387e-13,2.2684142e-10,2.3042694e-09,7.5492e-09,9.910669e-06,0.0072824624,2.888025e-09,2.5837684e-08,6.039136e-09,2.0705462e-10,8.22954e-06,2.532383e-08,1.2529178e-08,0.9887093,2.3356001e-06,4.0454693e-09,0.5179223,1.3796041e-07,1.2107101e-09,3.2430226e-08,6.038914e-10,4.3458687e-07,1.27575485e-11,6.334113e-10,4.0509767e-05,3.016321e-08,3.4755837e-10,1.0501197e-08,1.1847213e-06,6.005654e-08,1.7211713e-07,1.7876965e-07,1.3783087e-07,1.121254e-09,1.1937012e-06,1.2265785e-09,2.2781253e-11,1.3325231e-07,4.4299284e-09,9.8424915e-15,1.6371465e-14,2.5767848e-08,3.8699963e-09,1.7298016e-10,4.6175022e-11,2.4084234e-06,1.2020206e-07,1.8285273e-07,1.316381e-09,1.4913364e-07,8.985915e-10,1.4863251e-08,0.011356204,1.704996e-09,2.6246127e-07,1.0,2.5730239e-11,1.0037619e-09,0.99695444,0.0035895633,4.777361e-06,1.2222975e-07,1.4136567e-08,5.612687e-10,3.3920835e-09,9.269757e-15,4.222394e-09,7.6675233e-10,3.1336464e-10,1.3984939e-07,9.576958e-10,8.741392e-08,5.1716608e-08,4.0203904e-10,2.8349703e-09,1.3970031e-08,1.3713295e-11,3.8280056e-08,4.9034225e-11,7.7734735e-10,2.9714484e-09,3.1516284e-10,1.0005019e-07,8.201334e-09,1.5235476e-07,1.3997726e-06,2.2138246e-07,3.9208086e-09,1.6992109e-09,4.1454765e-08,3.0857965e-08,7.582651e-09,1.090347e-06,1.2219526e-07,5.5910025e-08,8.6233837e-07,3.0807634e-11,5.123829e-06,9.208614e-05,4.474162e-05,1.6244921e-07,5.8967614e-10,8.054865e-09,2.532504e-08,5.5190295e-08,2.3038476e-09,3.4842305e-06,1.2373327e-10,1.2182299e-08,7.61198e-09,8.112363e-08,5.841779e-07,4.1002373e-08,1.5629728e-09,1.8383236e-08,5.832783e-07,7.667165e-08,7.390132e-10,7.311792e-08,2.954524e-08,3.756349e-09,5.97505e-07,1.5814342e-07,3.785768e-12,2.0710834e-06,4.2437798e-10,2.3143543e-06,1.5954855e-08,1.5365906e-10,3.120816e-10,1.05342775e-08,1.2166078e-05,2.2745384e-08,7.0393964e-12,4.433709e-08,1.330883e-08,3.1780896e-08,6.4020914e-11,7.349599e-08,1.6615684e-06,5.4840935e-13,7.298471e-08,2.4975352e-11,5.2476747e-08,1.4021771e-07,2.6707786e-08,1.5764127e-09,1.8338575e-09,9.557742e-10,2.204647e-07,3.4471984e-08,3.4028322e-10,1.4150546e-11,1.2771512e-09,7.9713813e-10,9.353496e-06,8.953665e-10,2.6671007e-10,3.8239886e-10,2.557349e-10,8.1444614e-07,4.8730335e-09,1.674099e-07,1.818201e-10,4.0201303e-07,1.8858803e-07,3.7643294e-10,1.3932e-09,3.2501482e-09,4.1581356e-07,5.4349937e-07,1.3489662e-09,5.7128657e-09,1.2945253e-08,1.293169e-06,3.3937937e-08,5.474378e-12,1.0262635e-06,5.3013164e-08,3.7419778e-07,2.4740793e-08,2.285206e-11,7.7854505e-09,3.70214e-10,1.4446617e-07,1.0804797e-09,4.6356442e-07,1.3853492e-08,6.0956815e-08,1.3677013e-07,1.0225397e-07,3.9223064e-08,2.1738047e-09,7.319591e-08,2.6317865e-11,2.7330862e-09,1.9044528e-09,7.200447e-13,1.3872746e-07,9.654041e-10,1.5246982e-08,4.388157e-07,8.900808e-05,3.070602e-08,5.9450556e-08,7.526412e-09,1.1909887e-07,5.209209e-09,5.053431e-08,1.4473274e-05,3.272677e-06,2.0553151e-10,6.791999e-07,1.6663022e-11,1.3593142e-07,6.283496e-12,2.4138512e-08,1.5889241e-10,8.494514e-13,8.407217e-09,9.785132e-07,1.6289122e-09,3.852409e-05,1.7384258e-12,8.3066425e-08,1.5720315e-13,7.740767e-08,1.4834751e-09,6.2747957e-10
BC2026_Train_0052_S22_20220210_210000_000,3.4784045e-09,7.9270467e-07,8.313037e-07,6.320479e-06,3.2661625e-05,9.687081e-09,6.1223994e-07,6.1977246e-08,0.00012525186,0.00036169795,0.010612744,4.717445e-08,1.965633e-05,1.1185253e-07,3.1551568e-07,0.0026128888,3.6838478e-07,1.1951151e-05,0.0010067351,0.007187691,6.1507585e-06,0.047449403,3.299902e-06,2.1473987e-08,7.910727e-07,8.03083e-08,2.0486887e-06,4.3999338e-09,4.2488782e-08,4.424983e-05,1.186321e-06,1.8267771e-06,4.2193892e-07,6.089325e-07,6.361919e-08,1.0488276e-06,2.1121403e-07,1.3969225e-07,1.584127e-07,8.548943e-07,6.116669e-07,2.0713264e-08,2.8913837e-07,4.4593227e-07,5.4464478e-11,2.7925807e-11,1.0705098e-06,8.522446e-07,3.8436845e-08,3.522981e-08,4.1047942e-06,9.1633706e-07,1.878791e-06,1.0829154e-07,6.41603e-07,4.5470486e-08,1.639133e-07,0.93516254,1.06626246e-07,0.00031099215,0.9987846,9.670687e-09,0.00022142884,0.9970747,0.43629748,9.054222e-07,1.6400759e-07,2.4698818e-06,4.5437372e-07,1.575927e-07,1.0287945e-10,9.467697e-05,7.558122e-08,2.7344358e-06,1.8679627e-07,1.1817164e-06,1.0724809e-06,1.2732594e-05,2.7008084e-06,2.0634654e-06,3.9042698e-06,5.6408325e-08,4.2285965e-06,1.159155e-06,1.52477e-07,4.20235e-08,5.86547e-07,5.291015e-06,3.1638456e-06,1.382678e-05,0.00043246307,2.5716697e-06,2.71596e-06,1.3328347e-05,4.64792e-06,0.00021626613,7.4582135e-07,2.2811872e-05,0.00062477693,5.8049977e-06,4.85614e-07,7.666375e-08,0.00016925977,0.00018272674,0.00046857525,1.830492e-05,2.640646e-07,1.4420326e-07,3.1203604e-06,5.6716493e-07,6.585863e-07,0.000106869215,6.9840695e-08,1.0638649e-06,1.0057095e-05,8.351696e-07,1.309917e-05,2.4710813e-05,6.465626e-06,1.5835426e-06,5.468927e-05,1.5550939e-05,1.6823319e-07,0.00017887355,2.9517357e-06,3.6361944e-05,8.1382095e-06,2.0885934e-06,1.9273992e-08,9.299754e-05,2.9040397e-08,1.890316e-05,1.9575105e-05,1.5349522e-07,1.4120984e-06,1.3433483e-07,0.0003462371,1.0520503e-06,5.9084755e-08,0.00047684484,6.824646e-06,8.067998e-07,9.2329614e-08,2.6809621e-05,1.5707534e-06,1.5961359e-07,3.404953e-07,5.2277422e-09,1.9564823e-05,8.078453e-07,3.6887175e-06,6.22755e-08,4.700654e-07,1.1952295e-07,6.3603384e-06,4.0459217e-06,1.0531667e-06,7.963335e-08,2.7746491e-05,8.293319e-07,2.1330747e-05,1.2288597e-06,7.530923e-07,1.4945456e-07,2.9923407e-07,0.0021731053,1.2350879e-06,1.1655338e-05,2.7920633e-08,4.4808658e-05,1.4891969e-05,4.0770132e-08,4.62143e-08,4.2455935e-07,8.830755e-05,3.397524e-05,4.5207645e-07,3.0032152e-06,1.6553969e-06,1.3407003e-05,4.0740433e-06,1.534258e-08,4.430033e-05,5.2219925e-06,1.8505118e-05,2.5117452e-06,1.591422e-08,1.8982671e-06,4.879313e-08,1.5016069e-05,1.0463186e-05,6.0453717e-06,2.2148217e-05,3.6255922e-05,5.0020917e-06,7.3354922e-06,3.8350254e-06,5.6211025e-08,4.856555e-05,1.1535022e-06,1.3168673e-06,6.217663e-07,2.2402222e-09,2.1617775e-06,1.518862e-06,4.5402126e-06,1.5209174e-05,0.0005214857,1.46607445e-05,9.773299e-06,1.3600869e-05,1.8023109e-05,1.2533079e-05,4.113383e-05,0.000724909,0.0001046492,7.579298e-07,7.317954e-06,2.0420819e-08,1.0309661e-06,9.752282e-09,1.6637516e-05,1.396322e-06,3.3823988e-09,7.3643355e-06,1.2649869e-05,1.5072375e-06,0.00028182787,1.9199646e-09,7.0257465e-06,4.361118e-08,0.00012499878,8.7619384e-07,2.139318e-06
BC2026_Train_0052_S22_20220210_210000_005,1.0570058e-09,3.3092226e-07,3.238459e-09,9.5108487e-07,6.0336635e-07,3.5017275e-10,7.828216e-09,2.7201066e-08,1.9072886e-05,1.3070694e-05,0.00026065498,1.9722135e-09,4.6106013e-07,9.275408e-09,4.4988147e-09,0.0077758334,7.4076375e-08,1.7938389e-08,0.75365716,2.8803064e-05,4.7241528e-08,0.9788467,1.6499185e-07,3.1071927e-09,2.3681638e-07,1.3691963e-08,1.6580228e-07,1.4688037e-09,4.859261e-08,3.0919762e-06,1.01832406e-07,8.237299e-07,1.2977904e-07,1.5517446e-06,1.7866203e-08,2.286528e-06,2.6883123e-07,2.1655835e-07,4.891117e-09,4.8968595e-06,5.6384764e-08,5.2625243e-10,4.1415373e-07,4.0836719e-07,2.9945324e-12,7.192362e-13,8.9680356e-07,2.1360798e-07,2.938438e-09,6.3660432e-09,6.0111884e-06,8.135379e-07,3.68833e-06,4.2659534e-09,6.2433237e-06,1.7770797e-09,5.7372493e-09,0.17547199,2.8794938e-09,3.279371e-05,0.9998944,8.492745e-10,1.029752e-07,0.99999285,0.039979193,2.1538065e-07,5.7811116e-09,1.2689154e-06,2.3002176e-08,1.29179005e-08,3.371907e-12,3.626154e-07,7.236893e-09,1.9868551e-07,2.3505565e-08,2.7993826e-07,4.0106104e-07,1.2356145e-06,9.153198e-08,1.4981559e-07,5.608776e-07,4.9855786e-09,2.067463e-07,2.930017e-08,1.6820826e-08,4.804443e-09,1.2874411e-08,1.0976901e-06,4.381951e-07,2.4924268e-06,6.282944e-05,7.187744e-07,6.765281e-08,7.8221353e-07,2.324157e-06,1.1282966e-06,2.144166e-07,1.582442e-06,1.7418918e-06,6.389858e-07,4.746435e-06,4.584928e-10,3.3551394e-05,7.296558e-05,0.00046305775,1.4491217e-06,3.8617543e-08,4.12438e-08,2.028793e-08,3.489384e-07,2.0215388e-08,1.6849208e-05,4.314535e-09,7.966039e-08,4.6712535e-07,1.5025889e-06,3.372765e-06,1.0336745e-06,2.0937436e-07,4.0748137e-07,1.1688176e-05,5.8273116e-07,2.6033828e-08,6.303354e-06,1.789453e-06,3.5250352e-07,4.0786927e-06,6.559912e-07,1.3741036e-09,1.2729363e-05,1.9980397e-09,2.5064473e-06,9.194639e-07,1.8311425e-08,7.509553e-08,7.284814e-08,1.4272499e-05,9.979347e-08,2.1924802e-09,7.156941e-05,2.7716121e-06,1.6088457e-08,4.153088e-09,2.4563935e-06,1.2966242e-06,1.0274929e-09,3.9079845e-07,9.996426e-10,2.732473e-06,2.9137937e-08,6.418043e-07,1.3282356e-08,5.5062124e-08,3.9322316e-08,7.6181624e-07,2.107817e-06,1.3849926e-08,1.7917257e-08,8.8545605e-08,2.3617089e-07,1.1535922e-05,6.0668e-08,4.4705548e-08,2.9082523e-08,7.837692e-08,0.0011523273,1.3352503e-07,4.1617693e-07,2.0494998e-08,1.7890828e-06,1.89866e-06,2.3126618e-09,1.7250159e-08,1.4108652e-07,8.602178e-06,7.255074e-05,3.4468695e-08,8.2620836e-08,4.183421e-07,1.6402292e-06,4.6288807e-07,2.0466315e-09,5.914118e-06,8.6094633e-07,1.0584416e-06,5.189076e-07,5.910942e-09,3.0288138e-06,3.0453917e-09,3.393986e-06,2.5482106e-07,1.0437138e-06,1.6762637e-06,1.0643723e-06,1.7711321e-06,3.8464168e-07,1.9957294e-07,7.4114928e-09,5.194203e-06,2.1138241e-08,1.8826601e-07,4.021645e-08,1.1558159e-10,9.051839e-07,2.7116839e-08,3.23987e-07,3.4957534e-06,0.00038140587,8.885722e-07,2.9795372e-06,6.3089067e-07,3.8078386e-07,6.278021e-07,1.45247e-06,0.00010496521,2.6178332e-05,3.7659348e-08,6.897352e-07,1.4875807e-09,1.1057582e-06,8.762417e-10,2.1681428e-06,2.4481485e-08,7.1167426e-11,1.0542644e-07,3.1823652e-06,1.8368293e-07,6.008415e-06,2.973027e-11,9.420129e-07,7.617307e-10,3.9285096e-06,4.542766e-08,3.7197747e-08
BC2026_Train_0052_S22_20220210_210000_010,7.6216805e-10,4.92613e-06,5.2724364e-08,8.2194396e-07,2.7472122e-06,8.115914e-10,9.548932e-08,4.6832607e-08,9.450223e-06,6.0369348e-05,0.002793633,9.153893e-09,3.9692072e-06,1.1199811e-07,1.3325281e-07,0.0018049378,6.452843e-08,2.623099e-06,0.32092398,0.00022191093,7.3510637e-07,0.31155008,4.7304786e-07,3.2152208e-08,9.4295864e-08,1.117885e-08,2.5879615e-06,7.268138e-10,2.6509754e-08,1.4767289e-05,3.7713048e-07,7.603784e-07,6.2409504e-07,1.2321021e-06,2.3469912e-07,1.0973729e-06,1.2694076e-07,2.3361495e-07,8.500289e-08,1.6004725e-06,3.8481855e-07,1.4340402e-09,1.0929247e-06,2.812106e-07,1.6546346e-11,6.733638e-12,1.6178425e-06,9.0966483e-07,2.7834758e-08,1.3266125e-08,1.5762827e-05,2.3549421e-06,6.171399e-06,7.447177e-08,1.8838037e-06,3.8041086e-09,4.7392024e-07,0.96466964,1.84772e-08,0.00017046674,0.99994195,1.1301236e-09,3.896544e-06,0.998589,0.66505194,3.6016982e-06,1.0001318e-07,1.6578251e-06,8.1115024e-07,4.322576e-08,7.1780173e-12,8.82687e-07,6.103442e-08,8.213813e-07,3.1488594e-07,9.481835e-08,1.5353534e-07,1.6460333e-06,3.4100484e-07,5.757247e-07,1.1176855e-06,3.13884e-09,8.172486e-06,2.5850386e-07,1.1448712e-07,7.98729e-09,1.5973663e-07,2.5058212e-06,7.28177e-07,4.7587314e-06,3.9365703e-05,1.1151164e-06,3.364193e-07,2.5471227e-06,6.04082e-07,2.2418562e-05,2.919062e-07,2.9902696e-05,6.1340616e-05,5.40313e-06,6.4256864e-07,1.2055536e-08,7.229976e-05,0.0003398821,5.8747362e-05,3.8257285e-06,6.5319334e-08,9.0502354e-08,9.697702e-07,3.7147666e-07,2.8325942e-07,2.4497693e-05,7.990002e-09,3.6879772e-08,2.7857496e-07,1.3481036e-06,2.6920193e-06,5.857702e-05,3.35367e-07,4.4980195e-07,0.0001301298,5.537711e-06,5.0408968e-08,4.189252e-05,3.4935996e-07,1.1783773e-06,3.8929597e-06,7.281666e-07,5.7333116e-09,7.412634e-05,1.4918749e-08,1.8483122e-06,3.8506705e-06,3.9501224e-08,4.5663353e-07,4.6153172e-08,0.00021539668,5.0567667e-07,1.8834765e-08,0.000106756765,1.8481713e-06,4.1920472e-07,7.3709767e-09,1.4831951e-06,1.0719649e-05,6.2298398e-09,8.980561e-08,4.156131e-09,1.9082874e-05,3.4026252e-07,8.7043225e-07,1.7648055e-08,1.5049363e-07,4.636829e-08,2.0482044e-06,1.7113441e-06,4.783479e-08,1.0499916e-08,5.500048e-06,5.6371755e-07,3.8189904e-05,5.4990327e-08,1.583304e-07,3.5054597e-08,3.375363e-08,0.0015729639,2.3189732e-07,5.5029495e-06,4.488932e-09,1.0343487e-05,3.5373614e-06,1.3225298e-08,4.00621e-08,7.7869245e-08,3.7043606e-05,5.70132e-06,4.3067924e-08,2.4157194e-07,2.953671e-07,7.694451e-06,1.2740045e-06,2.1348479e-09,7.6050987e-06,9.4497574e-07,2.1768425e-05,1.1502178e-06,2.626123e-09,4.1958087e-06,1.0934585e-08,1.0161524e-05,7.1572975e-07,2.551039e-06,3.4269137e-06,7.2125436e-06,1.3669337e-06,3.7553914e-07,3.6583077e-07,6.9255406e-09,2.0033442e-05,4.5421604e-07,4.995328e-07,3.3186623e-08,3.0024908e-10,1.6949201e-06,1.2789513e-07,2.267315e-06,3.9864717e-06,0.00094914983,5.487534e-07,1.6143102e-06,2.6188325e-06,3.2916578e-06,1.3844651e-06,1.9052422e-06,0.0004136949,4.0467377e-05,8.473239e-08,1.7492695e-05,3.715462e-09,1.9580539e-06,1.0454426e-09,2.5555632e-06,3.8931307e-07,2.6125327e-10,2.09811e-06,5.7731972e-06,2.0106113e-07,9.4264295e-05,3.8336867e-10,5.3013537e-06,8.5387475e-09,1.2303546e-05,3.213339e-07,7.587689e-08
BC2026_Train_0052_S22_20220210_210000_015,1.8899982e-11,1.0827496e-06,4.849623e-08,5.86843e-06,1.9052351e-06,8.962665e-11,1.9763633e-09,1.3804327e-08,6.6028747e-07,0.0007234021,0.00030454504,2.0307674e-08,1.269128e-07,2.981738e-07,2.3001693e-08,0.10002373,7.447783e-06,1.6447382e-08,0.9998779,1.8251041e-05,2.6667504e-07,0.032848906,1.4705683e-06,3.4268155e-09,1.8401167e-07,2.3290815e-08,1.5221201e-06,5.0256843e-10,1.9133368e-09,8.34783e-06,2.9041342e-07,5.355811e-08,2.3321925e-06,1.3227615e-06,5.4012887e-08,1.208448e-07,5.033263e-07,2.5928802e-07,6.260122e-08,8.7783815e-07,8.112951e-08,8.639379e-10,5.2295402e-08,5.3380056e-08,2.66605e-12,1.91026e-12,1.1364884e-07,2.0869197e-07,5.390428e-09,7.039931e-09,3.1464658e-06,1.7772032e-07,6.5309916e-07,1.8900513e-08,3.9995726e-07,5.709796e-08,6.970496e-08,0.9921744,8.2906055e-09,4.0680035e-07,0.9989524,1.3374146e-09,3.595805e-07,0.9999548,0.64698046,6.616887e-07,1.370028e-06,1.68212e-07,1.2157108e-07,1.300081e-07,4.519498e-13,1.0428148e-07,2.9058016e-08,2.5128916e-08,1.6973718e-08,1.715504e-08,7.861893e-07,2.0949772e-06,1.9581776e-07,6.014068e-08,2.1105495e-07,1.7554249e-09,4.9376155e-07,1.569528e-08,3.9995127e-09,2.5942954e-09,4.6780806e-09,2.0342118e-06,8.741123e-07,5.756182e-06,1.5464101e-06,6.858914e-07,1.8191882e-08,3.6855624e-07,6.5466775e-06,4.0051486e-07,4.632621e-07,4.5407873e-05,6.4987366e-06,1.3178962e-05,1.2800816e-06,1.2492398e-09,5.7874527e-06,4.842746e-06,6.70891e-06,7.504161e-07,6.3114074e-09,1.0507608e-08,2.1018961e-07,2.0465689e-07,5.9802666e-08,9.474298e-06,1.9713862e-09,1.7549728e-07,1.6058159e-06,3.1888771e-07,1.7078146e-07,2.4750872e-07,3.5332636e-08,7.3044646e-07,2.9470666e-06,2.0229986e-06,2.8044869e-09,4.9148066e-06,3.939731e-08,1.6490437e-06,2.5314184e-06,5.0576733e-07,3.6093029e-10,7.104162e-05,5.559269e-09,4.0692553e-06,7.773325e-06,2.3255202e-09,2.5186402e-08,4.6922963e-07,3.2158239e-06,1.1021171e-07,1.4806286e-09,7.920503e-06,5.650255e-08,1.3337639e-07,1.9504759e-08,5.1200107e-07,4.2288767e-07,5.042132e-10,7.591337e-08,5.34747e-09,4.863885e-07,1.0929773e-07,6.92635e-08,1.28041036e-08,3.272425e-08,2.9017418e-08,6.6248263e-06,1.1103094e-06,9.388145e-09,5.039875e-09,1.4297113e-07,2.2778538e-07,8.230992e-06,6.2369764e-08,2.5187699e-08,2.0336785e-08,1.7457294e-08,7.852568e-05,9.688969e-08,5.054809e-07,3.5817173e-08,9.4646566e-07,6.9657966e-07,2.1596829e-07,1.4998001e-09,2.3939657e-08,2.7038033e-05,4.798557e-06,1.3139631e-06,2.551661e-08,1.6378469e-07,3.0330457e-06,1.0738732e-07,2.8226563e-10,2.499222e-05,6.6911133e-07,2.2819313e-06,1.2153642e-07,8.6301066e-10,7.610823e-08,1.812749e-08,2.44496e-07,5.843127e-07,1.0780369e-06,8.735507e-07,3.1682367e-07,8.4082774e-07,7.1186804e-08,3.7054787e-07,7.2599398e-09,1.8808863e-05,1.3152328e-07,1.3427693e-07,4.5281553e-08,5.7151133e-12,2.0598445e-07,3.8252615e-08,1.1069964e-07,2.7832561e-07,1.0200809e-05,1.1123125e-06,1.2623176e-05,3.406304e-07,5.95091e-07,2.2754935e-07,3.07556e-06,7.4717786e-06,4.1525596e-05,4.406747e-08,4.7029725e-06,1.438714e-09,1.4992278e-07,1.6857134e-10,2.4773473e-07,1.16947945e-08,2.4237215e-10,5.0293817e-08,2.0182766e-05,4.8538524e-08,4.7451367e-06,1.672744e-11,6.3770744e-07,5.8471794e-10,2.865046e-06,1.1139234e-09,7.4311004e-08
BC2026_Train_0052_S22_20220210_210000_020,5.023396e-13,8.5770915e-07,3.5646752e-10,9.032394e-06,9.439393e-08,4.8666167e-12,1.102911e-09,2.3557606e-10,2.1907383e-08,9.1798305e-05,6.883583e-05,1.2259914e-09,1.1236154e-09,5.997307e-09,1.4879952e-09,0.026451863,6.553957e-09,5.2804566e-08,0.99978584,1.3271234e-05,4.3235393e-09,0.16453467,1.1128892e-09,2.366339e-10,1.0806328e-08,2.511102e-10,6.87043e-08,5.9746146e-11,8.487341e-09,2.1131717e-07,1.4284555e-08,2.9146939e-08,2.1428332e-07,5.2030945e-08,1.8486327e-08,6.63415e-07,3.9934778e-07,9.126248e-08,1.1023936e-09,1.533716e-06,9.744826e-09,3.9069938e-11,2.0041614e-07,1.7576829e-07,1.06294944e-13,2.9647888e-14,2.3406617e-06,2.4249846e-07,6.9913936e-10,1.6406963e-08,2.9515581e-06,5.191051e-07,2.6522732e-06,9.958784e-10,3.468543e-06,1.5872159e-10,5.2807163e-09,0.9925182,1.6056223e-10,8.071422e-06,0.9994517,4.4790064e-11,4.175226e-08,0.9999887,0.99961853,1.8256053e-07,6.274299e-08,1.710394e-08,8.599746e-09,1.3250585e-10,3.9949126e-14,4.8189164e-09,1.6788635e-09,4.0385717e-07,2.9215091e-10,3.0701276e-08,8.880387e-08,2.5251512e-07,8.749115e-08,7.793058e-09,5.763476e-08,1.0444059e-10,1.141391e-08,3.8272685e-08,7.712313e-11,2.6777794e-10,1.9283986e-09,4.6413412e-08,2.6309273e-08,4.1028898e-07,2.6834323e-07,9.119444e-08,1.4368876e-09,1.4434996e-06,8.4992007e-07,4.672286e-08,7.6170956e-08,2.093583e-06,3.2927238e-07,1.4593929e-06,8.902755e-06,3.4355965e-10,5.621585e-07,3.149555e-06,1.5370163e-06,3.2149822e-07,7.523915e-09,1.0923782e-09,7.726972e-09,2.1001563e-08,8.5538054e-10,4.5021395e-07,7.574577e-11,1.1601262e-08,1.7282565e-08,1.1731383e-07,4.6683397e-08,1.4296679e-06,4.3983817e-09,8.177205e-08,3.6936206e-07,1.4354154e-06,3.9620937e-10,1.7874405e-06,1.3702538e-09,4.5483414e-08,3.6070776e-07,4.5399595e-08,7.503542e-11,5.2192345e-06,3.1050643e-10,1.294863e-07,8.6366174e-07,8.5412355e-10,2.409935e-09,4.611795e-09,8.7734014e-07,1.9289732e-08,3.3043637e-11,8.828808e-06,7.74059e-08,7.712645e-09,8.904446e-10,1.09382626e-07,4.4092108e-08,1.4079236e-10,4.5286473e-08,1.8972154e-10,8.261278e-07,1.1560811e-09,5.536054e-09,1.7775297e-10,8.174286e-09,3.952962e-09,3.9648753e-06,1.69859e-07,3.625028e-09,4.1710188e-10,3.2225103e-06,1.3899776e-07,8.72868e-06,2.3344809e-08,4.4729154e-09,1.93412e-08,6.4438237e-09,3.097393e-05,1.6529802e-07,1.4678494e-08,1.7881972e-10,6.784885e-08,1.8640579e-06,2.37887e-10,4.5783477e-10,1.7762427e-09,3.0715562e-06,1.0658763e-07,3.383599e-09,7.763653e-09,3.1289254e-08,1.0685416e-05,4.6141264e-09,1.1935296e-10,9.64592e-07,1.834919e-07,1.7595628e-06,1.05768834e-07,4.58149e-11,5.2513396e-08,2.1444166e-10,3.5777478e-07,6.906548e-08,3.6855485e-07,1.3124302e-06,1.2425226e-08,2.1903648e-07,4.6254316e-09,1.9084652e-07,1.6066055e-10,6.448747e-06,4.0506592e-08,1.4218449e-08,1.5147878e-08,1.056982e-12,8.149689e-09,9.2088054e-10,5.4704426e-08,2.3249412e-07,1.6693225e-06,2.5533e-09,7.9797e-07,1.4091094e-06,1.2923968e-07,8.777686e-07,1.5561564e-07,1.3515804e-06,1.7222006e-06,6.1739827e-09,2.7213884e-08,6.292662e-11,1.8361007e-07,1.952401e-11,8.983507e-08,1.7018998e-09,2.5548112e-12,2.450941e-07,1.3146839e-06,1.5063401e-08,3.092454e-06,5.4819295e-13,3.5017727e-06,1.1107067e-10,1.4410375e-06,1.1939558e-09,1.6157703e-09
BC2026_Train_0052_S22_20220210_210000_025,1.5628786e-15,3.148243e-08,5.882761e-11,7.697424e-08,1.592008e-08,6.8214142e-15,9.438206e-12,7.661581e-12,3.282724e-10,5.5800414e-05,0.0055865305,1.9434359e-11,1.29325994e-11,2.2189116e-10,7.1550673e-12,0.00021379905,1.5486665e-09,1.3847224e-09,0.9996805,6.2897435e-08,4.75619e-10,0.17295091,1.8767498e-11,1.9387264e-11,1.7631931e-09,9.931396e-13,5.0100963e-09,1.2055086e-14,4.598972e-12,3.757174e-08,2.5066529e-09,3.7365153e-11,2.9201248e-08,2.5691083e-09,7.7952245e-10,2.472196e-09,7.576969e-09,3.4061913e-09,1.7495344e-10,4.216398e-09,5.6845806e-10,1.5720856e-13,8.555245e-09,3.5193107e-10,2.1299757e-16,5.4287993e-17,7.405388e-09,5.7914966e-09,1.1057197e-11,5.3432253e-10,1.3277442e-08,1.6391752e-09,6.618261e-09,1.06426784e-10,1.5940316e-08,4.3467153e-13,4.2006447e-11,0.9448601,3.3778595e-13,1.0419853e-08,0.99990964,2.6596545e-13,8.31202e-11,0.9999999,0.99999213,3.173722e-08,5.4618807e-09,7.515961e-11,1.3560513e-11,1.19500035e-11,2.582159e-18,3.6231438e-11,5.3277854e-11,1.0664669e-09,1.6175625e-12,4.790073e-11,2.8392617e-09,2.2618105e-08,2.6259614e-10,1.6336686e-10,1.585217e-09,3.466907e-12,1.3166396e-09,6.833865e-11,5.078492e-13,1.7071671e-12,1.1527743e-12,1.6478996e-09,1.9513448e-10,2.8860052e-08,4.168977e-09,9.686411e-10,1.6089854e-10,2.1507926e-08,1.780548e-08,6.4557444e-09,5.367703e-09,2.8114408e-07,4.022603e-08,2.0274081e-08,5.663104e-08,1.495103e-11,1.7710395e-09,1.7870778e-07,1.0565165e-08,1.16514896e-08,4.491231e-11,1.7887487e-11,1.9996562e-09,4.2155032e-10,1.8998335e-10,4.691949e-09,1.3890207e-13,2.8055233e-10,2.5168236e-09,1.610582e-10,4.231954e-10,3.4944854e-08,3.247321e-10,1.9745696e-09,8.340121e-09,1.594886e-08,3.385072e-12,2.685035e-07,9.9375595e-12,1.3145068e-09,1.5619097e-08,5.375425e-10,8.54249e-14,2.3718497e-08,5.182265e-12,1.2342156e-08,3.3461495e-07,5.66359e-12,5.84479e-11,4.0332399e-10,1.3543319e-08,2.46242e-10,1.9909558e-13,1.1062407e-07,2.8641622e-09,8.390648e-10,5.846683e-12,3.2416494e-08,2.4840834e-09,6.626809e-14,1.4409193e-09,1.4930505e-12,2.6215503e-08,4.1256165e-11,1.9135585e-10,7.307315e-12,5.2239692e-11,4.9290194e-12,1.2464123e-07,4.3551975e-09,1.1608134e-10,6.2491336e-12,4.246632e-09,2.0139754e-09,1.1930372e-07,4.514947e-10,1.08883305e-10,1.757946e-11,1.9901492e-11,6.36822e-08,9.957358e-10,4.788495e-10,9.444364e-12,2.05541e-09,7.931593e-08,1.3906234e-11,3.2661454e-12,1.20515195e-11,1.5667707e-07,2.294183e-09,1.3343519e-09,2.1191912e-10,8.0666984e-10,1.7929086e-08,2.1103855e-10,8.406538e-14,1.83432e-08,1.615882e-08,2.4736528e-07,1.9720932e-09,3.1357284e-13,2.1987859e-10,3.4097595e-13,1.8099912e-09,4.1483278e-10,2.1719492e-08,3.897285e-09,3.0998035e-10,9.207967e-09,5.365366e-10,1.2347053e-08,3.0049914e-12,9.5989115e-08,2.0728459e-10,6.901232e-11,3.309184e-10,5.3700216e-15,6.5185224e-10,8.77964e-12,7.697093e-10,1.3574346e-09,4.6007795e-08,4.3138415e-10,9.083076e-08,1.1735663e-08,1.7268521e-09,8.018459e-09,3.718624e-09,4.7091345e-07,3.600149e-07,3.0938953e-11,1.2011898e-09,1.2597607e-13,3.0912732e-09,1.7508293e-14,2.8804548e-09,6.0368347e-12,8.4055924e-14,3.4393077e-10,9.183329e-08,1.5392307e-10,1.8956318e-07,1.0064107e-14,4.5490616e-08,2.4584883e-13,1.3670089e-07,2.2399409e-12,6.596201e-11
BC2026_Train_0052_S22_20220210_210000_030,3.5287441e-12,7.578475e-07,1.8009628e-08,3.9749318e-07,3.275384e-06,3.1945786e-11,1.1977079e-09,2.9476497e-09,7.141473e-07,2.7821554e-05,0.0007761491,8.720984e-10,1.0731726e-08,4.944443e-08,6.3120584e-09,0.0008105881,8.5319634e-08,2.2809186e-07,0.98098963,8.624057e-07,1.1995573e-07,0.99604493,9.456509e-09,5.855374e-09,1.2243863e-06,1.4890115e-09,7.027082e-07,6.3202554e-11,4.2556708e-10,2.1632914e-06,4.8520192e-08,1.1300444e-08,4.651489e-07,3.406802e-06,9.5041244e-08,1.8203811e-07,1.5923821e-07,7.706649e-08,4.9097824e-09,9.592613e-07,3.010562e-08,1.0166166e-10,2.3143183e-07,1.1914587e-08,5.9721135e-13,2.3959513e-13,1.16030144e-07,2.7412582e-07,6.517851e-10,2.954011e-08,5.0925115e-07,3.7742325e-08,1.3524377e-07,1.21432775e-08,5.4543455e-07,5.1969995e-10,3.38147e-09,0.6669115,3.522447e-10,1.6204738e-06,0.99992335,9.420531e-11,6.988717e-09,0.99999464,0.9999869,8.961769e-07,2.6354877e-08,3.405933e-08,3.879671e-09,9.052218e-09,1.3702247e-13,3.7134797e-08,5.669381e-09,9.331865e-07,9.632636e-09,3.81404e-09,1.6152002e-07,2.3901914e-06,2.5147376e-08,1.3386726e-07,2.1771342e-07,4.8803535e-09,5.2304677e-07,1.0607467e-08,1.293039e-09,1.9350553e-10,5.600251e-10,1.4806145e-07,4.467716e-08,1.907053e-06,1.5073925e-07,1.1167773e-07,3.4053027e-08,1.9940699e-06,4.1258082e-07,4.913106e-07,7.076828e-07,4.763313e-06,4.444383e-06,5.66256e-06,2.5023843e-07,1.66592e-08,8.659845e-08,3.9552724e-05,9.125957e-07,4.2367355e-07,4.9824416e-09,2.1018193e-08,8.385009e-08,3.1789504e-08,4.0659007e-08,2.382588e-06,4.716772e-11,2.8984838e-08,7.656949e-07,3.5546844e-08,7.5787796e-08,1.9697466e-06,1.3323947e-07,9.964189e-08,4.429679e-06,5.0405697e-07,1.9411002e-09,1.10140645e-05,2.1008134e-08,5.101796e-08,5.1545896e-07,2.9554315e-08,4.18012e-11,2.0137961e-06,4.1668464e-09,4.0298613e-07,2.9661258e-05,2.266478e-09,1.3811338e-07,2.1663146e-07,4.0950467e-06,4.8477826e-08,2.359448e-10,3.5633514e-06,1.6625607e-07,4.9137945e-08,5.5866484e-10,9.904508e-07,1.936045e-06,8.0088214e-11,3.5895003e-08,2.3967778e-10,5.7442486e-07,2.0042888e-08,5.9180618e-08,4.0812127e-09,1.8590425e-08,6.909401e-10,2.9338223e-06,2.621911e-07,2.977208e-08,8.552321e-10,8.140231e-08,3.2602182e-07,5.258607e-07,6.131785e-08,2.53837e-08,3.8085806e-09,1.1776944e-08,1.7998402e-06,1.6022241e-07,9.572109e-08,7.5741907e-10,2.37554e-07,1.057105e-06,3.1632048e-09,1.5832285e-09,2.145461e-09,7.712965e-06,9.0597405e-07,1.3655377e-07,3.4483995e-07,9.423923e-08,1.4263068e-06,2.4926564e-08,3.281583e-11,2.75257e-07,1.5098385e-07,1.1428686e-05,6.513023e-07,1.06259036e-10,1.3983006e-07,3.5223996e-10,1.1381784e-07,6.8401214e-08,1.6318303e-06,3.386313e-07,1.7283166e-07,1.1112463e-07,2.8693908e-08,1.3813194e-07,3.0538244e-10,4.1325998e-06,6.284971e-08,1.9603034e-08,5.1330392e-08,1.8173716e-11,3.585989e-08,1.0862289e-08,9.573643e-08,4.1452714e-07,5.5908336e-06,1.0491112e-07,9.70653e-07,1.8884215e-07,5.689359e-08,2.0966728e-07,3.2634907e-07,2.638159e-06,3.2722867e-06,5.246301e-09,1.4450119e-06,1.0225889e-10,9.668503e-07,1.911489e-11,6.469862e-08,4.2713104e-09,2.8715549e-11,1.8356467e-08,1.5470001e-06,6.8365864e-08,2.9517741e-05,1.3031047e-11,3.427999e-06,9.443203e-10,1.0923914e-05,2.11419e-09,3.4188965e-09
BC2026_Train_0052_S22_20220210_210000_035,3.8268156e-12,2.9634165e-07,2.4577162e-08,3.6882234e-08,1.0551897e-07,1.267995e-10,4.278502e-09,5.6341604e-10,7.7176355e-07,2.658655e-07,0.00018755834,2.7671795e-10,1.4702845e-08,3.065024e-09,2.2197337e-09,8.148951e-06,4.526305e-09,8.3896225e-07,0.0009568066,8.796533e-07,4.054391e-09,0.999332,1.5622286e-08,5.937586e-09,5.2855455e-07,1.7272276e-09,3.8494296e-08,2.4889338e-10,1.901919e-09,2.0038576e-07,1.3852118e-08,1.0586668e-08,2.1000568e-07,6.403493e-07,7.652832e-08,2.6616513e-07,4.296372e-08,7.595085e-09,7.129453e-09,1.4517389e-06,4.464077e-09,1.0726373e-10,3.3681513e-07,3.134911e-08,3.7252186e-13,5.8813414e-13,2.1292642e-07,3.115274e-07,2.5783964e-09,4.4089838e-08,1.2742653e-07,1.4357487e-08,5.8443757e-08,2.8633262e-09,4.8284875e-07,1.8734748e-10,1.0609019e-09,0.015297971,3.1281283e-10,1.05830995e-05,0.9986695,7.790018e-11,7.5737185e-09,0.99993575,0.99995124,5.5560385e-08,1.4908252e-08,2.3177578e-09,7.468094e-10,2.0124857e-09,8.817377e-13,1.7680017e-07,1.1317868e-09,1.1909881e-06,2.7030602e-08,1.4620794e-08,3.6459505e-07,4.0208424e-06,1.7216172e-08,1.622614e-06,3.7386496e-07,1.1467765e-08,1.4790128e-06,2.1784128e-08,2.281486e-08,3.31024e-09,3.258379e-09,3.4000465e-07,3.363692e-08,1.5063481e-06,3.1619314e-07,4.469941e-08,8.989764e-08,2.9204148e-06,9.404572e-07,4.1108665e-06,9.743043e-07,7.1202408e-06,1.3783787e-06,3.129289e-05,4.7994998e-08,1.1088661e-08,1.8281123e-07,1.2511058e-05,1.140068e-06,1.2301776e-06,9.915233e-09,1.6125785e-08,6.2418076e-07,3.5666172e-08,1.9036028e-07,1.7574463e-05,1.3665548e-10,1.0555742e-07,9.644209e-07,1.7047402e-08,1.241784e-07,3.6914548e-06,1.2030773e-06,1.3592907e-07,5.4160813e-05,1.3558831e-07,4.2635944e-09,2.72641e-05,4.4373472e-08,1.9692939e-08,2.7259216e-07,4.234429e-08,7.797882e-11,7.040711e-06,2.3762691e-08,1.7977388e-06,0.0007089907,3.890989e-08,3.6215397e-08,8.166357e-08,8.964805e-05,3.108e-08,7.7311696e-10,3.1307198e-07,5.790157e-07,4.6992866e-07,3.0766387e-09,2.4949547e-06,1.3718659e-07,8.323109e-11,4.9914227e-08,1.1279959e-09,4.7531663e-07,9.211431e-08,1.2413068e-07,2.4856961e-08,2.6814824e-08,9.0782704e-10,1.7163964e-06,7.428946e-07,8.0184016e-08,5.621033e-10,4.495069e-07,4.4502946e-07,3.5000724e-07,2.918088e-07,1.2181664e-07,2.1748996e-09,2.9431009e-08,1.4150897e-06,1.2885779e-07,2.0383072e-06,1.0032527e-09,1.5192517e-06,5.8156197e-06,4.6860733e-09,1.1988825e-09,6.097167e-09,6.22186e-05,4.868117e-07,2.8422972e-08,2.3148996e-06,2.0773409e-07,1.4394939e-06,1.5513518e-08,3.5331657e-10,1.4469258e-07,3.2353898e-07,3.877675e-05,3.907455e-06,5.8035354e-10,3.354348e-07,3.4537784e-09,2.1909185e-07,1.4991164e-07,8.10588e-06,8.76366e-07,1.1478991e-06,5.121803e-07,3.1136614e-07,1.5136604e-07,6.9320133e-10,5.6438995e-07,6.92145e-08,5.2888225e-08,1.1604675e-07,2.5525537e-10,1.5554204e-07,7.1431494e-08,9.4312117e-07,5.9511995e-06,3.69245e-05,1.454714e-07,3.8308144e-06,2.8413575e-07,5.871951e-07,9.996621e-07,1.739639e-06,1.2891242e-06,3.2632026e-06,6.4604873e-09,1.941948e-07,1.0363064e-09,1.3318474e-06,3.0912113e-11,7.1671415e-08,4.888692e-09,7.039027e-10,1.6179752e-07,2.9557918e-06,2.4569366e-07,0.00088947173,6.249021e-10,1.5693925e-06,2.8847533e-10,3.872697e-05,2.6648305e-08,2.391728e-09
BC2026_Train_0052_S22_20220210_210000_040,2.5744903e-12,2.468809e-08,3.97865e-09,2.046328e-08,1.640858e-07,1.7446152e-11,4.84555e-10,4.3219212e-10,6.52496e-07,6.041298e-07,0.00043615638,7.416138e-11,1.874945e-09,8.0012414e-09,8.189498e-10,0.00016316882,2.7662379e-08,2.751864e-07,0.059193585,7.148422e-06,1.9239062e-08,0.99966264,5.9305907e-09,5.9346733e-10,2.655571e-07,1.3711112e-09,1.8354575e-08,2.8881693e-12,2.2180399e-10,9.176129e-07,2.6388012e-09,1.0940469e-08,9.429421e-09,1.1376281e-07,2.8065898e-09,1.13369985e-07,2.2247324e-08,8.412495e-09,7.3753464e-10,1.6617776e-07,8.7656093e-10,1.3992892e-11,2.1077971e-08,1.5399252e-08,4.4863954e-14,2.0792882e-14,2.6102144e-08,1.2903962e-08,2.518993e-10,1.8065258e-08,4.0496705e-08,4.3134736e-09,4.820435e-08,1.2239161e-10,1.6322039e-07,6.528847e-11,1.1825303e-10,0.008489195,1.0174352e-10,2.520292e-06,0.999998,3.4319665e-11,1.1130681e-08,0.99999905,0.9999994,1.6843845e-08,6.312179e-09,3.7196668e-09,1.8003096e-09,8.9599356e-10,3.3814165e-14,9.365829e-08,1.7988437e-09,3.1894697e-08,9.12081e-10,8.3057633e-10,1.390032e-07,9.935821e-07,2.4060276e-08,1.9168486e-07,1.2434536e-07,3.7157173e-09,1.7862922e-07,2.0042459e-09,9.227179e-10,1.1108972e-10,9.53229e-10,1.0332205e-07,1.8106862e-08,1.3526908e-06,5.494253e-07,1.4429387e-08,7.165829e-08,1.07240375e-07,4.1365123e-08,2.055942e-06,1.7077446e-07,2.126773e-06,1.9766749e-05,1.3444072e-06,5.500122e-09,8.069211e-09,1.0482331e-07,6.8155214e-06,8.379235e-07,8.187324e-07,1.3103921e-08,1.0072273e-09,1.683603e-07,8.0935205e-09,3.2148463e-08,1.623091e-05,2.7077311e-11,7.0352866e-09,7.072604e-07,9.193489e-09,2.0706588e-08,1.2910897e-07,1.0593616e-06,1.909251e-08,1.5088084e-05,4.999913e-08,7.653132e-10,2.7570125e-06,1.932199e-08,7.62564e-09,1.05402314e-07,9.876653e-09,3.4423575e-11,1.4491022e-06,6.5586053e-10,3.0682958e-07,1.2124068e-05,2.3615159e-09,1.0893244e-08,2.8520502e-08,5.8866526e-06,2.1611748e-09,3.589255e-11,2.8000449e-07,2.0156672e-06,1.7352548e-07,7.089893e-10,3.8895197e-07,2.334659e-08,3.2259365e-10,2.1112895e-08,3.3677183e-11,1.232165e-07,9.693051e-09,2.2033559e-08,4.41371e-09,4.394935e-09,1.716363e-10,8.6186964e-07,3.801681e-07,2.059445e-08,1.3056903e-10,6.836313e-08,4.110628e-08,1.4246386e-07,1.2258218e-07,2.3585773e-08,3.6099657e-09,3.2287144e-09,1.7559083e-06,3.937497e-07,1.5047283e-07,4.0793666e-10,7.16246e-07,6.978423e-06,1.8373797e-09,1.6633277e-10,1.7693345e-09,9.247153e-06,7.404686e-08,2.860102e-08,6.236131e-07,1.3687661e-07,4.0744214e-07,4.6282487e-08,1.4291456e-11,3.621947e-08,3.3053686e-07,7.418666e-05,2.686846e-06,1.7597215e-10,1.00252485e-07,3.5422953e-10,1.3234097e-07,1.4176232e-08,1.7398727e-06,3.266819e-07,7.147891e-07,1.5211434e-07,9.481904e-07,5.419782e-07,1.0338282e-10,5.7824042e-08,6.7701283e-10,1.4366006e-08,6.872052e-09,9.958982e-12,1.906911e-08,2.989026e-08,7.199187e-08,1.12138125e-07,3.739876e-06,4.6141332e-07,5.796141e-06,3.8527466e-07,1.2372708e-07,1.1944005e-06,1.0778981e-06,2.4616722e-06,1.6834264e-06,2.6066906e-09,1.1923088e-08,4.3291148e-10,2.4550786e-08,1.8610799e-11,1.3455236e-08,1.5171897e-09,1.4104205e-10,1.967743e-08,5.1868744e-07,3.815525e-09,6.6068525e-05,1.0894364e-12,8.3732846e-07,1.2794808e-11,1.3948292e-05,1.1751741e-09,1.0134209e-09
BC2026_Train_0052_S22_20220210_210000_045,4.619074e-13,2.977072e-08,2.446601e-10,5.4481802e-08,1.6597006e-08,2.4385947e-12,1.8331957e-10,3.8414016e-10,3.1380335e-08,8.946078e-08,1.2904e-05,1.2599909e-10,3.4059947e-10,9.70452e-09,1.4446006e-10,0.000108765526,2.9073428e-08,2.4115591e-08,0.94099605,3.723314e-06,8.982972e-09,0.997769,1.8377722e-09,2.8486716e-10,1.1974253e-08,6.106883e-10,1.7124433e-09,2.4161953e-12,4.440736e-11,1.4943902e-07,1.4883415e-09,2.1252395e-09,6.238963e-08,4.3002586e-08,1.5496328e-09,3.092466e-08,6.813168e-08,8.878385e-09,3.8922762e-10,3.1515904e-07,1.7348379e-09,5.42959e-12,2.181365e-08,5.3070095e-09,3.2242384e-14,1.1682453e-14,6.5961096e-08,3.008599e-08,4.5723436e-10,2.793219e-08,1.0093534e-07,4.8630984e-09,3.209455e-08,1.1868236e-10,2.5898777e-07,4.484383e-11,4.1505497e-11,0.020175377,1.9505845e-11,1.5391916e-07,0.9999801,6.4765784e-12,2.286874e-09,0.99999905,0.9999957,1.817735e-08,3.1394762e-08,2.7848073e-09,8.162803e-09,7.532469e-10,1.612912e-14,1.3326071e-09,4.4917903e-10,1.0967652e-08,6.5247174e-10,1.4973447e-09,1.680717e-07,3.5260546e-06,2.4292358e-08,2.6775474e-08,4.8803646e-08,2.5558435e-09,4.0987874e-07,1.4187044e-09,8.915085e-10,3.400808e-10,4.829682e-09,3.475525e-07,1.0487145e-08,2.0871398e-06,3.217077e-07,3.4393093e-09,3.7006046e-08,2.3782081e-07,5.1726175e-08,2.2088982e-07,2.844828e-07,1.5921049e-05,6.088981e-06,6.927267e-06,4.1872365e-08,6.1112293e-10,2.1006208e-08,2.7313292e-06,5.2640058e-08,5.19637e-08,9.3003993e-10,2.22499e-09,1.0579083e-07,1.1129258e-08,5.7872453e-09,1.0482296e-06,7.444266e-12,3.3335754e-09,1.3210378e-07,1.4158586e-08,1.0380003e-08,3.7529745e-07,1.8133585e-07,1.0439472e-07,8.660382e-06,2.3371746e-07,4.962787e-10,2.6545051e-06,6.1349867e-09,5.25733e-09,2.1182622e-07,8.31815e-09,6.4647545e-12,6.1535053e-07,7.9130746e-10,3.6116174e-07,4.243942e-05,2.6837851e-08,1.709706e-08,3.1987177e-08,2.7285253e-06,1.6816679e-09,2.4421054e-11,1.6300619e-07,4.3485224e-07,9.004682e-07,1.0327921e-09,1.8928462e-07,2.187853e-08,4.9360967e-11,2.0173866e-08,2.5261994e-11,2.2821479e-07,8.562102e-09,1.4655937e-07,1.994297e-09,9.395561e-09,4.3980772e-10,2.3073898e-07,5.930729e-07,3.2006018e-09,1.07214036e-10,2.322711e-08,2.2910145e-07,2.2770261e-07,2.2198579e-08,9.152705e-09,4.2893613e-09,8.4280527e-10,1.1343969e-06,2.830202e-07,4.3797986e-08,3.6350237e-10,9.712042e-08,2.8536394e-06,3.4745582e-09,3.5792192e-11,9.0881624e-10,7.260902e-06,8.401482e-08,9.418568e-08,5.2343502e-08,2.1333022e-08,2.3276698e-07,1.8121717e-08,1.00776444e-11,1.3996014e-07,2.0876982e-07,9.192865e-05,5.8184264e-07,1.3104832e-10,3.1518063e-08,1.7291221e-10,5.9284666e-08,1.0858188e-08,1.257603e-06,1.4779961e-07,3.0785517e-07,4.3271345e-07,2.8492536e-07,1.8756369e-07,2.3515486e-11,7.1527474e-08,1.4171602e-09,3.0149452e-09,1.7832422e-09,6.3106844e-13,7.555296e-08,5.3388685e-09,1.0675954e-07,4.7721244e-08,1.5798273e-06,1.4394916e-08,1.6565606e-05,3.3408404e-07,4.520363e-08,2.976448e-07,5.208496e-07,1.4583022e-06,5.5755297e-08,1.8873847e-09,1.379614e-08,8.119641e-11,7.876176e-08,4.4736617e-11,1.9234843e-08,1.3698749e-09,1.4030073e-10,1.4280659e-08,6.2696864e-07,1.7414785e-09,1.4156517e-05,1.0884478e-12,4.969673e-06,7.722422e-12,2.210374e-06,1.4119043e-09,3.4758157e-10
BC2026_Train_0052_S22_20220210_210000_050,1.1983544e-09,1.4078547e-06,1.2927778e-07,2.5665345e-06,4.4455436e-07,3.549067e-09,4.2679295e-07,1.9504089e-08,3.9076817e-06,2.9155004e-05,0.051317643,6.3908644e-08,2.4214256e-07,6.56097e-07,1.407598e-07,0.0018388613,4.7574836e-06,5.2433206e-06,0.3142816,0.00043293842,2.2482313e-06,0.9877071,6.591783e-08,1.7330073e-07,3.7666646e-07,3.1398784e-07,2.5763507e-07,9.229211e-08,2.7456062e-08,1.1886975e-05,1.2179956e-07,2.939096e-07,6.4813975e-07,5.86031e-06,3.5818064e-07,1.0247221e-06,2.8194125e-07,2.9828587e-07,2.952674e-07,2.5575014e-06,2.3042054e-07,7.219435e-10,3.5520293e-06,7.3431664e-07,3.3730217e-11,2.5234736e-11,3.3953554e-06,3.2241599e-07,5.790207e-08,1.6169756e-06,1.4542982e-06,1.7314346e-07,1.7851373e-06,7.318712e-08,3.527188e-06,2.33053e-08,1.3217726e-09,0.005838405,1.37166385e-08,7.029059e-05,0.9994904,2.4896711e-09,1.7252176e-05,0.999014,0.99824417,1.8687339e-06,5.7042547e-05,1.8320061e-07,5.403367e-06,7.3404194e-09,8.566226e-11,2.8067418e-06,1.7306052e-08,1.4651633e-07,9.47657e-07,9.1655374e-07,1.1355126e-05,1.3609355e-05,4.0277172e-07,9.972656e-06,6.4284444e-07,8.161064e-08,5.8161e-05,1.8849993e-07,1.0470826e-06,4.0030326e-08,2.9498726e-06,1.0827014e-05,2.541684e-07,1.0771451e-05,4.5726127e-05,1.4573164e-06,5.8090785e-07,9.849331e-06,2.674169e-06,1.6466503e-05,9.877049e-07,0.00021375503,0.00020888509,0.00018803733,4.795245e-07,2.2460762e-08,3.4572188e-06,8.329945e-05,5.9713248e-06,4.0946798e-06,1.4744582e-07,2.5858688e-08,3.5821176e-06,6.69336e-07,2.706574e-07,6.68458e-05,1.482553e-07,1.0390287e-07,2.5873892e-06,6.962489e-06,3.1654642e-07,2.7921624e-05,1.4192744e-05,2.6600271e-06,0.00017876714,4.6449463e-06,1.337551e-07,8.516414e-06,1.2866798e-06,1.6762205e-07,3.9156134e-07,4.345164e-07,2.4048349e-08,0.00021182637,1.3146497e-07,1.8263032e-06,0.002906022,5.2287567e-07,2.3806862e-07,2.6065013e-07,3.6398513e-05,6.0294695e-07,2.5481738e-08,3.5935736e-06,7.1986565e-06,9.601969e-06,1.11940665e-07,4.1287394e-06,5.809416e-07,3.326787e-08,7.352472e-07,2.124554e-07,2.341261e-05,6.64397e-07,1.1518711e-06,1.8407836e-07,1.6814993e-06,1.5323197e-07,3.152497e-06,9.760521e-06,2.1159545e-07,6.3736487e-09,1.0052387e-05,2.847007e-06,7.2224924e-05,1.6751576e-06,2.707072e-06,7.7872727e-07,1.3778553e-07,3.0211344e-05,2.077376e-06,1.5208683e-05,1.6501428e-08,4.3341283e-06,3.1372012e-05,3.0784517e-07,1.5971144e-08,1.3458911e-07,3.925504e-05,3.4891352e-06,1.2421979e-06,8.412211e-06,2.6484036e-06,3.201797e-05,4.518368e-07,1.1026948e-08,4.1569165e-06,5.4984744e-06,0.00064148306,2.5845407e-06,2.8740962e-08,2.3072187e-06,3.1383155e-07,1.236489e-05,5.580335e-06,1.4288679e-05,6.7840183e-06,0.0003861764,5.269744e-06,3.0002217e-05,2.5275754e-06,1.0023237e-08,6.2671756e-07,2.6939347e-08,4.2274328e-07,1.1554979e-07,4.5176607e-10,4.032717e-06,3.249148e-06,4.1611606e-06,1.4652693e-05,0.00020156996,8.214751e-06,4.0525418e-05,4.6278396e-06,3.2866188e-05,4.1236886e-05,9.730241e-06,8.756535e-05,1.8407098e-05,7.603118e-08,2.8720305e-07,3.076904e-08,2.0270968e-06,5.0035647e-09,4.1486095e-07,1.6535398e-07,1.5196674e-07,7.1459685e-06,6.190433e-06,1.1056686e-06,0.0003557025,8.829592e-10,1.0624713e-05,7.0050246e-09,7.035618e-05,8.006937e-07,3.6999558e-07
BC2026_Train_0052_S22_20220210_210000_055,6.9132963e-12,6.28013e-08,1.7623762e-09,4.5056436e-07,2.0692994e-07,1.5035764e-11,6.6691763e-09,2.2782538e-09,3.9738816e-07,0.00036877836,0.037895918,1.6350661e-09,9.562396e-09,3.768356e-08,3.263703e-09,6.885658e-05,3.2819942e-06,3.373018e-07,0.9300812,7.563049e-05,3.814428e-08,0.5172637,4.731913e-10,4.016905e-09,3.8458698e-08,9.2572877e-10,3.411661e-08,2.7108485e-10,1.6515991e-10,2.5784818e-06,5.354719e-08,5.790337e-09,3.3453105e-07,5.433911e-07,1.5659127e-08,2.4395161e-08,3.2101383e-07,1.8711162e-08,3.213375e-08,7.520825e-07,1.7097026e-08,1.3011979e-10,2.404558e-07,2.0121181e-08,1.0196368e-13,1.2924743e-13,6.692639e-08,2.4450406e-08,1.0550539e-09,9.984754e-08,2.2542399e-07,3.4780808e-08,1.4478299e-07,1.8302442e-09,8.3513686e-07,6.5207734e-10,1.4275527e-10,0.020929927,2.124124e-10,5.0215162e-06,0.999956,2.1525265e-10,2.8242855e-08,0.99999845,0.99999976,2.2311369e-07,2.6179632e-07,1.31440725e-08,9.49635e-08,1.5769118e-09,1.7285908e-14,1.5423678e-08,3.2150885e-10,8.256476e-08,2.5711033e-09,5.245961e-09,6.838138e-07,6.282477e-07,5.4059466e-08,8.406692e-08,1.6302563e-07,4.001107e-09,2.5247226e-07,1.6096919e-09,1.1271501e-10,8.8502805e-10,9.012422e-09,1.644367e-07,2.5720562e-08,5.197768e-07,1.3458658e-06,7.934464e-09,1.2379104e-07,1.8662178e-07,1.02429844e-07,2.6388736e-06,1.6590239e-07,0.00011969944,9.1233727e-07,1.1703015e-06,1.0793953e-07,2.6879639e-09,5.976686e-08,1.1163571e-05,7.372257e-07,3.3640453e-07,8.5290913e-10,2.253387e-09,9.48458e-09,2.0174522e-08,2.6621112e-09,1.01219e-06,1.3228237e-10,6.3234578e-09,2.4734552e-06,1.9327924e-08,2.5524443e-08,1.3138228e-06,3.7729666e-07,8.0366526e-08,4.3994974e-06,1.6996921e-07,5.0252147e-10,9.129256e-07,2.054106e-08,1.3656936e-08,2.5317648e-08,8.5932355e-09,2.5251456e-10,9.200663e-06,1.6638966e-09,1.6136882e-07,6.920375e-05,4.460621e-09,8.000585e-09,2.8004633e-08,5.26117e-07,8.148725e-09,3.6052487e-11,3.286852e-06,3.2466298e-06,1.3633581e-07,2.4957856e-09,3.387343e-07,8.952099e-09,1.6017315e-10,1.03896525e-07,1.8529801e-10,3.4688892e-07,6.580675e-09,7.4486266e-08,6.9673123e-10,1.0287248e-08,1.98223e-09,3.895322e-07,1.0732667e-06,1.2593219e-08,2.2585192e-10,1.115668e-07,5.4791723e-08,4.6240802e-07,2.7827486e-08,3.176399e-08,7.871591e-09,4.0019025e-08,2.0163056e-06,6.1109546e-07,8.6616126e-08,1.6988025e-09,1.9239985e-07,8.365674e-06,3.4801562e-09,5.83796e-11,6.0732547e-10,1.591695e-05,1.3540276e-07,6.342472e-07,9.061135e-08,9.353546e-08,4.863968e-07,1.2361286e-08,7.805813e-11,5.8599744e-07,2.829921e-07,0.00013163718,4.681966e-07,1.13380215e-10,1.6828496e-08,1.4175927e-09,1.0264239e-06,7.130232e-08,4.5664305e-07,1.5960096e-07,2.3925648e-07,6.209089e-07,1.0688725e-06,6.379087e-07,1.0923421e-10,1.6487387e-07,3.6913328e-09,2.0622548e-09,3.2242976e-08,1.7959408e-12,5.714231e-08,5.435463e-09,3.9509897e-07,1.4624476e-08,1.8329129e-06,2.0272678e-07,3.1299126e-06,5.696052e-07,7.443215e-08,3.2394637e-06,4.790706e-07,0.00013993184,1.5387792e-06,5.8585248e-09,2.9642495e-08,1.1121354e-10,4.6358906e-08,1.886976e-11,4.7589353e-08,9.0104063e-10,3.7130515e-10,1.4756357e-09,5.827339e-07,3.152117e-09,1.8181236e-06,1.3993284e-12,5.417751e-07,2.1927581e-11,3.8503877e-06,2.1637154e-09,4.071331e-09
BC2026_Train_0057_S15_20250617_060000_000,3.956999e-06,1.8032704e-05,0.00010455893,1.5696463e-05,1.1644202e-06,1.11008134e-07,6.121284e-07,1.5292833e-05,3.042131e-07,5.624958e-07,2.7995716e-06,1.1859715e-06,4.3746805e-08,1.0904328e-07,0.000115818686,5.971257e-05,2.4137412e-07,3.089636e-08,6.058392e-06,1.3953162e-05,1.4649553e-06,5.3124886e-06,6.345214e-05,1.0833301e-06,3.2997164e-06,1.6600762e-07,0.00014073982,3.0482428e-05,6.2373847e-06,4.4873315e-05,1.6348133e-06,1.3665882e-06,1.439108e-06,1.1141459e-06,1.0119659e-06,3.043706e-06,0.00016022909,0.00030008316,9.53688e-07,4.451043e-06,4.6512764e-06,1.4360302e-06,1.2337398e-05,7.8331993e-07,1.4765795e-08,1.1269987e-08,2.8890601e-05,1.127548e-06,2.5513742e-07,2.9164348e-06,3.2288012e-06,2.22811e-06,2.3106318e-06,4.9179525e-06,1.2778753e-06,3.3337238e-07,0.0004907837,1.6084095e-05,1.3644858e-05,6.3724146e-06,6.6213656e-06,3.8001435e-08,2.934678e-05,3.2567393e-06,1.6646325e-05,3.7369577e-05,2.1972428e-06,7.543789e-09,9.153962e-09,7.194463e-06,2.5620025e-07,8.661758e-07,0.0002636877,1.6472943e-05,0.00031096756,0.00019158745,0.0011606711,0.0018372794,0.0018394557,0.004640804,7.060553e-05,0.00025381785,0.00020658944,7.815112e-05,0.0002988253,0.00038742737,4.7369744e-05,0.0049633873,0.0018649031,3.550966e-05,0.0005638333,0.0092117805,7.9414196e-05,0.0006812805,0.001943481,2.764955e-05,0.00019158999,0.0005327171,0.0002860528,0.00090903905,0.00065189484,0.0011719476,0.0021354854,0.0004846871,0.006564859,0.0013583732,0.0005045141,5.792759e-06,0.00055211515,0.0038487143,0.007169265,0.0018315127,0.003952996,0.69050705,1.1783002e-05,0.0050990223,5.9258586e-05,0.00021581956,1.1920918e-05,0.0015744705,3.263096e-05,0.0016102332,0.007193015,0.0016315116,9.8114935e-05,0.00011033307,0.00012912108,0.036712192,6.0592032e-05,4.669465e-05,0.000864609,4.926139e-05,7.680434e-05,2.878747e-05,7.5397395e-05,0.00016928253,0.0010973384,0.011095189,0.0013440403,0.00032331498,4.0087845e-05,0.00024661064,9.252421e-05,0.002416552,5.9719972e-05,1.0424068e-06,0.013838006,0.00028712305,0.0002586258,0.00027890733,0.00011459205,0.002414361,0.00035659256,0.005761593,0.010184596,0.0005821325,0.011843284,4.5284713e-05,0.03369156,0.01642029,0.0017272094,0.005575678,0.0008821372,0.006556697,0.00017406451,0.00017585402,3.935189e-05,0.0012140948,0.0007010751,0.0065506124,0.0007451451,0.00062111067,0.0033721433,0.023150036,0.0017036629,9.314632e-06,2.684951e-05,0.0018379557,0.00027897808,0.002258971,0.0030079216,0.0009670407,0.00037616835,0.00050560595,0.001187441,0.0032062805,8.1539925e-05,0.0010951776,0.0002247517,0.0002631994,0.00016983126,0.0013413791,0.00022947411,0.001169087,0.0064768754,0.00034689324,0.011001823,0.009071624,0.0003921031,0.00086274755,0.0040744133,0.00025681392,1.551684e-06,0.0053095827,0.0012731435,0.0015523097,8.913319e-05,0.00029075067,3.3396984e-05,0.021737693,0.009951338,0.0014485498,0.0006079177,0.0027121336,0.001028863,0.05056467,0.012481804,2.3202718e-05,0.011244539,2.030801e-05,0.00015090877,0.008197496,0.00012647422,0.00069520925,0.007825913,0.16720141,0.0022996627,0.0005497775,1.7966822e-05,0.0010411092,0.000261889,0.0024039391,5.4778475e-06,0.0025858248
BC2026_Train_0057_S15_20250617_060000_005,1.7581162e-12,8.5670645e-06,1.1792447e-13,5.619263e-05,1.1658602e-12,1.2360288e-13,1.91217e-12,2.4617707e-11,1.395706e-12,2.3711989e-07,1.0111266e-06,1.0226548e-11,2.4950592e-11,2.7588396e-12,1.0783657e-12,6.375816e-08,8.1590476e-14,2.2735817e-10,1.857565e-07,9.066127e-09,1.987598e-13,1.7291225e-07,6.250654e-10,6.950246e-09,8.010166e-11,4.730065e-13,7.5176494e-08,8.094514e-11,3.5435745e-09,2.624731e-09,6.7594867e-09,1.6502945e-07,8.038173e-05,2.7177012e-07,2.9180747e-09,2.755953e-07,0.99948287,0.0005154909,8.42277e-09,2.6187468e-05,1.3587571e-06,5.022228e-09,8.6504475e-09,5.1141664e-09,5.638398e-13,4.6397873e-14,4.2911493e-06,3.4201952e-05,1.5459838e-07,4.510248e-07,4.537467e-08,5.2786113e-09,7.0433787e-10,7.564626e-08,6.4193996e-06,1.5519924e-14,2.1817881e-07,0.0006389505,2.4866808e-13,3.8349792e-11,3.2377277e-05,1.546741e-14,6.5600686e-10,2.8309785e-08,7.187059e-07,1.04737925e-08,2.9445422e-09,4.7455333e-14,1.069193e-11,1.4423964e-12,3.6237278e-13,1.1997776e-12,3.3502718e-07,7.6999856e-10,1.5895017e-05,4.0249056e-08,1.9725417e-06,2.0162299e-05,3.5955765e-09,9.824028e-09,1.1486658e-08,1.4221432e-08,2.2180886e-08,7.7070884e-12,5.329061e-09,6.321012e-08,1.4044535e-07,5.262464e-07,5.829946e-07,1.611486e-06,1.3942562e-08,1.1140816e-07,1.9615906e-07,0.0007561936,2.725771e-07,3.424047e-08,1.9100494e-07,0.9999176,8.200806e-08,9.192021e-08,0.9950099,1.137906e-09,2.6258374e-06,4.562704e-07,1.1426297e-07,1.1717813e-06,4.1093392e-07,7.949407e-11,2.5013385e-08,5.584699e-07,2.9697373e-09,6.6782675e-08,6.5528033e-10,3.8061066e-07,4.3284298e-10,1.2558639e-06,9.0363514e-08,2.1671332e-07,3.8594035e-09,3.4313865e-07,4.0041814e-06,1.1503217e-05,6.4251573e-09,3.0056563e-06,5.841071e-10,8.356223e-08,3.5489944e-07,2.1850456e-05,1.5708089e-09,2.4499752e-08,2.6919007e-08,3.612847e-07,3.4956258e-07,2.1532502e-09,1.8304826e-08,4.5036693e-11,1.6279025e-06,4.2858844e-07,8.032757e-09,0.00018283392,2.6148523e-09,0.017644862,5.779851e-10,5.488356e-07,1.8405073e-10,5.0394945e-15,1.00471475e-07,1.0349676e-08,0.004723352,1.8690972e-08,2.2321227e-09,3.0153073e-09,3.4426645e-08,1.6004724e-07,1.1897861e-05,4.580361e-08,5.3859395e-07,6.4331034e-09,5.708223e-07,8.5793e-09,0.001300286,8.5164686e-08,2.9004857e-08,2.0689708e-06,2.112263e-07,4.9091833e-09,4.3549093e-07,7.284352e-09,6.442392e-11,3.5562516e-07,2.289239e-07,4.5308288e-10,4.593298e-09,1.1623847e-07,1.3612002e-07,1.0127088e-07,1.15399095e-08,1.3413033e-08,7.6561815e-07,2.5399593e-06,1.142006e-06,2.3802837e-08,8.076681e-07,5.7407e-07,9.210869e-08,1.1961672e-06,1.6077152e-10,1.8815305e-08,1.2648964e-09,4.585378e-08,7.809637e-06,3.2220416e-07,1.9644346e-09,2.2227207e-09,3.1201853e-05,2.6884905e-10,2.3483078e-07,1.6370235e-08,9.767197e-08,6.392925e-08,4.9596117e-08,2.312359e-07,2.1315111e-13,1.3126756e-06,1.24589015e-08,3.0416294e-07,2.1480009e-08,6.075034e-08,1.2544745e-08,1.533185e-07,1.6044036e-05,1.8650823e-06,4.2940806e-05,4.8537225e-07,4.9386705e-07,4.4352364e-05,9.894943e-07,1.3678287e-08,2.2057178e-09,4.5737437e-08,1.4262279e-09,1.3042174e-07,1.3372277e-10,6.078905e-08,2.2615465e-09,0.9995005,1.7679902e-07,2.494914e-07,5.501974e-11,2.1436804e-06,1.843042e-08,1.1209059e-05,5.3396166e-11,1.08812046e-07
BC2026_Train_0057_S15_20250617_060000_010,5.0393365e-09,3.162424e-05,9.249381e-10,0.0025330514,1.33103795e-08,3.9582412e-10,9.418905e-09,5.3514214e-08,3.786395e-09,1.906113e-06,5.9540853e-05,1.4501593e-08,6.3268235e-09,6.6633405e-09,4.2331836e-09,2.9463603e-05,8.1515195e-10,3.6063321e-09,2.485453e-06,5.422636e-08,1.7784667e-09,5.0977018e-05,2.5400877e-06,2.075423e-05,7.113578e-08,1.2857424e-09,2.4610622e-06,6.0456266e-08,3.482231e-06,2.6566426e-07,3.0168935e-06,9.255359e-05,4.7321123e-06,0.00041159787,3.513913e-06,5.488257e-05,0.999925,0.47225103,1.541748e-06,7.3801693e-06,0.00011495102,7.8127573e-07,2.6405845e-05,9.328046e-06,1.0240573e-09,9.570622e-10,6.8301226e-05,3.911547e-05,5.722826e-06,3.2489927e-05,1.4951787e-06,2.6444236e-06,5.300937e-07,5.013052e-06,4.626537e-05,4.5437907e-11,4.8708985e-06,0.0004262948,3.2377595e-10,8.6211775e-09,8.673152e-06,2.0060806e-10,8.7899785e-08,2.4604683e-06,1.1016448e-05,1.6475125e-05,9.4499505e-08,1.3348526e-10,1.2213701e-09,7.486959e-11,8.004901e-10,7.9310905e-09,1.2852259e-05,7.88751e-06,0.00017444951,2.6703285e-06,6.4974054e-05,0.00027560265,1.6323938e-06,1.3282122e-05,2.0289613e-06,3.1367647e-06,1.1687395e-05,1.394498e-08,1.3778923e-06,1.5881318e-05,5.431968e-07,3.962453e-05,6.16506e-05,1.5142861e-05,1.1517183e-06,5.0182134e-05,4.21771e-06,0.034604993,0.00017068519,1.5055123e-06,1.4518786e-06,0.46276674,3.3159315e-05,8.8949186e-05,0.9997842,1.6472361e-06,9.306026e-05,0.00016444162,9.668653e-06,0.00020496587,1.1788127e-05,7.646471e-08,1.2721536e-05,8.9128174e-05,1.04649625e-05,5.150804e-05,6.0805223e-07,2.0816691e-05,3.970026e-07,0.00028802233,5.1058654e-05,1.2875334e-05,1.4856722e-07,5.0771458e-05,3.938999e-06,6.873291e-05,3.6709562e-06,0.00028780822,1.563144e-07,4.0854934e-06,1.7809899e-06,0.00010777358,2.3365112e-06,2.3648333e-06,1.0449396e-05,3.8822527e-06,2.4547177e-05,1.0178652e-05,3.844968e-06,4.1160575e-08,0.0076900413,7.724048e-05,4.760983e-06,0.003577762,1.2518194e-07,0.003915184,1.6686015e-07,3.817024e-05,2.560739e-08,5.9775923e-10,5.7523695e-05,4.7648937e-06,0.018034795,5.66659e-06,5.627851e-08,1.3670979e-06,2.0289167e-06,1.5277104e-06,0.0004864019,7.0468236e-06,8.833002e-06,1.4066186e-06,1.5117365e-05,3.288542e-06,0.0016645312,0.00032150486,2.7995055e-05,0.00011029162,0.00010484806,4.08155e-07,0.00019025036,3.0057538e-06,1.5552988e-07,3.3987214e-06,2.7744982e-05,6.42961e-08,0.000100606594,2.6652488e-05,1.2951428e-05,1.9350375e-05,6.9952875e-07,1.778995e-05,1.936023e-05,0.0053866953,6.639702e-05,5.8295547e-05,0.00012626009,3.4296805e-05,7.741734e-06,3.6261026e-06,4.240895e-07,9.503763e-05,8.179826e-08,3.1282354e-06,0.00091187016,1.6237924e-05,1.7391196e-06,6.4636447e-07,0.00038710417,6.986042e-08,2.376069e-05,1.9766656e-05,2.1896578e-05,1.9091567e-06,5.454198e-05,5.7984466e-06,8.4867374e-10,1.0502656e-05,7.119883e-05,2.338456e-05,2.0162827e-06,1.2345108e-06,1.9236852e-05,1.9899337e-05,0.00023830596,0.00016608991,0.00019080316,2.504189e-05,7.4840806e-05,0.5913909,7.574865e-05,2.1888113e-07,6.804648e-07,1.7849875e-06,9.8575356e-08,1.3474773e-05,3.6032535e-08,1.0631874e-06,2.2517537e-07,0.9992085,6.755017e-05,4.484199e-06,4.1946348e-07,5.3698066e-05,3.6149916e-06,0.00037005392,5.750881e-08,2.6222679e-05
BC2026_Train_0057_S15_20250617_060000_015,5.905853e-11,7.376911e-06,1.7487271e-10,0.00011482076,1.9365506e-10,1.5655312e-11,6.002293e-10,3.9433155e-09,1.2469635e-10,3.5028602e-08,5.3366006e-07,1.8311872e-09,6.634879e-10,1.64613e-10,5.5236793e-10,3.1549512e-06,7.642738e-12,4.8825274e-11,3.7466484e-07,1.8947075e-08,1.9209627e-11,2.395776e-06,7.462576e-08,2.4335822e-07,5.924754e-10,4.9470112e-11,2.956946e-07,5.4632426e-10,3.20997e-07,3.8513758e-08,2.1241911e-08,1.0410071e-06,3.5049668e-06,9.663869e-06,1.1927608e-07,7.5896946e-06,0.9998963,0.058038045,3.8192322e-08,2.9402115e-06,1.5706286e-05,8.169563e-09,5.03907e-07,7.517383e-07,5.392768e-11,3.916985e-11,1.9509971e-05,9.992915e-06,3.8338844e-06,6.3545963e-06,8.185663e-08,2.319334e-07,1.6042065e-08,1.0126276e-07,4.3912396e-06,2.3334563e-12,1.4464721e-06,2.0190331e-05,5.1444998e-11,5.462219e-11,3.2415187e-06,1.8843541e-11,3.165174e-08,1.0085986e-06,8.5420567e-07,1.2688e-07,6.3702337e-09,6.2283897e-13,5.655166e-10,1.9951853e-11,1.1804437e-10,3.6677078e-10,4.6558075e-06,3.5506875e-07,0.00016674878,3.6513651e-07,4.2677573e-05,0.0003414327,1.9808992e-07,9.459865e-07,2.096248e-06,2.6219484e-06,1.2563922e-06,6.8962915e-09,9.038608e-08,8.800696e-06,1.1714975e-06,0.00035477913,2.8503206e-05,7.4237937e-06,2.2031568e-07,4.678204e-06,1.1693165e-06,0.008344605,0.00017635526,1.6323767e-07,2.485377e-06,0.69931173,2.5748184e-06,1.1790152e-05,0.99985564,7.34545e-08,0.00016111661,3.3173478e-06,5.781908e-07,7.0510185e-05,8.215009e-06,1.1059285e-07,2.3772409e-05,1.5501131e-05,7.482936e-07,2.9840397e-05,1.9890885e-07,0.00014855944,1.5710366e-07,0.0002864089,2.8186081e-05,9.193971e-06,3.958608e-07,6.774402e-05,2.9228673e-07,0.00015289905,1.2214858e-06,0.00014209082,3.2778895e-09,9.092814e-06,1.1703296e-06,3.3022297e-05,3.618668e-07,6.084565e-07,2.820515e-06,7.414044e-06,2.5765746e-06,9.996318e-06,5.935652e-07,4.093025e-08,0.0027696746,3.0602325e-06,3.6575372e-07,8.865019e-05,4.2496158e-08,0.023222301,4.938534e-07,3.3371543e-05,1.2157919e-09,2.0318958e-11,6.420385e-05,3.2143246e-06,0.027648631,2.2148984e-06,6.9596815e-08,9.422725e-07,9.607389e-07,3.2138216e-06,0.0041677877,1.1158282e-06,1.6590224e-06,5.5362887e-07,3.2525336e-06,1.6256622e-06,0.0004422857,8.871581e-05,7.662573e-07,3.9147748e-05,0.00012803114,5.717337e-08,0.0007082569,1.162474e-06,5.4685653e-08,1.1596777e-05,1.9403742e-05,2.1510717e-08,5.2379288e-05,6.1946853e-06,2.5428884e-05,1.4061048e-07,8.2358537e-07,3.7908521e-06,9.256514e-06,0.0013497537,4.4753782e-05,9.0463254e-05,3.3077013e-05,5.1477153e-05,9.686817e-06,9.397503e-06,3.84109e-08,1.5046042e-05,1.7691498e-08,9.848102e-08,6.739883e-05,7.0217364e-05,1.6117473e-07,2.5747613e-07,0.0004959948,2.88906e-07,2.0726895e-05,2.2585423e-06,2.3131695e-06,5.309305e-07,2.4881801e-06,2.2561655e-06,8.052798e-11,8.862476e-06,1.890893e-05,5.713038e-06,3.4377604e-07,3.1925376e-07,1.2703156e-05,6.31484e-06,0.00018821869,1.2641896e-05,0.00025976234,3.1148844e-05,3.608946e-06,0.027471157,0.00012941568,1.8607098e-08,6.9129004e-07,3.80146e-07,5.774171e-07,1.7987019e-05,3.2063223e-08,3.9017127e-06,7.18114e-08,0.9995882,2.4199182e-05,3.8393655e-06,1.9974222e-07,1.6686392e-05,1.8656733e-07,0.0006428705,2.92115e-08,4.471571e-06
BC2026_Train_0057_S15_20250617_060000_020,3.9097914e-10,1.2595746e-05,4.697839e-10,0.0009860811,6.596975e-09,1.5108706e-10,2.6282778e-09,4.4049827e-08,1.7253506e-09,7.732495e-07,2.7430382e-05,4.123866e-09,1.2422692e-08,1.1664758e-09,2.2308968e-09,6.08627e-06,3.898582e-11,1.963779e-09,6.0859054e-07,9.570613e-08,2.0957804e-10,8.611995e-06,3.569204e-07,9.2485044e-07,4.281245e-09,5.676519e-10,7.617712e-07,2.5327105e-09,5.257057e-07,7.8750014e-07,4.7818963e-07,7.217553e-06,3.06312e-06,0.00011559636,6.2001834e-07,9.01903e-05,0.9994155,0.019260418,1.6275858e-07,4.912258e-05,1.4785299e-05,2.3538542e-08,3.1026098e-06,3.31127e-06,8.38858e-11,6.677468e-11,4.267895e-06,9.692232e-06,2.3675798e-06,1.1298688e-06,8.38907e-07,1.5375822e-06,3.127837e-07,5.1432517e-07,8.82302e-05,8.263801e-12,3.1984364e-06,0.00409361,8.23388e-11,7.973789e-09,9.289721e-05,3.97434e-10,1.1602728e-07,1.17850705e-05,4.272659e-06,1.9290635e-06,3.491587e-08,6.572364e-11,7.083716e-10,1.2671875e-10,8.03353e-11,1.0390496e-09,5.33838e-06,1.3653141e-06,7.4872645e-05,3.1238153e-07,1.3291384e-05,0.00028048415,1.5991557e-07,1.7277658e-06,4.16477e-06,3.567642e-07,8.546435e-06,7.8988585e-09,3.4226474e-07,9.790118e-06,1.4375388e-06,8.556375e-05,2.4482815e-05,5.0942535e-06,3.3401332e-07,1.8720692e-05,2.5571453e-06,0.0084962575,7.955419e-05,9.1869873e-07,4.795222e-06,0.09933906,2.9360663e-05,4.6388013e-05,0.9986344,6.7422354e-07,0.00042394616,1.4010617e-05,9.675479e-06,0.00021539297,8.169361e-06,5.9754603e-07,1.7609827e-05,2.0519114e-05,2.6059147e-06,3.7984257e-05,3.8189927e-07,1.1639854e-05,2.9883395e-07,0.00010023514,9.691908e-06,4.683473e-05,2.7218925e-07,1.9578261e-05,1.292592e-06,4.7353213e-05,2.3365246e-06,0.00038553894,4.322148e-08,5.0469275e-06,2.9108744e-06,5.215375e-05,6.460071e-08,6.4413445e-07,2.263152e-06,1.279455e-05,1.9653369e-06,5.2019213e-06,2.651583e-06,6.556385e-08,0.0014029773,4.898536e-06,9.672939e-07,0.001055177,8.228319e-08,0.0074033574,1.726585e-07,3.1374257e-05,5.092628e-08,1.7196826e-10,1.2285292e-05,7.016414e-07,0.007075769,3.0834926e-06,2.6363884e-07,4.5733603e-07,1.9174058e-06,2.2419304e-06,0.0004957032,6.289818e-06,3.971642e-06,2.2549753e-07,1.4780746e-05,3.3956276e-06,0.00026165065,7.1814095e-05,9.035848e-07,2.6540407e-05,0.00015883555,5.5650696e-07,0.00043026064,2.842487e-06,1.0126659e-08,1.8199005e-05,3.4929493e-05,1.3432902e-08,5.6377427e-05,3.878622e-06,1.8336648e-05,1.2056594e-06,4.836188e-07,6.082017e-06,4.801377e-06,0.0015234316,5.4881893e-05,4.2686274e-06,0.00015072181,3.1385654e-05,2.7105698e-05,6.8526374e-06,5.6266476e-08,2.3257726e-05,1.3220784e-08,7.6516926e-07,0.0003848158,4.549833e-05,1.4745019e-06,6.472212e-07,0.0002673719,1.5894766e-07,1.7394199e-05,1.4730163e-06,7.665638e-06,2.0670775e-06,5.3272925e-06,1.1985221e-05,3.9238812e-10,3.6669746e-06,1.4730086e-05,2.5819718e-05,1.8593795e-06,1.6726372e-06,1.8381432e-06,2.9684447e-06,6.272192e-05,2.3775627e-05,0.00027256177,4.2749183e-05,5.623573e-05,0.117677554,3.7308615e-05,3.4914677e-07,6.370643e-07,5.3278563e-06,4.7223146e-08,6.31328e-06,4.3376826e-08,2.1625353e-07,4.934264e-07,0.99860305,8.331557e-05,1.8285955e-05,1.6359206e-07,3.593586e-05,2.9591547e-07,0.00034445757,5.3088744e-08,4.107504e-06
BC2026_Train_0057_S15_20250617_060000_025,1.3714912e-08,0.0001300823,1.9940241e-08,0.0002986803,1.4070437e-07,1.0379443e-09,2.2117264e-08,1.9828592e-07,1.8367288e-08,4.206386e-06,0.00013401137,2.0125123e-07,4.4743505e-08,7.724043e-08,1.4854386e-07,0.0001136126,1.2388824e-09,4.2017888e-08,9.881922e-06,5.5703e-07,9.779534e-09,6.0828817e-05,3.9064375e-06,1.01532705e-05,7.6045444e-07,4.8020796e-09,6.665814e-05,1.7194832e-07,1.2130904e-05,8.354652e-07,5.31262e-06,0.0004754893,2.5887048e-05,0.00061366806,2.53814e-05,0.00025975812,0.99971455,0.9583011,5.90772e-06,0.00013854205,9.5670934e-05,3.6671809e-06,6.704357e-05,2.313548e-05,8.2348155e-09,2.7623188e-09,0.00074707944,0.00029390867,5.66746e-06,1.8273091e-05,1.4774207e-05,9.169323e-06,6.348207e-06,4.572864e-06,0.00021636367,1.1404894e-09,0.00011690585,0.00047647592,4.6491624e-09,1.8628376e-07,7.8538484e-05,6.5837384e-09,4.3480372e-07,4.4006765e-06,9.382451e-06,9.557008e-05,5.4752338e-08,7.9790785e-10,4.7771582e-09,1.7835518e-09,1.4435884e-08,2.5748149e-08,1.1475418e-05,6.671684e-05,0.00091830816,1.6575626e-05,0.00011251495,0.00012915382,6.1559813e-06,1.3555871e-05,1.5099729e-05,1.7434257e-06,2.3614692e-05,1.4244377e-07,3.9492184e-06,7.1377403e-06,2.0156308e-06,0.00015965871,0.0007107405,1.1311375e-05,2.1802498e-06,0.000691526,3.3102626e-06,0.0012574082,0.00060472556,1.3242143e-06,4.0509876e-06,0.018062066,4.8331676e-06,6.2520376e-05,0.99880004,2.0267257e-06,0.00029344248,0.00013959626,7.623657e-05,0.00027463186,0.0003549231,2.6037087e-06,1.603076e-05,4.744841e-05,6.6188215e-05,0.00032034284,1.1427742e-06,0.00065741397,1.7393369e-06,0.0013886726,5.8427893e-05,3.4196964e-05,1.053707e-06,3.6907182e-05,1.0414585e-05,0.00033694427,3.624752e-05,0.0004060332,9.2686975e-07,2.6924608e-06,2.2054128e-05,0.0037603925,4.211163e-06,9.506429e-06,3.9146627e-05,2.0046074e-05,8.4741833e-07,2.0337113e-06,1.7245477e-06,2.4206753e-07,0.027438523,0.0002584705,3.6921687e-05,0.0019948483,6.911614e-07,0.0034728746,2.0703862e-06,0.00010455854,1.7399425e-06,2.0541169e-09,0.00066119345,4.876385e-05,0.047897533,1.3022233e-05,3.0012433e-07,1.21812745e-05,2.026481e-05,0.00013210696,0.0011178603,3.4950517e-05,2.3256927e-05,1.923134e-06,0.00012902262,1.8534489e-05,0.0017510442,2.1743881e-05,2.5358086e-06,0.00015246811,0.0007575553,6.209089e-07,0.001840328,1.4838963e-05,1.7307279e-07,1.5792408e-05,4.128985e-05,8.606475e-07,0.0011756535,0.000106508254,4.7503192e-05,7.2788243e-06,3.1150828e-06,8.479308e-05,3.0656058e-05,0.050310865,6.808565e-05,8.50133e-05,0.00016518653,7.631578e-05,1.0354284e-05,4.1145915e-05,1.3184027e-06,9.460847e-05,1.4320516e-07,8.882155e-06,0.0001796607,0.00019220333,2.116657e-05,5.0752647e-06,0.0005704451,1.1141799e-06,3.5547302e-05,8.1013124e-05,0.0003326277,3.9811944e-06,2.0451835e-05,0.00011945963,3.847981e-09,6.77238e-05,2.629104e-05,0.00019819252,1.7828535e-05,1.5501515e-05,1.2690601e-05,0.0001256822,0.00016983369,0.0010511115,0.00019019342,0.00024633427,0.0004569837,0.97370726,8.734835e-05,1.2363146e-06,6.34285e-06,5.647573e-06,2.0694198e-07,8.326062e-05,3.00419e-07,2.405093e-06,2.1769358e-06,0.99863017,0.00016030642,1.3489341e-05,5.838448e-07,9.4511e-05,4.4065728e-06,0.0011640182,5.68212e-07,8.651136e-05
BC2026_Train_0057_S15_20250617_060000_030,5.8978183e-10,2.0755619e-05,7.068596e-11,1.18428e-05,1.9795094e-09,6.7738805e-12,1.3925112e-10,7.777482e-09,3.561332e-10,8.6369715e-07,7.800608e-05,2.0132536e-09,9.570622e-10,4.979038e-10,9.54692e-10,4.484537e-06,1.5900208e-11,4.5526327e-10,9.898152e-07,4.140285e-08,1.0324252e-10,1.2569874e-05,3.2483874e-07,2.3110329e-06,5.7973653e-09,4.345576e-11,1.2084037e-05,9.667159e-10,1.5929351e-06,8.9139874e-08,2.9156504e-06,6.38971e-05,5.889651e-06,0.00033992293,1.8470453e-06,4.9139308e-05,0.999951,0.6369425,1.3104141e-06,2.219105e-05,0.000104733255,6.9184864e-07,9.987571e-06,1.5108715e-06,3.1114774e-11,2.0439338e-11,2.6455753e-05,1.9132292e-05,5.376815e-07,1.901253e-06,8.9966994e-07,5.248741e-07,1.9857546e-07,2.6689793e-06,9.9914694e-05,8.419351e-12,4.055738e-06,0.0002172273,7.514212e-11,4.6100862e-10,5.0333827e-05,3.7546116e-11,1.2168016e-08,4.0063205e-06,1.2358631e-06,2.3388388e-06,2.1279896e-09,5.3784247e-12,9.193936e-11,4.5896065e-11,3.5128105e-11,1.079225e-10,8.877488e-07,2.0907357e-06,0.00021325363,2.6361897e-07,5.392809e-06,4.0316765e-05,2.6562596e-08,7.042653e-07,9.907833e-07,7.6111995e-08,1.1906145e-06,1.6926283e-09,1.2218547e-07,6.2058916e-07,1.3109174e-07,1.1831828e-05,2.7086318e-05,1.3302925e-06,2.3906694e-07,1.1733497e-05,4.7561227e-07,0.00082242547,3.082124e-05,1.626163e-07,3.5004663e-07,0.10423803,1.3400153e-06,2.3125365e-06,0.99967885,2.3185017e-08,2.6216629e-05,3.2997803e-05,1.2242312e-05,9.601265e-06,1.062215e-05,2.1199841e-07,1.4909766e-06,2.7749684e-06,1.3342974e-06,1.37573315e-05,1.41808005e-08,9.785022e-06,9.379452e-08,4.4288714e-05,3.78286e-06,1.2488437e-06,6.6739894e-08,8.951128e-06,3.012145e-07,9.442557e-06,4.2914996e-07,2.4613091e-05,3.2250536e-08,3.560504e-07,1.3651762e-06,1.2061494e-05,1.4720497e-07,3.6324292e-07,2.6719156e-06,7.229059e-07,1.9266427e-07,2.3900995e-07,7.931729e-08,4.9952207e-09,0.0034040099,3.2362861e-06,3.182433e-07,0.0025697872,1.2506972e-08,0.0011747109,1.4024894e-08,3.156813e-05,3.0254824e-08,6.390242e-12,8.336764e-06,1.6008006e-06,0.00588251,1.6210797e-06,5.7928116e-09,4.7250728e-07,1.0872279e-06,2.9579944e-06,4.2019477e-05,1.8238594e-06,8.848978e-07,1.5059156e-07,1.7106229e-06,5.490403e-07,0.00028570066,1.7395176e-06,1.05747056e-07,6.217863e-06,6.487933e-05,5.0827108e-08,0.0001802238,4.3282117e-07,3.5844558e-09,4.4631943e-07,2.9960347e-06,8.115888e-09,1.4585048e-05,3.2443022e-06,1.4095582e-06,1.9764584e-06,1.1595139e-07,3.8569697e-06,3.5477435e-06,0.0037426832,4.122597e-06,6.5359545e-06,1.2755064e-05,9.637621e-06,9.11805e-07,2.6605778e-06,8.364706e-08,4.129192e-06,3.987128e-09,4.940602e-07,1.1041934e-05,1.8016752e-05,1.6373191e-07,2.1304119e-07,9.228119e-05,7.8857056e-08,3.0774672e-06,6.428953e-07,1.2129817e-05,4.0770567e-07,1.0099952e-06,9.115928e-07,3.5635878e-10,1.0624151e-06,1.4444773e-06,7.3982933e-06,1.0568158e-06,5.6518763e-07,1.7563287e-06,1.3473696e-06,8.724918e-06,4.5786433e-05,3.1973577e-05,1.3832226e-05,5.634448e-05,0.9144715,2.9809553e-06,5.7829006e-08,6.2034246e-08,3.411291e-07,6.3389147e-09,2.1390529e-06,3.7200145e-09,5.0048556e-08,1.6547412e-08,0.99933064,5.158306e-06,1.6328501e-06,2.4295327e-08,3.6758431e-06,1.9668356e-07,0.00011871402,1.2217342e-08,2.3432592e-06
BC2026_Train_0057_S15_20250617_060000_035,5.1264204e-10,3.8687917e-06,4.033119e-09,5.1025996e-05,1.4036021e-09,4.0214467e-11,3.1072622e-10,1.6413287e-08,3.929461e-10,1.7709145e-07,7.2041503e-06,3.5713803e-09,2.1323003e-09,5.0562404e-10,4.3747543e-09,3.0443265e-05,3.962953e-11,2.4331984e-10,4.7269742e-07,1.125943e-07,6.747887e-11,1.6604467e-05,1.5937372e-06,5.823378e-07,3.0872784e-09,3.4220654e-10,1.5677423e-06,6.5260406e-09,4.3607083e-06,3.48933e-08,4.1375225e-07,2.6356332e-05,1.809982e-06,3.1038893e-05,7.4206895e-07,0.00015342877,0.99989724,0.07937275,2.3264094e-07,1.2854011e-05,4.4921176e-06,9.9406314e-08,4.1260664e-06,5.9236068e-06,2.0788803e-10,3.3073714e-11,4.6203513e-06,1.1039913e-05,3.8518098e-07,3.475409e-07,1.3122275e-06,5.4584723e-07,1.2200593e-07,9.1965336e-07,9.799739e-06,2.339068e-11,1.4089523e-05,0.00011650034,2.832996e-10,2.6646358e-09,1.3097372e-05,1.00027535e-10,5.1571902e-08,2.65756e-06,2.1650703e-06,8.696888e-07,1.4214653e-08,8.163118e-12,3.6728582e-11,1.2461124e-10,8.636797e-09,3.5030518e-09,3.134411e-06,1.344125e-06,3.8264676e-05,1.7352892e-06,0.00014298965,3.8323396e-05,5.7926206e-07,3.4479795e-06,3.449591e-06,2.828248e-06,1.5430645e-06,1.2817837e-08,3.7388315e-07,4.1125722e-06,7.711536e-07,3.721569e-05,7.988351e-05,4.646998e-06,4.0792997e-06,7.1941954e-06,1.0066931e-05,0.004454199,6.720462e-05,1.2156816e-07,3.1971158e-06,0.014298209,3.1158554e-06,2.0470408e-05,0.99984443,5.1028085e-08,1.2619636e-05,1.788914e-06,1.7540156e-06,0.000112189155,2.0671645e-05,2.449777e-07,1.0456991e-05,2.1817015e-05,2.0092227e-06,4.449199e-05,3.567658e-08,1.5055155e-05,1.6141792e-07,3.8065988e-05,1.2854342e-05,1.3916252e-06,1.3205067e-06,3.0282128e-05,4.041392e-07,3.182582e-05,1.1731252e-06,0.00014252546,8.931821e-09,2.3929101e-06,9.823403e-06,0.0002405447,4.0904465e-07,6.0381416e-07,2.1871929e-06,1.0166738e-05,2.879504e-07,1.4119124e-07,1.0695113e-07,7.559275e-08,0.0011332338,3.980086e-05,9.2988796e-07,1.1038596e-05,9.260704e-08,0.0007973557,5.261797e-07,2.605333e-05,9.94112e-09,5.93904e-11,8.268192e-05,1.5243514e-06,0.009813241,7.2892853e-06,1.119821e-07,1.8427155e-06,9.666275e-06,1.1929322e-05,0.00018574907,2.12131e-06,7.3756047e-07,8.41924e-08,8.423659e-06,3.4429552e-06,0.0016651764,9.8829305e-06,9.982247e-07,1.2062517e-05,0.00011310984,4.9965095e-08,7.193877e-05,1.1812751e-05,5.6948192e-08,1.539472e-05,8.262675e-05,2.7298364e-08,2.6348467e-05,0.00015654558,1.5227999e-05,2.385652e-07,3.5241882e-07,4.2241945e-06,7.4912505e-06,0.0036268614,3.3925997e-05,5.807e-05,4.3960586e-05,7.0911534e-05,2.4967399e-06,1.0875371e-05,1.5377802e-06,2.3228953e-05,7.335524e-08,2.465631e-07,1.32984605e-05,0.000120239405,1.5487537e-07,1.3166935e-07,0.00060782966,8.6171866e-08,2.4647593e-06,9.875112e-06,2.1923133e-05,3.3034337e-07,1.1841604e-05,3.7988746e-05,1.2203495e-10,3.12151e-05,7.3909523e-06,2.8863116e-05,1.7852038e-06,1.1952652e-06,3.188336e-05,3.820823e-05,0.00025706305,6.0920716e-05,0.00017137795,2.6549013e-05,2.787302e-05,0.038824715,3.0797208e-05,9.560632e-08,6.058659e-07,4.1646044e-07,7.763552e-08,4.5770754e-05,2.6680752e-08,4.6654744e-08,5.709154e-07,0.99980634,8.354263e-05,3.1242642e-05,1.417675e-07,1.7158765e-05,9.110835e-07,0.00024062429,8.078239e-08,1.2683353e-05
BC2026_Train_0057_S15_20250617_060000_040,1.2307616e-09,9.719399e-06,7.816563e-09,0.00011538239,2.0008504e-09,9.819241e-11,1.7774833e-09,3.8425338e-08,1.3954073e-09,1.860409e-07,1.8902426e-06,2.2244734e-08,3.0474137e-09,2.545758e-09,1.3610519e-08,3.370494e-05,1.1495874e-10,2.118214e-09,5.529002e-07,1.7507135e-07,7.605837e-10,8.018866e-06,2.2769207e-06,4.7307404e-07,3.3797754e-08,3.9803333e-10,4.149779e-06,1.09495915e-08,2.6239247e-06,3.6547437e-08,2.2132926e-07,9.267104e-06,1.8268886e-06,2.607202e-05,9.300352e-07,8.910497e-05,0.9996216,0.033104263,2.2817824e-07,2.6692373e-05,2.5845186e-06,6.038136e-08,1.0690777e-05,2.4180342e-06,5.234584e-10,1.1266452e-10,1.5638581e-05,1.4061738e-05,7.4307036e-07,1.0963498e-06,1.0718909e-06,1.3197575e-06,6.773402e-07,4.4370643e-07,2.309087e-05,5.5786802e-11,4.7705003e-06,1.2525528e-05,8.401891e-10,4.740479e-09,1.4397381e-05,2.8820032e-10,4.2937835e-08,1.262312e-06,5.0152657e-06,9.2178885e-07,2.6894424e-08,1.1447402e-11,2.5472818e-10,4.0441092e-10,7.112828e-09,7.723244e-09,2.1503945e-06,1.8763878e-06,0.00031139597,1.5294466e-06,9.498733e-05,5.9552603e-05,1.9725962e-06,1.2907139e-05,5.641452e-06,4.2760716e-06,1.1834976e-05,2.746685e-08,4.5990956e-07,1.8749676e-06,3.553374e-07,4.0107578e-05,0.00013688303,6.683997e-06,1.2746242e-06,1.9007644e-05,2.4245219e-05,0.01584711,0.00012652704,5.5903416e-07,5.911665e-06,0.058631465,3.1608265e-06,3.901976e-05,0.99843127,8.232783e-07,4.1481817e-05,7.76833e-06,4.0341242e-06,0.00012648097,0.000120139695,1.3545197e-07,9.568724e-06,0.00012343058,6.9068374e-06,7.8178695e-05,1.1212615e-07,6.645682e-05,2.9017008e-07,0.00011760197,0.00013326717,1.7486358e-05,8.5964666e-07,3.2892025e-05,2.870338e-06,0.00011548201,5.2344826e-06,0.0004013406,3.5922053e-08,9.842373e-06,5.2619553e-06,0.0012692985,9.55638e-07,6.3735905e-07,1.3354151e-05,3.9317605e-05,2.2572804e-06,2.0589705e-07,8.774959e-07,3.9787807e-08,0.0011167629,4.6869445e-05,1.3859394e-06,7.1165974e-05,5.1587847e-07,0.0008791642,7.1922216e-07,6.7244946e-05,2.1789697e-08,4.0717327e-10,0.00023032175,3.404298e-06,0.009653991,2.2604945e-06,2.9259488e-07,4.86846e-06,3.1242944e-05,1.5386664e-05,0.00037199806,6.4192154e-06,2.7570152e-06,1.1074404e-06,2.021561e-05,2.3285467e-05,0.0007926626,3.0838204e-05,4.5804413e-06,3.566703e-05,0.00019681478,1.7484892e-07,4.7647736e-05,1.5962478e-05,2.8758512e-07,1.8928813e-05,0.00011349231,2.5616262e-07,7.1374285e-05,0.000106937005,3.7098507e-05,1.1747788e-06,2.9891206e-07,3.9735814e-06,2.4314008e-05,0.0009705815,5.767799e-05,0.00015010539,2.8496517e-05,0.00028566198,1.1341554e-05,3.152881e-05,8.809916e-07,2.0748175e-05,1.9704366e-07,3.4642807e-07,3.9356317e-05,8.4620224e-05,5.203616e-07,8.682393e-07,0.0003148291,9.831892e-07,1.0579325e-05,2.4221878e-05,0.000110911875,3.5466e-06,4.9938e-05,5.2031697e-05,8.338988e-10,1.1646662e-05,6.2786776e-06,7.439657e-05,1.9004625e-06,1.9661225e-06,2.9965955e-05,2.960982e-05,0.00076348835,6.028553e-05,0.00029003198,0.00017056202,1.7174627e-05,0.029068094,9.24481e-05,2.3164534e-07,1.4853695e-06,2.1867781e-06,1.0122762e-07,0.00024797203,3.4587939e-07,1.3885838e-07,8.215215e-07,0.99895406,8.2660794e-05,1.000411e-05,3.213722e-07,8.996567e-05,4.7389317e-06,0.0006883955,2.834829e-07,4.3255714e-05
BC2026_Train_0057_S15_20250617_060000_045,1.3362162e-09,2.9186938e-05,5.749332e-09,0.0007856862,2.8099323e-09,1.00157736e-10,1.9005013e-09,3.3231597e-08,2.9358765e-10,9.909996e-07,1.03566845e-05,2.4061974e-08,1.0855868e-08,3.0274094e-09,2.4627795e-08,2.0035754e-05,4.4906828e-11,4.1301718e-09,8.946356e-07,2.7505624e-07,3.4316477e-10,1.0386901e-05,6.316245e-07,4.436675e-07,3.8455102e-08,2.7507088e-10,1.0506963e-05,2.25686e-07,1.5382013e-05,5.268972e-07,3.725573e-07,7.24409e-05,2.1464418e-06,0.00012475718,3.2668238e-06,0.0003553939,0.9996489,0.054650813,1.5634929e-07,5.5872457e-05,1.1857069e-06,8.997002e-08,5.4838274e-06,7.210288e-06,5.1549925e-10,8.645359e-11,3.2936532e-05,2.966222e-05,4.5914393e-07,1.221638e-07,4.3705463e-06,1.8452689e-06,9.463574e-07,3.086112e-07,2.0825468e-05,4.282809e-11,2.218117e-05,0.00013697743,8.0697465e-10,2.967706e-08,0.00031773286,5.635267e-10,2.7844007e-07,4.402868e-06,1.936996e-06,5.483639e-06,2.5815714e-08,2.8338214e-11,1.905433e-10,4.629012e-10,9.341882e-09,3.1436573e-09,2.4410276e-06,5.188777e-06,0.00022813812,1.686079e-06,6.994356e-05,2.0811254e-05,7.315856e-07,1.9230497e-06,5.8807673e-06,6.196855e-07,5.517679e-06,1.6157559e-08,5.2761783e-07,7.023958e-06,1.396254e-06,2.8068222e-05,9.318814e-05,2.1721123e-06,2.4126002e-06,5.3604843e-05,2.2806869e-06,0.0012618935,0.00031792044,2.6070506e-07,2.4361996e-06,0.0047060917,8.955516e-07,9.297991e-06,0.99885297,1.3714786e-07,8.847883e-05,7.3683186e-06,2.1741704e-05,4.938703e-05,6.692885e-05,8.0630906e-07,5.7552766e-06,2.351646e-05,1.2824705e-06,1.9991168e-05,3.5769563e-07,3.5868175e-05,1.9796886e-07,5.5410823e-05,2.8623657e-05,8.739641e-06,4.8960663e-07,9.360457e-06,7.730659e-07,5.3824544e-05,5.6811027e-06,9.538553e-05,2.0387165e-07,1.0140556e-06,2.9807934e-06,0.0012186145,6.7573365e-07,2.3572588e-06,1.50544665e-05,1.2193676e-05,2.0381137e-07,1.069909e-07,9.425505e-08,1.8167643e-08,0.0036773994,3.5327063e-05,2.16531e-06,3.3669665e-05,1.4106163e-07,0.00027339486,1.0459588e-06,1.5604064e-05,4.047528e-07,2.2663903e-10,0.00010587912,4.7414127e-07,0.020285983,2.0577882e-06,1.01650954e-07,3.2752172e-07,3.398451e-05,5.867536e-05,0.000207297,1.4834936e-06,7.6250967e-07,9.7422095e-08,3.0801846e-05,1.3894835e-06,0.0019995093,2.182736e-06,1.3166739e-06,1.0308371e-05,5.8819554e-05,5.9931466e-07,5.9145164e-05,2.9986763e-06,7.296536e-08,1.9212832e-05,5.892572e-05,1.7232994e-08,4.800444e-05,6.689312e-05,8.910799e-06,1.6388046e-06,3.31469e-07,5.6424906e-06,3.2354253e-06,0.017372807,1.8246117e-05,3.214451e-05,3.506379e-05,5.301205e-05,1.9868355e-06,1.0100367e-05,6.301781e-07,1.1298212e-05,5.506864e-08,9.797906e-07,2.7602944e-05,2.3077924e-05,6.915815e-07,6.477022e-07,0.00034779345,4.0576194e-07,4.840567e-06,2.120069e-05,3.8047696e-05,4.8057836e-07,2.3121498e-05,8.804328e-05,2.124039e-10,2.1018144e-05,1.9048009e-06,2.120969e-05,9.637409e-06,8.9319155e-06,3.0921178e-06,6.9238136e-05,9.1124035e-05,5.6669094e-05,0.00022954981,8.0086094e-05,4.758716e-05,0.061300088,4.1778538e-05,1.1682014e-07,2.5042797e-07,2.7700848e-06,2.5500794e-08,0.00018297884,4.3774605e-08,9.9012155e-08,9.654221e-07,0.9978703,0.00015350031,9.079584e-06,6.348101e-08,6.124855e-05,4.1357984e-07,0.0003609942,4.1361534e-07,1.189184e-05
BC2026_Train_0057_S15_20250617_060000_050,1.3725817e-09,2.6275324e-05,1.4116539e-09,0.00011233506,7.0890716e-09,1.8591578e-10,1.23500214e-08,2.0777165e-08,1.2909519e-09,7.567042e-07,2.1521917e-06,2.6915718e-08,2.479714e-09,2.0401005e-08,1.0044134e-08,3.878888e-05,3.5473394e-10,4.551055e-09,1.8612849e-05,1.9887983e-07,1.8807547e-09,4.3467182e-05,1.8128169e-06,1.1649965e-06,3.0015315e-08,8.9349333e-10,3.0877447e-06,6.8776647e-09,2.048597e-06,3.4459358e-08,2.7843953e-07,3.3534052e-05,1.5719207e-06,3.93421e-05,2.1564342e-06,1.8175988e-05,0.9996306,0.90160096,4.186869e-07,2.2853199e-05,3.748218e-05,2.348953e-07,1.759801e-05,4.4259928e-06,6.141587e-10,4.6648463e-10,0.00017986877,8.781197e-06,2.4363878e-06,6.544149e-06,1.2967454e-06,1.2154226e-06,1.0959766e-06,8.859077e-07,2.2320197e-05,8.373282e-11,1.0567638e-05,2.7347663e-05,2.214866e-09,1.841763e-08,5.3623407e-06,2.581899e-10,7.54172e-08,7.902198e-06,1.1215166e-05,7.3367864e-06,2.6479636e-08,5.8295486e-11,4.285573e-10,1.2530886e-10,6.336928e-10,7.0297466e-09,1.6926424e-06,1.4404866e-06,9.133352e-05,4.462259e-06,1.0429076e-05,4.3676813e-05,1.1741634e-05,5.3853155e-06,1.98166e-06,6.286373e-07,3.864846e-06,8.368472e-08,3.3950502e-07,5.084737e-07,3.8891602e-07,3.1257336e-05,6.513529e-05,1.379215e-06,1.043263e-06,0.00011473846,1.1922973e-06,0.0009718386,0.0002480531,2.6184952e-07,1.2219251e-06,0.017844744,8.920721e-07,1.8377104e-05,0.99691975,2.2753133e-07,8.5168525e-05,7.252632e-05,1.5684702e-05,0.0003559213,5.450454e-05,1.2051048e-07,2.2856384e-06,0.00010335373,9.575591e-05,0.0001808209,5.505645e-07,0.00043710807,7.384081e-08,0.000580079,4.4975448e-05,1.310693e-05,1.17283065e-07,1.0285775e-05,3.767211e-06,0.0004032941,1.6407674e-05,0.00013218509,1.950575e-07,2.809575e-06,2.2885652e-06,0.0029005462,7.250543e-06,2.0687403e-06,9.137539e-06,4.7999347e-06,1.6803804e-06,2.3098927e-07,2.708335e-07,2.1936987e-08,0.0024542792,4.9816663e-05,2.769147e-06,0.00040380075,1.4735991e-07,0.009473758,1.5596686e-07,2.5616228e-05,8.1270606e-08,2.8573618e-10,0.0003483086,1.151394e-05,0.005150521,2.7158849e-06,3.633343e-08,7.673983e-06,2.606591e-06,3.763706e-05,0.0005463892,5.097539e-06,1.5422538e-05,3.6555426e-07,5.3715834e-05,4.588946e-05,0.0011622001,1.1932645e-05,2.3132245e-06,2.0557702e-05,0.00014223302,1.3112601e-07,0.00014224766,3.3539975e-06,1.6440612e-07,3.6099789e-06,7.390704e-05,3.298076e-07,0.00094615074,4.858051e-05,5.4664393e-05,3.021927e-06,1.05509315e-07,1.5194402e-05,1.8060275e-05,0.0025853578,2.330115e-05,0.000111318746,1.4422322e-05,0.00013197791,8.26182e-06,1.508446e-05,8.9470467e-07,4.642364e-05,3.7031462e-08,1.2775023e-06,1.2040255e-05,5.1373387e-05,1.5885644e-06,2.3007235e-06,7.152165e-05,8.1528e-07,6.2318964e-06,0.00011987192,4.0508956e-05,1.389693e-06,2.8483124e-05,4.941134e-06,5.4834637e-10,1.04423325e-05,9.892983e-06,2.202821e-05,1.969198e-06,1.3294441e-05,2.4210953e-05,8.609879e-05,0.00039026537,8.050961e-05,0.0006780008,5.288884e-05,0.00028633437,0.9247397,4.0829153e-05,6.142003e-08,5.6702984e-06,3.7821823e-07,2.4281317e-07,0.00022568043,3.510518e-08,1.4300375e-06,4.954833e-07,0.9984799,1.2277819e-05,2.9743728e-06,5.9524208e-08,1.6572623e-05,2.0385173e-06,0.00075354526,4.469898e-08,3.905795e-05
BC2026_Train_0057_S15_20250617_060000_055,2.8975506e-11,7.758289e-07,1.2819089e-11,6.0530234e-05,4.308774e-11,1.0414606e-12,2.9524914e-11,5.4798255e-10,1.2397724e-11,5.9459296e-08,2.1452797e-06,3.3013228e-10,1.1293731e-10,8.5252645e-11,1.2477963e-10,3.931399e-06,6.594395e-13,5.1151954e-11,1.7664277e-07,8.5032035e-09,3.653217e-12,9.973045e-07,4.8746532e-08,7.812841e-08,2.8184652e-10,1.3618391e-11,3.0763857e-07,5.2995724e-10,1.4164494e-06,1.3620691e-09,6.1902696e-08,3.4448436e-05,1.2048926e-06,1.5320291e-05,7.331454e-08,0.00010119274,0.9999908,0.054159425,2.9397402e-08,4.49447e-06,5.2076416e-07,8.4150935e-09,6.0209254e-07,2.6237171e-06,6.641684e-12,2.0814687e-12,4.6542405e-06,9.325039e-06,1.2651618e-07,1.963129e-07,2.0584011e-07,2.2159115e-07,3.3162387e-08,7.119971e-08,5.898572e-06,2.3213143e-13,5.3038975e-06,0.00010806007,3.144972e-12,1.2237573e-10,3.4005013e-06,2.903048e-12,7.647664e-09,5.014994e-07,4.200551e-07,6.9624036e-08,3.084287e-10,2.604543e-13,5.4326565e-12,1.6050052e-12,2.2643247e-10,1.08315745e-10,7.947477e-07,1.7986841e-07,2.7331864e-05,2.9227252e-07,8.114852e-06,1.3346893e-05,1.6736918e-07,1.3812233e-07,2.3006372e-07,8.054086e-08,2.0032138e-07,5.1223153e-10,8.760449e-09,4.5168818e-07,1.5166457e-07,5.333454e-06,2.288838e-05,5.481587e-07,1.8342035e-07,4.9195755e-06,3.7665205e-07,0.0018164961,2.9811868e-05,2.144734e-08,3.349965e-07,0.015015841,1.7795114e-07,3.7676846e-06,0.99996054,2.9684633e-09,2.1179383e-06,3.6524517e-07,2.504072e-07,1.2791975e-05,3.611141e-05,9.790675e-09,1.000307e-06,5.8658675e-06,2.4673716e-07,5.427051e-06,5.6240173e-09,4.841476e-06,9.62428e-09,2.1648744e-05,2.958395e-06,1.7649056e-07,3.6819962e-08,6.013144e-06,1.4122153e-07,8.7596845e-06,3.1167423e-07,3.9139166e-05,7.570378e-10,2.4702862e-07,1.3470074e-06,3.0900555e-05,1.5544758e-07,1.6384547e-07,6.956575e-07,4.487356e-06,8.179217e-08,2.1051775e-08,1.588441e-08,1.7946045e-09,0.00077320886,6.207263e-06,2.3588302e-07,1.4468693e-05,2.0287041e-08,0.00027125908,5.275675e-08,4.6432283e-06,8.8911917e-10,2.9182984e-12,2.1760061e-05,2.7528037e-07,0.047122292,1.9844634e-07,1.5347723e-09,1.4187773e-07,3.2659173e-06,3.4771406e-06,3.571472e-05,4.2225855e-07,1.669472e-07,1.6481863e-08,1.7589184e-06,1.9596217e-07,0.00038558195,8.190705e-07,1.0564343e-07,4.6234154e-06,2.578426e-05,9.549037e-09,3.2570646e-05,8.307013e-07,7.3767e-09,1.6665689e-06,7.409245e-06,1.4779002e-09,2.8945667e-06,1.7250366e-05,2.1871826e-06,8.108325e-08,2.494297e-08,7.18168e-07,2.1288306e-06,0.001774845,1.4876206e-06,6.8162944e-06,1.661717e-05,4.6455345e-05,2.8228914e-07,2.1624126e-06,8.0347526e-08,1.838971e-06,3.2970329e-09,6.235085e-08,4.703551e-06,4.793174e-06,3.4761175e-08,3.9914667e-08,6.199727e-05,1.2187086e-08,7.1207853e-07,1.5941995e-06,3.4462798e-06,5.5679735e-08,2.028412e-06,3.9885936e-06,1.4960928e-11,1.2192257e-06,9.762798e-07,4.1316457e-06,1.340093e-07,1.4169937e-07,2.2235142e-06,3.7576265e-06,0.0001271492,3.620382e-05,3.9313072e-05,1.30572525e-05,6.016861e-06,0.048095234,4.0342743e-06,4.673862e-09,4.718264e-08,4.882758e-08,8.735222e-09,8.765702e-06,3.2470686e-09,1.4102176e-08,6.445536e-08,0.9998864,1.3806633e-05,1.1078598e-06,7.2347124e-09,4.9201385e-06,9.936101e-08,0.00012892485,8.504534e-09,4.44988e-06
BC2026_Train_0060_S15_20250617_062700_000,1.0749615e-07,0.00029687752,2.432087e-08,0.0005992191,1.12761946e-07,4.7526214e-08,3.0885647e-07,6.050316e-07,2.4540984e-07,1.9500818e-05,0.0001230266,6.8969047e-07,3.9691966e-07,4.6583568e-07,2.502241e-07,0.00014770785,5.490356e-08,1.2336375e-06,3.307739e-05,1.3112469e-05,1.0675954e-07,3.0045048e-05,1.0732855e-05,2.6618809e-05,8.8920456e-07,4.5616765e-08,4.1061325e-05,1.9524375e-06,0.0001385357,6.36917e-06,2.4811456e-05,0.0017230109,0.00067462306,0.0001563779,1.7590728e-05,0.00018720728,0.99553126,0.13262418,1.828402e-05,0.0006626823,0.001031149,1.5195142e-05,1.2965144e-05,0.00015104467,7.668203e-08,8.957859e-08,0.0014331302,0.00073903083,0.00021674648,0.00075591577,6.510169e-06,3.577226e-06,1.1637096e-06,2.5238774e-05,0.0013162281,1.30105535e-08,0.00017790197,0.0017141814,2.988165e-08,3.0824913e-07,0.00022968074,6.66146e-09,4.884081e-06,1.0727902e-05,7.774927e-05,5.0548555e-05,1.2588414e-06,9.0174765e-09,3.414907e-07,4.204539e-08,2.0653503e-07,3.605189e-07,0.00018154494,1.4831351e-05,0.0014550976,1.7198048e-05,0.00031675686,0.0027962907,4.5605546e-05,0.0001181612,3.746142e-05,2.1282976e-05,0.00021515321,6.9201224e-07,4.136509e-05,4.8402202e-05,4.9357128e-05,0.00036086809,0.00032309748,0.00036843508,1.0916594e-05,0.000638396,4.5675268e-05,0.005603016,0.0012841197,6.4342305e-05,3.7818783e-05,0.9890246,0.00015559199,0.00038001873,0.9815052,3.2343178e-05,0.0003004089,0.00013407988,5.8841553e-05,0.0006861168,0.0004298888,4.5059318e-07,0.0001521109,0.00022373782,6.851578e-05,0.00014439611,6.4125525e-06,0.0011002597,2.9167517e-05,0.0063462546,0.00015029372,9.8073404e-05,1.0619567e-05,0.0006266124,8.7028915e-05,0.0011914275,0.00015378541,0.0051960163,2.535579e-06,0.00029829526,4.2174113e-05,0.00497621,9.545833e-05,0.00019979771,0.00034941096,8.497092e-05,3.6776026e-05,9.852512e-05,5.245927e-05,1.5401358e-06,0.004656268,0.0014679024,0.00015934966,0.011456169,3.9339e-06,0.025223771,6.780952e-06,0.0009330649,1.6663195e-06,2.288699e-08,8.736101e-05,0.00016828506,0.10967147,3.127615e-05,2.3003506e-06,4.9482634e-05,0.00013055748,0.00011763383,0.021653434,0.00022186819,0.00015348847,7.50263e-05,0.0006282829,0.00028686255,0.0584948,0.00030189301,0.00013116405,0.003175548,0.00131738,1.2585563e-05,0.00095264,0.00012361421,4.468008e-06,0.00017022018,0.00018863029,3.325508e-05,0.00016182933,0.000101965416,0.00185147,5.2189625e-05,3.719391e-05,7.3949544e-05,0.00096595415,0.0048628836,0.0011187423,0.0024582082,0.0008231162,0.0014654421,0.0004265143,0.00027913507,1.2190338e-06,0.0003501072,2.3524349e-06,7.4909345e-05,0.0018722622,0.00043753788,1.4668841e-05,1.7332008e-05,0.0044070743,1.0564878e-05,0.00031476698,0.000112679874,0.0010583805,8.587625e-05,9.179462e-05,3.429242e-05,2.5378088e-07,0.00027245292,0.0006381028,0.0009551339,3.548471e-05,2.4485873e-05,0.000120574536,3.4885787e-05,0.0066011534,0.003754982,0.0022115454,0.0012396962,0.0006291224,0.2593273,0.00041640198,3.794497e-05,5.6277033e-05,2.0547763e-05,4.216861e-06,7.382378e-05,3.2571368e-06,0.00016234646,4.417576e-06,0.98787296,0.0010118652,7.8514444e-05,1.622645e-06,0.0011007845,8.5022875e-05,0.0069652633,6.2100185e-07,0.00032118228
BC2026_Train_0060_S15_20250617_062700_005,6.1600915e-09,0.00087512075,2.0395053e-08,0.0011806182,2.1886414e-08,4.908968e-09,8.545623e-09,3.0052842e-08,1.7252496e-08,3.0038342e-05,2.259441e-05,1.4116902e-07,1.57137e-08,2.9288488e-08,5.7591254e-08,0.000120360426,1.2774873e-09,9.406306e-08,2.5559613e-05,9.55917e-07,3.2052876e-09,6.22011e-05,1.3529229e-06,2.5017284e-06,1.6961977e-07,3.9262043e-09,1.1221595e-05,1.7348587e-08,4.620025e-05,1.6647137e-06,4.8557786e-06,0.0003259513,0.0007588114,9.398219e-05,1.1680442e-05,0.00021743492,0.9993936,0.14659199,1.3983185e-05,0.00029326012,0.00019447073,8.529996e-06,1.4581099e-05,5.506527e-05,2.1588813e-08,8.565467e-09,0.0055838428,0.0054308795,0.0005675263,0.0001578057,4.251917e-06,6.0858692e-06,2.8446348e-06,5.098259e-06,0.0004583627,6.868576e-10,0.0015409471,0.0006468845,2.0562414e-09,3.2408952e-08,0.00031122798,1.9439754e-09,7.453706e-07,9.953947e-06,3.9616934e-05,1.0979385e-05,4.0138553e-07,8.048902e-10,1.0665473e-07,1.4846676e-08,2.7696838e-09,1.7863206e-08,2.7361697e-05,2.4284347e-05,0.00051942666,4.610298e-06,3.7839025e-05,0.0021401432,3.1805357e-06,2.0986858e-05,1.7742357e-05,5.898251e-06,2.0595631e-05,1.7901499e-07,2.7186707e-06,5.9201507e-06,1.8349625e-06,5.3867476e-05,0.00018682725,9.082093e-05,3.814639e-06,4.4977165e-05,0.00021123842,0.029624285,0.00027139127,3.206836e-05,7.176987e-05,0.86983114,5.3205717e-05,0.00011521857,0.9978046,4.4365743e-06,0.0008832284,8.232969e-05,3.508657e-05,0.0006215211,5.879668e-05,9.847394e-07,2.1383601e-05,5.7350386e-05,2.182278e-05,3.890825e-05,9.656993e-07,0.00021240763,1.1857804e-06,0.0006677525,0.000106518004,0.0002260698,5.3057875e-07,9.240351e-05,4.5870165e-05,0.0002904437,7.567869e-05,0.0010340046,2.6066925e-07,0.00019021226,0.00013704758,0.0005389128,1.2871328e-06,2.1603579e-05,8.569758e-05,0.00019871914,1.3079585e-05,1.4962163e-05,1.6135118e-05,2.6656292e-07,0.0015710517,0.00024075693,1.1137456e-05,0.0008445401,1.966974e-06,0.0021218574,4.7457738e-07,0.0005488717,2.1068502e-06,1.4968994e-09,2.7560096e-05,2.1750184e-05,0.06320525,3.100638e-05,6.8879524e-07,2.8609e-05,1.5313923e-05,8.670563e-06,0.0020847358,1.6085616e-05,4.1403804e-05,5.7225316e-06,0.00029342514,1.3411698e-05,0.79123104,0.00012686386,7.20672e-06,7.7677534e-05,0.0004656115,8.251127e-06,5.015515e-05,1.4734724e-05,2.1391826e-07,0.000118259035,9.205953e-05,3.108065e-06,0.00011885776,5.8529055e-05,0.0008649769,6.2968766e-06,2.4445953e-05,2.7110895e-05,2.812945e-05,0.0012145899,6.928755e-05,3.1837237e-05,0.00025979476,0.00014522763,0.000105050036,0.00025947372,1.11861475e-07,8.725311e-05,6.091806e-07,6.686305e-06,0.00017852185,0.00014985341,1.6345719e-05,9.080907e-06,0.00036715704,1.2836587e-06,4.0340336e-05,5.395086e-05,0.00024777235,1.3218008e-05,2.7346211e-06,2.259497e-05,1.7198843e-08,4.880991e-05,3.2434295e-05,0.00018023497,5.1989835e-05,7.988495e-06,1.406552e-05,9.170259e-06,0.0015489124,0.0014794504,0.0003061041,9.038703e-05,0.00032691853,0.34313142,7.568028e-05,3.7547143e-06,7.4360446e-06,1.1718187e-05,6.7766007e-07,5.3049673e-05,1.0872195e-06,1.6903059e-05,4.5613046e-06,0.9978225,1.0659045e-05,2.2534741e-05,1.3442481e-05,0.00017362094,1.7347302e-05,0.002134961,2.8903523e-07,1.8911292e-05
BC2026_Train_0060_S15_20250617_062700_010,1.39528875e-11,8.911419e-07,8.07137e-12,1.2418055e-05,5.1224403e-11,6.373967e-12,3.7769423e-11,7.2568207e-10,6.253381e-11,4.3734797e-08,3.5461426e-07,1.6226535e-10,1.2902103e-10,3.7507032e-11,6.4717866e-12,4.888134e-08,8.770163e-13,1.1820164e-10,2.2123811e-07,1.3272478e-08,5.653111e-12,1.2349884e-07,1.0242882e-08,1.2254473e-08,8.259708e-11,3.320916e-12,5.5798164e-08,2.9186282e-11,3.7720955e-08,6.6451653e-09,2.4199396e-09,1.4517846e-06,1.7925217e-05,6.4363763e-07,2.011178e-08,9.1129726e-07,0.99966276,0.00083155354,8.711761e-09,2.5156185e-05,8.9873265e-06,3.5838956e-09,1.8001282e-08,1.8010545e-07,2.0308224e-11,9.7845e-12,1.2903988e-05,2.3842016e-05,9.908144e-07,1.1213625e-05,1.43967025e-08,1.0534358e-08,8.880921e-10,8.0140595e-08,1.5944692e-05,2.689656e-13,6.4085534e-06,1.7084309e-05,6.281803e-13,1.9043564e-11,1.920678e-06,5.3934643e-12,2.056462e-08,1.4802924e-07,9.1910266e-07,4.603902e-09,1.8438815e-09,4.632147e-14,3.397404e-10,1.6834022e-11,5.8167837e-12,1.780182e-11,2.7807973e-05,2.161327e-07,8.591356e-06,1.4976732e-07,1.8190849e-05,0.00030087898,2.4070053e-08,4.80004e-07,1.279092e-06,1.0959307e-06,8.736473e-07,3.9358217e-10,1.7824645e-08,1.0536497e-06,3.5685885e-06,0.00026230884,6.0490283e-06,7.915918e-06,4.4759215e-08,1.6052218e-06,3.736903e-06,0.0058179377,0.00019662647,2.9584297e-07,4.60938e-05,0.9958687,5.2784253e-06,1.5252649e-05,0.99914026,4.4302684e-08,3.542976e-06,3.0826615e-07,6.6307155e-07,5.7799953e-05,5.6886158e-05,6.6172388e-09,3.0674933e-06,2.5109475e-06,3.9305712e-07,3.201906e-06,1.3464786e-08,7.993281e-05,1.1271678e-07,0.0001681511,3.0706838e-06,4.349515e-06,1.2616928e-07,9.430071e-05,2.5471347e-06,0.00013407298,1.3481678e-06,0.0002195896,6.6069067e-10,5.4323387e-05,4.680944e-06,2.2618793e-05,8.6852694e-08,7.2066535e-07,1.4305749e-06,4.5711463e-06,3.6030274e-06,2.5587017e-06,2.3395428e-07,6.788287e-09,1.2479385e-05,1.027305e-05,2.1221182e-07,7.910952e-05,1.4934493e-08,0.026014615,1.0742011e-07,4.2024523e-05,2.4498898e-09,1.1368737e-12,1.6931672e-06,8.7816466e-07,0.8647923,2.8971192e-07,1.10676616e-07,1.5472672e-06,1.8578341e-06,4.972423e-06,0.0005889497,2.3779005e-06,1.3117898e-05,2.39362e-06,3.8455073e-06,9.902157e-07,0.00045281695,5.9981094e-06,6.7390914e-07,6.208536e-05,0.00034303547,1.02261964e-07,0.0006689462,1.1206453e-06,7.4815e-09,5.944619e-06,4.0930945e-06,1.7137738e-08,1.487761e-06,5.3087484e-07,4.72264e-05,1.2618518e-07,3.1726017e-06,9.514006e-07,6.2046536e-05,3.7348414e-05,1.371519e-05,1.6289214e-06,7.95212e-05,4.6697507e-05,2.2171356e-05,4.947933e-05,6.808489e-09,3.043465e-06,2.429712e-09,1.5371232e-07,2.920573e-05,5.8003036e-05,2.2783446e-07,6.966814e-08,0.0004527429,4.3104905e-08,1.5144291e-05,3.430369e-07,1.0816187e-05,3.4920836e-07,1.7826401e-06,4.0551205e-07,3.3143686e-11,2.7756112e-06,6.9930857e-06,1.9751844e-05,3.0229856e-07,3.283059e-08,3.4831942e-06,6.23791e-07,0.0013407564,4.445354e-06,0.00015867662,3.4427914e-05,1.0929205e-06,0.00021629973,1.463839e-05,1.4728923e-07,3.3590504e-07,2.935807e-07,1.3325281e-07,7.739777e-07,3.4933457e-08,6.291009e-07,3.2592816e-08,0.9996723,8.935426e-06,6.6001066e-06,5.6309858e-08,3.6780762e-05,8.9892205e-07,0.00035274602,7.465659e-10,8.5876945e-06
BC2026_Train_0060_S15_20250617_062700_015,3.460984e-10,7.03194e-06,9.529401e-10,7.550863e-05,3.019513e-10,8.144505e-11,8.237073e-10,3.782757e-09,4.0280124e-10,9.920246e-07,1.9849285e-06,1.9619904e-08,1.1445034e-09,6.2580496e-10,2.7522165e-09,3.819313e-06,1.8495754e-11,7.8294216e-10,9.169376e-07,4.4112298e-08,1.06443424e-10,9.858727e-07,1.9616505e-07,5.3321436e-08,3.5690995e-09,4.568593e-11,2.499603e-07,1.378548e-09,9.271286e-06,6.227194e-08,1.2744938e-07,5.0944116e-05,8.9043555e-05,1.0669236e-05,2.9044443e-07,4.3702854e-05,0.9976955,0.0016812201,1.0351798e-06,8.0755664e-05,8.856933e-06,3.7795854e-08,3.3109114e-07,1.6343878e-05,8.269959e-10,2.04681e-10,0.00020126672,0.0008710838,6.8765653e-06,8.881512e-06,2.7409135e-07,5.1425154e-08,1.541271e-08,6.7164115e-07,3.237061e-05,1.4028407e-11,0.00035324862,1.1430932e-05,8.9220034e-11,1.0863629e-09,3.0130925e-06,1.6768914e-10,1.09275845e-07,4.0624093e-07,1.7692633e-06,1.157385e-07,1.8287762e-08,5.4689404e-12,4.2760647e-08,2.3258797e-09,8.6200265e-09,2.3903737e-09,8.198254e-05,7.799366e-06,0.0003523442,5.704213e-06,0.00011897298,0.0012058693,6.192962e-07,2.2004466e-05,1.7226315e-05,4.1249646e-06,1.418311e-05,1.8595992e-08,2.5467094e-07,3.7359016e-06,3.2341882e-06,7.722236e-05,8.5749976e-05,5.7368386e-05,2.4079128e-07,3.0043786e-05,0.00016634683,0.13622974,0.0013563326,2.0866682e-06,0.00011869444,0.6687322,9.879274e-06,0.00027092022,0.99448806,1.0896512e-07,3.061507e-05,4.4095614e-06,1.8578199e-06,9.443325e-05,0.00012242357,9.541631e-08,1.2262373e-05,1.0783497e-05,2.2701774e-06,2.011492e-05,2.2725378e-07,0.00020997638,4.677351e-07,0.0003629461,1.9149396e-05,7.7434655e-05,3.908226e-06,6.151037e-05,5.685823e-06,5.2973643e-05,4.903678e-06,0.0013106338,2.3323356e-08,2.5605188e-05,4.371615e-05,0.0011788602,1.0088429e-06,1.6855476e-05,3.1730542e-05,4.137503e-05,9.51607e-06,1.9545987e-06,5.483156e-07,5.738183e-08,0.0001708244,5.6927885e-05,3.842113e-06,5.034823e-05,6.105153e-07,0.0007276547,3.500257e-06,4.768601e-05,4.6127028e-08,2.5081617e-11,1.0534945e-05,2.6578045e-05,0.88789016,3.7361476e-06,2.8249676e-07,7.909701e-06,5.9948325e-05,5.431039e-05,0.000830371,2.0819669e-05,2.0657279e-05,2.316439e-06,1.5175504e-05,2.6594651e-05,0.021227079,1.3977719e-05,5.636752e-06,9.648292e-05,0.00048696253,3.4044244e-06,0.00052647205,4.202385e-06,1.616752e-07,6.1731254e-05,1.3441762e-05,7.1452746e-07,1.1385813e-05,1.327036e-05,0.00013982234,7.2560795e-07,5.313765e-06,1.0169299e-05,7.2776216e-05,0.0011790387,6.789697e-05,1.984277e-05,8.863548e-05,0.0004902278,4.325588e-05,0.0002538481,9.094552e-08,3.216484e-05,1.2004409e-07,5.9287504e-07,0.0003684089,0.00048135026,4.9755677e-06,1.1511165e-06,0.00025897002,2.8917475e-07,8.958762e-06,7.7827e-06,0.00034488985,5.1959673e-06,3.3896774e-06,4.7553967e-06,1.3485185e-09,3.213366e-05,2.7707278e-05,0.00044956306,1.4245371e-05,1.9539893e-06,3.9877526e-05,4.8748716e-06,0.00033656976,0.00016893104,0.00019328228,0.000117193704,1.0654635e-05,0.015374679,6.767758e-05,2.1178896e-06,1.1009882e-06,5.74081e-06,1.9157886e-07,2.5574951e-05,5.995445e-07,2.6718267e-06,4.7850035e-06,0.99793184,2.6831745e-05,7.612631e-06,1.8977187e-06,0.00019519209,1.7053071e-05,0.001755175,1.0715429e-07,3.7504702e-05
BC2026_Train_0060_S15_20250617_062700_020,1.7495696e-08,4.9944098e-05,3.5564682e-08,0.00074061006,5.3678075e-08,9.545705e-09,1.1954057e-08,1.4721496e-07,2.632835e-08,5.596168e-06,3.453462e-05,1.0423495e-07,8.166685e-08,2.4169378e-08,1.1551343e-07,2.574384e-05,1.1004504e-09,3.710053e-08,3.1593502e-06,1.0517884e-06,8.9797e-09,2.6341182e-05,3.4467728e-06,4.8717484e-06,1.1991605e-07,4.0194035e-09,8.081259e-05,3.0684362e-07,1.7703414e-05,2.5002234e-06,4.1324342e-06,0.0002464931,9.173223e-05,3.301597e-05,1.4104999e-05,7.309546e-05,0.98556954,0.08771303,6.585934e-06,0.00019966839,9.357379e-05,1.1662772e-06,4.4356977e-05,4.715903e-05,1.9381748e-08,4.3351247e-09,0.0003058798,0.00051049655,1.6859078e-05,2.3996605e-05,2.79347e-05,1.5767291e-05,5.598549e-06,1.09524135e-05,3.4936988e-05,4.037381e-10,0.0004354956,0.000461471,1.2425463e-08,2.830647e-07,0.00015601999,4.2480415e-09,1.2484829e-06,8.534137e-06,1.5159331e-05,6.7670558e-06,4.4717144e-08,6.165789e-10,1.8927173e-08,3.828801e-08,3.3387926e-07,1.5593935e-07,0.000101707876,2.0974896e-05,0.00046608216,0.000118110176,0.0006899514,0.0004422412,1.9542893e-05,7.899795e-05,0.0002124917,1.914065e-05,5.084535e-05,3.7614416e-07,8.8977295e-06,5.714295e-05,5.298799e-05,0.0004601096,0.0013878774,4.2726973e-05,1.2903828e-05,0.00010846062,0.00011874064,0.012339592,0.0006268835,9.732987e-06,7.948019e-05,0.052385226,9.802665e-06,0.00020156267,0.9770348,1.15996845e-05,0.00065446703,5.0818784e-05,6.6755856e-05,0.00023572912,0.00095340546,9.593838e-07,8.5187945e-05,0.00013452953,0.0001263061,8.290765e-05,3.5068056e-06,0.0012806577,1.5472892e-06,0.0010503323,0.00021192353,4.5787347e-05,7.3116066e-06,9.234184e-05,1.697475e-05,0.00043752414,0.00022162782,0.0015558692,1.1232967e-06,4.1360043e-05,0.00012097461,0.008326729,1.0384009e-05,3.0761687e-05,9.978092e-05,5.0211773e-05,7.0682877e-06,5.680349e-06,1.4365149e-05,8.2525213e-07,0.0016590608,0.00035764065,8.139753e-05,0.00023395797,8.593273e-06,0.0093536675,4.1493335e-05,0.00017279566,1.0676072e-06,4.688308e-09,0.0009921995,1.5780333e-05,0.28587663,6.349361e-05,6.116469e-06,1.1137668e-05,8.0684e-05,0.00041790592,0.0011400942,5.0705414e-05,7.034048e-05,1.8220313e-05,0.0003159335,7.0120805e-05,0.0017269029,7.8791585e-05,2.841519e-05,0.00080975087,0.0015688138,3.396682e-05,0.00071209815,0.00014110692,4.991851e-06,0.0001280387,0.00015065588,1.3212839e-06,0.0001764555,0.00035260207,9.547053e-05,3.409285e-06,1.43387615e-05,5.2553252e-05,0.00025801797,0.0019674394,0.00086949,0.0001037023,0.0002793206,0.000693987,5.2172803e-05,0.00088052364,4.457121e-06,7.910771e-05,2.0334128e-06,7.377565e-06,0.0006658663,0.00057474535,1.3247892e-05,4.415474e-06,0.0015652955,5.7111206e-06,5.9576178e-05,0.00015901087,0.0002746968,2.2663142e-05,0.00016104059,0.0002115793,2.5820295e-08,0.0011260927,0.00014490716,0.0006582215,7.571146e-05,1.1890229e-05,3.217076e-05,0.000247414,0.0030051658,0.0006037707,0.00037708372,0.00047939687,0.0001494949,0.026421575,0.00023253799,6.9483867e-06,3.479292e-05,3.85008e-05,4.174862e-06,0.00033950902,1.8977205e-06,5.802833e-06,3.1131738e-05,0.9965358,0.00024582705,0.00023773455,1.4652917e-05,0.0004927983,4.245136e-05,0.0021725523,5.2155924e-06,0.00029630013
BC2026_Train_0060_S15_20250617_062700_025,4.281704e-12,3.6887034e-06,1.8372962e-12,2.2523076e-05,9.896324e-12,9.314997e-13,1.18540915e-11,9.690897e-11,9.642143e-12,8.929524e-08,2.55675e-07,5.7967287e-11,3.2619324e-11,1.071267e-11,5.629374e-12,1.042797e-07,4.9067955e-13,5.3588793e-11,4.3966896e-08,4.9260667e-09,2.0386455e-12,2.8133444e-08,3.8343324e-09,2.0236145e-08,1.1015333e-10,4.934049e-13,2.669297e-08,4.9756272e-11,1.4826801e-07,4.7619024e-09,1.183301e-08,3.8078456e-06,5.5839278e-06,1.727448e-07,2.0404313e-08,1.1405639e-06,0.99996746,0.0034145943,7.170597e-09,2.1800938e-06,5.9793024e-06,6.8138406e-09,2.6011342e-08,2.1463921e-07,3.9087735e-12,9.42257e-13,4.512818e-05,3.237802e-05,6.1747744e-07,7.822353e-06,2.345241e-08,4.226391e-09,1.5358385e-09,2.0505517e-08,6.490388e-06,1.428187e-14,7.0940314e-07,3.072267e-05,2.4857086e-13,1.0872429e-11,2.3843222e-06,4.124194e-14,1.1234247e-09,5.5326257e-08,2.0770012e-06,8.7491285e-09,2.3797503e-10,8.871722e-15,4.019407e-11,1.192311e-12,3.6567095e-12,8.22438e-12,3.0136296e-06,2.2547466e-08,1.3788184e-05,1.121867e-07,5.505411e-06,3.108614e-05,7.527173e-09,1.6006861e-07,6.647108e-08,9.6094084e-08,3.275014e-07,9.8509444e-11,1.1931164e-08,1.5797882e-07,1.1841447e-07,4.52388e-06,4.0857662e-06,1.1674467e-06,3.7501938e-08,1.5512813e-06,5.367168e-07,0.0061769662,4.7951353e-06,1.3177953e-07,1.1119859e-06,0.99986565,6.428457e-07,1.0962777e-06,0.9997532,2.073536e-08,2.0770847e-06,1.0763141e-06,2.6651588e-07,5.8173787e-06,5.7919633e-06,1.4483001e-10,1.5380412e-07,1.9651438e-06,5.0851934e-08,1.6268969e-07,5.116147e-09,8.274325e-06,5.2814517e-09,3.3200802e-05,1.7644493e-06,8.256418e-07,7.2557316e-09,5.944812e-06,5.588119e-07,9.942002e-06,7.1967435e-08,4.4647975e-05,3.4908046e-10,2.4168585e-06,2.8710394e-07,4.9182716e-05,1.0780702e-07,1.493863e-07,5.0434164e-07,9.4679734e-08,6.7693276e-07,6.8332234e-08,2.0731841e-08,2.0347009e-10,2.5466668e-05,4.0287496e-06,8.087983e-08,0.00021877499,2.9634795e-09,0.0064401864,5.4566223e-09,4.2393895e-06,2.4630353e-10,3.739271e-13,5.0381044e-07,9.3652574e-08,0.52790153,2.730003e-08,2.9640612e-09,8.602686e-08,2.0006534e-07,6.3318174e-07,0.00044945275,1.438998e-07,3.020542e-07,3.0706374e-07,3.1596965e-06,1.3066949e-07,0.0014240795,1.1031008e-06,2.4156938e-07,4.207449e-05,7.769893e-06,5.9148903e-08,1.2649909e-06,3.488795e-07,5.5057163e-09,2.8264634e-07,2.823015e-06,3.7253685e-09,2.1771841e-07,8.473246e-07,3.485836e-06,1.4276893e-07,6.442254e-08,4.338502e-08,2.422246e-06,0.000104042454,1.8202105e-06,2.6237594e-06,3.891319e-06,7.3246842e-06,1.6844958e-06,1.2829538e-06,5.9723615e-10,2.941137e-07,1.0801706e-09,9.1630675e-08,6.4271726e-06,4.3132763e-06,5.8243197e-09,3.3913203e-09,2.3376422e-05,3.417397e-09,6.765042e-07,2.4791885e-07,1.1233009e-05,1.9466705e-07,4.3562008e-07,4.0422358e-07,2.8944282e-12,2.8769207e-06,1.9046121e-06,2.6002867e-06,2.309415e-07,1.5941623e-08,2.3299262e-07,1.5214293e-07,0.00081264303,3.0238873e-06,3.6014906e-05,6.6021084e-06,1.5609097e-06,0.00025861445,3.4025616e-06,4.0386325e-08,3.2100917e-08,4.4403695e-08,5.6697274e-09,7.3135476e-07,1.5453059e-09,1.6438591e-07,3.2033562e-09,0.99981326,4.1205103e-06,2.9947017e-07,2.038081e-09,1.5818907e-05,4.4177426e-07,7.587444e-05,4.414617e-10,7.5315336e-07
BC2026_Train_0060_S15_20250617_062700_030,6.617961e-12,2.56011e-06,2.4096601e-12,1.9624751e-05,4.054362e-12,2.6452323e-12,4.194134e-12,1.4799192e-10,1.0059669e-11,6.7147084e-08,2.9646515e-07,1.7450552e-10,1.3771617e-11,3.0142406e-11,7.799321e-12,6.059815e-08,9.36352e-13,9.5351047e-11,3.527325e-07,1.729503e-08,2.4219396e-12,4.2447678e-07,1.0156002e-08,6.643341e-09,2.8218436e-10,3.963964e-12,1.515331e-08,1.1938187e-10,7.4501804e-07,1.9830212e-08,1.5255011e-08,1.631966e-05,0.00024780328,3.9698176e-07,1.6551642e-08,1.2544921e-06,0.9999707,0.019725323,2.4956723e-08,1.1881828e-05,3.2569933e-05,1.4414506e-08,5.409008e-09,1.0330438e-06,8.758248e-12,3.7831986e-12,0.00029986838,0.00024705403,2.309312e-06,7.285815e-05,2.1185587e-08,1.4984362e-09,4.890098e-10,9.653383e-09,6.442943e-05,1.2615449e-13,2.4888113e-06,1.1717036e-05,3.7777453e-13,1.3849799e-11,8.4590675e-07,3.4869395e-13,2.6099989e-09,6.934017e-08,6.763526e-07,9.287836e-09,1.0239635e-09,8.280739e-14,7.0538386e-10,8.069631e-12,4.9092974e-12,8.933085e-12,1.378833e-05,6.258916e-08,1.8369046e-05,1.1037179e-07,2.134027e-05,0.000194693,7.1789867e-09,4.349721e-07,1.4643084e-07,9.5617445e-08,3.0227434e-07,1.2164687e-10,3.227367e-08,4.3701155e-07,2.0879273e-07,3.9358483e-06,4.411648e-06,1.488169e-05,2.4439545e-08,2.2254405e-06,1.2731629e-06,0.00633253,0.00011039506,7.4307883e-07,1.4865527e-06,0.99993277,1.2827948e-06,5.098847e-06,0.9998242,6.9083237e-09,4.1754074e-06,5.8766454e-07,6.0899526e-07,2.8258296e-06,1.1778415e-06,7.6138784e-10,3.5686833e-07,5.3643174e-07,8.096179e-08,3.815556e-07,5.6310907e-09,2.5735864e-05,1.5809299e-08,2.8572602e-05,1.2548907e-06,5.922263e-07,6.950992e-08,2.9511886e-05,1.3232107e-05,1.5078274e-05,1.1604764e-07,0.000102799066,7.7609835e-10,3.670375e-06,2.5748943e-06,2.4909654e-05,1.6408283e-07,4.3230264e-07,1.0442864e-06,5.6558076e-07,3.206621e-06,7.477807e-07,4.592774e-08,1.1072255e-09,0.00019237767,7.393413e-06,1.41832e-07,6.1745624e-05,4.946752e-09,0.008642151,8.641806e-09,9.525186e-06,4.8952864e-10,3.2505633e-13,4.9389956e-07,5.2644623e-07,0.8603417,1.8815867e-07,4.733513e-09,1.518281e-07,2.542186e-07,6.814649e-07,0.0002627045,4.806343e-07,9.839011e-07,1.1794579e-06,1.2248909e-06,3.5721666e-07,0.0017454464,1.3594492e-06,3.909233e-07,7.507791e-05,2.0817386e-05,5.9302653e-08,2.641985e-05,1.5695704e-07,2.8885974e-09,5.412117e-07,6.238338e-07,1.3133196e-08,8.224002e-07,2.9027166e-07,8.979873e-06,1.4834792e-07,2.434861e-07,2.4994338e-07,8.082428e-06,0.0009176488,5.058328e-06,1.5476405e-06,5.451556e-05,5.812443e-06,1.7289295e-06,8.119877e-07,5.4591076e-10,7.2564393e-07,4.4244657e-09,4.284049e-08,2.1909695e-05,1.3004363e-05,8.189052e-08,6.7651498e-09,0.00021207171,1.3827086e-09,1.2875146e-06,2.6656951e-07,2.3975193e-05,2.5910188e-07,8.9161796e-07,4.8825722e-08,7.37638e-12,1.551095e-06,6.1716587e-06,8.76047e-06,2.5178028e-07,9.229616e-08,3.6566476e-07,1.842006e-07,0.00014483932,2.8564322e-05,2.8517154e-05,8.554109e-06,1.0569125e-06,0.0008756387,1.1963418e-06,4.2180012e-08,5.3016187e-08,4.5823885e-08,1.5727343e-08,1.9442625e-07,3.7438315e-09,4.4888696e-07,1.4823692e-09,0.9997998,7.3267597e-06,6.554203e-07,5.3485407e-09,1.5406706e-05,1.7256977e-07,0.0001430026,5.0982985e-10,6.7609915e-07
BC2026_Train_0060_S15_20250617_062700_035,3.0952736e-09,3.5635687e-05,2.8251514e-09,0.0015989268,4.258531e-09,1.0583917e-09,4.8171427e-09,1.3701186e-08,3.0553524e-09,1.0918156e-05,1.9872576e-05,1.3878035e-08,9.029163e-09,4.1640655e-09,2.7149478e-09,8.0415575e-06,3.0971856e-10,3.2501685e-08,4.2887154e-06,2.8045238e-07,1.3050088e-09,1.4857917e-06,2.8997394e-07,2.0750829e-06,6.0604135e-09,1.2295176e-10,1.2429194e-06,2.4788026e-08,5.514333e-06,3.208822e-07,1.0633091e-06,0.000111444926,5.1294082e-05,4.824998e-05,3.2156952e-06,2.0853131e-05,0.9996137,0.00831771,4.1131643e-06,2.360341e-05,7.4823176e-05,2.8263582e-07,2.66537e-06,2.2479364e-05,1.8032718e-09,2.0335147e-09,0.00025976702,0.0006262396,4.047795e-05,2.9552584e-05,1.5163928e-06,3.8929488e-07,1.465658e-07,2.5839001e-06,3.152773e-05,1.6403778e-11,0.00034701466,0.00036760446,7.7531086e-11,2.2662327e-08,2.8265165e-05,5.3773636e-10,2.8818144e-07,6.4581485e-07,4.047374e-05,1.5670921e-06,6.704227e-08,5.4876048e-11,6.947056e-08,7.089582e-10,2.7016878e-09,7.723494e-09,0.0005030351,6.4027263e-06,9.5252544e-05,5.325855e-06,0.00013542661,0.0018598533,1.1372728e-06,1.9854468e-05,7.816499e-06,7.697798e-06,0.00011577684,3.448685e-08,2.3472307e-07,8.967225e-06,3.3374854e-06,4.9234244e-05,0.00011659546,2.0870022e-05,4.6542308e-07,4.3799897e-05,0.00012347296,0.3057642,0.00034140385,1.1857276e-05,1.6912025e-05,0.9272216,1.2653235e-05,7.854553e-05,0.9989404,7.146522e-07,0.0001576822,2.9001985e-05,7.737896e-06,0.00043612104,0.00022919706,2.0616303e-08,3.0951694e-05,3.8097947e-05,2.9773414e-06,1.6659347e-05,4.5833326e-07,9.993155e-05,7.541107e-07,0.0008907117,0.00022540474,9.357798e-05,2.1480864e-06,8.044661e-05,2.6867234e-05,0.00067816133,1.6789765e-05,0.0017801159,2.6508438e-08,8.383151e-05,1.7228778e-05,0.00026923392,9.10288e-06,2.1386373e-05,3.167588e-05,1.4010697e-05,7.736962e-05,7.5893327e-06,2.0162768e-06,8.308466e-08,6.752395e-05,0.00038091114,1.1433025e-05,0.0014433819,2.485453e-06,0.001196977,2.8162467e-06,0.00010549283,6.109184e-08,5.4615135e-10,1.2669548e-05,1.6386251e-05,0.9153652,3.4894315e-06,3.639746e-07,5.2305504e-06,1.6940612e-05,5.8426476e-06,0.0036078964,0.00010034905,0.00014382295,1.3542302e-05,4.8708313e-05,1.328847e-06,0.01476638,4.9643095e-05,3.3300938e-05,0.00063367415,0.0009609167,5.551496e-06,0.0003176108,4.5959052e-05,3.0495238e-07,5.3984517e-05,5.2070212e-05,3.13766e-07,5.885272e-05,1.7300616e-05,0.000103290266,4.4555322e-06,3.4760058e-05,8.953912e-06,0.00014524967,0.00062163005,0.0002216443,2.47621e-05,0.00069145253,0.00023684493,0.00077597355,0.00036843892,2.2557647e-07,7.900955e-05,1.7367398e-07,8.173342e-06,0.0018167556,0.00021481971,1.1495661e-05,1.2685113e-06,0.00035817773,3.6407837e-07,4.332391e-05,2.2721832e-05,0.0001301694,5.924595e-06,9.996908e-06,1.2787047e-05,7.658874e-09,1.8134331e-05,7.178657e-05,0.00019675419,3.1484702e-05,1.2828339e-06,8.86731e-05,6.2813006e-06,0.00137557,0.00026370506,0.001033329,7.270159e-05,4.5737248e-05,0.032455165,0.00044535956,3.9931037e-06,5.559813e-07,5.6516515e-06,4.9459146e-07,2.7565355e-05,1.101441e-06,4.4177864e-06,1.3882834e-06,0.9951676,4.521377e-05,7.0782576e-06,2.0237474e-06,0.0001435718,6.0989423e-05,0.0019234237,3.25548e-07,6.456665e-05
BC2026_Train_0060_S15_20250617_062700_040,1.1877188e-09,0.00035503274,5.7049605e-09,0.00010250003,4.7785433e-09,1.6749646e-09,1.66771e-08,1.3443544e-07,5.189434e-09,1.592168e-06,8.936586e-06,2.8891005e-08,7.6891176e-08,3.562203e-09,2.097354e-08,5.490876e-06,3.76675e-10,4.4807456e-09,1.5040871e-06,3.1181216e-07,1.3989836e-09,1.4423863e-06,5.246084e-07,4.0035908e-07,5.7525273e-08,4.129799e-10,2.1927276e-06,2.5166377e-08,2.1786951e-05,6.625759e-07,5.2938793e-07,0.00010250668,0.00048047423,6.8853224e-05,2.1280532e-06,0.00036979385,0.99162066,0.0038053726,2.734947e-06,0.00078326295,2.7772116e-05,1.5114623e-06,3.3383035e-06,2.1252796e-05,2.0814324e-09,2.4449276e-09,0.00016177763,0.00049951294,7.3320302e-06,1.529254e-05,7.5342774e-07,5.1033726e-07,1.4549832e-07,1.2758295e-06,0.00036973992,2.486699e-10,0.00068603444,8.963479e-05,3.1979228e-09,2.611976e-09,7.5079574e-06,4.1774304e-09,2.8130822e-07,1.7844717e-06,6.3027223e-06,2.6261803e-06,2.3846916e-08,9.539361e-11,7.803726e-08,1.2463157e-08,1.11780825e-08,7.1809034e-09,5.0329792e-05,2.1190059e-05,0.00084629026,1.2333974e-05,3.4181638e-05,0.0012661266,2.9934502e-06,1.9024e-05,1.4486337e-05,9.853127e-06,3.9967716e-05,1.2946667e-07,1.3372783e-06,4.0867406e-05,1.2826068e-05,0.00036721074,0.00020507963,7.942412e-05,1.1744854e-06,9.539708e-05,9.68717e-05,0.010323402,0.003285207,2.1765206e-06,6.171436e-05,0.78529006,1.0562944e-05,0.0006545185,0.9691228,2.7611356e-06,7.430702e-05,1.2636799e-05,1.1772367e-05,0.00051927345,0.0005421372,1.5833054e-06,1.5388072e-05,3.816111e-05,7.030607e-06,9.7490636e-05,1.69418e-06,0.0005051226,5.807018e-06,0.0010622371,9.829004e-05,0.00075110805,9.757166e-07,5.431427e-05,1.383621e-05,0.000253634,3.548035e-05,0.0012161795,1.0235582e-07,6.192046e-05,9.141951e-05,0.000887194,3.1066484e-06,6.0112165e-05,6.5879845e-05,3.913871e-05,1.4540858e-05,5.1434954e-06,4.937394e-06,2.4494267e-07,0.00095311616,0.00028112667,2.2943563e-05,0.0006679418,2.9890094e-07,0.0007194161,2.2056952e-06,0.00030322798,2.30787e-06,7.70429e-10,3.0456304e-05,8.203424e-05,0.42911616,1.9931374e-05,1.0220967e-06,1.3818462e-05,3.6789286e-05,9.505448e-05,0.0021721066,1.0616266e-05,5.892033e-05,1.328306e-05,7.0098875e-05,9.9367404e-05,0.017422164,4.381009e-05,1.8634784e-05,0.00031767075,0.000182206,8.915602e-06,0.0017703393,8.880132e-06,1.8903172e-07,0.00030368855,5.987348e-05,2.4441958e-06,0.000110762325,1.7667473e-05,0.00036219775,2.736434e-06,1.2037994e-05,2.8981221e-05,0.00026028222,0.00071154867,0.000100338424,2.2471197e-05,0.00029135283,0.00015479466,0.00013035658,8.5215324e-05,2.1449044e-07,6.522398e-05,5.735162e-07,5.3881868e-06,0.00012081967,0.00055640563,3.1844813e-06,4.783917e-06,0.0013725196,7.212704e-07,0.00010502189,3.3228484e-05,0.0005766217,1.579033e-05,8.473015e-06,1.4681591e-05,6.496619e-09,5.0132916e-05,0.00011706637,0.00021888452,1.9122113e-05,1.3146515e-05,3.1873842e-05,7.1655054e-06,0.0014254276,0.00045709955,0.0002704946,0.00053995784,8.807099e-05,0.0586458,0.00011458058,4.573998e-06,8.247421e-06,6.808901e-06,1.7489743e-06,2.372236e-05,5.8099927e-06,4.0215313e-05,2.8111992e-06,0.9983821,0.0001099536,2.1554271e-05,2.5377174e-06,0.0002338215,3.1907904e-05,0.00176052,2.2508435e-07,5.6259916e-05
BC2026_Train_0060_S15_20250617_062700_045,1.9459192e-09,6.488941e-05,7.820456e-09,0.0001552039,3.7173333e-09,2.3346487e-09,2.3770659e-09,6.628421e-08,3.3163083e-08,1.4191768e-06,1.5345689e-06,2.296211e-08,1.7246146e-08,4.1642325e-09,2.5329337e-08,2.165558e-05,3.0338704e-10,1.42875525e-08,4.703044e-07,5.613056e-07,2.3195224e-09,7.4515347e-06,6.5356215e-07,4.2865503e-07,3.1059617e-08,1.2730386e-09,3.085959e-05,3.7398294e-08,1.0867265e-05,4.6583475e-07,3.5125822e-07,4.1245108e-05,0.000121529134,1.0867295e-05,1.2067187e-06,0.00013509064,0.9853424,0.024895048,3.845892e-06,0.00011445675,2.0720572e-05,4.511913e-07,3.0279302e-06,2.993805e-05,3.1688574e-09,2.2269515e-09,0.00015484219,0.0004322337,3.317124e-05,1.4435339e-05,1.0182031e-06,1.6811128e-06,4.914146e-07,3.1094937e-06,7.285413e-05,6.631421e-11,0.00020289968,0.000527202,1.5143776e-08,2.7115338e-08,4.3906915e-05,7.0574585e-10,7.043613e-07,2.4308292e-06,4.6178625e-06,4.3086618e-07,4.083301e-08,1.1066845e-10,6.281253e-09,1.3713656e-08,1.8080046e-08,2.2394115e-08,4.6160043e-05,4.911887e-06,0.00019904606,1.0475197e-05,8.342186e-05,0.000569925,6.340915e-06,1.1274812e-05,4.458182e-05,1.92383e-05,3.781403e-05,1.4796403e-07,6.365842e-06,2.3552371e-05,1.9268266e-05,0.00027975504,0.00021221815,2.829904e-05,5.08189e-06,1.8159044e-05,0.0005322976,0.011189948,0.00058265537,1.4229987e-05,0.0001560252,0.4182914,9.765846e-06,0.00015783338,0.86289245,8.718423e-06,0.00025309215,9.662275e-06,4.4224307e-05,0.0006054657,0.0010181483,3.092653e-07,1.3688456e-05,3.791506e-05,1.6550684e-05,6.03709e-05,5.040834e-07,0.00068099,2.1385288e-06,0.0012041694,0.000121819896,7.649261e-05,1.8632157e-06,8.982544e-05,7.5026037e-06,0.00018592343,5.7531426e-05,0.0009179276,1.5914272e-07,0.00011346806,4.5055207e-05,0.00197145,1.2081005e-06,5.1953775e-06,1.4982554e-05,6.155737e-05,8.261568e-06,6.493595e-06,7.081647e-06,1.1145954e-06,0.0001882632,0.00015901298,1.0258278e-05,0.00022620909,2.903425e-06,0.0047311704,8.363377e-06,0.00022706718,5.24785e-07,1.6359146e-09,3.7723403e-05,3.3176715e-05,0.05368981,1.9784215e-05,2.3797356e-06,9.449484e-06,2.9182902e-05,0.00023342099,0.00731525,2.1146738e-05,3.560304e-05,2.0686375e-05,0.000108982196,2.121839e-05,0.03931883,0.00015543494,1.8002873e-05,0.00019203094,0.0006360994,1.2150458e-05,0.00010364408,0.00011738876,8.468447e-07,0.00022440737,0.00027588132,3.8087612e-06,1.4482911e-05,7.238179e-05,0.0003938154,8.673794e-07,2.0245358e-05,1.7301803e-05,0.00037629067,0.0003518796,0.00015647364,4.215887e-05,0.00019635576,0.0005312894,0.000100977966,0.002678535,3.8729266e-07,4.34819e-05,9.59146e-07,7.1536188e-06,0.00011626241,0.0005737386,6.171235e-06,9.4498355e-06,0.0008987765,3.8437215e-06,5.0188308e-05,7.411079e-05,0.00015934784,1.7300861e-05,2.2024074e-05,7.975571e-05,1.4497831e-08,0.00013315387,5.261769e-05,0.00037078917,2.943628e-05,6.419344e-06,6.3577456e-05,3.114991e-05,0.013143444,0.00019133204,0.0009693298,0.00033053567,0.000144201,0.036141157,0.00014211332,2.7956444e-06,1.5354386e-05,8.5215e-06,7.4932194e-07,2.1314641e-05,2.118815e-06,2.095744e-05,2.0187828e-05,0.99854773,2.4192628e-05,0.00031208637,2.445619e-05,0.0004015132,0.00010926085,0.0043695746,2.8884594e-07,3.1119536e-05
BC2026_Train_0060_S15_20250617_062700_050,3.802953e-10,6.007916e-06,3.5494982e-10,2.1975757e-05,1.2778797e-09,8.623241e-11,2.474912e-10,8.576191e-09,1.0386869e-09,9.69529e-07,5.5649066e-06,3.667143e-09,2.5404416e-09,7.226902e-10,4.3836806e-10,5.279035e-06,1.2592198e-10,2.9928295e-09,2.0844982e-06,1.4793228e-07,5.5224464e-10,9.027167e-07,4.9379313e-08,5.3654946e-07,2.7003844e-09,2.919001e-11,2.0987206e-06,2.338397e-09,1.6903759e-06,3.1715865e-07,4.2068088e-08,1.5042167e-05,2.4059e-05,5.105396e-06,2.7695936e-07,7.394844e-06,0.9997956,0.037617747,5.6150964e-07,6.9243542e-06,2.1479724e-05,1.10664814e-07,2.200106e-07,1.2891498e-06,3.7842557e-10,1.0242032e-10,0.00022136573,4.3076485e-05,1.5933809e-05,2.2805323e-05,7.504012e-08,5.508481e-08,2.091075e-08,6.270972e-07,8.385251e-06,8.318835e-12,6.4467245e-06,0.00034152204,1.5812358e-10,4.008448e-09,0.00021445278,4.3065373e-12,6.73739e-08,2.9359999e-06,3.3071527e-05,2.5848757e-07,6.888721e-08,4.1192614e-12,1.038174e-09,4.0974657e-10,3.6343702e-11,1.2321122e-09,1.2048675e-05,3.7857478e-07,3.4883185e-05,6.901497e-07,8.000022e-06,0.00020146043,2.1315985e-07,1.0430512e-06,6.4584134e-07,1.6834327e-06,4.651183e-06,3.2224756e-09,6.852239e-07,1.5434765e-06,2.3984846e-06,1.5257829e-05,1.1110191e-05,1.443867e-05,8.877125e-07,1.3303039e-06,3.4268556e-05,0.010383364,1.5072309e-05,5.186971e-06,2.38871e-06,0.9985067,7.989021e-06,1.0843599e-05,0.99854773,1.5939303e-06,2.0432299e-05,1.6803524e-05,3.3162985e-05,6.303769e-05,3.851483e-05,1.8437557e-08,1.6295553e-06,1.4472901e-05,6.144433e-07,1.6554837e-06,6.456302e-08,2.7370625e-05,3.0993874e-07,0.00021213196,1.5361167e-05,2.0614987e-05,3.026666e-08,2.8230605e-05,1.2396557e-06,3.6774974e-05,1.7725008e-06,0.00019699203,2.5977677e-08,2.4352323e-05,1.0970184e-05,9.45494e-05,3.6432016e-07,9.477057e-07,2.4530668e-06,9.2049567e-07,9.333145e-06,5.943367e-06,2.760367e-06,1.4399012e-07,0.00088495994,2.2666341e-05,6.428555e-07,0.006164617,1.7777609e-07,0.01097776,5.0369074e-08,4.4300035e-05,1.2425653e-08,8.0348624e-11,4.2048982e-06,4.4941004e-07,0.02103086,3.080963e-07,5.6264337e-08,1.3488983e-06,1.0037547e-06,1.7795112e-06,0.0018937801,1.4932706e-06,3.910142e-06,3.364993e-06,7.0946095e-05,1.5604571e-06,0.48441753,3.5391742e-05,5.055425e-06,5.315734e-05,4.0580333e-05,1.1847326e-06,9.9904755e-06,5.3491017e-06,4.7885546e-08,4.818767e-06,2.8704051e-05,1.6188703e-07,2.3448374e-06,6.572185e-05,5.2314193e-05,1.2133344e-06,7.447631e-07,8.9146147e-07,1.0960323e-05,0.0017238552,8.058677e-06,2.1194264e-05,1.4888618e-05,2.8216204e-05,1.3342439e-05,0.000103804814,1.43354875e-08,6.641381e-06,8.263533e-08,2.2559225e-06,1.1870763e-05,2.686967e-05,3.4193457e-07,4.3128674e-07,0.0001194356,1.14194556e-07,9.6408385e-06,3.2037753e-06,1.0976274e-05,1.510523e-05,1.881651e-06,5.4635634e-06,5.06149e-10,3.668135e-05,2.445002e-06,1.40495795e-05,3.0709616e-06,6.729106e-07,2.6532775e-06,2.993847e-06,0.0047590877,2.2006941e-05,0.0009741246,8.488116e-06,6.333269e-05,0.035981223,8.662784e-05,1.0615663e-06,9.575439e-07,1.9859128e-06,6.5574234e-08,4.9566e-06,2.7586136e-08,8.183372e-06,3.1841913e-07,0.9994342,5.028431e-06,5.7896223e-06,9.2315524e-08,6.044579e-05,2.1843038e-05,0.0005170206,4.2665635e-09,2.148113e-06
BC2026_Train_0060_S15_20250617_062700_055,1.8102579e-08,1.1232484e-05,7.981179e-10,0.00011367307,9.0870405e-09,2.1014857e-09,4.3718345e-09,3.9089674e-08,1.2780973e-08,8.005402e-06,2.4289154e-06,1.905188e-08,2.1819226e-08,7.867794e-09,2.9883347e-09,1.8944378e-05,3.581934e-09,2.1685796e-08,3.1923778e-06,1.1610302e-06,6.4594277e-09,5.605435e-06,1.4735572e-06,6.58553e-07,6.6513316e-08,8.998659e-10,5.5955493e-06,9.888773e-09,8.253283e-06,2.5784034e-06,1.4572428e-06,0.00016610116,3.2129126e-05,9.153815e-05,2.0727293e-06,0.00015692668,0.99353737,0.15601218,4.780761e-06,0.00028766776,4.115286e-05,5.384489e-06,4.0997948e-06,4.1779963e-06,1.6361456e-09,1.6056201e-09,0.00055215624,3.6544032e-05,5.9101544e-06,7.3368496e-06,1.6508612e-06,2.2203378e-06,7.467081e-07,3.5006842e-06,0.00025510418,2.350263e-10,0.00017978219,0.0017231116,5.3476437e-09,3.3245733e-08,0.00013205696,8.902222e-10,1.0321117e-07,7.133984e-06,3.651919e-05,1.5831666e-06,2.768238e-08,3.2015832e-10,1.1889427e-09,2.4077067e-09,7.679203e-10,4.248787e-09,2.0733243e-05,8.306686e-06,0.00035714798,1.0299098e-06,1.9435985e-05,0.00042780573,2.5167685e-06,1.4742721e-05,1.1380635e-05,1.0664451e-06,4.0258037e-06,6.431499e-08,4.488794e-06,1.8500369e-06,1.5715085e-06,0.00018540666,6.4846914e-05,1.4213197e-05,3.3842705e-06,2.700626e-05,1.7870037e-05,0.0012656479,0.000110965506,4.823949e-06,1.2573507e-05,0.36232165,6.4783903e-06,1.6995224e-05,0.8873768,7.219652e-06,7.164808e-05,0.00025570125,0.0007947925,0.0003950395,4.172033e-05,3.620256e-07,5.913611e-06,3.522869e-05,3.7848193e-05,0.00043224916,8.501259e-07,0.0004772589,1.3355641e-06,0.0009550224,4.8114616e-05,2.0614181e-05,2.9360368e-07,2.2420849e-05,3.5554694e-06,2.4523497e-05,7.890926e-06,0.00044352678,8.224253e-07,7.1342697e-06,1.1360812e-05,0.0008020676,1.029032e-06,4.23234e-06,5.365794e-06,1.1528849e-05,3.259918e-06,6.871039e-06,1.6418253e-06,3.7312444e-07,0.005950643,5.203601e-05,4.781796e-06,0.012512569,2.9531893e-07,0.0032085031,1.8193015e-07,0.00016039312,3.9118248e-07,3.8194785e-09,7.923115e-05,6.6685575e-06,0.00354784,3.7654793e-06,2.2752266e-07,1.6124166e-05,3.7770565e-06,4.587012e-05,0.004919832,8.329214e-06,3.9825347e-05,9.02981e-07,5.102176e-05,1.1512414e-05,0.04723497,7.317748e-05,7.76165e-06,3.1092604e-05,0.00023005792,5.3745825e-06,0.00032436472,7.5541743e-06,3.6084806e-08,2.5939586e-05,6.601883e-05,1.664574e-06,5.9672893e-05,7.9429876e-05,0.00022530825,8.291221e-06,1.4268892e-06,2.7443519e-05,6.785561e-05,0.003621562,2.2469569e-05,0.00011698559,1.5900065e-05,2.7900813e-05,4.632988e-05,0.00018144421,1.1285952e-07,8.048436e-05,2.8559677e-07,1.2549131e-05,1.041386e-05,0.00031850563,2.7437457e-06,1.8755346e-06,0.00041158884,2.0663506e-06,2.5879668e-05,4.749042e-05,0.0003333827,1.26706955e-05,2.1904118e-06,1.2409236e-05,8.663442e-09,4.9598097e-05,5.291812e-06,0.00014541998,1.4436151e-05,2.8534112e-06,1.8605573e-05,9.005971e-06,0.0016252619,5.7125184e-05,0.00034766467,0.00028611333,0.0008837407,0.94716406,3.765982e-05,1.6745477e-06,7.383978e-06,1.4524602e-06,2.559206e-08,6.603664e-06,6.701057e-08,1.6859127e-05,1.3911541e-06,0.9984515,1.2305858e-05,1.900101e-05,3.1966172e-07,0.00020428009,6.1352334e-06,0.0018957397,4.6933383e-08,1.4707236e-05
