row_id,1161364,116570,1176823,1491113,1595929,209233,22930,22956,22961,22967,22973,22983,22985,23150,23154,23158,23176,23724,24279,24285,24287,24321,244024,25073,25092,25214,326272,41970,43435,47144,47158son01,47158son02,47158son03,47158son04,47158son05,47158son06,47158son07,47158son08,47158son09,47158son10,47158son11,47158son12,47158son13,47158son14,47158son15,47158son16,47158son17,47158son18,47158son19,47158son20,47158son21,47158son22,47158son23,47158son24,47158son25,476521,516975,517063,555123,555145,555146,64898,65377,65380,66971,67107,67252,70711,738183,74113,74580,760266,ashgre1,astcra1,bafcur1,baffal1,banana,barant1,batbel1,baymac,bbwduc,bcwfin2,bkcdon,bkhpar,blchaw1,blheag1,blttit1,bncfly,bobfly1,brcmar1,brnowl,bucmot4,bucpar,bufpar,bunibi1,burowl,camfli1,chacha1,chbmoc1,chobla1,chvcon1,cibspi1,coffal1,compau,compot1,crbthr1,crebec1,dwatin1,epaori4,eulfly1,fabwre1,fepowl,ficman1,flawar1,fotfly,fusfly1,gilhum1,giwrai1,glteme1,grasal3,greani1,greant1,greela,grekis,grepot1,gretho2,greyel,grfdov1,grhtan1,gycwor1,horscr1,houspa,hyamac1,larela1,lesela1,lesgrf1,limpki,linwoo1,litcuc2,litnig1,mabpar,magant1,magtan2,masgna1,nacnig1,ocecra1,oliwoo1,orbtro3,orwpar,osprey,pabspi1,palhor3,paltan1,phecuc1,picpig2,pirfly1,plasla1,platyr1,plcjay1,pluibi1,purjay1,pvttyr1,ragmac1,rebscy1,recfin1,redjun,relser1,rinkin1,rivwar1,roahaw,rubthr1,rufcac2,rufcas2,rufgna3,rufhor2,rufnig1,ruftho1,ruftof1,rumfly1,ruther1,rutjac1,sabspa1,saffin,saytan1,scadov1,schpar1,scther1,shcfly1,shshaw,shtnig1,sibtan2,smbani,smbtin1,sobcac1,sobtyr1,socfly1,sofspi1,souant1,soulap1,souscr1,spbant3,spispi1,sptnig1,squcuc1,stbwoo2,strcuc1,strher2,strowl1,swthum1,swtman1,tattin1,thlwre1,toctou1,trokin,trsowl,undtin1,varant1,watjac1,wesfie1,wfwduc1,whbant2,whbwar2,whiwoo1,whlspi1,whnjay1,whtdov,whwpic1,y00678,yebcar,yebela1,yecmac,yecpar,yehcar1,yeofly1
BC2026_Train_0007_S09_20250829_000000_000,0.0003876675,0.000717259,0.00027142465,0.000120576835,3.07101e-05,3.1856584e-05,2.1473907e-05,0.000110492256,2.5378517e-05,0.00011274673,0.0001289771,0.0003828583,0.00013696986,3.115208e-05,0.0004214435,8.815896e-05,3.980196e-06,1.3343508e-05,0.000103998806,3.4487817e-05,6.9051384e-06,1.9460264e-05,0.0001494359,5.117467e-05,0.00027223557,3.9287306e-06,0.008902901,1.4577359e-05,0.00019943778,7.1271425e-06,0.001329743,0.00015265316,0.0011340167,0.00066959835,0.00018438433,0.00083834835,0.050683577,0.003087902,0.00042659277,0.0028604267,0.0015453127,0.00037606547,0.0007110721,0.00010950472,0.0005867254,0.0006298372,0.0018394513,0.00010010381,0.000233906,0.00023962058,0.000873811,0.0009108577,0.00066944555,0.00051010837,0.007809128,0.00031362718,0.039026547,0.0005022407,7.1848815e-05,1.9195948e-05,0.00020339382,2.0417554e-05,0.00012418367,3.274324e-05,6.0331768e-05,0.00016252256,0.00019090615,6.911715e-05,2.7886366e-05,0.00018689425,9.608326e-05,5.119623e-06,0.00023945844,0.0016764402,0.0009011182,0.00031183058,0.0025374903,0.015480737,0.0004043618,0.0010543314,0.0028283023,2.8176486e-05,0.0048253876,0.00045934532,0.00015664383,0.00018121165,0.00016228393,0.0040215063,0.0015618132,0.00020680683,0.00051899016,0.01162217,0.000972493,0.0028755304,0.003555427,0.0005257507,0.002675771,0.024315458,0.0060415836,0.032659557,0.0033823105,0.00014397527,0.002594495,0.00052162114,0.013560395,0.015149578,0.00084334315,0.0014611614,0.0029480876,0.021798428,0.00041922345,0.005613514,0.00062850513,0.009888236,0.00023074354,0.0383493,0.002164116,0.0067966846,0.00042086054,0.0017934563,0.0001752942,0.028249942,0.028474009,0.6746805,4.3773216e-05,0.00332471,0.0006434721,0.007535606,0.00016345862,0.00084840076,0.028274613,0.004163725,0.00016338057,0.00030436364,0.0015497318,2.5653359e-05,0.015084568,0.009697114,0.00047782925,0.00066027,3.8091915e-05,0.007195423,0.00111968,0.0072194776,5.6682708e-05,5.738123e-06,0.0021139395,0.0009398105,0.16772775,0.0007645641,0.00037001725,0.0004557523,0.0005009429,0.0016858982,0.009326648,0.004404738,0.024205992,0.0011294074,0.007219286,0.0016897249,0.018916586,0.0034487331,9.98364e-05,0.00056610495,0.0010041111,0.00064288307,0.005579727,0.0016776848,0.0005910683,0.0072899126,0.07705129,0.0004828249,0.027662367,0.00016762716,0.05072854,0.0010895245,0.0007175017,0.00093485875,0.0005701831,0.0029836812,0.010701878,0.00016705434,0.002797658,0.004215544,0.0016501663,0.0005892596,0.00013343299,0.0051766005,0.000420089,0.0007049523,0.00012497389,0.0020739813,0.0032828832,0.010097038,0.010916987,0.001106156,0.017405815,0.023339985,0.005030824,0.0044733505,0.00029902594,0.00029451677,8.574263e-05,0.0017263128,0.005522161,0.004633451,0.0029509638,0.0025769512,0.00028746625,0.006826997,0.008990135,0.013956786,0.013336398,0.002705529,0.002875391,0.056168318,0.0044359695,0.00028061838,0.0003817631,0.006420506,0.0003495962,0.0023655477,0.001148918,0.00055412174,0.0051226355,0.21755905,0.0021405779,0.0058371043,0.00013966217,0.0019120232,0.0011095337,0.008595695,0.0006560048,0.0054895864
BC2026_Train_0007_S09_20250829_000000_005,4.1174894e-06,0.000121171,3.404902e-06,8.06787e-05,3.4126632e-08,9.640642e-07,4.4147562e-08,4.515419e-06,2.0330528e-07,2.7453021e-05,0.00015601465,1.9400502e-05,5.418445e-06,8.4029625e-07,1.454363e-05,0.00017231605,2.8849712e-07,1.2973672e-07,0.00013888368,1.1471473e-06,2.6736896e-07,1.28262145e-05,1.9177642e-06,2.6832384e-05,7.0562114e-06,7.616689e-08,0.0001069928,1.9290714e-05,0.0001546169,8.8832485e-06,8.649594e-05,0.00022597304,0.00022953296,0.0001836546,2.2078182e-05,0.00040148507,0.21857697,0.00034783673,3.0902e-05,0.00023170783,0.00015232062,1.8369483e-05,9.228999e-05,7.9985424e-05,1.7588998e-05,1.4652693e-05,4.3994933e-05,2.6397613e-05,1.7355676e-05,3.8083613e-06,4.3054555e-05,3.5161298e-05,3.960096e-05,8.6333435e-05,0.00078471197,1.2409815e-05,0.54779077,0.000971,3.4525083e-08,9.758613e-08,2.6798425e-05,4.5927226e-07,3.4877597e-05,1.5277381e-05,3.807824e-06,6.5829454e-06,3.790751e-06,5.919428e-08,4.74653e-07,7.935381e-06,6.45858e-07,2.9909934e-08,0.0010654752,5.8839196e-06,2.495014e-05,0.0009391852,0.00020288808,0.0011445541,2.4172035e-05,3.5283563e-05,0.0002468753,1.6024869e-07,5.8289985e-05,4.6461337e-06,0.0001605939,2.3022661e-05,2.089376e-05,0.00079719396,0.0049347393,3.5441255e-05,3.0806958e-05,0.022777855,1.9849962e-05,0.000631483,0.00010644449,2.523493e-06,2.3214492e-05,0.12388734,0.00016550705,0.0015776964,0.0037263753,4.7069707e-06,0.0002682147,0.00018101669,0.0005460784,0.00027151706,1.2199957e-05,3.1223371e-06,0.00058424834,0.001277444,0.00021408893,0.00033712038,2.1992339e-05,0.002127147,5.800847e-06,0.0168287,8.607293e-05,1.5390155e-05,9.513799e-05,6.6382774e-05,1.6926466e-05,0.0012544398,0.0040620933,0.0054347394,1.810221e-05,6.242214e-05,0.00018605891,0.0010822801,3.495003e-06,0.00079641724,0.0008916678,0.00025267023,3.5169982e-05,6.2144296e-05,4.7345816e-06,4.1969196e-07,0.00032652635,0.00085894973,3.7747373e-05,0.00018520013,3.950367e-06,0.012377954,2.0007208e-05,0.0010348526,1.5865287e-05,1.054178e-07,0.00013584411,1.9623083e-05,0.016730398,5.4954584e-05,5.596472e-06,0.0002989441,4.6117715e-05,6.3928186e-05,0.0012777621,0.00029681556,0.0010683261,3.4828874e-05,0.014210744,5.120498e-05,0.0050194734,0.00018891937,7.672893e-06,0.0017421808,3.6018755e-05,9.3440656e-05,2.4367308e-05,4.1438725e-05,0.00012394103,0.015620983,0.0003361292,0.00017396877,0.00033924176,4.7487112e-05,0.0028381096,5.930874e-05,1.25006345e-05,4.9505998e-05,0.00049060927,0.0012062169,0.0010562787,3.6347442e-06,8.3008505e-05,0.00031164932,7.6327124e-05,7.159215e-05,1.1709055e-06,0.002303927,7.820174e-05,0.000121351615,2.6723548e-05,4.4486053e-05,8.838927e-05,0.00055986835,0.00033005676,0.00010289577,0.0002310621,0.0014163158,0.00087931915,0.00014441732,0.00016450466,1.403038e-05,3.3156623e-06,0.00024696477,0.00032242268,0.00040983967,0.00044629004,0.0025659672,3.923934e-06,0.0014776496,0.00048592294,0.025770614,0.000103103695,0.0016282047,0.0008438267,0.012272819,0.0013190749,0.0002777623,0.0005739158,0.0002258397,5.2953055e-06,0.00015132854,1.8793029e-05,0.00015156275,0.00013681504,0.60642815,0.00023990659,0.00028940412,9.596185e-06,3.9666535e-05,2.0736585e-05,0.0002564161,3.2007043e-05,0.00053322053
BC2026_Train_0007_S09_20250829_000000_010,4.9467353e-06,4.9572936e-05,1.6428718e-06,0.00017265468,5.093269e-08,1.6422201e-06,2.7088047e-08,4.597228e-06,3.3672967e-07,1.4182123e-05,9.7011834e-05,1.3952757e-06,2.1084822e-06,2.3423134e-07,2.7610226e-06,0.00014596149,4.724302e-07,3.976118e-08,1.1574027e-05,3.6489806e-07,5.503987e-08,9.923626e-06,1.4405194e-05,4.589146e-06,6.6761613e-06,7.271317e-09,7.773748e-06,3.7892612e-05,4.8853446e-05,2.0840667e-05,3.9131923e-05,3.3623684e-05,0.00018154648,5.571034e-05,7.659368e-06,4.366744e-05,0.045602918,0.00010144104,2.183579e-05,9.164157e-05,2.0380086e-05,8.612562e-06,2.9335952e-05,1.2334445e-05,5.559581e-06,6.642293e-06,2.7642642e-05,4.605474e-05,1.02289605e-05,1.7758746e-06,2.6997375e-05,2.2306815e-05,2.8860311e-05,2.2879605e-05,0.00014894112,6.9622234e-07,0.8801005,0.00041774762,1.02187876e-07,1.957938e-08,1.0573839e-05,2.092621e-06,1.4322252e-05,3.499127e-05,2.514005e-06,3.3816668e-06,5.9115127e-06,7.859185e-09,3.465058e-06,0.00017358054,8.00341e-07,3.8580076e-08,0.00019564392,1.207413e-05,0.0003334507,0.0018076185,3.7630885e-05,0.0013029341,0.00027110265,0.00020819451,0.0004037303,2.7930813e-07,9.100649e-06,2.6643162e-05,0.00080550316,1.0491884e-05,1.3040365e-05,0.003238351,0.0050642397,0.00011435485,2.3347236e-05,0.0016183186,0.00012464695,0.0014314048,0.00044300623,1.0142064e-05,3.8749728e-05,0.047638964,0.00016027721,0.0072449013,0.0009854645,1.2261169e-06,0.00048153684,0.00018636358,0.00020633706,0.00023506072,4.5213812e-05,1.4178297e-05,0.00029008836,0.0015940466,0.00021212247,0.00010982984,0.000179369,0.0015848216,1.4763573e-05,0.0041319234,4.2388092e-05,2.4556099e-05,3.0439229e-05,9.399214e-05,7.354918e-05,0.00033476495,0.0003407508,0.01723356,9.362046e-06,1.7028939e-05,9.117366e-05,0.00095729576,6.990659e-06,0.0022616573,0.0009871583,0.00031168078,0.0001619261,5.8150854e-05,6.148418e-06,9.083094e-08,0.0046494817,0.0052071568,5.1716775e-05,0.00016159401,4.1101794e-05,0.009649515,4.3762143e-06,0.0014411906,3.7354257e-05,6.762663e-08,0.00096284295,7.62938e-05,0.014472057,0.0024254704,4.8670813e-06,0.0002025514,5.5497818e-05,0.00013548745,0.007701471,0.0004289567,0.00040148853,0.00012713198,0.007864694,0.00015369953,0.02093558,0.00031237333,8.626495e-06,0.00020674216,6.57641e-05,0.000404635,0.00015819092,0.00021119877,3.8038845e-05,0.0044301404,0.00044344986,0.00023627971,0.0015995434,4.6563964e-05,0.006912248,1.4735343e-05,1.1138124e-05,6.533648e-05,0.00043729853,0.0019031841,0.0030192982,7.7388023e-07,6.0187645e-05,9.024389e-05,4.1112144e-05,0.00014652878,6.0991574e-06,0.0010016251,0.003123564,4.4077788e-05,2.4217028e-05,0.000121117744,0.00013867964,0.00020531421,0.000608371,0.00068122044,3.0116105e-05,0.00076392683,0.015343778,0.000104805986,9.6232725e-05,2.8342583e-06,1.0597578e-06,0.00089447375,0.00075239467,0.00047614425,0.018615969,0.00011876067,7.737089e-05,0.00055511,4.3860047e-05,0.01840169,0.00015235011,0.0006986071,0.0007046772,0.5869498,0.000984997,0.0005996176,0.00028096535,0.00017293064,3.666712e-06,0.00013200231,0.0002595561,0.00057936594,0.00028394672,0.29178947,0.00025263097,0.0010258798,0.0005002412,2.6129173e-05,5.2710402e-05,0.0012901254,0.00042554064,0.0012189698
BC2026_Train_0007_S09_20250829_000000_015,3.5997505e-07,3.1817235e-05,4.7694215e-08,1.6378701e-06,1.8279314e-09,1.6159438e-08,7.215662e-07,3.5605078e-07,3.2016537e-08,1.9401245e-05,5.9116865e-05,3.8429815e-07,4.5707875e-08,2.52881e-09,1.8390378e-07,1.812935e-05,1.1901428e-07,3.5454946e-09,9.260602e-06,1.2299333e-09,3.9191788e-09,1.3765933e-06,1.2058364e-06,1.2530908e-06,8.9376834e-07,1.2445642e-09,2.0205029e-05,4.1979285e-07,6.59504e-08,1.1058341e-06,3.7224207e-05,6.271289e-07,0.00012252833,0.0001611054,1.3059255e-06,6.992799e-06,0.0004654994,4.464494e-06,1.7380007e-05,0.00023579228,4.8394904e-05,6.656726e-06,4.243163e-06,2.3687421e-07,3.0434575e-07,3.6506967e-07,4.8189e-06,5.3669964e-06,9.240402e-07,2.0859669e-07,2.2908603e-06,1.7821606e-06,2.1745436e-06,7.815395e-05,5.341711e-05,6.738675e-08,0.9096823,0.00010870787,8.515283e-08,1.229126e-10,7.448754e-08,1.908088e-06,6.005678e-08,3.685587e-07,3.2604552e-09,2.192947e-06,5.8454674e-08,1.2203985e-10,4.1727662e-07,7.4616287e-07,8.820735e-07,6.3412724e-09,3.5384346e-05,1.4656429e-06,0.0007349135,4.5757865e-06,9.014611e-05,3.924179e-05,2.1558466e-05,3.375225e-05,4.35055e-05,7.004855e-08,7.3826823e-06,7.6341416e-07,3.547817e-07,2.2673152e-05,3.5938613e-06,0.00035298654,4.0993204e-05,5.7290727e-06,3.5438614e-05,0.0009048415,2.8798606e-06,0.00010297959,0.0001942563,2.202204e-06,2.784974e-06,0.016301032,6.05144e-06,0.00055590156,0.00018662286,2.0857494e-08,1.4467022e-05,4.786484e-05,2.390041e-05,1.1743818e-05,2.0796592e-06,1.0612145e-05,9.201477e-05,0.00013964911,1.168051e-07,0.0014387675,1.8431603e-05,9.1708265e-05,6.1370188e-06,3.8073285e-05,3.4370867e-05,0.02919114,2.0503916e-05,1.1617033e-05,6.258513e-06,5.0759405e-05,0.00012375975,0.0007877192,1.437751e-07,0.0002606572,1.9602978e-05,0.00017394705,9.71002e-07,0.05508998,7.433318e-05,0.0006206426,2.7710385e-06,9.838149e-07,2.4579467e-07,2.9424722e-08,0.008833328,0.0009429102,7.834851e-06,1.5744639e-06,7.4688614e-07,2.9707937e-05,1.3478411e-05,0.0012117109,2.3568045e-06,2.5239675e-09,0.0031073773,1.0991482e-06,0.0009879407,0.00019233348,1.9697313e-06,6.104682e-07,7.0178653e-06,7.3564183e-06,0.0023980835,2.2074877e-05,3.6999303e-05,2.0096543e-07,0.00022251371,2.985274e-06,0.00038558565,7.1974823e-06,1.6149522e-06,3.088113e-06,3.7022818e-07,8.6677086e-05,0.00051691296,3.4229655e-05,2.2920598e-05,0.00035326323,0.00022871704,1.0023409e-06,0.00016717911,0.00010328702,0.012165521,1.82567e-05,4.4052154e-05,1.566003e-06,9.3648065e-05,2.8460237e-05,0.000100165584,4.9596217e-08,0.00010783762,0.00022277929,2.5814713e-06,2.3261307e-06,1.6939392e-06,7.707507e-05,7.5578944e-05,0.0002502569,5.0574886e-06,0.0003081629,3.975652e-07,0.00012417503,0.00020420781,0.00031410868,1.0400472e-05,0.00015175698,0.0037021453,0.00014722793,4.0447258e-06,5.870484e-07,2.1841176e-07,0.00027554273,1.5829319e-05,9.6219255e-06,0.0009065985,0.0001225288,0.00017417477,7.3655094e-05,1.718895e-05,5.596915e-06,2.1930724e-05,0.000513766,7.7156925e-05,0.000105385945,0.0003145483,5.3362477e-05,6.3434345e-07,0.000113068,3.7680409e-06,0.0004455804,2.3043601e-06,1.3386576e-06,0.0008331934,0.01937188,5.4346292e-05,0.00023066832,3.0372945e-05,7.342267e-06,7.261467e-08,1.7508584e-05,8.734552e-05,7.5643766e-05
BC2026_Train_0007_S09_20250829_000000_035,4.6470894e-05,0.0014152161,2.2561833e-05,0.00071083906,1.6985335e-07,3.6035124e-06,1.0576466e-06,3.6641356e-06,9.499272e-07,0.0004960111,0.0013008751,4.0031955e-05,5.9241434e-06,3.1158525e-06,2.2132192e-05,0.00011643815,1.3360568e-07,3.174846e-07,0.00048441504,1.264941e-05,4.972376e-07,0.00014970503,2.3802917e-05,0.0005196267,1.7847606e-05,3.746284e-07,0.0010772332,1.2172542e-06,7.402201e-05,6.4161554e-06,0.006931555,0.0009546226,0.0048450027,0.017631037,0.00046767094,0.006082072,0.37792054,0.009711745,0.0013490005,0.022880489,0.00901238,0.00072078407,0.003813273,0.0005666815,0.00028492406,0.00023764184,0.0022726085,0.00034716786,0.00035695173,0.00025317422,0.0020874268,0.0016795555,0.0019829075,0.00379396,0.043911256,2.206854e-05,0.62612784,0.0027310343,1.8434044e-06,5.0158263e-07,0.000107080064,7.173822e-07,8.241155e-06,2.3195285e-05,4.915266e-06,0.00012003238,1.3307696e-05,3.89159e-06,1.7688617e-06,1.1840451e-05,1.2444457e-05,1.0815055e-07,6.407839e-05,1.996164e-05,0.0031983214,0.0001867099,0.0002690104,0.0013689506,4.4476892e-05,0.00032829837,0.00011936433,1.3025484e-06,0.000278547,4.9685214e-06,4.9693634e-05,6.6103814e-05,2.2937218e-05,0.00039243422,0.0010527379,6.528927e-05,0.0003515301,0.0030565262,0.00019245803,0.0020704975,0.00020155363,1.2812278e-05,0.000105206316,0.11992722,0.00047795364,0.006961452,0.005960555,6.4894093e-06,0.00055978965,0.00085732946,0.0019099069,0.00094799924,3.2997305e-05,2.7752443e-05,0.0025617832,0.006104105,0.0002275507,0.0047821617,5.9650196e-05,0.005615985,3.7177188e-06,0.08415521,0.0009434795,0.00023929184,5.614758e-05,9.6852666e-05,3.3146385e-05,0.00482286,0.0015073179,0.0049829762,1.8809471e-05,0.00011523351,3.7864582e-05,0.00063698844,0.00018345892,0.00012621435,9.0354966e-05,0.00019969312,8.2494334e-05,7.723885e-05,4.3734453e-05,1.034788e-06,0.0004903442,0.0031334609,3.5486268e-05,0.00035815366,3.3174365e-06,0.006321363,2.157564e-05,0.0007889761,1.42814315e-05,6.4496305e-07,0.00030109278,0.00016461058,0.0195882,0.00012979447,6.953849e-06,2.939692e-05,5.404107e-05,0.00020732646,0.0008123674,9.473215e-05,0.0031598646,0.00017424053,0.0017434104,0.00017305388,0.06349377,0.00022798005,9.121158e-05,0.0004985385,0.00017947286,4.741164e-05,0.0001734892,9.428101e-05,5.2318683e-05,0.008181929,0.0018933645,6.330111e-05,0.0024178308,0.00011525417,0.010843763,0.00020592629,2.2746202e-05,4.6539815e-05,0.0005847355,0.0014807859,0.0015044579,0.00015454984,0.00040882127,0.002374443,0.0003594088,8.61355e-05,2.0298503e-05,0.000844991,2.0343057e-05,0.000153445,1.7605327e-05,8.500188e-05,7.519591e-05,0.0047050132,0.00086845836,0.00011868528,0.00037121482,0.006383604,0.00025507231,8.141414e-05,0.0007917122,1.6410381e-06,2.6804273e-06,0.00073866604,0.0004082986,0.00031467067,0.00013087834,0.0019758043,8.0777616e-05,0.0015023127,0.0010449537,0.0011984913,0.0009914138,0.00048840314,0.0043706764,0.022568801,0.0031546436,4.1662322e-05,7.8048935e-05,0.00031612482,3.0498244e-05,0.00063875964,0.00019080861,9.6077674e-05,0.00015214861,0.6159555,0.00061593315,0.00032978028,3.191761e-05,8.2236074e-05,0.00012708665,0.0002995772,0.0002373726,0.0005756009
BC2026_Train_0007_S09_20250829_000000_040,3.0014169e-06,0.00090313226,5.3105073e-06,0.0030266922,1.4986576e-07,6.9157096e-07,2.2550742e-07,2.5681895e-06,6.04419e-06,0.00026962924,0.0003555389,6.2583163e-06,3.454772e-07,7.4053696e-07,1.1559603e-06,1.1603414e-05,2.4945308e-07,8.0045095e-07,4.438579e-05,8.49713e-06,2.7022796e-07,5.1774317e-05,9.862762e-06,0.00010409117,1.0630905e-05,3.9309873e-07,0.0001692772,7.698221e-07,1.3439968e-05,2.4021265e-05,0.0024453518,0.00056606665,0.005244374,0.0024825246,0.0001633723,0.0012672166,0.7573386,0.07121268,0.0007083764,0.0047681415,0.011299639,0.0005647237,0.0005010723,0.00015095095,0.0006363343,0.0005294237,0.002317631,0.00043584948,0.0009644337,0.0010336894,0.0005075817,0.0003225195,0.00048183434,0.0012094347,0.026523462,9.783041e-07,0.06661195,0.014054453,1.4174116e-06,2.3005196e-06,4.7444068e-05,3.4985175e-07,8.3912855e-05,8.577493e-05,8.362547e-06,1.8282537e-05,4.362016e-05,7.6736666e-07,6.2210205e-08,3.0825402e-06,2.6694067e-06,3.9548866e-08,6.512591e-05,3.2753371e-06,0.0006437964,7.23644e-05,5.662177e-05,0.0005489562,6.231556e-05,0.0001652278,1.6366761e-05,1.2187085e-06,5.0276496e-05,1.725413e-06,6.0397393e-05,1.258674e-05,4.0994735e-05,0.0005662102,8.505685e-05,2.3177905e-05,0.00012000459,0.0008773566,2.49145e-05,0.00040365546,8.866896e-05,8.51634e-06,8.234075e-05,0.47801268,0.00014711707,0.00022746611,0.013718313,2.1510225e-05,0.00014982911,0.0013097803,0.0003549825,0.0006917564,7.697086e-05,1.0957104e-05,0.0009429888,0.00092131423,0.00089309155,0.0006855759,7.249825e-05,0.005778925,7.260168e-06,0.0141965095,0.0002660671,1.8495553e-05,1.5583837e-05,0.00028399302,0.00014730629,0.0013134029,0.00067360635,0.0015322181,1.3485405e-05,4.7170182e-05,9.0774965e-06,0.0006197424,1.7810235e-05,4.975471e-05,1.1995157e-05,0.00010386649,0.00021035287,0.00015545555,3.8262377e-05,4.1565102e-07,0.0017559129,0.0016188195,2.2102093e-05,0.0010396314,1.1765358e-06,0.08482022,6.2927525e-06,0.0005098228,4.139715e-06,1.060915e-07,0.000776865,7.857861e-06,0.008385924,2.2433276e-05,4.027878e-06,2.8552582e-05,6.571899e-06,0.00024990234,0.0018687771,3.5928286e-05,0.00065397075,0.00013833928,0.0029970077,6.594842e-05,0.045585822,0.0006465513,2.4545912e-05,0.00026302657,5.8618814e-05,2.8295262e-05,0.0003013998,0.00030750054,1.2081813e-05,7.872925e-05,0.0011756093,7.792809e-05,0.0028819537,9.519534e-05,0.0015502137,2.2635257e-05,4.810539e-06,0.000524953,0.00018839033,0.0009787364,0.008225052,4.1527852e-05,8.7683584e-05,0.00010207983,3.041248e-05,0.00021239971,1.1068218e-05,0.0002965344,1.8301587e-05,0.00017093943,8.678485e-05,4.4884313e-05,0.000117306285,0.00086339464,0.00062461855,8.073379e-05,0.003051352,0.0012147189,8.539168e-05,4.6334073e-05,0.000115247465,2.898633e-06,2.5918343e-06,0.00013443155,0.00032759024,7.525754e-05,0.0001862586,9.657995e-05,9.007792e-06,0.000825547,0.00035939727,0.001496005,0.00029415142,0.00027825663,0.0026502938,0.8414813,0.0011866585,6.484238e-06,0.00034782378,1.3698798e-05,2.34282e-05,0.00024830844,5.4245786e-05,0.00056403514,8.516097e-05,0.5052863,0.0012702788,0.0004511519,5.0763272e-05,3.1627103e-05,5.0639406e-05,0.0006538994,4.1376516e-06,0.00057920004
BC2026_Train_0007_S09_20250829_000000_050,7.621672e-07,4.167468e-05,4.753152e-07,1.0480016e-06,1.1482598e-09,1.09353415e-07,2.0981345e-08,2.984418e-07,2.881116e-08,4.7057352e-08,1.1721081e-05,4.551965e-07,4.3917407e-07,8.072171e-08,3.5611736e-06,9.2937535e-06,2.6655623e-08,3.7024452e-09,1.0576964e-05,1.0353931e-06,8.356283e-09,8.5668154e-07,5.7773446e-05,1.5079391e-06,3.7142212e-07,3.216728e-09,3.736373e-05,8.759317e-06,3.226456e-05,4.427078e-06,4.0758932e-06,2.4841782e-05,2.5539866e-06,0.000116463016,6.542103e-06,0.0004579932,0.00044714936,1.2476304e-05,9.1758756e-07,0.000258913,9.991247e-07,6.6637745e-07,1.9999998e-05,2.1171172e-05,2.3563635e-07,4.0591638e-07,2.6454377e-06,5.296197e-07,2.873828e-07,1.3105513e-07,8.538606e-06,1.5777956e-05,1.3137377e-05,2.2520985e-06,0.0005093339,3.5780959e-06,0.09045987,2.0236326e-05,5.4381513e-07,1.4734005e-08,8.705743e-06,7.594114e-09,1.6376673e-06,1.5094686e-06,9.731471e-09,4.203146e-06,4.2426414e-06,4.054431e-08,3.0032503e-05,1.00946124e-07,9.460947e-07,1.9878637e-09,1.5730532e-06,2.3353698e-07,0.007889875,3.262122e-05,3.2797492e-05,0.00021338563,4.656552e-05,3.3812015e-05,6.09102e-05,4.7901437e-08,1.00827165e-05,8.763019e-06,3.4076793e-06,1.6078341e-06,4.2929014e-06,3.8611473e-05,0.00027526994,8.080518e-07,1.2622405e-05,0.00063668983,1.7604101e-05,0.0012001329,4.79984e-05,2.68376e-06,2.9113075e-06,0.00025080342,7.6103374e-06,0.0021922032,7.223498e-05,9.691206e-08,0.00011657823,4.2108608e-05,0.00036552918,6.215413e-05,3.627494e-05,8.291878e-06,0.00016184877,0.0020567745,1.7519224e-05,0.0013129307,0.00017481967,0.0008408301,4.7444345e-07,0.00032340133,1.5989704e-05,0.00058482186,0.00029855446,1.7421076e-05,0.00010491119,0.00038209243,0.0002668531,0.001661632,3.4828445e-05,7.573708e-06,7.0005926e-06,0.00014814439,9.174396e-06,0.0002600706,0.002129672,4.887535e-05,3.23808e-06,2.6169023e-06,5.802412e-07,2.358519e-08,0.0008652741,0.0015158744,1.6740936e-05,3.962377e-06,1.4963927e-06,1.2747658e-05,1.5789486e-05,1.6983398e-05,4.6782443e-06,1.4484259e-08,6.935868e-05,7.2193177e-07,0.00015350076,8.127336e-06,2.464604e-06,1.8081223e-06,3.880242e-05,0.00015523707,0.00040972096,6.5443683e-06,2.3176312e-05,4.9331913e-07,0.080901265,4.8803206e-05,0.051722635,2.7801652e-06,7.636189e-06,2.2239935e-06,2.2214468e-05,9.1622256e-05,1.7592352e-05,4.9164944e-05,5.7398955e-07,0.0016178534,0.0015290297,1.8021316e-06,9.6050746e-05,0.0003060163,0.0033937886,4.4804588e-06,4.3876588e-07,1.0145799e-06,2.5528167e-05,0.0006355312,0.0001340216,1.2985398e-06,1.4043137e-05,4.083554e-05,3.123913e-05,2.0233874e-05,6.863409e-07,2.5761916e-05,0.00012743541,2.0326475e-05,1.16168e-05,1.2148038e-05,4.217355e-05,0.0074760267,9.210221e-05,0.0023622203,0.000106571555,0.00021699151,7.487943e-05,5.926974e-06,0.00021508882,4.01977e-07,7.6903795e-08,0.000116203104,0.00015552093,4.1032785e-05,4.5252807e-05,0.009653335,4.324616e-06,8.29763e-05,1.4075301e-05,0.00047047785,0.00021290214,0.00053969026,0.018504974,0.010658599,1.9064484e-05,8.484587e-06,4.3544164e-06,0.00018344878,1.5526859e-05,0.0003138689,0.0006355034,2.2871734e-06,0.0044526746,0.048080724,7.893116e-05,0.00013635568,3.225119e-07,1.8390638e-06,2.2308611e-06,8.706835e-05,0.0060544936,4.9956958e-05
BC2026_Train_0007_S09_20250829_000000_055,4.393389e-05,0.00032551808,7.0048804e-06,7.042471e-05,1.6689643e-06,8.57564e-06,4.5196995e-07,2.4253452e-05,2.3478615e-05,2.2056758e-05,8.447478e-05,1.8613508e-05,0.00018807483,3.7437949e-06,5.45606e-05,3.4229295e-05,3.728118e-07,1.846221e-06,9.537556e-06,2.001845e-05,4.063923e-06,9.474443e-06,4.2550862e-05,3.7218142e-05,3.816129e-05,1.8142626e-06,0.0037835126,1.7467173e-05,6.047572e-05,1.4467811e-06,0.0005574514,0.00015422112,0.00016186327,0.0008133662,0.00014709307,0.0009475856,0.00845151,0.001191613,6.3657724e-05,0.0029688142,0.0005818465,8.42877e-05,0.0011743954,0.000118093165,0.0013327332,0.001431284,0.0019164053,2.6480891e-05,9.7979646e-05,0.00011704862,0.00089763274,0.0012037428,0.00088616577,0.00012144306,0.043805823,1.0694398e-05,0.011033658,0.00013223969,1.140654e-05,8.11079e-06,4.0170242e-05,8.8783946e-07,3.2734126e-05,2.737639e-05,1.1760382e-05,1.9980533e-05,6.9007406e-06,6.212973e-06,9.043254e-06,4.5316388e-06,1.937146e-05,3.7235095e-06,0.00029967347,0.00018538123,0.00023879681,4.2231182e-05,0.0047750045,0.0021071106,0.00022218215,0.00022407107,0.00065269147,5.1663985e-05,0.00034844744,0.00037578898,3.5129422e-05,7.6224416e-05,5.2670453e-05,0.0026491222,0.0039943396,6.216878e-05,0.00059257186,0.0019458843,0.00024946098,0.00053666654,0.00038179968,0.0002613136,0.00071390864,0.004077731,0.0006906978,0.0014109899,0.0022446485,4.30209e-05,0.0008584117,0.00030084542,0.0012689806,0.0017040068,0.00040881874,3.7594655e-05,0.0003691829,0.0025509307,0.00027343395,0.0020899393,0.00031947577,0.00054038054,2.9214953e-05,0.013539101,0.0021734994,0.0015951883,0.0002711448,0.0015526814,0.00014817943,0.016587669,0.0013784412,0.7212155,2.7115086e-05,0.0017167039,0.0002826947,0.0015949613,8.355068e-05,0.0004656064,0.0006594189,0.00089903857,1.148363e-05,0.00013583568,0.00018304828,2.2609971e-05,0.012162537,0.004888172,0.00024298762,5.393779e-05,3.0339737e-05,0.00017072962,9.555404e-05,0.0050582867,2.1194708e-05,2.368095e-05,0.00025354116,9.5417e-05,0.020378243,0.0003194913,0.000113181915,4.5014323e-05,0.00047149722,0.00024889153,0.0044105384,0.002243108,0.00066484476,5.6740795e-05,0.0015814948,0.00019312072,0.0022103565,0.0010851978,5.156274e-05,0.0005900861,0.00047983188,7.9926875e-05,0.000939677,0.00062572083,0.0003172649,0.00135679,0.003624889,7.955571e-05,0.0028570353,9.167513e-05,0.0060157445,0.00016244742,0.00031727517,0.00025047388,0.00093854155,0.00029834648,0.0022017853,7.890858e-05,0.0016573945,0.0010320251,0.00044392628,0.0001928914,5.3931053e-05,0.008484593,0.0002972256,0.0001688716,5.680918e-05,0.00027373,0.00028026866,0.0012643142,0.0077038556,0.0005971091,0.0085508125,0.0011485126,0.0021281668,0.0011225422,0.00013496805,0.00027889566,1.49203715e-05,0.00021938159,0.0006507123,0.0005533957,0.0006121285,0.0020017389,0.00029052625,0.0013609515,0.002511087,0.005650553,0.0027884701,0.0009605455,0.0012279308,0.00970486,0.00029464794,0.000108407876,0.00016471295,0.0005119443,0.000100048645,0.00048438137,0.0018489099,0.00018776071,0.0002810902,0.12259549,0.00031041924,0.0038449885,0.000156384,0.0005512013,0.0006851155,0.009730397,0.0002325114,0.0004200233
BC2026_Train_0025_S22_20211127_024500_000,1.1915727e-11,1.765424e-07,2.2599396e-07,0.0037494136,4.5643818e-09,3.4620452e-11,1.0747021e-09,2.540392e-05,0.00029948726,0.9972996,0.98666114,1.8826333e-07,1.7010406e-08,1.5392013e-10,1.1047157e-08,0.009110308,5.4637894e-08,1.9312565e-11,0.010783727,1.0050905e-07,1.3029314e-10,0.0023725056,5.864957e-08,6.837655e-07,6.620323e-06,5.320476e-10,7.4980526e-05,1.1589607e-08,2.0710063e-08,9.754401e-05,7.60035e-06,3.718193e-08,1.744139e-05,2.1186946e-07,5.773048e-08,2.8324802e-08,3.5999054e-07,6.147758e-08,1.2720881e-05,2.2366496e-08,3.8775823e-05,4.501771e-06,3.490166e-07,9.0990255e-09,1.3374477e-09,8.5761703e-10,1.8344076e-08,1.5321818e-08,6.5173698e-09,7.4347275e-09,1.7119477e-08,1.758794e-08,1.4201157e-08,3.8059672e-05,7.6082245e-08,1.4323433e-08,2.179437e-06,0.9585814,1.8271714e-09,1.9431793e-08,0.00038832627,2.0727342e-11,0.00053071516,0.006152161,7.303965e-05,1.9159076e-07,1.5639696e-08,1.3373979e-11,9.568436e-09,1.902489e-05,5.4223896e-11,1.29207836e-08,3.9869605e-09,1.5232484e-07,2.8933784e-09,2.246419e-08,2.2778154e-06,1.1505498e-07,4.3776918e-06,1.7981106e-08,4.8712e-06,3.0358385e-10,1.5427406e-07,1.3684046e-09,2.333113e-09,1.7719414e-06,2.4477286e-08,3.235862e-07,2.0307073e-06,3.137046e-08,4.3440582e-07,1.9632937e-07,8.408054e-08,3.7228665e-07,6.9791815e-07,3.6546112e-08,1.164037e-06,3.749212e-05,6.85692e-08,1.9328189e-07,3.3947268e-07,9.314016e-10,1.1046105e-05,0.00024666285,0.0004625196,1.846556e-07,1.131817e-09,4.9659943e-11,2.075644e-09,1.5302097e-06,1.2414425e-08,4.1653257e-06,3.553265e-10,7.342145e-08,4.7591254e-08,3.876056e-07,1.9108104e-08,8.510087e-08,4.0952738e-08,4.6083198e-07,1.72859e-07,2.3617831e-07,4.0471843e-08,2.0177233e-06,8.051931e-09,1.2456626e-07,3.33009e-06,1.8286146e-07,8.278947e-08,9.362885e-06,1.5679517e-07,2.683824e-07,6.2706706e-09,2.5766473e-08,1.8484954e-08,1.735216e-08,1.991221e-06,1.0695852e-06,5.072077e-08,6.216261e-05,7.9417936e-07,5.5687037e-09,1.0345783e-09,4.3665278e-08,4.9301666e-06,8.291277e-11,1.0992804e-08,6.895083e-07,1.1316198e-05,6.026389e-07,1.7996398e-09,4.7590856e-07,1.2785318e-07,1.836715e-08,1.3185873e-07,9.443843e-08,1.9931534e-08,3.1681082e-09,2.0559776e-06,6.9077075e-08,1.5860016e-07,2.8766468e-07,6.102534e-08,1.3895668e-07,4.2568664e-09,0.008799085,5.161265e-08,1.1857704e-08,6.54348e-08,2.5809857e-08,1.0297368e-06,5.2109105e-08,1.7638592e-09,8.0519655e-08,1.2380556e-07,8.470231e-09,5.593658e-08,2.4011957e-08,2.354878e-08,2.7470892e-07,3.4983105e-07,3.7143213e-09,5.8079036e-07,1.4919745e-08,1.01431326e-07,1.9710224e-06,8.082059e-09,1.339053e-07,5.297131e-08,7.6927836e-07,8.244123e-08,3.2163743e-07,8.802428e-08,1.3652604e-07,7.744923e-07,4.9704465e-07,2.4380003e-07,2.4400697e-08,6.809647e-07,2.8362429e-08,1.2746064e-08,2.5342581e-08,1.9414584e-10,2.5867945e-07,1.5559012e-07,2.275195e-06,4.0451667e-07,2.0954126e-06,1.2116025e-08,1.0836385e-07,1.9238293e-08,6.760637e-07,1.166527e-09,4.3689107e-07,0.00066792435,0.0010613394,5.4463516e-07,2.0054285e-08,1.9242696e-08,1.6919794e-09,2.401682e-11,2.7453189e-07,8.871072e-09,2.77843e-09,2.9968444e-07,7.148947e-06,1.185688e-10,3.8922426e-08,2.055995e-12,4.0835198e-07,2.1176405e-09,8.05794e-07,3.109459e-08,8.502511e-08
BC2026_Train_0025_S22_20211127_024500_005,3.8828465e-09,1.2549253e-06,8.042669e-06,0.0018385787,2.0721838e-08,2.4095903e-09,4.0220744e-08,6.684816e-05,0.0020516387,0.9979918,0.97613674,5.480505e-07,7.7727526e-07,7.4179987e-09,1.5419994e-07,0.007543906,4.8691754e-07,6.408142e-10,0.025286973,1.7001978e-06,4.7215365e-10,0.0007055182,1.1280609e-05,1.4608843e-06,6.980863e-05,1.425374e-09,3.905561e-05,2.2422196e-08,2.765402e-06,0.0010401743,4.2692758e-05,1.7047877e-06,0.00016479324,3.6531449e-06,5.0200276e-07,1.6303496e-06,5.12683e-06,4.726033e-06,8.554661e-05,8.7760463e-07,0.00024727342,3.4510977e-05,1.1783201e-06,5.47667e-07,4.8018617e-08,2.4024553e-08,8.1225414e-07,4.933431e-07,4.5546312e-07,8.517522e-07,2.648843e-07,1.909849e-07,1.8012554e-07,0.00012348745,2.7374836e-06,1.7327908e-07,9.589114e-06,0.96969706,2.3617782e-08,7.114772e-08,0.00034269568,8.126588e-10,0.000828018,0.00095524895,4.7832787e-06,2.321768e-07,1.5284697e-06,1.386519e-10,1.1455965e-07,0.00025434038,2.6158695e-09,2.0309056e-07,2.5684588e-07,4.698897e-06,1.0177449e-06,2.9289444e-07,2.4028803e-05,2.5265078e-06,1.5573705e-05,7.630894e-07,0.00011297488,5.0002824e-09,7.788819e-06,1.9022213e-08,7.3900463e-07,3.5017829e-06,1.5670607e-07,1.5285863e-05,5.788666e-05,6.141534e-07,3.2574878e-06,8.7235355e-07,3.416475e-06,1.6604231e-06,3.507777e-05,2.5715812e-07,0.00071018527,0.0006385046,2.6684322e-06,9.565384e-06,6.7118917e-06,9.5873666e-08,4.4271066e-05,0.00053755427,0.0013004545,2.731759e-06,1.0828178e-08,3.3388112e-10,6.1698944e-07,1.2826263e-05,1.4278827e-07,0.0001514856,2.1616409e-09,1.4198143e-06,8.301976e-07,6.062438e-06,8.865881e-07,1.5970069e-06,5.0532236e-07,7.708149e-06,1.7586702e-06,5.6624884e-07,4.204563e-07,0.00010912883,5.571075e-07,2.854938e-06,1.0997837e-05,5.065323e-06,4.473039e-06,3.501026e-05,3.189438e-06,1.051407e-05,2.1449344e-08,4.929584e-07,3.2616546e-07,4.5414498e-07,4.3193675e-05,2.4255116e-05,1.4413949e-06,0.00031499783,4.2263546e-06,4.2101647e-07,2.605832e-08,2.2099023e-06,2.4413568e-05,1.2973128e-09,4.5757858e-07,6.1894766e-06,7.777323e-05,1.3020283e-05,9.4310074e-08,7.3833005e-05,8.054436e-06,2.8043473e-07,2.53394e-06,3.800093e-07,1.1128866e-06,7.283786e-08,1.0272688e-05,4.3049836e-06,3.4174427e-06,2.4981262e-06,2.831541e-07,1.6945742e-06,6.477332e-08,0.016529255,2.8991888e-06,8.455713e-07,1.8661497e-06,2.7702565e-06,5.5180108e-06,1.5729421e-06,1.1808233e-08,4.6189407e-07,2.2292266e-05,5.826878e-07,4.1930866e-07,2.6945443e-07,2.507963e-07,1.6745566e-05,9.122867e-06,1.5829657e-07,1.2790157e-05,7.065768e-07,2.426401e-06,2.149466e-05,3.5213553e-08,1.6374206e-06,7.7314405e-07,1.1039974e-06,1.8782607e-06,5.234728e-05,6.075427e-07,6.6059124e-06,5.0934673e-06,2.6758019e-06,2.1493386e-06,1.07485285e-07,1.32068935e-05,3.6322558e-07,2.1299039e-07,9.916379e-07,2.215707e-09,1.0670346e-05,3.039384e-06,0.00010981445,1.5668556e-05,6.9011885e-06,9.555852e-07,1.19913e-06,1.1797127e-07,5.983849e-06,2.0697969e-07,6.5375752e-06,0.0037999013,0.005895133,2.5133168e-06,3.2647124e-06,1.877423e-07,9.230954e-08,3.786944e-09,2.9243388e-06,4.3479335e-07,7.547519e-08,6.0374955e-06,7.7213816e-05,1.8554577e-08,6.780111e-07,1.2176856e-09,3.3718675e-06,7.5638475e-08,1.946056e-05,3.8928673e-07,5.708707e-07
BC2026_Train_0025_S22_20211127_024500_010,2.584954e-10,5.4009695e-07,5.370048e-06,0.0016463866,2.2541533e-08,3.149838e-10,2.2352806e-08,2.9586168e-05,0.00011431364,0.9985158,0.98462754,7.8778794e-07,3.783148e-08,9.839494e-10,6.4598495e-08,0.00048571246,1.1344656e-07,9.864707e-11,0.0019787995,2.662796e-07,9.1706774e-11,0.001996457,3.2951662e-06,8.973752e-07,1.5009539e-05,4.865183e-10,7.156034e-05,4.1723496e-09,6.686617e-08,0.00015564644,4.046533e-05,1.3150108e-07,0.00010415264,1.5907065e-06,1.4930328e-07,1.582184e-07,8.478767e-07,6.2883515e-07,7.7506025e-05,2.0464537e-07,0.00031218276,2.7410193e-05,6.8313983e-07,3.0312876e-08,1.2656042e-08,7.4319337e-09,1.6335213e-07,7.223643e-08,6.436444e-08,1.06745496e-07,7.1098064e-08,5.7458056e-08,4.8903257e-08,0.00018520649,4.578147e-07,4.8028692e-08,7.712692e-06,0.9471845,1.6177973e-08,5.2829425e-09,4.0340572e-05,1.9123762e-10,0.0002309489,0.00032104884,1.04127275e-05,8.5034344e-08,3.5875703e-07,2.5047723e-11,3.0256384e-08,6.140669e-05,1.8077176e-09,1.0820625e-07,5.418976e-08,1.6717997e-06,2.6569114e-07,1.0220211e-07,7.4413224e-06,9.182222e-07,2.6369584e-05,2.556438e-07,3.9858176e-05,1.7718201e-09,5.319596e-06,3.8640366e-09,1.9241563e-07,5.0885246e-06,1.9381292e-07,8.335802e-06,2.2789322e-05,3.959775e-07,1.9478662e-06,3.2674862e-07,1.6861416e-06,6.5785684e-07,9.722384e-06,5.4425726e-08,2.5288839e-05,0.00010479689,9.629101e-07,1.7409467e-06,2.0401706e-06,1.1922588e-08,5.038939e-05,0.00017074328,0.00022647885,1.1169898e-06,4.7691193e-09,1.8562983e-10,7.7941465e-08,8.500801e-06,1.2896622e-07,5.771436e-05,1.038677e-09,6.591053e-07,2.6118062e-07,1.8560331e-06,3.0748544e-07,5.7508976e-07,1.7517272e-07,5.3454455e-06,8.71714e-07,3.860893e-07,4.5405446e-07,4.1120376e-05,4.1488143e-08,9.3461875e-07,1.1053671e-05,2.8474715e-06,3.2000255e-06,1.4420948e-05,2.912471e-06,4.496455e-06,1.6658564e-08,2.0014531e-07,2.6578184e-07,4.1912676e-07,1.0194808e-05,8.1133585e-06,3.1423286e-07,3.0732044e-05,3.3007834e-06,3.2111916e-07,4.1853912e-08,7.876557e-07,5.7953224e-07,1.2307987e-10,2.3554357e-07,6.691676e-06,1.442411e-05,3.9329366e-06,1.4872894e-08,1.5462181e-05,2.2945992e-06,7.673295e-08,1.2409971e-06,1.7057978e-07,7.79112e-07,1.568197e-07,2.2611264e-06,7.8582724e-07,7.858624e-07,1.1760578e-06,7.546373e-07,4.8686786e-07,1.9192258e-08,0.0040813717,2.433886e-07,1.8721359e-07,1.0041501e-06,4.251359e-07,4.4408926e-06,8.6135947e-07,7.761846e-09,5.003276e-07,3.0437957e-06,8.0522575e-08,3.9508916e-07,2.244079e-07,2.3890922e-07,1.3363642e-06,5.359273e-06,1.621938e-07,4.1278377e-06,1.0610283e-07,6.65715e-07,7.0434376e-06,2.8994624e-08,5.294313e-07,6.383299e-07,4.328187e-07,2.0860155e-06,1.7625738e-05,1.1652549e-07,1.006003e-06,2.1102746e-06,1.0681408e-06,6.890751e-07,5.9100426e-08,2.5747568e-06,2.556111e-07,2.4758333e-07,2.2595992e-07,4.791848e-10,7.097942e-06,3.3441395e-07,1.4629068e-05,2.145245e-06,1.5125394e-06,3.34863e-07,3.7896234e-06,3.822082e-08,2.6148991e-06,1.4214115e-07,2.4221745e-06,0.00019864792,0.0033691896,3.7862599e-06,2.0950837e-07,3.03627e-08,2.1245679e-08,8.081067e-10,5.485166e-06,7.114758e-08,3.566508e-08,2.3275843e-06,2.3040739e-05,2.175609e-09,1.7524724e-07,1.5137869e-10,1.2065024e-06,1.4061886e-08,7.9853035e-06,1.1372137e-07,9.723503e-07
BC2026_Train_0025_S22_20211127_024500_015,2.8523017e-11,3.1486756e-08,1.1548292e-07,0.0010229435,9.432006e-10,4.4767093e-11,1.8104227e-09,2.8445672e-06,0.00019468149,0.99890435,0.9966698,7.1898285e-08,6.239284e-08,9.963795e-11,3.9493746e-09,0.0020355955,9.0425365e-09,1.0782511e-11,0.010723567,1.5294435e-07,1.970617e-11,0.0016503722,8.7069644e-08,1.9371979e-07,4.381451e-06,1.3994847e-10,3.2006635e-06,1.6806001e-09,5.8624057e-08,9.130069e-05,5.2067608e-06,5.1323056e-08,2.0454856e-05,1.4350182e-07,2.69542e-08,4.4062094e-08,2.401952e-07,9.979614e-08,1.0040516e-05,2.1108546e-08,4.1441646e-05,5.0448825e-06,1.13300274e-07,1.3261293e-08,1.3243947e-09,6.4875755e-10,2.4954725e-08,1.487783e-08,9.329203e-09,1.7888505e-08,1.0433934e-08,8.713556e-09,7.7319395e-09,2.3872117e-05,8.776158e-08,1.5693633e-08,1.0268705e-06,0.9732963,1.7325992e-09,4.299042e-09,0.0003204464,1.9135464e-11,0.00054700667,0.0012314153,1.6232145e-06,3.4105806e-08,6.72527e-08,3.444221e-12,4.4950834e-09,8.890835e-06,7.8143644e-11,6.319177e-09,9.558422e-09,6.2707215e-08,1.0729168e-08,2.6972922e-08,2.6782732e-06,1.2067574e-07,2.6983475e-06,2.0113468e-08,6.719558e-06,1.5409843e-10,4.5689615e-07,3.966305e-10,2.3768948e-08,1.503406e-06,3.415587e-08,2.0626626e-06,7.050265e-06,1.6740328e-08,1.3889523e-06,1.1357516e-07,9.7036356e-08,1.6340744e-07,9.808732e-07,8.2428295e-09,3.4864013e-06,4.0242936e-05,1.7041913e-07,4.3243912e-07,3.1196922e-07,8.523416e-10,4.2818906e-06,0.00021173307,0.00033736485,1.6322024e-07,9.279544e-10,1.0398337e-11,7.482356e-09,1.2684254e-06,1.2558774e-08,1.0134465e-05,5.2512844e-10,8.268153e-08,3.7592244e-08,9.2378644e-07,1.9497467e-08,5.043301e-08,2.8646827e-08,4.4482576e-07,2.3286357e-07,1.1234901e-07,4.353713e-08,4.7216586e-06,7.871186e-09,2.071562e-07,1.1767826e-06,2.1554688e-07,1.1977094e-06,7.352392e-06,6.7062224e-08,3.7965611e-07,1.1954985e-09,1.652483e-08,1.9774275e-08,1.421392e-08,1.6872194e-06,1.3187347e-06,6.588791e-08,2.5305895e-05,9.4893676e-07,3.0429312e-08,3.7171635e-09,4.611788e-08,1.6328516e-06,5.658173e-11,2.49592e-08,1.6491883e-06,1.0858117e-05,3.8690024e-07,1.1228913e-09,3.461435e-06,4.4066468e-07,3.257833e-08,6.701734e-08,3.7982087e-08,2.5619117e-08,5.171649e-09,1.2637332e-06,7.2868836e-08,2.664539e-07,2.5952824e-07,6.922177e-08,1.1880461e-07,1.80749e-09,0.032030184,6.953777e-08,1.5266917e-08,1.7486494e-07,6.2066796e-08,9.503287e-07,9.739683e-08,8.542296e-10,8.6932076e-08,9.555218e-08,3.6714628e-08,1.5103131e-08,4.8660787e-08,4.7665477e-08,6.602157e-07,9.536269e-07,6.3565064e-09,3.3937587e-07,1.0464647e-08,1.94953e-07,3.2659486e-06,4.6718656e-09,1.6995057e-07,6.364977e-08,3.367968e-07,8.850711e-08,7.286855e-07,4.0769827e-08,3.435604e-07,9.2006394e-07,5.1466765e-07,1.2035301e-07,7.976237e-09,2.9725757e-07,6.5803243e-09,1.883189e-08,6.9012778e-09,5.316852e-11,2.792985e-06,1.7377239e-07,4.891581e-06,9.177478e-07,1.0325208e-06,1.6397765e-08,1.911387e-07,1.37252485e-08,6.1072143e-07,2.5110076e-09,4.144619e-07,0.00037294865,0.0007039546,2.375864e-07,3.1290266e-08,9.500024e-09,1.2561666e-09,5.6683054e-11,2.2773628e-07,9.428234e-09,1.7371028e-09,4.3426706e-07,8.653497e-06,3.0103064e-10,3.512581e-08,2.8852838e-12,3.8916457e-07,2.538509e-09,6.860889e-07,5.1819498e-08,5.3402964e-08
BC2026_Train_0025_S22_20211127_024500_020,2.9769043e-10,7.434915e-08,9.217425e-08,0.004980228,2.993018e-09,1.2063414e-10,5.153717e-09,1.2771497e-05,0.00014297383,0.9997074,0.9977366,5.875772e-08,5.971707e-08,2.3518995e-10,1.4863194e-08,0.00039748926,1.16329865e-07,4.9191883e-11,0.047000963,1.9854629e-07,7.165668e-11,0.00019017274,4.1315093e-07,1.5381983e-06,3.5489918e-06,2.9204952e-10,1.0169939e-05,2.3337539e-09,2.4944113e-08,5.7280267e-05,8.8801724e-05,2.0128616e-07,0.00019970779,3.2394855e-06,2.3469512e-07,3.0493698e-07,8.6063926e-07,7.238386e-07,0.00011451984,3.6735406e-07,0.00046195314,4.943792e-05,1.0957488e-06,3.9240124e-08,1.0361013e-08,4.8220974e-09,2.2707569e-07,1.0200035e-07,9.52176e-08,1.7182751e-07,1.2984762e-07,1.1847265e-07,1.0942227e-07,0.00025875776,9.15805e-07,1.2376739e-08,1.4471673e-05,0.9916841,4.896185e-09,8.156422e-09,4.4744902e-05,3.1694963e-10,0.00040256156,0.00028354445,1.1300197e-06,1.3509732e-07,7.742214e-08,3.1928778e-12,5.057162e-08,1.0878857e-05,9.129617e-10,5.040964e-08,5.2400136e-08,2.4437148e-07,2.408014e-07,4.9833844e-08,1.6554535e-05,4.7895367e-07,1.9048e-05,1.337019e-07,7.468118e-06,1.0659911e-09,3.2625462e-06,2.5411542e-09,5.2534837e-08,4.0022574e-06,1.6705312e-07,2.4772369e-06,2.514383e-05,1.4336544e-07,2.8464806e-06,2.9519137e-07,8.6053996e-07,4.5460172e-07,2.8198533e-06,3.0258462e-08,3.9727027e-05,0.0002138908,8.5316844e-07,4.010519e-07,8.8211306e-07,5.526759e-09,6.4012183e-06,0.00032942803,0.00019080771,1.0870484e-06,6.177717e-09,2.9263543e-11,1.4293133e-07,5.377402e-06,4.667815e-08,6.9318805e-05,1.8950899e-09,6.2846163e-07,1.3523783e-07,1.6799332e-06,1.0211851e-07,6.0938453e-07,1.286374e-07,3.116512e-06,1.4194394e-06,2.5489763e-07,6.161739e-08,8.037202e-06,2.9099503e-08,1.3145773e-06,6.446169e-07,1.0449378e-06,4.092076e-06,2.6482283e-05,4.074448e-08,1.8951775e-06,3.4698495e-09,7.243594e-08,7.22713e-08,1.0502504e-07,1.1554356e-06,9.593321e-06,6.3482514e-07,0.00015232788,1.3759523e-05,1.2046554e-07,7.461378e-09,4.6032287e-07,3.2497305e-06,6.412711e-11,4.6371252e-07,1.3909686e-06,3.3192286e-05,1.1615375e-06,5.627794e-09,2.7720666e-06,1.4307673e-06,5.9226352e-08,3.0280782e-07,2.79653e-07,2.5942083e-07,3.8807304e-08,1.3388582e-06,4.5443178e-07,1.3303865e-06,1.0169396e-06,3.0552465e-07,2.9906118e-07,1.450718e-08,0.06740102,6.834409e-07,5.7907915e-08,1.3367874e-06,1.4653715e-07,2.8305847e-06,4.464369e-07,7.12944e-09,7.178311e-07,5.174024e-07,2.1019163e-07,1.5131639e-07,8.4552234e-08,1.6052799e-07,6.407671e-07,2.339015e-06,1.0351477e-07,2.6955647e-06,2.1089258e-07,2.0011115e-07,1.8820901e-05,5.357365e-08,4.122634e-07,4.009666e-07,6.875529e-07,7.8528785e-07,1.9398947e-06,1.2311443e-07,2.3582818e-06,2.7220353e-06,1.2870285e-06,9.198271e-07,6.8720816e-08,1.0307016e-06,3.5244533e-08,9.923487e-08,6.472256e-08,2.0763201e-10,2.4736273e-06,1.069828e-06,6.919469e-06,4.3759596e-06,1.4427194e-06,1.1969621e-07,7.5547047e-07,2.0689928e-08,6.3331736e-06,5.952679e-09,1.1834373e-06,0.0015244873,0.004668877,2.5600123e-06,1.4811101e-07,2.362418e-08,1.120329e-08,7.105855e-10,6.859169e-07,1.571035e-07,4.208494e-08,5.341063e-06,1.314531e-05,3.6690113e-09,8.435153e-08,7.7747295e-11,3.9462108e-07,7.128692e-09,4.8217553e-06,1.4217436e-07,5.280567e-07
BC2026_Train_0025_S22_20211127_024500_025,2.25168e-10,3.5928468e-07,8.6697577e-07,0.0039979913,7.805971e-09,1.9880449e-10,7.649312e-09,9.902404e-06,0.00019611252,0.9997831,0.9965462,3.9692156e-07,9.589945e-08,1.0139932e-09,3.8128345e-08,0.00088235916,1.4276512e-07,9.4815315e-11,0.023836248,8.5352815e-07,6.5677026e-11,0.0008264415,6.63155e-07,1.2527167e-06,7.601647e-06,4.2908485e-10,3.7333353e-05,1.05363265e-08,1.4379842e-07,0.00018395936,6.257203e-05,2.2134616e-07,0.00018616043,1.5279988e-06,2.2708825e-07,2.3713616e-07,1.1842209e-06,6.5126005e-07,9.361958e-05,2.4781815e-07,0.0003070971,3.9301674e-05,8.55896e-07,5.5203664e-08,9.218756e-09,5.0240003e-09,1.9592275e-07,1.5032137e-07,1.0265261e-07,1.5177686e-07,1.05479934e-07,8.870992e-08,7.735439e-08,0.00016826771,6.546063e-07,7.7675814e-08,1.5018932e-05,0.9805387,9.01378e-09,3.8206384e-08,0.00018646882,1.7367506e-10,0.0004238011,0.0007102486,5.900434e-06,2.0703732e-07,4.0276748e-07,2.0353866e-11,4.957759e-08,0.00020410116,1.3322666e-09,9.895948e-08,7.9245915e-08,3.549032e-07,2.5352665e-07,1.5377582e-07,1.4754817e-05,4.4803204e-07,4.3769e-05,1.6965454e-07,1.8069268e-05,1.5144807e-09,5.1735587e-06,3.3267729e-09,9.264927e-08,5.9137406e-06,1.13663255e-07,2.4272501e-06,2.491994e-05,1.684038e-07,1.3274703e-06,2.966026e-07,2.6920734e-06,5.861802e-07,2.5063252e-06,1.01346245e-07,8.603253e-06,0.00053091627,3.0629278e-07,1.1440674e-06,1.5065148e-06,9.19284e-09,2.4064735e-05,0.00038626237,0.00051493675,1.4062082e-06,4.3110147e-09,5.0769087e-11,5.755226e-08,7.0013075e-06,5.1238054e-08,2.8647059e-05,1.8699307e-09,6.1037673e-07,3.112533e-07,2.3582797e-06,2.094904e-07,3.366484e-07,1.849704e-07,1.2494095e-06,7.503631e-07,3.0955533e-07,1.7548741e-07,1.1651572e-05,2.6427413e-08,5.27802e-07,6.6718776e-06,1.5007188e-06,2.89834e-06,2.6613907e-05,2.0863766e-07,2.5725872e-06,1.1435787e-08,2.0731314e-07,2.6190918e-07,2.3297908e-07,4.6899745e-06,8.838901e-06,3.1024425e-07,0.00010060879,1.0982358e-05,9.654971e-08,1.7647485e-08,3.6963723e-07,6.094361e-06,2.0029149e-10,1.5787533e-07,5.5199157e-06,4.497725e-05,1.923158e-06,2.5274131e-08,7.0842752e-06,2.0838067e-06,7.4925275e-08,3.6764425e-07,2.8216263e-07,3.5966005e-07,5.101991e-08,6.4295327e-06,1.1363535e-06,1.9443955e-06,1.5568467e-06,4.9608286e-07,4.4678237e-07,2.1676533e-08,0.034401875,3.6437712e-07,1.2248555e-07,2.1294784e-06,2.41303e-07,4.6652613e-06,5.845345e-07,6.081905e-09,8.330822e-07,3.8318527e-07,1.0295281e-07,1.0694807e-07,8.741926e-08,1.1111299e-07,1.7400188e-06,4.000987e-06,1.6262918e-07,2.319153e-06,6.5866175e-08,4.918333e-07,2.2805976e-05,4.3814865e-08,6.8563173e-07,5.1768524e-07,1.8471403e-06,7.297982e-07,4.6431087e-06,1.1500528e-07,1.2126161e-06,2.6600042e-06,2.008874e-06,5.772641e-07,9.1190614e-08,2.3405905e-06,7.877017e-08,2.8911052e-07,1.01120904e-07,4.972461e-10,3.1369768e-06,9.96542e-07,1.2528562e-05,3.3536744e-06,1.9389422e-06,1.146975e-07,2.1245494e-06,2.7367022e-08,3.1912518e-06,1.486708e-08,1.3266704e-06,0.00075871486,0.002053471,2.7427045e-06,2.4682777e-07,7.027712e-08,1.10159535e-08,8.205649e-10,3.0900956e-06,1.0513727e-07,4.4059657e-08,3.3124004e-06,1.8082248e-05,1.7574886e-09,1.2241513e-07,3.6172544e-11,1.2353776e-06,3.175835e-08,3.6291815e-06,1.5253912e-07,4.574826e-07
BC2026_Train_0025_S22_20211127_024500_030,2.3430433e-10,1.2717078e-06,2.104832e-06,0.006213647,2.4686676e-08,2.721365e-10,6.58561e-09,2.4586394e-05,0.00011209794,0.999193,0.9943045,3.2859012e-07,7.547591e-08,1.371059e-09,5.235647e-08,0.0007434272,3.5042703e-08,2.5451255e-10,0.00489724,7.151533e-07,1.4854763e-10,0.0022551408,1.7103782e-06,1.3842619e-06,4.389498e-06,1.1627995e-09,1.8038947e-05,1.0565306e-08,2.6091797e-07,0.00021010452,7.521607e-05,2.817676e-07,0.00017880721,9.687858e-07,3.1505627e-07,2.554369e-07,1.9626887e-06,7.800049e-07,9.857436e-05,1.5535747e-07,0.0002700666,4.0041956e-05,9.602086e-07,8.1698786e-08,1.3213121e-08,7.1823147e-09,1.9404374e-07,1.72093e-07,8.20979e-08,1.0853905e-07,1.1439992e-07,9.184449e-08,8.3009255e-08,0.00020366881,5.886928e-07,1.1290237e-07,1.010687e-05,0.9625994,4.2766192e-08,1.337825e-07,0.00030534455,1.5857513e-10,0.00042109753,0.00068220345,1.8364402e-05,2.9227e-07,9.615318e-07,2.4851612e-11,1.3775526e-08,0.00010422614,1.316617e-09,1.3159492e-07,4.9639468e-08,3.376632e-07,9.903671e-08,3.3698186e-07,9.153081e-06,7.8802833e-07,9.403368e-06,3.3686072e-07,1.1577946e-05,6.77951e-10,6.0138773e-06,1.9945368e-09,1.5171723e-07,6.12744e-06,1.4558869e-07,1.3538303e-06,3.0721527e-05,3.4839042e-07,1.5994516e-06,9.738184e-07,1.1728389e-06,8.499841e-07,6.404113e-06,7.049232e-08,1.585898e-05,0.00029673832,2.833826e-07,2.0086327e-06,1.2218364e-06,1.0967211e-08,3.113738e-05,0.00037103542,0.0005531162,1.4490747e-06,4.9212208e-09,2.4234303e-10,3.0873387e-08,5.476699e-06,1.2438343e-07,2.7466976e-05,4.861438e-09,1.0198514e-06,3.305747e-07,1.4000008e-06,8.51551e-08,1.1623959e-07,2.2324332e-07,2.595842e-06,1.3100831e-06,1.2883376e-06,2.114839e-07,1.4043901e-05,4.6031673e-08,3.997349e-07,3.6458084e-06,2.4641997e-06,2.7821602e-06,2.1219988e-05,1.4799623e-06,1.8516748e-06,2.4488914e-08,1.2946322e-07,1.2619144e-07,4.414537e-08,6.212291e-06,1.2243525e-05,4.875044e-07,7.453319e-05,2.7130657e-06,2.477449e-07,1.4507679e-08,2.0071472e-07,4.0410705e-06,8.4776734e-11,1.13367285e-07,2.341893e-05,4.1457617e-05,4.3399145e-06,1.6965593e-08,1.3919908e-05,1.4272472e-06,2.2058688e-07,6.0830274e-07,3.8605768e-07,7.9641984e-07,8.788369e-08,1.7440278e-05,1.4974106e-06,2.883326e-06,1.084463e-06,5.3779075e-07,5.6484066e-07,1.669661e-08,0.03067907,5.36129e-07,1.2023038e-07,4.2937225e-07,2.0930008e-07,7.2563125e-06,1.5206793e-06,1.0262927e-08,3.1739373e-07,7.012581e-07,8.106609e-08,1.1773895e-07,2.8859534e-07,1.7140754e-07,2.2332454e-06,4.380127e-06,5.3949364e-08,1.2961607e-06,3.411882e-08,6.327393e-07,1.4981496e-05,4.4329816e-08,1.0062237e-06,5.9264323e-07,1.526749e-06,6.082905e-07,1.9101208e-05,4.365808e-07,1.1129268e-06,2.5263946e-06,1.8081308e-06,8.546416e-07,1.2950545e-07,3.1238621e-06,1.6004846e-07,9.967972e-08,1.0053397e-07,1.1746473e-09,3.9208626e-06,1.0579098e-06,1.8054885e-05,5.840403e-06,1.4721609e-06,8.9649525e-08,1.2516265e-06,1.3436336e-08,6.7402952e-06,6.7767605e-09,1.8646376e-06,0.00102044,0.009264804,2.8307252e-06,3.4356958e-07,1.2981099e-07,9.273003e-09,4.3124515e-10,1.2014183e-06,4.57871e-08,5.1681308e-08,3.8857193e-06,2.8296532e-05,3.201707e-09,1.9233674e-07,6.813093e-11,1.7814571e-06,2.6602853e-08,3.0266167e-06,1.3969225e-07,4.2225054e-07
BC2026_Train_0025_S22_20211127_024500_035,2.4484694e-09,1.1036407e-06,8.002022e-07,0.036212932,7.940084e-08,2.1609058e-10,3.9910937e-08,2.0047468e-05,0.00024648957,0.99980885,0.9955449,3.8959382e-07,5.4173637e-07,4.485534e-09,8.526643e-08,0.00044172574,1.4455411e-07,5.6280486e-10,0.0058214827,4.6616897e-06,1.5165272e-09,0.000512505,6.146204e-07,1.5517076e-06,8.745619e-06,2.0424977e-09,4.5425582e-05,2.0762508e-08,2.516384e-07,0.00021446218,0.00013194997,4.8485225e-07,0.00016629418,1.529432e-06,5.632511e-07,4.0389259e-07,1.2080073e-05,2.424243e-06,0.00019456587,5.20058e-07,0.00032723654,7.1806484e-05,2.0550815e-06,1.1142114e-07,2.8372925e-08,1.9575534e-08,4.9427086e-07,1.8029482e-07,2.6120998e-07,4.4959606e-07,4.184925e-07,3.8695853e-07,3.2401545e-07,0.00016711424,1.4601113e-06,2.3836235e-07,7.4094423e-06,0.98234934,8.101427e-09,3.734452e-07,0.0011133077,2.487961e-10,0.00021785141,0.0009676947,8.838361e-06,6.961254e-07,8.859753e-07,1.2749893e-10,3.9795545e-08,0.00012353527,2.181855e-09,9.4980344e-08,1.0345457e-07,1.7988862e-06,3.111622e-07,5.3825096e-07,7.798749e-06,1.9552233e-06,5.999196e-06,2.951483e-07,1.309636e-05,3.6402712e-09,3.222188e-06,1.1490909e-08,6.655798e-08,1.43394855e-05,1.00312356e-07,2.900378e-06,1.39017875e-05,4.0958054e-07,1.1871304e-06,2.4493798e-07,2.0247492e-06,2.1030503e-06,1.7468807e-06,6.569015e-07,1.2879092e-05,0.0013858599,7.6464545e-07,1.377112e-06,1.098263e-05,9.924093e-08,3.7971036e-05,0.0031225828,0.0017862039,2.434769e-06,3.9006762e-09,1.1088951e-09,1.3391782e-07,9.462812e-06,2.4187713e-07,4.987975e-05,9.993724e-09,2.6348375e-06,1.9504542e-07,4.6292785e-06,1.5293837e-07,6.4067115e-07,4.310643e-07,4.1418048e-06,1.5781077e-06,2.353281e-06,5.953868e-07,1.5116155e-05,1.6616175e-07,9.728196e-07,7.701492e-06,8.7953754e-07,2.7822634e-06,1.942683e-05,4.96568e-07,2.2894035e-06,3.6890818e-08,1.1142204e-06,8.836825e-07,2.0233391e-07,2.3445164e-05,3.078643e-05,1.2880735e-06,0.0038756193,1.2087089e-06,1.2302257e-06,1.3256742e-08,4.87351e-07,8.317062e-05,7.351064e-10,1.08748345e-07,3.7289178e-06,3.8778966e-05,3.7154718e-06,8.8035854e-08,1.2996626e-05,1.4116002e-06,1.2610084e-07,1.912069e-07,3.769385e-07,3.025465e-06,6.793366e-08,8.961983e-06,3.7621087e-06,1.8602734e-06,6.485778e-06,3.73691e-07,2.6341493e-06,5.4613725e-08,0.0059813336,4.1787e-07,3.5476037e-07,8.760184e-07,9.609112e-07,4.136211e-06,4.6656882e-07,3.011929e-08,6.661564e-07,8.909218e-07,4.6509388e-07,3.6010178e-07,3.9207515e-07,8.947784e-08,4.5308784e-06,7.4918794e-06,1.14756794e-07,1.1703216e-06,1.0044503e-07,1.4534303e-06,4.5031666e-06,3.3545934e-08,8.8541276e-07,2.4818877e-07,5.74751e-06,2.0904406e-06,4.6511686e-05,3.4857854e-07,5.355283e-06,4.868428e-06,2.4046228e-06,1.7769945e-06,1.510148e-07,2.5223092e-06,2.0052529e-07,1.6722272e-07,2.7177762e-07,7.1208235e-09,6.4895703e-06,4.595076e-06,5.5565077e-05,1.0776178e-05,9.180601e-06,2.6492523e-07,1.9671895e-06,9.5500795e-08,4.5527563e-06,1.3348743e-08,1.3615032e-06,0.01220009,0.005476923,6.4886735e-06,8.214432e-07,5.26385e-07,2.2319066e-08,3.4441212e-09,4.1758817e-06,1.3576519e-07,2.0433998e-07,6.2682574e-07,4.420618e-05,3.6929664e-09,1.7492899e-07,1.1025655e-10,1.4013325e-06,9.049597e-08,3.1284474e-06,6.998938e-08,1.0808276e-06
BC2026_Train_0025_S22_20211127_024500_040,4.759448e-10,3.534545e-07,1.8266102e-05,0.0009726987,7.057815e-08,6.1094807e-10,3.9887786e-09,0.00023979774,0.00046915354,0.9990746,0.98710036,3.2505847e-07,1.433794e-07,1.3559466e-09,1.4794401e-07,0.0067515224,1.541151e-07,3.15549e-10,0.019588782,1.161378e-06,4.846548e-10,0.0019532822,2.6755874e-06,1.4679509e-06,3.339195e-05,5.715359e-10,0.00032088632,4.6832587e-09,1.2180665e-07,0.00038370915,2.9732682e-05,2.9527357e-07,0.000103307306,1.0132582e-06,2.1970868e-07,2.9049625e-07,2.4117444e-06,7.317426e-07,8.55853e-05,1.9533283e-07,0.00023931602,1.9741883e-05,7.6570285e-07,9.723163e-08,9.786997e-09,5.4271654e-09,2.1032878e-07,1.1034927e-07,1.1007536e-07,1.5743241e-07,7.41506e-08,5.8125924e-08,4.8547506e-08,0.00016054674,4.3771146e-07,1.5886415e-07,1.1576786e-05,0.9704149,7.3935054e-09,1.5969896e-08,0.00065455184,2.8234856e-10,0.00014497651,0.0021807814,3.1632833e-05,2.2626548e-07,5.704892e-07,3.7974138e-11,4.958505e-08,0.00083595846,5.967613e-10,1.4921915e-07,5.50573e-08,1.3532288e-06,9.105817e-08,6.878966e-08,7.39435e-06,1.898948e-06,9.146981e-06,1.507407e-07,5.4616823e-05,4.308121e-09,3.4203222e-06,6.361382e-09,9.5617814e-08,6.6134826e-06,7.939221e-08,6.1334376e-06,2.2453052e-05,5.2385997e-07,1.7905883e-06,2.894018e-07,2.7889923e-06,1.186312e-06,3.0872943e-06,1.908107e-07,6.931061e-05,0.0007816822,1.9430145e-06,1.4794091e-06,5.6908516e-06,2.0831292e-08,4.4063414e-05,0.00018913475,0.0005337091,1.4374141e-06,2.7295748e-09,2.8927644e-10,8.7267e-08,4.1039843e-06,4.3380876e-08,5.6941895e-05,7.65157e-10,7.272658e-07,5.5540517e-07,8.856078e-07,1.2106258e-07,2.615403e-07,2.2705187e-07,1.6916453e-06,3.969814e-07,7.5300045e-07,3.8291054e-07,2.1091835e-05,4.3709946e-08,1.430688e-06,5.452081e-05,1.2017665e-06,7.158895e-07,1.20741415e-05,2.4405854e-06,4.3758932e-06,1.1233204e-08,5.337405e-07,3.2669877e-07,6.933176e-07,2.4315308e-05,1.120175e-05,2.8589872e-07,0.0009955586,5.278131e-07,4.5067915e-07,5.1753197e-09,8.5041626e-07,2.7796732e-05,1.352495e-10,1.18671444e-07,5.4532716e-06,2.4527288e-05,5.656067e-06,2.6373083e-08,1.8910192e-05,1.0860838e-06,4.891315e-08,5.1952304e-07,4.352518e-07,1.347466e-06,7.8092654e-08,2.544554e-06,1.2038761e-06,5.230193e-07,2.5398674e-06,2.2605411e-07,5.670427e-07,3.6263227e-08,0.005680566,2.8204775e-07,1.6878084e-07,8.3526993e-07,1.6152003e-06,3.8602343e-06,3.125675e-07,6.1263226e-09,1.1509074e-07,3.1588409e-06,2.0127867e-07,3.9563812e-07,1.3504877e-07,5.805634e-08,1.3734292e-06,2.9088849e-06,2.1750543e-08,2.8804702e-06,1.393528e-07,7.2138386e-07,3.788084e-06,1.4170094e-08,3.9411185e-07,3.817201e-07,8.412608e-07,1.292666e-06,2.6946525e-05,2.545296e-07,2.3458035e-06,1.1872605e-06,1.2383797e-06,4.139476e-07,5.000018e-08,2.3049863e-06,3.0497475e-07,8.177081e-08,6.128902e-07,2.3934439e-09,5.4334673e-06,1.5502227e-06,2.0757478e-05,5.166848e-06,1.6403763e-05,3.943927e-07,1.989101e-06,8.423383e-08,8.839902e-07,3.8763066e-08,1.4656988e-06,0.0019485543,0.0006111469,4.4371122e-06,1.25584e-06,9.8727206e-08,5.3526968e-08,2.554999e-10,2.4700064e-06,1.0989789e-07,2.8865504e-08,1.4981475e-06,3.2586275e-05,1.2554672e-09,5.487173e-07,8.6379896e-11,7.976452e-07,2.0635108e-08,1.9551298e-06,6.482499e-08,5.4758345e-07
BC2026_Train_0025_S22_20211127_024500_045,1.4465644e-09,1.1702301e-06,1.2038119e-05,0.0033503645,1.6458371e-07,8.4755114e-10,7.823085e-08,0.0001226671,0.0002955736,0.99938095,0.99277025,2.1733285e-06,2.2243796e-06,7.918499e-09,5.6261007e-07,0.00064816506,3.7953959e-07,5.7531495e-09,0.003865111,1.1450483e-05,3.6266876e-09,0.0025937895,9.75165e-07,2.8629702e-06,3.7978432e-06,1.2359063e-09,0.00016644601,3.0035533e-08,3.5110781e-07,0.00029287455,0.00026781685,1.0844361e-06,0.0003088111,4.921415e-06,6.3445714e-07,2.0375649e-06,6.8861395e-06,1.9413567e-06,0.00047686306,1.1498505e-06,0.00093346584,0.00013441297,2.766998e-06,4.2456097e-07,4.2452648e-08,2.6222352e-08,4.930031e-07,1.5982457e-07,2.895774e-07,3.7492754e-07,3.6452968e-07,2.9188504e-07,2.6897789e-07,0.0007225206,2.27531e-06,4.782918e-07,3.6542882e-05,0.97788197,1.9146409e-08,1.7926236e-07,0.0005346477,6.533023e-10,0.0004930623,0.000932202,3.205332e-05,3.1736622e-07,1.5992123e-06,3.0751116e-10,1.612087e-07,0.00020021838,4.8821414e-09,5.4412897e-07,3.5083303e-07,1.2384339e-06,5.088928e-07,2.8798775e-07,1.941822e-05,3.271875e-06,2.5391784e-05,2.8865233e-07,3.180598e-05,8.640883e-09,1.2034664e-05,1.2124834e-08,1.2567969e-07,3.3813238e-05,8.027735e-07,1.0871421e-05,5.2564526e-05,1.3319542e-06,3.3874542e-06,9.696611e-07,8.681252e-06,3.2743844e-06,2.6552545e-06,2.1150245e-07,1.4438754e-05,0.0013571486,3.323773e-06,2.3226394e-06,1.0474608e-05,6.648795e-08,7.50923e-05,0.0005153902,0.0006611103,5.1956254e-06,5.995271e-09,1.3232331e-09,5.356951e-07,1.768762e-05,4.1746847e-07,0.0002971256,7.641117e-09,4.3416862e-06,4.609168e-07,2.4857327e-06,2.548427e-07,4.9704846e-07,7.4503305e-07,3.4619168e-06,1.054975e-06,2.5309837e-06,2.1648082e-06,3.6617395e-05,7.990402e-08,2.4779386e-06,6.108925e-05,3.4509992e-06,5.5771793e-06,4.08158e-05,3.3134115e-06,4.717598e-06,1.6517298e-08,1.582851e-06,8.919972e-07,9.274816e-07,6.473193e-05,2.879392e-05,1.6810229e-06,0.0008321921,2.281196e-06,1.7154422e-06,3.7371553e-08,1.960223e-06,6.148351e-05,1.1162631e-09,5.5678146e-07,8.2557235e-06,3.31566e-05,3.4758973e-06,6.79592e-08,1.3060926e-05,1.6422043e-06,1.6925021e-07,6.4768983e-07,1.0757651e-06,4.721519e-06,2.0353284e-07,1.13268e-05,2.099349e-06,1.0548965e-06,1.2328753e-05,1.6013656e-06,1.6019109e-06,6.147758e-08,0.005217076,3.3471198e-07,6.601496e-07,1.4199388e-06,2.2308698e-06,1.5754094e-05,8.2357985e-07,2.7002722e-08,4.9472027e-07,1.8200595e-06,3.7791213e-07,3.3272573e-07,7.6414835e-07,3.0683483e-07,2.1626952e-06,2.1885136e-05,1.1480026e-07,2.749886e-06,4.874356e-07,1.566163e-06,8.553472e-06,3.006155e-08,1.0620341e-06,1.4666929e-06,3.904128e-06,3.6231954e-06,4.2502685e-05,1.4400001e-07,2.9646762e-06,1.9026477e-06,2.822662e-06,2.6443909e-06,1.2450793e-07,2.8347936e-06,1.2550018e-06,3.8328355e-07,1.4309597e-06,1.26602435e-08,1.731334e-05,2.7539907e-06,3.532484e-05,7.169832e-06,1.8368433e-05,3.280456e-07,4.3156015e-06,2.3090561e-07,4.1887924e-06,6.767437e-08,4.331236e-06,0.001747963,0.0013252388,1.6899321e-05,2.4337219e-06,8.2481006e-07,1.6256142e-07,2.7048328e-09,6.7981046e-06,1.6016068e-07,2.1050796e-07,5.751326e-06,6.022388e-05,7.3809505e-09,4.7860664e-07,2.5644364e-10,1.8332921e-06,8.5146006e-08,4.4054086e-06,1.3095455e-07,3.1371235e-06
BC2026_Train_0025_S22_20211127_024500_050,4.5817283e-10,4.779507e-07,2.4921058e-06,0.007495132,1.421064e-08,2.6615057e-10,3.6962644e-09,0.00018950841,0.0023336678,0.99982184,0.9933084,4.914498e-07,8.952466e-07,4.5102846e-09,1.02718815e-07,0.004731269,2.721236e-07,3.3349476e-10,0.052774355,9.141645e-06,3.4565048e-10,0.00048513408,7.771648e-07,1.0473433e-06,3.7953043e-05,7.199373e-10,7.8359764e-05,8.739022e-09,1.6742314e-07,0.00032617446,3.7734488e-05,8.4893014e-07,0.00020049865,1.0454303e-06,3.4644026e-07,6.333007e-07,5.5090823e-06,2.2617692e-06,0.00011158858,3.1438245e-07,0.00033470016,3.483004e-05,7.1383266e-07,2.1899156e-07,2.5438467e-08,1.4597081e-08,6.148426e-07,2.9390455e-07,3.6898462e-07,6.3204214e-07,1.2589658e-07,8.927941e-08,7.781164e-08,0.00010960762,1.328558e-06,1.8096819e-07,2.8204772e-06,0.98817796,3.1852734e-09,1.2495222e-07,0.00068923674,3.3330336e-10,0.00020940535,0.0058672377,1.2283161e-05,4.557429e-07,1.425612e-06,4.2224942e-11,2.0423782e-08,0.00038665952,1.5730935e-09,8.577127e-08,7.8089975e-08,2.5148367e-07,9.57883e-08,9.308004e-08,7.855021e-06,9.0427454e-07,9.940524e-06,7.11955e-08,2.7094457e-05,3.1698366e-09,1.5775629e-06,4.38375e-09,5.8134237e-08,6.2346307e-06,2.5840643e-08,5.113734e-06,8.514691e-06,1.2980058e-07,1.3858007e-06,4.4997736e-07,1.4564564e-06,1.0647216e-06,3.2932874e-06,1.7233903e-07,2.3778055e-05,0.0060338597,8.49929e-07,1.7038515e-06,8.875915e-06,4.6663818e-08,2.2936123e-05,0.0012101844,0.0022698995,3.8837375e-06,1.7770017e-09,5.579865e-10,3.1234612e-07,2.2992147e-06,9.376553e-08,3.8731734e-05,1.40739e-09,6.5925246e-07,1.7595377e-07,1.6704356e-06,1.6936535e-07,4.2520807e-07,2.2873533e-07,4.4011804e-06,7.54939e-07,1.312886e-06,9.030562e-08,1.1121906e-05,1.1588893e-07,2.3372177e-06,7.3911147e-06,6.5739533e-07,7.5572126e-07,3.14808e-05,2.5125712e-07,1.4712081e-06,9.75005e-09,6.6338015e-07,2.5620443e-07,8.197584e-08,1.5428746e-05,1.3643896e-05,1.9018083e-07,0.001789511,3.8161966e-07,4.998382e-07,2.9522804e-09,5.169915e-07,7.1238144e-05,2.8741148e-10,5.6974812e-08,1.2238855e-06,2.2183707e-05,2.6935215e-06,3.0075146e-08,7.925867e-06,4.4301257e-07,8.953264e-08,2.3887006e-07,1.9273558e-07,3.7434592e-07,4.3407283e-08,2.4359395e-06,2.9641758e-06,6.838477e-07,1.0222019e-06,1.8161397e-07,3.6469244e-06,2.7858661e-08,0.0078463135,3.1821602e-07,2.5929666e-07,1.9411123e-06,6.4932016e-07,2.6712635e-06,3.9216562e-07,1.055747e-08,4.5075694e-07,9.57975e-07,2.70195e-07,1.0607856e-07,9.375069e-08,4.9853053e-08,2.7907538e-06,3.0176875e-06,8.666884e-08,1.5281183e-06,1.3608032e-07,2.524884e-07,3.140021e-06,1.1438515e-08,5.595302e-07,1.217047e-07,2.819318e-06,1.2748151e-06,1.1626985e-05,4.298147e-07,5.7533007e-06,2.244947e-06,1.0776349e-06,1.176473e-06,7.066558e-08,1.2201691e-06,6.461919e-08,5.984797e-08,3.5728002e-07,2.6350642e-09,8.121201e-07,9.099988e-06,3.177778e-05,1.5720509e-05,3.842092e-05,1.1369514e-07,6.6859144e-07,6.763372e-08,8.816507e-06,5.2330593e-09,1.1628864e-06,0.009048203,0.0028216667,2.4977878e-06,2.0758654e-07,6.761849e-07,2.6581752e-08,5.638643e-10,1.6389797e-06,7.3861514e-08,1.0801243e-07,7.248092e-07,2.2502292e-05,3.2822627e-09,1.3139841e-07,7.7999794e-11,4.416875e-07,1.7218701e-08,1.4807699e-06,6.0400254e-08,3.9160017e-07
BC2026_Train_0025_S22_20211127_024500_055,1.0129604e-10,2.3167385e-07,9.536811e-08,0.009568934,1.4719587e-09,2.6444265e-11,6.5845804e-09,1.6121197e-05,4.7804984e-05,0.9997652,0.9984193,2.0914726e-07,1.6286292e-07,6.8639666e-10,4.6487834e-08,0.0002988606,1.4240193e-07,7.40993e-11,0.052212168,9.969242e-07,1.3583015e-10,0.00027563208,6.425626e-08,1.7735373e-06,3.5912674e-07,2.9945407e-10,1.6642658e-05,5.952849e-09,1.4393378e-08,2.7431297e-05,0.00012803834,1.5786631e-07,0.00023793342,1.4791821e-06,2.975463e-07,1.7023883e-07,2.0518132e-06,3.6181675e-07,0.00015368735,2.096159e-07,0.00035503577,5.4276425e-05,1.1586036e-06,2.8026221e-08,6.5486088e-09,3.4101242e-09,1.3263474e-07,1.161895e-07,6.9871874e-08,7.3156556e-08,1.13239885e-07,1.14063845e-07,1.1398729e-07,0.00024686378,5.213485e-07,7.0528365e-08,4.6371337e-05,0.9928966,3.0208338e-09,1.7641516e-07,0.00012663193,2.0178925e-10,0.00016301736,0.00013201604,2.339017e-06,6.3670655e-07,1.5448946e-07,8.303332e-12,7.544065e-08,1.02546e-05,2.038777e-09,3.6713015e-08,6.985042e-08,8.506776e-08,1.0922791e-07,9.724832e-08,3.8521146e-05,3.7899486e-07,1.9837547e-05,1.108985e-07,2.6131816e-06,6.1808136e-10,8.233222e-06,6.556891e-10,1.7998742e-08,7.711796e-06,3.3754796e-07,7.128606e-07,1.4312203e-05,2.4538855e-07,8.473852e-07,1.1148113e-06,7.110043e-07,5.6144216e-07,9.4281086e-07,1.7665773e-08,2.4946905e-06,0.0007558326,3.2389894e-07,7.0304264e-07,1.2919745e-06,7.4675715e-09,3.5146231e-06,0.00026025414,0.00020048356,1.2250089e-06,4.7693285e-09,8.571603e-11,7.607774e-08,6.716265e-06,3.2523946e-08,3.0844265e-05,3.7103702e-09,1.0209598e-06,1.18013915e-07,1.6223526e-06,8.8006146e-08,1.8736434e-07,2.1736427e-07,9.2936403e-07,1.2104323e-06,1.2165277e-06,8.018967e-08,2.8467084e-06,2.1395492e-08,4.0341564e-07,1.5214366e-06,1.158038e-06,1.5956824e-06,6.167359e-05,4.464913e-08,9.1833687e-07,7.92932e-09,9.237805e-08,7.9140776e-08,3.2462093e-08,3.9931652e-07,2.4891344e-05,4.4007504e-07,0.00014066536,9.255394e-06,6.7929776e-08,5.2709455e-09,1.88238e-07,2.0555897e-05,5.672404e-11,2.356638e-07,2.061512e-06,3.377434e-05,8.1838425e-07,1.0098325e-08,9.2134053e-07,1.0789686e-06,5.0014194e-08,3.1288542e-07,5.641488e-07,2.3861185e-07,2.6765463e-08,7.920147e-06,6.8621125e-07,2.4147755e-06,8.4495946e-07,2.2620787e-07,4.213133e-07,9.511627e-09,0.079705216,4.746611e-07,5.7289085e-08,1.6266315e-06,9.7551506e-08,4.6746986e-06,4.460054e-07,8.691346e-09,6.3596195e-07,2.1579389e-07,1.2875903e-07,6.5424075e-08,5.8855978e-08,9.731865e-08,3.1482858e-07,4.8129755e-06,8.284791e-08,2.0066145e-06,9.59807e-08,2.7276926e-07,8.300621e-06,4.685441e-08,1.0112473e-06,3.30344e-07,1.6555704e-06,2.8978596e-07,1.8971867e-06,2.1733754e-07,1.5732375e-06,4.930317e-06,1.574659e-06,1.0533403e-06,1.2924596e-07,1.7567609e-06,2.875582e-08,1.3053123e-07,2.8534107e-08,1.1272152e-09,1.3203809e-06,1.3932494e-06,8.593126e-06,3.4783875e-06,2.4106591e-06,3.763917e-08,6.476701e-07,1.9588159e-08,2.0109663e-05,1.173239e-09,1.8915715e-06,0.0022916694,0.0032317657,1.6472567e-06,1.2355268e-07,1.4778833e-07,3.7009342e-09,3.545885e-10,1.2581189e-06,1.0061108e-07,8.1569546e-08,9.02838e-06,2.0672906e-05,3.1335223e-09,1.9117872e-08,1.7492367e-11,5.204931e-07,8.573068e-09,3.7060513e-06,7.659988e-08,5.277663e-07
BC2026_Train_0026_S22_20211128_004500_015,6.135083e-07,1.195245e-05,1.9671916e-08,0.41851097,7.249085e-06,1.3865328e-07,5.8720968e-08,4.370509e-06,5.9110607e-05,0.8591192,0.016412776,2.0722096e-06,5.501625e-08,8.1126565e-08,1.1626116e-08,0.0002465554,3.7059062e-06,3.4104168e-09,0.030793289,2.3639319e-05,1.7134693e-05,0.00019648929,2.4727951e-05,1.9653875e-05,0.00030113928,2.998211e-07,0.00097502477,5.2402936e-07,3.5862e-09,0.0106301755,0.00040691745,2.8393504e-07,0.00045499872,3.4183955e-05,6.456951e-06,9.899012e-07,2.1195394e-05,4.6237456e-06,0.00016772085,7.0160445e-06,0.00015131308,0.00019811034,4.0587573e-05,3.1604927e-08,3.98924e-06,4.907753e-06,7.3450333e-06,1.5121358e-05,2.1517997e-06,7.9502894e-07,1.0223529e-05,1.3044793e-05,9.201576e-06,0.00022915029,3.0997806e-05,1.8201537e-07,4.235512e-05,0.03266496,3.092914e-06,2.4466297e-07,0.0008679276,2.0696388e-07,8.499961e-05,0.004350359,7.801375e-05,0.00016234367,4.099643e-08,2.159536e-08,8.861775e-08,0.0003187447,1.8326197e-09,1.131086e-08,3.2401276e-05,6.895123e-06,4.1245203e-06,2.7074827e-06,5.6402687e-06,0.00012586881,1.2146879e-05,4.2163418e-05,6.006741e-05,1.0410402e-07,1.3944689e-05,9.942894e-06,1.973159e-06,1.0789999e-05,1.18860015e-07,7.5252765e-06,4.2181873e-05,1.493871e-05,0.00013786151,1.090754e-05,8.7401145e-07,4.847806e-06,3.869932e-05,0.00037224215,3.3731126e-06,6.1541345e-05,9.303118e-06,3.856694e-06,3.694828e-05,7.11342e-07,0.00026784264,0.80656296,0.025546754,3.351561e-06,5.0764277e-07,1.9938048e-05,1.4155677e-06,1.0418807e-05,7.3104557e-06,0.000158503,4.7683534e-07,1.47421315e-05,1.34109805e-05,1.3652733e-05,5.599024e-06,6.384434e-06,1.6624513e-06,2.6993437e-05,3.6899757e-05,0.0004574873,4.318648e-06,0.00027684754,4.6118905e-05,2.3033801e-06,0.00015311586,1.2092822e-05,1.3771852e-07,2.3844474e-05,1.0075239e-06,2.990934e-05,2.2512615e-05,2.5831682e-06,2.7732603e-05,1.1539145e-05,0.00011656146,3.567145e-05,1.0766132e-05,0.013714802,5.587421e-07,4.7381272e-06,1.685182e-07,6.945789e-05,7.524426e-05,1.134256e-05,1.509529e-06,2.7816718e-06,3.898101e-06,0.000103660095,4.563989e-06,1.5302649e-07,2.6047642e-06,6.5612844e-06,6.4513966e-05,3.5562116e-05,1.2470811e-06,4.1061307e-07,3.2409207e-07,3.4009605e-05,1.813358e-06,7.6821625e-06,1.0296777e-05,1.4832652e-05,1.890359e-05,0.00012654708,9.7744945e-05,6.2315817e-06,1.5321473e-06,4.505327e-06,1.5667347e-05,2.7377052e-06,3.401622e-05,2.067813e-06,1.4717255e-05,8.910331e-06,6.8164763e-06,2.450205e-06,0.00011540682,4.4081316e-05,8.354687e-06,1.4059375e-06,1.9002877e-05,4.969996e-07,7.764841e-06,3.0313606e-07,9.746146e-07,9.22457e-06,1.2831226e-06,0.0011624603,1.0450949e-05,0.00027002723,6.946552e-06,6.061137e-06,4.6927005e-05,4.658093e-05,2.8669297e-06,1.3864464e-05,0.00028746156,0.00012577871,8.906389e-07,5.124964e-07,4.523936e-06,2.4489086e-06,2.576007e-06,0.00025146475,9.0772264e-05,8.44644e-05,2.7221652e-06,7.004179e-06,4.6485752e-07,3.2072738e-05,1.1007195e-06,3.855209e-05,0.0038295428,0.58569586,8.760645e-06,4.448058e-05,5.383377e-07,0.00012366468,1.5981769e-07,2.8317133e-06,1.20352615e-05,2.790054e-06,7.07353e-08,6.7214554e-05,4.0624826e-07,3.7317498e-06,2.2113832e-07,0.0005789009,2.1517575e-07,9.02958e-05,5.302082e-06,4.29933e-05
BC2026_Train_0026_S22_20211128_004500_020,1.8254533e-06,1.29622895e-05,4.5575984e-08,0.3997724,3.4640462e-07,1.0198751e-07,1.6710761e-07,3.9271645e-06,5.7195986e-05,0.85231423,0.098840676,2.2028196e-06,2.1907472e-07,3.9097802e-08,3.071785e-08,0.00011721293,7.12484e-07,1.0373352e-08,0.094957866,1.43550305e-05,1.2555586e-06,0.00035569115,5.537443e-05,6.5030275e-05,0.00017799887,1.4810564e-07,0.00030185503,1.7481891e-07,4.2788145e-08,0.0031862205,0.0049941763,3.5454973e-06,0.0029917748,0.00010514123,1.4481958e-05,7.8536805e-06,0.0001425162,4.8204907e-05,0.000798846,2.1217338e-05,0.0017116056,0.0014210518,0.00013443039,5.961811e-07,5.7499383e-06,4.7055473e-06,1.7719225e-05,5.7464975e-05,1.128248e-05,5.373583e-06,3.734332e-05,4.6918285e-05,4.6665136e-05,0.0016788609,9.70719e-05,2.710513e-07,0.0007281354,0.5135935,5.0183226e-06,1.6259321e-07,0.0014374001,1.1095245e-07,0.00021810686,0.0050772494,1.7902188e-05,0.00010602247,3.8043538e-07,7.754877e-09,1.555622e-07,9.317809e-05,7.474853e-09,1.1761097e-08,6.380228e-06,1.7180506e-07,1.13593715e-05,1.7061475e-06,7.4487566e-06,5.2992436e-05,9.741949e-06,2.526348e-05,1.6822236e-05,4.5016574e-08,1.2018686e-06,3.4179516e-06,4.646936e-06,5.220917e-06,3.5240703e-07,5.5805674e-05,3.9695784e-05,1.3486022e-05,0.00025110226,7.749055e-06,3.0671538e-06,7.2683083e-06,8.147969e-05,8.557838e-06,2.6345177e-05,0.0008421599,1.0529583e-05,5.2053856e-06,0.000102726066,1.1403529e-06,0.00017145558,0.1518053,0.016935574,1.556971e-05,6.8693873e-07,1.7575987e-06,3.2680364e-06,1.2300063e-05,1.1079073e-05,0.0006008241,1.679797e-06,0.00013884647,1.0633121e-06,5.995347e-05,4.9241944e-06,6.8651634e-06,1.702588e-06,1.278378e-05,8.6114205e-06,0.00076052855,1.7006145e-06,0.00011725005,2.6493954e-05,1.7992429e-06,1.0418389e-05,2.1722926e-06,1.1721592e-06,6.349626e-05,4.6398102e-07,0.00015634166,4.610281e-06,2.3362575e-06,8.23111e-06,8.379467e-07,9.114289e-05,3.3098724e-05,9.543689e-06,0.004314047,5.845869e-07,2.339451e-05,1.6669013e-07,1.402916e-05,1.0510691e-05,1.7049489e-07,5.212837e-06,1.6528145e-05,1.7948052e-05,4.9303686e-05,1.1911301e-06,5.7814225e-07,2.4112226e-06,1.1969503e-05,5.3020594e-05,2.5542524e-06,5.7443317e-06,4.586232e-07,3.2282562e-06,1.3360061e-05,9.009437e-05,1.1122574e-05,5.852809e-06,4.5633995e-05,1.2516691e-05,0.00048014068,0.00032691073,6.988859e-06,1.0205655e-06,4.3213124e-05,1.1771962e-05,2.3638527e-06,2.011233e-05,9.122424e-06,2.3608185e-05,1.8259328e-05,2.785359e-06,4.592973e-06,2.1180644e-05,0.00010545873,2.69956e-05,1.2781287e-06,1.7812934e-05,1.729266e-06,1.3208531e-05,3.1129355e-06,1.3681882e-06,9.910764e-06,4.2716083e-06,0.00043383264,4.789441e-06,1.1709105e-05,2.0714526e-05,1.718182e-05,9.3838105e-05,4.4907905e-05,8.071722e-06,3.2346354e-05,5.254919e-05,2.1982216e-06,4.420817e-06,3.0912815e-07,2.0687509e-07,1.2020626e-05,3.2790376e-06,6.8373425e-05,4.3543852e-05,0.00016916491,5.8129413e-06,1.3093002e-05,1.3388722e-06,0.000108703316,4.6340488e-06,3.4398672e-05,0.034742385,0.5829826,9.169576e-06,2.3936861e-06,2.6980797e-06,6.262818e-06,8.381347e-08,4.505456e-06,6.26553e-06,4.836331e-06,1.2561896e-06,0.00026603084,2.542618e-06,8.230097e-06,2.6427068e-07,4.1166208e-05,4.6358295e-07,0.00015942365,2.861832e-06,2.0127238e-05
BC2026_Train_0026_S22_20211128_004500_025,1.316799e-07,2.7405804e-05,1.7231251e-08,0.38627717,4.0953879e-07,4.529641e-08,6.375752e-09,1.0675735e-06,0.00036314304,0.52138567,0.06719885,1.3651633e-06,2.9686265e-07,1.615765e-08,3.2294363e-08,0.00042963645,2.023813e-06,1.8258058e-09,0.05899077,3.6307913e-06,1.4262293e-06,0.000117803094,1.2142259e-05,9.542843e-06,0.00010866673,2.9491196e-07,0.000119717355,7.061861e-07,3.359396e-08,0.006008814,0.0003686977,1.7139314e-06,0.00046411925,7.902937e-06,5.946876e-06,1.5521279e-06,7.009507e-05,8.497389e-06,7.829135e-05,3.5236276e-06,0.00011047794,0.00024262183,2.8268803e-05,2.848952e-07,4.427914e-06,4.074894e-06,8.367844e-06,9.204534e-06,2.735534e-06,1.0583276e-06,8.751777e-06,1.2459906e-05,1.0970487e-05,0.00010830796,3.1843854e-05,1.4897444e-07,0.00014594923,0.60452443,3.682548e-07,9.115345e-07,0.010206212,1.453089e-07,0.003618641,0.0038572338,6.0985523e-05,1.253681e-05,6.6570806e-08,5.2110276e-09,1.2714843e-07,4.8228678e-05,2.0904678e-09,1.4529278e-08,1.5502934e-05,7.823771e-06,9.017822e-07,2.1921799e-06,7.719755e-05,3.1122625e-05,8.676916e-06,1.3046834e-05,4.621034e-05,1.7584753e-08,3.1103186e-06,2.4816845e-06,5.071171e-06,1.4309843e-06,9.5223925e-07,4.4921264e-05,4.3931544e-05,1.06211055e-05,0.0001222346,1.1074584e-05,4.518687e-07,1.2826287e-05,5.594795e-05,1.7697474e-05,2.1417174e-05,0.00014899566,4.384699e-06,6.6722087e-06,6.876536e-05,6.3541455e-07,9.0857306e-05,0.03779269,0.027429173,1.7775319e-06,6.485342e-07,6.4387643e-07,7.7595615e-07,1.2808198e-05,1.4977234e-06,4.4293654e-05,3.742881e-07,3.2567015e-05,5.550305e-06,2.288096e-05,2.4584888e-06,1.4448079e-06,5.99879e-06,5.7582478e-05,1.6410804e-05,0.00034768853,1.6442746e-06,0.00013329323,4.6143192e-05,2.391165e-06,5.9247737e-05,6.6758817e-06,4.9772865e-07,2.3025847e-05,2.7823694e-06,3.128567e-05,4.288753e-05,2.64083e-06,5.1545735e-06,2.3375321e-06,2.3793637e-05,2.3796132e-05,2.8056525e-05,0.01808112,3.7121317e-06,2.806546e-06,4.5396357e-07,1.641057e-05,5.7062134e-05,2.0045857e-07,1.0121821e-06,4.9935984e-06,7.137313e-05,7.974164e-05,3.4659765e-06,1.9770634e-06,1.11456575e-05,4.8250854e-06,6.696454e-05,1.1937026e-05,3.2948515e-06,6.1594946e-08,3.0215149e-06,1.5060411e-05,2.376935e-05,1.7192997e-05,1.002471e-06,8.45404e-06,8.736483e-06,0.0017075553,0.00016003853,1.9842319e-06,6.8376295e-07,2.5540437e-05,4.1725734e-06,3.627265e-06,5.4818925e-06,1.9660663e-06,1.6995275e-05,1.0422524e-05,1.4949326e-05,3.715663e-06,8.042582e-05,6.73597e-05,2.3262626e-05,1.562785e-06,5.03721e-05,7.7375705e-07,7.0073525e-06,9.481773e-06,2.016917e-06,2.1501222e-05,3.7920056e-06,0.00027766274,5.229957e-06,1.412814e-05,0.00019700086,3.7228256e-05,0.00023431984,2.2748913e-05,1.1505686e-05,1.3075794e-05,0.00010794019,1.1553365e-06,7.1465695e-07,2.6985506e-07,2.612531e-07,5.7067596e-06,2.9993225e-06,2.9745586e-05,0.00013115766,2.1028673e-05,1.1905429e-06,7.077569e-06,3.7975067e-07,0.00022019971,6.0559034e-07,2.4518635e-05,0.0110625,0.3112346,1.330082e-06,1.1562365e-05,6.7692235e-07,2.0250468e-06,5.0298038e-08,1.2993388e-06,8.312526e-06,1.0160807e-05,9.967274e-06,0.00020494807,6.534817e-07,4.0748864e-06,9.705431e-08,7.856934e-05,1.3822168e-07,0.00037079377,2.651143e-06,3.760251e-06
BC2026_Train_0026_S22_20211128_004500_030,8.381984e-07,8.902101e-06,3.6876468e-08,0.58074516,6.1723413e-06,8.230061e-08,2.646742e-07,2.9408395e-06,0.00012610236,0.51754904,0.09417715,2.3420885e-06,2.2896559e-07,8.8043414e-08,1.274728e-08,0.0006933335,2.2041077e-06,1.3207023e-08,0.029284466,1.2320654e-05,6.696172e-05,0.0008173757,2.5361971e-05,0.00010493811,0.00012049535,3.5373571e-07,0.00526385,6.556503e-07,1.4231688e-08,0.0064822477,0.0014608115,6.8229605e-07,0.00029816644,4.5801018e-05,2.4506082e-05,2.170404e-06,2.1933758e-05,6.7550054e-06,0.0002382435,1.200208e-05,0.00081768655,0.00067540916,0.00034835294,1.1979054e-07,3.0584176e-06,3.3947695e-06,6.1159735e-06,3.7237617e-06,1.8144497e-06,1.1609073e-06,4.3657365e-05,4.746398e-05,4.2806703e-05,0.0010690724,4.7957357e-05,1.4769743e-07,4.375957e-05,0.4084989,3.976182e-06,8.464781e-07,0.008408265,2.2385473e-07,0.00039642627,0.01913966,0.00030760842,0.00052250264,7.4771656e-08,7.1825646e-08,1.943309e-08,3.4849403e-05,4.055002e-09,1.1846733e-07,2.1978418e-05,8.20275e-06,3.3101742e-06,1.2412418e-05,3.7183568e-06,0.000101826176,1.1800344e-05,1.2203471e-05,4.7919184e-05,2.7444443e-07,7.908237e-06,5.7203215e-06,6.703619e-07,8.755935e-06,8.912353e-07,2.682975e-05,6.9463655e-05,3.1655978e-05,0.00026121672,9.48711e-06,1.2649898e-06,4.047647e-06,4.5383153e-05,4.8400354e-05,3.0905405e-06,2.1188242e-05,1.0316023e-05,6.2551476e-06,8.9523746e-05,8.346655e-07,0.00010619457,0.7228592,0.00882671,8.367677e-06,5.623698e-07,1.3269981e-05,9.2103136e-07,2.0816333e-05,1.0170521e-05,0.00017654352,1.33137e-06,3.8139642e-05,1.0385049e-05,2.2949995e-05,8.228786e-06,3.5682483e-06,3.2772773e-06,2.5617448e-05,1.0781091e-05,0.00042019552,1.7308337e-05,0.00025545538,6.5835186e-05,2.6192245e-06,6.9353446e-05,7.3319393e-06,4.394292e-07,3.0123545e-05,2.6779384e-07,0.00011906967,6.2360577e-06,1.0151364e-05,3.1877855e-05,2.4923552e-06,5.4850916e-05,9.28639e-05,1.0147375e-05,0.017541412,1.0629614e-06,1.447736e-05,5.990044e-07,2.8476388e-05,2.7070826e-05,2.6664454e-06,4.5477614e-06,1.7487542e-06,4.8844677e-06,6.122286e-05,8.6717955e-06,2.6224637e-07,7.987474e-06,8.017849e-06,3.072718e-05,1.6638785e-05,7.355282e-06,1.524722e-07,9.3275503e-07,8.88635e-06,1.094027e-06,2.4812898e-05,3.9790043e-06,4.4089098e-05,1.7614428e-05,0.0002192762,1.09982675e-05,6.2636896e-06,2.0587597e-06,2.913877e-05,2.398903e-05,2.888307e-06,6.660117e-06,5.7685575e-06,6.531717e-06,8.4121475e-06,3.753859e-06,1.0316692e-05,0.00010324931,1.39887625e-05,1.4991915e-05,1.201141e-06,7.9518926e-05,3.3431238e-06,8.7487315e-06,5.9801584e-07,3.2779997e-06,9.639845e-06,1.1489986e-06,0.00026025763,1.2955801e-05,1.974433e-05,5.7464686e-06,5.540373e-06,4.489947e-05,2.5246403e-05,2.9276704e-05,2.7531778e-05,5.643181e-05,2.6873251e-06,4.4395924e-06,8.5930577e-07,1.4879029e-06,8.876068e-06,1.7547567e-06,0.0003045323,6.386007e-05,9.769833e-06,7.754488e-06,2.3807617e-05,1.0930237e-06,2.4364655e-05,4.6089795e-06,4.305361e-05,0.0071964785,0.16303398,2.2677626e-05,4.254748e-06,1.0858777e-06,1.9344545e-05,1.6379501e-07,8.842391e-06,9.1414e-06,1.5587467e-06,1.5361267e-07,7.4394375e-05,2.1844187e-06,6.4954775e-06,2.9497664e-07,0.00019392672,2.008932e-07,6.824015e-05,3.9044116e-06,0.00015771408
BC2026_Train_0026_S22_20211128_004500_035,5.689999e-07,6.776226e-06,4.612067e-09,0.37050775,1.3434983e-05,2.1332947e-07,4.1085866e-07,5.43672e-07,0.00012103116,0.06789649,0.024024768,1.4503826e-06,5.4981524e-07,2.4474653e-07,1.42091485e-08,0.00018742711,2.151022e-06,3.3743885e-07,0.0042708227,8.428891e-06,8.512712e-05,0.0007952027,1.7996368e-05,1.9240171e-05,1.755632e-05,4.6478444e-06,0.00010755716,1.7570827e-06,7.500706e-08,0.0025670463,0.00020973945,1.7692599e-06,7.803875e-05,1.3151805e-05,8.829423e-06,3.3759088e-06,4.593767e-05,5.3246563e-06,6.798119e-05,7.840772e-06,9.6977616e-05,0.00012322796,7.181964e-05,4.6042035e-07,6.297838e-06,6.6664716e-06,9.3597955e-06,3.1371264e-06,2.2551847e-06,1.4265408e-06,2.1741413e-05,1.9794443e-05,1.7957536e-05,0.00011457489,7.907513e-05,1.1020498e-07,2.4961493e-05,0.1602609,1.2457211e-06,7.6747665e-06,0.01671091,1.9261668e-07,0.0017534322,0.008532217,0.00036255998,2.7157474e-05,8.450869e-08,9.728097e-08,2.3884105e-08,1.557993e-05,2.8767106e-09,4.677793e-07,0.00073233375,1.2563223e-05,1.5139292e-06,0.00015979836,2.763824e-05,0.00013117131,5.915782e-06,5.5364344e-05,0.000101844824,1.9144554e-07,2.6340655e-05,3.4394961e-06,2.604203e-06,1.4487844e-05,1.2689173e-05,1.5448946e-05,0.00080483215,0.0002523445,0.00038895704,2.9261573e-05,2.6072173e-06,2.300401e-05,9.504151e-05,7.21287e-05,2.3004825e-06,0.00011196345,6.2895547e-06,1.0460562e-05,0.00011255294,1.3638878e-06,0.000120161334,0.3297747,0.002517539,4.0516247e-06,7.4604936e-06,3.4045997e-06,2.4278845e-06,7.143298e-05,5.6280237e-06,0.0005101322,1.3752982e-06,0.00012095973,6.858926e-05,8.233314e-05,1.2263682e-05,1.8263137e-06,2.4997798e-05,3.22653e-05,3.4059423e-05,0.0011696133,4.661977e-05,0.00080776145,4.5319015e-05,2.599749e-06,0.00014570424,1.43707e-05,2.233703e-06,8.525702e-05,1.065584e-06,8.283147e-05,3.369594e-05,1.9045876e-05,9.892859e-06,3.5516227e-06,0.00014745117,0.00020908973,4.7193083e-05,0.013005393,2.0160749e-06,3.1475065e-05,4.141524e-06,5.097361e-05,1.9231476e-05,4.5759266e-06,9.035926e-06,2.716662e-06,0.00020930455,6.397331e-05,1.9877505e-05,5.789324e-07,2.4423747e-05,3.620071e-05,0.00010335461,0.00026161002,0.00011558303,5.846421e-07,1.0809545e-06,8.0150585e-06,1.3867128e-06,2.8470118e-05,1.5415906e-05,0.00011299676,1.786755e-05,0.0013686703,8.569966e-06,8.899496e-06,2.4343278e-06,4.5891167e-05,4.4096538e-05,4.2763036e-06,5.093608e-06,4.055088e-06,1.1223308e-05,6.283229e-06,9.310386e-06,4.650801e-05,0.0028579088,2.5073197e-05,4.166908e-05,5.9962504e-06,0.0002442943,1.9679137e-05,4.2129814e-05,4.7400754e-06,1.2624078e-05,4.3657197e-05,2.5108782e-06,0.0012235733,6.427362e-05,0.00017194412,9.571169e-06,6.890265e-06,5.6024408e-05,6.1087965e-05,5.00731e-05,9.734125e-05,0.00021421492,3.7752668e-06,1.0491343e-05,8.59096e-07,3.4727298e-06,5.645883e-05,2.3794407e-06,0.00027852654,5.9206508e-05,1.4034701e-05,7.876798e-06,1.6684595e-05,1.9048592e-06,5.6548222e-05,3.820515e-06,0.00015958778,0.0020697657,0.02328365,9.779144e-06,5.032639e-05,2.278313e-06,6.854983e-05,5.1027985e-07,9.245248e-06,3.518453e-06,1.7841298e-06,8.428211e-07,0.00017302351,8.621955e-06,2.2829281e-05,5.1367715e-07,0.0023121268,5.128685e-07,0.00017924234,7.3723395e-06,0.00018498323
BC2026_Train_0026_S22_20211128_004500_040,3.6314561e-06,9.142473e-06,1.4550609e-07,0.37421647,1.694803e-05,2.987365e-07,5.909563e-07,3.9418068e-05,0.00032261788,0.7974351,0.13270625,7.578621e-06,6.0890043e-06,4.3892072e-07,1.0448975e-07,0.00050290616,1.5041722e-05,9.669216e-08,0.008223569,3.8880135e-05,1.7772245e-05,0.0002843975,0.00012982516,0.00010506446,4.420702e-05,8.4900057e-07,0.0032478217,5.085056e-06,1.4960287e-07,0.0023275753,0.0005513366,2.6111438e-06,0.00036689092,4.1829124e-05,4.1184267e-05,2.4657043e-06,0.00042837136,1.4325844e-05,0.00045114802,1.5971462e-05,0.0004113543,0.0003026815,0.00020288017,5.646408e-07,5.060866e-06,4.2864867e-06,1.2113759e-05,1.07304095e-05,5.182714e-06,2.170555e-06,3.939124e-05,4.488406e-05,3.167639e-05,0.0005668363,2.5974961e-05,6.055378e-07,0.000112467336,0.15211153,5.0033475e-07,2.0710517e-05,0.017700406,5.354525e-07,0.00076295924,0.012239862,0.00035099112,0.0003261552,1.4270946e-06,1.6069356e-07,1.6075674e-06,0.00020053115,1.6731364e-07,4.46462e-07,3.740851e-05,5.1658776e-06,7.693321e-06,8.4313986e-05,0.000256519,0.00035010517,2.0444715e-05,7.866051e-05,0.00019195314,1.866043e-06,5.2473577e-05,2.3072489e-05,4.1754793e-06,8.047959e-05,4.3207406e-06,8.36666e-05,0.00015100377,7.175843e-05,7.621919e-05,3.7473208e-05,2.8174902e-05,0.00027269588,4.821341e-05,7.395089e-05,9.503598e-05,0.000526944,7.266928e-05,6.891431e-05,0.0014746842,5.868867e-06,0.0005767827,0.3410985,0.021825833,7.521076e-05,2.5262598e-06,2.1378912e-05,6.578308e-06,0.00011546845,1.6432463e-05,0.00017273208,2.8030502e-06,8.751026e-05,0.00017667285,0.00011977674,4.096046e-05,6.6971666e-06,4.8131365e-05,0.00018671114,6.705457e-05,0.0012599895,3.1662352e-05,0.00036423205,0.00020817982,3.2977125e-06,0.0003701672,3.1064123e-05,6.5206323e-06,0.00028005498,8.477477e-06,0.00035104717,1.4631886e-05,7.899464e-05,5.7768706e-05,5.6962654e-06,0.00033891835,0.00016828778,5.210473e-05,0.029996894,2.047398e-05,0.00012176496,2.9766318e-06,0.00011933156,0.0002964886,4.5226574e-07,1.004976e-05,4.8232683e-05,0.0026062564,0.00077173766,2.4285413e-05,4.382283e-06,4.6873647e-05,6.1127655e-05,4.8241473e-05,0.00021799417,1.9979982e-05,2.6564703e-06,1.01689975e-05,4.6416775e-05,1.5255601e-05,2.5107724e-05,7.1786376e-06,0.0009030182,3.364389e-05,0.0006165424,4.1625946e-05,7.5938064e-05,1.9992924e-05,4.160396e-05,0.00018242729,5.5407645e-06,1.5713867e-05,3.9669598e-05,4.0263665e-05,6.3170075e-05,3.243646e-05,2.5637584e-05,5.502123e-05,0.00011297521,8.710878e-05,1.790967e-05,0.00018844064,4.2952684e-05,5.1622024e-05,1.1912939e-05,1.0256536e-05,2.3990497e-05,4.486813e-06,0.0007280972,0.00014502519,0.00028426497,5.2896004e-05,5.21109e-05,0.00026812573,6.181644e-05,4.474832e-05,7.6429606e-05,0.00030067225,1.0890639e-05,4.377287e-06,1.599219e-05,1.9379902e-06,1.9844303e-05,9.6093805e-05,0.0011787607,0.00039012163,7.6374454e-05,2.1174868e-05,8.1262886e-05,8.9083005e-06,0.00028604627,7.3833294e-06,0.00012701639,0.047244478,0.033251323,6.0959304e-05,7.1974246e-05,2.5484625e-05,0.000104902574,2.8506122e-06,7.5256896e-05,1.6952023e-05,2.213832e-06,6.712358e-07,0.00069615897,1.696226e-05,3.822142e-05,1.1432701e-06,0.0004231824,1.5938695e-06,0.0007459689,2.9488929e-05,0.00033102036
BC2026_Train_0026_S22_20211128_004500_045,1.8926921e-06,1.116619e-05,4.346204e-08,0.28158364,2.1730735e-05,1.4938915e-07,1.5693308e-07,2.2250438e-06,0.00095981004,0.011816288,0.0990459,2.2067811e-06,9.928197e-07,1.9479428e-07,4.4875303e-08,0.0006730603,2.6847379e-06,7.770574e-07,0.004694525,2.5290215e-05,0.00040337312,0.0028005035,0.00010340439,0.00024116703,3.0264751e-05,1.4494507e-06,0.0005820154,3.0144355e-07,4.7645756e-08,0.0006251489,0.0002079759,5.785769e-06,9.717989e-05,8.837309e-05,6.914366e-05,9.884627e-06,0.00018621353,5.0938866e-05,0.00011873938,3.4637887e-05,0.0005901016,0.00020794258,0.0004874369,1.8294462e-06,2.3306771e-05,2.210089e-05,2.4087833e-05,2.8036998e-06,5.293645e-06,6.3603197e-06,4.8579634e-05,4.5538003e-05,4.5520686e-05,0.00041025854,0.00021010316,1.3600922e-07,1.1999425e-05,0.44917244,1.1404595e-06,5.599129e-05,0.09088704,5.5521934e-08,0.0070650526,0.18642063,0.0007804836,0.00010805646,2.05255e-07,6.36718e-07,5.93572e-08,1.4624344e-06,1.615691e-08,1.0786548e-06,5.3951888e-05,1.4915498e-06,6.6983466e-07,1.9211606e-05,5.4185042e-05,0.00017827385,1.9669998e-05,2.8966662e-05,0.00016769447,2.193899e-06,2.0109088e-05,5.0429344e-06,4.5310028e-07,9.666515e-06,1.0792438e-05,2.4180474e-05,0.0001349481,0.00018952305,0.00030282006,4.3910473e-05,1.6496335e-06,2.839233e-05,8.137633e-05,2.4365143e-05,1.6534324e-05,3.4781577e-05,7.525997e-05,8.798758e-06,0.0003006711,3.1242641e-06,0.00010308021,0.29409206,0.0013517413,2.0671429e-05,5.671413e-05,1.4670297e-05,5.4934953e-06,2.4014209e-05,9.4182105e-06,0.00023456616,5.6691187e-07,6.4782136e-05,7.2939285e-05,0.00010514313,1.2872008e-05,2.767592e-06,5.496187e-05,4.0639705e-05,5.172225e-05,0.0032785155,5.3438558e-05,0.00041995742,9.8010765e-05,2.523515e-06,0.00020175822,7.417722e-06,6.4527585e-06,6.5414665e-06,1.1330594e-06,0.00039341635,1.2997813e-06,3.844639e-05,1.7087208e-05,3.5520225e-06,0.00012819216,7.200541e-05,5.681205e-05,0.04227188,3.306111e-06,0.00011536137,2.1537979e-05,4.9755323e-05,1.8481025e-05,6.676962e-07,6.309458e-06,1.4136775e-06,0.00022086228,2.0063517e-05,4.963055e-05,3.281952e-07,2.450704e-05,2.428113e-05,3.8310605e-05,8.290504e-05,7.1569215e-05,1.2325979e-06,4.1720086e-06,5.2429805e-06,3.1996778e-06,2.827444e-05,2.2002623e-06,0.00012160993,3.0521143e-05,5.070928e-05,5.2219975e-06,2.5679501e-05,8.9819537e-07,2.7426093e-05,4.8114707e-05,8.223216e-06,6.16744e-06,4.4524168e-05,2.1090105e-05,2.8969396e-05,1.2128035e-05,9.174466e-05,0.00041953012,2.1518288e-05,2.749722e-05,1.4736498e-06,0.00036963698,2.5704174e-05,2.0890195e-05,3.995557e-06,1.4926064e-05,1.9389463e-05,5.3866715e-06,0.0006869036,6.833158e-05,4.8310478e-05,3.4679466e-05,3.9296352e-05,9.875698e-05,0.0002375535,0.00015953636,1.3639303e-05,6.233773e-05,9.209813e-07,2.7905922e-05,2.539049e-06,2.800616e-06,2.013073e-05,9.607805e-06,0.0005272228,7.080389e-05,3.909522e-05,2.5018617e-05,6.964579e-05,1.2670635e-05,5.6700983e-06,4.014887e-05,0.000155771,0.019381575,0.03307826,7.289112e-06,1.9184508e-05,3.1594373e-06,3.405384e-05,8.7815135e-07,2.9142577e-05,9.767643e-06,3.6291743e-07,9.669571e-07,0.0003928965,4.0259787e-05,1.2872278e-05,5.666178e-07,0.00014755383,3.1925254e-07,0.0005878343,5.9265108e-06,0.000104481594
BC2026_Train_0026_S22_20211128_004500_050,1.4364001e-06,1.7874996e-05,2.543643e-08,0.16829765,1.0200303e-05,2.0205913e-07,1.10404216e-07,7.382936e-06,0.0002642618,0.11493466,0.1287321,1.7146376e-06,9.569627e-06,3.1298003e-07,2.3478599e-07,0.001326254,6.6142834e-06,6.1675124e-08,0.024294304,0.00021881546,0.00015679431,0.0019192961,0.00012649484,0.00038098232,0.00012457102,2.38695e-06,0.0023581963,1.6184104e-06,6.6373524e-08,0.00048552683,0.0003737108,2.3488526e-06,0.0002237965,5.382829e-05,7.044472e-05,2.231338e-06,0.00031693716,2.3891385e-05,0.00017117642,1.607059e-05,0.00059324177,0.00016592514,0.00052473915,3.7588308e-07,5.9977665e-06,6.332202e-06,1.3205232e-05,8.267612e-06,6.394458e-06,2.9985104e-06,4.1974137e-05,4.8080175e-05,5.041107e-05,0.0005540269,4.4816054e-05,1.2835375e-06,0.000109795496,0.17281234,1.9624565e-06,4.556672e-05,0.032283947,2.7149605e-07,0.0009723433,0.013430383,7.403635e-05,0.0012017493,3.4752245e-06,2.481204e-07,1.0489266e-06,2.2266007e-05,5.3885696e-08,8.803653e-08,2.6391546e-05,2.435642e-06,3.9346587e-06,1.9274055e-05,4.8342e-05,0.00027673197,4.5036177e-05,6.486584e-05,0.0001362317,7.1777976e-07,8.07753e-05,1.132948e-05,9.2104265e-06,2.1746557e-05,1.0637588e-05,8.575219e-05,0.00019155473,6.5332795e-05,0.0003438683,3.6713656e-05,4.687131e-06,3.4283003e-05,6.152093e-05,4.731507e-05,3.5066532e-05,0.00043475584,4.523266e-05,1.1560503e-05,0.00069525896,4.964325e-06,0.00030521155,0.46504116,0.0060929228,1.342082e-05,6.936853e-06,2.9102639e-05,4.273943e-06,3.23624e-05,2.530901e-05,0.00015480233,3.538097e-06,8.339601e-05,2.6287054e-05,0.00013312392,3.199087e-05,8.578052e-06,2.4947669e-05,8.195628e-05,0.0005684805,0.007084441,4.431854e-05,0.00039078936,0.0002832318,4.311812e-06,0.00010929471,2.3330324e-05,3.0581987e-06,6.6632216e-05,6.733806e-06,0.00028857784,1.1238634e-05,2.1742657e-05,4.713403e-05,7.143821e-06,0.00018653818,9.433605e-05,0.00021723867,0.065351576,4.2781353e-06,0.00025079577,2.5053575e-06,8.001075e-05,7.923924e-05,1.5256763e-06,8.297494e-06,1.0598917e-05,0.00014957247,0.00017406518,3.4591245e-05,1.7127646e-06,4.3777225e-05,8.6563596e-05,4.945782e-05,9.4001116e-05,1.4450009e-05,2.8951492e-06,2.4416178e-05,3.9913135e-05,4.240948e-05,3.930831e-05,2.2024638e-05,0.00019449723,2.3132945e-05,0.0010874931,1.9905523e-05,8.0908445e-05,1.022234e-05,4.3099906e-05,3.830217e-05,2.7623484e-05,1.6326027e-05,0.00014680374,4.8680868e-05,0.00018226144,1.6955562e-05,2.2634222e-05,0.00010527425,6.690645e-05,5.9229835e-05,2.428306e-06,0.00011756633,1.5533731e-05,1.34462625e-05,2.9818025e-06,1.2680426e-05,5.8921905e-05,1.6914588e-05,0.0012124255,2.1447811e-05,0.00010528138,7.73672e-05,0.00015441947,0.000203757,0.00013419283,3.402615e-05,2.646741e-05,0.000102291364,1.2779636e-05,2.2813634e-05,4.4880794e-06,3.560902e-06,2.086224e-05,2.3527455e-05,0.0006310976,0.00046595422,0.00013427949,9.645905e-06,8.078624e-05,1.3568908e-05,0.00027823966,7.616319e-06,0.00017517158,0.09380952,0.19360892,1.9595203e-05,8.20441e-05,1.5646592e-05,3.471136e-05,9.441641e-07,2.7009377e-05,9.068186e-06,8.3870345e-06,9.24914e-07,0.0007762878,1.0894482e-05,8.159394e-06,2.3662969e-07,0.00013697847,1.3275131e-06,0.00025928332,9.255367e-06,0.00011128786
BC2026_Train_0026_S22_20211128_004500_055,6.56728e-07,9.420592e-06,2.724209e-07,0.027737975,2.1222417e-05,3.9880497e-08,9.2820454e-07,1.2015892e-05,0.0008937069,0.0037240447,0.0067281523,8.1084244e-07,4.3219316e-06,6.882024e-08,8.043078e-08,6.89038e-05,1.16172544e-07,9.392612e-06,0.0021748627,2.0854624e-05,0.00022827587,0.0014109027,6.706429e-05,3.5770652e-05,3.4195986e-05,5.7449665e-07,0.00028945322,1.1783567e-07,2.3235572e-08,6.822988e-05,0.00018836843,2.112518e-06,3.960311e-05,2.5538466e-05,1.5426305e-05,4.9489768e-06,0.0001019873,3.094535e-05,3.4396344e-05,1.5807174e-05,0.0003224491,0.00015223438,9.298211e-05,1.2341106e-06,1.12775215e-05,9.354522e-06,5.7971083e-06,5.037057e-07,1.2300005e-06,2.155277e-06,1.3183677e-05,1.3966767e-05,1.464737e-05,0.00018819536,8.614807e-05,8.7705516e-08,1.6845681e-06,0.5445192,1.8881799e-06,0.019280061,0.020623675,5.8569385e-09,0.0033489177,0.02834676,0.00039304054,1.22262445e-05,1.7605818e-07,7.356948e-08,5.960856e-10,4.484557e-07,5.204494e-08,2.3583855e-06,9.9466284e-05,1.7406646e-05,1.390328e-06,2.3931107e-05,7.055841e-05,8.042069e-05,1.7839522e-05,3.5608133e-05,4.120721e-05,3.569374e-07,5.160057e-05,3.0754456e-06,6.443839e-07,1.7856833e-05,0.00018283077,1.9750958e-05,7.301514e-05,0.0001871198,0.0002057365,0.0004983233,9.5246816e-07,1.5437576e-05,6.5213106e-05,7.4226823e-06,5.6113295e-06,4.0988674e-05,3.5373956e-05,6.808518e-06,4.800838e-05,4.0294067e-06,7.010884e-05,0.2046736,0.008301815,5.7877827e-05,4.3985583e-05,9.586558e-07,3.1364775e-06,1.671986e-05,5.619748e-06,0.00042282656,8.919428e-07,0.00030722478,5.4907177e-05,0.00014853691,1.3524171e-05,4.149605e-06,5.544259e-05,5.6472778e-05,2.6934833e-05,0.0028330726,6.519333e-05,0.00041741485,0.00012062422,5.3453077e-06,7.527068e-05,7.095063e-05,1.1786317e-05,1.4440902e-05,1.4247422e-06,2.2579268e-05,3.0366634e-06,0.00013805582,8.026318e-06,6.6025236e-06,0.0003109957,4.2083277e-05,0.00020115793,0.29239297,1.3908465e-06,4.4949033e-05,2.952859e-06,1.0669999e-05,7.113863e-05,1.5838143e-07,1.2874793e-05,4.230375e-06,8.012857e-05,1.32622e-05,4.303719e-05,1.2040151e-06,7.651585e-06,3.145484e-05,0.00011772888,5.142828e-05,0.001215091,2.592806e-07,5.8597798e-05,6.3822667e-06,4.90243e-07,3.3028027e-05,1.3012299e-06,8.1416e-05,2.6843416e-05,5.6228862e-05,8.606938e-06,0.000117288175,1.2756032e-06,2.6474681e-05,0.0001475824,6.3525913e-06,2.0696873e-06,8.293854e-06,3.5389512e-05,0.00024164416,7.073595e-06,0.008936066,0.000121514655,2.4368002e-05,8.886661e-05,2.912735e-06,0.00032409362,9.741642e-06,4.521455e-06,3.3021857e-05,4.2415327e-06,1.9942596e-05,1.5529882e-06,0.001140481,4.525587e-05,0.00012160379,0.00017532881,0.00012389815,2.8160828e-05,2.2747437e-05,0.00033280376,5.6543954e-06,0.000220348,4.6120226e-06,7.812645e-05,5.0467547e-06,2.900718e-06,0.00014264823,5.1901607e-05,0.0002045356,5.7896763e-05,7.025829e-05,9.645529e-06,9.407169e-06,1.1421212e-05,0.00011132925,1.4040699e-05,4.1155527e-05,0.014098752,0.15735428,1.4311358e-05,2.3553697e-05,7.7896875e-06,4.1863086e-06,2.232828e-06,1.0847755e-05,2.2253917e-06,6.1278206e-07,1.8540975e-05,0.0006895176,9.610691e-05,1.9978019e-05,1.6144641e-07,7.371896e-05,5.715059e-07,0.00075619895,6.121839e-07,2.4601406e-05
BC2026_Train_0027_S22_20211129_014500_000,6.072722e-10,4.565173e-06,1.1337103e-08,0.21989265,5.7715486e-09,2.6540287e-10,5.4006296e-08,1.5319908e-07,0.00020108219,0.9998042,0.9985631,9.716229e-06,1.2783245e-07,5.6797176e-09,5.1309943e-08,6.710472e-05,7.0308147e-07,1.1317479e-09,0.08837367,2.5448353e-06,1.3341585e-09,0.0015991797,9.699435e-08,2.3659343e-06,9.3831426e-07,2.673567e-08,4.426616e-07,5.2971007e-08,2.796933e-07,0.00010984733,0.00044997697,1.7699317e-06,0.00046336022,1.15431185e-05,1.3915178e-06,4.8932047e-06,3.8909366e-06,2.1442772e-06,0.0006271325,3.920788e-06,0.0009603016,0.00020490255,1.6535462e-06,5.801648e-07,9.284085e-08,6.2894436e-08,7.990689e-07,4.9505917e-07,1.0888185e-06,1.660941e-06,5.6956236e-07,5.7756694e-07,5.0247985e-07,0.0004238025,1.7124303e-05,1.853732e-07,6.588912e-06,0.9774646,9.61428e-09,1.2202186e-07,0.0010286039,2.8128708e-09,0.0006932096,0.0013920664,5.789959e-06,9.876701e-07,6.677739e-07,2.5116434e-10,1.1767385e-07,1.2930777e-06,5.679692e-10,5.2929274e-09,7.6032177e-07,9.1142334e-07,1.7700836e-06,3.3117516e-07,9.055595e-05,1.2217246e-06,1.8371268e-06,1.9461968e-06,3.3183194e-06,7.44247e-10,1.7536624e-05,1.0472189e-09,2.7170375e-07,7.842094e-07,1.5571954e-06,6.2032336e-06,1.697127e-05,2.1320366e-06,1.8670398e-05,3.2860937e-06,1.3557179e-06,2.4448902e-06,2.4639961e-05,2.7139146e-07,3.422221e-06,0.0013431695,5.640972e-07,3.855363e-06,1.4425885e-06,3.700816e-08,5.689512e-06,0.0013045719,5.961846e-05,7.13421e-07,7.704808e-09,4.474895e-09,2.179173e-06,1.9213999e-06,1.1385539e-07,0.00021210282,2.6953376e-08,3.3112572e-06,9.039088e-07,1.4157192e-05,6.5281904e-07,5.580748e-07,2.2809327e-06,1.76831e-05,1.0224631e-05,3.576329e-06,2.232331e-07,2.398034e-05,1.5156408e-07,1.2847082e-06,4.5360005e-07,1.313343e-06,1.5185823e-06,0.00014038075,9.511138e-07,1.0283363e-05,8.7270456e-07,1.5826322e-07,3.7954794e-07,4.8348735e-08,1.5352759e-06,2.527464e-05,4.152503e-06,0.0002436748,1.8013789e-06,2.153781e-06,1.6256467e-07,1.4358851e-06,7.066568e-05,1.390388e-10,5.7494333e-07,2.637837e-06,0.00026932376,3.1010745e-06,1.7459183e-07,1.7619909e-06,8.6752525e-06,2.9203923e-08,1.3021696e-06,8.4293765e-07,3.5110313e-07,9.125464e-08,2.7581827e-06,1.6737573e-06,1.6410098e-05,2.1836352e-06,1.6832801e-06,3.2979656e-07,4.1050807e-08,0.010684983,8.234485e-06,7.307134e-07,7.667311e-08,1.8743973e-06,1.1882516e-06,3.89741e-06,1.683603e-07,5.787822e-07,7.003818e-06,4.945642e-07,5.066082e-07,4.7800773e-07,7.3710413e-07,2.5304576e-06,4.965755e-06,4.3810064e-07,1.2406656e-05,4.923876e-07,2.8593824e-06,8.838614e-06,2.631804e-07,1.017809e-05,3.9009242e-07,1.3494115e-05,3.666436e-06,5.7610046e-05,4.8524777e-07,5.892764e-06,1.7870905e-05,5.7331345e-06,1.1206046e-05,1.4772745e-07,3.1604438e-06,1.5269334e-08,1.01203874e-07,5.7629048e-08,2.3105464e-08,1.2381764e-06,5.17105e-07,1.3412478e-05,6.714537e-05,2.2078693e-06,7.1940394e-07,1.6805069e-06,5.3264415e-08,5.585232e-05,3.874001e-08,4.8626925e-06,0.007913933,0.008403158,3.6626193e-07,2.1087146e-07,3.0868147e-08,8.924468e-08,1.4676415e-09,8.146979e-07,5.0141284e-07,8.076211e-06,7.584522e-06,4.5708995e-05,8.2077065e-08,3.625359e-07,5.1720623e-09,1.0614915e-06,1.16075265e-08,9.2616814e-05,7.0918745e-08,6.859549e-07
BC2026_Train_0027_S22_20211129_014500_005,8.859642e-09,2.7092083e-06,2.2554005e-08,0.71893054,6.9844695e-08,7.923737e-10,3.1158645e-08,1.1066686e-06,0.00021058587,0.99965346,0.9741911,4.71454e-06,1.6070139e-07,3.6702936e-08,7.819609e-08,6.275297e-05,3.259475e-07,6.0627023e-09,0.0015964729,4.3932837e-06,1.0545318e-07,2.0574782e-05,6.769482e-07,5.2221176e-06,1.027219e-06,8.573693e-08,1.5970663e-06,3.1232727e-08,4.4718167e-08,5.3148615e-05,0.00056659564,1.498775e-06,0.00017275134,1.6992826e-05,5.147976e-06,5.802529e-06,2.2191643e-05,8.2197275e-06,0.0006793134,1.3939263e-05,0.0005757065,0.00018114809,1.3073e-05,4.3844298e-07,4.2909737e-06,3.3483661e-06,6.5573877e-06,4.9195853e-07,2.901266e-06,4.754218e-06,4.2074576e-06,5.8579512e-06,3.8099924e-06,0.00034375506,0.00010264811,1.3003128e-07,1.093618e-06,0.79364675,1.3127154e-09,4.5925518e-07,0.0016290133,3.2459496e-08,0.00021125315,0.0013251645,2.1188564e-05,8.449639e-06,4.290955e-07,2.2320672e-09,5.7586636e-08,7.7188355e-07,3.6378627e-09,8.830119e-09,1.7695806e-06,5.1542984e-06,5.138163e-07,3.3548983e-07,9.944522e-05,0.00032292225,2.2542785e-07,2.4312085e-05,3.076031e-05,5.546972e-09,7.985275e-05,3.182827e-08,6.370151e-08,1.2948703e-07,2.4833598e-08,6.825935e-06,6.4467367e-06,5.442143e-06,9.605515e-06,1.431537e-06,8.5663174e-07,6.990446e-06,2.7451055e-05,1.1985286e-06,7.4622876e-05,0.0009810078,6.707841e-06,3.939853e-05,1.2788157e-05,3.08535e-07,4.085042e-06,0.012755765,0.00012361268,1.9514844e-06,8.618794e-09,1.3578682e-07,1.1967517e-05,1.2280607e-06,1.6779143e-07,4.362008e-05,4.642962e-08,5.0234225e-06,3.5794988e-06,2.4190188e-06,3.3167182e-06,1.0645733e-06,3.3169965e-06,0.00040269727,8.135052e-06,6.928365e-05,4.0610922e-07,0.00041279907,1.230633e-06,2.3734437e-06,4.935897e-06,1.8993175e-06,4.0561184e-07,5.813147e-06,3.1770978e-06,6.68516e-05,7.1421607e-07,1.0007201e-06,1.3675791e-06,1.5930154e-07,4.3450996e-06,5.8344707e-05,4.5962856e-06,0.0103535475,2.5020765e-07,1.2070169e-05,1.0070957e-07,1.29197115e-05,0.0002907446,1.6464952e-09,7.966395e-07,7.35813e-06,0.0002395619,2.0921416e-05,1.2859781e-06,3.967296e-06,1.5666614e-05,1.3132411e-07,1.6927741e-05,5.1972706e-06,9.2393276e-07,1.0233631e-07,5.535418e-07,1.6021279e-06,1.4383108e-06,4.8624142e-06,4.7303384e-08,2.6459977e-06,3.0198967e-07,1.7939841e-05,5.875744e-06,4.3204486e-06,2.7371178e-07,1.9604735e-05,6.269768e-06,2.5213135e-06,8.2499247e-07,7.00887e-07,0.0001328225,2.4272678e-05,4.724104e-06,2.6101006e-06,1.8694631e-06,5.4597376e-07,4.188729e-06,1.4940284e-06,7.614386e-05,3.7199743e-06,5.8419148e-05,2.1286064e-07,6.574217e-08,5.6270687e-06,1.3122046e-07,5.002618e-05,8.2326704e-05,0.015997231,2.0260068e-06,2.0233796e-05,2.5284957e-05,3.640806e-05,3.3897733e-05,2.022608e-07,2.6756288e-05,4.8488094e-08,1.2354026e-08,2.3499301e-06,1.9503607e-06,2.0539474e-06,6.934016e-06,4.6050172e-05,0.00037418137,4.3805485e-06,1.8786328e-05,5.7093877e-07,5.2584863e-08,8.666694e-06,1.3489289e-07,2.6262749e-05,0.076833375,0.005988837,1.5268699e-06,1.9457757e-06,4.5902176e-08,3.7788253e-05,9.2266905e-09,6.5709634e-07,2.2371057e-06,7.858063e-06,2.7301806e-07,6.0534046e-05,6.828213e-07,1.9011477e-06,8.1666593e-07,1.0681779e-05,1.9565082e-08,0.001274302,2.965794e-07,3.0955257e-06
BC2026_Train_0027_S22_20211129_014500_010,4.2665937e-10,3.6395031e-06,6.532379e-09,0.1509053,6.1422574e-09,3.173979e-10,1.3575561e-07,8.456401e-08,0.000121647405,0.99946076,0.98182744,5.7327347e-06,9.698973e-08,6.9723276e-09,1.7253944e-08,2.3829514e-05,1.1760317e-07,1.1275572e-09,0.0030975272,6.9382094e-07,1.3003525e-09,0.00036209245,4.226392e-08,1.2877356e-06,3.2514433e-07,1.0488385e-08,1.587869e-06,6.235668e-08,3.9741434e-07,4.3877786e-05,0.00027967023,7.645996e-07,0.00010869067,2.4649735e-05,9.333494e-07,6.8114077e-06,1.1211221e-06,5.768156e-07,0.00036074387,7.184172e-06,0.0003049614,8.215198e-05,1.1301327e-06,3.4183384e-07,1.1767508e-07,1.08943496e-07,1.9969859e-07,1.16917654e-07,1.7627255e-07,2.8621326e-07,3.2770038e-07,3.5552617e-07,2.8381186e-07,0.00030455607,2.2631417e-05,5.131287e-08,3.4184654e-07,0.7327948,1.1540284e-08,4.54567e-08,0.00031441546,1.7278174e-09,0.00028271112,0.0005420646,2.0102336e-05,8.4717755e-07,1.1630057e-07,7.828914e-10,1.1841075e-07,2.5854328e-07,3.2999126e-10,2.1356177e-09,1.671065e-07,5.887344e-06,4.283328e-06,1.3213743e-07,2.603669e-05,3.149642e-06,2.794392e-07,2.5293982e-06,4.9376013e-06,1.8259136e-09,9.770177e-06,2.8826315e-09,1.1951553e-07,3.5076278e-07,5.4422605e-07,4.6054074e-06,7.919392e-06,3.5732705e-07,2.5489533e-05,1.056729e-06,3.3142646e-06,6.9830566e-07,6.6119437e-06,1.1107754e-06,2.6353653e-06,2.0511934e-05,4.224507e-07,3.7487644e-06,8.5225923e-07,2.1305818e-08,1.4381914e-05,0.0024363096,3.3606695e-05,9.976251e-07,5.465872e-09,5.873136e-09,6.3567813e-07,1.2634742e-06,9.045041e-08,0.00042557268,1.051292e-08,2.1964445e-06,7.3792006e-07,1.7956277e-06,3.511527e-07,1.1202766e-06,1.3412607e-06,7.4318865e-05,8.817339e-06,2.2524657e-06,1.2579241e-07,5.4802087e-05,1.0066022e-07,7.027262e-07,7.6288495e-07,1.2156753e-06,6.803266e-07,8.192558e-05,3.1918696e-06,1.6528616e-05,2.0689875e-07,6.298928e-08,2.953454e-07,5.4759234e-08,2.8138707e-06,8.876356e-06,5.83013e-06,0.0002137642,4.7333032e-07,4.827723e-07,1.3661707e-07,1.0708794e-06,4.0020543e-05,1.2990008e-10,2.304212e-07,3.2295004e-06,0.00020042832,4.1448907e-06,6.7290415e-07,3.88008e-07,2.9656874e-05,2.4683525e-08,3.2795708e-07,1.312618e-06,1.5444836e-07,1.4949226e-08,6.7454636e-07,3.897808e-07,1.887474e-06,2.3388232e-06,4.4418948e-07,1.3181975e-07,1.514031e-08,0.00031859794,6.3924026e-06,5.436632e-07,6.816272e-09,1.359151e-06,1.3194367e-06,9.608195e-07,4.7057178e-08,8.958116e-08,7.995247e-06,5.74877e-07,7.50288e-07,6.7724983e-07,8.3790434e-07,8.0594003e-07,2.1085025e-06,1.316131e-07,1.0889859e-05,1.3947023e-06,6.741915e-06,2.1223136e-06,5.835086e-08,6.552336e-06,7.1602415e-08,3.3641268e-06,8.177771e-06,0.00021220054,3.4065505e-07,1.0817652e-05,9.014426e-06,5.723721e-06,4.931239e-06,3.450731e-08,6.2614563e-06,3.6064023e-08,1.4579357e-08,2.7423695e-07,1.7946123e-08,9.595055e-07,3.0996597e-07,1.6917122e-05,4.2179217e-05,9.043978e-07,6.875155e-07,8.0275197e-07,4.8584557e-08,1.4809612e-05,3.388948e-08,7.3853157e-06,0.0032735548,0.005274662,1.0826716e-07,1.7701444e-07,5.9025935e-09,3.088267e-07,1.0638805e-09,2.8725347e-07,2.5002183e-07,9.057003e-07,4.7564536e-06,2.7096474e-05,9.4275e-08,6.623706e-07,1.13239835e-08,2.2746547e-06,5.8879865e-09,0.00016881234,6.806985e-08,1.0274964e-06
BC2026_Train_0027_S22_20211129_014500_015,2.724645e-08,3.901761e-06,8.820713e-08,0.1231554,6.008026e-07,5.3465317e-09,6.483216e-08,4.2673113e-07,0.000119142016,0.85971004,0.98160136,1.2137048e-06,8.1273373e-07,6.781754e-08,3.435115e-08,0.00018100081,2.7645874e-07,2.9004565e-09,0.0004085326,4.379383e-06,5.753613e-07,0.00022465656,1.8199796e-06,6.3975626e-06,2.1611365e-06,7.642505e-08,1.3838085e-05,3.3171198e-06,3.373378e-07,0.00040550192,0.0001249005,1.9649904e-06,2.5734196e-05,6.3023135e-06,4.0625123e-06,4.1685007e-06,6.6718776e-06,1.845049e-06,7.9332225e-05,6.8393574e-06,0.00010511517,5.5606786e-05,1.7571412e-05,5.503236e-07,3.9984815e-07,3.3860996e-07,9.948774e-07,1.3847777e-07,3.6295967e-07,5.2745685e-07,5.2838145e-06,5.0134436e-06,4.489321e-06,0.00011196313,2.923276e-05,5.4176112e-08,1.5497053e-06,0.5711815,5.0857746e-08,1.180894e-06,0.010098454,1.2666378e-08,0.000828003,0.0061195497,6.905575e-05,6.3184243e-06,6.1590285e-06,1.9294331e-08,3.503929e-08,8.2199385e-06,9.309065e-09,3.711788e-08,3.8778344e-06,6.840102e-06,6.684571e-06,2.4457471e-05,3.446786e-05,5.705169e-05,3.0226072e-06,1.3992684e-05,6.246412e-05,4.7276504e-08,4.9728384e-05,7.866446e-08,2.602547e-06,9.148587e-06,2.0430696e-06,1.2828196e-05,0.00010530789,3.039039e-06,8.730405e-05,2.251862e-06,1.2311857e-05,7.6288816e-06,0.00010205355,7.273405e-06,4.8849847e-06,7.377501e-05,3.3628214e-06,1.3064115e-05,2.1923614e-05,1.252499e-07,6.0906368e-05,0.020514505,0.00021615379,6.4085534e-06,1.4983803e-07,1.8132805e-07,8.017291e-06,1.6609185e-05,1.262943e-06,7.977306e-05,1.0741996e-06,1.41527225e-05,5.2202404e-06,1.5121848e-05,6.6112e-06,1.6667026e-06,3.2702028e-06,9.37822e-05,1.475102e-05,3.2653465e-05,2.5559943e-06,0.00019362943,1.0298515e-05,8.058432e-07,5.773478e-06,1.1623859e-05,5.8602595e-06,1.4136644e-05,2.440825e-06,2.5864863e-05,3.689776e-07,2.5169197e-06,7.044942e-06,2.1703453e-07,1.119908e-05,0.00013459072,9.482488e-06,0.020163866,2.3564878e-06,2.7099807e-06,6.690953e-07,2.5802015e-06,0.0013211638,2.5858984e-08,2.7116223e-06,4.311582e-06,0.00010763513,2.2825385e-05,6.083357e-06,9.3343306e-07,9.156758e-05,5.3706626e-06,8.944514e-07,8.167265e-06,2.0363489e-06,4.7762995e-07,3.761169e-06,4.1799735e-06,1.5388497e-06,1.5999145e-05,4.2891043e-06,2.1254714e-06,4.6452783e-07,0.00029254777,1.2037648e-06,6.693661e-06,4.3823144e-07,4.0314957e-05,5.5240707e-06,9.965363e-07,4.237338e-07,2.6232567e-06,2.8212196e-06,1.785168e-06,1.0934523e-06,5.5108844e-06,1.970853e-05,7.816858e-06,4.4707926e-05,1.2592557e-06,4.893892e-05,1.6709499e-05,8.407112e-06,3.3583826e-06,1.058039e-06,1.1515423e-05,2.1292144e-06,9.030542e-06,3.3926968e-05,0.0004921556,1.2564198e-06,8.278808e-06,2.9860694e-05,1.0940147e-05,2.1045644e-05,8.3564277e-07,1.0696785e-05,7.5102115e-08,5.172677e-07,2.1922153e-06,2.1211551e-07,5.6850742e-05,5.226128e-06,0.00012361762,0.00023378382,8.646666e-06,2.813616e-06,4.1406042e-06,4.6708658e-07,4.4083467e-06,6.930525e-07,4.754598e-05,0.017721236,0.0036313047,1.6919872e-06,4.801107e-06,7.238441e-07,3.2045793e-06,4.3510315e-08,7.4902073e-06,1.5250566e-06,4.4421444e-07,1.2833967e-06,5.5788332e-05,8.010367e-07,5.2238656e-06,3.0104413e-08,1.8004472e-05,2.4616625e-07,9.1717884e-05,6.465124e-07,2.1330688e-05
BC2026_Train_0027_S22_20211129_014500_020,1.1655401e-08,1.8251836e-06,2.5621205e-09,0.2742298,1.1841469e-07,1.8119601e-09,4.9044495e-08,1.2009451e-06,0.00033995,0.9578261,0.9728654,1.1082846e-06,1.3547913e-06,1.7221888e-08,1.3102822e-08,0.00022431345,1.3571448e-06,1.5043209e-09,0.0009392075,4.516142e-06,6.608519e-07,8.60455e-06,3.1958274e-07,6.1709225e-06,8.911902e-07,3.711788e-08,2.0640087e-05,6.177025e-07,1.1018414e-08,0.00047301603,5.73668e-05,7.638991e-07,1.9059993e-05,1.5875716e-05,4.2139627e-06,4.0194514e-06,4.877955e-06,8.037164e-07,9.9527475e-05,1.0126581e-05,6.291601e-05,3.1290678e-05,1.6990767e-05,1.5492381e-07,1.6799814e-07,1.6286603e-07,5.987611e-07,7.33295e-08,2.3303885e-07,2.945839e-07,2.9006435e-06,3.9033093e-06,2.8101485e-06,6.6924826e-05,2.6518523e-05,1.3677888e-07,3.7993902e-06,0.6850266,1.0273503e-08,3.2188572e-07,0.009457753,1.17684735e-07,0.00035104298,0.0032296004,8.3710176e-05,5.38363e-05,6.4822636e-08,8.609692e-09,5.379523e-07,7.915171e-06,5.5906885e-10,5.9708496e-09,6.711622e-07,4.728643e-06,1.7329328e-06,1.5580571e-06,2.7581395e-05,3.1958487e-05,2.4325084e-06,1.9377758e-06,8.2294915e-05,9.355487e-09,8.846617e-06,2.0219734e-07,3.367126e-08,7.050159e-07,2.2246988e-07,2.4797879e-05,4.328683e-05,5.241278e-07,6.980264e-05,3.1788013e-06,6.0286936e-07,5.051088e-06,9.57106e-06,5.6274553e-06,6.9350403e-06,5.818525e-05,4.120392e-06,5.823412e-06,4.3325663e-06,9.2316405e-08,3.381253e-05,0.065821566,0.00022702085,6.224632e-06,3.775464e-08,9.8759415e-08,9.587601e-07,7.4833742e-06,2.0100185e-07,7.807179e-05,6.974618e-08,3.2653131e-06,2.545583e-06,3.023994e-06,8.6189925e-07,4.7758986e-06,1.2214812e-06,4.1664272e-05,1.4449814e-05,2.7420965e-05,4.711313e-07,0.00015973407,6.2735066e-06,4.154148e-07,8.626932e-06,4.3480263e-06,1.500521e-07,3.9336996e-05,3.5461056e-07,1.6091475e-05,2.4430042e-07,3.6485244e-07,1.4188533e-06,9.088362e-08,2.2158533e-06,6.31458e-05,4.183427e-06,0.20545678,3.4161e-06,1.0835429e-06,4.2084856e-08,4.0239347e-06,0.003939606,1.0842583e-08,6.9672444e-07,5.1855483e-08,5.3706415e-05,4.0334317e-06,3.616688e-06,5.8544606e-07,3.5541096e-05,5.8778676e-07,1.1708117e-06,9.257379e-06,6.9955547e-07,1.28452715e-08,2.5265942e-07,1.2479543e-06,3.5166678e-07,3.2320545e-06,8.426566e-08,3.7150537e-07,1.4583854e-07,9.068704e-05,4.59957e-06,2.1670205e-06,1.1930247e-07,1.5557926e-05,1.4030469e-06,1.6214817e-07,1.6604801e-07,8.0085493e-07,3.9940064e-06,1.2811398e-05,1.474797e-06,3.6345014e-07,1.9777083e-06,6.7636483e-07,2.0327323e-06,1.3539463e-07,3.443501e-05,3.5141743e-06,9.354487e-06,3.4945492e-07,2.728991e-07,6.884334e-06,1.34556e-07,3.966347e-05,1.8286146e-05,5.3263087e-05,1.1722955e-06,5.7466495e-06,8.257921e-06,1.6600541e-05,1.9776404e-05,2.887812e-07,1.3401418e-05,7.699743e-08,8.207973e-08,2.3616265e-06,3.114003e-07,8.3347476e-07,3.3439976e-06,3.863545e-05,0.00022195114,9.630372e-06,1.5973665e-06,2.1018793e-06,7.0483844e-07,6.0053503e-07,4.9236314e-07,1.0085208e-05,0.12929173,0.004283436,8.089856e-07,3.6795368e-06,2.986995e-07,7.136658e-06,1.4220644e-08,5.9805745e-07,4.84197e-06,4.7612505e-07,1.91129e-06,3.559669e-05,1.2238173e-07,6.053542e-07,1.6475767e-08,3.8756307e-06,7.863533e-09,0.00015225295,1.457896e-07,3.0168592e-06
BC2026_Train_0027_S22_20211129_014500_025,2.1757003e-09,8.5312206e-07,1.0807359e-08,0.2839274,6.588477e-08,5.043767e-10,2.2676335e-08,7.476452e-07,0.00021720161,0.9964605,0.99631906,8.241762e-07,9.501365e-07,4.021827e-09,3.711092e-09,5.920149e-05,1.9249052e-07,6.85809e-10,0.00043353395,2.8674926e-06,3.6015695e-08,6.412063e-06,4.7569213e-07,7.0820465e-07,3.5872253e-07,2.0454658e-08,1.5793725e-06,1.1699306e-07,2.788423e-08,0.00034885827,5.6022323e-05,3.0107864e-07,1.8910101e-05,1.7282769e-06,6.9878064e-07,1.0871677e-06,2.0119894e-06,3.0798523e-07,8.1210914e-05,1.8254952e-06,2.2155567e-05,1.7669512e-05,2.159377e-06,8.185429e-08,5.071758e-08,3.9536648e-08,1.6090166e-07,4.371987e-08,1.1840466e-07,1.3269447e-07,9.2674253e-07,1.1181708e-06,7.752061e-07,2.7401102e-05,5.275919e-06,4.267738e-08,3.0712704e-07,0.76050013,2.9085503e-09,4.026857e-07,0.024635948,1.4359103e-08,0.00032260714,0.007550282,2.1683909e-05,3.1770828e-06,3.4900154e-08,3.4183554e-09,2.6600874e-08,5.337585e-06,7.8931317e-10,4.9079847e-09,1.5689642e-07,1.6036917e-06,5.7829885e-07,1.7932525e-06,3.162119e-05,1.6565844e-05,6.160628e-07,8.5642847e-07,3.5336598e-05,4.2407717e-09,6.6621124e-06,2.2038643e-08,1.2644918e-08,3.2649754e-07,9.3085724e-08,9.47251e-06,5.0146627e-06,5.3950754e-07,5.385032e-05,5.39963e-07,1.234771e-06,2.4276994e-06,4.3296004e-06,2.8714032e-06,3.4763614e-06,8.024946e-05,2.595978e-06,5.6977274e-06,1.8768981e-06,2.9539773e-08,1.9000414e-05,0.062793866,0.00038599735,5.386872e-06,7.950159e-09,2.487204e-08,1.150298e-06,1.8445019e-06,6.6209154e-08,2.3656256e-05,3.002889e-08,2.680785e-06,2.0531775e-06,1.644905e-06,4.555604e-07,8.336568e-07,3.268605e-07,5.2904732e-05,3.314075e-06,1.6005555e-05,1.14720905e-07,5.188018e-05,8.68409e-07,3.9469526e-07,3.3460042e-06,6.619343e-07,2.2940733e-07,1.772362e-05,1.688227e-07,6.872946e-06,6.94585e-08,3.9884915e-07,4.651587e-06,3.5345106e-08,1.2099383e-06,1.9968189e-05,1.4143073e-06,0.15461639,6.746017e-07,4.5955048e-07,1.6930779e-08,6.926825e-07,0.012934699,3.00982e-09,2.662636e-07,2.7510688e-07,0.00014194363,1.2646757e-05,1.8633774e-06,8.179457e-07,2.7915848e-05,4.3827282e-07,2.6411396e-07,2.8717893e-06,2.2126427e-07,1.9083227e-08,3.7648076e-07,5.090967e-07,2.94955e-07,1.4988622e-06,4.4103377e-08,3.7344876e-07,2.2763619e-07,6.156524e-05,6.5579193e-06,1.9611562e-06,3.0947557e-08,7.904106e-06,1.8988411e-06,1.1756247e-07,7.670295e-08,8.252136e-07,3.3499407e-06,8.323108e-06,2.10335e-07,3.6299878e-07,4.3260866e-07,3.386975e-07,2.7929477e-06,1.0790165e-07,1.3416444e-05,2.4937772e-06,2.021028e-06,2.443855e-07,1.0584854e-07,3.2712883e-06,7.954561e-08,2.9245308e-05,9.612223e-06,0.00021133291,7.2222093e-07,2.487931e-06,5.507228e-06,9.606523e-06,1.9064319e-05,5.1833528e-08,1.0896509e-05,1.4743282e-08,3.1419862e-08,4.658601e-07,2.3885912e-07,1.0165265e-06,6.0126386e-06,2.5479205e-05,0.000320664,6.189677e-06,1.2104173e-06,3.94272e-07,7.5586264e-08,3.0299415e-07,1.0837211e-07,6.9071866e-06,0.112576015,0.0041785915,3.1380495e-07,3.9775597e-07,2.1003473e-07,2.0929322e-06,3.6502208e-09,3.3831012e-07,2.2060128e-06,2.0204062e-07,3.0808042e-07,1.1145583e-05,7.57677e-08,7.7546565e-07,2.2224887e-08,2.2952756e-06,1.1406554e-08,5.5485754e-05,5.583277e-08,6.456751e-07
BC2026_Train_0027_S22_20211129_014500_030,4.9161732e-09,1.9537226e-06,2.0883565e-08,0.1737126,1.9981863e-07,2.4095859e-09,7.635306e-07,8.463853e-07,0.00022618168,0.9987949,0.9843545,9.197058e-06,2.9576163e-06,2.0800682e-08,1.03500554e-07,0.00020251235,8.203448e-07,6.9358648e-09,0.0035345138,9.680426e-06,5.094523e-08,0.00068532483,4.847071e-07,3.4296504e-06,2.6429184e-06,9.983155e-08,9.876505e-06,7.0975446e-08,6.869316e-08,0.00011951421,0.00020550203,5.045095e-07,6.13143e-05,7.4023233e-06,1.7726479e-06,1.396346e-06,3.5285775e-06,1.1285409e-06,0.00034962303,2.8580982e-06,0.00017799971,7.3369e-05,4.8729844e-06,1.2940062e-07,1.15510346e-07,8.7269655e-08,4.2861907e-07,1.3089449e-07,3.3916683e-07,7.9843977e-07,1.5540861e-06,2.1901255e-06,1.5771899e-06,0.00014929105,9.051123e-06,2.6962792e-07,1.8833423e-06,0.7953367,1.5423678e-08,4.1104207e-07,0.010373232,2.0497772e-08,0.00061215606,0.0053580785,0.00013603349,4.924556e-06,4.0334754e-07,5.506231e-09,2.0660864e-06,4.9568125e-06,6.1216383e-09,3.4429206e-08,4.3305815e-07,5.8204027e-06,4.888307e-07,1.3100594e-06,5.8938258e-05,1.6532085e-05,2.5482548e-06,3.3382908e-06,0.00013277237,1.7030663e-08,7.917232e-06,2.1268838e-07,4.600446e-08,9.105415e-07,3.9459854e-07,5.5329983e-05,1.878287e-05,6.204146e-07,7.737096e-05,6.8323493e-07,6.856638e-06,1.4166106e-05,9.375617e-06,3.1706024e-06,2.27385e-05,6.74385e-05,3.8087571e-06,8.180634e-06,1.2293858e-05,5.462623e-08,5.171244e-05,0.020794133,0.0003491825,6.4693645e-06,3.4950716e-08,8.225808e-08,1.2755278e-06,3.2020712e-06,3.37314e-07,0.00014059429,3.315733e-08,4.3990526e-06,6.210449e-06,3.0995432e-06,1.6215266e-06,4.078825e-06,1.1550544e-06,9.582496e-05,2.7908663e-05,2.2252294e-05,5.03238e-07,6.419748e-05,6.9559786e-07,5.799314e-07,1.0960751e-05,4.899046e-07,1.2141865e-06,0.00027547366,2.0681011e-06,0.00011429903,2.1232295e-07,7.179174e-07,3.940656e-06,4.5799027e-07,2.2117758e-05,8.189869e-06,3.4561867e-06,0.010465836,3.6692131e-06,4.574059e-06,3.1265813e-07,3.95169e-06,0.00038919054,2.4871176e-09,6.590079e-07,3.6935255e-06,0.0002287096,4.070401e-05,1.5881886e-06,3.1954667e-06,4.123693e-05,2.9950328e-07,4.769986e-07,3.304418e-06,1.0079476e-06,1.2587736e-07,8.2475026e-07,1.4928065e-06,1.3324421e-06,6.7607793e-06,1.9282824e-07,1.15075e-06,4.97854e-07,0.0011368737,1.1997618e-05,1.9850117e-06,1.9967345e-07,5.2903742e-06,3.3244673e-06,3.1958841e-06,1.3113588e-07,1.8353913e-06,5.777069e-06,2.3725073e-05,5.4903267e-06,2.266541e-06,1.9767488e-06,1.3958148e-06,4.101746e-06,2.4986974e-07,1.7720931e-05,5.3561566e-06,1.4714643e-05,3.55571e-06,8.931352e-07,6.369364e-06,5.0247024e-07,1.60482e-05,3.0294897e-05,0.00016234088,1.6368945e-06,7.667845e-06,1.7057399e-05,2.2273589e-05,2.43846e-05,1.3318612e-07,1.7894134e-05,1.0042089e-07,6.5888294e-08,1.73842e-06,1.4427094e-07,3.2667836e-06,2.9078863e-06,2.4996392e-05,0.0002124613,3.8882104e-06,2.921504e-06,5.1844836e-06,1.8114035e-07,3.8868684e-06,5.641467e-07,1.5629636e-05,0.019811256,0.0031118074,3.122218e-06,1.1299732e-06,2.3435581e-07,2.256852e-06,1.3844353e-08,2.9379464e-06,1.6886422e-06,1.1950749e-06,3.225539e-06,2.5069681e-05,1.6432337e-07,2.2200034e-06,4.8420812e-08,2.1244966e-06,3.908662e-08,0.00037772593,2.0277068e-07,4.7457884e-06
BC2026_Train_0027_S22_20211129_014500_035,1.4573094e-09,1.6405593e-05,7.400831e-08,0.294375,8.325391e-08,1.4336738e-09,1.1431185e-06,3.32707e-07,0.0002628641,0.99932826,0.89840966,6.161422e-05,1.3056515e-06,6.643458e-08,2.5061482e-07,0.00011926456,1.1194841e-06,9.614922e-09,0.016479764,2.7532292e-06,5.200207e-08,0.00026063333,1.0893144e-07,1.4141874e-06,2.2279655e-06,1.7558879e-08,1.5901489e-05,7.0037466e-08,1.2054944e-07,9.719295e-05,0.00044721822,1.7961879e-06,0.00016127415,5.877936e-05,1.7263742e-06,2.1188685e-05,2.5917532e-06,1.4598063e-06,0.00091048365,4.006442e-05,0.00023268661,0.0003249054,2.356236e-06,5.720779e-07,3.4828017e-07,2.7001107e-07,9.1825456e-07,2.4975014e-07,5.658046e-07,1.0962735e-06,3.0465808e-06,3.6773476e-06,2.6094883e-06,0.00023743328,0.00010145661,3.9339312e-07,4.2400607e-06,0.95043516,2.2132161e-08,5.2521506e-07,0.0024878772,2.6920342e-08,0.0009702047,0.0017586891,0.00014457646,2.6598266e-07,2.0256849e-07,7.50076e-09,2.2339461e-06,1.0100695e-06,5.052734e-09,3.264302e-08,1.0660048e-06,7.285635e-05,3.963333e-06,2.0376738e-06,3.218902e-05,2.9743615e-06,9.845265e-06,1.3788269e-06,3.004399e-05,9.831114e-09,8.167857e-06,4.9584678e-08,2.8231652e-08,8.195019e-07,1.201951e-06,1.0078121e-05,7.5364874e-06,1.5005196e-06,4.046672e-05,1.7270165e-06,4.934358e-06,7.634652e-06,2.351854e-06,3.2779587e-06,9.508808e-07,2.2636768e-05,2.6084533e-06,2.4968207e-05,2.582055e-06,8.639337e-08,0.00012863382,0.01536441,0.00039014034,9.302923e-06,1.7522847e-08,1.4685038e-07,1.0841003e-05,8.592799e-06,1.2527944e-06,0.0010181023,3.3156063e-08,3.6959816e-06,3.4493016e-06,6.5631125e-06,1.5240245e-06,4.8693983e-06,1.2113932e-06,3.9893923e-05,4.668764e-06,5.90277e-06,8.024206e-07,0.000133729,1.1437849e-06,9.14515e-07,3.2573853e-06,8.144819e-07,1.7353158e-06,0.000567864,1.4127262e-06,5.4356806e-06,5.621076e-07,3.2620406e-07,1.2835539e-05,1.3683984e-06,9.966105e-06,1.2839493e-05,2.6308453e-06,0.0007081547,9.666293e-06,1.0139231e-06,2.9153315e-07,4.2982433e-06,0.00014007455,2.0887738e-09,5.8951025e-07,8.6931556e-07,6.277997e-05,6.497956e-06,4.498594e-07,1.1880136e-06,2.7846027e-05,7.4296274e-08,1.1395223e-06,1.0141098e-06,2.731501e-07,7.633896e-08,9.0712916e-07,3.2295188e-06,1.3012311e-06,4.9949085e-06,3.5608232e-07,3.6209602e-07,2.8203323e-07,0.0003060303,5.925183e-06,2.1410958e-06,3.2912985e-07,5.1947977e-06,2.0272437e-06,2.7421472e-06,1.4177373e-07,3.8636483e-07,1.0818467e-05,3.4839086e-06,4.120809e-06,2.3137122e-06,2.7010715e-06,2.526197e-06,2.2451397e-06,3.1568302e-07,1.6927546e-05,4.03159e-06,6.4826363e-06,1.7118991e-06,4.107921e-07,1.2008915e-05,3.6063e-07,4.0466482e-05,1.9817184e-05,3.4737128e-05,4.004675e-07,1.8773437e-06,1.4361138e-05,1.3461454e-05,9.05505e-06,1.5029528e-07,1.0970664e-05,1.06121455e-07,1.0546103e-07,1.0254328e-06,2.7789116e-07,1.9096062e-06,1.5511173e-06,3.679469e-05,4.8715698e-05,9.68714e-06,2.387517e-06,5.053844e-06,2.0892955e-07,5.8892078e-05,1.9869026e-07,1.137854e-05,0.0029500984,0.004568705,1.491116e-06,6.732527e-07,2.551951e-07,1.2755643e-06,6.031469e-09,2.8282884e-06,2.9390758e-06,3.3447407e-06,8.188517e-06,1.3305475e-05,1.648852e-07,9.955978e-07,3.4600305e-08,3.6232373e-06,2.051338e-08,0.0001910615,1.1462532e-07,7.0705732e-06
BC2026_Train_0027_S22_20211129_014500_040,4.347288e-09,1.650093e-05,1.7517739e-07,0.0938542,4.2110234e-08,1.6591619e-09,6.7768974e-07,8.78897e-07,3.319032e-05,0.9992899,0.98565906,8.7895634e-05,1.4253062e-06,2.4895156e-08,1.1862334e-07,4.037879e-05,4.5350876e-07,4.2729242e-09,0.007500888,7.508087e-06,1.0993579e-08,6.9884765e-05,2.2235388e-07,1.2122472e-06,4.311837e-06,1.8626345e-08,2.0046933e-05,1.144631e-07,2.1420242e-07,0.0005377147,0.0002154018,9.739206e-07,8.973468e-05,8.661927e-06,1.254863e-06,4.884756e-06,6.7473184e-06,1.1770744e-06,0.00038179586,9.107664e-06,8.492021e-05,9.95795e-05,2.9655928e-06,3.85881e-07,8.141676e-08,5.8925963e-08,5.559123e-07,2.035905e-07,4.849059e-07,7.0043194e-07,2.6837217e-06,3.6622491e-06,2.8456716e-06,7.566829e-05,2.1254255e-05,1.7669718e-06,5.258078e-06,0.95319986,1.3853096e-08,1.1159378e-06,0.05931434,1.9572397e-08,0.00048784618,0.0019831425,0.00012310522,1.5001992e-06,1.4901478e-07,2.524368e-08,5.6886637e-07,7.367301e-06,1.00234665e-08,2.8096498e-08,2.467028e-07,4.7809455e-05,2.3500268e-06,3.3225433e-06,3.4584056e-05,5.1732427e-06,3.237654e-06,6.6173357e-07,3.6670335e-05,6.947119e-09,2.0264135e-05,5.0378585e-08,4.0258584e-08,9.155736e-07,5.416258e-07,2.6169619e-05,3.3491517e-06,7.5490374e-07,6.221165e-05,1.7369932e-06,1.0217807e-05,1.3632008e-05,5.3659114e-06,5.206086e-06,2.2457778e-06,9.307668e-05,5.1752017e-06,2.2329396e-05,2.974231e-06,3.1634052e-08,7.227694e-05,0.024778726,0.0007647645,1.2945463e-05,1.308137e-08,9.248278e-08,2.8912918e-06,4.637727e-06,2.5651073e-07,0.00016582187,3.265043e-08,7.688664e-06,2.6512896e-06,5.2891787e-06,1.3462445e-06,8.322696e-06,7.288593e-07,2.8183285e-05,4.6715213e-06,4.937526e-06,3.823194e-07,7.698047e-05,1.5485338e-06,6.454701e-07,8.235914e-06,7.3959615e-07,6.685474e-07,0.0001463781,1.2046605e-06,4.2775723e-06,4.3559186e-07,4.7475484e-07,1.1992927e-05,3.492517e-07,5.116861e-06,1.10154715e-05,2.352666e-06,0.015689917,3.7732584e-06,8.5691045e-07,4.7283084e-08,2.087976e-06,0.0038004534,4.6063423e-10,5.703298e-07,1.8707186e-06,0.0002458282,1.8421517e-05,5.5901074e-07,2.2315633e-06,1.8106924e-05,3.1767965e-07,8.2421707e-07,7.708367e-07,9.0786057e-07,3.8548e-08,3.3491135e-06,4.5883894e-06,4.43583e-06,4.9410587e-06,6.159824e-08,2.3905213e-07,2.2798095e-07,0.00035268764,6.031844e-06,3.5845273e-06,3.714862e-07,3.688024e-06,5.696912e-06,1.0938329e-06,5.6482396e-08,8.123316e-07,1.0689391e-05,2.5698089e-06,5.9562984e-07,1.2228029e-06,5.5605284e-07,1.7112609e-06,3.1383083e-06,2.5095227e-07,1.4217792e-05,4.519951e-06,5.3180997e-06,8.6940344e-07,1.564934e-07,6.923687e-06,6.3140953e-07,1.6285501e-05,6.241871e-06,5.7995843e-05,9.989151e-07,3.2885796e-06,1.33795165e-05,4.4358217e-06,1.7335362e-05,1.8487798e-07,4.4745415e-05,5.3473602e-08,1.0693563e-07,8.4103465e-07,5.408531e-07,1.9143363e-06,5.923641e-06,5.806048e-05,0.00038075648,2.8571048e-05,1.5865294e-06,1.9957324e-06,1.6612246e-07,1.4029122e-05,1.3484015e-07,7.0529627e-06,0.042394266,0.0042890366,2.304593e-06,7.098322e-07,3.208198e-07,1.0531405e-06,1.0108171e-08,3.7464558e-06,2.510842e-06,9.545205e-07,1.8235158e-05,2.8316834e-05,2.0228258e-07,2.559412e-06,2.4029456e-08,1.1447495e-06,2.5245894e-08,0.00023775222,1.0828451e-07,2.6492878e-06
BC2026_Train_0027_S22_20211129_014500_045,7.2924284e-09,2.0248273e-05,5.3783435e-07,0.034637745,5.1360455e-08,1.7127567e-09,6.487501e-07,3.8129183e-06,0.00010106853,0.99983144,0.99714065,1.4141957e-05,2.8400675e-06,6.0100206e-08,6.067506e-07,9.5573545e-05,1.5217906e-06,7.97537e-09,0.223607,2.9899702e-05,4.7910305e-08,0.000121538986,1.0550374e-06,5.137647e-06,3.6419026e-06,1.2562703e-08,1.2946031e-05,3.1340676e-08,3.504067e-07,0.0011009969,0.00048160314,5.5933347e-06,0.00036926265,2.462145e-05,5.082365e-06,1.6773136e-05,6.1840187e-06,1.3074397e-05,0.0008229947,3.0773837e-05,0.0008677945,0.0003774214,9.191691e-06,2.320627e-06,4.6147673e-07,2.4536118e-07,6.8918753e-06,1.266169e-06,5.6370964e-06,1.4058438e-05,5.4958323e-06,5.3389394e-06,5.2714936e-06,0.00031442984,0.00014768375,4.46134e-06,5.0654522e-05,0.9918847,4.130741e-08,1.350059e-06,0.0054216776,2.2207429e-08,4.2327945e-05,0.0010206254,4.6723812e-06,4.777019e-06,8.058493e-07,5.9596768e-09,1.1214069e-07,1.816294e-05,1.5588324e-08,1.8981368e-08,1.2793641e-06,1.8285153e-05,6.231213e-06,7.36237e-06,4.442369e-05,1.4215555e-05,2.493342e-05,1.8351657e-06,1.0658812e-05,2.0648809e-08,3.7968646e-05,1.1014379e-08,1.5026605e-07,2.370293e-06,6.02324e-07,2.9705758e-05,2.542452e-05,3.212541e-06,1.1034986e-05,7.651965e-06,4.2825686e-06,5.6084777e-06,2.4291921e-05,8.5549294e-07,2.7895598e-05,0.01100571,1.628395e-05,4.103572e-05,3.6422293e-06,3.74463e-07,1.9261888e-05,0.017857341,0.0002930293,4.2892392e-05,2.7339564e-09,5.8858333e-08,0.00012357332,4.6110636e-06,9.46649e-07,0.0006655187,6.58344e-08,8.6021455e-06,7.5222164e-07,3.0709984e-05,1.6083482e-05,9.635433e-06,2.0177483e-06,2.8867247e-05,1.6234053e-05,6.0381635e-06,5.4969627e-07,0.00018717049,3.1902018e-06,1.1940453e-05,1.6959177e-06,3.0435956e-06,1.4895057e-06,0.000113237074,2.9967873e-07,1.1973773e-05,9.999168e-07,4.4221365e-06,6.817965e-06,2.547953e-07,3.989343e-06,7.8812016e-05,2.2227593e-06,0.07263981,8.6728426e-07,4.5973247e-06,2.11013e-08,6.0635366e-06,0.001750505,1.6005627e-09,3.0532328e-06,3.5336388e-06,1.1529862e-05,1.1591003e-05,3.1313647e-07,1.1703958e-05,5.723378e-06,1.531855e-07,3.828459e-06,8.788216e-07,2.7850083e-06,1.7823953e-07,4.6552127e-06,5.656218e-06,4.0581676e-06,2.307914e-06,2.6929078e-07,3.695234e-07,1.0580511e-06,0.0033232349,3.3560323e-06,8.00748e-06,5.5067812e-06,1.7117674e-05,1.1982775e-05,2.7951726e-06,1.0082489e-07,3.307432e-06,5.1586e-05,2.2594302e-05,5.3394103e-07,7.6545246e-07,5.636735e-07,2.9198854e-06,7.728568e-06,2.9675364e-06,0.00012986813,2.404827e-06,2.039015e-06,2.6398202e-06,2.2735739e-07,1.1055696e-05,4.3761335e-07,5.32707e-05,9.380662e-06,0.00026138686,1.5701528e-06,2.2694092e-05,2.4870367e-05,7.227919e-06,1.7164557e-05,7.340015e-07,1.5108098e-05,6.664347e-08,8.6051864e-07,1.0401973e-06,3.1667295e-07,3.0387232e-06,4.244523e-06,6.406318e-05,0.00022879489,1.9220714e-05,5.765219e-06,1.0582333e-05,2.5878776e-07,7.423011e-05,1.8096335e-07,1.9514866e-05,0.16760875,0.006090503,8.584428e-06,1.2962496e-06,8.877963e-07,7.2636544e-07,4.5111218e-08,3.9838415e-06,7.4788295e-06,3.2463042e-05,9.7930315e-06,0.00012704787,3.0356162e-07,6.110162e-07,2.666916e-07,1.604374e-06,2.7083965e-08,0.00012869811,8.286941e-08,2.6420919e-06
BC2026_Train_0027_S22_20211129_014500_050,2.0463845e-10,1.1198504e-06,7.0309936e-09,0.045274973,2.4896817e-08,4.167995e-11,6.0941244e-07,6.806947e-08,2.7569535e-05,0.99924564,0.99679023,3.604454e-06,2.479529e-07,2.3161757e-09,2.1742661e-08,3.1411197e-05,5.471852e-08,1.3438815e-09,0.023779148,1.0899229e-06,3.8955092e-09,0.00029185187,2.364839e-08,8.640077e-07,3.1654702e-07,4.1131516e-09,1.8207992e-06,7.6691764e-10,5.315661e-09,1.2565788e-05,9.454832e-05,1.7043864e-07,3.486799e-05,2.9066803e-06,4.6637615e-07,7.9750896e-07,6.5951525e-07,8.7166325e-07,0.00011885868,1.8535885e-06,0.0001566637,6.39174e-05,1.3841628e-06,4.980914e-08,2.5115163e-08,1.7867194e-08,2.2091614e-07,1.4069157e-08,9.2973224e-08,3.350144e-07,4.900004e-07,6.235418e-07,4.7041473e-07,7.848824e-05,7.0341534e-06,1.1979728e-07,1.6460223e-06,0.9961498,1.1985488e-09,1.3536531e-07,0.0014519078,2.919326e-10,0.00040469324,0.0008546668,4.4984372e-05,2.7032053e-07,4.3061434e-08,4.61649e-11,2.6561024e-08,1.9885611e-07,1.1494651e-09,6.1093672e-09,1.2353995e-07,3.2678804e-06,1.6165008e-07,3.026322e-06,1.945286e-05,6.879254e-07,7.689837e-06,5.840386e-07,1.5189387e-06,7.7060974e-10,1.2217292e-05,2.2134894e-09,4.5732618e-09,6.1774426e-07,4.044499e-07,3.1797983e-06,9.009578e-06,3.435601e-07,4.7221406e-06,3.5279612e-07,2.2026464e-07,4.6281608e-07,1.5294947e-06,9.610948e-08,1.6461823e-06,2.7739188e-05,2.7114828e-07,2.3578343e-06,5.242408e-07,7.8374045e-09,6.1699106e-06,0.0025538795,3.3769607e-05,2.9491107e-06,3.3092427e-09,1.799585e-09,7.2395943e-07,2.902863e-06,1.0373555e-07,0.00012562887,2.8286562e-09,2.8405932e-06,2.9430478e-07,1.274069e-06,3.3777786e-07,4.313703e-07,1.9687442e-07,4.746177e-06,1.5298667e-06,4.4326885e-06,4.6249576e-07,2.3608589e-05,6.715336e-08,8.0091905e-07,6.32991e-07,3.155503e-07,1.8977549e-06,6.3519433e-06,6.850514e-08,1.7246645e-06,2.1450326e-08,1.3295642e-07,2.2021149e-07,1.4755214e-07,1.6718891e-06,2.361356e-06,2.2501727e-06,0.0015486963,4.6094765e-06,2.3924096e-07,7.186881e-08,2.2630583e-07,2.3314173e-05,2.0465406e-10,4.8437073e-07,7.429782e-07,1.4881023e-05,5.5144574e-07,4.6700944e-08,3.3685558e-07,9.561905e-07,6.952978e-09,1.1152378e-06,1.0838348e-07,2.1389894e-06,7.0445275e-08,6.568557e-07,5.477856e-07,2.5481452e-07,9.858022e-07,5.5501175e-08,5.935097e-08,1.4783155e-08,0.0010434765,2.30479e-07,3.7081332e-07,7.415201e-08,4.649981e-07,3.4489135e-06,1.1745245e-06,1.0908775e-08,5.196772e-07,2.513432e-06,8.0793626e-07,3.9716124e-07,4.329083e-07,2.7569942e-07,3.7463587e-07,4.323799e-06,1.5505965e-07,5.175873e-06,3.5753496e-07,9.3915406e-07,3.93735e-06,7.025809e-08,1.0744691e-06,1.5560063e-07,4.4357157e-06,9.022777e-07,1.6759115e-05,5.6112906e-08,9.543758e-07,1.3224034e-06,1.2648608e-06,1.0294784e-05,4.7338588e-08,1.626143e-06,3.4489215e-08,1.4778422e-07,6.000147e-08,8.252773e-09,6.541439e-07,1.3124662e-07,6.3521006e-06,3.2277947e-06,8.845587e-07,2.5818997e-07,8.137497e-07,4.1050498e-08,2.1046488e-05,1.0682896e-08,1.1747218e-06,0.0021309014,0.0032606546,1.4739633e-06,1.9996558e-07,6.9319796e-08,2.8339661e-08,2.3760278e-09,1.5495146e-06,1.6634472e-07,2.8886163e-07,9.845396e-06,1.3534595e-05,2.193933e-08,3.7872056e-08,5.2171806e-10,4.6374876e-07,6.524808e-09,0.00013085874,1.579688e-08,1.4442019e-06
BC2026_Train_0027_S22_20211129_014500_055,6.7869974e-11,1.0492267e-06,5.738716e-09,0.008186438,1.5498515e-09,1.3652833e-10,1.2383043e-08,3.953537e-08,8.872666e-06,0.99694175,0.9970906,1.8759889e-06,5.7497516e-08,1.8427107e-09,1.2066372e-08,0.00016806905,4.5575554e-08,1.5351113e-10,0.079884484,6.858522e-06,1.1555938e-09,0.0013345496,2.3126766e-07,5.289469e-07,3.2325167e-06,2.0011338e-08,2.7709856e-07,8.047198e-10,8.5890575e-09,9.103131e-06,2.0294863e-05,6.6474506e-08,3.2274005e-05,7.2083924e-07,2.2370897e-07,2.019416e-07,1.5185083e-07,2.0049279e-07,2.7905973e-05,2.5733377e-07,7.058668e-05,1.561889e-05,4.5690794e-07,1.7188938e-08,2.0398867e-08,1.1738126e-08,2.0441675e-07,5.678517e-08,8.356031e-08,1.2529016e-07,1.00847586e-07,1.3157798e-07,1.0764491e-07,2.590624e-05,1.3581767e-06,5.8226897e-07,6.8145516e-07,0.957543,4.647513e-09,1.588635e-08,0.0021714722,4.2935416e-10,0.003141459,0.00025925165,1.0927229e-05,2.1446382e-07,7.607514e-08,1.8914417e-10,4.945132e-08,1.4545698e-07,2.1762389e-10,6.0872325e-09,1.113041e-07,3.3513213e-06,1.7188569e-07,5.3505636e-07,2.8471908e-05,3.658022e-07,6.4852084e-06,6.4315475e-07,2.3148377e-06,5.317727e-10,4.3443935e-05,7.139683e-10,4.6325636e-07,6.0671067e-07,8.223004e-06,1.3956017e-06,2.7712507e-05,9.264518e-07,8.547535e-05,6.4302964e-07,1.8346321e-07,7.155325e-07,2.921459e-06,1.6442238e-08,4.1517305e-06,8.876322e-06,2.1087737e-06,2.6137075e-06,2.9919528e-07,1.7639264e-09,7.3131055e-06,0.0005843992,8.044216e-05,1.8454573e-06,4.8250417e-09,8.697379e-10,5.284502e-07,2.3865675e-06,7.4857276e-08,4.321473e-05,4.789484e-09,5.933643e-07,2.8034648e-07,4.0647137e-06,1.3721773e-07,4.678623e-07,2.2636172e-07,3.5294266e-05,1.784337e-05,7.3779943e-06,1.739085e-07,3.428078e-05,8.0714315e-08,6.26549e-07,1.5490077e-06,7.462717e-07,3.6409784e-07,5.6951194e-06,9.8665275e-08,2.9354596e-06,3.4760244e-08,4.6751744e-08,4.3063326e-07,1.0141238e-07,2.0160871e-07,3.4737136e-06,1.8676346e-06,7.463847e-05,6.669664e-06,7.3637904e-07,1.3189508e-07,3.7024654e-07,1.8159919e-06,1.7394988e-10,5.374129e-07,1.3874708e-06,1.0716255e-05,2.1228702e-06,2.4176202e-08,8.643398e-07,1.1573287e-05,1.2963958e-08,1.7332138e-06,3.6619522e-07,7.0501336e-08,5.2389538e-08,1.5930748e-07,4.5867694e-07,3.8229423e-06,6.159306e-07,3.933222e-07,7.473844e-08,7.950522e-09,0.005564247,1.1001802e-06,1.1070851e-07,1.4085488e-07,5.757785e-07,1.3228675e-06,2.4532799e-06,8.720008e-09,4.089982e-07,2.3709983e-06,4.305614e-07,3.8018626e-07,2.5506395e-07,4.7283493e-07,7.7272097e-07,2.5196937e-06,2.3853494e-07,9.104858e-06,9.781884e-07,6.7129525e-07,1.0784532e-06,4.09697e-07,1.7861994e-05,4.0666689e-07,4.457589e-06,1.1323345e-06,7.91798e-06,7.321112e-07,2.8421105e-06,5.1602246e-06,8.856221e-07,3.204066e-06,2.7362066e-08,1.4977476e-06,1.07201465e-08,1.0956595e-07,2.099884e-08,1.0564052e-09,3.864356e-07,1.0384304e-07,1.605051e-05,1.1963706e-05,9.2084423e-07,1.5461401e-07,1.4846103e-06,4.122563e-08,0.00052346976,1.6935429e-08,6.521979e-07,0.0012575184,0.0025841652,2.2170488e-07,3.5921026e-08,1.4286872e-08,4.821401e-08,8.424565e-10,1.386599e-06,1.1446529e-07,1.894571e-07,1.4901445e-05,2.6737747e-05,1.4240431e-08,1.8808631e-08,3.3477643e-10,9.707686e-07,9.442789e-10,7.969588e-05,8.217623e-08,1.8552278e-06
BC2026_Train_0028_S22_20211129_190000_000,2.3153175e-10,8.597257e-06,2.1271129e-07,0.0078048734,4.359943e-09,4.5376874e-10,1.5185779e-07,2.2807338e-07,3.775922e-05,0.9203251,0.9505616,4.131266e-05,4.881473e-08,1.1673827e-07,1.1568546e-06,0.001718604,4.259728e-07,5.5373495e-10,0.0038333468,5.564809e-07,7.2924735e-08,0.009994341,1.99098e-08,4.9022343e-05,2.6678672e-06,3.8062225e-08,0.0008748727,4.858933e-07,1.0397742e-07,7.218313e-05,5.5927838e-05,3.1314903e-07,2.2165774e-05,3.0306772e-05,3.3103543e-06,1.3289433e-06,7.901739e-07,6.413277e-07,0.00013483067,1.8266221e-06,0.0009467671,1.7662958e-05,1.7539518e-05,1.13930994e-07,2.914277e-08,2.4061654e-08,1.3098828e-07,4.2412836e-08,5.5778806e-08,1.3868039e-07,2.9035112e-07,2.6844103e-07,2.0725462e-07,0.00095745496,2.706796e-06,9.506553e-08,5.1230863e-06,0.118163124,2.4467748e-09,7.599636e-09,5.9781334e-05,1.884809e-09,0.00028260605,0.0025996296,3.2516714e-06,2.686667e-05,1.1361433e-06,1.0142529e-08,1.0249566e-06,1.8484695e-07,1.2715105e-08,6.653761e-10,6.739619e-07,2.8675202e-06,2.219741e-06,3.6221693e-06,2.9169185e-05,2.1765249e-05,3.980063e-05,3.4802424e-06,1.8118513e-05,8.832376e-09,0.00060352153,3.9312624e-09,9.655505e-08,2.7662356e-06,2.0730779e-07,2.2624981e-06,1.8646519e-05,5.62047e-07,7.596661e-06,5.10213e-06,3.920306e-07,4.202124e-06,4.4956454e-05,1.8176817e-07,8.9083116e-08,1.1275231e-05,1.8907638e-06,6.9330895e-06,1.5960414e-06,7.883517e-10,3.3758447e-06,0.0060381796,8.422671e-05,4.9802634e-07,3.5243843e-09,2.0537769e-08,1.7849434e-06,6.8575405e-06,6.864326e-08,2.9953473e-05,6.2712836e-08,4.310055e-07,8.634163e-07,3.91344e-06,9.428963e-07,5.447663e-06,6.0942637e-07,6.554755e-06,4.774592e-06,6.16333e-06,3.4793036e-06,4.441107e-05,7.526199e-07,1.2639864e-06,4.63484e-06,4.7096823e-06,1.1878834e-06,2.2782328e-05,3.2123112e-06,1.5090718e-05,1.9169944e-08,1.2987933e-07,2.2183633e-06,1.0533594e-08,1.7452256e-05,2.0129992e-06,1.0040228e-06,2.431415e-05,1.0835516e-07,2.678268e-07,3.4575376e-07,5.326642e-06,2.166975e-05,2.0774946e-08,2.565142e-06,6.0288075e-06,5.8736314e-06,5.9136954e-07,3.554421e-07,9.5670536e-08,9.641059e-06,2.589786e-07,2.6082744e-06,8.945171e-06,1.8509404e-08,1.7657282e-08,1.0887212e-05,1.0443117e-07,1.1934138e-07,4.8767083e-06,3.3033277e-06,1.3851453e-06,3.4591647e-09,0.00011036527,3.5525537e-07,2.9161183e-07,1.3809522e-06,1.9725626e-06,2.0917625e-05,4.9399614e-07,1.9107893e-07,1.215076e-06,3.185259e-06,3.1032326e-07,5.4141094e-07,1.9448833e-06,3.4785037e-06,1.6925505e-06,4.321903e-06,8.380836e-08,9.4179566e-05,2.9088237e-06,1.1677468e-05,1.594432e-07,1.1484965e-07,3.3887209e-06,6.657181e-07,1.4749837e-05,1.3056055e-06,1.9793688e-05,4.9182855e-08,1.0685528e-05,7.75597e-05,2.2547852e-05,2.3928826e-06,9.6178056e-08,3.253777e-05,1.8359624e-07,7.405166e-08,9.668423e-08,6.750343e-08,1.7031893e-05,9.0446764e-07,3.6398684e-05,3.6335696e-06,2.28339e-06,3.2837207e-07,9.626396e-06,3.962714e-07,1.5732346e-06,2.249365e-07,4.3934186e-05,0.0011227604,0.00017703911,1.2403189e-05,3.8999835e-07,5.8185936e-08,4.5950715e-06,1.7526045e-09,2.1309656e-06,1.0872097e-07,1.1361834e-06,6.593782e-08,2.6877227e-05,5.183571e-08,2.2493029e-07,8.084988e-09,1.1040702e-05,3.788015e-08,1.5488895e-05,1.0073807e-06,1.2822448e-05
BC2026_Train_0028_S22_20211129_190000_005,1.75651e-09,1.4838912e-06,1.530338e-07,0.0034909055,1.879701e-08,1.3510319e-08,7.154467e-08,2.334402e-06,0.00026349118,0.6314069,0.85536027,6.093239e-06,3.9670584e-07,9.910246e-08,1.1875605e-06,0.026163716,2.2478467e-07,3.2290963e-09,0.0030103577,3.890473e-07,1.562752e-07,0.0033809156,9.000727e-08,4.8089525e-05,8.0737545e-06,5.6192807e-08,0.00065590075,2.3028178e-06,2.061996e-06,0.00016227047,2.0536341e-05,1.4181187e-06,9.337071e-06,2.3027449e-05,4.274383e-06,3.388049e-06,5.9082777e-06,1.1622966e-06,4.2706113e-05,2.7655683e-06,0.0002460519,6.7925503e-06,1.5759866e-05,5.170759e-07,9.72359e-08,7.701535e-08,1.4245802e-07,6.635695e-08,8.7518856e-08,2.0999246e-07,3.19297e-07,2.863061e-07,2.1775163e-07,0.00026754377,3.9706424e-06,9.476665e-08,2.0932392e-05,0.07900415,1.35634295e-08,1.3126576e-07,7.439565e-05,1.3783988e-08,0.0004784851,0.0012132035,4.3582677e-06,5.3552267e-05,7.4833497e-07,1.6334553e-08,7.477464e-07,3.6462395e-06,1.3121628e-08,7.483255e-09,2.4939484e-06,8.0592845e-06,9.491267e-07,4.38664e-06,2.6307116e-05,0.00014034381,2.9499592e-05,7.532701e-06,0.0001318706,1.9042941e-08,0.001618996,8.2591214e-08,1.4263777e-06,4.701654e-06,2.8002182e-07,1.9100553e-05,0.00030984243,1.1673689e-06,2.9319084e-05,2.6142856e-05,7.1810086e-07,3.5432938e-06,0.00013766842,3.3862884e-06,4.3192904e-06,3.6432542e-05,1.5936559e-05,6.480556e-05,2.329083e-06,3.8181184e-08,1.3044209e-05,0.0023139105,5.5033146e-05,1.5504842e-06,8.748414e-08,3.5570384e-08,6.0835832e-06,7.962482e-06,2.3651573e-07,0.00013824512,4.174557e-07,9.011521e-07,1.0806001e-05,1.4589362e-05,5.6335007e-06,6.3670504e-06,1.2054373e-06,2.4087214e-05,1.5968675e-05,2.2862856e-05,6.002539e-06,0.00028131114,2.3753935e-06,7.5982484e-06,1.5510535e-05,5.499327e-05,1.3262654e-06,6.238513e-05,8.15545e-06,4.2701715e-05,7.763523e-08,1.6861482e-06,1.2429538e-06,1.771963e-08,3.678704e-05,0.00012331716,9.79888e-06,0.00017506604,8.207111e-07,5.49429e-07,3.7503094e-07,9.534692e-06,0.00024552652,5.5514306e-07,5.8411547e-06,2.3382732e-05,0.000119404394,3.4755858e-06,5.1492833e-07,4.3375685e-06,2.0038542e-05,2.0553248e-06,1.9409072e-05,4.3602526e-05,1.3417387e-07,9.618687e-08,0.00018590465,6.460181e-07,1.1885588e-06,4.4923796e-05,2.5774445e-06,2.4598521e-05,1.4801577e-08,0.00047570036,1.6150924e-06,3.991451e-06,9.365442e-07,1.0897579e-05,5.7633508e-05,3.548034e-06,5.145793e-07,1.9634167e-06,8.636381e-05,2.0060252e-06,7.31172e-07,4.3236423e-06,8.051249e-06,9.638182e-06,1.27322655e-05,2.1937703e-07,0.0005118489,2.1731857e-06,8.812854e-05,1.9443696e-06,2.2876262e-07,2.9637677e-05,1.4055566e-06,6.680011e-05,1.0714044e-06,0.00020727428,7.4823936e-07,6.517698e-05,0.00014009485,0.00013871031,6.812252e-06,3.5263196e-07,0.0002446509,3.315079e-07,4.2699205e-07,1.9931267e-06,4.866292e-08,2.9773259e-05,1.3038811e-05,8.8545756e-05,5.7170797e-05,6.405511e-06,1.1374724e-06,7.703599e-06,1.4566634e-06,8.405908e-06,3.4799626e-07,0.00028402306,0.003255642,0.000618737,2.2642296e-05,4.851839e-06,6.656845e-07,8.363991e-06,7.3413857e-09,2.1764336e-06,7.1630866e-06,1.3428439e-06,3.733665e-07,0.00042319778,1.8978187e-07,5.2003197e-06,1.9807908e-08,0.00010504281,5.320948e-07,0.00010819483,5.079366e-06,3.366492e-06
BC2026_Train_0028_S22_20211129_190000_010,1.2667309e-10,5.68604e-06,2.9997867e-07,0.009205725,4.7117865e-09,1.7204732e-10,4.7533906e-09,2.393804e-07,0.00015283696,0.7954022,0.88391554,8.592717e-06,4.7735425e-09,2.0694664e-08,6.6913873e-07,0.042213973,1.0542242e-07,5.2359794e-11,0.0031599833,2.261306e-08,3.9838987e-08,0.0022527322,1.4210585e-08,8.992856e-06,9.963786e-06,4.359569e-09,0.000868472,4.7410106e-07,1.639283e-07,4.1073385e-05,6.1693454e-06,1.9223752e-07,4.127381e-06,3.3825445e-06,1.0827599e-06,4.9213827e-07,1.9938594e-07,1.8782235e-07,1.4165714e-05,5.1512575e-07,9.8148164e-05,3.1464174e-06,2.958e-06,9.118956e-08,1.5384133e-08,1.3888256e-08,5.6452127e-08,1.4387835e-08,1.2694701e-08,4.2922522e-08,6.674626e-08,5.487655e-08,4.494151e-08,7.638501e-05,1.1597477e-06,8.971466e-09,5.341585e-07,0.101340026,1.2480372e-09,2.2655323e-08,3.5542624e-05,1.361632e-10,0.0006172824,0.0023618303,5.5172422e-06,6.235582e-06,2.0510333e-07,1.9193531e-09,4.5469494e-07,2.6042798e-07,6.6386374e-10,1.7023024e-09,4.061127e-07,6.775083e-06,2.2807905e-07,1.3260619e-06,2.3969344e-05,6.832154e-06,8.484061e-06,2.5566017e-06,3.0132192e-05,5.306888e-09,0.0010367947,1.7431601e-09,5.0738674e-08,3.1613013e-07,5.2759667e-08,3.9443484e-07,1.787387e-05,1.9317703e-07,3.1206043e-06,1.5627116e-05,1.1435259e-07,1.0111479e-06,3.0225667e-05,4.413456e-07,1.7275585e-07,2.4065864e-06,1.1271491e-06,6.9744437e-06,2.2652111e-07,2.2679179e-09,6.964527e-06,0.0015907866,3.2476142e-05,2.2712419e-07,2.8029254e-09,7.842175e-09,4.6229687e-07,2.2279462e-06,3.087651e-08,5.7621633e-06,3.6939266e-08,1.5989636e-07,2.6492598e-06,1.438304e-06,5.661566e-07,1.575685e-06,3.9609304e-07,1.4398863e-05,1.6209018e-06,2.3023038e-06,1.1737822e-06,4.944494e-05,1.5019656e-07,8.8821463e-07,4.3493865e-06,4.020149e-06,2.6512592e-07,2.6693444e-05,2.8424165e-06,6.6698294e-06,1.6519914e-08,9.9370105e-08,2.01328e-07,1.4248637e-08,9.321626e-06,6.2445088e-06,1.0555406e-06,2.9272904e-05,5.470829e-07,1.4058883e-08,1.3739712e-07,1.0302978e-06,9.644365e-05,1.8395617e-08,4.834934e-07,1.40982465e-05,1.2519485e-05,3.3862776e-07,9.950552e-08,1.5720886e-07,2.8412949e-06,1.4180536e-07,3.6129684e-06,8.603983e-06,5.379705e-09,4.173448e-09,1.8361094e-05,1.4319559e-07,1.5938755e-07,3.0228925e-06,4.6633883e-07,6.539381e-07,2.3593503e-09,0.00044871683,1.4100554e-07,3.1135514e-07,6.8660404e-07,1.3609099e-06,4.412906e-06,3.6078893e-07,9.246832e-08,2.1229056e-07,6.5623794e-06,1.401045e-07,3.0991865e-07,2.6355914e-07,8.651736e-07,9.939632e-07,1.7651628e-06,3.65874e-08,0.00011741954,1.6781287e-07,7.788299e-06,3.0416265e-07,5.0707524e-08,5.844682e-06,2.2240054e-07,1.6103819e-05,4.09876e-07,1.702876e-05,1.0092822e-07,2.8637362e-05,6.8001624e-05,1.3193927e-05,1.9386982e-06,2.9885694e-08,2.8785873e-05,4.678457e-08,3.7413706e-08,1.0429223e-07,2.2420743e-08,1.3795373e-06,2.7619126e-06,3.250623e-05,5.6533763e-06,8.153158e-07,1.3020164e-07,5.2693696e-07,1.2842975e-07,6.4487506e-07,2.7675412e-08,5.956425e-05,0.000308036,0.00017107069,1.0549307e-06,9.856113e-07,3.8519115e-08,2.8933584e-07,2.7142838e-10,9.485558e-07,2.2788554e-07,1.9194097e-07,1.1540938e-07,2.4121558e-05,7.664925e-09,2.2308198e-07,2.2543112e-09,1.0648581e-05,3.8273555e-08,9.457382e-06,1.4317583e-06,6.1840564e-07
BC2026_Train_0028_S22_20211129_190000_015,1.5204865e-09,5.2025966e-06,8.1534455e-07,0.0060534407,2.5246765e-08,2.82416e-09,1.3877523e-07,1.4041941e-06,0.00029649312,0.9226559,0.9098986,1.0891968e-05,1.3105412e-07,7.607122e-08,1.9717913e-06,0.03263453,4.4351557e-07,3.697435e-09,0.00896202,3.8594462e-07,1.3498283e-07,0.003133242,6.783694e-08,5.1030864e-05,1.9777668e-05,2.6547907e-08,0.0014252694,2.181632e-07,3.612558e-07,6.0297316e-05,3.5838668e-05,8.8591116e-07,3.370153e-05,4.1005915e-05,6.468797e-06,2.8842553e-06,4.9836362e-06,4.407325e-06,0.00014122565,6.50539e-06,0.00090379553,1.608083e-05,1.8032944e-05,3.1069519e-07,1.5913801e-07,1.2444752e-07,9.36805e-07,1.583177e-07,2.6243873e-07,1.1130287e-06,5.4748375e-07,4.6845386e-07,4.2918842e-07,0.0004985829,7.8603725e-06,9.61027e-08,4.371305e-06,0.18303783,3.238002e-09,2.1968332e-07,0.00012529103,3.942992e-09,0.0002660161,0.000697647,2.4131656e-05,5.1470673e-05,6.1135603e-07,1.6002978e-08,3.2067373e-06,1.9847807e-06,4.899298e-08,1.5101374e-08,1.7583163e-06,7.886969e-05,1.7056707e-06,8.2090594e-07,7.1830116e-05,7.9544254e-05,5.4910895e-05,1.5660415e-05,0.00023890771,3.4314024e-08,0.01166749,2.0987908e-08,2.0329364e-07,1.5341504e-06,1.3017062e-07,5.774805e-06,2.3457622e-05,2.978245e-07,9.570421e-06,1.6363294e-05,7.3890595e-07,5.2698347e-06,4.7490015e-05,9.329801e-07,1.9014751e-05,9.754364e-05,7.731288e-06,7.231451e-05,1.9303995e-06,3.6953217e-08,6.1987744e-06,0.0015751101,5.812995e-05,4.818597e-06,2.5596988e-08,1.9587e-08,4.7906697e-06,7.73572e-06,6.553535e-08,7.926069e-05,5.286019e-08,8.251144e-07,6.9686994e-06,1.2419808e-05,4.556066e-06,3.7320537e-05,5.7164766e-07,5.3770116e-05,2.2647391e-05,2.0997268e-05,2.6153657e-06,0.0001460343,9.780075e-07,1.0612671e-05,1.3130627e-05,3.0493067e-05,1.1702625e-06,7.039369e-05,2.625797e-06,2.3452007e-05,6.3680986e-08,1.1234938e-06,1.2258982e-06,6.443151e-08,4.108463e-05,2.0350566e-05,5.6116555e-06,0.00049188716,1.2480673e-06,4.2770566e-07,4.945594e-07,1.4696496e-05,0.0003442068,7.851038e-08,5.167405e-06,7.93166e-06,0.00022214444,1.7559486e-06,6.557704e-07,4.8894494e-06,2.1503252e-05,4.3605405e-07,1.545851e-05,1.820303e-05,1.7059492e-07,7.537765e-08,5.033661e-05,1.0543786e-06,8.6122304e-07,2.4573785e-05,6.9662946e-07,6.501315e-06,1.0944059e-08,0.00064132194,2.0254815e-06,1.9819568e-06,5.929694e-06,5.009749e-06,4.1776308e-05,2.917664e-06,6.93262e-07,2.3160192e-06,0.00012846699,2.9363696e-06,2.3194982e-06,1.7613287e-06,1.3878984e-06,7.4140794e-06,1.0939167e-05,2.3350937e-07,0.00021734332,5.596274e-06,5.6767418e-05,9.2226185e-07,2.1029167e-07,1.8719515e-05,2.8651806e-07,1.2781294e-05,2.6906155e-06,0.00013357798,4.694033e-07,9.98363e-05,9.827815e-05,5.5748184e-05,2.516499e-05,1.650784e-07,0.00017165761,1.0063168e-06,1.13196265e-07,1.0578211e-06,4.417435e-08,1.1075863e-05,3.4053417e-05,0.0001624578,3.282957e-05,1.6937922e-06,1.7137204e-06,2.9280643e-06,1.6828419e-06,1.6986857e-06,6.089285e-07,4.668415e-05,0.0023730733,0.0002694139,5.424951e-05,6.8404543e-06,7.0907525e-08,9.911993e-06,6.4351275e-09,6.86108e-06,3.4113896e-06,5.0074954e-07,9.2234455e-07,0.00029736618,1.8207734e-07,1.3363044e-06,9.4135535e-09,4.456057e-05,6.8832577e-07,0.00014629633,1.4261749e-06,2.3078107e-06
BC2026_Train_0028_S22_20211129_190000_020,9.279601e-09,5.9568054e-05,6.5545237e-06,0.0030132972,5.5567174e-08,8.692209e-09,7.234922e-07,3.3727779e-06,6.0501552e-05,0.92990947,0.78461105,0.0001371183,9.349391e-08,4.5212386e-07,2.2323763e-06,0.001377991,1.1922688e-06,9.251784e-09,0.0081783775,3.0418525e-07,1.768103e-07,0.0016661247,2.3220316e-07,6.5199296e-05,9.3122335e-06,5.988851e-08,0.012248646,3.3921967e-06,1.170388e-05,0.00028253737,0.0001891939,3.8227454e-06,0.00018473629,0.00037119925,1.286284e-05,3.547984e-05,1.1707888e-05,1.1360942e-05,0.00058145315,6.2806255e-05,0.0028834173,7.942359e-05,3.1818538e-05,2.9281678e-06,1.467472e-07,1.2983709e-07,1.6198403e-06,6.267845e-07,7.160411e-07,2.5612676e-06,2.218962e-06,1.7646091e-06,1.4610166e-06,0.0016755163,4.5371642e-05,5.450384e-07,2.1842538e-05,0.10885833,9.325774e-08,2.0393252e-07,5.3229163e-05,1.0580168e-08,0.00012347367,0.0004286015,5.633302e-06,6.360911e-05,3.925866e-07,7.130259e-08,7.5035696e-06,8.366281e-06,8.950156e-08,2.4542313e-08,6.62908e-06,5.405689e-05,7.273196e-05,2.4973567e-06,6.850062e-05,2.4216286e-05,0.0001147251,1.8835679e-05,0.00013958695,6.899149e-08,0.0075496635,7.4173364e-08,3.9207998e-07,7.188242e-06,9.605823e-07,6.6050684e-06,1.564562e-05,1.4950703e-06,2.5227708e-05,0.00012679542,4.4156463e-06,2.1104168e-05,6.979352e-05,3.2028713e-06,3.9278425e-06,0.00025808514,1.4179201e-05,6.6605346e-05,5.940437e-06,1.1265769e-07,3.843763e-05,0.0045720125,0.00012510802,8.70983e-06,1.4035673e-07,7.726533e-08,5.456783e-06,2.4743167e-05,3.914385e-07,0.00056066026,3.1031348e-07,2.7412898e-06,6.0605475e-06,2.9199911e-05,2.0144325e-05,0.00015629383,1.6136067e-06,7.220654e-05,1.5436428e-05,1.0484971e-05,1.0349683e-05,0.000154257,2.7659323e-06,2.9902241e-05,2.3234004e-05,7.199841e-05,4.5259635e-06,0.0002504686,1.0173839e-05,2.62474e-05,2.399294e-07,1.4402269e-06,5.812742e-06,2.267937e-07,0.00013454388,3.5391466e-05,3.0734755e-06,0.000874386,2.258497e-06,9.726174e-07,1.9693014e-06,2.3132923e-05,0.0008645835,3.8914187e-08,1.541936e-05,1.09846305e-05,0.00014178969,2.264795e-06,3.0844017e-06,1.6950543e-06,6.8845016e-05,1.5578253e-06,1.6249682e-05,4.5679186e-05,3.5047387e-07,6.806466e-08,5.9095953e-05,3.6568294e-06,1.5269064e-06,2.4798797e-05,5.342021e-06,6.7690894e-06,5.6588394e-08,0.00088932214,6.4242063e-06,4.614684e-06,1.8698389e-05,9.2498785e-06,0.00036761723,3.593481e-06,1.2168213e-06,5.88158e-06,8.8015324e-05,1.1161752e-05,3.3509025e-06,1.6714873e-06,2.841284e-06,4.2975917e-05,3.0450467e-05,4.6948165e-07,0.0003536774,1.779151e-05,3.2790238e-05,3.832704e-06,6.733959e-07,1.5262573e-05,5.526846e-07,3.184935e-05,1.0064492e-05,6.626116e-05,3.0796645e-07,6.277566e-05,0.00012171052,0.000112776725,2.3988987e-05,7.912168e-07,0.0004749362,4.1710773e-06,7.3321036e-07,1.9327613e-06,4.3955242e-07,1.5007292e-05,2.4763822e-05,0.0001971978,4.2605516e-05,6.9037756e-06,4.8398747e-06,1.4798121e-05,4.2683628e-06,4.1581975e-06,2.3846087e-06,0.00011344037,0.0011723746,0.0003803411,4.0431652e-05,7.1778845e-06,1.6089707e-07,2.4982688e-05,6.1586846e-08,1.6152375e-05,3.184196e-06,1.1106653e-06,1.7021462e-06,0.00058033864,3.6552464e-07,2.8531579e-06,9.069383e-08,2.6538308e-05,5.080888e-07,0.000118606324,1.4421319e-06,8.02253e-06
BC2026_Train_0028_S22_20211129_190000_025,1.5986954e-09,3.059206e-07,7.926723e-08,0.0024475465,2.8711758e-08,2.3583075e-08,4.2188262e-07,4.0041178e-07,3.172903e-05,0.9720881,0.453049,1.9682573e-05,6.834969e-07,1.1363097e-07,3.467338e-07,0.00047835268,2.0803704e-07,2.6885691e-09,0.002106892,2.5651834e-06,1.6363825e-07,0.0013662056,4.3633105e-07,1.0691237e-05,6.451113e-07,1.246845e-07,4.0144692e-05,6.6334036e-07,7.540431e-07,0.000254907,4.138521e-05,1.1901423e-06,9.041908e-06,1.0496487e-05,1.670689e-06,2.4437948e-06,4.441405e-06,1.685219e-06,5.141548e-05,2.0178118e-06,0.00024696995,8.587343e-06,1.062381e-05,5.1507766e-07,4.821704e-08,3.6986073e-08,2.1309036e-07,4.6275865e-08,1.8234252e-07,4.860773e-07,6.6968073e-07,6.3794283e-07,4.85614e-07,0.00014876002,5.91334e-06,7.4796766e-08,1.3014312e-05,0.02631846,1.071381e-08,3.2543375e-07,2.5236634e-05,2.6555793e-09,7.171363e-05,0.00031516753,2.7272038e-06,2.150764e-05,9.2252935e-07,8.382078e-09,2.7120905e-07,5.865056e-07,2.7506747e-08,8.358371e-09,5.5833207e-06,8.0505123e-07,1.181171e-06,1.457992e-06,3.8614457e-05,0.00011259019,1.4258256e-05,2.331771e-05,0.00015949528,2.161547e-08,0.00086050294,7.1587124e-08,3.9641805e-07,2.4938652e-06,1.9383492e-07,5.9379954e-06,0.00013517245,4.0251166e-06,5.8858728e-05,1.4719752e-05,8.456484e-06,2.8579936e-05,3.3516153e-05,1.2607636e-06,1.6716388e-06,0.00019825414,1.2252647e-05,4.7744485e-05,2.5021914e-06,4.1570605e-08,3.953827e-06,0.005689701,0.0005189056,4.428332e-06,6.628636e-08,1.0664044e-08,6.473413e-06,1.4549804e-05,7.3527946e-07,0.00025267722,1.4373796e-07,1.2762712e-06,9.397104e-07,5.5007245e-06,2.4863066e-05,1.3026532e-05,1.9173876e-06,2.5493351e-05,1.8557517e-05,1.4642091e-05,2.2892923e-06,0.00036404096,6.541504e-06,7.99402e-06,1.0521381e-05,2.0809663e-05,1.124317e-05,4.939023e-05,2.2778502e-06,2.7492135e-05,1.715395e-07,6.2772904e-07,2.774508e-06,2.0363684e-08,0.000110203844,5.6683795e-05,3.2252717e-06,0.00022204047,2.579205e-07,3.7933587e-06,2.2664732e-07,2.0573978e-05,1.9189285e-05,3.6891873e-08,6.2704557e-06,3.9146777e-05,4.543074e-05,4.3013474e-06,2.389343e-07,6.874795e-07,1.3288521e-05,1.6309903e-06,2.7051625e-05,1.0937509e-05,1.014278e-06,4.1144087e-08,3.5173238e-05,7.122041e-07,3.3768768e-07,2.2116512e-05,1.885036e-05,4.900856e-05,2.8464422e-08,0.00025929022,6.4542206e-07,6.511193e-06,4.7964113e-06,4.7609105e-06,0.0013847689,5.4123666e-06,1.8450332e-07,8.102734e-06,4.8456142e-05,6.7363303e-06,1.2971078e-06,3.5317285e-06,6.950468e-06,1.939281e-05,1.7928978e-05,5.90205e-07,0.00016416228,4.9264445e-06,1.52394905e-05,3.8235517e-06,2.8649865e-07,7.696836e-06,7.007366e-07,0.0005507001,1.0441111e-06,0.0002566893,1.7714684e-07,3.3078715e-05,7.4654905e-05,0.00010690897,2.470176e-06,1.3089902e-06,0.00016486221,5.8890055e-07,3.4295806e-07,5.777388e-07,1.4221531e-07,0.00013591019,4.3729938e-06,0.00014395878,5.913604e-05,2.2616874e-05,3.281074e-06,1.458555e-05,2.6045234e-06,4.3777225e-05,8.585128e-07,0.00015933598,0.0069445586,0.00041296653,1.2206568e-05,2.452964e-06,2.0493519e-07,1.3355997e-05,5.6662707e-08,4.869245e-06,2.7751773e-07,1.9116105e-06,2.2309133e-07,0.00040424522,3.827802e-07,4.1347757e-06,1.12663905e-07,3.7844762e-05,4.1587106e-07,0.00017737605,6.4620945e-06,1.314368e-05
BC2026_Train_0028_S22_20211129_190000_030,3.4742735e-09,3.2157043e-06,4.207026e-07,0.0065221405,2.462e-08,1.8774436e-08,2.0120439e-07,1.5988659e-06,0.0006203647,0.6357028,0.6933043,9.162872e-06,2.3540478e-07,1.82544e-07,1.6589718e-06,0.016010238,1.9425352e-07,1.5438248e-08,0.0015001956,1.2657416e-06,2.9868494e-07,0.01004459,4.3605152e-07,3.7571575e-05,8.497275e-06,3.9367688e-07,0.0001645544,2.5897837e-06,7.4038476e-06,0.00014208595,3.6778063e-05,3.2383332e-06,2.180728e-05,3.438011e-05,4.822091e-06,6.8421045e-06,8.992008e-06,3.2683977e-06,6.128162e-05,4.4164763e-06,0.00030804393,1.5246773e-05,1.6005311e-05,1.978882e-06,2.4037922e-07,1.9577948e-07,4.7256495e-07,1.7733736e-07,2.7573756e-07,7.721714e-07,7.667953e-07,6.0021495e-07,4.886695e-07,0.00027515815,1.0776229e-05,1.656106e-07,7.2692505e-06,0.06591721,2.973644e-08,9.1836586e-07,0.00012292224,2.8809328e-09,0.00092105963,0.0041163084,9.306658e-06,4.9700415e-05,3.009652e-06,7.1548484e-08,1.436923e-07,2.5720842e-06,2.907842e-08,4.8179164e-08,3.514975e-06,1.1021093e-05,1.5041445e-06,8.6676455e-06,6.7568915e-05,0.000121448276,5.386696e-05,1.6578138e-05,0.00021357859,5.8072292e-08,0.0025420126,4.035837e-08,6.8908037e-07,3.0080107e-06,1.7233525e-07,6.2739373e-06,0.00027408986,2.5274476e-06,2.5427551e-05,2.2261464e-05,1.0529205e-06,9.075453e-06,0.00015523839,2.094186e-06,5.6178187e-06,0.000101269,7.742628e-06,3.770341e-05,3.4026623e-06,4.1332946e-08,4.6364185e-06,0.0012637543,0.00013520985,2.557233e-06,2.0650687e-07,9.188089e-09,1.1065146e-05,3.222643e-05,1.6633665e-07,9.719805e-05,1.2655684e-07,2.5504428e-06,1.1500343e-05,4.809723e-05,1.4896627e-05,3.6369047e-06,3.2716407e-06,1.3724611e-05,1.2850126e-05,2.5395586e-05,6.59803e-06,0.0003228588,2.3636994e-06,4.884244e-06,1.0674906e-05,3.3848824e-05,5.275934e-06,4.144256e-05,3.423719e-06,0.00014190831,2.2813515e-07,2.006475e-06,2.8313298e-06,1.5866515e-08,0.00011309313,6.117197e-05,3.8348717e-06,9.1315145e-05,9.799269e-07,1.4806922e-06,9.1711513e-07,2.1988586e-05,3.122135e-05,1.3429976e-06,1.2781634e-05,6.3812627e-06,0.00012335682,4.612361e-06,2.053297e-06,5.505579e-06,1.9252579e-05,3.4721104e-06,0.000110899506,5.712094e-05,6.6482295e-07,1.2111502e-07,9.8116434e-05,5.26635e-07,4.6402172e-07,5.9521884e-05,2.4452029e-06,9.193628e-05,1.2607777e-07,0.00043526382,1.7305496e-06,4.5620222e-06,2.2633958e-06,4.1970657e-06,0.00016611446,3.6574886e-06,1.3110166e-06,7.1048494e-06,5.2596715e-05,3.189928e-06,4.6885435e-07,8.808867e-06,2.289733e-05,2.1081518e-05,2.024086e-05,9.207485e-07,0.0006519455,7.5303597e-06,9.910424e-05,8.745486e-06,5.200991e-07,2.3171495e-05,3.965144e-06,4.639708e-05,1.3547887e-06,0.00021472531,3.468836e-07,2.1845934e-05,0.00043338005,0.00023941758,4.398432e-05,6.192814e-07,0.00036289872,2.7446353e-07,9.691573e-07,2.4243977e-06,1.0542443e-07,5.925153e-05,1.3784345e-05,0.000116427036,2.2541468e-05,3.9087963e-06,1.9839592e-06,2.4587896e-05,1.6899103e-06,4.525873e-06,2.6902355e-06,0.00024311763,0.0035204412,0.0004125894,7.446138e-05,3.099242e-06,4.996719e-07,5.2139358e-06,4.171349e-08,6.2166114e-06,3.2954206e-06,1.8926308e-06,2.1299506e-07,0.00033369113,3.5793994e-07,4.6334035e-06,5.9750334e-08,0.00013766171,5.0694655e-07,0.00015831178,5.40777e-06,1.0301639e-05
BC2026_Train_0028_S22_20211129_190000_035,4.6479872e-11,1.2737883e-06,1.2612057e-07,0.002189325,2.2194333e-09,6.5108186e-10,1.1382109e-07,2.506067e-07,0.00013096897,0.93407595,0.7048218,1.8810799e-05,4.630474e-08,2.038883e-08,2.3387956e-07,0.0058831316,1.3881284e-07,8.0084744e-10,0.010543085,3.8384655e-07,1.8908842e-08,0.011667397,1.09095035e-08,1.9985737e-05,2.6225862e-06,2.1521428e-08,0.0006175619,2.3598447e-07,4.5240512e-07,4.016886e-05,3.0106483e-05,4.0039495e-07,1.6073132e-05,2.0750273e-05,1.4991194e-06,1.8095644e-06,5.716313e-07,4.1696953e-07,8.435951e-05,1.5403591e-06,0.0007112992,9.066258e-06,7.2684397e-06,2.460435e-07,1.4226802e-08,1.1530757e-08,9.127727e-08,2.6985525e-08,3.465056e-08,9.737491e-08,1.3282943e-07,1.13825855e-07,9.714265e-08,0.0005393606,3.1795105e-06,3.5494608e-08,2.4301223e-06,0.107633546,2.0159316e-09,2.3157572e-08,4.4360106e-05,1.165713e-09,0.00017609111,0.004827859,3.964728e-06,2.3381239e-05,1.5436221e-07,1.9614253e-08,1.2489838e-07,1.14127594e-07,3.050013e-09,1.4148429e-09,1.8790978e-07,1.2208035e-06,3.037768e-07,4.2911518e-07,1.2314064e-05,8.525978e-06,1.773241e-05,1.1952493e-06,4.7197453e-05,5.7623963e-09,0.0001092769,1.6945761e-09,2.7187841e-08,4.6135395e-07,3.3272755e-08,1.008115e-06,3.8960534e-06,3.5562485e-07,8.870907e-06,3.4591708e-06,1.6586901e-07,1.6643534e-06,1.1811804e-05,2.6685314e-07,4.7709413e-08,1.0591339e-05,8.844836e-07,6.9121816e-06,4.3961822e-07,5.687563e-10,2.1904661e-06,0.0013317271,8.2901155e-05,5.8813777e-07,3.1354532e-09,3.360894e-09,9.920049e-07,4.460817e-06,1.7423929e-08,3.3641998e-05,2.0734726e-08,1.5379445e-07,9.321815e-07,2.9815583e-06,6.511855e-07,1.3612305e-06,3.9448412e-07,1.5107531e-06,1.5564161e-06,1.2318094e-06,1.279525e-06,2.576693e-05,2.0518962e-07,8.0002513e-07,3.7796e-06,2.7895962e-06,3.658294e-07,3.8120408e-05,3.3134796e-07,9.436606e-06,1.5393379e-08,6.2784885e-08,1.2329835e-06,6.057039e-09,2.0745998e-05,1.0562494e-06,3.2688794e-07,1.8194562e-05,5.2084363e-08,9.6376205e-08,1.2775165e-07,4.1584867e-06,1.7198146e-05,2.8623667e-08,8.915558e-07,1.7664023e-06,9.928217e-06,6.267373e-07,1.2334111e-07,5.1164125e-08,2.8346476e-06,9.507351e-08,2.8999268e-06,4.036018e-06,9.418869e-09,5.2962497e-09,6.6484154e-06,4.7355382e-08,5.1890012e-08,6.25757e-06,1.012351e-06,1.7031222e-06,2.4797473e-09,0.00020314033,1.5634274e-07,2.5990198e-07,8.407267e-07,3.6499304e-07,4.9737442e-05,1.9742455e-07,9.024794e-08,5.2517197e-07,4.0945743e-06,3.6342865e-07,1.50143e-07,8.109228e-07,1.3416202e-06,6.3930094e-07,1.0848488e-06,4.8356668e-08,9.221504e-05,1.5636003e-06,5.762504e-06,2.7479223e-07,5.1102006e-08,1.3736598e-06,1.7015589e-07,0.00010588598,2.6683762e-07,4.6689556e-06,6.117101e-08,4.8974525e-06,7.3752366e-05,4.0245774e-05,2.2364125e-06,6.630406e-08,1.5436855e-05,5.8903375e-08,4.6709765e-08,1.1436567e-07,2.2099847e-08,6.36234e-06,7.440744e-07,1.6992113e-05,1.1660136e-06,1.9813067e-06,1.5390947e-07,3.096234e-06,5.3809856e-07,7.1760593e-07,2.2282663e-07,4.6418543e-05,0.0007980337,6.182145e-05,5.5823143e-06,1.2589489e-07,2.469798e-08,1.6098178e-06,4.6728965e-10,6.60385e-07,9.749571e-08,5.047925e-07,2.5695556e-08,3.767918e-05,2.8353341e-08,3.029898e-07,2.8614318e-09,9.996357e-06,2.8112899e-08,1.13021115e-05,3.2115622e-07,1.8311184e-06
BC2026_Train_0028_S22_20211129_190000_040,8.397641e-11,1.4369398e-06,1.2031343e-07,0.0027463813,6.5212336e-10,5.014307e-11,8.223703e-09,2.1179513e-07,5.986908e-06,0.89548665,0.95375705,1.42895515e-05,1.6305782e-09,9.654543e-09,2.710415e-07,0.0009450012,8.9697075e-08,5.4648237e-11,0.0018639242,8.3406334e-08,8.6727665e-09,0.0010021549,3.2774208e-09,1.6306683e-05,1.2841998e-06,5.351235e-09,0.0007000126,9.425217e-08,2.2824262e-08,1.0337195e-05,2.1627986e-05,7.700492e-08,9.472573e-06,8.790129e-06,7.867541e-07,2.9656414e-07,1.9952688e-07,1.5979896e-07,4.4220218e-05,4.721766e-07,0.0003621178,5.940613e-06,5.0370654e-06,2.6829559e-08,1.060773e-08,1.0376578e-08,3.0960074e-08,9.703502e-09,1.0354711e-08,2.2135833e-08,6.547949e-08,6.013689e-08,4.4601553e-08,0.0004239328,8.200437e-07,1.8992376e-08,1.881931e-06,0.12574714,3.091166e-10,3.1959475e-09,1.2858768e-05,1.7695465e-10,5.85103e-05,0.0008403078,1.1614623e-06,7.468758e-06,6.153072e-08,9.793976e-10,4.6683308e-08,1.1596377e-07,2.910448e-09,3.3824293e-10,1.6222906e-07,1.206652e-06,2.4651794e-07,2.4975753e-07,2.1513426e-05,4.4617695e-06,1.8411083e-05,1.5864932e-06,8.333036e-06,2.2168272e-09,0.0005363825,6.154322e-10,1.3164846e-08,4.466111e-07,4.082546e-08,4.369474e-07,4.918985e-06,7.9077715e-08,1.505261e-06,1.7149598e-06,8.7033115e-08,4.0061036e-07,2.5404888e-05,7.55122e-08,9.375141e-08,4.5049146e-06,3.9901352e-07,2.3036152e-06,2.5287636e-07,5.6465754e-10,1.2773684e-06,0.00041833718,2.2295413e-05,1.6010281e-07,1.2537585e-09,2.4700655e-09,5.40686e-07,3.3437805e-06,1.0194216e-08,1.6704815e-05,1.3519832e-08,1.7365709e-07,5.5170875e-07,2.9333635e-06,1.1719322e-06,1.3642209e-06,1.2873164e-07,2.45317e-06,6.330206e-07,1.3676664e-06,7.5898583e-07,1.7203676e-05,5.37252e-08,6.5701363e-07,1.3472e-06,3.526875e-06,2.1625931e-07,1.4939506e-05,8.131997e-07,8.883342e-06,3.4619563e-09,3.2770657e-08,2.0254956e-07,9.6228305e-09,2.5314255e-06,2.2213524e-06,2.8917862e-07,1.4678343e-05,1.7133661e-07,2.4047935e-08,6.507957e-08,4.4462317e-06,8.744535e-06,2.2361495e-09,7.6856776e-07,1.1178828e-06,8.332956e-06,1.5135103e-07,5.1632732e-08,4.548359e-08,3.597788e-06,4.7302034e-08,2.3224466e-06,4.330724e-06,8.988166e-09,3.2101821e-09,4.7040085e-06,3.3240408e-08,5.8231894e-08,2.1709816e-06,2.0405236e-07,1.8029291e-07,1.4709035e-09,7.014676e-05,9.4074906e-08,8.2452544e-08,8.3374823e-07,2.330344e-07,5.184083e-06,2.9103032e-07,7.0071e-08,4.6980907e-07,2.0652808e-06,5.7000143e-08,1.754869e-07,3.1883602e-07,5.564125e-07,3.6550824e-07,1.8108782e-06,2.8160933e-08,6.742763e-05,7.060366e-07,4.1609187e-06,1.5660419e-07,3.058438e-08,1.2659334e-06,1.4088846e-07,8.5704363e-07,4.1236447e-07,9.041779e-06,1.1253297e-08,1.3159821e-06,2.6810798e-05,8.103004e-06,3.171322e-06,3.6900882e-08,2.3117134e-05,4.1667366e-08,2.261953e-08,8.741259e-08,8.855013e-09,8.383991e-07,4.4762592e-07,1.5805817e-05,1.03664e-06,3.9446456e-07,1.0298796e-07,1.3934286e-06,6.344881e-08,6.3285756e-07,2.8857247e-08,9.606349e-06,0.000683447,0.00012765445,2.7118137e-06,7.9136406e-08,1.3148987e-08,2.8808114e-07,2.704068e-10,9.850701e-07,3.927449e-08,1.3285958e-07,8.642683e-08,2.4225274e-05,1.0730683e-08,1.303188e-07,8.2423546e-10,2.0360303e-06,6.2736736e-09,1.0503055e-05,1.12068854e-07,3.6243223e-06
BC2026_Train_0028_S22_20211129_190000_045,2.7666938e-10,9.75697e-07,2.0124826e-08,0.0048414725,6.39376e-10,1.3143664e-09,1.8601589e-09,1.3368495e-07,0.0001985994,0.21394245,0.61470574,3.6234093e-07,3.6953708e-08,6.3610064e-09,1.8216281e-07,0.4953766,4.1887855e-08,1.325903e-10,0.0051979665,4.981342e-08,4.0570276e-07,0.015602723,6.091951e-08,3.3975164e-06,1.927819e-05,7.783584e-08,1.629983e-05,1.039502e-06,4.0772085e-07,3.4584784e-05,8.1731724e-07,1.8586957e-07,4.601333e-07,3.7853613e-07,3.8128388e-07,1.9937929e-07,2.0849723e-07,6.141628e-08,8.6993344e-07,5.2040864e-08,4.907177e-06,3.0883322e-07,1.2215697e-06,9.947251e-08,1.5673143e-08,1.1953761e-08,1.9183256e-08,9.488127e-09,4.886352e-09,1.41802055e-08,1.9798692e-08,1.7126563e-08,1.1988124e-08,7.317124e-06,3.8895348e-07,5.6168563e-09,3.5521975e-08,0.041871198,2.0616844e-09,1.8417109e-07,0.0003842445,5.0723495e-11,0.00018285448,0.0050898744,2.5802508e-06,3.438201e-06,6.554703e-07,1.0770621e-09,7.796537e-09,4.9934323e-07,5.5192767e-10,3.4372288e-10,4.3070472e-07,2.0886812e-06,1.3310962e-08,4.672002e-06,5.553583e-05,2.4635518e-05,1.2262396e-06,1.747657e-06,7.004041e-05,1.0047316e-08,8.704104e-05,5.43367e-09,7.7842503e-07,1.15784204e-07,1.5983852e-08,1.0480187e-06,3.9288632e-05,1.3981246e-07,4.4499016e-06,4.6882215e-06,1.6838255e-08,5.1412544e-06,5.8558697e-05,4.7514757e-07,8.652256e-07,2.8328395e-06,5.5552755e-07,7.870056e-06,2.0495827e-07,5.8028085e-09,1.3956604e-06,0.00061118766,2.4276082e-05,6.557236e-08,1.1741412e-09,2.7921256e-09,5.3818223e-07,9.4061687e-07,7.7677e-08,6.748818e-06,2.160846e-08,1.0445348e-07,2.7802291e-06,2.6854575e-06,6.190806e-07,7.634375e-08,5.0811354e-07,8.493322e-06,2.5538259e-06,3.0233425e-06,5.6443355e-07,5.6136978e-05,7.744576e-07,2.0882837e-07,2.914063e-06,4.798768e-06,2.5407925e-07,7.556812e-06,6.4791316e-06,1.0254297e-05,2.6192911e-08,1.2351899e-07,5.0491625e-08,7.959668e-10,1.0083937e-05,2.7222817e-05,1.3879937e-06,9.438482e-05,2.6642969e-08,3.2907895e-08,4.4905523e-08,3.7805557e-07,1.0338576e-05,8.738625e-08,2.7690785e-07,7.412963e-06,1.6126778e-05,1.5949262e-06,1.4062509e-07,8.6784695e-07,2.8481531e-06,6.305557e-07,4.926881e-06,6.775445e-06,3.8981254e-09,4.9962496e-09,1.1528355e-05,4.5067264e-08,9.252142e-08,5.123834e-06,9.52361e-07,5.938432e-06,7.4440067e-09,0.00033175174,8.989627e-08,1.7307444e-07,4.0381934e-08,1.7493231e-06,1.8465277e-06,1.5873454e-07,4.507294e-08,6.738907e-08,2.5904383e-06,4.2005834e-07,9.935665e-08,3.376421e-06,2.3918903e-06,3.4081377e-06,1.495156e-06,1.41274015e-08,9.615073e-05,1.05066306e-07,1.557736e-05,2.0031429e-07,2.0808695e-08,4.284832e-06,2.0258086e-07,8.9077486e-07,4.060902e-07,0.00014913995,1.9561936e-07,1.1392558e-05,0.000104025785,1.2283441e-05,7.877533e-07,1.2886745e-08,1.8472587e-05,9.181748e-09,2.787806e-08,5.6635093e-07,3.888257e-09,4.440969e-06,3.2766618e-06,1.03566335e-05,2.7059674e-05,1.0699075e-06,2.92168e-07,1.0318062e-06,4.9754917e-08,1.7637088e-06,2.0581965e-08,7.724283e-05,0.00048583545,0.00024895347,1.8729696e-06,1.3325222e-06,2.3255701e-08,6.832493e-07,2.9393335e-10,5.5788007e-07,6.345413e-08,5.1577807e-08,8.158896e-09,2.5078889e-05,9.210778e-09,7.500769e-07,1.2032008e-09,2.4095163e-05,4.1024038e-08,1.0375823e-05,5.337242e-07,1.975663e-06
BC2026_Train_0028_S22_20211129_190000_050,2.5700284e-10,7.246271e-06,1.0456027e-06,0.0011545193,5.712855e-09,6.828813e-10,1.574105e-07,4.8581916e-07,1.9774745e-05,0.79524946,0.6885653,0.00015970437,4.1068486e-09,7.7640706e-08,1.6655298e-06,0.0024426188,2.9419172e-07,3.456577e-10,0.025449833,4.07406e-08,6.500997e-08,0.0018371185,2.4151175e-08,1.4653853e-05,1.189624e-05,2.709652e-08,0.0019011672,1.5835909e-07,1.4191549e-07,2.8722585e-05,2.3641824e-05,3.0258178e-07,1.2432333e-05,7.3179967e-06,1.4314661e-06,1.5457052e-06,9.927462e-08,4.6445163e-07,3.7257592e-05,5.382931e-07,0.0005816815,6.829829e-06,4.9584296e-06,2.4950756e-07,2.2906907e-08,1.890412e-08,9.572749e-08,3.3966167e-08,3.551337e-08,1.7201556e-07,8.439916e-08,6.894124e-08,5.967836e-08,0.0003363887,1.9364882e-06,7.449976e-08,1.2866885e-06,0.069123745,4.226608e-09,5.06724e-09,2.2753447e-05,7.9806767e-10,5.7435824e-05,0.002138549,8.739392e-06,1.8804665e-05,2.1490814e-07,2.3869111e-09,5.0085316e-07,4.4308902e-07,2.86812e-09,6.562784e-10,1.237833e-06,1.6001702e-06,1.89095e-07,1.2618389e-06,2.2272316e-05,2.0351847e-05,1.4205528e-05,2.32351e-06,4.92073e-05,1.3481746e-08,0.00024008256,6.316008e-09,1.1534633e-07,3.2103281e-07,5.0932492e-08,1.3659757e-06,1.2876304e-05,8.7137073e-07,3.6816814e-06,1.608008e-05,2.214889e-07,1.68346e-06,0.00016810768,1.7668422e-07,1.704648e-07,1.1310393e-05,2.2962345e-06,1.5221509e-05,1.1191996e-07,1.5286287e-09,1.2750194e-06,0.002345904,3.72802e-05,7.4521915e-07,2.5610944e-09,1.939484e-08,2.9406376e-06,2.357641e-06,9.269205e-08,1.3084812e-05,1.0531063e-08,4.12826e-07,9.331626e-07,2.4220776e-06,2.344178e-06,1.1087625e-05,4.739691e-07,1.16353485e-05,1.2094793e-06,2.3221098e-06,3.8915787e-06,5.9423946e-05,1.9844104e-07,2.9717132e-06,5.192792e-06,1.7028752e-06,1.03449835e-07,3.152421e-05,5.479975e-06,1.9446425e-05,4.2118835e-08,3.2374575e-07,2.016873e-06,2.277208e-08,7.185898e-06,6.3032957e-07,2.5573232e-07,3.901961e-05,1.7319168e-07,7.6933276e-08,1.5615409e-07,4.893895e-06,3.203144e-05,5.0637325e-09,1.1804019e-06,2.2215654e-05,1.8074999e-06,6.137382e-07,4.470061e-07,5.8265226e-08,5.648585e-06,1.4417081e-07,9.286248e-06,4.857946e-06,9.834152e-09,4.7674917e-09,1.393404e-05,1.3766324e-07,3.2463895e-08,3.1813213e-06,3.2096486e-07,4.7620455e-07,7.9870155e-09,9.20727e-05,4.0283624e-07,2.6613998e-07,1.6299563e-06,1.6984038e-06,4.2956905e-05,7.729848e-07,1.5073753e-07,3.903481e-07,1.6201526e-05,4.7641257e-07,8.466534e-07,8.472511e-07,2.6703947e-06,8.299039e-07,1.5453825e-06,5.8637035e-08,0.00045217937,7.0236047e-07,7.280428e-06,2.8276227e-07,7.03784e-08,6.0952793e-06,1.05116214e-07,3.2750828e-05,4.089479e-07,1.1682814e-05,1.772677e-07,1.556269e-05,0.0001022821,2.609747e-05,4.3473506e-06,1.5386061e-07,6.988709e-05,1.3531486e-07,7.021736e-08,1.8731967e-07,1.3121733e-07,4.8214333e-06,1.0539733e-06,2.2219256e-05,8.497429e-06,1.930965e-06,3.7760086e-07,1.0381009e-05,1.3098007e-06,2.9015287e-06,1.09971914e-07,0.00014493754,0.00038229045,7.74891e-05,1.6195452e-06,3.649377e-07,5.107842e-08,4.5521397e-06,8.137647e-10,1.1043524e-06,7.004468e-08,3.0435842e-06,1.2953942e-07,1.7662453e-05,1.779974e-08,5.39893e-07,9.634147e-08,1.9875779e-05,1.4312017e-08,2.0728063e-05,4.1613964e-07,4.1235567e-06
BC2026_Train_0028_S22_20211129_190000_055,1.3563295e-09,8.987764e-06,2.8057113e-07,0.012564204,1.3664936e-08,6.9923036e-09,3.5682373e-07,5.4116424e-07,0.0002376355,0.9402863,0.784581,0.00017028708,6.279555e-08,2.344213e-07,1.9700808e-06,0.022137906,7.75269e-07,2.0945508e-09,0.036845107,3.32582e-07,3.051086e-07,0.05122704,4.3163148e-08,0.00012352265,1.9606923e-05,2.1909415e-07,0.00086654717,2.0811217e-06,1.2494249e-06,0.00017716983,9.504569e-05,2.3000546e-06,4.1565174e-05,4.5320267e-05,7.5492994e-06,5.9497065e-06,2.1915255e-06,2.6050875e-06,0.00013348108,3.3663764e-06,0.0014357084,3.2540935e-05,4.9831633e-05,1.3264021e-06,1.3051182e-07,9.878316e-08,5.653273e-07,1.8819259e-07,2.504261e-07,6.9654317e-07,9.317193e-07,8.1157657e-07,6.68851e-07,0.0012383637,1.2179881e-05,9.705247e-08,9.1049105e-06,0.20363055,2.4551394e-08,5.4078036e-08,0.00012793131,3.5651397e-09,0.00029415087,0.010143326,2.2199854e-05,4.5702196e-05,1.4175495e-06,1.3456622e-08,8.6214015e-07,2.6313244e-06,7.848115e-09,2.475546e-09,1.6186558e-06,1.5227691e-06,4.982349e-07,2.154046e-06,3.057224e-05,1.7846807e-05,2.958281e-05,1.3062546e-05,7.107618e-05,1.5898626e-08,0.00033666845,3.5449077e-08,4.5551653e-07,1.5141428e-06,1.2599338e-07,3.39431e-06,5.1521696e-05,9.44873e-07,8.889749e-06,1.2774322e-05,8.3569694e-07,5.201356e-06,0.00018952992,1.0990937e-06,5.1853954e-07,3.9961546e-05,1.8386762e-06,2.4855384e-05,1.0763817e-06,8.497821e-09,2.8571742e-06,0.0026964366,0.00017022279,8.2461645e-07,1.3589921e-08,2.5052252e-08,3.0630556e-06,1.1325947e-05,2.2662353e-07,4.5839075e-05,8.905576e-08,3.607982e-07,1.4956921e-06,9.5816085e-06,1.1577758e-05,8.319227e-06,7.690605e-07,1.02705135e-05,4.5375723e-06,6.590867e-06,4.4724757e-06,0.00015942779,1.2743836e-06,5.244931e-06,9.008384e-06,8.979393e-06,1.1338701e-06,5.885525e-05,6.187824e-06,3.2923814e-05,2.7138447e-07,2.5624743e-07,9.1751673e-07,3.1135478e-08,4.8171314e-05,5.7126404e-06,1.0747796e-06,2.8040717e-05,6.1500907e-07,2.9032233e-07,5.664061e-07,1.4048293e-05,3.129008e-05,1.02506654e-07,2.1532346e-06,4.664939e-05,2.1247286e-05,1.0354889e-06,3.0502886e-07,3.14659e-07,5.278964e-06,9.641956e-07,2.5842231e-05,8.90763e-06,3.446028e-08,2.1328264e-08,2.9542582e-05,3.4602456e-07,3.7455445e-07,7.664511e-06,3.5710807e-06,5.5170476e-06,1.5472827e-08,0.0004195651,9.1078465e-07,7.922353e-07,1.7757138e-06,2.1779783e-06,0.000100287914,3.1481377e-06,5.2467846e-07,1.1235752e-06,2.466756e-05,6.754489e-07,1.3295734e-06,2.8279649e-06,7.351621e-06,1.5096923e-05,4.357944e-06,1.1285027e-07,0.00027927695,1.0667827e-06,1.3898392e-05,2.3183106e-06,2.9933454e-07,6.40283e-06,4.930929e-07,9.866285e-05,3.665712e-07,2.0367535e-05,1.4476683e-07,7.670288e-06,0.00015226674,5.2218944e-05,2.3892092e-06,4.0559252e-07,0.00019766617,4.778218e-07,1.4197586e-07,4.240677e-07,8.9010925e-08,1.5445896e-05,9.5139967e-07,3.8903574e-05,5.760251e-06,3.969442e-06,6.279889e-07,1.1738969e-05,9.954383e-07,9.692334e-06,5.579609e-07,8.881493e-05,0.0007436901,0.00026315553,5.4821176e-06,1.5589013e-06,9.334263e-08,4.6529267e-06,3.8043844e-09,2.4274448e-06,4.29532e-07,2.119488e-06,7.7028425e-08,8.3157385e-05,5.2150966e-08,1.7954823e-06,5.7156914e-08,3.8656533e-05,2.2074958e-07,5.2635252e-05,2.1559326e-06,6.1128712e-06
BC2026_Train_0036_S22_20211224_234500_000,1.0939419e-09,9.097455e-06,1.8156613e-06,0.000238378,1.316434e-06,2.1361856e-07,1.381525e-07,8.6954196e-07,0.009933069,8.646616e-05,4.482118e-05,4.325412e-06,6.074211e-08,4.1969076e-07,5.774193e-07,0.99949753,5.0572776e-08,8.447901e-09,0.9997639,8.688782e-06,1.50043015e-05,0.99909914,2.983572e-06,3.985715e-06,0.009192104,1.1962912e-07,0.00024504686,9.371172e-08,8.475617e-08,4.3793957e-06,1.3637318e-06,2.522694e-06,5.3722656e-06,1.486489e-06,1.2803968e-06,5.0411263e-06,9.607224e-07,5.5585206e-06,1.5687594e-06,4.037823e-06,3.630439e-05,2.7403175e-06,7.206067e-06,1.7747489e-06,6.033284e-07,4.254243e-07,1.5874035e-05,5.63365e-07,6.8695516e-07,4.171849e-06,5.904138e-07,6.4752066e-07,1.1477141e-06,5.113729e-06,7.63947e-05,9.550704e-07,9.147802e-09,0.84764445,1.8280689e-07,1.7232423e-06,0.8014855,8.510948e-08,3.8073103e-05,0.9991861,0.99707365,3.0712417e-05,4.225468e-06,6.5423126e-07,8.683079e-09,3.0860638e-06,1.3828986e-09,3.3027436e-07,7.674435e-07,3.316071e-05,6.7986528e-09,3.1675634e-07,4.6639752e-07,1.3372055e-05,6.050391e-07,2.3686924e-07,0.00019189475,7.661442e-06,1.2243034e-06,2.9883815e-06,3.5174227e-07,2.2671795e-08,1.1080115e-09,9.059084e-07,1.3438649e-06,1.1496777e-07,7.454008e-06,9.4945267e-07,2.5921582e-07,3.3842305e-05,1.3934805e-06,3.3943618e-06,2.256243e-06,1.7673897e-06,3.1942276e-05,0.00043332446,2.5391505e-06,4.750406e-07,3.6937051e-06,8.63457e-05,3.3987653e-05,1.9282621e-05,2.0354442e-08,2.8102745e-06,1.5527868e-06,4.8809756e-07,3.569303e-05,6.4844726e-06,1.829303e-08,1.494999e-07,8.369289e-06,1.1805708e-06,1.640617e-06,2.1384287e-06,3.247869e-08,4.0971714e-05,3.0767924e-06,1.0439435e-05,1.4839082e-06,0.0005551716,1.5258961e-06,9.535511e-06,4.804927e-06,1.8294695e-05,3.0458214e-09,3.417398e-05,9.2195853e-07,3.4545617e-05,1.7153442e-06,7.0942333e-06,2.2235047e-07,9.884805e-07,7.209656e-06,1.1457297e-07,2.9143493e-08,0.00011507254,8.177814e-08,1.9031614e-06,5.3527225e-07,3.487675e-06,8.566861e-06,1.05716595e-07,2.7086217e-06,7.255221e-07,1.8814479e-08,2.9148998e-06,1.6866048e-06,4.7843594e-07,1.8438143e-07,1.1940954e-08,9.074459e-06,3.3758144e-07,1.7004437e-08,5.4063446e-07,4.0926625e-07,1.7610452e-06,1.6280779e-06,1.0079726e-05,1.2611367e-08,1.1207697e-07,1.3483898e-07,2.250969e-06,2.7998448e-07,8.922186e-06,1.5779887e-07,2.7408194e-06,1.4572438e-05,5.4048235e-07,5.0146014e-08,2.6697297e-08,0.00036094084,7.528816e-06,2.674322e-06,1.0262623e-06,7.197038e-07,1.546022e-05,1.6703974e-06,3.999711e-09,3.6568053e-05,1.8064218e-05,1.7474039e-06,6.395169e-08,7.441e-08,3.1587474e-06,3.0497002e-08,3.028404e-08,2.558887e-06,6.9980166e-07,5.4252156e-05,7.5057887e-06,4.8101033e-06,6.270061e-06,3.9621686e-06,4.961112e-07,1.873423e-05,1.4923552e-06,1.4243604e-06,6.832402e-06,2.3143607e-09,1.6748079e-07,6.9533253e-06,2.5535835e-05,2.9227438e-06,7.5682574e-06,5.3368854e-07,6.874491e-05,1.376648e-05,2.2434153e-05,9.384816e-07,1.329477e-05,9.563441e-06,0.0010607146,1.8548689e-06,2.1215303e-06,2.9470053e-07,5.2367046e-05,7.414062e-10,9.508341e-06,2.3363843e-06,1.3098491e-09,1.2191589e-07,0.0010024146,4.1698486e-06,1.4310784e-05,6.109138e-08,1.0843646e-06,7.316158e-08,0.00016865807,1.1427126e-07,7.8868396e-07
BC2026_Train_0036_S22_20211224_234500_005,1.5254086e-11,5.8428816e-07,2.0679461e-07,2.6529498e-05,1.9220563e-07,2.1919254e-08,5.6365096e-08,2.2540034e-07,0.0054958356,1.7442121e-06,2.6653786e-05,2.405308e-07,2.9959836e-08,1.345172e-08,3.499752e-07,0.9997794,1.1899324e-08,1.2122838e-09,0.9998988,2.4101274e-07,2.276784e-05,0.9986634,2.1083889e-07,1.409496e-07,9.032473e-05,3.0397915e-09,3.5250157e-06,1.1104556e-08,2.8430385e-09,6.2315416e-07,4.520216e-08,1.8961146e-07,1.8479953e-07,7.144308e-08,6.191179e-08,3.9698517e-07,7.55247e-09,6.233932e-08,6.850279e-08,2.3571324e-07,1.1346219e-06,1.13794385e-07,4.2614465e-07,1.1491944e-07,2.1896563e-08,1.63932e-08,6.777273e-07,7.775819e-09,8.569928e-09,8.6628184e-08,2.1566548e-08,2.3507358e-08,5.885329e-08,2.583907e-07,4.973732e-06,2.5943714e-07,5.6900157e-10,0.8717243,2.1389045e-08,3.84554e-06,0.7307623,9.438634e-09,6.2858206e-05,0.998409,0.99629873,7.837854e-07,7.0589516e-07,1.0449987e-08,9.462476e-10,5.1101033e-08,2.195714e-10,4.2936197e-08,1.9512313e-06,2.3225033e-05,2.086555e-10,8.0806124e-08,5.377302e-07,2.2676845e-06,1.0352504e-07,1.1376563e-07,5.6604877e-05,1.7138464e-07,5.482607e-07,1.2421641e-07,3.0030375e-08,1.1055611e-08,1.215087e-09,3.728189e-07,3.20402e-06,1.3416403e-07,4.850549e-07,6.2913864e-07,4.695718e-09,6.836052e-06,9.986227e-07,2.2389274e-07,1.2871875e-07,1.1790581e-07,6.100757e-06,0.00013134966,2.3640181e-08,6.0569725e-08,1.3449778e-05,8.330192e-06,1.5335801e-06,2.6419784e-06,1.0738314e-09,1.4647887e-07,1.8541172e-06,2.0288226e-07,1.7841174e-05,4.817986e-06,2.01494e-09,2.1642864e-08,1.406718e-06,1.9460934e-07,6.011167e-08,6.5916694e-08,1.3636321e-08,2.8527445e-06,1.1181306e-07,2.1727255e-06,3.1392824e-07,0.000120118835,5.6712e-08,6.307457e-07,6.450701e-07,1.2017804e-06,1.0829846e-09,7.896029e-06,1.00626046e-07,3.5914697e-06,2.5508577e-08,1.0255541e-06,2.3152184e-08,1.9095717e-08,4.7108233e-07,5.0110927e-08,8.9347e-09,2.0797881e-06,3.978454e-08,2.04382e-08,1.3288455e-07,7.57024e-07,1.7299162e-07,2.4898243e-08,6.8699904e-07,6.783035e-08,1.6896476e-09,8.161295e-07,3.3967018e-07,1.5878054e-07,7.6775116e-08,1.9390538e-09,3.7487894e-06,1.4908942e-07,1.1205913e-09,2.9184883e-07,3.6671315e-07,3.159562e-07,4.2751594e-08,2.305802e-06,7.205559e-09,2.3798343e-08,1.0838447e-08,8.959352e-06,1.4695808e-08,8.345485e-07,1.1403639e-08,3.8125183e-06,2.589033e-06,1.7040346e-08,2.795536e-09,1.9348423e-09,7.183683e-05,1.0047881e-06,1.5903788e-07,5.7724094e-07,1.247018e-06,4.4360695e-07,8.3409816e-07,1.3227183e-09,1.80763e-05,3.454124e-06,1.1000667e-06,7.880124e-09,4.393954e-09,3.7471095e-06,1.2386752e-08,1.1014526e-08,1.1264194e-06,2.9042616e-07,3.434439e-06,8.9866063e-07,2.059498e-06,8.14262e-06,4.3577595e-07,2.2820604e-08,1.889147e-06,3.9414982e-07,2.0645273e-07,4.0502235e-07,1.4358593e-10,9.794645e-07,1.8813171e-06,2.8665738e-06,7.626022e-08,5.712661e-07,2.0103881e-08,3.3456274e-06,1.9230554e-06,3.153754e-06,3.6270015e-07,3.537365e-05,1.6810455e-07,9.6829666e-05,7.508298e-07,6.49941e-07,3.8357538e-07,5.243061e-06,7.33403e-11,1.0173179e-06,1.3203226e-07,1.3059369e-10,1.2150048e-07,8.463742e-05,3.545649e-07,1.1596029e-06,2.1552224e-09,2.2718864e-06,5.6446723e-09,4.1087646e-05,2.4349962e-09,3.4152265e-07
BC2026_Train_0036_S22_20211224_234500_010,9.2002465e-12,1.06019286e-07,6.211275e-08,2.6604037e-05,9.8285305e-08,3.265062e-08,5.0454656e-08,6.909658e-08,0.0023335523,3.4949896e-06,5.006043e-06,1.9834019e-07,4.3395008e-09,1.1988788e-08,2.7878863e-07,0.9997801,1.2354497e-08,1.0323193e-09,0.9995716,2.7342193e-07,1.8695342e-05,0.99949193,7.2313355e-08,7.718756e-08,0.00031238107,5.159274e-09,5.3402587e-06,1.5886773e-08,7.8724127e-10,2.330095e-07,2.2722272e-08,3.0985944e-08,6.298603e-08,3.384711e-08,1.2955232e-08,9.305306e-08,2.8458815e-09,1.4091985e-08,3.0865497e-08,4.082507e-08,4.825863e-07,4.4372456e-08,7.850963e-08,1.5698154e-08,5.26784e-09,3.3983327e-09,5.9235166e-08,2.2686102e-09,1.7502261e-09,1.4035037e-08,3.2765084e-09,3.477781e-09,7.699812e-09,1.5090711e-07,6.032299e-07,2.7880297e-08,1.3732698e-10,0.27744377,1.0603219e-08,6.6809804e-07,0.1843747,7.609774e-09,5.610102e-05,0.9963665,0.99322915,4.008584e-07,2.847477e-07,1.5880623e-08,3.2476692e-09,4.0402504e-08,6.1517604e-11,8.366713e-09,5.6080484e-07,1.9303412e-05,1.3358867e-10,4.694001e-08,1.9695199e-07,1.5075407e-06,6.6383535e-08,1.8802575e-07,6.125183e-05,1.1836547e-07,3.9488236e-07,1.7729576e-07,1.77317e-08,5.656549e-09,3.7511919e-10,1.4452777e-07,7.7724854e-07,4.4518604e-08,1.2181879e-06,6.479636e-07,5.0120557e-09,1.0203426e-05,1.8313245e-06,1.4380952e-07,5.5245373e-08,5.6147588e-08,7.3587053e-06,0.00017186528,2.3147637e-08,2.1187567e-08,7.584601e-06,9.796982e-06,2.4891533e-06,9.08038e-07,1.6056201e-09,9.1846424e-08,5.4872936e-07,1.368967e-07,3.4215454e-06,6.503262e-06,9.551437e-10,5.2797895e-09,2.044982e-06,9.6545655e-08,8.7048555e-08,8.972976e-08,6.7296555e-09,3.0602498e-06,9.2493366e-08,2.5323695e-06,1.2241757e-07,0.00013427743,7.585171e-08,2.936916e-07,7.767995e-07,8.2986435e-07,2.8915564e-10,1.0146581e-05,7.142223e-08,1.759984e-05,6.6388594e-08,2.277632e-07,1.6014308e-08,1.02128785e-08,9.180156e-07,4.0714802e-08,3.980821e-09,1.3693578e-06,2.9827383e-08,3.3286213e-08,8.081337e-08,6.8885765e-07,1.4669347e-07,1.43127545e-08,8.83965e-07,7.782471e-08,2.9399911e-09,4.94121e-07,1.5804709e-07,3.9750716e-08,3.060784e-08,1.286353e-09,1.2280888e-06,9.3878455e-08,4.2118223e-10,8.410958e-08,4.4061505e-07,8.513561e-08,2.6614273e-08,8.701798e-07,9.736167e-09,2.6347992e-08,7.190539e-09,4.3238324e-06,6.4676534e-08,3.5642205e-07,7.39445e-09,6.596455e-07,1.1590246e-06,2.8468982e-08,4.6904907e-09,5.4746235e-10,3.341699e-05,1.4746031e-06,5.734807e-07,7.3974786e-07,5.7015035e-07,2.664625e-07,3.1411093e-07,8.812998e-11,1.6542068e-05,2.245086e-06,2.0307943e-06,5.820655e-09,1.949902e-09,1.3446188e-06,6.24813e-09,1.1983141e-08,7.5404455e-07,1.7509339e-07,5.94674e-06,7.588585e-07,2.3839993e-06,6.293689e-06,1.5645088e-07,8.940206e-09,2.491096e-06,3.2991645e-07,8.436745e-08,4.3969746e-07,3.639941e-11,5.5748916e-07,4.982187e-07,1.7829766e-06,1.2162153e-07,6.759999e-07,1.0568874e-08,2.77653e-06,2.21661e-06,2.882075e-06,4.6285052e-07,2.1635164e-05,9.103213e-08,0.00012580318,1.9650189e-07,2.3571435e-07,9.719176e-08,9.8322325e-06,2.1044557e-11,1.859951e-07,1.0181123e-07,5.6132095e-11,4.1410907e-08,4.4647935e-05,1.8055637e-07,1.0423253e-06,1.8181708e-09,1.5995462e-06,9.992162e-09,6.35377e-05,4.170106e-09,2.2474137e-07
BC2026_Train_0036_S22_20211224_234500_015,6.5412775e-10,1.2926499e-06,6.4999796e-07,0.00010305405,1.2502137e-05,1.7037021e-07,9.95247e-08,3.499515e-07,0.0057443283,5.6014273e-06,1.5096289e-05,8.156347e-07,8.524574e-09,3.1599804e-08,1.2895406e-07,0.9997547,4.5809813e-08,2.3620157e-09,0.9997322,1.9589471e-07,2.7643064e-05,0.99939823,3.1849004e-06,1.0301749e-06,0.020394193,2.1504892e-08,0.00010155892,4.3967208e-09,7.545612e-10,3.73322e-06,1.2306911e-07,1.2972076e-07,6.2898806e-07,4.0022087e-07,2.0863965e-07,2.1866728e-07,5.7572578e-08,8.4432867e-07,2.7931426e-07,4.4378385e-07,1.0863399e-05,4.590647e-07,1.0927903e-06,4.607805e-08,1.10400634e-07,7.819519e-08,2.4244187e-06,3.394072e-08,5.6389823e-08,7.915564e-07,6.7131204e-08,5.896036e-08,1.3283804e-07,1.1745794e-06,4.835671e-06,1.1884846e-07,5.108052e-10,0.7592499,4.733181e-08,2.1157114e-06,0.44061536,3.135449e-08,0.00014342114,0.9991999,0.9957724,1.3762153e-06,2.2606231e-07,3.1092274e-08,1.5734605e-08,5.012948e-07,1.2595182e-09,2.5136137e-07,8.5611566e-07,3.218417e-05,1.1899114e-09,1.1110578e-07,3.359493e-07,6.5591325e-06,9.647954e-07,4.0110427e-07,0.00021972615,3.4778734e-06,1.1584268e-06,3.5007713e-06,7.8857504e-08,2.9310286e-08,8.74879e-10,9.928793e-07,5.798053e-07,2.8927653e-07,2.193968e-06,6.275399e-07,4.9902997e-08,3.615569e-05,3.432602e-06,1.3829291e-06,6.543248e-07,3.3980336e-07,4.044878e-05,0.0010645696,4.7339535e-07,1.3494022e-07,2.8439967e-05,4.7283e-05,2.1585476e-05,3.556317e-06,2.1341448e-08,3.13471e-06,5.968233e-07,3.9656211e-07,6.436225e-05,9.127532e-06,2.8259814e-09,3.7930253e-08,8.782361e-06,5.6614147e-07,5.649662e-07,1.7719026e-06,2.8805886e-08,4.4517627e-05,8.00861e-07,1.613995e-05,1.2563538e-06,0.0003058057,2.3686944e-07,7.92122e-06,1.25696115e-05,1.4803534e-06,5.506861e-09,6.4613055e-06,8.2761744e-07,4.450392e-05,3.1160172e-07,1.1968247e-05,2.6671904e-07,2.4825843e-06,8.607364e-06,8.9215405e-08,9.299712e-09,1.4982395e-05,1.759704e-07,8.245167e-07,1.4000476e-06,2.2162274e-06,1.0058869e-06,3.652681e-08,1.4675576e-06,5.8441134e-07,1.7024655e-08,2.3402222e-06,1.5167775e-06,2.0409146e-07,1.05458824e-07,1.0582247e-08,4.2617817e-06,2.1274067e-07,1.2286351e-08,1.0159636e-06,2.510157e-07,6.9609746e-06,1.0051901e-07,3.7803682e-06,9.884097e-09,2.9640154e-07,1.17236205e-07,1.0407476e-05,2.7053147e-07,4.0224613e-06,4.24823e-08,7.148266e-07,9.252208e-06,9.5022995e-07,4.262344e-08,9.680653e-09,0.00017938287,1.5711095e-05,9.60186e-06,2.2629686e-06,7.114527e-07,4.2296892e-06,1.2386737e-06,6.558293e-10,2.5581756e-05,9.703932e-06,1.0286022e-06,9.001242e-08,2.4626951e-08,7.10767e-07,4.3041233e-08,2.8309515e-08,3.2035646e-06,2.504189e-07,1.3107692e-05,3.409991e-06,2.3121042e-06,6.928965e-06,9.862789e-07,5.965457e-08,1.39784e-05,5.1143775e-06,1.7379509e-06,1.6202821e-06,5.794787e-10,2.2470536e-07,3.2103237e-06,1.8815248e-05,7.715714e-07,7.2098346e-06,1.7309888e-07,1.4408271e-05,8.62119e-06,7.729761e-06,4.5148704e-07,4.919139e-06,4.4277346e-07,0.0004597216,1.6784936e-06,6.7458964e-06,1.3630618e-07,5.4550972e-05,3.356005e-10,6.236706e-06,7.110192e-07,1.00988724e-10,6.672882e-08,0.00017950812,9.997328e-07,5.8800324e-06,3.171524e-09,2.2778634e-06,5.808159e-08,0.0001974134,2.496191e-08,7.217025e-07
BC2026_Train_0036_S22_20211224_234500_020,1.3173869e-11,1.4108221e-07,3.3530007e-08,4.1275365e-05,2.0573003e-07,2.557981e-08,5.0410502e-08,5.7881305e-08,0.015704874,5.2196224e-06,2.3702345e-05,3.3889881e-07,2.2332308e-08,3.400876e-08,1.1165537e-07,0.9994785,6.992494e-08,2.1966493e-09,0.9997167,1.1447915e-07,1.0521673e-05,0.9991819,1.283236e-07,9.8838e-08,0.0003751318,1.867444e-08,2.273553e-06,3.6528203e-08,3.12211e-09,7.41076e-07,2.8397773e-08,7.404898e-08,1.0486149e-07,5.494997e-08,2.5471726e-08,2.0859608e-07,6.337114e-09,2.7279315e-08,6.054766e-08,7.762353e-08,6.921515e-07,8.046837e-08,9.576566e-08,3.530852e-08,1.8325508e-08,1.1268482e-08,1.4093281e-07,4.178793e-09,3.4223937e-09,2.513002e-08,5.631531e-09,5.7595835e-09,1.0779525e-08,1.9463087e-07,1.2564401e-06,8.189895e-08,2.8933658e-10,0.46480453,1.1856009e-08,4.857983e-07,0.19008307,2.6640274e-08,9.108615e-05,0.99648714,0.9164382,9.574508e-07,3.529415e-07,1.28426505e-08,3.5074108e-09,2.1992875e-08,6.4233736e-11,3.037156e-08,1.572495e-06,1.39492095e-05,1.328105e-10,2.2564274e-07,5.056627e-07,1.6649439e-06,1.2261702e-07,1.424587e-07,0.0002195017,5.079628e-08,2.6211134e-07,9.81491e-08,1.9022394e-08,3.2572973e-09,4.377481e-10,3.3140105e-07,1.6594131e-06,4.2998725e-08,7.390701e-07,8.523072e-07,6.4434795e-09,4.2852607e-06,4.924664e-06,2.2519644e-07,1.2642415e-07,7.077105e-08,1.4275303e-06,9.015917e-05,4.4452253e-08,1.6779008e-08,7.446519e-06,2.820146e-05,3.8286926e-06,4.4881978e-07,1.6805776e-09,9.61944e-08,3.8726236e-07,2.166197e-07,5.921506e-06,1.0143921e-05,1.7702494e-09,6.001781e-09,4.1841813e-06,1.8158798e-07,1.3107737e-07,1.6076348e-07,1.5794742e-08,3.035928e-06,4.869965e-07,2.105665e-06,2.390339e-07,0.00015728337,8.284681e-08,1.1093579e-06,1.3482875e-06,2.4039143e-06,6.855776e-10,7.221921e-05,1.3267295e-07,1.3147078e-05,1.536349e-08,2.6271772e-07,1.958898e-08,2.4960913e-08,2.042984e-06,8.646542e-08,3.2354894e-09,1.7294012e-06,4.6146916e-08,4.0016968e-08,1.2803389e-07,8.3827274e-07,2.956269e-07,1.9627727e-08,9.66488e-07,5.981123e-08,2.2316586e-09,7.7068967e-07,2.0633718e-07,1.3315436e-07,7.195865e-08,2.5750737e-09,1.6665945e-06,1.743454e-07,2.1042962e-10,6.899886e-08,1.1772336e-07,3.9933028e-07,1.0665815e-08,8.436164e-07,3.7078516e-09,1.5195885e-08,7.508619e-09,8.739867e-06,3.3910048e-08,5.2804216e-07,2.4539128e-08,1.5827213e-06,1.2978737e-06,6.6690646e-08,8.067303e-09,6.6809375e-10,2.7593785e-05,1.6237534e-06,1.191938e-06,5.918756e-07,2.2466538e-06,1.7210482e-06,3.9456654e-07,2.9585812e-10,1.2285046e-05,3.831845e-06,1.2334693e-06,8.40103e-09,3.491672e-09,1.7682985e-06,6.7427863e-09,2.5574346e-08,5.0504855e-06,2.6718237e-07,2.9210273e-06,5.4855354e-07,2.110321e-06,8.03977e-06,1.9586857e-07,1.734617e-08,9.7956e-06,3.085153e-07,6.558512e-08,3.408452e-07,1.8985909e-10,2.7173564e-07,1.00384e-06,3.2422577e-06,1.8369572e-07,5.6554836e-07,1.502008e-08,2.2657025e-06,7.01634e-07,4.642086e-06,1.02374955e-07,6.9517264e-05,2.2966695e-07,0.000100982696,1.3420332e-07,4.457328e-07,6.646182e-08,2.5678499e-05,2.4746843e-11,4.2944308e-07,9.0153144e-08,1.09353464e-10,2.1282098e-08,4.864212e-05,3.8082527e-07,9.985894e-07,2.8238423e-09,2.9381033e-06,2.1438453e-09,2.9097671e-05,4.859065e-09,5.850962e-07
BC2026_Train_0036_S22_20211224_234500_025,3.6339338e-11,2.526339e-07,2.6705095e-07,0.00017887798,2.9330673e-07,1.1311544e-07,6.5212895e-08,2.6070001e-08,0.0017185841,9.088489e-06,4.4362782e-06,3.0339165e-06,1.6730075e-09,2.9522369e-08,3.4278247e-07,0.9987876,2.6055934e-08,1.3178155e-09,0.99952877,2.5078216e-07,6.9770053e-06,0.9994148,1.6458027e-07,3.0221673e-07,0.00088032096,3.1069508e-08,2.0566267e-05,1.0950865e-08,2.3233877e-09,1.9032888e-07,1.5130875e-07,1.3115765e-07,2.72601e-07,1.1503215e-07,6.7114684e-08,3.7879687e-07,2.5066443e-08,1.8152512e-07,1.46461e-07,1.5801889e-07,2.7286578e-06,2.0899013e-07,4.75948e-07,6.815001e-08,5.1110092e-08,3.3294402e-08,5.080113e-07,1.38735095e-08,1.7983197e-08,1.2031502e-07,2.3314284e-08,3.1370703e-08,5.171848e-08,6.099409e-07,4.3307527e-06,5.649812e-08,3.6488265e-10,0.36897737,6.836375e-09,9.2409245e-08,0.18447773,1.0562203e-08,5.9017166e-05,0.9975932,0.99899346,8.3939034e-07,7.402743e-07,1.8596207e-08,1.1647246e-08,8.203794e-08,1.9739588e-10,3.4818708e-08,2.7536595e-07,4.4012095e-06,1.00344934e-10,4.228666e-08,3.3316994e-07,4.735313e-06,1.803428e-07,6.157503e-07,4.7247213e-05,1.3176223e-06,4.4411792e-07,7.070803e-07,4.2876454e-08,3.8184513e-09,7.196023e-10,3.780246e-07,4.934631e-07,6.7433035e-08,1.925441e-06,4.5130193e-07,3.7091755e-08,3.248878e-05,1.9928168e-06,1.8464856e-07,1.0341649e-07,1.3628656e-07,3.881401e-06,0.0002995275,1.526401e-07,2.9224651e-08,8.190322e-06,9.920391e-06,3.2763492e-06,2.7510403e-06,3.4037493e-09,1.2544618e-07,9.877134e-07,2.6650673e-07,3.177866e-05,3.7577809e-06,1.7560577e-09,9.389506e-09,1.2330883e-06,1.1350403e-07,2.342481e-07,2.0396246e-07,1.9788649e-08,8.440232e-06,2.0163122e-07,5.0368494e-06,2.2757149e-07,0.00019843815,1.1674585e-07,9.4367e-07,5.85641e-07,3.4734815e-06,1.1018071e-09,2.3689307e-05,2.1409988e-07,2.3558976e-05,6.610479e-07,2.7668057e-07,2.0643098e-08,8.779824e-08,1.5470576e-06,2.2099975e-08,2.304731e-09,9.402393e-07,2.4494804e-07,2.6386144e-07,6.8262403e-07,1.300054e-06,6.412183e-08,3.7443315e-09,1.1180341e-06,1.9481824e-07,1.0827145e-08,3.2761258e-07,8.24068e-08,7.105793e-08,5.0443205e-08,1.4593817e-09,1.9798654e-06,6.8825095e-08,1.0558774e-09,1.5503836e-07,1.9369115e-07,4.2750298e-07,2.1149961e-07,1.9043396e-06,1.5904359e-08,3.603528e-08,1.834285e-08,1.5653357e-06,1.4230811e-07,1.1473977e-06,1.5394232e-08,8.20391e-07,4.1554504e-06,2.035404e-07,9.69074e-09,3.6451693e-09,8.504477e-05,1.2535677e-06,4.11207e-06,8.673984e-07,1.579862e-06,1.9206325e-06,2.1330648e-07,2.1433537e-10,2.3883114e-05,3.8911817e-06,2.5547736e-06,2.264068e-08,1.9969738e-08,1.6390173e-06,1.0526064e-08,2.1515351e-08,2.0038417e-06,9.787038e-08,9.006245e-06,1.1093928e-06,4.4122958e-06,5.1208685e-06,7.480531e-07,5.654384e-08,4.5416505e-06,6.559581e-07,9.325667e-08,1.2010253e-06,1.1731914e-10,3.366934e-07,9.406088e-07,3.2937962e-06,1.5640464e-07,1.4661854e-06,6.639949e-08,2.1493717e-05,1.30347335e-05,1.3439827e-05,1.1704097e-06,1.1833723e-05,2.2381417e-07,0.0001997655,2.8781423e-07,4.720375e-07,1.3157873e-07,1.7078803e-05,4.7012335e-11,1.1614455e-06,1.3517568e-07,9.853894e-11,5.556336e-08,0.00018712126,4.7540226e-07,8.244292e-06,3.840063e-09,1.2966427e-06,6.209201e-08,0.0001594305,1.4569294e-08,4.1523498e-07
BC2026_Train_0036_S22_20211224_234500_030,3.410719e-11,2.7082007e-07,1.0283958e-07,6.5696724e-05,1.18585234e-07,1.4362224e-08,1.5579792e-08,7.8478784e-08,0.00591242,1.1298889e-05,1.241758e-05,1.5691602e-07,2.6915499e-09,4.9230424e-09,6.7851566e-08,0.999511,6.0030403e-09,1.7507061e-10,0.99970144,3.7033445e-08,2.9630228e-06,0.9978719,1.4283621e-07,7.505586e-08,0.0011540815,4.028083e-09,6.3192197e-06,9.1780885e-09,3.9360395e-10,4.507161e-07,2.0945238e-08,2.8577082e-08,1.0126276e-07,2.1319478e-08,2.1488534e-08,4.427287e-08,5.2101825e-09,2.7610403e-08,2.3705473e-08,3.4922262e-08,5.630341e-07,5.7443362e-08,8.5303846e-08,1.0748647e-08,1.3408865e-08,9.603449e-09,1.3604125e-07,5.002887e-09,3.1894558e-09,2.625268e-08,4.3362576e-09,4.410344e-09,8.631297e-09,1.2141778e-07,6.759373e-07,1.1114367e-08,1.3818406e-10,0.4490334,2.632427e-09,2.5556506e-07,0.23265457,3.7680956e-09,1.7077791e-05,0.9975102,0.9911538,4.7194882e-07,1.0142959e-07,7.324057e-09,6.458968e-10,4.131647e-08,7.277387e-11,3.9546135e-09,1.50648e-07,4.769497e-05,1.963598e-10,1.7571878e-08,2.0212968e-07,3.7460268e-06,3.3113086e-08,1.2950778e-07,9.668436e-05,1.9197776e-07,1.6629238e-07,3.1301795e-07,2.9958066e-08,4.821205e-09,1.9259566e-10,1.8942909e-07,3.5219037e-07,5.6936145e-08,5.314315e-07,2.7172192e-07,3.743696e-09,7.013971e-06,1.0776853e-06,4.589793e-07,1.1795012e-07,1.09182714e-07,3.0783976e-06,0.0003083113,3.7914628e-08,2.5490195e-08,1.9386796e-06,1.3313269e-05,3.7594011e-06,7.59955e-07,7.9585594e-10,1.4354069e-07,1.698378e-07,4.395474e-08,4.3122486e-06,1.4614069e-06,7.37619e-10,5.1162155e-09,1.6386641e-06,9.253518e-08,1.650071e-07,3.3762876e-07,1.035641e-08,8.929829e-06,3.5547396e-07,1.4061211e-06,1.00956704e-07,0.00017399334,1.4879112e-07,4.9258625e-07,1.2989906e-06,8.88901e-07,2.1722742e-10,3.0671245e-06,3.2488862e-07,3.6745603e-06,2.3833712e-07,5.4027726e-07,1.499083e-08,3.7089354e-08,9.745904e-07,1.5363957e-08,5.3241234e-09,5.5667538e-06,1.0708499e-08,4.1676348e-08,3.3614857e-08,5.0925115e-07,1.4470019e-06,3.4557486e-09,1.4184582e-07,3.5705827e-07,2.752715e-09,1.1945485e-06,2.8482432e-07,3.7833143e-08,2.7121803e-08,8.0876356e-10,1.3292412e-06,5.040358e-08,4.4299348e-10,2.2349823e-08,1.6549896e-07,4.1020172e-07,1.2855444e-08,8.869973e-07,2.445576e-09,1.4433488e-08,6.216451e-09,2.223777e-06,2.9885758e-08,9.812765e-07,4.0500625e-09,6.822511e-07,5.3257304e-07,4.555852e-08,4.2600177e-09,3.0796785e-10,7.952917e-05,1.5848464e-06,1.6645645e-06,7.510662e-07,3.034797e-07,1.1216374e-06,2.0539305e-07,1.2354531e-10,1.2329963e-05,6.1836965e-07,7.0654585e-07,3.8561074e-09,1.696413e-09,9.767957e-07,2.1620408e-09,6.4961845e-09,5.1814357e-07,1.9420239e-07,1.8897375e-05,1.4841361e-06,2.2522745e-06,2.692774e-06,1.195144e-07,1.0387726e-08,5.723355e-06,2.5178747e-07,2.5058174e-08,5.4755316e-07,6.772295e-11,1.4589767e-07,7.5348674e-07,4.6818013e-06,7.5117504e-07,8.2707135e-07,3.1126692e-08,1.110519e-06,3.234364e-06,6.0004436e-06,7.82607e-08,5.193901e-06,5.1045845e-07,9.338214e-05,1.1511699e-07,5.5606716e-07,1.4218258e-08,5.9688705e-06,1.27962484e-11,1.15359654e-07,9.397375e-08,7.828014e-11,1.5158225e-08,6.774369e-05,2.0927814e-07,1.2929396e-06,2.7973603e-09,5.429979e-07,9.911906e-09,5.4939494e-05,6.459674e-09,9.9216514e-08
BC2026_Train_0036_S22_20211224_234500_035,1.832217e-10,2.9135795e-06,6.4914923e-07,9.1341266e-05,8.618803e-07,2.6185518e-08,5.7855598e-08,6.6345416e-07,0.0041142427,1.9688016e-05,1.0319456e-05,1.9491675e-07,1.27068125e-08,1.3563586e-08,3.0723015e-07,0.9996518,1.0875473e-08,1.2206598e-09,0.9993327,3.2227763e-07,2.0874482e-05,0.99717295,1.169399e-06,3.0971273e-07,0.011416734,1.2683447e-08,1.8663472e-05,7.336192e-09,1.97737e-09,1.6020041e-06,1.0565109e-07,1.2503591e-07,8.438634e-07,1.4215794e-07,1.1329822e-07,1.9047776e-07,5.0602495e-08,1.3629044e-07,2.1819085e-07,2.702705e-07,1.8157255e-06,3.5126558e-07,3.5972903e-07,5.046794e-08,8.910928e-08,6.538602e-08,8.2983195e-07,5.0809952e-08,1.612763e-08,7.110484e-08,2.8501201e-08,2.79299e-08,6.4880524e-08,5.278634e-07,2.0859995e-06,1.7421927e-07,1.7365892e-09,0.6116296,1.5136296e-08,2.315584e-06,0.39709777,1.1305166e-08,3.357322e-05,0.9975241,0.9809269,2.3285766e-06,7.477451e-08,7.458735e-08,1.4745832e-09,2.1653894e-07,6.406321e-10,1.1656596e-07,7.5897935e-07,0.002391823,1.3081913e-09,9.224248e-08,1.8350137e-07,8.210513e-06,1.6515855e-07,1.6575042e-07,0.00031523488,8.571597e-07,2.3077798e-06,9.219682e-07,7.112804e-08,9.280541e-09,3.4137865e-10,3.9534962e-07,7.863242e-07,8.939238e-08,2.4418866e-06,2.1016667e-06,1.0666181e-08,1.8028646e-05,4.3149016e-06,1.4262594e-06,5.576093e-07,1.55506e-07,2.4357618e-05,0.00018574075,2.4051954e-07,7.650001e-08,1.0725887e-05,5.6944125e-05,1.7320523e-05,2.7983895e-06,1.0033316e-08,1.9403442e-06,1.1681802e-07,8.9809376e-08,7.0391065e-06,6.7194874e-06,4.0219343e-09,8.2674745e-08,1.7947112e-05,6.785583e-07,3.4206047e-07,2.057955e-06,4.8628408e-08,2.1958433e-05,1.5853512e-06,4.1000058e-06,1.0910231e-06,0.00025284736,4.3777868e-07,2.384993e-06,1.0056069e-05,7.5131647e-06,5.377763e-10,1.2539571e-05,1.455336e-06,9.326241e-06,3.8182208e-07,4.522641e-06,7.504412e-08,1.4374659e-07,5.623399e-06,6.855167e-08,4.7118604e-08,0.00010193343,7.896524e-09,1.3401365e-07,6.721128e-08,1.7112316e-06,9.373507e-06,5.3460145e-08,6.978256e-07,5.6608906e-07,4.5352757e-09,6.458441e-06,7.333942e-07,2.612778e-07,1.224894e-07,3.8441885e-09,6.5565064e-06,2.7684447e-07,9.34035e-09,2.5195274e-07,2.3473046e-07,1.0223335e-06,4.5712582e-08,2.8738386e-06,3.5572196e-09,4.7667843e-08,1.9244677e-08,7.2887983e-06,9.148416e-08,4.6097007e-06,1.5191567e-08,2.3252278e-06,1.1022659e-06,2.4549902e-07,3.1884717e-08,2.8709277e-09,0.00027357947,5.931538e-06,2.4295243e-06,8.6728596e-07,3.8897053e-07,1.75722e-06,2.2249055e-06,1.1062375e-09,3.2194024e-05,3.5739358e-06,8.700903e-07,4.4086286e-09,1.5405803e-08,5.939106e-06,1.1661695e-08,2.4540766e-08,6.118441e-06,9.045565e-07,0.00011642649,6.3029934e-06,2.756852e-06,3.6570316e-06,5.817705e-07,4.423733e-08,3.7078702e-05,2.5511242e-06,5.3492425e-07,5.359608e-07,6.0848965e-10,9.655339e-08,8.74728e-06,1.4098045e-05,4.0287346e-06,1.1695997e-06,1.9849743e-07,3.3838253e-06,1.2985138e-06,1.5807807e-05,7.016983e-08,8.489087e-06,3.1306768e-06,0.00065860734,1.0977434e-06,2.7231754e-06,4.4128196e-08,3.258304e-05,1.7987502e-10,1.0554137e-06,4.706467e-07,4.548857e-10,1.18634205e-07,0.00023918439,3.4283619e-06,7.08612e-07,1.453241e-08,9.1986567e-07,1.1522117e-08,0.00012366408,3.667949e-08,5.7936427e-07
BC2026_Train_0036_S22_20211224_234500_040,1.4852694e-10,8.0588774e-07,1.2399995e-07,6.5755885e-05,1.3363129e-07,2.7049067e-08,3.6995598e-08,8.78366e-08,0.0033890388,4.2283987e-06,1.1148815e-05,3.267991e-07,4.8924903e-08,4.1883947e-08,4.5461738e-07,0.99985707,4.167023e-08,4.487594e-10,0.9998318,4.882009e-07,3.104449e-05,0.9946247,5.321121e-07,3.1134178e-07,0.00028151477,4.8660116e-09,1.39149315e-05,7.3093336e-09,2.9530294e-09,5.6877474e-07,5.5341875e-08,2.6537583e-07,2.2148679e-07,2.0539049e-07,1.2075425e-07,4.7232973e-07,1.9207603e-08,2.1562563e-07,1.1939274e-07,4.950568e-07,2.0914297e-06,2.236279e-07,5.571442e-07,1.13495155e-07,4.853204e-08,4.1895927e-08,1.287711e-06,1.3090482e-08,1.7211576e-08,1.5129417e-07,3.1282926e-08,2.6607978e-08,6.2393326e-08,3.9376698e-07,7.905658e-06,2.45689e-07,9.790129e-10,0.84271055,6.238853e-09,6.5407215e-07,0.34041265,2.2800112e-08,0.000111713045,0.997036,0.95664984,1.2212622e-06,4.8357913e-07,2.4276474e-08,7.984624e-09,8.0720476e-08,3.1508715e-10,6.1413328e-09,6.057036e-07,5.818874e-05,1.2233612e-09,2.4707975e-07,3.9271802e-07,1.970607e-06,1.8557839e-07,5.507567e-07,5.3706666e-05,1.7947721e-07,7.7655136e-07,4.9454763e-07,1.1101935e-07,4.9922586e-09,3.4270886e-10,3.0288007e-07,2.442383e-06,1.0803901e-07,8.8115536e-07,3.7156522e-07,9.88144e-09,5.902133e-06,1.224077e-06,1.0896963e-06,1.4379842e-07,1.4340345e-07,1.2355e-05,0.0003480182,7.019112e-08,4.204146e-08,2.7520256e-05,1.846142e-05,6.3651987e-06,3.1193576e-06,8.5787055e-10,2.830388e-07,1.2220124e-06,2.035408e-07,6.7333625e-05,1.0232815e-05,2.3693207e-09,1.933091e-08,2.8000497e-06,3.654434e-07,9.135774e-08,7.326295e-08,2.173835e-08,1.6662636e-05,2.391545e-07,3.8170297e-06,3.626984e-07,0.0002654671,4.5016327e-07,2.1424644e-06,1.6223432e-06,3.6971767e-06,1.8279558e-09,1.1248767e-05,1.5477319e-07,1.1898667e-05,2.332113e-08,9.3133986e-07,2.6583123e-08,6.0897555e-08,3.3709414e-06,1.219366e-07,1.289754e-08,1.0197744e-05,1.7179367e-08,1.1526781e-07,7.307525e-08,1.080977e-06,2.9220197e-07,3.1020303e-08,5.3673114e-07,1.1099373e-07,1.7448265e-09,2.116103e-06,7.616622e-07,4.4383506e-07,6.037399e-08,2.514511e-09,2.7219003e-06,1.2119058e-07,1.8443176e-09,2.2590993e-07,4.824975e-07,1.1224998e-06,1.2161085e-07,4.2567735e-06,7.3085533e-09,4.017788e-08,1.86348e-08,3.7595946e-06,3.572118e-08,2.1630892e-06,2.351709e-08,4.8942593e-06,2.2139227e-06,1.8494816e-07,4.7259894e-09,1.3291649e-09,0.000267284,3.3411125e-06,3.0291924e-06,3.266941e-07,4.3285377e-07,4.6099776e-06,6.1795816e-07,1.6667235e-09,1.2090631e-05,2.2077365e-06,2.1230585e-06,4.3875055e-09,8.106204e-09,1.4887403e-06,1.273066e-08,1.2646945e-08,7.177255e-06,4.2695416e-07,5.7759453e-06,4.8395004e-06,2.5630684e-06,7.817505e-06,2.5533046e-07,6.44368e-08,9.759617e-06,1.0114546e-06,1.4876743e-07,6.0272396e-07,1.2632588e-10,2.8070014e-07,1.5638092e-06,5.7580437e-06,2.9379163e-07,4.7922504e-07,4.4709473e-08,4.7385292e-06,2.0304906e-06,2.4272309e-05,1.7368077e-07,1.4356001e-05,8.5287803e-07,0.0005282593,8.0701057e-07,2.780404e-06,2.1120455e-07,1.3210094e-05,8.0591436e-11,1.1189835e-06,2.1784551e-07,2.4711763e-10,5.503483e-08,0.00018476219,9.3469265e-07,6.6337765e-07,4.760367e-09,2.3377572e-06,1.7496697e-08,2.3696673e-05,1.0347426e-08,6.8062513e-07
BC2026_Train_0036_S22_20211224_234500_045,3.6120284e-11,2.675526e-07,1.766864e-07,2.6306741e-05,6.6566486e-08,1.4675862e-08,2.5617505e-08,1.7946574e-07,0.0049522347,6.845668e-06,1.4979551e-05,3.1548407e-07,9.934998e-09,2.579883e-08,1.8527298e-07,0.9995969,1.6952171e-08,5.1841e-10,0.9997149,3.478307e-07,3.3107142e-06,0.9956455,2.8072586e-07,1.9404226e-07,0.0027711855,1.7953107e-08,1.7786557e-05,5.4763603e-09,2.3568494e-09,2.7048966e-07,2.3133953e-08,9.4361894e-08,1.5568925e-07,6.4087715e-08,4.0938446e-08,1.2457195e-07,2.0781169e-08,1.3138036e-07,4.4382862e-08,6.753859e-08,1.7833762e-06,8.251926e-08,1.0532555e-07,3.3854793e-08,2.632599e-08,1.8998353e-08,2.7446777e-07,9.340599e-09,1.1888368e-08,1.0627154e-07,4.908631e-09,4.3970143e-09,9.8724335e-09,2.1432378e-07,1.5729524e-06,9.126596e-08,4.9417986e-10,0.5559331,2.9449074e-09,1.920182e-07,0.2601832,1.0118704e-08,3.702111e-05,0.99753857,0.95567095,4.555783e-06,4.879025e-07,2.6251179e-08,2.1939484e-09,5.3832185e-08,1.9604882e-10,7.789208e-09,1.8511103e-07,2.5947284e-05,4.686947e-10,1.060919e-07,3.8610702e-07,2.1336111e-06,1.5251264e-07,1.6686523e-07,8.098724e-05,7.9976877e-07,4.330528e-07,1.8683298e-07,1.1481864e-07,4.3385326e-09,1.3373526e-10,5.2997746e-07,9.908315e-07,1.08898e-07,2.784363e-06,8.0396404e-07,5.8831935e-09,6.3681127e-06,1.7101337e-06,3.665743e-07,5.371951e-07,2.5776507e-07,1.058744e-05,0.00021386695,2.3806817e-07,1.1438863e-08,2.7663016e-06,1.2067373e-05,1.8691813e-06,1.390035e-06,3.0694232e-09,1.6637581e-07,4.7784545e-07,9.598362e-08,8.477849e-06,1.7714227e-06,9.690089e-10,1.784264e-08,3.912641e-06,1.9512225e-07,4.4458403e-07,1.6789419e-07,1.7128164e-08,2.7972023e-05,2.2537743e-06,4.1319886e-06,5.511666e-07,0.000191685,3.1368194e-07,2.350327e-06,2.5410181e-06,4.483391e-06,3.6690234e-10,4.6330283e-06,3.410357e-07,2.0209462e-05,6.059283e-08,1.6193691e-06,4.8273638e-08,4.431528e-08,7.630364e-07,3.4276933e-08,5.754719e-09,9.175664e-06,9.297833e-09,4.7657298e-07,8.666239e-08,6.41816e-07,9.2147417e-07,1.04749915e-08,5.648579e-07,1.4103016e-07,1.3863081e-09,2.4125818e-06,5.5553767e-07,1.5788392e-07,7.713619e-08,2.0513917e-09,3.0188105e-06,1.4421522e-07,9.330178e-10,1.6492766e-07,1.712943e-07,3.5010606e-07,3.5422588e-08,2.345372e-06,3.9657926e-09,4.6596575e-08,1.134753e-08,3.237123e-06,5.8148878e-08,9.737134e-07,2.0894323e-08,1.051285e-06,1.2519524e-06,1.897361e-07,9.944173e-09,1.7959982e-09,0.00014428985,2.7375095e-06,4.0419764e-06,4.56156e-07,7.9934335e-07,1.8489786e-06,6.028165e-07,1.6064502e-09,4.8701113e-05,5.5920123e-06,1.1303009e-06,6.5554326e-09,7.838989e-09,1.4681763e-06,6.058992e-09,1.2961534e-08,2.3341483e-06,2.8513278e-07,2.6581642e-05,7.585954e-06,2.429631e-06,5.385685e-06,5.865146e-07,4.0489752e-08,7.125341e-06,2.07158e-07,1.1501527e-07,5.183195e-07,1.5267133e-10,2.6897277e-07,8.8018874e-07,3.930537e-06,2.1441813e-06,1.0647286e-06,4.445268e-08,9.743742e-06,4.7457293e-06,2.1242948e-05,1.1463976e-07,1.2408478e-05,1.4061976e-06,0.0001408847,3.7852058e-07,6.23427e-07,3.6515033e-08,9.64804e-06,7.338522e-11,4.804593e-07,1.2655552e-07,3.0022387e-10,4.2601172e-08,0.0003070924,1.2163908e-06,3.9311934e-07,4.4539137e-09,1.3242092e-06,7.493467e-09,6.4826876e-05,1.3995394e-08,4.192347e-07
BC2026_Train_0036_S22_20211224_234500_050,8.3629914e-10,2.0034881e-06,5.4791985e-07,0.00046112319,3.9650004e-06,1.6427087e-07,5.3041777e-08,7.432504e-08,0.014759709,2.8824745e-05,2.688238e-05,9.852316e-07,1.3261293e-08,1.3871875e-07,6.706087e-07,0.9982066,2.9639384e-08,3.5008678e-09,0.99293846,2.2494582e-06,2.3740236e-05,0.9996158,3.8688913e-07,1.0936274e-06,0.010930191,1.01545346e-07,2.2177868e-05,3.5136665e-08,6.8676753e-09,3.539727e-06,2.8610629e-07,6.05796e-07,1.005532e-06,3.0004188e-07,2.6740977e-07,5.6803265e-07,3.1260566e-07,1.0717622e-06,3.8391022e-07,3.1070644e-07,1.1216277e-05,6.49161e-07,1.0050067e-06,1.7373428e-07,2.1079806e-07,1.5709887e-07,1.2658551e-06,6.9160265e-08,7.583869e-08,5.364666e-07,5.907755e-08,5.967016e-08,1.09868125e-07,1.3918908e-06,8.4267285e-06,1.1943156e-07,7.098608e-10,0.52887905,9.417307e-09,2.6275907e-06,0.38023454,2.744182e-08,0.00018861338,0.99767,0.99139565,1.4834752e-06,1.4565384e-06,3.169053e-07,8.799184e-09,1.5299278e-07,5.790157e-10,1.6131189e-07,6.810705e-07,9.698002e-05,5.005547e-10,1.3247875e-07,1.9372183e-07,9.371898e-06,1.6921148e-07,6.949374e-07,0.00026727555,1.6172424e-06,2.45749e-06,2.5787574e-06,2.8256872e-07,2.0057689e-08,5.411309e-09,1.6268706e-06,6.0111205e-07,1.4808417e-07,7.5852086e-06,2.5606007e-06,7.266302e-08,4.289043e-05,5.651587e-06,2.3921891e-06,2.0378254e-06,6.29587e-07,3.0644744e-05,0.00017694496,2.547086e-06,1.4006575e-07,4.416261e-06,0.00011538008,2.501182e-05,1.1519226e-06,1.2164606e-08,1.274499e-06,2.781651e-07,1.4873933e-07,2.0979774e-05,3.2988446e-06,1.0262614e-08,4.5680416e-08,6.5890254e-06,9.283436e-07,1.1469809e-06,8.2724966e-07,1.4574358e-07,3.484811e-05,4.3406017e-06,4.4762905e-06,1.8906212e-06,0.00064345717,3.3623144e-06,4.132332e-06,3.6299914e-06,8.234784e-06,1.259141e-09,6.6906423e-06,5.092991e-06,4.7580947e-05,5.342245e-06,6.511976e-06,4.5729286e-07,2.6671623e-07,9.096491e-06,5.1748682e-08,2.58842e-08,3.0763684e-05,1.8807304e-08,4.883005e-06,3.0792359e-07,1.7818921e-06,2.0863895e-06,2.1289205e-08,1.8143719e-06,1.7055929e-07,2.201197e-08,2.033275e-06,1.0694771e-06,4.6155768e-07,1.6003276e-07,1.3926481e-08,2.0487296e-06,2.3405227e-07,1.41522944e-08,3.9134406e-07,8.410442e-07,1.3987477e-06,1.4917319e-07,6.3067205e-06,6.082906e-08,1.5232033e-07,7.374031e-08,3.8316807e-06,1.9678939e-07,4.7875415e-06,5.6081124e-08,1.6945015e-06,9.365835e-07,8.9855513e-07,5.2378553e-08,1.5889713e-08,0.000121568555,3.996037e-06,3.9894344e-06,3.510741e-06,8.805178e-07,5.871319e-06,2.1109067e-06,7.84892e-10,4.179145e-05,6.7465585e-06,3.2935354e-06,7.2603996e-08,3.5466055e-08,2.6147995e-06,4.1214463e-08,8.478122e-08,4.6921755e-06,1.1274641e-06,0.0001214,9.351284e-06,3.595836e-06,2.133212e-06,1.1549752e-06,9.654676e-08,1.6452188e-05,1.3304879e-06,5.0316027e-07,8.0945784e-07,9.249521e-10,7.5678435e-07,4.010399e-06,1.1813922e-05,4.7290805e-06,5.6283616e-06,1.3216781e-07,5.4862423e-05,3.2244961e-06,4.602629e-05,7.907717e-07,1.597405e-05,6.2698577e-06,0.00048244285,5.523679e-07,2.9229084e-06,1.4222671e-07,1.906652e-05,5.7049027e-10,1.1637618e-06,1.8123453e-07,1.4495058e-09,1.3088325e-07,0.00030567602,5.6149856e-06,5.0328063e-06,1.8093294e-08,1.8453377e-06,2.5197315e-07,0.00014654093,8.350312e-08,9.0952346e-07
BC2026_Train_0036_S22_20211224_234500_055,7.021913e-11,6.653862e-07,2.4658894e-07,5.985116e-06,4.650593e-07,2.4418064e-08,8.0118426e-08,1.2158005e-06,0.010416741,2.9155892e-06,1.0843588e-05,5.5602683e-08,5.7156694e-07,3.8852708e-08,5.704909e-07,0.999785,7.705929e-08,2.2476865e-09,0.9994512,5.314381e-07,7.902681e-05,0.9681773,2.2235183e-06,8.3463625e-08,4.639124e-05,1.2706322e-09,1.6708478e-05,1.8680993e-08,3.8401797e-09,1.8554242e-06,3.088776e-08,1.4480949e-07,7.037491e-08,7.062542e-08,4.468168e-08,3.3465355e-07,6.246796e-09,3.4974256e-08,7.1426044e-08,1.6618664e-07,4.5707307e-07,7.9905845e-08,1.6476763e-07,8.977683e-08,1.030005e-08,1.0449349e-08,1.4637277e-07,2.7165332e-09,4.1552592e-09,2.3508077e-08,1.0763234e-08,1.09346905e-08,2.3728814e-08,1.7927175e-07,1.5611316e-06,3.1408126e-07,1.4445379e-09,0.63603055,3.5909927e-08,4.0871146e-05,0.4238595,5.245651e-09,0.00013765358,0.97793543,0.7852877,7.2990747e-07,8.262578e-07,8.483376e-09,2.2752458e-08,1.3656836e-07,1.8204126e-09,1.2720687e-07,1.9147215e-06,2.660424e-05,1.1725588e-09,2.9895537e-07,1.7864012e-06,2.883381e-06,8.6853913e-07,3.2324846e-07,0.00042246073,1.0591156e-07,9.65563e-07,4.8283584e-07,5.860472e-08,8.1799465e-09,1.6667998e-09,3.5316236e-07,7.895412e-06,7.6203804e-08,5.0764373e-07,7.46612e-07,1.1267837e-08,4.03973e-06,1.7362379e-06,4.1355065e-07,8.835419e-07,7.9724686e-08,5.77502e-06,0.0003398549,3.754445e-08,1.3367692e-07,0.00014074343,2.831197e-05,1.5006533e-05,4.211227e-06,1.2068e-09,7.522239e-08,4.0510995e-06,8.436382e-07,0.00012449597,9.970212e-06,1.1746093e-09,2.4230953e-08,1.7260943e-06,5.90205e-07,2.6600958e-07,1.3252348e-07,4.7751833e-08,2.6309306e-06,3.8723945e-07,4.5089464e-06,3.8844342e-07,0.00017358831,3.650042e-07,1.5197007e-06,3.4995358e-06,1.2705538e-06,2.2763558e-09,3.8645587e-05,4.224108e-07,2.779851e-05,3.504937e-09,1.6334668e-06,4.83516e-08,2.164889e-08,2.7542312e-05,1.8093127e-07,6.269573e-08,2.9034331e-06,1.3333214e-07,7.976925e-08,5.83562e-08,1.9595223e-06,4.5122403e-07,7.513851e-08,1.5654177e-06,1.3613392e-07,6.7484214e-09,2.2446986e-06,1.9297001e-06,7.3724266e-07,1.2495269e-07,3.6103995e-09,1.797444e-06,2.0542907e-07,2.5147124e-09,2.0050236e-07,3.8098726e-06,1.3298029e-06,8.488251e-08,1.855888e-06,5.474699e-09,9.179668e-08,4.056195e-08,1.9714977e-05,4.640722e-08,1.0054841e-06,7.676793e-08,7.190416e-06,4.9283053e-06,2.7375012e-08,2.6757438e-09,2.9003735e-09,0.00011381147,1.0220341e-05,1.1320484e-06,4.4609814e-07,9.997405e-07,1.4026709e-06,6.730261e-07,9.058051e-10,4.0297353e-05,8.42943e-06,9.659369e-07,2.1785375e-08,1.2610573e-08,8.7594907e-07,3.012107e-08,4.1877392e-08,5.206274e-06,7.075208e-07,7.455952e-07,3.9011693e-06,1.7798895e-06,9.367225e-06,7.341416e-07,4.0119374e-08,5.0407657e-06,1.4538793e-06,7.571157e-07,3.4316822e-06,1.9569765e-10,7.595797e-07,2.3275065e-06,1.3755968e-05,1.2658509e-07,1.1376785e-06,5.8582252e-08,4.9586097e-06,8.5233245e-07,6.1171345e-06,2.798187e-07,3.2979653e-05,1.5660643e-06,0.00023050541,3.778865e-07,1.7145678e-05,1.547977e-06,9.0767e-06,1.06638906e-10,2.8527961e-06,3.88406e-07,3.7478878e-10,2.4838366e-07,5.7523972e-05,3.1255024e-07,4.6013548e-07,1.2995896e-08,8.842332e-06,4.714582e-09,2.9668274e-05,1.2117989e-08,7.915451e-07
BC2026_Train_0044_S22_20220124_023000_000,8.139013e-10,7.2165085e-07,4.921345e-08,0.023539571,5.9599074e-08,4.6230386e-10,6.82391e-08,5.178633e-06,0.002173131,0.9463647,0.8656265,3.0832132e-06,1.9902858e-07,4.1964205e-09,1.7875273e-08,0.0020007181,6.3630623e-06,1.1079797e-09,0.15168828,7.304765e-07,6.7332536e-08,0.00012708544,6.339884e-08,2.5680595e-07,3.1382274e-06,7.665334e-09,3.492161e-06,1.8489152e-06,9.128402e-09,0.00028700999,1.9661335e-05,2.777942e-07,1.6516467e-05,3.7524558e-07,1.7962088e-07,2.540119e-07,1.1824953e-06,1.7933127e-07,9.745871e-06,3.405154e-07,1.0462637e-05,2.1103828e-05,4.1284923e-07,7.109793e-08,3.2592567e-08,1.8491336e-08,1.2213351e-07,4.4406068e-08,4.2828887e-08,5.0882683e-08,2.4602332e-07,3.0930036e-07,2.932603e-07,1.1355516e-05,1.1405704e-06,1.5120243e-07,5.4886355e-06,0.98278517,6.8886394e-09,6.1319993e-06,0.0056350967,3.9160494e-08,0.0035322423,0.035733614,0.00010118434,4.295664e-07,2.7741032e-07,1.0012489e-10,1.13966735e-07,3.8034505e-06,7.4247506e-09,8.546573e-08,1.096149e-06,4.6033696e-07,5.5874423e-08,2.7860822e-05,0.00014792802,7.190294e-07,2.6132286e-05,7.4370337e-07,7.5605676e-06,2.785312e-09,6.762431e-06,5.6966205e-09,8.0818296e-08,7.5884786e-06,3.9038005e-06,2.0276518e-06,1.6555388e-05,3.2307526e-07,8.349064e-06,3.2834672e-05,7.7733915e-08,1.096557e-06,7.0106476e-06,5.644804e-07,1.7701461e-06,8.49834e-05,3.468145e-07,4.67362e-06,1.3920062e-06,6.2673735e-08,1.5486192e-05,0.0018526978,0.0031519756,1.4669602e-06,9.1932435e-09,1.1137817e-08,1.2757066e-06,4.062831e-05,1.09573264e-07,8.506177e-06,7.130449e-08,1.0535995e-06,2.2856207e-06,4.595216e-06,4.4167655e-07,1.17184456e-07,1.3037042e-06,3.7039772e-06,1.802152e-06,1.07777405e-05,2.5912018e-07,7.833685e-06,2.8481531e-06,1.2881618e-06,1.5211028e-06,6.0275834e-06,1.9897955e-06,0.00030672754,1.04972365e-07,1.1655967e-06,8.521642e-07,2.0321069e-07,1.2187899e-06,2.2161598e-06,4.8241145e-07,4.9659825e-06,1.8328777e-06,0.00012301312,0.00051055715,1.3591662e-07,5.6306203e-07,7.3617474e-07,3.8769576e-05,4.3650354e-09,3.1012876e-06,6.795938e-07,1.1119615e-05,9.1164935e-07,4.842437e-07,1.2437008e-06,2.1782691e-06,1.5020815e-07,3.822042e-06,8.943635e-07,1.0961946e-07,4.2573387e-08,8.156478e-06,2.8202728e-06,1.8343275e-06,1.9652734e-06,2.4750355e-07,3.6741713e-07,8.6379046e-08,0.02040923,1.99406e-06,8.1931427e-07,8.894896e-06,1.510177e-06,8.6462705e-06,3.304234e-07,4.7211802e-08,4.928911e-06,6.7772856e-07,3.506341e-06,4.9945365e-06,1.4282411e-06,1.2610775e-06,1.3982554e-06,1.7852526e-05,9.4471716e-07,1.4573438e-05,1.3151792e-06,8.0944164e-07,5.595195e-05,2.8513412e-07,3.8059611e-06,8.9271725e-07,0.00011671305,4.2512397e-06,1.2139177e-06,4.889907e-07,3.7838024e-07,3.5833782e-05,6.8622253e-06,1.1012289e-05,1.0255727e-06,2.0948312e-06,1.0302431e-07,2.887826e-07,7.3519465e-07,3.9041023e-08,7.2184957e-06,1.7282224e-06,6.0243474e-06,1.6775061e-06,1.2339691e-05,1.8400763e-07,1.5389114e-06,3.0062134e-07,6.552804e-05,8.98018e-09,1.1870819e-05,0.0023545958,0.004483327,3.1361812e-06,1.112269e-06,4.331034e-06,6.74387e-08,6.6955987e-09,2.5655359e-06,9.486154e-07,1.4406266e-06,1.4612586e-05,1.8285571e-05,6.7135815e-08,2.952564e-07,1.0066723e-09,6.418505e-06,1.3490595e-08,7.5067333e-06,1.2487527e-07,2.7952126e-06
BC2026_Train_0044_S22_20220124_023000_005,1.9468362e-09,4.741404e-07,1.2779724e-07,0.05088767,8.845882e-07,1.5373615e-10,1.2867972e-07,4.6346368e-06,0.0040059644,0.80919564,0.54654276,2.8883458e-06,6.8219554e-09,2.783188e-09,1.3604724e-09,0.0016963512,2.5027807e-06,6.609112e-10,0.020868722,1.8027522e-07,2.2776285e-06,7.6629934e-05,2.4197016e-07,2.2345759e-07,7.596422e-06,5.6367644e-09,1.3374134e-05,6.790762e-08,1.362729e-09,0.00011835674,1.9279827e-05,1.490722e-07,4.413963e-06,5.6207756e-07,2.0807474e-07,4.2875317e-07,3.0795087e-07,4.2416238e-07,9.435742e-06,6.042773e-07,1.5927442e-05,1.7416574e-05,7.5721744e-07,5.701123e-08,4.175592e-08,2.3524313e-08,1.8119322e-07,7.0880315e-09,2.7025806e-08,1.18771986e-07,3.9580644e-07,4.8833266e-07,3.6526882e-07,8.1915405e-06,4.829984e-06,1.9701353e-08,5.1898724e-08,0.9833182,1.6413223e-08,6.580006e-07,0.0112256445,7.932451e-09,0.0001279429,0.41747087,0.00073375675,5.6913234e-07,1.855677e-08,2.0288761e-10,3.8275734e-09,1.3839358e-06,3.2158307e-10,4.9675157e-09,9.32332e-08,1.5854858e-06,1.7471718e-08,3.3704885e-06,7.683467e-06,1.2216199e-06,1.3137902e-06,2.1077858e-07,1.4794571e-06,3.635754e-09,4.2582008e-07,4.5287836e-09,4.0658445e-09,4.833426e-07,9.637969e-08,1.3007646e-06,1.7948214e-06,1.8671098e-07,2.597838e-06,3.1332606e-06,5.252251e-08,7.2502274e-07,8.559649e-06,6.75996e-07,8.815673e-07,7.3219057e-06,6.779412e-07,3.3994286e-06,1.5612789e-06,9.270849e-08,1.874599e-05,0.016099988,0.0006471142,1.9527242e-06,1.1250157e-09,1.0533579e-07,5.793692e-07,7.495059e-06,2.0516418e-07,7.811895e-06,6.5221704e-09,3.3387033e-07,1.8645665e-06,1.1619319e-06,3.3766193e-07,7.750311e-08,1.57251e-07,1.0038983e-05,3.331026e-07,3.1808297e-06,1.7269359e-07,1.2190956e-05,1.042038e-06,1.078836e-06,9.4493254e-07,1.0027359e-06,9.2345815e-08,1.9440973e-05,4.3375916e-08,1.2840566e-06,7.307107e-08,3.311038e-07,9.050553e-07,1.3446112e-06,7.7376e-07,1.5293562e-06,7.597203e-08,0.0048131365,1.0917371e-06,3.2600065e-07,2.5232707e-08,8.7020396e-07,4.073861e-05,9.669244e-10,5.2378e-07,2.2983589e-07,4.6826048e-07,8.797056e-08,1.911237e-06,1.9990229e-07,1.9790542e-07,3.1238027e-08,6.1067135e-07,1.01956985e-07,1.7845163e-07,1.708679e-08,2.3741805e-08,3.4814543e-06,1.6199618e-08,8.2865915e-07,4.0696695e-09,3.2294487e-08,1.8049438e-07,0.00019270096,2.1994515e-07,4.2081334e-07,1.1392523e-07,6.944194e-07,4.9253026e-06,2.0804054e-08,2.2732024e-08,2.9696994e-07,1.9412828e-06,1.8316075e-06,2.2207826e-06,9.1250865e-07,1.03956395e-07,2.3776344e-07,1.6950381e-06,1.1390557e-07,6.511243e-06,9.512835e-07,5.3183356e-07,7.9216056e-07,2.2804896e-08,3.1532983e-07,1.0320285e-08,5.301546e-06,2.623519e-06,1.3275335e-06,4.1791301e-07,2.6771164e-07,3.0124602e-06,8.700048e-07,9.66492e-06,4.503719e-08,3.5962616e-06,8.933272e-08,1.5557461e-08,1.1009453e-06,3.976694e-08,1.7518674e-07,3.6342968e-07,1.0635925e-05,1.7514882e-06,3.7783786e-06,1.2379813e-07,4.2078568e-07,6.46301e-07,1.4594264e-06,5.5962603e-09,3.0782126e-06,0.0027932925,0.003583286,1.0590717e-06,4.6170652e-07,1.6020056e-07,1.4452074e-07,2.6100289e-09,8.4838143e-07,6.7858224e-07,6.829991e-08,2.8363974e-07,4.6500127e-06,3.9730853e-08,5.6902e-07,3.2254521e-09,1.6120271e-06,8.8074237e-10,1.8621889e-06,1.0644454e-08,1.7673881e-06
BC2026_Train_0044_S22_20220124_023000_010,5.17379e-09,5.255666e-06,3.6161393e-07,0.14302562,2.6321075e-06,2.9203908e-09,7.7087196e-07,2.1028075e-06,0.003968244,0.62252235,0.69051635,6.6194084e-06,1.9974775e-07,4.3175582e-08,1.1513301e-07,0.008488369,6.3221064e-06,8.178481e-09,0.023546925,1.95763e-05,1.8978193e-05,0.010175458,4.870141e-07,2.3796629e-06,4.3490713e-06,6.7438826e-08,1.9305216e-05,7.702226e-08,2.5125548e-09,0.0001826391,0.000110824025,6.9904456e-07,2.5311398e-05,3.6396525e-06,8.8212903e-07,1.1315768e-06,2.306759e-06,2.6369016e-06,5.8148027e-05,3.3835895e-06,0.00016710263,0.00012535318,5.758312e-06,1.491628e-07,4.1348127e-07,2.3613576e-07,1.6235242e-06,5.2150966e-08,3.7567992e-07,1.4677059e-06,2.635609e-06,2.458857e-06,3.1265652e-06,6.563379e-05,2.3302706e-05,5.062518e-07,1.351971e-06,0.99467623,8.2863245e-08,4.416531e-06,0.055517923,4.9870934e-08,0.0045636026,0.65501827,0.016545719,3.4679263e-07,1.5652818e-06,9.881759e-09,4.671859e-08,2.0537339e-06,1.6175164e-08,1.774864e-07,7.7420435e-07,2.9709256e-06,1.0196204e-07,3.056265e-05,1.32910045e-05,3.0111505e-06,1.8946546e-05,1.2667076e-06,6.9113903e-06,6.150772e-08,1.480374e-05,4.031998e-08,4.2866155e-08,5.1098336e-06,1.4379474e-06,3.949693e-06,7.7411e-06,2.2505933e-06,2.8002316e-05,5.8596e-07,6.3177635e-07,6.665537e-06,1.1948484e-05,2.883656e-06,4.4868068e-07,2.4333054e-05,6.6380435e-06,1.624937e-05,4.871623e-06,1.8380823e-07,6.600819e-05,0.0037159352,0.0003722161,4.587711e-06,7.625233e-09,4.8230567e-07,8.204776e-06,2.6451413e-05,1.974531e-06,1.6224256e-05,4.224071e-08,2.3164832e-06,4.8958555e-06,1.037145e-05,1.5493017e-06,1.05804745e-07,9.0398476e-07,1.5338872e-05,1.2194084e-06,3.3287954e-05,1.8959729e-06,3.8654136e-05,2.0475422e-06,6.496586e-06,2.09703e-06,1.1994653e-06,1.6429155e-06,1.4439924e-05,1.4703494e-07,2.3548935e-05,7.299208e-07,1.2238552e-06,1.0608826e-05,3.5356109e-06,1.8437579e-06,3.2574692e-06,5.006703e-07,0.00012420665,1.0760906e-05,8.1900325e-06,6.6297923e-07,3.1595036e-06,1.0847898e-06,2.1006809e-08,5.2917317e-06,3.4664285e-07,1.3316964e-06,6.5895256e-07,7.2230823e-06,5.6346335e-07,8.9065156e-07,1.1484614e-07,1.4065463e-06,2.3455904e-07,1.7461862e-06,1.094148e-06,8.7612204e-07,4.770218e-06,8.0596453e-07,1.0114951e-05,4.823857e-07,1.6592865e-07,6.890869e-07,0.0008430254,1.7001152e-07,1.2551228e-06,2.8090956e-06,3.5611906e-06,1.4682263e-05,3.6437226e-07,4.7281915e-08,4.0449263e-06,1.6227456e-06,1.5857308e-06,6.788367e-06,6.9135262e-06,9.748833e-07,6.443255e-07,1.8865161e-05,1.0818434e-06,2.6221704e-05,6.2341674e-06,1.6296204e-06,6.1974088e-06,3.6337804e-07,2.221901e-06,7.8964507e-07,5.8994156e-06,1.2341482e-05,6.583529e-06,3.3044577e-07,6.589884e-07,7.8769335e-06,3.162428e-06,2.2170363e-05,7.041673e-07,4.613377e-06,3.7263513e-07,5.142545e-07,1.1193005e-06,4.932885e-08,7.3388856e-06,2.4149432e-07,7.305479e-06,1.1936113e-06,5.0341746e-06,3.4977668e-07,3.0359044e-05,6.1905877e-07,1.7460545e-05,9.9822024e-08,1.2839493e-05,0.0014232886,0.0038639414,2.4451854e-05,6.692236e-07,4.144804e-06,2.7152169e-07,1.22522295e-08,1.583844e-05,1.8719874e-06,9.0464016e-07,3.113571e-06,1.6408034e-05,2.6381764e-07,6.7206787e-07,3.9019803e-08,5.8035253e-06,3.2396905e-08,4.513709e-06,5.1945364e-08,3.243176e-05
BC2026_Train_0044_S22_20220124_023000_015,1.4700116e-09,2.6944901e-06,1.6143933e-06,0.0007368782,8.529553e-07,8.60823e-09,8.7112e-08,2.2467655e-06,0.0031338288,0.00500657,0.04663417,1.877249e-06,9.449235e-07,5.7193444e-07,1.1816758e-06,0.012804405,7.307009e-08,1.5172606e-07,0.053935908,0.0001237397,0.00010443298,0.327958,2.1064213e-07,2.7618705e-06,1.9160867e-05,8.3335415e-08,0.00022259519,8.584721e-08,3.4806258e-10,2.2884628e-06,9.153037e-06,2.7168613e-07,3.8074645e-06,2.7053868e-06,5.875138e-07,7.3240165e-07,1.2009383e-06,1.1817648e-06,9.557762e-06,2.1390038e-06,8.165384e-05,1.7808927e-05,5.0589556e-06,4.1280632e-08,1.8902756e-07,1.04618174e-07,5.088948e-07,1.14212275e-08,9.5498066e-08,3.3171693e-07,6.757601e-07,5.7254346e-07,7.857246e-07,2.643061e-05,7.552805e-06,4.0038464e-07,2.2835654e-07,0.7845671,1.6383578e-07,1.824939e-05,0.03150889,9.416014e-09,0.0023962383,0.0937096,0.00871164,6.712934e-07,2.514611e-05,6.0055974e-08,1.4217326e-07,2.5179204e-07,1.8440055e-08,1.4492984e-07,2.9700816e-06,3.2119408e-06,5.9890795e-08,3.1224278e-07,1.4920385e-05,2.9654764e-06,5.9729073e-06,3.845852e-06,2.2113603e-05,1.7404106e-07,0.00020408985,1.1562006e-06,1.7798068e-07,1.4148242e-05,1.9721524e-06,6.640228e-06,2.4398465e-05,2.8737509e-06,0.0003820272,1.2993673e-06,6.2030045e-07,2.355726e-06,1.2491112e-05,6.4875408e-06,1.8456738e-06,2.832256e-06,4.6445646e-05,2.759276e-05,3.9930615e-05,1.29086635e-08,1.14650165e-05,0.00046984007,0.00019745236,8.214352e-06,1.8092213e-07,4.728382e-06,4.493815e-05,2.3526196e-05,1.4395432e-06,3.2823995e-05,3.326061e-07,1.5315528e-06,7.732312e-06,2.6793564e-06,1.5076544e-06,3.3978847e-07,9.785738e-07,1.564519e-05,5.2640885e-06,0.0025438282,2.7056733e-06,0.00011713662,3.7593543e-06,1.2272071e-05,1.2172413e-05,9.650622e-07,1.2953968e-06,1.5140678e-06,1.0266833e-06,1.4107217e-05,2.3356282e-07,1.2224893e-06,9.683655e-07,1.0479154e-05,1.4259916e-05,1.0580137e-06,5.884413e-07,4.9860246e-05,2.360595e-06,4.1817198e-06,5.01028e-06,6.0322413e-06,2.046814e-06,7.478435e-08,4.658135e-06,1.0423117e-07,6.0187034e-07,7.5677997e-07,1.1232258e-06,6.239249e-08,2.213701e-06,3.9617842e-07,1.320075e-06,4.556104e-07,1.7812262e-07,1.635395e-06,3.244181e-05,2.4219735e-06,4.7082136e-07,6.690317e-06,4.633125e-06,1.5833645e-07,1.5659552e-07,5.1799303e-05,1.8388887e-07,7.2766584e-06,5.049692e-07,4.416986e-06,6.8450217e-06,2.9613707e-07,2.738857e-07,5.0438734e-07,7.0471665e-06,2.2303007e-05,3.7462803e-06,2.8826478e-05,7.097861e-06,7.9793733e-07,2.1151476e-05,7.836915e-08,2.941066e-05,1.828191e-05,2.6875866e-06,1.941529e-06,1.4919794e-07,5.833823e-07,4.5914135e-06,8.306546e-07,1.9359563e-06,1.0142673e-05,3.72303e-07,2.0811494e-06,5.8569576e-06,5.907613e-06,3.440609e-05,1.3868765e-07,3.2334174e-06,1.4560356e-06,3.615608e-07,3.6541903e-06,7.471378e-08,8.789911e-06,1.1755338e-07,2.0591291e-05,1.4442735e-06,0.00010435883,1.238476e-07,7.663869e-06,1.0984461e-06,3.5167757e-06,2.8121458e-06,1.3516164e-05,2.5398518e-05,0.0005502103,5.581878e-06,9.4297013e-07,2.763388e-06,4.3838e-06,4.181743e-09,8.723171e-06,2.3981463e-06,6.8228694e-08,2.8960032e-05,3.615955e-05,2.9444932e-06,1.956555e-06,2.3469358e-09,1.0340015e-05,5.0283654e-07,0.00014464167,3.0830202e-07,1.1753946e-05
BC2026_Train_0044_S22_20220124_023000_020,4.1877754e-10,2.8284287e-06,5.253624e-08,0.013372764,3.4327252e-07,5.8871863e-10,4.4049133e-09,7.6210836e-07,0.06996412,0.0895707,0.14053653,4.93234e-07,3.5314315e-07,1.11651104e-07,1.4791333e-08,0.0067725023,2.9275256e-08,1.5491992e-08,0.041451663,9.262775e-06,1.04539895e-05,0.032586906,1.3247823e-07,5.112765e-07,1.738566e-05,1.180195e-08,7.3368637e-06,2.4965912e-08,2.2730656e-10,2.0826421e-05,5.656601e-06,1.7394716e-07,3.3109764e-06,1.2660674e-06,2.2251656e-07,4.2581925e-07,9.730552e-07,8.656383e-07,5.2631594e-06,7.5633847e-07,3.2744832e-05,1.0061901e-05,6.7481017e-07,2.2117474e-08,5.118463e-07,3.7324367e-07,4.592876e-07,1.9727262e-08,8.991822e-08,2.729629e-07,1.7172773e-07,1.4185946e-07,1.8302144e-07,9.860045e-06,7.3301776e-06,4.0028873e-08,1.8611782e-08,0.8130361,1.3760164e-08,1.182755e-05,0.029238738,9.030157e-10,0.0010614076,0.2372513,0.00038826463,3.4534773e-07,3.8036649e-06,1.9969502e-09,1.7485043e-09,3.527769e-08,9.361194e-10,8.7429264e-08,4.957343e-07,4.2465535e-07,4.8408157e-08,1.8817141e-07,4.896729e-06,1.6044413e-06,4.576855e-07,2.4504855e-06,1.0176769e-05,1.1584766e-08,7.902026e-06,1.6852553e-08,2.4105107e-08,8.921682e-07,1.0832438e-07,7.0229277e-07,2.4470714e-06,3.564214e-07,7.2650226e-05,1.0688705e-06,1.0171438e-07,4.6369968e-07,2.82126e-06,1.1972926e-06,3.9400064e-07,1.8558188e-05,1.7696447e-06,2.2162803e-06,5.32995e-06,3.1405424e-08,4.240841e-06,0.008811246,0.0016567648,6.3876223e-07,3.2622156e-09,1.9786732e-07,4.4797325e-06,3.4737764e-06,3.8047096e-07,2.933416e-05,1.8373596e-08,4.3593428e-07,5.9093486e-07,2.0276498e-06,6.966062e-07,6.36056e-08,5.7730864e-07,1.5881335e-05,2.202933e-06,0.00070247496,1.2295345e-07,3.8059854e-05,5.8695887e-06,5.6165436e-06,7.375802e-07,6.501294e-07,2.0430548e-07,1.6491209e-06,3.6481384e-07,1.3212486e-06,1.4634708e-07,4.3291863e-07,1.9817249e-07,5.949514e-07,4.8839597e-06,7.275149e-07,2.8105293e-07,3.152379e-05,1.457622e-07,1.3657386e-06,1.8830228e-07,7.2804505e-07,1.6790539e-06,2.3512158e-08,6.9952074e-07,1.0577908e-08,3.605038e-07,1.4944314e-07,4.1037308e-07,6.456782e-08,2.1316819e-07,5.918932e-08,1.6406359e-06,9.195195e-08,2.4746171e-08,2.3622423e-08,2.512974e-06,5.8675346e-07,8.368951e-08,6.2600253e-07,4.7582273e-07,2.2512171e-07,3.443998e-08,7.32509e-06,5.351033e-08,4.876978e-06,1.2075229e-07,1.0727572e-06,1.2649886e-06,1.4979187e-07,1.2033867e-07,1.09994566e-07,3.6976628e-06,2.3509504e-06,1.1505052e-06,8.455733e-06,1.6545683e-06,7.789486e-07,3.8865605e-06,7.3398205e-08,7.0176916e-06,2.2240147e-06,6.041027e-07,9.205053e-07,9.805327e-09,2.2513996e-07,6.452473e-08,1.2620003e-06,1.2833159e-06,1.7858161e-05,5.478859e-08,1.4886041e-06,3.2589014e-06,1.8211014e-06,1.5299805e-05,6.539163e-08,1.2833392e-06,1.1510283e-07,7.672841e-08,6.846811e-07,2.5731847e-08,7.192125e-07,1.8908759e-07,8.260055e-06,4.485374e-07,7.749989e-05,4.1655294e-08,3.4979968e-07,1.4777e-07,1.4352511e-05,3.3080198e-08,3.3756546e-06,0.0003487066,0.0019152801,1.4030694e-07,4.4086605e-07,3.6933562e-07,8.382336e-07,6.8945644e-10,7.5537537e-07,2.7913796e-07,4.582703e-08,5.5170085e-07,2.7854554e-05,6.606969e-07,7.215105e-07,6.3050637e-10,6.029895e-06,2.6812575e-08,1.9208343e-05,1.899749e-07,1.0543514e-06
BC2026_Train_0044_S22_20220124_023000_025,1.3237861e-09,2.0316138e-06,3.9462446e-07,0.014584895,8.140874e-07,5.7355504e-10,2.0448963e-08,1.9953272e-06,0.046543084,0.54298306,0.4678328,1.3079758e-06,5.6430656e-07,7.845915e-09,1.0315208e-08,0.026843239,8.4963483e-07,8.8418106e-10,0.06173044,1.0396884e-06,1.2119578e-07,0.0013798967,8.6005997e-07,6.911385e-08,8.558986e-05,5.0395386e-09,3.4930242e-06,5.268545e-08,2.4472618e-08,0.00025115948,5.884127e-06,3.1546003e-07,7.963348e-06,3.4067457e-07,7.1864974e-08,4.901308e-07,1.8703154e-06,7.156315e-07,5.861707e-06,4.3438595e-07,8.3553e-06,1.13729e-05,9.3807216e-08,8.5956e-08,5.1907044e-08,2.993396e-08,1.6115168e-07,2.5941631e-08,1.0595298e-07,2.3650131e-07,1.3483667e-07,9.906995e-08,1.2103938e-07,2.721467e-06,2.3209232e-06,9.666063e-08,4.496702e-07,0.98789644,3.400941e-08,4.641377e-07,0.071419135,5.2127866e-09,0.017575145,0.46410906,0.0004100396,6.877431e-08,8.3674087e-07,4.2980233e-10,2.9082743e-08,2.1108344e-06,1.8590736e-09,4.769285e-07,2.232314e-07,5.1521374e-07,1.2596395e-07,2.1758233e-06,6.518966e-06,1.2696513e-06,5.464548e-06,1.6709136e-07,1.4756901e-05,2.6195295e-09,2.09627e-06,1.5244511e-08,6.688976e-08,1.3913943e-06,3.3378532e-07,7.950456e-06,3.937342e-06,2.628385e-07,4.4735516e-05,7.789754e-07,3.406619e-07,1.4542509e-06,8.443678e-06,1.0304423e-06,1.7216145e-06,5.171959e-05,1.2934316e-06,5.489049e-06,7.21648e-06,3.8273633e-08,9.759751e-05,0.0024841323,0.0011243477,7.3656315e-07,1.5675056e-08,1.7304897e-08,8.07163e-07,1.1213464e-05,4.201565e-07,9.710755e-06,6.814452e-09,2.5699558e-06,2.8174825e-06,2.3343955e-06,2.1639897e-07,1.06419215e-07,4.80216e-07,1.0823122e-05,5.585162e-07,8.212346e-06,4.474432e-07,3.2972766e-05,1.187487e-06,3.2496778e-06,8.8326885e-07,9.521439e-07,8.6107605e-07,1.1804947e-05,7.92462e-07,1.7896425e-06,7.381058e-07,8.3201115e-07,6.212494e-07,6.792556e-07,1.0271738e-05,1.7880867e-06,2.4490322e-07,7.539624e-05,4.4732265e-06,1.0510805e-06,1.2637462e-07,3.01424e-07,4.094519e-06,3.0132492e-09,1.600848e-06,1.2614463e-07,2.7205665e-06,5.2915374e-07,1.1374887e-06,2.5382205e-06,7.047047e-07,2.6175186e-07,2.5074348e-06,6.238737e-08,1.807664e-07,1.6998753e-07,2.1578023e-06,8.121262e-06,2.0030143e-06,3.5920386e-06,1.1989455e-07,8.188167e-07,8.093044e-08,0.0030232884,2.343062e-07,9.072278e-07,6.7690365e-07,3.5920455e-06,2.9301232e-06,5.7542053e-07,2.2953177e-08,1.0911219e-06,4.3963937e-06,6.922301e-07,1.4934857e-06,8.989838e-07,8.5845966e-07,2.786249e-06,4.854588e-06,2.698849e-07,9.0298445e-06,2.136003e-06,6.041811e-07,7.414708e-06,8.775421e-08,4.7596032e-07,3.2889142e-07,5.3772633e-06,2.1246972e-06,2.3081232e-06,1.9071591e-07,5.771049e-07,5.245346e-06,5.8951414e-06,1.3116972e-05,3.765447e-07,3.923182e-06,6.613709e-08,1.7854508e-07,7.876685e-07,2.3991538e-08,2.9590724e-06,1.7462112e-06,5.9601725e-06,6.273704e-06,4.3874523e-05,1.794298e-07,1.5924003e-06,2.2313476e-07,2.1798463e-05,1.5967458e-08,6.4023357e-06,0.0007113971,0.005026265,1.4233107e-06,2.578339e-07,1.0099577e-06,1.2427803e-07,6.6858354e-09,2.4420824e-06,2.962176e-07,2.514906e-07,1.7113557e-06,2.6611371e-05,4.8835965e-08,4.659041e-07,3.1599428e-09,5.0509143e-06,8.956915e-09,4.1317485e-06,8.514487e-08,2.0189782e-06
BC2026_Train_0044_S22_20220124_023000_030,2.3658472e-10,2.9625537e-06,2.239209e-07,0.0012147549,1.4323425e-07,8.960175e-10,1.0360603e-07,3.967232e-06,0.009846634,0.8153237,0.58637893,1.3354405e-06,3.2847103e-07,4.8220703e-09,4.389902e-08,0.237514,3.5078726e-06,2.589326e-10,0.9929878,2.2850773e-07,2.8522898e-08,0.00059906434,2.6730854e-06,2.5547854e-07,5.7072586e-05,4.6670916e-09,3.342279e-05,2.1399122e-08,6.1903227e-10,5.6965957e-05,8.051748e-06,1.2883027e-07,3.6019166e-05,1.2799962e-06,2.0338655e-07,3.766819e-07,6.612473e-08,1.8544853e-07,2.2034095e-05,1.1318272e-06,1.6717437e-05,1.634218e-05,2.3141286e-07,3.495272e-08,6.88415e-08,3.5746535e-08,6.4034435e-07,1.0308898e-07,1.12583365e-07,1.6170898e-07,2.0452752e-07,1.8026681e-07,2.43235e-07,9.331498e-06,2.8474196e-06,7.0023026e-07,7.1361e-06,0.99217516,1.3290001e-07,1.8677169e-07,0.035573587,3.3773464e-08,0.00094783265,0.07095842,0.00061520736,1.1363708e-06,1.2607511e-07,7.529636e-11,2.56223e-06,1.1705622e-05,5.73318e-09,1.5326836e-07,1.0535442e-06,7.411955e-07,2.674544e-07,5.0074243e-07,8.3914216e-05,1.5240724e-06,4.0509887e-05,7.1583024e-08,2.772028e-05,1.4795962e-08,1.4827717e-05,3.7013173e-08,2.7031474e-08,1.1562139e-06,5.1615257e-07,5.460745e-06,1.537704e-05,2.0077388e-07,8.944847e-06,1.744505e-06,1.2013501e-07,3.8733882e-07,8.797316e-06,1.4612326e-06,1.2584177e-06,2.7225567e-05,3.0780718e-06,2.9869352e-05,4.9568416e-07,3.1578534e-08,6.158831e-05,0.00017482933,0.00026375506,1.689243e-06,1.4020348e-08,2.7713025e-08,8.482823e-06,6.326485e-06,3.3894696e-07,7.5382515e-05,3.850779e-09,2.7036538e-07,4.8166303e-06,7.221617e-07,5.813972e-07,4.592535e-06,1.5526918e-07,8.386915e-06,2.0063756e-06,1.4887538e-05,2.922034e-07,2.338554e-05,9.2299864e-08,2.9689686e-06,3.6914198e-06,1.6480957e-06,5.7350474e-07,0.00015988036,2.5847822e-07,7.24735e-06,3.6407382e-08,8.987626e-07,3.123357e-07,4.0105374e-06,1.2541632e-06,2.1400201e-06,8.2364113e-07,2.2668655e-05,0.00012441278,8.2536104e-08,1.2083643e-06,2.3612301e-06,2.5293783e-05,4.0275148e-09,2.523907e-06,1.9585023e-06,8.3713036e-07,4.2564443e-06,5.8328663e-07,5.8592923e-07,2.0048126e-06,7.964596e-08,6.9519524e-06,1.714507e-07,2.2154293e-08,5.6704056e-07,3.6475717e-06,3.5712845e-05,2.273362e-06,3.4524368e-07,8.509369e-09,1.8535499e-07,8.974722e-08,0.094186895,6.372542e-06,9.642711e-07,1.1996939e-06,5.5537307e-06,1.28978845e-05,3.695167e-07,1.933493e-08,7.3017975e-07,2.9184239e-05,6.2605127e-06,4.8096763e-06,6.537866e-08,8.653386e-07,1.8471916e-06,3.3833637e-06,2.4719924e-07,3.34934e-05,2.2478412e-06,1.4817559e-06,5.6891154e-06,3.1024808e-07,1.3542293e-06,1.5302563e-06,8.494764e-06,7.689013e-07,1.0758656e-06,2.1888009e-07,4.3328146e-06,5.4588236e-06,3.736459e-05,8.1750495e-06,5.133373e-07,1.6225695e-05,2.5861482e-07,5.299961e-07,7.8654705e-07,9.086261e-09,3.0803164e-07,1.0168485e-06,9.895852e-06,1.6586664e-06,2.2943343e-05,7.576929e-08,1.6395129e-06,6.6175124e-07,1.8498147e-05,7.322381e-09,5.468181e-06,7.8124816e-05,0.0002265713,2.0759894e-06,1.4636356e-06,3.344899e-07,3.9216786e-07,1.6342405e-08,9.227772e-06,5.764675e-06,1.2276715e-07,3.5150737e-05,7.3451033e-06,2.4227903e-08,4.0314066e-07,2.930043e-09,6.513646e-06,1.6393504e-09,1.538009e-05,2.8781614e-07,2.005677e-06
BC2026_Train_0044_S22_20220124_023000_035,6.2606403e-10,5.653549e-06,8.7147043e-07,0.0035666535,1.602441e-07,6.471303e-09,1.4480094e-07,9.306502e-07,0.00327831,0.6329123,0.18072751,3.9511433e-06,1.6773976e-07,1.4654469e-07,2.0540341e-07,0.011702657,1.7269737e-07,4.8536464e-09,0.18867299,3.1955104e-05,1.3330212e-07,0.3022413,2.8475424e-07,3.2151232e-07,7.844417e-05,2.362792e-08,2.9138102e-05,2.2142534e-07,2.1051805e-09,7.939792e-05,7.1893255e-06,1.1440352e-07,8.451598e-06,9.235768e-07,1.393968e-07,2.4926567e-07,4.5048836e-07,5.949826e-07,7.5659195e-06,5.567665e-07,3.597224e-05,1.2118693e-05,3.37909e-07,1.6791367e-08,6.63405e-08,3.911339e-08,2.1193333e-07,2.3131701e-08,8.234458e-08,2.1569556e-07,1.04366855e-07,1.0116527e-07,1.3459952e-07,9.275937e-06,1.7771232e-06,5.933184e-07,1.847805e-07,0.7286864,1.0082239e-07,1.1242869e-06,0.0061051585,3.2149001e-09,0.0018861999,0.012657505,0.0022667504,1.9618172e-07,5.377535e-06,5.8217986e-09,5.478159e-07,2.1384326e-06,7.425686e-09,5.376322e-08,5.2248186e-07,1.3858694e-06,2.6002e-07,1.6192023e-07,8.376691e-06,6.854598e-07,1.0208711e-05,3.4149277e-06,2.5031506e-05,1.0780328e-08,0.00011208095,1.249583e-07,2.8489168e-07,7.5144976e-06,6.207538e-07,2.252442e-06,5.1453253e-06,5.663234e-07,3.8047696e-05,6.215967e-07,7.8524516e-07,2.2884562e-06,9.037478e-06,1.109106e-06,9.1576044e-07,3.7244983e-05,1.8977223e-06,2.6588692e-05,3.5355843e-06,1.3049747e-08,5.5956436e-05,0.0010053028,0.0026583262,1.6571216e-06,2.1901618e-08,1.1208723e-07,9.882617e-07,7.031686e-06,8.259537e-07,5.1871917e-05,1.8087565e-08,5.4687683e-07,4.832352e-07,1.7550262e-06,6.039829e-07,3.3085792e-07,2.6670278e-07,1.542111e-05,4.9440846e-06,0.00019743279,3.3085473e-07,4.1920615e-05,5.919936e-06,3.8375756e-06,4.1026656e-06,1.1105784e-06,1.2553095e-06,1.3897836e-05,2.1832398e-06,2.5603958e-06,7.370114e-07,2.1476102e-07,4.6246709e-07,9.5234094e-07,1.4138086e-05,4.7803917e-07,4.378204e-07,7.124526e-06,1.0806114e-05,1.4878532e-06,8.0042116e-07,9.451011e-07,1.2240197e-06,7.4639255e-09,1.5787882e-06,6.4194757e-07,1.2812517e-06,3.1498718e-07,2.5422978e-07,1.0280132e-07,1.3803847e-06,2.1900475e-07,2.406084e-06,9.09176e-08,3.4189632e-08,1.3401262e-07,1.3977226e-05,1.2814098e-05,2.778371e-06,8.490888e-07,1.9381365e-05,3.5440024e-07,4.8157485e-08,0.0005191673,8.4107074e-07,4.3137456e-06,3.3254807e-07,8.67166e-07,7.88845e-06,1.7567274e-06,5.182503e-08,4.957617e-07,4.5388615e-06,3.3014476e-06,1.8757385e-06,2.846361e-06,1.0876022e-06,1.50791375e-05,5.405243e-06,8.6253095e-08,4.6354367e-06,1.0723029e-06,8.364616e-07,5.772476e-06,4.8708703e-08,5.3423497e-07,3.1456327e-07,2.6849123e-06,3.7016284e-07,3.8694634e-06,2.585581e-07,1.8005939e-06,4.9376576e-06,3.8614235e-06,5.6958797e-06,8.233327e-08,4.6385103e-06,1.8729517e-06,1.684332e-07,3.4934564e-07,7.1333703e-09,3.6802278e-06,3.2788952e-07,2.6926717e-05,1.3486886e-06,7.0706534e-05,1.712565e-08,1.3776348e-06,2.9853263e-07,9.967583e-05,4.8594103e-07,3.1729314e-06,3.7037888e-05,0.0019223052,1.1863845e-06,2.1824374e-07,1.69536e-07,7.210393e-07,9.61402e-10,1.6402025e-06,5.757911e-07,3.1023202e-08,1.1786533e-05,2.1813208e-05,8.3999595e-08,9.0122415e-07,2.9413189e-10,1.1895116e-05,3.7881165e-07,4.71916e-05,7.2903447e-07,1.8302019e-06
BC2026_Train_0044_S22_20220124_023000_040,2.941522e-09,9.278282e-06,8.8622375e-07,0.0036471596,1.3585951e-06,2.6957128e-08,1.5515625e-06,1.3885642e-06,0.0014021512,0.08065789,0.09810691,2.4378196e-06,8.711206e-07,4.4634666e-07,6.025314e-07,0.006274729,1.350534e-07,1.4310918e-07,0.0103973225,4.46184e-05,2.1891628e-05,0.7200657,9.899181e-07,2.7287515e-06,3.0956475e-05,5.688344e-07,2.544242e-05,3.009894e-07,8.283346e-10,1.1023605e-05,1.5561754e-05,1.0459662e-07,8.222817e-06,4.7414223e-06,7.2450985e-07,3.807628e-07,6.754057e-07,1.0080755e-06,1.8160881e-05,2.244142e-06,0.00011822003,2.197873e-05,3.1594404e-06,1.4299276e-08,5.99129e-07,4.348539e-07,8.5866105e-07,4.5616943e-08,1.2624476e-07,3.4365937e-07,4.390229e-07,4.039627e-07,6.092549e-07,4.651821e-05,5.1148018e-06,4.8098144e-07,4.7088784e-07,0.2042927,9.800727e-07,4.5147985e-06,0.006478938,1.0928477e-08,0.0012256749,0.008805709,0.0020197614,8.7554565e-07,4.665918e-05,2.895257e-08,5.087982e-07,2.0883813e-07,4.3032614e-08,2.2112903e-07,8.4640515e-06,9.319501e-06,7.9534885e-07,1.4014355e-06,2.5761108e-05,7.3505553e-06,1.1077668e-05,2.4610887e-05,3.3805274e-05,1.479457e-07,0.0010569028,7.454246e-07,8.9886885e-07,3.2297437e-05,3.923019e-05,1.1300097e-05,3.78873e-05,9.724377e-06,0.00068698835,5.911874e-06,1.4576098e-06,1.02641e-05,1.2153194e-05,1.1989163e-06,1.0618245e-06,2.0172203e-05,1.828585e-05,6.407882e-05,5.0698995e-06,6.0895346e-08,5.309796e-05,0.0024715685,0.00028056838,2.722077e-06,5.6040597e-07,5.8900554e-07,4.2004854e-06,3.5928457e-05,1.5564397e-05,0.0002218261,4.351667e-07,1.647874e-06,1.175041e-06,4.8610555e-06,1.4492128e-06,7.2200606e-07,1.5138367e-06,7.797083e-05,4.5943932e-05,0.0044224747,4.7678714e-06,0.0001326242,3.2189473e-06,2.6138418e-05,1.2503913e-05,6.0870775e-06,1.0199369e-05,9.806395e-06,3.9493952e-06,9.323954e-06,5.4627135e-06,5.37253e-07,9.215383e-07,1.9484755e-06,4.323992e-05,4.8494935e-06,4.605658e-06,5.1840584e-06,8.469768e-06,6.5665154e-05,1.407369e-05,2.6043497e-06,2.3248923e-07,3.1489978e-07,2.8815979e-05,1.8079327e-06,1.2940546e-06,2.174166e-06,1.4693697e-06,5.872887e-07,5.315473e-06,3.2055937e-06,3.6730187e-06,1.3844109e-06,2.4368242e-07,2.7628294e-06,2.0310781e-05,5.841929e-06,4.8913944e-06,1.8085724e-06,0.00013731823,2.370691e-06,2.4086935e-07,0.0003697232,3.0678793e-06,1.5752186e-05,8.158423e-07,3.5790313e-06,1.7400505e-05,1.0437753e-05,7.0595917e-07,2.1719134e-06,1.1285848e-05,3.67215e-05,2.1962389e-05,0.00012319378,3.0856943e-05,3.4435106e-06,4.167973e-05,2.4388908e-07,1.9467838e-05,4.5073684e-06,2.3594112e-06,1.1565112e-05,8.5975006e-07,8.2367715e-06,1.4297593e-06,4.0196082e-06,7.697489e-06,6.697482e-05,3.7200311e-07,1.2882703e-05,4.538094e-05,1.5761309e-05,1.5521679e-05,3.773762e-07,1.2036168e-05,1.1022502e-05,5.6219887e-06,7.5705856e-07,3.477663e-08,0.00014546311,4.0652574e-07,4.4900968e-05,4.157103e-06,2.7170712e-05,1.6701871e-07,2.3222132e-05,3.8145367e-06,0.00017643633,5.5310393e-06,3.828183e-05,1.7023676e-05,0.0019901576,5.715207e-06,1.390865e-06,1.1908643e-06,2.4785413e-06,5.660837e-08,4.613597e-06,7.485063e-07,2.4285512e-07,1.1475999e-05,4.9999853e-05,1.2573656e-06,4.039125e-06,7.505096e-09,0.00011109478,3.3816186e-06,9.283522e-05,4.1005724e-06,3.282515e-05
BC2026_Train_0044_S22_20220124_023000_045,1.4718345e-10,3.7576376e-06,7.131741e-07,0.0061886013,1.07931704e-07,5.629917e-10,5.207612e-07,1.7445515e-06,0.002843134,0.9837981,0.87305075,2.6294206e-06,1.117108e-06,1.30936515e-08,9.8474636e-08,0.0025085886,1.4942576e-07,5.5861293e-09,0.20418048,1.9212368e-06,3.5236514e-09,0.023606658,4.0874903e-07,4.012164e-07,2.071739e-05,8.371054e-09,8.870517e-06,6.012795e-08,2.6526497e-08,5.697704e-05,2.2668071e-05,3.3239652e-07,7.969899e-05,1.5069644e-06,2.5473625e-07,7.9757524e-07,5.678734e-07,6.997269e-07,5.381998e-05,9.159535e-07,0.00015378556,4.745511e-05,3.3771346e-07,1.18435025e-07,7.7063255e-08,4.2996927e-08,5.4473594e-07,8.366844e-08,2.5158633e-07,3.20584e-07,1.3065728e-07,1.1049269e-07,1.2666335e-07,4.3171396e-05,3.7750362e-06,4.6386776e-07,3.3379501e-06,0.9874019,5.0013625e-08,7.443406e-07,0.003792133,3.0692124e-09,0.0053096106,0.012961421,8.492069e-05,2.2435313e-07,4.9695973e-06,5.4271726e-10,1.2016298e-07,7.55536e-07,8.514645e-09,2.6096276e-07,6.220017e-07,5.532204e-07,6.03356e-07,1.6109251e-06,3.1030133e-05,4.6301784e-07,9.5764124e-05,2.8636535e-07,2.2024306e-05,1.7062031e-09,5.4337692e-05,9.64385e-09,6.4726386e-08,6.769761e-06,4.3328637e-06,6.05069e-06,7.949084e-06,5.105013e-07,4.2114357e-06,1.8338901e-06,3.2453158e-07,2.562983e-06,4.489959e-06,2.532985e-07,8.7000143e-07,0.0002392665,8.4932776e-07,8.875805e-06,2.9716008e-07,3.5283275e-08,3.189047e-05,0.0005817142,0.0003475316,1.1577498e-06,3.3468666e-08,3.9209587e-09,1.5662316e-06,8.942331e-06,4.6016402e-07,4.755836e-05,1.5050448e-08,8.6024704e-07,6.371202e-07,2.5953095e-06,3.0118923e-07,5.134327e-07,4.394317e-07,4.454478e-06,2.8573186e-06,4.679306e-06,5.040176e-07,2.3077639e-05,1.3597679e-07,2.7440335e-06,2.0050345e-06,2.4635324e-06,7.167419e-06,2.6102402e-05,7.7238565e-07,6.5880994e-07,2.3807814e-07,1.9470977e-07,3.0849029e-07,1.2383744e-07,1.3721652e-05,8.5619325e-07,5.4995263e-07,6.7976894e-06,1.78714e-05,4.329411e-06,5.668745e-07,3.1415408e-07,1.4896193e-06,2.4083682e-09,4.030156e-06,1.6164282e-06,8.917753e-06,3.289419e-07,6.7086404e-08,2.4556932e-06,1.049462e-06,4.811218e-07,1.0035557e-06,2.3103665e-07,2.5364807e-07,2.706907e-07,2.3387794e-05,3.654553e-06,3.0594997e-06,7.4649813e-07,1.1471253e-06,1.1294949e-06,2.8725944e-08,0.021977862,9.879141e-07,1.4760326e-06,1.7651478e-06,6.587483e-07,2.3014474e-05,1.787016e-06,2.8320803e-08,2.2162847e-06,1.2363547e-06,1.5257898e-06,2.520772e-07,1.8733073e-06,7.7576226e-07,3.2043743e-06,8.816953e-06,3.2715366e-07,3.2775336e-06,2.5969138e-07,3.7911235e-07,7.025842e-05,7.1171605e-08,8.792701e-07,4.6376203e-07,8.392644e-06,1.2775681e-06,2.2407119e-06,1.7383687e-07,8.7298685e-07,1.4474475e-05,3.7694567e-06,4.1550734e-06,3.1083005e-07,1.5139451e-06,3.118559e-07,5.402968e-07,2.0889529e-07,5.5242193e-09,1.6609283e-05,9.3168455e-07,1.0583009e-05,1.1765694e-06,1.2860595e-05,2.9460889e-08,2.4917517e-06,1.6752904e-07,0.00017524758,6.02208e-08,6.9216144e-06,0.00013821058,0.0009590207,2.2975269e-06,8.901432e-08,3.4082046e-07,4.689723e-08,1.1019191e-08,3.935717e-06,1.05479934e-07,5.9751704e-07,1.543989e-05,1.3459349e-05,1.9624283e-08,2.5012747e-07,8.5174845e-10,5.838754e-06,7.803798e-09,8.6132195e-06,2.8209428e-07,3.958498e-06
BC2026_Train_0044_S22_20220124_023000_050,6.8685065e-11,6.670196e-07,2.5885046e-07,0.0040818267,7.831804e-08,4.1984843e-10,3.7040152e-08,1.5828994e-07,0.015306483,0.477416,0.40385,1.5051216e-06,2.6447532e-08,4.5300363e-09,1.319066e-08,0.008254912,1.3661369e-07,1.5987808e-09,0.014968366,6.180541e-06,1.450328e-08,0.09271603,7.358969e-08,6.436629e-08,4.852084e-06,1.280168e-09,8.955396e-07,3.1963754e-08,1.9020181e-08,0.00010087798,2.6174514e-06,1.2246346e-07,5.0182225e-06,3.389754e-07,3.2082617e-08,3.262918e-07,3.0631733e-07,2.3538573e-07,4.5216584e-06,2.2178502e-07,1.2808906e-05,5.1006073e-06,6.7029355e-08,4.493028e-08,1.8679248e-08,8.825555e-09,5.3236594e-08,7.0849357e-09,4.4051085e-08,7.955789e-08,2.8259128e-08,1.8882318e-08,2.5660437e-08,3.211172e-06,1.2151942e-06,4.742109e-08,1.0310983e-07,0.9813157,1.0655016e-08,1.749088e-07,0.031231578,4.0163972e-10,0.007453398,0.35057977,0.00089066377,9.817041e-09,1.6203655e-06,2.0852589e-09,5.6209393e-09,3.8658231e-07,2.3944335e-10,8.310589e-08,7.4941994e-08,3.2637115e-07,7.164162e-08,1.0010269e-07,5.013726e-06,3.1129312e-07,4.109279e-06,1.9592014e-07,6.1520427e-06,7.698737e-10,1.1180683e-05,1.5145472e-09,6.228762e-08,1.6348523e-06,1.034937e-06,1.5298054e-06,1.8113253e-06,3.0511617e-07,1.3038475e-05,2.474658e-07,2.5987694e-07,1.3463908e-06,6.3213593e-06,2.8562977e-07,1.4600846e-07,2.0386715e-05,5.962834e-07,6.676537e-06,6.0140394e-07,5.2852e-09,9.065618e-06,0.00040964695,0.0001535867,3.5990195e-07,8.76396e-09,1.8146716e-09,7.56068e-07,3.093693e-06,1.7940613e-08,6.6506664e-06,1.8350296e-09,4.2164933e-07,5.3179707e-07,7.823016e-07,8.133977e-08,4.0281623e-08,3.251003e-07,1.1186102e-06,1.8740688e-07,7.298358e-07,2.2983565e-07,2.422049e-05,1.4555452e-07,6.140825e-07,6.4349285e-07,4.5156457e-07,1.8691513e-07,1.8558544e-06,4.3528746e-07,9.555532e-07,2.982267e-07,1.12200375e-07,1.5558477e-07,1.0416897e-07,3.3851031e-06,6.758653e-08,7.6927556e-08,1.577542e-06,5.6146786e-07,9.542565e-07,2.9525248e-07,2.9182715e-07,2.0900946e-07,1.2944061e-09,1.3283174e-06,1.31940565e-08,2.9278576e-06,3.530239e-08,1.269071e-07,8.639074e-08,1.9598461e-07,3.2560006e-08,7.6987203e-07,4.000384e-08,5.5866433e-08,3.419387e-08,2.1408182e-06,3.773129e-07,8.8102774e-07,4.1355185e-07,1.3176009e-06,7.915784e-08,1.2623015e-08,0.00069628103,3.1910517e-08,2.7027693e-07,2.1426105e-07,5.3105157e-07,4.008541e-06,9.473213e-08,2.191063e-09,5.6236706e-07,1.6532133e-06,1.381326e-07,3.4267522e-08,6.554115e-07,5.7648117e-07,6.299648e-07,2.1584444e-06,5.6790704e-08,5.035927e-06,1.0152526e-06,2.8123176e-07,5.885749e-06,7.661022e-09,2.0779393e-07,1.2012161e-07,1.1652467e-06,2.3373374e-07,1.831541e-06,1.8538552e-08,2.6160163e-07,1.4033894e-06,9.051244e-07,1.6444297e-06,5.5727753e-08,9.349307e-07,1.2023061e-07,1.4560909e-07,1.0335044e-07,1.7892283e-09,4.8476995e-06,3.27776e-08,5.960116e-06,1.8179452e-07,1.8598583e-05,1.1971718e-08,2.3518987e-06,8.0620154e-08,2.4927976e-06,1.4087075e-06,4.5170677e-06,6.342117e-05,0.00028158107,4.1821687e-07,2.4180213e-08,9.764682e-08,3.4386872e-08,7.9439244e-10,6.1638957e-07,2.4828863e-08,3.1584435e-08,2.6571038e-06,1.3349147e-05,1.6134829e-08,1.1172907e-07,7.896339e-10,2.5948666e-06,6.5307715e-09,3.2199484e-06,6.6326955e-08,7.8155443e-07
BC2026_Train_0044_S22_20220124_023000_055,8.5922974e-10,3.108809e-06,6.255669e-07,0.0015736275,7.662018e-07,8.418369e-09,1.8085185e-08,1.7497536e-06,0.014664033,0.055029437,0.045642115,2.312543e-06,1.3853195e-07,1.3251982e-07,2.1054812e-07,0.021913463,1.349181e-07,7.668009e-09,0.12237038,3.8357473e-05,2.9183627e-06,0.543233,1.87485e-07,4.9667597e-07,0.0001322784,3.233492e-08,7.220695e-05,1.3450097e-07,1.1873308e-10,1.3398632e-05,3.542726e-06,3.9785153e-08,3.3521746e-06,8.354691e-07,1.1244611e-07,1.0968868e-07,2.0062708e-07,3.8644998e-07,4.2968663e-06,4.3708863e-07,3.4442033e-05,7.888435e-06,4.837835e-07,4.5662802e-09,7.363223e-08,4.4124747e-08,1.7155472e-07,1.3000854e-08,5.5717024e-08,1.4653253e-07,1.0120928e-07,8.316853e-08,1.3409023e-07,8.644812e-06,1.5406897e-06,1.02558865e-07,6.230651e-08,0.5448879,1.2558408e-07,6.3350603e-07,0.010483238,7.717074e-09,0.0022647984,0.18633917,0.00829754,1.3679974e-07,7.6159713e-06,8.909276e-09,1.0255946e-07,1.2019212e-06,1.6357679e-09,9.453394e-08,8.0071675e-07,9.76736e-07,7.151193e-08,1.1319421e-07,3.528736e-06,9.859751e-07,5.726637e-06,2.180468e-06,3.7885606e-05,3.8541017e-08,6.5177854e-05,1.2232987e-06,2.8595053e-07,8.6561795e-06,2.6960092e-07,3.7440768e-06,3.2808734e-06,4.4919963e-07,0.00018287331,5.752186e-07,6.3622883e-07,1.1365443e-06,7.5727626e-06,2.2617323e-06,5.437462e-07,8.2927e-06,5.251077e-06,1.7302544e-05,6.1379665e-06,1.297905e-08,1.13979595e-05,0.0016627152,0.00062392897,8.5509487e-07,2.227798e-08,6.7601144e-07,2.4933895e-06,5.10846e-06,6.7777256e-07,1.0800345e-05,5.2168378e-08,2.49708e-07,7.8970226e-07,1.1509003e-06,4.715615e-07,3.826824e-07,2.3560423e-07,2.3029601e-05,4.897331e-06,0.00017665482,5.6162264e-07,6.838588e-05,1.8636138e-06,9.369048e-06,1.0035298e-05,2.534643e-07,3.4286717e-07,2.6371906e-06,1.082983e-06,2.7438896e-06,6.011441e-07,6.5321694e-07,8.042631e-07,9.444241e-06,1.27669055e-05,2.224578e-07,1.4578417e-07,7.4007135e-06,2.6568807e-06,2.9740866e-06,1.3510354e-06,2.344898e-06,9.03142e-07,4.6396153e-08,1.7405615e-06,1.5286605e-07,2.6269092e-07,5.1169934e-07,7.178906e-07,9.118157e-08,6.574887e-07,1.9743453e-07,8.210852e-07,1.8660558e-07,1.1396767e-08,1.5501175e-07,6.4633387e-06,5.259728e-06,4.5731156e-07,1.5406354e-06,4.4324765e-06,1.4213545e-07,8.5889305e-08,5.9233167e-05,3.62048e-07,4.4375606e-06,3.7229125e-07,1.0003556e-06,2.6387731e-06,5.8414554e-07,8.923905e-08,2.5699387e-07,2.1588583e-06,6.294019e-06,1.8967506e-06,6.778217e-06,3.2597472e-06,1.2203518e-06,3.9310166e-06,2.0257344e-08,5.9743998e-06,9.810022e-07,3.2583065e-07,2.4068459e-06,3.3163968e-08,3.6588278e-07,7.104614e-07,1.0684669e-06,4.940677e-07,3.1928346e-06,2.2829599e-07,1.0421771e-06,4.9037153e-06,5.8943715e-06,7.8231515e-06,1.0689361e-07,3.6890267e-06,1.3224185e-06,1.9162218e-07,7.735866e-07,1.7630931e-08,2.4323597e-06,5.9526133e-08,1.2025992e-05,1.3813619e-06,7.829799e-05,1.8112214e-08,2.533534e-06,4.9979485e-07,1.7940216e-05,5.0285473e-07,4.494624e-06,1.5604019e-05,0.0013727661,5.169881e-07,4.2862155e-07,4.2304293e-07,2.072668e-06,1.014059e-09,1.15559e-06,1.1878675e-06,3.1942303e-08,3.0858578e-06,1.3328118e-05,1.1890198e-07,3.035763e-06,1.3740565e-09,7.6246843e-06,1.7736001e-07,4.8156344e-05,1.0395903e-06,1.7391196e-06
BC2026_Train_0045_S22_20220125_211500_000,8.3572424e-08,5.6574695e-06,5.8518486e-07,1.2657893e-05,1.1544213e-06,1.455333e-07,5.3598177e-07,1.975047e-06,2.3871024e-05,1.6010013e-05,0.0021525584,3.518953e-06,8.4645656e-08,7.279827e-08,8.218773e-07,0.6859644,3.036841e-07,1.8614234e-08,0.99688596,8.011107e-05,3.4122777e-06,0.97798663,2.2437578e-05,1.9206271e-07,0.00041446366,5.4325915e-06,4.9713733e-05,7.0152155e-06,9.2591563e-07,2.85381e-05,4.431123e-07,2.61822e-07,6.899911e-07,5.5899573e-08,1.1945674e-07,4.7256356e-07,2.1289333e-07,1.6520976e-07,2.253133e-07,2.5924325e-07,8.28347e-07,6.7275204e-07,2.9479386e-07,3.6803257e-07,5.8941925e-08,7.0048685e-08,3.4115737e-07,7.8113956e-08,3.6841737e-08,1.04300184e-07,9.4442385e-08,9.85842e-08,1.5058839e-07,4.2383846e-07,1.1555613e-06,1.7910283e-05,1.2463037e-08,0.0999654,9.2802054e-07,2.6195917e-06,0.9968087,5.9288855e-08,0.00022596399,0.99715555,0.005442988,1.2730517e-05,2.1925478e-06,3.3848194e-06,3.0702328e-08,1.2380491e-06,1.4500901e-08,7.3774976e-07,1.8616647e-05,1.8798388e-05,1.5442023e-07,1.9129062e-05,5.450776e-05,4.2185533e-05,2.3368403e-07,2.6972566e-07,7.6600634e-05,8.643246e-06,3.838766e-05,1.0062994e-06,1.3492325e-05,9.258995e-06,2.5709903e-07,1.1914757e-05,3.2491753e-05,4.2770916e-05,4.7218833e-05,1.1680849e-06,7.351638e-07,6.042804e-05,0.00024166441,0.00010180705,3.1601332e-06,1.3314539e-06,1.5973625e-05,1.6027689e-05,2.4217166e-05,6.3187585e-08,0.00023703155,0.00051915366,0.00022325559,1.0200468e-05,1.8440394e-07,3.9846887e-05,1.2387149e-05,2.552051e-06,1.2831462e-05,1.3521656e-05,1.1836947e-06,3.3268592e-05,0.00014233857,2.8576853e-05,1.8680086e-05,1.5913263e-05,4.4979556e-06,9.24159e-06,4.465218e-06,5.695732e-05,6.5152875e-05,0.0002437508,2.5419513e-06,3.0151567e-05,5.7934492e-05,1.623631e-06,2.2797445e-07,0.000117702046,3.056738e-06,0.00012377699,1.3949163e-07,3.1508644e-05,3.1503419e-06,1.2208989e-05,0.00025685996,1.4460859e-06,1.2351044e-06,1.1826142e-05,5.617962e-07,7.52701e-07,1.8594736e-05,3.607028e-05,4.3038795e-06,1.4431499e-06,4.4356722e-05,6.565084e-06,5.271717e-07,3.8863378e-05,0.00012495278,7.7809324e-07,3.5637655e-05,1.1216449e-06,8.663628e-06,5.0618896e-06,8.200321e-08,6.0558745e-07,1.8783712e-05,2.277055e-06,2.153077e-05,3.7962236e-05,5.7598385e-07,1.7727357e-06,1.0845304e-05,0.0003598368,9.0422793e-07,3.642528e-05,5.4596094e-06,0.00010192265,1.7410497e-05,8.97313e-08,2.7263584e-07,2.6114676e-06,5.605957e-05,1.32302275e-05,1.284168e-06,3.4297875e-06,0.0001586955,6.576279e-05,8.096887e-06,4.0106298e-07,0.00027045622,0.00011084727,2.0473904e-05,2.2964701e-07,2.1619692e-06,7.93595e-06,5.408863e-06,1.5164376e-06,6.6972e-05,4.2560914e-06,1.7568348e-06,2.7111568e-05,4.286201e-05,9.394206e-05,0.00017518477,1.7579056e-06,0.0003105146,4.1809437e-07,3.5048329e-06,8.042201e-07,3.558196e-07,5.9320893e-05,5.3341914e-06,0.00014207904,1.1107268e-05,0.00027209288,9.883513e-07,1.1218653e-05,8.39386e-06,4.4408207e-06,9.691548e-06,0.0005632714,6.8171794e-05,4.2412474e-05,1.8349821e-05,1.4780746e-05,1.5522152e-06,3.687552e-05,4.651737e-07,5.049835e-05,5.693572e-06,2.9485621e-08,8.354197e-07,0.00010147025,5.0924277e-06,0.00015732176,4.460085e-06,6.396252e-05,7.080616e-08,9.770515e-05,8.978083e-06,3.5633137e-05
BC2026_Train_0045_S22_20220125_211500_005,2.698563e-08,6.8733584e-06,5.036654e-07,4.1597217e-05,2.348024e-06,1.0906346e-07,6.4855146e-07,8.096479e-07,0.00016621365,1.76454e-05,0.008074481,6.3486723e-06,1.4331145e-07,6.055148e-08,3.2428744e-07,0.872445,1.1138358e-06,1.45218255e-08,0.988113,5.8118483e-05,6.6486245e-06,0.9880553,7.5368184e-06,1.3191267e-07,0.00018700886,1.9492802e-06,5.349954e-06,2.170282e-06,6.517602e-07,6.940857e-05,2.1122369e-07,2.5883418e-07,5.165288e-07,5.988291e-08,9.901102e-08,5.7860444e-07,1.5246582e-07,1.2359935e-07,2.3620852e-07,2.268891e-07,4.909331e-07,3.901992e-07,1.5421537e-07,3.0626182e-07,3.2255276e-08,3.765683e-08,1.8973209e-07,4.4129628e-08,2.6096417e-08,7.4637576e-08,6.2840954e-08,6.616687e-08,9.955849e-08,2.5659958e-07,9.597792e-07,1.3217642e-05,1.6771201e-08,0.36751434,2.6883197e-07,1.106829e-06,0.99909663,3.1807456e-08,0.0010442014,0.99889815,0.11410248,2.9463133e-06,3.9871114e-07,1.4027606e-06,1.824514e-07,1.0548865e-06,6.5852457e-09,8.7968687e-07,8.203454e-06,1.839908e-05,3.138704e-08,1.0375071e-05,6.366683e-05,1.7786759e-05,2.2766136e-07,2.1372247e-07,7.106893e-05,1.8730393e-06,1.0840776e-05,1.0044347e-06,1.6003886e-06,2.619889e-06,4.7805423e-07,2.1706774e-05,1.1925e-05,3.2542113e-05,0.00010442621,7.6395304e-07,4.4241514e-07,7.062055e-05,7.513757e-05,2.4495475e-05,2.6482544e-06,6.1039714e-07,2.5186719e-05,1.7267615e-05,1.2201889e-05,3.8897568e-08,0.00014268469,0.00058896793,9.83842e-05,3.4546413e-06,1.5294012e-07,3.3734595e-06,1.687501e-06,2.0603998e-06,3.8438425e-06,9.128037e-06,6.6682894e-08,1.3114646e-05,9.740579e-05,5.8130577e-06,1.6672273e-06,3.390748e-06,5.119335e-06,4.5692286e-06,1.2569243e-06,2.5189698e-05,1.4822456e-05,0.00017312187,1.1599402e-06,7.95572e-06,3.2671593e-05,4.4376395e-07,6.5945756e-08,4.6016066e-05,5.4572047e-06,4.0810544e-05,3.754847e-07,8.207695e-06,8.103128e-07,5.357546e-06,0.000105328574,5.447271e-07,6.82365e-07,1.0920321e-05,7.8430065e-07,5.51713e-07,1.1775241e-05,6.010111e-06,2.8167678e-06,3.5421172e-07,2.414556e-05,6.5423126e-07,4.5181955e-07,1.3900978e-05,8.684728e-05,1.8082568e-06,2.3793069e-05,2.7585276e-07,3.903112e-06,1.082727e-06,6.68728e-08,7.5548496e-07,6.4966052e-06,1.1199187e-06,2.8694414e-05,1.5472582e-05,4.1645964e-07,1.4416245e-06,2.3150608e-06,0.00023135266,6.764333e-07,8.367254e-06,9.3021e-07,9.4853e-05,2.5895442e-06,1.6880949e-07,3.2302932e-08,1.180133e-06,0.000113014314,2.4779506e-06,1.4805665e-06,1.7665437e-06,4.2689255e-05,1.7421293e-05,3.2479618e-06,5.2050595e-08,0.00012273695,7.848637e-05,2.0671152e-05,1.6104536e-07,3.0732851e-06,4.284664e-06,1.7372034e-06,5.918119e-07,2.4887784e-05,2.1988085e-06,1.0512209e-06,8.149409e-06,8.408378e-06,0.00013608499,8.663527e-05,4.7337912e-07,0.00033323077,4.233654e-07,5.763295e-06,3.574995e-07,1.2979972e-07,3.4802513e-05,2.2616223e-06,6.194284e-05,6.4587553e-06,0.000115893585,1.1204132e-06,1.9673807e-05,3.7611867e-06,1.1667912e-06,1.7045038e-05,0.00033756596,3.0235526e-05,3.1199055e-05,6.8145914e-06,8.109884e-06,1.4002906e-06,1.3083278e-05,2.4263494e-07,2.9765279e-05,1.2161715e-06,4.820194e-09,1.9931438e-06,5.3588592e-05,1.8766743e-06,3.2145857e-05,1.5227139e-06,3.514333e-05,8.634609e-08,5.1557578e-05,2.563115e-06,1.4857116e-05
BC2026_Train_0045_S22_20220125_211500_010,2.0791637e-08,1.6422247e-05,4.274196e-06,2.9456329e-05,2.5182474e-06,2.0178723e-07,1.6582899e-06,8.206921e-06,3.4386703e-05,2.3162083e-05,0.0042172414,1.3382517e-05,3.2741422e-08,5.4123333e-08,5.709045e-07,0.7702043,5.69771e-07,1.5776164e-08,0.9935348,2.392408e-05,3.195756e-06,0.9720487,2.467062e-05,1.5975964e-07,0.00039861092,2.3823266e-06,3.2245767e-05,2.3296116e-06,5.0303555e-07,6.377499e-05,5.214525e-07,2.9256756e-07,9.5281064e-07,5.2260102e-08,8.860626e-08,6.4894806e-07,1.16984694e-07,1.0710035e-07,3.3873758e-07,1.9522425e-07,8.067905e-07,7.575339e-07,2.554649e-07,3.7112574e-07,3.6767187e-08,3.852499e-08,2.7397425e-07,5.60047e-08,2.719811e-08,8.060616e-08,8.77107e-08,9.8989865e-08,1.4944814e-07,4.15808e-07,9.733977e-07,5.3262625e-05,3.7515818e-08,0.4575962,1.3611786e-06,1.512763e-06,0.9988944,3.663314e-08,0.00034521174,0.99880624,0.426679,6.038325e-06,4.7567255e-07,8.1580265e-07,5.443932e-08,2.3708603e-06,2.0538868e-08,3.3300646e-06,4.8540232e-06,2.835964e-05,1.4476223e-08,1.3452996e-05,4.9743274e-05,2.6442993e-05,4.9142494e-07,1.0317396e-07,4.254376e-05,2.7969327e-06,1.35106475e-05,6.066048e-07,9.1515017e-07,4.3877485e-06,7.183385e-07,1.1209946e-05,1.8886043e-05,2.7197359e-05,9.159937e-05,1.1651799e-06,4.2278077e-07,9.928491e-05,5.2760686e-05,1.8231245e-05,1.6133174e-06,4.4982207e-07,2.1762758e-05,2.1342468e-05,9.082856e-06,2.5327552e-08,0.00014769925,0.00025141682,0.00020558886,5.1850916e-06,1.473706e-07,5.939757e-06,3.5502917e-06,2.8911156e-06,4.204317e-06,1.4653112e-05,5.2454535e-08,1.5854912e-05,4.248955e-05,3.3090823e-06,2.7832853e-06,5.0505337e-06,3.305206e-06,4.236689e-06,5.1598136e-07,3.913043e-05,4.0086547e-05,0.00010003233,5.5741157e-07,8.26011e-06,4.367086e-05,6.872205e-07,4.890074e-08,6.760081e-05,8.979847e-06,6.879409e-05,5.056231e-07,9.050043e-06,2.312693e-06,8.0991485e-06,3.997542e-05,4.490159e-07,5.083273e-07,1.1034586e-05,1.4393839e-06,5.285702e-07,9.18138e-06,8.451613e-06,1.5977381e-06,1.9174172e-07,4.2733896e-05,8.0932125e-07,2.7555458e-07,2.0160893e-05,5.690211e-05,3.130236e-07,1.2798467e-05,5.510814e-07,9.036279e-06,1.5865113e-06,1.7736627e-07,1.5065792e-06,5.453927e-06,2.9194928e-06,2.7271302e-05,2.3180357e-05,2.3012714e-07,1.6486018e-06,2.604762e-06,0.00025110657,7.183235e-07,4.0147047e-06,7.3014144e-07,6.333063e-05,1.6208189e-05,8.4140225e-08,7.2199654e-08,2.2368347e-06,8.216256e-05,2.320589e-06,1.2633332e-06,2.0154098e-06,6.223616e-05,8.71799e-06,2.765621e-06,1.2075563e-07,0.00022643112,0.00015239777,8.0318005e-06,3.0973519e-07,2.0283712e-06,4.5325637e-06,4.047844e-06,7.7323256e-07,2.2894012e-05,1.4121051e-06,1.9812387e-06,8.069182e-06,7.374956e-06,5.500109e-05,0.00015373073,1.6579311e-06,0.00015279383,6.388378e-07,1.1440092e-05,1.1972013e-06,2.1433542e-07,3.1659452e-05,2.4838582e-06,5.133313e-05,6.315845e-06,0.00038005988,1.0042402e-06,2.9199522e-05,4.0752248e-06,1.931186e-06,7.4698123e-06,0.00014260063,3.165061e-05,2.8052324e-05,1.3367222e-05,4.3655477e-06,2.0779662e-06,2.3631317e-05,2.8184178e-07,9.457961e-05,8.276482e-07,6.104091e-09,7.0846804e-06,6.205902e-05,1.9337606e-06,5.6384633e-05,5.7933994e-07,2.4781635e-05,2.8701903e-08,3.6075508e-05,1.4233934e-06,2.3629222e-05
BC2026_Train_0045_S22_20220125_211500_015,1.3031986e-08,1.5953727e-05,1.659937e-06,5.923486e-05,1.2490807e-06,4.3631235e-07,9.2102965e-07,2.5024588e-06,2.4626755e-05,3.2400567e-05,0.0031263626,1.32278565e-05,3.765906e-08,1.516222e-07,1.5046007e-06,0.8515112,5.35013e-07,2.1371223e-08,0.99707675,0.00020070715,1.52415105e-05,0.99718094,4.5350585e-06,2.16163e-07,0.00011112403,5.1806533e-06,1.0660052e-05,4.5651036e-06,1.0428572e-06,0.00011211151,5.6966013e-07,4.5183333e-07,9.660475e-07,5.7114736e-08,1.5147536e-07,8.434515e-07,9.4131984e-08,1.0138085e-07,3.0200206e-07,2.150465e-07,6.530344e-07,8.3647035e-07,4.8436704e-07,5.689961e-07,5.7341776e-08,6.253605e-08,3.8612362e-07,8.341922e-08,2.301249e-08,7.592452e-08,1.2816632e-07,1.4111625e-07,2.2547968e-07,4.7372905e-07,1.5937585e-06,6.276446e-05,2.2396295e-08,0.27108926,2.4239841e-06,4.1332146e-06,0.9987218,6.542981e-08,0.00033277585,0.9992254,0.7243108,1.1351618e-05,7.4924685e-07,3.5416213e-06,2.1844694e-07,5.5779346e-06,7.836881e-09,1.0430562e-06,1.2613128e-05,3.4736695e-05,9.440452e-09,1.6457381e-05,3.8260332e-05,5.169252e-05,2.5152227e-07,6.030717e-07,4.6210476e-05,2.0163613e-06,1.6152253e-05,1.1722451e-06,1.9649904e-06,1.8141087e-06,4.6778067e-07,3.6869762e-06,2.3716251e-05,2.4082645e-05,0.00011397003,1.6873771e-06,5.331905e-07,0.000112504116,6.610091e-05,2.708345e-05,2.5438405e-06,3.4323784e-07,1.563342e-05,3.6279645e-05,4.1803046e-06,1.8406988e-08,0.00010560394,0.00031843458,0.000270967,5.7390534e-06,9.467342e-08,1.1781802e-05,2.2367772e-06,1.911649e-06,7.191273e-06,1.3979493e-05,1.4352892e-07,1.746789e-05,4.17501e-05,2.0298185e-06,2.328872e-06,2.080328e-06,1.3504313e-06,2.9101832e-06,1.0592535e-06,4.945659e-05,1.3289053e-05,0.0001397068,2.047095e-06,1.0272209e-05,2.0736585e-05,1.0109011e-06,6.6120315e-08,7.929638e-05,6.378099e-06,4.785662e-05,1.8913099e-06,2.3978375e-06,1.1936967e-06,2.4956232e-06,3.8726528e-05,8.7210054e-07,6.8407735e-07,1.163485e-05,1.5296376e-06,3.1693887e-07,8.249475e-06,8.440418e-06,3.2775054e-06,4.556104e-07,2.2216183e-05,1.5311994e-06,1.9826152e-07,3.3457232e-05,2.1600139e-05,1.0318996e-06,2.0399277e-05,7.2395596e-07,1.1925488e-05,2.0638392e-06,1.0940556e-07,4.8587015e-07,7.0313304e-06,2.4927333e-06,3.0933843e-05,2.5678375e-05,7.147803e-07,6.6931545e-07,3.3673718e-06,0.00018424902,1.1902182e-06,5.1915295e-06,6.4738794e-07,4.9110688e-05,5.1561174e-06,1.4226224e-07,7.946281e-08,1.1629818e-06,5.7527093e-05,2.1319654e-06,1.8691348e-06,3.0199506e-06,7.366366e-05,2.0492635e-05,2.7485096e-06,5.7967814e-08,0.00019451504,3.696037e-05,1.8760153e-05,1.6402025e-07,2.516022e-06,5.624482e-06,5.8431997e-06,6.1664065e-07,1.7709393e-05,2.0065381e-06,2.289753e-06,5.3574236e-06,1.1230107e-05,6.392057e-05,9.833796e-05,1.0864587e-06,0.00018470475,9.58166e-07,4.5286274e-06,3.7232394e-07,8.915637e-08,5.3548953e-05,2.2023764e-06,2.286846e-05,3.7646967e-06,5.0076247e-05,6.035407e-07,1.7890208e-05,2.15836e-06,2.9046796e-06,1.2452636e-05,0.00012303986,2.2679596e-05,6.663425e-05,9.1860575e-06,1.2282562e-05,1.4401542e-06,1.6686856e-05,2.3422643e-07,3.099059e-05,2.0393047e-06,5.8748055e-09,2.468224e-06,7.38585e-05,3.918433e-06,4.0612893e-05,9.679482e-07,4.010008e-05,1.5863706e-07,0.00011549411,1.1829285e-06,2.6698382e-05
BC2026_Train_0045_S22_20220125_211500_020,5.3680335e-08,2.4312525e-05,1.6465262e-06,0.00010791776,4.7999715e-06,3.6119272e-07,3.5342086e-06,4.057421e-06,3.720785e-05,0.00012078375,0.013387073,2.2186585e-05,4.296225e-07,3.5052034e-07,3.0768483e-06,0.63352245,1.0099509e-06,5.5932528e-08,0.9897668,0.0006166168,2.3339378e-05,0.98665434,2.6409798e-05,7.6579704e-07,0.00018646741,5.339846e-06,7.884186e-05,1.0897982e-06,4.913064e-07,7.225661e-05,2.1449544e-06,5.798009e-07,3.2215978e-06,2.2648915e-07,4.856714e-07,1.0549891e-06,2.3494748e-07,2.832159e-07,1.6575754e-06,6.5525404e-07,2.5583722e-06,3.3391664e-06,1.2945818e-06,5.4513714e-07,1.8810519e-07,2.0843679e-07,8.5687526e-07,2.3680872e-07,8.110382e-08,1.8389184e-07,4.3604487e-07,4.695981e-07,7.090994e-07,1.968539e-06,2.3831333e-06,6.864612e-05,8.535235e-08,0.27550015,2.7914514e-06,4.045366e-06,0.998033,1.335118e-07,0.0012161841,0.99442816,0.1389699,1.8574601e-05,1.7684873e-06,5.545025e-06,1.3753034e-06,5.9754543e-06,3.6305238e-08,2.3544526e-06,2.5020765e-05,3.698103e-05,8.0294214e-08,3.258531e-05,9.731499e-05,6.110119e-05,1.4130467e-06,6.875463e-07,0.0001793078,7.5385865e-06,8.2836996e-05,6.19364e-06,4.901662e-06,5.6628355e-06,1.4608578e-06,2.7171047e-05,4.9029124e-05,4.0435625e-05,0.00045950207,1.6184089e-06,2.574779e-06,5.12469e-05,0.00013722478,7.891927e-05,5.1391858e-06,2.6814703e-07,8.129334e-05,5.0963747e-05,3.2442804e-05,4.3441407e-08,0.00054410956,0.001160559,0.0006513443,1.793416e-05,4.4003772e-07,8.314263e-05,8.239898e-06,4.2036877e-06,1.3754026e-05,5.758775e-05,1.0595465e-06,5.6486137e-05,0.00032623293,6.599842e-06,1.4273004e-05,1.3473168e-05,7.2686967e-06,1.3787804e-05,4.9208797e-06,0.00030169677,4.7796322e-05,0.00029825178,2.433434e-06,2.6448286e-05,8.2593666e-05,1.7094977e-06,3.9947497e-07,0.0002507862,9.981391e-06,0.0001952025,4.0596282e-07,1.4169564e-05,4.2096767e-06,1.8070801e-05,0.00022887671,2.488987e-06,4.3378627e-06,2.6388047e-05,8.346573e-06,7.2927367e-07,4.2704934e-05,1.863841e-05,1.3592518e-05,2.0435255e-06,3.301477e-05,5.3829745e-06,8.4637804e-07,0.0001786942,4.0827403e-05,1.1838449e-06,7.1540344e-05,3.6040346e-06,1.311207e-05,5.0589747e-06,1.6568073e-07,2.4000888e-06,1.1975657e-05,5.4883426e-06,0.000102587255,2.828679e-05,1.197706e-06,2.0687758e-06,8.048639e-06,0.0005910565,3.8169205e-06,2.6339902e-05,2.5028787e-06,9.3259514e-05,1.3950739e-05,5.4746283e-07,2.7048634e-07,4.0171326e-06,9.388573e-05,7.902598e-06,3.6876513e-06,4.6611076e-06,0.0002169491,2.8800952e-05,8.338116e-06,2.517954e-07,0.0003993355,0.00012237199,6.146997e-05,2.2026337e-07,1.2720881e-05,8.64801e-06,1.5989994e-05,2.9849407e-06,5.8194073e-05,5.582565e-06,5.2540377e-06,2.2420552e-05,1.3753147e-05,0.00017436834,0.00020973344,1.8080377e-06,0.0003751776,1.2502522e-06,9.048611e-06,9.1093494e-07,3.896407e-07,4.988869e-05,4.8216907e-06,0.00010274468,1.4470348e-05,0.00010159903,1.2909326e-06,2.1756949e-05,4.0717555e-06,3.3925626e-06,1.8919192e-05,0.0003474104,5.7769816e-05,0.00014441277,1.3696315e-05,1.7470657e-05,4.2946217e-06,5.390961e-05,1.0931144e-06,0.00017904793,9.4578145e-06,1.6651228e-08,7.865546e-06,6.3632346e-05,1.0229927e-05,4.822114e-05,2.0310947e-06,9.6320764e-05,2.8501967e-07,0.00021224566,1.2130754e-05,6.533753e-05
BC2026_Train_0045_S22_20220125_211500_025,2.8143642e-08,7.3701676e-06,2.4616513e-06,3.7745896e-05,4.4964936e-06,4.3812156e-07,7.4422843e-07,5.655986e-06,8.443991e-05,2.76213e-05,0.0034241045,6.107866e-06,2.7755924e-08,6.705046e-08,5.0725606e-07,0.90128475,1.3052713e-07,1.4856081e-08,0.98822814,1.973121e-05,5.844771e-06,0.99579537,1.709231e-05,1.2209323e-07,0.0008360831,3.1390118e-06,8.1851995e-06,3.462696e-06,1.4412203e-06,0.00010825004,3.4786854e-07,3.22388e-07,7.192749e-07,3.857146e-08,5.8076825e-08,5.996817e-07,7.16072e-08,1.0998575e-07,2.504521e-07,1.2177517e-07,6.963605e-07,5.849026e-07,1.8536879e-07,3.8144972e-07,3.3081964e-08,3.4528178e-08,2.0304003e-07,5.01116e-08,2.3114016e-08,7.7438244e-08,6.3905844e-08,6.876303e-08,1.0324286e-07,3.0540176e-07,1.0110351e-06,1.8688514e-05,7.7425355e-09,0.24254559,2.7704784e-06,1.9845784e-06,0.99677974,3.2622296e-08,0.0004957847,0.9989145,0.51137996,2.869257e-06,7.91247e-07,1.3505202e-06,1.701459e-08,1.6803161e-06,6.6409083e-09,5.656234e-06,7.95616e-06,3.6382684e-05,8.33729e-09,8.094964e-06,1.5045368e-05,1.7269575e-05,1.5957676e-07,1.9854212e-07,7.479208e-05,2.358437e-06,1.0683593e-05,1.0621638e-06,1.4280381e-06,3.1432594e-06,1.872343e-07,5.993215e-06,1.1573221e-05,2.0439606e-05,0.000108238484,1.3269577e-06,7.664912e-07,7.533566e-05,8.416289e-05,2.9527824e-05,2.608426e-06,4.733213e-07,1.21650455e-05,2.245314e-05,5.811351e-06,4.8380194e-08,0.00011117946,0.00047232804,0.00018490915,4.563989e-06,1.3748141e-07,6.356833e-06,2.2627614e-06,1.4776494e-06,5.2715736e-06,2.0177993e-05,8.4374854e-08,9.24688e-06,2.9707684e-05,3.874736e-06,2.8977677e-06,3.4662014e-06,1.1994571e-06,4.8966263e-06,1.103867e-06,2.3883751e-05,1.3363857e-05,0.00015770776,9.068151e-07,9.892483e-06,2.4607694e-05,4.133216e-07,7.279882e-08,4.1232957e-05,5.422369e-06,4.0191353e-05,6.698737e-07,5.4207094e-06,1.69423e-06,2.077994e-06,4.578988e-05,3.5142338e-07,2.6650673e-07,8.035302e-06,1.0171433e-06,3.7335974e-07,4.139538e-06,8.683596e-06,1.1733748e-06,5.6033707e-07,2.218923e-05,1.4051867e-06,3.6389267e-07,1.689766e-05,3.1099098e-05,7.6184676e-07,1.3171336e-05,5.1838873e-07,4.9782966e-06,1.3696791e-06,7.271542e-08,9.265171e-07,5.7835236e-06,2.4080625e-06,7.790794e-06,1.9307683e-05,4.8748535e-07,1.8158883e-06,1.411922e-06,0.00015735927,7.547489e-07,6.391239e-06,5.6046804e-07,6.3603715e-05,8.328142e-06,1.2872145e-07,8.8559965e-08,1.0271515e-06,6.039123e-05,2.006496e-06,6.8096335e-07,2.6751766e-06,6.61595e-05,1.3198508e-05,2.584435e-06,2.2460247e-08,0.00013745985,4.8003112e-05,6.350095e-06,3.0478114e-07,1.1798944e-06,8.081704e-06,2.7326057e-06,6.888826e-07,9.46544e-06,2.4275814e-06,1.916203e-06,4.5646857e-06,1.25664465e-05,3.9571776e-05,6.890045e-05,1.1716091e-06,0.00018533174,8.229824e-07,4.362264e-06,5.5445685e-07,1.233503e-07,4.0816463e-05,2.2644344e-06,7.8820376e-05,3.9548263e-06,0.00013812257,5.9964054e-07,1.3139634e-05,1.9979054e-06,1.9932902e-06,6.150031e-06,0.00015618357,2.3518727e-05,4.4830198e-05,7.544499e-06,4.1389303e-06,1.2375191e-06,9.487544e-06,7.9007755e-08,1.9684674e-05,1.4039894e-06,4.5111532e-09,1.7061149e-06,6.408457e-05,1.1906008e-06,7.088321e-05,5.655171e-07,3.865476e-05,7.043574e-08,6.582383e-05,1.7877509e-06,8.481214e-06
BC2026_Train_0045_S22_20220125_211500_030,7.682404e-08,1.6126627e-05,1.3921881e-06,6.410364e-05,3.2081996e-06,5.9324714e-07,2.1559695e-06,3.5383976e-06,6.942829e-05,0.00012654527,0.010923518,2.3354474e-05,1.9161706e-07,1.6980297e-07,1.1488453e-06,0.8699484,1.997505e-06,2.603934e-08,0.99388605,0.00020983427,6.9338903e-06,0.9871575,2.3898245e-05,3.5654924e-07,0.00059863,6.281145e-06,2.1048492e-05,9.402695e-06,2.0746713e-06,0.00017961186,6.846974e-07,6.0315114e-07,1.6280485e-06,1.827741e-07,1.6494559e-07,1.0852234e-06,2.7444233e-07,2.196936e-07,7.210957e-07,3.9715937e-07,1.1301187e-06,1.1313415e-06,3.5115636e-07,6.0915323e-07,6.096112e-08,6.881433e-08,2.9134827e-07,1.4533497e-07,7.205561e-08,1.7583149e-07,1.4055523e-07,1.4258892e-07,2.1556191e-07,7.025205e-07,1.3551e-06,6.2598054e-05,9.5504625e-08,0.29977068,2.1004485e-06,2.824194e-06,0.9979266,7.528182e-08,0.0010442312,0.99829215,0.13284172,8.426504e-06,8.559418e-07,2.9106245e-06,4.1659428e-07,4.8615007e-06,2.3442572e-08,1.9773277e-06,1.2355259e-05,3.4028777e-05,1.277502e-07,2.18015e-05,8.096053e-05,2.776081e-05,1.1731734e-06,5.680928e-07,0.00010791415,4.0016007e-06,3.4759192e-05,1.7504896e-06,5.001949e-06,7.858408e-06,1.1485835e-06,1.9936186e-05,2.8308246e-05,5.2592455e-05,0.00036024972,1.8499169e-06,1.3971279e-06,0.00012800183,8.643318e-05,9.569766e-05,3.1454038e-06,1.3646087e-06,2.7782076e-05,3.2433894e-05,1.518881e-05,7.0575325e-08,0.00032942268,0.00096285227,0.0003013475,7.3043093e-06,3.7715887e-07,8.901236e-06,6.0797843e-06,3.0357369e-06,1.0164005e-05,4.7772723e-05,1.8776468e-07,3.6644396e-05,0.000100535726,1.5697737e-05,6.912399e-06,8.992299e-06,5.2682217e-06,8.321473e-06,4.1878216e-06,6.120144e-05,3.287995e-05,0.00021290845,3.625788e-06,1.729758e-05,7.659275e-05,1.5794237e-06,2.0218538e-07,0.00016417715,1.50615615e-05,9.5603806e-05,1.3637044e-06,9.5913e-06,2.495026e-06,1.485118e-05,0.00011618305,1.9121924e-06,2.213889e-06,2.0854386e-05,4.356103e-06,7.075458e-07,1.7967901e-05,1.4819334e-05,9.582239e-06,1.1247384e-06,6.467387e-05,1.8616632e-06,9.424792e-07,3.6977253e-05,7.088929e-05,1.4166737e-06,4.4534143e-05,9.0807697e-07,1.6008944e-05,2.7021636e-06,1.8237868e-07,1.7808676e-06,1.5907572e-05,4.3192786e-06,6.35831e-05,4.232722e-05,2.2252516e-06,3.0345038e-06,4.534141e-06,0.0004991947,1.1685016e-06,1.544846e-05,3.292449e-06,0.00012872364,7.813116e-06,3.914359e-07,1.7566792e-07,4.395861e-06,0.00014226192,4.2674756e-06,3.700732e-06,2.6122596e-06,7.70326e-05,4.2889365e-05,5.5175265e-06,1.7799205e-07,0.00025960858,0.00012468522,2.2272441e-05,5.676401e-07,5.136324e-06,1.0125954e-05,9.435112e-06,2.4048086e-06,2.1298285e-05,4.2829524e-06,2.189073e-06,1.4500394e-05,1.4330327e-05,0.00022832527,0.00011640528,1.5896084e-06,0.00066884956,1.7713467e-06,1.5775759e-05,8.239578e-07,3.4616713e-07,4.8938502e-05,3.6217236e-06,8.617181e-05,1.2330304e-05,0.00051909406,1.7302475e-06,3.742678e-05,4.934697e-06,5.2933665e-06,1.6790244e-05,0.00033877784,8.512266e-05,9.901148e-05,1.648429e-05,1.3519953e-05,2.6208036e-06,2.3665665e-05,5.1358063e-07,9.050467e-05,3.828218e-06,1.754502e-08,9.127306e-06,0.00011775189,3.4625473e-06,6.0730577e-05,1.6439767e-06,4.338738e-05,1.7027357e-07,0.00015213556,5.053873e-06,2.887047e-05
BC2026_Train_0045_S22_20220125_211500_035,2.4519995e-08,8.483325e-06,2.3280673e-07,6.172496e-05,1.6234792e-07,1.8583695e-07,8.200234e-07,4.6920545e-07,1.2985402e-05,8.5889194e-05,0.010999535,1.6297201e-05,6.157322e-08,1.6656904e-07,2.7143235e-06,0.63272697,1.1109481e-06,8.537217e-09,0.9952022,0.001261422,4.8499883e-06,0.98395294,1.5665706e-06,1.9624046e-07,0.0001245633,2.2962866e-05,9.5273745e-06,8.687958e-05,5.2614937e-06,6.256583e-05,4.4326993e-07,4.1435243e-07,6.6062887e-07,5.9511823e-08,1.2721927e-07,8.945665e-07,1.3484723e-07,1.3476816e-07,2.1907242e-07,2.1697201e-07,8.252695e-07,5.089826e-07,2.905306e-07,5.9190273e-07,5.509479e-08,5.701699e-08,3.1249388e-07,9.076391e-08,3.494552e-08,1.2488266e-07,7.638658e-08,8.699329e-08,1.3841162e-07,3.9389056e-07,1.5385738e-06,4.674473e-05,9.094375e-09,0.09054212,1.1797548e-06,2.0813836e-06,0.99790084,7.186922e-08,0.0001763196,0.9969998,0.021870503,2.5063275e-05,3.7879433e-06,8.338848e-06,3.318223e-07,1.807486e-06,1.131237e-08,9.978529e-08,1.14565455e-05,1.2058181e-05,1.021228e-07,1.7047818e-05,0.00011212595,5.533062e-05,1.8897835e-07,6.19435e-07,4.563656e-05,4.249598e-06,6.76159e-05,5.7864696e-07,1.7830507e-05,6.514746e-06,3.8100941e-07,3.0187327e-06,2.5407384e-05,2.7111697e-05,7.694729e-05,2.748187e-06,5.110225e-07,9.9785575e-05,0.00017982075,6.561514e-05,1.9566073e-06,3.0564813e-06,6.2432164e-06,1.527208e-05,9.870309e-06,3.202307e-08,0.00010246388,0.00044675297,0.00020893328,4.7659078e-06,8.8156e-08,8.487379e-06,6.2981862e-06,2.067764e-06,8.158072e-06,1.3919377e-05,6.9948476e-07,4.3929158e-05,5.3746735e-05,1.13498645e-05,7.326976e-06,3.7480745e-06,4.8244183e-06,6.263057e-06,8.363799e-06,3.413802e-05,1.9702498e-05,0.0002040776,7.3781425e-06,1.8851313e-05,1.2328965e-05,3.2008497e-06,1.8414035e-07,0.00015429658,5.9436215e-06,4.5281344e-05,1.9977033e-06,4.538749e-06,9.779039e-07,1.9778424e-06,3.25495e-05,1.5958742e-06,2.1824756e-06,8.360865e-06,6.07862e-07,5.1099425e-07,2.3698976e-05,1.2788425e-05,4.220329e-06,6.0221254e-07,3.5397174e-05,4.1926132e-06,5.3392523e-07,1.3805619e-05,6.9479225e-05,8.220584e-07,6.140587e-05,1.2480352e-06,6.931219e-06,3.0177769e-06,3.9216555e-08,3.4438574e-07,1.3056641e-05,1.1921211e-06,7.960701e-05,4.147937e-05,4.678182e-06,9.960033e-07,3.723467e-06,0.0005827589,8.3421753e-07,8.85967e-06,2.1917574e-06,4.9581828e-05,8.7742155e-06,1.3631684e-07,1.2768369e-07,3.3211813e-06,2.270511e-05,2.391181e-06,1.6344019e-06,4.24865e-06,0.00012099376,5.6103476e-05,6.105804e-06,3.6683136e-07,0.00037740686,5.0702125e-05,4.5924266e-05,2.1558881e-07,1.9386093e-06,5.6459517e-06,3.2638313e-06,1.452506e-06,5.49177e-05,5.375274e-06,2.270119e-06,3.320631e-05,3.2762044e-05,0.00010606777,0.00011493249,9.550395e-07,0.00012325123,4.6342248e-07,2.575108e-06,3.4292407e-07,2.0202965e-07,7.803324e-05,1.6706267e-06,4.2092586e-05,1.2339787e-05,0.00016309354,3.7018899e-07,1.06058515e-05,3.4513746e-06,1.2263028e-05,1.6975593e-05,0.00027610996,0.00011131779,8.571974e-05,1.6078913e-05,8.513871e-06,4.908104e-07,3.2114393e-05,6.577327e-07,2.247707e-05,2.4385542e-06,6.721307e-08,1.2049397e-06,0.00010045177,4.9860796e-06,3.0708932e-05,2.4430888e-06,4.2282925e-05,1.656346e-07,7.3971554e-05,3.1719753e-06,3.98765e-05
BC2026_Train_0045_S22_20220125_211500_040,3.2937972e-08,2.6941714e-06,1.9432652e-07,2.2813241e-05,1.010851e-06,9.166459e-08,4.518872e-07,4.7360487e-07,6.40611e-05,1.9266941e-05,0.005112065,2.6790115e-06,3.5482902e-08,4.1260478e-08,1.3228684e-07,0.72855824,3.0411073e-07,4.9813202e-09,0.98919684,9.457727e-05,5.4622915e-06,0.9934151,7.911519e-06,4.6424297e-08,0.0003364349,6.5686227e-06,2.1944347e-06,2.466972e-06,1.762512e-07,3.130892e-05,1.4703815e-07,7.316954e-08,2.4974705e-07,2.1427386e-08,2.6484889e-08,1.0329467e-07,6.519822e-08,7.892928e-08,9.1776556e-08,7.3366714e-08,2.7710732e-07,2.046483e-07,8.022532e-08,5.469671e-08,1.7755323e-08,1.7553521e-08,9.539739e-08,2.7803344e-08,1.2377068e-08,4.910478e-08,3.1078166e-08,3.3671967e-08,5.439863e-08,1.1566766e-07,3.242887e-07,5.4650845e-06,1.4296732e-09,0.10840854,2.4908223e-07,2.0126765e-06,0.9955682,1.6857118e-08,0.00019605082,0.99848074,0.012676129,1.6423156e-06,3.938492e-07,1.5650968e-06,2.0366945e-08,3.7159748e-07,5.9218648e-09,2.8649674e-07,3.422802e-06,1.9774367e-05,2.8378066e-08,9.9969375e-06,3.5428006e-05,1.5031786e-05,9.401176e-08,2.5107965e-07,3.5961984e-05,3.466598e-06,1.6522581e-05,7.682805e-07,2.5057564e-06,3.5901346e-06,2.568995e-07,4.5091397e-06,6.2450686e-06,1.7940387e-05,0.00016007607,5.1523926e-07,4.1527773e-07,5.1225794e-05,8.538948e-05,3.1553685e-05,1.3160387e-06,5.0676624e-07,9.273929e-06,7.4430263e-06,1.3480647e-05,3.0675814e-08,6.6611e-05,0.0017351047,0.0003456695,2.1192657e-06,6.973301e-08,6.3480124e-06,2.6145326e-06,1.7144004e-06,5.3127824e-06,9.858145e-06,1.5247105e-07,1.2319902e-05,4.418165e-05,1.0086717e-05,5.773946e-06,5.322174e-06,2.2233553e-06,5.594796e-06,2.7060164e-06,2.5049512e-05,1.5233883e-05,0.00014436994,1.6504786e-06,1.593314e-05,1.4752045e-05,4.094033e-07,1.7692365e-07,4.2804782e-05,1.4834186e-06,2.5509233e-05,5.2365067e-07,1.0166283e-05,2.4840951e-06,6.452543e-06,6.937806e-05,5.428772e-07,3.2276637e-07,8.97596e-06,3.1617174e-07,3.7142703e-07,5.8885566e-06,8.439242e-06,1.800709e-06,8.4298915e-07,1.9244153e-05,8.7545885e-07,2.4144734e-07,8.906127e-06,4.867432e-05,3.864975e-07,1.7890312e-05,4.208876e-07,2.8794268e-06,7.470821e-07,2.6274922e-08,3.935631e-07,2.868759e-06,1.4233298e-06,5.777052e-06,1.5049041e-05,1.0210649e-06,1.3348396e-06,3.4787226e-06,0.00017257815,5.211378e-07,1.1314384e-05,1.0996052e-06,2.6418438e-05,3.7732689e-06,5.6820934e-08,7.000821e-08,1.6197707e-06,4.5304194e-05,4.022492e-06,6.808316e-07,2.7138626e-06,3.683313e-05,2.3568955e-05,4.459558e-06,6.6124606e-08,0.0001138361,6.500795e-05,1.0013416e-05,1.2359075e-07,1.348843e-06,2.92893e-06,8.04923e-07,5.9704763e-07,1.7899356e-05,1.8817982e-06,6.0651746e-07,4.503961e-06,1.0138177e-05,5.6563265e-05,7.1874245e-05,4.5344646e-07,0.00037801196,4.424742e-07,2.8906e-06,1.7772845e-07,1.4100729e-07,2.1907272e-05,1.3332264e-06,5.4652723e-05,4.4718868e-06,0.00017628884,7.446352e-07,8.034305e-06,1.7503444e-06,1.9658244e-06,5.7788875e-06,0.00018299733,3.339609e-05,6.801187e-05,6.0986285e-06,3.7799966e-06,5.6307226e-07,1.236588e-05,2.499043e-07,2.5088551e-05,1.2969322e-06,4.9792397e-09,2.6689713e-07,4.00247e-05,2.573645e-06,2.7504853e-05,8.786749e-07,3.8605656e-05,1.0343918e-07,3.252809e-05,2.2328215e-06,1.449608e-05
BC2026_Train_0045_S22_20220125_211500_045,7.0890486e-08,7.700786e-06,5.245313e-07,7.074794e-05,1.6858668e-06,3.7385215e-07,1.5057174e-06,1.9413937e-06,6.484605e-05,4.3620865e-05,0.012830197,1.0788907e-05,1.4456445e-07,1.41981e-07,2.1016747e-06,0.71082354,7.53083e-07,1.5886227e-08,0.98368937,0.00021848212,9.516505e-06,0.9621699,8.626767e-06,1.5005611e-07,0.00022448764,1.4437749e-05,7.978704e-06,3.730605e-05,4.410697e-06,6.61566e-05,6.5579167e-07,4.429931e-07,8.173048e-07,6.2407246e-08,1.1823144e-07,8.541275e-07,1.4651032e-07,1.9924622e-07,3.4470906e-07,2.6093787e-07,9.2456816e-07,8.5168807e-07,2.6703924e-07,5.6700594e-07,8.810204e-08,9.3573476e-08,3.7926966e-07,8.161982e-08,5.1674107e-08,1.6956105e-07,1.2343713e-07,1.418143e-07,2.069773e-07,4.1049992e-07,1.6096399e-06,2.813189e-05,9.11285e-09,0.13234599,1.5754026e-06,3.4926343e-06,0.99503016,7.5355665e-08,0.00069177913,0.99811566,0.034551006,8.655164e-06,3.4726172e-06,4.993022e-06,1.6201369e-07,1.3196317e-06,3.637871e-08,1.6043296e-06,1.7053266e-05,3.0750165e-05,1.1074716e-07,3.1834323e-05,0.00013968175,7.519082e-05,2.7982216e-07,7.812332e-07,7.8514524e-05,1.0064319e-05,4.702063e-05,1.9210042e-06,8.699395e-06,7.0882147e-06,5.056077e-07,5.467144e-06,3.206344e-05,4.442975e-05,0.00017992349,1.8025439e-06,1.6973529e-06,0.00019527471,0.00024264149,0.00014585005,4.098532e-06,1.7919515e-06,7.675323e-06,2.2512593e-05,1.8943638e-05,1.2807932e-07,0.00016484037,0.00064287666,0.00025185538,6.4676865e-06,2.0579242e-07,1.6964992e-05,1.3715792e-05,5.193936e-06,1.4219623e-05,2.6328928e-05,9.1143113e-07,5.5794986e-05,9.947737e-05,1.4067465e-05,1.136569e-05,1.2663399e-05,6.3891607e-06,1.7403956e-05,5.375807e-06,4.161511e-05,4.0745374e-05,0.00033285108,4.635618e-06,4.4291246e-05,1.8816325e-05,1.6248144e-06,5.78599e-07,0.00018041945,8.835799e-06,6.969056e-05,2.1657581e-06,1.4845785e-05,2.9829203e-06,8.6319515e-06,9.905748e-05,2.039939e-06,3.0663175e-06,7.335157e-06,1.9748663e-06,4.9403525e-07,2.5689103e-05,2.7643777e-05,3.07349e-06,2.4418425e-06,5.8087506e-05,5.757884e-06,1.8948288e-06,3.0904324e-05,0.0002107347,1.987006e-06,5.8413356e-05,1.5292804e-06,7.858415e-06,3.2430712e-06,1.0911944e-07,1.9415568e-06,1.9966932e-05,5.332838e-06,4.891853e-05,0.0001000329,4.206852e-06,3.060448e-06,5.840353e-06,0.00055543013,1.4778311e-06,1.9042025e-05,2.7768692e-06,0.00010000048,1.5737667e-05,2.057983e-07,2.7638336e-07,4.56496e-06,7.3406445e-05,4.474865e-06,2.200294e-06,5.7200928e-06,0.00015578972,4.198599e-05,1.1279425e-05,5.35669e-07,0.00031744217,0.00011405657,4.2118005e-05,8.166909e-07,3.4168431e-06,9.284008e-06,7.889307e-06,2.499036e-06,9.350529e-05,9.32263e-06,1.6887423e-06,2.1850059e-05,5.733683e-05,0.00012358886,0.00041083622,2.4441933e-06,0.00026916614,8.0426463e-07,5.9178756e-06,1.0122835e-06,4.9054046e-07,0.00010241523,3.0051808e-06,0.000106876854,9.460863e-06,0.00021208526,1.162402e-06,1.3739631e-05,5.165513e-06,9.130231e-06,1.7076653e-05,0.00036802224,8.6906344e-05,6.9835594e-05,2.2838232e-05,1.10570345e-05,2.09063e-06,2.1527689e-05,6.8096404e-07,7.3791685e-05,8.259322e-06,9.065699e-08,2.6054101e-06,0.0001013748,6.7911706e-06,6.6405184e-05,5.0602775e-06,6.6437366e-05,4.27441e-07,9.094693e-05,7.0940505e-06,4.0370243e-05
BC2026_Train_0045_S22_20220125_211500_050,1.0860448e-07,7.638622e-06,2.7532944e-06,1.60887e-05,8.3070745e-06,1.007203e-06,1.2308806e-06,6.854284e-06,0.00012339081,1.723448e-05,0.0033986352,3.8889857e-06,2.4450833e-07,3.072808e-07,2.1937483e-06,0.940574,3.2181907e-07,5.1801898e-08,0.9956536,0.00012349169,2.0309251e-05,0.99373454,7.7806166e-05,2.9954185e-07,0.0010934491,1.2588025e-05,4.2653366e-05,3.5045623e-06,2.8442091e-06,4.5220975e-05,3.9688823e-07,5.085241e-07,7.5432865e-07,9.4947204e-08,1.3505945e-07,8.900437e-07,1.3624562e-07,2.4420095e-07,3.5498002e-07,2.3881424e-07,1.0446977e-06,6.929408e-07,2.9412047e-07,6.100671e-07,8.133511e-08,9.790904e-08,3.329857e-07,1.04516054e-07,5.060114e-08,1.6088555e-07,9.6670774e-08,9.476032e-08,1.3432651e-07,5.122809e-07,1.284821e-06,4.5651886e-05,9.76913e-09,0.08937381,3.6915217e-06,1.2498704e-05,0.99635196,5.5610858e-08,0.0008529323,0.99852365,0.04533331,8.4362255e-06,3.1118911e-06,5.4888924e-06,9.2059516e-08,1.8322678e-06,2.8060613e-08,5.281064e-06,2.23212e-05,3.7633574e-05,6.470837e-08,2.229267e-05,5.851119e-05,5.068366e-05,7.9089915e-07,7.360211e-07,0.000122939,1.7134807e-05,4.475959e-05,4.170716e-06,9.273754e-06,7.518727e-06,6.451519e-07,1.2440565e-05,4.877417e-05,7.357036e-05,0.00025247494,2.1215367e-06,1.7193667e-06,0.00013201479,0.0002016086,0.00011732129,6.340208e-06,6.970794e-07,3.273831e-05,2.9229974e-05,1.9400319e-05,1.2718614e-07,0.0003337121,0.0012947706,0.00042589163,1.3919775e-05,6.467603e-07,2.496723e-05,1.44916985e-05,4.0286614e-06,2.3987133e-05,3.408906e-05,6.450812e-07,2.8600898e-05,0.00014892251,2.2722916e-05,2.2481916e-05,1.663996e-05,5.5918845e-06,2.284934e-05,4.3651353e-06,0.00012129561,6.901974e-05,0.00042155117,2.3395392e-06,7.041927e-05,8.93449e-05,1.4368632e-06,5.1613335e-07,0.00010310635,8.786943e-06,0.00016474359,5.0339787e-07,5.5767534e-05,6.6905973e-06,2.3196986e-05,0.0004611212,2.4011488e-06,1.2455941e-06,1.22972e-05,1.9202917e-06,9.1158927e-07,1.8135248e-05,3.1726337e-05,4.286552e-06,7.739683e-06,5.7088757e-05,6.022447e-06,9.131633e-07,5.72878e-05,0.00014838854,1.8598373e-06,4.6727528e-05,2.00461e-06,1.1992412e-05,8.578388e-06,1.0998847e-07,2.4130306e-06,2.4365725e-05,6.139536e-06,2.0642017e-05,4.8560505e-05,2.4140963e-06,7.4487143e-06,1.6871092e-05,0.0003931125,2.4997753e-06,3.6313013e-05,2.1890794e-06,0.00010111316,3.1705982e-05,1.9791091e-07,3.3939983e-07,2.7377992e-06,0.00017497009,1.2530868e-05,1.9802242e-06,5.7405746e-06,0.0001983103,4.7280748e-05,1.0252674e-05,2.9555278e-07,0.00042602728,0.00022019216,1.7349073e-05,1.0524798e-06,5.0525764e-06,1.9626212e-05,5.545141e-06,2.7480742e-06,3.76642e-05,8.543836e-06,2.648502e-06,3.4281336e-05,4.565698e-05,0.00013255239,0.00020636126,2.488503e-06,0.0007369189,1.9922982e-06,1.5671247e-05,1.0102314e-06,4.999183e-07,8.6660475e-05,7.653584e-06,0.0001775412,8.5359525e-06,0.00037808655,1.6041473e-06,3.4350418e-05,8.148516e-06,6.2898725e-06,1.8906298e-05,0.00059323525,4.085681e-05,4.922819e-05,1.5390771e-05,3.279111e-05,3.1497173e-06,3.6735193e-05,6.509937e-07,8.0114354e-05,6.4751416e-06,2.2257424e-08,2.5419706e-06,0.000105089915,4.183092e-06,0.00012778903,5.079584e-06,0.00020029649,2.7961994e-07,0.00013823128,1.9171377e-05,2.5136185e-05
BC2026_Train_0045_S22_20220125_211500_055,7.236772e-08,2.7533617e-05,3.102415e-06,3.148053e-05,6.436827e-06,7.3767023e-07,1.290354e-06,6.320413e-06,2.6257816e-05,3.299233e-05,0.004944048,1.834403e-05,1.2578856e-07,2.2850358e-07,4.331476e-06,0.8788649,1.7466324e-06,3.818504e-08,0.9975122,9.522104e-05,1.6286884e-05,0.9948539,2.1530626e-05,8.0478105e-07,0.00052832405,5.2584537e-06,0.0001091562,5.227952e-06,1.6293098e-06,6.5568915e-05,8.2740746e-07,6.302767e-07,1.7159039e-06,1.6218915e-07,3.84458e-07,1.1926726e-06,2.2831209e-07,2.2438371e-07,7.31714e-07,3.877435e-07,1.7212844e-06,1.3320202e-06,8.6170934e-07,9.050052e-07,9.8279116e-08,1.1618518e-07,5.7201026e-07,2.0449339e-07,6.240832e-08,1.6183162e-07,2.2454194e-07,2.2627908e-07,3.0566832e-07,1.2395317e-06,1.4778382e-06,8.5251006e-05,6.0549624e-08,0.18703575,2.0573877e-06,5.7815273e-06,0.99823254,1.5347489e-07,0.0004282619,0.9987675,0.17924196,1.8377526e-05,1.6869475e-06,3.528103e-06,9.23501e-07,7.864894e-06,3.991246e-08,2.0741807e-06,2.2808803e-05,8.016342e-05,3.7736566e-08,3.3214797e-05,0.000100902806,5.2278436e-05,1.5812789e-06,1.0268293e-06,0.000108031534,1.28969e-05,8.236643e-05,3.524555e-06,9.210346e-06,8.517534e-06,1.3301467e-06,1.786985e-05,6.5129265e-05,9.077954e-05,9.6043696e-05,4.0848545e-06,1.2926141e-06,0.00014703655,0.000178222,0.000111459165,5.375623e-06,5.161063e-07,3.0871484e-05,4.073294e-05,2.0746296e-05,8.0879516e-08,0.00030449918,0.00046435487,0.00036480685,1.3579406e-05,2.7783923e-07,6.104639e-05,7.349875e-06,3.3080062e-06,1.35911705e-05,2.946768e-05,5.7847984e-07,3.1150892e-05,0.00035448233,1.5317297e-05,7.975638e-06,1.4970569e-05,1.1752243e-05,9.4162e-06,4.364257e-06,0.000100885096,4.8921473e-05,0.00034115076,3.6788663e-06,4.1134415e-05,0.00013563597,3.901441e-06,1.9841568e-07,0.0003313399,4.6521443e-05,0.00018458116,9.2207097e-07,2.5273192e-05,4.8769966e-06,4.7483853e-05,0.00020269764,1.69226e-06,3.681242e-06,1.7487775e-05,5.224005e-06,7.3094753e-07,6.6066066e-05,4.5763078e-05,1.0602919e-05,1.4979746e-06,5.249736e-05,8.415261e-06,1.1438372e-06,8.2525876e-05,8.85428e-05,2.1257774e-06,5.9679154e-05,1.9565234e-06,1.901963e-05,1.3690414e-05,1.5246742e-07,2.15126e-06,1.7396838e-05,5.66559e-06,8.179685e-05,5.857746e-05,1.8122465e-06,2.4606466e-06,1.2895954e-05,0.0008739758,2.8725426e-06,2.260855e-05,4.0062023e-06,0.00011279953,1.6428216e-05,4.1517796e-07,2.8479388e-07,4.4159497e-06,0.00012449217,9.597997e-06,5.036441e-06,4.7470285e-06,0.00020296276,4.526019e-05,9.437992e-06,2.4789497e-07,0.0004197083,0.00012748111,2.9411443e-05,5.196851e-07,8.414891e-06,1.1895797e-05,1.5217124e-05,1.7727224e-06,4.9865812e-05,5.447897e-06,5.1647494e-06,2.7080017e-05,2.8804685e-05,0.00010614265,0.000121444806,2.007476e-06,0.0005983468,4.9822056e-06,1.2260514e-05,1.4723014e-06,3.5664036e-07,6.592931e-05,9.169593e-06,9.885855e-05,1.4454776e-05,0.00020100226,1.8060111e-06,6.0349837e-05,8.174645e-06,6.170411e-06,3.41458e-05,0.000409015,3.7120062e-05,4.029113e-05,2.680663e-05,7.78481e-05,2.5578356e-06,8.2412786e-05,7.95581e-07,0.00018030182,6.412485e-06,1.9959343e-08,7.058965e-06,8.353857e-05,6.026658e-06,0.00013528348,3.0827046e-06,0.00011247,2.6244578e-07,0.00015830892,1.333234e-05,4.4104992e-05
BC2026_Train_0046_S22_20220127_230000_000,9.1627534e-08,4.0182513e-06,6.9707073e-07,4.7056965e-05,3.2429812e-06,5.18543e-08,2.9655337e-07,3.0261722e-06,3.046345e-05,1.6389735e-05,0.007830772,4.7907974e-06,2.4409945e-07,3.8560426e-08,1.8784398e-06,0.39779022,2.7652652e-06,1.4829074e-08,0.9690778,0.00012248546,3.1111376e-05,0.7147861,8.523491e-06,3.7052806e-07,3.8305712e-05,6.160434e-07,4.6887195e-05,9.0230526e-07,1.8689126e-07,1.7042716e-05,1.462864e-06,3.5890457e-07,1.6008312e-06,1.93408e-07,3.0886912e-07,7.791915e-07,6.5006617e-07,2.851393e-07,1.1224475e-06,9.014434e-07,2.01355e-06,2.2171957e-06,9.871917e-07,3.5124313e-07,8.8468454e-08,1.2575438e-07,7.3634817e-07,1.0081335e-07,5.533597e-08,1.5180277e-07,3.8658195e-07,3.6240417e-07,5.245293e-07,1.3843319e-06,1.932822e-06,9.317458e-06,7.774355e-08,0.3769257,2.1195494e-07,4.231323e-06,0.99460584,1.4875324e-07,0.0006136149,0.99824995,0.011158752,4.852084e-06,1.245846e-06,2.0200337e-06,4.7130655e-07,2.5433676e-06,4.7433847e-08,1.2538522e-06,1.8288465e-05,1.0487372e-05,8.8945924e-08,2.3020293e-05,0.00016864488,5.405658e-05,5.3496143e-07,4.2295983e-07,4.9100006e-05,8.218136e-06,6.389497e-05,1.3824543e-06,3.5175105e-06,9.409574e-06,6.1004914e-07,1.1213282e-05,4.0230156e-05,2.5840309e-05,8.112778e-05,1.8330104e-06,1.1353569e-06,5.6907644e-05,7.3210984e-05,7.19339e-05,1.08200775e-05,3.8690538e-07,4.3099742e-05,1.8269866e-05,4.1532447e-05,1.6158226e-07,0.00019039336,0.00060412905,0.00020303381,5.7795983e-06,2.1315783e-07,5.612344e-05,1.2958359e-05,7.830444e-06,5.439492e-06,1.9588662e-05,1.1236224e-06,0.00011608161,0.00067751604,1.33865615e-05,1.5123781e-05,7.0325705e-06,2.2234732e-05,1.6190916e-05,9.551816e-07,7.1432914e-05,0.00013242618,0.00036333018,1.9772483e-06,0.000115178475,5.8558195e-05,2.2541012e-06,4.0762404e-07,0.00013594466,5.929643e-06,0.00017947439,1.2942519e-07,3.2423566e-05,2.7531107e-06,3.9979688e-05,0.00016108327,5.0180115e-06,3.0833191e-06,3.5065495e-05,3.1855018e-06,7.295359e-07,4.7863054e-05,4.370152e-05,2.7998549e-06,1.7264284e-06,0.00010092656,1.1888728e-06,1.4165845e-06,5.8366357e-05,0.00018864559,3.846193e-06,4.3900636e-05,2.5543277e-06,7.460544e-06,7.580682e-06,3.3322937e-07,4.0974023e-06,9.677915e-06,3.3784404e-06,0.00018220079,8.509166e-05,8.0843415e-07,1.8092038e-06,1.6757036e-05,0.0005851927,6.409162e-07,2.1941896e-05,2.2201126e-05,0.00020550047,1.7628798e-05,1.3986568e-07,1.3283145e-07,9.79446e-06,0.00013954782,7.5961902e-06,3.2256744e-06,2.7254173e-06,0.00020015884,1.1590926e-05,1.6069715e-05,1.5632291e-06,0.00034205397,0.00019419908,2.5213683e-05,2.5576693e-07,7.4149775e-06,5.517063e-06,1.0279519e-05,1.0463369e-06,0.0001758822,4.846119e-06,1.7160264e-06,3.1299038e-05,2.6740323e-05,9.175551e-05,0.00029022945,3.4383352e-06,0.00032562297,1.0046693e-06,1.060747e-05,1.0749959e-06,2.0979849e-07,4.6875884e-05,6.332926e-06,8.8979046e-05,8.721599e-06,9.110049e-05,2.4845285e-06,2.3546265e-05,1.0076391e-05,2.9277123e-06,1.6814296e-05,0.0012926285,7.254251e-05,6.297244e-05,4.356932e-05,4.4869896e-05,6.158212e-06,6.516113e-05,2.3906862e-06,0.00048113076,6.65328e-06,2.5108411e-08,3.6534134e-06,9.084275e-05,7.1444892e-06,3.189485e-05,7.5988273e-06,9.175183e-05,1.0110837e-07,5.8799986e-05,1.3097085e-05,8.85439e-05
BC2026_Train_0046_S22_20220127_230000_005,4.2226535e-08,8.567848e-06,3.510399e-06,0.00013159362,2.0148382e-05,2.5351457e-07,1.6110789e-06,1.0880755e-05,0.00013062923,7.962311e-05,0.004016503,5.623399e-06,9.498324e-08,5.8901794e-08,1.2141077e-06,0.7607318,1.2798815e-06,2.5516318e-08,0.98601127,2.0397918e-05,2.8365805e-05,0.8542337,2.6902822e-05,3.2661495e-07,0.00018300292,1.0335986e-06,5.6762008e-05,1.4961785e-06,5.0159076e-07,9.7615375e-05,2.5163533e-06,6.515023e-07,2.1747842e-06,2.5651102e-07,2.1698133e-07,1.3432204e-06,2.2224279e-07,2.4790302e-07,1.5709062e-06,8.450465e-07,1.9299982e-06,2.8902748e-06,7.9281045e-07,6.1745567e-07,1.1951131e-07,1.2129799e-07,5.2488156e-07,8.412466e-08,5.593562e-08,1.7229186e-07,3.9742307e-07,4.1303156e-07,7.0932197e-07,1.2123581e-06,3.419477e-06,2.5494763e-05,1.0072264e-07,0.69969076,3.296046e-06,1.65947e-05,0.9928317,2.6230857e-08,0.0005784679,0.99198383,0.19874872,3.8014814e-06,1.0877028e-06,1.0230963e-06,1.0524161e-07,3.4013417e-06,6.081723e-08,2.4144942e-05,1.0585753e-05,8.609272e-05,5.963557e-08,1.8591189e-05,8.209074e-05,3.3858545e-05,1.4074548e-06,3.4290872e-07,6.267696e-05,5.4957172e-06,2.9217654e-05,1.5919113e-06,8.097127e-07,2.7503606e-06,2.6245303e-07,4.224074e-06,2.2163533e-05,1.7456285e-05,8.580765e-05,1.6036412e-06,1.6181773e-06,0.00019783813,6.422693e-05,7.981163e-05,5.804527e-06,5.178042e-07,1.6730148e-05,2.6302625e-05,1.0990258e-05,2.6483883e-07,0.00028326613,0.00039014948,0.0003401855,6.403734e-06,1.7948028e-07,1.5737112e-05,1.9150746e-05,5.0508716e-06,1.3507929e-05,8.947067e-05,1.7088458e-07,2.0058753e-05,0.00011389181,6.1251317e-06,6.150189e-06,3.8248204e-06,4.612541e-06,1.4005127e-05,1.1219702e-06,3.9675273e-05,3.1972144e-05,0.00018626945,2.2983859e-06,1.9290364e-05,3.389689e-05,1.3473195e-06,2.3268798e-07,0.00011864375,8.507525e-06,9.338811e-05,6.17984e-07,1.251212e-05,4.169375e-06,1.4613562e-05,7.166311e-05,1.5282014e-06,2.0856814e-06,1.4381475e-05,3.4125674e-06,3.6105567e-07,6.1983433e-06,2.9495739e-05,2.9217547e-06,5.173851e-07,4.131057e-05,9.458323e-07,1.1700962e-06,3.0580548e-05,5.0198647e-05,7.259506e-07,1.164433e-05,4.5024612e-07,1.0421828e-05,1.942692e-06,1.9750102e-07,7.89487e-06,8.925827e-06,1.0934755e-05,1.14168015e-05,6.696454e-05,8.0966635e-07,1.4447405e-06,3.338797e-06,0.00079901767,1.3851228e-06,1.470359e-05,2.0578098e-06,7.164842e-05,1.7612598e-05,1.650729e-07,1.3134441e-07,2.9062533e-06,9.000103e-05,2.565186e-06,2.586844e-06,2.615645e-06,5.1597268e-05,7.22803e-06,9.868145e-06,3.109498e-07,0.0003485868,0.00018903686,2.0858683e-05,6.8998395e-07,3.1467869e-06,4.745068e-06,7.8324465e-06,6.9215946e-07,4.4227432e-05,3.183206e-06,8.2783447e-07,1.0323207e-05,1.7214064e-05,4.2258533e-05,0.00023979819,2.4524893e-06,0.00014354785,1.7612483e-06,1.5635866e-05,3.7662514e-06,1.6113124e-07,1.9558984e-05,4.8031584e-06,6.673243e-05,6.3402745e-06,9.0541966e-05,2.0503717e-06,2.1279608e-05,2.7132235e-06,7.3283595e-06,4.5985876e-06,0.00036859227,5.3479445e-05,0.00010042592,2.7487546e-05,1.0017178e-05,3.1879847e-06,1.2554779e-05,4.7493776e-07,0.00027565155,6.960059e-06,2.2080803e-08,2.42906e-05,0.00012914313,6.404772e-06,6.3050975e-05,1.0517765e-06,2.6911468e-05,1.07689665e-07,0.000105081686,1.588169e-06,3.8944185e-05
BC2026_Train_0046_S22_20220127_230000_010,9.18685e-08,1.3759602e-05,3.1173327e-06,8.631194e-05,1.8274275e-05,3.191594e-07,4.4978646e-07,2.2333761e-05,0.00017654941,7.374547e-05,0.0067431494,1.1321918e-05,7.365513e-08,9.098353e-08,3.84769e-07,0.77989155,2.7290978e-06,5.310019e-08,0.9971969,6.501626e-05,1.5045323e-05,0.9303837,3.1985317e-05,9.033074e-07,0.0007432335,2.4869632e-06,7.215863e-05,5.1212396e-06,7.454168e-07,0.00031328475,3.080712e-06,1.4006727e-06,4.8669654e-06,5.2681787e-07,5.2075677e-07,3.6180195e-06,8.4055114e-07,7.0426324e-07,2.1513872e-06,1.3742625e-06,4.113702e-06,4.2322717e-06,1.6318165e-06,1.7632196e-06,1.905312e-07,2.3082256e-07,1.4558232e-06,3.5585896e-07,2.0379136e-07,5.476352e-07,6.2467626e-07,6.43232e-07,9.3738504e-07,2.2271965e-06,7.402295e-06,3.8409267e-05,8.8491745e-08,0.7200722,3.020037e-06,7.06946e-06,0.9980926,1.469689e-07,0.0004030093,0.9993703,0.16917981,1.5388174e-05,6.54182e-07,1.768393e-06,3.5292828e-08,5.841294e-06,2.3111635e-08,1.17370655e-05,1.9262017e-05,2.6868593e-05,7.033411e-08,1.728297e-05,7.882195e-05,5.274479e-05,8.6252913e-07,1.9703934e-07,4.7844984e-05,3.564942e-06,1.9555422e-05,8.580512e-07,1.7319265e-06,3.3101046e-06,1.9451525e-07,9.438649e-06,2.286822e-05,2.4651757e-05,8.819747e-05,3.1950765e-06,6.7039514e-07,8.3017694e-05,0.000121766934,0.00010639294,8.149075e-06,1.7864676e-06,1.3662777e-05,1.0211095e-05,2.1501426e-05,2.417992e-07,0.000101111524,0.0012826622,0.00043657384,6.6504567e-06,1.5198775e-07,2.5841886e-05,1.0776599e-05,3.7824996e-06,8.7087e-06,4.117178e-05,2.512715e-07,4.6453486e-05,0.00013356844,1.1254615e-05,7.0819037e-06,3.6359022e-06,9.579416e-06,4.784255e-06,1.7804738e-06,4.504958e-05,4.784987e-05,0.00021781673,4.093212e-06,1.4149943e-05,6.293269e-05,1.9902889e-06,8.508789e-08,0.00010053678,5.678925e-06,0.00010393982,5.6735047e-07,1.7228353e-05,4.357661e-06,4.1418654e-05,4.7995927e-05,1.0509332e-06,9.136023e-07,9.558202e-05,6.1979904e-07,6.615979e-07,7.3496717e-06,4.3319575e-05,1.4898802e-05,8.8718684e-07,6.7836656e-05,6.8159227e-07,9.078622e-07,1.7538532e-05,8.603133e-05,1.6685506e-06,1.807492e-05,6.279991e-07,1.4095707e-05,4.8311954e-06,3.3224535e-07,3.9667057e-06,2.763654e-06,7.0598e-06,7.2502735e-06,0.00010460241,3.6415062e-07,1.0220285e-06,4.955702e-06,0.0002671301,1.3368716e-06,1.5527348e-05,5.4617135e-06,9.51027e-05,8.747997e-06,8.399367e-08,3.2142157e-07,2.1804515e-06,0.000109002045,3.791803e-06,1.4907719e-06,2.695742e-06,6.86511e-05,8.681245e-06,1.2349193e-05,2.339554e-07,0.0002508149,0.00030504164,1.5777054e-05,4.3508868e-07,2.3965117e-06,4.9241335e-06,8.026946e-06,6.757633e-07,3.5208242e-05,1.6578124e-06,1.7796605e-06,5.7765897e-06,1.8543577e-05,7.660801e-05,0.00019453192,2.099233e-06,0.0003737169,1.0742713e-06,1.5092028e-05,2.4482547e-06,6.941326e-07,1.0332484e-05,1.0267655e-05,8.620246e-05,4.969161e-06,0.00052318646,3.3822055e-06,1.7037126e-05,2.2685738e-06,2.0588086e-06,5.7151137e-06,0.0003353415,0.00016724081,0.00013854429,1.822158e-05,3.207093e-05,2.6591088e-06,3.694141e-05,4.252292e-07,0.000109322966,6.98716e-06,2.040591e-08,6.952589e-06,0.00010381965,1.310898e-05,0.00013290347,1.2381033e-06,1.3521708e-05,2.9554482e-08,0.00013881498,1.3108692e-06,3.1965224e-05
BC2026_Train_0046_S22_20220127_230000_015,5.106449e-08,2.2877795e-05,3.1434274e-06,9.584351e-05,7.4055433e-06,1.6825291e-07,2.7747117e-06,1.3360634e-05,5.419285e-05,0.00028000987,0.0057621994,2.1242686e-05,6.516353e-08,5.1783132e-08,3.1598756e-07,0.46096763,6.409892e-06,1.3313071e-08,0.99974793,2.5984052e-06,1.0201324e-05,0.7304209,3.4184603e-05,4.1292643e-07,0.00017776547,7.613478e-07,5.7141147e-05,1.4628794e-06,9.181525e-08,0.00013724348,3.1828904e-06,7.287161e-07,5.220479e-06,4.53048e-07,3.5701808e-07,1.9813406e-06,3.9375047e-07,6.2395577e-07,1.9685954e-06,1.7440061e-06,2.9391542e-06,4.9677537e-06,1.545695e-06,5.8891965e-07,2.1655693e-07,2.068163e-07,2.4946883e-06,3.2982805e-07,1.6116796e-07,6.555709e-07,8.353272e-07,8.4868725e-07,1.2911615e-06,1.5949096e-06,8.10305e-06,7.798689e-05,2.2821067e-07,0.90883017,1.7938306e-06,5.624198e-06,0.995814,1.8932668e-07,4.680504e-05,0.9978027,0.18873489,9.848317e-06,3.276107e-07,1.1526947e-07,9.102396e-08,1.1550055e-05,8.600274e-08,1.7425829e-06,1.18807075e-05,4.3602486e-05,3.938559e-08,5.1997074e-05,0.00010551183,4.305004e-05,7.9299264e-07,3.20057e-07,1.7226594e-05,2.143809e-06,2.0047393e-05,5.3869826e-07,4.5765847e-07,2.6943258e-06,1.4118761e-07,5.523333e-06,2.0208034e-05,1.2572776e-05,1.8554365e-05,4.7811577e-06,5.877616e-07,9.0544636e-05,8.5512605e-05,1.71437e-05,1.5512638e-06,3.8651297e-06,1.0977877e-05,1.9451489e-05,4.913822e-06,1.17148254e-07,0.0002377944,0.00086307887,0.00056907494,8.39563e-06,1.9731099e-08,1.9051908e-05,3.4793353e-05,3.5958394e-06,4.5010547e-05,0.00010222252,7.659827e-08,2.460673e-05,3.6793463e-05,6.5386917e-06,4.474037e-06,3.3559395e-06,2.7427307e-06,5.1934408e-06,1.2105502e-06,5.282513e-05,1.5568477e-05,8.8627705e-05,2.8783477e-06,1.2880222e-05,9.456543e-06,3.936242e-06,2.3668429e-07,0.00043009213,7.5389535e-06,2.1261554e-05,7.0044604e-07,1.1528409e-05,1.6445961e-06,1.9129939e-05,1.32914365e-05,1.6070891e-06,7.5226257e-07,0.000110790425,2.378921e-06,4.1702478e-07,4.0930045e-06,1.144676e-05,2.5913208e-05,7.1648316e-08,7.235666e-05,2.683586e-06,2.7265355e-07,2.0382304e-05,1.5214819e-05,1.238682e-06,4.960856e-06,5.778573e-07,1.7692984e-05,9.1699707e-07,4.6612402e-07,4.3052137e-06,1.5679606e-06,3.9293653e-05,6.6910256e-06,2.43033e-05,1.5193196e-07,6.971937e-07,4.040489e-06,0.00074240594,1.7552956e-06,2.3767943e-05,4.7242124e-06,0.000107714506,2.3377917e-05,1.04415435e-07,1.4484112e-07,1.1900378e-06,0.00012641308,7.1385366e-06,5.9726453e-06,1.7782083e-06,3.8663282e-05,1.4532927e-05,1.43480775e-05,3.6192063e-07,0.00015221407,9.4867486e-05,1.315971e-05,2.1855301e-07,1.5882811e-06,1.5396644e-06,2.2646007e-06,5.049182e-07,3.0245565e-05,1.1355139e-06,9.462843e-07,6.5106656e-06,1.0073048e-05,3.4701698e-05,8.624021e-05,2.9746793e-06,0.00049927516,2.001082e-06,1.29939135e-05,2.3080088e-06,2.272048e-07,7.8041285e-06,1.4833233e-05,2.1883154e-05,6.12255e-06,0.00029900708,2.516869e-06,1.4685792e-05,5.1526367e-06,1.0925498e-05,5.313702e-07,9.5740754e-05,7.852381e-05,0.00019084993,3.0861505e-05,5.017639e-05,3.2006546e-06,4.657316e-05,2.913925e-07,0.0001836791,3.6233025e-06,1.1900594e-08,5.1425436e-06,0.00010969734,9.505149e-06,7.34898e-05,4.4975343e-07,1.3581776e-05,4.1537078e-08,6.6159315e-05,3.5513852e-07,3.2376352e-05
BC2026_Train_0046_S22_20220127_230000_020,3.032826e-08,9.001308e-06,9.0304724e-07,4.8452956e-05,6.836841e-06,5.1663566e-08,3.3015377e-07,2.74308e-05,0.00018770075,5.9713937e-05,0.01924049,5.610837e-06,1.3068345e-07,1.9313037e-08,2.3116844e-07,0.33238432,1.2369844e-06,1.7039664e-08,0.9922769,1.5874444e-05,7.2500043e-06,0.13666007,7.992388e-06,7.106023e-07,8.132343e-05,2.0611887e-07,0.00014518487,1.1603529e-06,1.3324787e-07,0.00010828019,3.837861e-06,8.8182117e-07,4.551536e-06,4.472696e-07,6.344662e-07,2.7386427e-06,4.8619e-07,6.281393e-07,2.370042e-06,2.0778057e-06,6.326473e-06,5.786404e-06,2.8802067e-06,9.2215896e-07,1.4462609e-07,1.6255925e-07,2.2060192e-06,1.5342967e-07,1.9028822e-07,5.6630284e-07,9.749009e-07,1.1238367e-06,1.4725442e-06,2.5301076e-06,1.4240725e-05,2.2313749e-05,3.952418e-07,0.9259694,1.8449997e-06,5.2571054e-06,0.99807274,1.2910405e-07,8.708047e-05,0.9984101,0.12263084,2.2889666e-05,5.026246e-07,3.6498818e-07,2.7103342e-08,3.705659e-06,3.371541e-08,6.9630732e-06,3.8412736e-06,3.9973675e-06,1.8435658e-08,1.9742314e-05,7.866471e-05,2.7244709e-05,1.8894712e-06,3.859332e-08,1.8509583e-05,2.196612e-06,6.1293563e-06,3.0686732e-07,1.280345e-07,2.575587e-06,8.27571e-08,8.197206e-06,1.5760857e-05,3.517101e-06,4.6323516e-05,1.4548407e-06,2.9804443e-07,2.9487808e-05,1.7183358e-05,5.2662468e-05,6.7042915e-06,1.9738118e-06,5.246637e-06,1.3207751e-05,1.0800397e-05,2.0727953e-07,5.267417e-05,0.00029122815,0.00015342863,4.048465e-06,2.4767184e-08,1.11821755e-05,1.92672e-05,8.216185e-06,3.842527e-06,3.540497e-05,1.0027735e-07,3.8091628e-05,4.0274073e-05,5.8359096e-06,4.5529255e-06,1.0569407e-06,3.7233283e-06,3.1789436e-06,8.8815796e-07,1.750653e-05,1.7949473e-05,0.00010748447,1.4726721e-06,9.566069e-06,1.7937668e-05,8.332594e-07,8.575786e-08,3.3708635e-05,1.7490779e-06,5.1036506e-05,1.580513e-07,8.713942e-06,2.4618414e-06,1.7511908e-05,6.5030576e-06,7.8811104e-07,6.509365e-07,0.000119012584,1.7787952e-06,3.1655398e-07,2.5889367e-06,2.0248333e-05,9.560059e-06,2.4508404e-07,4.652535e-05,2.6883248e-07,3.4897033e-07,1.357872e-05,6.58838e-05,6.8810976e-07,4.102501e-06,5.320375e-07,8.2184415e-06,1.8372074e-06,3.9776202e-07,3.9542683e-06,2.304648e-06,6.9414386e-06,1.41184155e-05,4.4793833e-05,3.590972e-08,3.6635277e-07,1.8455137e-06,0.00019436098,4.3060004e-07,6.0794714e-06,3.9408096e-06,6.1223735e-05,1.9461339e-05,4.192167e-08,1.3798527e-07,4.0708237e-06,6.224293e-05,2.8862257e-06,1.0000331e-06,1.039849e-06,2.4978375e-05,1.4058946e-06,5.7965945e-06,5.535465e-07,0.00019336485,0.00023562642,6.5701324e-06,5.958378e-07,2.5104232e-06,1.3636941e-06,8.410583e-06,3.9349257e-07,1.2759348e-05,6.3848694e-07,1.002427e-06,3.7913653e-06,8.394012e-06,1.9354362e-05,0.00038557922,6.7283368e-06,3.924276e-05,1.9513305e-07,1.2276191e-05,1.3935262e-05,1.5077707e-07,4.0605523e-06,3.3401664e-06,3.724761e-05,2.4731744e-06,0.000108358174,1.5282452e-06,2.2619635e-05,3.7582113e-06,1.2165347e-06,1.4087519e-06,0.00010042945,0.000757521,7.593973e-05,1.35680275e-05,2.0853271e-05,5.213941e-06,9.997558e-06,3.3564663e-07,0.00028608332,1.0583786e-05,1.7697573e-08,1.2316989e-05,5.591696e-05,5.5023825e-06,3.6049063e-05,2.3286823e-07,4.580786e-06,8.739372e-09,4.0147836e-05,2.606638e-07,1.689223e-05
BC2026_Train_0046_S22_20220127_230000_025,3.2942243e-08,1.6377784e-05,2.0185394e-06,0.0001110217,5.127759e-06,1.3952297e-08,2.434731e-07,8.922298e-05,9.248284e-05,7.567125e-05,0.030957073,2.3241184e-05,1.17853425e-07,1.9889873e-08,2.9385745e-07,0.21261057,1.1123486e-05,9.088531e-09,0.9453157,2.5856209e-05,1.1112289e-05,0.071682036,4.1180547e-06,1.0501346e-06,7.70481e-05,5.2942926e-08,0.00016728659,1.0708916e-06,1.3668028e-07,0.00016724528,6.1343735e-06,1.0147609e-06,6.912142e-06,7.300127e-07,1.0432949e-06,3.310392e-06,2.2425847e-06,8.098679e-07,5.1182806e-06,3.2585037e-06,7.3952465e-06,8.380726e-06,5.0873987e-06,1.1264817e-06,8.502023e-08,1.02269176e-07,2.0409216e-06,1.8172588e-07,1.9000733e-07,3.8455988e-07,1.8952642e-06,2.1058418e-06,2.7487822e-06,4.4528515e-06,1.3000295e-05,8.7897515e-06,1.0389263e-06,0.9284189,7.03282e-07,3.1715608e-06,0.9913424,5.772486e-07,0.00034507565,0.9991062,0.08827069,1.02436825e-05,2.0011306e-07,6.810361e-07,1.346135e-07,9.525658e-06,3.060364e-08,2.062004e-06,2.9649675e-06,3.951117e-06,3.1440546e-08,1.4705217e-05,7.541954e-05,1.3409882e-05,3.6926629e-06,6.3816074e-08,1.1248156e-05,1.1528084e-06,3.5017526e-06,2.1772568e-07,5.4820163e-08,1.6553969e-06,8.296936e-08,7.72744e-06,1.15080775e-05,1.2218505e-06,2.4816636e-05,9.639768e-07,3.0882612e-07,3.2327483e-05,2.718779e-05,2.0526533e-05,4.935177e-06,1.7069742e-06,1.16454175e-05,1.0486872e-05,2.3245575e-05,2.9969186e-07,4.387088e-05,0.0004515908,0.00024555318,2.030876e-06,1.5767833e-08,6.004467e-05,1.0448269e-05,1.6961078e-05,1.9059859e-06,1.9954103e-05,1.0388979e-07,6.434292e-05,5.2625714e-05,9.402542e-06,2.2593997e-06,8.894081e-07,5.5181627e-06,3.2085024e-06,4.2399333e-07,1.2208012e-05,2.4787094e-05,9.207806e-05,1.190477e-06,1.2780672e-05,3.2985063e-05,6.2061343e-07,6.399293e-08,4.357422e-05,4.403716e-06,6.793869e-05,1.5494642e-07,6.185063e-06,1.8704793e-06,1.31823435e-05,1.4835566e-05,1.3262187e-06,2.932209e-07,0.0002675139,2.009489e-06,2.0223263e-07,4.2999613e-06,2.7737682e-05,2.7730408e-05,5.0389644e-07,4.1193573e-05,6.679402e-08,1.0349903e-06,1.7265918e-05,0.00011555239,2.7900169e-06,3.9776196e-06,6.7710124e-07,1.3601245e-05,2.2983027e-06,6.529335e-07,5.396132e-06,2.5010318e-06,5.766066e-06,3.1463333e-05,4.75273e-05,4.017995e-08,1.8388344e-07,2.1764542e-06,0.000182527,3.8602602e-07,3.1054756e-06,4.1554026e-06,4.9558992e-05,1.1860691e-05,2.454835e-08,1.8576608e-07,8.7182725e-06,0.000112717804,1.744688e-06,7.026251e-07,5.6480457e-07,9.630041e-06,9.313489e-07,9.446727e-06,6.0836715e-07,0.00013914124,0.00014246785,5.746803e-06,2.8052648e-07,2.2236181e-06,1.555775e-06,2.048027e-05,1.930829e-07,2.4207236e-05,3.6678767e-07,1.3707429e-06,1.2995272e-06,1.556894e-05,2.0520132e-05,0.00035915582,5.020027e-06,6.225593e-05,1.868499e-07,1.1027317e-05,8.741968e-06,1.2221017e-07,1.3173382e-06,2.8900708e-06,3.1736596e-05,1.4262389e-06,7.2589566e-05,1.8270592e-06,2.3902687e-05,1.3269183e-06,4.6879578e-07,2.74283e-06,0.00010196639,0.00047645136,0.0003235145,1.2434515e-05,1.4747672e-05,9.236717e-06,1.4388664e-05,3.4546537e-07,0.0008503396,2.2469569e-05,1.2285811e-08,4.1328835e-06,4.896824e-05,5.72126e-06,2.1154725e-05,2.4046335e-07,2.476089e-06,4.140007e-09,4.8995844e-05,4.880756e-07,1.5431144e-05
BC2026_Train_0046_S22_20220127_230000_030,2.3115652e-07,3.845119e-05,7.4067157e-06,0.00015237801,5.0591232e-05,1.3936423e-07,2.3638595e-06,1.2115677e-05,6.394617e-05,0.00017219236,0.027571863,2.9052784e-05,7.604559e-07,9.5478036e-08,8.0129803e-07,0.33653072,8.668307e-06,3.7027366e-08,0.99728537,1.6204369e-05,3.7427533e-05,0.348674,4.2304822e-05,1.032566e-06,0.00013524259,6.5431425e-07,0.000121521145,1.193822e-06,1.8451829e-07,0.00015655514,6.3990637e-06,9.841967e-07,6.9719304e-06,5.4536645e-07,1.1649577e-06,2.4394847e-06,7.096562e-07,8.9028566e-07,4.314511e-06,3.739502e-06,4.714491e-06,1.0258923e-05,3.9846473e-06,8.4339763e-07,2.870415e-07,3.0100315e-07,3.624481e-06,4.0661766e-07,2.396184e-07,7.743225e-07,2.1085045e-06,2.3216405e-06,3.245283e-06,3.5758005e-06,9.453414e-06,6.2221385e-05,8.7204165e-07,0.8981414,1.5405251e-06,4.51451e-06,0.99841464,4.767348e-07,0.00037744988,0.9972391,0.1646266,2.3887056e-05,9.466508e-07,9.432048e-07,5.489722e-07,2.587599e-05,1.6900667e-07,8.288786e-06,9.077487e-06,1.8972782e-05,1.2669959e-07,0.00010812871,0.00012454644,0.00012459763,2.5613163e-06,2.7766072e-07,0.00011352055,4.904028e-06,1.9361505e-05,1.1021627e-06,9.018673e-07,5.306812e-06,4.1696157e-07,1.46904e-05,3.4205965e-05,1.8189668e-05,9.3254086e-05,1.2454337e-06,2.0557834e-06,7.909798e-05,3.5644825e-05,6.409086e-05,9.322772e-06,2.4434848e-06,3.0189341e-05,5.2789324e-05,1.1737312e-05,3.5176237e-07,0.00045159314,0.0010745458,0.0004126494,1.6142336e-05,8.1200874e-08,9.375386e-05,2.6750653e-05,8.039916e-06,2.659493e-05,7.271698e-05,2.5164104e-07,7.6103934e-05,0.00026730282,7.758164e-06,1.3293845e-05,7.2578355e-06,3.917286e-06,1.4125931e-05,1.7024287e-06,9.953677e-05,4.8679613e-05,0.00016165689,3.7931954e-06,2.483766e-05,6.188504e-05,2.8975828e-06,2.4048492e-07,0.00022154162,8.826181e-06,0.00010148196,4.1151233e-07,1.4975369e-05,3.9788033e-06,4.9340702e-05,5.617371e-05,3.8278968e-06,2.6823193e-06,0.00021444664,8.3454825e-06,1.6285562e-06,1.3574822e-05,1.3672005e-05,3.7619833e-05,4.3633236e-07,0.00013435172,2.363244e-06,4.5876794e-07,0.00018891937,9.8345736e-05,4.7320627e-06,1.5706675e-05,1.5898191e-06,1.6704893e-05,1.4539585e-06,1.8349521e-06,6.276092e-06,3.7795824e-06,2.4575214e-05,5.0083414e-05,6.512286e-05,9.6614734e-08,8.5682296e-07,6.3631046e-06,0.0004896342,1.0163967e-06,7.845053e-05,8.346119e-06,0.0003463713,2.8832388e-05,3.6856892e-07,1.5843159e-07,9.0456515e-06,0.00019111378,9.064624e-06,1.4308109e-05,2.5014658e-06,3.5272493e-05,2.34198e-05,1.3347071e-05,9.205843e-07,0.0001843685,0.00015159383,1.4985025e-05,3.229206e-07,7.80479e-06,3.4186326e-06,1.2136539e-05,1.2844657e-06,9.031035e-05,3.5587973e-06,2.4234178e-06,1.7132128e-05,1.0728998e-05,8.867225e-05,0.0004604887,8.021382e-06,0.000350869,1.2372877e-06,2.6608579e-05,1.1188064e-05,4.0253096e-07,2.9478726e-05,1.6701119e-05,0.00013207649,3.507854e-05,9.69999e-05,6.074794e-06,3.6177313e-05,1.3584963e-05,4.6147015e-06,1.5833266e-06,0.00030443474,0.0007050765,0.00018879816,3.970298e-05,7.790699e-05,1.4143562e-05,7.206002e-05,6.335254e-07,0.001046009,6.778747e-06,2.1466658e-08,1.4010925e-05,9.963659e-05,7.812237e-06,9.765057e-05,2.636323e-06,1.8807335e-05,5.9568727e-08,4.1212632e-05,1.8729893e-06,9.20727e-05
BC2026_Train_0046_S22_20220127_230000_035,1.669728e-08,3.6882318e-06,2.4523113e-06,0.0001750789,1.783687e-05,1.2362092e-07,5.0059106e-07,3.815476e-06,0.00012680847,8.346483e-05,0.008390266,4.4433746e-06,1.1753494e-08,1.9335593e-08,8.815701e-08,0.42553097,4.1841747e-07,8.805933e-09,0.9741536,2.8558303e-05,1.52301045e-05,0.93839264,1.3770523e-05,1.635685e-07,4.7999358e-05,2.597605e-07,2.5577258e-06,1.584032e-07,7.980349e-08,0.00017921635,1.3644824e-06,4.6992156e-07,1.7604254e-06,1.6554237e-07,1.5763358e-07,1.5346612e-06,1.0497937e-07,5.584885e-07,1.0204711e-06,9.3518304e-07,2.6100186e-06,1.8676935e-06,6.660401e-07,4.238324e-07,7.062663e-08,7.242226e-08,1.1533758e-06,7.36262e-08,1.05827766e-07,7.423025e-07,4.20191e-07,4.2085108e-07,7.0015943e-07,6.9825904e-07,9.738762e-06,3.063637e-06,1.3500582e-08,0.93974084,1.412679e-06,1.8160146e-06,0.99841785,1.2713601e-08,0.00018307744,0.99868804,0.90085727,5.304016e-07,3.7564945e-07,2.383678e-07,1.8382288e-08,7.3023175e-06,7.708086e-09,7.7299455e-06,7.069852e-06,1.24850385e-05,1.1257334e-08,6.5465592e-06,1.748509e-05,1.3142239e-05,2.6791673e-07,1.5802598e-07,1.1240339e-05,1.624215e-06,5.91206e-06,3.7254702e-07,2.2262715e-07,1.9655677e-06,1.07751724e-07,5.919078e-06,2.8448032e-06,7.962999e-06,0.00012493574,3.5149947e-07,3.3445333e-06,0.00011264668,1.2801311e-05,1.8196592e-05,2.094857e-06,1.9137851e-06,4.4462642e-05,1.3307606e-05,2.8371303e-06,1.403922e-07,7.977382e-05,0.00059480354,8.065862e-05,6.1307655e-06,4.146718e-08,3.0712986e-06,1.1414743e-05,1.270177e-06,5.100311e-06,4.815717e-05,2.7426804e-08,8.296703e-06,2.0292968e-05,1.4542053e-06,1.5174923e-06,4.9096536e-07,1.1916766e-06,4.642701e-06,2.6885147e-07,1.8585853e-05,3.185851e-06,0.00014040004,2.935989e-07,6.1366495e-06,5.5564537e-06,1.6306015e-07,5.972572e-08,6.3321418e-06,4.844825e-07,1.1502044e-05,1.0406934e-06,4.6952373e-06,8.0625824e-07,2.8878474e-06,9.212349e-06,4.6240535e-07,1.2110797e-07,5.8054666e-05,1.0039942e-06,4.1915357e-07,8.273775e-07,7.812855e-06,2.0481202e-06,5.855957e-08,2.7237045e-05,9.976511e-08,2.1066202e-07,4.592202e-06,1.6504959e-05,3.7043512e-07,1.7090822e-06,7.126928e-08,3.628815e-06,1.56649e-07,3.503138e-07,8.111555e-06,8.654047e-07,4.235284e-06,4.129676e-06,1.8363791e-05,1.1478242e-07,2.8876468e-07,8.2406694e-07,8.541082e-05,3.5421542e-07,4.1128387e-06,6.0258657e-07,4.3359792e-05,5.496451e-06,3.6155903e-08,2.347537e-08,9.420964e-07,8.0107864e-05,5.575567e-07,1.4881411e-07,1.3504338e-06,7.8672265e-06,1.3800939e-06,4.34881e-06,2.2324729e-08,3.9613195e-05,6.279918e-05,9.773811e-06,1.9449986e-07,7.8094274e-07,8.725324e-07,2.1529204e-06,9.6455835e-08,5.6489303e-06,1.4445654e-06,3.6119033e-07,1.5758127e-06,1.7660385e-06,1.4800648e-05,6.013275e-05,4.8215986e-07,8.165213e-05,2.5245035e-07,6.7161436e-06,7.890142e-07,3.62561e-08,8.915108e-06,2.0866103e-06,2.0608953e-05,1.4528717e-06,4.3890006e-05,1.568037e-06,6.171499e-06,2.2989975e-06,8.3248807e-07,2.4296844e-06,5.4449527e-05,2.2223494e-05,0.00011990026,9.047688e-06,1.7607108e-06,3.2430403e-06,4.247937e-06,1.9218602e-07,5.2987136e-05,1.9532104e-06,3.3818444e-09,7.1140707e-06,4.136568e-05,2.9588577e-06,9.5727504e-05,5.4076077e-07,3.3294043e-06,4.188083e-08,4.6357494e-05,1.784673e-07,8.039687e-06
BC2026_Train_0046_S22_20220127_230000_040,4.3958218e-07,1.1238281e-05,3.49426e-06,2.1481896e-05,8.670977e-06,2.3126745e-07,1.1134439e-06,1.137483e-05,1.1676834e-05,6.1594306e-05,0.0021872781,1.5633063e-05,1.0322829e-07,4.7053227e-08,1.2122958e-06,0.27162793,3.0451256e-06,1.1627291e-08,0.9985501,8.720792e-06,1.1194008e-05,0.84508246,3.0952993e-05,6.581707e-07,0.00052281277,1.1911744e-06,0.00011730271,2.3795267e-06,3.0768754e-07,2.8880133e-05,2.4265953e-06,4.321695e-07,3.992666e-06,2.8553958e-07,3.699892e-07,1.0034341e-06,8.281836e-07,5.716629e-07,1.4483188e-06,1.0262027e-06,3.413655e-06,3.484417e-06,1.2819532e-06,5.2074734e-07,7.840144e-08,9.292553e-08,1.2122299e-06,3.515441e-07,1.06040716e-07,3.854966e-07,5.060288e-07,4.6611072e-07,6.77757e-07,1.9735803e-06,2.7414858e-06,4.079261e-05,2.0074746e-07,0.39943644,8.159303e-07,3.4859656e-06,0.991176,2.5736568e-07,7.6577635e-05,0.9969586,0.008936269,1.23678265e-05,1.2006783e-06,3.9822132e-07,2.5780858e-07,1.4372467e-05,7.620671e-08,1.2359905e-06,1.8254714e-05,2.7290424e-05,7.410846e-08,4.8943453e-05,9.816294e-05,3.7972335e-05,7.233287e-07,6.471879e-07,4.8131093e-05,1.1455802e-05,5.209102e-05,2.4146282e-06,6.798247e-06,1.0530205e-05,4.3931186e-07,1.4814487e-05,2.2725062e-05,6.747645e-05,5.3216983e-05,6.9561643e-06,1.2958503e-06,9.175131e-05,0.00016943982,6.4546395e-05,5.961993e-06,3.3605224e-06,3.5970934e-05,2.2006227e-05,4.0988944e-05,1.5526325e-07,0.00013226653,0.0009368204,0.0002990647,7.6043657e-06,1.7576058e-07,0.0001304103,1.4381475e-05,5.5000164e-06,2.7924794e-05,1.7176772e-05,1.0427269e-06,7.412634e-05,0.00026928112,2.6302101e-05,1.0218655e-05,1.6213584e-05,6.409006e-06,8.552681e-06,1.36617e-06,4.1754796e-05,0.00012657809,0.00031417486,5.0311032e-06,7.458602e-05,9.277733e-05,3.7608534e-06,3.836434e-07,0.00045818553,1.6370537e-05,0.00010886151,4.6802384e-07,2.0773976e-05,4.4081194e-06,0.00011738215,0.00013863243,2.7618546e-06,1.3710422e-06,4.16944e-05,1.8635603e-06,1.3365797e-06,2.9380493e-05,5.489487e-05,1.2173018e-05,2.8700757e-07,0.0001585904,1.2954676e-05,9.923606e-07,9.134475e-05,0.00012451793,3.3245212e-06,2.2034326e-05,2.223419e-06,1.2866853e-05,5.394974e-06,3.3360138e-07,4.484768e-06,1.5623882e-05,1.7926295e-05,5.8047695e-05,9.453345e-05,3.6183505e-07,1.4933688e-06,1.6738844e-05,0.0009601792,3.460999e-06,9.343086e-05,3.235262e-05,0.00011517056,4.5900226e-05,3.118443e-07,3.3118212e-07,8.246313e-06,0.00015187828,2.5046691e-05,7.062709e-06,4.259417e-06,6.748687e-05,2.070467e-05,2.808758e-05,7.3530964e-07,0.00020875905,7.389076e-05,2.0838957e-05,4.813375e-07,5.5865803e-06,6.560171e-06,1.3530103e-05,1.4509858e-06,7.4262396e-05,3.8875432e-06,2.5642444e-06,1.9527002e-05,3.5472225e-05,9.4785915e-05,0.00010738723,5.7380903e-06,0.0015530105,4.7736858e-06,1.1215518e-05,1.2890503e-06,6.7968983e-07,5.234948e-05,2.1297716e-05,9.3765295e-05,2.4622106e-05,0.00021081931,4.030752e-06,4.6347996e-05,2.1753982e-05,1.9651494e-05,3.510309e-06,0.0005411792,6.0343507e-05,0.00011344967,6.458561e-05,0.00020677233,4.1763797e-06,0.00016607471,1.5942937e-06,0.00020234755,4.3511914e-06,5.965423e-08,3.3131616e-06,0.00012733885,9.119597e-06,0.00018639489,7.862943e-06,4.8789716e-05,1.16642795e-07,7.538934e-05,9.358297e-06,8.838454e-05
BC2026_Train_0046_S22_20220127_230000_045,2.2909047e-08,6.0118537e-06,8.485764e-07,7.878452e-05,3.1805719e-06,3.822264e-08,2.500836e-07,1.3688604e-06,3.243377e-05,5.5936533e-05,0.008708757,4.86075e-06,3.0725184e-07,2.6378364e-08,1.0890625e-06,0.16336146,1.9142449e-06,6.8070607e-09,0.99328387,6.778053e-05,1.681906e-05,0.4056397,8.234189e-07,2.53087e-07,3.0206418e-05,2.3930988e-07,3.7316124e-05,1.9470024e-06,1.4004492e-07,1.9752146e-05,1.9783215e-06,3.1630836e-07,1.8854142e-06,1.2442437e-07,3.3553493e-07,1.2572157e-06,2.1443562e-07,2.1116848e-07,9.360745e-07,1.4701084e-06,2.3434807e-06,2.6592027e-06,1.3150362e-06,3.0330554e-07,1.2606381e-07,1.6660319e-07,1.3454834e-06,7.2913885e-08,5.7479642e-08,1.6512406e-07,4.966428e-07,6.351709e-07,8.8835014e-07,1.3001072e-06,6.947412e-06,1.1847567e-05,7.149951e-08,0.6714928,3.5780306e-07,5.5614777e-07,0.99840325,2.431035e-07,8.3853185e-05,0.99755543,0.27747095,2.1124526e-05,1.6089723e-06,1.0044079e-06,1.8092213e-07,5.007662e-06,1.8423814e-08,3.0658126e-07,1.0917738e-05,1.057044e-05,4.4141412e-08,1.4873192e-05,5.9454607e-05,9.819113e-05,1.5944153e-07,1.5713496e-07,4.447604e-05,3.1646484e-06,9.974596e-06,1.7132907e-06,6.964747e-07,3.3899526e-06,8.3567954e-08,6.9962216e-06,1.6682732e-05,1.279134e-05,2.5920077e-05,9.5208674e-07,9.4060437e-07,4.641399e-05,1.1484069e-05,4.1579446e-05,4.6604546e-06,2.2246256e-06,1.0433274e-05,1.6364715e-05,5.723367e-06,6.205294e-08,6.26288e-05,0.00022226395,8.043226e-05,5.5109945e-06,2.3778195e-08,3.137479e-05,1.4583158e-05,2.9826442e-06,2.908455e-06,1.0482592e-05,3.398387e-07,3.3122782e-05,2.613321e-05,1.8924087e-06,2.4200872e-06,2.5959062e-06,3.1083528e-06,2.6886376e-06,7.917715e-07,3.8067585e-05,2.063871e-05,0.00017191445,2.5757145e-06,1.2574562e-05,9.506972e-06,9.78055e-07,4.5087297e-08,2.9797257e-05,3.68401e-06,3.765267e-05,5.968171e-07,4.076371e-06,1.2258199e-06,1.0151392e-05,1.1120039e-05,6.848959e-07,2.0996913e-06,0.00014188937,4.934796e-07,7.4183185e-07,9.486902e-06,1.9159004e-05,8.153895e-06,7.185592e-08,3.842905e-05,1.4272593e-06,2.1588325e-07,1.5743011e-05,0.00014836846,1.4803111e-06,1.616387e-05,9.0102395e-07,2.2464333e-06,1.3745994e-06,2.9385998e-07,2.6067746e-06,1.8685254e-06,2.8374359e-06,3.9052517e-05,3.403063e-05,2.1700532e-07,2.2938437e-07,4.1140547e-06,0.00021784061,4.6352858e-07,1.2779891e-05,4.5530164e-06,0.0002344973,4.8560746e-06,6.1687714e-08,4.864102e-08,1.6341867e-06,2.9797682e-05,3.1162594e-06,2.5996746e-06,1.2169338e-06,4.5374494e-05,3.090756e-06,3.8804314e-06,1.1952785e-07,8.690103e-05,6.703072e-05,8.3294135e-06,1.1402687e-07,1.3274158e-06,1.5257608e-06,5.2739374e-06,8.8050774e-07,8.1627055e-05,2.310321e-06,2.1728767e-06,1.4929821e-05,1.1942902e-05,4.817899e-05,0.0002107066,2.780908e-06,2.9614846e-05,6.453291e-07,2.2287497e-06,2.218433e-06,1.8741349e-07,3.2822838e-05,1.6403668e-06,2.4051362e-05,4.4508433e-06,6.785878e-05,4.7730487e-07,6.661705e-06,8.0869e-06,2.6970329e-06,5.1092684e-06,0.00026507987,0.00013107967,5.4790275e-05,4.507158e-05,3.1706797e-05,2.63428e-06,5.9173097e-05,3.7051075e-07,5.9940892e-05,4.136582e-06,4.078328e-08,1.4670973e-06,6.6725814e-05,3.5790208e-06,1.2868888e-05,1.8241064e-06,8.727631e-06,2.3706744e-07,1.9424238e-05,2.8755005e-07,3.168319e-05
BC2026_Train_0046_S22_20220127_230000_050,5.5435482e-08,2.4721092e-05,6.93596e-06,0.00011295442,6.132514e-06,1.2779564e-07,8.244844e-07,7.2606326e-06,2.3461827e-05,3.956491e-05,0.010981731,3.9319744e-05,3.949173e-08,2.5368069e-08,6.319933e-07,0.33134392,1.0456297e-06,1.6883117e-08,0.99463636,1.7880708e-05,1.342959e-05,0.5872586,4.5308434e-06,4.12678e-07,0.00021074375,5.6828566e-07,4.7282054e-05,1.2974516e-06,2.585571e-07,4.1227413e-05,3.3371705e-06,7.2454515e-07,4.1486396e-06,1.8318838e-07,3.4132597e-07,2.8315942e-06,4.4212075e-07,4.5833283e-07,1.6609744e-06,1.3113755e-06,3.0584144e-06,3.8775493e-06,1.4833875e-06,1.1147444e-06,1.1829066e-07,1.2673948e-07,1.4717665e-06,2.1023351e-07,1.16360034e-07,3.7689927e-07,6.780783e-07,7.7907566e-07,1.1257267e-06,1.4297796e-06,7.633925e-06,8.180207e-05,2.4709084e-07,0.87659943,1.7612566e-06,8.727596e-07,0.99925894,9.468515e-08,0.00024170545,0.998845,0.78341115,9.826804e-06,4.4749612e-07,4.4709563e-07,6.7481416e-08,2.0652787e-05,2.2871195e-08,4.4048334e-06,7.979168e-06,6.350507e-06,1.1427786e-08,1.7171647e-05,2.8098644e-05,3.875719e-05,3.554255e-07,6.3155774e-08,1.4196996e-05,9.892179e-07,1.1344929e-05,1.1500302e-06,2.80481e-07,1.7413603e-06,2.3664369e-07,1.1261336e-05,9.164628e-06,1.1446979e-05,9.100107e-05,2.0495681e-06,7.509781e-07,0.00010353759,2.1615591e-05,2.7091357e-05,1.8315584e-06,1.5447931e-06,1.9980458e-05,2.5125926e-05,5.059906e-06,7.9348155e-08,0.00010385421,0.00021128858,0.0001613406,7.537544e-06,6.832558e-08,1.8252049e-05,7.67405e-06,2.9686146e-06,4.5490497e-06,1.3995501e-05,1.2533019e-07,4.006965e-05,3.1420426e-05,3.028895e-06,1.2436036e-06,1.6767272e-06,2.6205937e-06,3.5724293e-06,1.9295756e-07,4.549087e-05,1.972504e-05,6.622218e-05,8.66232e-07,9.368709e-06,2.0019766e-05,6.3272364e-07,2.9327062e-08,5.5563694e-05,6.232728e-06,5.4193315e-05,9.750134e-07,3.2523071e-06,1.5974274e-06,1.081395e-05,8.956132e-06,6.919839e-07,4.368511e-07,6.870263e-05,2.8841237e-06,8.955567e-07,4.974709e-06,7.996003e-06,7.362658e-06,5.1216556e-08,6.0804403e-05,6.907417e-07,4.147486e-07,9.007603e-06,4.3253447e-05,1.2281356e-06,3.385765e-06,4.8437306e-07,7.7264e-06,4.4536532e-07,7.116915e-07,2.6246503e-06,5.2758337e-06,8.098593e-06,6.9904825e-05,3.958457e-05,3.89612e-08,4.5657993e-07,2.8778015e-06,0.00012423685,9.664742e-07,8.850971e-06,2.7232716e-06,0.00011575818,1.1427106e-05,8.44122e-08,8.119313e-08,2.522538e-06,7.2273084e-05,1.2873696e-06,1.3417584e-06,1.3766984e-06,1.7107492e-05,4.0042924e-06,4.2038037e-06,7.709972e-08,7.440899e-05,6.4919e-05,7.676121e-06,3.4075123e-07,2.3296736e-06,4.2141073e-06,6.6566054e-06,4.1322778e-07,1.5014994e-05,9.513887e-07,2.9996886e-06,4.3386735e-06,5.5420433e-06,4.1758343e-05,0.00024463108,3.2703524e-06,0.0001448059,3.0469656e-07,1.805373e-05,3.801924e-06,1.5969154e-07,9.1717275e-06,4.873589e-06,2.613042e-05,7.4612267e-06,0.00015195302,1.2549528e-06,1.9077177e-05,1.0507994e-05,4.2947445e-06,2.818305e-06,8.4725114e-05,0.00013529998,8.4369e-05,2.1489393e-05,7.3025326e-06,6.9322437e-06,1.7345747e-05,3.0266173e-07,0.00017206368,2.901407e-06,1.2862017e-08,2.2160806e-05,7.578174e-05,2.4707201e-06,7.72995e-05,1.2145315e-06,5.062339e-06,4.123695e-08,4.157009e-05,3.4915743e-07,2.1373306e-05
BC2026_Train_0046_S22_20220127_230000_055,6.082905e-07,0.00012863161,8.620837e-06,0.0004177536,6.8933114e-05,1.5801951e-06,1.975222e-05,4.038657e-05,0.00012845658,0.00029751364,0.03159551,9.71168e-05,3.2780654e-06,6.265909e-07,7.5275016e-06,0.6304515,1.67513e-05,3.774518e-07,0.99905413,6.907314e-05,0.0001567015,0.89041936,6.321177e-05,7.0906553e-06,0.0005954082,1.5030395e-05,0.0004607719,9.745016e-06,1.9588647e-06,0.00019947352,2.9426708e-05,5.5343107e-06,2.6870744e-05,2.9204925e-06,5.127451e-06,1.44689275e-05,2.6195419e-06,3.6875672e-06,1.7838265e-05,1.0390289e-05,2.620673e-05,3.3610188e-05,1.9921761e-05,5.8809915e-06,1.265622e-06,1.3449701e-06,1.0576904e-05,2.3340572e-06,1.0563331e-06,3.4502195e-06,7.965984e-06,9.7018865e-06,1.3006471e-05,1.8490862e-05,3.2236112e-05,0.00043144578,1.9965053e-06,0.8081358,2.8270717e-05,4.610492e-05,0.996806,1.627575e-06,0.0008136527,0.9966427,0.28332955,0.00012078674,7.71607e-06,4.6040022e-06,4.4114163e-06,5.7078898e-05,8.811092e-07,2.5299598e-05,5.7233698e-05,6.577288e-05,2.679755e-07,9.593605e-05,0.00033442967,0.0001804566,4.0735813e-06,1.5082311e-06,0.0001633047,8.823278e-06,0.00012523835,1.0289228e-05,5.0395065e-06,1.2137708e-05,2.8819131e-06,2.8582823e-05,0.00012524193,4.419265e-05,0.00033484376,7.4076756e-06,5.2455166e-06,0.00034426863,0.00030126647,0.00026443796,2.2542736e-05,4.8418274e-06,2.9785355e-05,7.351931e-05,3.5073754e-05,1.0317746e-06,0.00096411305,0.0013998821,0.0009501998,2.3915822e-05,8.251231e-07,0.00026585386,9.086649e-05,2.8173155e-05,0.000109033965,0.0003083819,2.5559555e-06,0.00015553116,0.00042797968,2.4025616e-05,2.215542e-05,2.4782723e-05,1.7320375e-05,2.091948e-05,8.416159e-06,0.00032824205,9.221917e-05,0.000330727,1.016607e-05,8.3745304e-05,9.169944e-05,9.615963e-06,1.2388273e-06,0.0018655015,5.698704e-05,0.00018530949,3.719946e-06,2.2880065e-05,7.995652e-06,5.8646376e-05,0.00024176769,1.008968e-05,1.060383e-05,7.530075e-05,2.8067978e-05,3.0099848e-06,4.5279572e-05,6.0298524e-05,5.5038287e-05,3.2857522e-06,0.00041679357,2.5426752e-05,4.7367494e-06,0.00015367723,8.592269e-05,1.422551e-05,4.841674e-05,8.326649e-06,3.0142193e-05,6.8076215e-06,1.734927e-06,2.312247e-05,5.828582e-05,8.7530956e-05,0.0002574523,0.00021499943,1.6478238e-06,8.614575e-06,1.6112115e-05,0.0030284266,1.3373381e-05,0.0001726025,1.8589948e-05,0.00037334336,9.328228e-05,9.963528e-07,1.5037443e-06,1.7174136e-05,0.0004041955,2.2836794e-05,2.4907087e-05,1.2694788e-05,0.00022863418,6.7499874e-05,3.710736e-05,1.4075083e-06,0.0003837481,0.00029158877,7.356496e-05,2.0502505e-06,3.18189e-05,1.1764802e-05,4.062068e-05,5.506545e-06,0.00010863037,7.968651e-06,7.0633478e-06,3.432733e-05,4.7446734e-05,0.00018737746,0.0006782363,2.2784738e-05,0.0012027771,1.0846711e-05,5.261674e-05,2.1004278e-05,1.1825214e-06,0.000106227606,4.1562085e-05,0.00014662326,3.143553e-05,0.00036399602,6.362868e-06,7.574446e-05,3.8916187e-05,4.5248624e-05,1.2616785e-05,0.00057358766,0.00051646255,0.00046165162,5.800315e-05,0.0002275188,3.2685086e-05,0.00013191186,2.4429185e-06,0.0009500767,5.1346346e-05,1.392885e-07,5.163315e-05,0.00023363186,2.4844672e-05,0.00039000873,4.5077254e-06,8.091384e-05,5.124256e-07,0.00026628433,8.103011e-06,0.000121857425
BC2026_Train_0049_S22_20220203_221500_000,5.116528e-09,3.0689355e-06,1.1548272e-05,4.7005477e-05,3.898968e-07,1.5006269e-07,2.8847623e-07,8.432332e-06,3.992895e-07,1.3381636e-05,0.00018555045,0.00015695527,8.5870877e-10,6.559155e-07,3.1815368e-06,0.013011827,1.001233e-07,7.830176e-08,0.9444546,0.00018826518,2.8485842e-05,0.991285,3.7809056e-07,1.0014776e-07,2.6971797e-05,2.974515e-06,1.48730915e-05,6.0018635e-07,9.435236e-08,3.0389695e-06,2.0602808e-07,2.4618316e-07,3.9684056e-07,2.7098174e-08,7.3329225e-08,3.8747038e-07,2.0504623e-07,1.825393e-07,1.2483206e-07,1.3998498e-07,6.326434e-07,2.9901983e-07,3.0256882e-07,2.445468e-07,5.7889707e-08,5.671882e-08,5.0652034e-07,4.2503128e-08,2.012452e-08,1.3313557e-07,6.707757e-08,9.0016194e-08,1.19021664e-07,2.0640212e-07,2.1011517e-06,1.0013387e-05,1.1309759e-08,0.015511948,3.063679e-07,9.982094e-07,0.970707,1.7513831e-07,1.8382329e-05,0.98199534,0.99675936,2.411448e-06,1.5286271e-06,1.2778337e-06,9.600138e-08,3.6973586e-05,6.307377e-09,9.693943e-08,8.824702e-05,1.3579225e-05,2.3591387e-09,1.3620963e-05,4.5710472e-05,7.574655e-05,1.14455894e-07,2.6375076e-06,8.723928e-06,1.8165341e-06,6.9603695e-05,1.5958421e-06,6.265435e-06,1.2415663e-05,1.2461502e-06,8.227554e-06,1.3541851e-05,4.885727e-05,9.960542e-05,3.542902e-05,1.6332224e-06,5.5331253e-05,9.6046075e-05,5.8862934e-06,7.8028925e-06,1.7843971e-06,0.0018700645,0.00056892773,2.7067288e-05,8.454526e-09,2.5107627e-05,0.00016259248,2.1785474e-05,1.7096596e-05,2.0370508e-07,5.1066152e-05,1.8460521e-05,3.30358e-06,5.4442194e-06,9.4076e-06,2.7733782e-07,2.6132388e-05,6.287235e-05,1.5552381e-06,3.1923385e-06,7.747627e-07,2.156934e-06,1.4561577e-05,4.6389385e-07,0.00069481216,1.1792412e-05,0.00022763164,2.6886353e-06,9.7903885e-06,6.1316478e-06,2.6682462e-06,8.914409e-09,1.7606822e-05,6.0471707e-06,1.4740417e-05,2.545713e-05,2.0381694e-06,8.8546085e-07,1.1379857e-06,2.5023535e-06,8.7131673e-07,4.929687e-08,2.4279487e-05,1.1181855e-06,1.6781025e-05,1.1939588e-05,8.075848e-06,2.4686453e-06,2.588953e-08,1.0746754e-05,1.5064255e-06,1.8880071e-07,1.3776316e-05,7.3483197e-06,8.8201216e-07,1.5225822e-05,7.1320943e-07,3.4447912e-05,4.469338e-06,7.837377e-07,1.2454527e-06,2.5901145e-06,3.7434768e-06,9.1236456e-05,2.775885e-05,6.9200104e-07,1.0333906e-06,1.1471747e-06,3.4502293e-06,2.0589068e-06,3.097002e-06,9.917248e-07,4.8267513e-05,1.373227e-05,6.0469466e-07,2.5243136e-07,3.763196e-07,0.00015090316,3.1749018e-06,2.2400775e-06,2.1874537e-05,5.6110912e-05,6.665893e-06,4.682641e-06,7.996042e-08,0.0002465681,7.59435e-05,8.4280386e-05,4.2097707e-08,1.8200386e-06,1.1971992e-05,2.2306826e-06,8.697237e-08,9.6823005e-06,4.905895e-06,0.000109438646,5.2331748e-06,6.1504356e-06,2.9355933e-05,8.772298e-05,1.0039108e-06,0.0002147331,3.5605416e-07,3.2559876e-06,1.9562285e-06,6.9456384e-08,0.00023256197,3.9835645e-06,1.9578503e-05,1.389679e-05,0.0001483061,2.7355026e-07,8.6513755e-05,2.3137798e-05,3.3381126e-05,9.344562e-06,0.00016775716,4.3346577e-06,0.00010073369,2.4969113e-05,9.3330555e-06,1.3114834e-05,2.401705e-05,3.9040395e-07,4.6112877e-06,9.525926e-07,2.2938782e-08,5.433405e-06,0.00026118284,1.1616435e-05,0.00021628056,2.794179e-07,5.2155894e-05,1.4930898e-06,0.0006345888,5.224381e-07,4.2168358e-05
BC2026_Train_0049_S22_20220203_221500_005,2.1281732e-08,2.8704505e-06,6.8874733e-06,4.85895e-05,1.1261284e-06,1.4279263e-07,3.7608925e-07,2.886019e-06,9.684846e-07,6.494599e-05,0.0030463212,0.00014622619,1.4827453e-09,9.3901015e-08,4.2678644e-07,0.004984528,1.368013e-07,1.889745e-08,0.91832954,8.927694e-05,4.3376267e-06,0.9751652,5.143001e-07,5.520893e-08,6.6417284e-05,2.1823987e-06,6.8526506e-06,4.0990008e-06,9.906845e-08,9.7825205e-06,3.9867047e-07,9.574447e-08,6.278021e-07,1.8725515e-08,4.6104248e-08,2.073964e-07,1.9013329e-07,1.18366714e-07,2.0509023e-07,1.0112901e-07,6.558555e-07,5.360073e-07,1.9584297e-07,8.940261e-08,3.800731e-08,3.9643727e-08,3.207543e-07,4.06335e-08,1.9986809e-08,8.217983e-08,7.0036386e-08,9.814049e-08,1.27078e-07,2.600991e-07,8.9983723e-07,1.0329805e-05,8.358626e-09,0.0375619,3.2954347e-07,2.1014111e-07,0.98666614,1.1346063e-07,3.356128e-05,0.98712987,0.94575495,1.6218422e-06,7.8213003e-07,2.4373284e-07,3.5145245e-08,3.073304e-05,5.6775944e-09,2.5638357e-07,3.222932e-05,7.835524e-06,4.6136774e-09,9.399816e-06,2.5325862e-05,3.0778887e-05,7.497702e-08,1.0135122e-06,1.5589041e-05,1.37209e-06,7.690548e-05,9.647237e-07,9.044203e-06,3.4573764e-05,4.5430015e-06,1.89061e-05,5.518842e-06,6.1276594e-05,0.0001136619,9.632181e-06,3.451559e-06,2.9937193e-05,3.8751463e-05,1.2268666e-05,5.414504e-06,1.6400509e-06,0.00012771788,0.00015454541,2.44665e-05,1.4433159e-08,3.1923486e-05,0.0003505933,6.337516e-05,9.36134e-06,1.12531076e-07,2.0257256e-05,7.1012323e-06,2.4881756e-06,4.30995e-06,8.768201e-06,4.517532e-07,3.2840904e-05,2.255992e-05,2.6464645e-06,2.2125719e-06,1.8973622e-06,2.4736912e-06,9.390345e-06,5.326975e-07,0.0001819749,2.3417546e-05,0.00013739013,3.321422e-06,1.3297408e-05,7.3266965e-06,1.9315892e-06,2.0476284e-08,4.3120093e-05,9.427323e-06,1.2016202e-05,8.727348e-06,1.5999611e-06,2.5846887e-06,9.060942e-06,2.3744174e-06,4.3557108e-07,1.7187274e-07,1.8547113e-05,3.0495985e-06,6.243496e-06,1.8398938e-05,7.847032e-06,5.2649866e-06,1.1844413e-08,2.5155538e-05,2.7869135e-06,5.4862886e-07,1.0236895e-05,1.581358e-05,1.1844727e-06,1.8368275e-05,7.92555e-07,7.385358e-06,2.6795046e-06,2.5206208e-07,1.1203022e-06,1.3818258e-06,3.5392848e-06,7.937059e-05,3.4212393e-05,1.0804927e-06,7.490683e-07,1.5857036e-06,1.079496e-05,1.2934144e-06,6.620285e-06,4.1064895e-06,5.239952e-05,1.1425002e-05,4.5929107e-07,2.4043425e-07,1.8590924e-06,3.6029953e-05,1.9269764e-06,2.1333465e-06,1.2273909e-05,5.8553112e-05,1.0671923e-05,9.192594e-06,6.343877e-08,0.000102063466,3.0362984e-05,1.9894991e-05,8.914839e-08,1.7379822e-06,9.257715e-06,2.2382942e-06,3.5654548e-07,1.5275225e-05,5.390814e-06,3.2825435e-05,2.7385565e-06,4.1625776e-06,2.8545423e-05,0.000105099534,9.085542e-07,0.00016321878,4.03903e-07,2.6274781e-06,7.76481e-07,1.1176211e-07,0.00024085773,3.6063864e-06,4.1719813e-05,1.1300226e-05,0.00022560704,4.005225e-07,2.4251925e-05,2.6735912e-05,2.136224e-05,5.748984e-06,5.3651536e-05,8.807095e-06,9.6923715e-05,1.1499302e-05,5.006019e-06,3.90905e-06,1.7347404e-05,2.971309e-07,5.980756e-06,9.5266347e-07,2.037351e-08,4.6945033e-06,0.00013777334,3.1547977e-06,0.00013469614,3.035208e-07,4.495341e-05,1.0434014e-06,0.00015107708,6.99827e-07,2.296694e-05
BC2026_Train_0049_S22_20220203_221500_010,6.55167e-09,2.1702838e-06,1.001887e-05,3.0524025e-05,8.9234095e-07,2.0462e-07,8.494136e-07,4.1636617e-06,6.464995e-07,2.6149337e-05,0.0008494791,0.00012670417,1.9373347e-09,1.6417017e-07,2.2162253e-06,0.024163159,3.771973e-08,4.5268507e-08,0.92611307,7.5445154e-05,8.841766e-06,0.9910926,2.1023794e-07,7.812677e-08,6.303961e-05,1.8307011e-06,8.889901e-06,6.7173397e-07,2.311409e-07,1.7512577e-06,2.6342371e-07,1.8797627e-07,5.051821e-07,2.1526889e-08,4.7710863e-08,3.338923e-07,1.3531137e-07,9.7720225e-08,1.8314769e-07,1.11516385e-07,6.402326e-07,4.3513512e-07,2.1668066e-07,2.0967389e-07,4.45457e-08,4.878523e-08,2.8515046e-07,3.446528e-08,1.11411955e-08,7.983988e-08,5.6983616e-08,7.732386e-08,1.0063775e-07,2.7838533e-07,1.1837546e-06,1.5440493e-05,8.954763e-09,0.035358243,2.2874647e-07,7.571764e-07,0.9773286,1.36034e-07,2.807146e-05,0.98643106,0.9921307,1.3635406e-06,1.0452209e-06,7.9324457e-07,5.0638604e-08,1.3004512e-05,1.14082725e-08,5.571102e-07,4.9026974e-05,3.8553415e-05,1.2254092e-09,1.6842301e-05,4.381682e-05,3.6407608e-05,9.564335e-08,1.2224847e-06,1.633671e-05,2.2697163e-06,8.84047e-05,1.0157669e-06,2.2378247e-06,1.4452654e-05,3.397095e-06,1.6777312e-05,8.323386e-06,4.597917e-05,0.0001740051,2.6377857e-05,1.4961886e-06,3.512279e-05,2.22179e-05,9.147889e-06,5.668801e-06,3.3875855e-07,0.00046525232,0.00035711512,1.5904114e-05,1.009172e-08,2.9609848e-05,0.00012439131,2.0264173e-05,1.8166007e-05,2.3766823e-07,1.587988e-05,6.972782e-06,3.4066234e-06,2.8092884e-06,1.0558703e-05,4.2119038e-07,2.1277761e-05,3.6174137e-05,2.099273e-06,1.5613026e-06,1.039291e-06,2.003817e-06,7.59107e-06,3.6118448e-07,0.0001368247,2.2826756e-05,0.00015378074,1.7986647e-06,1.0597743e-05,8.04751e-06,2.216033e-06,2.1439977e-08,3.8284496e-05,7.4863724e-06,2.157755e-05,6.083966e-06,1.7097537e-06,2.1189564e-06,4.46915e-06,2.2723955e-06,3.8549956e-07,1.2270803e-07,1.0731402e-05,4.9036917e-06,4.059728e-06,1.4246839e-05,7.50279e-06,2.9301118e-06,2.2616252e-08,3.234364e-05,2.4516428e-06,3.9893476e-07,1.8898114e-05,8.385595e-06,1.8724963e-06,1.602726e-05,5.915078e-07,1.9522777e-05,4.752314e-06,4.6210295e-07,1.3569985e-06,3.2235341e-06,1.5686876e-06,6.811182e-05,3.8658483e-05,4.667147e-07,1.0083803e-06,1.059965e-06,9.357119e-06,2.5666666e-06,6.4979804e-06,3.3027356e-06,3.5908728e-05,1.0144027e-05,8.360549e-07,2.7881686e-07,1.4509914e-06,7.674109e-05,2.7951942e-06,2.5708284e-06,1.8015344e-05,5.782189e-05,4.826627e-06,7.1581626e-06,4.474257e-08,0.000116657975,4.4628734e-05,4.0192655e-05,1.10153074e-07,4.518796e-06,3.1094856e-05,3.4944203e-06,2.2648115e-07,1.23205255e-05,6.5708527e-06,6.72036e-05,3.5891726e-06,4.6690093e-06,2.9987228e-05,7.741443e-05,1.0288181e-06,0.0002159556,3.3414298e-07,4.7670937e-06,1.6236837e-06,5.5557418e-08,0.00036884024,9.482371e-06,2.8975195e-05,7.799017e-06,7.763207e-05,3.28734e-07,5.935315e-05,5.5796103e-05,2.2158778e-05,7.235692e-06,0.00012374406,4.356232e-06,4.401302e-05,2.337524e-05,5.082438e-06,1.0808259e-05,8.840519e-06,5.319421e-07,7.849562e-06,8.799345e-07,1.1946399e-08,1.1527838e-05,0.0001953183,4.7978388e-06,5.926334e-05,1.970521e-07,6.662167e-05,2.5466247e-06,0.00038869848,6.481904e-07,2.1727026e-05
BC2026_Train_0049_S22_20220203_221500_015,1.5074315e-09,1.808624e-06,1.0145604e-05,2.3217903e-05,3.0684888e-07,3.2587344e-08,9.363489e-08,1.5013571e-06,3.6354996e-07,8.006891e-06,0.00018386483,3.0023222e-05,2.53813e-10,7.005122e-08,1.1598406e-06,0.02596888,1.2688745e-08,7.1392914e-09,0.86621124,5.8613896e-05,1.2799418e-05,0.9906697,9.064454e-08,3.477119e-08,1.5133837e-05,5.1775584e-07,4.1805156e-06,4.5710493e-07,3.920115e-08,9.842408e-07,1.3531279e-07,8.188709e-08,1.6593594e-07,8.109482e-09,2.4820244e-08,1.9300779e-07,3.1493542e-08,4.503659e-08,5.571192e-08,5.0913563e-08,2.522506e-07,1.7786002e-07,1.5089748e-07,9.7833066e-08,1.919127e-08,2.2564073e-08,1.7743885e-07,8.918814e-09,3.8618704e-09,2.865382e-08,3.0275956e-08,4.5086956e-08,5.584991e-08,1.2001672e-07,1.2340905e-06,2.6038902e-06,1.862701e-09,0.038047604,1.1215203e-07,2.808003e-07,0.979224,1.0345611e-08,8.559233e-06,0.98515004,0.99745446,6.4646986e-07,9.308675e-07,7.9109995e-08,7.6872375e-09,1.0861338e-05,1.6715721e-09,5.972424e-08,2.909573e-05,9.228731e-06,3.4563793e-10,4.6996006e-06,1.119373e-05,2.094589e-05,2.998253e-08,4.2590534e-07,3.3115255e-06,7.563052e-07,8.120581e-06,5.847408e-07,1.1248318e-06,2.9231733e-06,3.7029065e-07,3.7161697e-06,3.7452553e-06,8.683041e-06,2.1380216e-05,4.856797e-06,2.6432133e-07,9.831997e-06,6.7685987e-06,1.8125974e-06,2.0455416e-06,2.1795755e-07,0.00010015766,0.00012613012,4.154075e-06,5.9671836e-09,9.100154e-06,5.5001827e-05,1.0097997e-05,1.05173585e-05,2.7044317e-08,4.30136e-06,2.44797e-06,1.3914076e-06,2.17181e-06,1.7913073e-06,5.9993006e-08,5.417123e-06,4.2967845e-06,4.5635917e-07,4.9611833e-07,1.9706472e-07,3.03654e-07,3.6185509e-06,8.327805e-08,0.00010420538,6.3883745e-06,0.00011393384,5.8893363e-07,1.7059344e-06,2.0266523e-06,6.520524e-07,2.3222755e-09,7.62934e-06,1.6081759e-06,4.7786466e-06,2.1689616e-06,3.9494864e-07,3.897931e-07,5.196385e-07,7.209135e-07,1.3341774e-07,2.48962e-08,8.247068e-06,4.2500739e-07,1.0282786e-06,2.097502e-06,4.107994e-06,5.40769e-07,4.1734562e-09,6.853317e-06,6.503849e-07,2.0928864e-08,2.2426211e-06,4.1785347e-06,2.4691676e-07,3.186182e-06,1.4489503e-07,6.8796808e-06,1.1712808e-06,1.4340824e-07,4.2379722e-07,8.936201e-07,5.027066e-07,1.4520957e-05,1.3346777e-05,1.156574e-07,1.955466e-07,3.2441645e-07,1.6155684e-06,5.317976e-07,1.2107093e-06,2.8365463e-07,1.6683878e-05,2.8296724e-06,1.3881655e-07,8.0234656e-08,1.5254625e-07,3.159976e-05,4.0803167e-07,4.080262e-07,1.0963469e-05,1.25766255e-05,1.8415894e-06,1.636125e-06,5.390809e-09,3.5300123e-05,1.0954084e-05,2.1631738e-05,2.6569792e-08,6.160023e-07,6.520987e-06,8.3090174e-07,3.5950087e-08,3.1050015e-06,2.2925497e-06,2.325147e-05,1.5353463e-06,1.6395519e-06,1.2172332e-05,2.7558732e-05,2.4388862e-07,2.9133795e-05,1.1626241e-07,7.676777e-07,7.609913e-07,1.1212739e-08,0.00011772978,1.4610083e-06,1.0280322e-05,2.048218e-06,2.3823606e-05,9.680178e-08,3.3487013e-05,8.092185e-06,6.6418497e-06,3.144339e-06,2.7387723e-05,1.5564814e-06,4.830329e-05,9.00798e-06,1.374412e-06,3.737605e-06,2.4997682e-06,7.290346e-08,1.7372647e-06,2.316277e-07,4.2793835e-09,3.8879025e-06,8.5351145e-05,1.1914277e-06,3.7502236e-05,6.6467024e-08,1.47795745e-05,9.930961e-07,0.000115487295,5.138329e-08,6.991605e-06
BC2026_Train_0049_S22_20220203_221500_020,1.397149e-09,1.9583995e-06,6.269762e-06,3.8174756e-05,2.457546e-07,1.5712022e-08,2.450588e-07,1.1373304e-06,2.0286872e-07,6.0978723e-06,0.00012499403,1.4706829e-05,5.686142e-10,8.546964e-08,1.5073913e-06,0.028893705,6.377419e-09,1.2169619e-08,0.92459303,3.0971507e-05,1.021093e-05,0.98872024,1.5658193e-07,4.6284956e-08,6.2462955e-06,2.8794187e-07,4.501668e-06,1.0768412e-07,3.89919e-08,2.8736113e-07,1.8467516e-07,8.480516e-08,1.9961692e-07,9.3274775e-09,4.1548805e-08,2.0316476e-07,3.5312226e-08,4.4299057e-08,7.1263024e-08,1.12460704e-07,3.921847e-07,2.6566403e-07,2.69252e-07,8.311905e-08,3.1277555e-08,3.647703e-08,3.356316e-07,8.4615435e-09,3.498745e-09,2.7829131e-08,4.7862812e-08,8.436617e-08,9.031457e-08,1.7541781e-07,2.1819637e-06,2.5690567e-06,4.650342e-09,0.0695981,9.836426e-08,6.019542e-07,0.9772309,1.8828553e-08,6.5677764e-06,0.9573596,0.99895906,8.3456996e-07,9.609158e-07,5.983039e-08,6.9896364e-09,8.340191e-06,2.419141e-09,6.9891605e-08,4.8926653e-05,1.5666585e-05,4.8977516e-10,5.8364553e-06,1.6893939e-05,1.5161544e-05,2.5721445e-08,4.5449335e-07,4.662606e-06,7.996277e-07,8.956943e-06,4.993099e-07,6.028832e-07,3.7220932e-06,7.3831495e-07,3.0189888e-06,8.655387e-06,1.2680789e-05,7.484038e-06,4.675033e-06,1.6944725e-07,9.325307e-06,2.1354228e-06,9.380834e-07,2.3216207e-06,2.2590842e-07,0.0001313781,0.00025085075,2.9687903e-06,1.0567301e-08,2.244387e-05,2.684595e-05,6.1037076e-06,1.39567555e-05,4.018102e-08,2.8823197e-06,1.5792851e-06,2.2619329e-06,3.7193042e-06,2.8947074e-06,7.4824584e-08,5.315139e-06,4.265055e-06,6.646549e-07,5.305828e-07,9.3048264e-08,2.7224715e-07,3.4264108e-06,6.8053104e-08,0.00020548402,6.098855e-06,8.21805e-05,3.583553e-07,1.0086794e-06,1.9956983e-06,7.5124524e-07,3.0167568e-09,8.98683e-06,6.7232236e-07,6.948088e-06,1.1027547e-06,4.051108e-07,2.1445545e-07,2.4760624e-07,5.469546e-07,2.8192915e-07,3.2615578e-08,6.4382393e-06,1.2670833e-06,1.1279329e-06,2.15642e-06,2.3465332e-06,1.7719518e-07,2.7820575e-09,8.079977e-06,4.54665e-07,1.606356e-08,3.465914e-06,4.016673e-06,4.6514353e-07,4.091779e-06,1.05260476e-07,8.496587e-06,1.4610055e-06,5.5017296e-07,3.8055293e-07,9.3342595e-07,3.1523538e-07,5.019047e-05,8.294662e-06,4.0401655e-08,2.5199265e-07,4.4397643e-07,2.1138037e-06,3.556323e-07,2.1254389e-06,2.1409008e-07,3.384805e-05,4.0411323e-06,2.1233124e-07,3.510766e-08,1.9115272e-07,4.1543775e-05,6.745059e-07,8.319421e-07,6.814858e-06,1.9941719e-05,2.6008847e-06,1.5281403e-06,1.02388205e-08,4.0658386e-05,1.9357407e-05,3.0640185e-05,2.2517296e-08,7.4030106e-07,1.5383715e-05,4.4127822e-07,2.9371453e-08,7.9924575e-06,2.0784914e-06,4.9659666e-05,2.193694e-06,1.4258119e-06,1.1980158e-05,3.589329e-05,3.1467042e-07,2.6510557e-05,9.7378255e-08,1.2127491e-06,7.4615787e-07,3.280504e-09,0.00012803395,2.498045e-06,1.1112205e-05,1.2401997e-06,4.5791135e-06,9.060513e-08,2.5762925e-05,1.2075754e-05,2.5726024e-05,3.421007e-06,3.4307533e-05,1.2234398e-06,5.1113268e-05,2.7593682e-05,1.6912644e-06,8.734809e-06,2.231023e-06,1.11086486e-07,2.6578946e-06,3.7225223e-07,3.338386e-09,5.123218e-06,0.000115530034,1.6866273e-06,2.4504725e-05,7.9436745e-08,2.0495334e-05,8.6583225e-07,0.00010903469,2.9692517e-08,9.677353e-06
BC2026_Train_0049_S22_20220203_221500_025,3.887604e-09,4.154392e-06,1.2443626e-05,5.142303e-05,6.1451425e-07,5.9725127e-09,1.4776396e-07,1.1568183e-06,8.151649e-07,4.4640186e-05,0.0039595948,4.0939336e-05,6.6785416e-10,3.66769e-08,7.4859196e-07,0.02009294,1.14302265e-08,3.802346e-09,0.705434,2.827614e-05,4.2692664e-06,0.9274544,6.094426e-08,7.710545e-08,3.3630837e-05,1.8740384e-07,7.4759064e-06,7.63356e-08,1.9992033e-08,6.7392205e-07,4.5254146e-07,6.785493e-08,5.0073857e-07,2.5292213e-08,4.9838604e-08,2.3771992e-07,5.4355176e-08,7.072558e-08,2.9910254e-07,1.8455067e-07,1.2140208e-06,8.8397e-07,3.289403e-07,6.267421e-08,4.1690186e-08,4.1643375e-08,3.1321804e-07,7.991008e-09,3.8517487e-09,3.0367797e-08,6.893939e-08,1.05280556e-07,1.2437609e-07,6.02359e-07,1.8108074e-06,4.3209016e-06,8.170123e-09,0.3704284,4.139819e-08,1.301582e-07,0.98120946,1.663047e-08,3.689747e-05,0.9877049,0.9575596,4.3635234e-07,3.8677078e-07,1.4533025e-07,2.4906304e-09,1.5582249e-06,3.0917984e-09,1.6823991e-07,4.352652e-06,1.6152544e-05,6.814292e-10,2.730165e-06,9.634027e-06,5.2564033e-06,2.7086699e-08,1.2247105e-07,3.5411924e-06,3.997395e-07,1.7086672e-05,1.06401146e-07,9.167928e-08,3.9947836e-06,4.130371e-07,6.549531e-06,1.984141e-06,5.9224376e-06,1.2630268e-05,1.3132102e-06,8.921557e-08,2.6504097e-06,2.4126073e-06,9.3110543e-07,1.1835097e-06,8.455126e-08,7.395075e-05,9.0612266e-05,5.1160946e-06,2.5574038e-09,1.1224345e-05,8.456586e-05,1.8292041e-05,6.3127927e-06,2.1551127e-08,8.035324e-06,1.3955286e-06,2.144531e-06,9.960432e-07,4.0511763e-06,7.059121e-08,6.208548e-06,6.0558737e-06,9.897709e-07,2.456318e-07,1.118331e-07,2.777322e-07,2.7731112e-06,1.723066e-08,4.863864e-05,1.5216341e-05,4.7621164e-05,2.289776e-07,2.4385404e-06,2.8666532e-06,1.9683424e-07,6.612016e-09,1.9182692e-06,1.1561168e-06,3.6144465e-06,1.326407e-07,3.3868812e-07,5.3897264e-07,1.0226182e-06,6.0830564e-07,9.2852005e-08,2.6432605e-08,1.00329735e-05,6.6507727e-07,4.1776042e-07,3.1138534e-06,2.9198354e-06,7.525747e-07,2.9220621e-09,9.409664e-06,2.2439806e-07,2.432992e-08,2.210566e-06,2.846787e-06,2.498245e-07,3.0144893e-06,1.3446288e-07,3.3681013e-06,5.5545235e-07,1.1190673e-07,6.9849415e-07,7.9373797e-07,1.6960504e-07,8.552404e-06,5.3169892e-06,1.8032486e-08,1.3536196e-07,3.2873587e-07,2.0615064e-06,1.2263912e-07,1.752407e-06,8.415449e-07,1.4786596e-05,2.3411017e-06,2.5659958e-07,7.441881e-08,5.6093376e-07,2.1244065e-05,2.508451e-07,7.3043606e-07,6.0208095e-06,1.5530546e-05,1.3949458e-06,1.3981995e-06,1.054286e-08,2.1542312e-05,1.1434192e-05,6.643294e-06,1.7762943e-08,8.41508e-07,6.6668467e-06,9.793105e-07,6.24886e-08,4.675015e-06,1.653185e-06,5.4339444e-06,1.444589e-06,9.919906e-07,1.0916291e-05,4.1048286e-05,2.7020195e-07,2.3241075e-05,6.255407e-08,7.6963136e-07,3.1786055e-07,1.441819e-08,4.4968758e-05,1.5658179e-06,1.592796e-05,8.390774e-07,1.4408299e-05,9.7841834e-08,1.2601321e-05,5.182788e-06,2.2557203e-06,8.7153194e-07,1.8879451e-05,3.4644434e-06,4.6474044e-05,1.1885977e-05,1.872436e-07,4.0186037e-06,2.1661444e-06,9.929697e-08,3.832715e-06,1.4964225e-07,1.4114574e-09,2.1300511e-06,4.5666817e-05,8.653023e-07,5.455914e-06,2.978645e-08,8.822453e-06,1.4634581e-07,2.8304115e-05,8.5324835e-08,1.0424701e-05
BC2026_Train_0049_S22_20220203_221500_030,7.7787826e-10,1.099857e-06,1.4515657e-06,5.8829268e-05,7.561885e-08,1.1828678e-08,3.9614402e-08,4.0597558e-07,3.3763843e-07,3.416958e-05,0.00081654004,9.0308975e-05,1.16525e-10,4.6436345e-08,3.0572463e-07,0.016275154,7.2134966e-08,1.9196131e-09,0.9418513,0.00012189287,4.4995304e-06,0.99002624,3.9506197e-08,3.5070517e-08,1.1311375e-05,1.9987291e-07,2.37693e-06,2.1546057e-07,1.1763991e-08,1.9831782e-06,9.60479e-08,4.752821e-08,1.9924546e-07,5.736396e-09,2.4359869e-08,8.306579e-08,4.2860673e-08,3.7830112e-08,5.4306057e-08,3.0410106e-08,2.7414544e-07,1.3480414e-07,1.3101862e-07,4.282031e-08,1.1488958e-08,1.1328845e-08,1.3455869e-07,1.20437e-08,3.8169077e-09,2.2057906e-08,2.0646958e-08,3.1859734e-08,3.9808608e-08,9.503743e-08,4.7998935e-07,2.3119035e-06,1.6329436e-09,0.05131856,2.0528175e-08,7.619552e-08,0.99397177,1.2071529e-08,1.4247137e-05,0.9934104,0.99386686,1.0749857e-06,2.2149037e-07,1.2150373e-07,3.681118e-08,7.920948e-06,3.507597e-10,6.105686e-09,6.309073e-06,1.7718351e-06,2.4015734e-10,2.2594083e-06,9.873575e-06,1.3122665e-05,2.1133928e-08,2.9229062e-07,1.9644058e-06,1.9133712e-07,8.0594145e-06,2.2487045e-07,7.7673354e-07,1.306222e-06,2.2810362e-07,2.8640245e-06,1.6866273e-06,1.0228044e-05,1.9808813e-05,3.7308068e-06,2.1771841e-07,1.13593605e-05,1.5569101e-05,8.916357e-07,7.0968395e-07,1.6168153e-07,0.00016793657,7.113035e-05,5.4570487e-06,6.124964e-10,8.718588e-06,0.00016519267,1.6694335e-05,4.465648e-06,1.1505251e-08,9.423421e-06,2.4950903e-06,4.6105578e-07,5.992495e-07,1.1643856e-06,3.1182548e-08,4.2110382e-06,8.089732e-06,2.9269734e-07,3.8505053e-07,2.1911963e-07,6.3398596e-07,1.9314014e-06,1.05454994e-07,6.330793e-05,2.8187214e-06,5.3579497e-05,5.597192e-07,1.0241721e-06,1.5757571e-06,4.638948e-07,9.935163e-10,8.610681e-06,1.5814087e-06,5.3815215e-06,2.1470132e-06,2.1294409e-07,2.6541508e-07,5.766527e-07,4.5079435e-07,9.670064e-08,1.43706655e-08,1.06819625e-05,3.5684005e-07,8.538562e-07,3.5209066e-06,1.9531526e-06,1.5995005e-06,1.5714742e-09,1.6156223e-06,2.1198485e-07,5.4655406e-08,1.3409921e-06,2.2636032e-06,6.010593e-08,2.7512526e-06,6.6729456e-08,4.4925246e-06,5.677034e-07,3.2717637e-08,1.5471682e-07,3.3216804e-07,3.7520658e-07,2.7492737e-05,3.195936e-06,9.6326026e-08,5.7799458e-08,2.0496373e-07,1.6580339e-06,5.3953477e-07,6.045718e-07,2.4793943e-07,7.788937e-06,1.0811132e-06,6.310231e-08,3.0932153e-08,1.5626746e-07,2.0653872e-05,2.0761803e-07,2.5433621e-07,1.9397319e-06,6.54802e-06,1.929266e-06,7.4392045e-07,3.93028e-09,3.0960757e-05,8.611109e-06,1.1988719e-05,6.7330186e-09,3.2737805e-07,2.4690953e-06,3.4216978e-07,3.092047e-08,2.8995648e-06,1.1379922e-06,1.3342552e-05,1.3979155e-06,9.764511e-07,7.4571144e-06,1.5156833e-05,9.03823e-08,4.1004703e-05,5.9587467e-08,3.6195863e-07,1.4941324e-07,1.4222488e-08,1.6603453e-05,6.463281e-07,6.77695e-06,2.187483e-06,3.1406522e-05,4.6636856e-08,1.7780043e-05,3.8118935e-06,2.8336692e-06,3.3599106e-06,2.3350754e-05,2.565235e-06,5.006522e-05,3.0188303e-06,8.6359336e-07,8.3492665e-07,2.492864e-06,4.7723702e-08,2.4915735e-06,1.9401227e-07,1.7373678e-09,9.874883e-07,4.4150776e-05,9.351198e-07,8.931431e-06,3.3763097e-08,8.465593e-06,2.8515072e-07,0.00013227525,1.4461313e-07,5.7251295e-06
BC2026_Train_0049_S22_20220203_221500_035,1.3545507e-09,2.285527e-06,6.9588173e-06,4.7599013e-05,3.884501e-07,1.8464691e-08,2.0604064e-07,1.9361337e-06,1.7589335e-06,1.4830926e-05,0.0007995703,9.6645264e-05,6.079328e-10,9.028306e-08,8.16525e-07,0.03821804,1.9355962e-08,2.364433e-08,0.9238917,3.8743667e-05,1.5108026e-05,0.9941711,9.539612e-08,5.3877372e-08,1.4559854e-05,1.0449957e-06,4.626953e-06,3.7911886e-07,6.4610816e-08,8.1643543e-07,2.7751855e-07,1.4918997e-07,3.8018115e-07,1.4675723e-08,4.11131e-08,3.8791256e-07,5.5874423e-08,8.025393e-08,1.285133e-07,8.50702e-08,6.77306e-07,3.4527366e-07,2.0436804e-07,2.0602393e-07,2.3983622e-08,2.4092008e-08,2.5592797e-07,1.3900421e-08,6.3211782e-09,5.5059918e-08,4.1497955e-08,6.868596e-08,7.677028e-08,2.714277e-07,1.7526011e-06,3.598972e-06,1.4780694e-09,0.13590123,1.7403693e-07,8.2001003e-07,0.99201584,1.6031757e-08,3.400623e-05,0.99529064,0.9974523,5.980552e-07,1.0863655e-06,3.4926336e-07,3.1424463e-09,3.9004476e-06,1.9700668e-09,1.12061365e-07,1.3786476e-05,7.75071e-06,2.9573458e-10,4.5182614e-06,1.3875469e-05,9.498662e-06,2.8428177e-08,1.9345448e-07,3.3848933e-06,4.106084e-07,8.483721e-06,1.5361444e-07,4.1010668e-07,2.9955604e-06,7.972878e-07,4.5273755e-06,1.7337129e-06,6.1197015e-06,3.997496e-05,4.609472e-06,1.6678409e-07,1.26373525e-05,1.4989712e-05,1.3079209e-06,6.768533e-07,1.5251047e-07,8.776197e-05,9.5521515e-05,4.2882207e-06,3.0053915e-09,1.0627073e-05,0.00010711244,1.1507551e-05,6.9491684e-06,3.984028e-08,6.44571e-06,4.7841454e-06,1.3993454e-06,1.6038721e-06,1.8437792e-06,6.052699e-08,3.875904e-06,7.433818e-06,1.0402647e-06,3.6665722e-07,1.0238921e-07,5.0675226e-07,2.170108e-06,5.9079795e-08,5.231988e-05,4.1212097e-06,4.4316173e-05,2.755333e-07,1.0168184e-06,2.0457057e-06,2.9828843e-07,3.8435584e-09,7.95493e-06,1.0612383e-06,4.3572622e-06,9.730979e-07,3.7487143e-07,6.7769884e-07,4.29759e-07,1.4745623e-06,2.0609862e-07,1.2394479e-08,5.608965e-06,4.5663353e-07,1.5913497e-06,2.4124186e-06,2.2575473e-06,9.32627e-07,9.573127e-09,5.8776386e-06,3.1158564e-07,3.7874873e-08,1.9382526e-06,4.3490136e-06,1.8254904e-07,2.1765975e-06,1.1014131e-07,4.3090295e-06,8.435939e-07,9.43054e-08,3.8876843e-07,7.460284e-07,3.8026457e-07,7.6040033e-06,1.1023626e-05,4.616523e-08,1.7645151e-07,4.5461513e-07,1.7174475e-06,3.3403592e-07,9.895897e-07,4.1390695e-07,1.434935e-05,4.1518456e-06,5.328342e-08,4.3672195e-08,1.7941665e-07,1.2543816e-05,3.6691782e-07,2.3996762e-07,1.6496304e-05,1.3480634e-05,2.330874e-06,1.3127069e-06,9.8515365e-09,2.578635e-05,1.6834994e-05,1.6032503e-05,2.1245597e-08,5.882466e-07,4.7874087e-06,5.763311e-07,5.8784966e-08,3.147546e-06,1.2641287e-06,1.29137625e-05,9.218952e-07,2.002806e-06,6.5022023e-06,4.7162765e-05,1.7903615e-07,3.6771013e-05,3.428772e-08,7.5014344e-07,4.233521e-07,1.7526824e-08,7.448367e-05,1.313938e-06,1.1474718e-05,1.5869713e-06,1.6648848e-05,4.583744e-08,1.8878298e-05,1.26932155e-05,1.5551565e-06,3.8459693e-06,3.414505e-05,2.3998805e-06,3.067147e-05,8.291735e-06,8.4708864e-07,5.0174563e-06,1.7492164e-06,6.156652e-08,2.9681955e-06,1.5000747e-07,2.3373221e-09,2.1854623e-06,3.9941388e-05,1.6222552e-06,5.2977128e-05,6.0197486e-08,1.2465955e-05,1.5560761e-07,6.0293118e-05,5.775549e-08,7.968971e-06
BC2026_Train_0049_S22_20220203_221500_040,7.214218e-10,2.4020214e-06,4.5591864e-06,6.923623e-05,1.0688445e-07,7.657209e-09,8.707662e-08,1.1609484e-06,3.8318268e-07,5.6243484e-06,0.0005028747,0.00012605402,1.6638925e-10,9.481509e-08,1.1238645e-06,0.026793547,2.395249e-08,3.2975298e-09,0.877604,6.231301e-05,1.9516094e-05,0.9843143,1.7504709e-08,7.1129264e-08,6.8575273e-06,2.6249032e-07,4.4434764e-06,1.3113488e-07,1.3674869e-08,1.0411599e-06,1.5484198e-07,1.2309822e-07,2.386369e-07,1.44643e-08,4.0673818e-08,2.439754e-07,8.2964775e-08,1.02729786e-07,8.972393e-08,9.952203e-08,7.6545024e-07,2.3151064e-07,2.682826e-07,1.0237848e-07,1.7309782e-08,1.9090654e-08,2.833024e-07,9.2738155e-09,5.9437952e-09,5.312339e-08,3.47968e-08,5.176645e-08,6.7863475e-08,1.9948787e-07,1.6624988e-06,3.0214026e-06,4.2289545e-09,0.14630143,2.3121071e-08,1.17245044e-07,0.9744635,1.8270816e-08,2.308913e-05,0.99253285,0.9977539,5.3560365e-07,4.859679e-07,3.2471948e-07,9.567213e-09,3.2526668e-06,9.895448e-10,3.063383e-08,1.03685925e-05,3.7604018e-06,2.2443394e-10,2.5880506e-06,6.5291824e-06,1.2091864e-05,1.4227508e-08,2.0555842e-07,2.0841783e-06,2.2714715e-07,1.5064334e-05,1.1469815e-07,2.2014828e-07,1.5372186e-06,1.7961455e-07,1.3294452e-06,1.5935867e-06,5.6807066e-06,1.8620998e-05,2.6441057e-06,9.2273986e-08,6.9422063e-06,9.653525e-06,8.7309496e-07,6.235983e-07,1.820836e-07,0.0002356682,0.00014950987,5.2593514e-06,1.9623676e-09,3.3585745e-06,6.86991e-05,4.4432604e-06,3.090346e-06,1.5131043e-08,9.651409e-06,3.0499182e-06,1.0999398e-06,1.0574589e-06,9.044625e-07,3.1449183e-08,4.0837604e-06,6.0696398e-06,3.591884e-07,3.2630328e-07,9.623146e-08,3.0820414e-07,2.4499902e-06,2.2347052e-08,4.421115e-05,4.2615948e-06,5.832529e-05,4.3016124e-07,2.311132e-06,9.718608e-07,2.9737072e-07,1.0321363e-09,3.6984463e-06,9.0544637e-07,3.1770314e-06,1.1823612e-06,1.542673e-07,2.5992153e-07,2.5872757e-07,3.1315855e-07,1.02913546e-07,5.0610094e-09,5.37223e-06,3.1162696e-07,1.4293272e-06,1.6336381e-06,3.214515e-06,3.7035778e-07,4.3436e-09,2.915823e-06,7.728803e-08,2.0202783e-08,1.1564575e-06,2.213281e-06,9.127553e-08,1.7368275e-06,5.7950576e-08,5.8792975e-06,5.997378e-07,5.7530528e-08,2.1198566e-07,9.424208e-07,2.6152782e-07,1.7743117e-05,9.996786e-06,5.4974706e-08,6.646969e-08,1.127968e-07,5.128039e-07,1.08973e-07,7.781756e-07,3.2746766e-07,9.602942e-06,1.9674242e-06,5.4352377e-08,3.6672358e-08,1.9539375e-07,2.9640958e-05,2.3885616e-07,1.8370272e-07,3.205707e-06,8.828664e-06,7.855215e-07,1.245966e-06,7.720151e-09,4.7982197e-05,1.2616809e-05,1.2053352e-05,4.8430855e-09,2.6696435e-07,4.827138e-06,4.358969e-07,1.8949677e-08,1.8664718e-06,6.748977e-07,7.788224e-06,7.5349317e-07,8.390862e-07,6.2122203e-06,2.9919667e-05,1.935894e-07,2.7884638e-05,3.0871032e-08,5.177642e-07,3.2941028e-07,9.965363e-09,3.5646084e-05,6.212263e-07,7.9891115e-06,1.2985744e-06,1.2351689e-05,4.0049265e-08,1.7659355e-05,5.7699112e-06,3.5967382e-06,1.6099483e-06,4.594928e-05,1.76383e-06,3.9028877e-05,4.588201e-06,4.131407e-07,5.071713e-06,1.6192643e-06,3.954246e-08,2.302987e-06,9.587038e-08,1.3705099e-09,1.5560391e-06,7.8251935e-05,1.2102233e-06,9.103355e-06,5.6034715e-08,8.720027e-06,1.239127e-07,9.734088e-05,6.2384274e-08,8.645157e-06
BC2026_Train_0049_S22_20220203_221500_045,3.933213e-09,8.332846e-06,5.5886003e-06,0.00036433226,6.682026e-07,3.766236e-08,5.973364e-07,1.9648253e-06,8.378213e-07,5.4375218e-05,0.002216723,0.00014740534,1.2705037e-09,1.6807249e-07,8.799336e-07,0.022648603,3.7408277e-08,2.6985525e-08,0.8722539,6.996985e-05,5.267177e-06,0.9840215,1.2712357e-07,1.5230668e-07,2.2739001e-05,2.2025297e-06,4.7025824e-06,9.572461e-07,2.2870023e-07,2.4103142e-06,8.169807e-07,5.5488215e-07,1.4951415e-06,5.1695896e-08,1.4217247e-07,1.3473118e-06,3.553848e-07,2.690056e-07,5.20648e-07,4.079612e-07,1.911164e-06,1.2040218e-06,6.520885e-07,5.888298e-07,1.2120537e-07,1.34826e-07,1.1625616e-06,6.7691666e-08,3.0323115e-08,1.6875316e-07,1.6154158e-07,2.5838975e-07,3.0138003e-07,6.989726e-07,6.5192394e-06,1.479661e-05,3.3649684e-08,0.19312274,2.6600475e-07,3.1598003e-07,0.98836154,9.385822e-08,6.749248e-05,0.9815056,0.9964552,2.0825967e-06,1.0719134e-06,5.2147783e-07,3.8203687e-08,5.53713e-06,7.616279e-09,5.6667835e-07,4.7054902e-05,1.609246e-05,2.266923e-09,7.826397e-06,1.6940548e-05,2.9811441e-05,5.359798e-08,2.9047493e-07,5.6287377e-06,2.684098e-07,3.3035525e-05,3.6695874e-07,9.788146e-07,5.111915e-06,2.6007629e-06,6.8655636e-06,7.1971594e-06,8.172493e-06,5.4137523e-05,9.079834e-06,4.3854712e-07,3.477133e-05,1.4016685e-05,4.331748e-06,2.782444e-06,7.3008164e-07,9.85331e-05,0.0002585595,1.07259275e-05,1.227726e-08,3.161851e-05,0.00010291098,1.7924465e-05,6.1219725e-06,1.7463594e-07,1.0260528e-05,2.6876378e-06,2.5752481e-06,6.9205184e-06,6.9296257e-06,1.8208515e-07,1.633936e-05,8.411514e-06,1.713915e-06,8.4241367e-07,3.156147e-07,8.831965e-07,4.4919075e-06,2.5165065e-07,8.9798195e-05,1.0792891e-05,8.4384614e-05,6.075566e-07,3.459016e-06,2.8814816e-06,1.8865004e-06,1.11249285e-08,2.4748642e-05,3.7562402e-06,5.2095525e-06,1.214696e-05,3.6996627e-07,6.462301e-07,4.479372e-07,1.2894142e-06,5.314908e-07,9.192967e-08,5.971045e-06,2.818904e-06,5.0001076e-06,5.736487e-06,3.187386e-06,7.252468e-07,9.090958e-09,1.535793e-05,5.9691723e-07,1.9060045e-07,5.0199073e-06,2.458334e-06,1.0820601e-06,8.739641e-06,4.951446e-07,8.52202e-06,1.9548092e-06,5.1190926e-07,1.5232803e-06,1.9896304e-06,1.5096356e-06,0.00021063206,3.8828814e-05,2.543071e-07,6.1857554e-07,4.5920524e-07,4.5844395e-06,3.9522408e-07,2.335019e-06,5.7431856e-07,3.14932e-05,3.7854586e-06,4.1605986e-07,2.2047921e-07,7.1684667e-07,5.2460775e-05,3.3073738e-07,1.1721266e-06,1.0452874e-05,3.0895517e-05,8.302393e-06,4.3574573e-06,4.0323204e-08,4.4683715e-05,2.5693613e-05,2.4224442e-05,5.0119333e-08,1.9459724e-06,1.6949307e-05,1.5553596e-06,1.5241957e-07,2.128986e-05,2.2071301e-06,3.7280803e-05,1.6031901e-06,2.2629297e-06,2.0370875e-05,6.590347e-05,1.3400448e-06,3.6544032e-05,1.2928356e-07,2.26068e-06,4.12473e-07,3.2812064e-08,0.00011658001,5.6077024e-06,1.7195753e-05,4.754032e-06,3.2007836e-05,1.5361385e-07,1.8578305e-05,1.4186208e-05,1.9006375e-05,3.7816985e-06,4.4012137e-05,9.326436e-06,0.00011893623,7.714693e-06,1.0416396e-06,9.016007e-06,3.7704708e-06,2.3330011e-07,5.4251723e-06,4.569615e-07,1.2789605e-08,1.2766345e-05,0.00017971585,3.6603321e-06,4.8817496e-05,1.4250082e-07,2.3457509e-05,3.2100863e-07,0.00012505685,1.572744e-07,2.075536e-05
BC2026_Train_0049_S22_20220203_221500_050,3.007444e-09,1.281444e-05,3.5595705e-05,0.00024242344,1.0879082e-06,2.6429026e-08,2.6992147e-06,2.18192e-05,1.8156024e-06,3.3281285e-05,0.0015869152,0.00034275305,1.6764606e-09,1.3014753e-07,2.6651155e-06,0.018954402,1.7982123e-07,8.1979124e-08,0.90001684,6.605825e-05,5.955635e-05,0.9374561,7.0716546e-08,2.2665118e-07,1.2581052e-05,8.4010395e-07,1.4801988e-05,4.4965094e-07,1.1798893e-07,2.6829384e-06,8.6192796e-07,5.879746e-07,1.4077594e-06,8.3789175e-08,2.0319364e-07,2.3788166e-06,2.801762e-07,3.4335375e-07,5.348941e-07,1.0851334e-06,2.2967972e-06,2.1943383e-06,1.3842249e-06,8.765256e-07,1.1044276e-07,1.2980392e-07,1.8229588e-06,4.8625626e-08,3.14909e-08,2.3728319e-07,3.708611e-07,5.486001e-07,6.474163e-07,9.965734e-07,1.039584e-05,1.1759957e-05,3.1040603e-08,0.4986039,9.011546e-07,7.5695607e-07,0.99401045,3.612961e-07,7.659858e-05,0.99552876,0.9994661,2.5002757e-06,6.486907e-07,9.845967e-07,6.460453e-08,2.0340049e-05,1.2012682e-08,4.2491746e-07,6.044152e-05,2.7842283e-05,1.3527512e-09,1.927922e-05,2.6548176e-05,2.1068796e-05,1.4113712e-07,2.9955586e-07,2.8050183e-06,4.9779936e-07,2.0594767e-05,5.0015865e-07,2.6031276e-07,6.988173e-06,1.0680542e-06,1.1157473e-05,5.0225217e-06,2.6919684e-05,3.108279e-05,1.2817203e-05,3.2873427e-07,1.7690774e-05,1.1661199e-05,2.991555e-06,3.9054985e-06,4.2348333e-07,0.00062384334,0.00040135992,9.96948e-06,8.1773734e-09,3.925987e-05,9.897165e-05,1.24585995e-05,2.8410093e-05,1.6981771e-07,5.4374024e-05,1.1589766e-05,5.579376e-06,2.209032e-06,9.841135e-06,3.4518047e-07,2.6734178e-05,1.7246055e-05,1.6738035e-06,7.4010063e-07,2.879729e-07,1.2863056e-06,5.5491355e-06,4.250159e-08,0.00020550478,2.2443464e-05,0.000115382936,5.383095e-07,7.5386515e-06,2.7001417e-06,6.621426e-07,9.316099e-09,1.5434558e-05,1.3094472e-06,4.662766e-06,2.2526656e-06,7.204956e-07,1.0166284e-06,1.3756944e-06,8.9513406e-07,5.2909564e-07,3.8894747e-08,3.5431993e-05,6.2538593e-06,2.7845863e-06,1.1854043e-05,6.6085527e-06,3.6305041e-06,1.8987087e-08,1.4903548e-05,6.2849404e-07,1.4537515e-07,5.006697e-06,1.3243002e-05,6.4004035e-07,6.4606156e-06,7.2193995e-07,1.4664448e-05,4.226814e-06,6.1058347e-07,3.3326287e-06,1.4861656e-06,1.3949325e-06,0.00010684924,2.629267e-05,8.821588e-08,3.5732907e-07,9.786241e-07,5.659596e-06,1.3139393e-06,1.9288705e-06,1.8346722e-06,6.716817e-05,1.1867797e-05,1.9975592e-07,2.73472e-07,1.0188501e-06,6.723077e-05,1.2230338e-06,8.64452e-07,1.6903301e-05,4.965796e-05,1.6780854e-06,3.7938723e-06,5.6658816e-08,6.729242e-05,7.904452e-05,3.5114284e-05,5.3639596e-08,1.9894237e-06,1.3006905e-05,2.3249063e-06,1.5157998e-07,1.1619548e-05,1.1208281e-06,4.3107677e-05,1.7858594e-06,5.134262e-06,3.286744e-05,0.00018465932,1.4828826e-06,4.094113e-05,9.8499626e-08,2.2190488e-06,2.5980114e-06,1.2428919e-07,0.0001565502,5.6676167e-06,1.8215795e-05,3.6154531e-06,3.7946964e-05,1.8142111e-07,3.3682478e-05,3.5246943e-05,4.973698e-06,1.2336209e-05,7.3838215e-05,4.2056727e-06,0.00010246338,5.9264185e-05,1.2398142e-06,3.0699885e-05,5.2406012e-06,7.278792e-07,5.626902e-06,1.0469448e-06,1.3128237e-08,9.785917e-06,0.00011810849,3.1389518e-06,2.4765213e-05,1.9073538e-07,4.0085095e-05,3.8660147e-07,0.00019703711,1.06384505e-07,2.1469034e-05
BC2026_Train_0049_S22_20220203_221500_055,7.657074e-10,4.259947e-07,2.5211575e-06,2.032349e-05,3.4574583e-07,8.466661e-09,7.324954e-08,1.8951378e-06,1.3470998e-06,5.986794e-06,0.0014593328,1.3972548e-05,4.1811904e-10,1.23313555e-08,1.9165743e-07,0.023129173,2.7325086e-08,4.132378e-09,0.7718929,2.1121887e-05,1.7363573e-05,0.9112639,5.163431e-08,2.220713e-08,5.0075805e-06,2.4670186e-07,1.4679174e-06,2.576648e-07,1.7262536e-08,7.572471e-07,7.6992436e-08,4.0548723e-08,1.195974e-07,6.687098e-09,1.5613319e-08,1.2213968e-07,1.7328677e-08,2.340696e-08,4.1411063e-08,4.9624322e-08,2.2683498e-07,1.2837036e-07,9.82347e-08,4.882087e-08,8.885941e-09,1.0158442e-08,1.0762787e-07,4.360301e-09,2.0293727e-09,1.4967487e-08,2.1209116e-08,2.983387e-08,3.7415845e-08,9.935039e-08,5.9686545e-07,1.1582633e-06,9.093504e-10,0.10322666,5.088434e-08,2.842848e-07,0.9747483,1.5166409e-08,3.30024e-05,0.9965037,0.9751524,2.6121575e-07,2.736309e-07,7.353427e-08,1.9265824e-09,2.0509485e-06,1.3481739e-09,9.535809e-08,9.228512e-06,2.3714347e-06,3.9066309e-10,6.299664e-06,1.1921191e-05,7.750644e-06,3.0040976e-08,1.2818343e-07,1.6241917e-06,4.699412e-07,9.2197315e-06,6.962137e-08,3.315161e-07,4.989138e-06,6.341613e-07,2.197882e-06,2.3653884e-06,1.3419067e-05,2.6052589e-05,2.3652124e-06,1.3784967e-07,5.445663e-06,6.350798e-06,2.185921e-06,7.42379e-07,1.0367462e-07,7.0092065e-05,6.161687e-05,2.9411508e-06,4.318034e-09,7.3899937e-06,0.000103527134,1.1847352e-05,4.1082053e-06,1.9056676e-08,2.738366e-06,6.363621e-06,1.6051345e-06,7.413842e-07,4.2972433e-06,1.0135069e-07,4.945287e-06,9.329692e-06,1.078333e-06,3.6900363e-07,9.816559e-08,6.7806735e-07,3.8836115e-06,2.5658187e-08,3.7844977e-05,5.668557e-06,4.602598e-05,1.8655629e-07,3.246478e-06,7.855575e-07,2.698659e-07,4.6537316e-09,5.4262696e-06,4.540458e-07,1.9663644e-06,2.9587315e-07,7.1444157e-07,6.527175e-07,8.401239e-07,4.7683164e-07,2.0169774e-07,2.0055815e-08,6.6263497e-06,7.12014e-07,5.2481204e-07,2.478596e-06,2.1656879e-06,8.1032215e-07,1.2027172e-08,9.715108e-06,2.6789144e-07,4.878541e-08,1.5379679e-06,7.782448e-06,1.6016787e-07,2.0364964e-06,1.5519649e-07,3.3714496e-06,1.5272472e-06,4.508558e-08,5.204896e-07,3.392215e-07,2.3801071e-07,4.0712043e-06,7.877564e-06,6.269669e-08,3.0319967e-07,2.7780135e-07,2.8745596e-06,1.9065934e-07,8.55981e-07,6.851259e-07,1.6623891e-05,7.734901e-06,3.1156155e-08,3.822439e-08,4.2780354e-07,1.5743732e-05,3.3882736e-07,1.7292646e-07,6.5313307e-06,1.8228899e-05,7.0466297e-07,2.004635e-06,1.8665785e-08,3.8198246e-05,1.7159336e-05,8.353119e-06,2.7961457e-08,5.590192e-07,4.4908966e-06,5.929592e-07,5.7072803e-08,3.3522867e-06,1.5062058e-06,5.104335e-06,9.4156906e-07,1.8669525e-06,7.4783593e-06,4.9403938e-05,2.429378e-07,2.345912e-05,3.282283e-08,1.1410959e-06,7.559829e-07,9.616279e-09,8.816224e-05,1.0960592e-06,1.4075677e-05,4.948977e-07,2.8229688e-05,3.6136665e-08,9.000363e-06,7.965308e-06,1.5617674e-06,1.0930466e-06,4.214247e-05,2.7382143e-06,3.4251796e-05,4.9183604e-06,6.4932016e-07,5.303872e-06,1.9622805e-06,8.519328e-08,3.4912857e-06,1.561861e-07,2.3821403e-09,7.332312e-07,3.74686e-05,8.1867773e-07,1.3471394e-05,2.760219e-08,1.9805639e-05,6.770083e-08,2.9221139e-05,6.9648074e-08,6.9310345e-06
BC2026_Train_0050_S22_20220205_214500_000,7.791107e-10,1.4999603e-06,2.3503135e-06,7.1286944e-05,3.373777e-07,3.0010796e-08,1.4576122e-07,3.8525113e-07,5.1104445e-07,1.1599287e-05,0.00012277348,2.7595761e-05,3.9814946e-10,2.0349084e-08,2.727786e-07,0.093967,3.2083534e-08,4.2041677e-09,0.98326784,1.6932407e-05,2.01377e-05,0.99078745,2.7657103e-08,7.509839e-08,2.5780351e-05,1.2755153e-07,9.269013e-06,2.3406565e-07,2.8460782e-08,8.4234546e-07,1.4506672e-07,1.3991651e-07,2.558101e-07,1.5232274e-08,6.017603e-08,5.060549e-07,3.2509682e-08,5.3230085e-08,5.4645717e-08,1.5870107e-07,2.847583e-07,1.8855494e-07,4.558416e-07,1.575302e-07,2.933562e-08,2.8078013e-08,4.4347794e-07,1.9006873e-08,4.7429207e-09,4.0997364e-08,6.271128e-08,1.1515904e-07,1.4394358e-07,1.3859893e-07,3.387354e-06,2.548605e-06,2.3061337e-09,0.12776132,1.4315354e-07,1.6650708e-07,0.9978987,2.1010136e-08,4.536456e-06,0.9953898,0.99982893,1.9682875e-06,2.4821222e-07,2.0603552e-07,3.0146001e-09,2.9143635e-05,8.182096e-10,7.540926e-09,8.595151e-06,5.6981546e-05,2.4363098e-10,2.101833e-06,3.821914e-06,1.6802274e-05,3.010757e-08,2.0751708e-07,2.4248138e-06,6.397712e-07,2.4335989e-06,2.188759e-07,4.6357988e-07,1.0685972e-06,5.7063335e-08,3.361231e-06,3.5562898e-06,2.9100643e-06,2.2859454e-05,2.8947213e-06,1.5132073e-07,3.4438584e-05,3.56116e-06,2.292119e-06,8.3667385e-07,1.2930515e-07,5.9480757e-05,0.00012188763,1.0706128e-06,5.939172e-09,1.5211887e-05,7.332236e-05,9.006726e-06,1.2334655e-05,1.4358501e-08,6.2950694e-06,2.4603535e-06,4.2807005e-07,1.1158164e-06,1.981386e-06,1.8099197e-08,8.740981e-07,3.1888817e-06,2.1799204e-07,1.7567763e-07,2.1161645e-07,1.0376839e-07,2.4278568e-06,4.733199e-08,6.586722e-05,1.6017061e-06,0.00010517893,3.725406e-07,3.9973338e-07,1.4368617e-06,7.2358046e-07,7.012267e-10,3.6272925e-06,4.2181705e-07,1.8841324e-06,4.54954e-06,1.33339e-07,2.16954e-07,4.1765364e-07,6.5628535e-07,2.75767e-07,2.3519915e-08,4.0970852e-05,1.5448268e-07,3.6673762e-07,1.2715586e-06,1.743863e-06,1.8357904e-06,4.3446766e-09,2.2127872e-06,2.4558403e-07,8.768023e-09,1.5250538e-06,2.3775783e-06,4.901616e-08,1.0703066e-06,4.4836028e-08,4.12842e-06,5.3140417e-07,6.42418e-08,4.2103733e-07,8.326868e-08,5.7156313e-07,3.6019555e-06,1.05088375e-05,1.8711447e-08,6.331522e-08,3.4256288e-07,2.7353801e-06,2.0372879e-07,4.3870233e-07,5.0871325e-08,1.279195e-05,1.8662139e-06,2.1930626e-08,2.3101101e-08,4.455199e-08,2.2064605e-05,1.6175726e-07,5.204613e-07,3.0632486e-06,3.5484709e-06,2.7969193e-06,4.1261504e-07,1.3333318e-09,7.1397144e-06,6.660962e-06,1.4092749e-05,5.082068e-09,1.4464622e-07,6.525068e-06,4.6313488e-07,3.3386293e-08,1.914318e-06,9.3246234e-07,4.2336505e-05,1.3572393e-06,1.7338717e-06,8.466222e-06,9.693138e-06,8.463097e-08,1.1037597e-05,1.1935892e-07,4.389149e-07,1.260718e-06,6.6454953e-09,2.0303769e-05,1.0664704e-06,9.291342e-06,2.2060676e-06,2.4509261e-05,7.182742e-08,1.0495606e-05,2.8207163e-05,1.4747802e-06,2.6762227e-06,1.0278471e-05,1.617284e-06,4.0915216e-05,7.879954e-06,1.3255005e-06,8.6212367e-07,7.848529e-06,2.6075472e-08,1.7335129e-06,2.929601e-07,1.0981984e-09,1.2892027e-06,0.0001131571,1.5819201e-06,3.8256574e-05,1.391663e-08,5.7647903e-06,3.9511028e-07,4.2685635e-05,6.316044e-09,5.1072616e-06
BC2026_Train_0050_S22_20220205_214500_005,1.3337903e-08,8.146291e-05,1.8177583e-05,0.0009446465,2.2045742e-06,1.3654648e-07,3.6922752e-06,8.41157e-06,8.4984185e-06,0.00010127025,0.0018332596,0.0005943131,3.871969e-08,3.7199672e-07,7.392489e-06,0.23423344,6.1278192e-06,8.092565e-08,0.9959674,0.00010103876,0.00027585684,0.93436164,4.7433485e-07,4.77537e-06,8.307542e-06,1.4084453e-07,0.00022324154,1.0517634e-06,2.1410214e-07,3.0156541e-05,1.3948093e-05,9.077843e-06,1.2091092e-05,1.1934895e-06,7.8304365e-06,2.5771233e-05,1.8757008e-06,5.8020473e-06,5.874472e-06,2.057747e-05,2.8236554e-05,1.7062717e-05,5.905579e-05,1.110749e-05,1.0060538e-06,8.403739e-07,5.229414e-05,6.3530183e-07,7.987246e-07,6.8554677e-06,1.2864974e-05,1.9407924e-05,2.9404211e-05,9.875008e-06,0.00030482654,3.2687458e-05,1.0800939e-06,0.95329934,6.9201024e-06,3.2162227e-06,0.9987991,8.436084e-07,2.37127e-05,0.9876275,0.9990682,1.61792e-05,1.3496058e-05,7.021976e-07,3.3395772e-06,0.0002657378,7.749587e-08,2.820058e-07,5.422676e-05,1.2918849e-05,4.4333435e-09,9.451782e-06,4.8416467e-05,5.753181e-05,1.4346559e-06,1.0215208e-06,5.2977757e-06,1.6343503e-06,4.959664e-06,1.160043e-06,1.0544429e-06,2.4147662e-06,7.0392883e-07,2.1390515e-05,2.6653786e-05,5.4576576e-06,5.0356968e-05,7.007299e-06,2.679576e-06,0.00016885792,1.8757844e-05,4.0465625e-06,8.244221e-06,2.9145076e-06,0.0004696713,0.0008727516,1.1598523e-05,2.1878556e-07,0.00012264545,0.00011178444,5.781456e-05,7.445236e-05,3.690588e-08,0.00011637743,0.0001983156,1.3310284e-05,2.2360422e-05,3.4508383e-05,2.0116987e-07,9.516206e-06,1.3438892e-05,2.0800876e-06,1.8353808e-06,9.254389e-07,1.9431313e-06,1.0750373e-05,9.377758e-07,0.00011373672,3.5952019e-06,0.00020810659,1.6336164e-06,2.9037183e-06,5.90563e-06,1.3963645e-06,4.330242e-08,7.155522e-05,4.238205e-06,3.2418895e-05,4.374266e-06,9.659627e-07,1.1734967e-06,2.2775373e-06,3.5160551e-06,4.962214e-06,5.235558e-07,0.000105625986,1.2646889e-05,3.681727e-06,2.0245456e-05,2.795277e-05,6.847327e-06,1.8688512e-08,1.1928946e-05,1.3525553e-06,5.885811e-08,8.270136e-06,7.8819985e-06,6.748585e-07,4.2840265e-06,2.6511125e-07,2.7906428e-05,1.1916243e-06,7.320791e-07,6.1910587e-06,4.0482414e-06,9.47485e-06,0.0002638645,6.118626e-05,8.658358e-08,2.643942e-07,7.137803e-07,3.0517826e-05,1.2518568e-06,2.583215e-06,1.3556391e-06,9.4851115e-05,3.838898e-05,1.0607369e-07,9.5711776e-08,2.461677e-06,0.00024741798,1.6926585e-06,1.9017099e-06,1.0575754e-05,1.0803725e-05,5.6160775e-06,2.5170084e-06,7.914622e-08,6.446065e-05,6.277847e-05,0.000105683925,5.412932e-08,3.1649138e-06,7.666274e-06,8.09227e-06,2.348711e-07,1.335536e-05,1.4616368e-06,6.363017e-05,1.490767e-05,1.578226e-05,2.47719e-05,0.00010603389,3.372392e-06,8.967823e-06,2.2374759e-07,6.9646135e-06,2.0977235e-05,7.9775184e-08,6.2853826e-05,3.4444922e-06,1.2831867e-05,4.697544e-06,4.794355e-05,2.9385124e-06,0.0001490504,0.00011498796,6.383874e-06,2.0701691e-05,5.479864e-05,1.4980738e-05,0.00043441652,1.6404701e-05,1.71302e-05,2.700546e-05,2.1369513e-05,2.3773235e-07,0.00011649322,8.0838545e-06,3.165361e-08,4.338912e-05,0.00021222683,1.874819e-05,0.0003156228,4.827571e-07,5.9645686e-06,3.1257287e-07,0.0002787909,5.5806687e-08,3.7139747e-05
BC2026_Train_0050_S22_20220205_214500_010,5.1161547e-10,1.9867541e-06,9.02863e-07,7.110315e-05,5.309674e-08,8.303931e-09,1.4106551e-07,2.0427079e-07,2.6783394e-07,3.8040564e-06,0.00013417799,3.2091062e-05,1.5076242e-09,1.0895156e-08,2.426884e-07,0.05181533,1.1149826e-08,1.9591886e-09,0.988567,6.874991e-06,1.0112385e-05,0.973678,1.6622288e-08,1.11433884e-07,1.3459197e-06,4.7944404e-08,3.8979824e-06,6.97398e-08,3.6390578e-08,1.6221978e-07,1.855913e-07,4.3618755e-07,3.2077693e-07,1.6270436e-08,1.3737157e-07,1.2356404e-06,5.944534e-08,1.2771486e-07,6.041292e-08,3.2162578e-07,6.074292e-07,1.7244837e-07,1.1506895e-06,5.037816e-07,5.0259963e-08,4.8375483e-08,1.6175015e-06,2.5812463e-08,8.501777e-09,1.13653826e-07,1.262739e-07,2.6178932e-07,2.714655e-07,1.6801816e-07,1.3614145e-05,2.9011276e-06,6.1267196e-09,0.22235897,3.6322486e-08,5.110522e-08,0.9987526,8.955241e-09,1.0435546e-06,0.9902991,0.9997645,2.4585847e-06,4.159075e-07,9.308252e-08,1.9075515e-08,1.5762602e-05,1.3786322e-09,9.601636e-09,1.1476546e-05,5.459849e-06,1.2998436e-10,1.1655022e-06,8.974411e-06,2.453978e-05,1.0663373e-08,1.0666022e-07,9.94367e-07,1.7637967e-07,9.661701e-07,1.4851666e-07,2.1339297e-07,2.489929e-07,8.53211e-08,3.0425306e-06,3.82617e-06,1.0472694e-06,2.3222376e-05,3.2912214e-06,3.39417e-07,8.475881e-05,7.600833e-07,2.5748426e-07,4.5644404e-07,2.0029253e-07,3.8259495e-05,0.00019789622,1.0274553e-06,2.4255815e-09,1.7276e-05,3.0395371e-05,5.0513e-06,1.4862756e-05,1.5258706e-08,2.1172698e-06,2.6769683e-06,3.4028525e-07,2.0525845e-06,9.987713e-07,2.318851e-08,5.940692e-07,7.0380605e-07,1.7052432e-07,1.7293998e-07,1.11994915e-07,1.3102539e-07,1.6504645e-06,5.1531007e-08,5.5573815e-05,4.3791354e-07,5.8058155e-05,2.4002668e-07,4.8505535e-07,3.8418528e-07,1.1459751e-06,1.7485978e-09,7.78558e-06,3.7459301e-07,1.3641987e-06,1.8710396e-06,6.6949504e-08,4.8265072e-08,8.5807436e-08,4.1014266e-07,3.5638163e-07,2.6567866e-08,9.175586e-06,5.229306e-07,9.668954e-07,7.504189e-07,6.155267e-07,7.8749724e-07,1.3212257e-09,1.0457504e-06,1.4390763e-07,8.890179e-09,9.556053e-07,8.95555e-07,3.2641776e-08,5.959622e-07,3.08041e-08,2.7586564e-06,3.2604328e-07,4.294963e-08,1.4148534e-07,1.9474878e-07,7.136067e-07,7.272502e-05,7.871511e-06,6.85221e-09,5.8824774e-08,1.3095305e-07,1.3494875e-06,1.652545e-07,3.8138717e-07,4.2167382e-08,1.6077838e-05,3.3195474e-06,1.0679637e-08,5.0798485e-09,7.077429e-08,1.6203243e-05,2.0785576e-07,2.0270436e-07,1.8944476e-06,4.0760215e-06,3.0898864e-06,2.412733e-07,1.5189212e-09,4.2342053e-06,6.4646956e-06,1.12685875e-05,2.4682334e-09,1.7856195e-07,5.049253e-06,1.935093e-07,3.1027938e-08,1.8702635e-06,3.9945442e-07,2.2030083e-05,2.824194e-06,1.1269912e-06,4.1775666e-06,1.9827428e-05,2.0021747e-07,5.0776807e-06,2.8747976e-08,9.402106e-07,3.3472986e-07,2.4891538e-09,2.9098586e-05,1.5079621e-06,5.166306e-06,4.1096e-06,1.5089352e-05,7.37143e-08,5.6905374e-06,0.00020020542,2.7619574e-06,2.248731e-06,1.0771801e-05,2.020448e-06,1.5954183e-05,1.4215892e-06,2.9485368e-06,1.510527e-06,3.5938856e-06,2.2043983e-08,2.6650623e-06,1.3974928e-07,5.1129545e-10,2.0517018e-06,0.00024172573,2.1034855e-06,3.02832e-05,2.6529785e-08,2.0371065e-06,2.894236e-07,3.6847363e-05,1.2576032e-08,3.6143779e-06
BC2026_Train_0050_S22_20220205_214500_015,4.306049e-07,0.00031589344,1.03716675e-05,0.00575026,8.7691864e-05,1.2191398e-06,5.274048e-06,7.5784337e-06,0.000450895,0.00034197816,0.0009207425,0.00030416,1.3336486e-05,8.507923e-06,0.00011193356,0.77396,1.36996605e-05,1.5919311e-06,0.9986512,0.0005459399,0.023340026,0.81196594,6.792544e-06,9.334181e-05,3.8219998e-05,3.1656003e-07,0.0017954934,1.0789686e-06,3.4228498e-07,9.627339e-05,8.82148e-05,0.00011217685,6.314117e-05,3.244237e-05,0.00016744155,0.0002694563,2.3538138e-05,0.000116687566,6.9651636e-05,0.00034613642,0.0006190429,0.00023904577,0.001144233,0.00011136153,1.5175852e-05,1.4297743e-05,0.00060659583,2.492629e-06,1.2857811e-05,8.073596e-05,0.00020453852,0.00025290306,0.000368593,0.00013694765,0.0040504658,0.00011300343,1.0938259e-05,0.9943263,7.810941e-06,0.00029097474,0.9975689,1.6249755e-06,0.00053823873,0.9720201,0.9962574,5.3868964e-05,0.00010593304,4.6809355e-06,0.00014337234,0.0002242412,3.287001e-07,7.915473e-06,0.00021778724,2.4538072e-05,2.9490682e-08,6.4515093e-06,0.00015752575,0.0002494786,8.696194e-06,6.098634e-05,0.00012052535,1.2411392e-06,3.5394572e-05,0.00013225253,1.4899375e-06,1.3209401e-06,1.1660782e-06,3.3868975e-05,0.00038115328,1.7982473e-05,0.00029280977,1.3725789e-05,1.5961457e-05,0.001087158,8.8486e-05,3.860606e-05,2.4400792e-05,7.4944232e-06,0.00024335462,0.0019316569,6.8974805e-05,1.7849127e-06,0.00026742593,0.0002924747,0.00075031753,3.129629e-05,5.4137377e-07,0.0008845785,0.0007618516,8.122515e-05,0.0001694282,0.00043240038,1.9441973e-06,1.48220615e-05,4.077538e-05,5.560355e-06,4.2804782e-05,1.7317333e-06,3.4411336e-05,2.7524795e-05,5.477738e-06,0.00067687995,9.7376105e-06,0.00089538743,7.229797e-05,1.6147631e-05,6.284801e-05,3.5346266e-06,1.5503542e-06,9.468482e-05,0.00017113873,0.00050876965,1.1724414e-05,4.700349e-06,9.966512e-07,2.6120677e-05,6.138397e-05,1.3373879e-05,1.5187274e-05,0.0007317464,8.5768144e-05,2.2979537e-05,8.720628e-05,0.00014588775,2.0926982e-05,3.2990604e-07,1.9208233e-05,1.3015426e-06,1.47601e-06,1.5139048e-05,1.2532709e-05,6.33611e-06,5.883987e-06,7.452568e-07,0.000116513555,2.209055e-06,9.341105e-06,8.038138e-06,5.1063915e-05,0.0004956793,0.00031720198,7.052404e-05,1.028362e-06,9.58963e-07,3.3737426e-06,0.00018815714,6.7691724e-07,3.6490263e-05,4.3911473e-06,0.00058217463,0.00012426398,2.2244772e-06,3.674683e-07,2.9419473e-06,0.0010100342,6.995991e-05,3.7406193e-05,1.3586297e-05,5.3712814e-05,3.2211497e-05,1.3232485e-05,2.7619524e-07,0.0003509245,0.00030524386,0.00019502353,1.2012155e-06,3.4628677e-06,2.7487165e-06,2.3148768e-05,2.0805421e-06,6.1207335e-05,1.0128707e-05,2.0134341e-05,0.00019973484,2.5516556e-05,1.0119312e-05,0.00022592046,5.986868e-05,1.9873827e-05,9.23153e-06,5.052171e-05,0.00016078833,9.4987104e-07,9.0442545e-06,6.0550483e-06,5.6429173e-05,4.569943e-06,6.063579e-05,9.280742e-06,0.00025908338,8.167604e-05,7.889045e-05,0.00026195118,0.00014649567,0.00046480482,0.0012522616,1.589288e-05,0.0014058294,3.2783984e-05,0.000116433366,2.838882e-07,0.0016068707,0.00016914475,1.8067281e-07,0.00025792106,0.00090797833,0.00042180944,0.000103617785,1.4669295e-06,6.776271e-06,3.5165542e-06,0.0009605872,1.082763e-06,6.591805e-05
BC2026_Train_0050_S22_20220205_214500_020,6.733394e-08,3.900726e-05,8.4293815e-06,0.0023808584,2.2669315e-07,3.9923506e-07,3.947204e-06,1.7760848e-07,6.905375e-07,1.1538815e-05,3.986943e-05,5.329906e-05,5.459777e-09,3.5888434e-07,5.247258e-06,0.012891229,2.859789e-07,1.2460191e-07,0.9663739,1.3217113e-05,0.0003467428,0.9652591,2.171869e-07,2.6433925e-06,1.3912929e-05,3.7746297e-06,7.935682e-05,2.7469819e-06,2.4450781e-08,1.2604462e-06,6.9356493e-06,2.6756256e-06,1.6851885e-06,7.178229e-07,4.0503382e-06,7.916885e-06,8.224088e-07,1.6667072e-06,5.4914346e-07,6.7842893e-06,4.2075135e-06,2.6773869e-06,6.8398665e-05,2.024118e-06,9.835259e-07,1.0113157e-06,1.120752e-05,2.475144e-07,1.2675144e-07,7.391956e-07,6.0147263e-06,1.2471628e-05,1.5416317e-05,2.4609824e-06,0.00015823708,2.502208e-06,2.706827e-07,0.083901785,4.7388588e-07,6.4844517e-07,0.9735998,8.783593e-08,3.5066753e-06,0.8014929,0.999708,4.9032584e-05,2.494724e-06,4.9026215e-07,5.236879e-06,4.0256717e-05,8.147812e-08,2.9762429e-08,0.00010924065,2.6720516e-05,4.950339e-09,9.723144e-06,9.417894e-05,0.0011367655,1.562913e-07,1.654098e-05,9.443268e-06,7.1452255e-06,8.043191e-06,0.00011159934,8.656238e-06,1.9406127e-06,1.4027111e-06,1.2103389e-05,3.233047e-05,1.3723303e-05,0.000295853,2.9708961e-05,4.601e-06,0.0011408123,2.911066e-05,2.5903717e-06,4.459239e-06,1.4856868e-06,7.865346e-05,0.00083085895,1.2284952e-05,2.2168747e-08,4.459381e-05,5.3080494e-05,3.4417048e-05,4.3161766e-05,1.0580329e-06,2.2718777e-05,1.2337279e-05,7.3808656e-06,5.743138e-06,4.9230393e-06,2.901449e-07,6.827159e-06,4.8684183e-06,2.7319857e-07,1.7083227e-06,2.9804435e-06,1.3469277e-06,1.0003184e-05,1.9292936e-06,0.0032280076,2.511575e-06,0.0002015423,2.3710687e-05,1.5125162e-06,8.610083e-06,5.7565494e-06,1.262296e-07,9.130512e-05,1.0328937e-05,9.011254e-06,0.00032041158,3.969738e-07,2.2592718e-07,7.965992e-07,3.6052547e-06,3.931478e-06,6.3519064e-06,8.770224e-05,7.937584e-06,8.47654e-06,7.228473e-05,1.0946837e-05,2.080923e-06,7.52116e-09,1.2645948e-05,4.949958e-06,6.71143e-08,5.42285e-06,2.4453986e-06,9.792771e-08,2.8025104e-05,6.152279e-07,2.7484954e-05,2.383324e-06,3.5069795e-06,4.170562e-07,4.2030138e-06,1.2777441e-05,0.00024205,3.887735e-05,2.0125156e-06,6.518553e-07,6.4451747e-06,6.85569e-06,1.4709676e-05,3.9013776e-06,1.3062674e-07,7.2975534e-05,5.4057173e-06,1.4374261e-07,1.6509887e-07,4.2141895e-07,0.00011017967,3.193645e-06,2.4484381e-05,6.144612e-05,7.742144e-05,3.0211548e-05,2.3633295e-06,1.4000253e-08,0.000109080655,4.093309e-05,0.00014770502,4.6857537e-08,2.7207273e-06,1.0094493e-05,5.3396575e-06,6.256624e-07,1.0280626e-05,1.2631657e-06,0.00011400817,1.751012e-05,1.1619414e-05,2.3500612e-05,0.00016772564,1.924387e-06,2.509585e-05,1.3690887e-06,3.6059564e-06,3.8885555e-06,1.2127822e-07,0.0003054683,2.2541376e-06,6.770742e-06,2.4085699e-05,0.00012838616,3.2351381e-06,5.387867e-05,0.00048067648,5.1449966e-05,0.00041796392,5.267839e-05,1.4378774e-05,0.00033814283,3.4357956e-05,3.8241546e-05,1.7632952e-06,3.1231502e-05,9.161023e-08,2.2964641e-05,1.8041297e-06,1.3391995e-08,3.1976382e-05,0.0005014426,8.2284794e-05,0.0005096358,1.0581368e-06,1.3183036e-05,0.00012973037,0.0007556154,9.618907e-08,4.7608995e-05
BC2026_Train_0050_S22_20220205_214500_025,7.56559e-09,3.8174376e-06,1.965991e-05,0.0006916628,1.5549102e-07,2.046765e-08,5.744644e-06,8.968318e-07,7.1545486e-08,4.101003e-06,6.086218e-05,3.6345096e-05,7.271299e-10,4.3936545e-08,3.9581396e-06,0.002647462,2.0444203e-08,3.980147e-08,0.21395402,3.26782e-05,6.453747e-05,0.8166541,3.5579678e-08,2.9137775e-07,1.3313496e-05,3.5212486e-07,1.8710913e-05,6.657538e-08,1.13742695e-08,4.7984653e-08,1.2009612e-06,3.408156e-07,6.54182e-07,9.6002104e-08,2.7317643e-07,1.959967e-06,4.3411592e-07,2.7906745e-07,2.398027e-07,1.6017583e-06,1.6544972e-06,1.1230877e-06,4.1266253e-06,3.7748921e-07,2.5972284e-07,2.8618516e-07,1.5796015e-06,2.8557192e-08,1.3091504e-08,9.497075e-08,4.6264842e-07,9.4521465e-07,1.0905519e-06,9.3494765e-07,2.5159374e-05,1.4762859e-06,6.1491065e-08,0.07804355,1.06339066e-07,2.6044412e-07,0.95531654,8.680268e-08,4.0825416e-06,0.7754526,0.999928,2.6285356e-06,1.0028218e-06,4.9328764e-07,6.799589e-08,1.2473745e-05,2.3950845e-08,2.4043256e-08,5.1233168e-05,6.902514e-05,1.1432685e-09,3.9425277e-06,2.196258e-05,4.2712792e-05,5.1420248e-08,5.23413e-07,1.9509337e-06,3.791409e-06,6.6977477e-06,9.105701e-06,4.2114536e-07,2.7698707e-06,5.632285e-07,3.3303986e-05,1.6625572e-05,8.410864e-06,2.6961638e-05,9.982333e-06,6.6257843e-07,0.00031946937,9.466504e-06,9.707056e-07,1.8260298e-06,3.795613e-07,0.00033770694,0.0006569001,1.675285e-05,5.741869e-09,8.244085e-05,2.3268107e-05,1.5390507e-06,4.799675e-05,7.8371517e-07,3.813277e-05,9.179717e-06,3.5956784e-06,1.6205341e-06,3.1320567e-06,1.8026817e-07,1.0143534e-05,6.8254208e-06,3.9826003e-07,3.4113626e-07,1.87339e-07,9.801887e-07,3.615974e-06,3.2567772e-08,0.0012716395,5.4187085e-06,0.0001447192,7.9389014e-07,7.152617e-07,2.0588598e-06,9.423452e-07,6.818209e-09,2.5095517e-06,9.0479375e-07,5.621195e-06,3.660671e-05,1.2665224e-07,2.053615e-07,1.2575798e-07,5.5456206e-07,1.2433676e-06,7.248611e-08,3.192906e-05,2.0886212e-06,5.049017e-06,1.4448257e-05,7.5907883e-06,1.2771144e-07,1.1163034e-09,1.6309872e-05,9.998511e-07,4.405563e-08,2.1960445e-06,2.5672637e-06,1.7092826e-07,7.614991e-06,2.4175563e-07,1.209687e-05,1.1400158e-06,6.179109e-06,3.7631028e-06,6.970481e-07,1.1033627e-06,0.00016759361,1.5968018e-05,1.08971136e-07,4.4394812e-07,3.6313281e-06,1.1209135e-06,2.538584e-06,1.589663e-06,1.0766913e-07,6.7979316e-05,2.1071678e-06,8.516858e-08,1.7791923e-07,1.02181836e-07,8.3151914e-05,7.5864216e-07,7.113202e-06,5.8122467e-05,2.6701666e-05,5.1041366e-07,2.0399739e-06,9.516836e-09,4.6915284e-05,5.7020145e-05,0.00027519988,1.759955e-08,1.6117472e-06,2.7479004e-05,2.5821685e-06,1.4220514e-07,3.0230021e-05,1.8019801e-06,0.00036388534,3.30817e-06,5.2446558e-06,1.2243538e-05,9.6608324e-05,6.1682175e-07,1.9726262e-05,3.036676e-07,1.1552715e-06,3.935413e-06,1.43911825e-08,0.0006607191,1.8349695e-06,8.673764e-06,4.8011752e-06,1.9757119e-05,4.5360176e-07,4.479311e-05,0.00019356815,1.2867306e-05,0.00022929825,4.5958175e-05,2.30822e-06,8.640542e-05,0.00028262087,5.2221685e-07,8.208596e-06,5.398155e-06,5.203581e-07,3.8044082e-06,1.5377478e-06,2.0866405e-08,5.001397e-05,0.00039656102,1.9555831e-05,2.2997954e-05,1.4350114e-07,1.4405208e-05,1.8356262e-05,0.00027812188,1.2433264e-08,5.965924e-05
BC2026_Train_0050_S22_20220205_214500_030,6.38663e-10,2.0156374e-07,8.3245476e-07,0.00019344507,3.870441e-08,8.706844e-09,1.1550639e-07,7.722481e-08,7.5233736e-08,2.833442e-06,2.0795678e-05,3.5751525e-06,1.257427e-10,5.2894458e-09,4.906944e-07,0.008124766,4.8684066e-09,1.4438601e-09,0.35551417,3.551047e-05,3.714694e-05,0.7681992,2.0700814e-09,4.664825e-08,3.1348563e-06,2.1220286e-08,2.9417092e-06,3.8756415e-08,1.6577637e-09,6.015388e-08,1.2808958e-07,4.959376e-08,7.56744e-08,1.9906647e-08,3.9266855e-08,2.3229397e-07,3.9754052e-08,3.910392e-08,2.5592106e-08,2.2462395e-07,1.96189e-07,1.3311728e-07,5.66641e-07,2.7173636e-08,2.9959207e-08,2.7913499e-08,1.7947004e-07,4.0417287e-09,1.7703407e-09,1.471401e-08,5.232753e-08,1.0515693e-07,1.4312093e-07,9.944727e-08,4.021322e-06,1.6341336e-07,4.3409827e-09,0.02136928,6.4334835e-09,3.6583703e-08,0.85390186,8.088103e-09,6.883822e-07,0.70223296,0.9995617,3.6064478e-07,1.9909521e-07,1.0590792e-07,5.2413305e-09,3.1290947e-06,1.0594682e-09,1.1863217e-09,9.249332e-06,4.9770177e-05,1.8238905e-10,5.630728e-07,4.1826174e-06,2.538256e-05,1.5456516e-08,6.421129e-07,1.309506e-06,1.0725566e-06,1.6670093e-06,9.814403e-07,3.8654287e-07,4.147209e-07,6.346491e-08,3.5409491e-06,5.744321e-06,2.0478665e-06,2.1350244e-05,3.2857677e-06,1.4116e-07,6.639823e-05,3.3144956e-06,4.329669e-07,4.384091e-07,4.611691e-08,8.430474e-05,0.00025975416,3.2918963e-06,2.5841762e-09,7.3654805e-06,2.5920026e-05,1.7726512e-06,1.642654e-05,3.1205275e-08,7.510386e-06,6.015719e-06,7.305969e-07,2.2240476e-07,1.1173755e-06,2.310811e-08,1.0224622e-06,1.8731696e-06,1.04074246e-07,2.158188e-07,6.883914e-08,1.513646e-07,1.8880357e-06,1.8992159e-08,0.00010525798,9.658071e-07,0.00015156838,1.5721517e-06,2.0338558e-07,3.3554932e-07,3.8337973e-07,5.893669e-10,8.002075e-07,1.6992351e-07,1.902058e-06,1.3293464e-05,4.7130293e-08,9.75156e-08,7.5922635e-08,1.6725446e-07,3.146443e-07,1.944006e-08,1.3456538e-05,1.2028164e-07,4.0570427e-07,8.934753e-07,5.401487e-06,1.822111e-07,1.1638267e-09,1.6447639e-06,1.0881391e-07,4.980646e-09,5.131146e-07,5.5244584e-07,1.079475e-08,2.0335037e-06,2.6312836e-08,4.926947e-06,4.092729e-07,1.145426e-07,1.4665193e-07,2.0155046e-07,4.4283345e-07,3.1949396e-06,5.9759154e-06,9.1877084e-08,6.1498106e-08,2.2154298e-07,5.585876e-07,4.4915166e-07,3.82069e-07,3.2718567e-08,1.2284074e-05,4.2541743e-07,1.3769773e-08,1.9786272e-08,3.1993643e-08,3.761255e-05,1.7048156e-07,8.152271e-07,9.558081e-06,4.2894026e-06,6.868693e-07,5.634558e-07,1.0257266e-09,1.7621083e-05,1.1964539e-05,0.00013624274,2.4906874e-09,8.729895e-08,1.6550463e-05,2.5947824e-07,7.233708e-08,1.1898652e-06,7.7622485e-07,0.00010903854,1.8996706e-06,2.150253e-06,5.5986557e-06,1.16668825e-05,3.624905e-08,5.285311e-06,9.685607e-08,9.14034e-08,1.7771961e-06,2.0480724e-09,6.6993976e-05,3.7035812e-07,7.471259e-06,1.2648957e-06,9.365054e-06,6.097531e-08,5.0214394e-06,4.400597e-05,6.471925e-06,1.0292762e-05,2.3032082e-05,1.2030509e-06,3.7075377e-05,1.40176735e-05,4.6805332e-07,5.80296e-07,4.5933452e-06,1.2973284e-08,4.039384e-07,5.010462e-07,1.3374273e-09,3.2947546e-06,0.00027193467,2.8160346e-06,4.308915e-06,9.475738e-09,9.114371e-06,1.0781153e-05,0.00011111703,3.103041e-09,5.1364323e-06
BC2026_Train_0050_S22_20220205_214500_035,2.1977766e-09,8.899265e-07,2.3603657e-06,0.00027643793,5.6398754e-08,8.976293e-09,1.7072153e-07,3.9917683e-07,1.7107895e-07,3.505087e-06,2.7539683e-05,9.731215e-06,8.5977564e-10,6.879687e-08,2.91433e-06,0.0027479657,8.737255e-09,9.1726635e-09,0.19176523,8.387094e-05,4.0564046e-05,0.78174335,9.111269e-09,1.5345235e-07,3.2860185e-06,6.056915e-08,8.746887e-06,3.528852e-08,3.5619043e-09,1.4408518e-07,6.3375927e-07,2.5215368e-07,2.9133886e-07,5.9790466e-08,1.2619347e-07,8.9159744e-07,4.0626418e-07,3.0749717e-07,1.388862e-07,5.4848607e-07,1.3246678e-06,5.208675e-07,1.7162555e-06,1.578779e-07,1.23156e-07,1.2677042e-07,9.247067e-07,1.491559e-08,1.4141367e-08,1.07956616e-07,2.019973e-07,3.5758134e-07,5.0184434e-07,3.884445e-07,1.49117795e-05,4.3933156e-07,3.7215134e-08,0.04226978,3.2862793e-08,1.651973e-07,0.91615814,1.0781561e-08,3.104291e-06,0.49769232,0.9990343,9.3084896e-07,2.5387487e-06,1.3140868e-07,4.1579245e-08,6.751444e-06,4.665997e-09,1.56216e-08,5.4140368e-05,1.3923719e-05,3.4949618e-10,6.349977e-07,1.15816e-05,4.614829e-05,2.5440313e-08,7.886072e-07,1.1889034e-06,9.3826424e-07,5.331058e-06,5.7195525e-06,3.6538415e-07,5.8872087e-07,7.180674e-08,8.372179e-06,1.856557e-05,2.2130193e-06,2.3946015e-05,3.3180916e-06,9.610761e-07,5.2801508e-05,8.6030805e-06,6.132591e-07,2.421694e-06,4.1113265e-07,0.00028818354,0.00027213592,2.0445766e-05,2.6373317e-09,8.050926e-06,1.976545e-05,4.8911515e-06,9.270676e-06,1.09025194e-07,3.5406323e-05,3.2122905e-05,2.2592058e-06,1.1691693e-06,3.1528878e-06,5.664314e-08,3.752517e-06,1.6632632e-06,2.6369239e-07,3.239468e-07,1.15176405e-07,5.265632e-07,3.7220789e-06,8.335258e-08,0.0011843838,1.8515019e-06,0.00021841172,1.6084567e-06,8.338087e-07,7.226157e-07,5.163707e-07,2.870019e-09,1.9608906e-06,1.2327366e-06,7.0822343e-06,4.9496516e-06,8.699959e-08,9.290215e-08,3.5505987e-08,1.4329629e-06,1.0931133e-06,7.445857e-08,7.728663e-06,3.1577335e-07,2.767893e-06,4.0601885e-06,2.133911e-05,3.2171047e-07,1.9974185e-09,2.4088185e-06,8.8493096e-08,2.9853567e-08,1.003972e-06,6.861092e-07,4.091862e-08,4.0163472e-06,1.669031e-07,1.681898e-05,1.1171794e-06,7.2620116e-07,9.372393e-07,1.4923637e-06,1.4150088e-06,8.376655e-05,1.532529e-05,2.0908762e-07,2.0765525e-07,3.8658527e-07,5.8352475e-07,1.3938155e-06,7.428931e-07,3.5548272e-08,1.2715738e-05,8.599862e-07,3.8624762e-08,1.0890236e-07,4.8842207e-08,5.6692388e-05,3.4864505e-07,5.9421876e-07,2.6728365e-05,1.6153685e-05,9.622546e-07,1.433462e-06,2.7823703e-09,4.090991e-05,3.3388766e-05,0.00016653442,2.0053365e-08,2.1779171e-07,6.3831008e-06,3.3254507e-06,5.407566e-08,3.998385e-06,1.5449668e-06,4.5519726e-05,6.4339183e-06,3.264382e-06,6.6963553e-06,8.153969e-05,1.9570521e-07,7.5561265e-06,7.593466e-08,3.1060748e-07,1.3397316e-06,1.1015933e-08,0.00017895337,7.838206e-07,6.335596e-06,3.6244155e-06,4.4171582e-05,7.7908766e-08,1.2301869e-05,9.444781e-06,1.6098722e-05,1.9259227e-05,3.1661082e-05,2.3669252e-06,0.00010906693,1.3683418e-05,9.974091e-07,3.723694e-06,3.916748e-06,5.4922193e-08,2.6124962e-06,2.2172337e-06,5.430779e-09,2.1399983e-05,0.00041653222,2.402335e-05,3.3125878e-05,2.0785848e-08,9.201277e-06,2.5951787e-05,0.0005536392,2.0463007e-08,1.1193869e-05
BC2026_Train_0050_S22_20220205_214500_040,1.622611e-09,4.1207198e-07,8.2099444e-07,9.069491e-05,1.2216666e-08,4.6039372e-09,1.3667587e-07,1.0841367e-07,1.7497419e-07,1.5733381e-06,2.3722472e-05,2.237445e-06,2.8534677e-10,1.4749554e-08,6.656464e-07,0.0065526916,2.7163776e-09,9.643827e-10,0.4788134,1.540528e-05,5.115569e-05,0.9195561,3.6749996e-09,2.89492e-08,2.5642664e-06,1.538557e-08,1.8069638e-06,1.5788206e-08,8.507451e-10,2.157675e-08,1.1201457e-07,4.4066297e-08,7.2524834e-08,1.43216035e-08,3.2412785e-08,1.5363364e-07,6.603436e-08,6.8828115e-08,2.6870477e-08,2.2502554e-07,2.0634407e-07,9.6412975e-08,4.690028e-07,2.3571292e-08,2.9289215e-08,2.7286443e-08,3.7866937e-07,4.5425907e-09,2.8312688e-09,2.9919175e-08,5.705638e-08,1.06440524e-07,1.5739278e-07,6.216241e-08,4.626754e-06,2.279103e-07,1.7737272e-09,0.023794211,5.7065823e-09,1.11091154e-07,0.9814949,6.8176247e-09,3.2815512e-07,0.829318,0.999451,5.364901e-07,4.3661663e-07,4.2986347e-08,1.5543936e-08,2.6128253e-06,2.5539577e-09,1.7676312e-09,1.5194098e-05,2.7384513e-05,1.2339366e-10,6.6641746e-07,5.8744836e-06,3.6092093e-05,3.4019256e-09,2.9924263e-07,9.579202e-07,2.7900273e-06,2.907121e-06,4.5194506e-06,1.313151e-07,4.516916e-07,2.5693105e-08,3.0477988e-06,2.218416e-06,1.0411212e-06,2.592638e-05,2.7105623e-06,2.6379098e-07,3.5196692e-05,1.6173535e-06,2.9449882e-07,4.5909007e-07,6.4469376e-08,0.00019996159,0.00027402036,4.8135125e-06,1.2338525e-09,4.291907e-06,1.920721e-05,3.5619346e-06,5.6896365e-06,1.4834703e-08,9.342914e-06,8.425001e-06,5.8139943e-07,3.2903034e-07,4.96265e-07,1.9551615e-08,1.3203115e-06,1.1136871e-06,1.02234466e-07,8.15263e-08,2.0599428e-07,6.029171e-08,1.5051146e-06,3.3708464e-08,0.00026594917,3.9949254e-07,0.00014297615,9.596373e-07,5.312445e-07,1.6315192e-07,1.853437e-07,1.7264371e-09,1.2359089e-06,3.1708004e-07,1.273028e-06,2.4635676e-06,1.0393835e-07,9.732013e-08,2.3149887e-08,3.0686033e-07,2.4358042e-07,3.8193562e-08,1.3701176e-05,8.928911e-08,4.8819993e-07,1.7074188e-06,5.253792e-06,2.8063536e-07,1.6250393e-09,2.225156e-06,1.0201339e-07,5.7563545e-09,7.5383525e-07,8.5462534e-07,1.360019e-08,2.8016923e-06,2.7763233e-08,4.8876823e-06,2.5745845e-07,1.0966882e-07,1.7935709e-07,2.7166024e-07,2.3576023e-07,2.0608106e-05,2.6331973e-06,3.5563122e-08,7.406889e-08,2.4902025e-07,2.2506697e-07,8.8072863e-07,7.762137e-07,2.270178e-08,6.690177e-06,4.1737735e-07,4.165003e-09,1.6239772e-08,2.4879396e-08,7.395103e-05,6.725821e-07,2.8175148e-07,6.319171e-06,1.9772615e-06,3.8454448e-07,4.8712377e-07,3.6497733e-10,2.2623928e-05,8.514562e-06,3.5533303e-05,1.3791213e-09,6.92528e-08,4.765507e-06,1.9136687e-07,2.3697153e-08,8.668957e-07,8.510288e-07,4.8526104e-05,3.1297782e-06,1.1106143e-06,4.3367786e-06,2.3471339e-05,5.2980614e-08,7.4428135e-06,4.5353293e-08,1.3101163e-07,3.6816633e-07,2.4761455e-09,6.586584e-05,8.302594e-07,2.2321572e-06,2.7021663e-06,1.6257773e-05,8.3502314e-08,6.8237805e-06,1.1449926e-05,4.035579e-06,5.8366e-06,1.0619618e-05,1.3899037e-06,2.852874e-05,9.303198e-06,9.637369e-07,8.0786765e-07,3.95663e-06,1.816009e-08,1.0157194e-06,1.0823325e-06,6.781088e-10,2.0112202e-06,0.00016496585,5.663002e-06,7.791723e-06,1.7987006e-08,4.7703816e-06,6.777374e-05,0.0001603133,7.6327265e-09,2.761802e-06
BC2026_Train_0050_S22_20220205_214500_045,7.520945e-09,1.2238645e-06,7.4254294e-06,0.0001361408,1.16440404e-07,2.545361e-08,6.1229366e-07,1.0435277e-06,6.53369e-07,1.1216599e-06,8.610816e-05,1.5089092e-05,2.6719595e-09,3.3086508e-08,2.7001392e-06,0.006547181,2.2821604e-08,1.558214e-08,0.14050056,0.00011147703,6.991603e-05,0.6187008,4.466242e-08,2.9045194e-07,3.9676593e-06,4.9816734e-08,1.8545008e-05,1.04695225e-07,4.825016e-08,3.0632816e-07,4.935083e-07,5.7364696e-07,4.5729587e-07,1.1217065e-07,3.0806572e-07,2.1660576e-06,1.1575235e-06,8.6092655e-07,1.7949279e-07,1.6372894e-06,1.9010445e-06,5.103874e-07,3.0724848e-06,5.4744976e-07,2.494514e-07,2.5933994e-07,1.8218622e-06,3.3188837e-08,3.7457262e-08,2.8188373e-07,3.6414195e-07,6.41928e-07,8.735256e-07,5.066899e-07,2.340252e-05,1.1548937e-06,7.9819934e-08,0.10722513,1.1428804e-07,4.0247414e-07,0.9889408,2.9643061e-08,7.765159e-06,0.6594378,0.9989115,1.1437968e-06,4.234064e-06,7.240906e-07,4.009061e-08,1.59691e-05,1.1779663e-08,4.0176268e-08,5.0766037e-05,1.5654397e-05,2.0543989e-09,1.2274062e-06,1.1714891e-05,6.1549865e-05,6.46552e-08,4.4404166e-07,2.4034007e-06,4.7403732e-06,8.811909e-06,4.35543e-06,1.8141953e-06,2.5179304e-06,1.312225e-06,3.0452527e-05,1.848413e-05,4.466014e-06,9.5758005e-05,7.3509905e-06,2.1228338e-06,0.00014754708,6.167275e-06,1.7205952e-06,2.9962462e-06,3.8405526e-07,0.0015653268,0.00040311,3.0330395e-05,3.062349e-08,4.4956534e-05,3.2079955e-05,6.8396844e-06,4.1444968e-05,4.1368006e-07,1.2279893e-05,7.3512296e-05,4.911096e-06,1.6215791e-06,3.4671536e-06,1.3901088e-07,9.063802e-06,1.9358179e-06,1.2198317e-06,8.1362714e-07,3.5198553e-07,1.5513524e-06,5.971096e-06,1.5339967e-07,0.00035077718,4.1294793e-06,0.00036461127,1.5828451e-06,1.9367633e-06,1.5253637e-06,1.3999608e-06,1.2135638e-08,1.5591481e-06,1.6866803e-06,7.219109e-06,5.0403282e-06,5.07109e-07,4.787865e-07,2.9611223e-07,9.442047e-07,1.2859892e-06,1.8510273e-07,3.0981137e-05,1.2858359e-06,1.3750799e-05,1.047293e-05,3.052391e-05,3.0797938e-07,8.919478e-09,9.64254e-06,1.7149257e-07,1.3224887e-07,1.2972229e-06,6.6072607e-06,1.3865896e-07,3.9842785e-06,2.477201e-07,1.5534708e-05,1.4349789e-06,1.2979541e-06,2.0233633e-06,3.5577043e-06,6.4969737e-07,0.00037492765,2.789424e-05,2.0842785e-07,7.2217966e-07,1.1158282e-06,8.4517217e-07,1.0152894e-06,1.9225217e-06,5.213267e-07,7.98229e-05,7.600422e-06,5.301973e-08,8.859578e-08,8.080919e-07,0.00020877697,1.4798735e-06,4.4089757e-07,4.042425e-05,1.9561743e-05,9.990198e-07,3.3740614e-06,1.405891e-08,7.065651e-05,0.00012784741,0.00037061883,3.87837e-08,5.5259284e-07,2.984586e-05,2.2225474e-06,1.340097e-07,4.671811e-06,4.7679214e-06,0.000112675785,2.2374543e-05,8.009114e-06,1.2048238e-05,0.000113105205,7.3578735e-07,9.472546e-06,1.2461224e-07,3.5964088e-06,7.39938e-06,1.5977847e-08,0.00027932593,2.1537192e-06,2.4868968e-05,4.25763e-06,5.930625e-05,5.531576e-07,6.184539e-05,0.00031999702,6.3408916e-06,0.00029711454,6.273089e-05,7.2732523e-06,6.654782e-05,2.4490078e-05,8.490467e-07,1.2762268e-05,7.440081e-06,4.2819786e-07,9.168885e-06,2.6062628e-06,1.178971e-08,5.9614995e-05,0.0014390395,9.802861e-06,6.6473294e-05,1.6162016e-07,1.4911267e-05,1.6221053e-05,0.00026557595,5.0635414e-08,1.6600508e-05
BC2026_Train_0050_S22_20220205_214500_050,3.649878e-07,0.0002213708,7.661875e-05,0.006477616,2.817807e-05,3.9876474e-07,4.736849e-06,9.730664e-05,0.00015778026,0.00076900085,0.0074519124,0.0004746244,1.6476415e-06,8.802871e-06,0.0001438829,0.07771879,3.0585536e-05,1.4705921e-06,0.8335472,0.0016088807,0.0021620279,0.30687964,1.4831314e-06,8.216028e-05,1.0597279e-05,6.7781906e-07,0.0013321938,1.4591827e-06,1.0745679e-07,6.708905e-05,0.00023884463,6.419032e-05,8.839972e-05,4.063734e-05,8.3652565e-05,0.00011813135,4.603437e-05,0.00010655876,0.00013279656,0.0001827391,0.000898366,0.00021261023,0.00055361626,2.1866777e-05,1.6346778e-05,1.41333e-05,0.00023523539,2.3541113e-06,9.271172e-06,5.026653e-05,9.249695e-05,0.00011507199,0.00018919607,0.00026412326,0.0013558876,5.5869685e-05,0.00013074462,0.94653845,3.4947432e-06,6.601588e-05,0.9411483,5.4546813e-06,0.0014392431,0.6949151,0.96420115,5.3086365e-05,0.00025227305,5.1379166e-06,0.00013927651,9.9783865e-05,8.923146e-07,7.348383e-06,0.000115856135,3.071792e-05,8.7145075e-08,6.3068833e-06,0.000517025,0.00032015264,1.28990905e-05,1.8330267e-05,1.5521235e-05,1.9004461e-06,6.0988787e-05,1.1673772e-05,3.7648365e-06,6.7932506e-06,1.5736361e-05,0.00013379354,0.00038273606,3.3349308e-05,0.00053338415,2.0131998e-05,2.8920507e-05,0.00011446885,0.00011095609,1.41245155e-05,5.9430797e-05,1.0329243e-05,0.00421184,0.00176996,0.00022882958,4.041376e-07,0.0002277745,0.00027560606,0.00074201555,9.415199e-05,3.1860213e-06,0.0013345274,0.0013335726,0.0001727146,4.5129942e-05,0.0004273189,2.6762025e-06,4.565663e-05,0.00013479058,5.123692e-06,1.6322492e-05,1.4161767e-06,1.8550827e-05,0.00010774881,6.100897e-06,0.005667519,4.51488e-05,0.0005315793,3.6046207e-05,3.4309724e-05,8.798151e-05,1.48930485e-05,1.6191083e-06,6.196104e-05,7.2787116e-05,0.0005056761,1.4401623e-05,3.9604915e-06,2.0173404e-06,8.042148e-06,2.6053607e-05,7.1887065e-05,5.969701e-06,0.0001059971,0.00010598537,8.574393e-05,0.000104569895,0.00026359895,7.6221375e-05,1.8185955e-07,2.5324704e-05,9.175385e-07,1.0205401e-06,0.00016492952,1.2386357e-05,2.2198592e-06,3.8313716e-05,3.191255e-06,0.0001668175,2.1969576e-05,6.311853e-06,4.159527e-05,0.00030659948,0.000163415,0.0010933549,0.00021461069,3.6973172e-06,2.5478344e-06,1.6097717e-06,0.00015587219,1.753965e-05,6.534719e-05,2.0852199e-06,0.000101139,5.540866e-05,4.2463084e-06,1.834441e-06,1.001585e-05,0.00089281716,2.0686908e-05,4.0620715e-05,9.201644e-05,7.06675e-05,2.3216773e-05,4.3948636e-05,1.1959653e-06,0.0003553939,0.0004479002,0.00048003817,3.6593342e-06,1.0574665e-05,4.1890242e-05,9.737031e-05,3.0901547e-06,6.963231e-05,1.3695167e-05,4.6991227e-05,0.00092469965,5.1834784e-05,0.00013024265,0.0009854054,1.7422872e-05,3.4555964e-05,1.4142398e-06,3.2085798e-05,4.846497e-05,2.542453e-06,0.00015032467,1.1273016e-05,3.6166686e-05,5.7444755e-05,0.00014775546,6.6017433e-06,0.00039831293,0.00015931609,0.00012346756,3.1051033e-05,0.0005198769,0.00018165766,0.0016522368,1.7162314e-05,4.4470657e-05,0.00042650927,3.9813727e-05,3.195116e-06,0.00028940107,3.989647e-05,5.343878e-07,0.0029013169,0.0009338404,0.0004267164,0.0002070037,5.311756e-07,1.9180505e-05,5.9906606e-06,0.0012650081,2.380403e-06,0.00032988025
BC2026_Train_0050_S22_20220205_214500_055,8.381251e-08,0.00018733903,4.5910034e-05,0.00092510803,5.9433914e-05,6.5549847e-07,1.7053732e-06,0.0017269974,0.0021653213,0.0002751605,0.0050997073,6.488892e-05,1.988403e-06,5.4251673e-06,8.0722326e-05,0.50291216,5.5340013e-05,3.47661e-06,0.91955787,0.00033052845,0.0030551113,0.26444998,8.952229e-06,0.00040018625,3.6169415e-05,2.3661057e-06,0.014993036,1.0434388e-05,1.13717036e-07,4.647338e-05,0.00022130685,5.679823e-05,0.0001279163,6.226697e-05,0.00018427626,9.70297e-05,3.2831947e-05,5.2389478e-05,0.00014995347,0.000117022515,0.001485397,0.000251535,0.0020257893,3.2845037e-05,1.0678479e-05,1.006766e-05,0.00018061291,2.2728657e-06,8.320958e-06,2.2749326e-05,0.00012233442,0.00015759366,0.00021071,0.0007613646,0.0011505169,0.00014302495,0.00034238285,0.9495182,2.6333899e-05,0.00042955516,0.50298315,4.9122764e-06,0.0012330385,0.8832084,0.91082966,0.0005915713,0.0004224442,5.237081e-07,1.4349951e-05,0.00017088548,4.786929e-07,2.7602602e-05,9.1407404e-05,5.0719505e-06,4.055019e-08,9.571307e-06,0.00028134894,0.00011529154,0.00013341925,1.7322274e-05,1.0899252e-05,4.892183e-07,3.5092562e-05,6.2374556e-06,8.353057e-07,5.8817873e-06,4.5761794e-06,8.9777226e-05,0.0005056886,8.777956e-06,0.00011984277,0.00011195288,1.1163039e-06,2.6580276e-05,0.00017441838,7.33101e-06,4.530488e-05,5.2873307e-05,0.0002118789,0.00031811022,6.156653e-05,1.4608105e-06,0.00010650541,8.901809e-05,0.0006160139,3.808273e-05,4.2141114e-06,6.1056926e-05,0.00015730811,0.00082382985,4.68952e-05,0.0002760905,1.8069984e-06,1.3460889e-05,3.3216413e-05,6.9442335e-06,2.0196552e-05,8.3045813e-07,1.20233535e-05,3.7363054e-05,8.97127e-06,0.003936243,7.3966265e-05,0.0002585405,4.475731e-06,3.974999e-05,0.0003292051,5.6638997e-05,1.9887275e-06,0.00015346563,2.4828047e-05,0.0004182429,6.9136913e-06,3.7396694e-06,9.320001e-07,5.033824e-06,1.7091397e-05,8.63746e-05,1.9760116e-06,9.046093e-05,0.00011132522,2.4172772e-05,2.7040793e-05,8.665155e-05,1.620726e-05,6.5643553e-07,5.410898e-05,7.038664e-07,1.5518733e-06,3.1101885e-05,1.8292094e-05,1.0539709e-05,7.484152e-06,5.1214497e-06,0.00016102415,0.00015184772,6.5675695e-06,4.4929493e-05,0.00077811896,0.00020665702,0.00013314537,9.107365e-05,1.0269772e-06,4.9863547e-06,1.1555602e-06,0.00076824974,2.0710597e-05,1.1589699e-05,4.7591716e-06,6.9528e-05,0.00040238476,2.631681e-06,5.7459974e-06,2.5655048e-05,0.00044712613,2.1333493e-05,7.8960824e-05,4.1267063e-05,4.803966e-05,7.1174773e-06,2.6505148e-05,8.0202886e-07,0.0002890448,0.00013737376,4.1588646e-05,2.9136992e-05,1.0319978e-05,3.166854e-05,0.00012325429,2.1801977e-06,1.8557977e-05,4.676099e-06,5.52656e-05,0.00016303197,0.00011327412,0.00014813649,0.00029067643,5.0583367e-05,3.8231225e-05,6.4023784e-06,6.488873e-05,0.00026659426,2.508578e-06,2.875734e-05,2.1857875e-05,1.5688891e-05,3.4391585e-06,6.296367e-05,2.5924799e-06,0.0030868337,0.00019420002,4.760627e-05,2.1296682e-05,0.00045732225,0.00022871004,0.0018679908,8.85798e-06,5.647073e-05,0.001195343,1.911134e-05,5.3438193e-06,0.0005254634,3.3957393e-05,1.2928139e-06,0.0015638102,0.00055089354,3.7861475e-05,0.00012269845,7.072329e-08,1.1118257e-05,1.9214426e-07,0.00039766624,6.8228627e-07,0.000103603175
BC2026_Train_0051_S22_20220208_231500_000,7.854311e-10,2.8369461e-08,2.0159789e-08,4.9187503e-05,2.8522571e-08,2.7099334e-10,1.078209e-09,3.0479093e-08,8.990273e-05,0.00011758224,0.9114232,1.5433602e-07,1.11389635e-08,1.7277012e-10,1.7739336e-09,0.007270865,2.5736414e-08,2.7962159e-11,0.0031760929,1.4029318e-06,2.4607418e-08,0.0037570787,1.1054977e-08,2.6123761e-08,4.5191607e-07,6.4809336e-10,4.481354e-08,2.5599041e-08,5.233868e-09,9.786132e-06,4.31811e-08,3.2581195e-08,7.9044085e-08,1.2810041e-08,1.21691075e-08,3.7054352e-08,1.5322976e-07,4.833878e-08,5.6131313e-08,2.606334e-08,6.4791294e-07,5.104492e-08,6.199155e-08,9.182658e-09,1.7773341e-09,1.5785457e-09,2.0399295e-08,1.0979659e-09,2.9978857e-09,1.46542405e-08,5.4477627e-09,5.4751483e-09,6.0252137e-09,1.4641422e-07,2.2021024e-07,1.1501543e-08,8.336017e-09,0.8226875,5.5387205e-11,2.6642054e-08,0.6461959,2.9100305e-10,0.00020486131,0.97985303,0.0024406742,2.5693007e-08,9.913442e-08,3.489127e-10,1.0389837e-10,3.0607265e-07,1.1917717e-09,4.831488e-09,7.0838716e-08,1.6613164e-07,2.1153639e-09,4.1097455e-06,5.829391e-06,2.0051818e-06,7.109535e-08,2.0015726e-08,9.977422e-07,3.8149807e-08,3.922811e-06,9.547084e-10,9.576273e-08,8.4980655e-07,9.349408e-08,7.2818652e-06,1.907666e-06,2.529444e-07,5.60797e-06,1.13056984e-07,1.2238746e-07,1.6952579e-06,1.1654622e-06,1.3672188e-07,2.928009e-07,7.654001e-06,7.3976054e-07,1.58146e-06,1.5843507e-06,3.3468461e-09,2.4086505e-06,0.00017303159,6.305223e-06,4.6203596e-07,5.9663385e-10,2.1184001e-09,8.263382e-07,3.7620046e-07,6.995922e-08,6.5543463e-07,4.24226e-09,7.6200956e-07,2.2111967e-06,1.105928e-06,3.8209084e-08,3.4225567e-09,3.177963e-07,1.7059263e-06,3.795978e-08,8.7933626e-07,1.1174521e-06,4.136545e-05,1.9115474e-07,1.0712645e-06,1.337866e-07,5.933173e-07,2.0348153e-08,5.5655637e-08,4.390739e-08,1.9295715e-06,1.5006336e-08,2.2435698e-07,2.2745606e-07,2.9342784e-08,6.833041e-08,2.5440318e-07,4.3896506e-08,1.7801845e-05,1.4834e-07,7.330447e-08,7.009278e-08,1.5527718e-07,2.7058668e-06,2.9364028e-10,1.8396637e-06,1.3663084e-08,5.2153104e-07,1.3608265e-07,2.3100215e-06,2.982318e-07,4.0029605e-07,1.054437e-08,1.9303945e-07,3.6509604e-08,3.298997e-08,5.025906e-07,6.3587277e-07,4.0303753e-08,8.088837e-07,4.9183323e-06,2.3730985e-08,8.941711e-08,1.5381726e-08,1.0972297e-05,5.794016e-09,2.6134455e-07,2.2636434e-07,6.072952e-06,4.8159325e-07,6.7251125e-09,9.115139e-10,7.2445874e-07,1.6368101e-06,3.543299e-08,7.095055e-08,5.0124595e-07,7.3448405e-07,7.8867586e-08,4.0888694e-06,4.925503e-09,5.0490557e-06,3.6430208e-06,2.0411414e-06,1.0196806e-07,2.0265537e-08,5.114077e-07,3.4001988e-07,1.1462674e-07,9.3197167e-07,1.9410254e-06,2.6409072e-08,3.9056184e-07,6.332862e-07,1.1909972e-06,1.5184089e-05,1.1157037e-08,2.7368858e-06,1.8584071e-09,9.9416546e-08,2.3675767e-07,4.1581427e-10,1.6255151e-05,1.2942543e-07,9.252719e-06,8.7888435e-07,5.2198316e-06,4.222766e-08,7.4204064e-07,1.9849986e-06,4.422325e-07,2.9003807e-08,4.1006506e-06,0.00016665865,5.7234785e-05,2.8037934e-06,1.0397265e-07,1.4483037e-06,3.3896658e-08,3.0508625e-09,1.2145732e-06,1.5170343e-08,1.0522927e-09,2.0921148e-07,8.967343e-05,1.2573328e-07,1.6999563e-07,5.5332955e-10,9.903581e-07,1.7875204e-08,1.102474e-06,7.2147865e-09,4.496462e-07
BC2026_Train_0051_S22_20220208_231500_005,7.0260207e-09,4.7872486e-06,6.459048e-07,0.002911367,5.793963e-07,6.7612924e-09,1.10699006e-07,2.1423969e-06,0.00024823175,0.00012362884,0.24474205,3.8156977e-06,1.4601536e-08,5.196556e-09,5.1308962e-08,0.06203995,3.7996404e-07,5.7085963e-09,0.15202329,1.0628755e-05,4.9280325e-06,0.012667478,1.00096194e-07,3.4869257e-07,1.3501554e-05,5.4723838e-08,3.4116367e-06,1.9697334e-06,1.9136267e-07,2.2340386e-05,8.973914e-07,1.0633213e-06,3.1068766e-06,1.5219342e-07,3.9409383e-07,3.581643e-06,1.864739e-06,7.2184633e-07,7.489033e-07,1.2872677e-06,3.0998506e-06,1.0322253e-06,1.1605488e-06,1.0045956e-06,1.0185979e-07,9.914142e-08,1.4348378e-06,1.0731035e-07,1.5214175e-07,7.526658e-07,2.7934274e-07,3.3521192e-07,3.5990024e-07,1.1520873e-06,1.5385065e-05,3.8138097e-07,1.1977959e-07,0.90594095,1.8788981e-08,9.564787e-07,0.9956202,2.0564187e-08,0.00044615776,0.98794985,0.9764389,3.1827385e-06,4.207247e-07,6.069578e-08,1.9008386e-09,2.1931226e-05,2.3746505e-09,1.2968601e-07,3.8368767e-06,1.6122598e-05,1.6335301e-08,2.816749e-06,1.5009253e-05,2.4775822e-05,1.8137354e-07,9.494503e-08,7.775586e-06,2.1263847e-07,8.832673e-06,2.4969674e-08,7.967602e-07,3.1010657e-06,3.4090468e-07,1.4452833e-05,3.2987912e-06,4.335443e-06,2.4858324e-05,3.0011422e-06,4.1410124e-07,0.00014560869,3.101255e-06,4.0745094e-06,7.14481e-06,6.923524e-05,1.9435447e-05,5.4146196e-05,4.361357e-06,2.828297e-07,7.675718e-06,0.00017516638,4.480762e-06,4.766294e-06,3.5280245e-08,2.0030342e-07,5.5494634e-06,1.2429929e-06,2.050437e-07,1.5082987e-06,3.1955096e-08,8.801058e-06,9.185356e-06,2.0030086e-06,5.9359576e-07,4.17974e-07,4.050253e-06,6.0476036e-06,1.0963932e-07,6.033973e-06,3.3547844e-06,0.00017534234,3.3825978e-07,2.9600853e-06,1.6280081e-06,1.6448172e-06,2.7612337e-09,1.4156877e-06,5.298137e-07,4.1622443e-06,2.2096527e-05,8.0255757e-07,2.5866834e-07,2.1952437e-07,3.6020342e-07,2.890181e-06,5.4810124e-07,0.00052240107,4.4223586e-07,1.6630603e-06,3.637855e-07,1.7507969e-06,3.0673928e-05,8.431449e-09,6.267108e-06,3.3455397e-08,8.511517e-06,1.8201637e-06,0.00014277248,1.0511095e-06,1.0934846e-06,7.5908595e-08,4.633903e-06,1.0478249e-06,1.3085222e-06,1.2005626e-06,3.652253e-06,6.1879376e-07,7.4769116e-05,3.703481e-05,5.0912586e-08,4.809667e-07,3.0871482e-07,1.3028171e-05,7.24528e-08,8.3504614e-07,1.9511127e-07,7.340344e-05,1.3514708e-06,1.6945316e-08,2.315099e-08,8.135845e-07,7.5836964e-05,2.2632655e-07,3.0465267e-07,1.931092e-06,1.9296633e-06,3.1503345e-07,2.5364156e-06,4.181418e-08,5.628278e-05,2.6211856e-05,2.1186826e-05,1.855883e-07,1.0576743e-07,7.42953e-06,2.5930507e-07,2.9032535e-07,1.2241576e-05,1.47469955e-05,2.1144015e-05,4.894894e-06,1.6539955e-06,8.216412e-06,0.0001453343,2.912616e-07,1.013751e-05,2.9392359e-08,1.3502935e-06,1.144163e-05,3.158311e-08,2.0040416e-05,1.9397135e-06,5.6095934e-05,1.3741453e-05,5.701927e-05,4.9695126e-07,1.2235424e-06,0.000112698355,8.183796e-07,2.80732e-06,2.153806e-05,0.0005804532,5.1951374e-05,5.0524995e-06,6.6171594e-07,2.934435e-06,1.6777045e-06,8.1711555e-08,5.6175995e-06,3.9550122e-07,2.7546072e-08,2.251249e-05,0.00053437724,4.3893368e-07,1.3178523e-05,2.021609e-07,4.317005e-06,3.1309494e-08,2.2109829e-05,5.2738944e-08,1.8555127e-06
BC2026_Train_0051_S22_20220208_231500_010,1.9025432e-09,1.3389015e-06,9.729096e-07,0.00039542402,2.6479086e-06,1.0633841e-08,8.455753e-07,1.8992976e-06,6.210188e-06,3.4299383e-06,0.0032595159,2.6123068e-06,6.188602e-09,8.01265e-09,4.6565834e-08,0.005914909,1.227119e-07,5.0989158e-08,0.32489473,9.051934e-06,0.000119831915,0.5095434,1.11752094e-07,1.00938415e-07,6.994114e-07,2.982375e-07,1.1022448e-06,5.914226e-07,1.5833109e-08,6.4499505e-07,2.3182128e-07,1.4444578e-07,3.2819798e-07,2.723637e-08,1.353084e-07,6.655131e-07,1.01592036e-07,8.748581e-08,9.8816884e-08,6.0207816e-07,4.4989457e-07,3.5085543e-07,9.685511e-07,1.2712817e-07,8.025333e-08,7.50364e-08,1.0131605e-06,1.8586205e-08,1.0258994e-08,6.249849e-08,2.0849961e-07,3.283342e-07,3.6999805e-07,2.831403e-07,5.2803643e-06,4.824101e-07,1.5481447e-08,0.1520959,1.2502565e-07,1.5706935e-06,0.9867578,5.217574e-08,6.3792264e-05,0.97648835,0.99878246,1.2496967e-06,1.2794186e-07,4.6933657e-08,1.6829425e-08,1.4649689e-05,9.480004e-09,9.61599e-08,2.7477012e-05,6.425284e-05,4.7604676e-09,4.6319892e-05,2.647925e-05,3.19013e-05,1.3151762e-07,5.019396e-07,2.9424216e-06,4.2232378e-07,3.600646e-05,9.667723e-08,1.1904533e-06,2.1813834e-05,1.1464021e-05,6.1934975e-06,2.181352e-05,0.0001536371,4.0830946e-05,1.1613289e-05,4.5409735e-07,0.00012091258,1.5954786e-06,3.3364988e-06,6.3824127e-06,4.758305e-07,9.286399e-05,0.00034570278,1.1008382e-06,4.8080842e-08,0.000105401225,0.000104133374,3.0626086e-06,1.7803679e-05,1.0561296e-06,1.6275967e-06,2.6139317e-06,2.7693502e-06,1.2838068e-06,8.77794e-06,1.682359e-07,5.3194035e-06,1.8161209e-05,1.0431954e-06,6.565952e-07,3.9678832e-07,2.8181541e-06,8.384955e-06,2.6957986e-07,0.00057889015,7.793202e-06,0.00023771253,4.0849537e-07,6.267987e-06,2.7308108e-06,8.703336e-06,1.0153891e-08,3.7792001e-06,3.3086513e-07,6.746287e-07,1.9859315e-05,9.606656e-07,2.449158e-07,6.111922e-07,8.9941676e-07,5.5619994e-06,6.8703247e-07,8.302189e-05,1.09582015e-05,1.6952675e-06,3.9806628e-06,9.4777994e-07,5.72186e-06,2.1900238e-08,1.1957306e-05,8.208206e-07,3.5118018e-07,6.087849e-06,5.855417e-05,4.2300746e-07,6.2791446e-06,5.771259e-07,1.4141917e-05,4.564908e-06,1.3139393e-06,6.3040034e-06,2.466508e-07,2.9170908e-06,2.489709e-05,1.7434555e-05,2.2820869e-07,1.3214415e-06,5.395744e-07,2.0470701e-05,3.2455046e-07,1.6111264e-06,2.4386304e-07,8.94914e-05,8.026418e-06,4.711286e-08,6.27242e-08,4.3241064e-07,5.6324177e-05,1.8815954e-06,1.8231204e-06,1.8861761e-05,2.2360166e-05,2.8983457e-06,8.32503e-06,2.9218796e-08,1.5705808e-05,2.6181202e-05,2.9600646e-05,2.7639913e-08,1.4207327e-06,1.3683573e-05,1.145159e-06,5.756467e-07,2.2753404e-05,1.0152206e-05,2.8695456e-05,2.409241e-06,2.185502e-06,3.512179e-05,0.00013574141,2.650243e-07,2.3898541e-05,3.827769e-07,2.7425526e-06,3.7014806e-06,1.189971e-08,0.00034308535,2.7609778e-06,4.009763e-05,1.205687e-05,3.031134e-05,2.4182296e-07,6.3026023e-06,0.00047050364,7.5281773e-06,5.1744955e-06,2.4531098e-05,3.7241311e-06,4.5615543e-05,1.937035e-05,8.199458e-06,1.3173999e-05,6.388777e-06,1.7040628e-06,2.5563431e-06,8.2115565e-07,7.1802733e-09,4.5066854e-06,0.0002752678,2.0498144e-06,4.756767e-06,4.4762885e-08,5.216952e-05,6.188298e-07,5.5216973e-05,3.7793473e-08,2.0080188e-05
BC2026_Train_0051_S22_20220208_231500_015,5.609198e-10,3.7686513e-07,1.3408718e-06,0.00014697909,9.887218e-07,6.6269767e-09,7.746557e-08,4.1133893e-07,0.00012026863,9.514881e-06,0.0053757075,2.2809108e-06,1.1676718e-08,1.9800467e-08,7.45117e-08,0.015076458,1.8219562e-07,1.594062e-08,0.3221578,3.0388559e-05,0.00019899082,0.7698913,8.5507146e-08,4.7255675e-08,3.645102e-07,8.854847e-08,6.2051106e-07,4.6570284e-07,1.9287258e-09,1.4826422e-06,2.0874214e-07,7.18673e-08,1.6001397e-07,1.1106568e-08,6.82378e-08,1.5343069e-07,3.0956766e-08,5.0482278e-08,6.669294e-08,1.1698291e-07,3.9538014e-07,1.9890335e-07,4.5799723e-07,5.1836892e-08,3.260799e-08,3.027688e-08,3.7879903e-07,6.3892283e-09,6.4985644e-09,3.776847e-08,8.0843584e-08,1.1500868e-07,1.4065755e-07,1.8971383e-07,2.4564754e-06,1.2838835e-07,1.5389027e-09,0.16000016,2.7677471e-08,7.241684e-06,0.9949303,3.3006506e-09,9.475149e-05,0.9852691,0.9978478,4.4050165e-07,1.353833e-06,1.09141665e-08,3.3555454e-09,5.9990653e-06,3.1455767e-09,2.7829396e-08,6.828559e-06,1.471344e-06,3.9791262e-10,5.776876e-06,4.0304385e-05,1.640431e-05,1.1573231e-07,3.204275e-07,5.526584e-06,4.7468015e-07,9.021401e-06,7.701065e-08,7.331425e-07,5.8664496e-06,1.0775682e-06,2.1071696e-06,3.889675e-06,1.228903e-05,2.4038705e-05,9.746062e-07,1.571074e-07,1.5161314e-05,1.6064515e-06,1.5711609e-06,3.7194282e-06,4.7151016e-07,3.09473e-05,0.00012524815,8.202127e-07,1.7340051e-08,9.4447905e-06,9.055855e-05,6.28021e-06,4.6723367e-06,2.2367137e-08,6.192855e-07,9.860515e-06,9.929779e-07,6.2587003e-07,1.454068e-06,3.087939e-08,6.0338647e-07,1.3833492e-05,2.0180164e-07,1.017942e-06,6.6313675e-08,1.0263886e-06,5.7650213e-06,1.5191907e-07,0.00017479465,1.7381116e-06,0.00013086447,3.556605e-07,1.1158442e-06,1.0418185e-06,1.7692279e-06,4.309321e-09,3.4173513e-06,3.047233e-07,6.1849465e-07,1.2757213e-06,3.723058e-07,2.5342317e-07,2.0193046e-07,8.201031e-07,1.3030293e-06,1.5689868e-07,4.4101922e-05,1.1751778e-06,5.4205884e-07,8.913467e-07,1.2158816e-06,5.8031706e-06,8.864408e-09,3.0003066e-06,1.2659041e-07,7.5371474e-08,1.3761091e-06,1.3438852e-05,6.480347e-08,1.564664e-06,1.04959945e-07,5.83729e-06,7.4844706e-07,1.0593924e-07,7.963021e-07,4.4994994e-07,4.3732675e-07,1.6688116e-06,4.7693584e-06,1.431175e-07,2.8680074e-07,2.5892328e-07,3.0698168e-06,1.411977e-07,9.0122336e-07,4.8557965e-08,1.551685e-05,4.6678424e-06,6.9243384e-09,8.981431e-09,7.825353e-08,1.7713683e-05,2.3425392e-07,2.1893396e-07,1.4122321e-05,4.607802e-06,1.1213112e-06,2.5866045e-06,5.3826508e-09,2.237162e-05,9.743751e-06,1.7681818e-05,2.8602438e-08,3.839801e-07,1.26729e-06,4.558594e-07,1.5702201e-07,2.2595957e-06,1.14589175e-05,3.4694526e-06,1.2562557e-06,6.7282264e-07,7.763094e-06,7.563078e-05,6.075949e-08,1.29422415e-05,5.5043746e-08,2.04369e-07,2.4010687e-06,7.848115e-09,0.000165844,2.8103364e-07,2.4662644e-05,3.5484068e-06,1.8502118e-05,5.547578e-08,8.495395e-06,8.791596e-06,2.2969177e-06,2.3212751e-06,1.569365e-05,3.8824596e-06,3.635754e-05,1.7165421e-06,4.9236446e-06,2.931048e-06,1.6973045e-06,5.253062e-08,4.6751493e-06,3.0597954e-07,1.4782781e-09,1.6494274e-06,3.1912987e-05,1.4236176e-06,7.5837756e-06,8.2361975e-09,1.6496335e-05,5.9135937e-07,2.5015494e-05,2.5539979e-08,4.0243413e-06
BC2026_Train_0051_S22_20220208_231500_020,1.2527476e-09,9.77599e-07,5.7755534e-07,0.00023298207,6.1233925e-07,3.7011336e-08,5.9598264e-08,1.667181e-07,4.840437e-05,1.4093905e-05,0.0019119648,4.2649654e-06,2.587372e-09,7.2273785e-08,2.5319852e-07,0.08355526,8.433512e-08,2.1417254e-08,0.7283105,1.8209039e-05,7.5468175e-05,0.9512095,7.732179e-08,1.0064295e-07,5.883078e-06,6.343912e-07,9.90412e-07,6.1379853e-07,3.1990467e-08,4.739727e-06,2.0302436e-07,1.3880066e-07,1.9764968e-07,1.5504229e-08,8.630329e-08,3.2079868e-07,3.2161893e-08,9.774222e-08,5.6823644e-08,1.0875229e-07,7.375901e-07,2.0534642e-07,6.18122e-07,1.2502124e-07,5.855444e-08,5.046361e-08,4.927817e-07,9.662465e-09,9.001856e-09,7.986318e-08,6.7044446e-08,9.386198e-08,1.01840946e-07,2.4230218e-07,4.783174e-06,5.1252965e-07,1.0548185e-09,0.18439275,1.6993608e-08,6.5133113e-06,0.9877665,6.1849796e-09,0.000107786625,0.993536,0.9981669,7.4332837e-07,1.0799167e-06,6.710547e-08,2.8710754e-09,6.973965e-06,1.2162998e-09,2.5714971e-08,1.2485491e-05,1.3053916e-05,4.9393106e-10,1.4220029e-05,4.3079195e-05,2.3651024e-05,8.219535e-08,1.9616537e-06,8.1620565e-06,2.1963787e-07,2.7621192e-05,4.084914e-08,1.1489833e-06,1.6600446e-06,1.7502043e-07,1.4055996e-06,4.028838e-06,1.1448573e-05,9.012277e-06,3.3144574e-06,1.2795309e-07,4.520476e-05,8.548433e-06,2.9237422e-06,4.1534613e-06,2.0565285e-06,1.2254775e-05,0.00014568563,3.4862674e-07,2.3479531e-08,4.767353e-06,0.000119327684,1.2217096e-05,3.0795134e-06,1.5517868e-08,1.7512612e-07,3.1004743e-06,1.3998166e-06,2.5198324e-07,3.467147e-06,1.1693657e-08,8.201531e-07,7.812922e-06,3.350093e-07,1.0685443e-06,9.391642e-08,6.689843e-07,4.7019225e-06,1.0360049e-07,3.9313254e-05,1.2624878e-06,0.00018214955,1.3849948e-06,1.0610217e-06,1.6373519e-06,1.9102547e-06,3.4762488e-09,1.2162503e-06,4.5937475e-07,1.6907015e-06,1.1929755e-05,4.1012896e-07,1.2521419e-07,4.3326963e-08,6.406534e-07,8.4576084e-07,6.173974e-08,4.5743138e-05,1.2923142e-07,3.263553e-07,5.4673654e-07,1.307285e-06,1.4423107e-06,1.1134524e-08,2.941678e-06,1.3668055e-07,9.635489e-08,9.630285e-07,9.104728e-06,5.9659e-07,1.083916e-06,9.987879e-08,1.1906852e-05,6.089778e-07,2.3122313e-07,2.3311198e-07,5.3619345e-07,3.7403257e-07,1.1505425e-06,3.4503807e-06,1.1395859e-07,3.491611e-07,1.6552326e-07,6.286137e-06,2.0426808e-07,7.237489e-07,8.115303e-08,1.8563393e-05,2.7743915e-06,2.013915e-08,1.6594475e-08,4.939947e-08,3.6743953e-05,3.299202e-07,5.49874e-07,7.242865e-06,6.1868327e-06,3.064081e-06,1.596145e-06,3.4956433e-09,4.316354e-05,6.900412e-06,4.0657145e-05,4.691396e-08,1.6636123e-07,4.2423944e-06,1.929916e-07,9.005759e-08,2.6382547e-06,1.2940218e-05,8.54862e-06,1.5871788e-06,1.5632605e-06,4.5304937e-06,2.3517134e-05,1.04792925e-07,2.6934013e-05,8.095407e-08,2.3694447e-07,1.5118125e-06,3.620564e-09,9.2493334e-05,6.659353e-07,1.0207192e-05,1.5374591e-06,8.103182e-06,4.7494684e-08,7.2997755e-06,5.840252e-06,4.275472e-06,1.6203115e-06,2.1427653e-05,1.0339384e-05,2.6192889e-05,2.6069015e-06,3.7731181e-06,1.6397755e-06,2.7883063e-06,7.912659e-08,2.2127913e-06,1.5118788e-07,3.2721488e-09,1.8258224e-06,7.534061e-05,1.1180693e-06,8.06492e-06,2.1769551e-08,1.240429e-05,7.4097846e-07,3.2319655e-05,1.618643e-08,3.437916e-06
BC2026_Train_0051_S22_20220208_231500_025,3.429693e-09,1.1524654e-06,1.0442539e-07,0.0003124308,1.5305174e-07,2.194773e-09,7.697144e-08,6.0602946e-07,3.4093835e-05,8.7493145e-06,0.08895918,2.298844e-06,6.146609e-08,9.606802e-09,1.1094505e-07,0.008789971,1.9905517e-07,6.6981785e-09,0.46409458,0.00025329858,3.570944e-05,0.26564595,3.3443715e-08,1.2004763e-07,2.7649355e-07,6.234907e-08,3.1956205e-07,2.1791365e-07,1.2451205e-08,2.446488e-06,2.2872662e-07,1.7526581e-07,3.8731002e-07,4.066296e-08,1.6830107e-07,4.7404592e-07,2.6947498e-07,1.9776525e-07,1.8137804e-07,5.7166125e-07,1.3700411e-06,5.105573e-07,6.9068636e-07,9.5440164e-08,5.855935e-08,6.170501e-08,8.279885e-07,1.0601783e-08,2.3897549e-08,1.4571606e-07,1.2083363e-07,1.7463762e-07,2.0259168e-07,3.8707887e-07,5.265434e-06,1.5385195e-06,3.816705e-08,0.8113193,1.1695954e-08,5.7129782e-06,0.9991523,2.5860661e-08,0.00015368794,0.99560463,0.87455195,7.326407e-07,6.4823985e-07,8.448114e-08,9.679527e-09,2.5548907e-06,9.197945e-09,5.119859e-08,7.511252e-06,1.8232299e-06,3.776226e-09,2.2891982e-05,6.0104132e-05,1.1685189e-05,8.1507025e-08,1.3895098e-07,2.6625955e-06,2.5568792e-07,1.3847603e-05,6.079612e-08,5.465682e-07,7.1979084e-06,9.557921e-07,4.884188e-06,5.9524987e-06,1.4573718e-05,2.0054162e-05,2.513705e-06,1.01148295e-07,1.8586243e-05,1.209417e-06,1.005392e-06,1.9991194e-06,2.6177636e-06,4.266349e-05,6.5216336e-05,3.2898565e-06,1.9433683e-08,1.5045295e-05,0.0001691941,7.1922605e-06,2.441407e-06,2.5841134e-08,6.850859e-07,5.95544e-06,2.1653989e-06,6.1730907e-07,1.7818461e-06,1.0159377e-07,1.5937972e-05,1.2289569e-05,2.093491e-06,4.4840823e-07,2.9672929e-08,5.0104945e-06,1.6711017e-06,1.14155796e-07,7.181813e-05,6.0458674e-06,0.00015996775,1.4595934e-06,9.261035e-06,9.5026616e-07,8.7793103e-07,2.4232802e-08,7.0165686e-07,3.4804575e-07,2.1498306e-06,1.1978796e-06,7.955818e-07,4.3900488e-07,1.2173558e-07,3.711721e-07,2.0626962e-06,4.0208243e-07,4.2081992e-05,1.5720512e-06,1.9514323e-06,1.7444283e-06,1.2676333e-06,2.5806569e-06,6.1322143e-09,6.3580337e-06,5.1819892e-08,4.52107e-07,1.6411649e-06,4.196977e-05,5.591733e-07,4.674966e-06,1.4723685e-07,2.0006623e-06,1.0870599e-06,4.980629e-07,8.9055135e-07,2.1152393e-06,2.333453e-07,0.00020961708,7.750245e-06,6.9759224e-08,3.885116e-07,2.41784e-07,1.5850514e-05,7.7526025e-08,3.043291e-06,1.5325785e-06,7.2785726e-05,3.399331e-06,1.622154e-08,7.936659e-09,1.5381703e-06,1.837977e-05,1.0606485e-06,2.846356e-07,3.7602651e-06,6.826892e-06,6.079751e-07,3.7542989e-06,2.8939375e-08,3.2440545e-05,2.5963176e-05,1.7115977e-05,2.8867047e-08,4.507032e-07,1.370875e-06,4.4687565e-07,3.558043e-07,1.0503046e-05,3.0348338e-06,2.5878876e-06,2.7265016e-06,1.3101717e-06,1.3322832e-05,0.00011204941,3.2745018e-07,1.20419545e-05,2.2629196e-08,1.1176195e-06,5.446326e-07,6.814894e-09,7.1833405e-05,9.5291244e-07,1.220502e-05,2.7337112e-06,1.7006769e-05,1.9155586e-07,3.5765304e-06,2.7943815e-05,1.43431525e-05,1.8523409e-06,2.4181256e-05,5.849139e-05,2.9611627e-05,1.2152904e-05,1.7828645e-06,1.4904329e-05,2.406435e-06,4.5849544e-07,7.695787e-06,3.8360352e-07,8.076403e-09,3.3988545e-06,0.00015210349,1.5448004e-06,8.767045e-07,9.0239844e-08,7.4229724e-06,2.8177325e-07,2.8889415e-05,4.774482e-08,1.4793959e-05
BC2026_Train_0051_S22_20220208_231500_030,3.622125e-09,2.1412336e-07,4.76678e-07,0.00011939722,1.973009e-07,5.891031e-09,2.101173e-09,2.2849247e-07,0.00028026174,4.699158e-05,0.66255283,3.8407097e-07,2.4774886e-08,2.7401588e-09,6.6031935e-09,0.0023452702,3.2571072e-07,3.5208547e-10,0.0037603981,9.043462e-05,3.4119719e-06,0.0018606014,4.972779e-08,7.977245e-08,1.4553859e-06,3.723173e-09,2.235262e-07,4.478505e-07,3.3698885e-08,0.00010011269,1.7227609e-07,1.9399654e-07,2.7212542e-07,3.5446643e-08,6.348743e-08,3.3602362e-07,1.9533991e-07,1.9901871e-07,1.492409e-07,2.2885361e-07,1.7503877e-06,1.8247907e-07,2.844676e-07,8.216651e-08,6.203008e-09,5.1963283e-09,9.820848e-08,3.2456384e-09,2.2670063e-08,1.2677718e-07,5.961988e-08,6.059319e-08,6.248717e-08,3.5827256e-07,2.7213657e-06,1.04307354e-07,4.23539e-08,0.9050918,3.3656924e-09,5.050255e-07,0.9250942,6.3160805e-09,0.0007481926,0.96384144,0.046651788,5.1869137e-08,7.354218e-07,1.5101978e-08,8.207668e-10,5.17571e-06,1.8304469e-09,1.2890874e-08,2.6014823e-07,2.0097234e-07,1.1107479e-08,7.5529065e-06,2.0852973e-05,3.575821e-06,4.1153393e-07,9.943287e-08,1.5254624e-06,3.986035e-08,3.4876248e-06,1.3173488e-08,4.7424393e-07,6.424715e-06,8.955296e-08,4.1107633e-05,9.2409573e-07,2.0659545e-06,5.4146196e-05,9.249566e-08,3.597894e-07,3.5321261e-06,3.4359914e-06,1.12313055e-05,5.524587e-06,1.3247625e-05,6.975306e-05,2.4797924e-05,9.686112e-07,5.021263e-08,9.470246e-07,0.00022124333,7.856677e-06,6.5193177e-07,2.2809192e-09,2.4473035e-08,2.8416192e-05,1.115958e-06,4.796489e-08,1.1641358e-06,8.575651e-09,2.761486e-06,7.1107406e-06,1.6974905e-06,1.4689758e-07,1.0789543e-08,1.9080098e-06,1.3524251e-06,3.6501316e-08,1.0683669e-06,1.2775536e-06,0.00012111555,1.0363385e-06,3.0541153e-06,8.4844527e-07,7.514768e-08,7.634926e-09,2.8316698e-08,1.2179771e-07,3.912059e-06,3.4137904e-07,2.913736e-07,2.2034205e-06,9.509164e-08,1.11714584e-07,1.7538615e-06,6.519598e-08,0.00021711401,1.4252501e-07,3.6897936e-07,8.4106205e-08,1.4076534e-06,1.12771995e-05,1.8661754e-09,2.3662478e-06,5.287025e-09,9.724606e-07,3.608536e-07,9.235215e-05,9.918336e-07,1.20066e-06,3.2889133e-08,2.4726126e-07,1.2266756e-07,1.5567649e-07,1.1201291e-06,7.6002984e-06,2.1507645e-07,2.7306626e-06,1.7879991e-05,1.5545855e-07,6.27989e-08,2.5362214e-08,6.224526e-06,2.4092788e-08,5.402314e-07,5.287522e-07,3.508292e-05,5.9463605e-07,6.287078e-09,3.069084e-09,2.5432774e-07,1.2093526e-05,1.976708e-07,4.3909566e-08,4.998378e-07,1.1998137e-07,4.9510685e-08,3.1379732e-06,8.006005e-09,1.145553e-05,1.1467827e-05,2.367422e-05,3.1140118e-07,5.843885e-08,9.0887494e-07,1.1695596e-06,7.644138e-08,8.3905576e-07,1.0854938e-05,2.6262478e-07,1.006573e-06,1.416436e-06,5.1507554e-06,2.259383e-05,8.1774544e-08,4.796988e-06,1.6870265e-09,6.2620194e-07,5.431535e-06,4.1267776e-09,6.715766e-05,6.354364e-08,1.5378948e-05,1.7936492e-06,2.4959207e-05,2.2712767e-07,5.3477706e-06,1.4315534e-06,1.6738531e-07,2.6996474e-07,1.3807265e-05,0.0003784313,3.453238e-05,1.1596813e-06,1.3505856e-07,4.766748e-06,2.0643205e-07,2.627853e-08,3.7847294e-06,1.6926379e-07,9.261919e-09,4.2291363e-06,2.2417024e-05,2.0826033e-07,1.2552006e-06,5.3791926e-09,1.0854707e-06,7.77173e-08,2.5783395e-06,1.6462197e-08,1.3464744e-06
BC2026_Train_0051_S22_20220208_231500_035,7.97104e-08,1.3716799e-05,1.640179e-06,0.0004402502,2.6011053e-06,1.5069494e-08,5.2162403e-07,3.4667264e-07,0.0002545694,0.000102558195,0.25987825,8.610033e-06,3.2856565e-07,1.5047695e-08,1.5433778e-07,0.06346787,2.2699262e-06,2.2142293e-08,0.09472831,0.00043062257,2.3900204e-05,0.1294429,1.0841098e-07,4.9731824e-07,1.5651754e-05,1.1622639e-07,1.6035082e-06,9.1515716e-07,4.9472543e-08,2.6114947e-05,1.2537578e-06,4.308263e-07,4.1370754e-06,6.179788e-07,4.5062416e-07,1.272233e-06,3.1553934e-06,5.7682496e-07,1.866399e-06,4.150199e-06,3.2512867e-06,3.1531465e-06,1.9350648e-06,1.6930461e-07,5.1505407e-07,5.775113e-07,2.821322e-06,1.451265e-07,1.3304724e-07,2.5759084e-07,7.933104e-07,7.9263737e-07,9.467645e-07,1.9176784e-06,1.108957e-05,2.6789169e-06,3.8313996e-07,0.93822116,1.756712e-08,6.7419796e-06,0.99867094,8.1357605e-08,0.0011848357,0.99602604,0.42956144,4.76718e-07,3.083138e-07,1.8249331e-06,9.636918e-09,4.6888836e-06,6.799368e-08,1.6555309e-06,4.5809693e-06,0.00024334603,1.4823662e-07,4.38795e-05,0.00027720674,1.9365069e-05,1.6453537e-06,2.1477474e-07,3.6889727e-05,2.8967318e-06,0.00013904746,1.3586065e-07,4.20411e-07,1.1159101e-05,5.57635e-06,3.7929633e-05,1.0483733e-05,1.7778973e-05,5.9788694e-05,1.5844233e-06,4.6358124e-07,3.9510465e-05,1.3140395e-06,1.7629554e-05,4.5207357e-06,7.143188e-06,2.8123493e-05,8.6821856e-05,1.7577931e-05,4.047397e-07,3.022754e-05,0.000394046,6.4232205e-05,7.2632083e-06,2.1418809e-07,1.5545234e-06,6.7023293e-06,8.941922e-06,8.899418e-07,8.112878e-06,1.8125786e-07,3.5102064e-05,0.00021888765,2.1545022e-05,1.8431409e-06,3.9202016e-07,1.0795753e-05,6.1509163e-06,2.554693e-07,2.535856e-05,8.999571e-05,0.00033412405,4.0312707e-06,2.1325195e-05,1.5090344e-05,1.2888123e-05,1.2266217e-07,1.5961969e-06,2.0081977e-06,1.1972609e-05,1.5545321e-06,5.0018484e-06,3.7814498e-06,7.545708e-06,1.6314506e-06,1.9499532e-06,4.5606e-06,0.00026880737,7.308232e-06,1.729299e-06,1.1356415e-05,5.737773e-06,9.4272196e-05,1.6204567e-07,5.9938204e-05,3.473824e-08,4.7654985e-06,7.1320173e-06,0.00016335346,1.0942043e-06,1.2383677e-05,4.1487635e-07,1.3521398e-05,2.351356e-06,9.057521e-07,7.6250776e-06,2.6720152e-06,4.4474686e-07,6.249177e-05,2.8179094e-05,2.4679454e-07,4.2068456e-07,1.263379e-06,9.44992e-05,2.1975542e-07,1.1575981e-05,1.9873847e-05,8.364793e-05,3.1985703e-06,1.3785584e-07,3.8808118e-08,7.1369573e-06,2.6767086e-05,1.8481959e-06,4.1471008e-06,4.881329e-06,1.7463677e-05,1.772565e-06,1.4955986e-05,2.4376098e-07,9.852502e-05,0.00015746073,1.4988884e-05,3.2066288e-07,3.386285e-06,9.632199e-06,2.4883536e-06,8.551413e-07,5.0292903e-05,1.0005407e-05,1.0110534e-06,3.7588452e-06,4.566828e-06,2.2100385e-05,0.0003173088,1.5789719e-06,6.572216e-05,2.2997644e-07,1.7466407e-05,8.701146e-06,9.28768e-08,3.0631334e-05,1.9653783e-06,0.000156387,7.1950526e-06,8.285477e-05,1.0299108e-06,1.400542e-05,2.2835922e-05,3.710323e-06,6.2244953e-06,8.36595e-05,0.00016591029,5.3381358e-05,4.172594e-05,2.6223238e-06,2.2886241e-05,3.854517e-06,9.557995e-07,0.00015120924,1.6358473e-06,7.5737185e-09,2.9506906e-05,0.00056531583,9.586718e-06,1.0370593e-06,1.288509e-07,3.4059132e-05,1.0610906e-06,2.1422362e-05,2.4791035e-07,4.7325088e-05
BC2026_Train_0051_S22_20220208_231500_040,5.0438658e-09,5.0098265e-07,1.6103077e-07,3.6336638e-05,4.1712025e-07,1.042977e-09,2.0547212e-08,3.141526e-07,2.0140928e-05,3.6114856e-05,0.75842226,3.995074e-07,3.49878e-08,6.8833694e-10,1.1977473e-08,0.00045848265,2.9023397e-08,9.719261e-10,0.010023616,7.86992e-06,3.4120435e-06,0.003486504,2.995275e-08,1.13691875e-07,3.7124713e-07,5.3573728e-09,3.229927e-07,5.813978e-08,1.1755731e-09,5.627675e-06,4.3908864e-07,6.641101e-08,5.663795e-07,5.0525056e-08,1.1622751e-07,1.3998483e-07,1.5274159e-07,1.2877216e-07,3.15556e-07,4.180896e-07,1.6788554e-06,7.0293066e-07,6.835973e-07,2.3592433e-08,4.068717e-08,3.2731553e-08,4.1084806e-07,7.000938e-09,1.5415386e-08,7.248652e-08,1.5035592e-07,1.8437598e-07,2.0136697e-07,8.2769395e-07,1.9002795e-06,6.2858575e-08,6.462462e-08,0.80150396,1.1891286e-09,2.8612868e-07,0.9601118,2.536457e-09,0.0001786264,0.94309676,0.06040439,1.3554435e-07,1.8154539e-07,1.3958545e-09,1.2819225e-09,6.5677364e-07,2.3785546e-08,4.9523436e-08,3.2925368e-06,1.4566411e-06,6.9045956e-09,2.0909427e-05,5.3751242e-05,1.3083852e-05,4.1296934e-07,7.1822356e-08,4.3636537e-06,4.906822e-07,0.0001385966,1.2653024e-08,2.1466396e-07,2.3413526e-05,1.4993183e-06,1.2931138e-05,5.1998236e-06,2.9842804e-06,3.3388766e-05,3.6729907e-07,1.474932e-07,1.6462782e-06,4.5308082e-07,2.1315325e-06,6.772906e-06,3.8940257e-07,1.80071e-05,1.2907853e-05,2.4921842e-06,1.2341119e-08,1.987478e-06,0.00011218006,7.0751335e-06,2.7427045e-06,1.6310363e-08,8.347588e-08,6.5986965e-06,3.831611e-06,7.5309536e-08,2.9668229e-06,8.251375e-08,1.0629769e-05,1.5437254e-05,1.1085647e-06,2.1452725e-07,9.6952185e-08,2.2598458e-06,3.3369124e-06,1.0918168e-07,1.8938834e-05,1.1142798e-05,0.00012920829,2.8368981e-07,7.811001e-06,1.7517569e-06,1.1005096e-06,1.04163206e-07,1.8491501e-07,3.0366326e-07,1.6311598e-06,1.586491e-08,8.641791e-07,1.2385415e-06,1.7060254e-06,3.5307852e-07,1.3855151e-06,2.2466197e-06,0.00014529635,5.7659454e-06,8.741292e-08,1.2962361e-06,1.2923208e-06,3.009107e-05,8.513282e-09,1.7074535e-05,1.4069204e-07,3.7596197e-07,1.8619562e-06,1.9108187e-05,2.3293333e-07,2.616528e-06,1.6265554e-07,1.0620888e-06,1.232437e-06,6.4662527e-07,2.172301e-06,1.3946292e-06,1.0185513e-07,7.174722e-06,1.3702639e-05,2.4791571e-08,1.3362772e-07,5.8479657e-08,2.209792e-05,2.4986921e-08,2.2214201e-06,8.162914e-07,1.526225e-05,3.005192e-06,9.349672e-09,1.0684241e-08,2.7369588e-06,6.6616226e-06,3.146329e-07,2.0176991e-07,2.829343e-06,3.61595e-06,2.763043e-07,1.7529168e-05,2.2606248e-08,4.6697974e-06,1.247026e-05,1.1724022e-05,9.915426e-08,3.5017752e-07,9.2389485e-07,2.029149e-06,4.872506e-07,2.648108e-06,7.1856034e-06,3.8723616e-07,1.3761288e-06,9.138856e-07,7.196363e-06,0.00021232461,1.9869081e-07,5.829012e-06,1.4216551e-08,4.4752431e-07,2.0951509e-06,1.0153135e-08,0.0004398165,5.05465e-07,2.736475e-05,3.1866077e-06,1.7780094e-05,2.9692382e-07,2.2521222e-06,1.0959998e-05,3.5501523e-07,5.3312394e-08,5.6973413e-06,6.1878425e-05,8.71464e-06,4.881412e-06,2.3680789e-06,2.3600526e-06,1.0107901e-06,1.9275411e-07,3.151513e-05,1.136456e-07,1.1869579e-09,6.2372537e-06,3.2125386e-05,3.8677186e-07,6.3518723e-07,3.0397622e-09,1.041112e-05,1.7073829e-07,5.1175293e-06,7.791367e-08,2.6257221e-06
BC2026_Train_0051_S22_20220208_231500_045,3.4552146e-09,3.4541536e-06,1.0433755e-06,0.0008260505,4.7525953e-07,3.1506446e-09,1.2198504e-08,5.9135715e-07,0.004265908,0.0002528512,0.5539695,2.2566562e-06,1.2625632e-07,1.8524977e-08,6.297786e-08,0.25018412,1.1344803e-06,1.3092496e-09,0.006747485,1.6783699e-05,1.8124867e-06,0.0031365931,4.203906e-07,5.685459e-07,2.3366927e-05,1.0426374e-08,3.497444e-06,1.6127375e-07,1.770733e-08,7.363149e-05,6.4276117e-07,2.996896e-07,1.1380941e-06,7.102385e-07,3.5663527e-07,8.2499247e-07,4.408139e-07,4.4485293e-07,1.4389063e-06,1.2010619e-06,6.4227243e-06,1.0060452e-06,7.499689e-07,9.527974e-08,3.587823e-08,3.1738793e-08,2.5567306e-07,1.2213451e-08,6.26484e-08,1.9832943e-07,1.5608887e-07,1.358793e-07,1.7336602e-07,2.1114786e-06,3.300289e-06,2.0257158e-07,3.376529e-07,0.97870684,3.9135015e-09,1.5909583e-07,0.6640351,1.6236676e-08,0.014338662,0.9688408,0.07030941,1.9899005e-07,1.0928527e-06,6.186974e-09,4.3505665e-08,4.606866e-06,1.84925e-08,3.4793322e-07,3.052244e-07,2.6159466e-06,1.6453663e-07,4.202148e-05,4.1672378e-05,4.5424476e-06,2.0793934e-05,1.5403752e-07,2.0356601e-05,1.1705377e-07,1.550447e-05,3.841955e-08,5.812215e-07,2.8280456e-06,8.859821e-07,3.460378e-05,5.346083e-06,6.6298236e-07,7.6403594e-05,2.8547262e-07,2.7241285e-07,5.5506753e-06,2.621666e-06,2.2070776e-06,4.009818e-06,3.1180818e-06,2.1423792e-05,3.4299846e-05,3.7421416e-06,3.1135833e-08,0.00011143567,0.00015785822,2.4659586e-05,3.3380104e-06,3.5100694e-08,3.3678067e-08,8.824961e-06,1.6164364e-05,1.3429921e-07,1.8910196e-06,2.4095364e-08,1.4553124e-06,3.3404212e-05,2.0307675e-06,6.072206e-07,8.1898015e-08,1.8091503e-06,1.7608332e-05,2.3580093e-07,7.2337466e-06,4.7101494e-06,0.00016949752,9.3339037e-07,2.710309e-06,2.7225963e-06,1.6476273e-06,9.450202e-08,3.6029036e-07,8.36551e-07,2.4504563e-05,1.442638e-07,1.0051764e-06,7.870798e-07,8.2669055e-07,8.677981e-07,2.4118713e-06,6.6059926e-07,3.819475e-05,5.8370674e-06,4.965339e-07,2.916215e-06,2.0056198e-06,5.880935e-06,1.8068945e-08,1.4530473e-05,1.3538204e-08,2.5988911e-06,1.4618807e-06,2.9018558e-05,2.1310204e-06,4.4499016e-06,5.477615e-08,5.4520547e-06,4.3905973e-07,2.337179e-07,1.7244013e-06,3.444982e-06,5.0085987e-07,3.8531207e-06,1.15989105e-05,6.340501e-08,6.0934497e-07,5.733674e-08,7.415837e-05,6.4253925e-08,6.5094645e-07,2.2382815e-06,3.2732532e-05,2.6818361e-06,7.653591e-08,3.9635997e-09,3.7197547e-06,3.187585e-05,2.592341e-07,4.0472545e-07,1.7454669e-06,5.574158e-07,4.325715e-07,7.892694e-06,3.0423102e-08,4.7114438e-05,5.7974277e-05,5.697966e-06,1.3108779e-06,2.1875655e-07,2.267836e-06,4.0459413e-06,3.3466122e-07,6.4456667e-06,3.7487428e-06,1.7281911e-07,1.5502935e-06,1.9476042e-06,1.746326e-05,4.528255e-05,3.685977e-07,1.5079713e-05,3.4236685e-08,3.149738e-06,1.47215205e-05,6.9380084e-09,7.413578e-06,5.935448e-07,2.1297841e-05,5.499864e-06,3.3029446e-05,8.629586e-07,1.9064939e-05,2.7802557e-06,2.7021456e-06,8.367345e-07,1.45206395e-05,0.00032553173,0.00015714769,9.552194e-06,5.4333356e-07,1.183913e-05,4.507552e-07,1.8553832e-08,3.248717e-05,4.0676426e-07,1.4297994e-08,1.2926959e-05,5.313063e-05,2.0975868e-07,6.2660934e-07,1.4329226e-08,2.3394612e-06,2.7405571e-08,9.831763e-06,9.615459e-08,1.285715e-05
BC2026_Train_0051_S22_20220208_231500_050,1.6954135e-09,1.4764218e-08,4.0938836e-08,7.188062e-05,4.4788163e-08,3.908591e-10,3.8405515e-10,4.223628e-08,0.00014059697,2.5276808e-05,0.92757994,5.4909528e-08,2.562376e-08,1.2430217e-10,5.5063887e-09,0.00040090622,6.203993e-08,4.4057154e-11,5.3698834e-05,4.6632867e-06,8.8327226e-07,4.7899495e-05,9.743246e-09,3.695195e-08,1.4526678e-07,1.1915967e-09,1.9951655e-08,5.746474e-08,2.2097983e-09,4.3800433e-06,1.0038049e-07,3.5259927e-08,9.197492e-08,2.7983594e-08,2.1213527e-08,1.03541424e-07,1.0167926e-07,7.84511e-08,1.0772604e-07,1.019348e-07,1.1173413e-06,1.0735621e-07,1.0718842e-07,9.417144e-09,5.8476064e-09,5.1379643e-09,3.3538708e-08,4.6126808e-10,5.1496687e-09,4.1063256e-08,1.7373322e-08,1.6346364e-08,1.7447142e-08,3.1268377e-07,7.147864e-07,9.866899e-09,3.6914045e-08,0.7787079,4.8225247e-11,8.581754e-09,0.21763001,8.5739454e-10,0.0011850642,0.83156234,0.0028212576,1.665593e-08,3.2039418e-07,3.534224e-10,9.460775e-11,1.7514432e-07,5.6719984e-09,1.2500056e-08,7.9272957e-07,1.0111531e-07,4.1814796e-09,2.6879584e-06,4.266683e-05,1.2685651e-05,4.3596216e-07,7.4002806e-08,1.9908623e-06,6.74634e-08,1.6048352e-05,2.4558127e-09,1.4993951e-07,2.899667e-06,7.8917246e-08,0.00012424502,1.5793062e-06,1.3477193e-06,4.4633332e-05,2.4752006e-07,8.634445e-08,2.3126224e-06,5.859689e-07,1.6744326e-07,5.8278283e-06,8.36699e-06,1.568005e-05,4.5606475e-06,1.1941123e-06,1.960165e-08,3.3493134e-07,5.1774463e-05,4.4638028e-07,5.2970154e-07,8.028498e-09,5.132134e-10,4.12794e-06,1.3959678e-06,3.2162205e-08,9.743934e-07,9.494788e-09,7.859405e-06,2.1738717e-06,3.8903138e-07,2.2291072e-08,5.30278e-09,1.9761003e-06,7.157112e-06,2.668294e-08,2.093068e-06,3.788738e-06,0.00023481587,1.1094632e-07,6.660561e-06,3.5358562e-07,4.0495016e-07,7.540382e-08,7.300793e-09,8.616826e-08,2.6199664e-06,2.9101834e-08,2.3361716e-07,1.2368365e-07,5.0912586e-08,8.050261e-08,2.9180092e-06,3.645005e-07,3.247927e-05,1.8342612e-07,3.0225473e-07,2.4003467e-07,1.4184934e-06,5.609161e-07,1.2241478e-09,1.8099741e-05,1.19135635e-08,1.7927772e-06,3.0108927e-07,2.8040662e-05,2.2690888e-06,2.1038145e-06,4.60473e-08,2.4321017e-07,3.505922e-07,4.650535e-07,4.824685e-06,6.4046105e-07,4.14758e-08,1.3468493e-06,3.7350408e-05,1.7102545e-07,3.1027236e-07,1.0492148e-08,1.6353933e-05,4.9818425e-09,2.4567166e-07,9.919065e-07,2.0127929e-05,5.229834e-07,6.718664e-09,1.7146004e-09,9.0102145e-07,3.8896533e-06,1.8156038e-08,9.53781e-08,1.5574687e-06,5.380483e-07,1.4549494e-08,1.2557413e-05,1.7974521e-08,3.958698e-06,7.1600402e-06,7.3162096e-06,1.5119276e-07,4.613979e-08,1.757034e-06,9.765303e-07,4.073469e-08,3.8262033e-06,1.7366901e-05,8.309051e-08,1.1113073e-06,2.0370073e-06,1.081625e-05,0.000101700796,9.203775e-08,2.727971e-06,2.0063264e-09,8.985501e-07,1.7392605e-06,1.3320632e-09,0.00023652315,1.406998e-07,1.4419847e-05,1.5502359e-06,6.2604176e-06,3.4370788e-07,4.388217e-06,6.4912665e-06,1.3018551e-07,6.329409e-08,1.4527593e-05,0.00016566587,1.4001668e-05,3.4967934e-06,1.7653498e-07,2.2118988e-06,1.8342035e-07,3.27006e-08,7.031425e-06,1.1436007e-08,4.439944e-09,6.383612e-06,4.678808e-05,9.748585e-08,1.5395013e-07,2.656998e-09,1.39485e-06,1.423191e-07,9.589173e-07,2.6958412e-08,2.009305e-06
BC2026_Train_0051_S22_20220208_231500_055,5.6453824e-09,1.2208774e-07,9.352152e-07,0.00026867026,4.0203685e-07,8.406892e-10,6.2916965e-09,3.1679681e-07,0.0048300703,0.0011536886,0.7991449,5.974982e-07,9.583107e-08,2.0501596e-09,1.6832153e-08,0.015868578,3.3266195e-07,2.4253446e-10,0.0026249003,1.4276283e-06,5.470636e-07,0.00015937169,4.6770566e-08,1.491076e-07,1.0086313e-05,5.5750243e-10,1.3161617e-06,1.0509633e-08,2.3603495e-09,1.9276573e-05,6.297192e-07,1.02691196e-07,8.0171304e-07,2.0437075e-07,8.993623e-08,2.7886787e-07,3.749061e-07,5.6648923e-07,9.0247045e-07,3.3123106e-07,5.7666707e-06,8.485221e-07,2.5330746e-07,2.4563759e-08,1.6189547e-08,1.0716099e-08,1.0675649e-07,2.9820657e-09,2.867137e-08,1.3042896e-07,6.2822615e-08,5.0947843e-08,4.9157162e-08,1.6290783e-06,1.2467516e-06,4.6052744e-08,2.2978503e-07,0.98952544,1.0369925e-09,1.7818968e-08,0.44612652,2.1154767e-09,0.0037149275,0.95262486,0.009988619,3.9271498e-08,3.994586e-07,3.8073514e-10,1.3010447e-09,1.1113709e-06,1.063932e-08,6.156946e-08,2.6098016e-07,3.6847402e-07,2.8440867e-08,4.183443e-06,1.2043712e-05,4.314729e-06,5.158596e-06,4.1379877e-08,2.6698779e-06,6.8527484e-08,5.372732e-06,1.37961935e-08,7.1868946e-08,8.207916e-07,3.9700254e-08,0.00020999838,2.7456458e-06,2.9876642e-07,4.0461742e-05,8.834755e-08,1.6489054e-07,5.5340666e-07,1.1656556e-06,5.014956e-07,8.941632e-06,4.917507e-06,1.7941036e-05,2.030098e-05,2.499475e-06,2.9503903e-08,3.6767583e-06,0.00014288184,1.0850539e-05,1.9797862e-06,4.9316977e-09,3.5657108e-09,6.583617e-06,7.688759e-06,1.2689185e-07,2.6519622e-06,2.9281046e-09,2.8214404e-06,2.4571293e-06,1.4917789e-06,7.3850806e-08,5.5036814e-08,5.9039246e-07,1.2117075e-05,2.9181649e-08,2.54713e-06,2.3807004e-06,0.00010265947,2.1061884e-07,5.1436227e-06,6.525532e-07,4.3794822e-07,7.6340406e-08,2.8734602e-08,1.3320351e-07,5.406754e-06,2.1167452e-08,1.2897291e-06,2.4520608e-07,2.9128412e-07,4.376497e-07,1.6371691e-06,2.534297e-07,0.00012745985,4.0663784e-07,3.263285e-07,4.080375e-07,8.776004e-07,7.7538525e-06,1.5904624e-09,8.835159e-06,2.0983345e-08,2.4855024e-07,3.3279017e-07,1.6295648e-05,2.5905963e-06,3.8286709e-07,1.7230988e-08,1.5289988e-06,3.9988354e-08,8.3528903e-07,1.8542125e-06,1.478044e-06,3.5001557e-07,1.0368517e-06,2.2191982e-05,1.516129e-08,3.5299334e-07,2.3478638e-08,2.8276489e-05,4.301957e-08,4.0832126e-07,5.514547e-07,7.994408e-06,7.563391e-07,6.138361e-08,3.601383e-09,1.091479e-06,1.4034474e-05,1.3641399e-07,5.7500256e-07,1.0402895e-06,1.8598146e-07,1.6436849e-07,1.1508067e-05,1.495456e-08,4.166104e-06,8.780116e-06,4.743489e-06,1.1976408e-06,6.325185e-08,1.3130724e-06,7.096008e-07,1.1205089e-07,8.718346e-07,2.135164e-06,1.1999074e-07,2.9671428e-06,2.6666999e-06,1.0953103e-05,3.7219772e-05,1.96933e-07,4.9284836e-06,5.7833502e-09,9.176497e-07,3.0920646e-06,1.8607089e-09,4.8558326e-05,2.613042e-07,1.41170685e-05,5.072487e-06,1.3352073e-05,5.873553e-07,1.2101335e-05,4.09607e-06,3.3042497e-07,4.819396e-08,3.4407171e-06,0.0005766552,0.0001838724,9.058307e-06,2.5548243e-07,3.557511e-06,7.856895e-08,1.2380021e-08,1.49636335e-05,5.600726e-08,4.5068447e-09,8.542898e-06,4.338399e-05,9.9539875e-08,3.881731e-07,3.9864205e-09,8.8252284e-07,5.435922e-08,2.6821458e-06,1.5663847e-08,2.396329e-06
BC2026_Train_0053_S22_20220211_204500_000,4.642667e-09,8.91005e-07,9.42333e-08,5.0042163e-05,1.1351517e-07,1.134114e-09,5.798836e-09,6.2542074e-07,0.0012363819,0.0008682072,0.9873367,4.6714936e-07,1.7506347e-06,1.4124458e-09,2.5807935e-08,0.0016358498,1.247271e-07,8.079696e-10,0.007746618,4.7592017e-05,1.8644246e-07,0.0033436185,1.035396e-08,3.1030402e-07,1.1864172e-06,4.7644915e-09,8.0213215e-07,2.0703042e-07,2.7952709e-08,0.00031993113,5.5561236e-07,2.3010368e-07,2.0773064e-06,2.0439221e-07,2.5911055e-07,4.410809e-07,8.2202934e-07,6.697542e-07,1.3801741e-06,1.0915384e-06,8.641094e-06,1.4758017e-06,5.876147e-07,7.892402e-08,5.5239585e-08,5.623247e-08,1.1753829e-06,2.6959546e-08,1.3510028e-07,7.16738e-07,1.5864765e-07,1.5623125e-07,1.9743698e-07,1.780978e-06,6.044121e-06,2.5625184e-07,3.8989344e-07,0.9400015,3.2649062e-08,7.145603e-08,0.97716296,2.2016529e-07,0.000103799466,0.8338346,7.005564e-05,3.450314e-07,1.3759437e-06,4.1329315e-08,1.301273e-09,1.5567636e-06,3.169246e-08,1.5886378e-08,6.094502e-07,5.9381487e-06,9.245861e-08,5.498752e-06,4.5637866e-05,3.0803387e-06,1.6970534e-06,5.456416e-08,1.5703621e-05,1.5759571e-07,2.338621e-05,1.4260952e-08,5.106406e-07,1.5664e-05,5.801654e-07,0.00061279605,1.2757698e-06,1.1405846e-06,4.9400685e-05,1.0046434e-06,4.1650605e-08,1.0410448e-06,1.6160645e-06,5.161711e-06,1.2821666e-05,4.627989e-05,5.7790472e-05,7.232422e-06,3.300475e-06,4.2146873e-08,5.5895434e-06,0.0009889822,4.4670064e-06,4.270268e-06,7.998495e-09,6.047795e-08,4.930947e-06,2.0735042e-06,8.814893e-08,1.936649e-06,3.3681897e-07,4.887053e-06,7.19994e-06,1.7412638e-05,1.2227749e-06,1.2896868e-07,2.7868255e-06,7.650454e-06,1.6679933e-05,1.3922465e-06,6.050101e-06,0.00076742296,5.812997e-07,7.773548e-05,2.3471418e-06,8.793967e-07,1.7016691e-07,6.8500306e-08,1.514755e-07,2.6008177e-06,7.474571e-08,1.7462727e-06,1.0223744e-05,1.7205327e-06,4.393081e-07,1.6918615e-06,3.2783169e-07,0.00089426484,4.4443564e-07,1.1518282e-06,6.433903e-07,2.9529576e-06,0.00023670048,2.8760647e-08,1.2594894e-05,6.127295e-08,1.7724602e-06,1.0846967e-06,0.00010279074,5.8818887e-06,1.1572834e-05,2.8164564e-07,5.7869056e-07,1.5745915e-06,7.8847584e-08,1.3199427e-06,2.2231304e-06,2.6335783e-08,3.3238143e-06,3.3465687e-05,7.049313e-08,3.910392e-08,7.182153e-08,0.00075359875,7.2425024e-08,2.1166236e-06,4.3171898e-05,3.554052e-05,5.334898e-06,1.7615106e-07,1.3227013e-08,6.636233e-06,2.1744027e-06,1.4617706e-06,2.7165245e-07,1.7172788e-06,4.251621e-06,1.9167608e-07,1.198362e-05,6.217047e-08,1.8402341e-05,9.875497e-06,4.989076e-06,3.250789e-07,3.637095e-07,5.8958612e-06,5.00319e-07,3.6669636e-07,1.1222687e-06,1.6893875e-05,5.0534544e-07,7.0400665e-06,3.6233283e-05,3.3538883e-05,4.01083e-05,1.3598573e-07,4.6770488e-06,1.025827e-08,4.3272792e-07,4.928686e-07,5.9912956e-08,9.881256e-05,4.78645e-07,1.0015517e-05,2.5790652e-05,1.0029558e-05,1.974774e-06,1.7907994e-05,1.03685625e-05,2.951272e-07,4.378985e-07,5.1009887e-05,0.00016059344,6.481408e-05,2.1828817e-05,1.6090657e-06,1.2009909e-06,6.8697346e-07,2.4744077e-07,1.2153854e-06,6.818524e-07,8.406082e-08,3.1690877e-06,6.03507e-05,1.6820606e-07,1.2358324e-06,2.1170559e-08,5.3708673e-06,5.6109155e-08,5.790561e-06,3.7474557e-08,2.4098592e-06
BC2026_Train_0053_S22_20220211_204500_005,6.218476e-10,7.35403e-08,2.256204e-09,3.3862011e-06,9.2376126e-08,8.405043e-11,3.9139997e-10,1.455816e-07,0.0033432692,1.6469283e-05,0.8494695,5.84822e-09,4.0104308e-07,3.4558703e-11,1.2390431e-09,0.0030963537,1.3158288e-09,7.4537744e-11,0.019104548,2.9337265e-05,4.1527095e-08,0.0015293915,5.889907e-09,3.371168e-08,5.131865e-07,1.8281544e-09,1.2302569e-07,7.894927e-09,1.5210783e-09,7.804448e-06,1.0196631e-07,1.7725545e-08,3.165857e-07,2.4951726e-08,3.0930323e-08,6.051984e-08,2.8349339e-08,4.353871e-08,1.7895968e-07,2.4333895e-07,1.2661073e-06,3.2774352e-07,1.0347765e-07,7.145476e-09,3.9450402e-08,4.7227385e-08,3.4111932e-07,2.8296598e-09,1.2969522e-08,4.471407e-08,2.4758116e-08,2.7636855e-08,4.187012e-08,3.5147062e-07,2.4668639e-06,6.0669976e-08,3.115419e-08,0.8960888,4.242058e-09,2.5258807e-08,0.98494905,7.782036e-09,0.000119237266,0.9751133,3.700731e-05,1.789124e-07,3.356572e-07,1.2460518e-08,7.988298e-12,3.813242e-08,1.7000765e-09,5.7206535e-08,1.2201151e-07,4.3186378e-07,1.1179063e-08,4.6032378e-07,1.4698529e-05,1.3580758e-06,1.0103723e-07,1.111837e-09,5.1979696e-06,1.4873055e-07,1.975927e-06,8.889059e-09,2.7003702e-08,2.0109997e-06,1.1552243e-08,7.4033305e-05,5.716656e-07,1.8151647e-07,3.4859044e-05,1.498114e-08,2.9290095e-09,7.603669e-08,8.172091e-08,8.102881e-06,2.488496e-06,9.0686797e-07,2.539417e-06,5.74202e-07,3.938894e-07,1.69109e-08,5.512338e-07,0.00015231685,9.2429053e-07,3.9728323e-07,2.2541995e-09,1.3150039e-08,2.34656e-06,2.4542342e-07,1.2376786e-08,6.6997524e-07,4.2977e-08,3.123171e-06,1.5161658e-06,2.3921023e-06,3.7001604e-07,1.4712522e-08,6.58e-07,6.309731e-07,8.442877e-07,7.4383456e-07,3.7274924e-06,0.00042319414,1.3338615e-08,1.9034962e-05,5.213824e-07,3.2966195e-08,2.7983278e-08,6.0733276e-09,8.8417815e-09,1.464947e-06,1.6233943e-09,9.266691e-07,1.0975518e-06,1.3238152e-06,2.675187e-07,1.1687942e-07,1.1074167e-07,3.0448957e-05,7.111624e-08,4.9901665e-08,2.4195236e-07,1.970761e-06,2.314787e-06,8.621166e-08,3.1842687e-06,6.349927e-09,9.8225335e-08,3.9588275e-07,0.00011333786,7.598564e-07,1.4069193e-06,3.9852598e-08,1.4797237e-07,6.091288e-07,1.1736627e-08,8.16398e-07,2.1453197e-07,5.284797e-09,4.8974437e-07,9.730036e-06,2.013937e-09,4.4719854e-09,2.7635169e-08,0.00011342598,2.98061e-09,2.2974195e-06,3.6979663e-06,1.7346178e-05,7.288196e-07,6.388266e-09,4.0337653e-09,8.6852094e-07,1.2861291e-06,1.2437704e-07,2.3003755e-08,1.5160528e-07,2.8392362e-06,1.6783682e-08,1.7854882e-06,1.6614079e-08,4.306819e-06,3.0739561e-06,2.2738327e-06,6.842288e-08,5.5261186e-08,1.1231114e-06,3.5640133e-07,4.7342827e-08,3.0762712e-07,1.3066716e-06,4.9811135e-08,7.4900754e-07,1.0210347e-05,2.4278976e-05,9.443523e-05,9.8815185e-08,1.2220697e-06,1.0262257e-09,2.1013791e-07,1.6461196e-07,3.8097143e-09,5.5549704e-06,6.855782e-08,4.620823e-06,2.040033e-07,1.8028396e-06,1.7897436e-07,2.0208392e-06,2.0083032e-06,4.5913556e-08,5.7165632e-08,3.8156122e-05,4.9103426e-05,5.467144e-06,1.1158825e-06,1.6222829e-07,5.7232677e-07,1.296943e-07,8.767742e-08,6.599859e-07,4.1852763e-07,6.3162493e-09,2.5972184e-07,1.566122e-05,4.0686317e-08,3.1246856e-07,3.8583363e-09,1.5109607e-06,2.4930211e-09,1.2228228e-06,1.08513545e-08,4.728156e-07
BC2026_Train_0053_S22_20220211_204500_010,9.569397e-10,7.694458e-08,2.0547763e-08,2.0455493e-06,4.9455235e-07,2.957193e-10,6.1199773e-10,1.3901288e-07,0.0009987245,1.48778445e-05,0.47762814,1.8249711e-08,1.0023432e-07,5.2155467e-11,2.7821687e-09,0.002285234,3.9450003e-09,7.758582e-11,0.025594536,1.1195375e-05,3.0862032e-07,0.0032083138,5.3681535e-09,2.512628e-08,3.1086765e-07,8.11624e-10,1.6229622e-07,2.073128e-09,4.767007e-10,7.031478e-06,7.608486e-08,1.1296177e-08,1.9904945e-07,4.0297532e-08,2.6239215e-08,5.1346753e-08,7.696612e-09,3.888718e-08,1.457055e-07,4.2598617e-07,1.0966394e-06,3.209805e-07,1.1730913e-07,4.709675e-09,7.066382e-08,7.364993e-08,6.7833184e-07,2.322772e-09,1.05483915e-08,5.2770137e-08,3.657114e-08,3.7947185e-08,5.4680438e-08,2.8741186e-07,3.6070571e-06,5.8017374e-08,6.3757644e-09,0.7993348,1.8317496e-09,1.3750089e-08,0.9720429,1.3510242e-08,5.6282297e-05,0.98246175,0.00022265062,1.6332404e-08,7.950768e-08,7.0683472e-09,6.647149e-11,1.4288784e-07,2.7833682e-09,3.9036255e-08,2.416581e-07,6.961712e-06,8.1591445e-09,7.9523363e-07,1.5643102e-05,1.090582e-06,1.4119622e-07,6.7979267e-09,6.1586584e-06,7.479547e-07,9.596917e-06,2.0261247e-08,5.5293135e-08,2.312285e-06,5.0219136e-08,5.3385284e-05,5.1091723e-07,1.1322472e-06,3.408116e-05,2.153732e-08,6.7500694e-09,1.2679762e-07,5.040733e-08,1.4450546e-05,1.6437477e-06,1.1484899e-07,3.096504e-05,6.9730145e-06,3.546102e-07,1.6223705e-08,1.5858049e-06,0.00014738286,1.524187e-06,2.3546165e-06,1.7601154e-09,5.5503406e-08,4.1925255e-06,2.8293678e-07,3.4458047e-08,2.2875834e-06,3.255057e-08,1.599598e-06,8.039495e-06,3.1246395e-06,5.5056347e-07,1.6798062e-08,6.015806e-07,4.038312e-06,2.497025e-07,1.2199224e-06,4.7312637e-06,0.0010528167,2.7226763e-08,7.6616416e-05,9.552308e-07,4.8847703e-08,3.7495784e-08,1.2184693e-08,2.8577572e-08,9.864267e-07,2.6310867e-09,1.6868267e-06,6.128146e-06,0.000111175854,4.1051754e-07,5.801981e-08,1.833677e-07,5.4841505e-05,2.8968984e-07,1.8566611e-08,1.1179393e-06,6.9030575e-06,7.802007e-06,9.792155e-08,3.567173e-06,2.711658e-08,5.0201326e-08,1.3430014e-06,8.2358194e-05,6.262414e-07,1.8995238e-06,1.8645467e-08,4.4920088e-07,7.649883e-07,5.240241e-09,6.180141e-07,3.7485133e-08,2.0207755e-08,1.064247e-07,9.039986e-06,3.832636e-09,2.0648288e-09,1.08820345e-07,8.508711e-05,1.3139385e-08,5.6236245e-06,7.4609493e-06,2.1925747e-05,1.8442327e-06,3.0927254e-08,4.006812e-09,4.5512357e-07,5.7509365e-06,3.468535e-07,2.0000354e-07,3.2978903e-07,2.1214253e-06,5.617812e-08,3.3015265e-06,7.9220035e-09,5.063222e-06,4.5028187e-06,4.7254603e-06,4.0142034e-08,6.333515e-08,1.7230927e-06,3.1644322e-07,3.5531734e-08,6.6466316e-07,2.2170582e-06,5.6572528e-08,7.874244e-07,8.705694e-06,4.6283774e-05,2.710619e-05,2.0830496e-08,5.7215275e-06,1.5627679e-08,8.9422564e-08,2.7631245e-07,9.132425e-09,7.6028145e-06,1.554338e-07,6.580491e-06,1.7924971e-07,2.1292308e-06,4.0559868e-07,2.1284145e-06,4.784013e-06,7.940266e-08,5.7590153e-08,5.1531475e-05,3.4548887e-06,5.3130907e-06,2.320733e-06,2.4137462e-06,3.5274937e-07,6.221032e-07,8.429877e-08,4.734274e-07,7.0056694e-07,2.6679314e-09,2.057316e-07,1.3389473e-05,3.045562e-08,4.4490983e-07,9.476949e-09,4.9294804e-06,2.4971007e-08,2.350874e-06,7.529514e-09,6.0218036e-07
BC2026_Train_0053_S22_20220211_204500_015,5.1738264e-10,4.3131468e-08,1.8819684e-08,1.9028926e-06,1.1832405e-07,7.3239796e-11,5.4229715e-10,1.2195486e-07,0.00065367756,1.411151e-05,0.7086464,1.569462e-08,4.229715e-08,2.2879974e-11,1.1268605e-09,0.0010871673,1.2486253e-09,1.923885e-11,0.0058498723,4.298625e-06,5.2259196e-08,0.0041111223,1.5572417e-09,1.5854686e-08,2.987365e-07,4.055951e-10,6.4195255e-08,7.1162747e-09,5.137305e-10,2.3889197e-06,5.220789e-08,8.833724e-09,2.0024153e-07,1.6450361e-08,1.3907078e-08,3.116816e-08,2.3236502e-08,2.0381362e-08,8.7761244e-08,1.7900678e-07,7.1460505e-07,1.6634219e-07,6.271606e-08,3.9977124e-09,1.4093328e-08,1.4357048e-08,2.2558636e-07,1.7101355e-09,4.528896e-09,1.9236017e-08,1.4498274e-08,1.4923815e-08,2.3850191e-08,2.0955574e-07,1.1005662e-06,1.2798854e-08,7.593709e-09,0.7504939,5.7864696e-10,4.2171946e-09,0.9679013,6.3470567e-09,2.2016935e-05,0.9767627,0.00021097496,1.2689787e-08,1.2547346e-07,2.6598528e-09,2.177417e-11,2.2473988e-07,3.5431622e-09,1.0250407e-08,1.0880353e-07,2.7345454e-06,4.217074e-09,4.581322e-07,5.6924314e-06,9.760358e-07,3.675141e-08,3.1971363e-09,2.2778697e-06,1.5649458e-07,9.009767e-06,8.372891e-09,7.195619e-08,3.3501424e-06,4.9650165e-08,7.09934e-05,1.572408e-07,1.6345327e-07,2.2871602e-05,2.0645148e-08,7.834221e-09,1.7758884e-07,4.0923616e-08,2.0563168e-06,1.0313663e-06,2.7735558e-07,9.902005e-06,3.9078795e-06,7.848872e-07,6.840053e-09,5.116618e-07,6.527296e-05,9.056364e-07,5.373232e-07,6.774675e-10,1.9448182e-08,9.519006e-07,1.6893078e-07,1.593603e-08,5.469942e-07,2.310097e-08,1.3870607e-06,3.050238e-06,2.7231313e-06,2.0678988e-07,1.9379975e-08,5.037667e-07,1.4482155e-06,2.4122824e-07,2.688766e-07,4.420433e-06,0.0005223762,1.4693229e-08,2.2478313e-05,3.0801107e-07,6.4961625e-08,2.5090506e-08,6.9811508e-09,4.128567e-08,1.9909275e-07,3.5191783e-09,6.152179e-07,2.5361278e-06,1.18542575e-05,2.1243679e-07,8.3082426e-08,1.05322925e-07,2.7261916e-05,1.2097857e-07,3.42974e-08,2.7837766e-07,2.3281748e-06,1.1055864e-05,2.1133928e-08,4.137975e-06,1.8243203e-08,8.112069e-08,6.320102e-07,4.660506e-05,2.7662253e-07,9.453281e-07,2.3427999e-08,1.5520139e-07,4.7395864e-07,4.9914397e-09,9.863194e-07,3.8519335e-08,1.2442871e-08,4.4963932e-07,1.272423e-05,2.996062e-09,2.8428273e-09,2.7748564e-08,2.8343793e-05,2.8987641e-09,1.3235539e-06,5.321509e-06,1.2326755e-05,6.751205e-07,7.77407e-09,2.918247e-09,3.20305e-07,1.5353888e-06,9.352637e-08,3.099866e-08,3.348697e-07,8.697368e-07,5.1016794e-08,2.6334233e-06,3.120538e-09,1.0936618e-06,2.7359515e-06,2.0498144e-06,1.4755519e-08,2.8896515e-08,7.020316e-07,2.0410742e-07,3.0554702e-08,4.610883e-07,2.3574612e-06,7.59267e-08,3.4287206e-07,4.3319924e-06,9.242877e-06,1.032677e-05,2.817764e-08,2.3498676e-06,6.555232e-09,3.867327e-08,1.0743733e-07,2.3621554e-09,2.7256898e-05,1.216032e-07,5.267448e-06,3.7547503e-07,2.1072963e-06,1.8710132e-07,1.2546129e-06,4.442146e-06,4.2620353e-08,3.0348513e-08,1.1234166e-05,3.6688386e-06,5.1393276e-06,1.4228071e-06,8.9015913e-07,2.2017412e-07,2.8641753e-07,2.7168817e-08,4.5273785e-07,1.7104355e-07,8.405225e-10,7.983166e-08,1.4002509e-05,3.554359e-08,3.8949761e-07,2.2134936e-09,2.0542254e-06,1.1463107e-08,9.051303e-07,1.1465207e-08,2.5114167e-07
BC2026_Train_0053_S22_20220211_204500_020,2.7064623e-10,3.80843e-08,3.1869277e-08,2.984978e-06,3.2943822e-07,7.057953e-11,5.183309e-10,4.770905e-08,0.0003505445,4.929311e-05,0.4543329,7.9888585e-09,2.2222502e-09,6.821932e-12,1.4247128e-10,0.001409206,1.51893e-09,1.07369105e-11,0.027457463,4.8803184e-07,5.4491885e-08,0.0076551493,2.024594e-09,4.980484e-09,6.699114e-08,4.59601e-11,3.0757423e-08,4.396821e-09,9.218291e-11,6.436201e-06,4.8869044e-08,3.2231704e-09,1.5601282e-07,9.4813615e-09,5.9830594e-09,1.2698139e-08,1.2643978e-08,8.376516e-09,5.99357e-08,1.2759361e-07,1.7952651e-07,1.2060073e-07,3.164413e-08,1.2165714e-09,2.0163047e-09,1.7868446e-09,7.356345e-08,1.0509768e-09,1.6966655e-09,5.5698295e-09,1.4549051e-08,1.3216523e-08,2.1322162e-08,9.54356e-08,4.3429483e-07,3.8657397e-09,3.9099426e-09,0.80465245,1.0636452e-09,1.926362e-09,0.98018104,1.2198499e-09,1.2832846e-05,0.9879068,0.0005837943,1.4177819e-09,1.1103666e-08,8.135924e-10,7.4363224e-11,4.934542e-07,5.727887e-10,5.239711e-09,1.9718495e-08,1.971842e-06,2.3890745e-09,4.008542e-07,2.8181407e-06,4.0561764e-07,1.7665839e-08,3.0976008e-09,7.5127394e-07,9.070178e-08,2.7235933e-06,3.506361e-09,1.8750926e-08,1.5855176e-06,4.32557e-08,8.018996e-06,7.833074e-08,9.4738084e-08,2.580566e-05,7.062108e-09,8.101999e-09,5.032366e-07,1.8508628e-08,1.1054799e-06,3.4651958e-07,4.2290285e-08,4.2576826e-06,3.163052e-06,5.1799583e-07,2.03048e-09,9.903554e-07,0.00011551317,1.104623e-06,3.1873267e-07,4.191715e-10,2.169887e-08,2.0367713e-07,1.2935658e-07,1.1170665e-08,5.8232666e-07,3.645649e-09,3.723083e-07,3.7582647e-06,7.148348e-07,7.445061e-08,5.959279e-09,2.1746317e-07,4.8096445e-07,6.7714396e-08,1.9047053e-07,1.3083351e-06,8.407097e-05,9.318978e-09,2.055056e-06,2.3306531e-07,1.8259946e-08,1.7533276e-08,1.0310251e-08,1.923631e-08,7.8145845e-08,3.878228e-09,1.1549945e-07,1.6591235e-06,2.4867904e-05,2.1011385e-07,3.1982662e-08,4.5955876e-08,3.9364575e-05,3.6543784e-07,7.5440765e-09,1.8485929e-07,1.5513896e-06,3.1324325e-05,3.5497032e-09,2.2052368e-06,1.1761747e-08,3.8735056e-08,4.0445883e-07,8.206772e-06,3.537991e-08,3.1029276e-07,5.7908998e-09,1.2692576e-07,1.0562147e-07,1.700138e-09,3.392487e-07,8.844918e-09,2.6276226e-08,2.5161512e-07,3.3748015e-06,2.1498892e-09,7.333321e-10,2.6473222e-08,3.3744465e-05,1.01694155e-08,7.004052e-07,6.312132e-07,5.0011618e-06,4.827594e-07,2.1434527e-09,7.540965e-10,9.5268106e-08,1.3230782e-06,1.3057631e-07,4.431883e-08,9.6036e-08,2.3909888e-07,7.522727e-08,1.38811e-06,3.5688186e-10,3.0912375e-07,1.7747114e-06,2.1654937e-06,8.0736e-09,1.8106482e-08,1.7347915e-07,1.5082179e-07,2.5858245e-08,9.34431e-08,2.3572649e-07,1.114755e-08,8.881539e-08,1.5968317e-06,1.1004531e-05,3.0584406e-06,1.0233334e-08,1.4554192e-06,7.659182e-09,2.0956147e-08,4.1003624e-08,1.6308365e-09,8.574969e-06,4.976061e-08,2.3397845e-06,2.0870353e-07,1.5548317e-06,1.8775232e-07,5.6975904e-07,8.013224e-07,4.4680037e-09,2.6324585e-08,3.213883e-06,1.1532636e-06,6.404839e-06,1.0609226e-06,3.2283178e-06,4.656522e-08,1.5856779e-07,6.3773826e-09,2.1064193e-07,1.2434181e-07,5.0217823e-11,1.9331795e-08,4.636476e-06,3.5748037e-08,4.4800726e-07,4.7785775e-10,7.784829e-07,7.6421225e-09,7.2139557e-07,4.25439e-09,1.323882e-07
BC2026_Train_0053_S22_20220211_204500_025,1.2791234e-09,4.2681286e-08,8.6170225e-08,1.8484128e-06,2.6242828e-06,1.6035502e-10,3.282031e-09,2.4473906e-07,0.0010976389,3.603081e-05,0.17710266,1.5154754e-08,2.7291804e-08,5.0327423e-11,5.946593e-10,0.002190858,1.2572435e-08,6.165492e-11,0.09013577,5.707526e-07,2.8116418e-07,0.021789454,1.8390844e-08,1.9263627e-08,5.805019e-07,1.2193443e-10,2.0145477e-07,1.9748143e-09,5.330286e-11,7.936933e-07,6.745002e-08,4.5494755e-09,2.8377556e-07,3.17506e-08,1.972681e-08,2.794546e-08,4.0460648e-08,5.079076e-08,1.3204257e-07,4.569537e-07,8.0937525e-07,2.2725378e-07,1.211149e-07,1.4185663e-09,1.45491335e-08,1.2909575e-08,6.405203e-07,2.9334377e-09,9.753789e-09,4.5560512e-08,4.7666752e-08,4.264849e-08,6.014068e-08,1.9847397e-07,1.2695122e-06,6.32832e-09,3.699438e-09,0.7641845,7.832424e-10,1.43253995e-08,0.93707013,1.667147e-08,3.439447e-06,0.9707831,0.000647613,6.1038e-09,1.3081538e-07,2.928086e-10,2.705884e-10,1.0120074e-06,1.1973241e-09,4.0546926e-09,1.3841242e-07,1.7933151e-05,6.902358e-09,5.7077165e-07,6.576124e-06,8.5273e-07,6.861656e-08,2.2878742e-08,1.7410712e-06,2.733484e-07,1.9729649e-05,2.8286307e-08,2.033173e-07,3.660964e-06,2.1706474e-07,5.127046e-05,4.5336995e-07,3.134496e-07,8.807053e-06,5.8242556e-08,2.4382786e-08,5.6917514e-07,3.333857e-08,1.232604e-06,2.6295409e-06,3.590682e-07,2.5708954e-05,2.424085e-05,1.5280702e-06,5.629633e-08,3.2523412e-06,0.00036814803,1.9002032e-06,2.1817805e-06,7.970728e-10,1.9778564e-07,1.3134094e-06,5.267827e-07,2.3856296e-07,1.3873095e-06,2.318577e-08,8.0428e-07,1.0299233e-05,5.1598113e-06,1.3809954e-07,3.4216512e-08,7.218374e-07,3.2599241e-06,2.6400392e-07,1.6259258e-06,7.5899266e-06,0.0010511536,2.8331016e-08,2.7093813e-05,6.5533845e-07,1.4701489e-07,3.25651e-08,7.9532256e-08,5.752944e-08,1.379912e-07,1.0017617e-08,1.1903282e-06,4.3118907e-06,0.0005514754,6.400189e-07,1.0580838e-07,9.213962e-08,9.361663e-05,4.871711e-07,7.6830624e-08,9.068109e-07,5.4159136e-06,2.5439727e-05,1.0050172e-08,7.4917575e-06,1.02104885e-07,1.0606196e-07,9.599613e-07,2.4699459e-05,1.0078785e-06,6.557354e-07,1.4900719e-08,4.400851e-07,3.9294355e-07,6.705785e-09,2.1842914e-06,1.7129178e-08,2.2404011e-07,7.9433244e-07,4.6986684e-06,4.8405457e-09,4.0888795e-09,1.2332877e-07,7.323417e-05,3.713147e-08,7.320537e-06,1.2489589e-05,2.5787087e-05,5.126962e-06,1.6927228e-08,3.3747496e-09,3.082012e-07,1.0801509e-05,4.269466e-06,7.398586e-07,3.3404996e-07,6.020673e-07,1.821786e-07,6.556256e-06,2.5180913e-09,6.4966207e-07,3.671695e-06,6.972728e-06,8.834566e-09,4.094251e-08,7.031325e-07,6.9728756e-08,4.3430223e-08,7.948962e-07,1.1348384e-06,6.4457936e-08,2.9890123e-07,7.9956435e-06,2.1259628e-05,3.3200445e-06,1.1408664e-08,4.7610647e-06,2.4247558e-07,3.219289e-08,6.5802755e-07,7.200709e-09,1.3108092e-05,6.203554e-07,1.3315542e-05,2.8887953e-07,3.186085e-06,5.0473903e-07,1.5584807e-06,1.954308e-05,1.544631e-07,4.8046562e-08,1.024977e-05,6.038084e-07,1.9013101e-05,6.114282e-06,1.4635655e-05,5.705839e-07,1.6779574e-06,1.1010182e-07,3.8107632e-07,7.1859756e-07,7.0503553e-10,2.4179661e-08,2.2020504e-05,4.825614e-08,1.252878e-06,2.6435214e-09,8.147599e-06,1.9612832e-08,1.7270971e-06,7.9350695e-09,4.0477985e-07
BC2026_Train_0053_S22_20220211_204500_030,3.044944e-09,1.04381975e-07,1.1132193e-07,2.7599851e-06,1.345214e-06,2.0664667e-10,1.0309464e-08,2.1517863e-07,5.5878525e-05,5.30075e-05,0.4285168,6.231804e-08,3.4126305e-08,7.789558e-11,2.7122928e-09,0.002755035,1.5684178e-08,6.7780066e-11,0.09740256,2.0887428e-06,2.4972013e-07,0.01628173,8.946347e-09,2.6754796e-08,5.975762e-07,1.5663443e-10,2.9744928e-07,6.6981527e-09,3.5499656e-10,1.2376664e-06,1.757802e-07,8.492539e-09,4.4221053e-07,2.4942922e-08,2.62644e-08,4.5137458e-08,3.8316724e-08,3.4574775e-08,2.4341787e-07,4.665568e-07,8.544289e-07,5.130632e-07,1.9210596e-07,3.3697263e-09,1.4906034e-08,1.4856109e-08,4.7123015e-07,3.6094627e-09,7.144985e-09,3.2933762e-08,6.801171e-08,7.20225e-08,1.023527e-07,3.743491e-07,1.4356905e-06,4.994604e-08,1.4038169e-08,0.8912834,1.2196684e-09,1.9751432e-08,0.9549642,1.35480205e-08,3.2569753e-06,0.95187694,0.0008791022,8.6986445e-09,1.0408139e-07,1.352733e-09,2.8835703e-10,1.0122642e-06,5.622205e-09,1.6316617e-08,2.8659264e-07,3.2725104e-05,7.555092e-09,1.2604547e-06,1.8477025e-05,9.760721e-07,5.0918892e-08,8.7822825e-09,3.8814637e-06,5.445053e-07,3.6466467e-05,1.5339275e-08,1.6301553e-07,8.770125e-06,1.8491941e-07,3.5472698e-05,1.2515751e-06,2.979484e-07,7.76473e-06,7.346095e-08,2.3936552e-08,7.004313e-07,7.146216e-08,1.3450984e-06,2.1498142e-06,2.2172033e-07,1.7092325e-05,1.6989003e-05,1.7137613e-06,2.9963722e-08,6.6572784e-06,0.00016740627,1.7543065e-06,3.2370237e-06,1.4601335e-09,3.5233313e-07,1.7440692e-06,9.32049e-07,2.0359553e-07,1.7473238e-06,3.6663753e-08,2.1972114e-06,1.8585462e-05,4.0367067e-06,2.6068443e-07,3.180831e-08,8.545136e-07,1.8311097e-06,1.08339876e-07,7.3492475e-07,1.7937633e-05,0.0007860658,3.7272034e-08,1.3969072e-05,6.909308e-07,1.8801553e-07,3.193292e-08,1.8895402e-07,9.606787e-08,4.5652897e-07,4.047159e-09,6.2215537e-07,3.945145e-06,0.0001180487,3.5379242e-07,1.3100414e-07,2.2290759e-07,6.084402e-05,1.6023372e-06,2.4141551e-08,7.465465e-07,6.939625e-06,2.5934467e-05,1.1285324e-08,1.677592e-05,1.4012694e-07,7.4203506e-08,1.9428198e-06,1.0126881e-05,2.7787897e-07,1.4244052e-06,1.3139059e-08,5.7749526e-07,3.4515017e-07,1.4884927e-08,2.028408e-06,5.4406406e-08,8.4167354e-08,8.936286e-07,9.214432e-06,8.59745e-09,3.728325e-09,9.752267e-08,0.00019646868,1.2956863e-08,5.7823827e-06,2.4259443e-05,3.281755e-05,2.9975984e-06,1.2265042e-08,4.8436957e-09,3.5422522e-07,3.4279567e-06,1.469311e-06,7.0941934e-07,2.5225518e-07,1.2263964e-06,1.0774535e-07,7.095315e-06,7.533838e-09,1.6772469e-06,8.999187e-06,1.1798295e-05,5.8400382e-09,8.913258e-08,1.1952811e-06,2.5510434e-07,5.5664014e-08,2.2832899e-06,1.8125247e-06,7.013973e-08,2.689148e-07,5.3376466e-06,1.9154802e-05,9.851304e-06,3.8608263e-08,4.417319e-06,1.1304276e-07,5.1730126e-08,1.3483864e-06,7.873318e-09,2.651875e-05,4.2784353e-07,1.4393345e-05,3.36765e-07,2.7650751e-06,6.8615566e-07,1.3330726e-06,1.3232221e-05,1.8287227e-07,2.9666534e-08,2.3422772e-05,1.672106e-06,1.3051674e-05,9.048628e-06,3.111692e-06,9.4040524e-07,8.104342e-07,4.2113044e-08,9.330397e-07,5.300335e-07,5.5060073e-10,2.1380647e-07,2.6590998e-05,1.10776945e-07,5.13303e-07,2.5429383e-09,6.2829417e-06,3.1167147e-08,2.0939542e-06,1.2543047e-08,1.1300476e-06
BC2026_Train_0053_S22_20220211_204500_035,5.1403143e-10,2.1970653e-08,2.2262647e-08,7.729068e-06,3.5260405e-07,4.678567e-11,1.1688388e-09,1.0352247e-07,0.0002656119,3.701811e-05,0.733524,2.5780778e-08,1.9282743e-08,3.340255e-11,7.6741796e-10,0.003148729,1.4008507e-08,1.6795856e-11,0.008609522,4.421268e-06,6.169683e-07,0.0057077254,5.814175e-09,2.0430367e-08,1.8219737e-07,1.3742603e-10,5.692073e-08,1.0938564e-09,3.4952735e-11,1.7909384e-06,9.006497e-08,3.4627359e-09,1.5923517e-07,1.2745335e-08,1.5627798e-08,1.12941745e-08,2.4774414e-08,1.1164957e-08,1.218149e-07,9.381276e-08,3.3543802e-07,2.1072972e-07,1.13694476e-07,8.2674995e-10,4.8844973e-09,4.6889523e-09,6.428678e-08,8.9498753e-10,1.3971783e-09,4.6863593e-09,2.4997503e-08,2.47373e-08,3.546619e-08,2.1829617e-07,2.4142454e-07,1.2725974e-08,9.527115e-09,0.9156095,2.5915642e-10,2.1730722e-08,0.9655723,3.5331207e-09,2.1033704e-05,0.9735864,0.00079385925,6.4974484e-09,3.1674748e-08,1.3067174e-09,1.3299173e-10,1.3557927e-07,1.329738e-09,1.2308116e-08,5.1509677e-08,2.656706e-06,1.0120359e-09,2.316706e-06,8.60272e-06,6.875195e-07,4.9351442e-08,3.3221186e-09,1.499331e-06,1.5676032e-07,5.4422417e-06,7.052241e-09,2.0988749e-08,9.50268e-07,1.6221219e-07,5.439783e-05,5.667432e-07,9.5211426e-08,1.5282993e-05,1.8704633e-08,9.514295e-09,2.6979794e-07,5.1555183e-08,1.7091115e-07,6.196388e-07,2.5501526e-08,1.2945662e-05,6.5969093e-06,1.7124869e-06,6.3538033e-09,3.2541282e-06,0.00024636788,4.2897464e-06,1.2876986e-06,4.073993e-10,9.992813e-08,6.191668e-07,8.687752e-07,3.1644433e-08,1.0407261e-06,1.5539046e-08,7.835269e-07,1.6461981e-05,1.4484032e-06,6.14471e-08,3.760069e-09,5.1204887e-07,9.1415586e-07,4.839569e-08,7.923909e-07,4.718638e-06,0.00018769162,3.511154e-08,2.1220526e-06,3.2984408e-07,7.130912e-08,2.5631724e-08,2.438246e-08,2.2797632e-08,3.7566593e-07,1.2347847e-09,2.0037679e-07,2.1833605e-06,4.8810634e-06,8.0652e-08,1.0683959e-07,8.820461e-08,5.3217896e-05,1.0129799e-06,1.2620077e-08,2.1126074e-07,2.150296e-06,1.5574122e-05,4.8572764e-09,5.908323e-06,1.5891532e-08,2.8715261e-08,5.675724e-07,4.990632e-06,5.537767e-08,7.923502e-07,8.401126e-09,1.7883787e-07,2.4966727e-07,3.3173126e-09,8.509451e-07,2.8103893e-08,1.9375832e-08,3.010678e-07,1.8516555e-06,1.9020316e-09,3.2185261e-09,2.560485e-08,5.472657e-05,7.176057e-09,1.3667876e-06,3.970025e-06,7.137788e-06,5.094124e-07,4.9960116e-09,9.70894e-10,2.749642e-07,1.1689084e-06,3.8555692e-07,1.1738456e-07,4.5335221e-07,4.5815105e-07,2.7798679e-08,2.8429615e-06,1.9736548e-09,1.4949449e-06,5.053198e-06,7.3295687e-06,3.5771552e-09,7.6921545e-08,7.739799e-07,1.1693684e-07,3.998004e-08,8.180535e-07,3.4011526e-07,2.4627278e-08,1.6566855e-07,1.6950574e-06,4.9549362e-06,6.5796003e-06,2.4679851e-08,1.0593758e-06,4.7661093e-09,4.3454417e-08,2.2411831e-07,1.2134289e-09,5.761378e-06,1.9142419e-07,5.2059263e-06,2.3665676e-07,6.7657516e-07,1.9307905e-07,1.2881914e-06,3.1124905e-06,6.835518e-08,1.8419877e-08,1.46444645e-05,8.478658e-06,1.8901626e-05,9.027046e-07,2.3704979e-07,1.0521848e-06,1.0812702e-07,1.4486249e-08,8.3374977e-07,1.3325726e-07,1.2506698e-10,8.2359655e-08,1.2367508e-05,8.747347e-08,7.721656e-08,3.9036666e-10,1.7434489e-06,8.38694e-09,9.667599e-07,6.093691e-09,1.2819581e-06
BC2026_Train_0053_S22_20220211_204500_040,7.636193e-09,2.3026611e-07,4.231385e-08,7.6988836e-05,2.7082237e-06,3.3323916e-10,6.6013177e-09,3.831271e-08,0.00021271042,4.063951e-05,0.2404293,8.8250715e-08,7.021696e-08,7.977161e-10,7.239944e-09,0.0065359385,5.9688254e-08,1.5713446e-10,0.035569195,2.5222491e-06,6.0343127e-06,0.11966497,2.2173568e-08,9.521415e-08,1.1256634e-06,1.9940802e-09,1.9373235e-07,7.430984e-09,3.3354883e-10,4.5603463e-07,3.9534135e-07,2.1184778e-08,4.4450815e-07,1.2099206e-07,1.1900146e-07,6.7095485e-08,2.5495817e-07,9.765296e-08,4.251331e-07,1.1874292e-06,1.1488727e-06,8.966129e-07,8.0323906e-07,4.1779162e-09,7.486913e-08,8.819014e-08,8.556969e-07,5.997787e-09,1.0247514e-08,5.3592554e-08,2.537896e-07,2.8803032e-07,3.3744175e-07,7.335328e-07,3.4802324e-06,2.5524738e-08,1.9029725e-08,0.8534487,6.7807127e-10,2.1193394e-07,0.9695546,3.531162e-08,1.1424458e-05,0.9831897,0.004425209,3.528603e-08,3.8656756e-07,3.8953605e-09,1.5062417e-09,4.6655853e-07,1.1851667e-08,2.6917466e-08,5.934067e-07,7.832615e-05,5.3652056e-09,1.11020145e-05,1.873725e-05,4.876211e-06,1.0530566e-07,1.1783983e-07,3.357588e-06,1.0556533e-06,9.6958565e-06,4.6805102e-08,1.8366892e-07,1.9193158e-06,4.6300417e-07,4.208095e-05,2.591187e-06,7.175402e-07,1.44469905e-05,1.0555038e-07,1.0316727e-07,2.0826108e-06,1.04747954e-07,8.327573e-07,1.7931995e-06,2.1475489e-07,1.0412966e-05,2.6116168e-05,1.3758013e-05,4.65077e-08,1.2939649e-05,0.0006894929,4.3014625e-06,2.3602845e-06,3.652881e-09,1.0114044e-06,1.3585758e-06,4.1641383e-06,1.7041391e-06,2.6261603e-06,1.4149317e-07,3.0877156e-06,6.372909e-05,1.0812e-05,4.0451474e-07,3.2148527e-08,1.7527195e-06,4.0973514e-06,2.2267643e-07,5.521016e-06,1.2317834e-05,0.0009891607,2.8024462e-07,1.1335348e-05,6.930102e-07,8.188762e-07,1.8283966e-07,3.701879e-07,1.7238916e-07,9.0143396e-07,7.067987e-08,1.6653773e-06,2.221615e-06,1.404007e-05,7.4432495e-07,8.1897053e-07,4.0541536e-07,9.805171e-05,2.1192434e-06,1.7782968e-07,1.8117731e-06,5.519152e-06,7.96723e-06,1.2474262e-08,1.9061412e-05,7.562909e-08,1.7764643e-07,3.8542894e-06,1.7575032e-05,1.1947035e-06,3.4191544e-06,3.106696e-08,1.0403083e-06,5.8160185e-07,4.446514e-08,3.876344e-06,7.091848e-08,1.6599418e-07,3.928805e-06,1.0632324e-05,3.3845755e-08,3.186271e-08,2.816787e-07,5.5926663e-05,3.760831e-08,1.6853228e-05,1.2673536e-05,2.7737893e-05,7.7061395e-07,1.0937176e-07,1.7094026e-08,9.269882e-07,7.7957075e-06,1.1446645e-06,2.770925e-06,3.3581293e-06,4.516573e-06,4.881343e-07,8.176929e-06,1.1166894e-08,1.7802681e-06,1.5501426e-05,8.560499e-06,1.1662295e-08,6.8970695e-07,4.2420224e-06,3.3876148e-07,1.6210471e-07,1.561152e-05,2.4765495e-06,1.4963625e-07,7.044581e-07,6.6098073e-06,1.2913011e-05,1.1946615e-05,1.9296492e-07,8.118234e-06,9.88086e-08,1.9018154e-07,6.159676e-07,6.719048e-09,3.3273416e-05,2.3542393e-06,8.237085e-06,1.6687925e-06,1.1829363e-06,1.187888e-06,6.607021e-06,1.8035507e-05,1.1192525e-06,6.380682e-08,3.35769e-05,5.1508487e-06,0.00014198777,6.3449684e-06,8.047065e-06,2.7413814e-06,1.6368382e-06,6.257866e-08,5.453209e-06,2.8055405e-07,1.3039537e-09,8.104088e-08,5.471426e-05,9.742745e-07,7.661894e-07,7.246465e-09,1.760862e-05,3.4996418e-07,3.0087422e-06,3.057616e-08,6.589817e-06
BC2026_Train_0053_S22_20220211_204500_045,1.2706159e-08,1.8095766e-07,2.1142965e-07,2.8923818e-05,2.287132e-06,2.8336822e-10,2.8741822e-09,4.2212932e-07,0.00021180314,2.6151383e-05,0.84340245,1.2314955e-07,6.375889e-08,1.6754112e-10,2.9833058e-09,0.002440058,5.6178866e-08,1.0708446e-10,0.00644532,3.337199e-05,2.3052326e-06,0.0037058864,2.9258509e-08,1.3375394e-07,5.002145e-07,4.6628984e-10,1.3306335e-07,9.862686e-09,5.160108e-10,2.1660742e-06,4.4256703e-07,4.120055e-08,1.412524e-06,1.279931e-07,1.6063244e-07,1.8640603e-07,4.4858956e-07,1.6710587e-07,8.512739e-07,1.41063e-06,2.3926361e-06,1.1124662e-06,9.2150316e-07,1.3755807e-08,5.5161458e-08,8.186803e-08,1.0687348e-06,1.5583328e-08,3.1010543e-08,7.756951e-08,2.6358177e-07,2.559597e-07,3.7744317e-07,1.4844403e-06,3.2999053e-06,6.5724365e-08,1.12195025e-07,0.9303772,8.361221e-10,1.699445e-08,0.98776126,1.5439515e-08,6.0654238e-05,0.9924522,0.021679677,6.955316e-08,2.2625166e-07,2.0337358e-09,7.760599e-10,1.1187637e-06,1.6750453e-08,2.8040398e-07,1.0126003e-06,1.7000957e-06,1.4820901e-08,1.9822535e-06,1.7937238e-05,6.8609156e-06,1.1057492e-07,9.80643e-09,2.3189916e-06,2.213965e-06,1.3318996e-05,6.942777e-08,2.1341556e-07,6.671432e-06,5.28019e-07,0.00071926287,1.3406609e-06,6.721236e-07,4.4046777e-05,9.6361866e-08,1.6296345e-07,1.8323011e-06,5.462092e-08,1.0533413e-06,5.7426664e-06,9.4285133e-07,5.425572e-05,1.2752595e-05,1.9843015e-05,8.885877e-08,5.044998e-06,0.0003085086,1.8075257e-06,4.1001113e-06,5.8798615e-09,2.1384298e-07,5.0789686e-06,1.1985526e-06,3.7384072e-07,2.116436e-06,1.12075256e-07,1.1283255e-05,1.693864e-05,2.8227132e-06,1.7261142e-07,2.0506924e-08,6.665353e-06,3.7175628e-06,9.781664e-08,6.6318494e-06,1.4802074e-05,0.0004953192,2.9034524e-08,1.4251092e-05,1.38931e-06,3.5527367e-07,1.051044e-07,6.3576486e-08,2.2262398e-07,1.8457811e-06,1.2879373e-08,1.0641583e-06,1.4204956e-06,2.3336286e-05,2.1644314e-07,6.592675e-07,8.9047415e-07,0.00020591237,6.2232193e-06,2.1017757e-07,1.8654256e-06,1.2053352e-05,3.1747764e-05,6.50922e-09,4.271646e-05,4.008618e-08,4.3699526e-07,3.4194675e-06,5.84973e-05,7.336608e-07,4.124245e-06,1.9471827e-08,4.630819e-07,1.0453275e-06,1.057174e-07,3.4211836e-05,7.0519086e-08,8.7068145e-08,8.381926e-06,1.7737568e-05,5.964078e-09,4.0913235e-08,1.2103592e-07,1.4405057e-05,2.6138565e-08,5.448349e-06,2.2833354e-05,0.000102832295,1.212571e-06,1.1602279e-08,1.053703e-08,1.8748175e-06,8.699818e-06,4.8560145e-07,3.2983306e-07,1.386225e-06,1.2850587e-06,6.7017595e-08,1.944952e-05,9.450865e-09,2.0011892e-06,2.8568655e-05,9.657936e-06,1.1033934e-08,3.9135787e-07,2.6797345e-06,1.1360544e-06,6.948858e-08,1.5207246e-05,2.989556e-06,1.2863923e-07,8.234244e-07,1.2480258e-06,2.8648863e-05,4.7367896e-05,3.2279715e-07,2.6356167e-06,1.6079928e-08,7.508728e-07,2.579343e-06,1.1882245e-08,2.2608809e-05,1.398505e-06,2.9026252e-05,7.096352e-07,7.1748664e-06,1.4933005e-06,4.556987e-06,2.0198017e-05,8.548758e-08,2.1494952e-07,1.4515862e-05,1.6790982e-05,5.4360964e-05,3.5404462e-06,2.2016497e-06,1.0167272e-05,7.3561966e-07,1.7775999e-07,7.2476882e-06,5.669232e-07,7.6999856e-10,1.0637228e-06,6.973059e-05,8.059146e-07,5.512433e-07,8.819918e-09,1.8910686e-06,7.106526e-08,4.1662515e-06,5.4302117e-08,2.7277576e-06
BC2026_Train_0053_S22_20220211_204500_050,2.1561242e-08,1.3307806e-07,3.050829e-08,2.7917766e-05,3.9698775e-06,5.9340394e-10,3.361458e-09,3.406928e-07,0.00011419347,3.3053177e-05,0.8726371,4.545601e-08,2.258125e-08,2.3983782e-10,1.8523557e-09,0.00070209947,3.8566018e-08,6.3932803e-11,0.008293323,5.5228807e-06,2.4859626e-06,0.0050104028,4.390588e-08,1.775135e-07,1.9950419e-06,2.1928692e-09,1.5898631e-07,3.344365e-08,2.664482e-10,2.416591e-06,4.540393e-07,2.631013e-08,1.0488366e-06,9.0106724e-08,1.229817e-07,8.595666e-08,2.7942002e-07,1.9208726e-07,5.348962e-07,6.096356e-07,2.8051843e-06,1.0083274e-06,7.881035e-07,6.363069e-09,6.128078e-08,7.6258765e-08,8.78809e-07,1.4393544e-08,2.9571003e-08,1.04728976e-07,1.862468e-07,2.0846045e-07,2.4170814e-07,1.2302644e-06,2.1397586e-06,3.5129425e-08,5.680251e-08,0.7484934,1.4425939e-09,1.819983e-08,0.9063106,4.185224e-08,2.4190205e-05,0.9737188,0.0007804062,9.794602e-08,4.6661415e-07,1.2804561e-09,7.331251e-10,4.849989e-07,1.6267364e-08,6.3069464e-08,1.6616002e-06,2.8642128e-06,2.4731923e-08,7.746454e-06,1.9093577e-05,7.727417e-06,1.1084077e-07,5.140721e-08,1.1689687e-06,1.6526964e-06,7.023009e-05,6.754284e-08,5.575546e-07,6.771859e-06,8.3310607e-07,0.00037834258,3.1476152e-06,8.4745557e-07,9.284062e-05,1.9381459e-07,1.1368808e-07,1.2629912e-06,3.0072943e-07,1.642958e-06,4.0928294e-06,6.6891926e-07,2.290124e-05,5.381983e-06,2.111367e-05,7.660543e-08,7.593083e-06,0.00082806725,3.8475173e-06,1.8967309e-06,8.828115e-09,4.1687167e-07,4.4016333e-06,3.2024618e-06,5.052939e-07,3.386004e-06,9.3695337e-07,1.621434e-05,2.5859663e-05,8.202586e-06,3.6829343e-07,3.4948382e-08,8.470762e-06,7.2667e-06,4.84936e-07,1.3504876e-05,1.714674e-05,0.0009784652,1.7042174e-07,2.451714e-05,7.0674395e-07,8.585136e-07,5.5196085e-07,6.507685e-08,1.2661286e-07,1.2014767e-06,4.5068294e-08,1.5923608e-06,6.4795463e-06,5.426317e-05,1.6898346e-07,8.289144e-07,9.579851e-07,0.00013934505,7.4875e-06,1.5639627e-07,2.6166056e-06,1.766316e-05,1.2328729e-05,2.597277e-08,0.0001939132,2.732499e-07,4.948307e-07,3.0698725e-06,5.5829154e-05,5.855321e-07,6.0369607e-06,9.304134e-08,7.9517906e-07,2.213703e-06,9.022797e-08,2.4856403e-05,9.02395e-08,1.5886339e-07,7.1089644e-06,1.7926364e-05,2.5644882e-08,6.5315966e-08,1.2769769e-07,5.4083244e-05,5.9059293e-08,1.7702385e-05,8.866151e-05,4.3919772e-05,3.8456465e-06,4.9739178e-08,6.316421e-08,6.710689e-06,6.9312327e-06,1.4834908e-06,6.0427095e-07,3.0100077e-06,7.3601864e-06,1.1043308e-07,2.6935551e-05,2.9191336e-08,3.5996104e-06,1.5075069e-05,1.7413502e-05,3.046712e-08,5.4581966e-07,5.932239e-06,9.692525e-07,3.4375802e-07,1.1313219e-05,5.9291397e-06,1.632509e-07,1.1691392e-06,9.051934e-06,2.8036946e-05,3.432527e-05,7.7646916e-07,4.906765e-06,4.3856502e-08,6.632138e-07,1.3507224e-06,1.9930773e-08,4.1119434e-05,2.1677192e-06,2.1051605e-05,1.003037e-06,7.1729232e-06,2.429944e-06,6.32616e-06,2.7831744e-05,3.613888e-07,1.2627811e-07,2.0115223e-05,2.1913353e-05,8.9908215e-05,4.474088e-06,3.3207507e-06,4.511497e-06,1.705082e-06,4.3149737e-07,4.4963817e-06,1.1119105e-06,9.722733e-09,4.2611293e-07,5.1095136e-05,1.0613609e-06,1.5351618e-06,1.3610258e-08,9.312837e-06,1.4382654e-07,8.040592e-06,1.10106235e-07,5.145232e-06
BC2026_Train_0053_S22_20220211_204500_055,1.0953251e-07,1.1079844e-06,5.2659385e-07,0.00055911404,2.349379e-06,1.4762218e-08,7.398672e-08,5.7667967e-07,0.0008221113,0.0010122644,0.7856847,4.950553e-06,1.1668908e-07,5.258112e-09,2.792745e-08,0.007527352,2.497595e-06,1.0941466e-09,0.030324455,0.0001211829,1.9137212e-06,0.0076325457,3.8070797e-07,1.0314303e-06,2.9764076e-06,9.069776e-09,6.983736e-07,2.092897e-07,1.0317141e-07,0.0005380897,2.9309224e-06,9.255722e-07,7.3193983e-06,9.068498e-07,8.605055e-07,2.178211e-06,1.9455288e-06,9.602672e-07,3.914366e-06,2.4087562e-06,7.655009e-06,6.6878733e-06,2.4025117e-06,3.261633e-07,2.298762e-07,2.475144e-07,1.47857e-06,1.6991638e-07,3.2015535e-07,5.069108e-07,8.7711345e-07,7.283576e-07,1.0487096e-06,5.4196294e-06,8.784296e-06,8.4160587e-07,8.0429993e-07,0.9652995,4.932274e-08,5.3202433e-07,0.98195595,9.078331e-08,0.0025787028,0.98864377,0.00818068,1.1563104e-07,1.6684804e-06,6.8626115e-08,8.301337e-08,1.9260488e-06,4.9453675e-08,2.9747056e-07,1.5817329e-06,4.1571507e-06,2.5587917e-07,2.5333447e-05,0.00022129543,1.2123467e-05,1.99314e-06,1.9540047e-07,3.4927712e-06,1.178755e-06,4.38808e-05,1.1255276e-07,4.5996094e-06,8.311924e-06,6.7674882e-06,0.00063756603,1.8120709e-05,1.2641154e-06,0.00027429903,1.573185e-06,1.949626e-06,1.888651e-05,8.694842e-06,1.1263131e-05,2.0993084e-05,1.5902726e-06,0.00016228609,3.531807e-05,3.400065e-05,2.16109e-07,8.202438e-05,0.0013804258,9.707977e-05,1.7572067e-05,9.108458e-08,1.2514499e-06,1.4159311e-05,9.7084585e-06,1.1055104e-06,2.1103304e-05,5.2333814e-07,4.841628e-05,0.00029019904,1.1739417e-05,1.4477445e-06,3.1896217e-08,8.803799e-05,1.7361386e-05,3.5137687e-06,9.189929e-06,1.2043804e-05,0.000617826,2.6069486e-06,1.047241e-05,3.4014813e-06,2.8466893e-06,2.1388817e-06,9.2952365e-07,2.8818524e-06,3.76311e-05,2.3952794e-07,1.4613623e-06,3.3132978e-06,2.1803558e-05,7.236633e-07,2.5238057e-06,5.4511397e-06,0.00019156605,4.6774698e-05,7.6446975e-07,2.3185177e-05,1.7328768e-05,5.2748415e-05,8.147979e-09,3.1042917e-05,3.040562e-07,6.448274e-06,4.488927e-06,5.902972e-05,4.091428e-06,3.148086e-05,3.0032157e-07,5.2216537e-06,2.920203e-06,9.849687e-07,2.6148015e-05,3.090131e-06,1.773874e-06,0.00011260876,8.42227e-05,2.4264975e-07,2.4194844e-07,2.3253803e-07,0.001127372,6.017705e-07,8.007914e-06,1.3560319e-05,8.265457e-05,6.6019884e-06,7.2104206e-07,3.057942e-08,1.4360152e-05,3.0806605e-05,2.4850074e-06,1.7940924e-06,4.900181e-06,5.6208733e-06,9.4899013e-07,6.206789e-05,2.6743194e-07,2.6652513e-05,8.4140345e-05,0.00028479286,1.5808446e-06,1.1091379e-06,1.3163024e-05,1.8599914e-05,1.5091779e-06,1.8678786e-05,3.0620015e-06,3.0974866e-06,2.2407685e-05,4.4662072e-05,9.708967e-05,4.321869e-05,6.4412643e-07,1.5039385e-05,2.447579e-08,2.5434597e-06,3.6836411e-06,9.223932e-08,4.2599746e-05,5.0018534e-06,5.68237e-05,1.1238838e-05,4.390248e-05,6.5582385e-06,2.158525e-05,7.7182995e-06,8.527149e-06,5.4580875e-07,0.00010288301,0.00032249308,0.00076610845,7.5062967e-06,4.5603906e-06,6.6191174e-06,8.341523e-07,6.537304e-07,2.210521e-05,1.5515019e-06,3.3498686e-08,5.3406922e-05,0.00014185527,1.3842585e-05,3.7152452e-06,2.1137758e-08,5.1358684e-06,1.219965e-07,6.1607054e-05,6.966355e-07,1.577457e-05
BC2026_Train_0055_S22_20220219_200000_000,8.6363066e-08,3.8865237e-06,1.5616736e-06,3.9565813e-05,0.000120437006,9.909977e-09,2.0977462e-08,2.5122076e-06,0.0016911478,1.0374724e-05,0.015052572,1.2007602e-07,1.3689932e-07,2.2735656e-09,5.3856933e-08,0.041595552,3.2248087e-07,1.4182147e-09,0.46745116,5.3173113e-07,1.4024775e-05,0.03617721,6.815326e-06,9.02865e-08,4.812191e-05,1.106485e-08,3.1689399e-06,3.5482367e-07,4.284774e-09,7.1973723e-06,9.598955e-07,7.988695e-08,2.8662896e-06,1.0671699e-07,1.8310227e-07,3.9147395e-07,1.8929111e-07,1.646082e-07,9.81123e-07,1.3860175e-06,1.2777887e-06,2.4747176e-06,4.2080453e-07,4.7526672e-08,3.5006468e-07,6.647291e-07,2.9713083e-06,1.129042e-07,8.5707335e-08,9.935077e-08,2.9926943e-07,3.1573606e-07,4.0480262e-07,9.280532e-07,5.820864e-06,1.2741377e-07,7.6302705e-08,0.64249104,4.539207e-08,5.635837e-07,0.97815233,1.3392243e-07,0.00038048095,0.9937457,0.04172713,5.187606e-07,1.6828067e-06,4.996288e-09,6.754483e-10,1.7965219e-06,9.851273e-09,8.337967e-07,1.1842494e-05,1.4077516e-05,4.5219068e-08,9.89202e-06,2.592282e-05,3.642056e-05,4.404941e-07,1.2177959e-07,5.6402703e-05,5.7721018e-06,1.1721987e-05,1.09851e-06,3.1916047e-06,1.6145137e-05,3.0250766e-07,4.4849912e-05,5.6026456e-06,1.7205546e-05,1.47589835e-05,5.8770047e-07,1.920499e-07,1.5563093e-06,1.7030849e-06,3.6730147e-05,4.5195243e-06,1.8222202e-06,1.6457916e-05,2.0480971e-05,4.172283e-06,1.3461173e-06,2.0970554e-05,0.00024059079,2.024532e-05,1.7074448e-06,2.1587041e-08,3.639146e-06,1.1288066e-05,7.0668048e-06,4.949425e-06,7.075059e-06,2.3053572e-07,2.0033096e-05,5.8122077e-05,6.186656e-06,1.5860259e-06,8.858815e-07,9.385717e-06,1.1220964e-05,4.76838e-07,2.9857163e-05,0.00013525858,0.0012903528,3.4043296e-07,4.49881e-05,1.1922987e-05,6.6492885e-07,6.609623e-08,3.2999808e-06,3.665062e-06,1.2446012e-05,1.6180677e-07,3.1926807e-05,2.2462148e-06,6.5311e-05,6.416804e-06,2.2471745e-06,1.7777877e-06,7.2566516e-05,2.3779005e-06,3.2330763e-07,1.8917424e-05,2.6350803e-05,4.2604406e-06,3.1181813e-07,0.00017756355,6.801703e-07,2.3155877e-07,2.212086e-05,0.0010180498,9.097377e-06,7.2667553e-06,8.17573e-07,5.7559573e-06,1.1614761e-05,3.3729825e-07,3.3585995e-05,4.962674e-07,1.323968e-06,5.0675453e-06,1.8588229e-05,5.8629542e-08,2.827574e-07,1.9817658e-06,6.510983e-05,1.6168894e-07,0.00021715293,1.2781281e-05,0.00066126976,6.1999685e-06,9.567035e-08,1.0590954e-07,1.0777829e-06,0.00015596794,1.6614717e-06,5.324788e-06,1.981898e-06,0.00015661605,6.24151e-07,3.0903648e-05,1.6242629e-07,2.2410783e-05,1.1165531e-05,7.088721e-06,1.9481584e-07,7.4823646e-07,1.28476995e-05,3.283719e-06,7.3261964e-07,4.992467e-05,1.5831207e-05,2.5539916e-06,7.612623e-06,1.5732954e-05,0.0001063895,7.166879e-05,2.194282e-06,6.773394e-05,1.0668388e-06,4.2681672e-06,8.237926e-06,9.3197634e-08,0.00012948494,7.432174e-06,0.00011592895,2.489716e-06,1.45546055e-05,1.0542096e-06,1.14251225e-05,1.0418807e-05,3.6048011e-06,4.9635827e-07,0.00039992467,1.1571189e-05,9.586984e-05,8.548457e-06,4.143955e-05,6.872061e-06,4.546008e-05,3.7084658e-07,5.4606822e-05,2.8115987e-06,1.03292255e-08,1.4467299e-06,4.0363506e-05,7.246425e-07,3.0614454e-05,4.5364501e-07,7.8669356e-05,1.0165832e-07,1.2436875e-05,9.071015e-07,1.894221e-05
BC2026_Train_0055_S22_20220219_200000_005,3.560004e-08,2.8233649e-06,5.3368444e-07,5.304406e-05,6.2001345e-05,1.7315262e-08,5.6028952e-08,4.7908935e-07,0.0013232914,7.175058e-06,0.011012464,6.0949316e-07,9.112419e-08,5.4252918e-09,5.0110252e-08,0.09817999,3.1871292e-07,4.8165916e-09,0.5210427,9.568021e-06,4.565158e-05,0.42310387,1.5613683e-06,1.0849455e-07,3.0402734e-05,6.148215e-08,2.2440545e-06,7.544324e-08,4.762057e-09,2.7709628e-05,4.438846e-07,5.50553e-08,9.0088304e-07,9.953096e-08,1.0772788e-07,1.8169105e-07,2.240758e-07,1.8500162e-07,6.4464695e-07,8.416829e-07,8.7552564e-07,1.1221616e-06,3.8082925e-07,2.7093213e-08,9.2230174e-08,1.3219451e-07,8.2143214e-07,4.772743e-08,4.182678e-08,7.611955e-08,2.3628806e-07,2.2481082e-07,3.3576768e-07,4.642856e-07,1.9214383e-06,2.4042185e-07,5.175035e-08,0.4628732,4.574023e-08,4.966665e-07,0.9956149,8.749032e-08,0.0033227466,0.9950336,0.0606451,2.313065e-07,1.6865003e-07,3.610288e-07,8.06318e-09,1.9842564e-06,2.190992e-09,5.9859036e-07,6.4862293e-06,3.45282e-05,3.7666673e-08,8.089654e-06,7.261941e-06,2.5536738e-05,3.019839e-07,2.0358544e-07,6.0635906e-05,1.9745762e-06,2.2330076e-05,2.468961e-06,1.3099194e-06,3.831947e-06,6.9171995e-07,1.4850105e-05,8.288114e-06,0.000118092714,0.00018768608,1.6055586e-07,2.0899094e-07,6.157384e-06,6.883119e-06,7.9027486e-05,2.1586893e-06,2.5144962e-07,6.366956e-05,2.6847512e-05,6.1424225e-06,2.1731289e-07,2.2400696e-05,0.0010528654,5.465934e-05,1.7485589e-06,1.0592005e-07,1.743547e-05,4.5677425e-06,3.147546e-06,2.5775453e-06,6.028618e-06,2.4862655e-07,1.4436921e-05,0.00014560479,8.477469e-06,2.0763398e-06,2.4081132e-06,4.3940126e-06,1.0546949e-05,5.998905e-07,4.2331496e-05,0.00011050133,0.0011691961,7.70143e-07,4.9761635e-05,2.9506713e-05,2.8330317e-07,4.9382795e-08,2.5817326e-06,1.9302856e-06,9.604754e-06,4.5817987e-07,3.6156238e-05,6.272633e-06,0.00011424151,5.078836e-05,1.364485e-06,6.996535e-07,5.8367194e-05,2.1079072e-06,8.768584e-07,1.6596157e-05,2.249607e-05,1.1092395e-05,2.3336097e-06,2.1833373e-05,3.5935253e-07,3.850476e-07,1.5614618e-05,0.00044732547,1.6525751e-06,8.476928e-06,6.582767e-07,9.346585e-06,3.0561168e-06,1.2402158e-07,6.013969e-06,8.155234e-07,2.0412604e-06,6.180829e-06,2.630842e-05,2.0588311e-07,2.2175374e-07,3.6379731e-06,4.515125e-05,1.5823046e-07,9.759705e-05,2.176504e-06,0.00021767305,5.2045316e-06,2.714955e-07,3.4420015e-08,1.0435696e-06,0.00025496678,1.2832218e-06,1.3005017e-06,2.152949e-06,8.88206e-05,2.1818203e-06,1.0495687e-05,6.297342e-08,4.385394e-05,1.6668739e-05,1.5472404e-05,1.4134847e-07,1.677466e-06,7.26713e-06,1.4843384e-06,7.261022e-07,8.340335e-06,5.9961417e-06,8.720541e-07,3.2970456e-06,9.516605e-06,0.00012951753,0.00020674274,7.5114355e-07,0.0003186666,8.359657e-07,5.6578638e-06,8.076898e-07,2.3699171e-07,2.6729003e-05,7.440978e-07,0.00012716072,6.4766236e-06,9.026822e-06,9.4994806e-07,1.6515523e-05,5.947846e-06,1.3684048e-06,7.616138e-06,0.0004433934,1.242713e-05,0.00010843652,5.501086e-06,4.192897e-05,3.5521916e-06,5.0035964e-05,4.1571005e-07,2.375233e-05,6.8326567e-06,8.435069e-09,5.1662437e-07,4.4973902e-05,7.9197844e-07,1.9431036e-05,1.7804924e-06,8.811769e-05,1.9743453e-07,5.100906e-05,2.1532817e-06,1.4310075e-05
BC2026_Train_0055_S22_20220219_200000_010,1.479771e-08,1.6263166e-06,5.0367544e-07,3.3160137e-05,8.681076e-05,5.6253584e-09,9.079435e-09,4.0478255e-07,0.028447311,9.920494e-06,0.014807165,1.6816004e-07,1.4255967e-07,3.4748897e-09,1.30214515e-08,0.16629428,4.6087456e-07,2.46345e-09,0.63057715,2.1939009e-06,3.9989332e-05,0.30519137,9.855587e-07,5.4224596e-08,2.1724582e-05,5.0519535e-09,9.4055315e-07,1.6185318e-08,7.351429e-10,1.1371739e-05,3.5209865e-07,4.8849383e-08,8.777704e-07,1.3768202e-07,9.1870426e-08,2.3348954e-07,1.0838265e-07,1.8121742e-07,5.752565e-07,1.0371889e-06,8.7025956e-07,9.3152204e-07,2.2743959e-07,1.776335e-08,1.3182127e-07,1.8867976e-07,1.1794747e-06,2.9038292e-08,5.4070398e-08,1.0367957e-07,1.7144023e-07,1.5655341e-07,2.3502614e-07,3.7509383e-07,3.980473e-06,4.994461e-08,1.2066258e-08,0.78390783,1.9213429e-08,4.863648e-07,0.9947583,1.746239e-08,0.00094495213,0.9969303,0.07323547,9.986373e-08,3.9323186e-07,8.419798e-09,3.0221765e-09,8.367465e-07,2.5507887e-09,7.014086e-07,1.6143377e-06,1.0283382e-05,1.5126224e-08,3.095207e-06,1.0833128e-05,1.3149949e-05,3.1202993e-07,9.298564e-08,4.178978e-05,1.9791255e-06,1.1711339e-05,7.6190264e-07,5.212884e-07,9.73707e-07,1.3364989e-07,1.6318229e-05,3.6126548e-06,4.5419706e-06,0.00012644057,7.599957e-08,1.653554e-07,2.045729e-06,1.6059644e-06,2.7260694e-05,2.4239887e-06,3.0056313e-07,2.5551788e-05,1.1266117e-05,3.1960367e-06,1.9032089e-07,1.3780652e-05,0.00050884916,2.2034576e-05,1.2719686e-06,1.5775022e-08,1.7126096e-06,7.989363e-06,1.4858299e-06,1.75553e-06,5.0481312e-06,2.7231229e-08,1.7139688e-06,0.0001272642,1.4386181e-06,9.0637167e-07,3.707168e-07,3.090865e-06,1.0570218e-05,3.7248697e-07,2.784024e-05,1.791616e-05,0.0013377336,1.2236075e-07,3.0377205e-05,6.2708204e-06,3.3393593e-07,4.468074e-08,2.1111684e-06,9.800691e-07,3.1915956e-06,6.999593e-08,9.572941e-06,1.1651999e-06,6.578179e-05,1.7175282e-05,7.0743647e-07,3.779377e-07,6.0012957e-05,1.3017376e-06,1.9375915e-07,4.133948e-06,9.262351e-06,1.1728618e-05,3.1580348e-07,1.4862799e-05,4.718336e-08,1.5604974e-07,7.5048797e-06,0.000113288486,1.1799056e-06,1.8266777e-06,9.708968e-08,5.1483635e-06,6.3523754e-07,3.3994038e-08,9.013652e-06,1.358793e-07,1.3309359e-06,7.055048e-07,7.67585e-06,3.419961e-08,7.253382e-08,6.4449017e-07,3.6030466e-05,1.5739354e-07,6.826684e-05,1.392876e-06,8.429284e-05,2.6186e-06,3.6190816e-08,1.585015e-08,3.2103097e-07,0.00014949775,9.2330646e-07,1.6878308e-06,1.2055995e-06,2.3350754e-05,9.435493e-07,6.935622e-06,9.630598e-09,1.0826043e-05,1.4557688e-05,4.7757535e-06,3.974207e-08,2.7472203e-07,1.3916916e-06,8.009397e-07,1.3927124e-07,5.362658e-06,3.3055555e-06,9.363668e-08,2.5973848e-06,3.5704404e-06,6.4983724e-05,5.0202285e-05,1.8432061e-07,4.58542e-05,5.182073e-07,5.010634e-07,2.3260175e-06,5.1055054e-08,6.003271e-06,1.011391e-06,3.801201e-05,3.3111814e-06,1.0250249e-05,6.896484e-07,5.1868474e-06,2.0654204e-06,5.4595034e-07,4.0100483e-07,9.4057956e-05,7.822003e-06,9.42669e-05,1.3239353e-06,3.730815e-05,1.8259219e-06,2.8748456e-05,6.0627514e-08,3.0497284e-05,2.7052681e-06,9.1862634e-10,2.9761412e-07,2.2716915e-05,7.403272e-07,1.2201015e-05,9.3043475e-08,2.5237812e-05,4.5856584e-08,1.7008051e-05,3.9230852e-07,2.9571877e-06
BC2026_Train_0055_S22_20220219_200000_015,4.5502244e-07,9.66445e-06,4.4221997e-06,6.208725e-05,0.000899362,4.197567e-08,5.23405e-08,6.635404e-06,0.006891873,2.3464514e-05,0.024183586,3.9218804e-07,2.4974253e-07,7.2079094e-09,3.425713e-08,0.028899068,3.0243777e-06,9.712594e-09,0.6102456,4.929791e-07,1.3958365e-05,0.068150826,1.16448955e-05,2.0238215e-07,4.951407e-05,2.3481368e-08,8.80691e-06,2.2500246e-06,2.235899e-08,3.951035e-05,3.1369348e-06,5.237161e-07,6.174496e-06,4.3541908e-07,5.3525434e-07,2.5184659e-06,1.3182494e-06,9.033496e-07,3.174935e-06,4.860546e-06,2.6159294e-06,5.7283028e-06,1.1399494e-06,3.2445203e-07,5.8083083e-07,9.587985e-07,6.310764e-06,3.087416e-07,3.2796459e-07,4.724167e-07,1.2812566e-06,1.2474663e-06,1.5749805e-06,2.1141946e-06,1.8278266e-05,4.532403e-07,2.0719928e-07,0.76536316,2.0663394e-07,1.7500121e-06,0.99489033,4.7447784e-07,0.00060877844,0.9983322,0.030865293,1.1922734e-06,3.9772667e-06,1.2622269e-08,5.8486216e-09,9.350919e-06,3.4453247e-08,1.8130088e-06,9.393176e-06,1.3322032e-05,1.1035854e-07,2.4329061e-05,3.4659104e-05,6.111051e-05,4.873821e-07,1.6854021e-07,5.546951e-05,8.335421e-06,1.231659e-05,1.9896665e-06,6.4676615e-06,1.900152e-05,3.5270563e-07,8.540088e-05,1.2701062e-05,1.4725565e-05,2.57819e-05,8.245465e-07,7.969745e-07,5.626258e-06,1.2748303e-05,0.00010325059,2.2800845e-05,7.1865556e-06,1.7200837e-05,2.8354689e-05,1.2921289e-05,2.0156865e-06,7.532833e-05,0.00046917683,5.0716877e-05,5.733019e-06,4.5044324e-08,2.422957e-05,4.4715343e-05,8.113629e-06,1.7315502e-05,1.6921203e-05,3.5562994e-07,2.7877166e-05,0.00025321572,5.769344e-06,1.7068262e-06,1.8471156e-06,1.6955417e-05,1.8049393e-05,1.2650959e-06,3.934919e-05,0.00011759907,0.0013535782,9.733913e-07,5.720232e-05,1.4577693e-05,2.4973733e-06,1.4122476e-07,1.559084e-05,1.4465657e-05,1.1788342e-05,5.592939e-07,3.2255946e-05,5.3400295e-06,0.00022588062,4.748091e-05,2.881182e-06,2.9680286e-06,0.00025508786,2.653146e-06,1.0115028e-06,3.7726822e-05,5.1581483e-05,5.8828315e-05,1.5067272e-07,0.00024123417,1.3896439e-06,6.1730907e-07,3.2248197e-05,0.0014006216,6.525609e-06,6.1747314e-06,2.2988638e-06,9.8237215e-06,5.75834e-06,6.008931e-07,0.00012236604,1.0443322e-06,1.3827452e-05,6.532059e-06,6.3554486e-05,1.03558015e-07,5.085232e-07,5.1336456e-06,9.813964e-05,9.729699e-07,0.0006472866,8.615849e-06,0.00047658515,1.1816965e-05,1.010168e-07,2.2636995e-07,1.7296289e-06,0.00032444575,4.4480303e-06,1.2269309e-05,3.9379242e-06,7.414967e-05,6.5025615e-06,4.134967e-05,7.496043e-08,8.62731e-06,2.9917643e-05,1.3415753e-05,3.2505287e-07,9.014486e-07,5.5661008e-06,1.21718795e-05,1.4469039e-06,8.536725e-05,1.8902962e-05,2.354365e-06,1.1096627e-05,1.8228186e-05,0.00028634665,0.00018225257,3.4237287e-06,9.0982845e-05,2.4615292e-06,2.1906687e-06,2.6327243e-05,6.696124e-07,8.6719e-05,1.595922e-05,0.000118655866,2.8341981e-05,0.00011091525,2.971974e-06,1.743512e-05,1.5587404e-05,1.2189619e-06,6.4390537e-07,0.00030193562,8.424278e-05,0.00033405365,1.041682e-05,0.00058402336,1.27468575e-05,0.000180682,7.0158785e-07,8.11513e-05,4.651423e-06,1.8430175e-08,2.0623165e-06,6.313731e-05,4.6690357e-06,0.00033714945,8.4812336e-07,4.6933317e-05,1.7405435e-07,1.7053544e-05,7.834133e-07,1.5808757e-05
BC2026_Train_0055_S22_20220219_200000_020,2.6909464e-07,6.7841283e-06,2.8288143e-06,5.2102696e-05,0.0007662037,2.0068939e-08,1.7404465e-08,1.0979968e-06,0.0081197,5.385567e-06,0.013254128,2.3834488e-07,1.349256e-06,1.3224491e-08,1.2635377e-07,0.054403868,2.0742993e-06,6.4451635e-09,0.45933777,2.2640675e-06,0.00018379369,0.058729634,1.1985016e-05,6.45712e-07,1.9026014e-05,1.5375333e-08,6.105064e-06,1.0550167e-07,6.6359824e-09,4.514807e-06,2.9186965e-06,3.0532075e-07,7.047677e-06,1.1084601e-06,1.4021721e-06,1.2924809e-06,7.97379e-07,9.860504e-07,4.1096237e-06,1.2070952e-05,5.831737e-06,8.068274e-06,4.113584e-06,1.4122503e-07,1.0521908e-06,1.8379977e-06,1.4418595e-05,2.578681e-07,3.9841694e-07,5.8483454e-07,2.1099065e-06,2.3040084e-06,2.677724e-06,4.590998e-06,2.9887957e-05,1.3625628e-07,3.8733845e-07,0.86486435,2.9016974e-08,6.876959e-06,0.9809785,2.4226406e-07,0.00069107575,0.99660385,0.067457825,1.0106639e-06,5.284248e-06,7.592695e-09,1.0261068e-08,2.4673554e-06,4.8301825e-08,3.3752747e-06,4.105135e-06,2.2910851e-06,8.4991214e-08,1.6649024e-05,6.0442846e-05,4.1972457e-05,1.8728911e-06,5.2406534e-07,0.000109147135,2.3769575e-05,2.3378898e-05,3.9936826e-06,2.2334327e-06,8.704341e-06,5.207001e-07,7.024938e-05,1.0959559e-05,1.3874491e-05,5.865208e-05,3.255828e-07,5.2743616e-07,4.3247146e-06,1.3918004e-06,6.0755257e-05,1.0453103e-05,1.6952321e-06,3.3009168e-05,5.934658e-05,1.9257905e-05,1.9587917e-06,1.1938518e-05,0.00026647508,2.4122111e-05,6.0366783e-06,1.0635509e-07,1.0101532e-05,5.2352567e-05,1.6729062e-05,1.4635864e-05,9.732764e-06,3.8248027e-07,1.7579156e-05,0.00085281685,7.949205e-06,5.374869e-06,7.8782244e-07,2.2625978e-05,2.2861897e-05,3.167805e-07,6.9753536e-05,0.0001108516,0.0028218008,1.1578513e-06,0.00012835984,2.9120767e-05,1.8572814e-06,3.617019e-07,3.7383825e-06,5.9483564e-06,4.574628e-05,2.357375e-07,4.2352374e-05,2.264549e-06,0.00024659722,2.0702008e-05,6.06256e-06,3.2912715e-06,0.00015434086,7.667649e-06,7.436509e-07,8.9786125e-05,6.131704e-05,4.4525164e-06,2.0445498e-07,0.0003952817,4.6532014e-07,4.2789495e-07,3.6374706e-05,0.0005665497,1.1688521e-05,8.7077115e-06,1.4639149e-06,1.9447667e-05,4.5299794e-06,8.5776395e-07,7.424009e-05,1.4824625e-06,1.5443615e-06,1.32938185e-05,2.3378652e-05,5.198333e-08,4.5163432e-07,4.647366e-06,4.097828e-05,2.3598898e-07,0.0020363948,4.659435e-05,0.00082086585,2.6997606e-05,4.9504877e-07,7.422785e-08,8.119659e-06,0.0008051206,4.3609703e-06,2.1215475e-05,2.4569067e-06,7.632079e-05,1.1380562e-06,1.990989e-05,1.7718469e-07,2.833047e-05,5.384256e-05,6.554355e-06,1.8710311e-07,4.3864306e-06,5.2900664e-06,1.9578392e-05,1.4371152e-06,5.8064186e-05,1.9246942e-05,8.6668734e-07,1.7226528e-05,6.518991e-06,0.00031745582,0.00017011617,5.5419587e-06,0.0001524078,2.9218886e-06,9.062083e-06,4.453219e-05,1.4546156e-07,4.815313e-05,7.609321e-06,0.00010638757,5.924415e-06,5.3760896e-06,8.2812485e-06,7.223519e-05,2.4225688e-05,2.33601e-06,2.2123397e-06,0.000489369,2.509743e-05,0.00018393919,1.7953498e-05,0.0002505386,1.866956e-05,0.00011918008,8.7711845e-07,0.0003950077,3.6957983e-06,8.630967e-09,2.7342974e-06,5.85583e-05,3.8698286e-06,2.9954728e-05,1.3778555e-06,4.0047078e-05,4.248133e-07,2.0536223e-05,8.6543025e-07,2.7950211e-05
BC2026_Train_0055_S22_20220219_200000_025,2.2233877e-08,1.7396918e-06,3.8393512e-07,1.1732567e-05,6.235741e-05,2.4014097e-09,3.2114622e-09,1.3783299e-06,0.009304148,2.4289187e-05,0.029572695,7.4824726e-08,1.6368399e-07,1.1726013e-09,8.955703e-09,0.05268976,4.0967979e-07,6.7886585e-10,0.55719763,7.674662e-07,7.108225e-06,0.017547585,1.2903183e-06,7.222183e-08,2.4036595e-05,6.3647807e-09,4.4925714e-06,2.6976624e-08,1.2099783e-09,1.6496146e-05,6.612043e-07,4.727605e-08,1.2702096e-06,1.0855934e-07,1.12294366e-07,2.2246374e-07,1.1030509e-07,1.6280251e-07,7.1309853e-07,9.293667e-07,1.3532443e-06,1.2899714e-06,4.224406e-07,2.1672935e-08,1.3211387e-07,1.8862022e-07,1.7531926e-06,3.1690462e-08,5.288016e-08,1.03715365e-07,2.8104893e-07,2.6964287e-07,3.4507383e-07,6.428953e-07,4.8681627e-06,8.4032926e-08,4.636386e-08,0.878543,1.7243712e-08,1.7254428e-07,0.99347997,1.3656798e-07,0.0004959556,0.9988707,0.0046926695,3.26477e-07,2.4272984e-07,6.7063857e-09,5.269274e-10,6.019634e-07,2.5610016e-09,4.1202208e-07,1.0154549e-06,4.766298e-06,2.4341523e-08,4.6161017e-06,1.2671867e-05,1.156894e-05,2.4111944e-07,2.040194e-08,2.125314e-05,1.1983161e-06,2.4870842e-06,1.8551044e-07,2.0468713e-07,1.5434412e-06,3.024375e-08,2.3473463e-05,2.8407394e-06,5.4178927e-06,3.154962e-05,7.209232e-08,5.653025e-08,3.4760157e-07,7.4081174e-07,2.8521366e-05,2.1049766e-06,5.4744874e-07,1.5376747e-05,4.29694e-06,5.2201603e-06,1.3619274e-07,1.12695125e-05,0.00054621295,3.5143294e-05,2.2920665e-06,4.9404445e-09,4.3959367e-06,5.736722e-06,3.4617453e-06,8.9939454e-07,2.499451e-06,5.9127263e-08,4.4743147e-06,5.560175e-05,3.322008e-06,3.2692722e-07,4.669779e-07,1.5033429e-06,6.828057e-06,2.0612477e-07,1.793758e-05,2.5155272e-05,0.0007356212,2.6593523e-07,3.7920734e-05,8.444041e-06,2.34771e-07,4.0885695e-08,1.0299735e-06,5.667124e-07,2.9481457e-06,2.2881972e-08,1.824939e-05,3.9377514e-06,0.00015344954,5.3736085e-06,3.4978135e-07,3.849037e-07,0.0003269341,1.7069094e-07,1.7924235e-07,3.4548948e-06,2.3267865e-05,1.5126349e-05,1.2404145e-07,2.699704e-05,9.22534e-08,6.468936e-08,7.531925e-06,0.0002731635,1.7377718e-06,1.3489677e-06,1.5685394e-07,2.4064236e-06,8.208911e-07,8.708974e-08,2.9669475e-06,1.312102e-07,4.0879544e-07,2.9486387e-07,9.063188e-06,4.7415645e-09,6.5634424e-08,9.253595e-07,5.226647e-05,1.1001554e-07,4.386473e-05,4.7491744e-06,7.5461125e-05,2.4087724e-06,2.395852e-08,2.708009e-08,6.6793376e-07,9.220097e-05,1.9965623e-06,1.6740925e-06,5.37315e-07,1.4894398e-05,4.4708833e-07,4.291522e-06,2.7034362e-08,5.5680225e-06,1.286062e-05,2.5839813e-06,3.976755e-08,2.7740106e-07,1.1167809e-06,1.4763168e-06,2.6288865e-07,5.897256e-06,1.7504761e-06,1.1933479e-07,2.6786436e-06,6.4099477e-06,7.942737e-05,0.000110084206,4.985519e-07,2.2022497e-05,1.2383555e-07,4.4274773e-07,3.3116235e-06,1.3868686e-07,4.7961644e-06,1.9025007e-06,3.1199117e-05,2.455239e-06,1.8339393e-05,1.3162119e-06,6.655266e-06,2.9053115e-06,1.9223829e-07,1.5531154e-07,5.4410804e-05,2.3497205e-05,5.0072435e-05,4.0287346e-06,1.7409833e-05,2.4079616e-06,1.6740682e-05,1.2080643e-07,2.0594432e-05,1.4166493e-06,5.658297e-09,1.9341557e-07,1.6218282e-05,5.689912e-07,1.0556337e-05,1.7857728e-07,8.517104e-06,1.1625118e-08,3.3815154e-06,1.03641796e-07,5.4746674e-06
BC2026_Train_0055_S22_20220219_200000_030,2.613124e-07,3.756588e-05,4.880458e-06,3.50553e-05,0.0001217991,2.580326e-08,1.8090573e-07,3.5601513e-06,0.00026707738,3.134342e-05,0.0060010836,4.266684e-07,7.64725e-07,3.0613155e-08,6.449446e-07,0.053927038,4.7513896e-07,3.0794993e-08,0.54902554,1.9245437e-05,3.0114526e-05,0.055004332,1.7635371e-05,3.8144898e-07,4.778397e-05,1.3370483e-07,7.487436e-05,2.0555794e-06,3.0029068e-07,3.033491e-05,5.2576816e-06,4.416416e-07,5.688991e-06,3.3567707e-07,8.524332e-07,1.8835395e-06,1.4436414e-06,7.8525267e-07,3.4517038e-06,5.1395923e-06,4.075761e-06,7.1610307e-06,2.51661e-06,4.005313e-07,7.609775e-07,1.1172901e-06,6.046808e-06,2.9012082e-07,1.7094898e-07,2.1874843e-07,1.915388e-06,2.121051e-06,2.5908905e-06,3.4847194e-06,1.48725685e-05,3.2197363e-06,3.3035533e-07,0.3420286,5.6562175e-07,1.2332044e-05,0.98733586,4.787609e-07,0.0009833243,0.93023664,0.0013094067,5.0551453e-06,6.773222e-06,6.444306e-07,8.558607e-09,3.2301102e-06,3.499107e-08,3.290537e-06,2.2181337e-05,9.442047e-05,9.2941985e-07,3.4492787e-05,4.9589675e-05,0.00010941673,1.3323977e-06,5.371146e-07,9.723587e-05,1.1763377e-05,4.810273e-05,8.6433073e-07,1.0428161e-05,2.4749395e-05,2.966523e-06,2.5986485e-05,6.356303e-05,0.00021508965,3.258994e-05,1.9150557e-06,5.228886e-07,5.5648643e-06,7.734451e-06,8.678791e-05,1.9734314e-05,4.025163e-06,4.4898785e-05,4.18164e-05,4.7570513e-05,3.0009448e-06,0.00020189791,0.0010957124,0.00017468953,1.35107775e-05,2.341822e-07,6.4466185e-05,2.3181929e-05,1.7306375e-05,1.3522622e-05,3.4739973e-05,5.154598e-06,6.159924e-05,0.00018506861,7.49297e-05,8.600612e-06,1.08726645e-05,1.60829e-05,2.008132e-05,2.7900671e-06,0.00013766908,0.0003737712,0.00093726686,4.8078605e-06,0.00013052588,8.3478284e-05,5.0849685e-06,2.9692805e-07,3.6298574e-05,8.738792e-06,3.553727e-05,3.3789675e-07,0.0001800649,1.7143355e-05,0.00011834026,0.00015926793,7.867091e-06,8.969697e-06,0.00044823292,1.633931e-06,3.4664458e-06,7.0436196e-05,7.250966e-05,3.3457996e-05,2.581954e-06,0.00015208,2.782412e-06,1.1078481e-06,6.7684545e-05,0.0025453058,1.8116545e-05,4.0801948e-05,7.818259e-06,1.9217909e-05,3.4477558e-05,8.953253e-07,7.23621e-06,1.4580697e-05,2.066648e-06,2.7450975e-05,6.0267255e-05,4.3822894e-07,1.5639225e-06,2.0039173e-05,0.00020151115,1.0248316e-06,0.00049447524,7.282858e-06,0.0007059587,3.9380084e-05,5.1021465e-07,3.083285e-07,6.3553416e-06,0.0002950966,1.5673084e-05,4.022603e-06,8.341527e-06,0.00033899088,1.8292687e-05,6.422718e-05,1.9808438e-06,0.00011120332,7.483959e-05,2.856759e-05,5.0129046e-07,6.844376e-06,5.4403023e-05,4.7870617e-06,5.7227226e-06,0.0002478945,6.170642e-05,5.9165777e-06,0.00010032848,5.7936366e-05,0.00013097246,0.001182914,4.0354903e-06,9.507587e-05,2.3166222e-06,2.3464312e-05,1.5078548e-05,1.0896401e-06,0.00014282177,1.7250268e-05,0.0008315464,2.3600867e-05,6.834761e-05,2.9166126e-06,3.057314e-05,2.0513206e-05,7.63474e-06,6.9739317e-06,0.0007739006,0.0001030798,0.0003090709,2.9536692e-05,0.00015284993,1.7305994e-05,0.0001755709,2.8266488e-06,0.00018192582,1.4020121e-05,1.0957368e-07,3.5349233e-06,0.00018219263,4.151002e-06,9.1877904e-05,3.302934e-06,0.00022758196,3.0501607e-07,3.327808e-05,7.0777655e-06,6.5064516e-05
BC2026_Train_0055_S22_20220219_200000_035,3.546819e-07,1.9676829e-05,4.7668213e-06,5.1960837e-05,9.785565e-05,5.5853217e-08,2.5354672e-07,4.2915917e-06,0.00035765296,3.175037e-05,0.04983452,3.4461484e-06,6.716951e-06,4.5721382e-08,1.2954822e-06,0.055033255,4.052197e-06,1.8027087e-08,0.80753493,5.078177e-05,8.7174354e-05,0.0871686,5.869975e-06,6.453858e-07,4.3199692e-05,2.0416232e-07,2.5914936e-05,4.5181623e-06,1.9179295e-07,3.10779e-05,3.2430712e-06,4.3871776e-07,5.327668e-06,4.6523317e-07,1.1741841e-06,1.3807653e-06,1.7453037e-06,6.9770385e-07,3.394485e-06,5.4010798e-06,3.4716797e-06,6.0109824e-06,2.9527462e-06,2.8870852e-07,6.6588956e-07,9.3961273e-07,5.428163e-06,4.148083e-07,2.2251552e-07,2.6685237e-07,1.8136574e-06,2.1586234e-06,2.5802653e-06,3.445304e-06,8.115316e-06,8.369664e-06,4.7528167e-07,0.37072164,1.8254103e-07,9.116936e-06,0.99523073,2.1952699e-06,0.0014153658,0.9874871,0.005898745,6.681633e-06,6.6094412e-06,8.3280173e-07,1.8164445e-07,6.9675434e-06,1.8036584e-07,9.784609e-07,1.8778266e-05,4.156553e-05,5.8522113e-07,0.000153906,0.000135074,0.00017785975,1.8607865e-06,1.0597416e-06,0.00012327073,1.6958797e-05,6.6356195e-05,4.3055957e-06,2.1277641e-05,7.794614e-05,9.353246e-06,8.2637314e-05,7.8260295e-05,0.00019500195,6.602595e-05,3.582169e-06,9.987626e-07,1.6814409e-05,1.3418657e-05,0.00010160532,1.38448295e-05,4.484302e-06,6.947299e-05,7.194659e-05,6.918007e-05,1.1897824e-06,0.00024419275,0.0013307319,0.00021632345,2.2786237e-05,1.9240444e-07,0.00013983567,4.866267e-05,2.7333896e-05,5.235991e-05,1.9819263e-05,8.070175e-06,8.0316684e-05,0.00022948,7.123903e-05,1.4692012e-05,1.24680255e-05,3.4048415e-05,2.863212e-05,5.6290432e-06,0.00019705777,0.0005014852,0.0013039856,1.1848878e-05,0.0001627732,8.882832e-05,8.403544e-06,1.6166765e-06,9.094633e-05,2.9404882e-05,3.7837362e-05,8.45685e-07,0.00010749144,1.7030416e-05,0.0003827833,8.357283e-05,9.6600725e-06,1.0056347e-05,0.00044055795,1.3385516e-05,5.019998e-06,0.00021381395,7.194021e-05,0.00015866828,1.879316e-06,0.00012714218,1.4337735e-05,3.22374e-06,0.00012279126,0.001872381,3.3285098e-05,0.00010737987,1.3250659e-05,1.0306081e-05,2.3723625e-05,8.6098163e-07,2.8532306e-05,1.1541346e-05,4.406539e-06,9.8526805e-05,9.128928e-05,8.4189804e-07,1.8803145e-06,2.891778e-05,0.0003384789,1.2148546e-06,0.00067403825,3.2551052e-05,0.0011147419,4.005647e-05,1.323468e-06,3.14653e-07,1.18566995e-05,0.00038025758,2.3776103e-05,1.881105e-05,1.2242312e-05,0.00020001613,2.1096583e-05,8.3159284e-05,1.58628e-06,0.00010585165,0.00010399989,4.3722444e-05,9.120919e-07,1.8159528e-05,2.6115991e-05,1.5045683e-05,7.7572695e-06,0.00023569562,5.2131174e-05,8.423001e-06,4.155566e-05,8.6759865e-05,0.00047028932,0.0005821463,5.9706294e-06,0.00030257273,5.267136e-06,2.1569489e-05,1.8481449e-05,1.5687235e-06,0.00020998357,2.5889098e-05,0.00060244196,2.9738665e-05,0.00013173877,3.871187e-06,6.939798e-05,5.2346433e-05,2.6106281e-05,5.978071e-06,0.0007540923,0.00016399425,0.00026418795,6.923148e-05,0.00071489066,3.9190963e-05,0.00030659977,4.0464815e-06,0.0003724761,2.9284744e-05,1.654008e-07,2.9484552e-06,0.00020096623,5.991466e-06,4.5613546e-05,2.6399916e-06,0.00017140263,1.3761365e-06,5.3293625e-05,1.4270431e-05,0.00013681191
BC2026_Train_0055_S22_20220219_200000_040,1.4186894e-07,6.953975e-06,2.4084846e-07,0.0002171662,1.1609313e-05,1.0869833e-08,7.7793835e-08,8.532351e-07,0.00025017577,0.00036344695,0.11519831,2.1965084e-07,1.156697e-06,1.5305432e-08,4.7455433e-07,0.03569337,2.5479775e-07,2.6304545e-09,0.38581994,8.157812e-05,3.2847733e-05,0.0033028037,4.1174226e-06,4.0227766e-07,1.7421757e-05,3.5011965e-08,8.702316e-06,6.3428234e-07,8.996625e-08,0.0001869208,7.4202967e-06,4.5752927e-07,1.024675e-05,4.347527e-07,7.9695786e-07,1.3505871e-06,7.4028765e-07,7.865238e-07,6.490381e-06,4.6703944e-06,6.95298e-06,1.8918814e-05,2.8950058e-06,2.6448498e-07,1.2178963e-06,1.5622737e-06,1.01127125e-05,2.6206234e-07,2.880493e-07,3.648751e-07,2.576228e-06,2.7975807e-06,3.8092694e-06,5.3926387e-06,2.9502771e-05,2.4832968e-06,1.3340975e-06,0.79785466,6.59133e-07,3.2650175e-06,0.96741587,1.3530557e-07,0.0004679271,0.48799938,0.00022256954,2.5619809e-06,2.8611032e-06,1.28912e-07,6.876077e-09,1.1848659e-06,1.3795509e-08,4.2398926e-07,2.9816132e-05,1.8492785e-05,4.108179e-07,3.1092422e-05,2.6092493e-05,6.521876e-05,4.390599e-06,3.1846983e-07,2.8690749e-05,1.836794e-06,1.4200881e-05,6.181969e-07,1.1177282e-06,1.5350608e-05,1.327698e-06,2.9778595e-05,4.6769925e-05,0.000102098216,8.80502e-06,7.9366e-07,1.583026e-07,2.3262903e-06,6.155382e-06,3.6182933e-05,5.5101486e-06,1.1128759e-05,5.8767815e-05,2.9076728e-05,8.537255e-06,3.4852878e-06,0.00010648977,0.0015566791,0.0001132048,4.350403e-06,1.819483e-08,6.5274517e-06,5.4667267e-05,1.7039009e-05,1.8923578e-05,5.212084e-05,2.7510268e-06,3.1570573e-05,6.809193e-06,8.9180794e-05,7.1987242e-06,1.2694649e-06,1.2608714e-05,8.149021e-06,3.6514175e-06,2.9198658e-05,0.00020626311,0.0012254314,3.413951e-06,1.7177887e-05,1.8044195e-05,9.2786036e-07,4.2068854e-07,4.1314806e-06,1.5539333e-06,3.2808475e-05,1.5593666e-07,4.4226163e-05,1.2690734e-05,1.4810418e-05,1.2001405e-05,5.469099e-06,7.653154e-06,0.00068786036,1.0038217e-06,3.5617102e-06,6.7834485e-06,3.5703342e-05,1.1339663e-05,4.7971203e-06,5.694934e-05,1.7564191e-06,5.665908e-07,1.4720931e-05,0.00028175456,8.420238e-06,2.6484502e-05,5.1401707e-06,5.0002363e-06,9.534401e-06,7.502121e-07,1.1720501e-05,3.4918048e-06,1.2895127e-06,1.013692e-05,2.3456143e-05,1.8805193e-07,5.0781125e-07,2.4092985e-06,0.000376943,3.9672665e-07,4.8642305e-05,1.7598091e-05,0.00060597464,1.004133e-05,7.7043615e-07,2.787586e-07,5.9174185e-06,4.8335223e-05,6.4951555e-06,1.3850885e-06,2.6729097e-06,0.0001222719,2.1401383e-06,5.5433557e-05,1.0421086e-06,0.00015651424,3.12307e-05,3.8720544e-05,1.0338421e-06,5.3403246e-06,2.677265e-05,3.7495295e-06,5.531894e-06,2.9860179e-05,5.5384044e-05,2.436432e-06,1.9099114e-05,3.408249e-05,8.123121e-05,0.00015679386,2.1989304e-06,2.2568182e-05,2.0770082e-07,2.0170375e-05,1.7293568e-06,2.0893692e-07,4.839717e-05,1.5653416e-06,0.0007712414,3.816826e-06,1.0299832e-05,2.8924749e-06,3.606763e-05,2.8073118e-06,1.5815966e-05,2.619347e-06,0.00028510773,0.0001611037,0.00036191178,2.8034647e-05,3.2244105e-05,6.8539575e-06,8.027994e-06,1.6730008e-06,3.911558e-05,1.6394863e-05,2.3133784e-07,2.6468635e-06,7.103139e-05,1.1261412e-06,3.7328641e-06,4.9089283e-07,0.00029892244,2.5372185e-07,2.2849887e-05,1.4826577e-06,6.6684726e-05
BC2026_Train_0055_S22_20220219_200000_045,5.8129905e-07,3.7808437e-05,8.694159e-07,0.00040007205,1.4474087e-05,5.9079795e-08,2.8976021e-06,5.499676e-06,3.1006617e-05,0.00044308792,0.047246013,3.3060255e-06,5.1977713e-06,1.1761864e-07,2.5303902e-06,0.013011,8.679901e-07,3.2194734e-08,0.3970498,0.000278058,0.00010744512,0.023503166,1.7741579e-05,7.7089106e-07,1.3626264e-05,8.816346e-07,4.4563927e-05,1.9249287e-06,3.3483235e-07,0.00014020229,9.61302e-06,6.9941467e-07,9.420547e-06,4.805706e-07,1.2143137e-06,2.10806e-06,2.436202e-06,7.976482e-07,8.452637e-06,5.417231e-06,7.551661e-06,2.2893139e-05,5.088719e-06,4.4660302e-07,1.1311377e-06,1.4474601e-06,5.402558e-06,2.9116774e-07,1.9323969e-07,2.597008e-07,4.4447015e-06,4.7691765e-06,5.4704137e-06,6.88035e-06,1.4119075e-05,5.801465e-05,9.240938e-06,0.47318214,3.8531352e-06,1.2283827e-05,0.9783336,3.4744921e-06,0.0014334059,0.53389436,0.0006485556,6.763076e-06,2.0974778e-06,9.489291e-06,1.2593009e-07,3.5925798e-06,6.331268e-08,1.0056989e-06,0.00012235285,0.00029011242,1.0751814e-06,0.00024327784,6.9619164e-05,0.00022131973,4.112121e-06,1.3702592e-06,4.0154573e-05,5.1692695e-07,2.9035527e-05,2.1744129e-06,1.7542346e-06,5.211338e-05,9.210294e-06,7.595732e-05,0.00029275144,0.00091359596,7.627358e-05,4.7202766e-06,3.3980467e-07,1.3622288e-05,1.3212273e-05,7.876341e-05,8.513051e-06,7.6226556e-06,0.0003447056,9.389548e-05,2.3315175e-05,4.1014837e-06,0.0018124243,0.0053984215,0.0010441283,1.4182109e-05,2.5690588e-07,8.928997e-05,1.2627679e-05,0.00012472233,0.00013657117,0.00024705895,1.3705632e-05,0.00028633274,2.9371167e-05,0.00044530988,1.1446204e-05,4.637033e-06,1.8788494e-05,1.2186515e-05,5.7602956e-06,0.0003035418,0.0009211689,0.0014370428,1.6034812e-05,2.834831e-05,0.00021072746,2.9314365e-06,2.4538463e-06,1.7795921e-05,5.6830095e-06,9.730962e-05,1.1916912e-06,5.028763e-05,4.3293683e-05,1.3864874e-05,0.000111246365,2.215527e-05,1.2141019e-05,0.00038969674,3.5359515e-06,4.277936e-05,9.244375e-06,3.1786418e-05,7.89152e-06,9.196479e-06,0.00011770632,7.1475215e-06,3.1321817e-06,0.00010623996,0.0003544771,8.995453e-05,7.428549e-05,2.6575359e-05,8.411144e-06,2.8638291e-05,7.4241334e-06,1.0424044e-05,1.5956633e-05,4.599684e-06,0.00014851724,5.5596294e-05,8.7889276e-07,4.8000447e-06,9.401591e-06,0.0007037484,1.1338918e-06,9.274204e-05,3.342053e-05,0.002971229,1.9306763e-05,3.468685e-06,1.0473852e-06,8.455249e-06,0.00015034302,5.241901e-05,1.1034133e-05,1.0996255e-05,0.00035832167,2.0757458e-05,4.6004174e-05,5.7885563e-06,0.00024028616,3.0019159e-05,0.00013504994,8.8586296e-07,2.2358203e-05,7.790699e-05,3.9539927e-06,2.1261636e-05,0.00021942383,5.6536683e-05,1.8202893e-05,2.8218838e-05,0.0001039521,0.0001443946,0.00039535257,1.6725537e-05,0.0001638789,1.7969829e-06,9.408038e-05,2.2174092e-06,1.302782e-06,0.0002664738,6.7486635e-06,0.00096351065,1.4293435e-05,2.9509947e-05,1.24571025e-05,0.00015206159,1.9337884e-05,8.70324e-05,4.1740786e-05,0.000594359,0.00036268722,0.00058145757,6.55101e-05,4.1308525e-05,6.142819e-05,6.0598097e-05,2.2722481e-05,7.4505486e-05,2.9844607e-05,1.3823212e-06,7.4648706e-06,0.00025448616,6.1991177e-06,1.8693308e-05,4.7235685e-06,0.0006262694,3.8727677e-07,4.5049794e-05,4.704426e-06,0.0010727585
BC2026_Train_0055_S22_20220219_200000_050,9.2689746e-08,2.2148575e-05,4.589929e-07,0.00034583942,6.6199505e-06,1.3747413e-08,5.8342016e-07,2.179996e-06,9.1931455e-05,0.0006280641,0.22010647,1.9229562e-06,1.0314379e-05,5.6553652e-08,1.0988359e-06,0.018470528,1.2870959e-06,9.195207e-09,0.2632253,0.00033399093,8.8184e-06,0.008587957,3.849973e-06,7.4195003e-07,1.6588498e-05,2.430029e-07,2.1188664e-05,5.3638187e-06,3.9914636e-07,6.0606133e-05,5.798507e-06,3.8435311e-07,6.1469586e-06,4.733479e-07,9.137217e-07,1.4509429e-06,1.7164912e-06,4.4404376e-07,5.621903e-06,4.294564e-06,4.464702e-06,1.0933899e-05,3.158708e-06,2.5901568e-07,4.5270806e-07,5.8617513e-07,2.435842e-06,1.7994836e-07,1.3527949e-07,1.4205956e-07,2.0653497e-06,2.5270426e-06,3.032068e-06,4.6930977e-06,1.0271895e-05,1.9494628e-05,3.2314967e-06,0.60410523,4.144631e-07,1.4686339e-05,0.9784975,9.000415e-07,0.0028729667,0.46557793,0.0011502873,1.2386699e-05,4.9545392e-06,1.9119097e-06,9.2148234e-08,2.1218784e-06,8.119917e-08,8.453149e-07,2.4879217e-05,4.2082273e-05,9.302676e-07,0.0003130602,0.0001355266,9.638674e-05,5.123218e-06,3.5756872e-07,7.367947e-05,1.0771838e-06,2.0268659e-05,8.3864063e-07,1.9912761e-06,3.525225e-05,6.966208e-06,4.754924e-05,7.270298e-05,6.2878404e-05,2.5363664e-05,1.9752658e-06,3.5054944e-07,7.3564115e-06,3.4583957e-06,4.4470828e-05,5.974725e-06,1.5309966e-05,3.5442637e-05,5.174593e-05,2.4508114e-05,2.1526064e-06,0.0003496542,0.0020103,0.00031301993,9.59667e-06,1.03300174e-07,7.882554e-06,1.159995e-05,5.059138e-05,2.1552483e-05,4.090164e-05,5.1643897e-06,0.00011494049,1.1268502e-05,7.870057e-05,5.1896186e-06,2.8361783e-06,1.0244503e-05,1.2663773e-05,8.861943e-06,5.617023e-05,0.00025232165,0.00046104254,7.3258448e-06,8.830433e-06,4.292857e-05,2.5421186e-06,1.0510073e-06,2.2043594e-05,3.962596e-06,2.8685768e-05,3.575868e-07,2.358494e-05,1.630112e-05,8.107595e-06,2.4402792e-05,6.6407665e-06,1.3840142e-05,0.0004111504,5.687596e-06,6.3651078e-06,1.8676237e-05,1.1698692e-05,2.5982195e-05,2.3960547e-06,0.000117472526,3.269704e-06,2.990745e-06,4.7156194e-05,0.0005261387,1.6765558e-05,0.0001417813,8.802712e-06,3.6856195e-06,1.5213106e-05,1.9724364e-06,1.17010895e-05,1.5310345e-05,1.3963074e-06,7.765857e-05,3.826391e-05,5.3107533e-07,2.8277652e-06,4.5682873e-06,0.0004469429,6.858894e-07,6.809766e-05,3.4296347e-05,0.00064450235,1.807287e-05,1.0304216e-06,1.6839931e-07,1.2426609e-05,3.8007372e-05,8.042209e-06,4.106791e-06,6.761031e-06,0.00013982313,5.8699807e-06,4.4249537e-05,2.1933383e-06,0.00016939749,5.7677935e-05,4.5826488e-05,1.4159093e-06,1.8848381e-05,5.4650634e-05,1.395412e-05,1.5073631e-05,0.00013285241,5.0032242e-05,7.441465e-06,1.997758e-05,7.273716e-05,0.00017208618,0.00042606523,8.233276e-06,5.1410334e-05,4.3054706e-07,7.1250586e-05,3.969472e-06,3.7766137e-07,0.00010030619,5.3841604e-06,0.0008139481,7.865929e-06,3.345219e-05,1.696437e-06,6.0335915e-05,6.967338e-06,4.9818565e-05,6.0451816e-06,0.00035542063,0.00070511084,0.0005103041,4.498162e-05,1.9205194e-05,5.415162e-05,1.716549e-05,4.40643e-06,0.000111119465,1.8462988e-05,4.9977723e-07,7.239971e-06,0.00017033465,2.7649592e-06,3.3543588e-06,6.396333e-07,0.000104039864,2.9380254e-07,4.7379817e-05,2.3512125e-06,0.00022291101
BC2026_Train_0055_S22_20220219_200000_055,1.4238644e-07,3.5685644e-05,1.1025728e-06,0.0009046541,1.23743375e-05,3.031785e-08,1.6549202e-06,1.7523552e-06,0.00017425232,0.00023703133,0.060045272,1.41659e-06,7.5731014e-06,1.3779932e-07,2.858886e-06,0.06345222,1.0246654e-06,2.9345024e-08,0.14883617,0.0001303776,8.308675e-05,0.014415684,1.4709565e-05,9.795849e-07,1.0763277e-05,7.752542e-07,3.332829e-05,3.3894805e-06,1.3934658e-06,8.5828855e-05,6.4227675e-06,9.863438e-07,4.6991613e-06,8.921946e-07,1.6184598e-06,3.356298e-06,2.1169546e-06,8.1019e-07,6.005396e-06,9.210618e-06,4.538247e-06,1.35931405e-05,5.300009e-06,8.3893093e-07,1.4388432e-06,1.9264273e-06,4.820339e-06,1.9108275e-07,1.827431e-07,2.3322026e-07,4.067645e-06,4.8779452e-06,5.5207634e-06,4.339563e-06,2.5615593e-05,1.7355147e-05,2.7643182e-06,0.5293895,1.0765707e-06,7.127118e-05,0.98968875,5.146063e-07,0.005945847,0.41326466,0.0051846467,1.2283453e-05,4.784086e-06,6.9766324e-06,8.362297e-08,1.0084149e-06,1.05376785e-07,3.3558722e-06,0.00010898844,0.00029006044,1.4384302e-06,0.0004136584,0.00012648205,0.00027032732,6.637379e-06,8.9258606e-07,9.187423e-05,3.405087e-06,3.267845e-05,3.745784e-06,2.1904368e-06,2.651784e-05,1.3524519e-05,4.22699e-05,0.0002422959,0.0005039059,3.571322e-05,2.5380466e-06,4.0061002e-07,1.8442573e-05,6.228818e-06,0.00013120372,7.703269e-06,5.927862e-06,9.403626e-05,0.00011547717,4.2103027e-05,7.782091e-06,0.0014435792,0.0020571416,0.0002616215,1.8884979e-05,4.193023e-07,1.1510118e-05,1.3604241e-05,9.259014e-05,9.713254e-05,8.281401e-05,8.070006e-06,0.00013707647,4.5627774e-05,0.00015641055,8.36092e-06,5.109152e-06,1.8451354e-05,3.1921874e-05,8.498953e-06,0.00018658425,0.00047866555,0.0013398201,8.817339e-06,1.327122e-05,0.000100884914,3.0532508e-06,2.998376e-06,2.5407531e-05,4.2524152e-06,7.6272925e-05,5.298582e-07,0.00011178476,3.2519343e-05,1.34128095e-05,8.504363e-05,1.6275286e-05,4.308039e-05,0.00032183272,7.700955e-06,1.0465142e-05,3.320036e-05,2.8142946e-05,8.0985155e-06,8.953194e-06,8.723531e-05,5.4804555e-06,4.156695e-06,3.843631e-05,0.0013187036,2.5741509e-05,0.0002534459,1.7276394e-05,9.090135e-06,4.5874844e-05,5.402105e-06,1.6776385e-05,2.7935183e-05,2.0046216e-06,0.000105035906,9.004463e-05,1.0439866e-06,7.2863595e-06,9.569408e-06,0.000306192,1.0269605e-06,0.00021946926,1.5393487e-05,0.0013783579,3.0904972e-05,2.7428143e-06,2.2767807e-07,1.1560822e-05,0.00011682973,1.1756996e-05,7.0452775e-06,1.5559202e-05,0.00050258794,8.611174e-06,4.438672e-05,6.387455e-06,0.0005444138,8.0193386e-05,0.0001339816,2.2828367e-06,3.3411285e-05,0.000108344015,7.2111407e-06,2.7548194e-05,0.0003772743,0.00010288958,1.0009005e-05,5.8484977e-05,0.000118325814,0.0002129793,0.00086021965,9.82895e-06,0.00011973141,1.0348206e-06,0.00013258602,6.790575e-06,1.1267675e-06,0.00026513397,1.3574461e-05,0.0017092476,1.2937565e-05,1.9143754e-05,5.1716543e-06,0.000108890265,9.969299e-06,7.176727e-05,4.540198e-05,0.00078629993,0.00044321656,0.000591001,8.902216e-05,4.2481326e-05,7.0834416e-05,2.3200837e-05,1.0139085e-05,0.00018762845,3.5519683e-05,9.860804e-07,1.2959446e-05,0.00032676986,6.780344e-06,8.7534545e-06,3.295141e-06,0.00043313697,1.3397994e-06,9.4701805e-05,3.9012884e-06,0.0005051748
BC2026_Train_0066_S23_20241124_044002_000,2.5093282e-08,3.3389688e-06,6.805347e-09,0.00015270134,3.1584857e-08,1.08249765e-08,4.7643005e-09,6.667424e-08,2.0335465e-06,1.1620312e-05,0.0002993899,4.0415603e-06,1.4149542e-08,1.536351e-06,8.757914e-08,0.0007852416,2.6930257e-07,2.502621e-09,0.00029332587,8.221531e-06,6.29274e-09,0.00016899403,4.7163476e-07,2.5340173e-06,1.6173246e-05,9.3940375e-09,1.2171067e-06,4.3037208e-08,4.2342376e-06,2.4849908e-06,7.322082e-07,8.711367e-06,0.00012398371,6.4883084e-06,5.213305e-06,2.740544e-05,0.0028851754,0.034499865,1.8648689e-06,0.0001277157,0.030097267,7.122816e-07,4.5812535e-06,2.8557467e-06,1.549132e-06,1.969151e-06,0.018811326,1.6028545e-05,0.0017135718,0.020666657,2.0426448e-06,1.3609034e-06,1.3353731e-06,2.4950807e-06,0.021453502,7.273762e-08,4.045055e-05,0.0018073192,3.9984804e-10,5.021028e-10,3.5468909e-06,6.005059e-08,7.727977e-06,0.000108998924,0.0002936087,3.3192625e-06,2.368865e-06,4.0454633e-08,2.4512017e-05,2.4868545e-05,3.3414294e-10,2.2705073e-08,0.00012234422,2.8451396e-08,0.0001006394,2.5798593e-07,4.1407595e-05,0.00012485083,0.000111702924,7.729297e-06,5.0938747e-06,3.984667e-07,1.5221278e-05,5.1287685e-07,5.6462154e-06,1.1515085e-06,1.248905e-07,0.00010287987,0.00011008379,0.0003649524,4.8563805e-07,2.594483e-06,0.0001690925,0.009589719,4.995846e-06,2.1937137e-07,7.755664e-06,0.9991571,0.00027223144,0.003628604,0.009458423,1.5942958e-05,4.960501e-06,2.6934704e-05,5.3453357e-07,1.7628126e-05,3.0305562e-06,1.28206e-08,4.540996e-06,4.908709e-05,1.4513134e-05,1.3632715e-06,1.0238316e-07,5.8408373e-06,5.0073857e-07,2.9226547e-05,2.0221973e-05,2.4017256e-05,3.3898772e-07,0.0014516802,4.471924e-07,8.970664e-06,1.131187e-05,0.027241953,6.804142e-08,0.00014467533,1.2061229e-05,1.0033605e-05,3.1988822e-08,6.226202e-07,1.48653205e-08,9.316613e-06,1.5807822e-05,0.00010546466,5.565781e-07,5.831792e-08,2.210188e-05,5.1970605e-05,2.5216815e-09,1.615612e-05,4.6801225e-07,0.00097412086,1.564955e-06,0.00033841646,1.5642799e-08,6.548786e-08,8.617995e-05,8.0818296e-08,2.0255247e-05,1.396932e-06,6.9829234e-06,2.7384851e-05,2.6041657e-06,1.6222364e-07,0.0020393382,6.21379e-05,1.1348176e-05,3.9285147e-05,6.6896706e-07,0.00010136667,0.005460499,2.5338351e-05,2.0883115e-07,0.00024940298,1.6780677e-06,3.1124787e-06,2.7280907e-06,6.2918402e-06,5.501779e-06,1.5957788e-05,0.000723988,1.1550507e-05,2.880828e-07,4.236354e-06,0.009403333,9.419881e-06,5.6908243e-07,5.438286e-07,2.79436e-07,6.5793516e-05,0.00012766711,1.2623746e-06,0.00034510414,0.0021430198,1.6054075e-05,1.0400144e-05,3.67069e-07,7.48291e-05,1.1510338e-07,7.7158694e-07,1.1245111e-05,4.9589166e-06,3.4940101e-06,1.9167064e-05,1.6165042e-05,0.00012716702,2.3006683e-05,1.4986625e-05,1.2250977e-05,5.6092625e-07,3.78579e-05,9.3659423e-07,4.0784606e-08,1.3546992e-05,2.0334852e-05,0.000288681,1.6803378e-05,6.66839e-07,1.1926437e-07,7.9436315e-05,0.00018664956,0.001773627,2.7370912e-05,0.0013557064,1.6404982e-05,0.0009681788,1.32006735e-05,1.4387224e-06,7.7839695e-06,0.00012477122,4.5263508e-07,2.8650884e-05,1.6324422e-05,9.721207e-06,5.449906e-08,0.12693389,1.1165797e-06,8.818752e-06,2.896472e-06,0.000111504654,6.5639546e-07,5.7157114e-05,1.6088832e-06,0.0001357866
BC2026_Train_0066_S23_20241124_044002_005,3.446926e-07,1.5119195e-05,3.5024794e-08,3.685084e-05,1.4542032e-08,1.0804745e-07,5.582465e-09,2.95173e-08,2.4466349e-06,1.4652865e-06,7.098528e-05,1.192245e-06,3.2981728e-08,1.1889023e-06,5.0320683e-08,0.0005615066,4.0458797e-08,7.269889e-09,4.262864e-05,4.4082117e-06,2.778124e-08,5.569876e-05,2.0933933e-06,1.2200411e-05,2.6107302e-05,1.9977537e-07,2.2526867e-06,7.664942e-08,1.4342371e-05,5.8709486e-07,3.028609e-06,7.204813e-05,0.0001131598,6.4048276e-05,1.7259597e-05,0.00024117943,0.0367806,0.115219854,2.1472015e-06,0.0005703304,0.040335793,6.98708e-07,4.5722332e-05,3.474902e-05,2.4778847e-05,2.7386182e-05,0.02470565,2.8845838e-05,0.002599537,0.034921795,1.2841268e-05,6.246921e-06,7.092664e-06,8.931269e-06,0.17805327,4.8028237e-08,0.00013224635,0.0001963024,2.9924738e-10,6.0777654e-09,1.2555885e-06,3.221236e-08,2.2633485e-06,3.264313e-05,2.301419e-05,4.3806403e-06,2.1712756e-06,1.1127777e-07,3.6654149e-07,1.1449076e-05,5.838523e-09,1.0407201e-08,0.00011518133,5.9902874e-09,1.20566065e-05,8.7191523e-07,7.638049e-05,0.00015524667,0.00011487826,2.7299562e-05,5.813191e-06,9.888823e-06,8.78929e-06,4.5055623e-07,3.5164183e-05,1.7216014e-06,4.504355e-07,0.00016147541,0.00036894434,0.00011669379,2.089494e-06,2.272857e-06,3.3106142e-05,0.0041604005,4.3143453e-05,1.0940848e-07,5.2794476e-06,0.99829155,0.00010238154,0.00024708864,0.26258087,4.3572e-06,6.741787e-06,2.3903987e-05,7.5545967e-07,9.3362825e-05,9.680546e-06,1.826357e-08,5.645673e-05,6.2006606e-05,0.0007759525,1.093568e-06,4.3660283e-08,3.050319e-05,4.433858e-07,0.00020117404,0.0002682999,1.0565316e-06,6.178951e-07,0.00082550605,3.8834482e-06,7.9674384e-05,2.3194158e-05,0.0054395893,8.7862915e-08,0.00015445598,1.3208872e-05,5.5912857e-05,1.3444161e-06,1.9811537e-06,4.3632475e-08,2.8404571e-05,8.067974e-06,0.0009806855,1.3052593e-06,1.543342e-08,4.9486127e-05,2.8578981e-05,9.564586e-09,8.244205e-06,2.7229623e-07,0.055495903,1.4598048e-06,0.0011269593,2.9069585e-09,2.6505688e-07,0.00017800616,5.5834366e-08,0.00016525522,3.8984285e-06,9.402757e-06,1.0103555e-05,7.769567e-06,1.5900345e-06,0.000566441,0.00010095554,4.4573615e-05,0.00016399988,2.3929626e-06,3.0556846e-05,0.009015243,7.108214e-05,8.1959723e-07,0.0007720422,1.8828692e-05,7.4275505e-07,1.4340676e-06,4.28203e-05,3.0141039e-06,0.00010952707,0.0022031635,5.9910317e-06,2.5930385e-06,1.3079211e-05,0.0011588092,7.0982264e-06,1.0420947e-06,4.0450923e-06,1.581494e-05,0.00011401362,0.0005758843,2.72291e-05,0.006753265,0.0024399396,1.1252974e-05,1.9350244e-05,1.8705598e-06,0.000105712556,6.22793e-08,2.7400351e-06,1.4401513e-05,3.7832751e-06,2.2616764e-06,3.1727635e-05,5.987753e-05,0.000113401766,0.00016853925,1.668633e-05,1.5179485e-05,8.240874e-07,5.3643304e-05,1.1178965e-06,6.330363e-08,1.558693e-05,1.9708023e-05,0.00011600061,1.05512645e-05,1.5302065e-07,2.1395618e-07,0.00027135608,0.00060555286,0.00042189026,4.1624513e-05,0.0012267949,5.8232063e-06,0.0012999097,7.553881e-05,4.3823957e-06,1.2219332e-05,0.00023576125,1.2000899e-06,0.000109185145,5.8289293e-06,4.0648425e-05,5.7142636e-08,0.3176449,1.4407696e-05,2.4440522e-05,4.7817916e-06,0.00025036238,2.4799954e-06,3.4186756e-05,4.1643684e-06,0.00014275355
BC2026_Train_0066_S23_20241124_044002_010,1.303149e-08,4.778163e-07,1.6324299e-09,2.5021862e-05,2.152627e-08,2.8852278e-09,6.823419e-11,2.8416507e-09,2.0479901e-07,5.0978224e-07,0.00015238352,3.6716142e-07,7.128987e-10,2.9330673e-07,1.6156172e-08,0.00011354729,3.472314e-08,3.652726e-10,3.153353e-05,1.1496344e-06,1.9644535e-09,7.545693e-06,3.613405e-08,8.1728683e-07,4.1980147e-06,2.2222417e-09,2.39451e-07,1.3193271e-09,3.7713372e-07,1.1568928e-07,1.7536594e-07,1.0536639e-06,1.0214807e-05,3.216321e-06,1.8442573e-06,7.1365967e-06,0.0015629573,0.04422063,3.9989771e-07,0.00010435554,0.03971191,9.751951e-08,2.4339772e-06,2.86594e-07,8.6522977e-07,9.387421e-07,0.008329282,7.4950697e-07,0.00031201466,0.01432152,5.3116145e-07,3.2013915e-07,4.41848e-07,7.2964514e-07,0.029581726,1.8533743e-08,8.797316e-06,0.00078653404,2.4109072e-11,7.4015544e-11,6.082987e-07,2.9133098e-08,1.5788619e-06,1.3707344e-05,3.3083514e-05,7.2828044e-07,4.4831546e-07,5.1543463e-09,1.543344e-06,2.6688901e-06,5.1775553e-11,2.9076739e-09,2.232005e-05,3.3178191e-09,3.4252053e-06,6.360851e-08,1.2492734e-05,3.0082489e-05,2.024673e-05,9.389472e-07,7.4126825e-07,9.1439387e-07,5.37491e-06,3.8223874e-08,5.440781e-07,2.9622774e-07,2.3674476e-08,0.00016274757,4.103295e-05,0.00016197891,3.6745103e-08,1.4581268e-07,1.4749359e-05,0.0025312894,5.239334e-07,3.9610317e-08,6.1443325e-06,0.99905795,0.00010510003,0.0011098298,0.04492272,8.9188925e-06,5.020482e-06,2.4350195e-06,2.1345356e-08,5.3082945e-06,1.988773e-06,1.0673222e-08,8.232915e-06,9.423234e-06,3.5731548e-05,9.264358e-07,4.9365916e-09,1.6113155e-06,1.4986531e-07,3.9324455e-06,1.2909034e-05,3.0710768e-07,1.5893532e-08,0.006298179,2.532499e-08,8.529003e-06,9.9548115e-06,0.010074192,4.7491215e-09,6.112859e-05,4.8383145e-06,4.3711966e-06,8.705483e-09,2.2191932e-08,1.735758e-09,3.5068858e-06,3.1054174e-07,4.861522e-05,7.384813e-08,6.016039e-09,1.2432845e-06,3.7372927e-05,2.7882818e-10,5.439287e-07,1.1721844e-07,0.00021533383,7.120709e-06,0.0010742525,1.7485211e-09,7.510982e-09,0.000104822575,3.762602e-09,1.9923018e-06,4.511995e-07,1.8231813e-06,1.799117e-05,2.284187e-06,1.1042986e-08,0.000909033,1.3695088e-05,3.3228728e-06,0.00016306197,9.724257e-08,1.9406887e-05,0.0019214776,1.5463229e-05,1.3137956e-08,3.134447e-05,8.935868e-07,1.4847913e-07,1.3829595e-06,1.3888894e-05,5.270626e-07,1.4063843e-05,0.00065160944,3.895032e-06,1.05024235e-07,1.358305e-06,0.006037195,1.4112004e-06,4.194787e-07,3.5390985e-07,1.2133664e-07,8.5218e-06,9.2410555e-05,4.2161236e-07,0.00036851357,0.0009895806,3.6819332e-05,3.1293187e-06,1.6993275e-07,0.000121244055,2.4590904e-08,5.5397745e-08,4.9082437e-06,3.0473655e-06,8.5904865e-08,4.330877e-06,1.7176331e-05,5.807898e-05,8.937652e-05,1.1745168e-06,9.8151895e-06,1.4298054e-07,9.429949e-06,7.846246e-07,9.399523e-09,3.81113e-06,2.9802131e-06,3.8897786e-05,1.7777284e-06,1.6413786e-08,1.0412125e-08,2.9300052e-05,0.00012269166,0.00042786874,4.987816e-06,0.0011044497,1.2115537e-06,0.00038710897,1.42710705e-05,3.0934697e-07,9.470794e-06,0.00012876415,4.0767534e-07,1.768509e-05,1.5334543e-05,2.1322116e-06,1.0551349e-08,0.15520945,1.3813225e-06,3.9745064e-06,4.5935244e-07,3.4971225e-05,1.5387191e-07,1.2707107e-05,8.111218e-08,0.00017790588
BC2026_Train_0066_S23_20241124_044002_015,1.2549104e-07,0.00014621083,1.3769353e-08,0.0003479636,1.270866e-07,2.502269e-08,4.9193813e-09,1.659552e-08,1.7268337e-06,4.4734525e-06,0.00029181014,6.749254e-07,1.360237e-08,6.4754533e-07,2.1669243e-07,0.00036729497,5.7107002e-08,8.149502e-09,3.846506e-05,9.625927e-06,1.0435765e-08,0.00017371218,5.14894e-07,1.3705266e-05,1.8151288e-05,4.9492463e-08,8.4317566e-07,1.0858478e-08,4.5495963e-06,3.1335486e-07,3.0693368e-06,4.3605643e-05,0.00045914587,5.7713205e-05,4.930317e-05,0.00010131923,0.04164685,0.28783122,5.622283e-06,0.0020062737,0.08162724,3.383299e-06,6.213712e-05,1.5599242e-05,9.300126e-05,0.00013420242,0.20649451,8.612581e-05,0.0068358975,0.07926083,2.2201675e-05,1.6095959e-05,1.9446887e-05,1.3328983e-05,0.25061846,1.5896387e-07,0.00014192413,0.0024584304,2.0501791e-09,4.0282755e-09,2.5078316e-06,1.0233669e-07,7.650557e-06,4.223013e-05,1.4167942e-05,2.8870954e-06,1.5352745e-05,2.4568476e-07,1.3966301e-05,7.885719e-07,5.172191e-09,2.6509401e-08,2.8840033e-05,5.0515407e-08,0.00010055816,1.5315338e-06,4.6023655e-05,7.644018e-05,4.2831733e-05,6.4889705e-06,1.3310183e-06,2.904527e-06,2.6992946e-05,4.443937e-07,6.336164e-06,4.297428e-06,1.5511201e-06,7.771925e-05,0.0001959628,0.00031465298,3.8946422e-07,8.738272e-07,1.1970794e-05,0.0063838223,3.99072e-05,6.3750065e-07,1.48800855e-05,0.995644,0.00011181279,0.0034540074,0.07899976,4.584581e-05,5.7330653e-05,7.371861e-06,1.6911888e-07,3.9955103e-05,9.9749624e-05,1.3598716e-07,2.4523335e-05,3.427604e-05,7.38197e-05,3.357201e-06,5.4755895e-07,2.3472032e-05,1.3074757e-06,0.00028934175,2.704621e-05,3.6152428e-06,1.1865689e-06,0.0023317079,1.7977405e-06,9.203293e-05,3.439736e-05,0.012877427,1.1343982e-08,0.0004949565,3.579625e-06,2.2330032e-05,7.8738685e-07,2.0575926e-07,5.8596672e-08,6.6526454e-06,3.9942646e-05,0.00025033683,8.931804e-07,4.6701842e-08,2.8325041e-05,8.4813146e-05,1.722458e-08,3.8064225e-06,4.0483928e-07,0.010001166,6.516654e-05,0.00017661204,3.4094736e-09,3.7364856e-08,0.00033325749,2.0193661e-07,0.0003204733,5.355137e-07,3.411113e-06,0.0001867578,2.7628781e-05,1.0917319e-06,0.00026375309,3.0462114e-05,6.780128e-05,0.00032003087,6.2222102e-06,8.989613e-05,0.024084507,2.90977e-05,4.5215702e-07,0.00018195531,3.5810694e-06,7.2711996e-06,2.9653054e-05,2.466629e-05,1.0538151e-05,5.3679225e-05,0.0008614562,7.2750896e-05,5.088495e-06,8.213545e-06,0.0027735059,9.852591e-06,6.873149e-06,5.628893e-06,2.9591654e-06,9.846941e-05,0.0005978568,2.0030386e-05,0.0005652868,0.00030553443,0.00020339925,6.825428e-05,1.0989083e-05,0.00021842276,4.2464765e-07,7.5612644e-07,1.17156615e-05,1.2658206e-05,3.4382406e-06,0.00012090705,0.00016055255,8.4092695e-05,0.00018925092,1.7325743e-05,8.1737635e-06,2.3366986e-06,9.8202916e-05,4.91185e-07,7.966293e-09,1.0400084e-05,1.2111275e-05,0.00011590862,6.206689e-06,3.5953627e-07,2.5775228e-07,0.0004141807,8.179264e-05,0.00034101825,0.00022353974,0.0009282,4.647862e-06,0.0023685754,0.00018328424,4.1598886e-07,2.017811e-05,1.9512836e-05,6.7126475e-06,0.00011455512,1.2303969e-05,0.00013032142,2.581107e-07,0.3891851,6.8600457e-06,5.9841736e-06,3.2818157e-06,0.00014729546,3.6782033e-06,0.00011063132,1.8293067e-06,0.0009360468
BC2026_Train_0066_S23_20241124_044002_020,4.834108e-08,4.139007e-05,1.4426939e-08,0.00016904897,6.398805e-08,1.7141955e-08,6.254411e-10,6.138428e-09,2.0118148e-06,1.0393494e-06,3.593888e-05,2.566299e-07,1.8680983e-09,1.7853674e-07,1.16020145e-08,0.00020374221,1.4665285e-08,1.6375097e-09,1.6147524e-05,1.7178144e-06,6.8498966e-09,5.4632084e-05,2.271333e-07,1.5855644e-06,1.7181786e-05,1.1551493e-08,2.7729683e-07,4.3953037e-09,6.430523e-07,2.1684478e-07,1.0915528e-06,1.6842718e-05,0.0001876968,1.0000122e-05,6.745491e-06,5.1117506e-05,0.019626651,0.36608744,1.3090228e-06,0.0003285482,0.1635234,7.2304863e-07,6.302963e-06,3.7905013e-06,1.7523367e-05,2.0272078e-05,0.17384693,2.4498744e-05,0.006875499,0.16233072,3.6082029e-06,2.0288994e-06,2.6249834e-06,2.7303136e-06,0.2506214,1.3561749e-08,7.1230183e-06,0.0005261277,6.534889e-11,2.39097e-10,6.4978104e-07,6.3463066e-09,2.0620962e-06,2.7434751e-05,5.7650057e-05,3.5419583e-07,1.9185418e-06,1.545177e-08,1.0573893e-06,1.0416237e-06,1.0745485e-09,1.5471764e-08,4.0595427e-05,1.8693434e-08,2.6326014e-05,1.0532253e-07,1.48015515e-05,5.2618343e-05,7.824376e-06,8.435549e-06,1.5838779e-06,1.2294726e-05,1.1665314e-05,2.6808542e-07,2.7211245e-06,1.0182682e-06,1.197982e-07,8.108632e-05,2.4887546e-05,0.00039433854,2.9497917e-07,4.6318127e-07,6.567354e-05,0.033118278,8.825525e-06,7.518452e-08,2.522788e-06,0.99975425,3.103404e-05,0.00026996515,0.09319914,1.764836e-05,2.633569e-06,3.792273e-06,8.356477e-08,7.969867e-06,4.8960146e-06,6.0162906e-09,4.3316822e-06,4.49537e-06,1.9232099e-05,5.2492965e-07,7.799125e-09,1.7838865e-06,1.2829435e-07,1.7737839e-05,3.741504e-05,3.6289532e-06,1.8318647e-07,0.0015573789,4.4513598e-07,3.3284145e-05,5.03129e-06,0.0048799934,2.0005842e-08,0.00044880135,5.90985e-06,7.7950235e-06,1.8486105e-07,3.658496e-08,1.3913259e-08,4.8948427e-06,2.0646998e-05,0.00014076439,3.4429382e-07,2.2153614e-08,2.519895e-05,1.4457548e-05,1.7472143e-09,1.9606382e-06,5.410898e-08,0.00766602,2.9760213e-06,0.00038706025,9.2547103e-10,1.0186305e-08,0.00010309042,1.6711743e-08,5.113155e-05,3.1116755e-07,5.737652e-06,3.913989e-06,3.5724704e-06,1.3399499e-07,0.00028476247,6.892046e-06,6.827627e-06,6.152181e-05,2.1154946e-07,8.410055e-05,0.0009992779,2.3019062e-05,2.6170218e-07,8.6582586e-05,1.6472833e-06,7.334613e-07,1.6257336e-06,1.0009778e-05,4.2148488e-07,1.0787798e-05,0.00014061708,1.0541619e-05,2.576267e-07,1.6842037e-06,0.00083239353,6.6590815e-06,8.963924e-07,1.0706007e-06,3.3219783e-07,8.384767e-05,0.00017449024,1.4828119e-06,0.00026239414,0.00048511877,7.3033407e-06,1.2258257e-05,8.180107e-08,3.044463e-05,1.946811e-08,1.8847997e-07,1.8928631e-05,3.4519078e-06,4.3398967e-07,2.6549747e-05,8.60203e-06,6.4666256e-06,8.8911955e-05,8.252695e-07,2.176064e-06,1.1575345e-06,8.916222e-06,1.7316509e-07,8.25038e-09,2.8765394e-06,2.3416308e-06,0.00014790233,8.20006e-06,1.9268484e-07,1.9461353e-08,1.0417148e-05,0.00014863949,0.0005193784,1.7381168e-05,0.0002363721,1.362315e-06,0.00024658808,2.5726395e-05,5.5544336e-07,1.2684907e-06,0.00012799329,3.6778977e-07,1.830171e-05,2.056517e-06,1.4220776e-05,2.3085379e-08,0.4012548,9.984152e-06,4.7372505e-06,2.712018e-06,4.5931538e-05,1.6228834e-06,1.3478077e-05,5.4075406e-07,7.354293e-05
BC2026_Train_0066_S23_20241124_044002_025,7.2024116e-09,3.9755905e-06,3.453752e-09,1.2099339e-05,1.6357896e-09,2.1168693e-09,1.8378063e-10,2.0784925e-09,8.240711e-08,3.9852563e-07,4.3143085e-05,1.6524237e-07,1.4606042e-09,3.088882e-08,7.878426e-09,2.2439373e-05,1.0278148e-08,3.385437e-10,7.764456e-06,1.9877718e-06,4.2492712e-10,1.4695067e-05,4.851649e-08,9.753714e-07,9.118311e-07,1.1963288e-09,3.8821378e-07,8.481919e-09,2.4528092e-07,1.3795159e-07,5.60165e-07,3.2737976e-06,4.465654e-05,4.7916474e-06,1.8086206e-06,2.101508e-05,0.015657512,0.023123013,4.977007e-07,0.00020103042,0.0074628964,1.5594618e-07,4.4964036e-06,1.2045456e-06,1.0784707e-06,1.1582489e-06,0.005522884,4.9762034e-06,0.00025634936,0.00304505,1.3443162e-06,9.08051e-07,1.0757846e-06,1.2387151e-06,0.019246276,7.723583e-09,6.1183644e-05,0.00024898886,2.5705174e-11,1.5451695e-10,3.8992619e-07,1.03017594e-08,6.2954257e-07,8.096245e-06,4.5634274e-06,4.0397157e-07,9.654221e-07,5.4418736e-09,8.3611314e-07,3.2610376e-06,1.7791611e-10,2.6058988e-10,8.339165e-06,2.987423e-09,9.568168e-06,8.3768086e-08,3.246961e-05,7.952116e-06,1.2015708e-05,1.5384184e-06,6.3340707e-07,2.2475017e-07,2.5473096e-06,1.7852852e-08,2.6925147e-06,1.2018089e-06,1.1623548e-07,8.407345e-05,2.4216773e-05,1.1497986e-05,1.29217e-07,3.3698797e-07,7.2341005e-05,0.00376516,2.7265507e-06,5.1150852e-08,3.7562081e-06,0.99912757,5.895113e-05,0.00027068553,0.08757087,1.174761e-06,1.5105918e-06,2.628222e-06,5.4157205e-08,1.0245323e-05,3.445028e-06,1.5336612e-08,5.151679e-06,1.0514441e-05,4.4778362e-06,4.943364e-07,1.887627e-08,3.7123905e-06,1.2521048e-07,1.7763654e-05,2.546519e-05,2.4292813e-06,9.114644e-08,0.00043293447,4.02425e-07,1.685374e-05,2.3659727e-06,0.0017730261,2.4764433e-09,4.6662382e-05,2.3513337e-06,2.9516905e-06,3.297072e-08,8.397637e-08,5.44557e-09,2.2376114e-06,1.4477597e-06,7.660229e-06,7.696352e-08,5.11011e-09,9.852497e-06,6.285771e-06,1.2055554e-09,5.2915476e-07,6.5700306e-08,0.000852604,1.767393e-06,0.0007273323,1.031593e-09,3.423079e-09,4.3775053e-05,2.701631e-09,4.9279104e-05,6.803052e-07,1.4623856e-06,1.1907655e-06,1.5133892e-06,9.098647e-08,0.0002874002,7.3303313e-06,3.202001e-06,1.2784888e-05,5.9779285e-07,7.914258e-06,0.014080325,1.4597586e-05,7.2774256e-08,2.6000018e-05,7.608222e-07,9.980486e-07,1.1411036e-06,3.170176e-06,3.993489e-07,1.1426246e-05,0.00028555957,6.6178467e-07,9.41846e-08,3.0484555e-06,0.0015715843,1.5323446e-06,1.202915e-07,1.3213125e-07,9.388723e-08,5.6247314e-05,0.000114414506,9.233391e-07,7.314372e-05,0.00093962776,4.149079e-06,4.938058e-06,7.444862e-08,7.270491e-05,1.1070914e-07,1.6264391e-07,6.117776e-06,7.15581e-07,1.4465519e-07,2.2017754e-05,1.32019195e-05,2.0929017e-05,2.7253596e-05,8.254765e-07,1.7772878e-06,1.9533655e-07,5.5783444e-06,3.5451487e-07,4.596725e-09,2.9699258e-06,7.3262737e-07,2.8419092e-05,2.7335886e-06,2.3383696e-07,2.245241e-08,1.4872922e-05,3.1615404e-05,5.8194844e-05,5.826834e-06,0.00026313894,1.9725774e-06,0.00023564485,2.814418e-05,2.6982266e-07,1.5058783e-06,4.263836e-05,4.0879502e-07,1.2891196e-05,6.1290875e-06,4.289943e-06,8.065015e-08,0.19814639,2.7523574e-06,1.2340046e-05,3.967013e-07,7.512836e-06,8.0578495e-08,7.1040577e-06,6.467869e-07,6.4706874e-05
BC2026_Train_0066_S23_20241124_044002_030,6.55657e-09,4.066063e-06,8.363741e-10,5.0648255e-06,1.2539804e-10,1.1978558e-10,2.7222308e-11,4.4612739e-10,7.7058544e-08,9.216352e-08,1.354738e-05,1.6618642e-08,5.388616e-10,9.480493e-09,9.4138e-10,7.077952e-05,2.6194785e-10,2.511479e-11,2.7374285e-06,2.899358e-07,7.608227e-11,7.6144247e-06,7.3467232e-09,2.4269164e-07,3.735745e-07,1.3340432e-10,6.87216e-08,2.5666141e-10,1.3246637e-07,1.3438668e-08,9.766806e-08,9.554367e-07,3.1446983e-05,1.531747e-06,7.454551e-07,3.3305505e-06,0.06142645,0.057527836,1.04403284e-07,9.026481e-05,0.007829056,3.885219e-08,1.7661832e-06,2.4604068e-07,2.8557065e-07,3.6530437e-07,0.0077656484,3.3058648e-06,0.000268103,0.0038770165,4.516033e-07,3.1464612e-07,4.3646008e-07,3.6533785e-07,0.016041396,6.3432165e-10,1.4157367e-05,0.00012281352,1.1385294e-12,2.7585831e-11,1.3534286e-07,4.4353962e-10,3.3253318e-07,4.381263e-06,8.662485e-07,7.748996e-08,8.5514057e-07,1.2722716e-09,1.9167281e-07,1.7927023e-07,1.02414466e-10,2.2379318e-10,1.0571182e-06,8.278671e-10,4.1665176e-06,1.1028232e-08,1.183206e-06,2.193332e-06,1.3242546e-06,6.75552e-07,2.1656021e-07,6.0715585e-08,1.6724744e-06,2.1429061e-08,1.7185665e-06,2.422278e-07,1.93e-08,2.0392627e-05,3.141815e-06,1.0267771e-05,8.8752735e-08,8.8071126e-08,1.1057519e-05,0.0042684735,2.1004885e-06,4.755204e-09,1.1756778e-06,0.99793965,1.1724749e-05,0.00094579876,0.4241983,5.6697186e-08,2.91668e-07,1.1676137e-06,2.8709458e-08,1.2855637e-06,3.133426e-07,2.7044202e-09,1.0169135e-06,4.0920445e-06,4.5638453e-06,3.0724234e-08,3.8248222e-09,2.8466648e-06,1.3795772e-08,1.8989942e-05,3.4150776e-06,4.0360263e-07,5.98973e-08,0.00038585314,1.3585728e-07,4.5758306e-06,5.544616e-07,0.0004452927,1.8520553e-09,5.5371685e-05,7.7208966e-07,6.600671e-07,7.436191e-08,1.597477e-08,4.670538e-09,9.133967e-07,3.549631e-07,1.9517172e-05,1.1735038e-08,4.0567635e-10,2.6262624e-05,1.2917639e-06,8.693443e-11,2.6713167e-07,3.4727166e-09,0.008693815,6.412066e-07,2.5443247e-05,1.7106108e-10,9.458452e-10,7.401285e-06,9.40054e-10,7.208023e-05,2.0391033e-07,3.5752336e-07,2.6558548e-06,5.4561355e-07,5.3615153e-08,3.770826e-05,3.6541934e-07,8.889112e-07,1.3630089e-06,3.2601935e-07,4.3944947e-06,0.021458557,4.439618e-06,3.432109e-08,6.4079245e-06,2.0213255e-07,2.0798404e-07,1.8640263e-07,1.5783636e-06,1.22424e-07,9.28385e-06,7.5626456e-05,5.08178e-07,3.7412992e-08,5.90607e-07,0.00034977772,3.7132364e-07,5.5598132e-08,6.8066086e-08,5.557628e-08,4.6991896e-05,9.5395626e-05,4.2308525e-07,9.955424e-05,0.00021049635,2.1277874e-06,1.4868433e-06,2.4550037e-08,2.1227406e-06,1.074916e-08,2.0014049e-08,1.9085758e-06,2.1480321e-07,2.2074873e-07,1.2287811e-05,2.7037877e-06,1.4237165e-06,1.4636954e-05,4.973163e-07,6.8574553e-07,3.4502307e-08,8.5302526e-07,9.312421e-09,1.904699e-10,1.2272353e-06,3.7507203e-07,1.4339405e-05,1.2397255e-06,1.9513688e-08,3.8581085e-09,3.2169683e-06,1.8859068e-06,2.6091522e-05,3.1941292e-06,1.7818558e-05,4.1228384e-07,0.0006967248,4.014873e-06,6.693762e-08,1.8892285e-07,4.3777463e-06,2.4690022e-08,1.45365875e-05,4.842049e-07,3.675675e-07,1.002819e-08,0.59842193,2.8160507e-06,2.9789044e-07,5.2990014e-08,2.910433e-06,1.6891981e-07,7.483688e-06,1.7242879e-06,7.247377e-06
BC2026_Train_0066_S23_20241124_044002_035,1.573251e-07,6.9692425e-05,1.8375767e-08,0.0005537165,4.3421775e-07,1.0536754e-07,1.1246066e-08,5.8929782e-08,5.909388e-07,4.855167e-06,4.281299e-05,1.8118905e-06,3.1180987e-09,2.8338155e-07,4.9133163e-08,0.00019996485,7.220778e-08,2.7996128e-09,0.00018138488,2.395433e-06,8.925387e-08,6.519887e-05,2.7900962e-06,7.538687e-06,1.4015402e-05,4.448024e-08,8.412736e-07,2.4395952e-08,3.6563372e-07,4.976915e-06,6.1305777e-06,1.02471595e-05,0.00025744125,1.0729928e-05,2.5777423e-05,2.6523201e-05,0.0026650806,0.0536686,2.1023143e-06,0.00029290724,0.032717302,2.8087954e-06,7.075503e-05,2.266364e-06,2.061129e-05,2.4676361e-05,0.11142113,5.9277132e-05,0.0024375208,0.02065787,3.3816817e-05,2.4624786e-05,2.698098e-05,7.83344e-06,0.049008604,5.6749773e-08,0.00017722206,0.0004978181,4.9121124e-10,1.2492828e-09,5.843138e-07,3.491178e-07,8.3914546e-07,3.7273516e-05,0.00043050642,3.3090757e-06,5.6251514e-07,6.8483196e-08,4.2594575e-06,3.866343e-06,1.8352956e-09,1.004609e-08,2.1706835e-05,4.2525187e-07,1.0481503e-05,8.012896e-07,2.6621627e-05,0.0010104496,7.756154e-05,0.0020124624,3.231922e-06,1.7317399e-06,8.43851e-06,3.2394855e-06,7.8089e-06,4.4222574e-07,3.3680772e-07,2.9006493e-05,0.00016220195,0.0005130451,2.570564e-06,3.966903e-06,0.0001582505,0.03071662,4.9487022e-05,1.4220703e-07,8.952605e-06,0.9701104,7.2301074e-05,0.011125112,0.0039855186,2.24977e-05,1.8173071e-06,0.00010437981,3.4750126e-06,7.620473e-05,1.3998753e-06,4.797477e-07,4.067471e-06,6.1159604e-05,7.7064054e-05,3.537989e-06,1.7354765e-07,1.03507e-05,2.1405128e-07,3.1975193e-05,3.0439724e-05,0.00033361287,3.8900652e-07,0.0018848762,2.6911748e-06,6.01273e-05,9.704034e-06,0.01261388,1.5775134e-06,0.0022056357,1.9771764e-05,1.13898095e-05,1.9915217e-07,1.1221852e-06,4.575087e-08,2.1138874e-05,0.005483132,6.861327e-05,3.8442677e-06,1.6778358e-07,1.6470225e-05,0.00013783063,6.250753e-09,2.0464142e-05,1.3064773e-06,0.004568208,1.7055798e-07,0.0016264383,1.2020385e-08,1.3042249e-07,6.28865e-05,2.592435e-07,1.7707333e-05,9.43316e-06,7.1005416e-06,2.2549595e-05,3.0505405e-06,5.3761585e-07,0.0016743258,7.3369294e-05,2.5862373e-05,6.184903e-06,1.833549e-06,0.0026594854,0.0021768948,4.9291135e-05,3.1210957e-06,4.76367e-05,4.868618e-06,1.3065221e-06,2.0082793e-05,2.0801292e-05,3.5837513e-06,0.00010671402,0.0003098105,2.0474725e-05,2.9174637e-06,6.387443e-06,0.023414344,0.00014369999,8.786139e-06,1.3258381e-06,2.580012e-06,0.0002594873,6.190605e-05,9.339288e-06,0.00030749993,0.00043665915,2.6235315e-05,3.4161753e-06,1.0000456e-06,0.00012168788,3.7332438e-08,1.0377773e-05,3.5532794e-05,6.2730155e-06,2.5163768e-05,9.037307e-05,3.8380414e-05,7.1927543e-06,5.076739e-05,2.0031226e-05,4.5877125e-05,1.3947228e-05,3.500936e-05,5.050285e-07,6.7093055e-08,8.120511e-06,3.467699e-05,0.00034752054,6.99534e-06,3.5739657e-07,8.687296e-07,7.594647e-05,0.0005303063,0.0023709813,8.0191094e-05,0.0001129276,1.4398341e-05,0.0011343888,1.1089094e-05,4.2050224e-06,7.0798574e-06,0.0002617657,2.4166463e-06,7.169941e-05,2.1671547e-05,1.39439035e-05,1.4684366e-07,0.22827257,1.2976229e-05,1.0433325e-05,4.3353466e-05,8.9191e-05,1.15636785e-05,7.0019574e-05,6.2755944e-06,4.632391e-05
BC2026_Train_0066_S23_20241124_044002_040,3.37129e-08,2.1826027e-05,9.788435e-09,3.4073946e-05,1.716476e-08,1.391321e-07,6.519729e-10,5.5347154e-08,1.9117892e-06,4.5237917e-07,1.0085083e-05,3.7640575e-07,6.3101195e-09,3.738624e-08,1.4222516e-08,0.000105802406,3.7582065e-08,8.9026975e-10,0.00076437107,8.950777e-07,7.0687243e-09,1.7719445e-05,4.830882e-07,5.94399e-07,1.2236322e-06,1.2841395e-09,2.0871727e-07,3.830584e-08,3.364254e-07,9.856407e-06,7.488432e-07,6.3267025e-06,0.00018744034,2.208278e-06,2.3607731e-06,1.5715877e-05,0.008041327,0.008900268,4.901336e-07,0.00010918212,0.0016867964,6.1568693e-07,3.6056022e-06,1.6121885e-06,2.5454278e-06,2.9852654e-06,0.010142507,3.9754734e-05,0.000542642,0.0017385598,2.8826744e-06,1.7833951e-06,2.0616164e-06,1.209402e-06,0.006683246,3.192506e-08,0.0010269759,0.00028699715,3.0211258e-10,3.332913e-10,4.551778e-07,2.7785512e-07,1.4794247e-06,3.4540415e-05,4.4068416e-05,2.714176e-07,3.2963683e-07,1.3968725e-08,5.4853654e-06,1.722556e-05,5.7803917e-10,1.2353548e-09,1.0316888e-05,4.6132833e-08,1.0255187e-05,5.287905e-07,3.1478667e-05,5.7004e-05,2.3193315e-05,0.00032912852,5.0380263e-06,2.2495902e-07,6.754065e-06,5.763399e-07,1.0561926e-05,8.9064224e-07,3.7666896e-07,4.6513283e-05,7.367307e-05,0.00035962454,8.5648554e-07,6.5681147e-06,6.412717e-05,0.008775479,3.062006e-05,3.8594615e-07,1.2490743e-05,0.9930462,0.00018836556,0.0037828889,0.015662847,4.7561907e-06,1.174966e-06,1.2010977e-05,1.9165923e-06,3.0582938e-05,1.2107682e-06,4.1985842e-08,1.1921349e-05,8.251793e-05,8.252536e-06,4.5897846e-07,1.0973933e-07,3.0364834e-05,3.0342414e-07,6.0984596e-05,2.3982651e-05,2.4628094e-05,9.115797e-07,0.00024487774,8.361546e-07,1.9783118e-05,1.5085625e-05,0.005872522,1.8110978e-07,0.00061928335,1.2678733e-05,8.608104e-06,6.632241e-08,9.762016e-07,4.0231793e-08,2.7757842e-05,0.00033980125,4.4960652e-05,2.1639578e-06,1.0277878e-07,9.016318e-06,2.1545291e-05,3.5726408e-09,8.703229e-06,7.498588e-07,0.0030463748,2.6279338e-07,0.00020647935,8.765765e-09,3.3573716e-08,3.513398e-05,1.4634387e-07,0.000107116015,8.821234e-06,7.94265e-06,3.8664533e-05,3.3325398e-06,5.0012915e-07,0.00053083303,2.8397879e-05,1.12157e-05,7.5651037e-06,5.6451713e-06,0.0007043499,0.008284622,7.19016e-05,1.4813348e-06,1.938033e-05,2.421782e-06,4.400341e-06,1.3085437e-05,4.3738446e-06,4.5822803e-06,0.0013344581,0.00044242654,1.5386706e-06,5.6491604e-07,4.337337e-06,0.02064916,4.2051943e-05,1.9259369e-06,1.9623239e-07,1.0190347e-06,0.00083228754,0.00012921974,7.453027e-06,0.00018421213,0.0003165739,3.9988307e-05,7.970529e-06,8.351905e-08,5.715608e-05,1.3456473e-07,4.279845e-06,3.2175294e-06,1.7198554e-06,8.956465e-06,0.0001498797,5.9938437e-05,2.567524e-05,8.2461054e-05,2.3368957e-05,1.044063e-05,2.4854721e-06,1.221861e-05,4.8092227e-07,1.891548e-08,2.2971803e-05,4.556196e-06,8.567961e-05,9.886975e-06,9.645727e-07,2.487212e-07,4.3902648e-05,0.00012923256,0.0002885352,2.5593738e-05,0.00019675663,4.6520704e-06,0.00013447694,2.710756e-05,1.7762603e-05,4.3582636e-06,0.00057827943,3.3802922e-07,1.7429202e-05,6.5315426e-06,6.472925e-06,3.1575289e-07,0.3820941,2.6199864e-06,1.6157182e-05,3.526791e-06,0.00022917213,1.0099903e-06,2.6415944e-05,1.12861935e-05,1.655763e-05
BC2026_Train_0066_S23_20241124_044002_045,1.6582103e-08,1.2681842e-05,6.8577797e-09,8.7975306e-05,1.9061874e-08,7.579586e-09,2.7334182e-10,1.2299761e-08,4.186987e-06,1.4383327e-06,8.580446e-05,1.61229e-07,1.3084191e-08,2.1172345e-07,2.5131936e-08,0.0003033396,1.4019573e-08,1.1210424e-09,1.4868439e-05,2.5132836e-06,6.7723147e-09,7.0781076e-05,2.0708946e-07,2.2508445e-06,1.5249941e-06,9.027785e-09,3.6486705e-07,1.9499439e-08,1.5861937e-06,3.691465e-07,5.8821075e-07,2.2535707e-05,9.938304e-05,1.4199379e-05,4.853954e-06,5.0550625e-05,0.030252686,0.111750804,1.1456463e-06,0.0003357719,0.03182303,4.1415967e-07,6.212362e-06,6.531013e-06,4.9808896e-06,5.6811455e-06,0.03206906,1.4067679e-05,0.002054244,0.026395947,2.4428955e-06,1.4238959e-06,1.5263007e-06,1.8086621e-06,0.09553931,5.24149e-09,2.0541493e-05,0.00073537795,5.3605047e-11,1.5257011e-09,1.3980209e-06,1.0266785e-08,8.044172e-06,3.658134e-05,6.902343e-05,2.479737e-07,1.9129093e-06,4.462062e-08,1.1881349e-06,3.8021233e-06,5.427504e-10,6.3950925e-09,4.833693e-05,2.1927784e-08,3.2052554e-05,1.2424628e-07,3.0126188e-05,3.627508e-05,1.4064769e-05,7.41896e-06,3.2135922e-06,3.2936725e-07,1.816746e-05,1.8993977e-07,4.615912e-06,1.6392831e-06,1.6731349e-07,4.3118653e-05,6.7249624e-05,0.00011603745,5.3178945e-07,1.1524049e-06,0.00027526048,0.007894355,5.9057484e-06,1.5621248e-07,3.3941965e-06,0.99925226,0.00012673148,0.00042057742,0.044332232,1.18109365e-05,2.051561e-06,4.122546e-06,1.0942706e-07,1.1492614e-05,1.6290442e-05,3.60407e-09,4.0179984e-06,1.7316643e-05,1.0205128e-05,4.4566949e-07,4.0139962e-08,4.976479e-06,3.94116e-07,4.4746954e-05,4.2793763e-05,2.1888707e-06,5.080224e-07,0.001261655,1.5401886e-06,2.3087083e-05,3.5200674e-06,0.0070567117,1.6178713e-08,0.00011859342,3.3351055e-06,1.5847052e-05,2.662781e-07,8.60907e-08,1.14663665e-08,2.523871e-06,9.141295e-06,6.039566e-05,2.557838e-07,1.4224956e-08,1.1889276e-05,1.7844764e-05,2.8055465e-09,3.974859e-06,1.805264e-07,0.0028856103,9.457574e-07,0.00015563694,4.936601e-09,1.3361787e-08,4.650406e-05,2.7686026e-08,0.00042087218,1.8749806e-07,7.0589176e-06,1.0409332e-05,2.619647e-06,3.7778852e-07,8.298611e-05,3.3019463e-05,1.2241621e-05,5.21954e-05,1.3714044e-06,3.8871047e-05,0.006606521,6.395197e-05,3.9439576e-07,0.00010085807,1.2291597e-06,1.6370506e-06,5.74409e-07,5.7589823e-06,1.0086995e-06,3.7656046e-05,0.00029496948,3.2003004e-06,1.6532196e-07,1.2179219e-06,0.0008680033,2.5216646e-06,1.4857092e-07,5.233297e-07,6.781824e-07,6.568488e-05,0.0003020839,2.0908094e-06,0.00018669957,0.00069680717,3.4617417e-06,3.248122e-05,1.2416726e-07,0.00010876273,7.698201e-08,2.9895395e-07,4.697405e-06,5.7789093e-06,6.641227e-07,1.8027631e-05,1.5367921e-05,2.8841714e-05,3.5223584e-05,4.2821316e-06,6.621542e-06,5.195127e-07,1.427295e-05,2.3389873e-07,6.502668e-09,4.873393e-06,8.375365e-06,0.00012621554,1.3646694e-05,5.4382656e-07,2.7384308e-08,1.6948545e-05,7.6065255e-05,0.00031880365,7.773984e-06,0.0005483506,2.5055106e-06,0.00050628016,4.0563464e-05,1.8182674e-06,4.286634e-06,5.6117227e-05,2.0214104e-07,3.1794425e-05,4.3821074e-06,6.0747475e-06,4.252486e-08,0.31927186,1.9684264e-06,2.7022438e-06,4.212502e-07,3.501814e-05,2.0199027e-06,2.2988372e-05,1.949005e-06,5.2634754e-05
BC2026_Train_0066_S23_20241124_044002_050,1.2250564e-07,0.00016857445,8.2161016e-08,5.6357167e-05,6.2483835e-08,9.5385744e-08,1.5646431e-09,4.6306766e-08,1.0356891e-05,2.9364622e-07,4.0195493e-05,1.2428329e-06,1.8285528e-08,7.804968e-07,8.724519e-08,0.000575957,1.8181566e-07,1.3207905e-08,6.269531e-05,1.0661049e-05,1.1181473e-08,0.00031514352,5.281736e-07,5.4650013e-06,2.3893208e-05,5.7517372e-08,1.6392894e-06,8.605952e-08,8.913127e-06,1.3358622e-06,1.5182334e-06,4.453457e-05,0.00022930941,7.871123e-05,1.184898e-05,0.00038891254,0.018323796,0.1077649,2.780245e-06,0.0011138237,0.050927047,1.3023448e-06,1.0199066e-05,2.0356505e-05,1.9205781e-05,2.4892672e-05,0.03283328,3.207849e-05,0.0032436592,0.034772694,3.7171974e-06,2.0392931e-06,2.40341e-06,7.5501052e-06,0.18525054,1.274489e-07,2.0376083e-05,0.0013482376,2.8145866e-10,2.3536597e-09,4.523116e-06,4.7316783e-07,2.1232012e-05,0.00024204768,0.0001307743,2.6003784e-06,8.332623e-06,7.691734e-07,3.2266405e-06,1.5059291e-05,4.179837e-09,2.4058396e-08,2.847329e-05,3.5076134e-08,0.00014235148,1.9236518e-07,1.9522067e-05,2.610638e-05,3.371931e-05,4.0047573e-05,2.9531679e-05,3.902587e-06,1.6625034e-05,3.6256768e-07,4.1056977e-05,1.8766492e-06,1.4809251e-07,0.00021957347,4.4111388e-05,0.0005073078,7.0698457e-07,7.540352e-07,4.464125e-05,0.006047542,6.534856e-05,5.3367785e-07,2.2337295e-05,0.9990239,0.00043766722,0.0028085033,0.120634496,8.167522e-06,3.0277656e-06,6.0882608e-06,1.3714146e-07,2.0126046e-05,1.3658502e-05,1.2624898e-07,3.0706586e-05,1.1255109e-05,1.7416143e-05,5.566869e-07,5.273432e-08,8.65263e-06,3.2771147e-06,2.1548147e-05,3.8291724e-05,6.339543e-06,2.0681366e-06,0.002106496,8.2227155e-07,4.6874542e-05,2.0411771e-05,0.010898549,1.4684674e-07,0.0015574923,1.4358837e-05,1.815624e-05,1.1064328e-07,1.2317315e-07,1.4377113e-07,2.4233108e-05,5.567699e-05,0.00012812934,7.613282e-07,8.166232e-08,3.475449e-05,9.621752e-06,3.0973997e-09,3.468063e-06,6.1227155e-08,0.011233248,2.6515589e-05,0.0006454518,8.510505e-09,4.0572555e-08,0.00015541271,1.139968e-08,7.427635e-05,1.9724891e-06,0.00020617344,1.6070482e-05,3.2596377e-05,8.306261e-07,0.00027628272,2.0679432e-05,7.82239e-06,7.7761506e-05,1.5533866e-06,0.00011861162,0.008585701,9.069613e-05,1.3871336e-06,5.8324626e-05,5.6476692e-06,2.4489016e-06,3.3597885e-06,2.2553464e-05,1.4680966e-06,7.856784e-05,0.0014229721,9.248987e-06,2.8384326e-07,5.7936763e-06,0.004158735,5.979376e-06,1.245277e-06,3.0700892e-06,1.9628421e-06,0.00018254004,0.0001024243,2.4162798e-06,0.00073261326,0.003574622,7.543362e-06,1.3398517e-05,4.0108094e-07,8.771579e-05,2.4155995e-07,3.1358263e-07,5.1163544e-05,1.185662e-05,2.0670677e-06,7.213613e-05,0.000116281146,0.00014075632,8.739309e-05,3.3070062e-06,2.9204062e-05,2.689838e-06,1.3326491e-05,2.4074127e-06,3.9997733e-08,1.8124236e-05,5.5223113e-06,0.0002511863,4.156704e-05,1.635317e-06,1.4058982e-07,5.325455e-05,0.00018878306,0.0001953235,4.519282e-05,0.0036200015,3.0975218e-06,0.000563436,4.8216127e-05,3.407364e-06,4.2667107e-06,0.009461855,2.9504673e-07,3.5321336e-05,4.6900104e-06,2.075421e-05,1.4896008e-07,0.21624161,4.5974384e-06,1.9038594e-05,1.1397949e-05,0.00032229853,8.615097e-07,3.2712876e-05,4.8289567e-06,0.0001488609
BC2026_Train_0066_S23_20241124_044002_055,3.3830315e-06,0.0006642067,9.716912e-07,0.00021201691,2.8294355e-07,2.4728727e-06,6.5630807e-06,2.5855274e-05,3.6592748e-05,1.744783e-05,0.0002563926,1.2098935e-05,1.987235e-05,5.1692236e-06,1.0373992e-05,0.00014623022,2.6777248e-05,1.0618367e-06,0.00017200824,4.221054e-06,1.7902164e-07,0.000111404865,2.2084878e-05,8.902823e-06,2.5792302e-05,4.46502e-07,0.00015997492,8.519217e-05,0.00011623603,0.0001548608,2.4443598e-05,8.069947e-05,0.00072192115,8.5478285e-05,1.7125922e-05,0.0002098803,0.035245318,0.00044902085,3.479757e-05,0.00045629658,0.00031446465,1.7696815e-05,1.3018706e-05,5.1128478e-05,8.792292e-06,1.0748384e-05,0.00035093186,0.00018446926,0.00017271131,9.221601e-05,1.585889e-05,1.0417158e-05,1.19871065e-05,3.414655e-05,0.0007711169,4.1916296e-06,0.038914043,0.00068723125,7.9208877e-07,2.6668852e-06,3.1643423e-05,0.00010212442,9.7780656e-05,8.621027e-06,3.0327301e-05,2.7367281e-05,3.2520988e-05,3.2107255e-05,0.00022141745,0.0014104244,3.9083266e-06,5.8155365e-07,0.00051992346,2.464412e-05,0.0028209665,0.00019762924,0.0015594177,0.0006982227,0.00023506678,9.1752874e-05,0.0013650137,3.553225e-06,3.6945883e-05,3.3507138e-05,0.000108459586,6.970466e-05,1.8597804e-05,0.005297792,0.0014736671,0.0011579164,1.5104368e-05,0.00046629037,0.0002936854,0.03628688,0.0027892035,6.410529e-05,0.00025015263,0.95732737,0.0011664517,0.02596555,0.03454008,8.248859e-05,0.00063856156,0.00021127448,0.00013931874,0.0020154093,0.00017713166,4.0059946e-05,0.0008757193,0.004442785,2.814072e-05,0.00016666565,7.061785e-05,0.00055622135,0.0010367967,0.0015721748,0.0005465478,0.00038846827,0.00082211173,0.0009530526,0.00024492468,0.00035061772,0.00031604615,0.010519323,1.4798643e-05,0.000339515,0.00023684293,0.0004967947,5.205465e-06,0.030159703,7.067201e-05,0.00041288175,0.0003711444,0.0007333366,0.0001330734,4.783821e-07,0.0066526514,0.00251647,7.5312496e-06,0.0002735758,1.7276296e-05,0.002867167,7.936317e-05,0.002203175,8.8512665e-05,7.204015e-07,0.00031954583,1.0085053e-05,0.030002363,0.0003230146,0.00028790673,8.246066e-05,0.0007100655,0.00012646613,0.0022612594,0.0031784459,0.0002842915,0.00018167376,0.0012685601,0.0007409496,0.008002649,0.003000947,6.154229e-05,0.0005769815,9.664582e-05,0.0033470544,0.0008901958,0.00028788147,4.347299e-05,0.0070653474,0.0033955728,1.5522684e-05,0.0001236306,3.4568027e-05,0.0030051756,0.00012068727,8.460497e-05,7.965053e-05,6.44663e-05,0.00127162,0.0018627589,4.187822e-05,0.003945941,0.00472959,0.00014854032,9.416044e-05,3.15517e-05,0.0005671543,3.722357e-05,0.0001491846,0.00027789158,6.879547e-05,0.00082214846,0.0009574836,0.008506894,0.0006613784,0.00079557375,0.0010429507,0.00095409644,1.8220087e-05,0.00013676898,0.00010421214,4.5689494e-06,0.00071486575,0.00042081362,0.0029692673,0.0020732582,0.00012313046,4.193893e-05,0.0011089921,0.0011558463,0.0029118848,0.00022890113,0.04100754,0.00046688167,0.002624154,0.0010676469,9.9016586e-05,0.00012663375,0.0013507329,4.0073946e-06,0.00063014345,0.0010072965,0.00070028054,0.0002872783,0.081417665,0.00021141232,0.0004143996,1.9575273e-05,0.0019414823,4.241812e-06,0.000706419,0.00017342338,0.0014668823
