row_id,1161364,116570,1176823,1491113,1595929,209233,22930,22956,22961,22967,22973,22983,22985,23150,23154,23158,23176,23724,24279,24285,24287,24321,244024,25073,25092,25214,326272,41970,43435,47144,47158son01,47158son02,47158son03,47158son04,47158son05,47158son06,47158son07,47158son08,47158son09,47158son10,47158son11,47158son12,47158son13,47158son14,47158son15,47158son16,47158son17,47158son18,47158son19,47158son20,47158son21,47158son22,47158son23,47158son24,47158son25,476521,516975,517063,555123,555145,555146,64898,65377,65380,66971,67107,67252,70711,738183,74113,74580,760266,ashgre1,astcra1,bafcur1,baffal1,banana,barant1,batbel1,baymac,bbwduc,bcwfin2,bkcdon,bkhpar,blchaw1,blheag1,blttit1,bncfly,bobfly1,brcmar1,brnowl,bucmot4,bucpar,bufpar,bunibi1,burowl,camfli1,chacha1,chbmoc1,chobla1,chvcon1,cibspi1,coffal1,compau,compot1,crbthr1,crebec1,dwatin1,epaori4,eulfly1,fabwre1,fepowl,ficman1,flawar1,fotfly,fusfly1,gilhum1,giwrai1,glteme1,grasal3,greani1,greant1,greela,grekis,grepot1,gretho2,greyel,grfdov1,grhtan1,gycwor1,horscr1,houspa,hyamac1,larela1,lesela1,lesgrf1,limpki,linwoo1,litcuc2,litnig1,mabpar,magant1,magtan2,masgna1,nacnig1,ocecra1,oliwoo1,orbtro3,orwpar,osprey,pabspi1,palhor3,paltan1,phecuc1,picpig2,pirfly1,plasla1,platyr1,plcjay1,pluibi1,purjay1,pvttyr1,ragmac1,rebscy1,recfin1,redjun,relser1,rinkin1,rivwar1,roahaw,rubthr1,rufcac2,rufcas2,rufgna3,rufhor2,rufnig1,ruftho1,ruftof1,rumfly1,ruther1,rutjac1,sabspa1,saffin,saytan1,scadov1,schpar1,scther1,shcfly1,shshaw,shtnig1,sibtan2,smbani,smbtin1,sobcac1,sobtyr1,socfly1,sofspi1,souant1,soulap1,souscr1,spbant3,spispi1,sptnig1,squcuc1,stbwoo2,strcuc1,strher2,strowl1,swthum1,swtman1,tattin1,thlwre1,toctou1,trokin,trsowl,undtin1,varant1,watjac1,wesfie1,wfwduc1,whbant2,whbwar2,whiwoo1,whlspi1,whnjay1,whtdov,whwpic1,y00678,yebcar,yebela1,yecmac,yecpar,yehcar1,yeofly1
BC2026_Train_0002_S08_20250607_030007_000,4.2409865e-06,0.026596453,5.875005e-05,0.0069466336,4.3855755e-07,3.2160365e-08,1.295897e-07,2.4100586e-07,1.3280451e-05,0.0008079916,5.168034e-05,5.6960594e-06,1.32198475e-05,1.4530364e-07,6.3491416e-07,2.5052163e-05,3.4569837e-07,1.04835294e-07,0.00022191538,6.652764e-05,1.0888168e-05,0.0011806581,9.845688e-06,9.565863e-09,1.2979035e-06,8.652795e-08,7.56633e-06,4.081646e-06,0.0004651971,0.0010331583,0.0008737589,0.0017274242,0.024898289,2.4731207e-05,0.0022107216,0.0034354778,0.00015211031,2.4727386e-05,6.8826375e-05,0.4697384,0.0012212285,0.00025770257,0.8972054,0.0044527487,0.050260734,0.052626286,0.9635504,0.011040636,8.626735e-05,6.7308136e-08,0.5912266,0.83701223,0.8845671,0.0018445108,0.9804474,1.8607083e-06,0.0071830917,0.0122136995,9.345385e-07,3.9475312e-06,0.000319224,4.844913e-07,8.195722e-05,6.972287e-05,0.00013286331,3.5354158e-05,5.349495e-05,2.953594e-06,1.2549241e-06,5.99775e-07,2.5107106e-06,2.9238012e-07,6.687934e-05,2.8795776e-06,2.3854798e-06,1.1717259e-05,7.4345306e-05,1.8026789e-05,3.5007426e-05,7.0251794e-05,5.2836065e-05,1.1680983e-06,0.00010291255,1.2683922e-05,6.4517405e-07,1.0296161e-06,3.5845602e-08,1.1543206e-05,0.0004572026,7.318321e-08,6.4687505e-05,1.1986672e-05,5.425617e-06,1.7985474e-05,0.00013249881,3.0925552e-05,6.5083254e-06,0.0025782173,2.6435728e-05,1.885241e-05,4.0302366e-06,3.1836435e-06,6.87474e-05,0.00073375256,0.00071559346,5.236785e-05,4.098977e-05,1.1498461e-06,0.00034342552,5.3461703e-05,3.5478686e-05,1.543472e-05,1.1915856e-06,1.1955538e-06,1.2959508e-05,1.9123947e-06,0.00022532072,2.0145662e-06,2.045089e-06,0.00017623071,4.779416e-06,1.5021052e-05,6.249354e-07,0.0013271101,3.0391604e-05,7.150808e-05,8.2516286e-05,2.1780615e-05,5.4588913e-06,4.5068055e-06,1.085763e-05,0.0006646164,1.5369784e-05,3.0630615e-06,5.8675128e-06,9.884701e-07,6.727259e-05,6.86392e-06,3.1051823e-06,8.829717e-06,1.7523686e-06,3.893523e-05,1.2654152e-05,4.080459e-05,2.4870938e-06,5.017194e-06,1.0105493e-05,8.609061e-07,2.1566364e-05,7.707375e-07,3.6099304e-06,0.00013049178,6.020498e-05,7.3246565e-06,0.00010301181,0.00093950203,3.4701497e-05,6.4967446e-07,8.458489e-05,1.8887454e-06,1.5173406e-05,4.3009127e-06,0.00031627464,8.05256e-09,3.9349253e-08,0.0006807071,4.226422e-05,5.001736e-05,2.8847587e-06,2.6760323e-05,0.00012441218,2.689038e-05,5.5126447e-06,1.7638551e-05,0.00024308146,7.532421e-06,2.6989624e-06,1.1242847e-06,2.4522353e-05,2.731686e-06,8.414178e-05,1.5400593e-06,5.258669e-05,0.0002589715,1.7729844e-06,1.3479838e-05,1.2771825e-05,1.0906125e-05,4.436954e-05,5.5773603e-06,2.5427527e-05,2.8436498e-05,2.269725e-06,7.399921e-05,0.000119489036,6.9828006e-05,2.013653e-05,6.022235e-07,1.9996692e-07,6.6294335e-05,6.1944725e-06,1.0058754e-05,5.8035143e-06,4.3325003e-06,5.9460314e-07,1.8617164e-05,2.5287134e-06,2.2406188e-05,4.7619487e-05,0.0002847198,9.568674e-07,0.00026935327,0.00033328478,0.0007685042,0.00017684864,0.00010958755,3.7782636e-06,8.483894e-05,3.2496346e-06,0.0001813617,5.0756616e-06,4.162391e-06,0.00016346065,2.4308365e-06,2.3052693e-05,0.00090138405,1.6455499e-05,2.127971e-05,0.00017021906,4.4324417e-05,1.4250751e-06,0.000102509795,7.592156e-06,0.00010217935
BC2026_Train_0002_S08_20250607_030007_005,4.443218e-06,0.02548786,5.2610467e-05,0.007634197,4.9228004e-07,2.8763665e-08,2.1679993e-07,4.673049e-07,2.2876335e-05,0.0009815459,0.00012578315,3.819994e-06,1.3341039e-05,1.8352728e-07,4.4831586e-07,2.521145e-05,3.8528233e-07,1.549949e-07,0.00032720415,7.324478e-05,1.9886378e-05,0.0016389833,1.0110138e-05,1.2720878e-08,2.302752e-06,2.0461512e-07,1.1368074e-05,5.541245e-06,0.0008747431,0.000753514,0.0015323609,0.0021272465,0.060791813,3.1859956e-05,0.002228182,0.0048792153,0.00012556695,2.3907089e-05,9.602593e-05,0.52027947,0.0019828046,0.00030200125,0.89794767,0.00408933,0.06406239,0.057832908,0.97176164,0.013528909,0.00012264102,7.600175e-08,0.6523187,0.8523253,0.90689975,0.0026932647,0.9805444,2.3561372e-06,0.0049025267,0.012470137,6.533521e-07,8.000731e-06,0.00038757015,4.2159627e-07,0.0001529762,0.00022123425,0.00019403566,4.0768886e-05,5.7584944e-05,3.194269e-06,5.92607e-07,9.235001e-07,1.0119022e-06,2.530496e-07,9.1261696e-05,4.1980666e-06,1.5013113e-06,4.86853e-06,5.438056e-05,2.1476711e-05,2.8329201e-05,7.537381e-05,7.863208e-05,2.2702272e-06,8.970405e-05,2.7624274e-05,5.750245e-07,7.4802745e-07,5.4226465e-08,1.6954917e-05,0.00043272902,1.3352388e-07,8.889568e-05,1.0075171e-05,7.5858165e-06,4.2505522e-05,0.00014198005,3.300212e-05,6.297579e-06,0.0023172903,3.974802e-05,1.933169e-05,8.531997e-06,4.292664e-06,3.8144368e-05,0.0006057188,0.0011476163,8.594088e-05,5.4764994e-05,1.278214e-06,0.0001956829,3.9145023e-05,5.0194583e-05,1.6449081e-05,1.8024219e-06,2.0402094e-06,1.4225618e-05,4.666049e-06,0.00015348977,1.9885663e-06,2.7374808e-06,0.0001604188,4.646546e-06,3.7107566e-05,7.595507e-07,0.0016920287,2.2347163e-05,9.3390954e-05,6.996918e-05,1.4380845e-05,5.954117e-06,2.2817005e-06,8.578846e-06,0.00051176304,1.4690569e-05,4.732261e-06,7.25967e-06,1.3331642e-06,5.6926314e-05,6.715054e-06,2.6818361e-06,1.629728e-05,2.2894342e-06,5.065317e-05,1.119262e-05,3.365599e-05,1.2931233e-06,4.17413e-06,1.0938593e-05,6.5890674e-07,1.4215218e-05,8.489496e-07,9.770335e-06,0.00012737297,2.9041536e-05,7.914032e-06,5.2279232e-05,0.0007042818,4.6331777e-05,8.018102e-07,4.0915605e-05,2.6778134e-06,1.2490423e-05,7.954384e-06,0.00018352365,6.4172205e-09,7.5870815e-08,0.0005222515,3.600749e-05,3.6140864e-05,6.9411276e-06,3.7530142e-05,0.00015539715,4.222003e-05,4.738032e-06,9.686337e-06,0.00046154208,1.1625167e-05,7.2484213e-06,1.03225e-06,3.5031637e-05,1.5297633e-06,7.28617e-05,2.0264724e-06,5.3427957e-05,0.00038568198,1.1020262e-06,2.301836e-05,8.96083e-06,1.2926761e-05,2.3761235e-05,6.376694e-06,2.371225e-05,1.978595e-05,4.2534216e-06,9.696078e-05,9.783904e-05,9.214323e-05,3.0638843e-05,6.60833e-07,3.17553e-07,9.967906e-05,4.076076e-06,1.3940845e-05,6.0461384e-06,4.302993e-06,5.2645174e-07,2.4651687e-05,1.5403282e-06,4.050942e-05,2.9563576e-05,0.00014719409,9.552846e-07,0.00019080425,0.0002643482,0.00046494594,0.00021270837,0.00019162854,5.458886e-06,5.3795142e-05,3.418463e-06,0.00025063392,4.046493e-06,5.70683e-06,9.769276e-05,2.6644245e-06,1.2631544e-05,0.0010884176,2.0410644e-05,2.295133e-05,0.00013351036,4.249089e-05,2.4019366e-06,8.6264554e-05,6.3840444e-06,9.008329e-05
BC2026_Train_0002_S08_20250607_030007_010,2.9552054e-06,0.03531315,5.2748914e-05,0.0050634486,6.509427e-07,3.2276695e-08,2.545017e-07,6.107919e-07,8.855176e-06,0.0010272543,6.868567e-05,5.309961e-06,1.4780421e-05,2.3896436e-07,4.29557e-07,1.2840338e-05,2.6638784e-07,1.3439468e-07,0.00021939121,6.674854e-05,8.165536e-06,0.0013512012,1.0930563e-05,1.2858779e-08,7.035309e-07,9.490773e-08,6.9036437e-06,4.227407e-06,0.00059381826,0.0016183926,0.00067150337,0.0019981063,0.046012454,2.7245671e-05,0.0022234248,0.004172875,0.00019777042,3.487614e-05,6.82697e-05,0.5148111,0.00080431433,0.00025619077,0.8900258,0.0042018327,0.06373753,0.06477285,0.9712613,0.0136965485,9.160767e-05,8.271607e-08,0.651108,0.8971796,0.9140845,0.0019845539,0.98616797,2.1288083e-06,0.014454012,0.009952352,8.457907e-07,3.301564e-06,0.00023948765,3.7317855e-07,0.00010498143,0.00015005386,0.000105036816,3.056361e-05,5.7041845e-05,2.0442333e-06,9.722983e-07,1.0483785e-06,1.6405342e-06,3.5810245e-07,6.31015e-05,3.4736138e-06,1.9181557e-06,6.285807e-06,3.1492542e-05,1.6253276e-05,3.124804e-05,8.025979e-05,0.00010620633,1.0677466e-06,4.9848077e-05,2.0654106e-05,5.831437e-07,8.718496e-07,3.8954887e-08,1.558256e-05,0.00035012755,6.589747e-08,7.5435506e-05,1.1018592e-05,7.7651e-06,4.5955367e-05,0.0001477508,3.2922966e-05,6.6537045e-06,0.003720462,5.5835648e-05,1.8122437e-05,4.430896e-06,5.175986e-06,6.401836e-05,0.00052099954,0.0017490468,8.666164e-05,6.657982e-05,1.6278327e-06,0.00016216622,4.99053e-05,6.9300695e-05,1.7512524e-05,1.1684369e-06,2.433434e-06,1.0134561e-05,3.860621e-06,0.00015199113,4.4351573e-06,1.9038965e-06,0.00012286681,4.7640033e-06,2.24042e-05,9.890792e-07,0.0023115957,2.0569427e-05,8.3779494e-05,0.00010530126,2.089661e-05,3.4285254e-06,2.9445464e-06,6.1882433e-06,0.0009181232,2.040321e-05,3.345034e-06,4.6649548e-06,1.0432143e-06,0.00011648434,7.0737233e-06,2.4391568e-06,1.5339412e-05,3.0333174e-06,5.028321e-05,6.710977e-06,7.1045884e-05,9.243981e-07,3.9598613e-06,1.2085467e-05,6.361931e-07,2.7227827e-05,1.4592955e-06,3.4788784e-06,0.000106674044,1.4460456e-05,6.936866e-06,5.069753e-05,0.0005044259,4.895512e-05,5.368509e-07,0.000118438584,2.3149946e-06,2.085357e-05,5.935437e-06,0.0002602147,5.599047e-09,8.2148176e-08,0.0006712196,3.5920442e-05,2.2415441e-05,2.9779235e-06,2.3468496e-05,0.00017427359,4.4868822e-05,6.3264492e-06,1.8292303e-05,0.0005197357,1.1437813e-05,3.4617779e-06,8.1607345e-07,1.8841914e-05,2.1834271e-06,6.262224e-05,2.2964841e-06,5.0752144e-05,0.00022707693,1.098047e-06,2.0936406e-05,1.5552245e-05,9.298026e-06,4.802976e-05,7.791776e-06,3.066439e-05,4.0129653e-05,2.6563132e-06,0.00012293138,5.5576096e-05,0.0001111642,4.5321045e-05,5.643162e-07,2.8244668e-07,8.845057e-05,2.864571e-06,1.4522717e-05,5.564164e-06,3.591066e-06,4.238126e-07,3.5375913e-05,2.1385817e-06,3.7736285e-05,3.1447435e-05,0.00020186904,1.3338839e-06,0.00041023703,0.0003006754,0.00061794056,0.00018323268,0.00015627638,5.0111157e-06,5.518539e-05,2.0292593e-06,0.00026036188,6.561704e-06,6.070231e-06,0.00018781354,3.2049272e-06,2.0631704e-05,0.0015203368,2.1226262e-05,2.4316445e-05,0.00026903633,3.4687208e-05,9.5227097e-07,0.00013632617,9.0358835e-06,8.2041435e-05
BC2026_Train_0002_S08_20250607_030007_015,7.889113e-06,0.015596565,1.3948027e-05,0.0063110027,6.4533094e-07,1.5219786e-08,1.9138348e-07,2.8569568e-07,1.718844e-05,0.0008375044,5.5142304e-05,2.1821782e-06,1.417681e-05,1.304348e-07,3.330038e-07,1.8915765e-05,2.5515007e-07,9.8078566e-08,0.00044621006,2.4593031e-05,2.5182973e-05,0.0019779745,1.00555035e-05,8.0020355e-09,3.975382e-06,1.7908278e-07,1.332737e-05,6.056873e-06,0.00032750278,0.00016130092,0.00096000487,0.0017596169,0.045461144,3.729243e-05,0.0012838673,0.0036251352,0.00020829361,3.6491518e-05,0.00012416745,0.35079205,0.0013744086,0.0003804735,0.7357304,0.002983304,0.111300826,0.12619306,0.9556835,0.013042666,0.00011197787,5.0559084e-08,0.37159756,0.6625384,0.8345615,0.0025177584,0.9635919,1.2921963e-06,0.009409073,0.013660382,1.0877817e-06,8.579468e-06,0.0002983598,8.296745e-07,0.0001372707,0.00014591933,0.0001034324,1.0747348e-05,5.0729454e-05,1.6901535e-06,2.6741208e-07,1.0431665e-06,1.6300729e-06,1.9498219e-07,0.00017849683,3.4678512e-06,1.2827923e-06,1.27667845e-05,9.335668e-05,2.1563215e-05,3.341511e-05,6.632247e-05,3.0589268e-05,1.6745571e-06,2.3458137e-05,1.2815174e-05,5.939395e-07,1.0820137e-06,8.872024e-08,1.8961622e-05,0.0003488805,1.3586867e-07,8.5870844e-05,8.5803595e-06,3.3782792e-06,7.1750037e-06,0.00010041213,2.6765632e-05,8.422101e-06,0.0030263069,1.985286e-05,9.641353e-06,1.644872e-05,4.15811e-06,3.5987785e-05,0.000644985,0.0006777908,6.8958034e-05,2.9300136e-05,1.4617874e-06,0.0009188452,4.962847e-05,2.7068347e-05,1.9694684e-05,1.2849827e-06,1.9261277e-06,8.904148e-06,4.7462677e-06,0.00012031876,2.6693535e-06,2.4908418e-06,0.00015041,3.5471885e-06,3.373275e-05,1.2654182e-06,0.0019104533,2.951124e-05,5.4182354e-05,2.70636e-05,1.2064358e-05,6.2562035e-06,3.199986e-06,5.0204912e-06,0.0005490805,8.069728e-06,4.768153e-06,5.0400595e-06,2.27516e-06,0.00011296239,7.386548e-06,4.410609e-06,8.061129e-06,1.3419797e-06,7.810307e-05,1.9380072e-05,3.275039e-05,1.7300528e-06,3.2260402e-06,1.6689035e-05,7.077644e-07,1.725035e-05,7.2529315e-07,7.997855e-06,0.00027419886,4.927431e-05,1.26505565e-05,8.48417e-05,0.0008084398,3.0301804e-05,9.151589e-07,5.8863607e-05,2.6312543e-06,5.6126833e-06,4.3229497e-06,8.646344e-05,7.3584046e-09,6.955674e-08,0.00050785026,3.6360627e-05,5.9605107e-05,7.4093223e-06,3.0674804e-05,8.274842e-05,1.7539602e-05,1.4895747e-05,1.1427749e-05,0.00020672145,1.6641405e-05,7.541621e-06,1.6458638e-06,6.397661e-05,3.848112e-06,5.1013052e-05,8.223602e-07,3.7188835e-05,0.00012483716,9.603158e-07,1.0690543e-05,1.3530956e-05,1.6604974e-05,1.9949443e-05,4.8957204e-06,4.4581942e-05,2.0414322e-05,4.6977502e-06,5.7591977e-05,0.0001547979,6.722802e-05,1.9729085e-05,1.2094135e-06,2.0437993e-07,2.2156497e-05,7.4465474e-06,7.860214e-06,5.900288e-06,3.188833e-06,7.5470575e-07,1.3542058e-05,1.7516084e-06,5.7429363e-05,5.6216908e-05,0.0001192268,9.854525e-07,0.00036813345,0.00014689741,0.00051544997,0.0001053978,0.00027992658,4.8762245e-06,3.2953372e-05,8.472572e-06,0.00010232932,3.2625899e-06,5.0456188e-06,0.00021469152,3.806938e-06,6.6333223e-06,0.0012981966,2.4379462e-05,5.12644e-05,6.2580686e-05,5.1688578e-05,1.5255191e-06,4.0019095e-05,4.553655e-06,9.454155e-05
BC2026_Train_0002_S08_20250607_030007_020,4.085926e-06,0.019845882,3.8568232e-05,0.0046021263,4.0418655e-07,1.3677738e-08,1.7792722e-07,3.0453938e-07,2.0764921e-05,0.00084173464,7.8629004e-05,2.9959122e-06,1.2122461e-05,1.3056946e-07,4.2377502e-07,2.5390042e-05,3.236476e-07,1.4458374e-07,0.00040542072,4.4578763e-05,2.0761616e-05,0.0016672115,1.0961598e-05,9.051682e-09,2.392748e-06,1.09028306e-07,8.940157e-06,5.058468e-06,0.0006235809,0.00041511786,0.0011664729,0.0020018886,0.067676865,3.308796e-05,0.0019135582,0.004277278,0.00013594427,2.313773e-05,0.00012716254,0.47855812,0.0015470299,0.00033216347,0.8602067,0.0044621457,0.084175296,0.069596164,0.9628125,0.016099196,0.000120303506,5.5774116e-08,0.52719855,0.78811234,0.8856194,0.0024901729,0.97860456,1.9939805e-06,0.0053484305,0.011830934,9.402393e-07,5.5939536e-06,0.00042163278,4.9700765e-07,0.00018613097,0.00020795781,0.00016625138,1.8262253e-05,5.06838e-05,1.9652302e-06,4.556143e-07,7.072233e-07,1.0092299e-06,2.3696323e-07,9.8350894e-05,2.4447575e-06,1.1912823e-06,5.2780883e-06,5.8304828e-05,1.7274564e-05,3.0843825e-05,4.6704095e-05,5.438025e-05,1.4029614e-06,3.923266e-05,1.7767788e-05,4.218299e-07,7.4486536e-07,7.847834e-08,1.401845e-05,0.00039615127,1.5656177e-07,7.4075535e-05,1.3547431e-05,4.8207344e-06,1.4058198e-05,0.00015270339,2.1744398e-05,7.2646008e-06,0.0015757701,3.522906e-05,1.2955603e-05,8.8741035e-06,3.7996258e-06,3.7503843e-05,0.00045029816,0.00086087035,8.908068e-05,6.043455e-05,8.572798e-07,0.00034954137,5.4432705e-05,2.7768065e-05,1.3935223e-05,1.0585719e-06,2.337347e-06,1.1254766e-05,4.988491e-06,0.00016566904,1.924589e-06,2.720408e-06,0.00017759741,4.995327e-06,3.089873e-05,1.2613181e-06,0.0020649661,2.1063111e-05,8.028567e-05,3.7930142e-05,1.0601343e-05,6.515716e-06,4.693299e-06,1.0587107e-05,0.0002899479,1.1124069e-05,5.3238646e-06,4.7358053e-06,1.5557588e-06,5.9504404e-05,5.202914e-06,2.8632926e-06,9.328331e-06,1.555048e-06,5.811488e-05,1.5168037e-05,3.2841966e-05,1.2658429e-06,3.1094523e-06,1.1478374e-05,6.463281e-07,1.6149448e-05,5.8575495e-07,5.8246446e-06,0.00019705459,3.51374e-05,9.464194e-06,6.0727853e-05,0.0009141088,3.2466698e-05,7.805667e-07,4.00927e-05,2.3254963e-06,9.186249e-06,5.9834265e-06,0.00011712477,8.758244e-09,6.556173e-08,0.00058376096,3.9881215e-05,4.3017782e-05,1.15583525e-05,3.160229e-05,0.0001603772,2.3236906e-05,7.086154e-06,7.3504298e-06,0.0003529002,9.468951e-06,3.7117811e-06,1.8222582e-06,4.4477696e-05,2.4787637e-06,5.9465212e-05,1.5719899e-06,3.902058e-05,0.00024215895,1.2220452e-06,1.9218605e-05,7.1207564e-06,1.3507118e-05,2.415512e-05,5.8035307e-06,2.156198e-05,1.8845094e-05,3.7703303e-06,7.394137e-05,0.00010340509,8.241696e-05,2.1844477e-05,9.693921e-07,2.4571617e-07,4.7101454e-05,7.412404e-06,1.098108e-05,6.735155e-06,5.338069e-06,5.9248896e-07,2.0208188e-05,1.2273324e-06,4.206875e-05,2.64939e-05,0.00012638114,1.0379567e-06,0.0002771132,0.00015031463,0.0006102959,0.00017197609,0.00018460369,4.040793e-06,4.6689267e-05,3.863147e-06,0.00013863534,3.7704992e-06,5.6486556e-06,0.000109540226,3.3097165e-06,9.00847e-06,0.0012637465,1.6001863e-05,2.9532157e-05,6.749897e-05,5.2765972e-05,1.7936168e-06,5.9001246e-05,5.328466e-06,9.357691e-05
BC2026_Train_0002_S08_20250607_030007_025,5.258449e-06,0.027808744,5.711391e-05,0.006099519,6.8957013e-07,4.584233e-08,5.0576637e-07,7.483314e-07,2.6770354e-05,0.0012420984,0.00012186475,6.1021365e-06,2.2689439e-05,2.687069e-07,6.92106e-07,4.655411e-05,6.1412703e-07,2.6288538e-07,0.0005023691,9.039522e-05,2.6073094e-05,0.0019208174,2.0648868e-05,2.6565026e-08,2.9348437e-06,2.710428e-07,1.4703127e-05,9.168457e-06,0.00087224663,0.0010563803,0.0016427397,0.003097586,0.07634458,4.4945005e-05,0.0031316488,0.0068674847,0.00033875232,7.120453e-05,0.00015202403,0.53710234,0.0018359544,0.0003773378,0.8759612,0.0085059125,0.10582517,0.08248189,0.960994,0.019654678,0.00020905344,1.6304784e-07,0.61722356,0.814279,0.90934956,0.0041999994,0.9818388,4.4201593e-06,0.0129144415,0.016292172,1.8882229e-06,9.342941e-06,0.000503926,8.5000266e-07,0.0001821162,0.0001995032,0.00020489513,3.357213e-05,6.744763e-05,3.6018594e-06,1.2364336e-06,1.4932435e-06,2.4351057e-06,6.606465e-07,0.00020452563,4.330435e-06,3.6762851e-06,2.0021123e-05,8.7381755e-05,2.4026625e-05,5.3009222e-05,6.359856e-05,8.751168e-05,2.8024408e-06,7.956694e-05,3.1286472e-05,5.765274e-07,1.4220706e-06,1.3714669e-07,2.5780915e-05,0.0006179679,1.4695252e-07,0.00018103325,1.6105032e-05,1.2793878e-05,3.6940175e-05,0.0002179073,2.9802006e-05,6.8615245e-06,0.0037148374,6.310932e-05,1.8436383e-05,1.5961687e-05,8.393917e-06,6.622098e-05,0.0009222553,0.0009793632,8.989451e-05,9.5686526e-05,2.072488e-06,0.00036579047,0.00013152175,3.696851e-05,2.403231e-05,2.284152e-06,4.014437e-06,1.646468e-05,8.108995e-06,0.00015078262,3.8742633e-06,4.299896e-06,0.0002542703,7.1816225e-06,3.9042538e-05,2.0513555e-06,0.002021296,4.9378978e-05,0.00014128115,8.51691e-05,2.1079004e-05,7.0911833e-06,7.803056e-06,1.2502006e-05,0.0009337015,3.1119183e-05,9.894483e-06,8.018706e-06,2.6397172e-06,0.00011327455,1.1235827e-05,4.4221156e-06,1.8151703e-05,5.4679203e-06,9.561802e-05,2.459493e-05,4.781169e-05,2.6589466e-06,4.743987e-06,1.3795906e-05,9.647291e-07,4.889181e-05,1.7964569e-06,6.7455426e-06,0.00024083133,4.579346e-05,1.42184435e-05,0.00012594985,0.0008715566,9.5990676e-05,1.0501237e-06,7.3468844e-05,3.7101108e-06,2.8456298e-05,7.908531e-06,0.0002287046,1.9293081e-08,1.2028738e-07,0.0011111283,7.3525196e-05,6.215265e-05,1.5064463e-05,4.7624028e-05,0.00019108281,3.880164e-05,9.473756e-06,1.6440612e-05,0.0005023427,2.1783439e-05,5.1651978e-06,2.306816e-06,4.6741345e-05,2.7475082e-06,9.496849e-05,2.8620912e-06,8.547926e-05,0.00045252868,2.1872056e-06,2.4951258e-05,1.950175e-05,2.0927102e-05,4.67569e-05,1.07140795e-05,4.0629046e-05,4.0736046e-05,4.0210807e-06,8.986905e-05,0.00017530959,0.00010787054,4.1166793e-05,3.2982723e-06,3.5929838e-07,6.167071e-05,8.703627e-06,1.7777178e-05,7.917557e-06,6.709767e-06,1.214952e-06,3.2521824e-05,3.1454335e-06,4.4619843e-05,6.451593e-05,0.00030190076,2.390586e-06,0.00038677015,0.00033870063,0.0006551941,0.00033353653,0.00016429414,1.31321285e-05,6.214252e-05,5.201847e-06,0.00024119897,1.230972e-05,1.3311872e-05,0.0003689927,5.1138068e-06,2.2527154e-05,0.002562762,3.787238e-05,2.365357e-05,0.0001131066,6.543137e-05,2.1921214e-06,0.00013465875,1.4273929e-05,0.00015072944
BC2026_Train_0002_S08_20250607_030007_030,3.549158e-06,0.031691175,3.0286174e-05,0.0042150496,1.2316322e-06,5.7632132e-08,4.4270257e-07,4.980244e-07,2.0496038e-05,0.0009869161,8.777394e-05,3.5791336e-06,1.8617466e-05,3.412039e-07,4.197484e-07,2.0325042e-05,3.0227926e-07,1.9569214e-07,0.0005031763,0.00010261661,1.537679e-05,0.002661147,1.2244179e-05,1.3798982e-08,1.2698646e-06,1.6956396e-07,1.236667e-05,7.216789e-06,0.0005757183,0.0006386957,0.001268583,0.0026332366,0.0501505,5.4938966e-05,0.0031893528,0.005544291,0.00022379904,3.9139126e-05,0.000119464195,0.5231045,0.00195413,0.00044270797,0.9229211,0.00523592,0.1138839,0.10909439,0.9726567,0.014524805,0.00013808846,1.2588661e-07,0.71233153,0.89945,0.9232659,0.0045473115,0.98430324,2.1883216e-06,0.010788622,0.018157616,1.0097949e-06,7.1843015e-06,0.00064138765,5.0686486e-07,0.00011917565,0.00021404443,0.0002153482,5.612954e-05,4.7876983e-05,3.0934773e-06,1.1506588e-06,5.967197e-07,1.549259e-06,6.6418096e-07,0.00011783141,6.4403885e-06,2.1893006e-06,1.0069802e-05,5.7910736e-05,2.9875759e-05,4.5544304e-05,7.7237826e-05,7.2440685e-05,2.4417657e-06,5.062545e-05,3.6289577e-05,9.8609e-07,1.5115475e-06,6.688913e-08,2.0781068e-05,0.00036040533,8.2582076e-08,0.00010252681,8.069544e-06,8.237195e-06,3.4261302e-05,0.000111410176,3.257018e-05,6.117e-06,0.0066144587,2.8773715e-05,1.834975e-05,7.935457e-06,6.5457475e-06,7.2994524e-05,0.00058939104,0.0013723138,0.00014848821,5.9908776e-05,1.383821e-06,0.00033389637,4.750383e-05,0.00010420647,2.0464768e-05,1.2590119e-06,2.7336355e-06,1.4405399e-05,5.7422285e-06,0.00020819572,6.7739325e-06,2.4957494e-06,0.00020995135,6.14097e-06,4.3149794e-05,1.3237093e-06,0.0016177617,2.7736014e-05,0.0001637213,7.767783e-05,2.367219e-05,4.601917e-06,4.267455e-06,7.2425546e-06,0.0008381618,2.5546284e-05,8.588882e-06,6.4295878e-06,1.5209203e-06,0.00015483555,1.3619923e-05,2.7261663e-06,1.6116725e-05,3.0067315e-06,8.759091e-05,1.1621964e-05,6.292795e-05,1.9166216e-06,4.398952e-06,1.4361192e-05,9.418915e-07,2.7350769e-05,7.984032e-07,7.070176e-06,0.00017510894,2.2614026e-05,1.1743303e-05,4.6455654e-05,0.0008851484,5.6251232e-05,9.80113e-07,0.00013738044,3.783073e-06,2.0865406e-05,7.832632e-06,0.0003610828,1.1587219e-08,1.4376509e-07,0.0006465698,4.1567513e-05,4.552112e-05,3.6481422e-06,2.9497567e-05,0.00015077199,4.4269415e-05,9.015586e-06,1.235275e-05,0.00038885063,9.2269975e-06,5.683075e-06,1.2056673e-06,3.0057514e-05,2.6754267e-06,5.6160487e-05,2.630878e-06,3.269924e-05,0.00028624295,1.6493159e-06,2.7295295e-05,2.5734245e-05,1.1790871e-05,3.0427214e-05,8.444185e-06,5.0142862e-05,3.355248e-05,4.9379682e-06,0.00011339905,8.7149834e-05,9.3704875e-05,5.8683137e-05,1.0097275e-06,2.7072167e-07,8.836508e-05,4.6839896e-06,1.5553209e-05,9.630758e-06,3.0106396e-06,5.641161e-07,3.3485096e-05,1.862061e-06,5.857411e-05,4.4571658e-05,0.00017327875,1.4772099e-06,0.00032129989,0.0006242436,0.00047956526,0.0002161513,0.00020511306,7.5663597e-06,7.504448e-05,4.495932e-06,0.0001877559,5.7490283e-06,1.0909215e-05,0.00017054398,6.7793226e-06,1.6783986e-05,0.0019110505,2.078628e-05,4.1078398e-05,0.00031093997,4.0945546e-05,1.8448292e-06,0.00011506387,7.196089e-06,7.43003e-05
BC2026_Train_0002_S08_20250607_030007_035,2.706938e-06,0.02437831,1.0741642e-05,0.004141033,4.874012e-07,1.3773186e-08,1.6839209e-07,1.8314333e-07,1.1952998e-05,0.0011178209,4.9760118e-05,2.5690813e-06,9.21111e-06,1.0931169e-07,2.5449515e-07,8.922789e-06,1.9262751e-07,9.638539e-08,0.00025478672,4.15967e-05,1.7551884e-05,0.0012866221,6.2754325e-06,5.560616e-09,1.1332118e-06,8.045779e-08,7.177248e-06,2.7392202e-06,0.00040194744,0.0003545641,0.0008141261,0.0014824922,0.06400693,2.7453307e-05,0.0013400345,0.002675757,0.00012691674,3.1172647e-05,9.19895e-05,0.4251418,0.0011533644,0.00021315523,0.8233628,0.002563925,0.10076867,0.08073987,0.9744999,0.015972622,0.00010740014,3.5019784e-08,0.5574763,0.7665572,0.875381,0.0027646376,0.9721246,1.7407194e-06,0.009351776,0.012299408,6.6188187e-07,5.8916344e-06,0.00041213538,2.6005398e-07,9.2977054e-05,9.727974e-05,0.00012108991,1.7697726e-05,4.2566448e-05,1.6154052e-06,4.5416576e-07,4.0008806e-07,4.2353417e-07,1.2975936e-07,0.00011284934,2.6789273e-06,1.6460834e-06,6.3469597e-06,6.218236e-05,1.4646531e-05,2.0919162e-05,5.0524985e-05,2.3778279e-05,1.1860847e-06,3.3203396e-05,1.780329e-05,5.113755e-07,6.2066493e-07,5.1091583e-08,2.2293456e-05,0.00041398883,6.4213744e-08,6.310072e-05,4.173047e-06,3.402808e-06,1.6467697e-05,0.00011402949,1.8599914e-05,2.7335104e-06,0.0046710446,2.7393186e-05,8.735167e-06,1.0217223e-05,2.6264183e-06,3.3658107e-05,0.0004970095,0.00068480993,4.5302073e-05,2.3308083e-05,1.0432472e-06,0.00042221014,3.6228445e-05,2.9631094e-05,1.7590022e-05,5.8607174e-07,1.9835923e-06,4.8022657e-06,4.521589e-06,7.0999085e-05,2.3355667e-06,1.2636332e-06,0.0001335511,3.4770012e-06,2.3335173e-05,7.0173036e-07,0.0016496779,2.2975419e-05,6.258975e-05,3.123204e-05,7.1083405e-06,3.5877931e-06,1.8906087e-06,5.0182557e-06,0.00035932809,1.2805218e-05,3.7673435e-06,3.3310846e-06,8.6342624e-07,6.968239e-05,5.6896197e-06,1.8154605e-06,9.74169e-06,1.3919094e-06,7.587379e-05,7.634019e-06,3.4696768e-05,9.015921e-07,2.5430354e-06,8.882647e-06,2.9842332e-07,1.3781665e-05,5.010013e-07,4.6099904e-06,0.00013900956,2.1634523e-05,6.511585e-06,6.1474304e-05,0.00048371786,3.2726693e-05,5.0276117e-07,5.572729e-05,2.2008983e-06,5.8883256e-06,3.2559253e-06,0.00014254231,4.508805e-09,4.5486793e-08,0.0007224613,5.5086544e-05,2.9818237e-05,4.0969257e-06,2.2288463e-05,6.250691e-05,1.7151517e-05,6.2631643e-06,6.5896725e-06,0.00027566758,6.0503435e-06,2.982454e-06,6.858299e-07,3.1167325e-05,1.3932148e-06,3.6136178e-05,8.1619413e-07,2.9846999e-05,0.0001292089,1.6389938e-06,1.01338555e-05,6.843325e-06,8.670323e-06,1.434385e-05,4.241177e-06,2.118321e-05,1.7107817e-05,2.663398e-06,6.979026e-05,9.244889e-05,5.064158e-05,2.0384869e-05,9.810593e-07,1.1558252e-07,3.576015e-05,3.2551714e-06,6.3324974e-06,2.7833569e-06,1.7641481e-06,3.2787045e-07,1.2590258e-05,1.0281404e-06,3.728464e-05,3.0399691e-05,0.00010517522,5.5974795e-07,0.00019958407,0.00018641746,0.0002947963,0.00018971399,0.00012918019,5.115685e-06,2.4901365e-05,3.762902e-06,8.500812e-05,3.2363293e-06,5.5565597e-06,0.00019809126,3.1536215e-06,5.7728284e-06,0.0012594435,1.9847861e-05,1.3894961e-05,0.00010292992,3.328357e-05,1.4264824e-06,5.291679e-05,3.359276e-06,5.0932802e-05
BC2026_Train_0002_S08_20250607_030007_040,1.0616995e-05,0.05704041,7.0642236e-05,0.006925754,2.0867496e-06,8.5420915e-08,1.2907922e-06,1.9177203e-06,4.664374e-05,0.0017673839,0.00019478136,1.09923e-05,2.6095951e-05,5.679243e-07,1.9231306e-06,4.5434506e-05,1.0722958e-06,7.325372e-07,0.0010654995,0.00024360002,2.7332853e-05,0.002210976,3.3186145e-05,6.825668e-08,8.740241e-06,7.725235e-07,5.714682e-05,1.2269545e-05,0.0025945911,0.001433264,0.001694909,0.005081314,0.14766642,0.0001052026,0.0033674976,0.009777932,0.0007164017,0.000116728734,0.0005734023,0.4636021,0.0035410493,0.0008516585,0.8069558,0.013055662,0.11710681,0.115874685,0.938956,0.032509893,0.00048287684,2.4361478e-07,0.47942224,0.67505085,0.8205957,0.0110538695,0.9726089,1.1788487e-05,0.023638204,0.03174259,2.8006987e-06,9.829578e-06,0.0013628275,1.0964419e-06,0.00026704275,0.00042356446,0.00040881973,6.376648e-05,7.64899e-05,7.2121516e-06,2.5730656e-06,5.4406855e-06,3.3867825e-06,3.4800996e-06,0.00011363828,5.8327046e-06,4.719664e-06,1.32036075e-05,0.00013383603,3.336766e-05,6.7376335e-05,0.00012659137,8.437825e-05,4.191578e-06,4.839892e-05,4.5438886e-05,1.7511525e-06,3.9415836e-06,4.740233e-07,5.939646e-05,0.0005830959,4.2314986e-07,0.00019520715,1.2567537e-05,1.3643206e-05,6.121253e-05,0.00024069657,5.8612386e-05,2.3974531e-05,0.008478113,6.254161e-05,1.4378266e-05,4.12542e-05,8.812085e-06,0.00015116787,0.0008351675,0.001202272,0.00014661194,7.484216e-05,6.2896925e-06,0.0006106313,7.410294e-05,3.7021957e-05,2.5615469e-05,2.8775767e-06,9.365653e-06,2.2291822e-05,1.1917166e-05,0.00013625599,2.6480742e-05,3.8144244e-06,0.00022870416,1.268916e-05,5.213406e-05,3.2828173e-06,0.0023791965,5.205835e-05,0.00021149217,0.00019224088,1.4925523e-05,6.7752508e-06,2.093277e-05,3.4503246e-05,0.0005962095,5.0088238e-05,2.0973954e-05,7.802349e-06,4.6441583e-06,0.0002599848,1.2535458e-05,5.4772786e-06,2.9739092e-05,4.9907653e-06,0.0001967071,1.5996078e-05,0.00011160774,7.913224e-06,1.0160652e-05,1.6001968e-05,1.833362e-06,9.936693e-05,5.814028e-06,1.1090417e-05,0.00020609268,6.545284e-05,1.9071775e-05,0.00015961486,0.00060532667,4.299629e-05,2.2271624e-06,0.00015574605,7.311906e-06,3.5903697e-05,1.3507595e-05,0.00029645642,3.27333e-08,3.9982754e-07,0.0012934493,0.00014645363,4.743208e-05,1.4238907e-05,6.992503e-05,0.00021103169,2.9442763e-05,1.6747723e-05,2.2878712e-05,0.00073861534,1.9697538e-05,6.3419075e-06,2.7151286e-06,0.00010758342,4.7336966e-06,7.408133e-05,5.5691276e-06,6.69775e-05,0.00060664176,7.2072007e-06,2.9056688e-05,3.5558183e-05,1.979097e-05,8.8720546e-05,2.2982433e-05,4.8127786e-05,6.921273e-05,1.3725775e-05,0.00012957373,0.00014044515,0.0001077521,0.000173586,4.1072494e-06,7.938387e-07,7.467406e-05,8.593741e-06,2.1949472e-05,1.0482203e-05,1.115659e-05,5.9099574e-07,4.386565e-05,7.648404e-06,0.00015504533,4.5923785e-05,0.0002996649,4.7931144e-06,0.00031710794,0.0006681564,0.00055378454,0.0004804275,0.00021942343,3.005852e-05,5.6055935e-05,6.5504246e-06,0.00015184208,1.1396069e-05,2.8126793e-05,0.00039622755,7.654701e-06,1.6509965e-05,0.0030785115,4.5254754e-05,3.9808678e-05,0.00030305746,8.736051e-05,2.0137268e-06,7.8195764e-05,1.6888382e-05,7.397642e-05
BC2026_Train_0002_S08_20250607_030007_045,4.027213e-06,0.058336236,4.2543965e-05,0.007765873,1.6266921e-06,6.978025e-08,1.015981e-06,1.3581274e-06,1.64119e-05,0.0028596052,0.00026225785,5.846209e-06,2.5728208e-05,3.6545455e-07,1.0646769e-06,2.360735e-05,3.9577964e-07,5.226374e-07,0.00056699134,8.241507e-05,2.0396206e-05,0.0017149949,1.5415142e-05,4.0747743e-08,2.4089723e-06,3.011269e-07,1.710914e-05,7.55666e-06,0.0013862605,0.0009037783,0.0022746474,0.0033275683,0.14366052,6.707184e-05,0.0034555064,0.009000723,0.00036105455,7.1878836e-05,0.00029139864,0.5571344,0.0031038886,0.00068283663,0.876376,0.010307143,0.12065642,0.099446386,0.97360206,0.03756902,0.00041165552,1.9849442e-07,0.69803613,0.8647619,0.9177376,0.007314222,0.98774904,7.056044e-06,0.021016097,0.021081282,1.6561311e-06,8.6989885e-06,0.00079904054,5.951642e-07,0.0001997855,0.00017757116,0.00037318372,4.3120708e-05,7.238082e-05,3.8814414e-06,2.283956e-06,2.2076565e-06,2.4326778e-06,1.697981e-06,0.00019824167,6.2449076e-06,3.570069e-06,1.8723389e-05,0.00012019606,3.482622e-05,4.4338536e-05,9.490711e-05,8.8142064e-05,4.730014e-06,8.608648e-05,5.4642296e-05,6.874224e-07,2.5513405e-06,1.8527352e-07,3.3434648e-05,0.00062273035,2.3116492e-07,9.697132e-05,9.9375e-06,2.0724643e-05,0.00016296281,0.00026674147,2.9826315e-05,6.0789025e-06,0.011390819,0.00013600405,1.7002001e-05,1.7536122e-05,1.161011e-05,6.857539e-05,0.00057195075,0.0008097879,0.0001151497,9.0474736e-05,3.991025e-06,0.0004954259,0.000107461,0.000104410676,2.9839768e-05,2.5175414e-06,6.104779e-06,1.3142652e-05,1.0482651e-05,0.00010235264,1.38127825e-05,4.288838e-06,0.00018426991,6.9252196e-06,6.8493566e-05,2.3757877e-06,0.0018194902,3.5443685e-05,0.00021220217,9.57025e-05,1.5100881e-05,6.7985516e-06,7.832461e-06,1.3884934e-05,0.0016454197,6.9547896e-05,1.5259953e-05,1.2317893e-05,1.9854945e-06,0.000191662,1.3976401e-05,3.1760314e-06,3.0000185e-05,5.1307234e-06,0.00014354661,1.5881122e-05,5.5237037e-05,1.9998267e-06,4.211488e-06,1.5569445e-05,9.05082e-07,8.864368e-05,3.5225125e-06,1.0897963e-05,0.00020133716,2.525192e-05,9.703701e-06,6.681336e-05,0.0005877858,9.214209e-05,1.1287959e-06,0.00020429197,3.4264367e-06,4.3034193e-05,9.257283e-06,0.00038453945,2.1892177e-08,2.6964798e-07,0.0015883227,0.0001085052,3.2173368e-05,1.4037592e-05,3.6277812e-05,0.00015618611,5.573883e-05,1.1999723e-05,2.480542e-05,0.0006880797,2.4734438e-05,6.495806e-06,1.6800644e-06,5.8799033e-05,1.6644088e-06,9.017293e-05,2.7626318e-06,7.363184e-05,0.00044887577,2.282088e-06,5.4893462e-05,2.461288e-05,1.4958454e-05,5.1226674e-05,1.0071559e-05,4.3289758e-05,5.9279617e-05,6.8127265e-06,0.00015392787,0.00016401504,0.00011977182,8.1731974e-05,3.594756e-06,4.59059e-07,0.00014941723,5.9934946e-06,1.713703e-05,7.4311743e-06,5.3136487e-06,1.0046626e-06,4.6163215e-05,2.699336e-06,4.4595854e-05,5.344452e-05,0.0003376461,3.0993865e-06,0.0005640988,0.0003996068,0.00044781627,0.00032869767,0.00021645859,2.0863019e-05,3.2943128e-05,9.978982e-06,0.00023604241,1.725188e-05,2.1179796e-05,0.00023176793,7.5778044e-06,1.9842751e-05,0.002255657,2.699807e-05,3.2915148e-05,0.00042827803,6.1265026e-05,2.8023553e-06,0.00013532527,1.4415626e-05,0.00010716627
BC2026_Train_0002_S08_20250607_030007_050,3.7711648e-06,0.03249506,2.4913263e-05,0.0047953352,5.368678e-07,2.1660579e-08,2.3222819e-07,4.4301848e-07,2.034042e-05,0.0013568371,0.00011447366,3.1003622e-06,1.0494856e-05,1.5000589e-07,4.2560976e-07,1.9668933e-05,2.9955586e-07,1.3490215e-07,0.00028797565,5.3595028e-05,2.2210463e-05,0.0014992045,8.78283e-06,8.1427745e-09,1.8867397e-06,1.3530956e-07,1.11521e-05,5.2587447e-06,0.00067426503,0.0003740726,0.0016315652,0.0017379324,0.06830071,3.805423e-05,0.0017927046,0.0034311137,0.00013138537,2.9457284e-05,0.00014372877,0.40292877,0.0021434408,0.00040842142,0.86130553,0.0028270101,0.113731146,0.10113682,0.9792885,0.017894335,0.00017454218,6.326452e-08,0.6083487,0.82128555,0.8807262,0.0045344844,0.9772085,2.8535037e-06,0.0054792594,0.015991272,6.917556e-07,6.817744e-06,0.00036804556,3.5200298e-07,0.00016969901,0.00015124529,0.00021167978,3.300004e-05,5.727825e-05,1.949377e-06,5.8511176e-07,6.600948e-07,9.4148913e-07,2.580526e-07,0.00010104713,4.7803787e-06,1.4624608e-06,1.0167486e-05,5.7582478e-05,2.5214116e-05,3.677347e-05,5.8454923e-05,5.5271128e-05,1.4478095e-06,4.8589263e-05,1.8906152e-05,4.0387795e-07,8.0947865e-07,5.6675464e-08,1.4516084e-05,0.00033979057,1.2548973e-07,0.0001040488,6.136457e-06,4.349673e-06,2.8334227e-05,9.0374364e-05,1.6985196e-05,3.856532e-06,0.0025437605,2.4964516e-05,1.033972e-05,9.283495e-06,3.510918e-06,5.3291235e-05,0.00064609305,0.00092426664,3.861519e-05,4.3559514e-05,1.3496858e-06,0.00023910575,2.4353412e-05,3.6090063e-05,1.8788083e-05,1.0638132e-06,2.6953023e-06,9.616082e-06,5.1288594e-06,0.00010929065,2.012239e-06,1.8817192e-06,0.00018689338,3.7076916e-06,3.3089887e-05,9.180156e-07,0.0013743084,2.1206555e-05,0.000110906374,4.62896e-05,9.137774e-06,5.9318095e-06,1.8513059e-06,1.0097458e-05,0.0004247406,1.4600733e-05,3.8853636e-06,4.4655926e-06,8.4753145e-07,8.6355256e-05,8.028102e-06,3.7980428e-06,1.0803229e-05,2.1341484e-06,5.8641683e-05,1.1846325e-05,2.6466352e-05,1.7799644e-06,4.2970382e-06,1.1123443e-05,4.932688e-07,1.4819206e-05,7.424215e-07,6.965125e-06,0.00015543288,2.002431e-05,7.691362e-06,3.9943603e-05,0.0007171134,4.8706872e-05,4.3673367e-07,6.289628e-05,2.2258162e-06,8.665786e-06,5.5191103e-06,0.00018039175,6.1118848e-09,9.334725e-08,0.0006182368,4.6606656e-05,2.6282143e-05,8.298792e-06,2.7542204e-05,6.575488e-05,2.1892422e-05,6.1814894e-06,8.636241e-06,0.00019521794,6.4195397e-06,5.572081e-06,1.4159051e-06,3.3100678e-05,9.960518e-07,5.3410284e-05,1.3541893e-06,2.6747184e-05,0.00021782337,1.2361791e-06,1.1057329e-05,9.089962e-06,1.0197161e-05,1.7990054e-05,6.4891433e-06,2.2526188e-05,1.8307468e-05,4.625633e-06,9.4195195e-05,9.6699936e-05,7.2213625e-05,2.8611594e-05,7.4601553e-07,1.6139236e-07,5.617934e-05,4.7274257e-06,8.441464e-06,4.103894e-06,4.054984e-06,4.3096975e-07,1.8601122e-05,1.4306553e-06,3.842718e-05,2.4210469e-05,0.000112104564,8.9674546e-07,0.00016619623,0.00020057398,0.00041633885,0.00019451616,0.00017505838,5.5245655e-06,2.5123507e-05,3.1222028e-06,0.00014580751,3.8534845e-06,7.029721e-06,0.00010618132,2.8583163e-06,5.8676524e-06,0.0008862164,1.86707e-05,2.1987662e-05,9.8058445e-05,4.432353e-05,1.3465551e-06,4.3855027e-05,4.1866715e-06,8.336986e-05
BC2026_Train_0002_S08_20250607_030007_055,1.7548335e-06,0.011729683,1.6966756e-05,0.004873445,1.4635559e-07,1.0941324e-08,8.0097195e-08,9.538447e-08,9.420502e-06,0.000774562,5.1498268e-05,1.194323e-06,4.4941744e-06,4.614207e-08,2.2254459e-07,1.6293458e-05,8.2449084e-08,6.288148e-08,0.0004436847,2.0658244e-05,2.068089e-05,0.0012784275,4.8915063e-06,3.2926024e-09,1.4944046e-06,6.8912186e-08,4.56348e-06,2.0497616e-06,9.040505e-05,0.00024809595,0.0011666152,0.0006185899,0.03303454,1.547087e-05,0.0014991631,0.0013598682,8.369477e-05,1.31473425e-05,6.881745e-05,0.3598062,0.0014681128,0.00021883342,0.8275797,0.0014832378,0.065520175,0.054291103,0.96149373,0.006055375,6.76161e-05,2.4159192e-08,0.5501073,0.77766234,0.91015583,0.0024675464,0.9683856,1.2259497e-06,0.004498574,0.009748226,2.7687247e-07,2.762421e-06,0.00026529125,2.6736643e-07,8.074635e-05,8.258697e-05,0.00011244588,5.4022544e-06,2.9491603e-05,1.0629502e-06,3.8249559e-07,2.517594e-07,4.644472e-07,1.0992745e-07,8.299315e-05,2.3002935e-06,7.9743984e-07,3.7677964e-06,4.842653e-05,1.8475404e-05,9.287426e-06,3.743899e-05,2.61844e-05,8.605531e-07,4.5787914e-05,1.4834307e-05,2.1007479e-07,5.238275e-07,3.1626215e-08,8.603515e-06,0.00031475228,5.4152558e-08,6.471743e-05,8.1153e-06,4.804139e-06,8.374399e-06,8.815156e-05,1.1925386e-05,2.2758309e-06,0.0014052666,2.1752614e-05,8.654685e-06,5.227643e-06,1.5504902e-06,2.6355605e-05,0.00035656133,0.00025153335,3.6433656e-05,1.7692833e-05,4.8533434e-07,0.00046620992,4.6398058e-05,2.8859486e-05,1.0256018e-05,7.51567e-07,9.80041e-07,6.6562884e-06,4.066598e-06,0.0001303914,1.7968354e-06,1.466381e-06,0.00020259329,2.243237e-06,2.6164702e-05,6.572461e-07,0.0012312686,1.0240762e-05,8.345385e-05,1.8508894e-05,7.958019e-06,5.2191995e-06,2.547244e-06,5.8862825e-06,0.00030633243,1.4013664e-05,2.8829875e-06,3.0952128e-06,1.1630107e-06,3.7199017e-05,2.5560773e-06,1.5389421e-06,4.1480343e-06,5.254035e-07,5.6192413e-05,1.1737335e-05,2.3863171e-05,6.2245806e-07,1.3199566e-06,3.948424e-06,2.3322049e-07,1.1838678e-05,3.8993807e-07,2.7263272e-06,0.00015322278,2.7937685e-05,2.570326e-06,4.3571188e-05,0.0008975916,1.7551867e-05,3.522253e-07,3.524529e-05,1.4310115e-06,9.525385e-06,4.3125565e-06,0.00010354826,4.1552988e-09,2.4983393e-08,0.0006458499,1.5210857e-05,3.194645e-05,6.1609435e-06,1.850967e-05,4.0979485e-05,8.148834e-06,2.9460325e-06,3.1024945e-06,0.00013135042,8.921675e-06,1.6760861e-06,9.733254e-07,3.1766544e-05,1.2509391e-06,5.1136423e-05,6.016035e-07,3.2149568e-05,0.00011780075,7.8501154e-07,9.353255e-06,5.334542e-06,1.1972552e-05,1.26770165e-05,1.8049367e-06,4.117492e-05,1.2968236e-05,1.2713828e-06,5.1535557e-05,9.674172e-05,2.8234184e-05,1.4057178e-05,7.978818e-07,1.2565872e-07,4.218767e-05,6.031609e-06,4.463834e-06,3.306921e-06,1.9179254e-06,5.796654e-07,1.0181971e-05,7.067527e-07,3.0680625e-05,3.2396983e-05,0.00012329107,6.1299886e-07,0.00035835805,7.1007205e-05,0.00029037727,8.5606844e-05,0.00011354166,2.462135e-06,2.6344522e-05,2.8120412e-06,0.00011650178,1.7378316e-06,2.7082574e-06,0.00011645136,2.8129664e-06,6.522536e-06,0.0010556484,1.6665559e-05,2.1045704e-05,6.205221e-05,2.6364401e-05,1.6954634e-06,5.9308277e-05,3.8899016e-06,0.00010691346
BC2026_Train_0003_S08_20250607_070007_000,1.3601569e-05,0.105999246,7.544313e-05,0.0031168999,8.925095e-06,3.0452476e-08,1.3212789e-05,6.3612174e-06,0.00010811511,0.0100206975,0.00039920534,1.2644108e-06,1.9573987e-05,9.1927365e-07,9.96793e-06,3.8587918e-05,1.0933293e-06,1.8083326e-06,0.010452289,2.644932e-05,4.1484022e-06,0.004424694,2.138252e-05,1.2441191e-07,8.02122e-05,1.2913683e-06,8.0835176e-05,7.232926e-06,0.0006605491,0.00015640802,0.00044572863,0.00048479822,0.83836544,3.1113454e-05,9.053514e-05,0.0013174509,0.023711506,0.002141823,0.0007995931,0.059534322,0.0002518371,0.00070853607,0.0010040887,0.0010243537,0.021067826,0.04972451,0.40515673,0.3609695,0.003655537,1.0294005e-07,0.00041619028,0.0024294343,0.0019379994,0.0011818109,0.3527338,9.417753e-06,0.01725752,0.0063221096,1.4725284e-05,4.8154225e-06,0.00053049996,1.375904e-07,1.6848904e-05,0.0005227049,0.00125129,5.752489e-06,5.326456e-05,5.070581e-06,4.1991134e-07,9.347907e-05,6.5970266e-07,5.4186676e-06,0.00081071793,1.781477e-05,3.8457572e-05,3.408483e-05,0.00012261119,6.146123e-05,9.766404e-06,1.5273346e-05,2.7644144e-05,5.6320664e-06,3.3564065e-05,1.7338123e-05,1.0311871e-05,6.758833e-06,2.4445662e-06,0.0003915031,0.00011340219,2.8559634e-05,2.294155e-05,8.5381425e-06,1.8174653e-05,0.0005821338,0.0010096028,5.004942e-05,3.1157728e-05,0.9538612,0.00012219428,4.606796e-05,0.0023366539,9.421984e-06,1.6478001e-05,0.0005029814,0.000106895925,0.00041831308,8.166342e-05,7.241263e-06,0.001047197,6.4200416e-05,1.8120207e-05,0.00030197448,9.639897e-07,0.0003347257,2.4477647e-06,0.00019444976,9.745652e-05,0.0002219863,2.4503022e-05,9.876075e-05,0.00010192828,4.3092507e-05,1.9042242e-05,0.0013328545,2.8391243e-05,0.00015589791,9.34641e-05,1.8091114e-05,8.172322e-06,2.9893261e-05,6.0833525e-05,5.0650033e-05,0.00012149785,1.5918271e-05,1.9634317e-06,8.429663e-06,0.0014175134,1.9581248e-05,7.81761e-06,4.064722e-05,1.2555562e-06,0.037416097,2.1257601e-05,3.161878e-05,2.5363324e-05,6.4535124e-07,2.755894e-05,3.52311e-06,0.00039885877,3.5735942e-05,1.2145604e-05,0.0005272115,5.0485018e-05,0.000119587625,0.00046882074,0.0001251734,8.526873e-05,1.6611482e-05,0.00023648527,1.157852e-05,0.0015290771,0.00014182403,2.1463997e-05,6.2209426e-07,7.0403155e-07,0.00039829736,0.000116390635,4.4186243e-05,7.609718e-05,0.0002307198,0.00041910255,9.898571e-05,0.00016670761,1.563952e-05,0.003167564,1.4790573e-05,2.2122249e-05,1.757545e-05,0.00015331483,1.9363943e-05,0.00039845196,5.6268805e-06,2.6480515e-05,6.770714e-05,0.00019519225,2.3972176e-05,1.7204245e-06,1.3627706e-05,7.772074e-05,3.8685557e-05,3.0939416e-05,0.0005303404,8.800953e-05,0.00011392624,0.00010554333,0.00020751852,8.372869e-05,4.602655e-05,1.3323988e-05,2.7192355e-05,3.377315e-05,4.7038568e-05,2.8341443e-05,0.00011714399,7.211512e-06,7.272759e-05,2.5308309e-05,7.530893e-05,1.5204968e-05,5.8009286e-05,2.2742428e-05,0.00083765644,5.8061437e-06,0.0003068305,0.00014351118,0.0023330995,0.00026097178,1.5142889e-05,2.3835402e-05,4.5152716e-05,1.3299804e-05,6.607419e-05,4.1938645e-05,5.1552266e-05,3.7933078e-06,0.5521108,0.00014808112,0.00030769463,5.187174e-06,2.8319855e-05,1.1540587e-05,4.512452e-05,8.227287e-06,9.251689e-05
BC2026_Train_0003_S08_20250607_070007_005,3.109723e-05,0.16865489,3.5735873e-05,0.0018516002,5.565581e-06,9.715522e-09,2.2228803e-06,9.4061875e-07,1.9782516e-05,0.01567379,0.0010136034,9.3975524e-07,8.350744e-06,2.1831013e-07,2.6398907e-06,4.3296157e-05,6.026578e-07,1.1204619e-07,0.0009719682,1.0622109e-05,1.5155442e-06,0.0014607898,4.3447e-05,1.0030695e-08,8.725592e-06,9.577351e-08,1.8146025e-05,3.127648e-06,0.0004428852,0.0020590865,0.00020153307,0.00017082863,0.6885992,1.0077151e-05,8.52185e-05,0.00047628404,0.00082949124,0.00015599158,0.0002885195,0.035266455,0.0002781943,0.00028412082,0.0021108775,0.0005086353,0.019943196,0.04283068,0.6947368,0.5365474,0.0019496768,2.629934e-08,0.0006946092,0.0036693332,0.001440536,0.0005859296,0.31693023,5.4171173e-06,0.012739178,0.0043142987,7.620577e-06,1.1801881e-06,0.00025924522,2.2965091e-08,2.6850405e-05,0.00011451787,0.00024277504,8.750333e-06,1.2612971e-05,5.579813e-06,1.533558e-07,3.824293e-05,2.0392135e-06,6.82451e-06,3.1464682e-05,1.5761443e-05,2.4057943e-05,3.656753e-05,2.4720595e-05,1.364469e-05,9.205596e-06,6.4143137e-06,2.3703069e-05,3.008524e-06,5.2231444e-05,1.5749248e-06,2.2482186e-06,3.2056153e-06,1.438176e-07,0.00014540445,7.026713e-05,5.008459e-06,1.0112019e-05,2.1338512e-06,4.6971813e-06,0.000340768,0.00040092648,3.3810662e-05,2.292731e-06,0.8365176,5.3602696e-05,1.1349322e-05,0.00019217658,6.4166113e-07,3.7574262e-06,0.0013198245,7.794934e-05,7.348594e-05,4.0292856e-05,9.1667533e-07,0.000331884,1.6157535e-05,5.28515e-06,6.188504e-05,1.6568626e-07,3.475035e-05,1.1683624e-06,9.950492e-06,3.7688635e-05,3.1949072e-05,1.3128285e-05,2.801944e-05,2.5924082e-05,3.7644272e-06,1.3501169e-05,0.0011898539,1.9006864e-05,4.5020886e-05,0.00013384382,2.5633592e-06,1.6931752e-06,7.321151e-06,4.77043e-05,5.8668473e-05,4.2127365e-05,5.8929045e-06,2.360199e-06,1.0524639e-06,0.00015817613,2.2384189e-05,2.3901162e-06,2.6082591e-05,6.9457366e-07,0.00041987534,3.7054047e-06,1.2188503e-05,1.5967807e-05,6.672042e-07,1.7855607e-05,3.784109e-07,0.000100187644,1.1852992e-05,4.730321e-06,7.103227e-05,3.1383743e-06,3.5288343e-05,0.00029439104,4.8395646e-05,2.3405646e-05,1.6138222e-06,0.00013386042,5.87227e-07,8.3351966e-05,7.5000265e-05,4.3838176e-05,9.0540006e-08,1.797986e-07,0.0010450558,0.00010634547,1.5082848e-05,9.891228e-06,4.3756525e-05,0.00032515827,7.99431e-05,2.1099942e-05,1.2756537e-05,0.00091182755,3.6907404e-06,1.01039495e-05,1.2337952e-06,3.3362572e-05,1.0621851e-06,0.00011687943,1.3846461e-06,6.4504675e-05,2.8219756e-05,3.7040216e-05,9.643091e-06,4.9839076e-07,5.583369e-06,3.5951252e-05,4.621744e-05,3.9601327e-06,0.0011189359,5.5564383e-06,6.98857e-05,4.5130975e-05,0.00010138244,1.9659947e-05,1.0182361e-05,1.1205084e-06,6.3456705e-06,2.5911773e-05,1.0510521e-05,9.5995165e-06,8.696023e-05,6.4952883e-07,2.2941525e-05,5.5226665e-05,1.5579975e-05,4.1390107e-05,7.353326e-05,3.1679003e-06,0.00013056459,3.2529585e-06,6.275824e-05,0.00012566158,0.0005712863,3.6607827e-05,3.9788906e-06,7.467003e-07,5.760829e-05,2.5777788e-06,2.5023748e-05,2.0168298e-05,2.7176052e-06,5.2338837e-06,0.0431186,1.26041095e-05,0.00012345189,2.1254327e-06,2.375541e-05,6.870351e-07,3.506222e-05,4.5902757e-06,4.6913538e-05
BC2026_Train_0003_S08_20250607_070007_010,2.8464252e-05,0.012644543,8.730822e-05,0.0010363503,2.709787e-06,5.73455e-08,1.4467453e-06,1.1324131e-05,8.425828e-06,0.012372348,0.015713943,2.9670464e-06,8.706159e-06,1.4424357e-07,2.094873e-06,6.9048445e-05,1.573221e-06,2.2142449e-07,0.0007851996,9.733089e-06,3.0530623e-07,0.00030850037,0.00017761282,2.2019107e-08,2.2003962e-05,3.1958095e-07,0.00016649823,7.919007e-07,0.0003858502,0.00024773832,0.000103611375,8.8536304e-05,0.096397705,1.0413016e-05,1.9091503e-05,0.00012582525,0.006747104,0.0003390523,0.00013134979,0.005558754,7.520101e-05,0.00015489491,5.0556413e-05,0.00016079706,0.0023950145,0.005445131,0.020353729,0.059293907,0.0008319225,4.0062254e-08,5.2286065e-05,4.3431923e-05,4.4277735e-05,0.00013562407,0.010159117,2.1485741e-06,0.017571408,0.0014641254,4.913794e-06,4.5294087e-07,5.643154e-05,3.017685e-08,8.518379e-06,0.00010216999,0.00010712439,3.2251053e-06,4.6237237e-06,1.7332401e-06,7.660996e-08,0.0002702992,4.5079405e-06,3.0137764e-06,4.1280207e-05,3.1553445e-05,5.259361e-05,7.948397e-05,7.4859505e-05,6.964819e-05,3.2687924e-05,1.8959345e-05,5.406303e-05,1.4270663e-05,0.00012070338,4.580288e-06,2.237213e-05,1.3628758e-05,9.0397185e-07,0.00012873346,3.718791e-05,1.7721455e-05,5.507054e-06,4.79998e-06,1.7087583e-05,0.0029123568,0.002600453,1.9800125e-05,9.61313e-06,0.90995526,0.00023919466,0.00017382434,0.00410869,1.6665307e-06,8.961967e-06,0.0004850633,3.1664254e-05,0.0001686206,5.3373475e-05,3.387101e-07,0.00031285582,5.4349817e-05,1.9875913e-05,0.000117771095,2.6656926e-07,7.938724e-05,3.7631316e-06,0.0001179029,6.32795e-05,9.430871e-05,0.00011998123,4.3929955e-05,2.3916664e-05,2.3326274e-05,9.713541e-05,0.002484214,1.0733112e-05,0.00013336925,0.0004607014,1.5495662e-05,5.8150545e-06,2.4492017e-05,0.00011377707,3.0419267e-05,0.00020178189,6.206411e-05,1.8559995e-05,1.6199948e-06,0.0008000734,4.7664507e-05,6.7344417e-06,5.462599e-05,8.11387e-07,0.00076291454,1.1330711e-05,4.040155e-05,9.4524694e-05,1.516387e-06,0.00011977593,1.3307606e-05,0.0013599563,0.00013697587,1.4148918e-05,5.899843e-05,1.3869634e-05,0.000115549745,0.0012032939,0.00015642204,5.7898917e-05,8.03675e-06,0.0004609507,4.0252667e-06,0.00020500066,0.00026136645,1.47218725e-05,4.1051035e-06,2.3903692e-06,0.00025025118,0.00018043959,4.106136e-05,0.00010143987,0.00020395932,0.001983926,0.00016159262,3.926837e-05,2.0363126e-05,0.0037075789,5.988724e-06,1.1788667e-05,7.695009e-06,2.5187124e-05,3.6408849e-06,0.00045979454,4.748894e-06,0.00017675811,0.0001093088,0.00055404304,4.33576e-05,3.036009e-06,1.8660126e-05,5.195633e-05,5.3357595e-05,1.4650821e-05,0.34133887,2.7995751e-05,0.00010723967,4.1173545e-05,0.00018434355,3.835056e-05,2.3888446e-05,4.939951e-05,4.1917177e-05,3.09316e-05,9.937622e-05,9.375823e-06,3.0980635e-05,9.652872e-06,9.389298e-05,9.745615e-05,2.486527e-05,0.00024130206,9.582477e-05,4.042849e-05,0.00020212155,4.811122e-06,0.000116184485,8.4427906e-05,0.002570956,0.00010884925,4.227068e-06,2.0863597e-06,8.560415e-05,2.282508e-06,1.9165875e-05,5.6359368e-05,4.618541e-06,2.421895e-06,0.13751195,2.0913396e-05,0.0001409996,4.722915e-06,0.00017280191,7.3311976e-06,0.00012874439,1.6357584e-05,3.5390694e-05
BC2026_Train_0003_S08_20250607_070007_015,3.560668e-06,0.14083907,7.691091e-06,0.0011388471,1.3131977e-06,1.10709095e-08,4.5596603e-06,2.7878067e-07,1.0738579e-05,0.0014930377,0.0006310149,3.0859061e-07,5.9557983e-06,8.0765446e-08,9.174345e-07,1.3835128e-05,1.849381e-07,9.9004794e-08,0.00063560455,2.0612195e-05,1.3158013e-06,0.0014624567,1.8387747e-05,6.5849943e-09,5.288084e-06,3.6144247e-08,6.427553e-06,8.85444e-07,0.00039707476,0.0015868964,7.17991e-05,0.00018784488,0.5379133,2.5956833e-06,2.6011005e-05,0.00060183107,0.00043348104,7.530751e-05,0.0001335063,0.008845042,5.0676703e-05,0.00016338957,0.00052343385,0.00049480674,0.07820672,0.10748006,0.8555398,0.65795803,0.0014001003,8.525973e-09,0.0002729573,0.001405033,0.0010803816,0.00017997909,0.3979976,1.0432391e-06,0.010359129,0.0075339377,4.8157995e-06,7.860956e-07,0.00023230421,2.1906672e-08,1.8453147e-05,0.0001623703,0.00019845479,1.773578e-06,3.9225047e-06,2.424497e-06,4.3043123e-08,4.110697e-05,7.517633e-07,1.675643e-05,1.9769992e-05,8.060975e-06,1.5427377e-05,1.5386106e-05,8.4925145e-05,8.466199e-06,7.813146e-06,2.9023922e-06,2.0921694e-05,2.140912e-06,1.121815e-05,3.5884605e-06,8.868739e-07,1.9453896e-06,2.4148255e-07,0.00010599973,2.7976503e-05,5.6176045e-06,1.0670356e-05,6.3841327e-07,3.3892964e-06,0.00030778503,0.00027316247,6.238673e-05,5.8665446e-06,0.8713712,0.00011657602,7.193701e-06,9.322794e-05,1.145076e-06,1.51215e-06,0.00010967777,7.374076e-05,7.1510745e-05,6.519849e-05,3.4554914e-06,0.0005487229,8.499706e-06,5.882102e-06,5.1106104e-05,6.927037e-08,2.0782592e-05,2.615852e-06,6.0897946e-06,3.1931708e-05,5.5582346e-05,1.3464535e-05,1.691793e-05,2.8835816e-06,4.1646545e-06,7.108462e-06,0.0003854315,4.563554e-06,6.76506e-05,9.8872784e-05,2.4144026e-06,7.670177e-07,5.116895e-06,6.37802e-06,0.00021793076,1.4217426e-05,3.27219e-06,1.3873544e-06,5.405437e-07,0.0007991506,2.1852455e-05,1.6850598e-06,1.5514795e-05,5.9251835e-07,0.0006931524,2.1123587e-06,5.263682e-06,2.0294162e-06,2.1150487e-07,5.1353245e-06,2.6320924e-07,5.523499e-05,2.0852138e-05,4.3874347e-06,3.6453046e-05,2.0500277e-06,4.724361e-06,0.0005209367,3.6884907e-05,1.7321185e-05,9.636946e-07,0.00012520766,1.2087263e-06,0.0001286959,4.5209676e-05,2.3774697e-05,1.8564737e-08,2.5867254e-07,0.00038487485,0.0001035132,8.750149e-06,7.6975775e-06,3.0240226e-05,0.00015229797,1.9953763e-05,1.9934208e-05,5.4872903e-06,0.000436072,3.9033393e-06,2.8911823e-05,7.7759256e-07,3.53607e-05,5.0668893e-07,3.4636436e-05,7.9283916e-07,8.0968646e-05,2.6505173e-05,1.2826655e-05,2.0559934e-05,4.3874664e-07,1.9843812e-06,5.2204454e-05,4.273715e-06,5.917029e-06,0.00022955092,1.0219533e-05,6.933976e-05,2.9847366e-05,7.0335576e-05,3.29004e-05,9.417914e-06,1.2892274e-06,5.582421e-06,9.054714e-06,2.2222392e-05,4.128263e-06,8.79826e-05,1.9463606e-07,5.663683e-06,2.5515363e-05,1.7149505e-05,0.00010107865,6.45773e-05,4.038509e-06,0.00016015928,4.714086e-06,9.189149e-05,2.9873225e-05,0.0005204878,3.3358625e-05,7.839073e-07,3.8804756e-06,2.4418625e-05,3.5342086e-06,3.6679045e-05,6.1014027e-05,1.5846621e-06,2.4511025e-06,0.011025694,1.4928226e-05,0.00015052994,4.3413634e-06,1.4931373e-05,1.0239894e-06,3.0467692e-05,1.0037252e-06,1.5259822e-05
BC2026_Train_0003_S08_20250607_070007_020,2.9644658e-05,0.5287824,4.701305e-05,0.0075003197,1.3306453e-05,1.2009252e-07,4.174401e-05,3.0116732e-06,6.7127956e-05,0.015249539,0.006979119,3.2261974e-06,7.233203e-05,3.699423e-07,1.1658696e-05,0.00013876044,1.4014889e-06,5.6123173e-07,0.00056599814,0.00034945592,3.8409013e-05,0.0029630302,7.373028e-05,1.0457688e-07,3.4949717e-05,4.650899e-07,2.8152825e-05,6.3869793e-06,0.0014747229,0.010519458,0.0016818604,0.0005936903,0.5592058,3.6433827e-05,0.00017054398,0.0017012722,0.00048782318,7.4573436e-05,0.001776752,0.0059234635,0.0014046531,0.0017145673,0.0017386365,0.0014083278,0.34343863,0.39407507,0.9132896,0.7856,0.004705942,1.2414749e-07,0.002323158,0.004456559,0.0038252284,0.0032084465,0.587549,4.2396907e-05,0.04218723,0.035882264,5.009918e-05,6.3048565e-06,0.00044865845,5.992438e-07,0.00035228676,0.0003635795,0.00023673208,1.4303103e-05,0.00010705812,7.060338e-06,1.6435908e-06,0.00019576708,7.6145766e-06,0.00027104138,1.6543267e-05,9.1612645e-05,9.415703e-05,0.00018228403,0.00022945002,6.98051e-05,7.241313e-05,1.9501544e-05,7.6909e-05,7.196233e-06,0.00024849767,7.1719924e-06,3.7261025e-06,2.4610063e-05,2.9880623e-06,0.00067010906,9.9562596e-05,1.19652805e-05,4.1678853e-05,2.8609343e-06,1.2730006e-05,0.00052969955,0.00030762368,0.00017652703,2.103591e-05,0.4235495,0.0009755391,7.1191425e-05,0.0001285301,7.43969e-06,1.9384397e-05,0.0008425564,0.0002555299,0.00011869626,0.00018190431,3.5889967e-05,0.0017816876,1.6916769e-05,1.0462796e-05,0.00017817275,8.2672204e-07,1.6078484e-05,3.851942e-05,2.8782362e-05,0.00014031383,0.00023702615,5.9938324e-05,8.538606e-05,9.728079e-06,3.67056e-05,7.492772e-06,0.0011525743,3.069318e-05,0.00048736122,0.0005938893,6.6009693e-06,1.1470244e-05,4.927506e-05,7.0364695e-05,0.00043891562,3.618549e-05,1.6611706e-05,1.1024163e-05,1.8477255e-06,0.0024594408,0.00012752342,1.3400166e-05,0.00012074597,2.3213174e-06,0.000957642,6.7190263e-06,3.3842854e-05,3.5740915e-05,1.4918067e-05,1.0797606e-05,1.4008997e-06,0.00014053544,0.00019134572,2.5945203e-05,0.0001953103,1.341125e-05,7.875964e-06,0.0010844113,0.00013214009,3.7853282e-05,3.4692573e-06,0.00094988476,3.164295e-06,0.00014116117,0.00036229272,0.00017691492,9.362918e-08,2.3615632e-06,0.0016798825,0.00073052733,2.065588e-05,3.793799e-05,7.365052e-05,9.947045e-05,9.260816e-05,4.6335357e-05,2.7540602e-05,0.00034422844,1.020578e-05,0.000114027425,2.6403288e-06,5.2561372e-05,8.646993e-07,4.461142e-05,2.2894035e-06,0.00034310087,5.8200563e-05,7.0977694e-05,1.9040282e-05,1.3674709e-06,1.4702244e-05,0.0005807575,3.440353e-05,1.4474351e-05,0.0014658483,3.745663e-05,0.0014671324,0.00022213702,0.0002245497,0.00014485174,1.27765525e-05,3.6986928e-06,3.135876e-05,4.514686e-05,6.529742e-05,1.2154248e-05,0.00042076167,1.9548727e-06,1.1447535e-05,8.055646e-05,6.5669534e-05,0.0004480849,0.00016560097,9.912239e-06,0.00019223997,8.834173e-06,0.00017431016,0.00014561854,0.0006820025,0.00022152091,3.5089165e-06,7.5474272e-06,0.00014023988,1.5777881e-05,6.534726e-05,0.00038514074,1.8468762e-06,9.73684e-06,0.0033884125,0.00010437026,0.000274729,3.5773755e-05,0.0001523074,3.4030902e-06,4.5690995e-05,1.0615354e-05,0.00011412598
BC2026_Train_0003_S08_20250607_070007_025,0.00018732726,0.48121735,0.00019048777,0.014127037,0.00025365068,1.7306025e-06,6.2600506e-05,5.4843913e-05,0.00066296937,0.012504894,0.009442299,2.3119203e-05,0.00030076713,1.7940352e-05,0.00020644019,0.0005325607,1.4664925e-05,1.605729e-05,0.009400246,0.0023203748,0.00019232101,0.015360436,0.00020524178,2.9350117e-06,5.602483e-05,1.4539208e-05,0.00060562097,3.7815687e-05,0.0034433624,0.0051198145,0.007407851,0.004309774,0.55400825,0.00057451916,0.0020646015,0.0071076523,0.0015260907,0.00037657598,0.0050055226,0.07637744,0.01460518,0.0072772447,0.029366007,0.009060495,0.38176307,0.2127521,0.8782027,0.4778939,0.01883992,3.32402e-06,0.034557242,0.055740815,0.04398425,0.012107428,0.71888095,0.0003261925,0.026834996,0.064895555,0.00017472166,7.072676e-05,0.0023154656,4.920115e-06,0.0029483428,0.002076548,0.0023277758,0.00030292402,0.0021066503,6.0806604e-05,8.221013e-05,0.00023699811,7.107279e-05,0.00057881314,0.0009220172,0.00041968754,0.0001264255,0.00058814784,0.0029445465,0.0006865865,0.0012112096,0.00046168,0.00094724935,7.9932885e-05,0.002151983,0.00012135636,5.9169935e-05,6.1650666e-05,2.6425545e-05,0.000668472,0.0016268969,0.0002869115,0.00016651966,2.2245844e-05,0.00012647577,0.002209918,0.0029230067,0.00018435551,0.0005922475,0.29091576,0.008285703,0.0008927576,0.0012430086,0.00032278558,0.00022906074,0.0016967179,0.0011795049,0.0021165723,0.00038051666,0.000120868775,0.0031012679,0.00017090423,0.00045350942,0.0012263189,3.138395e-05,0.0002944028,0.0002918424,0.0002902419,0.0010667915,0.00043076545,0.00031856485,0.0028958127,0.00016346003,0.0010816251,0.00011122028,0.010813663,0.00017685942,0.0076963683,0.0043781875,3.170801e-05,0.00024750576,0.00034471316,0.00032716888,0.004964011,0.0003060668,0.0004169239,8.598368e-05,2.9471503e-05,0.0075264717,0.00022854113,0.00012627081,0.00039267278,5.2844323e-05,0.006055711,0.00013590071,0.00049649645,4.3381297e-05,6.430084e-05,0.00015914632,4.3110264e-05,0.0006139732,0.00064506923,0.00053325604,0.005815111,0.00013425644,8.381162e-05,0.00078617816,0.0013967615,0.001381454,1.5555284e-05,0.0037832968,0.00018602647,0.0014794567,0.0007681821,0.0014920385,4.5870856e-06,4.4759414e-05,0.0038403252,0.0066315564,0.00021029833,0.0018873861,0.0006117151,0.0031256212,0.00146645,0.00020210806,0.00037583985,0.0035686076,0.000109639615,0.0010207852,5.5461307e-05,0.00041223553,5.294496e-05,0.0013071339,0.00010712531,0.002317329,0.0008789511,0.00017981527,0.00031755056,2.1954598e-05,0.00065111305,0.00063099776,8.858977e-05,0.00016151731,0.0016639505,0.00029747875,0.003802236,0.0013555997,0.0027657514,0.0030778167,0.0001478613,8.98675e-05,0.0010126545,0.0002519894,0.00085619756,0.00016998629,0.00057519914,1.4331093e-05,0.00044519213,7.631344e-05,0.00016750046,0.0015756973,0.0010122056,3.3552096e-05,0.0011238691,0.00023704174,0.0012578868,0.0004643996,0.003362193,0.00365491,0.00026421619,0.00020370142,0.00090476306,0.0004832747,0.00030060287,0.0006914439,0.00011101356,0.00023831711,0.014456016,0.00036175572,0.0013028366,0.0008833766,0.0011426427,5.0651386e-05,0.0005044634,5.047452e-05,0.0005358087
BC2026_Train_0003_S08_20250607_070007_030,2.8266082e-05,0.10525134,3.2800966e-05,0.0030405282,9.33068e-06,1.0823119e-08,1.9859717e-06,1.0268793e-06,4.3787495e-05,0.004322442,0.00021395505,4.0276288e-07,7.16461e-06,6.4135645e-07,5.246557e-06,4.22371e-05,9.163353e-07,3.3297016e-07,0.005094588,2.434148e-05,3.333754e-06,0.0044267764,2.2461127e-05,3.582735e-08,1.1738209e-05,2.1386316e-07,3.475018e-05,7.294403e-06,0.000598066,0.0007336907,0.00032780328,0.0006916624,0.8085103,1.6869886e-05,5.8779864e-05,0.00080160453,0.0020062411,0.0004118669,0.00053757173,0.04379189,0.0003354107,0.0005299026,0.0019078354,0.0014030854,0.030795313,0.037012286,0.6834688,0.5512173,0.001968402,4.7128765e-08,0.00068119896,0.0036474697,0.00180822,0.0008422353,0.35229588,6.0605475e-06,0.010586809,0.008309128,1.5870539e-05,2.6811558e-06,0.0010735062,1.02631084e-07,2.3940764e-05,0.00052317296,0.00058408093,1.6641483e-05,1.2390492e-05,6.5837053e-06,1.1210561e-07,3.0394156e-05,9.503504e-07,5.084445e-06,0.0001464592,8.179246e-06,1.5032919e-05,1.5797077e-05,6.1955536e-05,1.11022055e-05,3.618956e-05,1.4749781e-05,1.9866704e-05,6.342143e-06,1.2916496e-05,6.8453483e-06,1.8063573e-06,3.0883898e-06,1.1380237e-06,0.00030844833,7.9706595e-05,2.1156138e-05,3.9598617e-05,7.3276615e-06,1.2271569e-05,0.00014628071,0.00045658502,9.5455056e-05,5.0417566e-06,0.7760712,4.7519137e-05,1.8065304e-05,0.000604315,2.1898459e-06,8.227735e-06,0.0010755884,0.00021290114,0.000108270375,7.952142e-05,2.564966e-06,0.00021525152,6.236127e-05,8.425427e-06,0.00024400472,7.473358e-07,0.00022473263,2.8130416e-06,5.2555508e-05,4.719232e-05,3.341954e-05,2.2019096e-05,8.8975146e-05,1.544211e-05,1.348012e-05,1.892246e-05,0.0007199219,2.8163353e-05,4.046996e-05,7.7908764e-05,2.9920175e-06,6.982204e-06,1.1188064e-05,2.7863824e-05,4.0108072e-05,4.058765e-05,7.897769e-06,2.2203928e-06,6.3891794e-06,0.0002316025,2.2286315e-05,7.20211e-06,7.1874456e-05,1.7089225e-06,0.0021299995,1.9712927e-05,1.3492738e-05,9.602025e-06,5.5446685e-07,4.1535575e-05,1.1152537e-06,0.00011964305,9.177178e-06,1.075029e-05,0.00012004326,1.3411095e-05,6.0195573e-05,0.00017172097,7.986234e-05,5.186262e-05,7.0907504e-06,0.00013590085,5.6314757e-06,0.00035433515,8.090211e-05,5.570987e-05,1.4193294e-07,8.4682944e-07,0.00066445867,0.00020158033,2.2264458e-05,1.701407e-05,8.505799e-05,0.00046385077,8.385135e-05,9.068653e-05,1.5520834e-05,0.0028494785,5.849617e-06,3.0255316e-05,2.5732227e-06,6.092723e-05,9.772721e-06,0.00021198498,3.5282847e-06,3.5302615e-05,8.3482904e-05,8.701747e-05,4.1696945e-05,1.1851112e-06,1.1136807e-05,3.6720412e-05,2.632797e-05,4.439241e-06,9.200942e-05,3.2020536e-05,0.00010476542,6.2354615e-05,0.00020728279,4.978964e-05,3.8498194e-05,2.9370947e-06,1.115692e-05,2.4937344e-05,7.890135e-06,1.438596e-05,0.000118716176,8.832461e-07,5.109163e-05,2.654514e-05,2.4587944e-05,2.2528273e-05,2.9541256e-05,7.34626e-06,9.866728e-05,1.5323667e-05,0.00018920672,0.00013747373,0.0033095586,5.829983e-05,4.7238564e-06,5.7941234e-06,2.7411477e-05,3.5432734e-06,5.1459483e-05,1.3975134e-05,1.8539298e-05,9.505503e-06,0.07158258,4.4295473e-05,0.00039743487,4.23448e-06,1.9548188e-05,3.929071e-06,3.030186e-05,2.2796864e-06,8.1536506e-05
BC2026_Train_0003_S08_20250607_070007_035,9.95202e-06,0.054950166,1.1664635e-05,0.0027061542,9.185207e-06,8.4553356e-08,5.262307e-06,2.3530947e-06,6.2866e-05,0.0068520377,0.0005322476,5.1004093e-07,1.8332697e-05,1.3504647e-06,3.6485314e-06,5.7167912e-05,9.3441906e-07,9.0140213e-07,0.0056661214,0.00010238018,5.2880437e-06,0.01222269,6.5249864e-05,4.0047812e-08,2.8960527e-05,7.4849765e-07,2.3611157e-05,1.2674792e-05,0.0011291535,0.0007056991,0.0004597952,0.0006657077,0.71111614,1.8471159e-05,0.0001109435,0.0010496306,0.0011272522,0.0001186459,0.0007081503,0.038326453,0.0003076357,0.0006428059,0.0018261168,0.000706549,0.056256685,0.09277409,0.65185624,0.49334776,0.0025444285,8.780226e-08,0.00082342606,0.0024438738,0.0019844898,0.000586776,0.3530901,2.3463026e-06,0.019067762,0.0148136765,2.182632e-05,4.9681375e-06,0.0009037968,1.7035966e-07,0.00013429011,0.0019084647,0.0009621988,1.347566e-05,2.2281025e-05,5.463365e-06,2.7155224e-07,7.704767e-05,1.1400441e-06,4.3420325e-05,0.00025321284,1.2725406e-05,2.0894595e-05,2.2139284e-05,0.00015545894,1.9619643e-05,5.5106928e-05,1.33513495e-05,6.8595924e-05,1.0236505e-05,1.5305424e-05,2.5212745e-05,1.1440115e-05,4.8504326e-06,6.0721425e-07,0.00032319792,0.00013897191,1.4903093e-05,7.469158e-05,2.0959362e-06,2.9014242e-05,0.0002638142,0.0005838174,0.000659941,4.82348e-05,0.8361269,0.00017456748,6.773097e-05,0.00020379681,1.0942151e-05,1.1667896e-05,0.0002798623,0.00015171342,0.0001480697,4.7526803e-05,5.4560496e-06,0.0015939334,1.7909959e-05,7.306362e-05,0.00018024837,5.5805566e-07,8.821345e-05,8.27386e-06,4.8108654e-05,7.635734e-05,8.518315e-05,1.7080007e-05,0.00013802397,4.9309e-05,3.8170718e-05,2.143072e-05,0.000994584,1.9460264e-05,9.7169504e-05,9.416646e-05,3.7847512e-06,3.3472936e-06,2.7875147e-05,9.99404e-06,0.00019284525,5.899454e-05,2.0725633e-05,2.4581536e-06,1.0171298e-05,0.00086695433,9.53008e-05,1.1275714e-05,2.3065297e-05,1.572531e-06,0.006249836,2.9107914e-05,4.2988093e-05,9.824733e-06,2.7613437e-06,4.3718523e-05,6.3349557e-06,7.341225e-05,7.868827e-05,2.864411e-05,0.00015241173,6.656821e-06,3.322167e-05,0.00012186125,9.575983e-05,5.5566346e-05,6.252798e-06,0.00044172278,9.9129575e-06,0.00039960604,0.000432642,4.2734304e-05,1.9336485e-07,4.904048e-07,0.00086037914,0.0001881855,5.258283e-05,2.6295778e-05,7.119992e-05,0.00036393374,0.00015514028,9.75202e-05,9.315263e-06,0.0028979904,7.89225e-06,8.479196e-05,4.8113147e-06,0.00015475495,1.004885e-05,0.00032629326,2.0578018e-06,7.773748e-05,7.653391e-05,4.3795182e-05,3.899476e-05,8.4029375e-07,2.232997e-05,7.989075e-05,1.3078014e-05,5.5709283e-05,0.00017878845,4.5271758e-05,0.0002431139,7.026077e-05,0.00018648822,6.020091e-05,3.3850407e-05,7.6621955e-06,1.1172944e-05,1.38203195e-05,1.7789796e-05,3.0490623e-05,0.00020440691,1.2805725e-06,7.361492e-05,4.3945372e-05,2.7479395e-05,0.000115034905,3.2926575e-05,7.263783e-06,0.00091343326,1.2216233e-05,0.00017569866,8.3042956e-05,0.0032144547,8.925176e-05,5.966099e-06,2.14642e-05,2.0908012e-05,6.8229606e-06,3.425065e-05,5.366586e-05,2.3187346e-05,1.442755e-05,0.06568818,3.889508e-05,0.00088287384,3.0773397e-05,2.5071522e-05,1.0698019e-05,0.0001278307,3.1475759e-06,3.9790575e-05
BC2026_Train_0003_S08_20250607_070007_040,1.6088592e-05,0.21205527,0.00010563777,0.0032848574,1.11241225e-05,4.232378e-08,7.933611e-06,6.3640873e-06,7.293143e-05,0.020716693,0.0017428644,2.6526577e-06,1.4941986e-05,1.2731991e-06,3.307577e-06,5.6000106e-05,1.4117295e-06,1.1041449e-06,0.002660204,3.8313166e-05,2.0527802e-06,0.0025111397,4.0311766e-05,6.484007e-08,1.1661921e-05,2.9738345e-07,5.625997e-05,1.6765225e-06,0.001595944,0.0030251602,0.0004522098,0.0007844514,0.8322114,2.6099413e-05,0.00012959041,0.0033136823,0.0025277403,0.0007625104,0.00064355467,0.09058799,0.00029010774,0.00040494316,0.0013402636,0.0022288635,0.023352133,0.027498927,0.6029806,0.5455354,0.0093379505,1.283503e-07,0.0013643262,0.0045257304,0.0014010192,0.0006464195,0.33140954,1.1742686e-05,0.009098424,0.007818426,1.2326425e-05,3.8851044e-06,0.00054894155,1.6949201e-07,4.274413e-05,0.00036129076,0.00045040593,1.445333e-05,1.990972e-05,1.2875038e-05,5.151744e-07,8.953826e-05,2.6809869e-06,1.4391189e-05,0.00027664332,3.414111e-05,4.0980933e-05,4.2866344e-05,8.1324826e-05,4.8824157e-05,1.0222028e-05,1.1053639e-05,5.412473e-05,9.006589e-06,0.00010852155,8.172517e-06,3.5096828e-06,5.600439e-06,1.1331654e-06,0.00042389502,0.00012343789,2.4904284e-05,1.3906122e-05,3.951e-06,2.9583094e-05,0.0009053404,0.0013236047,2.2558414e-05,1.6314805e-05,0.8858473,0.00013481204,3.8351987e-05,0.00073073694,3.6172469e-06,5.0396025e-06,0.0011898964,0.00013377365,0.00062656193,0.000106302185,4.194497e-06,0.0002553631,2.8673983e-05,1.3461173e-05,7.753116e-05,4.6400316e-07,0.00034096674,4.701578e-06,2.9624194e-05,7.618409e-05,9.3031245e-05,7.2699084e-05,3.597471e-05,6.195123e-05,1.4780773e-05,3.361615e-05,0.002289892,5.247593e-05,0.00017789434,0.00035045046,6.597099e-06,5.4548373e-06,2.0272699e-05,4.1880616e-05,0.0002587501,4.833375e-05,2.8585904e-05,8.235381e-06,4.1848357e-06,0.00050057465,2.2651842e-05,3.752119e-06,8.425282e-05,3.3987637e-06,0.003247391,1.6604974e-05,2.8590974e-05,5.2456366e-05,4.8367787e-07,6.293384e-05,1.2551347e-06,0.00025217014,3.1963333e-05,1.1348381e-05,0.00013530979,7.897588e-06,8.0183825e-05,0.00026613587,8.423596e-05,0.00010230415,8.661258e-06,0.000105137726,2.7665178e-06,0.00076152536,0.00010937887,2.7532014e-05,4.1319188e-07,1.7435752e-06,0.00068539043,0.00047087247,2.4896613e-05,2.9014156e-05,0.00017183727,0.0012285806,0.0001058778,0.00011482262,3.875553e-05,0.006110525,9.566051e-06,2.8049919e-05,4.6653554e-06,0.00016165581,5.8810697e-06,0.0005669565,7.852378e-06,0.00017346555,0.00025790386,0.00020284379,4.013214e-05,1.2014194e-06,1.8532333e-05,2.5434778e-05,6.49787e-05,1.0548116e-05,0.001154341,4.0315805e-05,0.00011111333,0.000109874054,0.00018320823,0.00011672885,2.6820822e-05,5.524534e-06,1.2032863e-05,2.305951e-05,8.4228566e-05,3.848957e-05,0.00015437779,1.8615478e-06,0.00011493885,7.3590636e-05,9.506826e-05,0.0001119452,5.0997733e-05,6.8816494e-06,0.000120185185,7.3984197e-06,0.00015939069,0.00022034968,0.0005796322,0.00015627623,1.2528598e-05,4.2811516e-06,7.951703e-05,1.0333273e-05,8.395656e-05,5.0169176e-05,1.0100414e-05,1.0492184e-05,0.2024142,6.25508e-05,0.00012370218,5.9358445e-06,7.08926e-05,2.9575037e-06,0.00013976556,5.394866e-06,5.255992e-05
BC2026_Train_0003_S08_20250607_070007_045,1.3736021e-06,0.0010602837,1.770941e-05,0.00094348175,2.69299e-06,1.3242033e-08,1.1246386e-06,2.3427352e-05,1.8473926e-05,0.008819067,0.0092894165,3.4115996e-07,2.6253742e-06,1.955759e-07,8.242871e-07,5.6506666e-05,4.795135e-07,2.9838145e-07,0.005317171,5.2255696e-06,7.3735244e-08,0.00034157006,7.405187e-05,1.1597126e-08,5.0517137e-06,3.0591886e-07,0.00014380788,4.409463e-07,5.82662e-05,8.023877e-06,0.00012072421,4.0748673e-05,0.076984756,6.943498e-06,6.478971e-06,8.732395e-05,0.002410888,0.00020987008,9.131845e-05,0.013090495,5.1005267e-05,7.175557e-05,4.1459873e-05,7.425956e-05,0.00016941366,0.0003061374,0.0047996766,0.0035629575,0.0002494755,1.7174651e-08,3.2989406e-05,3.232258e-05,4.5716228e-05,7.65331e-05,0.0072333487,6.3975165e-07,0.0067024375,0.002985127,8.462602e-07,6.8344484e-08,5.033791e-05,5.195537e-08,3.54351e-06,0.0003635937,5.5302608e-05,2.1056087e-06,2.6784162e-06,4.6988072e-07,1.2383285e-07,4.3858752e-05,5.9575314e-07,1.3169665e-06,5.7238605e-05,2.0574902e-05,3.1748885e-05,9.597494e-06,5.9300255e-05,3.2461714e-05,2.7810707e-05,1.3137691e-05,7.237675e-05,3.8150883e-05,9.965406e-05,1.03882785e-05,7.566612e-06,6.989833e-07,1.0264221e-06,0.00010252016,4.57918e-05,2.622741e-05,3.386763e-06,1.4702275e-06,7.625343e-05,0.00074377307,0.0018957115,9.23375e-06,1.1554099e-05,0.84997165,0.00032600752,0.00016820339,0.002392647,8.6290265e-07,9.843425e-06,0.00016421004,1.1821271e-05,6.484462e-05,3.6269637e-06,2.2001038e-07,0.00024518216,8.922579e-05,1.2289346e-05,0.00044790187,1.617682e-07,5.9291375e-05,8.2833355e-07,0.00019900753,1.4587107e-05,5.172896e-05,9.182176e-05,0.00010450202,2.63633e-05,3.2610147e-05,7.1469636e-05,0.0005597963,7.0919205e-06,0.00027166566,8.232772e-05,4.2007537e-06,2.504569e-06,8.7677245e-06,9.945916e-05,2.1566648e-05,0.0003531614,4.632625e-05,2.5331852e-05,2.9594278e-06,0.00066701946,2.2799692e-05,2.9254795e-06,8.592519e-06,2.6461998e-07,0.002692742,1.7884153e-05,0.000119818666,1.887128e-05,1.6725159e-07,5.7890033e-05,2.539705e-06,0.0003719449,0.00011203276,1.0014294e-05,7.629408e-05,5.074048e-05,2.2629107e-05,7.720461e-05,5.1428968e-05,8.8839246e-05,7.019766e-06,5.912199e-05,6.020712e-06,0.00029948042,7.2836556e-05,6.199336e-06,5.202155e-06,2.8455495e-06,0.00020222622,2.5615249e-05,3.732641e-05,7.081746e-05,0.00073785905,0.00080129673,7.874404e-05,9.46934e-06,6.6176726e-06,0.032595593,4.627566e-06,7.569354e-06,7.678779e-06,1.797395e-05,3.0341882e-06,0.0010824327,7.8152317e-07,0.00010010342,0.0003450857,0.00037232772,3.8799717e-05,2.6380433e-06,1.9163828e-05,2.1626334e-05,9.433015e-06,5.7316713e-05,0.36332285,1.761139e-05,3.3870427e-05,2.5356507e-05,9.059516e-05,3.1172618e-05,7.316932e-05,7.486029e-05,3.6252153e-05,8.155964e-06,2.058917e-05,1.081112e-06,2.5762754e-05,8.816263e-06,0.00029662065,9.397495e-06,2.0331807e-05,3.6008038e-05,2.3754821e-05,1.6447073e-05,0.0006706199,5.3137046e-06,3.0937204e-05,0.00018826571,0.00034495775,5.3445947e-05,3.669546e-06,1.8623025e-06,2.3918195e-05,1.8058269e-06,1.6987626e-05,3.130268e-05,5.576041e-05,1.0127769e-06,0.18993635,1.6881748e-05,1.3866845e-05,8.597591e-07,8.119139e-05,4.6733394e-06,0.00013010425,4.0900154e-06,1.9634954e-05
BC2026_Train_0003_S08_20250607_070007_050,5.0939358e-05,0.19428644,6.460459e-05,0.004813945,2.4647832e-05,4.6835737e-07,0.000102318,1.3190165e-05,6.819703e-05,0.005731187,0.0012216672,2.7538722e-06,7.500649e-05,7.3055446e-07,1.2726862e-05,6.1499224e-05,1.8812796e-06,1.1422511e-06,0.001880089,6.810734e-05,1.8709306e-05,0.0028857393,0.000101416845,1.4697017e-07,5.441843e-05,7.974969e-07,8.702809e-05,7.732508e-05,0.001398318,0.0053467313,0.0004756643,0.00039416904,0.30918553,5.7563753e-05,0.00013450976,0.0011047254,0.0012367017,0.00033820615,0.0012841724,0.015593987,0.000320323,0.00059939787,0.0015461853,0.0013649818,0.17789653,0.23526852,0.684012,0.48487768,0.0026019597,2.9873536e-07,0.0018778372,0.0034465988,0.0064201495,0.002008059,0.33429626,1.1069357e-05,0.08927296,0.019078914,8.071948e-05,2.2000206e-05,0.0002333825,1.3227716e-06,0.0004245303,0.00016133982,0.0006049357,1.6594795e-05,7.0861104e-05,1.3289572e-05,4.4791966e-07,0.00069441897,1.1275897e-05,8.6656255e-05,6.729389e-05,0.000402804,2.9266344e-05,0.00028290338,0.00022326814,0.00016266861,8.279419e-05,2.9277928e-05,5.0874303e-05,1.6047064e-05,8.018589e-05,6.414442e-06,6.655685e-06,5.242836e-05,4.9651676e-06,0.0006225645,0.000101808706,1.1893348e-05,9.227987e-05,1.418955e-05,1.9022877e-05,0.00041394576,0.0007813125,0.0007259093,5.3679272e-05,0.35562387,0.00032969163,5.511996e-05,0.00019882942,1.19145425e-05,5.7677164e-05,0.0005970212,0.0004988553,0.00020122988,0.0005623166,3.2841122e-05,0.0034391151,0.000120090794,2.0512542e-05,0.00097575475,3.1692691e-06,0.000117895484,1.7896044e-05,0.000107881446,0.00013992797,0.0009829651,9.570068e-05,0.000100437115,3.4803874e-05,3.3827495e-05,7.991993e-05,0.00091050536,7.9401325e-05,0.00014426495,0.0015797415,1.9502084e-05,7.591367e-06,3.5778805e-05,3.6187113e-05,0.0010863252,8.552313e-05,1.29614855e-05,2.0803713e-05,4.691921e-06,0.0044203964,0.00056588324,4.1711104e-05,0.00014199899,4.064772e-06,0.0006134979,2.359855e-05,0.00011949302,3.505951e-05,1.4338816e-05,5.472829e-05,5.3019003e-06,0.0002122066,9.6319476e-05,1.9420182e-05,0.00042506648,1.5494685e-05,5.287543e-05,0.0011559427,0.00040143376,7.765265e-05,5.7967104e-06,0.001683921,1.680213e-05,0.00013654435,0.00039732046,0.00013998509,3.531401e-07,1.4847491e-06,0.0021202264,0.0004958809,5.012761e-05,4.254482e-05,0.00030697766,0.0007468374,3.2430955e-05,0.0003749191,9.214516e-05,0.0004536802,4.413756e-05,0.0001892408,5.6689464e-06,0.0001045707,1.9225223e-05,0.000104764935,4.1307435e-06,0.00013719652,2.1982569e-05,3.5792626e-05,3.6543544e-05,7.257925e-06,7.196429e-05,0.00095213,0.00013295126,6.451981e-05,0.0012597218,0.00020576005,0.0019732858,0.00018893629,0.0002884348,0.000111071065,3.4379915e-05,3.991227e-06,2.0804247e-05,0.000108063876,0.00010743292,2.2614953e-05,0.00054218573,7.99974e-06,4.4731165e-05,0.00015233776,0.000113339054,0.0001253858,0.00020973304,0.00012722767,0.0006123503,1.0098036e-05,0.00014641201,0.00029334374,0.0019893139,0.000184553,5.021047e-06,2.8341496e-05,0.00017968536,2.3531964e-05,0.000100772704,0.00024145693,1.5967791e-05,3.0112053e-05,0.0048873415,5.7597965e-05,0.002350248,1.1842248e-05,0.0001782827,3.2951941e-06,5.4478453e-05,1.7001223e-05,0.00023136368
BC2026_Train_0003_S08_20250607_070007_055,9.281009e-06,0.09715155,3.4280452e-05,0.0026254535,3.6205324e-06,2.6984756e-08,1.4967429e-05,8.2719425e-06,0.00013276604,0.0061060903,0.00030203062,1.471281e-06,2.5320136e-05,3.6459267e-06,1.0044759e-05,8.0025486e-05,7.9951263e-07,1.0412949e-06,0.0109063545,3.5610577e-05,3.601911e-06,0.005522127,3.6229514e-05,8.3513626e-08,2.305342e-05,7.7670916e-07,5.49099e-05,3.630622e-06,0.0011357145,0.00021483056,0.00030932,0.0011925771,0.8897857,2.0032887e-05,0.00013804187,0.001993366,0.005939523,0.00063953846,0.00078256696,0.27251256,0.0001804444,0.0005463931,0.0016320694,0.0016047583,0.05034357,0.04101295,0.40949443,0.28485635,0.0032647934,9.930322e-08,0.0007355206,0.0035659145,0.0013891793,0.0004389794,0.7586745,3.4494924e-06,0.0066321883,0.012035679,1.985799e-05,1.7196109e-06,0.0016357439,1.132656e-07,2.006235e-05,0.00086912635,0.00063013355,9.126714e-06,5.4248372e-05,6.3835023e-06,4.3875713e-07,2.377522e-05,5.3419774e-07,2.750875e-06,0.001288855,1.3539695e-05,6.9707254e-05,4.531413e-05,0.00025183233,3.588159e-05,4.7017755e-05,6.057208e-06,0.00016881234,7.184041e-06,3.7416965e-05,1.2966629e-05,3.4365062e-06,1.4066039e-06,5.3905796e-07,0.00012811016,0.0001586146,3.0641324e-05,1.5297253e-05,1.0436856e-05,2.393218e-05,0.00092053413,0.0005506649,2.172705e-05,6.233953e-06,0.97220933,0.0002330554,9.656034e-05,0.0006589869,5.857221e-05,3.911119e-06,0.00029110876,0.00014729546,0.00052002305,5.8962767e-05,2.9883674e-06,0.00024154165,8.1130944e-05,0.00010815161,0.00029972778,5.9315437e-07,0.00033638356,5.29669e-06,6.0313305e-05,4.075054e-05,5.220894e-05,4.252754e-05,0.00014159648,2.308226e-05,4.405438e-05,7.614386e-05,0.0033943083,1.8472692e-05,0.00012310804,5.1710613e-05,1.4066888e-05,3.527474e-06,3.5066332e-05,1.8681458e-05,9.71721e-05,7.381217e-05,1.7745062e-05,2.7916108e-06,2.8269185e-06,0.0010225674,3.114323e-05,5.1253196e-06,2.4976996e-05,1.8728464e-06,0.014067515,4.6750487e-05,5.485704e-05,3.7808118e-06,3.3505688e-07,5.327711e-05,1.5308885e-06,0.0002765982,4.0026764e-05,1.870449e-05,0.00050660357,9.706893e-06,5.355426e-05,0.000565743,5.18036e-05,0.00023594385,5.5697647e-06,0.00014584756,7.3183733e-06,0.0039716433,0.00014265925,3.6102767e-05,1.6540839e-06,7.6157215e-07,0.00085487246,0.00038997954,3.4109187e-05,6.1921106e-05,0.00011677315,0.00068448734,0.00034101077,2.5521837e-05,1.7358374e-05,0.013757691,1.2580176e-05,1.4013318e-05,1.3124229e-05,4.0906827e-05,1.25699835e-05,0.00070741645,3.7565233e-06,6.875087e-05,0.00016550957,9.99307e-05,2.1188505e-05,4.73965e-06,1.8811892e-05,1.885732e-05,1.268143e-05,2.5495636e-05,0.00027335132,1.7055983e-05,7.1906055e-05,8.679486e-05,0.00037613537,0.00013057927,7.118131e-05,1.1037743e-05,2.052524e-05,9.807031e-06,7.158969e-05,3.180586e-05,0.00012723265,1.7280329e-06,0.00015992565,4.010073e-05,2.1747986e-05,2.8504915e-05,0.00016960308,2.4231975e-05,0.0006479699,1.2552038e-05,0.00025651976,0.00017666847,0.00104586,0.0004896713,2.2497508e-05,1.16633455e-05,2.5484578e-05,1.2035777e-05,7.802661e-05,5.51237e-05,3.8723538e-05,9.752174e-06,0.41106904,2.1100768e-05,5.6097484e-05,5.295437e-06,0.0001207561,1.0109666e-05,9.617099e-05,3.913306e-06,9.6704636e-05
BC2026_Train_0030_S22_20211212_224500_000,4.7545714e-07,0.0005711728,1.07008655e-05,0.055922873,3.2242103e-06,8.7242356e-08,4.337464e-05,0.0023487548,0.0035878038,0.013248286,0.82619923,1.0748872e-06,0.00010513572,9.956026e-07,6.5435634e-06,0.0020654376,5.678133e-07,1.693516e-06,0.010093083,0.00022364888,1.2456192e-06,0.0148719605,2.1201398e-05,4.291155e-08,0.0005649326,2.7292278e-06,0.00024232591,0.00019557154,0.00011951729,8.66228e-05,0.0014007937,6.990622e-05,0.015231467,1.1150016e-05,1.0159218e-05,0.0013984799,0.00016734928,2.5359624e-05,0.0008023531,0.0009979445,0.0027016373,0.0006002494,4.9758033e-05,0.00088411383,0.0001951087,0.00032408838,0.0003562017,0.0001462089,6.9923095e-05,5.0525628e-08,5.17718e-05,1.556591e-05,8.195581e-05,0.0024427257,0.0037689053,4.9479668e-06,0.00015032066,0.850851,0.000103719816,6.838092e-05,0.016494168,2.620366e-06,0.00097010453,0.02657099,0.28855026,1.3922032e-05,0.00019167953,8.885774e-06,1.12553735e-07,0.0005082391,2.6301304e-06,0.00014502574,1.0694387e-05,0.00027314917,6.2913186e-06,8.154117e-05,0.0003128552,4.4257515e-05,0.00014604043,2.4302442e-05,6.19621e-05,6.5013896e-06,8.648101e-06,2.5227513e-05,3.1989364e-06,3.724122e-05,4.261527e-05,0.0020032187,3.290589e-05,0.00010769971,5.3847696e-05,7.967754e-06,4.1730073e-06,0.0018309279,0.00046665096,8.2337e-06,0.00044381904,0.00034346466,7.2442686e-05,0.00019085885,0.00014867068,1.5267842e-05,0.0003049515,8.423467e-05,0.000105483974,3.1568703e-05,2.5982717e-05,2.5059093e-05,4.4277986e-05,9.668601e-05,1.6569415e-05,8.196285e-05,7.769767e-06,0.00010934142,4.787103e-06,0.00016978626,3.889315e-05,3.92627e-06,0.00012317076,6.38795e-05,1.0128938e-05,4.9528757e-05,0.00024895513,0.00037967743,6.388748e-05,3.8049802e-05,9.978967e-05,2.3890178e-05,1.3741585e-05,2.4723236e-05,4.446226e-05,0.00016576417,0.00010099724,0.00010874613,3.7970927e-05,2.858842e-06,6.3358726e-05,0.00032813568,6.679868e-06,0.0011264279,4.9509585e-05,5.269713e-05,7.2071675e-06,9.443789e-06,0.000739247,2.3894827e-06,1.6611197e-05,8.070183e-06,0.00013934958,0.0002820104,0.00010640847,0.00012851061,5.395384e-05,1.093392e-05,2.9381112e-05,0.00013985514,0.00018537663,2.2581895e-05,0.00018458873,8.848607e-07,6.9748035e-06,8.376472e-05,1.955005e-06,4.7268437e-05,3.062552e-05,0.0025660794,1.0260606e-05,3.3984088e-05,7.023356e-06,0.00090452784,5.369156e-05,1.4788195e-06,9.998787e-06,9.950151e-06,0.000560609,2.832907e-06,1.8977831e-05,7.9262965e-05,5.206197e-05,2.9488481e-05,0.000103373335,7.1387135e-06,0.00021040044,3.372214e-05,0.00012883599,4.842113e-05,1.15074e-06,6.5659515e-05,3.6977995e-05,7.661348e-06,0.0001058466,0.00018948078,0.003756033,3.0340838e-05,5.841814e-05,5.427099e-05,0.00027090448,2.6683338e-05,0.00026008673,5.918818e-06,6.878977e-05,1.1804349e-05,1.1377133e-06,0.00027823914,0.00014274212,9.70792e-05,9.636385e-05,3.2664087e-05,1.6520911e-05,6.746937e-05,0.00026051162,0.00026743335,4.545366e-05,1.3915263e-05,0.0025941853,0.0028580502,4.0136198e-05,1.9809986e-06,0.00026413685,1.465286e-05,2.4407516e-05,1.893542e-05,2.0596515e-05,1.2243817e-06,4.8667407e-05,0.0005576509,7.487715e-06,0.00012105193,6.782607e-07,5.2381383e-05,5.4834613e-06,0.00071011455,4.609015e-06,6.9157504e-05
BC2026_Train_0030_S22_20211212_224500_005,2.3765419e-07,4.1197152e-05,1.3909287e-06,0.009091131,3.7719378e-06,7.2960873e-09,4.149609e-06,0.00013690157,0.0066522104,0.009929276,0.89214736,1.11841864e-07,2.143781e-05,4.393328e-08,4.2851482e-07,0.00082305504,6.3434165e-08,7.434745e-08,0.0068747015,5.4366352e-05,4.1160652e-07,0.0029314517,4.223248e-06,4.445189e-09,0.00039818272,2.3236022e-07,8.758414e-05,2.345091e-05,6.3081707e-06,0.00013814602,0.00024210307,8.50145e-06,0.0012971485,8.1196214e-07,2.7547758e-06,6.3128165e-05,3.1006252e-06,8.498836e-07,0.00028435604,5.88222e-05,0.00031149245,7.948148e-05,6.215521e-06,3.208641e-05,1.8665001e-05,5.4283257e-05,6.237365e-05,3.7380018e-05,9.871552e-06,3.015992e-09,2.263964e-05,2.595805e-06,1.164454e-05,0.00024781225,0.00022296821,1.2967245e-06,1.4663232e-05,0.560842,6.9246576e-06,5.956843e-06,0.009030797,1.8934613e-06,0.0024507619,0.014307291,0.047082826,7.077185e-06,2.4344916e-05,9.758934e-07,4.01356e-08,0.00026522548,1.7120577e-07,7.0291666e-05,2.903004e-06,0.0001717082,1.3405728e-06,5.7462512e-05,4.953424e-05,1.5499267e-05,7.941238e-05,1.2223133e-05,5.12254e-05,1.0209188e-06,1.606377e-05,1.9598192e-05,6.1994597e-06,6.926086e-05,1.7091625e-05,0.009616275,6.3086095e-06,1.6845852e-05,0.00012092618,7.1130944e-07,1.0790459e-06,7.7258745e-05,0.00020612273,2.2193695e-05,3.1418447e-05,7.356475e-05,1.1730386e-05,9.164366e-05,9.019336e-06,9.859685e-07,0.00024929288,7.988191e-05,8.063908e-05,1.5638062e-06,1.3536535e-06,4.3228633e-06,5.6882577e-06,1.1758678e-05,3.686484e-06,2.3981667e-05,1.9020998e-06,3.21034e-05,8.425158e-07,4.250394e-05,3.0922536e-06,4.212163e-06,1.7602473e-05,5.5217344e-05,5.1555617e-06,9.190473e-06,6.097733e-05,7.928852e-05,3.1161024e-05,3.671089e-05,0.00016439192,1.3109792e-05,3.064204e-06,2.6461514e-06,2.186096e-05,5.6819525e-05,1.3566709e-05,2.7735563e-05,1.9801844e-05,2.621841e-06,4.6894307e-05,0.0002671087,4.5032866e-06,0.00012771264,3.7246187e-05,1.1877558e-05,5.1855814e-06,3.301561e-06,0.00029923866,2.7638544e-06,1.4995146e-05,3.0306255e-06,1.891232e-05,0.00013716695,5.7742276e-05,4.3819076e-05,5.927029e-05,2.9121268e-06,2.949164e-06,4.0274415e-05,2.9542074e-05,2.0866679e-05,2.2957722e-05,5.6286717e-07,1.920592e-06,5.0780367e-05,7.0578756e-07,1.9270262e-06,1.2317834e-05,0.010482061,2.23576e-06,8.240181e-06,1.4377213e-06,0.00039099672,8.053622e-06,2.624192e-07,9.802e-07,1.1096637e-06,6.8916685e-05,1.9678562e-07,2.1103988e-05,3.7262553e-06,1.0972465e-05,9.449258e-06,3.291113e-05,1.012494e-06,6.401622e-05,4.6617433e-06,1.236291e-05,5.745685e-06,3.9806375e-07,7.515985e-05,4.512861e-05,6.0493567e-06,2.4959185e-05,0.000109325476,0.00042130207,1.14524055e-05,1.2479456e-05,1.3151755e-05,6.962547e-05,5.3833905e-06,0.0001501071,2.4661463e-06,1.4603852e-05,3.5124313e-07,4.8975744e-07,0.0004538303,1.1498337e-05,7.4527015e-05,5.996816e-05,1.14394925e-05,1.273408e-06,3.8730886e-05,4.9407707e-05,2.5198011e-05,1.40245465e-05,1.8642445e-06,0.003061677,0.00049194926,1.4886375e-05,1.0999167e-06,2.9564451e-05,1.0107641e-05,7.0139577e-06,3.3347364e-06,2.028428e-05,3.8576655e-07,1.6404763e-05,4.272318e-05,1.1541262e-06,5.4830103e-05,1.8416247e-07,2.6979025e-05,7.0042194e-07,0.00018946054,2.0984844e-06,3.521868e-05
BC2026_Train_0030_S22_20211212_224500_010,6.5839913e-07,0.00015449089,2.4515164e-06,0.051983856,8.068282e-06,2.3169147e-08,7.1105233e-06,0.00056877756,0.0329362,0.021272102,0.81099343,3.5409417e-07,0.0001228114,2.7220148e-07,1.9927504e-06,0.0075945766,4.3906266e-07,5.58078e-07,0.029433515,0.00021930525,3.897272e-06,0.013371028,1.172561e-05,2.3263377e-08,0.0006135409,2.4866074e-06,0.00021957808,4.4948694e-05,2.637577e-05,3.7219987e-05,0.0018951116,6.515585e-05,0.006366704,5.910098e-06,6.7290684e-06,0.00059295265,3.1738924e-05,5.9051567e-06,0.0011283557,0.00042314915,0.0029998145,0.0004721462,6.0010214e-05,0.0004262127,7.884172e-05,0.00017640217,0.0002810026,0.00017126261,3.812677e-05,1.710417e-08,8.4433705e-05,1.859016e-05,0.00013445757,0.0013040415,0.0023262866,1.5970587e-06,3.104659e-05,0.8949409,1.937715e-05,2.3031556e-05,0.026850302,1.7436817e-06,0.0025287168,0.060417976,0.109808974,9.390149e-06,0.0002269503,4.7508142e-06,5.8407092e-08,0.0002320169,2.7054438e-07,6.0139573e-05,1.2682337e-05,0.0003460711,2.1536598e-06,2.0775262e-05,0.00015649843,3.8326612e-05,0.000110675115,1.148432e-05,6.248718e-05,4.2957518e-06,3.0452764e-05,4.2822543e-05,3.213773e-06,5.1165105e-05,7.7569755e-05,0.0051924507,1.572742e-05,0.00013668204,3.298547e-05,2.2459105e-06,2.4267642e-06,0.00014303015,0.00019084066,2.589485e-06,6.3949956e-05,0.00022421213,4.813628e-05,9.510035e-05,5.043218e-05,5.234353e-06,0.00035458792,0.00020772559,6.6824316e-05,6.7732485e-06,8.1340895e-06,1.9627447e-05,1.5311367e-05,5.0474086e-05,9.103071e-06,1.8248275e-05,5.0118183e-06,5.9109985e-05,3.4765071e-06,0.00012837013,7.4451486e-06,7.787437e-06,5.332031e-05,7.680646e-05,9.4868565e-06,4.3604858e-05,8.338846e-05,0.00014763433,6.991323e-05,5.8029924e-05,0.00018799969,2.1967606e-05,5.9550084e-06,6.393842e-06,1.8719533e-05,0.00014667529,3.687573e-05,0.00021625128,2.6785472e-05,5.296225e-06,0.00024155316,0.00010768605,7.5013804e-06,0.00030687643,1.6297263e-05,7.731144e-05,3.527408e-05,1.107052e-05,0.00023854306,2.0232128e-06,9.546885e-06,4.7587814e-06,3.7206148e-05,0.00012118521,0.00026561116,0.00015465243,8.7118424e-05,4.421243e-06,7.2052426e-06,7.559228e-05,4.1169227e-05,1.1955608e-05,3.3756824e-05,7.754694e-07,2.930422e-06,3.1538344e-05,1.3701665e-06,1.0091383e-05,1.8145904e-05,0.0044076373,3.8108644e-06,1.77163e-05,1.2006098e-05,0.00019764488,1.9121602e-05,7.471327e-07,1.7127973e-06,3.1740938e-06,0.00016391452,9.764054e-07,2.2844351e-05,3.0171124e-05,2.794592e-05,6.923529e-06,9.3765026e-05,3.5896105e-06,0.00014043551,1.1014505e-05,3.2030584e-05,3.9842176e-05,1.3629217e-06,0.0001082006,2.5318448e-05,3.969885e-06,0.00012645854,0.00015457474,0.00095621235,1.6342865e-05,3.21241e-05,8.703381e-05,0.00024581462,6.554067e-06,0.00018045402,4.658037e-06,4.1542346e-05,3.0328172e-06,1.9085924e-06,0.00022992327,5.2920273e-05,0.00012285181,1.6679407e-05,1.7769229e-05,2.1550259e-06,6.614417e-05,6.986791e-05,0.000120300865,3.1502874e-05,5.636134e-06,0.0017844262,0.001992447,4.96698e-05,2.1783565e-06,0.0001531956,9.063034e-06,2.0769676e-05,1.1286828e-05,0.00010008023,2.6340763e-06,2.1100646e-05,0.00021720078,2.9632713e-06,6.1153245e-05,4.5723917e-07,5.3345942e-05,1.6213178e-06,0.00017059162,2.6741616e-06,5.471175e-05
BC2026_Train_0030_S22_20211212_224500_015,7.331907e-07,0.00010543892,1.8478065e-06,0.062140033,4.5411393e-06,7.137892e-08,5.0035896e-06,0.0010882149,0.004756236,0.081395574,0.9546617,5.436658e-07,0.000103232866,4.5429488e-07,2.0590896e-06,0.008041814,1.5453235e-06,5.939831e-07,0.01648574,0.00033817298,1.0782055e-06,0.005416021,0.00011222051,3.4111274e-08,0.00021340213,4.9588084e-06,7.24018e-05,0.00014632786,7.8612284e-05,0.00026359945,0.002506641,3.5284236e-05,0.016274156,1.2363922e-05,8.508572e-06,0.0003744021,7.229639e-05,7.58484e-06,0.0021362891,0.00073058275,0.0043850876,0.0011425633,9.78369e-05,0.00036832324,0.00014295665,0.00017354611,0.0004138123,0.00035835002,2.5909276e-05,2.6588701e-08,0.0001052326,1.938765e-05,8.756677e-05,0.0024893475,0.0012090495,4.424807e-06,0.00019217399,0.9528073,3.1356696e-05,9.677177e-06,0.00820844,1.9976158e-06,0.001728314,0.038091738,0.013158012,2.9591896e-05,0.00030925072,2.4542417e-06,1.901364e-07,0.00037028914,7.785476e-07,5.365522e-05,1.4569035e-05,0.00012301968,4.327875e-06,5.3285694e-05,0.00045510003,1.7944287e-05,0.00015143867,4.0624705e-05,6.930843e-05,6.5495506e-06,1.0456633e-05,9.592828e-05,1.3380539e-05,3.8362447e-05,3.135897e-05,0.0009883554,4.3773176e-05,0.00011832334,6.226964e-05,5.6629215e-06,1.1713606e-05,0.000306889,0.00017929496,1.1947208e-05,0.00049391045,0.0011140109,0.00011081071,0.00031835504,5.4910317e-05,8.568536e-06,0.00014479982,0.00027452037,0.00014697782,4.3527456e-05,9.075143e-06,1.3027688e-05,2.641413e-05,0.00013535368,1.1784105e-05,7.1117465e-05,4.1808507e-06,3.089628e-05,3.877542e-06,0.00020484805,9.755773e-06,6.1991523e-06,2.9469984e-05,9.7012664e-05,6.8502595e-06,2.7026614e-05,8.071039e-05,0.0001783444,6.105978e-05,3.8172682e-05,0.0001673654,2.2255159e-05,1.0250298e-05,3.526752e-05,2.8205683e-05,6.437642e-05,8.5108295e-05,3.1001262e-05,3.536475e-05,4.3812715e-06,5.7691857e-05,0.00033186688,5.6060344e-06,0.0014618963,2.4491828e-05,3.236419e-05,9.592516e-06,1.7635153e-05,0.00026120202,2.403183e-06,1.793719e-05,3.7743955e-06,7.378585e-05,0.000628654,8.181066e-05,0.00015548713,0.00016454952,1.0920372e-05,1.1824066e-05,0.00043340627,5.8231097e-05,1.2276449e-05,7.703621e-05,1.8295702e-06,4.0803698e-06,0.00018216013,4.7990375e-06,6.860313e-05,1.2227014e-05,0.017028157,1.806634e-05,2.3155855e-05,2.0698433e-05,7.775298e-05,4.6829733e-05,5.2200553e-06,5.110911e-06,7.2651897e-06,0.00028749337,3.0255922e-06,1.0323757e-05,1.500433e-05,2.2641927e-05,1.4388786e-05,0.0001173496,1.2890724e-06,0.0002650124,1.6322476e-05,5.7913665e-05,4.3248743e-05,3.135066e-06,0.00010266103,3.4796507e-05,8.831258e-06,0.00010474125,0.00020415039,9.2026356e-05,3.7743124e-05,6.377894e-05,0.000113055066,0.00019789813,1.4054162e-05,0.00022940322,1.1307233e-05,3.86808e-05,3.967773e-06,2.3222208e-06,0.00022336822,0.00020070313,5.7688e-05,5.5252953e-05,2.3722607e-05,2.2245633e-05,6.99465e-05,7.2059745e-05,0.00025548926,1.5018116e-05,6.0306015e-06,0.0041325726,0.0024157856,2.7609552e-05,6.865138e-06,0.00013233049,2.1856895e-05,5.371779e-06,2.1636588e-05,8.041846e-05,5.5988426e-06,3.4294546e-05,0.00021219812,3.999556e-06,3.0487863e-05,7.3191995e-07,8.926094e-05,9.6180365e-06,0.00021980013,8.782377e-06,3.6061818e-05
BC2026_Train_0030_S22_20211212_224500_020,4.602541e-05,0.0006717012,7.7208366e-05,0.053133257,9.925622e-05,5.8719684e-06,0.000138938,0.0038787425,0.0136510115,0.028085811,0.7730088,2.3468921e-05,0.00060175906,1.792479e-05,3.237845e-05,0.016815862,1.1780778e-05,1.2556587e-05,0.035931792,0.0031682733,1.784541e-05,0.052283216,0.0022689137,1.3799886e-06,0.0023736253,0.000111154324,0.0007074933,0.0015098944,0.0002983146,0.0014539673,0.002942137,0.0002891297,0.016176024,9.447838e-05,7.9094134e-05,0.0015769573,0.00034491436,8.018153e-05,0.002494329,0.0026465394,0.0042939186,0.0021892302,0.0003926741,0.0011106096,0.00043818692,0.00059497025,0.001458868,0.0009944461,0.00030782787,1.3223239e-06,0.00036681924,0.00014421722,0.00046665763,0.0021121667,0.0032590944,9.7576005e-05,0.00080017553,0.6847389,0.00036553564,0.00017750176,0.035620354,5.614378e-05,0.0048410334,0.12509686,0.08621885,0.0008321064,0.0009609048,0.00012068036,6.5894837e-06,0.0021309159,2.2241093e-05,0.0010001922,0.00012385278,0.00069029146,0.00010186483,0.00069794833,0.0007133407,0.00035956042,0.00080841134,0.00045429816,0.0009816263,8.826647e-05,0.00013280669,0.00047500798,0.00031957324,0.00033184537,0.00018659208,0.0030955516,0.0002919696,0.00031291996,0.0047799065,5.3175994e-05,0.00010603784,0.00078132073,0.0012004748,0.0008557563,0.0013661179,0.0012296811,0.0007222996,0.002054684,0.00041483087,0.00011451657,0.0030219448,0.002714181,0.0014336038,0.0003550126,8.628924e-05,0.00014871676,0.00031079713,0.00041220037,0.00028841334,0.00064458256,5.9043792e-05,0.00028548908,7.143318e-05,0.0006568982,0.00015363006,9.0311645e-05,0.00021969558,0.0003804407,0.000304276,0.00027043765,0.0005217959,0.0019826274,0.0013565102,0.0007565698,0.0021036942,0.00014930144,0.00018063256,0.00031667564,0.00034475097,0.0004888067,0.0005174426,0.00014428022,0.0002504347,9.568982e-05,0.00090799684,0.0025501966,7.9669815e-05,0.0022025073,0.00037118932,0.00042888886,0.0002037228,0.00012363448,0.0022894116,9.0128146e-05,0.00028950677,6.9018555e-05,0.00014815696,0.0031315547,0.00027297993,0.00067890534,0.0007585435,0.00027212242,0.000111511785,0.00101597,0.00060210185,0.00034404406,0.00065676833,3.8642822e-05,6.77771e-05,0.0013511722,0.00014191061,0.00021012194,0.00012566135,0.027182356,9.1719725e-05,0.00048889336,0.00030792385,0.0021804867,0.000678982,5.4587712e-05,6.3645944e-05,0.00011770306,0.002458876,3.9576946e-05,0.00015201347,0.0001862723,0.00026776936,0.00041570733,0.00032532198,5.106898e-05,0.0010035838,0.0003035994,0.00023226149,0.00015154107,4.8653485e-05,0.000574833,0.0012521626,9.6764226e-05,0.0006254802,0.0010031187,0.0012809419,0.00024247059,0.00019710307,0.0004987336,0.0007643313,0.0003388584,0.0012449904,0.0001957053,0.00060562766,3.710272e-05,3.2633696e-05,0.0013610823,0.0009449297,0.00050438504,0.0011312374,0.00044011156,0.00022129607,0.00059744384,0.000426495,0.00041986478,0.00017588504,9.337368e-05,0.030076561,0.007655826,0.0002619347,6.193823e-05,0.0009782126,0.00043583574,0.00013673874,0.00027703104,0.00036601003,3.878104e-05,0.0003337296,0.000540371,4.13699e-05,0.0006239578,1.9383804e-05,0.00028478474,9.941366e-05,0.0010568368,0.0002948185,0.0003440073
BC2026_Train_0030_S22_20211212_224500_025,1.6077482e-07,9.384286e-05,1.9712234e-06,0.0159338,3.1613483e-06,1.6371576e-08,1.7357595e-05,0.001507399,0.0031310846,0.005133169,0.64706475,6.861289e-08,5.1967625e-05,1.9100075e-07,2.81651e-06,0.003408986,6.126045e-08,1.1941162e-07,0.009469706,7.940466e-05,3.0769488e-07,0.0061116144,3.9403378e-05,3.1434295e-09,0.0003055114,2.520138e-06,0.0005225821,5.7676014e-05,7.2655503e-06,7.5885227e-06,0.0001765452,9.8088185e-06,0.0013883711,1.5860514e-06,9.742326e-07,6.743033e-05,1.0329578e-05,1.263667e-06,0.00014719492,6.049308e-05,0.00025475974,0.00014060877,5.8236064e-06,5.4397467e-05,2.2188467e-05,3.19992e-05,7.8023855e-05,2.3204155e-05,1.0027253e-05,1.4295777e-09,6.8544023e-06,2.1822946e-06,8.553163e-06,0.00016646426,0.00022728463,3.945138e-06,2.3918648e-05,0.6121968,2.8354852e-05,4.2862663e-05,0.008171403,5.040974e-07,0.0003351542,0.01568893,0.118184604,3.6221914e-05,4.3735705e-05,5.077482e-06,1.3224063e-08,7.219614e-05,1.4036702e-07,2.568626e-05,1.7901956e-06,0.00043828116,1.4108681e-06,2.947102e-05,3.780465e-05,4.8512968e-05,5.8852835e-05,4.109326e-06,2.6908032e-05,9.771684e-07,1.7089533e-06,6.633001e-06,2.3541113e-06,2.1866987e-05,2.7384442e-06,0.0013430421,7.1231134e-06,2.0446781e-05,1.48875515e-05,1.3138391e-06,1.0149059e-06,8.1063365e-05,0.00015811807,7.683481e-06,2.980385e-05,0.00013670589,2.391199e-05,0.00012735669,6.479787e-06,1.7862204e-06,0.00019110285,4.779127e-05,9.094087e-05,5.0808726e-06,1.1239267e-06,9.517395e-06,1.37757115e-05,7.3644064e-06,4.1650396e-06,1.2132987e-05,1.379019e-06,1.2119699e-05,7.337972e-07,7.166154e-05,2.7113174e-06,1.3796709e-05,6.966853e-06,1.919117e-05,2.054359e-05,5.829827e-05,3.1530555e-05,6.492302e-05,2.3158042e-05,3.376854e-05,0.00014715269,5.027482e-06,2.267514e-06,9.921204e-06,1.4862471e-05,2.2876486e-05,2.4328065e-05,3.8368853e-05,1.7724515e-05,3.977241e-07,7.746871e-05,0.00010763678,2.080564e-06,0.00026709112,2.9418436e-06,4.8569946e-05,8.500198e-07,1.1411818e-06,0.0003611723,3.0307442e-06,1.8836384e-06,3.94656e-06,8.224283e-06,0.00032069336,4.509316e-05,0.00019888536,9.8654245e-06,4.718251e-06,1.5113569e-06,4.3320855e-05,1.5589992e-05,7.771316e-06,0.00017835444,8.301778e-07,7.0650873e-07,2.8441054e-05,2.478548e-07,1.1232773e-05,5.15391e-06,0.0011616667,9.448928e-07,1.2275701e-05,2.8433928e-06,0.00042567778,1.5858497e-05,5.8205904e-07,2.185304e-06,2.6069438e-06,0.0001282638,1.2647063e-06,4.0194127e-06,1.7020366e-05,7.652833e-06,7.036448e-06,9.663048e-06,4.0591524e-07,3.277114e-05,2.3513269e-06,8.807388e-06,5.2511073e-06,3.2489388e-07,1.30704575e-05,2.4917968e-05,9.136703e-06,3.076248e-05,0.00013328536,0.0017149282,9.678425e-05,7.816112e-06,1.6213551e-05,3.9473478e-05,3.594986e-06,0.00019452747,6.0485268e-06,4.058939e-05,3.6244294e-06,2.0637556e-07,8.6733475e-05,5.123097e-05,6.736279e-05,4.1017647e-05,1.3466333e-05,4.2291953e-07,4.7580903e-05,3.0683055e-05,9.577727e-05,2.2765862e-06,9.481297e-07,0.015364338,0.0003676493,1.7496566e-05,3.3560087e-07,7.3131305e-05,6.3112698e-06,7.660113e-06,5.312676e-06,1.0283578e-05,5.045081e-07,8.788805e-06,4.8928e-05,6.453815e-07,2.5874166e-05,7.4098566e-08,1.693186e-05,1.0656815e-06,3.1251406e-05,4.0671916e-06,5.0681015e-06
BC2026_Train_0030_S22_20211212_224500_030,2.7462082e-08,2.2623388e-05,3.0189693e-07,0.0068987045,3.293955e-07,2.643456e-09,5.859963e-06,0.00048300668,0.0041431515,0.0019853427,0.61696446,3.5882817e-08,9.15563e-06,9.590676e-08,1.9869668e-07,0.010939536,3.4110755e-08,2.455575e-08,0.0047516446,4.384261e-05,1.6469629e-07,0.040443383,5.242156e-06,3.9662143e-10,0.00025661784,5.908025e-07,1.027162e-05,5.2192157e-05,4.4925414e-06,1.9879553e-05,5.069159e-05,3.1932123e-06,0.00047680372,3.092886e-07,1.592282e-07,5.4760396e-05,3.3743154e-06,1.7698373e-07,4.715858e-05,1.8602132e-05,0.00010689174,2.596144e-05,3.4595832e-06,1.7376775e-05,9.416388e-06,1.1880345e-05,1.3213344e-05,5.3941617e-06,8.7394386e-07,2.2556777e-10,6.8157607e-07,8.5110105e-07,2.3734779e-06,0.00012628766,4.400681e-05,3.4534347e-07,2.62735e-06,0.81886417,2.921969e-06,1.1845466e-05,0.0021513626,3.2226873e-07,0.00016138583,0.31412974,0.349341,2.2751885e-06,3.0759344e-05,1.6504345e-06,5.532673e-10,0.00021488588,5.7662004e-09,4.2538595e-06,1.6276867e-06,5.07841e-05,5.960976e-08,7.3470023e-06,4.500887e-06,2.0589168e-06,1.370673e-05,9.994563e-07,2.8969422e-05,4.6983896e-08,1.1209087e-07,8.706214e-07,8.911268e-08,2.624728e-06,9.501296e-08,2.2851826e-05,2.6420946e-06,3.0278811e-06,9.237743e-05,3.6327341e-07,5.93888e-08,1.46194725e-05,1.8462459e-05,5.9579625e-06,9.972023e-05,2.3037948e-05,2.425952e-06,6.635196e-06,1.7577295e-06,6.768611e-07,9.7405555e-06,3.9428713e-05,3.6405072e-05,3.5997477e-06,4.8831214e-07,1.3196367e-06,7.664328e-07,4.5818565e-06,1.7469141e-07,1.6429688e-06,3.041125e-07,4.2118413e-06,1.486445e-06,4.458643e-06,1.1327267e-06,8.777042e-07,2.9821078e-07,5.390999e-06,1.0230134e-06,4.019869e-06,3.0247065e-06,1.7176035e-05,2.9451692e-05,8.091444e-06,3.2596872e-05,9.956528e-07,3.6137777e-07,8.075324e-06,5.0219575e-07,1.0923008e-05,1.1346445e-05,2.0628436e-06,1.2788103e-06,3.2977238e-07,2.347089e-05,2.7481177e-05,1.17887815e-07,0.0011048581,2.3955722e-06,1.0430939e-06,7.040847e-08,6.9239513e-07,0.00019449074,1.0674311e-06,5.980444e-07,2.0798723e-07,1.020916e-06,9.37451e-05,1.037995e-05,8.7650415e-06,4.9402155e-07,1.2644049e-06,1.6393035e-06,7.343507e-06,4.9991017e-06,3.2424973e-07,8.832833e-06,1.5464808e-07,4.6796174e-08,4.5376746e-05,1.2443351e-07,1.1488397e-06,1.227611e-06,0.0002169518,5.0639187e-07,6.0507764e-06,3.2344795e-07,1.7012399e-05,2.7959645e-06,3.2843747e-08,1.1282035e-07,1.0072106e-06,7.283433e-05,2.0505515e-06,4.2696274e-07,8.487528e-07,5.2666013e-07,1.5418024e-06,1.2277117e-06,1.0024942e-07,4.4112107e-06,4.9814037e-07,1.6794286e-06,3.7702043e-07,4.4589733e-08,4.407077e-06,8.088136e-07,1.5984315e-06,4.6888385e-06,3.723499e-06,0.00015614739,6.754895e-07,3.8112896e-06,2.475383e-06,2.91577e-05,9.644651e-07,2.7972343e-05,5.140128e-07,6.592413e-06,3.8096434e-06,3.7918465e-08,8.0638665e-06,2.2261123e-05,4.314667e-06,5.5680546e-05,1.3019375e-06,3.292652e-07,4.2594534e-06,2.090303e-05,5.9760073e-06,6.976407e-07,9.2881385e-07,0.0014447619,0.0014638507,5.403944e-06,1.04247285e-07,7.791738e-06,3.8585154e-06,2.470847e-07,6.2284107e-07,8.224716e-07,4.940522e-08,2.4506678e-06,2.622088e-05,4.3024816e-08,2.5059837e-06,4.5630088e-08,5.383924e-06,5.8213235e-08,2.9544579e-05,3.148319e-07,9.98818e-07
BC2026_Train_0030_S22_20211212_224500_035,1.3106926e-07,2.427511e-05,1.8734808e-07,0.004858904,1.183828e-06,1.673471e-08,3.4851246e-06,0.0005032536,0.00016349448,0.003967062,0.9815027,8.104583e-08,1.0316612e-05,7.728214e-08,1.6223912e-07,0.00029110018,9.823526e-08,6.503366e-08,0.0009532846,4.6626752e-05,1.0132169e-07,0.0010830233,3.184589e-05,1.7732064e-09,0.00010055538,4.2308733e-07,6.729325e-05,1.4634566e-05,4.048515e-06,1.5282278e-05,9.720212e-05,5.2746113e-06,0.0005525798,9.2531013e-07,8.1990527e-07,3.4875935e-05,1.5434294e-05,1.8087983e-06,4.9090366e-05,2.637177e-05,0.00011939074,7.230776e-05,3.6982979e-06,1.4301262e-05,8.60491e-06,1.8884763e-05,2.0754273e-05,1.4939065e-05,3.1065479e-06,2.3084266e-09,4.626732e-06,6.589456e-07,4.9278397e-06,6.748237e-05,0.00011662993,5.540155e-07,4.4256245e-05,0.6212048,5.7191214e-06,9.392141e-07,0.0039310097,3.440539e-07,0.00043598184,0.012675932,0.017646555,1.3155554e-06,1.0854773e-05,5.253699e-07,5.8641945e-08,6.94873e-05,2.2996393e-07,1.4046914e-05,1.9801034e-06,1.3199755e-05,1.0617e-06,5.411218e-05,0.0001660942,5.9974736e-05,0.0001495103,1.5822121e-05,2.7348811e-05,1.0205237e-06,2.8790835e-06,8.197472e-06,2.548799e-06,6.908269e-05,1.8611378e-05,0.0018852332,3.205748e-05,3.2645155e-05,7.838443e-05,1.3516733e-06,5.619736e-07,0.00013111878,0.00023091785,5.6851395e-06,0.00020220346,0.000102787984,1.7502407e-05,0.00014123239,5.1017527e-05,2.3912287e-06,0.00033891285,0.00012522032,0.00010444304,4.6327586e-06,3.0378133e-06,4.3299024e-06,3.3038632e-06,9.120545e-06,6.9357807e-06,1.0387932e-05,1.0065672e-06,3.6832218e-05,1.0121609e-06,7.9629026e-05,7.687351e-06,1.95752e-06,1.3691629e-05,2.962756e-05,1.0283373e-05,3.336512e-05,9.018549e-05,5.6552915e-05,3.3048727e-05,2.1601558e-05,6.9180656e-05,8.659474e-06,4.937427e-06,1.7416574e-05,4.8584743e-06,4.3087824e-05,4.9808354e-05,2.2347693e-05,6.342554e-06,4.4260503e-07,1.8000042e-05,0.00028156015,9.997308e-07,0.0005114438,0.00025938518,2.416058e-05,2.0505731e-06,5.352071e-06,5.1660685e-05,3.4697524e-07,1.00059315e-05,3.5499502e-06,3.2696003e-05,0.00077232806,2.093848e-05,2.7215678e-05,5.28217e-05,1.3528324e-05,4.351291e-06,0.000118701115,7.277858e-05,7.5213948e-06,7.558817e-05,5.741143e-07,2.1613898e-06,9.569365e-05,5.002732e-07,6.5471635e-05,2.3131115e-05,0.0018338199,1.84245e-06,9.8718065e-06,4.2026613e-06,0.00014018425,2.6967835e-05,5.569099e-07,2.943752e-06,2.714743e-06,0.00014861157,9.232342e-07,4.0021696e-06,6.3577004e-06,1.5233824e-05,4.330468e-06,1.941457e-05,3.5166918e-06,5.588434e-05,7.757965e-06,2.6876613e-05,7.287888e-06,9.4177744e-07,2.0731482e-05,2.7833445e-05,5.1657094e-06,4.0209638e-05,5.5239303e-05,0.00016417465,1.1791805e-05,4.7870344e-06,2.4396673e-05,9.388054e-05,1.3781073e-05,0.0002927361,1.0197259e-06,1.754186e-05,5.4508796e-06,8.714357e-08,7.4244344e-05,2.9314697e-05,7.05459e-05,4.37036e-05,3.0265098e-06,1.46532e-06,9.231359e-05,0.0003114681,4.382008e-05,7.3899514e-06,1.6953775e-06,0.0050828643,0.00095251296,1.3306794e-05,3.030791e-07,0.000120485696,5.1164848e-06,1.61842e-05,7.746868e-06,8.419532e-06,2.1926617e-07,1.4743833e-05,3.9144015e-05,4.5341665e-07,9.002759e-06,2.1176443e-07,3.447825e-05,1.8183887e-06,0.000103706945,6.393793e-06,2.1569262e-05
BC2026_Train_0030_S22_20211212_224500_040,4.0021703e-07,0.0002463963,8.00454e-06,0.023489363,9.722891e-07,9.237929e-08,7.084504e-06,0.0002816925,0.00068052066,0.0037270624,0.6661344,4.2993116e-07,7.4249576e-05,2.3590962e-06,6.7926217e-06,0.0030296133,2.302231e-07,7.74694e-07,0.008588201,0.00029699615,1.5997491e-06,0.08911934,4.2481654e-05,1.3798429e-08,0.0002828295,5.9561444e-06,5.472323e-05,0.0005619909,8.930214e-05,6.4832566e-05,0.0007528411,5.1572377e-05,0.005830475,6.9153134e-06,3.5676971e-06,0.00083418284,9.7488126e-05,1.054551e-05,0.00023781072,0.00038515194,0.001322023,0.00019130504,2.0760586e-05,0.00021922916,0.00010741039,0.00012607926,0.00018408202,9.670021e-05,3.2245276e-05,2.0373047e-08,1.05242425e-05,6.488073e-06,3.213761e-05,0.0008743156,0.00089369033,1.9946879e-06,5.301119e-05,0.8668271,3.2171836e-05,3.0105219e-05,0.021877255,5.751978e-07,0.0002469337,0.1429035,0.38341555,2.7557995e-05,0.00065682904,1.6709355e-05,6.70969e-08,0.00049115083,7.0233693e-07,3.473484e-05,9.565412e-06,5.620506e-05,1.6092422e-06,4.96315e-05,6.6266526e-05,3.0279156e-05,2.9363746e-05,2.9899702e-05,7.884939e-05,1.535645e-06,3.5897613e-06,9.780954e-06,6.5665427e-06,8.366033e-06,1.2864705e-05,7.8768746e-05,3.6169484e-05,5.6655204e-05,0.00014070157,1.3446058e-05,2.1747198e-06,0.00055986457,0.00051592937,1.6835862e-05,0.000375926,0.00022436715,4.3086508e-05,0.0002271774,7.763718e-05,9.407977e-06,7.085536e-05,0.00011255391,0.00011125571,2.3186129e-05,8.121363e-06,4.413066e-06,1.41874925e-05,2.6668304e-05,6.6039156e-06,2.3974782e-05,3.7503987e-06,2.3712792e-05,8.466651e-06,0.00010928409,1.8475423e-05,2.677438e-06,1.8408275e-05,1.9410776e-05,2.540833e-05,7.895653e-05,4.62468e-05,0.000197897,0.0002938193,3.0741838e-05,0.00012065252,2.315292e-05,3.888177e-06,2.4941719e-05,1.6022155e-05,8.3670755e-05,0.00018475231,3.9436945e-05,1.0661171e-05,7.817557e-07,7.18332e-05,0.00022914854,2.057176e-06,0.0008128258,1.4969242e-05,5.9127182e-05,1.7134116e-06,1.7762457e-06,0.00059238524,3.0559218e-06,6.8067516e-06,2.5873574e-06,3.5981913e-05,0.0003327324,4.583103e-05,9.1038135e-05,1.5989688e-05,3.1143616e-05,2.4480061e-05,3.7897276e-05,4.2866057e-05,4.865782e-06,0.000566076,1.4437984e-06,7.516247e-06,9.231509e-05,6.7995047e-06,2.6043072e-05,5.7485736e-06,0.0008508113,2.631593e-06,3.9858936e-05,2.8172378e-06,0.0003354734,7.512503e-05,3.5566052e-06,3.1845905e-06,1.7193639e-05,0.00065757375,1.4749909e-05,6.8723166e-06,1.744442e-05,1.4621552e-05,6.434193e-05,1.5727075e-05,2.8370084e-06,0.00016225701,1.2358394e-05,6.120185e-05,9.197829e-06,7.937085e-07,1.903794e-05,1.1673037e-05,5.124254e-06,4.3646334e-05,0.00012402605,0.0006701347,1.3670413e-05,2.1551703e-05,1.847114e-05,0.00010587598,1.1849613e-05,0.00018687981,6.2514205e-06,3.7957674e-05,7.582749e-06,4.0617235e-07,5.9125767e-05,0.0001448871,4.0895244e-05,0.00024893566,5.074861e-05,9.460466e-06,5.6860066e-05,0.00011977856,4.0202547e-05,2.7273696e-05,5.101532e-06,0.0056328448,0.004383194,1.7412589e-05,2.4312699e-06,8.6308e-05,1.205433e-05,9.835439e-06,8.712138e-06,6.440733e-06,4.0576853e-07,3.0405896e-05,0.00031018764,2.6625803e-06,5.0448627e-05,1.4140579e-06,4.3535507e-05,5.4848997e-06,0.00020065776,7.1795416e-06,2.0479294e-05
BC2026_Train_0030_S22_20211212_224500_045,2.05721e-07,0.0004394052,2.6549785e-06,0.010482951,1.3108416e-06,6.9015044e-08,9.033246e-06,0.00026499547,0.00050944847,0.0015510635,0.5767666,2.0299551e-07,1.43545085e-05,1.3219973e-06,3.274897e-06,0.012449513,6.9473344e-08,6.551934e-07,0.045403708,0.00014478035,2.3705823e-06,0.123251945,1.4338283e-05,8.55045e-09,0.00015558976,4.460132e-06,0.00016952111,0.00016197382,3.2943914e-05,4.3376083e-05,0.00020183998,2.7355802e-05,0.0031272455,1.6892449e-06,2.0851742e-06,0.00047953415,5.4909695e-05,4.1512085e-06,6.3372085e-05,0.00039376807,0.0006651401,5.9955528e-05,1.5472211e-05,0.00015997583,7.1171264e-05,9.359342e-05,0.00014933632,5.0201044e-05,2.4245797e-05,6.3555006e-09,5.9579e-06,7.447421e-06,2.2004613e-05,0.0004927849,0.0010514972,2.9361902e-06,1.7490262e-05,0.84630096,1.991684e-05,0.00011762227,0.05598466,3.524007e-07,0.00011352672,0.16362165,0.7375465,2.025627e-05,0.00024070713,1.170589e-05,7.919088e-09,0.00025908757,1.6980573e-07,6.76047e-06,9.167145e-06,0.000101677135,4.679515e-07,9.886902e-05,5.2566735e-05,2.7445034e-05,6.035049e-06,8.983402e-06,3.2146014e-05,6.7840045e-07,1.5966324e-06,1.961532e-06,3.8539183e-06,1.2119249e-05,2.4690999e-06,8.1292186e-05,1.4522412e-05,2.0910406e-05,5.2238767e-05,5.5288565e-06,6.7712836e-07,0.0003418033,0.00045540207,5.276357e-06,8.3174826e-05,0.00018080055,1.1496823e-05,3.7658527e-05,7.4819895e-05,6.3776433e-06,7.572214e-05,3.375705e-05,3.201553e-05,1.9128936e-05,5.299287e-06,3.6390834e-06,1.041381e-05,9.211778e-06,7.156716e-06,6.5510744e-06,1.8428683e-06,2.766453e-05,2.8876025e-06,4.509045e-05,1.1028885e-05,1.3429784e-06,1.0993716e-05,1.460753e-05,1.4239273e-05,0.0004216693,2.2271868e-05,6.475873e-05,7.649975e-05,2.2626433e-05,0.00017934148,1.50990245e-05,1.2773452e-06,7.728198e-06,6.0883367e-06,7.4876996e-05,5.398369e-05,1.8841321e-05,7.4147156e-06,3.8519528e-07,3.7650338e-05,6.625547e-05,1.6403857e-06,0.00051947596,2.6497678e-06,8.6638e-05,9.0370287e-07,8.120009e-07,0.0002712252,1.450059e-06,4.9248474e-06,1.4923723e-06,1.6923399e-05,0.00019727717,6.128583e-05,3.1994226e-05,4.282609e-06,8.372251e-06,1.19874385e-05,5.8784346e-05,5.9005237e-05,2.0605394e-06,0.0005373371,3.9494148e-07,4.177985e-06,3.654919e-05,1.8684309e-06,4.2933234e-06,3.0915016e-06,0.00023092865,3.3141127e-06,2.660315e-05,1.8182589e-06,0.0003109619,8.5487e-05,9.3544e-07,3.729633e-06,6.0773555e-06,5.4804645e-05,1.3106693e-05,7.0298956e-06,1.631577e-05,1.3581712e-05,1.51836975e-05,8.488027e-06,1.3323113e-06,6.3421896e-05,7.867331e-06,3.3855893e-05,4.2049583e-06,4.2185087e-07,1.1661899e-05,5.4388956e-06,1.5464204e-06,3.6778165e-05,4.6747362e-05,0.0007453532,7.0381666e-06,1.7986229e-05,1.1165871e-05,0.00011671338,1.39892945e-05,5.8648446e-05,3.3073343e-06,1.872564e-05,7.2343255e-06,5.4222426e-07,5.325389e-05,2.7323393e-05,3.4333945e-05,6.383456e-05,3.257509e-05,1.4821204e-06,3.6638598e-05,5.9274134e-05,1.3306693e-05,4.7193266e-06,4.225718e-06,0.0014651262,0.0006942998,3.2210573e-05,7.066327e-07,7.829956e-05,7.0519873e-06,7.396812e-06,7.252404e-06,2.250619e-06,1.7880922e-07,3.589394e-05,0.00021228797,3.020815e-06,7.003814e-05,3.7583183e-07,3.9829185e-05,1.0422766e-06,4.3547592e-05,9.3816044e-07,6.0590683e-06
BC2026_Train_0030_S22_20211212_224500_050,2.8833017e-07,2.3003768e-05,7.1365235e-07,0.008316384,2.418673e-06,3.8589715e-08,9.887861e-06,0.0037017285,0.0021189323,0.002736497,0.89911294,9.160447e-08,2.4129264e-05,2.152868e-07,5.3493136e-07,0.0029570437,2.604732e-07,1.8535818e-07,0.005746747,0.00014566077,2.5627432e-07,0.0040138983,9.346909e-05,2.711305e-09,0.00034012017,1.4655967e-06,0.0002733396,2.4126204e-05,9.51489e-06,1.1932587e-05,0.00021330225,1.6374113e-05,0.0015160918,1.2888795e-06,2.722469e-06,9.995071e-05,2.866523e-05,2.8231493e-06,0.00012048099,0.00010534686,0.0002968645,0.00016931983,1.1524529e-05,5.0988296e-05,2.7261345e-05,3.0495803e-05,6.1705534e-05,3.5168174e-05,8.132167e-06,5.500185e-09,1.0627104e-05,2.2153442e-06,1.3728681e-05,0.00017390061,0.00032043265,1.2453755e-06,2.4755369e-05,0.676457,1.2045953e-05,4.715597e-06,0.015638305,7.133087e-07,0.0005777067,0.06743745,0.040471226,6.766927e-06,2.4106197e-05,1.6435519e-06,1.7542643e-08,6.463983e-05,4.3748068e-07,2.0524632e-05,3.5208634e-06,2.4868283e-05,1.2510154e-06,3.725905e-05,0.0001999189,5.118614e-05,0.00015596497,5.0363738e-06,4.3739503e-05,2.200384e-06,1.0670636e-06,1.0402386e-05,3.1287996e-06,3.761962e-05,1.8992205e-05,0.0011058785,1.9868503e-05,2.1812666e-05,0.00018754725,1.3311085e-06,1.46507e-06,5.1611936e-05,9.7356395e-05,9.128916e-06,0.0001688658,5.4721142e-05,2.3608838e-05,5.842338e-05,6.2131614e-05,4.7709323e-06,0.00030904997,0.00013171702,0.00019799534,1.481532e-05,3.3315516e-06,4.791227e-06,4.3519713e-06,1.7656559e-05,8.539893e-06,1.11312e-05,1.6719179e-06,2.4844248e-05,1.0989858e-06,9.2655246e-05,5.500137e-06,1.5412584e-06,1.1481867e-05,2.6223584e-05,1.3146777e-05,3.2551394e-05,0.00013845449,5.835584e-05,2.5342679e-05,2.710942e-05,0.00012179609,1.5395823e-05,8.438494e-06,3.742282e-05,3.6417007e-06,3.5557063e-05,2.9906005e-05,3.353562e-05,1.5570942e-05,1.4745341e-06,4.2061532e-05,0.00024937253,1.7442038e-06,0.0003888484,7.399124e-05,3.2100306e-05,2.5267127e-06,2.3020668e-06,9.0517104e-05,5.174251e-07,7.2447174e-06,1.7548319e-06,1.1092712e-05,0.0010191367,5.6297435e-05,3.1934207e-05,3.271961e-05,1.2591963e-05,2.5165382e-06,0.00013470936,5.9830214e-05,9.575223e-06,6.6595814e-05,4.5856936e-07,1.0007144e-06,4.4259454e-05,4.0383907e-07,2.430608e-05,1.41184155e-05,0.0023223867,1.789448e-06,1.1963706e-05,8.740651e-06,0.00024978182,5.72474e-05,4.3888394e-07,2.3025805e-06,3.953672e-06,0.00014147042,1.9773936e-06,7.985974e-06,9.1496595e-06,1.6685946e-05,6.216789e-06,2.0461546e-05,2.613847e-06,3.2120824e-05,7.0029228e-06,1.3629292e-05,7.718087e-06,1.4756102e-06,2.9075787e-05,4.5882374e-05,8.012224e-06,3.7395243e-05,4.847916e-05,0.00010883379,1.529292e-05,9.973825e-06,2.1313017e-05,9.4975374e-05,1.0773393e-05,0.00013197225,1.0885226e-06,3.5913148e-05,5.8195255e-06,2.8647025e-07,7.870725e-05,3.3114506e-05,0.00010631272,2.1555772e-05,1.1682638e-05,3.1975424e-06,9.1182446e-05,0.0004995068,5.4054264e-05,6.584879e-06,1.4160631e-06,0.0065265703,0.0004539566,3.0655385e-05,3.9524406e-07,0.00016125954,6.303919e-06,1.4182772e-05,1.4418595e-05,7.0167744e-06,4.088013e-07,8.6821055e-06,5.854446e-05,5.9221384e-07,3.2769978e-05,3.397874e-08,3.283417e-05,2.1020014e-06,2.6561496e-05,6.12689e-06,2.8761233e-05
BC2026_Train_0030_S22_20211212_224500_055,5.333059e-07,5.5082342e-05,8.985723e-07,0.0076597077,1.2731039e-05,5.0638317e-08,2.1250042e-05,0.0007959153,0.001598709,0.0049455916,0.9533092,4.4269453e-07,4.8188223e-05,7.99415e-07,7.221954e-07,0.0008288721,1.2099264e-07,2.3855497e-07,0.005766178,0.00010628849,2.4129034e-07,0.007856956,8.912188e-05,5.0135665e-09,0.0002835363,2.0351122e-06,0.00019717544,4.600812e-05,6.0264856e-06,0.000105594074,7.694641e-05,7.213012e-06,0.0010597758,1.4142817e-06,1.842457e-06,4.020316e-05,1.3826422e-05,2.2171196e-06,0.00013209424,4.64806e-05,0.00017777632,9.243021e-05,7.213012e-06,1.6152931e-05,2.2985656e-05,3.279546e-05,6.1651604e-05,2.3782795e-05,8.3444875e-06,4.407115e-09,5.9189992e-06,2.5256766e-06,6.701575e-06,0.00010037996,0.00011744162,9.263367e-06,2.0414089e-05,0.48072848,1.593124e-05,4.564407e-06,0.014789096,1.4716135e-06,0.00072898174,0.08975018,0.0877745,1.0049722e-05,2.1437036e-05,4.3936734e-06,5.2674405e-08,0.0003916154,4.025943e-07,5.815036e-05,3.1133395e-06,2.32536e-05,1.3299031e-06,7.228391e-05,8.663883e-05,7.6057346e-05,0.000162735,1.6417567e-05,0.00017383596,1.428989e-06,2.416266e-06,1.1347136e-05,3.6835636e-06,8.810753e-05,5.8718283e-06,0.0012379274,1.6862503e-05,2.4575917e-05,0.0001237856,1.2910015e-06,5.2972024e-07,0.00014326889,0.00068875146,1.6408612e-05,0.00013689855,0.0002709551,2.4458359e-05,8.18034e-05,2.8672313e-05,4.113929e-06,0.00034624105,0.00043733482,0.00016440602,9.486251e-06,2.4802744e-06,8.464043e-06,3.5363228e-06,4.4283993e-06,2.86295e-05,1.952352e-05,2.7171102e-06,2.8199578e-05,1.7083178e-06,3.3629905e-05,4.3892005e-06,6.9753823e-06,7.549025e-06,3.4367782e-05,3.131247e-05,2.2650202e-05,0.00012882064,8.073072e-05,5.871235e-05,2.763637e-05,0.00023758656,8.090896e-06,7.2973257e-06,5.6098128e-05,1.089124e-05,2.1815767e-05,0.00015115303,2.1791106e-05,9.102124e-06,1.6362483e-06,3.899662e-05,0.00021873016,1.0419744e-06,0.0015728881,0.00013323745,5.8465233e-05,1.5678679e-06,2.0837865e-06,0.00020278366,1.0941251e-06,6.36719e-06,4.025827e-06,2.1100808e-05,0.0020614304,3.5179244e-05,1.50148935e-05,2.2839864e-05,1.5042928e-05,3.5130815e-06,7.5479766e-05,8.6149135e-05,1.7024035e-05,5.482707e-05,2.2673928e-06,1.2814265e-06,6.0557308e-05,1.1629076e-06,1.7691415e-05,2.9612303e-05,0.004347533,1.9111421e-06,1.0914824e-05,4.8430325e-06,0.0002491888,3.2248165e-05,1.0121956e-06,1.7037264e-06,4.8217644e-06,7.635443e-05,2.832764e-06,1.4153493e-05,1.0123771e-05,1.32474115e-05,7.94765e-06,2.4698798e-05,3.4311945e-06,2.2346545e-05,6.209685e-06,1.3636e-05,2.8804898e-06,1.99586e-06,2.0493595e-05,8.7622495e-05,1.3629148e-05,4.6969453e-05,6.4349115e-05,0.000293958,1.7052209e-05,4.882036e-06,1.6258346e-05,0.00016549883,2.2169157e-05,0.00021118205,1.6825965e-06,5.9369286e-05,9.426909e-06,5.555583e-07,0.00011504674,2.0604415e-05,0.00010578213,0.00022553265,7.2854004e-06,3.091189e-06,0.00020547205,0.00020887495,4.025944e-05,8.035478e-06,1.7452521e-06,0.010123036,0.00090924307,2.0844822e-05,6.835914e-07,9.664813e-05,2.4254561e-05,1.4583949e-05,1.7759488e-05,6.6335506e-06,9.0069915e-07,2.0580572e-05,2.3464758e-05,1.0308108e-06,1.2235017e-05,2.3130983e-07,2.2786739e-05,6.987426e-07,3.8129023e-05,7.047052e-06,2.0533189e-05
BC2026_Train_0039_S22_20211231_201500_000,3.0153984e-07,1.905897e-07,2.0348075e-08,5.754899e-05,8.048894e-08,3.6343355e-11,2.85885e-10,1.5580714e-08,0.00020948263,3.1495543e-05,0.00024333167,3.3213945e-10,2.1312716e-09,1.2908213e-09,2.5806297e-09,0.99943906,5.8711123e-08,9.9874255e-11,0.7971422,1.4128004e-05,4.6879845e-06,0.973089,3.343843e-07,9.252154e-13,0.02196896,3.870069e-07,1.391993e-06,1.8198043e-06,1.9890442e-06,1.07190466e-07,2.2428424e-07,1.9203267e-07,1.0214661e-06,3.8841352e-09,1.6321464e-09,4.827368e-07,3.8066943e-08,1.6304134e-09,4.5959556e-08,3.7457693e-07,2.7119327e-07,2.644975e-08,1.6702312e-08,4.8727986e-07,4.766575e-08,7.491755e-08,7.077686e-08,2.338354e-07,2.1930784e-09,2.397373e-13,2.6991793e-09,3.1937002e-08,2.9362715e-08,2.4712966e-08,6.251446e-07,6.9336653e-10,5.028216e-10,0.35626966,1.5176276e-08,1.3303294e-06,0.20992449,2.3096178e-11,5.284772e-06,0.99937963,0.12557556,4.41733e-07,2.5249974e-06,5.4757148e-08,1.2566895e-12,1.5517564e-07,2.4553827e-12,2.0944088e-11,6.617709e-08,2.504294e-07,4.32316e-09,2.4286228e-07,5.8676744e-07,2.9092341e-08,1.0992079e-06,1.1302018e-08,7.2360666e-07,8.881367e-09,1.9897618e-07,5.738902e-09,2.7140985e-07,8.7457364e-10,2.3728668e-09,8.100102e-08,1.0472438e-07,1.91342e-06,1.5901021e-05,4.915444e-07,2.3033105e-10,1.8957493e-07,5.042156e-07,3.8830034e-08,2.1719535e-08,8.388368e-08,9.693198e-09,1.2943595e-06,1.8400712e-07,8.845711e-09,1.0636286e-06,2.8767407e-05,1.1851917e-05,2.893182e-07,2.8856073e-09,5.1440513e-10,1.3546294e-07,8.844895e-07,5.261935e-09,2.466898e-08,1.7259143e-08,6.008527e-09,1.0075921e-05,1.0116137e-06,5.531507e-08,1.8718649e-09,1.1511699e-07,1.3786613e-06,1.3812115e-07,2.3785849e-07,3.5557967e-08,5.6595195e-07,3.3406525e-07,2.1856425e-07,9.605724e-08,9.951821e-07,5.860254e-10,3.955574e-07,9.373242e-09,1.4768054e-07,1.8708813e-07,2.850289e-07,9.154224e-09,8.806744e-08,1.4499317e-06,8.05502e-07,4.6439535e-08,3.9652764e-06,1.9938025e-09,6.2497274e-09,6.45347e-08,2.6034622e-08,6.001486e-08,3.6919616e-07,2.4443045e-07,4.0486047e-08,4.84035e-10,1.1503862e-07,1.6999368e-07,1.7332942e-08,3.2325055e-08,2.6031396e-08,3.3886015e-06,1.565773e-07,2.9549155e-10,3.2762348e-08,5.51724e-08,9.048282e-09,8.737375e-08,2.3774535e-06,2.1056714e-08,2.8859889e-08,1.7219556e-08,4.590306e-06,3.4250054e-09,3.9422915e-07,1.278449e-07,3.674224e-07,2.4196828e-07,3.3979115e-09,8.4239227e-10,5.9882225e-08,4.41132e-06,1.943035e-06,3.1417887e-08,2.0260202e-08,6.0594104e-08,1.6840494e-06,6.1710075e-08,6.491741e-08,3.037909e-06,6.2730055e-07,3.8005567e-08,2.733477e-09,5.9395115e-09,1.3738052e-06,6.000945e-09,9.760303e-07,4.1780385e-07,3.6683699e-07,4.5287342e-07,1.6511882e-08,6.496478e-07,4.2837922e-07,1.8793246e-08,6.571409e-08,2.9939155e-08,1.6125776e-09,1.007494e-06,4.1253318e-07,1.2303156e-09,8.7716394e-08,6.4270104e-08,1.9529273e-06,4.390648e-07,1.2180718e-08,7.2636546e-08,2.3894248e-07,8.389072e-08,6.906035e-08,2.0699163e-08,5.783529e-07,2.4545998e-06,0.0010336451,4.5411554e-07,1.8988634e-07,2.9608197e-08,8.951693e-08,3.213844e-10,3.7018825e-07,1.1277034e-09,1.782229e-09,9.687154e-09,6.988079e-06,1.1588303e-08,1.5743136e-06,5.2903104e-10,4.23448e-06,1.3132186e-09,4.1797358e-07,1.0018917e-08,2.7616755e-07
BC2026_Train_0039_S22_20211231_201500_005,4.5208384e-05,5.5844754e-05,8.415125e-06,0.004300192,2.8010145e-05,7.4013315e-07,7.971889e-07,6.0668276e-06,0.0036360715,0.00089256413,0.008155137,9.1990864e-07,7.671531e-06,3.4420063e-06,1.6855549e-06,0.9929911,1.0848388e-05,7.3391755e-07,0.50695735,0.0020564583,0.00034939914,0.96969765,8.492596e-05,2.7740365e-08,0.06726331,0.00026279298,0.00011879907,0.00087626884,0.0005790408,0.00011729678,7.992389e-05,6.963941e-05,0.0001888763,4.514019e-06,2.0917348e-06,0.00016576827,3.7719554e-05,3.5082608e-06,1.6164733e-05,0.00022305366,7.11695e-05,2.0530428e-05,6.497027e-06,0.00017447011,2.0275636e-05,1.5686468e-05,2.9935365e-05,7.8607794e-05,3.4844632e-06,1.669279e-08,3.863965e-06,1.8667282e-05,1.220815e-05,1.651768e-05,6.234688e-05,4.344313e-06,2.0664686e-06,0.29150766,1.4683663e-05,0.0007332538,0.21265954,3.9742346e-07,0.00055835216,0.9759411,0.3598912,0.000117382944,0.00024735005,6.214204e-05,6.2296884e-08,0.00012329977,5.3085206e-08,6.463312e-07,1.8793942e-05,5.978248e-05,2.039959e-05,5.89196e-05,7.561145e-05,1.0787118e-05,0.0002275147,4.984841e-05,8.145149e-05,7.8503035e-06,0.00042469546,2.3428681e-06,0.00013640017,3.355946e-06,2.7668425e-06,3.0141444e-05,4.2598163e-05,0.00024814467,0.0009451669,0.00013373462,1.4582813e-06,0.00014579944,0.00033935063,7.1819704e-05,1.6607144e-05,7.950937e-05,2.9489697e-06,0.00040253415,4.0240826e-05,9.455578e-06,0.0001286023,0.0022677116,0.0006772736,2.3289265e-05,1.9801696e-06,1.0214059e-06,3.2213247e-05,5.2829866e-05,3.913272e-06,3.1332067e-05,3.4167755e-05,3.0528925e-06,0.0005689134,0.00011704338,6.1465416e-06,6.0562083e-06,3.598092e-05,0.00011424325,0.00015711504,5.1418476e-05,1.996364e-05,0.00016334036,0.00022310557,8.719198e-05,3.3758177e-05,0.0004570791,2.0219918e-06,0.00018867977,2.195546e-05,4.9820417e-05,0.00035183568,2.569741e-05,7.2381486e-06,4.5760353e-06,0.0002590325,0.00021410872,1.1976469e-05,0.00023262626,8.859761e-07,1.5047319e-05,2.5012176e-05,8.320133e-06,8.989947e-05,0.00018658498,3.3943084e-05,1.0059444e-05,3.0408596e-06,6.0787184e-05,3.363735e-05,1.5668706e-05,3.9119197e-05,3.231808e-05,0.00037066068,4.6429654e-05,6.9184273e-07,1.6830452e-05,3.8256538e-05,3.1161144e-05,3.630938e-05,0.00062308216,2.6529424e-05,1.3391479e-05,9.80244e-06,0.0004897476,4.58208e-06,7.008244e-05,3.141563e-05,6.930618e-05,3.382127e-05,8.261355e-06,2.471432e-06,2.8148717e-05,0.00039417786,8.7259774e-05,1.0565865e-05,1.4908366e-05,2.0633455e-05,0.0011108281,2.0587207e-05,2.068679e-05,0.0003236419,0.00014530632,1.3471061e-05,3.4184927e-06,5.1713337e-06,0.00014929475,6.7348656e-06,3.6346275e-05,7.009547e-05,0.00014271258,5.4717282e-05,1.6379534e-05,0.0001532542,3.4513614e-05,9.302071e-06,2.8962379e-05,8.667604e-06,1.0312304e-05,7.889361e-05,5.5048786e-05,9.4999615e-07,5.7657475e-05,6.530533e-05,0.0004111812,6.212741e-05,0.00010087856,2.5894406e-05,0.00015465479,1.4623782e-05,2.4007042e-05,2.9234294e-05,8.110805e-05,0.0007134665,0.008961826,2.3938068e-05,3.7942296e-05,6.7249493e-06,5.6663957e-05,5.3875067e-07,1.7542965e-05,3.5862097e-06,7.902583e-06,1.662478e-05,0.00059308123,2.5318664e-05,0.00060606556,1.3681296e-06,0.00034955057,2.6248833e-06,7.280454e-05,1.9665405e-05,3.251227e-05
BC2026_Train_0039_S22_20211231_201500_010,6.0268343e-05,4.682781e-05,5.4469565e-06,0.0048104962,1.0601929e-05,2.8397184e-07,4.9595036e-07,4.517154e-06,0.0044100257,0.00047447128,0.006081357,2.4879876e-07,4.920528e-06,1.9507029e-06,4.1319886e-06,0.99170446,3.946763e-06,3.725413e-07,0.34767795,0.0012142955,0.00011577242,0.9698158,7.6916556e-05,1.8272003e-08,0.035612106,0.00014452628,9.268802e-05,0.0012299541,0.0006832194,0.00020511015,4.101968e-05,5.171303e-05,0.00012565055,1.8912291e-06,1.8229206e-06,0.0001373037,2.4298084e-05,2.3795994e-06,2.5204045e-05,0.00012327767,3.4633526e-05,1.0221297e-05,7.831736e-06,0.00013422866,1.4147177e-05,2.204906e-05,2.28481e-05,3.819617e-05,1.2467981e-06,5.1457416e-09,4.1149456e-06,1.1379995e-05,9.991696e-06,1.3317357e-05,5.842594e-05,4.8117777e-06,1.7266507e-06,0.40026346,2.6588845e-05,0.00011492788,0.36117807,2.0493735e-07,0.0005195982,0.977009,0.07706686,6.4599655e-05,0.00014160066,4.1296273e-05,6.627394e-09,0.00010656423,3.954057e-08,1.1856142e-06,1.3039557e-05,3.984951e-05,7.1652526e-06,4.3616874e-05,3.194091e-05,7.713046e-06,0.0001415132,1.0873017e-05,0.00027977212,1.5517682e-05,2.997153e-05,4.800704e-06,5.7340985e-05,3.2787311e-06,2.0256011e-06,2.6710937e-05,2.0227257e-05,2.6051817e-05,0.0012682545,4.5317414e-05,1.235678e-06,6.071135e-05,0.00018583641,1.8026996e-05,6.5115164e-06,1.3377081e-05,3.904549e-06,9.40159e-05,4.22129e-05,4.8883257e-06,0.00013299627,0.002120164,0.0005325102,1.832125e-05,1.7060092e-06,1.6650821e-06,1.9338826e-05,8.4887746e-05,1.8260733e-06,1.940635e-05,1.1291091e-05,1.9704587e-06,0.00073025486,2.9485333e-05,4.659441e-06,1.8071569e-06,1.0239609e-05,2.3410712e-05,1.7121773e-05,2.9214283e-05,6.1254764e-06,2.8333337e-05,0.00011942832,2.841912e-05,7.411849e-05,7.03759e-05,2.023155e-06,7.448361e-05,5.33557e-06,3.947277e-05,5.0395927e-05,5.907686e-06,5.1185493e-06,4.484836e-06,0.00032788925,9.632619e-05,9.589407e-06,0.0001922627,9.0633614e-07,2.5027355e-06,2.6476271e-05,2.9376943e-06,3.2453325e-05,6.441868e-05,6.8255185e-06,2.013475e-06,1.0118521e-06,0.00018725365,5.1339783e-05,3.138075e-06,1.3165634e-05,1.1903696e-05,6.976743e-05,1.5394251e-05,2.0883772e-07,1.8996318e-05,3.9528026e-05,6.296498e-06,3.0343646e-05,0.00041490208,5.20688e-06,7.875093e-06,8.476272e-06,0.00089328643,1.490752e-06,3.1423693e-05,1.2709228e-05,6.511616e-05,2.8915161e-05,1.7336038e-06,6.8697875e-07,3.1686483e-05,7.4298805e-05,4.726893e-05,8.588513e-06,3.800481e-06,8.784003e-06,0.00066018914,9.990324e-06,5.188104e-06,0.00021667292,5.17083e-05,8.847512e-06,1.1227911e-06,1.6614715e-05,0.00020323465,1.8284298e-05,2.5344174e-05,4.8799484e-05,3.3790417e-05,2.2136117e-05,9.158747e-06,0.00016350647,9.065713e-05,1.24790395e-05,2.7641669e-05,6.3930493e-06,2.464719e-06,7.912778e-05,1.0718004e-05,6.7244287e-07,5.1497776e-05,2.3689736e-05,0.00013941548,8.759107e-05,2.5725165e-05,1.819569e-05,4.306835e-05,5.986971e-06,7.861084e-06,1.5196708e-05,0.00013994092,0.0005915618,0.0041225567,5.899882e-05,2.0014328e-05,8.642066e-06,2.2041322e-05,9.246308e-07,6.196759e-05,1.7209036e-06,8.218757e-07,1.0398111e-05,0.00030089647,1.911092e-05,0.00046133378,2.1538354e-07,9.2181195e-05,4.940131e-07,2.424226e-05,8.494415e-06,2.7461138e-05
BC2026_Train_0039_S22_20211231_201500_015,9.027098e-06,1.7064394e-05,7.2994767e-06,0.0019913323,5.278476e-06,1.3965388e-07,2.7429869e-07,7.648039e-06,0.047821924,0.0005544728,0.006704266,2.3196964e-07,5.648057e-06,3.3046152e-07,1.6250548e-06,0.99880457,7.1298214e-06,1.5322759e-07,0.6935883,0.00042982693,5.2833344e-05,0.7704718,0.000106868705,7.3636133e-09,0.040794764,1.6321357e-05,8.585652e-05,0.00014344057,0.00020625131,3.4987133e-05,0.0001262855,3.123889e-05,0.00021988145,2.6486714e-06,1.2105489e-06,0.00014008456,7.4737386e-06,8.819558e-07,2.0027941e-05,0.00014641271,0.00011243709,1.4778828e-05,1.4781225e-05,7.9437e-05,1.1791827e-05,1.1881081e-05,2.2087088e-05,3.8669143e-05,1.7118241e-06,3.6083683e-09,3.1273375e-06,1.1510306e-05,1.35208165e-05,2.1037516e-05,6.0929953e-05,4.2571202e-07,8.6194365e-07,0.8554973,6.0998323e-06,6.0876228e-05,0.49294263,1.7597509e-07,0.0007413713,0.97000194,0.1731997,5.736002e-05,0.00014747508,5.3054605e-06,2.4562201e-09,1.8107976e-05,4.1517985e-08,4.256333e-07,1.9231531e-05,1.9989186e-05,4.5898946e-06,2.0644045e-05,5.584076e-05,1.0170783e-05,3.194118e-05,2.9912615e-06,7.046804e-05,5.484842e-06,9.954563e-06,9.690435e-07,4.3610344e-05,1.5252137e-06,6.3860784e-06,7.410792e-06,9.444367e-06,3.869463e-05,0.00040984186,2.8408416e-05,9.610055e-07,4.0030925e-05,0.0001997135,1.575411e-05,1.1384967e-05,1.0941316e-05,5.628474e-06,4.675713e-05,5.481515e-05,6.236361e-06,4.707945e-05,0.0006700791,0.00025213262,1.064723e-05,6.1461856e-07,5.647647e-07,6.8407986e-05,8.151607e-05,1.6353044e-06,4.8643483e-06,6.3939033e-06,1.482983e-06,0.0007528667,2.6370613e-05,3.0976637e-06,1.518536e-06,7.4618815e-06,3.293195e-05,9.291848e-06,1.7062262e-05,6.8435797e-06,3.2143467e-05,2.0599402e-05,3.357303e-05,2.245922e-05,0.00012361222,1.1216534e-06,4.126439e-05,8.486391e-06,1.2017118e-05,1.00504985e-05,4.6341374e-06,1.0295491e-05,1.4076778e-05,5.898633e-05,0.00018980444,1.4803993e-05,7.718923e-05,4.045186e-07,1.0586506e-06,1.7753358e-05,2.3128057e-06,5.6324177e-05,2.4914856e-05,1.0052387e-05,1.3978515e-06,1.2974616e-06,5.663376e-05,0.00014068924,5.998693e-06,1.3402018e-05,1.9908637e-05,1.774349e-05,2.9047684e-05,1.7952429e-07,1.0869793e-05,1.3565622e-05,9.59901e-07,6.1069222e-06,0.00013511717,4.0330897e-06,5.1301263e-06,1.8400058e-06,0.00044443418,2.4069072e-07,9.532251e-05,1.1677814e-05,9.330213e-05,1.7738937e-05,4.879644e-07,3.720226e-07,8.358019e-06,9.555632e-05,4.5084475e-06,7.655549e-06,4.8776947e-06,9.446844e-06,0.00013360103,1.3674913e-05,8.4048384e-07,0.00035342996,7.344349e-05,1.2762645e-05,2.2605207e-06,3.8981384e-06,7.152779e-05,2.818501e-06,3.998881e-06,7.0785594e-05,3.9933926e-05,7.914137e-06,4.7792387e-06,0.00022508539,6.247216e-05,7.78691e-06,1.0764592e-05,6.462557e-06,6.1349016e-07,3.2161373e-05,1.5032789e-05,4.469937e-07,3.0797997e-05,7.03706e-05,0.00019558833,6.650709e-05,2.5292169e-05,1.9155863e-05,1.1269544e-05,3.3176295e-06,4.6519554e-06,6.4501805e-06,3.5330668e-05,0.0005424667,0.004972217,1.8018934e-05,8.9285204e-05,1.45332315e-05,1.1782688e-05,1.594093e-07,2.0875137e-05,4.16126e-06,1.6178087e-06,4.5695942e-06,0.00013400025,7.043707e-06,0.0005309788,6.0432754e-08,6.677584e-05,9.067184e-07,1.5370706e-05,2.4072471e-05,2.2418006e-05
BC2026_Train_0039_S22_20211231_201500_020,3.2927096e-06,1.3667116e-05,6.0397706e-06,0.0037386368,2.0033085e-06,5.787684e-07,2.5326085e-07,1.7964783e-05,0.18853968,0.00074029394,0.020490076,5.5104675e-07,2.3936882e-05,6.747387e-07,1.4928789e-06,0.99800473,8.781774e-06,5.5495565e-07,0.6738468,0.0032654344,3.416867e-05,0.38148057,0.0005182719,2.064751e-08,0.0525804,1.7344904e-05,0.00019738082,4.2146734e-05,0.00013602129,2.0496664e-05,0.0002103587,4.7573823e-05,0.00021167978,2.988179e-06,1.8997666e-06,9.2781054e-05,6.5072268e-06,1.6322024e-06,2.4591625e-05,0.00021615768,0.00015439517,2.6084259e-05,1.6169792e-05,0.00010910593,1.33088e-05,2.386158e-05,4.359579e-05,5.912448e-05,3.6623576e-06,1.9989097e-08,6.313382e-06,2.3423821e-05,1.8046881e-05,2.4667514e-05,0.00010582572,8.9048257e-07,3.4681723e-06,0.83547115,1.0944583e-05,8.493697e-05,0.5008654,4.4450732e-07,0.0019018848,0.86096555,0.042259593,0.00014593964,0.00021648954,4.6390896e-06,1.3155784e-08,1.6832588e-05,1.5614069e-07,7.399475e-07,4.1607374e-05,2.4996652e-05,1.1757523e-05,1.3422381e-05,0.00023740926,4.069862e-05,9.761416e-05,3.905249e-06,0.0005346628,1.4669246e-05,2.9361252e-05,7.678874e-06,0.00016863827,3.8453604e-06,2.027229e-05,3.063633e-05,2.663577e-05,6.0775244e-05,0.00019187757,4.3824843e-05,2.5040415e-06,0.00011388095,0.00059686333,1.3614209e-05,3.580707e-05,4.0078976e-05,2.9077339e-05,0.0001254791,8.563355e-05,8.26315e-06,0.00015823994,0.0019824055,0.00044626408,3.0334273e-05,2.1598382e-06,1.5278342e-06,0.00014017355,6.783025e-05,1.5231281e-05,1.3351106e-05,1.6628648e-05,7.1783024e-06,0.0012096271,9.269996e-05,8.39326e-06,5.053492e-06,3.720895e-05,9.22205e-05,6.130968e-05,6.097919e-05,8.522052e-06,0.00016250831,1.754032e-05,3.415427e-05,2.3610908e-05,0.0010744178,3.4664197e-06,0.00013380362,1.8564526e-05,3.0959338e-05,1.46070415e-05,1.0859878e-05,1.1203534e-05,1.4089523e-05,0.00020217436,0.00023019417,6.471366e-05,7.400401e-05,9.061288e-07,2.3430782e-06,2.3843928e-05,5.242861e-06,4.2318057e-05,1.6281574e-05,6.1171922e-06,5.556777e-06,9.4278985e-06,0.0001627963,0.0003827034,2.6439737e-05,7.20243e-05,2.4653264e-05,5.3770418e-05,0.0001469072,1.4720374e-06,9.627168e-06,3.4494497e-05,7.97474e-07,2.250798e-05,0.00073058094,8.049552e-06,1.9279349e-05,3.4693962e-06,0.0010701275,6.7164297e-07,0.00012747479,1.963162e-05,0.000115908944,3.4218232e-05,1.1753212e-06,7.2832637e-07,5.4864586e-06,0.00011662582,1.05993e-05,1.8506616e-05,2.7312739e-05,9.7715965e-05,0.00012527502,0.00015314901,2.617629e-06,0.0031793523,8.970936e-05,7.007923e-05,1.0263298e-05,1.6767555e-05,0.00017309347,1.24514845e-05,4.5193e-06,0.0005993162,9.333487e-05,1.1345557e-05,1.2044505e-05,0.00033636062,0.00010508109,2.050237e-05,1.1423205e-05,4.2380332e-05,1.1137932e-06,8.964557e-05,5.1433384e-05,2.2384245e-06,3.7455706e-05,0.00024244054,0.00054208806,5.3179036e-05,7.3097974e-05,9.7823e-05,2.3055969e-05,5.166779e-06,3.241429e-05,2.9889838e-05,7.1263494e-05,0.0016582966,0.004820643,2.5391857e-05,0.00021907953,2.1414518e-05,1.9163079e-05,3.808031e-07,2.738702e-05,2.0303421e-05,7.5693833e-06,2.4018012e-05,0.00027638415,3.0254447e-05,0.0003491083,1.3573813e-07,0.00022783923,3.3984722e-06,8.2286446e-05,9.904406e-05,8.234382e-05
BC2026_Train_0039_S22_20211231_201500_025,4.020678e-06,2.6106505e-05,2.1130377e-06,0.002705749,8.862906e-06,2.4408268e-07,3.522478e-07,3.285116e-06,0.08522409,0.00055564067,0.006883882,2.4827236e-07,1.4118793e-05,9.690685e-07,1.8420284e-06,0.99750394,4.448484e-06,5.9572244e-07,0.65395766,0.0024411075,5.8841666e-05,0.88721114,5.884778e-05,1.4663133e-08,0.020459741,2.1315782e-05,0.00024090504,0.00017269255,0.00022165467,5.8675076e-05,5.6436656e-05,3.377128e-05,0.00018837543,1.6777526e-06,1.0576113e-06,7.2522314e-05,1.4779208e-05,8.5231375e-07,1.7252587e-05,0.00011644425,4.7634792e-05,1.101021e-05,8.640624e-06,4.8104248e-05,1.623026e-05,1.3558612e-05,2.6187994e-05,5.0294006e-05,2.7042622e-06,4.563981e-09,3.0583503e-06,2.019299e-05,8.750775e-06,1.0484831e-05,5.430024e-05,1.4371603e-06,9.0396327e-07,0.6390045,9.3554145e-06,0.00025573638,0.7445218,3.1771268e-07,0.0007896782,0.97764957,0.10368495,0.00018126609,0.0001323844,1.8892202e-05,2.6038829e-09,3.1455955e-05,1.1742716e-08,2.3096088e-07,1.778776e-05,8.736301e-05,5.171472e-06,1.6626287e-05,3.452329e-05,1.3885092e-05,2.1040545e-05,8.251748e-06,0.0001132563,2.2759914e-06,2.2305663e-05,6.288631e-06,0.00012669656,1.6697555e-06,1.9298693e-06,1.698782e-05,1.5583511e-05,8.5907865e-05,5.297097e-05,2.7170554e-05,2.758067e-07,6.08818e-05,0.0008943497,1.62697e-05,6.3726147e-06,0.00024573682,5.05328e-06,0.00012690586,2.5068104e-05,4.332075e-06,5.9600272e-05,0.0015198238,0.00044737066,1.7443303e-05,1.0589717e-06,2.8180575e-06,3.949031e-05,2.9781293e-05,6.022889e-06,1.0677033e-05,8.569754e-06,5.119623e-06,0.002121733,4.3705226e-05,4.9108985e-06,2.8937636e-06,1.2208209e-05,6.5536595e-05,4.915252e-05,4.770325e-05,3.0476708e-06,4.552893e-05,5.200034e-05,5.794073e-05,2.636561e-05,9.486631e-05,6.2741304e-07,4.8258542e-05,1.3379722e-05,1.2244727e-05,1.7493681e-05,1.407259e-05,4.3389255e-06,4.160974e-06,0.00037532387,5.999596e-05,2.2652057e-05,0.00026656632,2.0357788e-07,1.8682082e-06,4.730019e-06,1.1851045e-06,4.9882838e-05,2.0753796e-05,1.8390866e-06,2.666242e-06,3.3108813e-06,7.5640884e-05,0.0002750016,1.1654761e-05,7.0530637e-06,1.3315528e-05,4.4666293e-05,2.6659938e-05,6.069271e-07,8.548147e-06,1.650159e-05,2.266057e-06,2.6757898e-05,0.00022077742,2.2150201e-05,7.537767e-06,2.7521316e-06,0.0008983771,4.3567783e-07,4.585092e-05,1.0604234e-05,0.00012333447,1.9206494e-05,5.8571527e-07,5.8425644e-07,4.4882804e-06,0.000119757555,1.7419316e-05,8.442108e-06,9.334872e-06,4.6670164e-05,0.00031527455,2.6100408e-05,2.8410916e-06,0.00082885515,2.8537503e-05,1.5878471e-05,1.1726477e-06,4.4504995e-06,0.000100011915,5.097437e-06,9.611984e-06,7.0828406e-05,7.582019e-05,4.572835e-05,2.12926e-05,0.00014489872,6.493001e-05,2.2731998e-05,4.1646504e-06,2.1456997e-05,1.7716153e-06,3.33398e-05,1.88763e-05,1.0387588e-06,1.6047019e-05,4.346097e-05,0.00014608557,3.020659e-05,4.8676364e-05,1.0967861e-05,8.840823e-06,1.5659328e-06,6.9162757e-06,1.9589988e-05,7.218919e-05,0.0008627513,0.010572903,3.6743462e-05,8.404676e-05,2.225535e-05,1.15441535e-05,2.2167275e-07,2.1013093e-05,4.8139714e-06,4.6247337e-06,3.1973839e-06,0.0002398677,3.1972602e-05,0.00017953532,1.8868464e-07,0.00020259792,7.1141665e-07,3.769985e-05,8.359533e-06,1.3755457e-05
BC2026_Train_0039_S22_20211231_201500_030,9.896475e-06,7.4742886e-05,9.243045e-06,0.0075654895,1.4558521e-05,4.305766e-07,1.3708462e-06,2.0648178e-05,0.018555524,0.0017820495,0.009269327,7.2672987e-07,9.94261e-06,2.969855e-06,3.8077803e-06,0.9978734,4.2747624e-06,3.7752417e-07,0.8117265,0.00042860396,0.00023490077,0.89584446,5.918997e-05,2.152385e-08,0.018766858,0.00010713941,0.00014158702,0.0006602687,0.00023740905,0.00011002796,0.00012839181,5.726328e-05,0.00024083708,3.2004345e-06,1.968552e-06,0.0002534679,2.7552844e-05,1.920669e-06,3.4453074e-05,0.00022469793,0.000112797046,2.4168763e-05,2.2347012e-05,0.00018347432,3.3937256e-05,1.399083e-05,4.788059e-05,4.0191582e-05,3.0521587e-06,9.513933e-09,3.1197385e-06,2.362172e-05,1.8847539e-05,3.2141477e-05,6.805365e-05,5.1612337e-06,2.4389892e-06,0.7207149,1.3358494e-05,0.001110204,0.15410282,1.2838361e-06,0.00028837044,0.9631542,0.66747767,9.015531e-05,0.00066011614,4.306067e-05,6.813204e-09,0.00011751353,1.7294404e-08,2.4079932e-07,5.042588e-05,0.0001780211,7.37594e-06,7.0361275e-05,4.3007978e-05,8.648975e-06,2.8886303e-05,5.8943265e-06,2.6801057e-05,1.9638287e-06,1.6913718e-05,3.0470515e-06,1.8780202e-05,5.0733915e-06,1.3088767e-06,2.1989046e-05,1.3667754e-05,4.659146e-05,0.00037766312,7.025487e-05,3.513671e-07,8.258846e-05,0.0004273205,3.6888603e-05,7.665989e-06,3.551179e-05,5.490976e-06,9.549292e-05,3.2639924e-05,4.9102714e-06,4.4279845e-05,0.0008186572,0.00018225223,2.063991e-05,1.0209832e-06,4.5037896e-06,8.7452696e-05,5.574313e-05,3.012337e-06,7.523419e-06,2.5182708e-05,1.940522e-06,0.00037799487,7.0534334e-05,1.7596516e-06,1.8648441e-06,7.1214017e-06,3.0937706e-05,9.248811e-06,1.8405255e-05,7.066704e-06,7.1877264e-05,8.0993195e-05,5.7662208e-05,3.157834e-05,4.6966357e-05,1.0804628e-06,6.3864514e-05,7.205532e-06,1.7090386e-05,6.808844e-05,1.1025477e-05,9.774855e-06,3.8343414e-06,7.6507924e-05,0.00022748628,3.459072e-06,0.00060458085,2.2079968e-07,6.7002775e-06,3.9627207e-06,6.0052753e-06,0.00018436745,0.00012354893,1.0739684e-05,4.5878246e-06,3.1412008e-06,2.8962684e-05,9.257223e-05,1.4032587e-05,8.460306e-06,1.416701e-05,7.4244905e-05,3.9663846e-05,3.6389997e-07,1.0038697e-05,4.632581e-05,7.5293756e-06,4.4282347e-06,0.00018662357,1.0516666e-05,4.400689e-06,3.5337468e-06,0.00039963596,1.20144e-06,9.027299e-05,1.40747115e-05,0.00013099768,4.533051e-05,4.803223e-07,8.9594704e-07,7.9510555e-06,0.00012483785,4.6778667e-05,3.086455e-06,1.3476405e-05,6.0980874e-06,0.00011328643,1.625681e-05,1.632861e-06,0.00035885343,5.841931e-05,7.762554e-06,9.66711e-07,3.948913e-06,0.000119965225,1.7169514e-06,6.6844054e-06,9.68282e-05,6.521528e-05,7.204003e-05,5.167163e-06,0.00016311408,2.260745e-05,1.0984211e-05,2.2511176e-05,4.882925e-06,3.6139024e-06,8.70945e-05,6.618992e-05,1.4918144e-06,1.756193e-05,8.251809e-05,0.00013154645,0.00025324544,3.9454288e-05,2.2889142e-05,3.491261e-05,3.228284e-06,5.9017284e-06,8.3587365e-06,7.7206154e-05,0.00043350563,0.004403774,2.5698095e-05,2.5288044e-05,3.2136417e-05,3.987346e-05,1.9278427e-07,1.9816294e-05,3.5181308e-06,5.105138e-06,8.006975e-06,0.0002766106,8.862602e-06,0.00033565974,1.1288002e-06,0.00015064064,1.650241e-06,2.3806822e-05,8.547552e-06,5.522606e-06
BC2026_Train_0039_S22_20211231_201500_035,4.6396992e-05,6.95481e-05,3.952206e-06,0.0031301694,1.238722e-05,2.7812848e-07,3.4063495e-07,6.559852e-06,0.013928557,0.0004186895,0.0048369025,2.6051094e-07,1.1837278e-05,1.307553e-06,2.410466e-06,0.99599886,3.9804468e-06,1.9580992e-07,0.51614434,0.00034087818,0.00052481965,0.9495622,1.970295e-05,1.8218655e-08,0.02219628,7.269216e-05,3.4758796e-05,0.0008037143,0.00023390866,5.4388598e-05,4.8751997e-05,4.5629076e-05,0.00013549365,2.9049315e-06,1.5002864e-06,0.000120762204,1.7765009e-05,1.1611764e-06,1.5614021e-05,0.00011140859,3.9893923e-05,2.324287e-05,6.1837477e-06,5.575967e-05,2.319752e-05,1.1791816e-05,2.7903765e-05,2.740813e-05,1.4885218e-06,6.5323293e-09,2.4309568e-06,1.3879215e-05,1.1286117e-05,1.5010198e-05,4.2159594e-05,1.7380155e-06,5.258005e-07,0.38433668,1.047274e-05,0.0014064272,0.39636633,4.9650737e-07,0.00045582946,0.9811079,0.5792822,4.2163658e-05,0.00027254072,3.8884544e-05,1.45337395e-08,9.913089e-05,1.1679034e-08,3.4088876e-07,3.86286e-05,9.339925e-05,6.0673315e-06,5.695042e-05,3.2973458e-05,7.1896275e-06,4.5934295e-05,1.2805292e-05,4.3776723e-05,1.2613963e-06,6.125387e-05,1.6449819e-06,4.354394e-05,1.6213346e-06,9.51338e-07,1.9880956e-05,1.7608148e-05,0.00011187208,0.0005273623,0.00010527707,2.1220434e-07,3.7679398e-05,6.962634e-05,4.4029264e-05,6.454925e-06,3.3586733e-05,1.8879762e-06,0.00022371049,1.4626223e-05,2.448689e-06,6.566027e-05,0.0010608253,0.0004715476,9.894974e-06,9.0459355e-07,8.9998144e-07,1.36689005e-05,1.731978e-05,6.804674e-07,1.42053905e-05,1.8447834e-05,1.0900102e-06,0.0006273674,7.392473e-05,4.6313453e-06,1.9832328e-06,8.58532e-06,4.74748e-05,4.5160254e-05,1.8167098e-05,5.8243445e-06,8.941342e-05,0.000338177,5.7007204e-05,2.6552483e-05,0.00012133426,9.778965e-07,6.835615e-05,9.072787e-06,1.0503256e-05,5.754794e-05,1.827316e-05,3.3835572e-06,2.427299e-06,0.00014729392,0.0001768515,7.336542e-06,0.00045872855,3.2355038e-07,5.0591384e-06,1.4136253e-05,3.1213126e-06,0.00014340488,0.00016666009,1.9007733e-05,2.7374365e-06,1.6370958e-06,1.6173677e-05,1.8302686e-05,2.577568e-05,1.5087798e-05,2.025884e-05,0.000102759564,3.8204802e-05,1.8684206e-07,5.6049007e-06,2.4907278e-05,1.2363628e-05,1.2778014e-05,0.00026776604,5.6796393e-06,4.1611293e-06,3.3513595e-06,0.00036416785,1.6807138e-06,7.54486e-05,5.5518412e-05,7.5981596e-05,2.1541018e-05,1.4723604e-06,7.327552e-07,1.2748911e-05,0.000119169745,6.519035e-05,3.0961073e-06,1.5836009e-05,4.6423734e-06,0.00051916775,7.286755e-06,6.595274e-06,0.00011137948,4.9375587e-05,2.344426e-06,6.571083e-07,9.899333e-07,9.69606e-05,1.1274103e-06,1.339715e-05,2.2492979e-05,4.5338726e-05,5.6536464e-05,7.905139e-06,8.381249e-05,2.8355094e-05,5.647341e-06,1.3324904e-05,6.4939413e-06,6.7358033e-06,5.7794216e-05,3.836212e-05,7.215655e-07,5.451852e-05,5.4315984e-05,0.00010230688,0.0002715942,5.4289416e-05,5.895091e-06,9.414293e-05,4.209729e-06,7.961685e-06,8.421563e-06,5.2945918e-05,0.00044292703,0.0052257124,3.214442e-05,3.2179934e-05,5.074273e-06,3.3710534e-05,2.655523e-07,9.956587e-06,1.6222489e-06,2.4802744e-06,4.7651483e-06,0.00033838305,9.08906e-06,0.0004854121,5.9212965e-07,0.00011522099,1.725566e-06,1.6196722e-05,8.528946e-06,9.656463e-06
BC2026_Train_0039_S22_20211231_201500_040,2.4857258e-05,1.3946883e-05,1.5055897e-06,0.001503064,1.2220439e-05,1.5168294e-07,8.451885e-08,1.7469823e-06,0.004648813,0.00031664484,0.011972025,1.3073569e-07,1.9443492e-06,4.2900348e-07,8.288132e-07,0.99833006,5.0755793e-06,1.0480371e-07,0.54157996,0.00040711396,0.00013736394,0.9056645,7.270658e-05,5.568099e-09,0.004727572,2.7264437e-05,4.391994e-05,0.0003487419,5.1095674e-05,0.000109266795,3.1446623e-05,1.8766934e-05,4.885639e-05,1.3729328e-06,9.697471e-07,5.5787426e-05,1.0615192e-05,4.5508622e-07,7.2755274e-06,8.7732515e-05,3.070691e-05,9.00834e-06,3.8770245e-06,4.9828777e-05,4.6150976e-06,6.30363e-06,1.0271571e-05,1.2588361e-05,9.2815856e-07,2.6940923e-09,2.0210705e-06,8.570023e-06,6.316394e-06,7.2549774e-06,1.3999879e-05,8.776908e-07,5.9321775e-07,0.62750626,3.0058657e-06,0.00020306188,0.3622058,8.166217e-08,0.00024014826,0.9907616,0.22113314,2.0052843e-05,6.4597196e-05,1.29823065e-05,1.938303e-09,5.147843e-05,7.7690006e-09,1.08175094e-07,4.5558786e-06,4.6673642e-05,3.8518237e-06,6.759882e-05,4.3441574e-05,4.5446486e-06,3.5254405e-05,8.669283e-06,4.6835266e-05,1.3889165e-06,3.0807136e-05,3.2905782e-06,1.8592997e-05,1.1603352e-06,1.5633857e-06,1.3726103e-05,1.2519485e-05,7.463405e-05,0.0007984929,1.9171304e-05,3.4044106e-07,3.7007274e-05,0.00014080077,1.961373e-05,7.0295605e-06,9.446546e-06,2.356778e-06,0.00013297015,1.5213542e-05,4.538996e-06,3.79777e-05,0.0009977886,0.00021381496,1.3396243e-05,4.4807092e-07,6.643178e-07,2.6334701e-05,4.0789615e-05,1.1790046e-06,6.8719173e-06,4.913115e-06,1.692426e-06,0.00080524257,3.0802523e-05,4.337552e-06,5.415586e-07,8.6901655e-06,1.7254364e-05,8.580089e-06,1.01060605e-05,5.4723337e-06,3.1381616e-05,0.00011964192,4.1145835e-05,2.7423113e-05,3.983499e-05,3.7733912e-07,1.9495648e-05,3.5278374e-06,1.7924278e-05,2.8518132e-05,1.3628278e-05,4.3500795e-06,4.1867597e-06,6.376538e-05,0.00013300095,7.3271085e-06,0.00028212657,3.9888073e-07,1.47157e-06,2.2034708e-06,2.9847643e-06,3.364928e-05,7.71893e-05,8.517852e-06,1.6221994e-06,5.6279094e-07,3.0131932e-05,3.1446114e-05,2.3064354e-06,3.645631e-06,8.454596e-06,7.749198e-05,1.8563585e-05,2.1910103e-07,5.2428804e-06,1.3771575e-05,3.9916263e-06,3.8717294e-06,0.00014619091,1.1769459e-05,4.3212394e-06,3.1180489e-06,0.00024478577,6.254899e-07,3.984932e-05,1.3202725e-05,8.066523e-05,1.4337873e-05,3.5586504e-07,2.9895537e-07,1.0190005e-05,0.0001104397,6.8769696e-05,3.1351854e-06,4.460302e-06,3.4960035e-06,6.0446942e-05,5.6943695e-06,3.391721e-06,0.00030145442,5.1041032e-05,6.0610337e-06,7.356862e-07,9.84148e-07,7.707655e-05,1.3133981e-06,6.7984415e-06,1.9452062e-05,5.6547582e-05,8.746295e-06,2.1530889e-06,6.781278e-05,2.4215502e-05,8.182133e-06,8.389235e-06,4.4098097e-06,2.1337394e-06,3.6066183e-05,4.5155382e-05,3.5736247e-07,1.5832535e-05,1.0878743e-05,0.00011562061,5.8501315e-05,1.2595854e-05,1.4442568e-05,1.6699669e-05,2.4885671e-06,2.7633932e-06,4.5692195e-06,5.810917e-05,0.00040016737,0.0019882037,3.160416e-05,3.994421e-05,6.314503e-06,1.2793731e-05,1.1522484e-07,1.1419742e-05,1.0176634e-06,1.135123e-06,4.351635e-06,0.00012530811,4.9837977e-06,9.0445916e-05,2.1159505e-07,0.00010133884,6.9907725e-07,3.7035625e-05,4.8206425e-06,8.0377695e-06
BC2026_Train_0039_S22_20211231_201500_045,6.3217994e-06,1.2168908e-05,1.4206948e-06,0.0021981033,6.694338e-06,6.553172e-08,5.140123e-08,2.2578813e-06,0.0040773344,0.00089640025,0.014976559,1.9491563e-07,1.2112984e-06,4.2034807e-07,6.853258e-07,0.99529004,8.90408e-06,1.0267455e-07,0.54381603,0.00050878705,9.6180345e-05,0.8597664,3.646532e-05,3.482613e-09,0.008590589,1.5102436e-05,3.9732367e-05,0.00012545483,8.9701316e-05,4.1855186e-05,3.6308513e-05,1.21633275e-05,4.2697036e-05,1.026463e-06,7.3863754e-07,5.086484e-05,1.0004462e-05,5.716247e-07,8.499626e-06,8.110426e-05,3.616493e-05,5.120668e-06,3.5610447e-06,4.188441e-05,5.325327e-06,5.50946e-06,9.685847e-06,1.4940845e-05,6.7620493e-07,1.7648251e-09,1.3039629e-06,3.8143298e-06,3.9527827e-06,7.188112e-06,1.683347e-05,8.1582436e-07,4.530527e-07,0.76712584,3.3412273e-06,6.5596556e-05,0.2768296,5.1905158e-08,0.0004327154,0.9942327,0.18788116,1.9177887e-05,0.000107026994,6.1790315e-06,1.3596838e-09,2.197301e-05,6.5343726e-09,7.693108e-08,6.052566e-06,2.9719984e-05,1.2124449e-06,1.8525812e-05,3.2950542e-05,3.0022761e-06,2.623121e-05,4.48116e-06,1.6808333e-05,3.5441756e-06,8.631433e-06,1.7396338e-06,1.5499829e-05,6.919324e-07,1.41684e-06,6.7802794e-06,8.699959e-06,8.087634e-05,0.00025656354,1.9733468e-05,1.8522371e-07,2.8781868e-05,0.00017557926,1.3188543e-05,6.557638e-06,5.25707e-06,3.2030637e-06,9.255606e-05,2.6329028e-05,2.6355488e-06,3.16964e-05,0.0006252609,0.00016777891,1.4649367e-05,6.062907e-07,1.4894802e-06,2.9844865e-05,4.6315385e-05,9.86818e-07,5.347857e-06,3.0706863e-06,1.3821921e-06,0.0006814444,4.614015e-05,3.3913075e-06,6.132515e-07,8.877888e-06,2.2907925e-05,5.7376687e-06,1.2120185e-05,5.727227e-06,1.8165038e-05,1.907798e-05,2.3127253e-05,1.0906915e-05,2.6181377e-05,3.9079208e-07,1.8314717e-05,2.9942726e-06,1.934388e-05,1.2834204e-05,4.371651e-06,5.2719306e-06,6.3516527e-06,3.4994373e-05,6.050346e-05,4.4971284e-06,0.00012936929,1.5001847e-07,7.829517e-07,4.2411566e-06,2.9054609e-06,2.239192e-05,2.041397e-05,2.828453e-06,2.9102139e-06,5.443599e-07,2.6911803e-05,3.2094184e-05,1.0510755e-06,6.8356867e-06,5.3495355e-06,2.5854482e-05,1.1064503e-05,1.4294154e-07,5.600268e-06,9.90328e-06,1.7545124e-06,3.552626e-06,7.109957e-05,4.900003e-06,3.35609e-06,2.4130788e-06,0.00029410486,3.1420652e-07,2.0900834e-05,4.499582e-06,3.3158467e-05,1.19542965e-05,2.5806344e-07,4.531439e-07,4.3706336e-06,0.00011533168,2.0887264e-05,2.8855045e-06,3.4578977e-06,6.3530397e-06,8.1821425e-05,4.638988e-06,2.006896e-06,0.00031419614,7.341968e-05,7.3851893e-06,3.6431734e-07,2.0710045e-06,4.4701275e-05,2.0324646e-06,9.135701e-06,3.0868217e-05,6.7594374e-05,1.2722117e-05,1.725604e-06,0.00011500266,2.8356068e-05,3.0082142e-06,6.3109082e-06,3.6578197e-06,3.8255504e-07,2.4069992e-05,1.7150682e-05,3.645982e-07,6.380484e-06,1.15535595e-05,9.1187925e-05,2.8409633e-05,5.4558827e-06,1.3800326e-05,7.3621936e-06,2.1516869e-06,2.7747803e-06,3.4515194e-06,3.089251e-05,0.00039644365,0.0043538306,1.2332552e-05,1.3937257e-05,6.6841694e-06,6.918453e-06,1.00971164e-07,1.292437e-05,7.374318e-07,6.380444e-07,2.585924e-06,8.600131e-05,6.8666964e-06,6.490049e-05,2.4809316e-07,7.6805074e-05,2.2267281e-07,2.7747363e-05,3.663077e-06,8.160344e-06
BC2026_Train_0039_S22_20211231_201500_050,1.51439e-05,3.636257e-05,6.575234e-06,0.0017694581,6.709945e-07,2.0317057e-07,2.0167717e-07,3.2022788e-06,0.004894664,0.0002434059,0.008635931,6.087525e-08,2.3266498e-06,1.7867163e-06,2.2100343e-05,0.9968066,1.3979342e-06,4.096837e-07,0.633735,0.002638766,8.195597e-05,0.9042614,5.3645243e-05,4.4636344e-09,0.016015224,2.0254589e-05,0.00021016844,0.00013570867,0.0003366004,8.026211e-06,4.8146656e-05,2.9867244e-05,0.00020550517,9.4748617e-07,7.3346274e-07,0.00014565258,1.1874353e-05,8.7950815e-07,8.480429e-06,0.00013912757,3.495325e-05,5.639715e-06,5.483587e-06,0.00012583917,6.0457064e-06,1.6232443e-05,3.5601344e-05,0.00010805812,3.4779464e-06,2.9658656e-09,1.8020678e-06,8.772325e-06,8.997532e-06,7.789643e-06,5.462333e-05,1.87478e-06,1.5110486e-06,0.3371404,1.50854075e-05,5.3714866e-05,0.71867853,3.7930977e-08,0.00034569716,0.87637013,0.18560664,4.6188623e-05,0.0001391995,5.76335e-06,3.636607e-09,5.820062e-05,4.640633e-08,8.266393e-07,1.3836752e-05,1.162265e-05,1.525253e-06,5.756385e-06,0.00014160849,6.4711785e-06,5.428818e-05,2.641389e-06,0.00018814494,2.5666428e-05,1.0121068e-05,3.8713238e-06,8.733569e-05,1.2578753e-06,7.0292926e-06,4.4356816e-06,6.0131897e-06,5.321658e-05,0.0002496994,9.092407e-06,1.4610055e-06,5.9642454e-05,0.00015490538,1.6391034e-05,5.1310467e-06,8.900064e-06,3.7547113e-06,3.0126532e-05,0.00011326548,2.9043526e-06,6.021538e-05,0.0006438921,0.00057223154,1.0989933e-05,7.038873e-07,6.4550636e-07,5.5642224e-05,3.2087173e-05,2.448827e-06,5.4350116e-06,2.9865523e-06,1.1208194e-06,7.928769e-05,0.00010380857,1.4441688e-05,3.1949273e-06,2.7358674e-05,1.8191093e-05,2.778666e-05,4.9306935e-05,8.173889e-06,3.3814013e-05,1.561015e-05,1.2197548e-05,2.1018006e-05,0.0001084663,3.2110233e-07,3.8031663e-05,1.5825613e-06,4.4749515e-05,1.7696208e-05,1.8188315e-05,3.6609888e-06,2.7894046e-06,0.00014439198,7.183163e-05,2.0679749e-05,6.184634e-05,6.6093634e-07,3.8410026e-06,6.3803254e-06,4.2988013e-06,2.510916e-05,5.4008997e-06,2.000462e-06,6.1825233e-07,2.2945928e-06,3.3087865e-05,7.110825e-05,1.2998966e-06,1.6237862e-05,7.3637184e-06,3.1223935e-05,1.2596431e-05,3.817201e-07,4.7533613e-06,2.7941895e-05,5.5185035e-07,3.1402033e-05,5.8749323e-05,3.1375005e-06,3.6963338e-06,5.899556e-06,0.000119593446,5.1833587e-07,7.700382e-06,2.7905674e-06,8.769571e-05,1.3949862e-05,1.1987893e-06,5.587203e-07,7.4482027e-06,6.809506e-05,6.788082e-06,3.2189444e-06,2.541857e-06,7.613355e-05,0.0003089068,6.5975823e-06,3.7626148e-06,0.0009550602,6.590648e-05,1.7338421e-05,5.731373e-06,4.9036075e-06,0.000118502416,2.2538152e-06,3.4860557e-06,4.6973077e-05,5.061107e-05,1.2718781e-05,8.823977e-06,0.00011247311,2.25659e-05,1.4273276e-05,5.594567e-06,1.2385684e-05,6.601118e-07,2.4451665e-05,3.5934502e-06,2.995673e-07,2.658474e-05,1.0107198e-05,0.0008154138,2.2612194e-05,4.0276223e-05,9.325796e-06,2.1541222e-05,3.6691954e-06,6.236468e-06,9.872597e-06,9.79474e-06,0.00047281885,0.0008602733,2.1268186e-05,3.1903524e-05,2.2138001e-06,1.10455685e-05,1.621092e-07,3.710884e-05,1.4835758e-06,4.9936614e-07,5.551274e-06,0.00038472773,3.2709452e-06,0.0016268999,8.8280345e-08,8.311401e-05,1.4761283e-06,3.788318e-05,4.5261957e-05,2.122863e-05
BC2026_Train_0039_S22_20211231_201500_055,1.1763096e-05,3.3909273e-05,7.4599457e-06,0.0021176655,1.7191239e-06,1.4421867e-07,3.2135873e-07,4.352117e-06,0.0071068713,0.00015444214,0.0021761835,1.0321786e-07,1.3725088e-06,1.887861e-06,7.2271137e-06,0.99848384,2.1066232e-06,1.3559982e-07,0.7617748,0.00085704925,4.2923493e-05,0.8776544,6.836488e-05,6.7408954e-09,0.025373487,5.3920256e-05,0.0003118532,0.00012168268,0.00020047723,8.380567e-06,3.3906363e-05,3.0015379e-05,0.00013715673,1.1198301e-06,9.38368e-07,0.00013695561,1.5970289e-05,6.9416967e-07,6.6055095e-06,9.629579e-05,3.0022507e-05,4.895552e-06,8.056825e-06,8.7607026e-05,4.5187658e-06,1.851163e-05,2.5037783e-05,5.931807e-05,1.9921993e-06,2.5790061e-09,1.6930429e-06,1.1463475e-05,1.0310111e-05,8.727024e-06,5.21634e-05,1.2148837e-06,8.586913e-07,0.45184338,6.4539277e-06,6.8291585e-05,0.20119494,1.726675e-08,8.618939e-05,0.92137146,0.21242876,0.00014221446,0.000108044514,6.654517e-06,2.167148e-09,2.833274e-05,5.454377e-08,1.4299307e-07,1.2456555e-05,6.178102e-05,1.3719173e-06,3.8740785e-05,0.00010108926,1.0236006e-05,4.653995e-05,2.353328e-06,0.00011585581,3.0642408e-05,5.7030816e-06,2.6474565e-06,2.6250478e-05,5.850554e-07,2.3950995e-06,3.20402e-06,3.3650506e-06,0.00012666515,0.00017130803,2.026305e-05,8.5872495e-07,8.1098e-05,0.000106308464,1.2449751e-05,7.658893e-06,1.9930216e-05,3.3942906e-06,5.6398076e-05,0.0001322065,6.8712156e-06,4.645171e-05,0.00039999958,0.00027650778,1.8671642e-05,1.232437e-06,7.7548634e-07,3.4497752e-05,5.171939e-05,8.351935e-07,2.38048e-06,2.516545e-06,4.6380225e-07,0.00049026986,3.4692202e-05,1.2661455e-05,4.2261813e-06,2.0843569e-05,3.9258146e-05,9.036745e-06,2.47405e-05,3.1240436e-06,7.542558e-05,1.3725421e-05,3.1726217e-05,3.4934023e-05,4.4733388e-05,2.0150992e-07,6.621227e-05,1.8569112e-06,4.6551224e-05,2.6254336e-05,3.6120397e-05,7.254756e-06,6.6989996e-06,0.0002457994,9.580842e-05,1.1184543e-05,5.860641e-05,2.898194e-07,2.1251246e-06,7.070668e-06,7.414044e-06,2.2577502e-05,1.0723515e-05,4.3368864e-06,2.5725772e-06,9.286597e-07,3.719802e-05,0.0001237896,4.1020157e-06,6.6859034e-06,3.4298762e-06,7.7287186e-05,2.0095304e-05,3.66809e-07,9.901307e-06,8.761372e-06,1.3109342e-06,9.543689e-06,0.0001280243,4.2500237e-06,7.855314e-06,1.469493e-06,7.078499e-05,5.860863e-07,3.223421e-05,2.3437867e-06,9.4855095e-05,3.1149644e-05,8.0859604e-07,3.0001158e-07,1.1012457e-05,0.00026559163,2.812784e-05,2.8033442e-06,3.7484785e-06,1.8842326e-05,0.0001453508,6.0224347e-06,2.2204076e-06,0.00078915124,8.267294e-05,1.7190014e-05,1.5888023e-06,2.4469757e-06,7.935319e-05,7.694383e-07,5.940018e-06,6.692751e-05,3.786653e-05,3.4768444e-05,4.8119427e-06,0.00022275251,2.2542477e-05,1.4490221e-05,6.0297275e-06,1.5054911e-05,1.7905952e-06,2.2533795e-05,1.1968716e-05,3.6491406e-07,1.6820568e-05,2.7789785e-05,0.00060788734,2.1589716e-05,9.5798005e-06,1.0301639e-05,1.4644478e-05,7.834261e-06,6.337651e-06,1.570708e-05,1.7490278e-05,0.00027817307,0.0012798473,4.1038074e-05,3.579553e-05,2.1781527e-06,1.4746659e-05,1.06367466e-07,2.4645082e-05,1.141675e-06,8.137482e-07,2.6907464e-06,0.0004634806,2.804577e-06,0.0010084747,2.1229401e-07,0.00013199565,1.1062497e-06,3.497429e-05,1.7786046e-05,1.2193013e-05
BC2026_Train_0042_S22_20220106_210000_000,1.6127605e-06,1.9312749e-05,1.046873e-06,0.0003646448,1.5510357e-05,1.303502e-08,4.337224e-07,1.4085813e-06,0.0072664917,0.0014856234,0.0005458169,1.6484951e-07,6.1407314e-07,8.2237983e-07,6.705358e-07,0.96431154,1.759006e-07,6.7097154e-08,0.99884015,7.359752e-05,3.0738859e-06,0.96857285,3.5580572e-06,1.315076e-09,0.0030016007,8.63553e-07,0.00011457052,3.605312e-05,2.2023843e-05,9.6634085e-06,4.878513e-06,1.8531997e-06,0.00018020025,6.359128e-07,3.0450747e-07,4.8792485e-06,3.3807864e-06,2.6591266e-07,2.3942798e-06,8.722375e-05,1.3830736e-05,2.9158116e-06,5.3577196e-06,8.566484e-06,8.354743e-06,6.1348946e-06,1.6028956e-05,2.916785e-05,1.5101094e-06,7.0296224e-10,5.3106316e-07,4.215068e-06,3.6628674e-06,2.9759701e-06,3.2492437e-05,1.8963456e-06,2.6263655e-07,0.59701544,1.0744848e-05,5.683795e-05,0.98569655,1.6988585e-08,3.3607655e-05,0.98269284,0.9473271,8.5842104e-05,1.0547794e-05,3.4675672e-06,6.6605294e-10,2.9440466e-06,1.3833708e-09,7.3828545e-08,1.2428612e-05,4.9450413e-05,1.4232113e-07,5.368071e-06,7.166845e-06,2.7669823e-06,9.3408056e-07,2.7590667e-07,1.1366166e-05,5.399672e-07,6.7201668e-06,5.0555997e-07,9.934061e-06,6.7921025e-07,1.6099898e-06,2.1305947e-05,2.6571697e-06,1.7459148e-05,2.7645408e-05,1.09164575e-05,3.7384318e-08,9.4107145e-06,0.00014755764,1.0718592e-06,2.8835575e-07,0.00010533008,3.189902e-07,6.0806656e-06,1.9997231e-05,1.5123908e-06,2.4933848e-05,6.3862324e-05,1.6482496e-05,1.2527618e-05,5.719077e-07,1.3123359e-07,5.123512e-05,8.4704225e-06,4.281278e-06,1.04539e-05,1.1829803e-06,6.163678e-07,3.2562602e-05,3.4170786e-05,4.3430405e-06,7.320795e-06,3.0904255e-06,1.3954465e-05,5.6099757e-06,7.0062124e-05,3.727336e-06,2.1106765e-05,1.1998782e-06,3.3251079e-06,5.647594e-06,2.8381202e-05,4.0548645e-08,3.899134e-05,2.8716165e-06,4.1467374e-06,1.7609173e-05,1.2103689e-05,1.0768583e-06,2.0455632e-06,3.0100167e-05,3.919474e-05,9.242631e-06,2.263025e-05,5.959815e-08,7.3394253e-06,7.6784244e-07,3.6824363e-06,0.00020117655,1.9984561e-06,9.896813e-06,6.58069e-07,3.7236197e-07,2.4705344e-06,1.3869318e-05,4.10305e-07,9.854441e-07,2.7086164e-05,5.825406e-06,5.80373e-06,4.5073794e-08,4.5353268e-06,1.5360845e-05,1.7678685e-06,1.3400013e-06,1.8908695e-05,7.683442e-07,1.3534444e-06,9.047445e-07,0.0003091089,2.2947627e-07,1.8534205e-05,1.7055911e-06,3.681796e-05,3.0605406e-05,8.53657e-08,3.4780948e-07,7.526063e-07,9.849153e-06,1.6639469e-06,1.1963383e-06,4.979731e-06,1.4846238e-05,5.3443855e-05,3.0198787e-06,3.2566538e-07,7.363444e-06,1.2047261e-05,1.5397922e-05,1.9712091e-07,1.08476556e-07,1.1198482e-05,4.505266e-07,1.5009978e-06,2.498052e-05,7.885382e-06,1.7960929e-05,1.7407757e-06,1.0822337e-05,1.583344e-05,3.594986e-06,9.535502e-06,1.9282045e-06,5.460925e-07,3.170362e-05,6.6286248e-06,8.414855e-07,4.3275204e-06,7.634121e-06,0.00022779165,9.7800614e-05,9.369441e-06,1.5881446e-07,8.010138e-06,8.329985e-06,1.1498657e-06,1.9910674e-06,1.2183099e-05,0.00010600984,0.0006023277,6.135041e-06,1.8786652e-05,2.9462487e-06,4.889263e-06,9.95004e-08,2.1323773e-05,5.621446e-07,7.673499e-07,4.395312e-06,0.000248679,6.049063e-06,0.0025108927,1.9279213e-08,3.905464e-05,2.7761092e-07,4.7310295e-06,9.437978e-07,1.5776668e-06
BC2026_Train_0042_S22_20220106_210000_005,7.2773178e-06,2.1023498e-05,1.2085522e-06,9.7613985e-05,0.00011095894,4.6333096e-08,1.4612773e-06,2.8670909e-06,0.024400413,0.0011678694,0.002002566,3.824642e-07,1.7355243e-06,1.320858e-06,4.7300452e-07,0.920298,1.585306e-06,1.1745802e-07,0.9971154,4.6469922e-05,7.753143e-06,0.930031,1.3111343e-05,5.0527915e-09,0.0011246385,1.2201609e-06,0.00030093666,1.25086135e-05,2.0383974e-05,7.6923665e-05,5.2508017e-06,3.3055494e-06,9.645212e-05,1.110768e-06,9.3410193e-07,7.879067e-06,2.1791232e-06,3.7121774e-07,4.367288e-06,0.00011602905,1.535503e-05,8.840823e-06,1.68441e-05,1.2417048e-05,1.6022279e-05,9.138393e-06,3.299189e-05,2.0983278e-05,2.022526e-06,5.4679994e-09,2.3358741e-06,1.1458011e-05,7.925595e-06,4.9975333e-06,7.729146e-05,1.3068599e-06,3.3610726e-07,0.43680042,1.0025379e-05,5.391403e-05,0.9985697,4.3201613e-08,0.00011886912,0.9913351,0.852496,0.00015120505,2.150089e-06,6.1949804e-06,2.987474e-09,6.916791e-06,3.2632985e-09,1.6945565e-07,1.4265546e-05,1.5546373e-05,8.78607e-07,2.6722631e-05,3.6659323e-05,9.861878e-06,3.6060355e-06,3.4006206e-07,0.0001556736,1.3594985e-06,2.0420435e-05,8.1001156e-07,7.132426e-06,1.91884e-06,4.737296e-06,0.00013016655,9.698612e-06,3.2110933e-05,0.00017617208,2.1824257e-05,5.774028e-08,1.2570054e-05,0.0001244377,3.902792e-06,3.884967e-06,0.00023040477,3.5712778e-06,2.1709318e-05,1.9785855e-05,5.1848597e-06,5.4043903e-05,0.0001608877,3.945869e-05,0.00023151595,3.610275e-06,6.014321e-08,2.496547e-05,5.052432e-06,4.385891e-06,1.4377842e-05,1.3572237e-06,4.866905e-07,0.0010567256,1.7363638e-05,1.1949908e-05,7.660245e-06,4.8755833e-06,0.00018588745,2.777765e-05,0.00018256756,2.817751e-06,5.6871726e-05,1.1763484e-06,3.139335e-05,3.5229496e-05,0.00018602078,1.7670106e-07,0.00032633092,5.2059713e-06,2.1938127e-05,8.325824e-06,8.375465e-05,3.8030369e-06,8.172189e-06,0.00011277071,0.000110452864,1.2464054e-05,0.00021449532,6.8316456e-07,2.4353134e-05,1.1037764e-06,4.6310975e-06,0.0001753549,2.8895856e-06,2.3856413e-05,3.96968e-06,7.6793987e-07,1.0313799e-05,3.584417e-05,1.7262128e-06,3.2643604e-06,2.2141097e-05,7.543132e-06,2.6674661e-05,1.505535e-07,6.345761e-06,1.696242e-05,7.0210854e-06,2.9038401e-06,6.955658e-05,2.8875195e-06,1.2885935e-05,3.536967e-06,0.00045598802,5.4750564e-07,0.000111760455,6.3367684e-06,2.9340177e-05,0.00018534888,3.5736932e-07,2.6855187e-07,1.851645e-06,3.394671e-05,1.8728408e-05,7.480135e-06,1.290069e-05,1.4485632e-05,2.8324555e-05,3.264971e-06,1.3994388e-06,3.3343582e-05,6.16295e-05,3.796774e-05,5.482e-07,2.7757412e-07,1.2387421e-05,7.6470315e-07,2.315531e-06,1.2965194e-05,1.5026139e-05,6.974369e-05,1.796648e-05,1.5117883e-05,5.475721e-05,9.459781e-06,7.4158825e-06,7.1475965e-06,2.5989061e-06,3.4437668e-05,4.2118325e-05,9.495441e-07,1.5187826e-05,5.055569e-05,0.00019298469,0.000142476,9.460583e-06,6.5561284e-07,4.3233777e-05,3.3636643e-05,2.4809865e-06,7.318247e-06,7.773319e-05,0.00012985537,0.00046802635,3.0072824e-05,0.00013130109,1.3878632e-05,1.02824315e-05,7.6936925e-07,2.1422178e-05,4.2598635e-06,2.736426e-06,5.100807e-06,0.0002157722,9.1307265e-06,0.00092271104,1.1273377e-07,6.7855486e-05,1.23416e-06,8.663505e-06,2.7683893e-06,4.74481e-06
BC2026_Train_0042_S22_20220106_210000_010,2.3022117e-06,1.20128325e-05,8.9086484e-07,0.00014267408,5.200803e-05,2.6455405e-08,5.935188e-07,3.306606e-06,0.011176949,0.002297374,0.004044492,4.1386198e-07,7.9639557e-07,3.365717e-07,6.71508e-08,0.94405866,1.7590074e-06,6.2744064e-08,0.99889404,6.684402e-05,2.4040723e-06,0.86705786,1.3925232e-05,2.725231e-09,0.00088138145,2.794451e-07,0.00014032882,3.7595623e-06,2.4887644e-05,7.1679584e-05,6.599741e-06,4.106204e-06,0.000101645244,1.2765609e-06,5.894928e-07,9.445933e-06,1.234133e-06,3.1061342e-07,4.5613e-06,0.00010587467,1.6775311e-05,5.347046e-06,8.739408e-06,7.731567e-06,8.055704e-06,4.959555e-06,1.8531802e-05,1.2005149e-05,1.1380366e-06,3.7140806e-09,2.6399866e-06,5.418595e-06,5.6628783e-06,5.622482e-06,4.7577498e-05,8.7799725e-07,1.2859924e-07,0.86456,5.0423764e-06,9.206157e-06,0.99799573,1.362114e-08,0.0001917022,0.9965816,0.43657708,0.00015267076,3.5120468e-06,1.8581228e-06,4.0096406e-09,2.6671905e-06,2.034279e-09,1.14849094e-07,8.924814e-06,6.359192e-06,5.7381055e-07,1.6455657e-05,2.8103894e-05,3.9419297e-06,4.4329586e-06,3.9259595e-07,5.564079e-05,9.1888097e-07,8.71115e-06,1.5428599e-06,3.015668e-06,1.1547825e-06,3.949305e-06,6.383103e-05,1.7997329e-05,5.229808e-05,0.00019498634,1.1593602e-05,8.785872e-08,9.405698e-06,0.000101969395,1.382755e-06,3.440152e-06,9.619162e-05,1.6818327e-06,1.678597e-05,2.3257659e-05,1.5116611e-06,5.308495e-05,0.00013408998,3.954861e-05,0.000141422,1.2614864e-06,7.423352e-08,2.0210693e-05,1.1205073e-05,2.8610814e-06,1.8806637e-05,4.6811311e-07,8.022568e-07,0.00054222863,3.582732e-05,1.0083033e-05,1.5901724e-06,3.5949377e-06,7.189577e-05,9.299428e-06,0.00011142728,4.1926214e-06,2.3802373e-05,1.5757978e-06,1.3714718e-05,2.062075e-05,9.67765e-05,1.2892724e-07,0.00016809709,4.3495234e-06,3.138458e-05,3.6930678e-06,4.7326488e-05,1.889547e-06,1.1352029e-05,6.4184256e-05,0.00010746397,1.5399435e-05,0.00010336594,8.7336656e-07,3.953804e-06,1.4107161e-06,5.6847493e-06,7.4918426e-05,1.5138323e-06,1.594033e-05,2.3095831e-06,6.3683706e-07,8.376372e-06,1.7709915e-05,1.0381864e-06,3.7508314e-06,1.4555023e-05,7.2959406e-06,1.0980159e-05,2.7226793e-07,2.5921236e-06,8.604517e-06,1.9272359e-06,3.1436523e-06,2.0770744e-05,2.0147852e-06,8.313216e-06,3.4939799e-06,0.00059627485,7.978346e-07,6.9006775e-05,8.296576e-06,2.6883945e-05,0.00011686484,3.2856912e-07,2.6011796e-07,1.1088131e-06,2.6232736e-05,1.0257075e-05,5.8764167e-06,5.2364e-06,1.01014075e-05,2.045944e-05,3.7503808e-06,9.996851e-07,4.0005623e-05,5.4119817e-05,3.6804693e-05,1.451055e-06,2.6110862e-07,9.991839e-06,6.6998865e-07,2.9460634e-06,2.1098977e-05,1.0536614e-05,1.274174e-05,2.8751022e-06,7.0392e-06,6.317682e-05,8.936534e-06,6.4655896e-06,6.7668307e-06,1.0279707e-06,2.5754916e-05,1.7727421e-05,5.8868994e-07,5.0311896e-06,1.1462994e-05,0.00013898888,4.9266655e-05,4.742015e-06,1.2439594e-06,1.4261289e-05,9.010154e-06,1.4144706e-06,8.064359e-06,7.11446e-05,0.00020478302,0.0008101271,1.8699175e-05,0.00016710038,1.1446084e-05,3.042545e-06,6.19461e-07,3.2921333e-05,3.937793e-06,1.2510023e-06,6.6528605e-06,9.787412e-05,7.921144e-06,0.00015550981,1.2204352e-07,3.3152202e-05,6.9775643e-07,1.3083465e-05,1.5761088e-06,5.9917743e-06
BC2026_Train_0042_S22_20220106_210000_015,5.1658235e-06,8.131956e-05,9.139613e-06,0.0006068248,0.00011206877,1.6047979e-07,2.5924155e-06,6.3313387e-06,0.026311394,0.0061064144,0.003984487,2.9415014e-06,5.739458e-06,4.344586e-06,1.7085507e-06,0.969505,4.1840535e-06,3.5582738e-07,0.99877375,0.00017230849,1.3441942e-05,0.8845766,1.3753986e-05,2.2025912e-08,0.009351401,2.8225948e-06,0.00078941224,3.02044e-05,6.404162e-05,9.2950635e-05,2.3836628e-05,1.1016334e-05,0.00042388553,4.802737e-06,2.9307828e-06,2.3087323e-05,7.427009e-06,1.7052722e-06,1.2874081e-05,0.00023244116,7.477703e-05,1.3593231e-05,3.4088895e-05,3.0586234e-05,4.848166e-05,1.7387749e-05,7.436416e-05,5.0461138e-05,7.703188e-06,1.3233121e-08,5.259793e-06,1.8659717e-05,1.3329911e-05,1.9362446e-05,0.000120903926,7.457719e-06,7.6090936e-07,0.803905,2.3234981e-05,7.1886585e-05,0.9966186,7.8813905e-08,0.00023078051,0.98589987,0.87490714,0.00081879337,4.0819108e-05,1.4671584e-05,2.1894266e-08,6.4076066e-06,1.05812585e-08,3.8259662e-07,4.824142e-05,8.117885e-05,1.7755867e-06,3.127329e-05,5.3615782e-05,1.8376299e-05,6.2025233e-06,1.486221e-06,9.926702e-05,3.464278e-06,4.2679527e-05,1.1982738e-06,1.9419145e-05,2.156973e-06,9.434473e-06,8.003402e-05,1.9438803e-05,7.4886564e-05,6.305813e-05,8.0025704e-05,1.2259294e-07,5.462063e-05,0.00021598607,3.0434012e-06,5.4279826e-06,0.00062457804,4.007746e-06,5.3118976e-05,5.4241857e-05,7.786212e-06,6.875605e-05,0.00022092188,6.855702e-05,0.00022926349,3.7061252e-06,3.2795896e-07,5.1851788e-05,1.3808542e-05,1.409084e-05,2.8827495e-05,3.3195e-06,1.7837506e-06,0.00036928902,7.4055475e-05,2.1457632e-05,1.2428706e-05,8.083269e-06,0.00013664464,2.7302869e-05,0.00035843442,5.577488e-06,0.00012744062,3.452046e-06,2.5668165e-05,1.596939e-05,0.00019743356,4.709516e-07,0.00038839105,2.0325506e-05,2.8710454e-05,1.8783712e-05,0.00014285446,4.306022e-06,1.19803635e-05,4.4084136e-05,0.00024033905,3.6337642e-05,0.00023639486,1.1160782e-06,1.22902475e-05,2.3959562e-06,1.6272617e-05,0.00034452096,7.607819e-06,2.8318615e-05,1.0598269e-05,3.5463568e-06,9.8621795e-06,5.5690314e-05,3.1195927e-06,8.663662e-06,5.1098206e-05,2.4727999e-05,4.0687788e-05,5.0480213e-07,1.7609927e-05,2.174691e-05,1.0639394e-05,1.0240928e-05,3.533043e-05,6.13555e-06,2.5100158e-05,6.632482e-06,0.0009215438,1.202708e-06,0.00019317007,7.843994e-06,6.660896e-05,0.00012245463,1.2729431e-06,1.3728584e-06,2.861087e-06,8.459981e-05,1.0000161e-05,1.0496126e-05,2.069867e-05,5.4525233e-05,8.3339495e-05,1.1902925e-05,2.0227442e-06,7.403027e-05,5.500392e-05,5.491529e-05,9.248839e-07,4.5663566e-07,2.963403e-05,1.2316709e-06,7.8022e-06,5.9737176e-05,2.477795e-05,0.00010894875,1.4666771e-05,3.492879e-05,8.5737556e-05,1.6269265e-05,9.149887e-06,1.6868518e-05,4.511605e-06,7.572835e-05,4.0320265e-05,2.8052673e-06,1.2221231e-05,5.9566974e-05,0.00026592915,0.00016622031,1.092552e-05,1.5778354e-06,2.3339535e-05,3.5029432e-05,4.7549797e-06,1.1146051e-05,6.313328e-05,0.00027519304,0.0019694131,4.6157227e-05,0.0005037589,2.567054e-05,2.5971567e-05,7.557688e-07,3.119644e-05,5.0435933e-06,6.129672e-06,1.4020909e-05,0.00030794382,2.436835e-05,0.0006637112,5.319578e-07,0.0001069052,3.1606069e-06,3.8358423e-05,6.947631e-06,8.2066e-06
BC2026_Train_0042_S22_20220106_210000_020,2.4763842e-06,9.057348e-06,1.1889068e-06,9.807285e-05,2.2276712e-05,2.054208e-08,2.4381862e-07,1.7462011e-06,0.008540752,0.0015373417,0.0014566886,4.7552882e-07,8.352389e-07,2.6449206e-07,3.605928e-08,0.9131701,9.138682e-07,3.935556e-08,0.999597,4.1554875e-05,2.2189006e-06,0.6962626,2.2388609e-05,1.9376083e-09,0.001205627,1.0707497e-06,0.00019403362,2.6174666e-06,1.9368319e-05,4.6672663e-05,5.0588537e-06,2.5599097e-06,9.9166726e-05,6.081618e-07,5.5043535e-07,4.261749e-06,1.0141814e-06,3.2453525e-07,3.6281192e-06,7.685577e-05,9.510472e-06,5.2177015e-06,8.5756965e-06,5.6421354e-06,9.422523e-06,2.1351682e-06,1.2693457e-05,4.9196133e-06,7.190404e-07,2.4010522e-09,1.4837441e-06,3.9384804e-06,2.303235e-06,2.9936728e-06,3.437378e-05,5.6889354e-07,1.7188717e-07,0.52821094,3.1321908e-06,6.303125e-06,0.9956422,7.928261e-09,0.00010597447,0.9902954,0.115258075,0.00025364294,2.6435864e-06,2.521249e-06,5.1045967e-09,1.5376173e-06,4.83675e-10,2.5551234e-08,1.7180328e-05,6.4001497e-06,4.6549815e-07,2.2916118e-05,4.1565687e-05,2.4476012e-06,3.4188838e-06,3.719861e-07,3.229347e-05,8.54635e-07,7.698744e-06,1.4317827e-06,3.5687215e-06,8.5164504e-07,1.9409365e-06,4.716879e-05,1.9103923e-05,1.3550559e-05,8.29778e-05,1.1588716e-05,6.382678e-08,1.3853018e-05,7.1296054e-05,6.542219e-07,2.1189564e-06,0.00019464694,1.4493469e-06,1.616159e-05,2.4879053e-05,9.15612e-07,2.9377246e-05,8.8978624e-05,4.3003303e-05,0.00016199019,1.801176e-06,5.8930908e-08,6.8075633e-06,6.4599685e-06,3.814257e-06,1.4470679e-05,7.613347e-07,5.407489e-07,0.00023105176,3.8564518e-05,5.1450947e-06,1.1696287e-06,4.6388154e-06,5.0762115e-05,1.0005436e-05,0.00017272664,2.1722055e-06,7.9159334e-05,8.173968e-07,2.0853113e-05,1.4731409e-05,8.540414e-05,1.6841426e-07,0.00018995944,7.1194663e-06,2.8131246e-05,2.2290876e-06,4.16979e-05,1.3447893e-06,9.3900235e-06,3.0608062e-05,8.278512e-05,8.212096e-06,0.000103072525,1.1145105e-06,4.3755927e-06,1.0021747e-06,4.669606e-06,3.2950637e-05,5.6245716e-07,1.1493347e-05,3.9279926e-06,1.0453285e-06,6.5517866e-06,1.2053272e-05,1.6066032e-06,4.708241e-06,1.0137259e-05,8.970167e-06,1.624333e-05,2.6485273e-07,2.3025368e-06,2.9251337e-06,1.7833523e-06,5.291787e-06,1.3796077e-05,1.237487e-06,5.425731e-06,3.5230798e-06,0.0013948819,1.270773e-06,0.00011610131,4.7805015e-06,1.3541205e-05,6.696077e-05,1.1163049e-06,2.6334658e-07,3.7147134e-07,3.1185195e-05,8.812993e-06,9.707338e-06,2.7258359e-06,1.5457525e-05,2.7554655e-05,4.2971737e-06,9.453498e-07,4.2720003e-05,3.459936e-05,2.2736553e-05,1.2243094e-06,3.691201e-07,1.3848157e-05,6.5438036e-07,4.5927673e-06,3.544805e-05,6.2640843e-06,2.0878246e-05,2.5582895e-06,6.187334e-06,5.4368942e-05,9.686817e-06,6.8162167e-06,6.4497435e-06,1.1052289e-06,3.4016448e-05,8.932231e-06,8.2444825e-07,2.564132e-06,8.215135e-06,0.00013010077,2.6693775e-05,3.4699158e-06,2.5674253e-06,4.6204264e-06,5.248409e-06,1.2781715e-06,6.643281e-06,7.9417456e-05,7.209061e-05,0.0005774213,2.2042837e-05,0.0005107879,5.516058e-06,3.2945313e-06,1.919428e-07,2.1781176e-05,2.249825e-06,7.3387e-07,3.2187909e-06,0.00016798798,9.745257e-06,0.00011701593,9.485054e-08,6.642419e-05,6.210291e-07,1.536244e-05,1.1418427e-06,5.0133576e-06
BC2026_Train_0042_S22_20220106_210000_025,3.7266325e-06,1.9368541e-05,3.3703438e-06,0.00013279998,2.2896369e-05,1.30664075e-08,2.697272e-07,3.463403e-06,0.033327576,0.0009129473,0.0008079628,5.3361777e-07,1.0578816e-06,3.700273e-07,2.9639898e-07,0.96953315,1.1365333e-06,6.582134e-08,0.99832493,0.000112464644,3.6155222e-06,0.7678985,2.3190241e-05,2.17001e-09,0.0056839474,9.995659e-07,0.00047829933,4.45532e-06,2.30107e-05,8.689006e-06,6.4330284e-06,2.6819155e-06,0.00017518592,7.720889e-07,4.6786406e-07,5.539406e-06,2.3922987e-06,4.6244946e-07,2.9299244e-06,5.0983093e-05,1.4189685e-05,4.734031e-06,6.405902e-06,7.42099e-06,8.018805e-06,3.313721e-06,1.3949358e-05,1.1468559e-05,1.5122191e-06,1.4678262e-09,8.91062e-07,4.047539e-06,2.8819404e-06,1.9724175e-06,4.600075e-05,5.617448e-07,2.3422243e-07,0.32197252,3.4825732e-06,1.19543765e-05,0.9949827,1.2746501e-08,4.5972552e-05,0.9782209,0.3863746,0.00015430848,1.1304364e-05,2.7550175e-06,3.756306e-09,4.0330046e-06,7.7422363e-10,2.2488969e-08,1.796749e-05,1.1136435e-05,4.833274e-07,9.788214e-06,2.6269685e-05,6.436582e-06,1.765141e-06,1.8371534e-07,3.3661898e-05,8.2315273e-07,1.0310544e-05,8.0167865e-07,1.9563164e-05,4.3421488e-07,3.7424488e-06,2.6341157e-05,9.720938e-06,1.6135718e-05,2.5941741e-05,1.3990669e-05,6.480113e-08,1.0843526e-05,6.0801274e-05,1.3753258e-06,9.900418e-07,0.00049581093,1.937685e-06,1.5988453e-05,3.474067e-05,1.6015397e-06,3.6931866e-05,0.00011503061,7.397967e-05,5.5854234e-05,1.504011e-06,4.7357275e-08,6.55308e-06,3.8788326e-06,6.6955386e-06,5.733763e-06,1.1942341e-06,1.4565454e-06,0.00017580758,3.0777122e-05,5.3216513e-06,1.9741358e-06,6.2760614e-06,4.5161716e-05,1.3735845e-05,8.945325e-05,1.930267e-06,0.000101304446,1.0335493e-06,9.713718e-06,1.08975055e-05,9.3935516e-05,1.1436272e-07,9.082638e-05,1.2324168e-05,4.445079e-06,6.343026e-06,4.3201424e-05,1.388163e-06,1.3332427e-05,2.001927e-05,6.713455e-05,1.2248267e-05,6.750593e-05,6.0567527e-07,7.1106724e-06,1.512e-06,3.2158546e-06,0.00010036952,5.773797e-07,1.1140313e-05,1.6824712e-06,8.5610503e-07,3.8284843e-06,2.7927485e-05,2.6779796e-06,3.906005e-06,1.5130172e-05,8.944856e-06,2.5526582e-05,2.9509624e-07,5.6596014e-06,2.5622985e-06,1.3562869e-06,6.445587e-06,1.9510211e-05,2.2588267e-06,5.662095e-06,1.3624475e-06,0.00055367005,6.117386e-07,0.0001209684,3.7824777e-06,2.7409436e-05,3.0422252e-05,6.681466e-07,1.894412e-07,5.454611e-07,3.2317494e-05,6.461053e-06,4.0038226e-06,3.3184617e-06,2.6008624e-05,3.422202e-05,9.381306e-06,1.0041205e-06,1.4171564e-05,2.468248e-05,2.4703462e-05,4.432733e-07,3.022657e-07,1.5463584e-05,5.378302e-07,1.7186057e-06,2.6373831e-05,7.2216776e-06,3.059916e-05,3.0522576e-06,4.916583e-06,5.3425665e-05,8.62778e-06,3.7613481e-06,1.2582828e-05,5.7315646e-07,4.3646167e-05,1.2333845e-05,1.1200202e-06,2.488261e-06,7.692074e-06,0.00014680694,5.5556862e-05,3.3436818e-06,1.3753913e-06,6.5229524e-06,9.313344e-06,7.139818e-07,6.1582823e-06,2.2502054e-05,3.8285078e-05,0.00070064235,3.1779906e-05,0.00029242813,5.6780473e-06,6.7283886e-06,1.5657834e-07,2.83884e-05,2.3531081e-06,1.6450634e-06,2.0351122e-06,0.00016981279,4.591834e-06,0.00036467004,3.8945373e-08,4.863094e-05,1.1436724e-06,4.8628453e-06,2.5611453e-06,6.5255404e-06
BC2026_Train_0042_S22_20220106_210000_030,6.5006516e-06,1.8963863e-05,1.8524663e-06,0.0001500978,2.861555e-05,5.444929e-08,8.453181e-07,5.763895e-06,0.020727273,0.001054355,0.0012270041,6.9421804e-07,2.1512499e-06,5.846114e-07,2.7409763e-07,0.97058356,1.9465645e-06,1.152288e-07,0.9985253,5.4799417e-05,9.078674e-06,0.6654385,3.4403824e-05,8.396143e-09,0.0031212722,2.5942309e-06,0.00055436103,4.1316025e-06,2.8453014e-05,7.311122e-05,1.8677485e-05,7.1441623e-06,0.000114475086,1.7085737e-06,1.3101967e-06,1.3410546e-05,2.2800737e-06,6.707635e-07,5.9729473e-06,6.056962e-05,2.6298536e-05,1.1136965e-05,1.4658115e-05,1.1085722e-05,1.6247854e-05,7.860619e-06,2.3212478e-05,1.2209571e-05,1.9375723e-06,4.432118e-09,1.9928586e-06,8.483065e-06,4.061606e-06,6.8659106e-06,6.548043e-05,1.2227762e-06,3.2811164e-07,0.64886326,6.8244703e-06,1.622461e-05,0.9914051,5.2061317e-08,0.00012396798,0.984951,0.30875733,0.0001444738,5.2227647e-06,4.2172433e-06,8.196174e-09,4.4738536e-06,4.308499e-09,1.39797e-07,1.847833e-05,1.3618508e-05,1.2726687e-06,3.775324e-05,6.993243e-05,9.595086e-06,9.098964e-06,7.5237375e-07,9.967802e-05,3.138949e-06,1.5945483e-05,2.1424378e-06,5.7264565e-06,1.665711e-06,7.3245164e-06,5.7699333e-05,1.800327e-05,6.30178e-05,0.00018398532,2.1871909e-05,1.0716185e-07,1.6347307e-05,0.00021052685,1.5405575e-06,5.1040283e-06,0.00016345941,5.7316524e-06,2.984549e-05,3.8654172e-05,4.240198e-06,3.658675e-05,0.00016816972,8.7116015e-05,0.00013159387,3.2709418e-06,2.461275e-07,2.726293e-05,3.3551776e-05,9.976299e-06,1.3431102e-05,2.869394e-06,1.5870909e-06,0.00047094404,3.7451344e-05,7.991345e-06,2.9795117e-06,1.4235933e-05,0.00011709149,7.444289e-06,0.0003033954,4.1268454e-06,0.0001886096,2.2777112e-06,6.655347e-05,2.1143633e-05,8.3656945e-05,3.8320684e-07,0.00033130925,9.2283535e-06,5.2494997e-05,8.146153e-06,8.1905884e-05,2.8554691e-06,5.073032e-05,7.579215e-05,0.00011315191,1.47530445e-05,0.00012565464,1.5722716e-06,9.859029e-06,2.8527309e-06,1.2568628e-05,4.514953e-05,2.224683e-06,2.1161786e-05,4.2616393e-06,1.3188542e-06,2.0491463e-05,7.270817e-05,3.872309e-06,6.597218e-06,1.50573815e-05,2.1499296e-05,2.3416786e-05,4.5155076e-07,8.905074e-06,1.0971807e-05,9.322443e-06,1.7351555e-05,6.276129e-05,4.1503727e-06,1.9630197e-05,3.849316e-06,0.001070204,1.351868e-06,0.00030444522,7.1260083e-06,4.108741e-05,6.451538e-05,1.3732105e-06,2.5633003e-07,1.964428e-06,9.413404e-05,2.6702124e-05,2.3243958e-05,6.753569e-06,2.9735404e-05,3.629716e-05,1.2795464e-05,1.2373207e-06,8.397321e-05,5.536487e-05,6.546838e-05,2.0156442e-06,1.7468072e-06,3.524452e-05,6.9223273e-07,3.7200452e-06,4.5554032e-05,1.2744972e-05,3.206754e-05,5.902759e-06,2.2062355e-05,0.00015072139,3.5515583e-05,8.329437e-06,1.7114264e-05,2.3916552e-06,5.5149565e-05,7.3973104e-05,2.2968325e-06,5.990563e-06,3.484432e-05,0.00014213189,0.00014403966,5.2958867e-06,7.296094e-06,1.8416404e-05,2.062769e-05,2.7028802e-06,1.1551686e-05,0.00012751028,0.00011446111,0.0014246241,5.4429747e-05,0.00037659568,2.7173146e-05,1.053144e-05,3.8995964e-07,5.008499e-05,6.591344e-06,4.0726177e-06,1.1626508e-05,0.0002070179,1.0979677e-05,0.0004317564,2.719516e-07,0.00013658732,2.0910268e-06,2.0497406e-05,2.2808563e-06,1.0544766e-05
BC2026_Train_0042_S22_20220106_210000_035,6.508434e-07,2.053311e-05,6.347555e-07,0.00011234107,5.411629e-06,6.651569e-09,4.1281697e-07,2.1310527e-06,0.0052844463,0.0015143077,0.0019330767,8.9067825e-08,6.219584e-07,3.2492608e-07,3.289011e-07,0.85436594,9.779109e-08,4.1490278e-08,0.9993722,5.9104575e-05,7.248796e-07,0.87645876,1.4561579e-06,9.530655e-10,0.0005679498,1.7226427e-07,0.0003261558,4.0164814e-06,5.636924e-06,1.311547e-05,3.4652924e-06,1.3570179e-06,0.00013651635,3.7438372e-07,2.1839821e-07,2.6575347e-06,1.6228059e-06,2.7721038e-07,1.8067225e-06,9.612799e-05,8.782018e-06,3.4487653e-06,6.316044e-06,5.6591157e-06,5.238078e-06,2.4301016e-06,9.824629e-06,8.574429e-06,1.9918764e-06,6.1114386e-10,5.405999e-07,2.0752432e-06,1.801731e-06,2.809457e-06,2.5471238e-05,1.940163e-06,1.5235986e-07,0.6556557,6.3431835e-06,5.554557e-06,0.9987111,7.8021e-09,2.0469686e-05,0.98662436,0.892667,0.000104670566,3.977001e-06,2.9817568e-06,5.4645766e-10,2.931526e-06,5.901791e-10,3.1933713e-08,6.299904e-06,2.953903e-05,9.396086e-08,3.7816267e-06,1.19260685e-05,4.433318e-06,7.0743914e-07,1.8119633e-07,1.975032e-05,5.5217095e-07,5.5562045e-06,4.208013e-07,1.9461875e-06,5.0307534e-07,1.6253925e-06,2.459221e-05,1.8699603e-06,1.7176511e-05,1.1697185e-05,5.844938e-06,1.7408185e-08,1.3486987e-05,0.00019956085,2.9931545e-07,3.6451857e-07,0.00017480782,4.7021157e-07,5.490138e-06,1.2799785e-05,1.0044097e-06,1.5177226e-05,4.8458314e-05,9.804759e-06,1.0661456e-05,4.4630326e-07,1.2104204e-07,1.1208696e-05,3.9225047e-06,4.030644e-06,8.8618335e-06,4.450927e-07,4.022466e-07,1.2731171e-05,2.2369699e-05,6.5155664e-06,3.490493e-06,2.5840382e-06,1.4106329e-05,2.1050507e-06,0.00010576196,1.5284668e-06,3.797165e-05,4.7631215e-07,3.1939067e-06,5.5919477e-06,1.5720972e-05,2.4601926e-08,3.026775e-05,3.5234868e-06,4.828685e-06,1.20821705e-05,3.1951873e-05,7.120126e-07,1.7883475e-06,1.5163496e-05,1.8265564e-05,5.246802e-06,4.6954716e-05,1.04525235e-07,5.820536e-06,2.2680386e-07,2.2627873e-06,0.00016031605,6.5052194e-07,7.3061697e-06,4.2534597e-07,6.2691663e-07,5.143152e-06,2.6871898e-05,2.3411722e-07,1.1926224e-06,9.443151e-06,2.6834146e-06,3.7285804e-06,4.7396583e-08,3.550864e-06,4.9790183e-06,3.6517554e-06,3.054369e-06,1.0455496e-05,3.077809e-07,1.7222993e-06,1.0094781e-06,0.0002958767,2.5973821e-07,1.2083899e-05,4.2600732e-07,2.3176268e-05,2.6547494e-05,8.3518245e-08,2.5393075e-07,1.9735435e-07,1.3777499e-05,1.1935578e-06,2.1799399e-06,1.784613e-06,1.3538378e-05,1.9387391e-05,2.1364067e-06,1.3706196e-07,9.620358e-06,6.6448274e-06,1.9246061e-05,2.724495e-07,6.0846816e-08,2.7855158e-06,2.0512877e-07,3.963972e-07,1.199693e-05,7.964373e-06,2.5652282e-05,1.2204309e-06,3.1702004e-06,1.6851733e-05,7.0291912e-06,2.5441147e-06,8.323855e-06,1.3630491e-06,2.1664502e-05,3.8818043e-06,3.8883775e-07,1.2085142e-06,5.9970685e-06,8.3850224e-05,3.9182294e-05,3.817845e-06,1.2570953e-07,3.1451755e-06,6.1580886e-06,9.610156e-07,2.8009551e-06,1.4681605e-05,0.00010964808,0.0003386708,5.748864e-06,6.545584e-05,1.6098301e-06,5.728341e-06,8.661579e-08,8.346087e-06,7.327482e-07,4.5891673e-07,2.0084562e-06,0.00011749851,3.1280592e-06,0.0006996649,5.1257803e-08,2.4484823e-05,4.4925915e-07,8.029656e-06,7.6273005e-07,1.1324058e-06
BC2026_Train_0042_S22_20220106_210000_040,3.1426464e-07,3.0989966e-06,3.793633e-08,1.6339545e-05,1.7641968e-06,1.1670055e-09,3.6945114e-08,1.897482e-07,0.00023822942,0.0003786836,0.0009032049,6.061963e-09,1.0696928e-07,8.205813e-08,4.3705857e-08,0.56524366,8.476e-09,2.0806711e-08,0.95210797,2.234889e-05,4.578981e-07,0.95592415,4.4372547e-07,1.1678578e-10,7.4698706e-05,4.465978e-08,1.140096e-05,4.3412147e-06,1.6117489e-06,8.353126e-06,5.124016e-07,2.573053e-07,1.5004343e-05,3.946756e-08,3.633627e-08,9.0531853e-07,4.111397e-07,8.81402e-08,2.525975e-07,2.313096e-05,9.3617183e-07,4.8478296e-07,1.1270264e-06,1.0733424e-06,9.460858e-07,4.536316e-07,2.1510077e-06,1.3640465e-06,2.3569683e-07,7.504816e-11,6.153764e-08,6.7333997e-07,4.9117284e-07,3.9166142e-07,3.3593371e-06,6.9164216e-08,5.6650382e-08,0.3628736,1.3275663e-06,2.9056355e-05,0.9992218,1.9262516e-09,3.1045427e-06,0.994391,0.95773834,3.4675934e-06,2.681634e-06,1.5614768e-06,3.5860113e-11,8.299562e-07,7.044745e-11,8.4948555e-09,1.694474e-06,5.843211e-06,5.793145e-08,1.0304864e-06,1.3887297e-06,8.955635e-07,9.044335e-08,7.3954695e-08,3.430396e-06,1.1962238e-07,3.4478214e-06,1.6986712e-07,4.146523e-06,3.5031013e-07,9.272623e-07,5.280294e-06,1.3927645e-06,7.5661505e-06,2.0061489e-05,1.7220759e-06,6.847115e-09,8.041357e-06,3.2802e-05,2.584903e-07,4.0556117e-07,3.496742e-05,3.158038e-07,1.7481874e-06,4.004636e-06,6.5811923e-07,1.6333921e-05,4.209122e-05,9.9024965e-06,5.260596e-06,1.2321239e-07,1.6809823e-08,2.881224e-05,1.7998866e-06,2.7288895e-06,1.7530723e-06,1.5206633e-07,3.0338478e-07,1.3870706e-05,7.063018e-06,1.9589036e-06,9.378581e-07,1.0383437e-06,9.4635525e-06,1.3374377e-06,5.5946453e-05,6.560625e-07,9.144269e-06,2.8490172e-07,1.9859888e-06,1.5043266e-06,4.386255e-06,8.3300735e-09,2.6170446e-06,3.9849903e-07,2.0165267e-06,6.2910844e-06,5.6015283e-06,5.2504134e-07,3.4973064e-07,1.8378298e-05,7.0035844e-06,6.018279e-07,3.5513956e-05,1.6132308e-08,5.898634e-06,7.627724e-08,9.983322e-07,0.00012298238,2.8006536e-07,1.0569811e-06,7.97723e-08,2.763707e-07,1.7634416e-06,6.0200177e-06,2.1474234e-08,2.5589918e-07,6.638063e-06,1.2153229e-06,1.922155e-06,6.0865823e-09,5.032385e-07,1.1298492e-05,7.555433e-07,1.1989733e-06,1.662191e-05,5.421596e-07,9.2194705e-07,8.382911e-07,4.3104057e-05,3.842805e-08,5.3442527e-06,1.4366147e-07,1.0095802e-05,9.532274e-06,1.3312842e-08,6.8287804e-08,2.7963887e-07,2.6033463e-06,1.5392798e-06,6.57596e-08,1.0396637e-06,2.7265537e-06,5.272397e-05,5.834702e-07,1.17682596e-07,4.4119297e-06,4.251686e-06,5.665023e-06,1.2700735e-07,1.9046029e-08,1.1019525e-06,3.8918415e-08,1.256211e-07,1.7058286e-06,2.5343895e-06,2.0280972e-05,7.2084197e-07,1.7297971e-06,4.767885e-06,3.3975907e-06,1.5278882e-06,4.92119e-07,3.6675894e-07,6.0704683e-06,2.0582218e-06,3.599386e-08,1.2583612e-06,4.9772952e-06,3.3447057e-05,2.3766444e-05,5.388963e-06,2.5075387e-08,1.1701353e-06,3.8468424e-06,7.385621e-07,1.446057e-06,8.452718e-06,5.4585893e-05,0.00045673328,1.2308301e-06,5.5247137e-06,3.01415e-06,2.0339578e-06,1.1677676e-08,6.1856645e-06,1.5012053e-07,1.0951705e-07,4.4497045e-07,0.00012562996,1.5622321e-06,0.0009793632,1.2357585e-08,7.559161e-06,2.851007e-07,2.524497e-06,2.2594226e-07,1.844226e-07
BC2026_Train_0042_S22_20220106_210000_045,5.0115375e-07,2.1460559e-05,7.5979045e-07,0.00011091483,9.7468655e-06,4.2741957e-09,2.2020605e-07,1.5486268e-06,0.0016399636,0.0005956432,0.0006850352,1.5822337e-07,6.674657e-07,2.5609887e-07,1.9010847e-07,0.8274892,6.844741e-08,3.7209315e-08,0.9976204,1.6791319e-05,1.1335803e-06,0.8138092,2.0818145e-06,1.1800773e-09,0.00073789037,2.4541757e-07,0.000105927174,7.4977042e-06,4.1921257e-06,8.068474e-06,3.5223911e-06,1.4443465e-06,6.36885e-05,2.6823474e-07,3.5983882e-07,1.969551e-06,3.4575187e-06,4.408021e-07,8.754155e-07,5.7917918e-05,6.3180623e-06,2.8083082e-06,6.146982e-06,2.8878226e-06,5.859466e-06,2.464684e-06,1.2994978e-05,7.87486e-06,1.2040794e-06,6.141411e-10,3.814359e-07,2.5937557e-06,1.4368878e-06,2.601021e-06,2.0671627e-05,8.480635e-07,2.1959808e-07,0.52442276,4.4233852e-06,1.48405625e-05,0.9914637,2.4119593e-08,1.0824412e-05,0.9848952,0.83900136,4.9665727e-05,1.7744188e-06,2.7492251e-06,7.3834117e-10,1.5758442e-06,7.031366e-10,2.81885e-08,6.7364904e-06,4.1866442e-05,1.2940617e-07,1.2586285e-05,9.192743e-06,3.9796873e-06,5.834896e-07,2.7829483e-07,1.0050038e-05,4.900999e-07,7.3963392e-06,2.0807573e-07,1.7604675e-06,6.150602e-07,2.540507e-06,2.3281513e-05,2.090032e-06,2.2835507e-05,1.0900332e-05,1.7480872e-05,1.3967554e-08,9.857986e-06,0.00034775317,2.891265e-07,3.029436e-07,0.00010976619,4.1031714e-07,7.3109295e-06,3.8423444e-05,1.1104534e-06,3.6412155e-05,8.150565e-05,2.0248815e-05,1.4102576e-05,7.085397e-07,1.431257e-07,1.1500672e-05,1.2878429e-05,2.6778057e-06,8.492731e-06,1.1531416e-06,9.2814173e-07,1.4818712e-05,3.4722056e-05,7.1295563e-06,5.402234e-06,5.4013885e-06,1.9489607e-05,2.5306845e-06,0.0003513813,2.5172076e-06,3.9199822e-05,6.192501e-07,6.3008833e-06,5.9422837e-06,1.9909492e-05,4.7896144e-08,1.7402994e-05,4.2270117e-06,5.7113057e-06,1.3579808e-05,1.9730476e-05,8.800058e-07,2.3712562e-06,2.9697683e-05,2.77142e-05,4.4804287e-06,4.623604e-05,1.4949006e-07,6.4221485e-06,6.4114244e-07,6.5955255e-06,0.00020445623,9.3099186e-07,8.533233e-06,4.82974e-07,8.1361316e-07,3.0863935e-06,1.2851853e-05,1.7199555e-07,2.1534236e-06,1.5787951e-05,1.0007983e-05,7.637836e-06,1.09096334e-07,5.1732527e-06,8.550422e-06,3.9233537e-06,5.9534696e-06,1.6116586e-05,3.8956637e-07,2.090012e-06,2.3135003e-06,0.00012396646,5.502853e-07,4.3156208e-05,1.0933126e-06,2.7160815e-05,3.440576e-05,1.0780661e-07,5.989638e-07,3.3196253e-07,1.4390406e-05,2.107252e-06,2.3473813e-06,4.5020806e-06,2.3229684e-05,7.0835966e-05,2.8863853e-06,3.9144072e-07,1.2871085e-05,1.2126901e-05,9.877314e-06,2.623509e-07,1.107985e-07,4.933751e-06,1.9449337e-07,9.976832e-07,2.3365546e-05,9.856444e-06,1.7990757e-05,1.0608842e-06,8.796317e-06,1.215833e-05,8.7612225e-06,6.897918e-06,3.3011486e-06,1.0891321e-06,1.664796e-05,4.234609e-06,4.1317853e-07,2.1232327e-06,1.1238538e-05,0.00012054305,4.732017e-05,4.607384e-06,9.297996e-08,2.2976847e-06,1.0618523e-05,1.392536e-06,3.0856195e-06,3.1868523e-05,6.3538915e-05,0.00059368357,9.936827e-06,3.6383415e-05,1.8914743e-06,6.604961e-06,6.885924e-08,2.1281232e-05,7.107562e-07,2.9286457e-07,2.0836078e-06,0.00022500448,1.480093e-05,0.00066717685,2.0018781e-08,4.6151505e-05,4.7542363e-07,7.895427e-06,3.3892337e-07,1.1990135e-06
BC2026_Train_0042_S22_20220106_210000_050,1.7553593e-06,1.1898667e-05,4.813054e-07,0.00011130314,5.968227e-06,2.1492375e-09,2.4928374e-07,5.868318e-07,0.0011995159,0.00059199805,0.00039207021,8.722156e-08,3.7942127e-07,3.1882874e-07,1.63991e-07,0.9346477,1.09060124e-07,1.7270011e-08,0.99929357,4.6749505e-05,1.0876147e-06,0.9572309,9.618556e-07,3.755831e-10,0.0014938398,3.8115044e-07,8.348115e-05,2.1779597e-05,1.3308838e-05,6.169163e-06,1.6430848e-06,1.1153558e-06,9.058704e-05,2.3756874e-07,1.409886e-07,1.21093e-06,1.2508019e-06,1.1919931e-07,8.7096777e-07,3.893022e-05,4.860476e-06,1.4034658e-06,3.060352e-06,4.414901e-06,4.8062375e-06,2.0278355e-06,7.672279e-06,8.14683e-06,5.8265164e-07,2.0538964e-10,2.1551173e-07,1.8822469e-06,1.0494599e-06,1.3968374e-06,1.104561e-05,6.280734e-07,6.019875e-08,0.46969816,6.7703745e-06,1.6968504e-05,0.99120563,4.639613e-09,1.9621308e-05,0.99213904,0.8668698,5.7859892e-05,3.5071334e-06,2.4875421e-06,1.9974672e-10,9.094463e-07,4.249231e-10,1.0115212e-08,3.7849966e-06,1.1836432e-05,4.0495543e-08,5.021176e-06,4.4867616e-06,9.052685e-07,4.0524915e-07,9.8443095e-08,4.89906e-06,2.9948072e-07,1.3478992e-06,1.16531616e-07,2.6029813e-06,3.1695728e-07,7.434034e-07,4.319484e-06,2.1420617e-06,1.3137315e-05,6.9764797e-06,9.560834e-06,4.08909e-09,5.186185e-06,0.00010861473,1.8782806e-07,1.8481947e-07,5.1861232e-05,1.365319e-07,2.8134361e-06,1.7960569e-05,4.751045e-07,1.2968002e-05,2.7791379e-05,3.2076834e-05,9.304271e-06,3.161473e-07,3.0070098e-08,1.0424919e-05,4.9995497e-06,1.4740871e-06,2.6656521e-06,5.4054834e-07,2.7522947e-07,1.3009907e-05,2.1744772e-05,2.4730896e-06,2.1805658e-06,1.4466018e-06,7.428184e-06,2.9266764e-06,5.7395147e-05,1.7590243e-06,1.3765351e-05,5.2408933e-07,1.3490809e-06,2.2018828e-06,9.05975e-06,2.3953588e-08,3.9895975e-05,8.4504086e-07,2.8931372e-06,1.0468964e-05,8.1964e-06,3.5241447e-07,1.0278609e-06,1.162008e-05,9.774613e-06,3.902211e-06,1.46274915e-05,8.167448e-08,2.575199e-06,5.8427815e-07,9.264067e-07,0.00010809108,6.414482e-07,5.6890663e-06,3.7676486e-07,2.3015635e-07,1.1233105e-06,6.5718054e-06,1.7827439e-07,8.033532e-07,1.4609117e-05,5.0618223e-06,2.8504573e-06,1.2874166e-08,2.0320733e-06,3.132245e-06,1.1234241e-06,8.787688e-07,6.2437343e-06,2.1197417e-07,2.1903618e-06,7.2613756e-07,0.00014388577,1.1925208e-07,1.0289267e-05,1.3326264e-06,1.2904036e-05,2.537644e-05,3.9082963e-08,1.5472801e-07,4.518756e-07,6.561867e-06,2.6046202e-06,7.077057e-07,1.4197467e-06,7.99877e-06,7.793596e-05,8.8300357e-07,1.9709965e-07,5.1760803e-06,7.1746545e-06,7.3001584e-06,1.17366085e-07,1.1024766e-07,3.8028775e-06,1.7517975e-07,1.080839e-06,1.3630396e-05,1.8044892e-06,2.4317604e-05,5.8379186e-07,3.5143516e-06,1.3752057e-05,1.8486913e-06,5.28119e-06,1.3579682e-06,3.4367935e-07,3.21939e-05,4.9266228e-06,1.6117856e-07,1.5606478e-06,5.747433e-06,5.4681284e-05,2.1642263e-05,2.7831286e-06,9.024346e-08,3.003049e-06,6.9497255e-06,5.57234e-07,9.2288127e-07,7.4332515e-06,5.602323e-05,0.00060535927,3.1745085e-06,1.5597161e-05,1.8257896e-06,1.855865e-06,4.3768924e-08,1.59739e-05,2.2140232e-07,2.6523745e-07,6.9008325e-07,0.0001303244,3.7799175e-06,0.00044157208,7.671463e-09,1.8400553e-05,1.0535688e-07,3.6294414e-06,3.3879894e-07,6.689116e-07
BC2026_Train_0042_S22_20220106_210000_055,8.9163495e-06,8.355649e-05,3.2516962e-06,0.00048477447,6.9624744e-05,1.9907166e-07,3.722189e-06,5.438418e-06,0.013097822,0.0022525254,0.0034796027,9.638693e-07,4.724388e-06,3.696369e-06,8.028079e-07,0.9460745,1.2552723e-06,3.5108673e-07,0.9965103,0.00019945412,1.2585299e-05,0.95541066,1.8074283e-05,1.7499033e-08,0.0021530911,2.924096e-06,0.00023886307,5.4548473e-05,8.3470644e-05,0.00016929577,1.9596473e-05,1.36233275e-05,0.000180918,2.7086912e-06,2.2683294e-06,2.9537312e-05,5.1348306e-06,1.1400865e-06,8.965044e-06,0.000206739,3.8361755e-05,1.3527989e-05,3.3128057e-05,3.2850487e-05,2.90063e-05,1.5513006e-05,6.272808e-05,2.8511278e-05,4.0475193e-06,1.6904803e-08,4.5332426e-06,3.302904e-05,2.4122157e-05,1.9066394e-05,8.860142e-05,6.4803926e-06,6.91559e-07,0.71561694,3.0144693e-05,0.00017996483,0.9977093,7.837154e-08,8.266702e-05,0.9884748,0.8693153,0.0005939074,2.958064e-05,1.9016401e-05,1.1728726e-08,1.0428837e-05,9.46398e-09,3.3083015e-07,2.9414026e-05,9.651799e-05,2.3891112e-06,6.191059e-05,3.688818e-05,1.3903868e-05,5.2376286e-06,1.2567398e-06,5.2598876e-05,4.2356273e-06,4.3525502e-05,1.7513279e-06,1.0924872e-05,3.694149e-06,8.586359e-06,0.00012908685,2.0218598e-05,8.6892505e-05,0.00016087023,3.581974e-05,2.2421155e-07,5.749216e-05,0.0001750744,4.3595064e-06,6.316394e-06,0.0002322834,2.7884234e-06,3.305595e-05,5.8505673e-05,6.602801e-06,8.7594075e-05,0.00026954262,7.3959636e-05,0.00017472552,2.3923762e-06,2.646616e-07,7.718525e-05,2.4519382e-05,8.838766e-06,2.5398518e-05,2.5088698e-06,2.1270225e-06,0.0011196,6.99397e-05,2.415611e-05,1.0898504e-05,1.1062793e-05,4.9032726e-05,3.0486872e-05,0.00030073646,6.2006366e-06,9.845092e-05,6.122054e-06,2.3403456e-05,2.3696559e-05,0.00013030328,3.677649e-07,0.00020250311,9.860139e-06,4.5909466e-05,3.4770397e-05,0.000101316815,6.6028256e-06,8.0073805e-06,0.00016728898,0.00016777667,2.0217652e-05,0.00030432097,7.6983974e-07,1.8387273e-05,2.3568812e-06,1.3579769e-05,0.0010066369,1.1472541e-05,2.913613e-05,5.606884e-06,3.0666447e-06,1.1781946e-05,2.9329743e-05,2.385871e-06,6.2587396e-06,5.5268443e-05,2.7962767e-05,3.3160584e-05,5.147324e-07,1.3776067e-05,4.9191913e-05,1.6483518e-05,1.0621754e-05,6.411611e-05,6.8465697e-06,1.2315684e-05,6.925246e-06,0.0008075752,1.5654624e-06,0.00011349988,1.0556559e-05,9.435458e-05,0.00020731322,6.6136823e-07,1.288104e-06,4.2016513e-06,5.1940922e-05,2.0777223e-05,4.8758247e-06,1.2176919e-05,3.3726385e-05,0.00012588284,8.769933e-06,3.5167188e-06,8.539103e-05,7.175796e-05,9.0990834e-05,2.2704785e-06,3.9524895e-07,2.5066263e-05,1.2642952e-06,7.927515e-06,4.776794e-05,2.9060819e-05,0.00013198558,1.7626444e-05,2.9277986e-05,7.351215e-05,2.491588e-05,1.6745535e-05,1.3740836e-05,8.716502e-06,7.6436896e-05,6.4248e-05,1.7183404e-06,2.0834665e-05,7.002245e-05,0.0003217465,0.00019687785,5.258799e-05,1.4342249e-06,2.727562e-05,2.3791323e-05,5.0350677e-06,2.5355755e-05,8.8716144e-05,0.00030052895,0.00060959195,4.9204536e-05,0.00016217148,2.5790283e-05,1.6872058e-05,1.0228201e-06,5.817942e-05,5.6986673e-06,2.1494739e-06,1.3939316e-05,0.0003836484,3.7819183e-05,0.0015824974,2.7810407e-07,0.00012281,3.4497984e-06,2.8766253e-05,3.1803324e-06,3.8939957e-06
BC2026_Train_0056_S22_20220221_214500_000,6.044797e-07,2.2883774e-05,6.7659784e-08,0.016225355,2.2417751e-05,2.5500116e-08,7.9055076e-07,3.6493811e-06,0.017103385,0.11514583,0.974244,1.3626358e-06,8.0518366e-05,7.6009286e-08,4.4364075e-08,0.07634185,1.2314348e-06,8.904812e-08,0.10091277,2.377456e-05,2.7334549e-05,0.01880133,7.2124753e-06,5.288891e-09,0.00010138291,2.7781513e-07,1.8137598e-05,7.69561e-06,4.2755573e-06,0.0010312599,4.217894e-05,8.4197645e-06,0.00012223716,4.5666234e-06,1.1810146e-06,1.1151293e-05,4.455464e-06,2.8897819e-07,5.0049515e-05,2.8391947e-05,0.00019824694,4.1959927e-05,4.3711634e-06,8.892488e-06,2.2310665e-05,3.2886205e-06,4.227196e-05,6.7359388e-06,1.6355993e-06,5.9098824e-09,8.540684e-06,6.509275e-06,1.1402765e-05,6.4579515e-05,1.09041375e-05,3.759677e-07,9.429161e-07,0.9555759,1.1341255e-06,7.0316387e-06,0.60800934,9.831238e-06,0.0049650692,0.9965655,0.12881872,1.1541867e-06,0.0003823885,1.8927067e-06,3.8649453e-08,0.000106080726,5.863891e-09,1.4585746e-07,7.5007943e-06,2.6404685e-05,4.0658006e-07,2.088629e-05,3.735746e-05,2.5533327e-05,1.3405573e-06,1.456545e-05,7.33132e-05,1.1619658e-07,2.3536588e-05,5.5512896e-06,3.813659e-05,3.383582e-05,1.8056315e-05,2.1481812e-05,2.7569691e-05,9.568416e-05,1.3892881e-05,5.814283e-06,9.708394e-08,1.124541e-05,0.0030047714,4.063516e-06,7.882871e-05,0.0001761299,8.411177e-06,0.00022969607,1.0868021e-05,4.2416013e-06,1.3439353e-05,0.0067714048,0.00052777363,1.2660054e-05,6.633137e-07,1.047287e-05,1.01695605e-05,7.838401e-06,8.646246e-06,1.3725028e-05,1.7220398e-06,3.1874846e-05,0.00017184626,1.6758444e-05,1.6130666e-06,5.151433e-06,2.162054e-06,0.00029441767,4.8860375e-06,4.3496457e-05,1.8411312e-05,7.116048e-05,0.000101011196,6.928722e-05,2.4896044e-05,2.9292565e-05,9.402402e-07,3.592034e-05,1.1573586e-05,6.3402724e-05,5.350076e-06,2.6696676e-05,4.431961e-06,7.4520603e-06,3.644269e-05,3.331231e-05,1.7174447e-05,0.0024261326,5.5531427e-06,1.8415191e-06,8.848178e-06,6.6415837e-06,8.649511e-05,3.6350107e-07,1.479259e-05,4.379617e-06,1.4791053e-05,1.8199838e-05,0.0004623111,1.0646337e-05,5.440395e-05,4.8801903e-05,8.760803e-06,1.8305129e-05,2.657707e-06,3.70326e-07,5.7126185e-06,1.4810296e-06,2.3990085e-06,4.9295318e-06,4.949642e-06,8.094956e-06,6.29642e-06,0.0024282606,3.6358608e-06,4.1200372e-05,1.4750007e-05,3.963311e-05,9.931984e-05,4.1522588e-07,6.196832e-07,9.3458275e-06,4.126962e-05,1.1187989e-05,2.2378e-05,7.656432e-06,2.262151e-05,7.2182893e-06,4.569269e-05,3.0893855e-06,2.6533218e-05,4.408136e-06,1.203416e-05,2.7959138e-06,5.2013684e-07,1.7765959e-05,1.1068934e-06,3.4697302e-06,9.531734e-05,8.077777e-05,7.457465e-05,8.097195e-06,1.20297655e-05,7.842412e-05,4.197702e-05,1.0248784e-06,9.4488474e-05,3.3017056e-06,2.6635887e-06,3.8118917e-05,1.036727e-06,1.3043151e-05,6.922116e-06,0.00017462725,9.526028e-05,5.947154e-06,5.495175e-07,4.0773666e-06,1.3263339e-05,5.233105e-06,4.035652e-06,8.337327e-05,0.009917064,0.011960315,1.4146244e-06,0.000117030446,3.248906e-05,2.1373e-05,4.4760114e-07,4.6132277e-06,4.8147476e-06,1.3090053e-06,2.5596194e-06,1.545123e-05,1.9308286e-06,3.0671422e-06,3.1697618e-06,0.00023666008,1.9007942e-06,9.135143e-06,6.1955184e-06,1.8564968e-05
BC2026_Train_0056_S22_20220221_214500_005,3.229625e-07,2.4084939e-05,9.366865e-08,0.018866038,3.0709958e-05,1.08891305e-08,7.557825e-07,3.305852e-06,0.049896717,0.13640639,0.8792386,2.2334284e-06,4.326211e-05,9.204547e-08,4.6807248e-08,0.11645379,3.1382367e-06,1.564822e-07,0.44125527,1.4037312e-05,1.176433e-05,0.01577061,6.023566e-06,1.1364359e-08,0.00017739195,1.6471043e-07,5.691171e-05,6.68751e-06,7.3475067e-06,0.0004963739,8.1091035e-05,9.171553e-06,0.00027841638,5.340763e-06,2.8665659e-06,2.0002382e-05,1.9435096e-05,6.5397364e-07,9.343594e-05,7.613855e-05,0.00031903808,6.1731844e-05,7.890918e-06,1.4400497e-05,4.7845075e-05,9.732319e-06,7.905017e-05,1.2727372e-05,2.540175e-06,8.585209e-09,8.774584e-06,5.7342118e-06,9.42167e-06,0.00010381837,3.9805716e-05,2.6138892e-07,2.3183527e-06,0.9909198,2.0495015e-06,8.333997e-06,0.47885022,5.1308502e-06,0.0030752646,0.9963654,0.11159413,8.311298e-06,0.00027237085,2.4396593e-06,5.9028658e-08,3.2765012e-05,2.609994e-09,1.3439313e-07,1.3886721e-05,0.0001220897,4.1382364e-07,3.93912e-05,3.550688e-05,2.0742023e-05,1.9742656e-06,1.8184432e-05,1.7612296e-05,2.2330059e-07,1.9583937e-05,1.0040095e-05,1.0435831e-05,1.1032903e-05,1.2704103e-05,5.8302605e-05,6.0590304e-05,9.113177e-05,6.1554347e-06,8.900964e-06,9.024811e-08,2.6777758e-05,0.004874333,2.6926355e-06,4.3434575e-05,0.000636711,6.244038e-06,0.0004449452,1.952959e-05,6.04264e-06,2.3389357e-05,0.002564575,0.0003869337,1.7084974e-05,5.2959297e-07,2.6436206e-05,2.480684e-05,3.4810942e-05,1.755935e-05,3.4730434e-05,2.9195764e-06,4.87163e-05,6.6682114e-05,4.78183e-05,3.2581836e-06,9.913969e-06,1.5626389e-06,0.00029372153,6.4280985e-06,7.0831586e-05,2.346552e-05,5.881748e-05,9.6999254e-05,0.000114981376,2.626385e-05,3.326209e-05,2.6974135e-06,3.432864e-05,1.6561451e-05,5.4789074e-05,7.4745512e-06,2.810009e-05,6.405719e-06,9.473639e-06,5.0662497e-05,3.68745e-05,1.9070483e-05,0.00424337,3.0837336e-06,3.261725e-06,8.051334e-06,1.4059431e-05,7.0759204e-05,8.356699e-07,1.6704893e-05,1.0451867e-05,2.5575244e-05,1.1348674e-05,0.00031097495,9.088238e-06,7.461064e-05,2.74034e-05,2.3105584e-05,2.4030429e-05,3.1995955e-06,9.1974107e-07,1.3836818e-05,4.3762857e-06,3.5726714e-06,7.5376447e-06,5.1232473e-06,1.624034e-05,6.442625e-06,0.0073025976,6.362261e-06,7.75211e-05,2.3281491e-05,2.666327e-05,8.525897e-05,1.0070503e-06,1.3963634e-06,8.030177e-06,9.049527e-05,8.704855e-06,6.733645e-05,1.929432e-05,1.5504782e-05,2.0600326e-05,4.0281448e-05,2.7604642e-06,3.1001175e-05,2.972439e-06,9.643192e-06,5.8533556e-06,4.76693e-07,1.8140783e-05,1.7189042e-06,4.762023e-06,0.00011575311,7.880105e-05,7.170372e-05,7.448642e-06,2.290312e-05,4.3891847e-05,2.6843365e-05,3.831458e-06,9.2913324e-05,6.260131e-06,3.3416034e-06,2.8449136e-05,8.641107e-07,6.378184e-06,1.4126968e-05,0.00015242232,3.5940626e-05,6.1268843e-06,3.2659162e-07,4.349577e-06,1.3022259e-05,1.6348384e-05,2.3127966e-06,6.3789164e-05,0.008891007,0.023391904,3.4154652e-06,0.0001185343,4.8763664e-05,7.942324e-06,4.0015598e-07,8.400154e-06,1.2465362e-05,3.0599813e-06,2.653794e-06,3.6548005e-05,4.7763724e-06,2.7647586e-06,1.8803379e-06,0.0002488939,1.945065e-06,2.3389244e-05,1.7462744e-06,2.292884e-05
BC2026_Train_0056_S22_20220221_214500_010,5.8780137e-07,3.0016981e-05,1.33634686e-08,0.009258141,1.1883766e-05,1.3825987e-08,1.7870404e-07,1.1024329e-06,0.034300424,0.022188598,0.722756,4.0727627e-07,7.01669e-05,5.915793e-08,3.298047e-08,0.04001202,1.6771976e-06,1.4985689e-07,0.1041101,7.209085e-06,1.13485e-05,0.02043805,2.5153552e-06,8.286969e-09,9.09773e-05,1.802135e-07,3.2726322e-05,1.5835027e-05,1.1141099e-05,0.00033100616,2.89739e-05,9.55304e-06,8.397321e-05,2.9092453e-06,1.8540534e-06,1.0916271e-05,1.3417991e-05,5.7637675e-07,4.4613545e-05,5.1380783e-05,9.8006094e-05,2.749924e-05,2.306132e-06,1.0933639e-05,4.335541e-05,8.8722345e-06,4.016572e-05,8.494836e-06,3.0046617e-06,5.5810174e-09,8.985999e-06,2.4732803e-06,7.1079535e-06,4.4804856e-05,2.3679799e-05,1.5494672e-07,1.3960316e-06,0.97597706,2.0476475e-06,7.2369294e-05,0.85774595,4.8092957e-06,0.0049631493,0.99093425,0.19081937,5.4368725e-06,0.0001395288,2.7952392e-06,1.08423555e-08,3.3620767e-05,1.3548247e-09,1.3104649e-07,7.4370023e-06,0.00054463017,3.147067e-07,4.776429e-05,8.575133e-06,1.3379109e-05,3.555164e-06,3.937066e-05,6.915856e-05,6.424988e-08,5.057898e-05,8.744085e-06,3.657126e-05,7.619444e-06,1.3399667e-05,3.1558833e-05,6.107422e-05,5.7520236e-05,6.981099e-06,3.8015212e-06,1.0705072e-07,3.0157202e-05,0.0017112022,5.0953568e-06,1.90287e-05,0.00019179945,2.7676765e-06,0.00075301697,4.2939782e-06,1.1939577e-05,2.117099e-05,0.001474461,0.0006106462,8.908089e-06,5.217509e-07,4.7280123e-06,6.017893e-06,4.205936e-05,4.7044887e-06,4.4152166e-05,7.847961e-06,4.8230107e-05,0.00011540671,4.145481e-05,1.1349975e-06,5.026499e-06,1.1275081e-06,0.00012505207,1.37000125e-05,4.2758646e-05,1.065747e-05,0.00013842926,0.00031514352,9.0066016e-05,2.1567103e-05,4.237621e-05,2.181664e-06,1.5894637e-05,1.443867e-05,4.1467858e-05,9.089702e-06,3.2967295e-05,1.8298113e-05,5.313826e-06,7.466915e-05,3.3372053e-05,3.6837348e-05,0.0016714138,1.9092822e-06,2.0508646e-06,4.944306e-06,3.498912e-06,0.00013892965,2.3829082e-06,1.1958175e-05,4.173509e-06,3.4194647e-05,6.458632e-06,0.00046053872,5.1446972e-05,6.0145303e-05,2.2563469e-05,1.2253945e-05,1.5348793e-05,1.7649322e-06,3.6674672e-07,2.404549e-05,6.5401373e-06,4.8523943e-06,1.0000619e-05,5.3954477e-06,1.4704262e-05,3.923257e-06,0.006083537,2.0241837e-06,9.5307696e-05,1.4573009e-05,3.492713e-05,2.6523125e-05,1.8886858e-06,1.0154898e-06,1.0080111e-05,0.00013278238,1.5505419e-05,8.040726e-05,1.5088414e-05,1.6193464e-05,5.8572827e-05,1.6553651e-05,3.8081837e-06,1.4925251e-05,1.4226946e-06,1.495764e-05,1.0520108e-05,2.3287889e-07,4.2965225e-05,1.330729e-06,1.0638461e-05,1.5291973e-05,0.0001827215,0.00014710429,9.6744e-06,3.2406595e-05,3.4059325e-05,1.3134948e-05,1.1477994e-06,4.174823e-05,2.285736e-05,2.959487e-06,2.8243234e-05,1.3310168e-07,3.705905e-05,1.2523354e-05,8.3913896e-05,9.518945e-05,6.235576e-06,1.7613173e-07,6.1846563e-06,1.0376892e-05,2.0083502e-05,1.7912525e-06,4.5637385e-05,0.0129057225,0.0177508,2.0303492e-06,0.00010887386,2.6814734e-05,1.5827538e-05,2.44031e-07,3.2207622e-06,4.403985e-06,1.8716911e-06,3.2100143e-06,2.5355319e-05,4.6464397e-06,6.264126e-06,1.096283e-06,0.00066556653,5.9346958e-06,5.3540574e-05,1.5694598e-06,1.0527394e-05
BC2026_Train_0056_S22_20220221_214500_015,4.1025024e-07,4.1986106e-05,1.2604242e-07,0.018446282,1.8143204e-05,2.1273861e-08,9.985417e-07,2.1060187e-06,0.015632888,0.12333147,0.7878718,2.0468335e-06,9.386039e-05,1.8360203e-07,5.035342e-08,0.07047638,2.5209554e-06,2.9060544e-07,0.30256632,1.4450766e-05,4.8257525e-06,0.02017203,7.2138923e-06,2.2734973e-08,0.00018847299,8.1316637e-07,9.9205696e-05,2.4081679e-05,3.0476785e-05,0.00027287588,4.3990654e-05,1.6615286e-05,0.00031816514,4.7499125e-06,2.2874394e-06,5.313838e-05,3.5567442e-05,1.990889e-06,6.789134e-05,0.00017867069,0.00017116532,4.667066e-05,2.7855929e-06,2.5832402e-05,4.832398e-05,1.0743997e-05,6.729068e-05,1.5300944e-05,4.9216546e-06,1.1828722e-08,1.0036284e-05,5.0651634e-06,7.5808257e-06,7.207803e-05,4.9041933e-05,5.6825536e-07,3.8500757e-06,0.9586797,2.641437e-06,4.6816556e-05,0.33965358,4.799477e-06,0.0018631304,0.98831326,0.15095347,2.7378375e-05,0.00036304732,3.2098337e-06,3.9480888e-08,6.679068e-05,4.8939346e-09,2.614722e-07,7.587401e-06,0.0013602076,9.903205e-07,4.7349782e-05,9.8885685e-06,1.4165309e-05,6.538248e-06,0.00014412415,4.1706884e-05,4.0797326e-07,0.00012345871,1.1038018e-05,4.218779e-05,8.025966e-06,3.229165e-05,5.6371246e-05,0.00017360505,0.0006572098,3.4342781e-06,1.0963511e-05,2.9624186e-07,0.00013732727,0.009210097,4.5291636e-06,4.4232405e-05,0.001031681,6.2257122e-06,0.0016964346,1.2026473e-05,1.5453043e-05,3.0278576e-05,0.00085038174,0.0003447337,1.2158898e-05,7.793535e-07,7.665229e-06,3.2899177e-05,8.233165e-05,3.5158115e-05,8.492159e-05,7.0068645e-06,6.492921e-05,6.4841835e-05,0.000114644616,1.8176553e-06,9.3126955e-06,2.1855542e-06,0.00016352878,2.7219416e-05,5.4952012e-05,4.9640064e-05,0.00023094844,0.00019962023,0.00023545283,3.0262583e-05,6.909732e-05,1.9253987e-06,4.9999897e-05,4.742285e-05,0.00012118811,3.536856e-05,6.128332e-05,2.8366887e-05,4.5828574e-06,0.0002298687,4.6425408e-05,2.1500668e-05,0.00057690666,1.0013005e-06,6.868844e-06,4.680101e-06,5.973859e-06,0.00015381166,3.185332e-06,2.6840115e-05,2.225293e-05,6.5236985e-05,1.6227057e-05,0.00045283162,4.3428692e-05,0.00012180096,2.2703356e-05,1.927843e-05,2.9281086e-05,2.604866e-06,1.6106226e-06,2.3605324e-05,2.4596644e-05,6.0067073e-06,7.3201804e-06,9.4362995e-06,3.199157e-05,1.09201965e-05,0.0053209173,3.1478223e-06,0.000110488996,1.1193314e-05,8.7263266e-05,5.55236e-05,7.888803e-06,1.9256374e-06,1.192922e-05,0.0009607963,5.1568404e-06,0.00012095155,3.6589507e-05,2.305806e-05,0.00019484211,2.148673e-05,5.0851963e-06,5.2478885e-05,4.560639e-06,2.0820542e-05,1.684982e-05,3.2422562e-07,5.2882537e-05,2.4270466e-06,2.1867112e-05,0.00012708169,0.00080943847,0.00029903502,3.365326e-05,2.1480604e-05,5.5253895e-05,1.7274482e-05,4.9794126e-06,0.00015165427,0.00010432221,5.899224e-06,7.408239e-05,5.6723957e-07,3.9247443e-05,2.8333525e-05,0.00028681607,6.6654204e-05,1.6475284e-05,6.338838e-07,8.268804e-06,9.195268e-06,0.000101241094,6.6058114e-06,8.5565545e-05,0.016101567,0.02268914,1.8048507e-06,0.00013867236,2.6226684e-05,3.0787898e-05,3.1471333e-07,5.5675077e-06,5.3831177e-06,4.5539678e-06,2.6678035e-06,0.00014297043,1.2987184e-05,1.3476587e-05,3.708077e-06,0.0006310531,5.355191e-06,9.788663e-05,1.6841841e-06,2.1436115e-05
BC2026_Train_0056_S22_20220221_214500_020,1.1961936e-06,0.00019766316,2.0439725e-07,0.012381569,1.7779332e-05,5.311893e-08,1.225072e-06,3.6427882e-06,0.038010646,0.049732678,0.5511324,8.5230965e-07,0.0001390651,2.5213876e-07,3.497303e-07,0.1852941,1.9601166e-06,4.1766558e-07,0.3013407,2.2221779e-05,2.1820906e-05,0.031033175,5.1926136e-06,4.1027015e-08,6.0064605e-05,7.6779344e-07,0.00011634403,8.822523e-05,3.9924747e-05,0.00026698472,6.224613e-05,2.7595761e-05,0.0002961053,5.8344012e-06,5.381347e-06,4.6023746e-05,2.2236722e-05,1.3810761e-06,8.133793e-05,0.00018468204,0.00036494527,6.09939e-05,9.522206e-06,3.554618e-05,7.473725e-05,2.8852384e-05,0.00013137184,2.6707421e-05,1.5249158e-05,1.7412303e-08,2.8361748e-05,9.748054e-06,2.2993128e-05,0.00013838454,9.920957e-05,1.0865095e-06,5.466997e-06,0.97172046,1.3985133e-05,0.00026237237,0.77614605,4.636153e-06,0.0025114836,0.9614841,0.61544937,2.8983433e-05,0.00036849212,8.960455e-06,3.2901305e-08,9.4145355e-05,7.7857925e-09,4.397067e-07,1.3543142e-05,0.0053004944,1.3036371e-06,0.00022844569,2.2019201e-05,1.4552483e-05,6.8314052e-06,3.1866974e-05,4.518127e-05,3.9891157e-07,9.024054e-05,1.5015352e-05,5.2301773e-05,1.0927156e-05,1.0269613e-05,0.0001045682,9.1573515e-05,0.00011566539,1.4987283e-05,9.887135e-06,3.808249e-07,7.116496e-05,0.0016680586,1.207838e-05,2.5672229e-05,0.00038282457,3.8018513e-06,0.0010115578,1.1193281e-05,2.0687736e-05,7.708808e-05,0.00045619477,0.00024116864,1.8206572e-05,7.8789003e-07,1.4576038e-05,9.5855845e-05,0.00013606125,9.59215e-06,0.00012155278,1.0827262e-05,7.446449e-05,7.2250616e-05,0.000100195095,4.4917747e-06,2.537523e-05,4.1760245e-06,0.00016033898,1.4830799e-05,5.828587e-05,2.5295038e-05,0.00031515735,0.00035723683,9.9900586e-05,7.3312636e-05,2.4955683e-05,2.0333603e-06,1.2875544e-05,3.297808e-05,4.951761e-05,6.155737e-05,7.864295e-05,4.8297024e-05,5.167301e-06,6.3691055e-05,0.00010855219,4.8044287e-05,0.002302737,1.906573e-06,5.1746983e-06,5.711355e-06,6.7621468e-06,0.0005896127,1.8303506e-05,2.9987572e-05,1.1381644e-05,4.2758194e-05,1.4670492e-05,0.0007616677,7.8935904e-05,6.76688e-05,1.752046e-05,3.1058345e-05,2.420052e-05,4.0932546e-06,1.703408e-06,0.00016752313,1.3451431e-05,5.2134737e-06,1.6154916e-05,4.938237e-06,1.9753012e-05,5.5473893e-06,0.0039492277,5.0055846e-06,0.00022001944,1.0432667e-05,0.0001475444,5.0987615e-05,3.0498948e-06,2.0938785e-06,2.1500586e-05,0.00012161376,2.0897587e-05,8.760353e-05,5.9218313e-05,1.6590539e-05,7.07831e-05,2.425241e-05,3.8200524e-06,6.706289e-05,2.4222577e-06,3.7468813e-05,1.5924512e-05,1.4376043e-07,4.9815048e-05,3.9591546e-06,1.7208631e-05,2.4956922e-05,0.0002997572,0.00049933203,2.223068e-05,3.885689e-05,4.3881802e-05,3.2366628e-05,5.7686125e-06,4.8148075e-05,4.665317e-05,6.4190986e-06,9.580358e-05,4.253099e-07,6.5882174e-05,1.3100707e-05,0.00022117206,0.00020468539,1.3303825e-05,4.893611e-07,9.544618e-06,1.9356039e-05,5.9261132e-05,8.728306e-06,4.6375273e-05,0.0102268495,0.0075206356,8.68093e-06,0.00012508273,1.5065411e-05,2.7055314e-05,6.3239185e-07,1.0196859e-05,9.803478e-06,4.92613e-06,1.4883408e-05,4.563804e-05,4.884453e-06,3.0511512e-05,1.8799524e-06,0.0005273374,1.577194e-05,0.00013641537,1.6038476e-06,1.2036685e-05
BC2026_Train_0056_S22_20220221_214500_025,6.265024e-07,5.0418712e-05,2.4160206e-08,0.0126082925,3.575493e-05,1.7467388e-08,6.1839205e-07,1.4611837e-06,0.012845728,0.096969925,0.8977736,1.4447198e-06,4.9664497e-05,1.4691692e-07,5.1563646e-08,0.06697333,6.883317e-06,3.5813318e-07,0.13126503,1.8302408e-05,2.0130674e-05,0.032320693,5.931837e-06,1.5350162e-08,0.000111156245,1.9595619e-07,4.489904e-05,1.1869654e-05,1.2269297e-05,0.0007288251,5.1624585e-05,1.6002197e-05,0.00013600262,4.456943e-06,1.8627483e-06,2.5546504e-05,2.5823854e-05,9.715809e-07,6.2630475e-05,7.685995e-05,0.00015836644,5.1470968e-05,5.979148e-06,1.1665147e-05,4.0626914e-05,1.2386925e-05,6.8009336e-05,1.0673154e-05,2.9319401e-06,1.25618405e-08,1.2773105e-05,4.779462e-06,1.0227527e-05,7.747498e-05,3.7342965e-05,3.621395e-07,1.5390581e-06,0.9838203,2.4877247e-06,2.6575179e-05,0.80784035,2.4148471e-06,0.003835281,0.99811053,0.2748358,2.9751473e-06,0.00041094684,3.3268145e-06,2.613986e-08,3.7810023e-05,3.22306e-09,1.1015664e-07,1.1941831e-05,0.00022917085,4.329322e-07,9.519788e-05,1.5025638e-05,3.0825293e-05,3.8054677e-06,3.84765e-05,3.7511465e-05,3.2295267e-07,5.763461e-05,2.3900433e-05,2.2620066e-05,9.757439e-06,1.9112998e-05,0.00010671982,8.0445534e-05,0.00014143226,1.1359935e-05,1.1285031e-05,1.4104052e-07,6.7249435e-05,0.0035357499,2.838443e-06,3.36445e-05,0.00032435512,6.394263e-06,0.0007045536,1.0673205e-05,1.0606338e-05,6.076928e-05,0.004901369,0.00039898767,1.3252061e-05,1.469053e-06,5.4831685e-06,1.0317401e-05,4.5504537e-05,1.2869897e-05,4.5712262e-05,2.8160184e-06,6.768861e-05,0.0002667992,4.6311852e-05,2.5585236e-06,5.79272e-06,2.8706338e-06,0.00039503537,7.072826e-06,7.705501e-05,2.5348576e-05,0.00010665878,0.00012922628,2.7425176e-05,1.6420352e-05,3.8134916e-05,2.7770254e-06,1.3762436e-05,9.800599e-06,3.4959154e-05,1.7087648e-05,5.63405e-05,1.1579183e-05,1.06513035e-05,0.00010276544,5.0654762e-05,2.9650568e-05,0.0072176834,6.473326e-06,3.4359523e-06,1.5249303e-05,1.2048077e-05,6.140411e-05,1.3097857e-06,1.2563128e-05,1.7004937e-05,3.0814626e-05,2.2101396e-05,0.00042850917,6.3635357e-06,7.2802046e-05,2.7464046e-05,2.0392703e-05,1.6719094e-05,4.2059173e-06,1.4500438e-06,2.402083e-05,9.741587e-06,6.9770713e-06,1.0308686e-05,1.9610532e-05,1.9969695e-05,6.011997e-06,0.007519099,4.194021e-06,8.090852e-05,1.2646539e-05,3.0707786e-05,5.7798523e-05,2.605624e-06,8.9934053e-07,9.864598e-06,8.272475e-05,2.4840643e-05,7.432651e-05,1.8945138e-05,1.5654203e-05,2.73155e-05,2.5745141e-05,5.014065e-06,1.7829845e-05,3.4828654e-06,1.3769132e-05,7.597139e-06,5.258531e-07,1.9285195e-05,2.204177e-06,1.052088e-05,6.2763924e-05,0.0001546707,9.730024e-05,7.0369188e-06,2.5440044e-05,5.9460283e-05,1.5720194e-05,2.6348575e-06,6.0423772e-05,9.360982e-06,4.7085286e-06,3.1734748e-05,7.26689e-07,1.3222458e-05,1.2598582e-05,0.00013637662,3.875298e-05,5.041487e-06,4.2167187e-07,9.180925e-06,2.3583252e-05,3.832888e-05,6.993599e-06,0.0001350377,0.007851092,0.056107976,4.291469e-06,8.322449e-05,3.535487e-05,9.082848e-06,7.841077e-07,1.29536265e-05,7.061355e-06,2.4400547e-06,4.5457105e-06,4.5003846e-05,4.9851237e-06,3.2429443e-06,2.5242803e-06,0.00031233995,5.257441e-06,4.318079e-05,1.5651431e-06,2.558305e-05
BC2026_Train_0056_S22_20220221_214500_030,1.1172273e-06,7.548415e-05,9.6510306e-08,0.003418694,2.0654837e-05,7.2879686e-08,1.6447747e-06,3.0825665e-06,0.013514612,0.06258657,0.65144855,4.3585737e-07,2.3010107e-05,4.3667907e-07,1.6987845e-07,0.13340604,3.5341445e-06,7.3168263e-07,0.31623852,5.3480668e-05,2.1853413e-05,0.08226284,1.0463156e-05,1.6348205e-08,0.00016619384,4.6571168e-07,0.00011320664,2.3689803e-05,2.3695251e-05,0.00031388208,3.8136768e-05,2.2278922e-05,0.00019944654,3.9739457e-06,3.7631962e-06,4.0500843e-05,2.445696e-05,1.3018953e-06,4.5388435e-05,0.000101731246,9.776135e-05,3.4357134e-05,5.018519e-06,2.2054928e-05,3.9449886e-05,9.4627485e-06,7.8951336e-05,1.5595628e-05,5.0053745e-06,1.3681286e-08,1.21446665e-05,4.952102e-06,2.2635517e-05,5.557811e-05,5.1241324e-05,1.1573733e-06,2.321935e-06,0.9141767,3.9832566e-06,6.325067e-05,0.96558714,2.0895336e-06,0.0030103277,0.9954543,0.7536322,5.571741e-06,0.000307158,5.9615436e-06,2.2590426e-08,5.1119456e-05,2.0352995e-09,1.4492417e-07,2.407874e-05,0.00070931914,5.784373e-07,0.000109502944,1.23401505e-05,2.4766161e-05,5.251353e-06,4.1252035e-05,7.192739e-05,2.3163452e-07,9.457429e-05,6.624264e-05,0.0001175383,6.0076186e-06,3.7546037e-05,0.00024447136,0.00012859334,0.00025708022,5.330053e-05,1.23624e-05,3.4625333e-07,8.1689825e-05,0.0019039223,9.014434e-06,2.9176836e-05,0.00020974946,1.1197553e-05,0.00089055084,8.176875e-06,1.7605562e-05,4.6062076e-05,0.0009822657,0.00049201516,1.0959382e-05,9.1065965e-07,2.837298e-06,3.6132216e-05,3.8843147e-05,8.9901805e-06,9.101365e-05,9.780078e-06,2.4816944e-05,7.21056e-05,0.0001493849,2.4769345e-06,8.753596e-06,4.2866955e-06,0.00040540643,1.3536842e-05,8.93478e-05,2.3983359e-05,0.00018755243,7.353992e-05,6.859377e-05,1.990446e-05,6.455027e-05,1.0658767e-06,1.3346651e-05,1.7452754e-05,4.4849654e-05,4.25419e-05,7.895487e-05,1.6957583e-05,6.0101283e-06,7.716435e-05,8.878707e-05,3.7973678e-05,0.0037638098,2.7894555e-06,1.4975511e-05,2.5854579e-06,1.16907395e-05,0.0003177989,5.68501e-06,1.9717365e-05,1.1529608e-05,3.4884553e-05,1.4271111e-05,0.0005458346,1.2280863e-05,4.7717404e-05,2.4792676e-05,1.5793206e-05,1.7441624e-05,3.526761e-06,8.0371717e-07,7.023491e-05,3.188123e-05,1.6271904e-05,1.3308026e-05,1.637149e-05,1.0053767e-05,6.566668e-06,0.008369382,5.0275485e-06,3.488628e-05,6.267347e-06,0.00018884947,8.515659e-05,2.7648773e-06,1.0123308e-06,9.0408475e-06,0.00018487833,2.0297595e-05,1.768202e-05,2.5945972e-05,2.1206191e-05,5.3502758e-05,1.8334411e-05,4.006336e-06,3.1495005e-05,6.1142296e-06,4.5501845e-05,8.506113e-06,3.1080185e-07,7.7219265e-05,2.3186778e-06,2.7546905e-05,2.4361032e-05,0.00040431056,0.00021640802,1.9634728e-05,2.109652e-05,3.3024124e-05,1.1879937e-05,4.317861e-06,5.2450465e-05,2.8485485e-05,6.114719e-06,3.0688232e-05,5.4364193e-07,2.7211188e-05,1.2622513e-05,0.0006462338,6.4473374e-05,1.821847e-05,2.6990216e-07,1.4837986e-05,2.2753404e-05,7.2483046e-05,2.3583185e-05,6.1357816e-05,0.006648185,0.011662542,6.467742e-06,7.326588e-05,1.1936082e-05,2.2412536e-05,5.637579e-07,1.7753155e-05,9.003197e-06,3.1775617e-06,7.866303e-06,0.00027271642,4.2068596e-06,1.3500318e-05,1.7880765e-06,0.00052719016,1.3643648e-05,0.00012432573,2.408398e-06,1.5878335e-05
BC2026_Train_0056_S22_20220221_214500_035,2.7349418e-07,2.0413387e-05,1.938049e-08,0.0017749666,5.674242e-06,1.3383747e-08,5.738647e-07,8.429779e-07,0.0071719876,0.021668864,0.6960925,1.3701138e-07,1.7769637e-05,2.8551964e-08,1.8892946e-08,0.14329971,1.2552676e-06,1.9225607e-07,0.245015,1.0953008e-05,3.3405236e-06,0.02664574,2.8291895e-06,3.6065868e-09,8.048973e-05,7.796645e-08,4.289505e-05,1.3183966e-05,5.9306044e-06,0.00022274636,9.223417e-06,5.8312476e-06,5.8352107e-05,1.1207414e-06,5.991113e-07,9.375626e-06,5.089102e-06,2.7553594e-07,1.4490593e-05,5.9871654e-05,3.92629e-05,1.209289e-05,2.2000065e-06,5.708033e-06,1.7444567e-05,3.7130696e-06,1.6335744e-05,4.8590023e-06,1.5958453e-06,3.85649e-09,5.6261724e-06,1.5690782e-06,3.662211e-06,1.9832914e-05,1.816469e-05,1.641193e-07,5.5726747e-07,0.9247047,1.9566426e-06,5.1044193e-05,0.9459486,1.266373e-06,0.001754252,0.9965585,0.52813727,5.196482e-06,5.336696e-05,1.4005257e-06,3.0598488e-09,2.2355624e-05,1.2565117e-09,5.31613e-08,2.6979692e-06,0.00062520127,4.1821284e-07,7.866043e-05,1.2379426e-05,8.641703e-06,2.8520535e-06,2.5842699e-05,4.173617e-05,7.654905e-08,4.8174898e-05,4.093579e-06,5.150107e-05,3.6606918e-06,1.6730259e-05,0.000101641956,6.407589e-05,7.013325e-05,2.981468e-05,6.171146e-06,8.391825e-08,2.1869237e-05,0.0017872677,5.050707e-06,2.310111e-05,0.00014728254,1.1411133e-06,0.00036621754,1.9666213e-06,1.2691992e-05,4.5092685e-05,0.00060308253,0.00013890011,4.6433743e-06,3.8498666e-07,8.536795e-07,9.19569e-06,2.231724e-05,8.287893e-06,3.5420104e-05,2.1911471e-06,3.5968467e-05,5.7926423e-05,4.1143365e-05,1.2538976e-06,3.5564697e-06,1.4759017e-06,0.00011449603,1.3638093e-05,6.302254e-05,1.7228696e-05,6.532532e-05,7.1994764e-05,3.9220206e-05,1.6455922e-05,3.7410973e-05,5.1508056e-07,4.6038926e-06,1.3606513e-05,1.9096473e-05,1.5596774e-05,2.3492434e-05,1.33846215e-05,3.94208e-06,6.609001e-05,4.817807e-05,3.6935704e-05,0.00085767184,1.0328241e-06,2.3777823e-06,1.8863402e-06,3.5400917e-06,0.00031716752,2.4571082e-06,2.46531e-05,6.6301036e-06,1.1103551e-05,1.4016551e-05,0.00039617505,7.2401795e-06,7.1246715e-05,2.0399744e-05,8.246179e-06,1.0795207e-05,6.4933255e-07,8.675333e-07,4.855249e-05,1.0017055e-05,2.5417842e-06,1.003061e-05,4.2043725e-06,1.2057629e-05,5.419128e-06,0.0015430042,1.1459379e-06,3.9747945e-05,2.0897828e-06,5.134865e-05,2.4325187e-05,6.488528e-07,3.227516e-07,4.6921714e-06,6.534949e-05,7.984321e-06,3.2406657e-05,2.135063e-05,1.4130417e-05,3.4175904e-05,9.630638e-06,1.5159113e-06,2.0278168e-05,2.2573925e-06,1.361003e-05,4.202196e-06,4.4935856e-08,1.31851975e-05,1.2452805e-06,6.4828837e-06,1.8554543e-05,0.00014631641,6.792125e-05,6.5611976e-06,1.5137231e-05,2.7822749e-05,8.747913e-06,1.8876755e-06,3.379132e-05,3.1764754e-05,2.5662307e-06,4.1113475e-05,1.2857497e-07,2.3045463e-05,6.552949e-06,0.00012536082,3.0081888e-05,9.7098655e-06,1.1259452e-07,5.6737445e-06,1.3736998e-05,2.5686164e-05,8.2590705e-06,4.990406e-05,0.003750504,0.007449423,2.0228174e-06,7.6139935e-05,7.976474e-06,2.2052109e-05,1.8262496e-07,4.5322568e-06,2.4021242e-06,1.0292557e-06,3.2277144e-06,4.2996784e-05,3.4050352e-06,2.7520622e-05,4.1494164e-07,0.00018363498,4.5501383e-06,7.908991e-05,1.1842073e-06,1.138462e-05
BC2026_Train_0056_S22_20220221_214500_040,6.20417e-07,0.0001281137,3.9003506e-08,0.002223739,9.46154e-06,8.603326e-08,5.0728013e-06,1.1843181e-06,0.0010007523,0.0039225835,0.61107785,4.6343663e-07,2.9081111e-05,1.7306982e-06,9.561471e-08,0.007067666,9.97685e-07,2.545709e-06,0.010604245,0.0007751324,2.1524384e-05,0.122702576,7.046018e-06,2.0325539e-08,4.9556962e-05,8.505672e-07,4.24994e-05,9.2456474e-05,3.0523966e-05,0.00035141164,3.316659e-05,2.6014179e-05,0.00016231147,1.8272335e-06,3.1545842e-06,4.00041e-05,4.4617504e-05,3.7365683e-06,1.6898128e-05,0.00015616853,6.257346e-05,2.0866917e-05,1.5773985e-05,2.5790283e-05,3.9508464e-05,1.0752761e-05,0.000106708016,1.7022736e-05,6.7489395e-06,2.1319844e-08,1.69703e-05,9.395246e-06,2.9238587e-05,2.924503e-05,6.7532645e-05,6.5324053e-07,2.6652046e-06,0.46585593,2.3949053e-06,0.00026962254,0.77384156,2.995038e-06,0.00062779477,0.96834433,0.7790721,1.4329563e-06,0.0004419768,1.6586757e-05,2.6859924e-08,0.00015096058,6.0825083e-09,3.8352195e-07,1.907365e-05,0.00037199492,5.5068165e-07,7.1558425e-05,1.5093295e-05,7.418064e-05,1.4420411e-05,0.0004110771,0.00019003425,7.0334977e-07,0.00039797515,5.3842203e-05,0.00017731704,6.7875e-06,4.0529478e-05,8.498307e-05,0.0002042943,8.124205e-05,0.00026295663,1.0294391e-05,8.045078e-07,0.00023061421,0.0030759226,1.32523255e-05,6.932747e-05,0.0009543442,9.45858e-06,0.0006283985,1.5654083e-05,0.0001023099,5.5657245e-05,0.0033715388,0.000617408,1.2860129e-05,3.385568e-06,1.4857476e-06,3.944562e-06,3.1356216e-05,1.8456667e-05,2.6044141e-05,8.7745175e-06,8.0539714e-05,0.00015880936,3.2524367e-05,5.8729374e-06,8.112545e-06,1.3476752e-05,0.00019582851,2.4768427e-05,0.00011455556,2.6638081e-05,0.00028573198,0.0006549597,0.00010042773,1.7922637e-05,1.8943585e-05,1.1946099e-06,1.289919e-05,1.2601309e-05,5.793206e-05,0.0015657971,8.373612e-05,1.1880197e-05,5.3679128e-06,0.00031190016,0.00019709292,1.48072395e-05,0.002103445,9.442728e-06,7.759217e-05,1.0386872e-05,1.552637e-05,7.177452e-05,7.2117186e-06,5.2585987e-05,4.621255e-06,7.566245e-05,3.5638368e-05,0.0005388067,4.8225324e-06,0.000105482366,3.3585195e-05,3.1587104e-05,2.2438711e-05,9.287099e-06,3.380664e-06,4.853513e-05,3.950206e-05,2.875605e-05,1.3301796e-05,0.000106449166,1.5676807e-05,1.4034916e-05,0.0039659017,6.169163e-06,3.957646e-05,7.14468e-06,0.00018627122,5.3287928e-05,1.4249949e-06,1.1112066e-06,1.6548805e-05,0.0005198682,5.102911e-05,9.893624e-06,1.3853811e-05,5.6829118e-05,0.00013838176,3.7140562e-05,4.4254652e-06,2.9904097e-05,2.568756e-05,6.576993e-05,1.767054e-05,7.445997e-07,3.9530663e-05,3.231959e-06,1.2286322e-05,6.5462205e-05,0.00020178477,0.00020690267,5.393786e-06,1.4688804e-05,2.010945e-05,0.00020265202,8.7003245e-06,5.6388933e-05,5.187573e-05,8.281644e-06,9.088417e-05,3.5197277e-07,3.6697274e-05,6.8760864e-06,0.00050317036,5.224754e-05,1.7856253e-05,6.2046786e-07,4.5326793e-05,9.253568e-05,7.122395e-05,0.0030839255,0.00023863248,0.00320098,0.02084815,2.2184688e-06,3.972862e-05,9.534447e-06,5.3745815e-05,7.3045624e-07,1.6272757e-05,9.615899e-06,3.9206047e-06,2.2434775e-05,0.00037260732,4.3491127e-06,1.4782154e-05,2.4367002e-05,0.0004071446,2.0004882e-05,0.00038389003,4.005266e-06,4.314078e-05
BC2026_Train_0056_S22_20220221_214500_045,2.1268906e-06,5.213172e-05,6.170454e-07,0.015428868,0.00017784786,9.4238146e-08,2.9807563e-06,1.9591278e-05,0.06501882,0.035081435,0.36715847,5.3816293e-06,0.00013684282,1.1798426e-06,3.165495e-07,0.12120613,2.6659785e-05,1.486832e-06,0.25987405,4.80261e-05,3.2541244e-05,0.058513574,1.07286805e-05,9.05984e-08,0.0003895168,1.0383468e-06,0.0002383255,0.00022668234,9.3372975e-05,0.0007846596,0.00011647656,7.123686e-05,0.00018754367,1.0606489e-05,1.119531e-05,0.0001627558,5.1753435e-05,4.1378607e-06,0.000102100465,0.00024839866,0.0003500466,9.200424e-05,1.7321168e-05,8.389246e-05,0.000120853096,4.092446e-05,9.5908516e-05,3.3031716e-05,6.0519596e-06,7.897838e-08,4.158147e-05,1.2791803e-05,4.6194567e-05,0.00016396517,0.00017256678,1.7357395e-06,6.779115e-06,0.8958049,1.4344998e-05,0.00038897706,0.33237424,6.464427e-05,0.021005396,0.9933083,0.23009112,7.910756e-05,0.00035301884,2.9462142e-05,5.7908252e-08,0.00012362907,2.3829136e-08,1.4032811e-06,4.104531e-05,0.0018772503,2.9292262e-06,0.0001689821,1.9873602e-05,4.770939e-05,2.5503881e-05,0.00015814959,0.000114127506,1.0338371e-06,0.000120929864,1.3220062e-05,4.1098738e-05,3.863372e-05,3.4769706e-05,0.0003425288,0.0004612278,0.0006271262,0.00010199751,6.050496e-05,5.675935e-07,7.1910035e-05,0.0036313497,5.713488e-05,0.00018343845,0.0002139112,8.407408e-06,0.0016950679,2.4483026e-05,4.8284408e-05,0.00016660034,0.0022270964,0.0025237328,7.2305345e-05,2.9576447e-06,9.814938e-05,9.69373e-05,0.00018810332,6.399815e-05,0.0003783938,4.6523397e-05,0.00032616855,0.00041942895,0.0003194243,8.00254e-06,4.375548e-05,2.783025e-06,0.00070635375,0.000105661966,0.0002183018,8.404011e-05,0.00026940904,0.0012164621,0.00049734645,0.00013788755,9.216555e-05,1.2441964e-05,9.197109e-05,4.641044e-05,0.00020273979,3.0487834e-05,0.00012514846,0.00012895583,4.812563e-05,0.00019549063,5.833247e-05,0.00012951753,0.0031173432,7.69975e-06,1.529327e-05,3.019254e-05,5.2247782e-05,0.0005855779,3.469819e-05,0.00014444253,8.94275e-05,3.9325554e-05,5.926469e-05,0.0012731447,0.00024388725,0.00017812518,0.000128887,5.9659294e-05,5.9675112e-05,8.208901e-06,6.2535255e-06,8.3046674e-05,0.00012559223,5.413033e-06,8.419227e-05,1.3949809e-05,8.8944355e-05,4.3572683e-05,0.008918533,7.813891e-06,0.00039040582,5.3027776e-05,0.00012604128,0.00022405742,1.3993859e-05,7.3336105e-06,7.0732895e-05,0.00063237554,1.9756328e-05,0.00037214157,0.00016677215,5.0618986e-05,0.00082806655,3.9333394e-05,2.439823e-05,6.790837e-05,1.2121825e-05,2.3332948e-05,3.2301166e-05,7.6291116e-07,0.00031130097,1.8214527e-05,9.016106e-05,0.00015368206,0.00038086163,0.0011412667,6.7041845e-05,9.193391e-05,0.00017722473,5.3282998e-05,1.762199e-05,6.302188e-05,6.441229e-05,1.6826922e-05,0.00035744775,2.0753857e-06,0.00014939158,6.3655476e-05,0.001000493,8.424801e-05,5.0599487e-05,6.127937e-07,3.8032096e-05,4.1896477e-05,6.6615125e-05,1.1951379e-05,0.00017532213,0.010047763,0.032251805,1.4368588e-05,9.130573e-05,0.00018263649,7.065342e-05,3.2169528e-06,2.5009696e-05,1.245082e-05,1.765208e-05,1.9251569e-05,0.00012792704,4.3806835e-05,5.334391e-05,4.133522e-06,0.00052816694,4.756336e-06,0.00025400013,3.7686514e-06,5.0156395e-05
BC2026_Train_0056_S22_20220221_214500_050,9.0951936e-08,8.799572e-06,5.648302e-09,0.0137816565,1.4125983e-05,8.929652e-10,1.1685088e-07,1.0865379e-07,0.0016420182,0.15167749,0.97244275,3.3466281e-07,1.1527355e-05,1.4373024e-08,1.8349212e-09,0.008046752,2.9452858e-07,3.426726e-08,0.09371482,3.2391854e-06,3.2780151e-06,0.016964804,1.3799045e-06,1.9254178e-09,7.873856e-05,7.514338e-08,5.7580373e-06,3.493504e-06,9.4464957e-07,0.0002646695,2.8574592e-05,1.6083616e-06,5.9657363e-05,9.4139943e-07,5.9318546e-07,5.8253945e-06,5.5916225e-06,1.6607702e-07,2.7102236e-05,3.1658186e-05,0.000102291764,1.4885367e-05,8.9835044e-07,3.0782157e-06,1.0877529e-05,2.9291173e-06,2.3812341e-05,3.805914e-06,7.4209584e-07,1.2889443e-09,2.7467277e-06,9.639832e-07,2.7793462e-06,2.714375e-05,7.7223785e-06,2.3556192e-08,8.526291e-07,0.9808054,3.0890067e-07,3.547828e-06,0.2640517,3.7440338e-07,0.0032987234,0.9948165,0.058812458,5.3692105e-07,0.000109376255,2.6110814e-07,8.564144e-09,4.7994954e-06,1.8954478e-09,1.09338814e-07,3.4654313e-06,6.5582986e-05,7.759215e-08,1.727936e-05,3.6760816e-06,1.1136446e-05,6.807517e-07,2.6296457e-05,1.79441e-05,9.847859e-08,3.389854e-05,3.6018323e-06,1.7524304e-05,2.822191e-06,2.1394902e-05,1.9379091e-05,3.4828176e-05,4.3109852e-05,2.4540684e-06,2.8868506e-06,3.0089314e-08,3.3348224e-05,0.0017566727,4.5353562e-07,7.3583756e-06,8.359387e-05,1.7076222e-06,0.0003868467,3.139365e-06,1.534891e-06,5.588104e-06,0.0012972609,7.197644e-05,2.758909e-06,2.7039246e-07,1.3145423e-06,3.414817e-06,6.162513e-06,5.36474e-06,1.0561533e-05,1.2480899e-06,6.092019e-06,3.662539e-05,1.3042592e-05,4.438194e-07,3.1609534e-06,1.0244983e-06,8.995581e-05,4.3307114e-06,1.7184999e-05,8.320251e-06,2.7624881e-05,3.4063614e-05,4.971539e-05,5.4077955e-06,2.2271273e-05,1.4310307e-06,1.1255377e-05,9.279087e-06,5.0845494e-05,6.6913444e-06,1.6662843e-05,7.0320552e-06,1.8765363e-06,3.1453492e-05,8.490237e-06,1.4328128e-05,0.00012223658,9.886209e-07,1.9648046e-06,4.979085e-06,8.6959e-07,3.6300687e-05,2.7753416e-07,1.1456185e-05,4.918168e-06,6.966075e-06,9.345e-06,3.5464713e-05,4.0683744e-06,2.2590102e-05,8.450275e-06,2.143345e-06,7.547564e-06,6.327315e-07,2.3161509e-07,8.833962e-06,1.3740607e-06,1.7507568e-06,3.6783997e-06,2.0554814e-06,7.1175723e-06,2.8912532e-06,0.006903001,5.0085987e-07,1.6395456e-05,4.2197494e-06,8.433586e-06,8.770894e-06,7.687034e-07,3.7628587e-07,3.376163e-06,8.550013e-05,2.724768e-06,3.655693e-05,7.2906405e-06,1.0986569e-05,1.8600587e-05,1.3608251e-05,7.681127e-07,7.5430025e-06,7.1485044e-07,5.2958057e-06,2.345893e-06,1.260709e-07,5.6942395e-06,1.3531642e-06,5.0240787e-06,5.415813e-05,4.9206454e-05,4.5298835e-05,9.301219e-06,4.17442e-06,1.1292146e-05,4.272085e-06,1.2232998e-06,1.4151413e-05,3.2887237e-06,2.4844885e-06,2.4952617e-06,8.684292e-08,7.3306805e-06,8.474349e-06,5.9374317e-05,4.2345306e-05,1.4942735e-06,1.8857004e-07,1.5841044e-06,7.094639e-06,2.0623462e-05,5.6214134e-07,9.863271e-06,0.014862288,0.01562586,2.9037272e-07,2.360357e-05,1.6540254e-05,2.5770464e-06,1.2425302e-07,1.131443e-06,5.5417985e-07,6.4283404e-07,5.8804187e-07,1.8223613e-05,2.2531017e-06,9.961002e-07,8.491544e-07,7.450051e-05,5.739649e-07,2.1668244e-05,8.1683964e-07,1.8581122e-05
BC2026_Train_0056_S22_20220221_214500_055,2.357207e-06,9.368406e-05,1.8690088e-07,0.008793448,5.4650063e-05,1.5055925e-07,6.520583e-06,6.7327464e-06,0.030816803,0.15952846,0.90580994,9.310194e-07,0.000118701806,1.0597183e-06,3.2264052e-07,0.23320037,6.5173003e-06,2.5959014e-06,0.36796477,5.724347e-05,2.1850808e-05,0.099771425,1.4454585e-05,8.718713e-08,0.00025490846,9.195946e-07,7.843781e-05,5.384508e-05,5.9432838e-05,0.0015851732,7.83416e-05,4.4456705e-05,0.0003006923,1.1971695e-05,3.7123405e-06,9.919161e-05,2.7099186e-05,2.8006318e-06,0.00012553403,0.0002469869,0.00034378472,7.861723e-05,8.611298e-06,5.0435305e-05,5.518486e-05,1.6917316e-05,0.00016972667,4.2436506e-05,1.2887446e-05,8.168289e-08,4.4938366e-05,1.1467673e-05,4.420546e-05,0.00014355182,7.857347e-05,3.1381826e-06,3.939243e-06,0.9561791,1.5592877e-05,0.000110211826,0.97290885,4.593941e-06,0.011481475,0.98938435,0.46328875,2.6856962e-05,0.00088535895,7.939681e-06,1.9662711e-07,0.00014155664,3.693835e-08,3.8772205e-06,4.0332874e-05,0.0005093815,4.281388e-06,5.904109e-05,3.125993e-05,7.3087234e-05,1.4359534e-05,3.764682e-05,0.00030381337,1.3465732e-06,0.00017734493,5.8218437e-05,0.0002552718,2.74155e-05,0.00029317598,0.00023038103,0.00027563103,0.0005127049,8.416939e-05,2.0133073e-05,9.179823e-07,0.00010919379,0.0014095058,1.1396069e-05,0.00016319388,0.00030042639,3.30366e-05,0.0015642324,1.6885659e-05,3.3267897e-05,0.00013269934,0.0040989383,0.00049275457,5.1933144e-05,4.485226e-06,4.0259306e-06,7.518516e-05,9.5832904e-05,4.4671066e-05,0.00014562673,9.235133e-06,8.805185e-05,0.00032294748,0.00013696801,5.537843e-06,2.1304604e-05,9.89789e-06,0.00044044686,0.000103666716,0.0001091254,5.2048716e-05,0.00019793135,0.0002646226,7.5699616e-05,6.207997e-05,0.00020727034,8.212573e-06,0.0001583971,3.743456e-05,0.00023164091,6.1699415e-05,0.00025783328,4.870943e-05,2.2973052e-05,0.00023297542,0.00030581097,0.00017518192,0.00053619023,1.3138367e-05,1.7216016e-05,2.640227e-05,1.6205699e-05,0.00065933965,4.0953164e-06,7.9460035e-05,4.239658e-05,6.172767e-05,4.483597e-05,0.0008158568,4.5706332e-05,0.00016158755,0.00012866473,3.1431155e-05,6.125801e-05,5.7310954e-06,3.6687268e-06,0.00010198301,1.2236464e-05,1.7959952e-05,2.342601e-05,3.077331e-05,5.0430208e-05,2.3643512e-05,0.008043696,6.398673e-06,0.00021942238,3.3199754e-05,0.00034366705,0.0002587432,5.2974374e-06,1.9831932e-06,2.9793848e-05,0.00023934181,3.9733543e-05,6.960801e-05,7.428733e-05,0.00015173222,0.00012758095,6.152151e-05,1.0708757e-05,0.00010532968,2.05298e-05,0.000170246,2.4695335e-05,8.255104e-07,9.600331e-05,1.1383283e-05,2.7274973e-05,0.00014682165,0.00040090524,0.0003760445,5.1898838e-05,6.82423e-05,0.00031112443,3.994535e-05,9.84044e-06,0.0001022199,3.0013978e-05,1.892672e-05,6.3617e-05,1.6661734e-06,0.00039296655,7.879444e-05,0.0004763097,0.000360163,2.942567e-05,4.511239e-06,5.41572e-05,4.9987742e-05,0.000117443284,1.738458e-05,0.00015708955,0.012645211,0.019246003,6.188662e-06,0.00037317822,9.3685485e-05,3.476231e-05,2.5945474e-06,1.3735229e-05,2.1329039e-05,7.418422e-06,3.1479387e-05,0.000103177255,7.333568e-06,8.8947745e-05,5.6257804e-06,0.00052525353,1.3369786e-05,0.00015001581,1.6954917e-05,8.0681006e-05
BC2026_Train_0063_S19_20241214_190000_000,5.1807507e-05,0.0046910797,0.00010554706,0.1843755,5.067979e-05,5.1110044e-07,4.3201835e-05,0.00019818099,0.0008382956,0.9390049,0.98407114,1.1735612e-05,4.3473072e-05,3.9790916e-06,3.8450788e-05,0.006512135,3.053148e-05,2.694855e-06,0.010439263,0.00032774173,0.00017489452,0.0011299244,7.2720715e-05,2.4652712e-07,0.001465362,5.0500807e-05,0.00042315517,0.000117639545,0.00028975532,0.0015199569,0.12771332,0.00039760012,0.13530675,0.0012990382,2.4567951e-05,0.0009389387,0.00028711974,6.363284e-05,0.033482943,0.002426802,0.09637717,0.024604777,0.0002594178,0.0009771563,0.00092553697,0.0013542952,0.0036476585,0.0008332537,0.00024095697,2.1276911e-07,0.0018809269,0.00077510363,0.0004917045,0.10496103,0.0081410175,5.4339405e-05,0.0013944176,0.6385403,2.7316308e-05,2.0366504e-05,0.0037744646,1.2984746e-05,0.001391662,0.0007018526,0.0013782359,5.3367872e-05,0.005675839,1.551379e-05,2.7004353e-05,0.0002983513,5.4678526e-06,3.78988e-06,8.253556e-05,0.00013449104,1.4916943e-05,0.00078632537,0.0004914026,0.00011435223,0.00019593327,0.0007942167,0.00019267284,2.182403e-05,0.0050499686,1.09008115e-05,7.0793985e-06,4.1565254e-05,5.2856976e-05,0.000714544,0.00015898631,6.7003435e-05,0.00030758,0.000101690224,8.229037e-05,0.00062176667,0.00026397168,3.192708e-05,0.00014918376,0.0077482676,0.0009957028,0.00041513608,0.00017864192,6.3875705e-06,0.0001221259,0.019417668,0.0002336227,4.5570025e-05,8.303359e-06,3.3445875e-05,3.718873e-05,0.00016545119,1.6714854e-05,0.00089906,6.963895e-05,0.00012757341,6.697173e-06,0.0020045445,1.9585506e-05,4.0848896e-05,8.4014464e-05,0.00018965175,2.8257105e-05,0.00034974888,0.00020288596,0.0008995724,0.0011128559,0.00023194724,5.990643e-05,0.00018105638,9.50319e-05,7.093514e-05,8.328396e-05,0.00063275656,0.00018327881,2.2696906e-05,3.6013807e-05,4.4367775e-06,0.00011587713,0.00022246577,1.9675066e-05,0.003556135,2.7455115e-05,0.0007508487,1.9908239e-05,0.00010433066,0.004734104,4.9116163e-05,0.0003904246,2.517656e-05,0.00027533344,0.00044679505,6.615294e-05,0.0010494096,6.766641e-05,0.000107337895,2.5947207e-05,0.00026887323,0.00027480238,7.0084284e-06,0.00020772757,1.7653561e-05,0.00012868657,5.0032955e-05,2.2981621e-05,0.00010001679,5.9886555e-05,0.00579913,0.00012591563,6.1020666e-05,0.0002675716,0.00018298512,4.180237e-05,0.00014897408,5.3884432e-05,0.0002554712,0.0010744567,3.2955322e-05,8.943108e-05,1.45720505e-05,6.21363e-05,3.700918e-05,0.0017712166,6.742005e-06,0.0001999858,8.726776e-05,0.0003644144,2.185948e-05,1.7255796e-05,0.00073107437,5.7617735e-06,0.00015889644,9.25852e-05,0.00021860401,0.00013742565,0.0030181226,0.0008213079,0.0009363131,0.00011183294,2.5905225e-05,0.00016789271,6.917234e-05,9.527554e-05,9.670351e-06,1.4909143e-06,0.00010443457,0.00035744382,9.849496e-05,6.673288e-05,0.00036763406,3.4926827e-05,8.7447355e-05,5.2464275e-05,5.399111e-05,2.0470507e-05,5.565008e-05,0.017466553,0.0015357902,0.00018052287,3.9917057e-05,6.950022e-05,3.8080114e-05,6.008643e-05,2.0947708e-05,8.809338e-06,9.052909e-06,1.7194736e-05,0.005373016,1.3733252e-05,4.2785032e-05,6.4010105e-06,0.00013672023,3.9724982e-06,6.861817e-05,4.076099e-05,0.00056326983
BC2026_Train_0063_S19_20241214_190000_005,2.8870798e-05,0.0009506852,4.8104248e-05,0.23701306,1.6911945e-05,2.6486637e-07,1.7555365e-05,0.00018278336,0.0005123988,0.97458375,0.99420315,6.784445e-06,2.2903818e-05,1.6369912e-06,1.6229547e-05,0.011611073,2.5236102e-05,3.881942e-07,0.009952921,0.00014630191,4.7016594e-05,0.00027765296,0.00011783456,7.564857e-08,0.00063181494,1.7745757e-05,0.00023724476,5.1673444e-05,0.00015278699,0.0018150936,0.039216965,0.00016716827,0.030229878,0.0004314312,1.1226925e-05,0.00064506836,6.246562e-05,1.8597573e-05,0.019809337,0.0012719937,0.047169883,0.010796431,0.00013576847,0.000403246,0.00025120453,0.00038713755,0.0017909664,0.00029183962,5.0644718e-05,5.623859e-08,0.0009526913,0.0002851697,0.00023756574,0.029789168,0.0024374453,4.815855e-05,0.0006376687,0.4943135,9.001634e-06,2.4362507e-06,0.00084023736,8.980686e-06,0.001045733,0.002249744,0.00044328326,2.8615168e-05,0.0028424934,8.026969e-06,6.5678896e-06,0.0001357409,3.957271e-06,1.4292017e-06,2.8659519e-05,5.5622488e-05,3.2322644e-06,0.0002050591,0.00041023843,5.3495158e-05,0.00013938599,0.00015027223,0.00039442425,2.3990793e-05,0.0018650318,1.5080346e-05,2.6039374e-06,1.876697e-05,1.8265215e-05,0.00028781095,0.00012187206,2.7244738e-05,0.00020345548,1.8310157e-05,7.40713e-05,0.00016488973,0.00014210246,3.2290172e-05,0.00021016442,0.0024931629,0.0006182619,0.00022774258,0.000100657446,2.0053462e-06,5.048174e-05,0.03269723,0.00016536364,4.7011752e-05,4.0626946e-06,1.43009765e-05,2.0830592e-05,0.00018068991,8.8128245e-06,0.00029721172,1.51104905e-05,4.4341497e-05,1.1107606e-05,0.0005620669,8.89381e-06,1.4305981e-05,4.6283156e-05,5.937053e-05,7.654804e-06,3.9943407e-05,0.00021060536,0.00048147186,0.0002286272,0.000118462645,4.3979457e-05,6.2725034e-05,3.9204835e-05,6.85446e-05,3.469882e-05,0.0007101158,0.00020878713,9.5045425e-06,2.9474591e-05,2.6130294e-06,4.4469507e-05,0.00020100226,6.6255147e-06,0.0015396153,2.7006878e-05,8.807552e-05,1.7580647e-05,7.231555e-05,0.0019852407,4.0775107e-05,0.00047001007,1.8095549e-05,9.6947195e-05,0.00071227795,2.9985165e-05,0.0001693174,5.172704e-05,6.043513e-05,5.9591443e-06,0.00011058534,4.971667e-05,7.857209e-06,6.279176e-05,5.6276476e-06,9.305593e-06,3.8078226e-05,6.779413e-06,5.6860175e-05,8.657037e-05,0.0045082513,2.2682472e-05,2.7836335e-05,0.0001726499,0.00010364428,0.00010152977,2.1977537e-05,1.2369406e-05,0.00034114247,0.0013626348,8.52071e-06,4.836953e-05,5.000079e-06,2.74409e-05,7.343668e-06,0.000766,5.515958e-06,0.00027215175,0.00020285463,0.00017927788,1.07879105e-05,1.8476021e-05,0.0004503671,6.767502e-06,0.00010219786,8.653941e-05,0.00010906048,2.8137285e-05,0.00090711826,0.00053751405,0.00064903323,5.0132057e-05,1.7339431e-05,0.00026780867,3.5727662e-05,0.00020221407,7.4020263e-06,9.818699e-07,3.9642975e-05,0.00012377309,0.00020503838,3.7400878e-05,0.00016195142,6.314918e-05,5.1296916e-05,4.6542296e-05,3.5937643e-05,1.2373666e-05,4.341271e-05,0.029068274,0.0006000412,5.6736953e-05,1.7397999e-05,1.946266e-05,5.3336684e-05,2.2406442e-05,5.1163443e-05,6.720289e-06,2.3931998e-06,6.2906106e-06,0.0018194623,5.5608643e-06,1.2194873e-05,3.7361724e-06,9.531034e-05,2.9609944e-06,3.8466413e-05,4.4601336e-05,0.00030848567
BC2026_Train_0063_S19_20241214_190000_010,3.199334e-05,0.0016951995,0.000106247964,0.16255946,2.8940236e-05,8.07863e-07,2.3192079e-05,0.00032650985,0.0005873759,0.9119395,0.99579227,1.4112695e-05,4.789602e-05,6.697831e-06,1.7375814e-05,0.027853666,1.7291706e-05,2.1179949e-06,0.0102907,0.00028200637,6.527364e-05,0.0016395014,0.00020799611,1.9213985e-07,0.0020592501,9.733244e-05,0.000496209,0.00030503207,0.0002689309,0.0029389788,0.016394202,0.0001810904,0.016762273,0.00026587312,1.0171917e-05,0.0005662453,0.00022472319,3.670123e-05,0.007710252,0.0013940007,0.016070843,0.0038534377,0.00015072843,0.000376255,0.0003462247,0.0005045742,0.0014958269,0.00020215778,7.190482e-05,1.3687765e-07,0.0008767053,0.00029104634,0.0001624313,0.009402031,0.0021886544,7.766553e-05,0.00067925645,0.40140095,1.8058086e-05,1.5944708e-05,0.0050712265,4.4460157e-06,0.0008376952,0.002706041,0.0027524931,3.3605284e-05,0.0026429258,2.1407737e-05,9.97765e-06,0.0005805577,4.1391945e-06,2.3925952e-06,5.587922e-05,0.00019253125,2.937663e-05,0.0006505818,0.0003829368,0.000111741174,0.00014779394,0.0002243877,0.00070305663,1.6527843e-05,0.0018491424,3.6481077e-05,1.7110116e-05,6.0624625e-05,3.0130755e-05,0.0007889941,0.0001303044,5.4843276e-05,0.00018902587,7.599732e-05,5.8682017e-05,0.00110864,0.0003448762,3.990629e-05,0.00011490148,0.0045671803,0.000555607,0.00038457537,0.00021516925,5.3023755e-06,0.00022322217,0.023304077,0.000302098,3.6134214e-05,4.035779e-06,1.2673693e-05,1.8235105e-05,0.00011472226,1.9284147e-05,0.00039506736,4.4857527e-05,2.9256746e-05,2.3136363e-05,0.0007589832,2.5789941e-05,2.4828923e-05,4.8596634e-05,0.0002109468,1.7441957e-05,0.00011799625,0.00013728446,0.0008207083,0.0011869112,9.984088e-05,0.00012768258,0.00030694605,6.532981e-05,0.00010580876,8.118024e-05,0.0010702519,0.0009516866,2.5359164e-05,6.6408866e-05,3.7386392e-06,0.00021107214,0.00038980783,1.7198394e-05,0.003307112,2.837357e-05,0.00033231362,1.6260827e-05,7.2927396e-05,0.008700199,0.00012247822,0.00030080212,7.194913e-05,0.00015903635,0.0007953229,3.06146e-05,0.00016377533,0.000107704545,6.3848194e-05,3.3960307e-05,0.00011550788,6.4186825e-05,1.0735159e-05,0.00021883173,2.0439762e-05,8.557076e-05,5.335449e-05,1.6692185e-05,0.00010777902,9.757322e-05,0.008319759,3.2789205e-05,4.054533e-05,0.00018223884,0.00018205856,5.7407844e-05,5.165305e-05,1.7285985e-05,0.00030045502,0.0005942596,4.875781e-05,4.727646e-05,1.3407759e-05,4.749572e-05,5.320009e-05,0.00046205998,5.973648e-06,0.00027886798,0.00011395058,0.0003772344,1.6520895e-05,1.03053535e-05,0.0005172066,1.9287752e-05,0.000121741745,0.00010652959,0.00021895446,7.751822e-05,0.0007717811,0.00044222985,0.00057393324,8.851495e-05,2.8608729e-05,0.0001648685,6.2716535e-05,0.00022308962,2.0215975e-05,1.989509e-06,0.00014079406,0.00012097162,0.00034994032,0.00011179243,0.0009366499,4.6677604e-05,0.000104416664,0.00013569341,0.00020252954,3.1249052e-05,8.098277e-05,0.031134475,0.0013428592,0.00018503403,4.462793e-05,2.451424e-05,6.7508954e-05,3.179709e-05,2.5038262e-05,4.0825607e-06,7.4832815e-06,1.5287467e-05,0.0050758575,9.404865e-06,3.0834617e-05,1.1521036e-05,0.00024685788,5.9059967e-06,0.000113210306,4.88222e-05,0.00029420725
BC2026_Train_0063_S19_20241214_190000_015,0.00017155305,0.005014446,0.0007074087,0.25893012,0.000100344456,5.3967497e-06,4.2053347e-05,0.001103146,0.0010854024,0.8653596,0.8893411,3.158768e-05,0.0001128262,4.124633e-05,0.00030762074,0.05541751,0.00016133905,1.3550028e-05,0.02283184,0.0010590602,0.00018087539,0.0021518348,0.00055515417,1.8121392e-06,0.0065230303,0.00050645653,0.0029250598,0.00017117984,0.00033717355,0.0013953967,0.03850419,0.00078400783,0.040417846,0.0013076066,5.6236797e-05,0.001604695,0.00036816802,0.00038466376,0.017775903,0.0052101417,0.031150443,0.018911513,0.0009650284,0.0009908071,0.0014719352,0.001663146,0.004602349,0.0011116093,0.00046095857,1.4524519e-06,0.0028006607,0.0021787975,0.00084953697,0.016956164,0.0068886885,0.0005926566,0.004997575,0.09700681,0.00010546003,5.57299e-05,0.0050826618,2.8358314e-05,0.0009738615,0.0016636732,0.0020222312,0.00038093512,0.0073153395,6.3475745e-05,8.771804e-05,0.0006232092,4.361276e-05,1.5391315e-05,0.00097649964,0.0006759475,0.00017862828,0.00047959585,0.000409132,0.00081617484,0.0004985169,0.0009318721,0.0018032163,0.00045842584,0.051849794,0.0002386261,7.450974e-05,0.00026701752,6.518742e-05,0.001088555,0.0003226865,7.823679e-05,0.0010521675,8.710114e-05,0.0009009646,0.0012613336,0.0009844642,0.00039318216,0.0005945584,0.019146724,0.0015011715,0.00071709254,0.00079325883,3.3889293e-05,0.00067407166,0.15665907,0.0011615615,0.00013194897,3.7743772e-05,4.9703016e-05,0.00016034373,0.00043890264,7.763148e-05,0.0012881223,0.00011203575,0.000120891935,5.781886e-05,0.0038146588,0.00013593597,0.0002016257,0.00022999258,0.0004891992,0.0002294719,0.0013116491,0.00031466826,0.0033247499,0.0013276992,0.00041725312,0.00041977793,0.00061510416,0.00025997788,0.00031423627,8.8164255e-05,0.0017756553,0.0021062794,0.00017968468,0.00025665725,8.393559e-05,0.0013568779,0.00090032176,0.00012676785,0.0023180742,8.890857e-05,0.0011517582,0.00024626922,0.0007124823,0.013823769,0.00057089794,0.0010517226,0.00018680748,0.0006372034,0.0023667407,0.0002839808,0.0008512986,0.00027880445,0.00030920852,0.00014351841,0.00035359297,0.00032900742,0.00012149785,0.0010889295,0.000117915944,0.00035214072,0.00042723355,0.00010672501,0.00024966206,0.00025322151,0.008846321,0.0002459508,0.0002693438,0.0004922485,0.0010965175,0.0006180265,0.00076558586,0.00027582425,0.002581621,0.00457559,0.00010003176,0.0002005153,8.5150015e-05,0.0003286184,0.00029494587,0.003735161,3.5095272e-05,0.0010838722,0.00067516335,0.0015643977,9.2168004e-05,8.629524e-05,0.0016630754,5.2673364e-05,0.00033598198,0.00026190525,0.0013721589,0.0001569819,0.0043729823,0.0030063589,0.003299043,0.0003546466,0.00012637199,0.0020326984,0.00067257846,0.001209255,5.5242945e-05,2.1851789e-05,0.0002008919,0.0013882641,0.0010008133,0.0002838141,0.0033704576,0.0004665789,0.0002149074,0.0002676754,0.00047983116,0.000105000356,0.0005724833,0.027491521,0.003664953,0.0005992528,0.0004156855,8.7934786e-05,0.0007949727,0.00016718196,0.00013628328,4.2374795e-05,6.356431e-05,7.670157e-05,0.039174337,8.6901615e-05,0.00034809017,5.695721e-05,0.0005690685,8.055861e-05,0.00051976414,0.00038049725,0.0017460503
BC2026_Train_0063_S19_20241214_190000_020,4.9106286e-05,0.0035904984,8.0757665e-05,0.19274126,1.2945476e-05,3.0605656e-07,1.7574228e-05,0.00017615662,0.00056329503,0.95941395,0.9743222,6.489131e-06,2.7434018e-05,1.4692563e-06,1.1356901e-05,0.010037475,1.9980323e-05,6.8221533e-07,0.007901492,0.00011078472,4.865358e-05,0.0004966141,5.3082567e-05,1.1629481e-07,0.0014164533,4.578918e-05,0.00032016635,4.5107787e-05,0.00037960705,0.0010678046,0.09902807,0.00037194882,0.09952992,0.0005977309,1.4341264e-05,0.0012782977,0.00011933475,3.2863147e-05,0.023636458,0.0018421393,0.08351989,0.026513478,0.00031599827,0.0008692261,0.0007103853,0.0011186918,0.003019364,0.0007982399,0.00012474481,1.0062259e-07,0.0014398387,0.0007343325,0.0004645951,0.08820266,0.007008254,2.8382392e-05,0.0010405489,0.43313435,1.0138235e-05,9.000715e-06,0.0011914417,4.8206607e-06,0.0009983743,0.0002558198,0.000413774,3.315704e-05,0.0034455047,5.6970857e-06,1.4005155e-05,0.00015255582,4.2894803e-06,2.0717355e-06,6.403252e-05,9.666204e-05,1.6723066e-05,0.000379136,0.00041846145,8.7596425e-05,0.00016267481,0.00029282094,0.00020297515,8.980112e-06,0.0041307616,8.316174e-06,5.6296713e-06,4.3691183e-05,1.8985776e-05,0.00044737617,0.00012418261,2.0437814e-05,0.00027955294,3.9284514e-05,5.478009e-05,0.00016252304,8.54052e-05,2.6892047e-05,0.00013811981,0.003362193,0.0004307845,0.00019061514,9.920437e-05,2.2361096e-06,8.463669e-05,0.014250177,0.00016649585,3.1870164e-05,7.3085876e-06,9.350919e-06,3.077378e-05,0.00016624156,8.194548e-06,0.00023788646,4.587826e-05,4.9364848e-05,4.853033e-06,0.00081917463,1.8575329e-05,2.5529918e-05,5.2059488e-05,9.690034e-05,2.3117067e-05,0.00020629616,0.00013111866,0.0008324248,0.00032820608,0.00018437818,6.0690338e-05,0.0002037166,7.281218e-05,5.0592782e-05,4.9816994e-05,0.00065495213,9.731536e-05,1.058529e-05,2.7874987e-05,2.3759465e-06,7.195736e-05,0.000165481,1.7901864e-05,0.0016920012,2.1582842e-05,0.00031536203,2.984458e-05,8.829745e-05,0.0030853592,5.8493897e-05,0.00035815654,1.7839404e-05,0.00018007659,0.0003113796,3.294756e-05,0.0013820337,6.6324756e-05,9.167451e-05,1.3888562e-05,0.00028864195,0.00010090703,5.2762766e-06,0.00010255927,4.5706406e-06,3.9909028e-05,4.457251e-05,7.0738242e-06,2.1685917e-05,2.1260541e-05,0.003290656,9.230117e-05,2.8430315e-05,0.000208268,0.00012542396,4.278903e-05,0.00010518474,1.6121152e-05,0.00017601557,0.0005094007,1.407247e-05,4.165819e-05,6.663065e-06,5.581137e-05,1.4007785e-05,0.0015780554,3.5447504e-06,0.00016037628,0.00011601676,0.00021434955,1.6671202e-05,1.3613677e-05,0.00058912626,2.9132489e-06,0.00016945033,7.271643e-05,0.00017040304,5.3896194e-05,0.0016030328,0.0011387,0.00082933507,4.72959e-05,1.3213117e-05,5.3594315e-05,3.635924e-05,8.7744316e-05,6.28169e-06,1.6050319e-06,5.488461e-05,0.00019005817,7.6749064e-05,4.7949037e-05,0.00029230968,6.3960506e-05,5.0235667e-05,1.9161142e-05,4.4413693e-05,1.020438e-05,5.062666e-05,0.007288591,0.0012540915,0.0001471607,1.71743e-05,2.3118455e-05,3.1765634e-05,2.2151742e-05,1.7727016e-05,7.66865e-06,3.5237956e-06,7.776616e-06,0.004476197,1.0173673e-05,2.6086696e-05,5.3665617e-06,9.4404895e-05,3.232628e-06,4.6613324e-05,3.6694542e-05,0.0003695512
BC2026_Train_0063_S19_20241214_190000_025,0.00017117771,0.0108816,0.00058254536,0.33572018,0.00023070592,1.4386991e-06,0.0004043689,0.0014665896,0.0057871616,0.98293924,0.8204677,6.8509704e-05,0.00017795475,1.2774785e-05,8.44193e-05,0.032693833,0.00011825499,4.9651962e-06,0.059963003,0.0007440162,0.00023786287,0.003546601,0.00018841548,8.5403946e-07,0.008865693,0.00033090205,0.0017951654,0.0001692259,0.0010082618,0.0040374063,0.18886086,0.0027343442,0.26179966,0.0019116064,0.00013352526,0.0125818495,0.00030844775,0.00018627087,0.058883768,0.009075958,0.1836989,0.04506183,0.0019014403,0.0045626103,0.0028589729,0.002940719,0.016827777,0.004670843,0.0006500621,1.1151633e-06,0.0023276317,0.003407588,0.002895302,0.17161413,0.027447533,0.00015969037,0.0024648083,0.5943318,0.00013796095,8.708437e-05,0.0066056233,4.0080544e-05,0.002546306,0.0027249826,0.002761487,0.00020316239,0.018703388,6.531747e-05,6.148462e-05,0.0005247956,2.5060623e-05,2.1212989e-05,0.00033958865,0.00017228976,3.6971753e-05,0.00057674886,0.0003177698,0.00010413556,0.0002474942,0.00028983792,0.0004659156,5.1968367e-05,0.0050970055,2.7106165e-05,1.5759204e-05,7.2046416e-05,0.00011444877,0.00091099605,0.00038800488,5.8199006e-05,0.0007525754,8.236235e-05,0.00019600167,0.0006220067,0.00020888248,7.6044154e-05,0.0002962617,0.012525071,0.00031397693,0.00032234707,0.00024411338,7.596104e-06,0.00015597016,0.063873924,0.00060436595,0.00024577923,2.2620585e-05,5.864034e-05,0.00012308528,0.001794676,4.8721085e-05,0.00062336633,0.00015961821,0.00018389501,4.612981e-05,0.0011879972,3.5616424e-05,7.6740056e-05,0.00015754724,0.00044542752,5.415539e-05,0.00032894313,0.00039960473,0.000661879,0.00081789424,0.0001320562,0.0001667305,0.00032919127,0.00016763627,0.00021460351,0.00018795847,0.0009080808,0.00048265074,7.5374104e-05,0.00010420995,3.428843e-05,0.00036987086,0.00036019922,7.5456875e-05,0.012033066,8.61442e-05,0.0004067177,6.753336e-05,0.0001552896,0.008359406,0.00016917103,0.0011436577,4.8919326e-05,0.0004924114,0.0008191797,0.00011676024,0.0012038667,5.667623e-05,0.0004641385,8.129948e-05,0.00016643458,0.00028911207,5.897199e-05,0.000302717,2.5860329e-05,0.00010951381,0.00024844415,5.7174617e-05,4.7426016e-05,6.1556144e-05,0.011990426,0.0003164058,3.7725098e-05,0.00010200236,0.0002068946,0.0002036455,0.00011687587,0.00010375156,0.0012235973,0.0020223332,0.00012083604,0.00016769575,3.4700573e-05,0.00012346978,5.0441657e-05,0.0040906253,2.3407632e-05,0.00020333681,0.00016796876,0.000443767,6.007245e-05,6.510647e-05,0.0005602591,2.2846814e-05,0.0012268955,0.00016473069,0.000801409,0.00014965836,0.0023599772,0.0017499493,0.0010168285,0.00081291253,6.0396353e-05,0.0001166948,6.540492e-05,0.0006500323,2.8638044e-05,3.2007836e-05,9.235936e-05,0.00049690885,0.00017556704,0.00026919696,0.0005255766,0.00014782972,0.00017299695,0.00018103172,0.00023536169,6.606506e-05,0.00021539154,0.010658849,0.010030433,0.00032512975,0.00019681217,0.00014154451,9.0495014e-05,9.957332e-05,9.628027e-05,3.1194446e-05,7.446173e-05,3.421996e-05,0.017963206,3.888247e-05,6.426424e-05,1.9382122e-05,0.0004037982,1.0211495e-05,9.622859e-05,5.91942e-05,0.002449734
BC2026_Train_0063_S19_20241214_190000_030,0.00068885024,0.036785547,0.0018636013,0.10719972,0.00025364896,6.607884e-06,0.0010612443,0.0014146159,0.008645425,0.87716126,0.4572885,5.6860445e-05,0.0003941369,3.804501e-05,0.00019098536,0.09453179,0.00012516469,1.4035037e-05,0.054886658,0.0022966822,0.00065957906,0.018584037,0.00017286124,4.0300524e-06,0.055509735,0.0020267565,0.0026768618,0.0008803868,0.007490699,0.0018389723,0.35167965,0.009656718,0.43593654,0.0044465996,0.00045437962,0.021913433,0.0013111932,0.00041055918,0.047235206,0.019671809,0.29522893,0.056208905,0.0066998824,0.018574359,0.01162234,0.012815343,0.043397993,0.015874239,0.001896439,3.2972061e-06,0.0066701225,0.012990651,0.012033274,0.26784095,0.049727418,9.069301e-05,0.0036780285,0.41679284,0.0003740817,0.0004973462,0.0098650055,0.0001110682,0.0038069687,0.0027715398,0.012009297,0.00021639421,0.019287722,0.00012764361,3.6200017e-05,0.0024873945,1.5104338e-05,6.226875e-05,0.00057984627,0.00040639407,0.00023022995,0.0012913081,0.001177187,0.0002481579,0.00073398853,0.00050310773,0.00021032641,5.163138e-05,0.005648919,7.428432e-06,3.650892e-05,0.00017083579,0.0006047059,0.00085993035,0.0006558386,2.12966e-05,0.0025893939,0.0011834325,0.00016992002,0.00041388898,0.00030805482,0.00013399105,0.00023348999,0.009959469,0.0003987451,0.00025842394,0.00048134426,3.637533e-05,0.00035956505,0.019681657,0.0015809204,0.0002659408,7.3258896e-05,4.7952373e-05,0.00034758166,0.0014045561,4.351293e-05,0.0011121057,0.0014225263,0.00013862833,3.3151413e-05,0.0019124846,5.675898e-05,5.2989762e-05,0.00016582581,0.0010898291,0.00022947324,0.0006885224,0.00015147694,0.0006769074,0.0048447796,0.00030957608,0.00017890972,0.0016786708,0.00041035571,0.00018797335,0.0005758335,0.0008138306,0.00083133526,9.774728e-05,0.00010534826,3.2003136e-05,0.0005906423,0.0013799722,0.00018136448,0.012374754,7.566844e-05,0.0016916582,0.00016933841,0.0001846898,0.012831122,0.0004127198,0.003647257,7.3204355e-05,0.00050264853,0.00032213968,0.00016101479,0.00738186,0.0001956803,0.0012029409,0.00014642626,0.0009247582,0.0001456552,4.3247303e-05,0.00038829684,4.2234646e-05,0.00030187317,0.00025244654,0.00015143867,9.296322e-05,5.1154668e-05,0.0058170054,0.00085909007,0.0001479747,0.00028481593,0.0010790419,8.807208e-05,0.00019349837,0.00011745831,0.00038849475,0.0018317595,0.00035445357,0.00044339974,6.7208144e-05,0.0005336145,0.00027781527,0.0054101036,1.7636197e-05,0.00032242143,0.00035829915,0.0002786899,0.00015593595,0.00021898618,0.0024586315,1.8973216e-05,0.0017119461,0.00093250273,0.0013655598,0.0006219252,0.004419322,0.0013119596,0.0006642779,0.00037468417,0.00013656843,8.972263e-05,0.00012633657,0.00083328626,6.2164625e-05,5.021354e-05,0.00023422246,0.0007702422,0.00022776167,0.0004375694,0.002384853,0.00027662775,0.00034878927,9.933425e-05,0.00053758966,0.00016742287,0.00021017868,0.011798257,0.014232651,0.00053848326,0.00027379996,0.0001546868,0.00016572069,9.0031586e-05,7.961392e-05,0.00010080942,6.930354e-05,4.7686834e-05,0.023795206,8.415647e-05,0.00023408828,2.7520176e-05,0.00024721495,2.493984e-05,0.00022631092,9.042307e-05,0.0012600127
BC2026_Train_0063_S19_20241214_190000_035,0.0022548146,0.022067446,0.0003661055,0.11790043,0.00026206538,7.446515e-07,0.00020366473,9.514661e-05,0.0022941127,0.9589501,0.4230435,6.437618e-05,0.0002681692,2.2531302e-05,5.239712e-05,0.013161555,0.00011702978,3.781511e-06,0.03478053,0.00036075164,0.0011290755,0.011880933,7.471117e-05,1.7348045e-06,0.015027419,0.0006957686,0.00056014425,0.00076687575,0.0012615721,0.0012560431,0.337557,0.0033470574,0.44317022,0.002510729,0.0003887715,0.0077009834,0.0016640201,0.00023029605,0.05174773,0.0077675777,0.2109113,0.05724483,0.0028383688,0.0038586634,0.01160487,0.0121176,0.029472208,0.019387934,0.0014808162,8.3256435e-07,0.003317002,0.0048574265,0.005519815,0.20116006,0.022913193,0.00010031957,0.0058651324,0.29707795,0.00014724406,0.000209997,0.0022023167,5.5641645e-05,0.0040264823,0.0019820924,0.0013456848,9.387113e-05,0.006858462,4.866727e-05,1.766948e-05,0.0006091752,2.5386167e-05,2.5177593e-05,0.00043421556,0.00023431,7.4353455e-05,0.0012645387,0.00047898327,0.00019268571,0.00022400571,0.0007642119,0.00024245834,2.8081153e-05,0.0024165704,6.143003e-06,3.190015e-05,0.00015271794,7.657172e-05,0.0009442862,0.00046004442,2.7237902e-05,0.0014825164,0.0002757467,2.9969127e-05,5.7269124e-05,0.00025953582,8.415719e-05,6.349276e-05,0.010319724,0.00023115886,9.791604e-05,0.0004981984,4.650403e-06,0.00027683988,0.05829276,0.0008400124,7.6066564e-05,2.3266133e-05,2.9439983e-05,0.00044487775,0.00050618505,3.3705677e-05,0.000983851,0.000911395,0.00010380946,9.061737e-06,0.0014095206,4.9598188e-05,4.4474345e-05,0.00016218958,0.00023588806,0.0001661056,0.00046171434,0.00012951506,0.00087179255,0.005991503,0.00045287653,0.00017791605,0.00038129048,0.00012959128,0.0001182613,0.00020899186,0.00052383187,0.00018091332,2.748663e-05,3.7764006e-05,2.9853887e-05,0.0001397782,0.0005130921,7.885969e-05,0.007885844,3.975185e-05,0.0019856733,6.84307e-05,9.407589e-05,0.015596344,0.00016460399,0.0015819377,1.9189705e-05,0.00024535708,0.00025934706,7.6473785e-05,0.008513983,0.00013717532,0.0008584445,0.00020697548,0.0009402587,6.353988e-05,6.663901e-05,0.00026402506,1.4997735e-05,0.00017772803,0.00015443198,3.7249596e-05,4.7106398e-05,1.5239637e-05,0.0051597185,0.0002007611,0.00012621784,0.00050257886,0.0005620645,8.213271e-05,0.00034523444,0.00011369303,0.0005303637,0.0014850016,0.0001759092,0.0001951526,2.8955834e-05,0.0002005757,8.03635e-05,0.0029462522,9.821942e-06,0.0002910011,8.042643e-05,0.00030274934,2.2841803e-05,6.4681575e-05,0.0033466711,1.1671133e-05,0.0031930339,0.00027209442,0.000991012,0.00027746137,0.0008213886,0.0024818445,0.0014534461,0.00015058507,0.00010457339,2.2125058e-05,4.85287e-05,0.00049401005,2.6613503e-05,5.5865105e-05,0.00012414508,0.0003067068,9.950811e-05,0.00038618638,0.00039312692,0.00015176319,0.0001491967,3.2470536e-05,0.00010800887,2.1877395e-05,0.00017375144,0.0066993334,0.0053008413,0.000694068,0.0001382185,7.436422e-05,0.00022465378,3.574719e-05,5.43605e-05,2.8909313e-05,2.509231e-05,2.436898e-05,0.044374008,8.309721e-05,0.000256727,1.1923442e-05,0.00022232265,4.3918344e-06,5.4841086e-05,3.2663524e-05,0.00065317034
BC2026_Train_0063_S19_20241214_190000_040,0.0009359393,0.040517326,0.0019120288,0.07159015,0.00017527868,6.498879e-06,0.0006491059,0.0006275238,0.0050813216,0.6644863,0.20446877,7.085617e-05,0.0005691257,7.417881e-05,0.00021295086,0.047306836,0.000103993145,1.8999795e-05,0.038657624,0.0016760691,0.00042518284,0.010790332,0.00019131489,5.1509815e-06,0.01889009,0.0018489205,0.005125117,0.004121942,0.023400877,0.0036254677,0.2568128,0.01487655,0.341931,0.00761118,0.0010953993,0.023961708,0.0028469178,0.0009783519,0.026228135,0.043376435,0.25287467,0.04110623,0.01272982,0.0318728,0.010177393,0.0112545,0.04268398,0.012791387,0.0023317323,5.0746694e-06,0.026045257,0.014366231,0.020811796,0.2529174,0.10293422,0.0001788408,0.0040478734,0.40938556,0.0006632904,0.00042879334,0.0101312725,8.642849e-05,0.0031602043,0.0014119719,0.0077905916,0.0013290682,0.015421258,0.00028910628,3.4387158e-05,0.00086038816,2.372994e-05,4.1043353e-05,0.00068045605,0.00073150196,0.00041067429,0.0013609637,0.0009800442,0.00032479453,0.00084478036,0.0011334739,0.00025081754,0.000104087296,0.004336397,1.22018655e-05,3.9130133e-05,0.0001083278,0.0008440997,0.000907171,0.0010532817,3.3101533e-05,0.0027649493,0.0059684166,0.00025430595,0.00059431454,0.001232857,0.00026957755,0.00012126832,0.015273416,0.00024309791,0.0004136456,0.000720926,8.259303e-05,0.00051021803,0.025232619,0.0011551204,0.00030111088,0.00010244355,3.139802e-05,0.0003591065,0.0019339232,3.9937466e-05,0.0034721652,0.0013261238,0.00021309895,2.9755203e-05,0.0015396784,6.0649898e-05,9.3137496e-05,0.0001369585,0.0005958689,0.00038924025,0.00076028873,0.0001332739,0.00097607647,0.014214792,0.00017477949,0.00033783366,0.0014787765,0.00027967422,0.00020778719,0.0006249752,0.0012003159,0.0009423942,6.81575e-05,0.00018221053,1.5569385e-05,0.0005275561,0.0012306231,0.00038211845,0.0074374774,4.4347584e-05,0.0014220441,0.0003760287,0.0001477046,0.015997613,0.0004779912,0.007266602,6.449084e-05,0.0012152287,0.00020522869,0.00032043172,0.0047352677,0.0006105694,0.001647412,0.0001696351,0.0015405113,0.00028881122,7.3150964e-05,0.0003516962,7.181238e-05,0.00033911565,0.0002272504,0.0003236311,0.00025062892,2.9426232e-05,0.006744909,0.0007115046,0.00025641487,0.00038171123,0.0022787482,0.00015073462,0.0001446083,0.0001247241,0.00041107106,0.0029253685,0.0007086614,0.00043091804,0.00020894763,0.0004981727,0.00054404576,0.009040625,1.8647728e-05,0.00041091238,0.00066820387,0.0006400031,0.0001354881,0.00026545825,0.0043713297,3.441659e-05,0.003142884,0.0017831908,0.0012547188,0.0006877256,0.0027918213,0.0026726373,0.00084229547,0.00022006917,0.00014888318,6.9663925e-05,0.00020214447,0.00061792374,8.947407e-05,3.0503248e-05,0.0002449429,0.0007414017,0.0003481642,0.00026283204,0.0031377785,9.475411e-05,0.0004959185,6.928279e-05,0.00028446966,0.00037084802,0.00038313417,0.051381733,0.0059878663,0.0005243032,0.00070771686,0.00013563248,0.00035112398,0.00014721388,0.00010759716,0.00010739533,8.9319525e-05,6.612796e-05,0.020814784,0.00017583845,0.00040260403,2.8841245e-05,0.00016790246,2.0247926e-05,0.00027481784,0.00014490576,0.0014330517
BC2026_Train_0063_S19_20241214_190000_045,6.007761e-06,0.00082518556,6.758013e-05,0.06753516,6.1343735e-06,1.5443113e-06,9.891615e-06,0.00032232923,5.9698046e-05,0.41355014,0.98981994,3.865841e-06,1.7494382e-05,4.594353e-06,2.5128204e-05,0.02156088,1.5719144e-05,1.3812538e-06,0.0021307808,0.00022451911,1.4343138e-05,0.0004980403,0.00016010355,2.0338169e-07,0.00045260353,2.9212082e-05,0.00045698954,0.00021078897,0.00059256796,0.001662799,0.003311472,8.922239e-05,0.0063681947,0.00018657945,6.3041475e-06,0.00017740937,0.00012696565,2.6532967e-05,0.0010076286,0.0003969799,0.0019055489,0.0011922609,4.3180007e-05,0.00017591473,0.00012157828,0.00026194172,0.0003833543,7.913684e-05,3.6023666e-05,5.6440403e-08,0.00039648786,6.0216124e-05,3.240681e-05,0.0015778284,0.00079818105,4.1100855e-05,0.0005842811,0.16901241,1.3443263e-05,1.7917406e-05,0.0036094121,1.216667e-06,0.00022691568,0.0008237435,0.0030105123,8.472608e-05,0.0014550255,2.5542193e-05,6.2171093e-06,0.00023596163,2.5625725e-06,1.1890315e-06,4.4324293e-05,0.00097592216,9.091242e-05,0.00087125855,0.0008697908,0.00027960437,0.00032994093,0.0011260991,0.00035219238,4.694276e-05,0.003433676,2.8697206e-05,1.9534733e-05,5.1597908e-05,3.5002548e-05,0.00059065665,0.00013809136,0.00010717486,0.00026336283,0.00020167648,7.342115e-05,0.0028383094,0.0010534107,6.2324e-05,7.0771224e-05,0.0032001552,0.0009794543,0.00095652585,9.820096e-05,1.1112034e-05,0.00022015627,0.0058498913,0.0003173608,2.4943505e-05,8.730644e-06,1.21022e-05,4.3981843e-05,0.0001403184,1.377876e-05,0.0007047867,4.4474004e-05,4.7264562e-05,1.6305736e-05,0.00163127,4.2100935e-05,2.3206567e-05,8.827673e-05,0.00037225708,2.8378578e-05,0.00022294182,0.00017140884,0.003349701,0.0013560381,9.949446e-05,8.651499e-05,0.00085255527,3.986042e-05,6.2078965e-05,0.00013074074,0.0009982554,0.0015506765,3.02511e-05,0.00020187983,1.7305844e-06,0.00020984685,0.0012695742,4.3310243e-05,0.0023417438,2.4365887e-05,0.00025210064,1.5741705e-05,0.0001230225,0.009579059,7.4800424e-05,0.0005356284,0.00013640615,0.00029667522,0.0007426961,5.0102903e-05,0.00035527517,0.00026152746,3.829125e-05,4.6279758e-05,0.0001657896,0.00016680761,4.199268e-06,0.0004506578,1.9629299e-05,8.2955885e-05,2.6739532e-05,1.835593e-05,0.000121993806,0.0003036686,0.0031489355,5.7338963e-05,8.822498e-05,9.8520795e-05,0.00051041285,5.0667804e-05,7.673282e-05,1.842452e-05,0.00013518032,0.0020897198,3.505884e-05,3.355264e-05,3.106276e-05,4.8281647e-05,0.00014866996,0.0006399024,6.9072066e-06,0.0005103005,0.000296772,0.0012994591,4.9962724e-05,1.22693455e-05,0.00025490165,6.501309e-06,8.943398e-05,0.00024390122,0.00019439693,0.00022430043,0.0015681882,0.00020956974,0.00051946647,5.5096e-05,3.689047e-05,0.001979797,0.00012133519,0.00010267612,2.837514e-05,5.8881125e-07,0.00013549403,0.00023977373,0.00048218487,7.06058e-05,0.0009481239,4.0657378e-05,8.713197e-05,0.00019701455,0.00032502436,7.0764e-05,6.846725e-05,0.14546178,0.0028856404,6.854532e-05,4.2494416e-05,1.0683226e-05,8.547331e-05,5.54657e-05,3.1629606e-05,3.252422e-06,4.302152e-06,2.6863954e-05,0.0068512657,1.10082365e-05,6.752364e-05,3.5047142e-05,0.00026409706,1.3946151e-05,0.0007496318,0.000119617966,0.0001960583
BC2026_Train_0063_S19_20241214_190000_050,3.2604552e-05,0.005005124,0.00029077203,0.15094417,2.2744402e-05,8.9140366e-07,2.304342e-05,0.00023574776,0.0005293332,0.9084231,0.99097717,1.6784865e-05,0.000100555,5.3364656e-06,4.1256004e-05,0.024957769,2.0092735e-05,2.1365452e-06,0.0051961592,0.00042405445,3.9596314e-05,0.0006177695,0.0001274365,2.832794e-07,0.0010219476,6.6071734e-05,0.00026190002,0.0008015939,0.0011700523,0.0077026486,0.03229213,0.0004036366,0.056758393,0.0007625267,3.2795553e-05,0.00075801025,0.00037941802,6.419282e-05,0.014191473,0.0020907868,0.034392487,0.010483214,0.00023896103,0.0012618137,0.00052257464,0.0010105405,0.0022760981,0.00057473005,0.00013506693,1.1469826e-07,0.0028836313,0.0005219071,0.00021191344,0.031527694,0.004112282,7.807708e-05,0.00070476555,0.50132525,4.065761e-05,1.6675687e-05,0.006547693,1.001141e-05,0.00061599066,0.00079859374,0.0013275045,8.670949e-05,0.007296026,3.0189889e-05,1.1750629e-05,0.00049677317,2.7527933e-06,4.016623e-06,5.0498784e-05,0.0004564014,7.5118514e-05,0.0009673411,0.0005651725,0.000117583244,0.00023207154,0.00037407046,0.00039866928,1.942898e-05,0.0015838117,1.7804035e-05,3.8128695e-05,4.2369462e-05,9.950982e-05,0.0009398535,0.00015302858,8.012742e-05,0.00021089452,0.00060113997,6.1682e-05,0.0008635708,0.00037882186,3.072214e-05,5.1526167e-05,0.0044366536,0.000571721,0.00067896035,0.0001277325,1.2572871e-05,0.00017013516,0.007756836,0.00029892416,4.5040902e-05,9.37357e-06,1.2653645e-05,4.2029413e-05,0.0002707382,2.2928578e-05,0.0008390805,7.3219504e-05,9.3630384e-05,9.789847e-06,0.0020565826,1.8592165e-05,2.2190183e-05,3.086501e-05,0.00021276761,1.6948854e-05,0.00012754933,0.00018875371,0.0011514034,0.004238279,0.00012402497,0.00011215439,0.00030588006,0.00013347778,8.483498e-05,0.0009851546,0.00026344194,0.0007158891,1.4655838e-05,0.00010522087,2.028584e-06,0.00012341564,0.0003769466,5.293632e-05,0.0060823485,1.4638894e-05,0.00028381543,3.951438e-05,0.00014568868,0.030211214,5.9496804e-05,0.0011369599,4.815556e-05,0.00016856224,0.00037548225,6.2664825e-05,0.00053998973,0.00022705118,0.00010607849,2.9546523e-05,0.00019759759,0.00010177948,5.6473896e-06,0.00026167187,1.5113934e-05,0.0001283934,6.127309e-05,2.4464587e-05,0.00014057083,7.989433e-05,0.010066624,8.405045e-05,4.8837566e-05,0.00021052644,0.0005136896,2.5869529e-05,6.433512e-05,3.6659603e-05,0.00024441868,0.00084532844,5.654051e-05,6.6741275e-05,4.3586813e-05,5.9054604e-05,0.00014252153,0.00090890744,3.7025682e-06,0.0001527915,0.00024375798,0.0004946492,3.6924645e-05,1.4613981e-05,0.0009174476,1.0007182e-05,0.00024981634,0.0001580899,0.00024190855,0.00013637947,0.0016375537,0.00023117031,0.0008413249,0.000137474,2.312044e-05,0.00026514888,0.00015595455,8.714643e-05,3.0999403e-05,2.5615755e-06,0.00022656782,0.00013823774,0.00015235708,0.000187435,0.0016810776,3.8349866e-05,5.4839154e-05,2.8910032e-05,0.00017090113,3.8080874e-05,6.748494e-05,0.21939692,0.0034452232,0.0001428102,7.910062e-05,2.3823904e-05,8.530606e-05,3.424546e-05,3.2374006e-05,3.9045044e-06,9.202191e-06,2.3471897e-05,0.004073833,1.4421002e-05,3.9766448e-05,3.1366115e-05,0.00013501478,1.2249074e-05,9.093653e-05,4.240055e-05,0.00024063922
BC2026_Train_0063_S19_20241214_190000_055,2.8943685e-05,0.0020744877,0.00013290232,0.209603,3.3577093e-05,1.7172412e-06,1.3810977e-05,0.00029053123,0.00037381574,0.74472964,0.98599386,1.1293375e-05,8.329024e-05,8.381669e-06,5.3816177e-05,0.029004028,6.2626415e-05,1.6648709e-06,0.0065552937,0.00036116113,2.3618071e-05,0.0004844792,0.00017128402,5.486048e-07,0.0007745882,4.1314746e-05,0.00051964057,0.0003918025,0.00070600444,0.0014048791,0.017309729,0.0002956187,0.033077747,0.0007832473,3.4289576e-05,0.0010545615,0.00018547245,6.2304214e-05,0.007790865,0.0021311955,0.017987516,0.0070935427,0.00021332603,0.00087537844,0.0004448158,0.0012526851,0.0025555487,0.0003817551,0.00010998516,1.9383806e-07,0.0017756079,0.00039835167,0.0001707101,0.015002701,0.005147409,8.739959e-05,0.0011959717,0.40197358,3.7747406e-05,3.3981138e-05,0.0020490852,9.965108e-06,0.0016172897,0.0014468615,0.002368882,0.0002276996,0.008924672,3.4879362e-05,1.2413899e-05,0.0001545762,1.3528027e-05,2.8713291e-06,0.000103729006,0.0007903065,5.436179e-05,0.0008809924,0.000766134,0.0002106437,0.00065569824,0.0012486512,0.00041347157,0.00010668635,0.008714152,2.0823423e-05,3.160241e-05,3.591979e-05,5.9931976e-05,0.0004982138,0.00024746943,7.442304e-05,0.00019910451,0.00023975658,5.1437994e-05,0.0014032071,0.0010352904,5.0673945e-05,0.00014256121,0.0056670727,0.0008674861,0.0021464569,8.790427e-05,3.0385227e-05,9.58415e-05,0.0069035143,0.0004011268,5.829716e-05,8.918153e-06,1.929467e-05,0.00010524635,0.00021840566,3.5127647e-05,0.0014596885,7.0660695e-05,6.931999e-05,2.6023485e-05,0.0013018976,2.4826626e-05,3.2970976e-05,4.343714e-05,0.00026816383,3.8376937e-05,0.00014183525,0.0002752521,0.002377193,0.0017813296,0.0001912073,0.000108246524,0.00038354218,9.254001e-05,0.00012376801,0.00035838812,0.0007003486,0.0009848027,3.2923814e-05,0.00019379104,3.98843e-06,0.00012509251,0.0006380548,8.1763166e-05,0.0014218715,2.140435e-05,0.00023922752,6.341839e-05,0.0001623867,0.0056750933,0.00017378309,0.0012686646,7.576461e-05,0.00020756382,0.0006037497,7.843647e-05,0.0009970479,0.0002489174,9.2878334e-05,3.0060351e-05,0.00025781928,8.9974004e-05,1.0510451e-05,0.0006811786,4.21064e-05,4.7222613e-05,6.368079e-05,3.9486546e-05,0.0004226305,0.00019176032,0.0077696918,3.7333884e-05,0.000106044616,0.00036166314,0.00045073667,0.00010887427,0.00019841979,3.4457014e-05,0.0009569406,0.0054360176,4.5722416e-05,0.00010037115,5.945291e-05,9.1106565e-05,0.00018555223,0.0018224309,6.7865676e-06,0.00030998926,0.00032920824,0.0006484768,3.973597e-05,3.1803673e-05,0.00097629224,2.3775809e-05,0.0001841101,0.00023401374,0.0005090248,0.00027809406,0.0042971675,0.00021244206,0.0007504863,7.800214e-05,3.5251982e-05,0.0009903088,0.0003590779,0.00027724716,6.94469e-05,1.2521232e-06,0.000110516914,0.0006205651,0.0003490451,9.787189e-05,0.00043408724,5.866618e-05,0.00012260114,0.00010315945,0.00023567249,4.9092192e-05,4.4157052e-05,0.3522269,0.0020584401,8.273642e-05,0.00011160071,4.6208625e-05,0.0002012055,8.6424945e-05,4.9909773e-05,6.695238e-06,1.7829912e-05,2.603746e-05,0.0030732814,2.1564429e-05,5.4826964e-05,2.8361965e-05,0.00011474797,1.5375823e-05,0.00025432243,0.000105637475,0.0002646198
BC2026_Train_0064_S23_20241124_032002_000,6.8777326e-06,0.00012639079,6.091072e-06,0.00031177173,1.4142753e-05,1.1997324e-07,5.840815e-07,0.00019317171,2.692402e-06,0.0003237663,5.573946e-05,6.595582e-06,1.1260274e-05,6.870672e-07,3.0240517e-06,5.3782212e-05,2.1823882e-06,1.4074225e-06,0.00052458764,2.6367194e-05,1.8758816e-06,1.4079088e-05,4.5742352e-05,2.8461332e-07,2.795962e-06,6.5669354e-07,0.00017355886,2.6383492e-05,0.00012290571,0.000174869,1.8819897e-05,3.663535e-05,9.2523595e-05,6.8562586e-06,1.754313e-05,1.9660023e-05,6.289532e-05,1.9161307e-05,5.5141804e-06,0.00014992802,3.0733016e-05,1.32518335e-05,4.1268362e-05,2.1716607e-05,5.827376e-05,2.1964192e-05,0.00023775674,3.936653e-05,7.380817e-06,1.4581755e-07,8.334751e-05,1.5447371e-05,3.351663e-05,1.1240231e-05,0.00026692642,6.0085927e-06,0.0013000136,0.00051351404,1.5166505e-05,9.337908e-06,1.0640359e-05,2.1280764e-05,8.663775e-05,5.303622e-05,2.4363702e-05,3.9051447e-06,2.1031044e-06,1.4725358e-06,1.2099914e-06,3.2887272e-06,5.0423092e-05,1.3820345e-05,0.00029616203,0.00021627848,1.4858744e-05,0.00014104397,0.0005168946,0.0003207031,0.0007991605,0.00013249679,0.00012154942,0.00035840468,0.00015068517,0.0001193121,7.518279e-07,9.158966e-05,2.039957e-05,0.00030444926,0.015201793,3.602861e-05,0.0003279233,0.00023574372,8.291277e-06,0.00023228052,0.0005005694,0.00011546383,0.00017430651,0.000165279,0.00024278753,0.00056815875,0.00077347335,7.016101e-05,0.015104538,0.0020471225,0.0009538388,2.7951171e-05,0.00058052095,0.0004333084,0.0016403313,0.0039256904,0.00020198805,0.97062004,0.00026479748,0.0005335026,4.5643916e-05,0.0018916873,0.0009396488,0.00013584294,0.00074823573,0.0014723662,6.8068366e-06,0.0011523206,0.0010305395,0.013577845,7.786569e-05,0.00013330289,9.273719e-05,9.78494e-05,0.001314811,4.541064e-05,2.1450634e-05,0.0003295879,3.5546418e-05,2.6505857e-05,0.00018562232,1.1537198e-05,0.00027790532,0.001527389,0.00017291152,0.00011751655,4.1687163e-05,7.361492e-06,7.76032e-05,0.0017501628,2.9026503e-05,4.1204145e-05,0.0018107435,2.7638529e-05,0.00013258563,0.00017397292,6.607986e-05,6.138275e-05,0.0007724786,0.00023663843,0.0019541245,0.000896756,0.0029644337,8.444733e-06,9.1027636e-05,0.00020858756,1.5802261e-05,0.00060207915,2.1595584e-05,0.00020003598,3.7433994e-05,0.0004553977,0.00027989325,0.00017287543,0.00035011768,0.0005062384,0.00041039052,2.045708e-05,0.0003599059,0.00047617554,0.0011932976,0.00010858863,0.00010468153,0.0027204354,0.0009299124,0.00033022446,0.0027976246,4.2882413e-05,0.00013808598,0.0031987077,0.000103463375,0.0006209335,0.00023675419,0.001321388,0.00083836913,3.2412743e-05,0.00021328048,0.0026943844,9.247816e-05,0.00035901563,0.0007069797,0.005159283,0.0007216618,0.0024516224,9.215254e-05,7.2082774e-05,0.0011259243,0.00040517034,8.317413e-07,0.00018702117,0.0005299394,0.0060460665,6.656737e-05,4.179946e-05,0.00017459277,0.003675745,0.00010387144,0.0010338653,0.00030187372,0.0042274385,0.0053397496,0.032363106,2.5994292e-05,1.3811031e-05,0.00025600495,5.398822e-05,7.638735e-05,0.0015352411,0.000633311,2.343305e-05,0.00032820916,0.004582104,0.0021968987,0.0002882572,3.3418712e-06,0.00016298317,3.475516e-06,0.0002820717,1.89306e-05,0.0008922469
BC2026_Train_0064_S23_20241124_032002_005,7.0083884e-06,3.1235104e-05,4.5086326e-06,0.00012901708,7.7674995e-06,5.869858e-08,1.5434559e-07,0.00020381818,1.1471889e-06,0.00020309693,4.56869e-05,3.0943186e-06,5.7893235e-06,3.6467958e-07,1.3430835e-06,3.9840772e-05,1.55934e-06,7.508084e-07,0.0003618704,8.377905e-06,9.4364026e-07,4.824653e-06,3.5608304e-05,1.3671341e-07,1.8341001e-06,2.6119704e-07,0.0002597804,2.4805444e-05,0.0001734257,0.00010013493,1.3577968e-05,4.0098053e-05,6.145186e-05,4.7769468e-06,1.1803855e-05,1.2871369e-05,3.379496e-05,1.1757702e-05,2.8855404e-06,9.930574e-05,1.363626e-05,7.2562993e-06,1.9819072e-05,1.4675153e-05,3.170308e-05,9.893869e-06,7.163647e-05,2.0304138e-05,3.0137876e-06,8.170766e-08,6.7657056e-05,7.725405e-06,1.3582774e-05,5.5790147e-06,0.00011521681,3.0558517e-06,0.0013571195,0.00028235262,7.5682788e-06,2.2250542e-06,4.914019e-06,1.572634e-05,0.00013216013,3.2587985e-05,3.5102084e-06,1.2144319e-06,8.5735593e-07,5.7796365e-07,6.4016604e-07,1.1042902e-06,2.0510195e-05,1.0998289e-05,0.00012811467,0.00010669448,7.67391e-06,4.3230026e-05,0.00046793112,0.00020473187,0.00045046522,7.3433825e-05,0.00010600569,0.0003110915,5.4997046e-05,9.456428e-05,7.028375e-07,6.359959e-05,1.4351566e-05,0.00034201323,0.0238919,2.6963286e-05,0.0003083648,0.00021650069,4.3012374e-06,5.704941e-05,0.00035409827,9.069483e-05,0.00022804896,3.7911086e-05,0.00020446189,0.00034974673,0.0011312163,3.116049e-05,0.010840035,0.0010910159,0.0023256305,3.101034e-05,0.00061290886,0.0003342837,0.0013819239,0.0028063727,0.000119469085,0.97102994,0.00028642121,0.00043627404,2.0078445e-05,0.0028460016,0.00020597717,9.651918e-05,0.00015094504,0.0016576683,5.409864e-06,0.001024344,0.0012224527,0.008489244,0.00015875878,0.00012210656,0.00015821414,4.1905107e-05,0.001340323,6.242452e-05,2.2846465e-05,0.00025789771,7.994676e-06,2.8856402e-05,0.000108774235,6.5776303e-06,0.00018317768,0.00091005996,6.810474e-05,8.610955e-05,3.8615857e-05,3.1430168e-06,9.912409e-05,0.0024007484,2.0207977e-05,1.999624e-05,0.0032757337,2.3196922e-05,6.1913954e-05,0.00015321664,6.402843e-05,5.7149977e-05,0.0019175741,0.0003353447,0.0011863551,0.0016363732,0.00041326112,7.4847376e-06,5.949238e-05,0.00012371881,3.63892e-06,0.00040737365,5.7816105e-06,0.00033163314,6.7124114e-05,0.00037735363,0.00016428834,8.70955e-05,0.00026944498,0.00021300775,0.00052039523,1.5652935e-05,0.0005109675,0.00019465198,0.00096414017,0.000101444806,7.6635704e-05,0.0016511563,0.0018614127,0.0003662776,0.0010763874,3.8933522e-05,0.0001249796,0.0053411857,0.00012038854,0.00045116394,0.00018399919,0.0017996758,0.00037302385,4.6617683e-05,0.00012578338,0.001581924,5.1821044e-05,0.00030135526,0.0005897788,0.01075104,0.00065588974,0.0010491407,7.1202296e-05,4.2745225e-05,0.00079925836,0.00071453647,8.38995e-07,9.500092e-05,0.00029725704,0.0074006603,4.239185e-05,4.490709e-05,6.340206e-05,0.001735397,8.04532e-05,0.00039472536,5.2466676e-05,0.0026092688,0.0055772644,0.015847512,1.88002e-05,7.1419818e-06,0.00014922502,0.00011086016,2.4881307e-05,0.0018521547,0.0004117998,1.3327851e-05,0.00019346461,0.0044779545,0.0014128059,0.00014787582,2.6625044e-06,0.00017535187,2.0304674e-06,0.0001311263,1.9978019e-05,0.00066122843
BC2026_Train_0064_S23_20241124_032002_010,1.6158878e-05,7.090971e-05,1.3270627e-05,0.00043507942,2.8070308e-05,1.882942e-07,7.399355e-07,0.0001011473,1.2541831e-05,0.0013883646,0.0001514417,8.407239e-06,2.325593e-05,8.011933e-07,3.2241273e-06,6.674332e-05,3.9517276e-06,1.4590005e-06,0.00055547466,2.4648396e-05,3.5748183e-06,1.2723464e-05,3.6632693e-05,2.646144e-07,5.0430735e-06,6.1858606e-07,0.00020100531,2.4709989e-05,0.0001614103,0.00019370993,3.786845e-05,3.552639e-05,0.00015656305,1.2620998e-05,2.4061914e-05,2.486257e-05,9.0270754e-05,2.2092861e-05,1.26428495e-05,0.00015954487,4.319191e-05,3.156792e-05,4.1445997e-05,2.2802846e-05,7.0355374e-05,2.954193e-05,0.00017086545,5.6574387e-05,1.0383594e-05,2.2372649e-07,0.000102446975,1.8176734e-05,4.8665966e-05,2.2329417e-05,0.000309729,4.2522697e-06,0.002014415,0.0011659646,1.4449483e-05,1.5959145e-05,1.7054243e-05,4.667849e-05,0.00022333734,0.000121569705,1.5461017e-05,3.0470865e-06,3.0335607e-06,1.4009731e-06,1.7097537e-06,8.187706e-06,7.016215e-05,2.4290719e-05,0.0006094661,0.0006234623,2.123511e-05,0.00015987274,0.0006138822,0.000444766,0.0006513483,0.00019300051,0.0003423471,0.0008609228,0.00022607454,0.0002311692,1.1991815e-06,0.00012794156,3.8127277e-05,0.0010114103,0.014257398,3.941209e-05,0.000440377,0.00034802465,1.3170997e-05,0.00019430615,0.00062561553,0.00028125293,0.00032495218,0.00023241922,0.00026937152,0.0010017238,0.0017932651,7.223464e-05,0.012370734,0.009116669,0.0037487175,6.70391e-05,0.00041599193,0.0004678393,0.0024289282,0.0031325987,0.00017936798,0.95374966,0.0004292827,0.00040287335,0.00012215455,0.0021878683,0.0011592993,0.00028272354,0.0005768267,0.0015018071,1.0782016e-05,0.00086669956,0.0013043663,0.010597973,0.00026603971,0.00015260717,0.00023592587,7.013044e-05,0.0032876234,0.00011639374,4.1444848e-05,0.00048797365,2.3582668e-05,4.2630796e-05,0.00045385992,5.9494483e-05,0.0005767366,0.00073950744,0.00026927705,0.00029584565,4.4806435e-05,6.9539224e-06,0.00014479127,0.005077748,0.00014634906,6.6440276e-05,0.0036996612,6.789354e-05,0.00019308427,0.00034493752,0.00011958524,8.999048e-05,0.0023999836,0.00025927537,0.0024357894,0.00091477885,0.00079529703,1.4749978e-05,6.356855e-05,0.00010981204,9.158224e-06,0.00068897736,1.3909293e-05,0.00029912428,0.00010098596,0.00042346874,0.00034223747,0.00043028092,0.00046705926,0.0005133653,0.0007980361,2.279304e-05,0.0005388984,0.00054994004,0.0027032322,0.0003229552,0.00021847546,0.0056534717,0.00066229486,0.0008257684,0.0046293554,3.4572346e-05,0.0003087634,0.0042087333,0.0001695861,0.000361588,0.00016642823,0.002441658,0.0005128923,0.00011333299,0.00034170802,0.0048834104,0.00012225885,0.00042143586,0.0012899259,0.004750314,0.00071800203,0.0011239145,0.00017839391,9.739994e-05,0.0008636774,0.0007557429,2.3475022e-06,0.00017444119,0.0007826169,0.0063010943,0.00013555905,5.8745678e-05,0.00030945597,0.0015190209,0.0001542692,0.00224196,0.00019901246,0.010364727,0.009376016,0.040688474,2.8403023e-05,3.40026e-05,0.0002172855,0.00015528029,5.0146973e-05,0.0010825885,0.0008171312,2.9278042e-05,0.00027356303,0.007671619,0.0037342224,0.00046621347,6.5447484e-06,0.00027843125,4.2365646e-06,0.0005562662,2.4723495e-05,0.000629593
BC2026_Train_0064_S23_20241124_032002_015,1.4260609e-05,0.046483807,0.00011137959,0.02182767,3.3210745e-05,6.9999527e-07,8.777294e-05,0.00013588724,0.0002495257,0.18816997,0.009095875,3.1257157e-05,4.3409273e-05,2.6690482e-06,2.4952924e-05,0.00019821765,3.9743927e-06,8.185715e-06,0.004420157,0.00042495405,7.361436e-06,0.0014862523,7.567378e-05,1.8415001e-07,8.2596736e-05,3.1499927e-05,0.00063154526,7.603937e-05,0.0009900418,0.0023859844,0.008249192,0.002645258,0.08575389,0.00029023914,0.00045600743,0.005926744,0.0012497719,0.00028989816,0.0030012394,0.031135378,0.007457233,0.003555966,0.009201828,0.005020161,0.004775091,0.01849322,0.074943244,0.010968765,0.00041885994,9.0198165e-07,0.005414426,0.010363397,0.03491555,0.00974367,0.18477322,0.00016367728,0.042410478,0.06406466,0.00013411978,5.4009648e-05,0.0024735525,1.2849954e-05,0.00011275457,0.00018583162,0.00039550732,3.245518e-05,0.00010898865,5.369797e-06,3.6636677e-05,0.00018803286,2.0146881e-05,1.9063158e-05,2.5725361e-05,9.456888e-05,0.000112807495,3.612939e-05,0.00026303835,0.00019777515,0.00010867875,0.00015444288,0.00017474017,2.8940069e-05,9.040721e-05,6.8706635e-05,8.001266e-06,3.685569e-05,5.2701198e-05,0.0018446792,0.0008254341,9.762474e-06,0.000107881446,8.878953e-05,0.0001986282,0.0003453322,8.494936e-05,9.0459194e-05,0.00083161495,0.027381264,0.0010103105,0.0005155693,0.00032388762,8.586155e-06,0.0011625373,0.007315101,0.000938686,0.00035338232,7.071678e-05,1.6857357e-05,0.0013268327,0.0012328306,0.000100123376,0.0006694101,1.1148655e-05,3.1741558e-05,1.2403521e-05,0.00021986027,4.09968e-05,0.00038897485,2.9801804e-05,0.00016174618,0.00027854065,0.00015688868,8.700079e-05,0.0005650142,0.00012852887,2.2620346e-05,0.00037897626,0.00024921683,9.62475e-05,0.00094583706,0.0001216836,0.00011402797,0.0014345249,4.302127e-05,0.00019569896,4.182825e-05,0.0009325716,9.772622e-05,1.1186794e-05,0.0007573355,2.1084274e-05,0.0026871124,2.2474005e-05,0.0014076588,0.005337215,1.358166e-05,0.00018324754,1.1142798e-05,0.0009853687,0.00028752544,7.580176e-06,0.00020094475,9.110969e-05,4.56068e-05,0.00012949604,0.00020972744,4.8726757e-05,1.981382e-05,0.0030721726,3.7899805e-05,8.7211934e-05,0.00019884783,9.238157e-05,8.308652e-06,2.0214202e-05,0.0025369748,0.001814436,2.7721522e-05,1.2899251e-05,0.00021814511,0.00019404768,4.0811636e-05,4.7310197e-05,5.8867146e-05,0.006140094,0.0003955743,1.0032868e-05,3.3058313e-05,0.00020240658,3.698554e-05,0.00057795044,2.5660618e-06,2.6555217e-05,0.00014737007,0.00064729585,0.0003537278,2.9012634e-05,0.00017133009,0.00011731122,0.00037072678,3.6414862e-05,0.0020449192,0.0003440096,0.002160664,0.0002852556,5.2162257e-05,6.9702466e-05,2.2669521e-05,2.5389581e-05,4.796056e-05,0.00011677205,2.26263e-05,3.3307035e-05,6.887312e-05,9.621116e-05,0.00012008952,0.00016706996,0.0010162179,0.00028775333,0.00031894652,0.00012968115,0.037781525,0.00010011468,0.00017478366,0.002798765,0.003930502,4.5560726e-05,3.7391e-05,4.306885e-05,5.314568e-05,1.717728e-05,6.687794e-05,0.00080536614,0.0002354075,0.00013059558,0.007894434,0.000120139455,0.0002075009,5.524921e-05,0.00011881696,2.5846346e-05,0.00016805384,4.5127275e-05,0.00014807718
BC2026_Train_0064_S23_20241124_032002_020,1.1645567e-06,0.00010798158,6.683307e-07,0.00012948121,4.3730392e-06,4.077836e-09,1.9237454e-07,2.2628157e-05,4.9307033e-07,0.0034763154,0.00013288522,4.5919123e-07,4.997071e-06,2.6385006e-08,1.6013504e-07,2.382288e-06,1.4995267e-07,7.968409e-08,0.0009287582,7.1893255e-06,1.8686951e-07,2.2436413e-06,5.241871e-06,4.258133e-09,6.218992e-08,2.0306087e-08,4.926905e-05,3.425107e-06,9.437614e-06,4.4156586e-05,6.296919e-05,2.3721635e-05,0.00040405602,4.1917774e-06,5.226138e-06,1.1005937e-05,8.036083e-06,2.6875944e-06,3.3071321e-06,0.00051170815,1.4300498e-05,1.0200944e-05,2.2307026e-05,1.8361268e-05,4.2130738e-05,2.0281728e-05,9.628091e-05,6.3146166e-05,1.636178e-06,7.6529165e-09,0.00013726494,1.10365645e-05,2.3046672e-05,1.7474538e-05,0.0008100032,7.5448696e-07,0.000728245,0.0011532904,1.1491937e-06,4.216867e-07,3.6628466e-05,1.4675478e-06,3.0513456e-05,3.4659497e-05,3.1425685e-07,6.393515e-07,2.2791856e-07,6.3664594e-08,2.8210908e-07,2.4662958e-08,5.7761207e-07,7.309461e-07,1.259947e-05,3.3675606e-05,1.0619532e-06,3.160693e-05,8.017037e-05,3.734154e-05,0.00015740024,1.12457965e-05,1.19709875e-05,1.6667038e-05,6.4068918e-06,2.7708377e-06,3.510217e-08,2.7836913e-06,2.1317214e-06,0.00023015469,0.00096548133,7.036792e-07,8.485469e-06,3.721931e-05,1.3622408e-06,7.0576657e-06,2.7437536e-06,1.6010251e-06,2.3613288e-06,8.678999e-05,4.646983e-05,8.524214e-05,0.00010636839,1.7548002e-06,0.00045113644,0.007076076,0.0013584916,3.5794812e-05,7.35348e-05,2.6920916e-05,4.244079e-05,0.00077845866,9.677464e-06,0.88496894,3.0113117e-05,5.9597523e-06,1.6849714e-06,0.00029136532,1.8626115e-05,1.3517801e-05,7.974292e-06,4.0670446e-05,3.102475e-07,0.00047391708,8.742243e-05,0.0007707517,4.474512e-05,3.6660897e-06,7.573585e-06,2.5392233e-06,0.00013862582,1.18394455e-05,1.4184664e-06,2.1840497e-05,1.0567452e-06,2.164707e-06,2.6233862e-05,1.7848465e-07,3.1298856e-05,8.5609616e-05,7.406115e-06,0.00013418541,2.1084663e-06,5.204939e-06,6.1919973e-06,0.0011039323,1.5782516e-05,1.4431305e-07,0.00021726478,1.8146525e-07,1.4654551e-05,4.534881e-06,1.205534e-06,6.5577437e-06,0.00012884152,2.3095254e-05,4.543815e-05,0.00033492997,3.9377082e-05,1.3858308e-07,9.845584e-06,4.7842e-06,4.375038e-06,9.939025e-06,1.6921549e-06,1.4712526e-05,2.9954379e-06,0.00022566128,0.000102091704,6.1322976e-06,3.7063303e-06,1.2576409e-05,2.6692604e-05,2.1127194e-06,1.3123953e-05,5.3990694e-05,0.00061450363,1.2465088e-05,1.9087543e-06,4.044361e-05,1.8656247e-05,3.5942576e-05,0.0004127816,3.7841266e-07,2.772696e-06,0.00039315745,2.083858e-05,1.6674128e-05,1.5094057e-05,0.00036553672,6.3722805e-06,8.824803e-05,1.31313145e-05,0.00035470675,2.072937e-06,0.00016302062,4.5479763e-05,0.00058796763,0.0001131775,1.9011124e-05,2.790062e-06,3.2235307e-06,2.2682625e-05,1.2385684e-05,1.4267475e-07,7.885743e-06,2.5793333e-05,0.0009256295,1.6544325e-06,1.1341947e-06,2.5123177e-06,0.000100947844,3.684614e-06,7.802401e-05,2.1533726e-05,0.0003415025,0.0032421164,0.00066696416,2.415243e-06,3.0219906e-06,1.9564264e-05,1.8482437e-05,1.1442758e-06,0.00018716425,7.107882e-05,1.5375543e-06,2.1984435e-05,0.0025497747,0.00036754803,6.993272e-06,9.367687e-08,4.1495747e-05,6.1947695e-08,5.7824873e-06,2.6639138e-06,6.419319e-05
BC2026_Train_0064_S23_20241124_032002_025,2.2826953e-06,1.2617363e-05,1.2250742e-06,5.137711e-05,2.17612e-06,2.3995245e-08,5.198293e-08,6.2544175e-05,3.7930982e-07,0.000105169805,1.9337609e-05,1.2391132e-06,2.5494774e-06,1.2397133e-07,5.207702e-07,1.2484825e-05,6.151857e-07,2.4887828e-07,0.00013842281,4.605838e-06,4.095368e-07,2.2778568e-06,7.678794e-06,3.6011784e-08,4.840308e-07,8.910164e-08,7.549985e-05,7.635788e-06,5.3620082e-05,6.2560095e-05,4.3493615e-06,6.8419085e-06,1.3295443e-05,1.3411725e-06,2.8341826e-06,3.1212774e-06,1.029826e-05,3.0309175e-06,7.771796e-07,2.0558897e-05,4.821879e-06,1.8690403e-06,4.899695e-06,3.1915592e-06,9.546138e-06,2.5740965e-06,2.0843669e-05,4.6168193e-06,9.228522e-07,2.6642459e-08,1.9311385e-05,1.5018726e-06,3.7576879e-06,1.7699654e-06,2.9594887e-05,1.5611494e-06,0.00073702465,0.00010645698,3.8752573e-06,9.070193e-07,2.644845e-06,9.783874e-06,4.2462372e-05,9.2666805e-06,2.0417276e-06,3.0053044e-07,3.2346125e-07,2.2181337e-07,2.556294e-07,8.3242224e-07,9.787243e-06,2.5206862e-06,0.0001312818,0.00012904046,5.053733e-06,6.860588e-05,0.0002821123,0.00016221959,0.00035300167,4.597637e-05,7.099103e-05,0.00022361946,4.1280957e-05,5.0384304e-05,1.9481081e-07,3.939308e-05,7.677885e-06,0.00038350272,0.015543722,1.4756872e-05,0.00023054387,0.00014146826,1.4499857e-06,3.5033576e-05,0.00026242918,3.796249e-05,7.593973e-05,2.896155e-05,0.0001263527,0.00030163495,0.00039554163,1.6032885e-05,0.01272692,0.0008551967,0.00071115745,9.4581665e-06,0.0003719658,0.00023940046,0.0010828741,0.0018365985,5.2899788e-05,0.9864291,0.00017333063,0.00020328388,9.50438e-06,0.0024656057,0.00024406519,5.8511585e-05,0.0002184867,0.00085640396,2.3134826e-06,0.0005400224,0.0010358508,0.00799877,6.981482e-05,5.7128178e-05,4.049849e-05,2.6016709e-05,0.00077500654,2.4371791e-05,1.191018e-05,0.00019278587,6.1419073e-06,9.946754e-06,7.791382e-05,2.6366827e-06,0.00011517056,0.0010991534,4.7631474e-05,4.648233e-05,1.655444e-05,1.5155152e-06,4.657058e-05,0.0023020152,1.0886247e-05,1.0335411e-05,0.0013943613,1.3284416e-05,4.1228515e-05,0.00011550745,2.997053e-05,1.7983191e-05,0.0010566028,9.924042e-05,0.0014792391,0.0006164508,0.0005981723,2.6736361e-06,2.5098147e-05,4.6007066e-05,2.3484047e-06,0.00025974325,2.6345765e-06,0.000109979286,3.2330903e-05,0.00022041777,6.311835e-05,3.733488e-05,0.000171565,0.00024882343,0.00016881638,5.2865566e-06,0.0002113017,0.00013002835,0.00048133996,7.214996e-05,3.847228e-05,0.0010775559,0.000853207,0.0002117248,0.0012204477,9.515498e-06,6.53404e-05,0.0034537006,5.117584e-05,0.00016421206,7.203824e-05,0.0016536091,0.00027293156,1.219463e-05,8.229554e-05,0.0023388392,3.4700508e-05,0.00016141291,0.0005976862,0.006394284,0.00022214784,0.0013006447,6.967502e-05,1.7674889e-05,0.0004998342,0.00023829029,2.2866838e-07,5.9520473e-05,0.00016705705,0.0054901545,3.679255e-05,2.3439576e-05,4.4835248e-05,0.0016235582,4.263462e-05,0.0003758307,7.698545e-05,0.00412792,0.0022841569,0.009886066,5.373993e-06,3.6165015e-06,6.863158e-05,3.9060786e-05,1.0933451e-05,0.0009565112,0.0004364752,6.1656456e-06,0.00011485306,0.0028187246,0.0010508057,0.00013339953,1.2319751e-06,0.00010244394,7.260925e-07,0.0001138157,1.33824915e-05,0.0006534144
BC2026_Train_0064_S23_20241124_032002_030,5.4356e-07,5.6548374e-06,1.5468939e-06,1.7929202e-05,4.9737127e-06,1.0532605e-09,5.5110558e-08,4.1217627e-05,1.3069018e-07,0.00021503858,2.046307e-05,1.2919668e-07,5.3479107e-07,6.6714922e-09,1.4765394e-07,6.9308885e-07,7.7954546e-08,9.119005e-09,0.00013226982,7.4184817e-07,8.4860176e-08,5.1323248e-08,9.326284e-06,2.0292759e-09,5.0152906e-08,6.998748e-09,3.3288747e-05,8.547002e-07,9.686623e-06,4.467183e-05,2.479449e-06,1.4433042e-06,1.9517489e-05,2.817297e-07,1.0962264e-06,6.533926e-07,8.026663e-07,7.6588327e-07,4.899583e-07,1.1217583e-05,1.0740378e-06,1.3168573e-06,8.8251704e-07,1.0388826e-06,2.3271646e-06,6.396248e-07,6.6055345e-06,2.6337723e-06,3.361967e-07,7.027035e-10,6.1026253e-06,1.1756038e-06,7.0730425e-07,1.1352876e-06,1.1321141e-05,2.7185644e-07,0.00020509918,0.00011030509,2.3133077e-07,4.8157393e-08,9.870749e-07,2.8498462e-07,1.0254062e-05,1.7098905e-06,1.3916886e-07,1.8228113e-07,2.6717265e-08,1.1635122e-08,1.0449179e-06,1.067233e-07,2.741494e-07,1.1103136e-06,3.4321993e-06,4.459181e-05,1.7423534e-06,1.0378782e-05,3.4345507e-05,6.812968e-05,9.916125e-05,2.024094e-05,1.8610011e-05,3.127454e-05,1.30165845e-05,7.987619e-06,2.6224605e-08,8.676627e-06,6.376822e-06,0.0003617571,0.0014897996,4.931267e-06,1.4666058e-05,7.6331424e-05,1.6402166e-06,4.08137e-05,8.705237e-06,6.4883698e-06,2.1385335e-05,1.1294365e-05,8.013163e-05,0.00011902188,0.00011342295,1.5004525e-06,0.0030730637,0.0020394118,0.0031977044,1.3475724e-05,5.1764884e-05,9.088451e-05,8.371936e-05,0.0003812512,5.9486397e-06,0.9729452,2.2867654e-05,1.4983911e-05,1.1350462e-06,0.0010821142,4.4194123e-05,8.844315e-05,5.2934407e-05,0.00021281265,7.8554996e-07,0.00017361282,0.00032301646,0.0010385093,4.872931e-05,8.83756e-06,5.911856e-05,2.8083293e-06,0.00015652947,3.9898565e-05,2.0701533e-05,3.4828674e-05,1.189812e-06,2.4072085e-06,2.6441277e-05,7.274454e-07,3.1064803e-05,5.1289433e-05,6.929454e-06,5.0325718e-05,1.9546658e-06,1.706805e-06,1.1976206e-05,0.0040724464,5.430107e-05,5.9191404e-07,0.00024674492,2.136983e-06,1.9749075e-05,3.0405721e-05,5.8122873e-06,4.7413864e-06,0.0002281938,3.052548e-05,0.00013309217,0.00042373425,4.6429832e-05,1.6834825e-07,5.0914323e-06,1.1721205e-05,9.208424e-07,7.309124e-06,1.0322048e-06,1.6972532e-05,1.7185128e-05,6.696792e-05,0.0052557765,1.4003071e-05,4.1467934e-05,2.9498719e-05,5.5746797e-05,3.5630862e-06,3.9179493e-05,4.7781377e-05,0.00016326469,4.646611e-05,2.6748962e-06,7.78049e-05,4.9324335e-05,4.375936e-05,0.00020564161,4.3684486e-07,1.0945407e-05,0.00017288976,9.322564e-05,2.929223e-05,7.5061253e-06,0.0002863573,3.6587762e-06,0.00018225519,3.311684e-05,0.0005690454,7.383689e-06,0.00015391172,0.00016921363,0.0015605147,0.00060681987,3.5456196e-05,3.8109793e-05,1.4183232e-05,2.4200011e-05,0.00013673223,1.5249766e-07,8.334125e-06,3.9569702e-05,0.0021247547,8.333513e-06,1.6784198e-06,1.6389608e-06,0.0003493357,7.779509e-06,0.00012421115,7.268849e-06,0.00028698784,0.0040293573,0.0016116312,1.0176963e-05,5.6342747e-06,9.173774e-06,2.6606016e-05,3.0665572e-06,0.00017443385,0.00010607313,2.024035e-06,1.5269561e-05,0.0012522031,9.746907e-05,6.7583564e-06,5.4440875e-07,5.9190985e-05,1.9913146e-07,9.381654e-06,3.0137821e-06,2.9599714e-05
BC2026_Train_0064_S23_20241124_032002_035,4.9327486e-05,0.0015559166,3.1556094e-05,0.00092705275,7.1081675e-05,1.0821003e-06,9.583208e-06,0.00024400426,3.702111e-05,0.009503601,0.0009474574,2.0006273e-05,8.409574e-05,2.2282268e-06,1.7623066e-05,0.00012297617,1.9951136e-05,8.496643e-06,0.0033819538,0.00012993798,1.5761954e-05,6.684121e-05,0.00011825002,7.5040106e-07,1.0890265e-05,1.1253608e-06,0.0007082418,9.7462835e-05,0.00033947523,0.0007142662,0.00048975786,0.00033251452,0.001786612,9.917912e-05,0.0001270944,0.0001761981,0.00033657104,0.00013313776,0.00011308267,0.0015832576,0.00022475254,0.00014355783,0.0005588777,0.00026922158,0.000583611,0.00037752834,0.0015580041,0.00048079653,6.341089e-05,1.3925572e-06,0.0011286846,0.00023729455,0.00051467103,0.00022015542,0.0061616465,4.353754e-05,0.014869298,0.0025432438,7.5782606e-05,1.6277365e-05,0.00048259273,7.172054e-05,0.000455174,0.00020259792,2.9722278e-05,1.7889286e-05,1.554443e-05,4.9769865e-06,2.0761516e-05,1.6416205e-05,7.31622e-05,2.0554486e-05,0.0002530661,0.00094290246,0.00011076,0.000637556,0.00068201096,0.0012913,0.0011506507,0.00032949113,0.0006558404,0.00024514663,0.00022933412,0.00020943032,8.22932e-06,0.00016489634,0.00012909745,0.003982026,0.013737442,8.106205e-05,0.0003199964,0.00045772042,2.5779342e-05,0.0002638562,0.0003506784,0.00015494719,0.00015657603,0.0010621338,0.00047183107,0.0005291218,0.0016312693,9.030742e-05,0.017095795,0.025360761,0.0035885298,0.00014279631,0.0008198227,0.00047340078,0.0018833983,0.0045518246,0.00016991905,0.8547443,0.000496776,0.0001854454,5.2654836e-05,0.002895511,0.0012738712,0.0005568705,0.0002332608,0.0011962907,2.4923505e-05,0.0012834516,0.004705064,0.006046485,0.00070539175,0.00022463793,0.00014575635,0.00016513803,0.0012371093,0.00034414476,9.974467e-05,0.00085888227,0.00010843724,7.4783944e-05,0.0005959334,3.41486e-05,0.0006331239,0.002190292,0.00051588216,0.0005130808,6.4967666e-05,7.7603945e-05,0.00017102975,0.009983335,0.0008560246,2.4487183e-05,0.0034206796,4.331751e-05,0.00060361845,0.00024770288,0.0001100734,0.00014279099,0.0017379291,0.00064569106,0.0011123325,0.0019247442,0.0008250562,1.4303907e-05,0.00048882887,0.00017859883,5.4838732e-05,0.0002798164,5.802788e-05,0.0002777917,0.00014002327,0.0058950577,0.0011504276,0.00024038191,0.00027456798,0.00086847326,0.00029201887,5.6790974e-05,0.0005615178,0.00073620334,0.00292056,0.000118606076,4.15519e-05,0.0011967552,0.0008427877,0.0011904768,0.0038755308,2.5181653e-05,0.00015716853,0.004449478,0.000358526,0.0003348693,0.00016990092,0.002385594,0.0005652132,0.00026049645,0.00021902022,0.008521159,0.00010276534,0.0014757414,0.0017151461,0.0065345857,0.0006562584,0.00058703445,8.440691e-05,0.0002216982,0.00069501245,0.0006294325,5.7628117e-06,0.00030251735,0.00059786194,0.00967097,0.00024390865,9.8735036e-05,0.00017400096,0.002262091,0.00010388452,0.0035482496,0.00034920184,0.005409739,0.014211024,0.00812776,7.208978e-05,0.0001718412,0.00030104455,0.0015249265,5.330694e-05,0.0012376533,0.0010209642,9.8568904e-05,0.0003809406,0.024573894,0.0029112175,0.00044610756,1.6055945e-05,0.0006002474,6.8766367e-06,0.00030693552,0.0001260169,0.0017342492
BC2026_Train_0064_S23_20241124_032002_040,8.755183e-06,8.175419e-05,9.94333e-06,0.00018511698,3.0626554e-06,1.132508e-07,7.758696e-07,3.490046e-05,3.8554736e-05,0.00053986907,3.6757585e-05,2.1273715e-06,1.4530793e-05,1.05024235e-07,2.4225328e-06,0.00021616984,2.0753084e-06,5.4857816e-07,0.00016692154,2.0306047e-06,1.3859685e-06,1.596613e-05,1.2982047e-05,5.5924435e-08,6.044936e-05,3.3125855e-07,0.0004927907,3.3042048e-05,3.4294124e-05,0.00014015751,3.7566522e-05,8.311085e-05,6.8112146e-05,4.9471455e-06,7.449709e-06,1.3148683e-05,3.9585855e-05,1.7019456e-05,4.0605487e-06,0.00021947114,3.601911e-06,3.5120268e-06,1.9583676e-05,1.7608938e-05,2.1827587e-05,6.0042894e-05,0.00013303419,1.0987491e-05,5.610912e-06,3.2209904e-08,4.340414e-05,1.8336177e-05,2.8700299e-05,1.9338402e-05,0.00047048726,1.8770843e-06,0.0017634898,0.00018177426,4.345029e-06,6.4292694e-06,6.2462575e-05,8.941488e-05,2.2244954e-05,1.2373017e-05,1.0907113e-05,1.2018089e-06,4.9654755e-06,1.8554686e-06,5.1829136e-07,6.219304e-06,1.9701642e-07,5.3296326e-08,3.4266694e-05,0.004308078,0.00030699171,0.00015560086,0.00030161766,0.0003388802,6.0826962e-05,4.4959026e-05,0.00039480045,1.07128835e-05,7.229749e-05,2.5920444e-06,2.2751713e-06,1.6508107e-05,6.984135e-06,0.0033573376,0.002966606,1.707199e-06,6.9991336e-05,0.00022248995,1.0038045e-06,8.327547e-05,0.0003719291,8.9546025e-05,7.59982e-06,7.771977e-05,4.1621857e-05,1.8074315e-05,0.00012982232,1.1556491e-05,0.0026959493,0.011938466,0.0010592998,2.5935924e-05,0.00010739369,3.432975e-05,0.00033094749,0.0012527811,5.63212e-06,0.14666554,0.00055595266,4.3489486e-05,2.975641e-06,0.00043114956,7.088151e-05,0.0005348707,8.097264e-06,0.00039371764,7.050978e-05,0.00016892796,0.0019901784,0.03805148,0.001351774,1.5781885e-05,5.477424e-05,0.00024929357,7.771118e-05,7.5374744e-05,2.0350255e-05,0.0011058258,1.2172891e-05,5.1829115e-06,0.00022714556,1.8121522e-05,0.0007007873,0.00012435454,0.0001402689,0.00013748462,1.0532901e-06,1.35970695e-05,0.00015473916,0.015464113,0.00400601,4.4773196e-06,0.01229855,7.5894127e-06,0.00025052787,6.101299e-06,0.00029791583,0.0003305026,0.0018682443,0.0001687462,0.0032126324,0.000976269,0.0001562223,1.2804998e-05,8.133181e-05,5.916576e-05,9.697804e-07,0.00010093996,1.585578e-06,1.9410922e-05,2.1104794e-05,0.0008111236,0.00081332633,0.00029932882,1.4130902e-05,0.00045761402,0.000101477315,3.238225e-06,0.0001783427,2.6062327e-05,0.002488322,0.00015695047,5.2429805e-06,0.001560725,0.00051627227,0.0005457805,0.0011494982,2.3520288e-06,1.1023931e-05,0.0003130289,0.00029466706,1.7327926e-05,2.3479927e-06,0.0030993742,2.5573705e-05,8.1349805e-05,0.0005224075,0.0021565077,8.440095e-05,0.00022434129,0.00082004536,0.0019172071,0.00014113398,0.00023977648,0.00063870184,0.00013607656,6.7883826e-05,0.00042814456,2.794933e-06,0.000121612255,0.00010054904,0.0017491925,0.0005698946,0.00012868695,1.0645818e-05,5.7873636e-05,3.94966e-05,0.00042117498,4.3588416e-06,0.006131615,0.0079567395,0.0021674652,2.8159024e-05,0.00021037174,1.5077598e-05,0.27012992,4.7893172e-06,5.4498614e-05,0.00032427322,5.5123906e-05,2.2678125e-05,0.019433314,0.00035169817,9.2819995e-05,3.5761518e-06,0.00053892896,1.0419744e-06,0.00016613601,9.523469e-06,0.00014620916
BC2026_Train_0064_S23_20241124_032002_045,6.310084e-06,3.6522746e-05,6.1370006e-06,0.0006091226,7.803138e-06,3.358061e-07,1.4612549e-06,4.1929172e-05,0.00013493859,0.00043160253,0.00013217413,9.573708e-06,2.390328e-05,5.1758605e-07,2.9413977e-06,0.0006094522,1.0958985e-05,3.3091042e-06,0.0018925095,1.1918736e-05,1.0542443e-05,5.9672326e-05,0.00016263356,2.791398e-07,0.00013378129,4.681082e-07,0.00022083492,8.989821e-06,5.6706496e-05,7.6134704e-05,6.8372516e-05,0.00017898272,0.00027801373,2.2680913e-05,2.5547357e-05,1.8093426e-05,5.7204827e-05,2.365621e-05,7.4327336e-06,0.0005608155,2.7389502e-05,1.1395318e-05,4.2832595e-05,4.831951e-05,5.236196e-05,7.932512e-05,0.0003378343,7.912718e-05,1.7469556e-05,1.4104333e-07,0.00014499201,6.340085e-05,6.480061e-05,4.3814187e-05,0.0006127274,7.4117747e-06,0.0029289662,0.00019850874,1.7119797e-05,9.347824e-06,7.008197e-05,0.00013007584,0.00051749096,0.00016338912,1.8946817e-05,7.5115317e-06,6.000341e-06,2.8562235e-06,5.478083e-06,4.615221e-06,1.1457053e-06,1.3931587e-07,4.690128e-05,0.0010046125,0.00022620066,0.00015873804,0.0011895524,0.00033214226,0.0002866717,4.3196975e-05,0.0007626779,5.9582315e-05,0.0005424411,2.413373e-05,8.025774e-06,3.0725336e-05,6.174474e-05,0.000594056,0.004862161,1.0330052e-05,0.00018596581,0.00011392472,9.137609e-06,3.4362638e-05,0.00044538776,0.0006317075,8.142027e-05,0.0001292476,0.00046056265,5.874523e-05,0.00015576047,5.0679988e-05,0.0011626713,0.004428342,0.0006612839,0.00021100996,0.00029004025,5.825676e-05,0.027848719,0.19510566,4.5705026e-05,0.0570347,0.00036188352,0.0001052002,4.1695075e-05,0.001034348,0.00036825528,0.0022509657,1.720699e-05,0.0007006166,6.321605e-05,0.00030929287,0.06609363,0.097720616,0.00033127578,5.041429e-05,7.895186e-05,0.0002492235,7.158245e-05,0.0005280713,6.385483e-05,0.005427476,2.3006727e-05,6.523183e-05,0.002322158,5.169755e-05,0.0007693982,0.0002919629,0.00024581834,3.377882e-05,1.2854833e-05,2.7171487e-05,0.00014782874,0.0137538295,0.00025415834,2.0912257e-05,0.0099096745,3.3079716e-06,0.00016486536,3.065989e-05,0.0019256237,0.0032387264,0.0023550638,0.0002667028,0.0050491616,0.0015925908,8.0334146e-05,0.00016407996,0.0007194884,5.5118544e-05,3.5891178e-06,0.00051624916,3.2183918e-06,3.63873e-05,7.4599457e-06,0.0012277436,0.0005049083,0.0014653751,9.74831e-05,0.00049848953,0.0009040297,4.539585e-06,0.0006853065,6.115622e-05,0.007940202,9.441776e-05,1.6002596e-05,0.00061510154,0.001488831,0.00031244152,0.0010390744,4.2941833e-06,0.00024911374,0.0025260013,0.00079107576,0.00025752006,6.5961613e-06,0.0008491704,0.00011645713,2.7371303e-05,0.00022656178,0.002016097,2.6785296e-05,0.0003954351,0.0024410854,0.032951735,0.00031791526,0.00066672487,0.0025651727,0.000108352484,0.00049969886,0.0009773751,2.1864109e-05,0.00023002524,0.00036326717,0.00058845227,0.00031876657,0.0003352571,6.2152896e-05,0.0009138088,6.765377e-05,0.0012869819,1.07475535e-05,0.009704558,0.004641469,0.0014513817,3.6159065e-05,0.0002897075,0.00035338537,0.21873218,2.2559037e-05,0.00031494768,0.003425462,0.00020779531,0.00024140536,0.007771806,0.00017849836,0.00015103503,2.2192067e-05,0.007250178,5.1868874e-06,0.00038685495,0.00014560105,0.0007985119
BC2026_Train_0064_S23_20241124_032002_050,9.936224e-10,1.8497534e-09,8.852694e-10,2.1828161e-07,6.08977e-11,7.4267887e-13,1.9282916e-13,1.5682224e-09,1.5525654e-08,4.522355e-08,1.5894107e-08,1.6230312e-10,1.3620284e-08,8.767353e-13,8.44027e-12,3.823278e-06,5.452861e-11,6.517795e-12,1.3403013e-07,3.2545494e-11,6.020334e-12,2.0386681e-09,2.8003777e-08,7.8692146e-14,5.846695e-08,6.2892625e-12,7.098208e-08,9.1936336e-08,7.7687666e-08,6.9041175e-07,8.140053e-10,3.0561973e-09,3.1130654e-09,8.652997e-11,3.7298883e-10,1.2955916e-09,3.2856389e-09,9.1241154e-10,8.8202286e-11,1.3312384e-08,7.361345e-11,2.738724e-11,1.0138366e-09,2.4858973e-10,6.1808725e-10,6.2473166e-10,8.8094945e-09,7.9996043e-10,3.9485065e-10,6.283319e-15,2.9643497e-09,5.251495e-10,6.9439093e-10,1.4264292e-09,8.3142986e-08,3.227892e-11,1.7652892e-06,8.5881766e-08,3.4428304e-11,3.158055e-10,4.703866e-09,1.3918173e-11,5.030857e-09,1.1770336e-09,5.5897925e-10,2.6259564e-10,2.5383673e-10,6.9365055e-11,4.7644683e-11,3.3953345e-08,1.2709864e-12,3.7438168e-13,1.8818929e-08,3.454301e-07,6.52284e-06,4.801455e-07,3.3814595e-07,5.4149564e-07,5.384366e-09,2.0697652e-07,0.0002437803,9.4322985e-09,2.1141182e-06,9.743878e-09,2.3894952e-08,2.8222715e-08,1.5502033e-09,4.781258e-06,0.00012958943,1.0755532e-09,1.852018e-07,9.315463e-08,2.0088653e-09,6.634979e-07,1.3119885e-06,8.338582e-08,1.3827719e-09,7.608288e-07,4.829952e-08,1.5116504e-08,4.1765478e-08,9.859369e-10,4.7253207e-06,0.00022146474,7.178376e-05,1.4855407e-07,6.9326535e-07,4.4028507e-11,3.3564174e-08,2.0421292e-05,2.3659014e-10,2.885233e-05,4.990547e-08,2.5208111e-09,1.0878669e-08,1.1585114e-07,2.1940542e-08,7.086169e-08,2.9109187e-10,5.5663804e-08,2.9970386e-07,2.050667e-06,9.036986e-07,0.0008648764,6.29054e-05,2.9712894e-09,1.742558e-06,3.8819047e-07,8.5107645e-09,1.07135286e-07,2.2121387e-09,5.6717744e-07,9.683179e-10,1.8763698e-08,1.8541138e-07,5.331498e-10,2.6527348e-05,9.724091e-08,1.9805453e-08,2.3279006e-07,1.986378e-09,3.4966421e-10,5.8900223e-08,2.7004817e-06,1.1939953e-05,5.0904742e-11,5.4163095e-08,1.3329114e-10,5.9565397e-09,2.7597295e-08,1.859648e-07,1.392178e-08,5.7086574e-05,3.1428854e-08,6.922038e-05,2.8788534e-07,2.632107e-08,4.0998778e-08,2.0465428e-08,1.3176779e-08,2.936508e-11,2.976655e-07,2.4109248e-08,4.9818336e-09,1.8468346e-09,6.984215e-06,1.1536487e-06,4.3038795e-06,7.2930404e-09,2.7563237e-07,2.0596455e-05,1.1116958e-11,4.4052664e-09,5.903561e-09,6.574574e-07,5.3635046e-07,1.1337485e-09,1.2838419e-07,1.5814735e-06,1.552005e-07,3.0188056e-07,4.143623e-10,1.241594e-08,2.3571172e-06,6.1310004e-08,8.478292e-10,6.327408e-11,3.3965084e-06,9.8139566e-08,5.637595e-08,1.747114e-07,9.886331e-07,1.8178832e-09,1.10308655e-07,3.1560405e-06,4.4609333e-05,1.6685935e-07,8.035208e-09,1.1141343e-06,8.179659e-06,7.459972e-08,2.5635202e-07,1.3427003e-09,6.1339483e-07,1.5748656e-08,9.708135e-08,5.027237e-06,7.05914e-06,2.0838198e-09,6.1414404e-08,6.4393153e-09,4.0437166e-07,7.2566e-10,1.7762315e-05,5.1402887e-05,1.3635369e-06,8.7891294e-07,2.9372566e-05,6.5365415e-09,0.99968934,1.3787689e-09,9.6939194e-09,8.3023957e-07,2.8733532e-10,5.6938773e-11,7.751379e-05,1.973012e-06,2.1891243e-07,1.7766915e-11,1.4714086e-06,5.286992e-10,1.774656e-07,6.088524e-08,2.7200917e-07
BC2026_Train_0064_S23_20241124_032002_055,2.0846387e-09,9.0872787e-10,3.2515604e-10,6.353091e-08,1.7486127e-11,6.5449496e-13,2.878284e-14,8.4286265e-11,1.0307198e-09,7.393012e-09,1.7358317e-08,2.6812023e-11,1.6862424e-08,9.588422e-13,5.032039e-12,9.0726155e-07,7.4349e-12,9.176513e-13,6.055445e-09,2.8606268e-11,7.160429e-13,7.1406087e-10,1.6257161e-08,3.407131e-14,2.4481193e-09,1.5159495e-12,2.6749186e-08,4.4019887e-07,3.662084e-08,1.6363014e-06,3.9201112e-10,2.804079e-10,9.2790314e-10,1.0551942e-10,1.8812307e-10,7.8618495e-10,1.1445842e-09,1.1133876e-10,3.4806307e-11,1.7140445e-09,3.9460726e-11,2.3721084e-11,4.938614e-10,8.1091175e-11,5.3969373e-10,3.0889732e-10,4.220872e-09,3.2390934e-10,5.71767e-10,4.8508175e-15,1.2255308e-09,1.0516039e-10,1.0809162e-10,3.18988e-10,1.2428996e-08,1.0432805e-11,6.8105044e-07,2.9465552e-08,2.3158683e-11,2.1608317e-10,1.9565745e-09,2.827e-13,5.456453e-10,3.2255554e-10,7.242702e-10,3.1599154e-11,2.6537755e-10,1.4908288e-11,7.256332e-11,7.127308e-08,3.9692754e-12,8.8176466e-13,5.2258606e-08,1.127713e-07,1.3927848e-05,3.8988674e-06,7.205918e-07,1.6954424e-06,9.5425925e-09,1.9479219e-06,0.00022286747,6.3203105e-09,7.187893e-06,7.165238e-09,1.435489e-07,3.0110442e-08,1.8112621e-09,1.7623e-06,0.00070480985,2.0048194e-09,2.9369383e-07,1.0551717e-07,1.4887992e-08,1.3444686e-05,4.2010465e-06,5.709529e-07,7.4411644e-10,3.234685e-06,2.4764823e-08,1.8383679e-07,4.711526e-09,2.0168125e-09,1.8112141e-05,0.00010347581,5.9511673e-05,1.2135631e-07,9.243038e-07,8.391456e-12,2.7503809e-08,1.5857036e-06,1.1288203e-09,5.206716e-06,2.0582004e-08,1.0309282e-09,5.814186e-09,5.6137957e-08,1.0284012e-08,2.4821285e-08,2.0489348e-10,1.6077076e-08,2.3349156e-07,2.0314687e-06,3.5555395e-08,0.0006104852,4.9586415e-05,2.5847346e-08,2.5622336e-05,5.7362012e-08,1.1953807e-08,3.227546e-08,3.3360754e-09,1.9464127e-07,9.388987e-09,6.8653705e-09,1.5347819e-08,1.1312488e-10,1.2200504e-05,1.4693794e-07,1.326929e-08,3.5712773e-07,8.477827e-09,2.5725738e-10,1.6155832e-08,8.5447645e-08,9.616326e-07,2.0637322e-11,3.809549e-08,1.9761333e-09,2.0112977e-07,5.6093956e-08,4.9016908e-08,1.7476186e-08,0.00012844299,2.137807e-08,2.0263826e-05,1.5368931e-07,1.911937e-08,7.3919115e-09,8.7611554e-08,1.3369205e-08,3.5548037e-10,1.06867326e-07,3.1680363e-06,7.8521765e-08,3.7773424e-09,5.0756953e-06,9.845929e-07,7.614148e-06,1.0974201e-08,1.7864456e-07,5.0657032e-05,1.2371273e-10,2.4288733e-09,2.4575182e-09,2.053711e-07,2.7920264e-06,1.7264666e-09,1.574542e-07,4.8835966e-07,1.7240578e-07,3.7231612e-07,8.4312357e-10,1.6303645e-08,5.469978e-07,6.428347e-08,3.7999826e-09,3.0863215e-11,5.1670423e-07,1.688169e-07,5.81032e-08,3.64168e-07,1.6280779e-06,4.7233556e-10,1.0711362e-07,1.7957321e-06,3.7054346e-05,2.5146658e-08,4.8614286e-09,5.60983e-07,5.7017915e-05,2.864178e-07,3.3410794e-07,9.103061e-11,6.20749e-07,9.8380735e-09,4.6730797e-08,5.0672993e-06,7.467323e-07,1.7994203e-09,1.0437641e-07,1.3004449e-08,8.665071e-07,5.285251e-09,1.4294608e-05,2.4568162e-05,3.5125895e-06,1.7700887e-06,0.00031251123,3.0902712e-09,0.9983352,2.4919133e-09,5.567387e-09,2.4646317e-07,1.1191575e-10,7.486873e-11,2.0039537e-05,3.8975436e-06,4.6362277e-07,5.3493005e-11,8.6936225e-08,1.6197331e-08,1.0083033e-06,4.7019846e-08,2.8485582e-07
